<?xml version="1.0"?>
<!--Election result snapshot imported from Tabulation System
-->
<ElectionResult>
    <Timestamp>11/14/2016 1:23:52 PM EST</Timestamp>
    <ElectionName>November 8, 2016 - General Election</ElectionName>
    <ElectionDate>11/8/2016</ElectionDate>
    <Region>Quitman</Region>
    <VoterTurnout totalVoters="1431" ballotsCast="1053" voterTurnout="73.58">
        <Precincts>
            <Precinct name="Georgetown" totalVoters="1332" ballotsCast="966" voterTurnout="72.52" percentReporting="4" />
            <Precinct name="Morris" totalVoters="99" ballotsCast="87" voterTurnout="87.88" percentReporting="4" />
        </Precincts>
    </VoterTurnout>
    <Contest key="1" text="President of the United States" isQuestion="false" precinctsReporting="2" precinctsReported="2">
        <VoteType name="Number of Precincts for Race" votes="2">
            <Precinct name="Georgetown" votes="1" />
            <Precinct name="Morris" votes="1" />
        </VoteType>
        <VoteType name="Number of Precincts Reporting" votes="2">
            <Precinct name="Georgetown" votes="1" />
            <Precinct name="Morris" votes="1" />
        </VoteType>
        <Choice key="10" text="DONALD J. TRUMP" totalVotes="575">
            <VoteType name="Election Day" votes="235">
                <Precinct name="Georgetown" votes="206" />
                <Precinct name="Morris" votes="29" />
            </VoteType>
            <VoteType name="Absentee by Mail" votes="36">
                <Precinct name="Georgetown" votes="28" />
                <Precinct name="Morris" votes="8" />
            </VoteType>
            <VoteType name="Advance in Person" votes="304">
                <Precinct name="Georgetown" votes="291" />
                <Precinct name="Morris" votes="13" />
            </VoteType>
            <VoteType name="Provisional" votes="0">
                <Precinct name="Georgetown" votes="0" />
                <Precinct name="Morris" votes="0" />
            </VoteType>
        </Choice>
        <Choice key="20" text="HILLARY CLINTON" totalVotes="461">
            <VoteType name="Election Day" votes="246">
                <Precinct name="Georgetown" votes="219" />
                <Precinct name="Morris" votes="27" />
            </VoteType>
            <VoteType name="Absentee by Mail" votes="18">
                <Precinct name="Georgetown" votes="18" />
                <Precinct name="Morris" votes="0" />
            </VoteType>
            <VoteType name="Advance in Person" votes="197">
                <Precinct name="Georgetown" votes="189" />
                <Precinct name="Morris" votes="8" />
            </VoteType>
            <VoteType name="Provisional" votes="0">
                <Precinct name="Georgetown" votes="0" />
                <Precinct name="Morris" votes="0" />
            </VoteType>
        </Choice>
        <Choice key="30" text="GARY JOHNSON" totalVotes="8">
            <VoteType name="Election Day" votes="3">
                <Precinct name="Georgetown" votes="2" />
                <Precinct name="Morris" votes="1" />
            </VoteType>
            <VoteType name="Absentee by Mail" votes="0">
                <Precinct name="Georgetown" votes="0" />
                <Precinct name="Morris" votes="0" />
            </VoteType>
            <VoteType name="Advance in Person" votes="5">
                <Precinct name="Georgetown" votes="5" />
                <Precinct name="Morris" votes="0" />
            </VoteType>
            <VoteType name="Provisional" votes="0">
                <Precinct name="Georgetown" votes="0" />
                <Precinct name="Morris" votes="0" />
            </VoteType>
        </Choice>
    </Contest>
    <Contest key="10" text="United States Senator, Isakson" isQuestion="false" precinctsReporting="2" precinctsReported="2">
        <VoteType name="Number of Precincts for Race" votes="2">
            <Precinct name="Georgetown" votes="1" />
            <Precinct name="Morris" votes="1" />
        </VoteType>
        <VoteType name="Number of Precincts Reporting" votes="2">
            <Precinct name="Georgetown" votes="1" />
            <Precinct name="Morris" votes="1" />
        </VoteType>
        <Choice key="30" text="JOHNNY ISAKSON (I)" totalVotes="501">
            <VoteType name="Election Day" votes="209">
                <Precinct name="Georgetown" votes="185" />
                <Precinct name="Morris" votes="24" />
            </VoteType>
            <VoteType name="Absentee by Mail" votes="33">
                <Precinct name="Georgetown" votes="26" />
                <Precinct name="Morris" votes="7" />
            </VoteType>
            <VoteType name="Advance in Person" votes="259">
                <Precinct name="Georgetown" votes="246" />
                <Precinct name="Morris" votes="13" />
            </VoteType>
            <VoteType name="Provisional" votes="0">
                <Precinct name="Georgetown" votes="0" />
                <Precinct name="Morris" votes="0" />
            </VoteType>
        </Choice>
        <Choice key="40" text="JIM BARKSDALE" totalVotes="382">
            <VoteType name="Election Day" votes="204">
                <Precinct name="Georgetown" votes="181" />
                <Precinct name="Morris" votes="23" />
            </VoteType>
            <VoteType name="Absentee by Mail" votes="17">
                <Precinct name="Georgetown" votes="17" />
                <Precinct name="Morris" votes="0" />
            </VoteType>
            <VoteType name="Advance in Person" votes="161">
                <Precinct name="Georgetown" votes="155" />
                <Precinct name="Morris" votes="6" />
            </VoteType>
            <VoteType name="Provisional" votes="0">
                <Precinct name="Georgetown" votes="0" />
                <Precinct name="Morris" votes="0" />
            </VoteType>
        </Choice>
        <Choice key="50" text="ALLEN BUCKLEY" totalVotes="29">
            <VoteType name="Election Day" votes="15">
                <Precinct name="Georgetown" votes="13" />
                <Precinct name="Morris" votes="2" />
            </VoteType>
            <VoteType name="Absentee by Mail" votes="1">
                <Precinct name="Georgetown" votes="0" />
                <Precinct name="Morris" votes="1" />
            </VoteType>
            <VoteType name="Advance in Person" votes="13">
                <Precinct name="Georgetown" votes="12" />
                <Precinct name="Morris" votes="1" />
            </VoteType>
            <VoteType name="Provisional" votes="0">
                <Precinct name="Georgetown" votes="0" />
                <Precinct name="Morris" votes="0" />
            </VoteType>
        </Choice>
    </Contest>
    <Contest key="30" text="Public Service Commission, District 2 - Eastern" isQuestion="false" precinctsReporting="2" precinctsReported="2">
        <VoteType name="Number of Precincts for Race" votes="2">
            <Precinct name="Georgetown" votes="1" />
            <Precinct name="Morris" votes="1" />
        </VoteType>
        <VoteType name="Number of Precincts Reporting" votes="2">
            <Precinct name="Georgetown" votes="1" />
            <Precinct name="Morris" votes="1" />
        </VoteType>
        <Choice key="20" text="TIM ECHOLS (I)" totalVotes="529">
            <VoteType name="Election Day" votes="230">
                <Precinct name="Georgetown" votes="209" />
                <Precinct name="Morris" votes="21" />
            </VoteType>
            <VoteType name="Absentee by Mail" votes="30">
                <Precinct name="Georgetown" votes="23" />
                <Precinct name="Morris" votes="7" />
            </VoteType>
            <VoteType name="Advance in Person" votes="269">
                <Precinct name="Georgetown" votes="255" />
                <Precinct name="Morris" votes="14" />
            </VoteType>
            <VoteType name="Provisional" votes="0">
                <Precinct name="Georgetown" votes="0" />
                <Precinct name="Morris" votes="0" />
            </VoteType>
        </Choice>
        <Choice key="30" text="ERIC HOSKINS" totalVotes="253">
            <VoteType name="Election Day" votes="132">
                <Precinct name="Georgetown" votes="116" />
                <Precinct name="Morris" votes="16" />
            </VoteType>
            <VoteType name="Absentee by Mail" votes="14">
                <Precinct name="Georgetown" votes="14" />
                <Precinct name="Morris" votes="0" />
            </VoteType>
            <VoteType name="Advance in Person" votes="107">
                <Precinct name="Georgetown" votes="105" />
                <Precinct name="Morris" votes="2" />
            </VoteType>
            <VoteType name="Provisional" votes="0">
                <Precinct name="Georgetown" votes="0" />
                <Precinct name="Morris" votes="0" />
            </VoteType>
        </Choice>
    </Contest>
    <Contest key="50" text="U.S. Representative, District 2" isQuestion="false" precinctsReporting="2" precinctsReported="2">
        <VoteType name="Number of Precincts for Race" votes="2">
            <Precinct name="Georgetown" votes="1" />
            <Precinct name="Morris" votes="1" />
        </VoteType>
        <VoteType name="Number of Precincts Reporting" votes="2">
            <Precinct name="Georgetown" votes="1" />
            <Precinct name="Morris" votes="1" />
        </VoteType>
        <Choice key="10" text="GREG DUKE" totalVotes="404">
            <VoteType name="Election Day" votes="165">
                <Precinct name="Georgetown" votes="151" />
                <Precinct name="Morris" votes="14" />
            </VoteType>
            <VoteType name="Absentee by Mail" votes="28">
                <Precinct name="Georgetown" votes="23" />
                <Precinct name="Morris" votes="5" />
            </VoteType>
            <VoteType name="Advance in Person" votes="211">
                <Precinct name="Georgetown" votes="201" />
                <Precinct name="Morris" votes="10" />
            </VoteType>
            <VoteType name="Provisional" votes="0">
                <Precinct name="Georgetown" votes="0" />
                <Precinct name="Morris" votes="0" />
            </VoteType>
        </Choice>
        <Choice key="20" text="SANFORD BISHOP (I)" totalVotes="569">
            <VoteType name="Election Day" votes="287">
                <Precinct name="Georgetown" votes="250" />
                <Precinct name="Morris" votes="37" />
            </VoteType>
            <VoteType name="Absentee by Mail" votes="23">
                <Precinct name="Georgetown" votes="20" />
                <Precinct name="Morris" votes="3" />
            </VoteType>
            <VoteType name="Advance in Person" votes="259">
                <Precinct name="Georgetown" votes="247" />
                <Precinct name="Morris" votes="12" />
            </VoteType>
            <VoteType name="Provisional" votes="0">
                <Precinct name="Georgetown" votes="0" />
                <Precinct name="Morris" votes="0" />
            </VoteType>
        </Choice>
    </Contest>
    <Contest key="80" text="State Senator, District 12" isQuestion="false" precinctsReporting="2" precinctsReported="2">
        <VoteType name="Number of Precincts for Race" votes="2">
            <Precinct name="Georgetown" votes="1" />
            <Precinct name="Morris" votes="1" />
        </VoteType>
        <VoteType name="Number of Precincts Reporting" votes="2">
            <Precinct name="Georgetown" votes="1" />
            <Precinct name="Morris" votes="1" />
        </VoteType>
        <Choice key="10" text="FREDDIE POWELL SIMS (I)" totalVotes="653">
            <VoteType name="Election Day" votes="333">
                <Precinct name="Georgetown" votes="295" />
                <Precinct name="Morris" votes="38" />
            </VoteType>
            <VoteType name="Absentee by Mail" votes="29">
                <Precinct name="Georgetown" votes="25" />
                <Precinct name="Morris" votes="4" />
            </VoteType>
            <VoteType name="Advance in Person" votes="291">
                <Precinct name="Georgetown" votes="277" />
                <Precinct name="Morris" votes="14" />
            </VoteType>
            <VoteType name="Provisional" votes="0">
                <Precinct name="Georgetown" votes="0" />
                <Precinct name="Morris" votes="0" />
            </VoteType>
        </Choice>
    </Contest>
    <Contest key="90" text="State Representative, District 151" isQuestion="false" precinctsReporting="2" precinctsReported="2">
        <VoteType name="Number of Precincts for Race" votes="2">
            <Precinct name="Georgetown" votes="1" />
            <Precinct name="Morris" votes="1" />
        </VoteType>
        <VoteType name="Number of Precincts Reporting" votes="2">
            <Precinct name="Georgetown" votes="1" />
            <Precinct name="Morris" votes="1" />
        </VoteType>
        <Choice key="10" text="GERALD GREENE (I)" totalVotes="594">
            <VoteType name="Election Day" votes="258">
                <Precinct name="Georgetown" votes="232" />
                <Precinct name="Morris" votes="26" />
            </VoteType>
            <VoteType name="Absentee by Mail" votes="39">
                <Precinct name="Georgetown" votes="31" />
                <Precinct name="Morris" votes="8" />
            </VoteType>
            <VoteType name="Advance in Person" votes="297">
                <Precinct name="Georgetown" votes="284" />
                <Precinct name="Morris" votes="13" />
            </VoteType>
            <VoteType name="Provisional" votes="0">
                <Precinct name="Georgetown" votes="0" />
                <Precinct name="Morris" votes="0" />
            </VoteType>
        </Choice>
        <Choice key="20" text="KENNETH ZACHARY JR" totalVotes="321">
            <VoteType name="Election Day" votes="158">
                <Precinct name="Georgetown" votes="135" />
                <Precinct name="Morris" votes="23" />
            </VoteType>
            <VoteType name="Absentee by Mail" votes="12">
                <Precinct name="Georgetown" votes="12" />
                <Precinct name="Morris" votes="0" />
            </VoteType>
            <VoteType name="Advance in Person" votes="151">
                <Precinct name="Georgetown" votes="145" />
                <Precinct name="Morris" votes="6" />
            </VoteType>
            <VoteType name="Provisional" votes="0">
                <Precinct name="Georgetown" votes="0" />
                <Precinct name="Morris" votes="0" />
            </VoteType>
        </Choice>
    </Contest>
    <Contest key="120" text="District Attorney, Pataula Circuit" isQuestion="false" precinctsReporting="2" precinctsReported="2">
        <VoteType name="Number of Precincts for Race" votes="2">
            <Precinct name="Georgetown" votes="1" />
            <Precinct name="Morris" votes="1" />
        </VoteType>
        <VoteType name="Number of Precincts Reporting" votes="2">
            <Precinct name="Georgetown" votes="1" />
            <Precinct name="Morris" votes="1" />
        </VoteType>
        <Choice key="10" text="T.CRAIG EARNEST (I)" totalVotes="692">
            <VoteType name="Election Day" votes="349">
                <Precinct name="Georgetown" votes="309" />
                <Precinct name="Morris" votes="40" />
            </VoteType>
            <VoteType name="Absentee by Mail" votes="30">
                <Precinct name="Georgetown" votes="27" />
                <Precinct name="Morris" votes="3" />
            </VoteType>
            <VoteType name="Advance in Person" votes="313">
                <Precinct name="Georgetown" votes="298" />
                <Precinct name="Morris" votes="15" />
            </VoteType>
            <VoteType name="Provisional" votes="0">
                <Precinct name="Georgetown" votes="0" />
                <Precinct name="Morris" votes="0" />
            </VoteType>
        </Choice>
    </Contest>
    <Contest key="140" text="CLERK, SUPERIOR COURT" isQuestion="false" precinctsReporting="2" precinctsReported="2">
        <VoteType name="Number of Precincts for Race" votes="2">
            <Precinct name="Georgetown" votes="1" />
            <Precinct name="Morris" votes="1" />
        </VoteType>
        <VoteType name="Number of Precincts Reporting" votes="2">
            <Precinct name="Georgetown" votes="1" />
            <Precinct name="Morris" votes="1" />
        </VoteType>
        <Choice key="10" text="B. FENDLEY (I) D" totalVotes="854">
            <VoteType name="Election Day" votes="404">
                <Precinct name="Georgetown" votes="361" />
                <Precinct name="Morris" votes="43" />
            </VoteType>
            <VoteType name="Absentee by Mail" votes="43">
                <Precinct name="Georgetown" votes="35" />
                <Precinct name="Morris" votes="8" />
            </VoteType>
            <VoteType name="Advance in Person" votes="407">
                <Precinct name="Georgetown" votes="389" />
                <Precinct name="Morris" votes="18" />
            </VoteType>
            <VoteType name="Provisional" votes="0">
                <Precinct name="Georgetown" votes="0" />
                <Precinct name="Morris" votes="0" />
            </VoteType>
        </Choice>
    </Contest>
    <Contest key="160" text="SHERIFF" isQuestion="false" precinctsReporting="2" precinctsReported="2">
        <VoteType name="Number of Precincts for Race" votes="2">
            <Precinct name="Georgetown" votes="1" />
            <Precinct name="Morris" votes="1" />
        </VoteType>
        <VoteType name="Number of Precincts Reporting" votes="2">
            <Precinct name="Georgetown" votes="1" />
            <Precinct name="Morris" votes="1" />
        </VoteType>
        <Choice key="10" text="B. J. FOSTER (I) D" totalVotes="797">
            <VoteType name="Election Day" votes="379">
                <Precinct name="Georgetown" votes="334" />
                <Precinct name="Morris" votes="45" />
            </VoteType>
            <VoteType name="Absentee by Mail" votes="33">
                <Precinct name="Georgetown" votes="31" />
                <Precinct name="Morris" votes="2" />
            </VoteType>
            <VoteType name="Advance in Person" votes="385">
                <Precinct name="Georgetown" votes="368" />
                <Precinct name="Morris" votes="17" />
            </VoteType>
            <VoteType name="Provisional" votes="0">
                <Precinct name="Georgetown" votes="0" />
                <Precinct name="Morris" votes="0" />
            </VoteType>
        </Choice>
    </Contest>
    <Contest key="170" text="TAX COMMISSIONER" isQuestion="false" precinctsReporting="2" precinctsReported="2">
        <VoteType name="Number of Precincts for Race" votes="2">
            <Precinct name="Georgetown" votes="1" />
            <Precinct name="Morris" votes="1" />
        </VoteType>
        <VoteType name="Number of Precincts Reporting" votes="2">
            <Precinct name="Georgetown" votes="1" />
            <Precinct name="Morris" votes="1" />
        </VoteType>
        <Choice key="10" text="D. PATE (R)" totalVotes="462">
            <VoteType name="Election Day" votes="189">
                <Precinct name="Georgetown" votes="166" />
                <Precinct name="Morris" votes="23" />
            </VoteType>
            <VoteType name="Absentee by Mail" votes="27">
                <Precinct name="Georgetown" votes="20" />
                <Precinct name="Morris" votes="7" />
            </VoteType>
            <VoteType name="Advance in Person" votes="246">
                <Precinct name="Georgetown" votes="237" />
                <Precinct name="Morris" votes="9" />
            </VoteType>
            <VoteType name="Provisional" votes="0">
                <Precinct name="Georgetown" votes="0" />
                <Precinct name="Morris" votes="0" />
            </VoteType>
        </Choice>
        <Choice key="20" text="M. MOSS (D)" totalVotes="533">
            <VoteType name="Election Day" votes="265">
                <Precinct name="Georgetown" votes="236" />
                <Precinct name="Morris" votes="29" />
            </VoteType>
            <VoteType name="Absentee by Mail" votes="27">
                <Precinct name="Georgetown" votes="26" />
                <Precinct name="Morris" votes="1" />
            </VoteType>
            <VoteType name="Advance in Person" votes="241">
                <Precinct name="Georgetown" votes="228" />
                <Precinct name="Morris" votes="13" />
            </VoteType>
            <VoteType name="Provisional" votes="0">
                <Precinct name="Georgetown" votes="0" />
                <Precinct name="Morris" votes="0" />
            </VoteType>
        </Choice>
    </Contest>
    <Contest key="180" text="SOIL AND WATER" isQuestion="false" precinctsReporting="2" precinctsReported="2">
        <VoteType name="Number of Precincts for Race" votes="2">
            <Precinct name="Georgetown" votes="1" />
            <Precinct name="Morris" votes="1" />
        </VoteType>
        <VoteType name="Number of Precincts Reporting" votes="2">
            <Precinct name="Georgetown" votes="1" />
            <Precinct name="Morris" votes="1" />
        </VoteType>
        <Choice key="10" text="G. CATHRALL (I)" totalVotes="727">
            <VoteType name="Election Day" votes="344">
                <Precinct name="Georgetown" votes="307" />
                <Precinct name="Morris" votes="37" />
            </VoteType>
            <VoteType name="Absentee by Mail" votes="41">
                <Precinct name="Georgetown" votes="36" />
                <Precinct name="Morris" votes="5" />
            </VoteType>
            <VoteType name="Advance in Person" votes="342">
                <Precinct name="Georgetown" votes="329" />
                <Precinct name="Morris" votes="13" />
            </VoteType>
            <VoteType name="Provisional" votes="0">
                <Precinct name="Georgetown" votes="0" />
                <Precinct name="Morris" votes="0" />
            </VoteType>
        </Choice>
    </Contest>
    <Contest key="190" text="Constitutional Amendment #1&lt;br&gt;Provides greater flexibility and state accountability to fix failing schools through increasing community involvement." isQuestion="false" precinctsReporting="2" precinctsReported="2">
        <VoteType name="Number of Precincts for Race" votes="2">
            <Precinct name="Georgetown" votes="1" />
            <Precinct name="Morris" votes="1" />
        </VoteType>
        <VoteType name="Number of Precincts Reporting" votes="2">
            <Precinct name="Georgetown" votes="1" />
            <Precinct name="Morris" votes="1" />
        </VoteType>
        <Choice key="10" text="YES" totalVotes="475">
            <VoteType name="Election Day" votes="198">
                <Precinct name="Georgetown" votes="183" />
                <Precinct name="Morris" votes="15" />
            </VoteType>
            <VoteType name="Absentee by Mail" votes="39">
                <Precinct name="Georgetown" votes="34" />
                <Precinct name="Morris" votes="5" />
            </VoteType>
            <VoteType name="Advance in Person" votes="238">
                <Precinct name="Georgetown" votes="231" />
                <Precinct name="Morris" votes="7" />
            </VoteType>
            <VoteType name="Provisional" votes="0">
                <Precinct name="Georgetown" votes="0" />
                <Precinct name="Morris" votes="0" />
            </VoteType>
        </Choice>
        <Choice key="20" text="NO" totalVotes="466">
            <VoteType name="Election Day" votes="235">
                <Precinct name="Georgetown" votes="198" />
                <Precinct name="Morris" votes="37" />
            </VoteType>
            <VoteType name="Absentee by Mail" votes="13">
                <Precinct name="Georgetown" votes="10" />
                <Precinct name="Morris" votes="3" />
            </VoteType>
            <VoteType name="Advance in Person" votes="218">
                <Precinct name="Georgetown" votes="203" />
                <Precinct name="Morris" votes="15" />
            </VoteType>
            <VoteType name="Provisional" votes="0">
                <Precinct name="Georgetown" votes="0" />
                <Precinct name="Morris" votes="0" />
            </VoteType>
        </Choice>
    </Contest>
    <Contest key="200" text="Constitutional Amendment #2&lt;br&gt;Authorizes penalties for sexual exploitation and assessments on adult entertainment to fund child victims' services." isQuestion="false" precinctsReporting="2" precinctsReported="2">
        <VoteType name="Number of Precincts for Race" votes="2">
            <Precinct name="Georgetown" votes="1" />
            <Precinct name="Morris" votes="1" />
        </VoteType>
        <VoteType name="Number of Precincts Reporting" votes="2">
            <Precinct name="Georgetown" votes="1" />
            <Precinct name="Morris" votes="1" />
        </VoteType>
        <Choice key="10" text="YES" totalVotes="752">
            <VoteType name="Election Day" votes="327">
                <Precinct name="Georgetown" votes="287" />
                <Precinct name="Morris" votes="40" />
            </VoteType>
            <VoteType name="Absentee by Mail" votes="49">
                <Precinct name="Georgetown" votes="42" />
                <Precinct name="Morris" votes="7" />
            </VoteType>
            <VoteType name="Advance in Person" votes="376">
                <Precinct name="Georgetown" votes="363" />
                <Precinct name="Morris" votes="13" />
            </VoteType>
            <VoteType name="Provisional" votes="0">
                <Precinct name="Georgetown" votes="0" />
                <Precinct name="Morris" votes="0" />
            </VoteType>
        </Choice>
        <Choice key="20" text="NO" totalVotes="193">
            <VoteType name="Election Day" votes="109">
                <Precinct name="Georgetown" votes="98" />
                <Precinct name="Morris" votes="11" />
            </VoteType>
            <VoteType name="Absentee by Mail" votes="2">
                <Precinct name="Georgetown" votes="1" />
                <Precinct name="Morris" votes="1" />
            </VoteType>
            <VoteType name="Advance in Person" votes="82">
                <Precinct name="Georgetown" votes="74" />
                <Precinct name="Morris" votes="8" />
            </VoteType>
            <VoteType name="Provisional" votes="0">
                <Precinct name="Georgetown" votes="0" />
                <Precinct name="Morris" votes="0" />
            </VoteType>
        </Choice>
    </Contest>
    <Contest key="210" text="Constitutional Amendment #3&lt;br&gt;Reforms and re-establishes the Judicial Qualifications Commission and provides for its composition, governance, and powers." isQuestion="false" precinctsReporting="2" precinctsReported="2">
        <VoteType name="Number of Precincts for Race" votes="2">
            <Precinct name="Georgetown" votes="1" />
            <Precinct name="Morris" votes="1" />
        </VoteType>
        <VoteType name="Number of Precincts Reporting" votes="2">
            <Precinct name="Georgetown" votes="1" />
            <Precinct name="Morris" votes="1" />
        </VoteType>
        <Choice key="10" text="YES" totalVotes="562">
            <VoteType name="Election Day" votes="250">
                <Precinct name="Georgetown" votes="223" />
                <Precinct name="Morris" votes="27" />
            </VoteType>
            <VoteType name="Absentee by Mail" votes="35">
                <Precinct name="Georgetown" votes="29" />
                <Precinct name="Morris" votes="6" />
            </VoteType>
            <VoteType name="Advance in Person" votes="277">
                <Precinct name="Georgetown" votes="267" />
                <Precinct name="Morris" votes="10" />
            </VoteType>
            <VoteType name="Provisional" votes="0">
                <Precinct name="Georgetown" votes="0" />
                <Precinct name="Morris" votes="0" />
            </VoteType>
        </Choice>
        <Choice key="20" text="NO" totalVotes="308">
            <VoteType name="Election Day" votes="164">
                <Precinct name="Georgetown" votes="141" />
                <Precinct name="Morris" votes="23" />
            </VoteType>
            <VoteType name="Absentee by Mail" votes="11">
                <Precinct name="Georgetown" votes="9" />
                <Precinct name="Morris" votes="2" />
            </VoteType>
            <VoteType name="Advance in Person" votes="133">
                <Precinct name="Georgetown" votes="125" />
                <Precinct name="Morris" votes="8" />
            </VoteType>
            <VoteType name="Provisional" votes="0">
                <Precinct name="Georgetown" votes="0" />
                <Precinct name="Morris" votes="0" />
            </VoteType>
        </Choice>
    </Contest>
    <Contest key="220" text="Constitutional Amendment #4&lt;br&gt;Dedicates revenue from existing taxes on fireworks to trauma care, fire services, and public safety." isQuestion="false" precinctsReporting="2" precinctsReported="2">
        <VoteType name="Number of Precincts for Race" votes="2">
            <Precinct name="Georgetown" votes="1" />
            <Precinct name="Morris" votes="1" />
        </VoteType>
        <VoteType name="Number of Precincts Reporting" votes="2">
            <Precinct name="Georgetown" votes="1" />
            <Precinct name="Morris" votes="1" />
        </VoteType>
        <Choice key="10" text="YES" totalVotes="744">
            <VoteType name="Election Day" votes="330">
                <Precinct name="Georgetown" votes="289" />
                <Precinct name="Morris" votes="41" />
            </VoteType>
            <VoteType name="Absentee by Mail" votes="45">
                <Precinct name="Georgetown" votes="39" />
                <Precinct name="Morris" votes="6" />
            </VoteType>
            <VoteType name="Advance in Person" votes="369">
                <Precinct name="Georgetown" votes="358" />
                <Precinct name="Morris" votes="11" />
            </VoteType>
            <VoteType name="Provisional" votes="0">
                <Precinct name="Georgetown" votes="0" />
                <Precinct name="Morris" votes="0" />
            </VoteType>
        </Choice>
        <Choice key="20" text="NO" totalVotes="208">
            <VoteType name="Election Day" votes="109">
                <Precinct name="Georgetown" votes="97" />
                <Precinct name="Morris" votes="12" />
            </VoteType>
            <VoteType name="Absentee by Mail" votes="6">
                <Precinct name="Georgetown" votes="4" />
                <Precinct name="Morris" votes="2" />
            </VoteType>
            <VoteType name="Advance in Person" votes="93">
                <Precinct name="Georgetown" votes="84" />
                <Precinct name="Morris" votes="9" />
            </VoteType>
            <VoteType name="Provisional" votes="0">
                <Precinct name="Georgetown" votes="0" />
                <Precinct name="Morris" votes="0" />
            </VoteType>
        </Choice>
    </Contest>
</ElectionResult>