<?xml version="1.0"?>
<!--Election result snapshot imported from Tabulation System
-->
<ElectionResult>
    <Timestamp>11/15/2016 9:12:18 AM EST</Timestamp>
    <ElectionName>November 8, 2016 - General Election</ElectionName>
    <ElectionDate>11/8/2016</ElectionDate>
    <Region>Towns</Region>
    <VoterTurnout totalVoters="8608" ballotsCast="6858" voterTurnout="79.67">
        <Precincts>
            <Precinct name="Young Harris" totalVoters="2958" ballotsCast="2274" voterTurnout="76.88" percentReporting="4" />
            <Precinct name="Tate City" totalVoters="32" ballotsCast="28" voterTurnout="87.50" percentReporting="4" />
            <Precinct name="Macedonia" totalVoters="2853" ballotsCast="2306" voterTurnout="80.83" percentReporting="4" />
            <Precinct name="Hiawassee" totalVoters="2765" ballotsCast="2250" voterTurnout="81.37" percentReporting="4" />
        </Precincts>
    </VoterTurnout>
    <Contest key="1" text="President of the United States" isQuestion="false" precinctsReporting="4" precinctsReported="4">
        <VoteType name="Number of Precincts for Race" votes="4">
            <Precinct name="Young Harris" votes="1" />
            <Precinct name="Tate City" votes="1" />
            <Precinct name="Macedonia" votes="1" />
            <Precinct name="Hiawassee" votes="1" />
        </VoteType>
        <VoteType name="Number of Precincts Reporting" votes="4">
            <Precinct name="Young Harris" votes="1" />
            <Precinct name="Tate City" votes="1" />
            <Precinct name="Macedonia" votes="1" />
            <Precinct name="Hiawassee" votes="1" />
        </VoteType>
        <Choice key="10" text="DONALD J. TRUMP" totalVotes="5383">
            <VoteType name="Election Day" votes="1448">
                <Precinct name="Young Harris" votes="623" />
                <Precinct name="Tate City" votes="11" />
                <Precinct name="Macedonia" votes="468" />
                <Precinct name="Hiawassee" votes="346" />
            </VoteType>
            <VoteType name="Absentee by Mail" votes="309">
                <Precinct name="Young Harris" votes="98" />
                <Precinct name="Tate City" votes="2" />
                <Precinct name="Macedonia" votes="99" />
                <Precinct name="Hiawassee" votes="110" />
            </VoteType>
            <VoteType name="Advance in Person" votes="3620">
                <Precinct name="Young Harris" votes="982" />
                <Precinct name="Tate City" votes="8" />
                <Precinct name="Macedonia" votes="1313" />
                <Precinct name="Hiawassee" votes="1317" />
            </VoteType>
            <VoteType name="Provisional" votes="6">
                <Precinct name="Young Harris" votes="3" />
                <Precinct name="Tate City" votes="0" />
                <Precinct name="Macedonia" votes="1" />
                <Precinct name="Hiawassee" votes="2" />
            </VoteType>
        </Choice>
        <Choice key="20" text="HILLARY CLINTON" totalVotes="1210">
            <VoteType name="Election Day" votes="307">
                <Precinct name="Young Harris" votes="189" />
                <Precinct name="Tate City" votes="2" />
                <Precinct name="Macedonia" votes="61" />
                <Precinct name="Hiawassee" votes="55" />
            </VoteType>
            <VoteType name="Absentee by Mail" votes="91">
                <Precinct name="Young Harris" votes="21" />
                <Precinct name="Tate City" votes="0" />
                <Precinct name="Macedonia" votes="32" />
                <Precinct name="Hiawassee" votes="38" />
            </VoteType>
            <VoteType name="Advance in Person" votes="808">
                <Precinct name="Young Harris" votes="252" />
                <Precinct name="Tate City" votes="2" />
                <Precinct name="Macedonia" votes="253" />
                <Precinct name="Hiawassee" votes="301" />
            </VoteType>
            <VoteType name="Provisional" votes="4">
                <Precinct name="Young Harris" votes="4" />
                <Precinct name="Tate City" votes="0" />
                <Precinct name="Macedonia" votes="0" />
                <Precinct name="Hiawassee" votes="0" />
            </VoteType>
        </Choice>
        <Choice key="30" text="GARY JOHNSON" totalVotes="146">
            <VoteType name="Election Day" votes="58">
                <Precinct name="Young Harris" votes="32" />
                <Precinct name="Tate City" votes="1" />
                <Precinct name="Macedonia" votes="13" />
                <Precinct name="Hiawassee" votes="12" />
            </VoteType>
            <VoteType name="Absentee by Mail" votes="10">
                <Precinct name="Young Harris" votes="2" />
                <Precinct name="Tate City" votes="0" />
                <Precinct name="Macedonia" votes="7" />
                <Precinct name="Hiawassee" votes="1" />
            </VoteType>
            <VoteType name="Advance in Person" votes="76">
                <Precinct name="Young Harris" votes="23" />
                <Precinct name="Tate City" votes="0" />
                <Precinct name="Macedonia" votes="21" />
                <Precinct name="Hiawassee" votes="32" />
            </VoteType>
            <VoteType name="Provisional" votes="2">
                <Precinct name="Young Harris" votes="2" />
                <Precinct name="Tate City" votes="0" />
                <Precinct name="Macedonia" votes="0" />
                <Precinct name="Hiawassee" votes="0" />
            </VoteType>
        </Choice>
    </Contest>
    <Contest key="10" text="United States Senator, Isakson" isQuestion="false" precinctsReporting="4" precinctsReported="4">
        <VoteType name="Number of Precincts for Race" votes="4">
            <Precinct name="Young Harris" votes="1" />
            <Precinct name="Tate City" votes="1" />
            <Precinct name="Macedonia" votes="1" />
            <Precinct name="Hiawassee" votes="1" />
        </VoteType>
        <VoteType name="Number of Precincts Reporting" votes="4">
            <Precinct name="Young Harris" votes="1" />
            <Precinct name="Tate City" votes="1" />
            <Precinct name="Macedonia" votes="1" />
            <Precinct name="Hiawassee" votes="1" />
        </VoteType>
        <Choice key="10" text="JOHNNY ISAKSON (I)" totalVotes="4964">
            <VoteType name="Election Day" votes="1341">
                <Precinct name="Young Harris" votes="590" />
                <Precinct name="Tate City" votes="11" />
                <Precinct name="Macedonia" votes="428" />
                <Precinct name="Hiawassee" votes="312" />
            </VoteType>
            <VoteType name="Absentee by Mail" votes="294">
                <Precinct name="Young Harris" votes="93" />
                <Precinct name="Tate City" votes="2" />
                <Precinct name="Macedonia" votes="97" />
                <Precinct name="Hiawassee" votes="102" />
            </VoteType>
            <VoteType name="Advance in Person" votes="3322">
                <Precinct name="Young Harris" votes="902" />
                <Precinct name="Tate City" votes="6" />
                <Precinct name="Macedonia" votes="1182" />
                <Precinct name="Hiawassee" votes="1232" />
            </VoteType>
            <VoteType name="Provisional" votes="7">
                <Precinct name="Young Harris" votes="4" />
                <Precinct name="Tate City" votes="0" />
                <Precinct name="Macedonia" votes="1" />
                <Precinct name="Hiawassee" votes="2" />
            </VoteType>
        </Choice>
        <Choice key="20" text="JIM BARKSDALE" totalVotes="1164">
            <VoteType name="Election Day" votes="297">
                <Precinct name="Young Harris" votes="174" />
                <Precinct name="Tate City" votes="2" />
                <Precinct name="Macedonia" votes="69" />
                <Precinct name="Hiawassee" votes="52" />
            </VoteType>
            <VoteType name="Absentee by Mail" votes="92">
                <Precinct name="Young Harris" votes="24" />
                <Precinct name="Tate City" votes="0" />
                <Precinct name="Macedonia" votes="31" />
                <Precinct name="Hiawassee" votes="37" />
            </VoteType>
            <VoteType name="Advance in Person" votes="774">
                <Precinct name="Young Harris" votes="233" />
                <Precinct name="Tate City" votes="2" />
                <Precinct name="Macedonia" votes="258" />
                <Precinct name="Hiawassee" votes="281" />
            </VoteType>
            <VoteType name="Provisional" votes="1">
                <Precinct name="Young Harris" votes="1" />
                <Precinct name="Tate City" votes="0" />
                <Precinct name="Macedonia" votes="0" />
                <Precinct name="Hiawassee" votes="0" />
            </VoteType>
        </Choice>
        <Choice key="30" text="ALLEN BUCKLEY" totalVotes="226">
            <VoteType name="Election Day" votes="80">
                <Precinct name="Young Harris" votes="41" />
                <Precinct name="Tate City" votes="0" />
                <Precinct name="Macedonia" votes="19" />
                <Precinct name="Hiawassee" votes="20" />
            </VoteType>
            <VoteType name="Absentee by Mail" votes="13">
                <Precinct name="Young Harris" votes="6" />
                <Precinct name="Tate City" votes="0" />
                <Precinct name="Macedonia" votes="3" />
                <Precinct name="Hiawassee" votes="4" />
            </VoteType>
            <VoteType name="Advance in Person" votes="130">
                <Precinct name="Young Harris" votes="32" />
                <Precinct name="Tate City" votes="2" />
                <Precinct name="Macedonia" votes="56" />
                <Precinct name="Hiawassee" votes="40" />
            </VoteType>
            <VoteType name="Provisional" votes="3">
                <Precinct name="Young Harris" votes="3" />
                <Precinct name="Tate City" votes="0" />
                <Precinct name="Macedonia" votes="0" />
                <Precinct name="Hiawassee" votes="0" />
            </VoteType>
        </Choice>
    </Contest>
    <Contest key="30" text="Public Service Commission, District 2 - Eastern" isQuestion="false" precinctsReporting="4" precinctsReported="4">
        <VoteType name="Number of Precincts for Race" votes="4">
            <Precinct name="Young Harris" votes="1" />
            <Precinct name="Tate City" votes="1" />
            <Precinct name="Macedonia" votes="1" />
            <Precinct name="Hiawassee" votes="1" />
        </VoteType>
        <VoteType name="Number of Precincts Reporting" votes="4">
            <Precinct name="Young Harris" votes="1" />
            <Precinct name="Tate City" votes="1" />
            <Precinct name="Macedonia" votes="1" />
            <Precinct name="Hiawassee" votes="1" />
        </VoteType>
        <Choice key="10" text="TIM ECHOLS (I)" totalVotes="5115">
            <VoteType name="Election Day" votes="1347">
                <Precinct name="Young Harris" votes="613" />
                <Precinct name="Tate City" votes="10" />
                <Precinct name="Macedonia" votes="417" />
                <Precinct name="Hiawassee" votes="307" />
            </VoteType>
            <VoteType name="Absentee by Mail" votes="296">
                <Precinct name="Young Harris" votes="99" />
                <Precinct name="Tate City" votes="2" />
                <Precinct name="Macedonia" votes="94" />
                <Precinct name="Hiawassee" votes="101" />
            </VoteType>
            <VoteType name="Advance in Person" votes="3466">
                <Precinct name="Young Harris" votes="971" />
                <Precinct name="Tate City" votes="8" />
                <Precinct name="Macedonia" votes="1200" />
                <Precinct name="Hiawassee" votes="1287" />
            </VoteType>
            <VoteType name="Provisional" votes="6">
                <Precinct name="Young Harris" votes="3" />
                <Precinct name="Tate City" votes="0" />
                <Precinct name="Macedonia" votes="1" />
                <Precinct name="Hiawassee" votes="2" />
            </VoteType>
        </Choice>
        <Choice key="20" text="ERIC HOSKINS" totalVotes="858">
            <VoteType name="Election Day" votes="268">
                <Precinct name="Young Harris" votes="145" />
                <Precinct name="Tate City" votes="2" />
                <Precinct name="Macedonia" votes="61" />
                <Precinct name="Hiawassee" votes="60" />
            </VoteType>
            <VoteType name="Absentee by Mail" votes="56">
                <Precinct name="Young Harris" votes="17" />
                <Precinct name="Tate City" votes="0" />
                <Precinct name="Macedonia" votes="19" />
                <Precinct name="Hiawassee" votes="20" />
            </VoteType>
            <VoteType name="Advance in Person" votes="529">
                <Precinct name="Young Harris" votes="158" />
                <Precinct name="Tate City" votes="1" />
                <Precinct name="Macedonia" votes="179" />
                <Precinct name="Hiawassee" votes="191" />
            </VoteType>
            <VoteType name="Provisional" votes="5">
                <Precinct name="Young Harris" votes="5" />
                <Precinct name="Tate City" votes="0" />
                <Precinct name="Macedonia" votes="0" />
                <Precinct name="Hiawassee" votes="0" />
            </VoteType>
        </Choice>
    </Contest>
    <Contest key="50" text="U.S. Representative, District 9" isQuestion="false" precinctsReporting="4" precinctsReported="4">
        <VoteType name="Number of Precincts for Race" votes="4">
            <Precinct name="Young Harris" votes="1" />
            <Precinct name="Tate City" votes="1" />
            <Precinct name="Macedonia" votes="1" />
            <Precinct name="Hiawassee" votes="1" />
        </VoteType>
        <VoteType name="Number of Precincts Reporting" votes="4">
            <Precinct name="Young Harris" votes="1" />
            <Precinct name="Tate City" votes="1" />
            <Precinct name="Macedonia" votes="1" />
            <Precinct name="Hiawassee" votes="1" />
        </VoteType>
        <Choice key="10" text="DOUG COLLINS (I)" totalVotes="5655">
            <VoteType name="Election Day" votes="1549">
                <Precinct name="Young Harris" votes="727" />
                <Precinct name="Tate City" votes="13" />
                <Precinct name="Macedonia" votes="459" />
                <Precinct name="Hiawassee" votes="350" />
            </VoteType>
            <VoteType name="Absentee by Mail" votes="315">
                <Precinct name="Young Harris" votes="103" />
                <Precinct name="Tate City" votes="2" />
                <Precinct name="Macedonia" votes="102" />
                <Precinct name="Hiawassee" votes="108" />
            </VoteType>
            <VoteType name="Advance in Person" votes="3781">
                <Precinct name="Young Harris" votes="1073" />
                <Precinct name="Tate City" votes="9" />
                <Precinct name="Macedonia" votes="1311" />
                <Precinct name="Hiawassee" votes="1388" />
            </VoteType>
            <VoteType name="Provisional" votes="10">
                <Precinct name="Young Harris" votes="7" />
                <Precinct name="Tate City" votes="0" />
                <Precinct name="Macedonia" votes="1" />
                <Precinct name="Hiawassee" votes="2" />
            </VoteType>
        </Choice>
    </Contest>
    <Contest key="70" text="State Senator, District 50" isQuestion="false" precinctsReporting="4" precinctsReported="4">
        <VoteType name="Number of Precincts for Race" votes="4">
            <Precinct name="Young Harris" votes="1" />
            <Precinct name="Tate City" votes="1" />
            <Precinct name="Macedonia" votes="1" />
            <Precinct name="Hiawassee" votes="1" />
        </VoteType>
        <VoteType name="Number of Precincts Reporting" votes="4">
            <Precinct name="Young Harris" votes="1" />
            <Precinct name="Tate City" votes="1" />
            <Precinct name="Macedonia" votes="1" />
            <Precinct name="Hiawassee" votes="1" />
        </VoteType>
        <Choice key="10" text="JOHN K WILKINSON (I)" totalVotes="5603">
            <VoteType name="Election Day" votes="1527">
                <Precinct name="Young Harris" votes="711" />
                <Precinct name="Tate City" votes="12" />
                <Precinct name="Macedonia" votes="460" />
                <Precinct name="Hiawassee" votes="344" />
            </VoteType>
            <VoteType name="Absentee by Mail" votes="301">
                <Precinct name="Young Harris" votes="99" />
                <Precinct name="Tate City" votes="2" />
                <Precinct name="Macedonia" votes="96" />
                <Precinct name="Hiawassee" votes="104" />
            </VoteType>
            <VoteType name="Advance in Person" votes="3766">
                <Precinct name="Young Harris" votes="1065" />
                <Precinct name="Tate City" votes="8" />
                <Precinct name="Macedonia" votes="1308" />
                <Precinct name="Hiawassee" votes="1385" />
            </VoteType>
            <VoteType name="Provisional" votes="9">
                <Precinct name="Young Harris" votes="7" />
                <Precinct name="Tate City" votes="0" />
                <Precinct name="Macedonia" votes="1" />
                <Precinct name="Hiawassee" votes="1" />
            </VoteType>
        </Choice>
    </Contest>
    <Contest key="90" text="State Representative, District 8" isQuestion="false" precinctsReporting="4" precinctsReported="4">
        <VoteType name="Number of Precincts for Race" votes="4">
            <Precinct name="Young Harris" votes="1" />
            <Precinct name="Tate City" votes="1" />
            <Precinct name="Macedonia" votes="1" />
            <Precinct name="Hiawassee" votes="1" />
        </VoteType>
        <VoteType name="Number of Precincts Reporting" votes="4">
            <Precinct name="Young Harris" votes="1" />
            <Precinct name="Tate City" votes="1" />
            <Precinct name="Macedonia" votes="1" />
            <Precinct name="Hiawassee" votes="1" />
        </VoteType>
        <Choice key="10" text="MATT GURTLER" totalVotes="5600">
            <VoteType name="Election Day" votes="1525">
                <Precinct name="Young Harris" votes="707" />
                <Precinct name="Tate City" votes="12" />
                <Precinct name="Macedonia" votes="457" />
                <Precinct name="Hiawassee" votes="349" />
            </VoteType>
            <VoteType name="Absentee by Mail" votes="306">
                <Precinct name="Young Harris" votes="102" />
                <Precinct name="Tate City" votes="2" />
                <Precinct name="Macedonia" votes="98" />
                <Precinct name="Hiawassee" votes="104" />
            </VoteType>
            <VoteType name="Advance in Person" votes="3759">
                <Precinct name="Young Harris" votes="1063" />
                <Precinct name="Tate City" votes="8" />
                <Precinct name="Macedonia" votes="1305" />
                <Precinct name="Hiawassee" votes="1383" />
            </VoteType>
            <VoteType name="Provisional" votes="10">
                <Precinct name="Young Harris" votes="7" />
                <Precinct name="Tate City" votes="0" />
                <Precinct name="Macedonia" votes="1" />
                <Precinct name="Hiawassee" votes="2" />
            </VoteType>
        </Choice>
    </Contest>
    <Contest key="300" text="Probate Judge" isQuestion="false" precinctsReporting="4" precinctsReported="4">
        <VoteType name="Number of Precincts for Race" votes="4">
            <Precinct name="Young Harris" votes="1" />
            <Precinct name="Tate City" votes="1" />
            <Precinct name="Macedonia" votes="1" />
            <Precinct name="Hiawassee" votes="1" />
        </VoteType>
        <VoteType name="Number of Precincts Reporting" votes="4">
            <Precinct name="Young Harris" votes="1" />
            <Precinct name="Tate City" votes="1" />
            <Precinct name="Macedonia" votes="1" />
            <Precinct name="Hiawassee" votes="1" />
        </VoteType>
        <Choice key="10" text="D. ROGERS (I)(R)" totalVotes="5869">
            <VoteType name="Election Day" votes="1602">
                <Precinct name="Young Harris" votes="748" />
                <Precinct name="Tate City" votes="11" />
                <Precinct name="Macedonia" votes="491" />
                <Precinct name="Hiawassee" votes="352" />
            </VoteType>
            <VoteType name="Absentee by Mail" votes="335">
                <Precinct name="Young Harris" votes="106" />
                <Precinct name="Tate City" votes="2" />
                <Precinct name="Macedonia" votes="115" />
                <Precinct name="Hiawassee" votes="112" />
            </VoteType>
            <VoteType name="Advance in Person" votes="3922">
                <Precinct name="Young Harris" votes="1107" />
                <Precinct name="Tate City" votes="10" />
                <Precinct name="Macedonia" votes="1358" />
                <Precinct name="Hiawassee" votes="1447" />
            </VoteType>
            <VoteType name="Provisional" votes="10">
                <Precinct name="Young Harris" votes="7" />
                <Precinct name="Tate City" votes="0" />
                <Precinct name="Macedonia" votes="1" />
                <Precinct name="Hiawassee" votes="2" />
            </VoteType>
        </Choice>
    </Contest>
    <Contest key="320" text="Superior Court Clerk" isQuestion="false" precinctsReporting="4" precinctsReported="4">
        <VoteType name="Number of Precincts for Race" votes="4">
            <Precinct name="Young Harris" votes="1" />
            <Precinct name="Tate City" votes="1" />
            <Precinct name="Macedonia" votes="1" />
            <Precinct name="Hiawassee" votes="1" />
        </VoteType>
        <VoteType name="Number of Precincts Reporting" votes="4">
            <Precinct name="Young Harris" votes="1" />
            <Precinct name="Tate City" votes="1" />
            <Precinct name="Macedonia" votes="1" />
            <Precinct name="Hiawassee" votes="1" />
        </VoteType>
        <Choice key="10" text="C. DYE (I)(R)" totalVotes="5907">
            <VoteType name="Election Day" votes="1608">
                <Precinct name="Young Harris" votes="747" />
                <Precinct name="Tate City" votes="12" />
                <Precinct name="Macedonia" votes="486" />
                <Precinct name="Hiawassee" votes="363" />
            </VoteType>
            <VoteType name="Absentee by Mail" votes="350">
                <Precinct name="Young Harris" votes="111" />
                <Precinct name="Tate City" votes="2" />
                <Precinct name="Macedonia" votes="117" />
                <Precinct name="Hiawassee" votes="120" />
            </VoteType>
            <VoteType name="Advance in Person" votes="3939">
                <Precinct name="Young Harris" votes="1090" />
                <Precinct name="Tate City" votes="9" />
                <Precinct name="Macedonia" votes="1372" />
                <Precinct name="Hiawassee" votes="1468" />
            </VoteType>
            <VoteType name="Provisional" votes="10">
                <Precinct name="Young Harris" votes="7" />
                <Precinct name="Tate City" votes="0" />
                <Precinct name="Macedonia" votes="1" />
                <Precinct name="Hiawassee" votes="2" />
            </VoteType>
        </Choice>
    </Contest>
    <Contest key="340" text="Sheriff" isQuestion="false" precinctsReporting="4" precinctsReported="4">
        <VoteType name="Number of Precincts for Race" votes="4">
            <Precinct name="Young Harris" votes="1" />
            <Precinct name="Tate City" votes="1" />
            <Precinct name="Macedonia" votes="1" />
            <Precinct name="Hiawassee" votes="1" />
        </VoteType>
        <VoteType name="Number of Precincts Reporting" votes="4">
            <Precinct name="Young Harris" votes="1" />
            <Precinct name="Tate City" votes="1" />
            <Precinct name="Macedonia" votes="1" />
            <Precinct name="Hiawassee" votes="1" />
        </VoteType>
        <Choice key="10" text="C. CLINTON (I)(R)" totalVotes="3916">
            <VoteType name="Election Day" votes="984">
                <Precinct name="Young Harris" votes="506" />
                <Precinct name="Tate City" votes="11" />
                <Precinct name="Macedonia" votes="228" />
                <Precinct name="Hiawassee" votes="239" />
            </VoteType>
            <VoteType name="Absentee by Mail" votes="247">
                <Precinct name="Young Harris" votes="81" />
                <Precinct name="Tate City" votes="2" />
                <Precinct name="Macedonia" votes="62" />
                <Precinct name="Hiawassee" votes="102" />
            </VoteType>
            <VoteType name="Advance in Person" votes="2680">
                <Precinct name="Young Harris" votes="820" />
                <Precinct name="Tate City" votes="9" />
                <Precinct name="Macedonia" votes="793" />
                <Precinct name="Hiawassee" votes="1058" />
            </VoteType>
            <VoteType name="Provisional" votes="5">
                <Precinct name="Young Harris" votes="3" />
                <Precinct name="Tate City" votes="0" />
                <Precinct name="Macedonia" votes="1" />
                <Precinct name="Hiawassee" votes="1" />
            </VoteType>
        </Choice>
        <Choice key="20" text="B. BARRETT (Ind)" totalVotes="1900">
            <VoteType name="Election Day" votes="526">
                <Precinct name="Young Harris" votes="195" />
                <Precinct name="Tate City" votes="1" />
                <Precinct name="Macedonia" votes="226" />
                <Precinct name="Hiawassee" votes="104" />
            </VoteType>
            <VoteType name="Absentee by Mail" votes="109">
                <Precinct name="Young Harris" votes="30" />
                <Precinct name="Tate City" votes="0" />
                <Precinct name="Macedonia" votes="53" />
                <Precinct name="Hiawassee" votes="26" />
            </VoteType>
            <VoteType name="Advance in Person" votes="1260">
                <Precinct name="Young Harris" votes="291" />
                <Precinct name="Tate City" votes="2" />
                <Precinct name="Macedonia" votes="586" />
                <Precinct name="Hiawassee" votes="381" />
            </VoteType>
            <VoteType name="Provisional" votes="5">
                <Precinct name="Young Harris" votes="4" />
                <Precinct name="Tate City" votes="0" />
                <Precinct name="Macedonia" votes="0" />
                <Precinct name="Hiawassee" votes="1" />
            </VoteType>
        </Choice>
        <Choice key="30" text="L. CURTIS (Ind)" totalVotes="865">
            <VoteType name="Election Day" votes="291">
                <Precinct name="Young Harris" votes="136" />
                <Precinct name="Tate City" votes="2" />
                <Precinct name="Macedonia" votes="88" />
                <Precinct name="Hiawassee" votes="65" />
            </VoteType>
            <VoteType name="Absentee by Mail" votes="47">
                <Precinct name="Young Harris" votes="11" />
                <Precinct name="Tate City" votes="0" />
                <Precinct name="Macedonia" votes="19" />
                <Precinct name="Hiawassee" votes="17" />
            </VoteType>
            <VoteType name="Advance in Person" votes="525">
                <Precinct name="Young Harris" votes="123" />
                <Precinct name="Tate City" votes="0" />
                <Precinct name="Macedonia" votes="198" />
                <Precinct name="Hiawassee" votes="204" />
            </VoteType>
            <VoteType name="Provisional" votes="2">
                <Precinct name="Young Harris" votes="2" />
                <Precinct name="Tate City" votes="0" />
                <Precinct name="Macedonia" votes="0" />
                <Precinct name="Hiawassee" votes="0" />
            </VoteType>
        </Choice>
    </Contest>
    <Contest key="370" text="Tax Commissioner" isQuestion="false" precinctsReporting="4" precinctsReported="4">
        <VoteType name="Number of Precincts for Race" votes="4">
            <Precinct name="Young Harris" votes="1" />
            <Precinct name="Tate City" votes="1" />
            <Precinct name="Macedonia" votes="1" />
            <Precinct name="Hiawassee" votes="1" />
        </VoteType>
        <VoteType name="Number of Precincts Reporting" votes="4">
            <Precinct name="Young Harris" votes="1" />
            <Precinct name="Tate City" votes="1" />
            <Precinct name="Macedonia" votes="1" />
            <Precinct name="Hiawassee" votes="1" />
        </VoteType>
        <Choice key="10" text="B. ROGERS (I)(D)" totalVotes="5500">
            <VoteType name="Election Day" votes="1490">
                <Precinct name="Young Harris" votes="715" />
                <Precinct name="Tate City" votes="13" />
                <Precinct name="Macedonia" votes="438" />
                <Precinct name="Hiawassee" votes="324" />
            </VoteType>
            <VoteType name="Absentee by Mail" votes="338">
                <Precinct name="Young Harris" votes="106" />
                <Precinct name="Tate City" votes="2" />
                <Precinct name="Macedonia" votes="117" />
                <Precinct name="Hiawassee" votes="113" />
            </VoteType>
            <VoteType name="Advance in Person" votes="3661">
                <Precinct name="Young Harris" votes="1041" />
                <Precinct name="Tate City" votes="10" />
                <Precinct name="Macedonia" votes="1247" />
                <Precinct name="Hiawassee" votes="1363" />
            </VoteType>
            <VoteType name="Provisional" votes="11">
                <Precinct name="Young Harris" votes="8" />
                <Precinct name="Tate City" votes="0" />
                <Precinct name="Macedonia" votes="1" />
                <Precinct name="Hiawassee" votes="2" />
            </VoteType>
        </Choice>
    </Contest>
    <Contest key="380" text="Coroner" isQuestion="false" precinctsReporting="4" precinctsReported="4">
        <VoteType name="Number of Precincts for Race" votes="4">
            <Precinct name="Young Harris" votes="1" />
            <Precinct name="Tate City" votes="1" />
            <Precinct name="Macedonia" votes="1" />
            <Precinct name="Hiawassee" votes="1" />
        </VoteType>
        <VoteType name="Number of Precincts Reporting" votes="4">
            <Precinct name="Young Harris" votes="1" />
            <Precinct name="Tate City" votes="1" />
            <Precinct name="Macedonia" votes="1" />
            <Precinct name="Hiawassee" votes="1" />
        </VoteType>
        <Choice key="10" text="H. COPELAND (R)" totalVotes="5667">
            <VoteType name="Election Day" votes="1537">
                <Precinct name="Young Harris" votes="718" />
                <Precinct name="Tate City" votes="12" />
                <Precinct name="Macedonia" votes="463" />
                <Precinct name="Hiawassee" votes="344" />
            </VoteType>
            <VoteType name="Absentee by Mail" votes="324">
                <Precinct name="Young Harris" votes="102" />
                <Precinct name="Tate City" votes="2" />
                <Precinct name="Macedonia" votes="107" />
                <Precinct name="Hiawassee" votes="113" />
            </VoteType>
            <VoteType name="Advance in Person" votes="3796">
                <Precinct name="Young Harris" votes="1090" />
                <Precinct name="Tate City" votes="10" />
                <Precinct name="Macedonia" votes="1294" />
                <Precinct name="Hiawassee" votes="1402" />
            </VoteType>
            <VoteType name="Provisional" votes="10">
                <Precinct name="Young Harris" votes="7" />
                <Precinct name="Tate City" votes="0" />
                <Precinct name="Macedonia" votes="1" />
                <Precinct name="Hiawassee" votes="2" />
            </VoteType>
        </Choice>
    </Contest>
    <Contest key="400" text="County Commissioner" isQuestion="false" precinctsReporting="4" precinctsReported="4">
        <VoteType name="Number of Precincts for Race" votes="4">
            <Precinct name="Young Harris" votes="1" />
            <Precinct name="Tate City" votes="1" />
            <Precinct name="Macedonia" votes="1" />
            <Precinct name="Hiawassee" votes="1" />
        </VoteType>
        <VoteType name="Number of Precincts Reporting" votes="4">
            <Precinct name="Young Harris" votes="1" />
            <Precinct name="Tate City" votes="1" />
            <Precinct name="Macedonia" votes="1" />
            <Precinct name="Hiawassee" votes="1" />
        </VoteType>
        <Choice key="10" text="C. BRADSHAW (R)" totalVotes="4381">
            <VoteType name="Election Day" votes="1057">
                <Precinct name="Young Harris" votes="464" />
                <Precinct name="Tate City" votes="7" />
                <Precinct name="Macedonia" votes="347" />
                <Precinct name="Hiawassee" votes="239" />
            </VoteType>
            <VoteType name="Absentee by Mail" votes="294">
                <Precinct name="Young Harris" votes="84" />
                <Precinct name="Tate City" votes="2" />
                <Precinct name="Macedonia" votes="100" />
                <Precinct name="Hiawassee" votes="108" />
            </VoteType>
            <VoteType name="Advance in Person" votes="3025">
                <Precinct name="Young Harris" votes="759" />
                <Precinct name="Tate City" votes="6" />
                <Precinct name="Macedonia" votes="1105" />
                <Precinct name="Hiawassee" votes="1155" />
            </VoteType>
            <VoteType name="Provisional" votes="5">
                <Precinct name="Young Harris" votes="3" />
                <Precinct name="Tate City" votes="0" />
                <Precinct name="Macedonia" votes="0" />
                <Precinct name="Hiawassee" votes="2" />
            </VoteType>
        </Choice>
        <Choice key="20" text="N. HUGHES (D)" totalVotes="1865">
            <VoteType name="Election Day" votes="584">
                <Precinct name="Young Harris" votes="320" />
                <Precinct name="Tate City" votes="4" />
                <Precinct name="Macedonia" votes="142" />
                <Precinct name="Hiawassee" votes="118" />
            </VoteType>
            <VoteType name="Absentee by Mail" votes="98">
                <Precinct name="Young Harris" votes="37" />
                <Precinct name="Tate City" votes="0" />
                <Precinct name="Macedonia" votes="33" />
                <Precinct name="Hiawassee" votes="28" />
            </VoteType>
            <VoteType name="Advance in Person" votes="1179">
                <Precinct name="Young Harris" votes="403" />
                <Precinct name="Tate City" votes="3" />
                <Precinct name="Macedonia" votes="364" />
                <Precinct name="Hiawassee" votes="409" />
            </VoteType>
            <VoteType name="Provisional" votes="4">
                <Precinct name="Young Harris" votes="4" />
                <Precinct name="Tate City" votes="0" />
                <Precinct name="Macedonia" votes="0" />
                <Precinct name="Hiawassee" votes="0" />
            </VoteType>
        </Choice>
        <Choice key="30" text="H. CHAMBERS (Ind)" totalVotes="408">
            <VoteType name="Election Day" votes="151">
                <Precinct name="Young Harris" votes="55" />
                <Precinct name="Tate City" votes="1" />
                <Precinct name="Macedonia" votes="52" />
                <Precinct name="Hiawassee" votes="43" />
            </VoteType>
            <VoteType name="Absentee by Mail" votes="14">
                <Precinct name="Young Harris" votes="2" />
                <Precinct name="Tate City" votes="0" />
                <Precinct name="Macedonia" votes="7" />
                <Precinct name="Hiawassee" votes="5" />
            </VoteType>
            <VoteType name="Advance in Person" votes="240">
                <Precinct name="Young Harris" votes="64" />
                <Precinct name="Tate City" votes="2" />
                <Precinct name="Macedonia" votes="97" />
                <Precinct name="Hiawassee" votes="77" />
            </VoteType>
            <VoteType name="Provisional" votes="3">
                <Precinct name="Young Harris" votes="2" />
                <Precinct name="Tate City" votes="0" />
                <Precinct name="Macedonia" votes="1" />
                <Precinct name="Hiawassee" votes="0" />
            </VoteType>
        </Choice>
    </Contest>
    <Contest key="500" text="Constitutional Amendment #1&lt;br&gt;Provides greater flexibility and state accountability to fix failing schools through increasing community involvement." isQuestion="false" precinctsReporting="4" precinctsReported="4">
        <VoteType name="Number of Precincts for Race" votes="4">
            <Precinct name="Young Harris" votes="1" />
            <Precinct name="Tate City" votes="1" />
            <Precinct name="Macedonia" votes="1" />
            <Precinct name="Hiawassee" votes="1" />
        </VoteType>
        <VoteType name="Number of Precincts Reporting" votes="4">
            <Precinct name="Young Harris" votes="1" />
            <Precinct name="Tate City" votes="1" />
            <Precinct name="Macedonia" votes="1" />
            <Precinct name="Hiawassee" votes="1" />
        </VoteType>
        <Choice key="10" text="YES" totalVotes="2784">
            <VoteType name="Election Day" votes="729">
                <Precinct name="Young Harris" votes="347" />
                <Precinct name="Tate City" votes="4" />
                <Precinct name="Macedonia" votes="192" />
                <Precinct name="Hiawassee" votes="186" />
            </VoteType>
            <VoteType name="Absentee by Mail" votes="178">
                <Precinct name="Young Harris" votes="64" />
                <Precinct name="Tate City" votes="1" />
                <Precinct name="Macedonia" votes="43" />
                <Precinct name="Hiawassee" votes="70" />
            </VoteType>
            <VoteType name="Advance in Person" votes="1872">
                <Precinct name="Young Harris" votes="490" />
                <Precinct name="Tate City" votes="6" />
                <Precinct name="Macedonia" votes="638" />
                <Precinct name="Hiawassee" votes="738" />
            </VoteType>
            <VoteType name="Provisional" votes="5">
                <Precinct name="Young Harris" votes="4" />
                <Precinct name="Tate City" votes="0" />
                <Precinct name="Macedonia" votes="0" />
                <Precinct name="Hiawassee" votes="1" />
            </VoteType>
        </Choice>
        <Choice key="20" text="NO" totalVotes="3741">
            <VoteType name="Election Day" votes="1048">
                <Precinct name="Young Harris" votes="491" />
                <Precinct name="Tate City" votes="9" />
                <Precinct name="Macedonia" votes="335" />
                <Precinct name="Hiawassee" votes="213" />
            </VoteType>
            <VoteType name="Absentee by Mail" votes="204">
                <Precinct name="Young Harris" votes="53" />
                <Precinct name="Tate City" votes="1" />
                <Precinct name="Macedonia" votes="86" />
                <Precinct name="Hiawassee" votes="64" />
            </VoteType>
            <VoteType name="Advance in Person" votes="2484">
                <Precinct name="Young Harris" votes="717" />
                <Precinct name="Tate City" votes="5" />
                <Precinct name="Macedonia" votes="896" />
                <Precinct name="Hiawassee" votes="866" />
            </VoteType>
            <VoteType name="Provisional" votes="5">
                <Precinct name="Young Harris" votes="4" />
                <Precinct name="Tate City" votes="0" />
                <Precinct name="Macedonia" votes="1" />
                <Precinct name="Hiawassee" votes="0" />
            </VoteType>
        </Choice>
    </Contest>
    <Contest key="510" text="Constitutional Amendment #2&lt;br&gt;Authorizes penalties for sexual exploitation and assessments on adult entertainment to fund child victims' services." isQuestion="false" precinctsReporting="4" precinctsReported="4">
        <VoteType name="Number of Precincts for Race" votes="4">
            <Precinct name="Young Harris" votes="1" />
            <Precinct name="Tate City" votes="1" />
            <Precinct name="Macedonia" votes="1" />
            <Precinct name="Hiawassee" votes="1" />
        </VoteType>
        <VoteType name="Number of Precincts Reporting" votes="4">
            <Precinct name="Young Harris" votes="1" />
            <Precinct name="Tate City" votes="1" />
            <Precinct name="Macedonia" votes="1" />
            <Precinct name="Hiawassee" votes="1" />
        </VoteType>
        <Choice key="10" text="YES" totalVotes="5290">
            <VoteType name="Election Day" votes="1412">
                <Precinct name="Young Harris" votes="678" />
                <Precinct name="Tate City" votes="12" />
                <Precinct name="Macedonia" votes="408" />
                <Precinct name="Hiawassee" votes="314" />
            </VoteType>
            <VoteType name="Absentee by Mail" votes="323">
                <Precinct name="Young Harris" votes="106" />
                <Precinct name="Tate City" votes="2" />
                <Precinct name="Macedonia" votes="104" />
                <Precinct name="Hiawassee" votes="111" />
            </VoteType>
            <VoteType name="Advance in Person" votes="3547">
                <Precinct name="Young Harris" votes="985" />
                <Precinct name="Tate City" votes="10" />
                <Precinct name="Macedonia" votes="1241" />
                <Precinct name="Hiawassee" votes="1311" />
            </VoteType>
            <VoteType name="Provisional" votes="8">
                <Precinct name="Young Harris" votes="6" />
                <Precinct name="Tate City" votes="0" />
                <Precinct name="Macedonia" votes="1" />
                <Precinct name="Hiawassee" votes="1" />
            </VoteType>
        </Choice>
        <Choice key="20" text="NO" totalVotes="1091">
            <VoteType name="Election Day" votes="328">
                <Precinct name="Young Harris" votes="140" />
                <Precinct name="Tate City" votes="1" />
                <Precinct name="Macedonia" votes="107" />
                <Precinct name="Hiawassee" votes="80" />
            </VoteType>
            <VoteType name="Absentee by Mail" votes="56">
                <Precinct name="Young Harris" votes="13" />
                <Precinct name="Tate City" votes="0" />
                <Precinct name="Macedonia" votes="22" />
                <Precinct name="Hiawassee" votes="21" />
            </VoteType>
            <VoteType name="Advance in Person" votes="706">
                <Precinct name="Young Harris" votes="207" />
                <Precinct name="Tate City" votes="0" />
                <Precinct name="Macedonia" votes="251" />
                <Precinct name="Hiawassee" votes="248" />
            </VoteType>
            <VoteType name="Provisional" votes="1">
                <Precinct name="Young Harris" votes="1" />
                <Precinct name="Tate City" votes="0" />
                <Precinct name="Macedonia" votes="0" />
                <Precinct name="Hiawassee" votes="0" />
            </VoteType>
        </Choice>
    </Contest>
    <Contest key="520" text="Constitutional Amendment #3&lt;br&gt;Reforms and re-establishes the Judicial Qualifications Commission and provides for its composition, governance, and powers." isQuestion="false" precinctsReporting="4" precinctsReported="4">
        <VoteType name="Number of Precincts for Race" votes="4">
            <Precinct name="Young Harris" votes="1" />
            <Precinct name="Tate City" votes="1" />
            <Precinct name="Macedonia" votes="1" />
            <Precinct name="Hiawassee" votes="1" />
        </VoteType>
        <VoteType name="Number of Precincts Reporting" votes="4">
            <Precinct name="Young Harris" votes="1" />
            <Precinct name="Tate City" votes="1" />
            <Precinct name="Macedonia" votes="1" />
            <Precinct name="Hiawassee" votes="1" />
        </VoteType>
        <Choice key="10" text="YES" totalVotes="3687">
            <VoteType name="Election Day" votes="971">
                <Precinct name="Young Harris" votes="471" />
                <Precinct name="Tate City" votes="8" />
                <Precinct name="Macedonia" votes="275" />
                <Precinct name="Hiawassee" votes="217" />
            </VoteType>
            <VoteType name="Absentee by Mail" votes="244">
                <Precinct name="Young Harris" votes="78" />
                <Precinct name="Tate City" votes="2" />
                <Precinct name="Macedonia" votes="79" />
                <Precinct name="Hiawassee" votes="85" />
            </VoteType>
            <VoteType name="Advance in Person" votes="2467">
                <Precinct name="Young Harris" votes="659" />
                <Precinct name="Tate City" votes="6" />
                <Precinct name="Macedonia" votes="865" />
                <Precinct name="Hiawassee" votes="937" />
            </VoteType>
            <VoteType name="Provisional" votes="5">
                <Precinct name="Young Harris" votes="3" />
                <Precinct name="Tate City" votes="0" />
                <Precinct name="Macedonia" votes="1" />
                <Precinct name="Hiawassee" votes="1" />
            </VoteType>
        </Choice>
        <Choice key="20" text="NO" totalVotes="2153">
            <VoteType name="Election Day" votes="625">
                <Precinct name="Young Harris" votes="280" />
                <Precinct name="Tate City" votes="1" />
                <Precinct name="Macedonia" votes="204" />
                <Precinct name="Hiawassee" votes="140" />
            </VoteType>
            <VoteType name="Absentee by Mail" votes="98">
                <Precinct name="Young Harris" votes="30" />
                <Precinct name="Tate City" votes="0" />
                <Precinct name="Macedonia" votes="33" />
                <Precinct name="Hiawassee" votes="35" />
            </VoteType>
            <VoteType name="Advance in Person" votes="1428">
                <Precinct name="Young Harris" votes="433" />
                <Precinct name="Tate City" votes="3" />
                <Precinct name="Macedonia" votes="496" />
                <Precinct name="Hiawassee" votes="496" />
            </VoteType>
            <VoteType name="Provisional" votes="2">
                <Precinct name="Young Harris" votes="2" />
                <Precinct name="Tate City" votes="0" />
                <Precinct name="Macedonia" votes="0" />
                <Precinct name="Hiawassee" votes="0" />
            </VoteType>
        </Choice>
    </Contest>
    <Contest key="530" text="Constitutional Amendment #4&lt;br&gt;Dedicates revenue from existing taxes on fireworks to trauma care, fire services, and public safety." isQuestion="false" precinctsReporting="4" precinctsReported="4">
        <VoteType name="Number of Precincts for Race" votes="4">
            <Precinct name="Young Harris" votes="1" />
            <Precinct name="Tate City" votes="1" />
            <Precinct name="Macedonia" votes="1" />
            <Precinct name="Hiawassee" votes="1" />
        </VoteType>
        <VoteType name="Number of Precincts Reporting" votes="4">
            <Precinct name="Young Harris" votes="1" />
            <Precinct name="Tate City" votes="1" />
            <Precinct name="Macedonia" votes="1" />
            <Precinct name="Hiawassee" votes="1" />
        </VoteType>
        <Choice key="10" text="YES" totalVotes="5150">
            <VoteType name="Election Day" votes="1359">
                <Precinct name="Young Harris" votes="660" />
                <Precinct name="Tate City" votes="12" />
                <Precinct name="Macedonia" votes="387" />
                <Precinct name="Hiawassee" votes="300" />
            </VoteType>
            <VoteType name="Absentee by Mail" votes="332">
                <Precinct name="Young Harris" votes="109" />
                <Precinct name="Tate City" votes="2" />
                <Precinct name="Macedonia" votes="105" />
                <Precinct name="Hiawassee" votes="116" />
            </VoteType>
            <VoteType name="Advance in Person" votes="3451">
                <Precinct name="Young Harris" votes="980" />
                <Precinct name="Tate City" votes="9" />
                <Precinct name="Macedonia" votes="1200" />
                <Precinct name="Hiawassee" votes="1262" />
            </VoteType>
            <VoteType name="Provisional" votes="8">
                <Precinct name="Young Harris" votes="6" />
                <Precinct name="Tate City" votes="0" />
                <Precinct name="Macedonia" votes="1" />
                <Precinct name="Hiawassee" votes="1" />
            </VoteType>
        </Choice>
        <Choice key="20" text="NO" totalVotes="1142">
            <VoteType name="Election Day" votes="352">
                <Precinct name="Young Harris" votes="146" />
                <Precinct name="Tate City" votes="1" />
                <Precinct name="Macedonia" votes="121" />
                <Precinct name="Hiawassee" votes="84" />
            </VoteType>
            <VoteType name="Absentee by Mail" votes="41">
                <Precinct name="Young Harris" votes="9" />
                <Precinct name="Tate City" votes="0" />
                <Precinct name="Macedonia" votes="19" />
                <Precinct name="Hiawassee" votes="13" />
            </VoteType>
            <VoteType name="Advance in Person" votes="748">
                <Precinct name="Young Harris" votes="192" />
                <Precinct name="Tate City" votes="1" />
                <Precinct name="Macedonia" votes="275" />
                <Precinct name="Hiawassee" votes="280" />
            </VoteType>
            <VoteType name="Provisional" votes="1">
                <Precinct name="Young Harris" votes="1" />
                <Precinct name="Tate City" votes="0" />
                <Precinct name="Macedonia" votes="0" />
                <Precinct name="Hiawassee" votes="0" />
            </VoteType>
        </Choice>
    </Contest>
    <Contest key="550" text="Special - BOE Post 2" isQuestion="false" precinctsReporting="4" precinctsReported="4">
        <VoteType name="Number of Precincts for Race" votes="4">
            <Precinct name="Young Harris" votes="1" />
            <Precinct name="Tate City" votes="1" />
            <Precinct name="Macedonia" votes="1" />
            <Precinct name="Hiawassee" votes="1" />
        </VoteType>
        <VoteType name="Number of Precincts Reporting" votes="4">
            <Precinct name="Young Harris" votes="1" />
            <Precinct name="Tate City" votes="1" />
            <Precinct name="Macedonia" votes="1" />
            <Precinct name="Hiawassee" votes="1" />
        </VoteType>
        <Choice key="10" text="S. CHASTAIN" totalVotes="3772">
            <VoteType name="Election Day" votes="971">
                <Precinct name="Young Harris" votes="455" />
                <Precinct name="Tate City" votes="6" />
                <Precinct name="Macedonia" votes="292" />
                <Precinct name="Hiawassee" votes="218" />
            </VoteType>
            <VoteType name="Absentee by Mail" votes="223">
                <Precinct name="Young Harris" votes="69" />
                <Precinct name="Tate City" votes="0" />
                <Precinct name="Macedonia" votes="76" />
                <Precinct name="Hiawassee" votes="78" />
            </VoteType>
            <VoteType name="Advance in Person" votes="2573">
                <Precinct name="Young Harris" votes="735" />
                <Precinct name="Tate City" votes="3" />
                <Precinct name="Macedonia" votes="907" />
                <Precinct name="Hiawassee" votes="928" />
            </VoteType>
            <VoteType name="Provisional" votes="5">
                <Precinct name="Young Harris" votes="4" />
                <Precinct name="Tate City" votes="0" />
                <Precinct name="Macedonia" votes="1" />
                <Precinct name="Hiawassee" votes="0" />
            </VoteType>
        </Choice>
        <Choice key="20" text="C. HOUSER" totalVotes="1720">
            <VoteType name="Election Day" votes="535">
                <Precinct name="Young Harris" votes="234" />
                <Precinct name="Tate City" votes="3" />
                <Precinct name="Macedonia" votes="169" />
                <Precinct name="Hiawassee" votes="129" />
            </VoteType>
            <VoteType name="Absentee by Mail" votes="86">
                <Precinct name="Young Harris" votes="29" />
                <Precinct name="Tate City" votes="0" />
                <Precinct name="Macedonia" votes="29" />
                <Precinct name="Hiawassee" votes="28" />
            </VoteType>
            <VoteType name="Advance in Person" votes="1095">
                <Precinct name="Young Harris" votes="286" />
                <Precinct name="Tate City" votes="5" />
                <Precinct name="Macedonia" votes="386" />
                <Precinct name="Hiawassee" votes="418" />
            </VoteType>
            <VoteType name="Provisional" votes="4">
                <Precinct name="Young Harris" votes="3" />
                <Precinct name="Tate City" votes="0" />
                <Precinct name="Macedonia" votes="0" />
                <Precinct name="Hiawassee" votes="1" />
            </VoteType>
        </Choice>
    </Contest>
</ElectionResult>