<?xml version="1.0"?>
<!--Election result snapshot imported from Tabulation System
-->
<ElectionResult>
    <Timestamp>11/14/2016 3:51:33 PM EST</Timestamp>
    <ElectionName>November 8, 2016 - General Election</ElectionName>
    <ElectionDate>11/8/2016</ElectionDate>
    <Region>Marion</Region>
    <VoterTurnout totalVoters="4224" ballotsCast="3215" voterTurnout="76.11">
        <Precincts>
            <Precinct name="Pineknot" totalVoters="786" ballotsCast="581" voterTurnout="73.92" percentReporting="4" />
            <Precinct name="Buena Vista" totalVoters="2086" ballotsCast="1602" voterTurnout="76.80" percentReporting="4" />
            <Precinct name="Tazewell" totalVoters="301" ballotsCast="247" voterTurnout="82.06" percentReporting="4" />
            <Precinct name="Brantley" totalVoters="383" ballotsCast="306" voterTurnout="79.90" percentReporting="4" />
            <Precinct name="Ft. Perry" totalVoters="668" ballotsCast="479" voterTurnout="71.71" percentReporting="4" />
        </Precincts>
    </VoterTurnout>
    <Contest key="1" text="President of the United States" isQuestion="false" precinctsReporting="5" precinctsReported="5">
        <VoteType name="Number of Precincts for Race" votes="5">
            <Precinct name="Pineknot" votes="1" />
            <Precinct name="Buena Vista" votes="1" />
            <Precinct name="Tazewell" votes="1" />
            <Precinct name="Brantley" votes="1" />
            <Precinct name="Ft. Perry" votes="1" />
        </VoteType>
        <VoteType name="Number of Precincts Reporting" votes="5">
            <Precinct name="Pineknot" votes="1" />
            <Precinct name="Buena Vista" votes="1" />
            <Precinct name="Tazewell" votes="1" />
            <Precinct name="Brantley" votes="1" />
            <Precinct name="Ft. Perry" votes="1" />
        </VoteType>
        <Choice key="10" text="DONALD J. TRUMP" totalVotes="1921">
            <VoteType name="Election Day" votes="1089">
                <Precinct name="Pineknot" votes="363" />
                <Precinct name="Buena Vista" votes="178" />
                <Precinct name="Tazewell" votes="148" />
                <Precinct name="Brantley" votes="158" />
                <Precinct name="Ft. Perry" votes="242" />
            </VoteType>
            <VoteType name="Absentee by Mail" votes="75">
                <Precinct name="Pineknot" votes="12" />
                <Precinct name="Buena Vista" votes="29" />
                <Precinct name="Tazewell" votes="6" />
                <Precinct name="Brantley" votes="12" />
                <Precinct name="Ft. Perry" votes="16" />
            </VoteType>
            <VoteType name="Advance in Person" votes="757">
                <Precinct name="Pineknot" votes="124" />
                <Precinct name="Buena Vista" votes="395" />
                <Precinct name="Tazewell" votes="35" />
                <Precinct name="Brantley" votes="98" />
                <Precinct name="Ft. Perry" votes="105" />
            </VoteType>
            <VoteType name="Provisional" votes="0">
                <Precinct name="Pineknot" votes="0" />
                <Precinct name="Buena Vista" votes="0" />
                <Precinct name="Tazewell" votes="0" />
                <Precinct name="Brantley" votes="0" />
                <Precinct name="Ft. Perry" votes="0" />
            </VoteType>
        </Choice>
        <Choice key="20" text="HILLARY CLINTON" totalVotes="1213">
            <VoteType name="Election Day" votes="496">
                <Precinct name="Pineknot" votes="40" />
                <Precinct name="Buena Vista" votes="339" />
                <Precinct name="Tazewell" votes="36" />
                <Precinct name="Brantley" votes="14" />
                <Precinct name="Ft. Perry" votes="67" />
            </VoteType>
            <VoteType name="Absentee by Mail" votes="188">
                <Precinct name="Pineknot" votes="2" />
                <Precinct name="Buena Vista" votes="165" />
                <Precinct name="Tazewell" votes="4" />
                <Precinct name="Brantley" votes="9" />
                <Precinct name="Ft. Perry" votes="8" />
            </VoteType>
            <VoteType name="Advance in Person" votes="529">
                <Precinct name="Pineknot" votes="27" />
                <Precinct name="Buena Vista" votes="458" />
                <Precinct name="Tazewell" votes="9" />
                <Precinct name="Brantley" votes="10" />
                <Precinct name="Ft. Perry" votes="25" />
            </VoteType>
            <VoteType name="Provisional" votes="0">
                <Precinct name="Pineknot" votes="0" />
                <Precinct name="Buena Vista" votes="0" />
                <Precinct name="Tazewell" votes="0" />
                <Precinct name="Brantley" votes="0" />
                <Precinct name="Ft. Perry" votes="0" />
            </VoteType>
        </Choice>
        <Choice key="30" text="GARY JOHNSON" totalVotes="49">
            <VoteType name="Election Day" votes="22">
                <Precinct name="Pineknot" votes="5" />
                <Precinct name="Buena Vista" votes="6" />
                <Precinct name="Tazewell" votes="2" />
                <Precinct name="Brantley" votes="2" />
                <Precinct name="Ft. Perry" votes="7" />
            </VoteType>
            <VoteType name="Absentee by Mail" votes="3">
                <Precinct name="Pineknot" votes="1" />
                <Precinct name="Buena Vista" votes="1" />
                <Precinct name="Tazewell" votes="0" />
                <Precinct name="Brantley" votes="0" />
                <Precinct name="Ft. Perry" votes="1" />
            </VoteType>
            <VoteType name="Advance in Person" votes="24">
                <Precinct name="Pineknot" votes="3" />
                <Precinct name="Buena Vista" votes="13" />
                <Precinct name="Tazewell" votes="4" />
                <Precinct name="Brantley" votes="2" />
                <Precinct name="Ft. Perry" votes="2" />
            </VoteType>
            <VoteType name="Provisional" votes="0">
                <Precinct name="Pineknot" votes="0" />
                <Precinct name="Buena Vista" votes="0" />
                <Precinct name="Tazewell" votes="0" />
                <Precinct name="Brantley" votes="0" />
                <Precinct name="Ft. Perry" votes="0" />
            </VoteType>
        </Choice>
    </Contest>
    <Contest key="10" text="United States Senator, Isakson" isQuestion="false" precinctsReporting="5" precinctsReported="5">
        <VoteType name="Number of Precincts for Race" votes="5">
            <Precinct name="Pineknot" votes="1" />
            <Precinct name="Buena Vista" votes="1" />
            <Precinct name="Tazewell" votes="1" />
            <Precinct name="Brantley" votes="1" />
            <Precinct name="Ft. Perry" votes="1" />
        </VoteType>
        <VoteType name="Number of Precincts Reporting" votes="5">
            <Precinct name="Pineknot" votes="1" />
            <Precinct name="Buena Vista" votes="1" />
            <Precinct name="Tazewell" votes="1" />
            <Precinct name="Brantley" votes="1" />
            <Precinct name="Ft. Perry" votes="1" />
        </VoteType>
        <Choice key="30" text="JOHNNY ISAKSON (I)" totalVotes="1845">
            <VoteType name="Election Day" votes="1028">
                <Precinct name="Pineknot" votes="325" />
                <Precinct name="Buena Vista" votes="186" />
                <Precinct name="Tazewell" votes="145" />
                <Precinct name="Brantley" votes="151" />
                <Precinct name="Ft. Perry" votes="221" />
            </VoteType>
            <VoteType name="Absentee by Mail" votes="74">
                <Precinct name="Pineknot" votes="13" />
                <Precinct name="Buena Vista" votes="28" />
                <Precinct name="Tazewell" votes="6" />
                <Precinct name="Brantley" votes="12" />
                <Precinct name="Ft. Perry" votes="15" />
            </VoteType>
            <VoteType name="Advance in Person" votes="743">
                <Precinct name="Pineknot" votes="120" />
                <Precinct name="Buena Vista" votes="407" />
                <Precinct name="Tazewell" votes="32" />
                <Precinct name="Brantley" votes="96" />
                <Precinct name="Ft. Perry" votes="88" />
            </VoteType>
            <VoteType name="Provisional" votes="0">
                <Precinct name="Pineknot" votes="0" />
                <Precinct name="Buena Vista" votes="0" />
                <Precinct name="Tazewell" votes="0" />
                <Precinct name="Brantley" votes="0" />
                <Precinct name="Ft. Perry" votes="0" />
            </VoteType>
        </Choice>
        <Choice key="40" text="JIM BARKSDALE" totalVotes="1033">
            <VoteType name="Election Day" votes="421">
                <Precinct name="Pineknot" votes="46" />
                <Precinct name="Buena Vista" votes="283" />
                <Precinct name="Tazewell" votes="24" />
                <Precinct name="Brantley" votes="12" />
                <Precinct name="Ft. Perry" votes="56" />
            </VoteType>
            <VoteType name="Absentee by Mail" votes="172">
                <Precinct name="Pineknot" votes="1" />
                <Precinct name="Buena Vista" votes="153" />
                <Precinct name="Tazewell" votes="4" />
                <Precinct name="Brantley" votes="8" />
                <Precinct name="Ft. Perry" votes="6" />
            </VoteType>
            <VoteType name="Advance in Person" votes="440">
                <Precinct name="Pineknot" votes="25" />
                <Precinct name="Buena Vista" votes="371" />
                <Precinct name="Tazewell" votes="10" />
                <Precinct name="Brantley" votes="7" />
                <Precinct name="Ft. Perry" votes="27" />
            </VoteType>
            <VoteType name="Provisional" votes="0">
                <Precinct name="Pineknot" votes="0" />
                <Precinct name="Buena Vista" votes="0" />
                <Precinct name="Tazewell" votes="0" />
                <Precinct name="Brantley" votes="0" />
                <Precinct name="Ft. Perry" votes="0" />
            </VoteType>
        </Choice>
        <Choice key="50" text="ALLEN BUCKLEY" totalVotes="77">
            <VoteType name="Election Day" votes="47">
                <Precinct name="Pineknot" votes="11" />
                <Precinct name="Buena Vista" votes="8" />
                <Precinct name="Tazewell" votes="5" />
                <Precinct name="Brantley" votes="4" />
                <Precinct name="Ft. Perry" votes="19" />
            </VoteType>
            <VoteType name="Absentee by Mail" votes="6">
                <Precinct name="Pineknot" votes="0" />
                <Precinct name="Buena Vista" votes="3" />
                <Precinct name="Tazewell" votes="0" />
                <Precinct name="Brantley" votes="0" />
                <Precinct name="Ft. Perry" votes="3" />
            </VoteType>
            <VoteType name="Advance in Person" votes="24">
                <Precinct name="Pineknot" votes="1" />
                <Precinct name="Buena Vista" votes="12" />
                <Precinct name="Tazewell" votes="2" />
                <Precinct name="Brantley" votes="3" />
                <Precinct name="Ft. Perry" votes="6" />
            </VoteType>
            <VoteType name="Provisional" votes="0">
                <Precinct name="Pineknot" votes="0" />
                <Precinct name="Buena Vista" votes="0" />
                <Precinct name="Tazewell" votes="0" />
                <Precinct name="Brantley" votes="0" />
                <Precinct name="Ft. Perry" votes="0" />
            </VoteType>
        </Choice>
    </Contest>
    <Contest key="30" text="Public Service Commission, District 2 - Eastern" isQuestion="false" precinctsReporting="5" precinctsReported="5">
        <VoteType name="Number of Precincts for Race" votes="5">
            <Precinct name="Pineknot" votes="1" />
            <Precinct name="Buena Vista" votes="1" />
            <Precinct name="Tazewell" votes="1" />
            <Precinct name="Brantley" votes="1" />
            <Precinct name="Ft. Perry" votes="1" />
        </VoteType>
        <VoteType name="Number of Precincts Reporting" votes="5">
            <Precinct name="Pineknot" votes="1" />
            <Precinct name="Buena Vista" votes="1" />
            <Precinct name="Tazewell" votes="1" />
            <Precinct name="Brantley" votes="1" />
            <Precinct name="Ft. Perry" votes="1" />
        </VoteType>
        <Choice key="20" text="TIM ECHOLS (I)" totalVotes="1997">
            <VoteType name="Election Day" votes="1083">
                <Precinct name="Pineknot" votes="322" />
                <Precinct name="Buena Vista" votes="227" />
                <Precinct name="Tazewell" votes="150" />
                <Precinct name="Brantley" votes="148" />
                <Precinct name="Ft. Perry" votes="236" />
            </VoteType>
            <VoteType name="Absentee by Mail" votes="103">
                <Precinct name="Pineknot" votes="14" />
                <Precinct name="Buena Vista" votes="53" />
                <Precinct name="Tazewell" votes="7" />
                <Precinct name="Brantley" votes="13" />
                <Precinct name="Ft. Perry" votes="16" />
            </VoteType>
            <VoteType name="Advance in Person" votes="811">
                <Precinct name="Pineknot" votes="122" />
                <Precinct name="Buena Vista" votes="468" />
                <Precinct name="Tazewell" votes="37" />
                <Precinct name="Brantley" votes="86" />
                <Precinct name="Ft. Perry" votes="98" />
            </VoteType>
            <VoteType name="Provisional" votes="0">
                <Precinct name="Pineknot" votes="0" />
                <Precinct name="Buena Vista" votes="0" />
                <Precinct name="Tazewell" votes="0" />
                <Precinct name="Brantley" votes="0" />
                <Precinct name="Ft. Perry" votes="0" />
            </VoteType>
        </Choice>
        <Choice key="30" text="ERIC HOSKINS" totalVotes="675">
            <VoteType name="Election Day" votes="324">
                <Precinct name="Pineknot" votes="50" />
                <Precinct name="Buena Vista" votes="194" />
                <Precinct name="Tazewell" votes="18" />
                <Precinct name="Brantley" votes="17" />
                <Precinct name="Ft. Perry" votes="45" />
            </VoteType>
            <VoteType name="Absentee by Mail" votes="80">
                <Precinct name="Pineknot" votes="1" />
                <Precinct name="Buena Vista" votes="67" />
                <Precinct name="Tazewell" votes="2" />
                <Precinct name="Brantley" votes="4" />
                <Precinct name="Ft. Perry" votes="6" />
            </VoteType>
            <VoteType name="Advance in Person" votes="271">
                <Precinct name="Pineknot" votes="23" />
                <Precinct name="Buena Vista" votes="210" />
                <Precinct name="Tazewell" votes="5" />
                <Precinct name="Brantley" votes="11" />
                <Precinct name="Ft. Perry" votes="22" />
            </VoteType>
            <VoteType name="Provisional" votes="0">
                <Precinct name="Pineknot" votes="0" />
                <Precinct name="Buena Vista" votes="0" />
                <Precinct name="Tazewell" votes="0" />
                <Precinct name="Brantley" votes="0" />
                <Precinct name="Ft. Perry" votes="0" />
            </VoteType>
        </Choice>
    </Contest>
    <Contest key="50" text="U.S. Representative, District 2" isQuestion="false" precinctsReporting="5" precinctsReported="5">
        <VoteType name="Number of Precincts for Race" votes="5">
            <Precinct name="Pineknot" votes="1" />
            <Precinct name="Buena Vista" votes="1" />
            <Precinct name="Tazewell" votes="1" />
            <Precinct name="Brantley" votes="1" />
            <Precinct name="Ft. Perry" votes="1" />
        </VoteType>
        <VoteType name="Number of Precincts Reporting" votes="5">
            <Precinct name="Pineknot" votes="1" />
            <Precinct name="Buena Vista" votes="1" />
            <Precinct name="Tazewell" votes="1" />
            <Precinct name="Brantley" votes="1" />
            <Precinct name="Ft. Perry" votes="1" />
        </VoteType>
        <Choice key="10" text="GREG DUKE" totalVotes="1583">
            <VoteType name="Election Day" votes="878">
                <Precinct name="Pineknot" votes="297" />
                <Precinct name="Buena Vista" votes="150" />
                <Precinct name="Tazewell" votes="108" />
                <Precinct name="Brantley" votes="133" />
                <Precinct name="Ft. Perry" votes="190" />
            </VoteType>
            <VoteType name="Absentee by Mail" votes="57">
                <Precinct name="Pineknot" votes="9" />
                <Precinct name="Buena Vista" votes="22" />
                <Precinct name="Tazewell" votes="4" />
                <Precinct name="Brantley" votes="9" />
                <Precinct name="Ft. Perry" votes="13" />
            </VoteType>
            <VoteType name="Advance in Person" votes="648">
                <Precinct name="Pineknot" votes="103" />
                <Precinct name="Buena Vista" votes="352" />
                <Precinct name="Tazewell" votes="30" />
                <Precinct name="Brantley" votes="83" />
                <Precinct name="Ft. Perry" votes="80" />
            </VoteType>
            <VoteType name="Provisional" votes="0">
                <Precinct name="Pineknot" votes="0" />
                <Precinct name="Buena Vista" votes="0" />
                <Precinct name="Tazewell" votes="0" />
                <Precinct name="Brantley" votes="0" />
                <Precinct name="Ft. Perry" votes="0" />
            </VoteType>
        </Choice>
        <Choice key="20" text="SANFORD BISHOP (I)" totalVotes="1514">
            <VoteType name="Election Day" votes="679">
                <Precinct name="Pineknot" votes="98" />
                <Precinct name="Buena Vista" votes="361" />
                <Precinct name="Tazewell" votes="72" />
                <Precinct name="Brantley" votes="37" />
                <Precinct name="Ft. Perry" votes="111" />
            </VoteType>
            <VoteType name="Absentee by Mail" votes="204">
                <Precinct name="Pineknot" votes="6" />
                <Precinct name="Buena Vista" votes="171" />
                <Precinct name="Tazewell" votes="6" />
                <Precinct name="Brantley" votes="11" />
                <Precinct name="Ft. Perry" votes="10" />
            </VoteType>
            <VoteType name="Advance in Person" votes="631">
                <Precinct name="Pineknot" votes="49" />
                <Precinct name="Buena Vista" votes="492" />
                <Precinct name="Tazewell" votes="16" />
                <Precinct name="Brantley" votes="24" />
                <Precinct name="Ft. Perry" votes="50" />
            </VoteType>
            <VoteType name="Provisional" votes="0">
                <Precinct name="Pineknot" votes="0" />
                <Precinct name="Buena Vista" votes="0" />
                <Precinct name="Tazewell" votes="0" />
                <Precinct name="Brantley" votes="0" />
                <Precinct name="Ft. Perry" votes="0" />
            </VoteType>
        </Choice>
    </Contest>
    <Contest key="80" text="State Senator, District 15" isQuestion="false" precinctsReporting="5" precinctsReported="5">
        <VoteType name="Number of Precincts for Race" votes="5">
            <Precinct name="Pineknot" votes="1" />
            <Precinct name="Buena Vista" votes="1" />
            <Precinct name="Tazewell" votes="1" />
            <Precinct name="Brantley" votes="1" />
            <Precinct name="Ft. Perry" votes="1" />
        </VoteType>
        <VoteType name="Number of Precincts Reporting" votes="5">
            <Precinct name="Pineknot" votes="1" />
            <Precinct name="Buena Vista" votes="1" />
            <Precinct name="Tazewell" votes="1" />
            <Precinct name="Brantley" votes="1" />
            <Precinct name="Ft. Perry" votes="1" />
        </VoteType>
        <Choice key="10" text="ED HARBISON (I)" totalVotes="2261">
            <VoteType name="Election Day" votes="1130">
                <Precinct name="Pineknot" votes="248" />
                <Precinct name="Buena Vista" votes="427" />
                <Precinct name="Tazewell" votes="126" />
                <Precinct name="Brantley" votes="106" />
                <Precinct name="Ft. Perry" votes="223" />
            </VoteType>
            <VoteType name="Absentee by Mail" votes="213">
                <Precinct name="Pineknot" votes="11" />
                <Precinct name="Buena Vista" votes="162" />
                <Precinct name="Tazewell" votes="9" />
                <Precinct name="Brantley" votes="16" />
                <Precinct name="Ft. Perry" votes="15" />
            </VoteType>
            <VoteType name="Advance in Person" votes="918">
                <Precinct name="Pineknot" votes="104" />
                <Precinct name="Buena Vista" votes="631" />
                <Precinct name="Tazewell" votes="29" />
                <Precinct name="Brantley" votes="60" />
                <Precinct name="Ft. Perry" votes="94" />
            </VoteType>
            <VoteType name="Provisional" votes="0">
                <Precinct name="Pineknot" votes="0" />
                <Precinct name="Buena Vista" votes="0" />
                <Precinct name="Tazewell" votes="0" />
                <Precinct name="Brantley" votes="0" />
                <Precinct name="Ft. Perry" votes="0" />
            </VoteType>
        </Choice>
    </Contest>
    <Contest key="90" text="State Representative, District 138" isQuestion="false" precinctsReporting="5" precinctsReported="5">
        <VoteType name="Number of Precincts for Race" votes="5">
            <Precinct name="Pineknot" votes="1" />
            <Precinct name="Buena Vista" votes="1" />
            <Precinct name="Tazewell" votes="1" />
            <Precinct name="Brantley" votes="1" />
            <Precinct name="Ft. Perry" votes="1" />
        </VoteType>
        <VoteType name="Number of Precincts Reporting" votes="5">
            <Precinct name="Pineknot" votes="1" />
            <Precinct name="Buena Vista" votes="1" />
            <Precinct name="Tazewell" votes="1" />
            <Precinct name="Brantley" votes="1" />
            <Precinct name="Ft. Perry" votes="1" />
        </VoteType>
        <Choice key="10" text="MIKE CHEOKAS (I)" totalVotes="1904">
            <VoteType name="Election Day" votes="1066">
                <Precinct name="Pineknot" votes="338" />
                <Precinct name="Buena Vista" votes="208" />
                <Precinct name="Tazewell" votes="139" />
                <Precinct name="Brantley" votes="150" />
                <Precinct name="Ft. Perry" votes="231" />
            </VoteType>
            <VoteType name="Absentee by Mail" votes="87">
                <Precinct name="Pineknot" votes="14" />
                <Precinct name="Buena Vista" votes="38" />
                <Precinct name="Tazewell" votes="4" />
                <Precinct name="Brantley" votes="14" />
                <Precinct name="Ft. Perry" votes="17" />
            </VoteType>
            <VoteType name="Advance in Person" votes="751">
                <Precinct name="Pineknot" votes="119" />
                <Precinct name="Buena Vista" votes="416" />
                <Precinct name="Tazewell" votes="29" />
                <Precinct name="Brantley" votes="89" />
                <Precinct name="Ft. Perry" votes="98" />
            </VoteType>
            <VoteType name="Provisional" votes="0">
                <Precinct name="Pineknot" votes="0" />
                <Precinct name="Buena Vista" votes="0" />
                <Precinct name="Tazewell" votes="0" />
                <Precinct name="Brantley" votes="0" />
                <Precinct name="Ft. Perry" votes="0" />
            </VoteType>
        </Choice>
        <Choice key="20" text="BILL MCGOWAN" totalVotes="1169">
            <VoteType name="Election Day" votes="497">
                <Precinct name="Pineknot" votes="59" />
                <Precinct name="Buena Vista" votes="300" />
                <Precinct name="Tazewell" votes="45" />
                <Precinct name="Brantley" votes="19" />
                <Precinct name="Ft. Perry" votes="74" />
            </VoteType>
            <VoteType name="Absentee by Mail" votes="168">
                <Precinct name="Pineknot" votes="0" />
                <Precinct name="Buena Vista" votes="148" />
                <Precinct name="Tazewell" votes="6" />
                <Precinct name="Brantley" votes="7" />
                <Precinct name="Ft. Perry" votes="7" />
            </VoteType>
            <VoteType name="Advance in Person" votes="504">
                <Precinct name="Pineknot" votes="30" />
                <Precinct name="Buena Vista" votes="411" />
                <Precinct name="Tazewell" votes="17" />
                <Precinct name="Brantley" votes="18" />
                <Precinct name="Ft. Perry" votes="28" />
            </VoteType>
            <VoteType name="Provisional" votes="0">
                <Precinct name="Pineknot" votes="0" />
                <Precinct name="Buena Vista" votes="0" />
                <Precinct name="Tazewell" votes="0" />
                <Precinct name="Brantley" votes="0" />
                <Precinct name="Ft. Perry" votes="0" />
            </VoteType>
        </Choice>
    </Contest>
    <Contest key="120" text="District Attorney, Chattahoochee Circuit" isQuestion="false" precinctsReporting="5" precinctsReported="5">
        <VoteType name="Number of Precincts for Race" votes="5">
            <Precinct name="Pineknot" votes="1" />
            <Precinct name="Buena Vista" votes="1" />
            <Precinct name="Tazewell" votes="1" />
            <Precinct name="Brantley" votes="1" />
            <Precinct name="Ft. Perry" votes="1" />
        </VoteType>
        <VoteType name="Number of Precincts Reporting" votes="5">
            <Precinct name="Pineknot" votes="1" />
            <Precinct name="Buena Vista" votes="1" />
            <Precinct name="Tazewell" votes="1" />
            <Precinct name="Brantley" votes="1" />
            <Precinct name="Ft. Perry" votes="1" />
        </VoteType>
        <Choice key="10" text="JULIA  SLATER (I)" totalVotes="2382">
            <VoteType name="Election Day" votes="1191">
                <Precinct name="Pineknot" votes="279" />
                <Precinct name="Buena Vista" votes="431" />
                <Precinct name="Tazewell" votes="137" />
                <Precinct name="Brantley" votes="115" />
                <Precinct name="Ft. Perry" votes="229" />
            </VoteType>
            <VoteType name="Absentee by Mail" votes="208">
                <Precinct name="Pineknot" votes="11" />
                <Precinct name="Buena Vista" votes="156" />
                <Precinct name="Tazewell" votes="9" />
                <Precinct name="Brantley" votes="16" />
                <Precinct name="Ft. Perry" votes="16" />
            </VoteType>
            <VoteType name="Advance in Person" votes="983">
                <Precinct name="Pineknot" votes="114" />
                <Precinct name="Buena Vista" votes="664" />
                <Precinct name="Tazewell" votes="33" />
                <Precinct name="Brantley" votes="69" />
                <Precinct name="Ft. Perry" votes="103" />
            </VoteType>
            <VoteType name="Provisional" votes="0">
                <Precinct name="Pineknot" votes="0" />
                <Precinct name="Buena Vista" votes="0" />
                <Precinct name="Tazewell" votes="0" />
                <Precinct name="Brantley" votes="0" />
                <Precinct name="Ft. Perry" votes="0" />
            </VoteType>
        </Choice>
    </Contest>
    <Contest key="160" text="CLERK, SUPERIOR COURT" isQuestion="false" precinctsReporting="5" precinctsReported="5">
        <VoteType name="Number of Precincts for Race" votes="5">
            <Precinct name="Pineknot" votes="1" />
            <Precinct name="Buena Vista" votes="1" />
            <Precinct name="Tazewell" votes="1" />
            <Precinct name="Brantley" votes="1" />
            <Precinct name="Ft. Perry" votes="1" />
        </VoteType>
        <VoteType name="Number of Precincts Reporting" votes="5">
            <Precinct name="Pineknot" votes="1" />
            <Precinct name="Buena Vista" votes="1" />
            <Precinct name="Tazewell" votes="1" />
            <Precinct name="Brantley" votes="1" />
            <Precinct name="Ft. Perry" votes="1" />
        </VoteType>
        <Choice key="10" text="J. SMITH (I) D" totalVotes="2628">
            <VoteType name="Election Day" votes="1323">
                <Precinct name="Pineknot" votes="322" />
                <Precinct name="Buena Vista" votes="448" />
                <Precinct name="Tazewell" votes="163" />
                <Precinct name="Brantley" votes="139" />
                <Precinct name="Ft. Perry" votes="251" />
            </VoteType>
            <VoteType name="Absentee by Mail" votes="219">
                <Precinct name="Pineknot" votes="11" />
                <Precinct name="Buena Vista" votes="160" />
                <Precinct name="Tazewell" votes="8" />
                <Precinct name="Brantley" votes="20" />
                <Precinct name="Ft. Perry" votes="20" />
            </VoteType>
            <VoteType name="Advance in Person" votes="1086">
                <Precinct name="Pineknot" votes="125" />
                <Precinct name="Buena Vista" votes="737" />
                <Precinct name="Tazewell" votes="43" />
                <Precinct name="Brantley" votes="79" />
                <Precinct name="Ft. Perry" votes="102" />
            </VoteType>
            <VoteType name="Provisional" votes="0">
                <Precinct name="Pineknot" votes="0" />
                <Precinct name="Buena Vista" votes="0" />
                <Precinct name="Tazewell" votes="0" />
                <Precinct name="Brantley" votes="0" />
                <Precinct name="Ft. Perry" votes="0" />
            </VoteType>
        </Choice>
    </Contest>
    <Contest key="170" text="SHERIFF" isQuestion="false" precinctsReporting="5" precinctsReported="5">
        <VoteType name="Number of Precincts for Race" votes="5">
            <Precinct name="Pineknot" votes="1" />
            <Precinct name="Buena Vista" votes="1" />
            <Precinct name="Tazewell" votes="1" />
            <Precinct name="Brantley" votes="1" />
            <Precinct name="Ft. Perry" votes="1" />
        </VoteType>
        <VoteType name="Number of Precincts Reporting" votes="5">
            <Precinct name="Pineknot" votes="1" />
            <Precinct name="Buena Vista" votes="1" />
            <Precinct name="Tazewell" votes="1" />
            <Precinct name="Brantley" votes="1" />
            <Precinct name="Ft. Perry" votes="1" />
        </VoteType>
        <Choice key="30" text="E. IVEY (R)" totalVotes="1128">
            <VoteType name="Election Day" votes="606">
                <Precinct name="Pineknot" votes="183" />
                <Precinct name="Buena Vista" votes="133" />
                <Precinct name="Tazewell" votes="70" />
                <Precinct name="Brantley" votes="83" />
                <Precinct name="Ft. Perry" votes="137" />
            </VoteType>
            <VoteType name="Absentee by Mail" votes="51">
                <Precinct name="Pineknot" votes="7" />
                <Precinct name="Buena Vista" votes="18" />
                <Precinct name="Tazewell" votes="6" />
                <Precinct name="Brantley" votes="12" />
                <Precinct name="Ft. Perry" votes="8" />
            </VoteType>
            <VoteType name="Advance in Person" votes="471">
                <Precinct name="Pineknot" votes="64" />
                <Precinct name="Buena Vista" votes="271" />
                <Precinct name="Tazewell" votes="20" />
                <Precinct name="Brantley" votes="57" />
                <Precinct name="Ft. Perry" votes="59" />
            </VoteType>
            <VoteType name="Provisional" votes="0">
                <Precinct name="Pineknot" votes="0" />
                <Precinct name="Buena Vista" votes="0" />
                <Precinct name="Tazewell" votes="0" />
                <Precinct name="Brantley" votes="0" />
                <Precinct name="Ft. Perry" votes="0" />
            </VoteType>
        </Choice>
        <Choice key="40" text="D. NEAL (I) D" totalVotes="2028">
            <VoteType name="Election Day" votes="1001">
                <Precinct name="Pineknot" votes="226" />
                <Precinct name="Buena Vista" votes="392" />
                <Precinct name="Tazewell" votes="115" />
                <Precinct name="Brantley" votes="90" />
                <Precinct name="Ft. Perry" votes="178" />
            </VoteType>
            <VoteType name="Absentee by Mail" votes="203">
                <Precinct name="Pineknot" votes="8" />
                <Precinct name="Buena Vista" votes="168" />
                <Precinct name="Tazewell" votes="4" />
                <Precinct name="Brantley" votes="9" />
                <Precinct name="Ft. Perry" votes="14" />
            </VoteType>
            <VoteType name="Advance in Person" votes="824">
                <Precinct name="Pineknot" votes="87" />
                <Precinct name="Buena Vista" votes="584" />
                <Precinct name="Tazewell" votes="28" />
                <Precinct name="Brantley" votes="53" />
                <Precinct name="Ft. Perry" votes="72" />
            </VoteType>
            <VoteType name="Provisional" votes="0">
                <Precinct name="Pineknot" votes="0" />
                <Precinct name="Buena Vista" votes="0" />
                <Precinct name="Tazewell" votes="0" />
                <Precinct name="Brantley" votes="0" />
                <Precinct name="Ft. Perry" votes="0" />
            </VoteType>
        </Choice>
    </Contest>
    <Contest key="200" text="TAX COMMISSIONER" isQuestion="false" precinctsReporting="5" precinctsReported="5">
        <VoteType name="Number of Precincts for Race" votes="5">
            <Precinct name="Pineknot" votes="1" />
            <Precinct name="Buena Vista" votes="1" />
            <Precinct name="Tazewell" votes="1" />
            <Precinct name="Brantley" votes="1" />
            <Precinct name="Ft. Perry" votes="1" />
        </VoteType>
        <VoteType name="Number of Precincts Reporting" votes="5">
            <Precinct name="Pineknot" votes="1" />
            <Precinct name="Buena Vista" votes="1" />
            <Precinct name="Tazewell" votes="1" />
            <Precinct name="Brantley" votes="1" />
            <Precinct name="Ft. Perry" votes="1" />
        </VoteType>
        <Choice key="10" text="P. E. GIBSON (I) D" totalVotes="2728">
            <VoteType name="Election Day" votes="1369">
                <Precinct name="Pineknot" votes="338" />
                <Precinct name="Buena Vista" votes="456" />
                <Precinct name="Tazewell" votes="166" />
                <Precinct name="Brantley" votes="144" />
                <Precinct name="Ft. Perry" votes="265" />
            </VoteType>
            <VoteType name="Absentee by Mail" votes="220">
                <Precinct name="Pineknot" votes="14" />
                <Precinct name="Buena Vista" votes="157" />
                <Precinct name="Tazewell" votes="8" />
                <Precinct name="Brantley" votes="20" />
                <Precinct name="Ft. Perry" votes="21" />
            </VoteType>
            <VoteType name="Advance in Person" votes="1139">
                <Precinct name="Pineknot" votes="132" />
                <Precinct name="Buena Vista" votes="759" />
                <Precinct name="Tazewell" votes="43" />
                <Precinct name="Brantley" votes="92" />
                <Precinct name="Ft. Perry" votes="113" />
            </VoteType>
            <VoteType name="Provisional" votes="0">
                <Precinct name="Pineknot" votes="0" />
                <Precinct name="Buena Vista" votes="0" />
                <Precinct name="Tazewell" votes="0" />
                <Precinct name="Brantley" votes="0" />
                <Precinct name="Ft. Perry" votes="0" />
            </VoteType>
        </Choice>
    </Contest>
    <Contest key="210" text="CORONER" isQuestion="false" precinctsReporting="5" precinctsReported="5">
        <VoteType name="Number of Precincts for Race" votes="5">
            <Precinct name="Pineknot" votes="1" />
            <Precinct name="Buena Vista" votes="1" />
            <Precinct name="Tazewell" votes="1" />
            <Precinct name="Brantley" votes="1" />
            <Precinct name="Ft. Perry" votes="1" />
        </VoteType>
        <VoteType name="Number of Precincts Reporting" votes="5">
            <Precinct name="Pineknot" votes="1" />
            <Precinct name="Buena Vista" votes="1" />
            <Precinct name="Tazewell" votes="1" />
            <Precinct name="Brantley" votes="1" />
            <Precinct name="Ft. Perry" votes="1" />
        </VoteType>
        <Choice key="10" text="J. RODEHEAVER (R)" totalVotes="1576">
            <VoteType name="Election Day" votes="912">
                <Precinct name="Pineknot" votes="309" />
                <Precinct name="Buena Vista" votes="164" />
                <Precinct name="Tazewell" votes="123" />
                <Precinct name="Brantley" votes="122" />
                <Precinct name="Ft. Perry" votes="194" />
            </VoteType>
            <VoteType name="Absentee by Mail" votes="73">
                <Precinct name="Pineknot" votes="12" />
                <Precinct name="Buena Vista" votes="31" />
                <Precinct name="Tazewell" votes="4" />
                <Precinct name="Brantley" votes="10" />
                <Precinct name="Ft. Perry" votes="16" />
            </VoteType>
            <VoteType name="Advance in Person" votes="591">
                <Precinct name="Pineknot" votes="106" />
                <Precinct name="Buena Vista" votes="294" />
                <Precinct name="Tazewell" votes="32" />
                <Precinct name="Brantley" votes="83" />
                <Precinct name="Ft. Perry" votes="76" />
            </VoteType>
            <VoteType name="Provisional" votes="0">
                <Precinct name="Pineknot" votes="0" />
                <Precinct name="Buena Vista" votes="0" />
                <Precinct name="Tazewell" votes="0" />
                <Precinct name="Brantley" votes="0" />
                <Precinct name="Ft. Perry" votes="0" />
            </VoteType>
        </Choice>
        <Choice key="20" text="T. L. WELCH (D)" totalVotes="1429">
            <VoteType name="Election Day" votes="609">
                <Precinct name="Pineknot" votes="80" />
                <Precinct name="Buena Vista" votes="328" />
                <Precinct name="Tazewell" votes="57" />
                <Precinct name="Brantley" votes="45" />
                <Precinct name="Ft. Perry" votes="99" />
            </VoteType>
            <VoteType name="Absentee by Mail" votes="178">
                <Precinct name="Pineknot" votes="3" />
                <Precinct name="Buena Vista" votes="153" />
                <Precinct name="Tazewell" votes="6" />
                <Precinct name="Brantley" votes="11" />
                <Precinct name="Ft. Perry" votes="5" />
            </VoteType>
            <VoteType name="Advance in Person" votes="642">
                <Precinct name="Pineknot" votes="36" />
                <Precinct name="Buena Vista" votes="520" />
                <Precinct name="Tazewell" votes="14" />
                <Precinct name="Brantley" votes="23" />
                <Precinct name="Ft. Perry" votes="49" />
            </VoteType>
            <VoteType name="Provisional" votes="0">
                <Precinct name="Pineknot" votes="0" />
                <Precinct name="Buena Vista" votes="0" />
                <Precinct name="Tazewell" votes="0" />
                <Precinct name="Brantley" votes="0" />
                <Precinct name="Ft. Perry" votes="0" />
            </VoteType>
        </Choice>
    </Contest>
    <Contest key="223" text="JUDGE, PROBATE/MAGISTRATE" isQuestion="false" precinctsReporting="5" precinctsReported="5">
        <VoteType name="Number of Precincts for Race" votes="5">
            <Precinct name="Pineknot" votes="1" />
            <Precinct name="Buena Vista" votes="1" />
            <Precinct name="Tazewell" votes="1" />
            <Precinct name="Brantley" votes="1" />
            <Precinct name="Ft. Perry" votes="1" />
        </VoteType>
        <VoteType name="Number of Precincts Reporting" votes="5">
            <Precinct name="Pineknot" votes="1" />
            <Precinct name="Buena Vista" votes="1" />
            <Precinct name="Tazewell" votes="1" />
            <Precinct name="Brantley" votes="1" />
            <Precinct name="Ft. Perry" votes="1" />
        </VoteType>
        <Choice key="10" text="H. I. STUART (I) R" totalVotes="2237">
            <VoteType name="Election Day" votes="1170">
                <Precinct name="Pineknot" votes="346" />
                <Precinct name="Buena Vista" votes="270" />
                <Precinct name="Tazewell" votes="163" />
                <Precinct name="Brantley" votes="148" />
                <Precinct name="Ft. Perry" votes="243" />
            </VoteType>
            <VoteType name="Absentee by Mail" votes="129">
                <Precinct name="Pineknot" votes="13" />
                <Precinct name="Buena Vista" votes="75" />
                <Precinct name="Tazewell" votes="6" />
                <Precinct name="Brantley" votes="17" />
                <Precinct name="Ft. Perry" votes="18" />
            </VoteType>
            <VoteType name="Advance in Person" votes="938">
                <Precinct name="Pineknot" votes="126" />
                <Precinct name="Buena Vista" votes="571" />
                <Precinct name="Tazewell" votes="42" />
                <Precinct name="Brantley" votes="100" />
                <Precinct name="Ft. Perry" votes="99" />
            </VoteType>
            <VoteType name="Provisional" votes="0">
                <Precinct name="Pineknot" votes="0" />
                <Precinct name="Buena Vista" votes="0" />
                <Precinct name="Tazewell" votes="0" />
                <Precinct name="Brantley" votes="0" />
                <Precinct name="Ft. Perry" votes="0" />
            </VoteType>
        </Choice>
        <Choice key="20" text="K. T. BROWN (D)" totalVotes="879">
            <VoteType name="Election Day" votes="409">
                <Precinct name="Pineknot" votes="54" />
                <Precinct name="Buena Vista" votes="251" />
                <Precinct name="Tazewell" votes="22" />
                <Precinct name="Brantley" votes="24" />
                <Precinct name="Ft. Perry" votes="58" />
            </VoteType>
            <VoteType name="Absentee by Mail" votes="127">
                <Precinct name="Pineknot" votes="2" />
                <Precinct name="Buena Vista" votes="112" />
                <Precinct name="Tazewell" votes="3" />
                <Precinct name="Brantley" votes="4" />
                <Precinct name="Ft. Perry" votes="6" />
            </VoteType>
            <VoteType name="Advance in Person" votes="343">
                <Precinct name="Pineknot" votes="23" />
                <Precinct name="Buena Vista" votes="275" />
                <Precinct name="Tazewell" votes="5" />
                <Precinct name="Brantley" votes="9" />
                <Precinct name="Ft. Perry" votes="31" />
            </VoteType>
            <VoteType name="Provisional" votes="0">
                <Precinct name="Pineknot" votes="0" />
                <Precinct name="Buena Vista" votes="0" />
                <Precinct name="Tazewell" votes="0" />
                <Precinct name="Brantley" votes="0" />
                <Precinct name="Ft. Perry" votes="0" />
            </VoteType>
        </Choice>
    </Contest>
    <Contest key="230" text="CC, AT LARGE" isQuestion="false" precinctsReporting="5" precinctsReported="5">
        <VoteType name="Number of Precincts for Race" votes="5">
            <Precinct name="Pineknot" votes="1" />
            <Precinct name="Buena Vista" votes="1" />
            <Precinct name="Tazewell" votes="1" />
            <Precinct name="Brantley" votes="1" />
            <Precinct name="Ft. Perry" votes="1" />
        </VoteType>
        <VoteType name="Number of Precincts Reporting" votes="5">
            <Precinct name="Pineknot" votes="1" />
            <Precinct name="Buena Vista" votes="1" />
            <Precinct name="Tazewell" votes="1" />
            <Precinct name="Brantley" votes="1" />
            <Precinct name="Ft. Perry" votes="1" />
        </VoteType>
        <Choice key="10" text="J. KEYT (R)" totalVotes="1023">
            <VoteType name="Election Day" votes="594">
                <Precinct name="Pineknot" votes="232" />
                <Precinct name="Buena Vista" votes="83" />
                <Precinct name="Tazewell" votes="48" />
                <Precinct name="Brantley" votes="77" />
                <Precinct name="Ft. Perry" votes="154" />
            </VoteType>
            <VoteType name="Absentee by Mail" votes="59">
                <Precinct name="Pineknot" votes="7" />
                <Precinct name="Buena Vista" votes="31" />
                <Precinct name="Tazewell" votes="2" />
                <Precinct name="Brantley" votes="4" />
                <Precinct name="Ft. Perry" votes="15" />
            </VoteType>
            <VoteType name="Advance in Person" votes="370">
                <Precinct name="Pineknot" votes="87" />
                <Precinct name="Buena Vista" votes="152" />
                <Precinct name="Tazewell" votes="11" />
                <Precinct name="Brantley" votes="42" />
                <Precinct name="Ft. Perry" votes="78" />
            </VoteType>
            <VoteType name="Provisional" votes="0">
                <Precinct name="Pineknot" votes="0" />
                <Precinct name="Buena Vista" votes="0" />
                <Precinct name="Tazewell" votes="0" />
                <Precinct name="Brantley" votes="0" />
                <Precinct name="Ft. Perry" votes="0" />
            </VoteType>
        </Choice>
        <Choice key="20" text="S. YOUNG (I) D" totalVotes="2022">
            <VoteType name="Election Day" votes="945">
                <Precinct name="Pineknot" votes="159" />
                <Precinct name="Buena Vista" votes="413" />
                <Precinct name="Tazewell" votes="134" />
                <Precinct name="Brantley" votes="96" />
                <Precinct name="Ft. Perry" votes="143" />
            </VoteType>
            <VoteType name="Absentee by Mail" votes="192">
                <Precinct name="Pineknot" votes="8" />
                <Precinct name="Buena Vista" votes="153" />
                <Precinct name="Tazewell" votes="6" />
                <Precinct name="Brantley" votes="17" />
                <Precinct name="Ft. Perry" votes="8" />
            </VoteType>
            <VoteType name="Advance in Person" votes="885">
                <Precinct name="Pineknot" votes="63" />
                <Precinct name="Buena Vista" votes="671" />
                <Precinct name="Tazewell" votes="36" />
                <Precinct name="Brantley" votes="65" />
                <Precinct name="Ft. Perry" votes="50" />
            </VoteType>
            <VoteType name="Provisional" votes="0">
                <Precinct name="Pineknot" votes="0" />
                <Precinct name="Buena Vista" votes="0" />
                <Precinct name="Tazewell" votes="0" />
                <Precinct name="Brantley" votes="0" />
                <Precinct name="Ft. Perry" votes="0" />
            </VoteType>
        </Choice>
    </Contest>
    <Contest key="250" text="CC, D1" isQuestion="false" precinctsReporting="2" precinctsReported="2">
        <VoteType name="Number of Precincts for Race" votes="2">
            <Precinct name="Buena Vista" votes="1" />
            <Precinct name="Brantley" votes="1" />
        </VoteType>
        <VoteType name="Number of Precincts Reporting" votes="2">
            <Precinct name="Buena Vista" votes="1" />
            <Precinct name="Brantley" votes="1" />
        </VoteType>
        <Choice key="10" text="N. ROYAL (I) D" totalVotes="582">
            <VoteType name="Election Day" votes="186">
                <Precinct name="Buena Vista" votes="175" />
                <Precinct name="Brantley" votes="11" />
            </VoteType>
            <VoteType name="Absentee by Mail" votes="90">
                <Precinct name="Buena Vista" votes="83" />
                <Precinct name="Brantley" votes="7" />
            </VoteType>
            <VoteType name="Advance in Person" votes="306">
                <Precinct name="Buena Vista" votes="298" />
                <Precinct name="Brantley" votes="8" />
            </VoteType>
            <VoteType name="Provisional" votes="0">
                <Precinct name="Buena Vista" votes="0" />
                <Precinct name="Brantley" votes="0" />
            </VoteType>
        </Choice>
    </Contest>
    <Contest key="260" text="CC, D4" isQuestion="false" precinctsReporting="1" precinctsReported="1">
        <VoteType name="Number of Precincts for Race" votes="1">
            <Precinct name="Buena Vista" votes="1" />
        </VoteType>
        <VoteType name="Number of Precincts Reporting" votes="1">
            <Precinct name="Buena Vista" votes="1" />
        </VoteType>
        <Choice key="10" text="G. NEAL, JR (I) D" totalVotes="644">
            <VoteType name="Election Day" votes="241">
                <Precinct name="Buena Vista" votes="241" />
            </VoteType>
            <VoteType name="Absentee by Mail" votes="77">
                <Precinct name="Buena Vista" votes="77" />
            </VoteType>
            <VoteType name="Advance in Person" votes="326">
                <Precinct name="Buena Vista" votes="326" />
            </VoteType>
            <VoteType name="Provisional" votes="0">
                <Precinct name="Buena Vista" votes="0" />
            </VoteType>
        </Choice>
    </Contest>
    <Contest key="270" text="SOIL AND WATER" isQuestion="false" precinctsReporting="5" precinctsReported="5">
        <VoteType name="Number of Precincts for Race" votes="5">
            <Precinct name="Pineknot" votes="1" />
            <Precinct name="Buena Vista" votes="1" />
            <Precinct name="Tazewell" votes="1" />
            <Precinct name="Brantley" votes="1" />
            <Precinct name="Ft. Perry" votes="1" />
        </VoteType>
        <VoteType name="Number of Precincts Reporting" votes="5">
            <Precinct name="Pineknot" votes="1" />
            <Precinct name="Buena Vista" votes="1" />
            <Precinct name="Tazewell" votes="1" />
            <Precinct name="Brantley" votes="1" />
            <Precinct name="Ft. Perry" votes="1" />
        </VoteType>
        <Choice key="10" text="J. S. WELLS (I)" totalVotes="2701">
            <VoteType name="Election Day" votes="1372">
                <Precinct name="Pineknot" votes="353" />
                <Precinct name="Buena Vista" votes="439" />
                <Precinct name="Tazewell" votes="167" />
                <Precinct name="Brantley" votes="151" />
                <Precinct name="Ft. Perry" votes="262" />
            </VoteType>
            <VoteType name="Absentee by Mail" votes="208">
                <Precinct name="Pineknot" votes="11" />
                <Precinct name="Buena Vista" votes="151" />
                <Precinct name="Tazewell" votes="9" />
                <Precinct name="Brantley" votes="19" />
                <Precinct name="Ft. Perry" votes="18" />
            </VoteType>
            <VoteType name="Advance in Person" votes="1121">
                <Precinct name="Pineknot" votes="134" />
                <Precinct name="Buena Vista" votes="733" />
                <Precinct name="Tazewell" votes="45" />
                <Precinct name="Brantley" votes="97" />
                <Precinct name="Ft. Perry" votes="112" />
            </VoteType>
            <VoteType name="Provisional" votes="0">
                <Precinct name="Pineknot" votes="0" />
                <Precinct name="Buena Vista" votes="0" />
                <Precinct name="Tazewell" votes="0" />
                <Precinct name="Brantley" votes="0" />
                <Precinct name="Ft. Perry" votes="0" />
            </VoteType>
        </Choice>
    </Contest>
    <Contest key="280" text="Constitutional Amendment #1&lt;br&gt;Provides greater flexibility and state accountability to fix failing schools through increasing community involvement." isQuestion="false" precinctsReporting="5" precinctsReported="5">
        <VoteType name="Number of Precincts for Race" votes="5">
            <Precinct name="Pineknot" votes="1" />
            <Precinct name="Buena Vista" votes="1" />
            <Precinct name="Tazewell" votes="1" />
            <Precinct name="Brantley" votes="1" />
            <Precinct name="Ft. Perry" votes="1" />
        </VoteType>
        <VoteType name="Number of Precincts Reporting" votes="5">
            <Precinct name="Pineknot" votes="1" />
            <Precinct name="Buena Vista" votes="1" />
            <Precinct name="Tazewell" votes="1" />
            <Precinct name="Brantley" votes="1" />
            <Precinct name="Ft. Perry" votes="1" />
        </VoteType>
        <Choice key="10" text="YES" totalVotes="1309">
            <VoteType name="Election Day" votes="637">
                <Precinct name="Pineknot" votes="180" />
                <Precinct name="Buena Vista" votes="204" />
                <Precinct name="Tazewell" votes="52" />
                <Precinct name="Brantley" votes="60" />
                <Precinct name="Ft. Perry" votes="141" />
            </VoteType>
            <VoteType name="Absentee by Mail" votes="111">
                <Precinct name="Pineknot" votes="8" />
                <Precinct name="Buena Vista" votes="76" />
                <Precinct name="Tazewell" votes="4" />
                <Precinct name="Brantley" votes="8" />
                <Precinct name="Ft. Perry" votes="15" />
            </VoteType>
            <VoteType name="Advance in Person" votes="561">
                <Precinct name="Pineknot" votes="72" />
                <Precinct name="Buena Vista" votes="352" />
                <Precinct name="Tazewell" votes="21" />
                <Precinct name="Brantley" votes="45" />
                <Precinct name="Ft. Perry" votes="71" />
            </VoteType>
            <VoteType name="Provisional" votes="0">
                <Precinct name="Pineknot" votes="0" />
                <Precinct name="Buena Vista" votes="0" />
                <Precinct name="Tazewell" votes="0" />
                <Precinct name="Brantley" votes="0" />
                <Precinct name="Ft. Perry" votes="0" />
            </VoteType>
        </Choice>
        <Choice key="20" text="NO" totalVotes="1730">
            <VoteType name="Election Day" votes="910">
                <Precinct name="Pineknot" votes="215" />
                <Precinct name="Buena Vista" votes="292" />
                <Precinct name="Tazewell" votes="127" />
                <Precinct name="Brantley" votes="110" />
                <Precinct name="Ft. Perry" votes="166" />
            </VoteType>
            <VoteType name="Absentee by Mail" votes="127">
                <Precinct name="Pineknot" votes="7" />
                <Precinct name="Buena Vista" votes="99" />
                <Precinct name="Tazewell" votes="4" />
                <Precinct name="Brantley" votes="9" />
                <Precinct name="Ft. Perry" votes="8" />
            </VoteType>
            <VoteType name="Advance in Person" votes="693">
                <Precinct name="Pineknot" votes="75" />
                <Precinct name="Buena Vista" votes="472" />
                <Precinct name="Tazewell" votes="26" />
                <Precinct name="Brantley" votes="63" />
                <Precinct name="Ft. Perry" votes="57" />
            </VoteType>
            <VoteType name="Provisional" votes="0">
                <Precinct name="Pineknot" votes="0" />
                <Precinct name="Buena Vista" votes="0" />
                <Precinct name="Tazewell" votes="0" />
                <Precinct name="Brantley" votes="0" />
                <Precinct name="Ft. Perry" votes="0" />
            </VoteType>
        </Choice>
    </Contest>
    <Contest key="290" text="Constitutional Amendment #2&lt;br&gt;Authorizes penalties for sexual exploitation and assessments on adult entertainment to fund child victims' services." isQuestion="false" precinctsReporting="5" precinctsReported="5">
        <VoteType name="Number of Precincts for Race" votes="5">
            <Precinct name="Pineknot" votes="1" />
            <Precinct name="Buena Vista" votes="1" />
            <Precinct name="Tazewell" votes="1" />
            <Precinct name="Brantley" votes="1" />
            <Precinct name="Ft. Perry" votes="1" />
        </VoteType>
        <VoteType name="Number of Precincts Reporting" votes="5">
            <Precinct name="Pineknot" votes="1" />
            <Precinct name="Buena Vista" votes="1" />
            <Precinct name="Tazewell" votes="1" />
            <Precinct name="Brantley" votes="1" />
            <Precinct name="Ft. Perry" votes="1" />
        </VoteType>
        <Choice key="10" text="YES" totalVotes="2351">
            <VoteType name="Election Day" votes="1208">
                <Precinct name="Pineknot" votes="299" />
                <Precinct name="Buena Vista" votes="380" />
                <Precinct name="Tazewell" votes="139" />
                <Precinct name="Brantley" votes="130" />
                <Precinct name="Ft. Perry" votes="260" />
            </VoteType>
            <VoteType name="Absentee by Mail" votes="198">
                <Precinct name="Pineknot" votes="10" />
                <Precinct name="Buena Vista" votes="148" />
                <Precinct name="Tazewell" votes="5" />
                <Precinct name="Brantley" votes="14" />
                <Precinct name="Ft. Perry" votes="21" />
            </VoteType>
            <VoteType name="Advance in Person" votes="945">
                <Precinct name="Pineknot" votes="123" />
                <Precinct name="Buena Vista" votes="604" />
                <Precinct name="Tazewell" votes="34" />
                <Precinct name="Brantley" votes="77" />
                <Precinct name="Ft. Perry" votes="107" />
            </VoteType>
            <VoteType name="Provisional" votes="0">
                <Precinct name="Pineknot" votes="0" />
                <Precinct name="Buena Vista" votes="0" />
                <Precinct name="Tazewell" votes="0" />
                <Precinct name="Brantley" votes="0" />
                <Precinct name="Ft. Perry" votes="0" />
            </VoteType>
        </Choice>
        <Choice key="20" text="NO" totalVotes="614">
            <VoteType name="Election Day" votes="315">
                <Precinct name="Pineknot" votes="87" />
                <Precinct name="Buena Vista" votes="115" />
                <Precinct name="Tazewell" votes="34" />
                <Precinct name="Brantley" votes="38" />
                <Precinct name="Ft. Perry" votes="41" />
            </VoteType>
            <VoteType name="Absentee by Mail" votes="34">
                <Precinct name="Pineknot" votes="5" />
                <Precinct name="Buena Vista" votes="20" />
                <Precinct name="Tazewell" votes="3" />
                <Precinct name="Brantley" votes="3" />
                <Precinct name="Ft. Perry" votes="3" />
            </VoteType>
            <VoteType name="Advance in Person" votes="265">
                <Precinct name="Pineknot" votes="22" />
                <Precinct name="Buena Vista" votes="188" />
                <Precinct name="Tazewell" votes="11" />
                <Precinct name="Brantley" votes="23" />
                <Precinct name="Ft. Perry" votes="21" />
            </VoteType>
            <VoteType name="Provisional" votes="0">
                <Precinct name="Pineknot" votes="0" />
                <Precinct name="Buena Vista" votes="0" />
                <Precinct name="Tazewell" votes="0" />
                <Precinct name="Brantley" votes="0" />
                <Precinct name="Ft. Perry" votes="0" />
            </VoteType>
        </Choice>
    </Contest>
    <Contest key="300" text="Constitutional Amendment #3&lt;br&gt;Reforms and re-establishes the Judicial Qualifications Commission and provides for its composition, governance, and powers." isQuestion="false" precinctsReporting="5" precinctsReported="5">
        <VoteType name="Number of Precincts for Race" votes="5">
            <Precinct name="Pineknot" votes="1" />
            <Precinct name="Buena Vista" votes="1" />
            <Precinct name="Tazewell" votes="1" />
            <Precinct name="Brantley" votes="1" />
            <Precinct name="Ft. Perry" votes="1" />
        </VoteType>
        <VoteType name="Number of Precincts Reporting" votes="5">
            <Precinct name="Pineknot" votes="1" />
            <Precinct name="Buena Vista" votes="1" />
            <Precinct name="Tazewell" votes="1" />
            <Precinct name="Brantley" votes="1" />
            <Precinct name="Ft. Perry" votes="1" />
        </VoteType>
        <Choice key="10" text="YES" totalVotes="1675">
            <VoteType name="Election Day" votes="841">
                <Precinct name="Pineknot" votes="209" />
                <Precinct name="Buena Vista" votes="270" />
                <Precinct name="Tazewell" votes="91" />
                <Precinct name="Brantley" votes="100" />
                <Precinct name="Ft. Perry" votes="171" />
            </VoteType>
            <VoteType name="Absentee by Mail" votes="124">
                <Precinct name="Pineknot" votes="7" />
                <Precinct name="Buena Vista" votes="88" />
                <Precinct name="Tazewell" votes="3" />
                <Precinct name="Brantley" votes="9" />
                <Precinct name="Ft. Perry" votes="17" />
            </VoteType>
            <VoteType name="Advance in Person" votes="710">
                <Precinct name="Pineknot" votes="97" />
                <Precinct name="Buena Vista" votes="442" />
                <Precinct name="Tazewell" votes="29" />
                <Precinct name="Brantley" votes="56" />
                <Precinct name="Ft. Perry" votes="86" />
            </VoteType>
            <VoteType name="Provisional" votes="0">
                <Precinct name="Pineknot" votes="0" />
                <Precinct name="Buena Vista" votes="0" />
                <Precinct name="Tazewell" votes="0" />
                <Precinct name="Brantley" votes="0" />
                <Precinct name="Ft. Perry" votes="0" />
            </VoteType>
        </Choice>
        <Choice key="20" text="NO" totalVotes="1092">
            <VoteType name="Election Day" votes="574">
                <Precinct name="Pineknot" votes="148" />
                <Precinct name="Buena Vista" votes="191" />
                <Precinct name="Tazewell" votes="65" />
                <Precinct name="Brantley" votes="61" />
                <Precinct name="Ft. Perry" votes="109" />
            </VoteType>
            <VoteType name="Absentee by Mail" votes="89">
                <Precinct name="Pineknot" votes="8" />
                <Precinct name="Buena Vista" votes="65" />
                <Precinct name="Tazewell" votes="4" />
                <Precinct name="Brantley" votes="9" />
                <Precinct name="Ft. Perry" votes="3" />
            </VoteType>
            <VoteType name="Advance in Person" votes="429">
                <Precinct name="Pineknot" votes="41" />
                <Precinct name="Buena Vista" votes="304" />
                <Precinct name="Tazewell" votes="13" />
                <Precinct name="Brantley" votes="33" />
                <Precinct name="Ft. Perry" votes="38" />
            </VoteType>
            <VoteType name="Provisional" votes="0">
                <Precinct name="Pineknot" votes="0" />
                <Precinct name="Buena Vista" votes="0" />
                <Precinct name="Tazewell" votes="0" />
                <Precinct name="Brantley" votes="0" />
                <Precinct name="Ft. Perry" votes="0" />
            </VoteType>
        </Choice>
    </Contest>
    <Contest key="310" text="Constitutional Amendment #4&lt;br&gt;Dedicates revenue from existing taxes on fireworks to trauma care, fire services, and public safety." isQuestion="false" precinctsReporting="5" precinctsReported="5">
        <VoteType name="Number of Precincts for Race" votes="5">
            <Precinct name="Pineknot" votes="1" />
            <Precinct name="Buena Vista" votes="1" />
            <Precinct name="Tazewell" votes="1" />
            <Precinct name="Brantley" votes="1" />
            <Precinct name="Ft. Perry" votes="1" />
        </VoteType>
        <VoteType name="Number of Precincts Reporting" votes="5">
            <Precinct name="Pineknot" votes="1" />
            <Precinct name="Buena Vista" votes="1" />
            <Precinct name="Tazewell" votes="1" />
            <Precinct name="Brantley" votes="1" />
            <Precinct name="Ft. Perry" votes="1" />
        </VoteType>
        <Choice key="10" text="YES" totalVotes="2319">
            <VoteType name="Election Day" votes="1179">
                <Precinct name="Pineknot" votes="294" />
                <Precinct name="Buena Vista" votes="375" />
                <Precinct name="Tazewell" votes="135" />
                <Precinct name="Brantley" votes="126" />
                <Precinct name="Ft. Perry" votes="249" />
            </VoteType>
            <VoteType name="Absentee by Mail" votes="199">
                <Precinct name="Pineknot" votes="14" />
                <Precinct name="Buena Vista" votes="145" />
                <Precinct name="Tazewell" votes="6" />
                <Precinct name="Brantley" votes="14" />
                <Precinct name="Ft. Perry" votes="20" />
            </VoteType>
            <VoteType name="Advance in Person" votes="941">
                <Precinct name="Pineknot" votes="116" />
                <Precinct name="Buena Vista" votes="596" />
                <Precinct name="Tazewell" votes="40" />
                <Precinct name="Brantley" votes="84" />
                <Precinct name="Ft. Perry" votes="105" />
            </VoteType>
            <VoteType name="Provisional" votes="0">
                <Precinct name="Pineknot" votes="0" />
                <Precinct name="Buena Vista" votes="0" />
                <Precinct name="Tazewell" votes="0" />
                <Precinct name="Brantley" votes="0" />
                <Precinct name="Ft. Perry" votes="0" />
            </VoteType>
        </Choice>
        <Choice key="20" text="NO" totalVotes="681">
            <VoteType name="Election Day" votes="356">
                <Precinct name="Pineknot" votes="99" />
                <Precinct name="Buena Vista" votes="120" />
                <Precinct name="Tazewell" votes="39" />
                <Precinct name="Brantley" votes="43" />
                <Precinct name="Ft. Perry" votes="55" />
            </VoteType>
            <VoteType name="Absentee by Mail" votes="35">
                <Precinct name="Pineknot" votes="1" />
                <Precinct name="Buena Vista" votes="25" />
                <Precinct name="Tazewell" votes="2" />
                <Precinct name="Brantley" votes="3" />
                <Precinct name="Ft. Perry" votes="4" />
            </VoteType>
            <VoteType name="Advance in Person" votes="290">
                <Precinct name="Pineknot" votes="32" />
                <Precinct name="Buena Vista" votes="212" />
                <Precinct name="Tazewell" votes="5" />
                <Precinct name="Brantley" votes="18" />
                <Precinct name="Ft. Perry" votes="23" />
            </VoteType>
            <VoteType name="Provisional" votes="0">
                <Precinct name="Pineknot" votes="0" />
                <Precinct name="Buena Vista" votes="0" />
                <Precinct name="Tazewell" votes="0" />
                <Precinct name="Brantley" votes="0" />
                <Precinct name="Ft. Perry" votes="0" />
            </VoteType>
        </Choice>
    </Contest>
</ElectionResult>