<?xml version="1.0"?>
<!--Election result snapshot imported from Tabulation System
-->
<ElectionResult>
    <Timestamp>11/15/2016 9:02:01 AM EST</Timestamp>
    <ElectionName>November 8, 2016 - General Election</ElectionName>
    <ElectionDate>11/8/2016</ElectionDate>
    <Region>Charlton</Region>
    <VoterTurnout totalVoters="5154" ballotsCast="4062" voterTurnout="78.81">
        <Precincts>
            <Precinct name="Folkston" totalVoters="1900" ballotsCast="1466" voterTurnout="77.16" percentReporting="4" />
            <Precinct name="GA Bend" totalVoters="399" ballotsCast="293" voterTurnout="73.43" percentReporting="4" />
            <Precinct name="St. George" totalVoters="546" ballotsCast="436" voterTurnout="79.85" percentReporting="4" />
            <Precinct name="American Legion" totalVoters="601" ballotsCast="505" voterTurnout="84.03" percentReporting="4" />
            <Precinct name="Homeland" totalVoters="648" ballotsCast="493" voterTurnout="76.08" percentReporting="4" />
            <Precinct name="Folkston Fire" totalVoters="587" ballotsCast="478" voterTurnout="81.43" percentReporting="4" />
            <Precinct name="Racepond" totalVoters="217" ballotsCast="181" voterTurnout="83.41" percentReporting="4" />
            <Precinct name="Winokur" totalVoters="256" ballotsCast="210" voterTurnout="82.03" percentReporting="4" />
        </Precincts>
    </VoterTurnout>
    <Contest key="1" text="President of the United States" isQuestion="false" precinctsReporting="8" precinctsReported="8">
        <VoteType name="Number of Precincts for Race" votes="8">
            <Precinct name="Folkston" votes="1" />
            <Precinct name="GA Bend" votes="1" />
            <Precinct name="St. George" votes="1" />
            <Precinct name="American Legion" votes="1" />
            <Precinct name="Homeland" votes="1" />
            <Precinct name="Folkston Fire" votes="1" />
            <Precinct name="Racepond" votes="1" />
            <Precinct name="Winokur" votes="1" />
        </VoteType>
        <VoteType name="Number of Precincts Reporting" votes="8">
            <Precinct name="Folkston" votes="1" />
            <Precinct name="GA Bend" votes="1" />
            <Precinct name="St. George" votes="1" />
            <Precinct name="American Legion" votes="1" />
            <Precinct name="Homeland" votes="1" />
            <Precinct name="Folkston Fire" votes="1" />
            <Precinct name="Racepond" votes="1" />
            <Precinct name="Winokur" votes="1" />
        </VoteType>
        <Choice key="10" text="DONALD J. TRUMP" totalVotes="2951">
            <VoteType name="Election Day" votes="1220">
                <Precinct name="Folkston" votes="182" />
                <Precinct name="GA Bend" votes="201" />
                <Precinct name="St. George" votes="238" />
                <Precinct name="American Legion" votes="145" />
                <Precinct name="Homeland" votes="144" />
                <Precinct name="Folkston Fire" votes="123" />
                <Precinct name="Racepond" votes="86" />
                <Precinct name="Winokur" votes="101" />
            </VoteType>
            <VoteType name="Absentee by Mail" votes="158">
                <Precinct name="Folkston" votes="34" />
                <Precinct name="GA Bend" votes="24" />
                <Precinct name="St. George" votes="22" />
                <Precinct name="American Legion" votes="27" />
                <Precinct name="Homeland" votes="24" />
                <Precinct name="Folkston Fire" votes="16" />
                <Precinct name="Racepond" votes="2" />
                <Precinct name="Winokur" votes="9" />
            </VoteType>
            <VoteType name="Advance in Person" votes="1567">
                <Precinct name="Folkston" votes="428" />
                <Precinct name="GA Bend" votes="45" />
                <Precinct name="St. George" votes="133" />
                <Precinct name="American Legion" votes="278" />
                <Precinct name="Homeland" votes="255" />
                <Precinct name="Folkston Fire" votes="270" />
                <Precinct name="Racepond" votes="78" />
                <Precinct name="Winokur" votes="80" />
            </VoteType>
            <VoteType name="Provisional" votes="6">
                <Precinct name="Folkston" votes="0" />
                <Precinct name="GA Bend" votes="2" />
                <Precinct name="St. George" votes="0" />
                <Precinct name="American Legion" votes="0" />
                <Precinct name="Homeland" votes="0" />
                <Precinct name="Folkston Fire" votes="2" />
                <Precinct name="Racepond" votes="1" />
                <Precinct name="Winokur" votes="1" />
            </VoteType>
        </Choice>
        <Choice key="20" text="HILLARY CLINTON" totalVotes="1004">
            <VoteType name="Election Day" votes="434">
                <Precinct name="Folkston" votes="336" />
                <Precinct name="GA Bend" votes="11" />
                <Precinct name="St. George" votes="19" />
                <Precinct name="American Legion" votes="14" />
                <Precinct name="Homeland" votes="28" />
                <Precinct name="Folkston Fire" votes="14" />
                <Precinct name="Racepond" votes="5" />
                <Precinct name="Winokur" votes="7" />
            </VoteType>
            <VoteType name="Absentee by Mail" votes="55">
                <Precinct name="Folkston" votes="37" />
                <Precinct name="GA Bend" votes="4" />
                <Precinct name="St. George" votes="4" />
                <Precinct name="American Legion" votes="5" />
                <Precinct name="Homeland" votes="4" />
                <Precinct name="Folkston Fire" votes="0" />
                <Precinct name="Racepond" votes="1" />
                <Precinct name="Winokur" votes="0" />
            </VoteType>
            <VoteType name="Advance in Person" votes="513">
                <Precinct name="Folkston" votes="405" />
                <Precinct name="GA Bend" votes="2" />
                <Precinct name="St. George" votes="9" />
                <Precinct name="American Legion" votes="23" />
                <Precinct name="Homeland" votes="27" />
                <Precinct name="Folkston Fire" votes="34" />
                <Precinct name="Racepond" votes="6" />
                <Precinct name="Winokur" votes="7" />
            </VoteType>
            <VoteType name="Provisional" votes="2">
                <Precinct name="Folkston" votes="2" />
                <Precinct name="GA Bend" votes="0" />
                <Precinct name="St. George" votes="0" />
                <Precinct name="American Legion" votes="0" />
                <Precinct name="Homeland" votes="0" />
                <Precinct name="Folkston Fire" votes="0" />
                <Precinct name="Racepond" votes="0" />
                <Precinct name="Winokur" votes="0" />
            </VoteType>
        </Choice>
        <Choice key="30" text="GARY JOHNSON" totalVotes="54">
            <VoteType name="Election Day" votes="24">
                <Precinct name="Folkston" votes="5" />
                <Precinct name="GA Bend" votes="0" />
                <Precinct name="St. George" votes="5" />
                <Precinct name="American Legion" votes="5" />
                <Precinct name="Homeland" votes="4" />
                <Precinct name="Folkston Fire" votes="2" />
                <Precinct name="Racepond" votes="1" />
                <Precinct name="Winokur" votes="2" />
            </VoteType>
            <VoteType name="Absentee by Mail" votes="7">
                <Precinct name="Folkston" votes="3" />
                <Precinct name="GA Bend" votes="1" />
                <Precinct name="St. George" votes="0" />
                <Precinct name="American Legion" votes="0" />
                <Precinct name="Homeland" votes="1" />
                <Precinct name="Folkston Fire" votes="2" />
                <Precinct name="Racepond" votes="0" />
                <Precinct name="Winokur" votes="0" />
            </VoteType>
            <VoteType name="Advance in Person" votes="23">
                <Precinct name="Folkston" votes="12" />
                <Precinct name="GA Bend" votes="0" />
                <Precinct name="St. George" votes="0" />
                <Precinct name="American Legion" votes="3" />
                <Precinct name="Homeland" votes="1" />
                <Precinct name="Folkston Fire" votes="6" />
                <Precinct name="Racepond" votes="1" />
                <Precinct name="Winokur" votes="0" />
            </VoteType>
            <VoteType name="Provisional" votes="0">
                <Precinct name="Folkston" votes="0" />
                <Precinct name="GA Bend" votes="0" />
                <Precinct name="St. George" votes="0" />
                <Precinct name="American Legion" votes="0" />
                <Precinct name="Homeland" votes="0" />
                <Precinct name="Folkston Fire" votes="0" />
                <Precinct name="Racepond" votes="0" />
                <Precinct name="Winokur" votes="0" />
            </VoteType>
        </Choice>
    </Contest>
    <Contest key="10" text="United States Senator, Isakson" isQuestion="false" precinctsReporting="8" precinctsReported="8">
        <VoteType name="Number of Precincts for Race" votes="8">
            <Precinct name="Folkston" votes="1" />
            <Precinct name="GA Bend" votes="1" />
            <Precinct name="St. George" votes="1" />
            <Precinct name="American Legion" votes="1" />
            <Precinct name="Homeland" votes="1" />
            <Precinct name="Folkston Fire" votes="1" />
            <Precinct name="Racepond" votes="1" />
            <Precinct name="Winokur" votes="1" />
        </VoteType>
        <VoteType name="Number of Precincts Reporting" votes="8">
            <Precinct name="Folkston" votes="1" />
            <Precinct name="GA Bend" votes="1" />
            <Precinct name="St. George" votes="1" />
            <Precinct name="American Legion" votes="1" />
            <Precinct name="Homeland" votes="1" />
            <Precinct name="Folkston Fire" votes="1" />
            <Precinct name="Racepond" votes="1" />
            <Precinct name="Winokur" votes="1" />
        </VoteType>
        <Choice key="30" text="JOHNNY ISAKSON (I)" totalVotes="2489">
            <VoteType name="Election Day" votes="1016">
                <Precinct name="Folkston" votes="154" />
                <Precinct name="GA Bend" votes="162" />
                <Precinct name="St. George" votes="194" />
                <Precinct name="American Legion" votes="122" />
                <Precinct name="Homeland" votes="129" />
                <Precinct name="Folkston Fire" votes="100" />
                <Precinct name="Racepond" votes="76" />
                <Precinct name="Winokur" votes="79" />
            </VoteType>
            <VoteType name="Absentee by Mail" votes="150">
                <Precinct name="Folkston" votes="30" />
                <Precinct name="GA Bend" votes="24" />
                <Precinct name="St. George" votes="20" />
                <Precinct name="American Legion" votes="28" />
                <Precinct name="Homeland" votes="23" />
                <Precinct name="Folkston Fire" votes="16" />
                <Precinct name="Racepond" votes="2" />
                <Precinct name="Winokur" votes="7" />
            </VoteType>
            <VoteType name="Advance in Person" votes="1319">
                <Precinct name="Folkston" votes="377" />
                <Precinct name="GA Bend" votes="36" />
                <Precinct name="St. George" votes="104" />
                <Precinct name="American Legion" votes="239" />
                <Precinct name="Homeland" votes="209" />
                <Precinct name="Folkston Fire" votes="227" />
                <Precinct name="Racepond" votes="65" />
                <Precinct name="Winokur" votes="62" />
            </VoteType>
            <VoteType name="Provisional" votes="4">
                <Precinct name="Folkston" votes="0" />
                <Precinct name="GA Bend" votes="2" />
                <Precinct name="St. George" votes="0" />
                <Precinct name="American Legion" votes="0" />
                <Precinct name="Homeland" votes="0" />
                <Precinct name="Folkston Fire" votes="1" />
                <Precinct name="Racepond" votes="1" />
                <Precinct name="Winokur" votes="0" />
            </VoteType>
        </Choice>
        <Choice key="40" text="JIM BARKSDALE" totalVotes="873">
            <VoteType name="Election Day" votes="377">
                <Precinct name="Folkston" votes="266" />
                <Precinct name="GA Bend" votes="11" />
                <Precinct name="St. George" votes="20" />
                <Precinct name="American Legion" votes="18" />
                <Precinct name="Homeland" votes="25" />
                <Precinct name="Folkston Fire" votes="17" />
                <Precinct name="Racepond" votes="5" />
                <Precinct name="Winokur" votes="15" />
            </VoteType>
            <VoteType name="Absentee by Mail" votes="52">
                <Precinct name="Folkston" votes="37" />
                <Precinct name="GA Bend" votes="6" />
                <Precinct name="St. George" votes="3" />
                <Precinct name="American Legion" votes="1" />
                <Precinct name="Homeland" votes="4" />
                <Precinct name="Folkston Fire" votes="0" />
                <Precinct name="Racepond" votes="1" />
                <Precinct name="Winokur" votes="0" />
            </VoteType>
            <VoteType name="Advance in Person" votes="442">
                <Precinct name="Folkston" votes="327" />
                <Precinct name="GA Bend" votes="5" />
                <Precinct name="St. George" votes="9" />
                <Precinct name="American Legion" votes="20" />
                <Precinct name="Homeland" votes="27" />
                <Precinct name="Folkston Fire" votes="38" />
                <Precinct name="Racepond" votes="7" />
                <Precinct name="Winokur" votes="9" />
            </VoteType>
            <VoteType name="Provisional" votes="2">
                <Precinct name="Folkston" votes="2" />
                <Precinct name="GA Bend" votes="0" />
                <Precinct name="St. George" votes="0" />
                <Precinct name="American Legion" votes="0" />
                <Precinct name="Homeland" votes="0" />
                <Precinct name="Folkston Fire" votes="0" />
                <Precinct name="Racepond" votes="0" />
                <Precinct name="Winokur" votes="0" />
            </VoteType>
        </Choice>
        <Choice key="50" text="ALLEN BUCKLEY" totalVotes="141">
            <VoteType name="Election Day" votes="63">
                <Precinct name="Folkston" votes="16" />
                <Precinct name="GA Bend" votes="8" />
                <Precinct name="St. George" votes="9" />
                <Precinct name="American Legion" votes="10" />
                <Precinct name="Homeland" votes="7" />
                <Precinct name="Folkston Fire" votes="8" />
                <Precinct name="Racepond" votes="1" />
                <Precinct name="Winokur" votes="4" />
            </VoteType>
            <VoteType name="Absentee by Mail" votes="9">
                <Precinct name="Folkston" votes="3" />
                <Precinct name="GA Bend" votes="0" />
                <Precinct name="St. George" votes="0" />
                <Precinct name="American Legion" votes="2" />
                <Precinct name="Homeland" votes="2" />
                <Precinct name="Folkston Fire" votes="1" />
                <Precinct name="Racepond" votes="0" />
                <Precinct name="Winokur" votes="1" />
            </VoteType>
            <VoteType name="Advance in Person" votes="68">
                <Precinct name="Folkston" votes="22" />
                <Precinct name="GA Bend" votes="1" />
                <Precinct name="St. George" votes="2" />
                <Precinct name="American Legion" votes="13" />
                <Precinct name="Homeland" votes="10" />
                <Precinct name="Folkston Fire" votes="15" />
                <Precinct name="Racepond" votes="2" />
                <Precinct name="Winokur" votes="3" />
            </VoteType>
            <VoteType name="Provisional" votes="1">
                <Precinct name="Folkston" votes="0" />
                <Precinct name="GA Bend" votes="0" />
                <Precinct name="St. George" votes="0" />
                <Precinct name="American Legion" votes="0" />
                <Precinct name="Homeland" votes="0" />
                <Precinct name="Folkston Fire" votes="1" />
                <Precinct name="Racepond" votes="0" />
                <Precinct name="Winokur" votes="0" />
            </VoteType>
        </Choice>
    </Contest>
    <Contest key="30" text="Public Service Commission, District 2 - Eastern" isQuestion="false" precinctsReporting="8" precinctsReported="8">
        <VoteType name="Number of Precincts for Race" votes="8">
            <Precinct name="Folkston" votes="1" />
            <Precinct name="GA Bend" votes="1" />
            <Precinct name="St. George" votes="1" />
            <Precinct name="American Legion" votes="1" />
            <Precinct name="Homeland" votes="1" />
            <Precinct name="Folkston Fire" votes="1" />
            <Precinct name="Racepond" votes="1" />
            <Precinct name="Winokur" votes="1" />
        </VoteType>
        <VoteType name="Number of Precincts Reporting" votes="8">
            <Precinct name="Folkston" votes="1" />
            <Precinct name="GA Bend" votes="1" />
            <Precinct name="St. George" votes="1" />
            <Precinct name="American Legion" votes="1" />
            <Precinct name="Homeland" votes="1" />
            <Precinct name="Folkston Fire" votes="1" />
            <Precinct name="Racepond" votes="1" />
            <Precinct name="Winokur" votes="1" />
        </VoteType>
        <Choice key="20" text="TIM ECHOLS (I)" totalVotes="2746">
            <VoteType name="Election Day" votes="1113">
                <Precinct name="Folkston" votes="204" />
                <Precinct name="GA Bend" votes="180" />
                <Precinct name="St. George" votes="204" />
                <Precinct name="American Legion" votes="122" />
                <Precinct name="Homeland" votes="135" />
                <Precinct name="Folkston Fire" votes="109" />
                <Precinct name="Racepond" votes="71" />
                <Precinct name="Winokur" votes="88" />
            </VoteType>
            <VoteType name="Absentee by Mail" votes="151">
                <Precinct name="Folkston" votes="36" />
                <Precinct name="GA Bend" votes="24" />
                <Precinct name="St. George" votes="20" />
                <Precinct name="American Legion" votes="26" />
                <Precinct name="Homeland" votes="21" />
                <Precinct name="Folkston Fire" votes="15" />
                <Precinct name="Racepond" votes="2" />
                <Precinct name="Winokur" votes="7" />
            </VoteType>
            <VoteType name="Advance in Person" votes="1475">
                <Precinct name="Folkston" votes="454" />
                <Precinct name="GA Bend" votes="38" />
                <Precinct name="St. George" votes="110" />
                <Precinct name="American Legion" votes="246" />
                <Precinct name="Homeland" votes="233" />
                <Precinct name="Folkston Fire" votes="254" />
                <Precinct name="Racepond" votes="71" />
                <Precinct name="Winokur" votes="69" />
            </VoteType>
            <VoteType name="Provisional" votes="7">
                <Precinct name="Folkston" votes="2" />
                <Precinct name="GA Bend" votes="2" />
                <Precinct name="St. George" votes="0" />
                <Precinct name="American Legion" votes="0" />
                <Precinct name="Homeland" votes="0" />
                <Precinct name="Folkston Fire" votes="2" />
                <Precinct name="Racepond" votes="1" />
                <Precinct name="Winokur" votes="0" />
            </VoteType>
        </Choice>
        <Choice key="30" text="ERIC HOSKINS" totalVotes="652">
            <VoteType name="Election Day" votes="295">
                <Precinct name="Folkston" votes="172" />
                <Precinct name="GA Bend" votes="13" />
                <Precinct name="St. George" votes="23" />
                <Precinct name="American Legion" votes="29" />
                <Precinct name="Homeland" votes="22" />
                <Precinct name="Folkston Fire" votes="19" />
                <Precinct name="Racepond" votes="9" />
                <Precinct name="Winokur" votes="8" />
            </VoteType>
            <VoteType name="Absentee by Mail" votes="36">
                <Precinct name="Folkston" votes="20" />
                <Precinct name="GA Bend" votes="5" />
                <Precinct name="St. George" votes="2" />
                <Precinct name="American Legion" votes="2" />
                <Precinct name="Homeland" votes="4" />
                <Precinct name="Folkston Fire" votes="2" />
                <Precinct name="Racepond" votes="0" />
                <Precinct name="Winokur" votes="1" />
            </VoteType>
            <VoteType name="Advance in Person" votes="321">
                <Precinct name="Folkston" votes="214" />
                <Precinct name="GA Bend" votes="5" />
                <Precinct name="St. George" votes="12" />
                <Precinct name="American Legion" votes="25" />
                <Precinct name="Homeland" votes="18" />
                <Precinct name="Folkston Fire" votes="32" />
                <Precinct name="Racepond" votes="5" />
                <Precinct name="Winokur" votes="10" />
            </VoteType>
            <VoteType name="Provisional" votes="0">
                <Precinct name="Folkston" votes="0" />
                <Precinct name="GA Bend" votes="0" />
                <Precinct name="St. George" votes="0" />
                <Precinct name="American Legion" votes="0" />
                <Precinct name="Homeland" votes="0" />
                <Precinct name="Folkston Fire" votes="0" />
                <Precinct name="Racepond" votes="0" />
                <Precinct name="Winokur" votes="0" />
            </VoteType>
        </Choice>
    </Contest>
    <Contest key="50" text="U.S. Representative, District 1" isQuestion="false" precinctsReporting="8" precinctsReported="8">
        <VoteType name="Number of Precincts for Race" votes="8">
            <Precinct name="Folkston" votes="1" />
            <Precinct name="GA Bend" votes="1" />
            <Precinct name="St. George" votes="1" />
            <Precinct name="American Legion" votes="1" />
            <Precinct name="Homeland" votes="1" />
            <Precinct name="Folkston Fire" votes="1" />
            <Precinct name="Racepond" votes="1" />
            <Precinct name="Winokur" votes="1" />
        </VoteType>
        <VoteType name="Number of Precincts Reporting" votes="8">
            <Precinct name="Folkston" votes="1" />
            <Precinct name="GA Bend" votes="1" />
            <Precinct name="St. George" votes="1" />
            <Precinct name="American Legion" votes="1" />
            <Precinct name="Homeland" votes="1" />
            <Precinct name="Folkston Fire" votes="1" />
            <Precinct name="Racepond" votes="1" />
            <Precinct name="Winokur" votes="1" />
        </VoteType>
        <Choice key="10" text="EARL “BUDDY” CARTER (I)" totalVotes="3229">
            <VoteType name="Election Day" votes="1349">
                <Precinct name="Folkston" votes="335" />
                <Precinct name="GA Bend" votes="189" />
                <Precinct name="St. George" votes="215" />
                <Precinct name="American Legion" votes="147" />
                <Precinct name="Homeland" votes="159" />
                <Precinct name="Folkston Fire" votes="126" />
                <Precinct name="Racepond" votes="80" />
                <Precinct name="Winokur" votes="98" />
            </VoteType>
            <VoteType name="Absentee by Mail" votes="172">
                <Precinct name="Folkston" votes="48" />
                <Precinct name="GA Bend" votes="27" />
                <Precinct name="St. George" votes="21" />
                <Precinct name="American Legion" votes="27" />
                <Precinct name="Homeland" votes="25" />
                <Precinct name="Folkston Fire" votes="15" />
                <Precinct name="Racepond" votes="1" />
                <Precinct name="Winokur" votes="8" />
            </VoteType>
            <VoteType name="Advance in Person" votes="1700">
                <Precinct name="Folkston" votes="601" />
                <Precinct name="GA Bend" votes="41" />
                <Precinct name="St. George" votes="119" />
                <Precinct name="American Legion" votes="274" />
                <Precinct name="Homeland" votes="243" />
                <Precinct name="Folkston Fire" votes="268" />
                <Precinct name="Racepond" votes="77" />
                <Precinct name="Winokur" votes="77" />
            </VoteType>
            <VoteType name="Provisional" votes="8">
                <Precinct name="Folkston" votes="2" />
                <Precinct name="GA Bend" votes="2" />
                <Precinct name="St. George" votes="0" />
                <Precinct name="American Legion" votes="0" />
                <Precinct name="Homeland" votes="0" />
                <Precinct name="Folkston Fire" votes="2" />
                <Precinct name="Racepond" votes="1" />
                <Precinct name="Winokur" votes="1" />
            </VoteType>
        </Choice>
    </Contest>
    <Contest key="70" text="State Senator, District 3" isQuestion="false" precinctsReporting="6" precinctsReported="6">
        <VoteType name="Number of Precincts for Race" votes="6">
            <Precinct name="Folkston" votes="1" />
            <Precinct name="American Legion" votes="1" />
            <Precinct name="Homeland" votes="1" />
            <Precinct name="Folkston Fire" votes="1" />
            <Precinct name="Racepond" votes="1" />
            <Precinct name="Winokur" votes="1" />
        </VoteType>
        <VoteType name="Number of Precincts Reporting" votes="6">
            <Precinct name="Folkston" votes="1" />
            <Precinct name="American Legion" votes="1" />
            <Precinct name="Homeland" votes="1" />
            <Precinct name="Folkston Fire" votes="1" />
            <Precinct name="Racepond" votes="1" />
            <Precinct name="Winokur" votes="1" />
        </VoteType>
        <Choice key="10" text="WILLIAM LIGON JR (I)" totalVotes="2079">
            <VoteType name="Election Day" votes="738">
                <Precinct name="Folkston" votes="315" />
                <Precinct name="American Legion" votes="31" />
                <Precinct name="Homeland" votes="155" />
                <Precinct name="Folkston Fire" votes="122" />
                <Precinct name="Racepond" votes="23" />
                <Precinct name="Winokur" votes="92" />
            </VoteType>
            <VoteType name="Absentee by Mail" votes="98">
                <Precinct name="Folkston" votes="46" />
                <Precinct name="American Legion" votes="7" />
                <Precinct name="Homeland" votes="24" />
                <Precinct name="Folkston Fire" votes="15" />
                <Precinct name="Racepond" votes="0" />
                <Precinct name="Winokur" votes="6" />
            </VoteType>
            <VoteType name="Advance in Person" votes="1241">
                <Precinct name="Folkston" votes="577" />
                <Precinct name="American Legion" votes="74" />
                <Precinct name="Homeland" votes="234" />
                <Precinct name="Folkston Fire" votes="264" />
                <Precinct name="Racepond" votes="16" />
                <Precinct name="Winokur" votes="76" />
            </VoteType>
            <VoteType name="Provisional" votes="2">
                <Precinct name="Folkston" votes="1" />
                <Precinct name="American Legion" votes="0" />
                <Precinct name="Homeland" votes="0" />
                <Precinct name="Folkston Fire" votes="1" />
                <Precinct name="Racepond" votes="0" />
                <Precinct name="Winokur" votes="0" />
            </VoteType>
        </Choice>
    </Contest>
    <Contest key="90" text="State Senator, District 7" isQuestion="false" precinctsReporting="4" precinctsReported="4">
        <VoteType name="Number of Precincts for Race" votes="4">
            <Precinct name="GA Bend" votes="1" />
            <Precinct name="St. George" votes="1" />
            <Precinct name="American Legion" votes="1" />
            <Precinct name="Racepond" votes="1" />
        </VoteType>
        <VoteType name="Number of Precincts Reporting" votes="4">
            <Precinct name="GA Bend" votes="1" />
            <Precinct name="St. George" votes="1" />
            <Precinct name="American Legion" votes="1" />
            <Precinct name="Racepond" votes="1" />
        </VoteType>
        <Choice key="10" text="TYLER HARPER (I)" totalVotes="1034">
            <VoteType name="Election Day" votes="565">
                <Precinct name="GA Bend" votes="188" />
                <Precinct name="St. George" votes="215" />
                <Precinct name="American Legion" votes="111" />
                <Precinct name="Racepond" votes="51" />
            </VoteType>
            <VoteType name="Absentee by Mail" votes="64">
                <Precinct name="GA Bend" votes="26" />
                <Precinct name="St. George" votes="18" />
                <Precinct name="American Legion" votes="19" />
                <Precinct name="Racepond" votes="1" />
            </VoteType>
            <VoteType name="Advance in Person" votes="405">
                <Precinct name="GA Bend" votes="39" />
                <Precinct name="St. George" votes="119" />
                <Precinct name="American Legion" votes="189" />
                <Precinct name="Racepond" votes="58" />
            </VoteType>
            <VoteType name="Provisional" votes="0">
                <Precinct name="GA Bend" votes="0" />
                <Precinct name="St. George" votes="0" />
                <Precinct name="American Legion" votes="0" />
                <Precinct name="Racepond" votes="0" />
            </VoteType>
        </Choice>
    </Contest>
    <Contest key="110" text="State Representative, District 174" isQuestion="false" precinctsReporting="6" precinctsReported="6">
        <VoteType name="Number of Precincts for Race" votes="6">
            <Precinct name="Folkston" votes="1" />
            <Precinct name="GA Bend" votes="1" />
            <Precinct name="St. George" votes="1" />
            <Precinct name="American Legion" votes="1" />
            <Precinct name="Homeland" votes="1" />
            <Precinct name="Folkston Fire" votes="1" />
        </VoteType>
        <VoteType name="Number of Precincts Reporting" votes="6">
            <Precinct name="Folkston" votes="1" />
            <Precinct name="GA Bend" votes="1" />
            <Precinct name="St. George" votes="1" />
            <Precinct name="American Legion" votes="1" />
            <Precinct name="Homeland" votes="1" />
            <Precinct name="Folkston Fire" votes="1" />
        </VoteType>
        <Choice key="10" text="JOHN CORBETT (I)" totalVotes="2746">
            <VoteType name="Election Day" votes="1116">
                <Precinct name="Folkston" votes="306" />
                <Precinct name="GA Bend" votes="186" />
                <Precinct name="St. George" votes="213" />
                <Precinct name="American Legion" votes="140" />
                <Precinct name="Homeland" votes="149" />
                <Precinct name="Folkston Fire" votes="122" />
            </VoteType>
            <VoteType name="Absentee by Mail" votes="154">
                <Precinct name="Folkston" votes="49" />
                <Precinct name="GA Bend" votes="26" />
                <Precinct name="St. George" votes="17" />
                <Precinct name="American Legion" votes="24" />
                <Precinct name="Homeland" votes="23" />
                <Precinct name="Folkston Fire" votes="15" />
            </VoteType>
            <VoteType name="Advance in Person" votes="1470">
                <Precinct name="Folkston" votes="571" />
                <Precinct name="GA Bend" votes="38" />
                <Precinct name="St. George" votes="118" />
                <Precinct name="American Legion" votes="250" />
                <Precinct name="Homeland" votes="231" />
                <Precinct name="Folkston Fire" votes="262" />
            </VoteType>
            <VoteType name="Provisional" votes="6">
                <Precinct name="Folkston" votes="2" />
                <Precinct name="GA Bend" votes="2" />
                <Precinct name="St. George" votes="0" />
                <Precinct name="American Legion" votes="0" />
                <Precinct name="Homeland" votes="0" />
                <Precinct name="Folkston Fire" votes="2" />
            </VoteType>
        </Choice>
    </Contest>
    <Contest key="130" text="State Representative, District 180" isQuestion="false" precinctsReporting="3" precinctsReported="3">
        <VoteType name="Number of Precincts for Race" votes="3">
            <Precinct name="American Legion" votes="1" />
            <Precinct name="Racepond" votes="1" />
            <Precinct name="Winokur" votes="1" />
        </VoteType>
        <VoteType name="Number of Precincts Reporting" votes="3">
            <Precinct name="American Legion" votes="1" />
            <Precinct name="Racepond" votes="1" />
            <Precinct name="Winokur" votes="1" />
        </VoteType>
        <Choice key="10" text="JASON SPENCER (I)" totalVotes="334">
            <VoteType name="Election Day" votes="170">
                <Precinct name="American Legion" votes="3" />
                <Precinct name="Racepond" votes="76" />
                <Precinct name="Winokur" votes="91" />
            </VoteType>
            <VoteType name="Absentee by Mail" votes="8">
                <Precinct name="American Legion" votes="2" />
                <Precinct name="Racepond" votes="0" />
                <Precinct name="Winokur" votes="6" />
            </VoteType>
            <VoteType name="Advance in Person" votes="156">
                <Precinct name="American Legion" votes="12" />
                <Precinct name="Racepond" votes="70" />
                <Precinct name="Winokur" votes="74" />
            </VoteType>
            <VoteType name="Provisional" votes="0">
                <Precinct name="American Legion" votes="0" />
                <Precinct name="Racepond" votes="0" />
                <Precinct name="Winokur" votes="0" />
            </VoteType>
        </Choice>
    </Contest>
    <Contest key="141" text="JUDGE, PROBATE/Magistrate" isQuestion="false" precinctsReporting="8" precinctsReported="8">
        <VoteType name="Number of Precincts for Race" votes="8">
            <Precinct name="Folkston" votes="1" />
            <Precinct name="GA Bend" votes="1" />
            <Precinct name="St. George" votes="1" />
            <Precinct name="American Legion" votes="1" />
            <Precinct name="Homeland" votes="1" />
            <Precinct name="Folkston Fire" votes="1" />
            <Precinct name="Racepond" votes="1" />
            <Precinct name="Winokur" votes="1" />
        </VoteType>
        <VoteType name="Number of Precincts Reporting" votes="8">
            <Precinct name="Folkston" votes="1" />
            <Precinct name="GA Bend" votes="1" />
            <Precinct name="St. George" votes="1" />
            <Precinct name="American Legion" votes="1" />
            <Precinct name="Homeland" votes="1" />
            <Precinct name="Folkston Fire" votes="1" />
            <Precinct name="Racepond" votes="1" />
            <Precinct name="Winokur" votes="1" />
        </VoteType>
        <Choice key="20" text="C. MCMILLAN (I) R" totalVotes="2820">
            <VoteType name="Election Day" votes="1133">
                <Precinct name="Folkston" votes="258" />
                <Precinct name="GA Bend" votes="145" />
                <Precinct name="St. George" votes="176" />
                <Precinct name="American Legion" votes="136" />
                <Precinct name="Homeland" votes="141" />
                <Precinct name="Folkston Fire" votes="114" />
                <Precinct name="Racepond" votes="71" />
                <Precinct name="Winokur" votes="92" />
            </VoteType>
            <VoteType name="Absentee by Mail" votes="147">
                <Precinct name="Folkston" votes="39" />
                <Precinct name="GA Bend" votes="19" />
                <Precinct name="St. George" votes="16" />
                <Precinct name="American Legion" votes="26" />
                <Precinct name="Homeland" votes="19" />
                <Precinct name="Folkston Fire" votes="17" />
                <Precinct name="Racepond" votes="2" />
                <Precinct name="Winokur" votes="9" />
            </VoteType>
            <VoteType name="Advance in Person" votes="1534">
                <Precinct name="Folkston" votes="516" />
                <Precinct name="GA Bend" votes="40" />
                <Precinct name="St. George" votes="97" />
                <Precinct name="American Legion" votes="271" />
                <Precinct name="Homeland" votes="223" />
                <Precinct name="Folkston Fire" votes="245" />
                <Precinct name="Racepond" votes="72" />
                <Precinct name="Winokur" votes="70" />
            </VoteType>
            <VoteType name="Provisional" votes="6">
                <Precinct name="Folkston" votes="1" />
                <Precinct name="GA Bend" votes="1" />
                <Precinct name="St. George" votes="0" />
                <Precinct name="American Legion" votes="0" />
                <Precinct name="Homeland" votes="0" />
                <Precinct name="Folkston Fire" votes="2" />
                <Precinct name="Racepond" votes="1" />
                <Precinct name="Winokur" votes="1" />
            </VoteType>
        </Choice>
        <Choice key="30" text="P. R. SUGGS (D)" totalVotes="1019">
            <VoteType name="Election Day" votes="458">
                <Precinct name="Folkston" votes="224" />
                <Precinct name="GA Bend" votes="54" />
                <Precinct name="St. George" votes="67" />
                <Precinct name="American Legion" votes="22" />
                <Precinct name="Homeland" votes="30" />
                <Precinct name="Folkston Fire" votes="28" />
                <Precinct name="Racepond" votes="17" />
                <Precinct name="Winokur" votes="16" />
            </VoteType>
            <VoteType name="Absentee by Mail" votes="63">
                <Precinct name="Folkston" votes="30" />
                <Precinct name="GA Bend" votes="12" />
                <Precinct name="St. George" votes="8" />
                <Precinct name="American Legion" votes="4" />
                <Precinct name="Homeland" votes="8" />
                <Precinct name="Folkston Fire" votes="0" />
                <Precinct name="Racepond" votes="1" />
                <Precinct name="Winokur" votes="0" />
            </VoteType>
            <VoteType name="Advance in Person" votes="496">
                <Precinct name="Folkston" votes="294" />
                <Precinct name="GA Bend" votes="3" />
                <Precinct name="St. George" votes="42" />
                <Precinct name="American Legion" votes="29" />
                <Precinct name="Homeland" votes="49" />
                <Precinct name="Folkston Fire" votes="55" />
                <Precinct name="Racepond" votes="10" />
                <Precinct name="Winokur" votes="14" />
            </VoteType>
            <VoteType name="Provisional" votes="2">
                <Precinct name="Folkston" votes="1" />
                <Precinct name="GA Bend" votes="1" />
                <Precinct name="St. George" votes="0" />
                <Precinct name="American Legion" votes="0" />
                <Precinct name="Homeland" votes="0" />
                <Precinct name="Folkston Fire" votes="0" />
                <Precinct name="Racepond" votes="0" />
                <Precinct name="Winokur" votes="0" />
            </VoteType>
        </Choice>
    </Contest>
    <Contest key="150" text="CLERK, SUPERIOR COURT" isQuestion="false" precinctsReporting="8" precinctsReported="8">
        <VoteType name="Number of Precincts for Race" votes="8">
            <Precinct name="Folkston" votes="1" />
            <Precinct name="GA Bend" votes="1" />
            <Precinct name="St. George" votes="1" />
            <Precinct name="American Legion" votes="1" />
            <Precinct name="Homeland" votes="1" />
            <Precinct name="Folkston Fire" votes="1" />
            <Precinct name="Racepond" votes="1" />
            <Precinct name="Winokur" votes="1" />
        </VoteType>
        <VoteType name="Number of Precincts Reporting" votes="8">
            <Precinct name="Folkston" votes="1" />
            <Precinct name="GA Bend" votes="1" />
            <Precinct name="St. George" votes="1" />
            <Precinct name="American Legion" votes="1" />
            <Precinct name="Homeland" votes="1" />
            <Precinct name="Folkston Fire" votes="1" />
            <Precinct name="Racepond" votes="1" />
            <Precinct name="Winokur" votes="1" />
        </VoteType>
        <Choice key="10" text="W. C. WHITAKER (I) R" totalVotes="3285">
            <VoteType name="Election Day" votes="1362">
                <Precinct name="Folkston" votes="353" />
                <Precinct name="GA Bend" votes="184" />
                <Precinct name="St. George" votes="217" />
                <Precinct name="American Legion" votes="143" />
                <Precinct name="Homeland" votes="160" />
                <Precinct name="Folkston Fire" votes="127" />
                <Precinct name="Racepond" votes="83" />
                <Precinct name="Winokur" votes="95" />
            </VoteType>
            <VoteType name="Absentee by Mail" votes="174">
                <Precinct name="Folkston" votes="52" />
                <Precinct name="GA Bend" votes="26" />
                <Precinct name="St. George" votes="20" />
                <Precinct name="American Legion" votes="28" />
                <Precinct name="Homeland" votes="23" />
                <Precinct name="Folkston Fire" votes="16" />
                <Precinct name="Racepond" votes="1" />
                <Precinct name="Winokur" votes="8" />
            </VoteType>
            <VoteType name="Advance in Person" votes="1742">
                <Precinct name="Folkston" votes="630" />
                <Precinct name="GA Bend" votes="40" />
                <Precinct name="St. George" votes="122" />
                <Precinct name="American Legion" votes="273" />
                <Precinct name="Homeland" votes="247" />
                <Precinct name="Folkston Fire" votes="272" />
                <Precinct name="Racepond" votes="79" />
                <Precinct name="Winokur" votes="79" />
            </VoteType>
            <VoteType name="Provisional" votes="7">
                <Precinct name="Folkston" votes="2" />
                <Precinct name="GA Bend" votes="2" />
                <Precinct name="St. George" votes="0" />
                <Precinct name="American Legion" votes="0" />
                <Precinct name="Homeland" votes="0" />
                <Precinct name="Folkston Fire" votes="2" />
                <Precinct name="Racepond" votes="1" />
                <Precinct name="Winokur" votes="0" />
            </VoteType>
        </Choice>
    </Contest>
    <Contest key="170" text="SHERIFF" isQuestion="false" precinctsReporting="8" precinctsReported="8">
        <VoteType name="Number of Precincts for Race" votes="8">
            <Precinct name="Folkston" votes="1" />
            <Precinct name="GA Bend" votes="1" />
            <Precinct name="St. George" votes="1" />
            <Precinct name="American Legion" votes="1" />
            <Precinct name="Homeland" votes="1" />
            <Precinct name="Folkston Fire" votes="1" />
            <Precinct name="Racepond" votes="1" />
            <Precinct name="Winokur" votes="1" />
        </VoteType>
        <VoteType name="Number of Precincts Reporting" votes="8">
            <Precinct name="Folkston" votes="1" />
            <Precinct name="GA Bend" votes="1" />
            <Precinct name="St. George" votes="1" />
            <Precinct name="American Legion" votes="1" />
            <Precinct name="Homeland" votes="1" />
            <Precinct name="Folkston Fire" votes="1" />
            <Precinct name="Racepond" votes="1" />
            <Precinct name="Winokur" votes="1" />
        </VoteType>
        <Choice key="20" text="O. THOMPSON JR (R)" totalVotes="1975">
            <VoteType name="Election Day" votes="798">
                <Precinct name="Folkston" votes="182" />
                <Precinct name="GA Bend" votes="113" />
                <Precinct name="St. George" votes="178" />
                <Precinct name="American Legion" votes="83" />
                <Precinct name="Homeland" votes="91" />
                <Precinct name="Folkston Fire" votes="67" />
                <Precinct name="Racepond" votes="48" />
                <Precinct name="Winokur" votes="36" />
            </VoteType>
            <VoteType name="Absentee by Mail" votes="104">
                <Precinct name="Folkston" votes="25" />
                <Precinct name="GA Bend" votes="15" />
                <Precinct name="St. George" votes="20" />
                <Precinct name="American Legion" votes="17" />
                <Precinct name="Homeland" votes="12" />
                <Precinct name="Folkston Fire" votes="10" />
                <Precinct name="Racepond" votes="1" />
                <Precinct name="Winokur" votes="4" />
            </VoteType>
            <VoteType name="Advance in Person" votes="1069">
                <Precinct name="Folkston" votes="347" />
                <Precinct name="GA Bend" votes="30" />
                <Precinct name="St. George" votes="104" />
                <Precinct name="American Legion" votes="178" />
                <Precinct name="Homeland" votes="146" />
                <Precinct name="Folkston Fire" votes="180" />
                <Precinct name="Racepond" votes="42" />
                <Precinct name="Winokur" votes="42" />
            </VoteType>
            <VoteType name="Provisional" votes="4">
                <Precinct name="Folkston" votes="0" />
                <Precinct name="GA Bend" votes="1" />
                <Precinct name="St. George" votes="0" />
                <Precinct name="American Legion" votes="0" />
                <Precinct name="Homeland" votes="0" />
                <Precinct name="Folkston Fire" votes="2" />
                <Precinct name="Racepond" votes="1" />
                <Precinct name="Winokur" votes="0" />
            </VoteType>
        </Choice>
        <Choice key="30" text="E. CONNER (I) D" totalVotes="2024">
            <VoteType name="Election Day" votes="874">
                <Precinct name="Folkston" votes="333" />
                <Precinct name="GA Bend" votes="96" />
                <Precinct name="St. George" votes="80" />
                <Precinct name="American Legion" votes="81" />
                <Precinct name="Homeland" votes="88" />
                <Precinct name="Folkston Fire" votes="76" />
                <Precinct name="Racepond" votes="44" />
                <Precinct name="Winokur" votes="76" />
            </VoteType>
            <VoteType name="Absentee by Mail" votes="115">
                <Precinct name="Folkston" votes="47" />
                <Precinct name="GA Bend" votes="16" />
                <Precinct name="St. George" votes="7" />
                <Precinct name="American Legion" votes="13" />
                <Precinct name="Homeland" votes="17" />
                <Precinct name="Folkston Fire" votes="8" />
                <Precinct name="Racepond" votes="2" />
                <Precinct name="Winokur" votes="5" />
            </VoteType>
            <VoteType name="Advance in Person" votes="1031">
                <Precinct name="Folkston" votes="496" />
                <Precinct name="GA Bend" votes="16" />
                <Precinct name="St. George" votes="39" />
                <Precinct name="American Legion" votes="128" />
                <Precinct name="Homeland" votes="133" />
                <Precinct name="Folkston Fire" votes="131" />
                <Precinct name="Racepond" votes="43" />
                <Precinct name="Winokur" votes="45" />
            </VoteType>
            <VoteType name="Provisional" votes="4">
                <Precinct name="Folkston" votes="2" />
                <Precinct name="GA Bend" votes="1" />
                <Precinct name="St. George" votes="0" />
                <Precinct name="American Legion" votes="0" />
                <Precinct name="Homeland" votes="0" />
                <Precinct name="Folkston Fire" votes="0" />
                <Precinct name="Racepond" votes="0" />
                <Precinct name="Winokur" votes="1" />
            </VoteType>
        </Choice>
    </Contest>
    <Contest key="200" text="TAX COMMISSIONER" isQuestion="false" precinctsReporting="8" precinctsReported="8">
        <VoteType name="Number of Precincts for Race" votes="8">
            <Precinct name="Folkston" votes="1" />
            <Precinct name="GA Bend" votes="1" />
            <Precinct name="St. George" votes="1" />
            <Precinct name="American Legion" votes="1" />
            <Precinct name="Homeland" votes="1" />
            <Precinct name="Folkston Fire" votes="1" />
            <Precinct name="Racepond" votes="1" />
            <Precinct name="Winokur" votes="1" />
        </VoteType>
        <VoteType name="Number of Precincts Reporting" votes="8">
            <Precinct name="Folkston" votes="1" />
            <Precinct name="GA Bend" votes="1" />
            <Precinct name="St. George" votes="1" />
            <Precinct name="American Legion" votes="1" />
            <Precinct name="Homeland" votes="1" />
            <Precinct name="Folkston Fire" votes="1" />
            <Precinct name="Racepond" votes="1" />
            <Precinct name="Winokur" votes="1" />
        </VoteType>
        <Choice key="10" text="D. T. MIZELL (I) D" totalVotes="3364">
            <VoteType name="Election Day" votes="1371">
                <Precinct name="Folkston" votes="434" />
                <Precinct name="GA Bend" votes="160" />
                <Precinct name="St. George" votes="199" />
                <Precinct name="American Legion" votes="129" />
                <Precinct name="Homeland" votes="153" />
                <Precinct name="Folkston Fire" votes="127" />
                <Precinct name="Racepond" votes="74" />
                <Precinct name="Winokur" votes="95" />
            </VoteType>
            <VoteType name="Absentee by Mail" votes="178">
                <Precinct name="Folkston" votes="60" />
                <Precinct name="GA Bend" votes="23" />
                <Precinct name="St. George" votes="20" />
                <Precinct name="American Legion" votes="28" />
                <Precinct name="Homeland" votes="24" />
                <Precinct name="Folkston Fire" votes="14" />
                <Precinct name="Racepond" votes="1" />
                <Precinct name="Winokur" votes="8" />
            </VoteType>
            <VoteType name="Advance in Person" votes="1808">
                <Precinct name="Folkston" votes="731" />
                <Precinct name="GA Bend" votes="36" />
                <Precinct name="St. George" votes="113" />
                <Precinct name="American Legion" votes="258" />
                <Precinct name="Homeland" votes="238" />
                <Precinct name="Folkston Fire" votes="277" />
                <Precinct name="Racepond" votes="74" />
                <Precinct name="Winokur" votes="81" />
            </VoteType>
            <VoteType name="Provisional" votes="7">
                <Precinct name="Folkston" votes="2" />
                <Precinct name="GA Bend" votes="2" />
                <Precinct name="St. George" votes="0" />
                <Precinct name="American Legion" votes="0" />
                <Precinct name="Homeland" votes="0" />
                <Precinct name="Folkston Fire" votes="2" />
                <Precinct name="Racepond" votes="1" />
                <Precinct name="Winokur" votes="0" />
            </VoteType>
        </Choice>
    </Contest>
    <Contest key="210" text="CORONER" isQuestion="false" precinctsReporting="8" precinctsReported="8">
        <VoteType name="Number of Precincts for Race" votes="8">
            <Precinct name="Folkston" votes="1" />
            <Precinct name="GA Bend" votes="1" />
            <Precinct name="St. George" votes="1" />
            <Precinct name="American Legion" votes="1" />
            <Precinct name="Homeland" votes="1" />
            <Precinct name="Folkston Fire" votes="1" />
            <Precinct name="Racepond" votes="1" />
            <Precinct name="Winokur" votes="1" />
        </VoteType>
        <VoteType name="Number of Precincts Reporting" votes="8">
            <Precinct name="Folkston" votes="1" />
            <Precinct name="GA Bend" votes="1" />
            <Precinct name="St. George" votes="1" />
            <Precinct name="American Legion" votes="1" />
            <Precinct name="Homeland" votes="1" />
            <Precinct name="Folkston Fire" votes="1" />
            <Precinct name="Racepond" votes="1" />
            <Precinct name="Winokur" votes="1" />
        </VoteType>
        <Choice key="10" text="B. MURRAY (R)" totalVotes="3259">
            <VoteType name="Election Day" votes="1348">
                <Precinct name="Folkston" votes="338" />
                <Precinct name="GA Bend" votes="183" />
                <Precinct name="St. George" votes="215" />
                <Precinct name="American Legion" votes="148" />
                <Precinct name="Homeland" votes="162" />
                <Precinct name="Folkston Fire" votes="129" />
                <Precinct name="Racepond" votes="78" />
                <Precinct name="Winokur" votes="95" />
            </VoteType>
            <VoteType name="Absentee by Mail" votes="179">
                <Precinct name="Folkston" votes="52" />
                <Precinct name="GA Bend" votes="27" />
                <Precinct name="St. George" votes="20" />
                <Precinct name="American Legion" votes="27" />
                <Precinct name="Homeland" votes="27" />
                <Precinct name="Folkston Fire" votes="17" />
                <Precinct name="Racepond" votes="1" />
                <Precinct name="Winokur" votes="8" />
            </VoteType>
            <VoteType name="Advance in Person" votes="1725">
                <Precinct name="Folkston" votes="620" />
                <Precinct name="GA Bend" votes="40" />
                <Precinct name="St. George" votes="118" />
                <Precinct name="American Legion" votes="272" />
                <Precinct name="Homeland" votes="249" />
                <Precinct name="Folkston Fire" votes="271" />
                <Precinct name="Racepond" votes="79" />
                <Precinct name="Winokur" votes="76" />
            </VoteType>
            <VoteType name="Provisional" votes="7">
                <Precinct name="Folkston" votes="2" />
                <Precinct name="GA Bend" votes="2" />
                <Precinct name="St. George" votes="0" />
                <Precinct name="American Legion" votes="0" />
                <Precinct name="Homeland" votes="0" />
                <Precinct name="Folkston Fire" votes="2" />
                <Precinct name="Racepond" votes="1" />
                <Precinct name="Winokur" votes="0" />
            </VoteType>
        </Choice>
    </Contest>
    <Contest key="240" text="CC, D2" isQuestion="false" precinctsReporting="1" precinctsReported="1">
        <VoteType name="Number of Precincts for Race" votes="1">
            <Precinct name="Folkston" votes="1" />
        </VoteType>
        <VoteType name="Number of Precincts Reporting" votes="1">
            <Precinct name="Folkston" votes="1" />
        </VoteType>
        <Choice key="10" text="J. E. EVERETT (I) D" totalVotes="572">
            <VoteType name="Election Day" votes="240">
                <Precinct name="Folkston" votes="240" />
            </VoteType>
            <VoteType name="Absentee by Mail" votes="18">
                <Precinct name="Folkston" votes="18" />
            </VoteType>
            <VoteType name="Advance in Person" votes="313">
                <Precinct name="Folkston" votes="313" />
            </VoteType>
            <VoteType name="Provisional" votes="1">
                <Precinct name="Folkston" votes="1" />
            </VoteType>
        </Choice>
    </Contest>
    <Contest key="260" text="CC, D3" isQuestion="false" precinctsReporting="2" precinctsReported="2">
        <VoteType name="Number of Precincts for Race" votes="2">
            <Precinct name="GA Bend" votes="1" />
            <Precinct name="St. George" votes="1" />
        </VoteType>
        <VoteType name="Number of Precincts Reporting" votes="2">
            <Precinct name="GA Bend" votes="1" />
            <Precinct name="St. George" votes="1" />
        </VoteType>
        <Choice key="10" text="J. CREWS (I) D" totalVotes="555">
            <VoteType name="Election Day" votes="358">
                <Precinct name="GA Bend" votes="150" />
                <Precinct name="St. George" votes="208" />
            </VoteType>
            <VoteType name="Absentee by Mail" votes="43">
                <Precinct name="GA Bend" votes="23" />
                <Precinct name="St. George" votes="20" />
            </VoteType>
            <VoteType name="Advance in Person" votes="153">
                <Precinct name="GA Bend" votes="39" />
                <Precinct name="St. George" votes="114" />
            </VoteType>
            <VoteType name="Provisional" votes="1">
                <Precinct name="GA Bend" votes="1" />
                <Precinct name="St. George" votes="0" />
            </VoteType>
        </Choice>
    </Contest>
    <Contest key="280" text="BOE, D2" isQuestion="false" precinctsReporting="1" precinctsReported="1">
        <VoteType name="Number of Precincts for Race" votes="1">
            <Precinct name="Folkston" votes="1" />
        </VoteType>
        <VoteType name="Number of Precincts Reporting" votes="1">
            <Precinct name="Folkston" votes="1" />
        </VoteType>
        <Choice key="10" text="C. NIXON (I) D" totalVotes="576">
            <VoteType name="Election Day" votes="245">
                <Precinct name="Folkston" votes="245" />
            </VoteType>
            <VoteType name="Absentee by Mail" votes="19">
                <Precinct name="Folkston" votes="19" />
            </VoteType>
            <VoteType name="Advance in Person" votes="311">
                <Precinct name="Folkston" votes="311" />
            </VoteType>
            <VoteType name="Provisional" votes="1">
                <Precinct name="Folkston" votes="1" />
            </VoteType>
        </Choice>
    </Contest>
    <Contest key="290" text="BOE, D4" isQuestion="false" precinctsReporting="2" precinctsReported="2">
        <VoteType name="Number of Precincts for Race" votes="2">
            <Precinct name="American Legion" votes="1" />
            <Precinct name="Homeland" votes="1" />
        </VoteType>
        <VoteType name="Number of Precincts Reporting" votes="2">
            <Precinct name="American Legion" votes="1" />
            <Precinct name="Homeland" votes="1" />
        </VoteType>
        <Choice key="10" text="M. P. SANDS (I) R" totalVotes="791">
            <VoteType name="Election Day" votes="287">
                <Precinct name="American Legion" votes="133" />
                <Precinct name="Homeland" votes="154" />
            </VoteType>
            <VoteType name="Absentee by Mail" votes="45">
                <Precinct name="American Legion" votes="23" />
                <Precinct name="Homeland" votes="22" />
            </VoteType>
            <VoteType name="Advance in Person" votes="459">
                <Precinct name="American Legion" votes="234" />
                <Precinct name="Homeland" votes="225" />
            </VoteType>
            <VoteType name="Provisional" votes="0">
                <Precinct name="American Legion" votes="0" />
                <Precinct name="Homeland" votes="0" />
            </VoteType>
        </Choice>
    </Contest>
    <Contest key="300" text="SOIL AND WATER" isQuestion="false" precinctsReporting="8" precinctsReported="8">
        <VoteType name="Number of Precincts for Race" votes="8">
            <Precinct name="Folkston" votes="1" />
            <Precinct name="GA Bend" votes="1" />
            <Precinct name="St. George" votes="1" />
            <Precinct name="American Legion" votes="1" />
            <Precinct name="Homeland" votes="1" />
            <Precinct name="Folkston Fire" votes="1" />
            <Precinct name="Racepond" votes="1" />
            <Precinct name="Winokur" votes="1" />
        </VoteType>
        <VoteType name="Number of Precincts Reporting" votes="8">
            <Precinct name="Folkston" votes="1" />
            <Precinct name="GA Bend" votes="1" />
            <Precinct name="St. George" votes="1" />
            <Precinct name="American Legion" votes="1" />
            <Precinct name="Homeland" votes="1" />
            <Precinct name="Folkston Fire" votes="1" />
            <Precinct name="Racepond" votes="1" />
            <Precinct name="Winokur" votes="1" />
        </VoteType>
        <Choice key="10" text="R. FERRELL (I)" totalVotes="2965">
            <VoteType name="Election Day" votes="1223">
                <Precinct name="Folkston" votes="330" />
                <Precinct name="GA Bend" votes="152" />
                <Precinct name="St. George" votes="189" />
                <Precinct name="American Legion" votes="128" />
                <Precinct name="Homeland" votes="146" />
                <Precinct name="Folkston Fire" votes="116" />
                <Precinct name="Racepond" votes="73" />
                <Precinct name="Winokur" votes="89" />
            </VoteType>
            <VoteType name="Absentee by Mail" votes="147">
                <Precinct name="Folkston" votes="47" />
                <Precinct name="GA Bend" votes="20" />
                <Precinct name="St. George" votes="16" />
                <Precinct name="American Legion" votes="22" />
                <Precinct name="Homeland" votes="25" />
                <Precinct name="Folkston Fire" votes="12" />
                <Precinct name="Racepond" votes="0" />
                <Precinct name="Winokur" votes="5" />
            </VoteType>
            <VoteType name="Advance in Person" votes="1590">
                <Precinct name="Folkston" votes="578" />
                <Precinct name="GA Bend" votes="36" />
                <Precinct name="St. George" votes="100" />
                <Precinct name="American Legion" votes="249" />
                <Precinct name="Homeland" votes="229" />
                <Precinct name="Folkston Fire" votes="253" />
                <Precinct name="Racepond" votes="73" />
                <Precinct name="Winokur" votes="72" />
            </VoteType>
            <VoteType name="Provisional" votes="5">
                <Precinct name="Folkston" votes="2" />
                <Precinct name="GA Bend" votes="1" />
                <Precinct name="St. George" votes="0" />
                <Precinct name="American Legion" votes="0" />
                <Precinct name="Homeland" votes="0" />
                <Precinct name="Folkston Fire" votes="2" />
                <Precinct name="Racepond" votes="0" />
                <Precinct name="Winokur" votes="0" />
            </VoteType>
        </Choice>
    </Contest>
    <Contest key="310" text="Constitutional Amendment #1&lt;br&gt;Provides greater flexibility and state accountability to fix failing schools through increasing community involvement." isQuestion="false" precinctsReporting="8" precinctsReported="8">
        <VoteType name="Number of Precincts for Race" votes="8">
            <Precinct name="Folkston" votes="1" />
            <Precinct name="GA Bend" votes="1" />
            <Precinct name="St. George" votes="1" />
            <Precinct name="American Legion" votes="1" />
            <Precinct name="Homeland" votes="1" />
            <Precinct name="Folkston Fire" votes="1" />
            <Precinct name="Racepond" votes="1" />
            <Precinct name="Winokur" votes="1" />
        </VoteType>
        <VoteType name="Number of Precincts Reporting" votes="8">
            <Precinct name="Folkston" votes="1" />
            <Precinct name="GA Bend" votes="1" />
            <Precinct name="St. George" votes="1" />
            <Precinct name="American Legion" votes="1" />
            <Precinct name="Homeland" votes="1" />
            <Precinct name="Folkston Fire" votes="1" />
            <Precinct name="Racepond" votes="1" />
            <Precinct name="Winokur" votes="1" />
        </VoteType>
        <Choice key="10" text="YES" totalVotes="1708">
            <VoteType name="Election Day" votes="706">
                <Precinct name="Folkston" votes="267" />
                <Precinct name="GA Bend" votes="114" />
                <Precinct name="St. George" votes="104" />
                <Precinct name="American Legion" votes="49" />
                <Precinct name="Homeland" votes="75" />
                <Precinct name="Folkston Fire" votes="56" />
                <Precinct name="Racepond" votes="21" />
                <Precinct name="Winokur" votes="20" />
            </VoteType>
            <VoteType name="Absentee by Mail" votes="107">
                <Precinct name="Folkston" votes="42" />
                <Precinct name="GA Bend" votes="19" />
                <Precinct name="St. George" votes="12" />
                <Precinct name="American Legion" votes="9" />
                <Precinct name="Homeland" votes="12" />
                <Precinct name="Folkston Fire" votes="9" />
                <Precinct name="Racepond" votes="0" />
                <Precinct name="Winokur" votes="4" />
            </VoteType>
            <VoteType name="Advance in Person" votes="891">
                <Precinct name="Folkston" votes="395" />
                <Precinct name="GA Bend" votes="27" />
                <Precinct name="St. George" votes="58" />
                <Precinct name="American Legion" votes="103" />
                <Precinct name="Homeland" votes="114" />
                <Precinct name="Folkston Fire" votes="133" />
                <Precinct name="Racepond" votes="19" />
                <Precinct name="Winokur" votes="42" />
            </VoteType>
            <VoteType name="Provisional" votes="4">
                <Precinct name="Folkston" votes="0" />
                <Precinct name="GA Bend" votes="2" />
                <Precinct name="St. George" votes="0" />
                <Precinct name="American Legion" votes="0" />
                <Precinct name="Homeland" votes="0" />
                <Precinct name="Folkston Fire" votes="2" />
                <Precinct name="Racepond" votes="0" />
                <Precinct name="Winokur" votes="0" />
            </VoteType>
        </Choice>
        <Choice key="20" text="NO" totalVotes="2049">
            <VoteType name="Election Day" votes="865">
                <Precinct name="Folkston" votes="200" />
                <Precinct name="GA Bend" votes="82" />
                <Precinct name="St. George" votes="141" />
                <Precinct name="American Legion" votes="108" />
                <Precinct name="Homeland" votes="98" />
                <Precinct name="Folkston Fire" votes="81" />
                <Precinct name="Racepond" votes="65" />
                <Precinct name="Winokur" votes="90" />
            </VoteType>
            <VoteType name="Absentee by Mail" votes="92">
                <Precinct name="Folkston" votes="25" />
                <Precinct name="GA Bend" votes="8" />
                <Precinct name="St. George" votes="10" />
                <Precinct name="American Legion" votes="20" />
                <Precinct name="Homeland" votes="16" />
                <Precinct name="Folkston Fire" votes="9" />
                <Precinct name="Racepond" votes="2" />
                <Precinct name="Winokur" votes="2" />
            </VoteType>
            <VoteType name="Advance in Person" votes="1090">
                <Precinct name="Folkston" votes="378" />
                <Precinct name="GA Bend" votes="19" />
                <Precinct name="St. George" votes="78" />
                <Precinct name="American Legion" votes="194" />
                <Precinct name="Homeland" votes="156" />
                <Precinct name="Folkston Fire" votes="166" />
                <Precinct name="Racepond" votes="61" />
                <Precinct name="Winokur" votes="38" />
            </VoteType>
            <VoteType name="Provisional" votes="2">
                <Precinct name="Folkston" votes="2" />
                <Precinct name="GA Bend" votes="0" />
                <Precinct name="St. George" votes="0" />
                <Precinct name="American Legion" votes="0" />
                <Precinct name="Homeland" votes="0" />
                <Precinct name="Folkston Fire" votes="0" />
                <Precinct name="Racepond" votes="0" />
                <Precinct name="Winokur" votes="0" />
            </VoteType>
        </Choice>
    </Contest>
    <Contest key="320" text="Constitutional Amendment #2&lt;br&gt;Authorizes penalties for sexual exploitation and assessments on adult entertainment to fund child victims' services." isQuestion="false" precinctsReporting="8" precinctsReported="8">
        <VoteType name="Number of Precincts for Race" votes="8">
            <Precinct name="Folkston" votes="1" />
            <Precinct name="GA Bend" votes="1" />
            <Precinct name="St. George" votes="1" />
            <Precinct name="American Legion" votes="1" />
            <Precinct name="Homeland" votes="1" />
            <Precinct name="Folkston Fire" votes="1" />
            <Precinct name="Racepond" votes="1" />
            <Precinct name="Winokur" votes="1" />
        </VoteType>
        <VoteType name="Number of Precincts Reporting" votes="8">
            <Precinct name="Folkston" votes="1" />
            <Precinct name="GA Bend" votes="1" />
            <Precinct name="St. George" votes="1" />
            <Precinct name="American Legion" votes="1" />
            <Precinct name="Homeland" votes="1" />
            <Precinct name="Folkston Fire" votes="1" />
            <Precinct name="Racepond" votes="1" />
            <Precinct name="Winokur" votes="1" />
        </VoteType>
        <Choice key="10" text="YES" totalVotes="2987">
            <VoteType name="Election Day" votes="1225">
                <Precinct name="Folkston" votes="362" />
                <Precinct name="GA Bend" votes="163" />
                <Precinct name="St. George" votes="197" />
                <Precinct name="American Legion" votes="123" />
                <Precinct name="Homeland" votes="136" />
                <Precinct name="Folkston Fire" votes="105" />
                <Precinct name="Racepond" votes="67" />
                <Precinct name="Winokur" votes="72" />
            </VoteType>
            <VoteType name="Absentee by Mail" votes="170">
                <Precinct name="Folkston" votes="54" />
                <Precinct name="GA Bend" votes="26" />
                <Precinct name="St. George" votes="21" />
                <Precinct name="American Legion" votes="24" />
                <Precinct name="Homeland" votes="25" />
                <Precinct name="Folkston Fire" votes="14" />
                <Precinct name="Racepond" votes="0" />
                <Precinct name="Winokur" votes="6" />
            </VoteType>
            <VoteType name="Advance in Person" votes="1587">
                <Precinct name="Folkston" votes="605" />
                <Precinct name="GA Bend" votes="39" />
                <Precinct name="St. George" votes="113" />
                <Precinct name="American Legion" votes="240" />
                <Precinct name="Homeland" votes="220" />
                <Precinct name="Folkston Fire" votes="250" />
                <Precinct name="Racepond" votes="55" />
                <Precinct name="Winokur" votes="65" />
            </VoteType>
            <VoteType name="Provisional" votes="5">
                <Precinct name="Folkston" votes="1" />
                <Precinct name="GA Bend" votes="2" />
                <Precinct name="St. George" votes="0" />
                <Precinct name="American Legion" votes="0" />
                <Precinct name="Homeland" votes="0" />
                <Precinct name="Folkston Fire" votes="2" />
                <Precinct name="Racepond" votes="0" />
                <Precinct name="Winokur" votes="0" />
            </VoteType>
        </Choice>
        <Choice key="20" text="NO" totalVotes="728">
            <VoteType name="Election Day" votes="324">
                <Precinct name="Folkston" votes="98" />
                <Precinct name="GA Bend" votes="32" />
                <Precinct name="St. George" votes="43" />
                <Precinct name="American Legion" votes="32" />
                <Precinct name="Homeland" votes="34" />
                <Precinct name="Folkston Fire" votes="33" />
                <Precinct name="Racepond" votes="18" />
                <Precinct name="Winokur" votes="34" />
            </VoteType>
            <VoteType name="Absentee by Mail" votes="27">
                <Precinct name="Folkston" votes="12" />
                <Precinct name="GA Bend" votes="3" />
                <Precinct name="St. George" votes="1" />
                <Precinct name="American Legion" votes="4" />
                <Precinct name="Homeland" votes="3" />
                <Precinct name="Folkston Fire" votes="2" />
                <Precinct name="Racepond" votes="2" />
                <Precinct name="Winokur" votes="0" />
            </VoteType>
            <VoteType name="Advance in Person" votes="376">
                <Precinct name="Folkston" votes="168" />
                <Precinct name="GA Bend" votes="6" />
                <Precinct name="St. George" votes="23" />
                <Precinct name="American Legion" votes="52" />
                <Precinct name="Homeland" votes="46" />
                <Precinct name="Folkston Fire" votes="42" />
                <Precinct name="Racepond" votes="21" />
                <Precinct name="Winokur" votes="18" />
            </VoteType>
            <VoteType name="Provisional" votes="1">
                <Precinct name="Folkston" votes="1" />
                <Precinct name="GA Bend" votes="0" />
                <Precinct name="St. George" votes="0" />
                <Precinct name="American Legion" votes="0" />
                <Precinct name="Homeland" votes="0" />
                <Precinct name="Folkston Fire" votes="0" />
                <Precinct name="Racepond" votes="0" />
                <Precinct name="Winokur" votes="0" />
            </VoteType>
        </Choice>
    </Contest>
    <Contest key="330" text="Constitutional Amendment #3&lt;br&gt;Reforms and re-establishes the Judicial Qualifications Commission and provides for its composition, governance, and powers." isQuestion="false" precinctsReporting="8" precinctsReported="8">
        <VoteType name="Number of Precincts for Race" votes="8">
            <Precinct name="Folkston" votes="1" />
            <Precinct name="GA Bend" votes="1" />
            <Precinct name="St. George" votes="1" />
            <Precinct name="American Legion" votes="1" />
            <Precinct name="Homeland" votes="1" />
            <Precinct name="Folkston Fire" votes="1" />
            <Precinct name="Racepond" votes="1" />
            <Precinct name="Winokur" votes="1" />
        </VoteType>
        <VoteType name="Number of Precincts Reporting" votes="8">
            <Precinct name="Folkston" votes="1" />
            <Precinct name="GA Bend" votes="1" />
            <Precinct name="St. George" votes="1" />
            <Precinct name="American Legion" votes="1" />
            <Precinct name="Homeland" votes="1" />
            <Precinct name="Folkston Fire" votes="1" />
            <Precinct name="Racepond" votes="1" />
            <Precinct name="Winokur" votes="1" />
        </VoteType>
        <Choice key="10" text="YES" totalVotes="2094">
            <VoteType name="Election Day" votes="857">
                <Precinct name="Folkston" votes="292" />
                <Precinct name="GA Bend" votes="100" />
                <Precinct name="St. George" votes="125" />
                <Precinct name="American Legion" votes="78" />
                <Precinct name="Homeland" votes="104" />
                <Precinct name="Folkston Fire" votes="71" />
                <Precinct name="Racepond" votes="40" />
                <Precinct name="Winokur" votes="47" />
            </VoteType>
            <VoteType name="Absentee by Mail" votes="109">
                <Precinct name="Folkston" votes="42" />
                <Precinct name="GA Bend" votes="15" />
                <Precinct name="St. George" votes="9" />
                <Precinct name="American Legion" votes="13" />
                <Precinct name="Homeland" votes="17" />
                <Precinct name="Folkston Fire" votes="7" />
                <Precinct name="Racepond" votes="1" />
                <Precinct name="Winokur" votes="5" />
            </VoteType>
            <VoteType name="Advance in Person" votes="1125">
                <Precinct name="Folkston" votes="450" />
                <Precinct name="GA Bend" votes="31" />
                <Precinct name="St. George" votes="75" />
                <Precinct name="American Legion" votes="153" />
                <Precinct name="Homeland" votes="155" />
                <Precinct name="Folkston Fire" votes="176" />
                <Precinct name="Racepond" votes="41" />
                <Precinct name="Winokur" votes="44" />
            </VoteType>
            <VoteType name="Provisional" votes="3">
                <Precinct name="Folkston" votes="0" />
                <Precinct name="GA Bend" votes="2" />
                <Precinct name="St. George" votes="0" />
                <Precinct name="American Legion" votes="0" />
                <Precinct name="Homeland" votes="0" />
                <Precinct name="Folkston Fire" votes="1" />
                <Precinct name="Racepond" votes="0" />
                <Precinct name="Winokur" votes="0" />
            </VoteType>
        </Choice>
        <Choice key="20" text="NO" totalVotes="1372">
            <VoteType name="Election Day" votes="591">
                <Precinct name="Folkston" votes="136" />
                <Precinct name="GA Bend" votes="84" />
                <Precinct name="St. George" votes="91" />
                <Precinct name="American Legion" votes="67" />
                <Precinct name="Homeland" votes="56" />
                <Precinct name="Folkston Fire" votes="62" />
                <Precinct name="Racepond" votes="42" />
                <Precinct name="Winokur" votes="53" />
            </VoteType>
            <VoteType name="Absentee by Mail" votes="71">
                <Precinct name="Folkston" votes="21" />
                <Precinct name="GA Bend" votes="9" />
                <Precinct name="St. George" votes="10" />
                <Precinct name="American Legion" votes="15" />
                <Precinct name="Homeland" votes="9" />
                <Precinct name="Folkston Fire" votes="6" />
                <Precinct name="Racepond" votes="1" />
                <Precinct name="Winokur" votes="0" />
            </VoteType>
            <VoteType name="Advance in Person" votes="707">
                <Precinct name="Folkston" votes="279" />
                <Precinct name="GA Bend" votes="12" />
                <Precinct name="St. George" votes="46" />
                <Precinct name="American Legion" votes="116" />
                <Precinct name="Homeland" votes="92" />
                <Precinct name="Folkston Fire" votes="102" />
                <Precinct name="Racepond" votes="30" />
                <Precinct name="Winokur" votes="30" />
            </VoteType>
            <VoteType name="Provisional" votes="3">
                <Precinct name="Folkston" votes="2" />
                <Precinct name="GA Bend" votes="0" />
                <Precinct name="St. George" votes="0" />
                <Precinct name="American Legion" votes="0" />
                <Precinct name="Homeland" votes="0" />
                <Precinct name="Folkston Fire" votes="1" />
                <Precinct name="Racepond" votes="0" />
                <Precinct name="Winokur" votes="0" />
            </VoteType>
        </Choice>
    </Contest>
    <Contest key="340" text="Constitutional Amendment #4&lt;br&gt;Dedicates revenue from existing taxes on fireworks to trauma care, fire services, and public safety." isQuestion="false" precinctsReporting="8" precinctsReported="8">
        <VoteType name="Number of Precincts for Race" votes="8">
            <Precinct name="Folkston" votes="1" />
            <Precinct name="GA Bend" votes="1" />
            <Precinct name="St. George" votes="1" />
            <Precinct name="American Legion" votes="1" />
            <Precinct name="Homeland" votes="1" />
            <Precinct name="Folkston Fire" votes="1" />
            <Precinct name="Racepond" votes="1" />
            <Precinct name="Winokur" votes="1" />
        </VoteType>
        <VoteType name="Number of Precincts Reporting" votes="8">
            <Precinct name="Folkston" votes="1" />
            <Precinct name="GA Bend" votes="1" />
            <Precinct name="St. George" votes="1" />
            <Precinct name="American Legion" votes="1" />
            <Precinct name="Homeland" votes="1" />
            <Precinct name="Folkston Fire" votes="1" />
            <Precinct name="Racepond" votes="1" />
            <Precinct name="Winokur" votes="1" />
        </VoteType>
        <Choice key="10" text="YES" totalVotes="2715">
            <VoteType name="Election Day" votes="1078">
                <Precinct name="Folkston" votes="345" />
                <Precinct name="GA Bend" votes="129" />
                <Precinct name="St. George" votes="161" />
                <Precinct name="American Legion" votes="97" />
                <Precinct name="Homeland" votes="122" />
                <Precinct name="Folkston Fire" votes="96" />
                <Precinct name="Racepond" votes="58" />
                <Precinct name="Winokur" votes="70" />
            </VoteType>
            <VoteType name="Absentee by Mail" votes="157">
                <Precinct name="Folkston" votes="50" />
                <Precinct name="GA Bend" votes="23" />
                <Precinct name="St. George" votes="19" />
                <Precinct name="American Legion" votes="23" />
                <Precinct name="Homeland" votes="25" />
                <Precinct name="Folkston Fire" votes="11" />
                <Precinct name="Racepond" votes="0" />
                <Precinct name="Winokur" votes="6" />
            </VoteType>
            <VoteType name="Advance in Person" votes="1476">
                <Precinct name="Folkston" votes="597" />
                <Precinct name="GA Bend" votes="37" />
                <Precinct name="St. George" votes="95" />
                <Precinct name="American Legion" votes="204" />
                <Precinct name="Homeland" votes="205" />
                <Precinct name="Folkston Fire" votes="224" />
                <Precinct name="Racepond" votes="53" />
                <Precinct name="Winokur" votes="61" />
            </VoteType>
            <VoteType name="Provisional" votes="4">
                <Precinct name="Folkston" votes="0" />
                <Precinct name="GA Bend" votes="2" />
                <Precinct name="St. George" votes="0" />
                <Precinct name="American Legion" votes="0" />
                <Precinct name="Homeland" votes="0" />
                <Precinct name="Folkston Fire" votes="2" />
                <Precinct name="Racepond" votes="0" />
                <Precinct name="Winokur" votes="0" />
            </VoteType>
        </Choice>
        <Choice key="20" text="NO" totalVotes="940">
            <VoteType name="Election Day" votes="434">
                <Precinct name="Folkston" votes="108" />
                <Precinct name="GA Bend" votes="60" />
                <Precinct name="St. George" votes="65" />
                <Precinct name="American Legion" votes="51" />
                <Precinct name="Homeland" votes="46" />
                <Precinct name="Folkston Fire" votes="40" />
                <Precinct name="Racepond" votes="27" />
                <Precinct name="Winokur" votes="37" />
            </VoteType>
            <VoteType name="Absentee by Mail" votes="40">
                <Precinct name="Folkston" votes="17" />
                <Precinct name="GA Bend" votes="4" />
                <Precinct name="St. George" votes="2" />
                <Precinct name="American Legion" votes="8" />
                <Precinct name="Homeland" votes="4" />
                <Precinct name="Folkston Fire" votes="3" />
                <Precinct name="Racepond" votes="2" />
                <Precinct name="Winokur" votes="0" />
            </VoteType>
            <VoteType name="Advance in Person" votes="464">
                <Precinct name="Folkston" votes="178" />
                <Precinct name="GA Bend" votes="6" />
                <Precinct name="St. George" votes="33" />
                <Precinct name="American Legion" votes="81" />
                <Precinct name="Homeland" votes="51" />
                <Precinct name="Folkston Fire" votes="68" />
                <Precinct name="Racepond" votes="25" />
                <Precinct name="Winokur" votes="22" />
            </VoteType>
            <VoteType name="Provisional" votes="2">
                <Precinct name="Folkston" votes="2" />
                <Precinct name="GA Bend" votes="0" />
                <Precinct name="St. George" votes="0" />
                <Precinct name="American Legion" votes="0" />
                <Precinct name="Homeland" votes="0" />
                <Precinct name="Folkston Fire" votes="0" />
                <Precinct name="Racepond" votes="0" />
                <Precinct name="Winokur" votes="0" />
            </VoteType>
        </Choice>
    </Contest>
</ElectionResult>