"line number","contest name","choice name","party name","total votes","percent of votes","registered voters","ballots cast","num Precinct total","num Precinct rptg","over votes","under votes"
1,"President of the United States","DONALD J. TRUMP","",30029,68.50,57251,44584,30,30,"0","0"
2,"President of the United States","HILLARY CLINTON","",12464,28.43,57251,44584,30,30,"0","0"
3,"President of the United States","GARY JOHNSON","",1346,3.07,57251,44584,30,30,"0","0"
4,"United States Senator, Isakson","JOHNNY ISAKSON (I)","",29043,69.30,57251,44584,30,30,"0","0"
5,"United States Senator, Isakson","JIM BARKSDALE","",10867,25.93,57251,44584,30,30,"0","0"
6,"United States Senator, Isakson","ALLEN BUCKLEY","",1997,4.77,57251,44584,30,30,"0","0"
7,"Public Service Commission, District 2 - Eastern","TIM ECHOLS (I)","",31302,77.48,57251,44584,30,30,"0","0"
8,"Public Service Commission, District 2 - Eastern","ERIC HOSKINS","",9100,22.52,57251,44584,30,30,"0","0"
9,"U.S. Representative, District 3","DREW FERGUSON (REP)","",30538,71.61,57251,44584,30,30,"0","0"
10,"U.S. Representative, District 3","ANGELA PENDLEY (DEM)","",12104,28.39,57251,44584,30,30,"0","0"
11,"State Senator, District 28","MATT BRASS (REP)","",5117,100.00,7101,5992,4,4,"0","0"
12,"State Senator, District 30","MICHAEL DUGAN (I) (REP)","",31621,100.00,50150,38592,26,26,"0","0"
13,"State Representative, District 18","KEVIN COOKE (I) (REP)","",8218,100.00,14057,10534,11,11,"0","0"
14,"State Representative, District 68","J. COLLINS (REP)","",16824,100.00,26043,20331,10,10,"0","0"
15,"State Representative, District 69","RANDY NIX (I) (REP)","",10518,100.00,15697,12523,10,10,"0","0"
16,"State Representative, District 70","LYNN SMITH (I) (REP)","",1081,100.00,1454,1196,1,1,"0","0"
17,"District Attorney, Coweta Circuit","PETE SKANDALAKIS (I) (REP)","",36655,100.00,57251,44584,30,30,"0","0"
18,"CLERK SUPERIOR CT","A. J. LEE (I) R","",37017,100.00,57251,44584,30,30,"0","0"
19,"SHERIFF","T. E. LANGLEY (I) R","",33469,77.46,57251,44584,30,30,"0","0"
20,"SHERIFF","M. BRYANT (D)","",9740,22.54,57251,44584,30,30,"0","0"
21,"TAX COMMISSIONER","V. BEARDEN (I) R","",37956,100.00,57251,44584,30,30,"0","0"
22,"SURVEYOR","M. D. CRAWFORD (I) R","",36673,100.00,57251,44584,30,30,"0","0"
23,"CORONER","K. HANCOCK (R)","",37072,100.00,57251,44584,30,30,"0","0"
24,"CHAIR COMMISSIONER","M. W. SMITH (I) R","",36775,100.00,57251,44584,30,30,"0","0"
25,"CC D1","T. NORTH (I) D","",4420,100.00,7807,5408,8,8,"0","0"
26,"CC D3","T. LEE (I) R","",6435,100.00,9488,7480,9,9,"0","0"
27,"CC D5","L. POWERS (R)","",7045,100.00,9872,8076,9,9,"0","0"
28,"Constitutional Amendment #1<br>Provides greater flexibility and state accountability to fix failing schools through increasing community involvement.","YES","",15971,36.77,57251,44584,30,30,"0","0"
29,"Constitutional Amendment #1<br>Provides greater flexibility and state accountability to fix failing schools through increasing community involvement.","NO","",27467,63.23,57251,44584,30,30,"0","0"
30,"Constitutional Amendment #2<br>Authorizes penalties for sexual exploitation and assessments on adult entertainment to fund child victims' services.","YES","",35712,83.54,57251,44584,30,30,"0","0"
31,"Constitutional Amendment #2<br>Authorizes penalties for sexual exploitation and assessments on adult entertainment to fund child victims' services.","NO","",7034,16.46,57251,44584,30,30,"0","0"
32,"Constitutional Amendment #3<br>Reforms and re-establishes the Judicial Qualifications Commission and provides for its composition, governance, and powers.","YES","",25230,62.34,57251,44584,30,30,"0","0"
33,"Constitutional Amendment #3<br>Reforms and re-establishes the Judicial Qualifications Commission and provides for its composition, governance, and powers.","NO","",15240,37.66,57251,44584,30,30,"0","0"
34,"Constitutional Amendment #4<br>Dedicates revenue from existing taxes on fireworks to trauma care, fire services, and public safety.","YES","",33970,80.24,57251,44584,30,30,"0","0"
35,"Constitutional Amendment #4<br>Dedicates revenue from existing taxes on fireworks to trauma care, fire services, and public safety.","NO","",8365,19.76,57251,44584,30,30,"0","0"
36,"MT. ZION CITY COUNCIL P2 SPECIAL","E. ROBINSON","",270,51.14,712,556,1,1,"0","0"
37,"MT. ZION CITY COUNCIL P2 SPECIAL","C. E. WEBB","",258,48.86,712,556,1,1,"0","0"
38,"VILLA RICA MAYOR SPECIAL","S. T. DRAMMEH","",470,16.29,4405,3224,1,1,"0","0"
39,"VILLA RICA MAYOR SPECIAL","J. REESE","",1912,66.25,4405,3224,1,1,"0","0"
40,"VILLA RICA MAYOR SPECIAL","I. J. ROBINSON","",504,17.46,4405,3224,1,1,"0","0"
41,"VILLA RICA CITY COUNCIL W4 SPECIAL","M. N. DAY","",6,19.35,69,46,1,1,"0","0"
42,"VILLA RICA CITY COUNCIL W4 SPECIAL","J. KELLEY","",10,32.26,69,46,1,1,"0","0"
43,"VILLA RICA CITY COUNCIL W4 SPECIAL","G. MCDOUGAL","",9,29.03,69,46,1,1,"0","0"
44,"VILLA RICA CITY COUNCIL W4 SPECIAL","M. YOUNG","",6,19.35,69,46,1,1,"0","0"
45,"WHITESBURG CITY COUNCIL P4","M. SPRAYBERRY","",142,66.05,294,235,1,1,"0","0"
46,"WHITESBURG CITY COUNCIL P4","M. E. THOMAS SR.","",73,33.95,294,235,1,1,"0","0"
