"line number","contest name","choice name","party name","total votes","percent of votes","registered voters","ballots cast","num Precinct total","num Precinct rptg","over votes","under votes"
1,"President of the United States","DONALD J. TRUMP","",80649,72.73,138809,113180,42,42,"0","0"
2,"President of the United States","HILLARY CLINTON","",25231,22.75,138809,113180,42,42,"0","0"
3,"President of the United States","GARY JOHNSON","",5015,4.52,138809,113180,42,42,"0","0"
4,"United States Senator, Isakson","JOHNNY ISAKSON (I)","",80166,74.70,138809,113180,42,42,"0","0"
5,"United States Senator, Isakson","JIM BARKSDALE","",20717,19.30,138809,113180,42,42,"0","0"
6,"United States Senator, Isakson","ALLEN BUCKLEY","",6438,6.00,138809,113180,42,42,"0","0"
7,"Public Service Commission, District 2 - Eastern","TIM ECHOLS (I)","",82502,79.31,138809,113129,42,42,"0","0"
8,"Public Service Commission, District 2 - Eastern","ERIC HOSKINS","",21523,20.69,138809,113129,42,42,"0","0"
9,"U.S. Representative, District 11","BARRY LOUDERMILK (I)","",85342,78.81,138809,113180,42,42,"0","0"
10,"U.S. Representative, District 11","DON WILSON","",22946,21.19,138809,113180,42,42,"0","0"
11,"State Senator, District 14","BRUCE THOMPSON (I)","",35748,100.00,54281,43131,18,18,"0","0"
12,"State Senator, District 21","BRANDON BEACH (I) (REP)","",55595,100.00,79526,65858,26,26,"0","0"
13,"State Senator, District 56","JOHN ALBERS (I) (REP)","",2723,69.54,5002,4140,1,1,"0","0"
14,"State Senator, District 56","PATRICK THOMPSON (DEM)","",1193,30.46,5002,4140,1,1,"0","0"
15,"State Representative, District 20","MICHAEL CALDWELL (I) (REP)","",23543,100.00,35325,28427,11,11,"0","0"
16,"State Representative, District 21","SCOT TURNER (I) (REP)","",23967,100.00,34744,28376,11,11,"0","0"
17,"State Representative, District 22","WES CANTRELL (I) (REP)","",17628,87.71,25099,21195,10,10,"0","0"
18,"State Representative, District 22","OSCAR ""ASGHAR"" HAJLOO (DEM)","",2469,12.29,25099,21195,10,10,"0","0"
19,"State Representative, District 23","MANDI BALLINGER (I) (REP)","",20944,100.00,31686,25328,12,12,"0","0"
20,"State Representative, District 46","JOHN CARSON (I) (REP)","",7883,100.00,11955,9803,4,4,"0","0"
21,"District Attorney, Blue Ridge Circuit","SHANNON WALLACE (I) (REP)","",94782,100.00,138809,113129,42,42,"0","0"
22,"JUDGE PROBATE","K. WOOD (I) R","",94026,100.00,138809,113129,42,42,"0","0"
23,"CLERK SUPERIOR CT","P. BAKER (I) R","",94658,100.00,138809,113129,42,42,"0","0"
24,"SHERIFF","F. REYNOLDS (R)","",95540,100.00,138809,113129,42,42,"0","0"
25,"TAX COMMISSIONER","S. LITTLE (I) R","",95837,100.00,138809,113129,42,42,"0","0"
26,"SURVEYOR","R. R. WIKLE JR. (I)R","",93406,100.00,138809,113129,42,42,"0","0"
27,"CORONER","E. W. DARBY (I) R","",93929,100.00,138809,113129,42,42,"0","0"
28,"CHIEF MAGISTRATE","J. E. DRANE III (I)R","",93301,100.00,138809,113129,42,42,"0","0"
29,"CC D2","R. GUNNIN (I) R","",25210,100.00,36732,30597,11,11,"0","0"
30,"CC D3","B. KOVACS (R)","",22430,100.00,33087,26926,10,10,"0","0"
31,"BOE CHAIRPERSON","K. CROMER (I) R","",93715,100.00,138809,113129,42,42,"0","0"
32,"BOE D1","K. POOLE (I) R","",15523,100.00,22794,18591,7,7,"0","0"
33,"BOE D2","P. JORDAN (I) R","",18064,100.00,24877,20899,10,10,"0","0"
34,"SOIL AND WATER","W. GRIZZLE (I)","",90055,100.00,138809,113129,42,42,"0","0"
35,"Constitutional Amendment #1<br>Provides greater flexibility and state accountability to fix failing schools through increasing community involvement.","YES","",43070,39.10,138809,113129,42,42,"0","0"
36,"Constitutional Amendment #1<br>Provides greater flexibility and state accountability to fix failing schools through increasing community involvement.","NO","",67089,60.90,138809,113129,42,42,"0","0"
37,"Constitutional Amendment #2<br>Authorizes penalties for sexual exploitation and assessments on adult entertainment to fund child victims' services.","YES","",91758,84.34,138809,113129,42,42,"0","0"
38,"Constitutional Amendment #2<br>Authorizes penalties for sexual exploitation and assessments on adult entertainment to fund child victims' services.","NO","",17039,15.66,138809,113129,42,42,"0","0"
39,"Constitutional Amendment #3<br>Reforms and re-establishes the Judicial Qualifications Commission and provides for its composition, governance, and powers.","YES","",64466,63.53,138809,113129,42,42,"0","0"
40,"Constitutional Amendment #3<br>Reforms and re-establishes the Judicial Qualifications Commission and provides for its composition, governance, and powers.","NO","",37001,36.47,138809,113129,42,42,"0","0"
41,"Constitutional Amendment #4<br>Dedicates revenue from existing taxes on fireworks to trauma care, fire services, and public safety.","YES","",89740,82.79,138809,113129,42,42,"0","0"
42,"Constitutional Amendment #4<br>Dedicates revenue from existing taxes on fireworks to trauma care, fire services, and public safety.","NO","",18659,17.21,138809,113129,42,42,"0","0"
43,"SPLOST AND BONDS","YES","",78796,72.61,138809,113129,42,42,"0","0"
44,"SPLOST AND BONDS","NO","",29720,27.39,138809,113129,42,42,"0","0"
45,"HOLLY SPRINGS MAYOR","J. LAUGHLIN","",2162,47.25,6377,5221,8,8,"0","0"
46,"HOLLY SPRINGS MAYOR","S. MILLER","",2414,52.75,6377,5221,8,8,"0","0"
47,"HOLLY SPRINGS CITY COUNCIL W3","M. ZENCHUK","",4047,100.00,6377,5221,8,8,"0","0"
48,"HOLLY SPRINGS CITY COUNCIL W4","K. J. BARNETT","",2796,65.28,6377,5221,8,8,"0","0"
49,"HOLLY SPRINGS CITY COUNCIL W4","K. W. MOORE","",1487,34.72,6377,5221,8,8,"0","0"
50,"HOLLY SPRINGS CITY COUNCIL W5","J. S. SMITH","",3972,100.00,6377,5221,8,8,"0","0"
