<?xml version="1.0"?>
<!--Election result snapshot imported from Tabulation System
-->
<ElectionResult>
    <Timestamp>11/10/2016 11:28:02 AM EST</Timestamp>
    <ElectionName>November 8, 2016 - General Election</ElectionName>
    <ElectionDate>11/8/2016</ElectionDate>
    <Region>McIntosh</Region>
    <VoterTurnout totalVoters="9126" ballotsCast="5980" voterTurnout="65.53">
        <Precincts>
            <Precinct name="Sapelo Island" totalVoters="65" ballotsCast="50" voterTurnout="76.92" percentReporting="4" />
            <Precinct name="Townsend" totalVoters="588" ballotsCast="418" voterTurnout="71.09" percentReporting="4" />
            <Precinct name="Crescent" totalVoters="1880" ballotsCast="1224" voterTurnout="65.11" percentReporting="4" />
            <Precinct name="Darien" totalVoters="2490" ballotsCast="1559" voterTurnout="62.61" percentReporting="4" />
            <Precinct name="South Newport" totalVoters="1967" ballotsCast="1422" voterTurnout="72.29" percentReporting="4" />
            <Precinct name="North Darien" totalVoters="2136" ballotsCast="1307" voterTurnout="61.19" percentReporting="4" />
        </Precincts>
    </VoterTurnout>
    <Contest key="1" text="President of the United States" isQuestion="false" precinctsReporting="6" precinctsReported="6">
        <VoteType name="Number of Precincts for Race" votes="6">
            <Precinct name="Sapelo Island" votes="1" />
            <Precinct name="Townsend" votes="1" />
            <Precinct name="Crescent" votes="1" />
            <Precinct name="Darien" votes="1" />
            <Precinct name="South Newport" votes="1" />
            <Precinct name="North Darien" votes="1" />
        </VoteType>
        <VoteType name="Number of Precincts Reporting" votes="6">
            <Precinct name="Sapelo Island" votes="1" />
            <Precinct name="Townsend" votes="1" />
            <Precinct name="Crescent" votes="1" />
            <Precinct name="Darien" votes="1" />
            <Precinct name="South Newport" votes="1" />
            <Precinct name="North Darien" votes="1" />
        </VoteType>
        <Choice key="10" text="DONALD J. TRUMP" totalVotes="3487">
            <VoteType name="Election Day" votes="1254">
                <Precinct name="Sapelo Island" votes="6" />
                <Precinct name="Townsend" votes="119" />
                <Precinct name="Crescent" votes="135" />
                <Precinct name="Darien" votes="255" />
                <Precinct name="South Newport" votes="451" />
                <Precinct name="North Darien" votes="288" />
            </VoteType>
            <VoteType name="Absentee by Mail" votes="375">
                <Precinct name="Sapelo Island" votes="0" />
                <Precinct name="Townsend" votes="109" />
                <Precinct name="Crescent" votes="19" />
                <Precinct name="Darien" votes="117" />
                <Precinct name="South Newport" votes="69" />
                <Precinct name="North Darien" votes="61" />
            </VoteType>
            <VoteType name="Advance in Person" votes="1853">
                <Precinct name="Sapelo Island" votes="4" />
                <Precinct name="Townsend" votes="65" />
                <Precinct name="Crescent" votes="252" />
                <Precinct name="Darien" votes="550" />
                <Precinct name="South Newport" votes="489" />
                <Precinct name="North Darien" votes="493" />
            </VoteType>
            <VoteType name="Provisional" votes="5">
                <Precinct name="Sapelo Island" votes="0" />
                <Precinct name="Townsend" votes="0" />
                <Precinct name="Crescent" votes="0" />
                <Precinct name="Darien" votes="3" />
                <Precinct name="South Newport" votes="0" />
                <Precinct name="North Darien" votes="2" />
            </VoteType>
        </Choice>
        <Choice key="20" text="HILLARY CLINTON" totalVotes="2303">
            <VoteType name="Election Day" votes="956">
                <Precinct name="Sapelo Island" votes="26" />
                <Precinct name="Townsend" votes="43" />
                <Precinct name="Crescent" votes="349" />
                <Precinct name="Darien" votes="213" />
                <Precinct name="South Newport" votes="159" />
                <Precinct name="North Darien" votes="166" />
            </VoteType>
            <VoteType name="Absentee by Mail" votes="228">
                <Precinct name="Sapelo Island" votes="5" />
                <Precinct name="Townsend" votes="25" />
                <Precinct name="Crescent" votes="75" />
                <Precinct name="Darien" votes="56" />
                <Precinct name="South Newport" votes="35" />
                <Precinct name="North Darien" votes="32" />
            </VoteType>
            <VoteType name="Advance in Person" votes="1114">
                <Precinct name="Sapelo Island" votes="8" />
                <Precinct name="Townsend" votes="48" />
                <Precinct name="Crescent" votes="374" />
                <Precinct name="Darien" votes="309" />
                <Precinct name="South Newport" votes="164" />
                <Precinct name="North Darien" votes="211" />
            </VoteType>
            <VoteType name="Provisional" votes="5">
                <Precinct name="Sapelo Island" votes="0" />
                <Precinct name="Townsend" votes="0" />
                <Precinct name="Crescent" votes="1" />
                <Precinct name="Darien" votes="4" />
                <Precinct name="South Newport" votes="0" />
                <Precinct name="North Darien" votes="0" />
            </VoteType>
        </Choice>
        <Choice key="30" text="GARY JOHNSON" totalVotes="113">
            <VoteType name="Election Day" votes="57">
                <Precinct name="Sapelo Island" votes="0" />
                <Precinct name="Townsend" votes="1" />
                <Precinct name="Crescent" votes="6" />
                <Precinct name="Darien" votes="11" />
                <Precinct name="South Newport" votes="20" />
                <Precinct name="North Darien" votes="19" />
            </VoteType>
            <VoteType name="Absentee by Mail" votes="12">
                <Precinct name="Sapelo Island" votes="0" />
                <Precinct name="Townsend" votes="0" />
                <Precinct name="Crescent" votes="0" />
                <Precinct name="Darien" votes="3" />
                <Precinct name="South Newport" votes="4" />
                <Precinct name="North Darien" votes="5" />
            </VoteType>
            <VoteType name="Advance in Person" votes="44">
                <Precinct name="Sapelo Island" votes="0" />
                <Precinct name="Townsend" votes="0" />
                <Precinct name="Crescent" votes="4" />
                <Precinct name="Darien" votes="15" />
                <Precinct name="South Newport" votes="11" />
                <Precinct name="North Darien" votes="14" />
            </VoteType>
            <VoteType name="Provisional" votes="0">
                <Precinct name="Sapelo Island" votes="0" />
                <Precinct name="Townsend" votes="0" />
                <Precinct name="Crescent" votes="0" />
                <Precinct name="Darien" votes="0" />
                <Precinct name="South Newport" votes="0" />
                <Precinct name="North Darien" votes="0" />
            </VoteType>
        </Choice>
    </Contest>
    <Contest key="10" text="United States Senator, Isakson" isQuestion="false" precinctsReporting="6" precinctsReported="6">
        <VoteType name="Number of Precincts for Race" votes="6">
            <Precinct name="Sapelo Island" votes="1" />
            <Precinct name="Townsend" votes="1" />
            <Precinct name="Crescent" votes="1" />
            <Precinct name="Darien" votes="1" />
            <Precinct name="South Newport" votes="1" />
            <Precinct name="North Darien" votes="1" />
        </VoteType>
        <VoteType name="Number of Precincts Reporting" votes="6">
            <Precinct name="Sapelo Island" votes="1" />
            <Precinct name="Townsend" votes="1" />
            <Precinct name="Crescent" votes="1" />
            <Precinct name="Darien" votes="1" />
            <Precinct name="South Newport" votes="1" />
            <Precinct name="North Darien" votes="1" />
        </VoteType>
        <Choice key="30" text="JOHNNY ISAKSON (I)" totalVotes="3420">
            <VoteType name="Election Day" votes="1225">
                <Precinct name="Sapelo Island" votes="6" />
                <Precinct name="Townsend" votes="108" />
                <Precinct name="Crescent" votes="150" />
                <Precinct name="Darien" votes="238" />
                <Precinct name="South Newport" votes="443" />
                <Precinct name="North Darien" votes="280" />
            </VoteType>
            <VoteType name="Absentee by Mail" votes="391">
                <Precinct name="Sapelo Island" votes="0" />
                <Precinct name="Townsend" votes="111" />
                <Precinct name="Crescent" votes="23" />
                <Precinct name="Darien" votes="122" />
                <Precinct name="South Newport" votes="75" />
                <Precinct name="North Darien" votes="60" />
            </VoteType>
            <VoteType name="Advance in Person" votes="1798">
                <Precinct name="Sapelo Island" votes="5" />
                <Precinct name="Townsend" votes="64" />
                <Precinct name="Crescent" votes="274" />
                <Precinct name="Darien" votes="515" />
                <Precinct name="South Newport" votes="480" />
                <Precinct name="North Darien" votes="460" />
            </VoteType>
            <VoteType name="Provisional" votes="6">
                <Precinct name="Sapelo Island" votes="0" />
                <Precinct name="Townsend" votes="0" />
                <Precinct name="Crescent" votes="0" />
                <Precinct name="Darien" votes="4" />
                <Precinct name="South Newport" votes="0" />
                <Precinct name="North Darien" votes="2" />
            </VoteType>
        </Choice>
        <Choice key="40" text="JIM BARKSDALE" totalVotes="1905">
            <VoteType name="Election Day" votes="795">
                <Precinct name="Sapelo Island" votes="21" />
                <Precinct name="Townsend" votes="39" />
                <Precinct name="Crescent" votes="286" />
                <Precinct name="Darien" votes="187" />
                <Precinct name="South Newport" votes="126" />
                <Precinct name="North Darien" votes="136" />
            </VoteType>
            <VoteType name="Absentee by Mail" votes="199">
                <Precinct name="Sapelo Island" votes="5" />
                <Precinct name="Townsend" votes="18" />
                <Precinct name="Crescent" votes="64" />
                <Precinct name="Darien" votes="54" />
                <Precinct name="South Newport" votes="25" />
                <Precinct name="North Darien" votes="33" />
            </VoteType>
            <VoteType name="Advance in Person" votes="907">
                <Precinct name="Sapelo Island" votes="6" />
                <Precinct name="Townsend" votes="41" />
                <Precinct name="Crescent" votes="296" />
                <Precinct name="Darien" votes="250" />
                <Precinct name="South Newport" votes="139" />
                <Precinct name="North Darien" votes="175" />
            </VoteType>
            <VoteType name="Provisional" votes="4">
                <Precinct name="Sapelo Island" votes="0" />
                <Precinct name="Townsend" votes="0" />
                <Precinct name="Crescent" votes="1" />
                <Precinct name="Darien" votes="3" />
                <Precinct name="South Newport" votes="0" />
                <Precinct name="North Darien" votes="0" />
            </VoteType>
        </Choice>
        <Choice key="50" text="ALLEN BUCKLEY" totalVotes="189">
            <VoteType name="Election Day" votes="83">
                <Precinct name="Sapelo Island" votes="0" />
                <Precinct name="Townsend" votes="4" />
                <Precinct name="Crescent" votes="14" />
                <Precinct name="Darien" votes="16" />
                <Precinct name="South Newport" votes="28" />
                <Precinct name="North Darien" votes="21" />
            </VoteType>
            <VoteType name="Absentee by Mail" votes="14">
                <Precinct name="Sapelo Island" votes="0" />
                <Precinct name="Townsend" votes="0" />
                <Precinct name="Crescent" votes="0" />
                <Precinct name="Darien" votes="3" />
                <Precinct name="South Newport" votes="8" />
                <Precinct name="North Darien" votes="3" />
            </VoteType>
            <VoteType name="Advance in Person" votes="92">
                <Precinct name="Sapelo Island" votes="0" />
                <Precinct name="Townsend" votes="3" />
                <Precinct name="Crescent" votes="18" />
                <Precinct name="Darien" votes="26" />
                <Precinct name="South Newport" votes="17" />
                <Precinct name="North Darien" votes="28" />
            </VoteType>
            <VoteType name="Provisional" votes="0">
                <Precinct name="Sapelo Island" votes="0" />
                <Precinct name="Townsend" votes="0" />
                <Precinct name="Crescent" votes="0" />
                <Precinct name="Darien" votes="0" />
                <Precinct name="South Newport" votes="0" />
                <Precinct name="North Darien" votes="0" />
            </VoteType>
        </Choice>
    </Contest>
    <Contest key="30" text="Public Service Commission, District 2 - Eastern" isQuestion="false" precinctsReporting="6" precinctsReported="6">
        <VoteType name="Number of Precincts for Race" votes="6">
            <Precinct name="Sapelo Island" votes="1" />
            <Precinct name="Townsend" votes="1" />
            <Precinct name="Crescent" votes="1" />
            <Precinct name="Darien" votes="1" />
            <Precinct name="South Newport" votes="1" />
            <Precinct name="North Darien" votes="1" />
        </VoteType>
        <VoteType name="Number of Precincts Reporting" votes="6">
            <Precinct name="Sapelo Island" votes="1" />
            <Precinct name="Townsend" votes="1" />
            <Precinct name="Crescent" votes="1" />
            <Precinct name="Darien" votes="1" />
            <Precinct name="South Newport" votes="1" />
            <Precinct name="North Darien" votes="1" />
        </VoteType>
        <Choice key="20" text="TIM ECHOLS (I)" totalVotes="3727">
            <VoteType name="Election Day" votes="1349">
                <Precinct name="Sapelo Island" votes="7" />
                <Precinct name="Townsend" votes="118" />
                <Precinct name="Crescent" votes="194" />
                <Precinct name="Darien" votes="259" />
                <Precinct name="South Newport" votes="473" />
                <Precinct name="North Darien" votes="298" />
            </VoteType>
            <VoteType name="Absentee by Mail" votes="406">
                <Precinct name="Sapelo Island" votes="2" />
                <Precinct name="Townsend" votes="107" />
                <Precinct name="Crescent" votes="26" />
                <Precinct name="Darien" votes="122" />
                <Precinct name="South Newport" votes="82" />
                <Precinct name="North Darien" votes="67" />
            </VoteType>
            <VoteType name="Advance in Person" votes="1966">
                <Precinct name="Sapelo Island" votes="6" />
                <Precinct name="Townsend" votes="65" />
                <Precinct name="Crescent" votes="324" />
                <Precinct name="Darien" votes="566" />
                <Precinct name="South Newport" votes="500" />
                <Precinct name="North Darien" votes="505" />
            </VoteType>
            <VoteType name="Provisional" votes="6">
                <Precinct name="Sapelo Island" votes="0" />
                <Precinct name="Townsend" votes="0" />
                <Precinct name="Crescent" votes="1" />
                <Precinct name="Darien" votes="4" />
                <Precinct name="South Newport" votes="0" />
                <Precinct name="North Darien" votes="1" />
            </VoteType>
        </Choice>
        <Choice key="30" text="ERIC HOSKINS" totalVotes="1235">
            <VoteType name="Election Day" votes="561">
                <Precinct name="Sapelo Island" votes="13" />
                <Precinct name="Townsend" votes="28" />
                <Precinct name="Crescent" votes="170" />
                <Precinct name="Darien" votes="137" />
                <Precinct name="South Newport" votes="106" />
                <Precinct name="North Darien" votes="107" />
            </VoteType>
            <VoteType name="Absentee by Mail" votes="102">
                <Precinct name="Sapelo Island" votes="1" />
                <Precinct name="Townsend" votes="8" />
                <Precinct name="Crescent" votes="35" />
                <Precinct name="Darien" votes="28" />
                <Precinct name="South Newport" votes="16" />
                <Precinct name="North Darien" votes="14" />
            </VoteType>
            <VoteType name="Advance in Person" votes="570">
                <Precinct name="Sapelo Island" votes="4" />
                <Precinct name="Townsend" votes="26" />
                <Precinct name="Crescent" votes="157" />
                <Precinct name="Darien" votes="156" />
                <Precinct name="South Newport" votes="106" />
                <Precinct name="North Darien" votes="121" />
            </VoteType>
            <VoteType name="Provisional" votes="2">
                <Precinct name="Sapelo Island" votes="0" />
                <Precinct name="Townsend" votes="0" />
                <Precinct name="Crescent" votes="0" />
                <Precinct name="Darien" votes="1" />
                <Precinct name="South Newport" votes="0" />
                <Precinct name="North Darien" votes="1" />
            </VoteType>
        </Choice>
    </Contest>
    <Contest key="50" text="U.S. Representative, District 1" isQuestion="false" precinctsReporting="6" precinctsReported="6">
        <VoteType name="Number of Precincts for Race" votes="6">
            <Precinct name="Sapelo Island" votes="1" />
            <Precinct name="Townsend" votes="1" />
            <Precinct name="Crescent" votes="1" />
            <Precinct name="Darien" votes="1" />
            <Precinct name="South Newport" votes="1" />
            <Precinct name="North Darien" votes="1" />
        </VoteType>
        <VoteType name="Number of Precincts Reporting" votes="6">
            <Precinct name="Sapelo Island" votes="1" />
            <Precinct name="Townsend" votes="1" />
            <Precinct name="Crescent" votes="1" />
            <Precinct name="Darien" votes="1" />
            <Precinct name="South Newport" votes="1" />
            <Precinct name="North Darien" votes="1" />
        </VoteType>
        <Choice key="10" text="EARL “BUDDY” CARTER (I)" totalVotes="4463">
            <VoteType name="Election Day" votes="1712">
                <Precinct name="Sapelo Island" votes="15" />
                <Precinct name="Townsend" votes="133" />
                <Precinct name="Crescent" votes="302" />
                <Precinct name="Darien" votes="358" />
                <Precinct name="South Newport" votes="545" />
                <Precinct name="North Darien" votes="359" />
            </VoteType>
            <VoteType name="Absentee by Mail" votes="444">
                <Precinct name="Sapelo Island" votes="2" />
                <Precinct name="Townsend" votes="103" />
                <Precinct name="Crescent" votes="50" />
                <Precinct name="Darien" votes="137" />
                <Precinct name="South Newport" votes="77" />
                <Precinct name="North Darien" votes="75" />
            </VoteType>
            <VoteType name="Advance in Person" votes="2300">
                <Precinct name="Sapelo Island" votes="7" />
                <Precinct name="Townsend" votes="83" />
                <Precinct name="Crescent" votes="418" />
                <Precinct name="Darien" votes="660" />
                <Precinct name="South Newport" votes="555" />
                <Precinct name="North Darien" votes="577" />
            </VoteType>
            <VoteType name="Provisional" votes="7">
                <Precinct name="Sapelo Island" votes="0" />
                <Precinct name="Townsend" votes="0" />
                <Precinct name="Crescent" votes="1" />
                <Precinct name="Darien" votes="4" />
                <Precinct name="South Newport" votes="0" />
                <Precinct name="North Darien" votes="2" />
            </VoteType>
        </Choice>
    </Contest>
    <Contest key="70" text="State Senator, District 3" isQuestion="false" precinctsReporting="6" precinctsReported="6">
        <VoteType name="Number of Precincts for Race" votes="6">
            <Precinct name="Sapelo Island" votes="1" />
            <Precinct name="Townsend" votes="1" />
            <Precinct name="Crescent" votes="1" />
            <Precinct name="Darien" votes="1" />
            <Precinct name="South Newport" votes="1" />
            <Precinct name="North Darien" votes="1" />
        </VoteType>
        <VoteType name="Number of Precincts Reporting" votes="6">
            <Precinct name="Sapelo Island" votes="1" />
            <Precinct name="Townsend" votes="1" />
            <Precinct name="Crescent" votes="1" />
            <Precinct name="Darien" votes="1" />
            <Precinct name="South Newport" votes="1" />
            <Precinct name="North Darien" votes="1" />
        </VoteType>
        <Choice key="10" text="WILLIAM LIGON JR (I)" totalVotes="4371">
            <VoteType name="Election Day" votes="1676">
                <Precinct name="Sapelo Island" votes="15" />
                <Precinct name="Townsend" votes="134" />
                <Precinct name="Crescent" votes="294" />
                <Precinct name="Darien" votes="355" />
                <Precinct name="South Newport" votes="530" />
                <Precinct name="North Darien" votes="348" />
            </VoteType>
            <VoteType name="Absentee by Mail" votes="438">
                <Precinct name="Sapelo Island" votes="2" />
                <Precinct name="Townsend" votes="103" />
                <Precinct name="Crescent" votes="45" />
                <Precinct name="Darien" votes="136" />
                <Precinct name="South Newport" votes="79" />
                <Precinct name="North Darien" votes="73" />
            </VoteType>
            <VoteType name="Advance in Person" votes="2250">
                <Precinct name="Sapelo Island" votes="7" />
                <Precinct name="Townsend" votes="83" />
                <Precinct name="Crescent" votes="407" />
                <Precinct name="Darien" votes="646" />
                <Precinct name="South Newport" votes="544" />
                <Precinct name="North Darien" votes="563" />
            </VoteType>
            <VoteType name="Provisional" votes="7">
                <Precinct name="Sapelo Island" votes="0" />
                <Precinct name="Townsend" votes="0" />
                <Precinct name="Crescent" votes="1" />
                <Precinct name="Darien" votes="4" />
                <Precinct name="South Newport" votes="0" />
                <Precinct name="North Darien" votes="2" />
            </VoteType>
        </Choice>
    </Contest>
    <Contest key="90" text="State Representative, District 167" isQuestion="false" precinctsReporting="6" precinctsReported="6">
        <VoteType name="Number of Precincts for Race" votes="6">
            <Precinct name="Sapelo Island" votes="1" />
            <Precinct name="Townsend" votes="1" />
            <Precinct name="Crescent" votes="1" />
            <Precinct name="Darien" votes="1" />
            <Precinct name="South Newport" votes="1" />
            <Precinct name="North Darien" votes="1" />
        </VoteType>
        <VoteType name="Number of Precincts Reporting" votes="6">
            <Precinct name="Sapelo Island" votes="1" />
            <Precinct name="Townsend" votes="1" />
            <Precinct name="Crescent" votes="1" />
            <Precinct name="Darien" votes="1" />
            <Precinct name="South Newport" votes="1" />
            <Precinct name="North Darien" votes="1" />
        </VoteType>
        <Choice key="10" text="JEFF JONES (I)" totalVotes="4292">
            <VoteType name="Election Day" votes="1647">
                <Precinct name="Sapelo Island" votes="14" />
                <Precinct name="Townsend" votes="130" />
                <Precinct name="Crescent" votes="284" />
                <Precinct name="Darien" votes="343" />
                <Precinct name="South Newport" votes="529" />
                <Precinct name="North Darien" votes="347" />
            </VoteType>
            <VoteType name="Absentee by Mail" votes="434">
                <Precinct name="Sapelo Island" votes="2" />
                <Precinct name="Townsend" votes="99" />
                <Precinct name="Crescent" votes="50" />
                <Precinct name="Darien" votes="134" />
                <Precinct name="South Newport" votes="77" />
                <Precinct name="North Darien" votes="72" />
            </VoteType>
            <VoteType name="Advance in Person" votes="2204">
                <Precinct name="Sapelo Island" votes="9" />
                <Precinct name="Townsend" votes="80" />
                <Precinct name="Crescent" votes="391" />
                <Precinct name="Darien" votes="626" />
                <Precinct name="South Newport" votes="536" />
                <Precinct name="North Darien" votes="562" />
            </VoteType>
            <VoteType name="Provisional" votes="7">
                <Precinct name="Sapelo Island" votes="0" />
                <Precinct name="Townsend" votes="0" />
                <Precinct name="Crescent" votes="1" />
                <Precinct name="Darien" votes="4" />
                <Precinct name="South Newport" votes="0" />
                <Precinct name="North Darien" votes="2" />
            </VoteType>
        </Choice>
    </Contest>
    <Contest key="110" text="CLERK, SUPERIOR COURT" isQuestion="false" precinctsReporting="6" precinctsReported="6">
        <VoteType name="Number of Precincts for Race" votes="6">
            <Precinct name="Sapelo Island" votes="1" />
            <Precinct name="Townsend" votes="1" />
            <Precinct name="Crescent" votes="1" />
            <Precinct name="Darien" votes="1" />
            <Precinct name="South Newport" votes="1" />
            <Precinct name="North Darien" votes="1" />
        </VoteType>
        <VoteType name="Number of Precincts Reporting" votes="6">
            <Precinct name="Sapelo Island" votes="1" />
            <Precinct name="Townsend" votes="1" />
            <Precinct name="Crescent" votes="1" />
            <Precinct name="Darien" votes="1" />
            <Precinct name="South Newport" votes="1" />
            <Precinct name="North Darien" votes="1" />
        </VoteType>
        <Choice key="20" text="R. MCFERRIN (I) R" totalVotes="3417">
            <VoteType name="Election Day" votes="1194">
                <Precinct name="Sapelo Island" votes="6" />
                <Precinct name="Townsend" votes="104" />
                <Precinct name="Crescent" votes="128" />
                <Precinct name="Darien" votes="224" />
                <Precinct name="South Newport" votes="469" />
                <Precinct name="North Darien" votes="263" />
            </VoteType>
            <VoteType name="Absentee by Mail" votes="379">
                <Precinct name="Sapelo Island" votes="0" />
                <Precinct name="Townsend" votes="104" />
                <Precinct name="Crescent" votes="18" />
                <Precinct name="Darien" votes="117" />
                <Precinct name="South Newport" votes="77" />
                <Precinct name="North Darien" votes="63" />
            </VoteType>
            <VoteType name="Advance in Person" votes="1839">
                <Precinct name="Sapelo Island" votes="5" />
                <Precinct name="Townsend" votes="57" />
                <Precinct name="Crescent" votes="256" />
                <Precinct name="Darien" votes="524" />
                <Precinct name="South Newport" votes="506" />
                <Precinct name="North Darien" votes="491" />
            </VoteType>
            <VoteType name="Provisional" votes="5">
                <Precinct name="Sapelo Island" votes="0" />
                <Precinct name="Townsend" votes="0" />
                <Precinct name="Crescent" votes="0" />
                <Precinct name="Darien" votes="3" />
                <Precinct name="South Newport" votes="0" />
                <Precinct name="North Darien" votes="2" />
            </VoteType>
        </Choice>
        <Choice key="30" text="R. KING (D)" totalVotes="2305">
            <VoteType name="Election Day" votes="1014">
                <Precinct name="Sapelo Island" votes="26" />
                <Precinct name="Townsend" votes="57" />
                <Precinct name="Crescent" votes="348" />
                <Precinct name="Darien" votes="242" />
                <Precinct name="South Newport" votes="147" />
                <Precinct name="North Darien" votes="194" />
            </VoteType>
            <VoteType name="Absentee by Mail" votes="227">
                <Precinct name="Sapelo Island" votes="5" />
                <Precinct name="Townsend" votes="24" />
                <Precinct name="Crescent" votes="75" />
                <Precinct name="Darien" votes="62" />
                <Precinct name="South Newport" votes="29" />
                <Precinct name="North Darien" votes="32" />
            </VoteType>
            <VoteType name="Advance in Person" votes="1059">
                <Precinct name="Sapelo Island" votes="6" />
                <Precinct name="Townsend" votes="46" />
                <Precinct name="Crescent" votes="359" />
                <Precinct name="Darien" votes="310" />
                <Precinct name="South Newport" votes="139" />
                <Precinct name="North Darien" votes="199" />
            </VoteType>
            <VoteType name="Provisional" votes="5">
                <Precinct name="Sapelo Island" votes="0" />
                <Precinct name="Townsend" votes="0" />
                <Precinct name="Crescent" votes="1" />
                <Precinct name="Darien" votes="4" />
                <Precinct name="South Newport" votes="0" />
                <Precinct name="North Darien" votes="0" />
            </VoteType>
        </Choice>
    </Contest>
    <Contest key="130" text="SHERIFF" isQuestion="false" precinctsReporting="6" precinctsReported="6">
        <VoteType name="Number of Precincts for Race" votes="6">
            <Precinct name="Sapelo Island" votes="1" />
            <Precinct name="Townsend" votes="1" />
            <Precinct name="Crescent" votes="1" />
            <Precinct name="Darien" votes="1" />
            <Precinct name="South Newport" votes="1" />
            <Precinct name="North Darien" votes="1" />
        </VoteType>
        <VoteType name="Number of Precincts Reporting" votes="6">
            <Precinct name="Sapelo Island" votes="1" />
            <Precinct name="Townsend" votes="1" />
            <Precinct name="Crescent" votes="1" />
            <Precinct name="Darien" votes="1" />
            <Precinct name="South Newport" votes="1" />
            <Precinct name="North Darien" votes="1" />
        </VoteType>
        <Choice key="10" text="S. D. JESSUP (I) R" totalVotes="3688">
            <VoteType name="Election Day" votes="1295">
                <Precinct name="Sapelo Island" votes="5" />
                <Precinct name="Townsend" votes="112" />
                <Precinct name="Crescent" votes="142" />
                <Precinct name="Darien" votes="239" />
                <Precinct name="South Newport" votes="508" />
                <Precinct name="North Darien" votes="289" />
            </VoteType>
            <VoteType name="Absentee by Mail" votes="415">
                <Precinct name="Sapelo Island" votes="1" />
                <Precinct name="Townsend" votes="119" />
                <Precinct name="Crescent" votes="23" />
                <Precinct name="Darien" votes="125" />
                <Precinct name="South Newport" votes="78" />
                <Precinct name="North Darien" votes="69" />
            </VoteType>
            <VoteType name="Advance in Person" votes="1973">
                <Precinct name="Sapelo Island" votes="5" />
                <Precinct name="Townsend" votes="64" />
                <Precinct name="Crescent" votes="289" />
                <Precinct name="Darien" votes="566" />
                <Precinct name="South Newport" votes="543" />
                <Precinct name="North Darien" votes="506" />
            </VoteType>
            <VoteType name="Provisional" votes="5">
                <Precinct name="Sapelo Island" votes="0" />
                <Precinct name="Townsend" votes="0" />
                <Precinct name="Crescent" votes="0" />
                <Precinct name="Darien" votes="3" />
                <Precinct name="South Newport" votes="0" />
                <Precinct name="North Darien" votes="2" />
            </VoteType>
        </Choice>
        <Choice key="20" text="C. JONES (D)" totalVotes="2202">
            <VoteType name="Election Day" votes="982">
                <Precinct name="Sapelo Island" votes="28" />
                <Precinct name="Townsend" votes="54" />
                <Precinct name="Crescent" votes="345" />
                <Precinct name="Darien" votes="244" />
                <Precinct name="South Newport" votes="123" />
                <Precinct name="North Darien" votes="188" />
            </VoteType>
            <VoteType name="Absentee by Mail" votes="203">
                <Precinct name="Sapelo Island" votes="4" />
                <Precinct name="Townsend" votes="16" />
                <Precinct name="Crescent" votes="71" />
                <Precinct name="Darien" votes="54" />
                <Precinct name="South Newport" votes="27" />
                <Precinct name="North Darien" votes="31" />
            </VoteType>
            <VoteType name="Advance in Person" votes="1013">
                <Precinct name="Sapelo Island" votes="6" />
                <Precinct name="Townsend" votes="48" />
                <Precinct name="Crescent" votes="338" />
                <Precinct name="Darien" votes="299" />
                <Precinct name="South Newport" votes="118" />
                <Precinct name="North Darien" votes="204" />
            </VoteType>
            <VoteType name="Provisional" votes="4">
                <Precinct name="Sapelo Island" votes="0" />
                <Precinct name="Townsend" votes="0" />
                <Precinct name="Crescent" votes="1" />
                <Precinct name="Darien" votes="3" />
                <Precinct name="South Newport" votes="0" />
                <Precinct name="North Darien" votes="0" />
            </VoteType>
        </Choice>
    </Contest>
    <Contest key="150" text="TAX COMMISSIONER" isQuestion="false" precinctsReporting="6" precinctsReported="6">
        <VoteType name="Number of Precincts for Race" votes="6">
            <Precinct name="Sapelo Island" votes="1" />
            <Precinct name="Townsend" votes="1" />
            <Precinct name="Crescent" votes="1" />
            <Precinct name="Darien" votes="1" />
            <Precinct name="South Newport" votes="1" />
            <Precinct name="North Darien" votes="1" />
        </VoteType>
        <VoteType name="Number of Precincts Reporting" votes="6">
            <Precinct name="Sapelo Island" votes="1" />
            <Precinct name="Townsend" votes="1" />
            <Precinct name="Crescent" votes="1" />
            <Precinct name="Darien" votes="1" />
            <Precinct name="South Newport" votes="1" />
            <Precinct name="North Darien" votes="1" />
        </VoteType>
        <Choice key="10" text="W. NELSON (I) R" totalVotes="3653">
            <VoteType name="Election Day" votes="1265">
                <Precinct name="Sapelo Island" votes="7" />
                <Precinct name="Townsend" votes="110" />
                <Precinct name="Crescent" votes="142" />
                <Precinct name="Darien" votes="239" />
                <Precinct name="South Newport" votes="482" />
                <Precinct name="North Darien" votes="285" />
            </VoteType>
            <VoteType name="Absentee by Mail" votes="411">
                <Precinct name="Sapelo Island" votes="0" />
                <Precinct name="Townsend" votes="120" />
                <Precinct name="Crescent" votes="19" />
                <Precinct name="Darien" votes="125" />
                <Precinct name="South Newport" votes="80" />
                <Precinct name="North Darien" votes="67" />
            </VoteType>
            <VoteType name="Advance in Person" votes="1972">
                <Precinct name="Sapelo Island" votes="5" />
                <Precinct name="Townsend" votes="66" />
                <Precinct name="Crescent" votes="292" />
                <Precinct name="Darien" votes="573" />
                <Precinct name="South Newport" votes="524" />
                <Precinct name="North Darien" votes="512" />
            </VoteType>
            <VoteType name="Provisional" votes="5">
                <Precinct name="Sapelo Island" votes="0" />
                <Precinct name="Townsend" votes="0" />
                <Precinct name="Crescent" votes="0" />
                <Precinct name="Darien" votes="3" />
                <Precinct name="South Newport" votes="0" />
                <Precinct name="North Darien" votes="2" />
            </VoteType>
        </Choice>
        <Choice key="20" text="J. L. ALSTON (D)" totalVotes="2180">
            <VoteType name="Election Day" votes="971">
                <Precinct name="Sapelo Island" votes="24" />
                <Precinct name="Townsend" votes="53" />
                <Precinct name="Crescent" votes="339" />
                <Precinct name="Darien" votes="229" />
                <Precinct name="South Newport" votes="140" />
                <Precinct name="North Darien" votes="186" />
            </VoteType>
            <VoteType name="Absentee by Mail" votes="204">
                <Precinct name="Sapelo Island" votes="5" />
                <Precinct name="Townsend" votes="15" />
                <Precinct name="Crescent" votes="74" />
                <Precinct name="Darien" votes="54" />
                <Precinct name="South Newport" votes="26" />
                <Precinct name="North Darien" votes="30" />
            </VoteType>
            <VoteType name="Advance in Person" votes="1001">
                <Precinct name="Sapelo Island" votes="6" />
                <Precinct name="Townsend" votes="44" />
                <Precinct name="Crescent" votes="332" />
                <Precinct name="Darien" votes="293" />
                <Precinct name="South Newport" votes="128" />
                <Precinct name="North Darien" votes="198" />
            </VoteType>
            <VoteType name="Provisional" votes="4">
                <Precinct name="Sapelo Island" votes="0" />
                <Precinct name="Townsend" votes="0" />
                <Precinct name="Crescent" votes="1" />
                <Precinct name="Darien" votes="3" />
                <Precinct name="South Newport" votes="0" />
                <Precinct name="North Darien" votes="0" />
            </VoteType>
        </Choice>
    </Contest>
    <Contest key="180" text="CORONER" isQuestion="false" precinctsReporting="6" precinctsReported="6">
        <VoteType name="Number of Precincts for Race" votes="6">
            <Precinct name="Sapelo Island" votes="1" />
            <Precinct name="Townsend" votes="1" />
            <Precinct name="Crescent" votes="1" />
            <Precinct name="Darien" votes="1" />
            <Precinct name="South Newport" votes="1" />
            <Precinct name="North Darien" votes="1" />
        </VoteType>
        <VoteType name="Number of Precincts Reporting" votes="6">
            <Precinct name="Sapelo Island" votes="1" />
            <Precinct name="Townsend" votes="1" />
            <Precinct name="Crescent" votes="1" />
            <Precinct name="Darien" votes="1" />
            <Precinct name="South Newport" votes="1" />
            <Precinct name="North Darien" votes="1" />
        </VoteType>
        <Choice key="10" text="M. AMERSON (I) D" totalVotes="4949">
            <VoteType name="Election Day" votes="1925">
                <Precinct name="Sapelo Island" votes="27" />
                <Precinct name="Townsend" votes="147" />
                <Precinct name="Crescent" votes="421" />
                <Precinct name="Darien" votes="405" />
                <Precinct name="South Newport" votes="516" />
                <Precinct name="North Darien" votes="409" />
            </VoteType>
            <VoteType name="Absentee by Mail" votes="515">
                <Precinct name="Sapelo Island" votes="4" />
                <Precinct name="Townsend" votes="106" />
                <Precinct name="Crescent" votes="84" />
                <Precinct name="Darien" votes="152" />
                <Precinct name="South Newport" votes="83" />
                <Precinct name="North Darien" votes="86" />
            </VoteType>
            <VoteType name="Advance in Person" votes="2500">
                <Precinct name="Sapelo Island" votes="10" />
                <Precinct name="Townsend" votes="90" />
                <Precinct name="Crescent" votes="532" />
                <Precinct name="Darien" votes="723" />
                <Precinct name="South Newport" votes="540" />
                <Precinct name="North Darien" votes="605" />
            </VoteType>
            <VoteType name="Provisional" votes="9">
                <Precinct name="Sapelo Island" votes="0" />
                <Precinct name="Townsend" votes="0" />
                <Precinct name="Crescent" votes="1" />
                <Precinct name="Darien" votes="6" />
                <Precinct name="South Newport" votes="0" />
                <Precinct name="North Darien" votes="2" />
            </VoteType>
        </Choice>
    </Contest>
    <Contest key="210" text="CC, D2" isQuestion="false" precinctsReporting="1" precinctsReported="1">
        <VoteType name="Number of Precincts for Race" votes="1">
            <Precinct name="North Darien" votes="1" />
        </VoteType>
        <VoteType name="Number of Precincts Reporting" votes="1">
            <Precinct name="North Darien" votes="1" />
        </VoteType>
        <Choice key="10" text="D. STEVENS (I) R" totalVotes="994">
            <VoteType name="Election Day" votes="362">
                <Precinct name="North Darien" votes="362" />
            </VoteType>
            <VoteType name="Absentee by Mail" votes="76">
                <Precinct name="North Darien" votes="76" />
            </VoteType>
            <VoteType name="Advance in Person" votes="554">
                <Precinct name="North Darien" votes="554" />
            </VoteType>
            <VoteType name="Provisional" votes="2">
                <Precinct name="North Darien" votes="2" />
            </VoteType>
        </Choice>
    </Contest>
    <Contest key="230" text="CC, D4" isQuestion="false" precinctsReporting="2" precinctsReported="2">
        <VoteType name="Number of Precincts for Race" votes="2">
            <Precinct name="Townsend" votes="1" />
            <Precinct name="South Newport" votes="1" />
        </VoteType>
        <VoteType name="Number of Precincts Reporting" votes="2">
            <Precinct name="Townsend" votes="1" />
            <Precinct name="South Newport" votes="1" />
        </VoteType>
        <Choice key="10" text="B. WATSON (I) R" totalVotes="1067">
            <VoteType name="Election Day" votes="427">
                <Precinct name="Townsend" votes="74" />
                <Precinct name="South Newport" votes="353" />
            </VoteType>
            <VoteType name="Absentee by Mail" votes="159">
                <Precinct name="Townsend" votes="98" />
                <Precinct name="South Newport" votes="61" />
            </VoteType>
            <VoteType name="Advance in Person" votes="481">
                <Precinct name="Townsend" votes="55" />
                <Precinct name="South Newport" votes="426" />
            </VoteType>
            <VoteType name="Provisional" votes="0">
                <Precinct name="Townsend" votes="0" />
                <Precinct name="South Newport" votes="0" />
            </VoteType>
        </Choice>
        <Choice key="20" text="D. PATTON (IN)" totalVotes="633">
            <VoteType name="Election Day" votes="323">
                <Precinct name="Townsend" votes="77" />
                <Precinct name="South Newport" votes="246" />
            </VoteType>
            <VoteType name="Absentee by Mail" votes="68">
                <Precinct name="Townsend" votes="32" />
                <Precinct name="South Newport" votes="36" />
            </VoteType>
            <VoteType name="Advance in Person" votes="242">
                <Precinct name="Townsend" votes="43" />
                <Precinct name="South Newport" votes="199" />
            </VoteType>
            <VoteType name="Provisional" votes="0">
                <Precinct name="Townsend" votes="0" />
                <Precinct name="South Newport" votes="0" />
            </VoteType>
        </Choice>
    </Contest>
    <Contest key="270" text="BOE D2" isQuestion="false" precinctsReporting="1" precinctsReported="1">
        <VoteType name="Number of Precincts for Race" votes="1">
            <Precinct name="North Darien" votes="1" />
        </VoteType>
        <VoteType name="Number of Precincts Reporting" votes="1">
            <Precinct name="North Darien" votes="1" />
        </VoteType>
        <Choice key="20" text="G. HULETT (R)" totalVotes="997">
            <VoteType name="Election Day" votes="357">
                <Precinct name="North Darien" votes="357" />
            </VoteType>
            <VoteType name="Absentee by Mail" votes="75">
                <Precinct name="North Darien" votes="75" />
            </VoteType>
            <VoteType name="Advance in Person" votes="563">
                <Precinct name="North Darien" votes="563" />
            </VoteType>
            <VoteType name="Provisional" votes="2">
                <Precinct name="North Darien" votes="2" />
            </VoteType>
        </Choice>
    </Contest>
    <Contest key="290" text="BOE D4" isQuestion="false" precinctsReporting="2" precinctsReported="2">
        <VoteType name="Number of Precincts for Race" votes="2">
            <Precinct name="Townsend" votes="1" />
            <Precinct name="South Newport" votes="1" />
        </VoteType>
        <VoteType name="Number of Precincts Reporting" votes="2">
            <Precinct name="Townsend" votes="1" />
            <Precinct name="South Newport" votes="1" />
        </VoteType>
        <Choice key="10" text="S. MCDONALD (I) R" totalVotes="1429">
            <VoteType name="Election Day" votes="643">
                <Precinct name="Townsend" votes="126" />
                <Precinct name="South Newport" votes="517" />
            </VoteType>
            <VoteType name="Absentee by Mail" votes="174">
                <Precinct name="Townsend" votes="101" />
                <Precinct name="South Newport" votes="73" />
            </VoteType>
            <VoteType name="Advance in Person" votes="612">
                <Precinct name="Townsend" votes="80" />
                <Precinct name="South Newport" votes="532" />
            </VoteType>
            <VoteType name="Provisional" votes="0">
                <Precinct name="Townsend" votes="0" />
                <Precinct name="South Newport" votes="0" />
            </VoteType>
        </Choice>
    </Contest>
    <Contest key="301" text="BOE D5" isQuestion="false" precinctsReporting="6" precinctsReported="6">
        <VoteType name="Number of Precincts for Race" votes="6">
            <Precinct name="Sapelo Island" votes="1" />
            <Precinct name="Townsend" votes="1" />
            <Precinct name="Crescent" votes="1" />
            <Precinct name="Darien" votes="1" />
            <Precinct name="South Newport" votes="1" />
            <Precinct name="North Darien" votes="1" />
        </VoteType>
        <VoteType name="Number of Precincts Reporting" votes="6">
            <Precinct name="Sapelo Island" votes="1" />
            <Precinct name="Townsend" votes="1" />
            <Precinct name="Crescent" votes="1" />
            <Precinct name="Darien" votes="1" />
            <Precinct name="South Newport" votes="1" />
            <Precinct name="North Darien" votes="1" />
        </VoteType>
        <Choice key="10" text="M. BRIGMAN (R)" totalVotes="4385">
            <VoteType name="Election Day" votes="1674">
                <Precinct name="Sapelo Island" votes="14" />
                <Precinct name="Townsend" votes="126" />
                <Precinct name="Crescent" votes="303" />
                <Precinct name="Darien" votes="350" />
                <Precinct name="South Newport" votes="517" />
                <Precinct name="North Darien" votes="364" />
            </VoteType>
            <VoteType name="Absentee by Mail" votes="441">
                <Precinct name="Sapelo Island" votes="2" />
                <Precinct name="Townsend" votes="99" />
                <Precinct name="Crescent" votes="58" />
                <Precinct name="Darien" votes="139" />
                <Precinct name="South Newport" votes="71" />
                <Precinct name="North Darien" votes="72" />
            </VoteType>
            <VoteType name="Advance in Person" votes="2263">
                <Precinct name="Sapelo Island" votes="7" />
                <Precinct name="Townsend" votes="81" />
                <Precinct name="Crescent" votes="414" />
                <Precinct name="Darien" votes="658" />
                <Precinct name="South Newport" votes="540" />
                <Precinct name="North Darien" votes="563" />
            </VoteType>
            <VoteType name="Provisional" votes="7">
                <Precinct name="Sapelo Island" votes="0" />
                <Precinct name="Townsend" votes="0" />
                <Precinct name="Crescent" votes="1" />
                <Precinct name="Darien" votes="4" />
                <Precinct name="South Newport" votes="0" />
                <Precinct name="North Darien" votes="2" />
            </VoteType>
        </Choice>
    </Contest>
    <Contest key="310" text="SOIL AND WATER" isQuestion="false" precinctsReporting="6" precinctsReported="6">
        <VoteType name="Number of Precincts for Race" votes="6">
            <Precinct name="Sapelo Island" votes="1" />
            <Precinct name="Townsend" votes="1" />
            <Precinct name="Crescent" votes="1" />
            <Precinct name="Darien" votes="1" />
            <Precinct name="South Newport" votes="1" />
            <Precinct name="North Darien" votes="1" />
        </VoteType>
        <VoteType name="Number of Precincts Reporting" votes="6">
            <Precinct name="Sapelo Island" votes="1" />
            <Precinct name="Townsend" votes="1" />
            <Precinct name="Crescent" votes="1" />
            <Precinct name="Darien" votes="1" />
            <Precinct name="South Newport" votes="1" />
            <Precinct name="North Darien" votes="1" />
        </VoteType>
        <Choice key="10" text="R. MONROE (I)" totalVotes="4319">
            <VoteType name="Election Day" votes="1688">
                <Precinct name="Sapelo Island" votes="20" />
                <Precinct name="Townsend" votes="128" />
                <Precinct name="Crescent" votes="319" />
                <Precinct name="Darien" votes="354" />
                <Precinct name="South Newport" votes="512" />
                <Precinct name="North Darien" votes="355" />
            </VoteType>
            <VoteType name="Absentee by Mail" votes="420">
                <Precinct name="Sapelo Island" votes="3" />
                <Precinct name="Townsend" votes="96" />
                <Precinct name="Crescent" votes="50" />
                <Precinct name="Darien" votes="122" />
                <Precinct name="South Newport" votes="77" />
                <Precinct name="North Darien" votes="72" />
            </VoteType>
            <VoteType name="Advance in Person" votes="2202">
                <Precinct name="Sapelo Island" votes="11" />
                <Precinct name="Townsend" votes="78" />
                <Precinct name="Crescent" votes="420" />
                <Precinct name="Darien" votes="623" />
                <Precinct name="South Newport" votes="524" />
                <Precinct name="North Darien" votes="546" />
            </VoteType>
            <VoteType name="Provisional" votes="9">
                <Precinct name="Sapelo Island" votes="0" />
                <Precinct name="Townsend" votes="0" />
                <Precinct name="Crescent" votes="1" />
                <Precinct name="Darien" votes="6" />
                <Precinct name="South Newport" votes="0" />
                <Precinct name="North Darien" votes="2" />
            </VoteType>
        </Choice>
    </Contest>
    <Contest key="320" text="Constitutional Amendment #1&lt;br&gt;Provides greater flexibility and state accountability to fix failing schools through increasing community involvement." isQuestion="false" precinctsReporting="6" precinctsReported="6">
        <VoteType name="Number of Precincts for Race" votes="6">
            <Precinct name="Sapelo Island" votes="1" />
            <Precinct name="Townsend" votes="1" />
            <Precinct name="Crescent" votes="1" />
            <Precinct name="Darien" votes="1" />
            <Precinct name="South Newport" votes="1" />
            <Precinct name="North Darien" votes="1" />
        </VoteType>
        <VoteType name="Number of Precincts Reporting" votes="6">
            <Precinct name="Sapelo Island" votes="1" />
            <Precinct name="Townsend" votes="1" />
            <Precinct name="Crescent" votes="1" />
            <Precinct name="Darien" votes="1" />
            <Precinct name="South Newport" votes="1" />
            <Precinct name="North Darien" votes="1" />
        </VoteType>
        <Choice key="10" text="YES" totalVotes="2508">
            <VoteType name="Election Day" votes="948">
                <Precinct name="Sapelo Island" votes="6" />
                <Precinct name="Townsend" votes="65" />
                <Precinct name="Crescent" votes="197" />
                <Precinct name="Darien" votes="225" />
                <Precinct name="South Newport" votes="236" />
                <Precinct name="North Darien" votes="219" />
            </VoteType>
            <VoteType name="Absentee by Mail" votes="254">
                <Precinct name="Sapelo Island" votes="3" />
                <Precinct name="Townsend" votes="58" />
                <Precinct name="Crescent" votes="22" />
                <Precinct name="Darien" votes="89" />
                <Precinct name="South Newport" votes="37" />
                <Precinct name="North Darien" votes="45" />
            </VoteType>
            <VoteType name="Advance in Person" votes="1300">
                <Precinct name="Sapelo Island" votes="4" />
                <Precinct name="Townsend" votes="51" />
                <Precinct name="Crescent" votes="249" />
                <Precinct name="Darien" votes="386" />
                <Precinct name="South Newport" votes="276" />
                <Precinct name="North Darien" votes="334" />
            </VoteType>
            <VoteType name="Provisional" votes="6">
                <Precinct name="Sapelo Island" votes="0" />
                <Precinct name="Townsend" votes="0" />
                <Precinct name="Crescent" votes="1" />
                <Precinct name="Darien" votes="4" />
                <Precinct name="South Newport" votes="0" />
                <Precinct name="North Darien" votes="1" />
            </VoteType>
        </Choice>
        <Choice key="20" text="NO" totalVotes="3134">
            <VoteType name="Election Day" votes="1225">
                <Precinct name="Sapelo Island" votes="21" />
                <Precinct name="Townsend" votes="92" />
                <Precinct name="Crescent" votes="263" />
                <Precinct name="Darien" votes="223" />
                <Precinct name="South Newport" votes="379" />
                <Precinct name="North Darien" votes="247" />
            </VoteType>
            <VoteType name="Absentee by Mail" votes="318">
                <Precinct name="Sapelo Island" votes="2" />
                <Precinct name="Townsend" votes="61" />
                <Precinct name="Crescent" votes="67" />
                <Precinct name="Darien" votes="74" />
                <Precinct name="South Newport" votes="63" />
                <Precinct name="North Darien" votes="51" />
            </VoteType>
            <VoteType name="Advance in Person" votes="1587">
                <Precinct name="Sapelo Island" votes="7" />
                <Precinct name="Townsend" votes="55" />
                <Precinct name="Crescent" votes="346" />
                <Precinct name="Darien" votes="451" />
                <Precinct name="South Newport" votes="368" />
                <Precinct name="North Darien" votes="360" />
            </VoteType>
            <VoteType name="Provisional" votes="4">
                <Precinct name="Sapelo Island" votes="0" />
                <Precinct name="Townsend" votes="0" />
                <Precinct name="Crescent" votes="0" />
                <Precinct name="Darien" votes="3" />
                <Precinct name="South Newport" votes="0" />
                <Precinct name="North Darien" votes="1" />
            </VoteType>
        </Choice>
    </Contest>
    <Contest key="330" text="Constitutional Amendment #2&lt;br&gt;Authorizes penalties for sexual exploitation and assessments on adult entertainment to fund child victims' services." isQuestion="false" precinctsReporting="6" precinctsReported="6">
        <VoteType name="Number of Precincts for Race" votes="6">
            <Precinct name="Sapelo Island" votes="1" />
            <Precinct name="Townsend" votes="1" />
            <Precinct name="Crescent" votes="1" />
            <Precinct name="Darien" votes="1" />
            <Precinct name="South Newport" votes="1" />
            <Precinct name="North Darien" votes="1" />
        </VoteType>
        <VoteType name="Number of Precincts Reporting" votes="6">
            <Precinct name="Sapelo Island" votes="1" />
            <Precinct name="Townsend" votes="1" />
            <Precinct name="Crescent" votes="1" />
            <Precinct name="Darien" votes="1" />
            <Precinct name="South Newport" votes="1" />
            <Precinct name="North Darien" votes="1" />
        </VoteType>
        <Choice key="10" text="YES" totalVotes="4297">
            <VoteType name="Election Day" votes="1626">
                <Precinct name="Sapelo Island" votes="15" />
                <Precinct name="Townsend" votes="119" />
                <Precinct name="Crescent" votes="314" />
                <Precinct name="Darien" votes="345" />
                <Precinct name="South Newport" votes="479" />
                <Precinct name="North Darien" votes="354" />
            </VoteType>
            <VoteType name="Absentee by Mail" votes="438">
                <Precinct name="Sapelo Island" votes="3" />
                <Precinct name="Townsend" votes="94" />
                <Precinct name="Crescent" votes="46" />
                <Precinct name="Darien" votes="143" />
                <Precinct name="South Newport" votes="77" />
                <Precinct name="North Darien" votes="75" />
            </VoteType>
            <VoteType name="Advance in Person" votes="2223">
                <Precinct name="Sapelo Island" votes="7" />
                <Precinct name="Townsend" votes="81" />
                <Precinct name="Crescent" votes="438" />
                <Precinct name="Darien" votes="650" />
                <Precinct name="South Newport" votes="498" />
                <Precinct name="North Darien" votes="549" />
            </VoteType>
            <VoteType name="Provisional" votes="10">
                <Precinct name="Sapelo Island" votes="0" />
                <Precinct name="Townsend" votes="0" />
                <Precinct name="Crescent" votes="1" />
                <Precinct name="Darien" votes="7" />
                <Precinct name="South Newport" votes="0" />
                <Precinct name="North Darien" votes="2" />
            </VoteType>
        </Choice>
        <Choice key="20" text="NO" totalVotes="1266">
            <VoteType name="Election Day" votes="509">
                <Precinct name="Sapelo Island" votes="11" />
                <Precinct name="Townsend" votes="36" />
                <Precinct name="Crescent" votes="132" />
                <Precinct name="Darien" votes="103" />
                <Precinct name="South Newport" votes="127" />
                <Precinct name="North Darien" votes="100" />
            </VoteType>
            <VoteType name="Absentee by Mail" votes="114">
                <Precinct name="Sapelo Island" votes="2" />
                <Precinct name="Townsend" votes="22" />
                <Precinct name="Crescent" votes="32" />
                <Precinct name="Darien" votes="19" />
                <Precinct name="South Newport" votes="22" />
                <Precinct name="North Darien" votes="17" />
            </VoteType>
            <VoteType name="Advance in Person" votes="643">
                <Precinct name="Sapelo Island" votes="4" />
                <Precinct name="Townsend" votes="27" />
                <Precinct name="Crescent" votes="162" />
                <Precinct name="Darien" votes="181" />
                <Precinct name="South Newport" votes="137" />
                <Precinct name="North Darien" votes="132" />
            </VoteType>
            <VoteType name="Provisional" votes="0">
                <Precinct name="Sapelo Island" votes="0" />
                <Precinct name="Townsend" votes="0" />
                <Precinct name="Crescent" votes="0" />
                <Precinct name="Darien" votes="0" />
                <Precinct name="South Newport" votes="0" />
                <Precinct name="North Darien" votes="0" />
            </VoteType>
        </Choice>
    </Contest>
    <Contest key="340" text="Constitutional Amendment #3&lt;br&gt;Reforms and re-establishes the Judicial Qualifications Commission and provides for its composition, governance, and powers." isQuestion="false" precinctsReporting="6" precinctsReported="6">
        <VoteType name="Number of Precincts for Race" votes="6">
            <Precinct name="Sapelo Island" votes="1" />
            <Precinct name="Townsend" votes="1" />
            <Precinct name="Crescent" votes="1" />
            <Precinct name="Darien" votes="1" />
            <Precinct name="South Newport" votes="1" />
            <Precinct name="North Darien" votes="1" />
        </VoteType>
        <VoteType name="Number of Precincts Reporting" votes="6">
            <Precinct name="Sapelo Island" votes="1" />
            <Precinct name="Townsend" votes="1" />
            <Precinct name="Crescent" votes="1" />
            <Precinct name="Darien" votes="1" />
            <Precinct name="South Newport" votes="1" />
            <Precinct name="North Darien" votes="1" />
        </VoteType>
        <Choice key="10" text="YES" totalVotes="3159">
            <VoteType name="Election Day" votes="1183">
                <Precinct name="Sapelo Island" votes="12" />
                <Precinct name="Townsend" votes="71" />
                <Precinct name="Crescent" votes="224" />
                <Precinct name="Darien" votes="277" />
                <Precinct name="South Newport" votes="332" />
                <Precinct name="North Darien" votes="267" />
            </VoteType>
            <VoteType name="Absentee by Mail" votes="327">
                <Precinct name="Sapelo Island" votes="2" />
                <Precinct name="Townsend" votes="72" />
                <Precinct name="Crescent" votes="35" />
                <Precinct name="Darien" votes="96" />
                <Precinct name="South Newport" votes="61" />
                <Precinct name="North Darien" votes="61" />
            </VoteType>
            <VoteType name="Advance in Person" votes="1641">
                <Precinct name="Sapelo Island" votes="5" />
                <Precinct name="Townsend" votes="57" />
                <Precinct name="Crescent" votes="325" />
                <Precinct name="Darien" votes="479" />
                <Precinct name="South Newport" votes="372" />
                <Precinct name="North Darien" votes="403" />
            </VoteType>
            <VoteType name="Provisional" votes="8">
                <Precinct name="Sapelo Island" votes="0" />
                <Precinct name="Townsend" votes="0" />
                <Precinct name="Crescent" votes="1" />
                <Precinct name="Darien" votes="6" />
                <Precinct name="South Newport" votes="0" />
                <Precinct name="North Darien" votes="1" />
            </VoteType>
        </Choice>
        <Choice key="20" text="NO" totalVotes="2118">
            <VoteType name="Election Day" votes="863">
                <Precinct name="Sapelo Island" votes="14" />
                <Precinct name="Townsend" votes="73" />
                <Precinct name="Crescent" votes="209" />
                <Precinct name="Darien" votes="162" />
                <Precinct name="South Newport" votes="243" />
                <Precinct name="North Darien" votes="162" />
            </VoteType>
            <VoteType name="Absentee by Mail" votes="186">
                <Precinct name="Sapelo Island" votes="2" />
                <Precinct name="Townsend" votes="40" />
                <Precinct name="Crescent" votes="38" />
                <Precinct name="Darien" votes="48" />
                <Precinct name="South Newport" votes="31" />
                <Precinct name="North Darien" votes="27" />
            </VoteType>
            <VoteType name="Advance in Person" votes="1067">
                <Precinct name="Sapelo Island" votes="6" />
                <Precinct name="Townsend" votes="44" />
                <Precinct name="Crescent" votes="236" />
                <Precinct name="Darien" votes="299" />
                <Precinct name="South Newport" votes="245" />
                <Precinct name="North Darien" votes="237" />
            </VoteType>
            <VoteType name="Provisional" votes="2">
                <Precinct name="Sapelo Island" votes="0" />
                <Precinct name="Townsend" votes="0" />
                <Precinct name="Crescent" votes="0" />
                <Precinct name="Darien" votes="1" />
                <Precinct name="South Newport" votes="0" />
                <Precinct name="North Darien" votes="1" />
            </VoteType>
        </Choice>
    </Contest>
    <Contest key="350" text="Constitutional Amendment #4&lt;br&gt;Dedicates revenue from existing taxes on fireworks to trauma care, fire services, and public safety." isQuestion="false" precinctsReporting="6" precinctsReported="6">
        <VoteType name="Number of Precincts for Race" votes="6">
            <Precinct name="Sapelo Island" votes="1" />
            <Precinct name="Townsend" votes="1" />
            <Precinct name="Crescent" votes="1" />
            <Precinct name="Darien" votes="1" />
            <Precinct name="South Newport" votes="1" />
            <Precinct name="North Darien" votes="1" />
        </VoteType>
        <VoteType name="Number of Precincts Reporting" votes="6">
            <Precinct name="Sapelo Island" votes="1" />
            <Precinct name="Townsend" votes="1" />
            <Precinct name="Crescent" votes="1" />
            <Precinct name="Darien" votes="1" />
            <Precinct name="South Newport" votes="1" />
            <Precinct name="North Darien" votes="1" />
        </VoteType>
        <Choice key="10" text="YES" totalVotes="4120">
            <VoteType name="Election Day" votes="1556">
                <Precinct name="Sapelo Island" votes="16" />
                <Precinct name="Townsend" votes="110" />
                <Precinct name="Crescent" votes="318" />
                <Precinct name="Darien" votes="336" />
                <Precinct name="South Newport" votes="458" />
                <Precinct name="North Darien" votes="318" />
            </VoteType>
            <VoteType name="Absentee by Mail" votes="434">
                <Precinct name="Sapelo Island" votes="4" />
                <Precinct name="Townsend" votes="100" />
                <Precinct name="Crescent" votes="50" />
                <Precinct name="Darien" votes="137" />
                <Precinct name="South Newport" votes="74" />
                <Precinct name="North Darien" votes="69" />
            </VoteType>
            <VoteType name="Advance in Person" votes="2121">
                <Precinct name="Sapelo Island" votes="8" />
                <Precinct name="Townsend" votes="73" />
                <Precinct name="Crescent" votes="418" />
                <Precinct name="Darien" votes="638" />
                <Precinct name="South Newport" votes="487" />
                <Precinct name="North Darien" votes="497" />
            </VoteType>
            <VoteType name="Provisional" votes="9">
                <Precinct name="Sapelo Island" votes="0" />
                <Precinct name="Townsend" votes="0" />
                <Precinct name="Crescent" votes="1" />
                <Precinct name="Darien" votes="6" />
                <Precinct name="South Newport" votes="0" />
                <Precinct name="North Darien" votes="2" />
            </VoteType>
        </Choice>
        <Choice key="20" text="NO" totalVotes="1415">
            <VoteType name="Election Day" votes="570">
                <Precinct name="Sapelo Island" votes="12" />
                <Precinct name="Townsend" votes="42" />
                <Precinct name="Crescent" votes="138" />
                <Precinct name="Darien" votes="113" />
                <Precinct name="South Newport" votes="141" />
                <Precinct name="North Darien" votes="124" />
            </VoteType>
            <VoteType name="Absentee by Mail" votes="115">
                <Precinct name="Sapelo Island" votes="1" />
                <Precinct name="Townsend" votes="18" />
                <Precinct name="Crescent" votes="27" />
                <Precinct name="Darien" votes="25" />
                <Precinct name="South Newport" votes="23" />
                <Precinct name="North Darien" votes="21" />
            </VoteType>
            <VoteType name="Advance in Person" votes="729">
                <Precinct name="Sapelo Island" votes="4" />
                <Precinct name="Townsend" votes="34" />
                <Precinct name="Crescent" votes="172" />
                <Precinct name="Darien" votes="200" />
                <Precinct name="South Newport" votes="147" />
                <Precinct name="North Darien" votes="172" />
            </VoteType>
            <VoteType name="Provisional" votes="1">
                <Precinct name="Sapelo Island" votes="0" />
                <Precinct name="Townsend" votes="0" />
                <Precinct name="Crescent" votes="0" />
                <Precinct name="Darien" votes="1" />
                <Precinct name="South Newport" votes="0" />
                <Precinct name="North Darien" votes="0" />
            </VoteType>
        </Choice>
    </Contest>
</ElectionResult>