<?xml version="1.0"?>
<!--Election result snapshot imported from Tabulation System
-->
<ElectionResult>
    <Timestamp>11/14/2016 6:15:15 PM EST</Timestamp>
    <ElectionName>November 8, 2016 - General Election</ElectionName>
    <ElectionDate>11/8/2016</ElectionDate>
    <Region>Lanier</Region>
    <VoterTurnout totalVoters="4104" ballotsCast="2897" voterTurnout="70.59">
        <Precincts>
            <Precinct name="Lakeland" totalVoters="2656" ballotsCast="1854" voterTurnout="69.80" percentReporting="4" />
            <Precinct name="Sirmans" totalVoters="360" ballotsCast="282" voterTurnout="78.33" percentReporting="4" />
            <Precinct name="Stockton" totalVoters="536" ballotsCast="401" voterTurnout="74.81" percentReporting="4" />
            <Precinct name="Westside" totalVoters="552" ballotsCast="360" voterTurnout="65.22" percentReporting="4" />
        </Precincts>
    </VoterTurnout>
    <Contest key="1" text="President of the United States" isQuestion="false" precinctsReporting="4" precinctsReported="4">
        <VoteType name="Number of Precincts for Race" votes="4">
            <Precinct name="Lakeland" votes="1" />
            <Precinct name="Sirmans" votes="1" />
            <Precinct name="Stockton" votes="1" />
            <Precinct name="Westside" votes="1" />
        </VoteType>
        <VoteType name="Number of Precincts Reporting" votes="4">
            <Precinct name="Lakeland" votes="1" />
            <Precinct name="Sirmans" votes="1" />
            <Precinct name="Stockton" votes="1" />
            <Precinct name="Westside" votes="1" />
        </VoteType>
        <Choice key="10" text="DONALD J. TRUMP" totalVotes="1984">
            <VoteType name="Election Day" votes="785">
                <Precinct name="Lakeland" votes="388" />
                <Precinct name="Sirmans" votes="102" />
                <Precinct name="Stockton" votes="173" />
                <Precinct name="Westside" votes="122" />
            </VoteType>
            <VoteType name="Absentee by Mail" votes="45">
                <Precinct name="Lakeland" votes="29" />
                <Precinct name="Sirmans" votes="3" />
                <Precinct name="Stockton" votes="5" />
                <Precinct name="Westside" votes="8" />
            </VoteType>
            <VoteType name="Advance in Person" votes="1154">
                <Precinct name="Lakeland" votes="763" />
                <Precinct name="Sirmans" votes="113" />
                <Precinct name="Stockton" votes="154" />
                <Precinct name="Westside" votes="124" />
            </VoteType>
            <VoteType name="Provisional" votes="0">
                <Precinct name="Lakeland" votes="0" />
                <Precinct name="Sirmans" votes="0" />
                <Precinct name="Stockton" votes="0" />
                <Precinct name="Westside" votes="0" />
            </VoteType>
        </Choice>
        <Choice key="20" text="HILLARY CLINTON" totalVotes="806">
            <VoteType name="Election Day" votes="332">
                <Precinct name="Lakeland" votes="239" />
                <Precinct name="Sirmans" votes="30" />
                <Precinct name="Stockton" votes="27" />
                <Precinct name="Westside" votes="36" />
            </VoteType>
            <VoteType name="Absentee by Mail" votes="24">
                <Precinct name="Lakeland" votes="17" />
                <Precinct name="Sirmans" votes="1" />
                <Precinct name="Stockton" votes="2" />
                <Precinct name="Westside" votes="4" />
            </VoteType>
            <VoteType name="Advance in Person" votes="449">
                <Precinct name="Lakeland" votes="354" />
                <Precinct name="Sirmans" votes="24" />
                <Precinct name="Stockton" votes="27" />
                <Precinct name="Westside" votes="44" />
            </VoteType>
            <VoteType name="Provisional" votes="1">
                <Precinct name="Lakeland" votes="1" />
                <Precinct name="Sirmans" votes="0" />
                <Precinct name="Stockton" votes="0" />
                <Precinct name="Westside" votes="0" />
            </VoteType>
        </Choice>
        <Choice key="30" text="GARY JOHNSON" totalVotes="73">
            <VoteType name="Election Day" votes="40">
                <Precinct name="Lakeland" votes="20" />
                <Precinct name="Sirmans" votes="5" />
                <Precinct name="Stockton" votes="5" />
                <Precinct name="Westside" votes="10" />
            </VoteType>
            <VoteType name="Absentee by Mail" votes="3">
                <Precinct name="Lakeland" votes="1" />
                <Precinct name="Sirmans" votes="0" />
                <Precinct name="Stockton" votes="2" />
                <Precinct name="Westside" votes="0" />
            </VoteType>
            <VoteType name="Advance in Person" votes="29">
                <Precinct name="Lakeland" votes="16" />
                <Precinct name="Sirmans" votes="3" />
                <Precinct name="Stockton" votes="3" />
                <Precinct name="Westside" votes="7" />
            </VoteType>
            <VoteType name="Provisional" votes="1">
                <Precinct name="Lakeland" votes="1" />
                <Precinct name="Sirmans" votes="0" />
                <Precinct name="Stockton" votes="0" />
                <Precinct name="Westside" votes="0" />
            </VoteType>
        </Choice>
    </Contest>
    <Contest key="10" text="United States Senator, Isakson" isQuestion="false" precinctsReporting="4" precinctsReported="4">
        <VoteType name="Number of Precincts for Race" votes="4">
            <Precinct name="Lakeland" votes="1" />
            <Precinct name="Sirmans" votes="1" />
            <Precinct name="Stockton" votes="1" />
            <Precinct name="Westside" votes="1" />
        </VoteType>
        <VoteType name="Number of Precincts Reporting" votes="4">
            <Precinct name="Lakeland" votes="1" />
            <Precinct name="Sirmans" votes="1" />
            <Precinct name="Stockton" votes="1" />
            <Precinct name="Westside" votes="1" />
        </VoteType>
        <Choice key="30" text="JOHNNY ISAKSON (I)" totalVotes="1792">
            <VoteType name="Election Day" votes="731">
                <Precinct name="Lakeland" votes="357" />
                <Precinct name="Sirmans" votes="100" />
                <Precinct name="Stockton" votes="156" />
                <Precinct name="Westside" votes="118" />
            </VoteType>
            <VoteType name="Absentee by Mail" votes="45">
                <Precinct name="Lakeland" votes="29" />
                <Precinct name="Sirmans" votes="3" />
                <Precinct name="Stockton" votes="4" />
                <Precinct name="Westside" votes="9" />
            </VoteType>
            <VoteType name="Advance in Person" votes="1016">
                <Precinct name="Lakeland" votes="670" />
                <Precinct name="Sirmans" votes="105" />
                <Precinct name="Stockton" votes="125" />
                <Precinct name="Westside" votes="116" />
            </VoteType>
            <VoteType name="Provisional" votes="0">
                <Precinct name="Lakeland" votes="0" />
                <Precinct name="Sirmans" votes="0" />
                <Precinct name="Stockton" votes="0" />
                <Precinct name="Westside" votes="0" />
            </VoteType>
        </Choice>
        <Choice key="40" text="JIM BARKSDALE" totalVotes="661">
            <VoteType name="Election Day" votes="264">
                <Precinct name="Lakeland" votes="191" />
                <Precinct name="Sirmans" votes="17" />
                <Precinct name="Stockton" votes="22" />
                <Precinct name="Westside" votes="34" />
            </VoteType>
            <VoteType name="Absentee by Mail" votes="25">
                <Precinct name="Lakeland" votes="17" />
                <Precinct name="Sirmans" votes="1" />
                <Precinct name="Stockton" votes="3" />
                <Precinct name="Westside" votes="4" />
            </VoteType>
            <VoteType name="Advance in Person" votes="371">
                <Precinct name="Lakeland" votes="289" />
                <Precinct name="Sirmans" votes="22" />
                <Precinct name="Stockton" votes="26" />
                <Precinct name="Westside" votes="34" />
            </VoteType>
            <VoteType name="Provisional" votes="1">
                <Precinct name="Lakeland" votes="1" />
                <Precinct name="Sirmans" votes="0" />
                <Precinct name="Stockton" votes="0" />
                <Precinct name="Westside" votes="0" />
            </VoteType>
        </Choice>
        <Choice key="50" text="ALLEN BUCKLEY" totalVotes="121">
            <VoteType name="Election Day" votes="53">
                <Precinct name="Lakeland" votes="31" />
                <Precinct name="Sirmans" votes="5" />
                <Precinct name="Stockton" votes="9" />
                <Precinct name="Westside" votes="8" />
            </VoteType>
            <VoteType name="Absentee by Mail" votes="3">
                <Precinct name="Lakeland" votes="1" />
                <Precinct name="Sirmans" votes="0" />
                <Precinct name="Stockton" votes="2" />
                <Precinct name="Westside" votes="0" />
            </VoteType>
            <VoteType name="Advance in Person" votes="65">
                <Precinct name="Lakeland" votes="43" />
                <Precinct name="Sirmans" votes="4" />
                <Precinct name="Stockton" votes="8" />
                <Precinct name="Westside" votes="10" />
            </VoteType>
            <VoteType name="Provisional" votes="0">
                <Precinct name="Lakeland" votes="0" />
                <Precinct name="Sirmans" votes="0" />
                <Precinct name="Stockton" votes="0" />
                <Precinct name="Westside" votes="0" />
            </VoteType>
        </Choice>
    </Contest>
    <Contest key="30" text="Public Service Commission, District 2 - Eastern" isQuestion="false" precinctsReporting="4" precinctsReported="4">
        <VoteType name="Number of Precincts for Race" votes="4">
            <Precinct name="Lakeland" votes="1" />
            <Precinct name="Sirmans" votes="1" />
            <Precinct name="Stockton" votes="1" />
            <Precinct name="Westside" votes="1" />
        </VoteType>
        <VoteType name="Number of Precincts Reporting" votes="4">
            <Precinct name="Lakeland" votes="1" />
            <Precinct name="Sirmans" votes="1" />
            <Precinct name="Stockton" votes="1" />
            <Precinct name="Westside" votes="1" />
        </VoteType>
        <Choice key="20" text="TIM ECHOLS (I)" totalVotes="2034">
            <VoteType name="Election Day" votes="826">
                <Precinct name="Lakeland" votes="431" />
                <Precinct name="Sirmans" votes="99" />
                <Precinct name="Stockton" votes="172" />
                <Precinct name="Westside" votes="124" />
            </VoteType>
            <VoteType name="Absentee by Mail" votes="48">
                <Precinct name="Lakeland" votes="31" />
                <Precinct name="Sirmans" votes="3" />
                <Precinct name="Stockton" votes="4" />
                <Precinct name="Westside" votes="10" />
            </VoteType>
            <VoteType name="Advance in Person" votes="1159">
                <Precinct name="Lakeland" votes="767" />
                <Precinct name="Sirmans" votes="117" />
                <Precinct name="Stockton" votes="141" />
                <Precinct name="Westside" votes="134" />
            </VoteType>
            <VoteType name="Provisional" votes="1">
                <Precinct name="Lakeland" votes="1" />
                <Precinct name="Sirmans" votes="0" />
                <Precinct name="Stockton" votes="0" />
                <Precinct name="Westside" votes="0" />
            </VoteType>
        </Choice>
        <Choice key="30" text="ERIC HOSKINS" totalVotes="463">
            <VoteType name="Election Day" votes="210">
                <Precinct name="Lakeland" votes="137" />
                <Precinct name="Sirmans" votes="21" />
                <Precinct name="Stockton" votes="17" />
                <Precinct name="Westside" votes="35" />
            </VoteType>
            <VoteType name="Absentee by Mail" votes="17">
                <Precinct name="Lakeland" votes="10" />
                <Precinct name="Sirmans" votes="1" />
                <Precinct name="Stockton" votes="3" />
                <Precinct name="Westside" votes="3" />
            </VoteType>
            <VoteType name="Advance in Person" votes="236">
                <Precinct name="Lakeland" votes="183" />
                <Precinct name="Sirmans" votes="14" />
                <Precinct name="Stockton" votes="16" />
                <Precinct name="Westside" votes="23" />
            </VoteType>
            <VoteType name="Provisional" votes="0">
                <Precinct name="Lakeland" votes="0" />
                <Precinct name="Sirmans" votes="0" />
                <Precinct name="Stockton" votes="0" />
                <Precinct name="Westside" votes="0" />
            </VoteType>
        </Choice>
    </Contest>
    <Contest key="50" text="U.S. Representative, District 8" isQuestion="false" precinctsReporting="4" precinctsReported="4">
        <VoteType name="Number of Precincts for Race" votes="4">
            <Precinct name="Lakeland" votes="1" />
            <Precinct name="Sirmans" votes="1" />
            <Precinct name="Stockton" votes="1" />
            <Precinct name="Westside" votes="1" />
        </VoteType>
        <VoteType name="Number of Precincts Reporting" votes="4">
            <Precinct name="Lakeland" votes="1" />
            <Precinct name="Sirmans" votes="1" />
            <Precinct name="Stockton" votes="1" />
            <Precinct name="Westside" votes="1" />
        </VoteType>
        <Choice key="20" text="AUSTIN SCOTT (I)" totalVotes="1950">
            <VoteType name="Election Day" votes="785">
                <Precinct name="Lakeland" votes="386" />
                <Precinct name="Sirmans" votes="104" />
                <Precinct name="Stockton" votes="168" />
                <Precinct name="Westside" votes="127" />
            </VoteType>
            <VoteType name="Absentee by Mail" votes="50">
                <Precinct name="Lakeland" votes="31" />
                <Precinct name="Sirmans" votes="3" />
                <Precinct name="Stockton" votes="7" />
                <Precinct name="Westside" votes="9" />
            </VoteType>
            <VoteType name="Advance in Person" votes="1115">
                <Precinct name="Lakeland" votes="729" />
                <Precinct name="Sirmans" votes="113" />
                <Precinct name="Stockton" votes="142" />
                <Precinct name="Westside" votes="131" />
            </VoteType>
            <VoteType name="Provisional" votes="0">
                <Precinct name="Lakeland" votes="0" />
                <Precinct name="Sirmans" votes="0" />
                <Precinct name="Stockton" votes="0" />
                <Precinct name="Westside" votes="0" />
            </VoteType>
        </Choice>
        <Choice key="30" text="JAMES NEAL HARRIS" totalVotes="735">
            <VoteType name="Election Day" votes="308">
                <Precinct name="Lakeland" votes="217" />
                <Precinct name="Sirmans" votes="25" />
                <Precinct name="Stockton" votes="28" />
                <Precinct name="Westside" votes="38" />
            </VoteType>
            <VoteType name="Absentee by Mail" votes="23">
                <Precinct name="Lakeland" votes="16" />
                <Precinct name="Sirmans" votes="1" />
                <Precinct name="Stockton" votes="2" />
                <Precinct name="Westside" votes="4" />
            </VoteType>
            <VoteType name="Advance in Person" votes="403">
                <Precinct name="Lakeland" votes="312" />
                <Precinct name="Sirmans" votes="24" />
                <Precinct name="Stockton" votes="30" />
                <Precinct name="Westside" votes="37" />
            </VoteType>
            <VoteType name="Provisional" votes="1">
                <Precinct name="Lakeland" votes="1" />
                <Precinct name="Sirmans" votes="0" />
                <Precinct name="Stockton" votes="0" />
                <Precinct name="Westside" votes="0" />
            </VoteType>
        </Choice>
    </Contest>
    <Contest key="70" text="State Senator, District 8" isQuestion="false" precinctsReporting="4" precinctsReported="4">
        <VoteType name="Number of Precincts for Race" votes="4">
            <Precinct name="Lakeland" votes="1" />
            <Precinct name="Sirmans" votes="1" />
            <Precinct name="Stockton" votes="1" />
            <Precinct name="Westside" votes="1" />
        </VoteType>
        <VoteType name="Number of Precincts Reporting" votes="4">
            <Precinct name="Lakeland" votes="1" />
            <Precinct name="Sirmans" votes="1" />
            <Precinct name="Stockton" votes="1" />
            <Precinct name="Westside" votes="1" />
        </VoteType>
        <Choice key="10" text="ELLIS BLACK (I)" totalVotes="1966">
            <VoteType name="Election Day" votes="793">
                <Precinct name="Lakeland" votes="398" />
                <Precinct name="Sirmans" votes="102" />
                <Precinct name="Stockton" votes="166" />
                <Precinct name="Westside" votes="127" />
            </VoteType>
            <VoteType name="Absentee by Mail" votes="50">
                <Precinct name="Lakeland" votes="31" />
                <Precinct name="Sirmans" votes="3" />
                <Precinct name="Stockton" votes="7" />
                <Precinct name="Westside" votes="9" />
            </VoteType>
            <VoteType name="Advance in Person" votes="1123">
                <Precinct name="Lakeland" votes="745" />
                <Precinct name="Sirmans" votes="111" />
                <Precinct name="Stockton" votes="142" />
                <Precinct name="Westside" votes="125" />
            </VoteType>
            <VoteType name="Provisional" votes="0">
                <Precinct name="Lakeland" votes="0" />
                <Precinct name="Sirmans" votes="0" />
                <Precinct name="Stockton" votes="0" />
                <Precinct name="Westside" votes="0" />
            </VoteType>
        </Choice>
        <Choice key="20" text="GREGORY WILLIAMS" totalVotes="734">
            <VoteType name="Election Day" votes="299">
                <Precinct name="Lakeland" votes="206" />
                <Precinct name="Sirmans" votes="25" />
                <Precinct name="Stockton" votes="30" />
                <Precinct name="Westside" votes="38" />
            </VoteType>
            <VoteType name="Absentee by Mail" votes="22">
                <Precinct name="Lakeland" votes="15" />
                <Precinct name="Sirmans" votes="1" />
                <Precinct name="Stockton" votes="2" />
                <Precinct name="Westside" votes="4" />
            </VoteType>
            <VoteType name="Advance in Person" votes="412">
                <Precinct name="Lakeland" votes="315" />
                <Precinct name="Sirmans" votes="26" />
                <Precinct name="Stockton" votes="27" />
                <Precinct name="Westside" votes="44" />
            </VoteType>
            <VoteType name="Provisional" votes="1">
                <Precinct name="Lakeland" votes="1" />
                <Precinct name="Sirmans" votes="0" />
                <Precinct name="Stockton" votes="0" />
                <Precinct name="Westside" votes="0" />
            </VoteType>
        </Choice>
    </Contest>
    <Contest key="90" text="State Representative, District 176" isQuestion="false" precinctsReporting="4" precinctsReported="4">
        <VoteType name="Number of Precincts for Race" votes="4">
            <Precinct name="Lakeland" votes="1" />
            <Precinct name="Sirmans" votes="1" />
            <Precinct name="Stockton" votes="1" />
            <Precinct name="Westside" votes="1" />
        </VoteType>
        <VoteType name="Number of Precincts Reporting" votes="4">
            <Precinct name="Lakeland" votes="1" />
            <Precinct name="Sirmans" votes="1" />
            <Precinct name="Stockton" votes="1" />
            <Precinct name="Westside" votes="1" />
        </VoteType>
        <Choice key="10" text="JASON SHAW (I)" totalVotes="2514">
            <VoteType name="Election Day" votes="1028">
                <Precinct name="Lakeland" votes="561" />
                <Precinct name="Sirmans" votes="121" />
                <Precinct name="Stockton" votes="194" />
                <Precinct name="Westside" votes="152" />
            </VoteType>
            <VoteType name="Absentee by Mail" votes="59">
                <Precinct name="Lakeland" votes="39" />
                <Precinct name="Sirmans" votes="4" />
                <Precinct name="Stockton" votes="7" />
                <Precinct name="Westside" votes="9" />
            </VoteType>
            <VoteType name="Advance in Person" votes="1426">
                <Precinct name="Lakeland" votes="991" />
                <Precinct name="Sirmans" votes="127" />
                <Precinct name="Stockton" votes="162" />
                <Precinct name="Westside" votes="146" />
            </VoteType>
            <VoteType name="Provisional" votes="1">
                <Precinct name="Lakeland" votes="1" />
                <Precinct name="Sirmans" votes="0" />
                <Precinct name="Stockton" votes="0" />
                <Precinct name="Westside" votes="0" />
            </VoteType>
        </Choice>
    </Contest>
    <Contest key="110" text="District Attorney, Alapaha Circuit" isQuestion="false" precinctsReporting="4" precinctsReported="4">
        <VoteType name="Number of Precincts for Race" votes="4">
            <Precinct name="Lakeland" votes="1" />
            <Precinct name="Sirmans" votes="1" />
            <Precinct name="Stockton" votes="1" />
            <Precinct name="Westside" votes="1" />
        </VoteType>
        <VoteType name="Number of Precincts Reporting" votes="4">
            <Precinct name="Lakeland" votes="1" />
            <Precinct name="Sirmans" votes="1" />
            <Precinct name="Stockton" votes="1" />
            <Precinct name="Westside" votes="1" />
        </VoteType>
        <Choice key="10" text="DICK PERRYMAN (I)" totalVotes="2336">
            <VoteType name="Election Day" votes="958">
                <Precinct name="Lakeland" votes="516" />
                <Precinct name="Sirmans" votes="112" />
                <Precinct name="Stockton" votes="180" />
                <Precinct name="Westside" votes="150" />
            </VoteType>
            <VoteType name="Absentee by Mail" votes="61">
                <Precinct name="Lakeland" votes="40" />
                <Precinct name="Sirmans" votes="3" />
                <Precinct name="Stockton" votes="8" />
                <Precinct name="Westside" votes="10" />
            </VoteType>
            <VoteType name="Advance in Person" votes="1316">
                <Precinct name="Lakeland" votes="898" />
                <Precinct name="Sirmans" votes="124" />
                <Precinct name="Stockton" votes="151" />
                <Precinct name="Westside" votes="143" />
            </VoteType>
            <VoteType name="Provisional" votes="1">
                <Precinct name="Lakeland" votes="1" />
                <Precinct name="Sirmans" votes="0" />
                <Precinct name="Stockton" votes="0" />
                <Precinct name="Westside" votes="0" />
            </VoteType>
        </Choice>
    </Contest>
    <Contest key="130" text="CLERK, SUPERIOR COURT" isQuestion="false" precinctsReporting="4" precinctsReported="4">
        <VoteType name="Number of Precincts for Race" votes="4">
            <Precinct name="Lakeland" votes="1" />
            <Precinct name="Sirmans" votes="1" />
            <Precinct name="Stockton" votes="1" />
            <Precinct name="Westside" votes="1" />
        </VoteType>
        <VoteType name="Number of Precincts Reporting" votes="4">
            <Precinct name="Lakeland" votes="1" />
            <Precinct name="Sirmans" votes="1" />
            <Precinct name="Stockton" votes="1" />
            <Precinct name="Westside" votes="1" />
        </VoteType>
        <Choice key="10" text="D. J. CLARK (I) R" totalVotes="2437">
            <VoteType name="Election Day" votes="986">
                <Precinct name="Lakeland" votes="535" />
                <Precinct name="Sirmans" votes="116" />
                <Precinct name="Stockton" votes="180" />
                <Precinct name="Westside" votes="155" />
            </VoteType>
            <VoteType name="Absentee by Mail" votes="62">
                <Precinct name="Lakeland" votes="39" />
                <Precinct name="Sirmans" votes="4" />
                <Precinct name="Stockton" votes="8" />
                <Precinct name="Westside" votes="11" />
            </VoteType>
            <VoteType name="Advance in Person" votes="1388">
                <Precinct name="Lakeland" votes="954" />
                <Precinct name="Sirmans" votes="130" />
                <Precinct name="Stockton" votes="158" />
                <Precinct name="Westside" votes="146" />
            </VoteType>
            <VoteType name="Provisional" votes="1">
                <Precinct name="Lakeland" votes="1" />
                <Precinct name="Sirmans" votes="0" />
                <Precinct name="Stockton" votes="0" />
                <Precinct name="Westside" votes="0" />
            </VoteType>
        </Choice>
    </Contest>
    <Contest key="150" text="SHERIFF" isQuestion="false" precinctsReporting="4" precinctsReported="4">
        <VoteType name="Number of Precincts for Race" votes="4">
            <Precinct name="Lakeland" votes="1" />
            <Precinct name="Sirmans" votes="1" />
            <Precinct name="Stockton" votes="1" />
            <Precinct name="Westside" votes="1" />
        </VoteType>
        <VoteType name="Number of Precincts Reporting" votes="4">
            <Precinct name="Lakeland" votes="1" />
            <Precinct name="Sirmans" votes="1" />
            <Precinct name="Stockton" votes="1" />
            <Precinct name="Westside" votes="1" />
        </VoteType>
        <Choice key="20" text="K. MOORE JR. (R)" totalVotes="888">
            <VoteType name="Election Day" votes="441">
                <Precinct name="Lakeland" votes="216" />
                <Precinct name="Sirmans" votes="43" />
                <Precinct name="Stockton" votes="104" />
                <Precinct name="Westside" votes="78" />
            </VoteType>
            <VoteType name="Absentee by Mail" votes="13">
                <Precinct name="Lakeland" votes="7" />
                <Precinct name="Sirmans" votes="1" />
                <Precinct name="Stockton" votes="1" />
                <Precinct name="Westside" votes="4" />
            </VoteType>
            <VoteType name="Advance in Person" votes="434">
                <Precinct name="Lakeland" votes="282" />
                <Precinct name="Sirmans" votes="30" />
                <Precinct name="Stockton" votes="51" />
                <Precinct name="Westside" votes="71" />
            </VoteType>
            <VoteType name="Provisional" votes="0">
                <Precinct name="Lakeland" votes="0" />
                <Precinct name="Sirmans" votes="0" />
                <Precinct name="Stockton" votes="0" />
                <Precinct name="Westside" votes="0" />
            </VoteType>
        </Choice>
        <Choice key="30" text="C. NORTON (I) D" totalVotes="1913">
            <VoteType name="Election Day" votes="692">
                <Precinct name="Lakeland" votes="421" />
                <Precinct name="Sirmans" votes="91" />
                <Precinct name="Stockton" votes="96" />
                <Precinct name="Westside" votes="84" />
            </VoteType>
            <VoteType name="Absentee by Mail" votes="54">
                <Precinct name="Lakeland" votes="37" />
                <Precinct name="Sirmans" votes="3" />
                <Precinct name="Stockton" votes="6" />
                <Precinct name="Westside" votes="8" />
            </VoteType>
            <VoteType name="Advance in Person" votes="1166">
                <Precinct name="Lakeland" votes="828" />
                <Precinct name="Sirmans" votes="106" />
                <Precinct name="Stockton" votes="131" />
                <Precinct name="Westside" votes="101" />
            </VoteType>
            <VoteType name="Provisional" votes="1">
                <Precinct name="Lakeland" votes="1" />
                <Precinct name="Sirmans" votes="0" />
                <Precinct name="Stockton" votes="0" />
                <Precinct name="Westside" votes="0" />
            </VoteType>
        </Choice>
    </Contest>
    <Contest key="180" text="TAX COMMISSIONER" isQuestion="false" precinctsReporting="4" precinctsReported="4">
        <VoteType name="Number of Precincts for Race" votes="4">
            <Precinct name="Lakeland" votes="1" />
            <Precinct name="Sirmans" votes="1" />
            <Precinct name="Stockton" votes="1" />
            <Precinct name="Westside" votes="1" />
        </VoteType>
        <VoteType name="Number of Precincts Reporting" votes="4">
            <Precinct name="Lakeland" votes="1" />
            <Precinct name="Sirmans" votes="1" />
            <Precinct name="Stockton" votes="1" />
            <Precinct name="Westside" votes="1" />
        </VoteType>
        <Choice key="10" text="R. S. RAMPEY (I) D" totalVotes="2548">
            <VoteType name="Election Day" votes="1012">
                <Precinct name="Lakeland" votes="575" />
                <Precinct name="Sirmans" votes="119" />
                <Precinct name="Stockton" votes="178" />
                <Precinct name="Westside" votes="140" />
            </VoteType>
            <VoteType name="Absentee by Mail" votes="62">
                <Precinct name="Lakeland" votes="39" />
                <Precinct name="Sirmans" votes="4" />
                <Precinct name="Stockton" votes="8" />
                <Precinct name="Westside" votes="11" />
            </VoteType>
            <VoteType name="Advance in Person" votes="1473">
                <Precinct name="Lakeland" votes="1025" />
                <Precinct name="Sirmans" votes="129" />
                <Precinct name="Stockton" votes="168" />
                <Precinct name="Westside" votes="151" />
            </VoteType>
            <VoteType name="Provisional" votes="1">
                <Precinct name="Lakeland" votes="1" />
                <Precinct name="Sirmans" votes="0" />
                <Precinct name="Stockton" votes="0" />
                <Precinct name="Westside" votes="0" />
            </VoteType>
        </Choice>
    </Contest>
    <Contest key="210" text="CORONER" isQuestion="false" precinctsReporting="4" precinctsReported="4">
        <VoteType name="Number of Precincts for Race" votes="4">
            <Precinct name="Lakeland" votes="1" />
            <Precinct name="Sirmans" votes="1" />
            <Precinct name="Stockton" votes="1" />
            <Precinct name="Westside" votes="1" />
        </VoteType>
        <VoteType name="Number of Precincts Reporting" votes="4">
            <Precinct name="Lakeland" votes="1" />
            <Precinct name="Sirmans" votes="1" />
            <Precinct name="Stockton" votes="1" />
            <Precinct name="Westside" votes="1" />
        </VoteType>
        <Choice key="10" text="P. S. PHILLIPS (I) R" totalVotes="2406">
            <VoteType name="Election Day" votes="979">
                <Precinct name="Lakeland" votes="528" />
                <Precinct name="Sirmans" votes="115" />
                <Precinct name="Stockton" votes="183" />
                <Precinct name="Westside" votes="153" />
            </VoteType>
            <VoteType name="Absentee by Mail" votes="61">
                <Precinct name="Lakeland" votes="38" />
                <Precinct name="Sirmans" votes="4" />
                <Precinct name="Stockton" votes="8" />
                <Precinct name="Westside" votes="11" />
            </VoteType>
            <VoteType name="Advance in Person" votes="1365">
                <Precinct name="Lakeland" votes="935" />
                <Precinct name="Sirmans" votes="124" />
                <Precinct name="Stockton" votes="160" />
                <Precinct name="Westside" votes="146" />
            </VoteType>
            <VoteType name="Provisional" votes="1">
                <Precinct name="Lakeland" votes="1" />
                <Precinct name="Sirmans" votes="0" />
                <Precinct name="Stockton" votes="0" />
                <Precinct name="Westside" votes="0" />
            </VoteType>
        </Choice>
    </Contest>
    <Contest key="248" text="CHAIR CC" isQuestion="false" precinctsReporting="4" precinctsReported="4">
        <VoteType name="Number of Precincts for Race" votes="4">
            <Precinct name="Lakeland" votes="1" />
            <Precinct name="Sirmans" votes="1" />
            <Precinct name="Stockton" votes="1" />
            <Precinct name="Westside" votes="1" />
        </VoteType>
        <VoteType name="Number of Precincts Reporting" votes="4">
            <Precinct name="Lakeland" votes="1" />
            <Precinct name="Sirmans" votes="1" />
            <Precinct name="Stockton" votes="1" />
            <Precinct name="Westside" votes="1" />
        </VoteType>
        <Choice key="20" text="A. LEE (I) R" totalVotes="2426">
            <VoteType name="Election Day" votes="986">
                <Precinct name="Lakeland" votes="538" />
                <Precinct name="Sirmans" votes="115" />
                <Precinct name="Stockton" votes="181" />
                <Precinct name="Westside" votes="152" />
            </VoteType>
            <VoteType name="Absentee by Mail" votes="58">
                <Precinct name="Lakeland" votes="36" />
                <Precinct name="Sirmans" votes="4" />
                <Precinct name="Stockton" votes="8" />
                <Precinct name="Westside" votes="10" />
            </VoteType>
            <VoteType name="Advance in Person" votes="1381">
                <Precinct name="Lakeland" votes="954" />
                <Precinct name="Sirmans" votes="126" />
                <Precinct name="Stockton" votes="159" />
                <Precinct name="Westside" votes="142" />
            </VoteType>
            <VoteType name="Provisional" votes="1">
                <Precinct name="Lakeland" votes="1" />
                <Precinct name="Sirmans" votes="0" />
                <Precinct name="Stockton" votes="0" />
                <Precinct name="Westside" votes="0" />
            </VoteType>
        </Choice>
    </Contest>
    <Contest key="250" text="CC, D3" isQuestion="false" precinctsReporting="2" precinctsReported="2">
        <VoteType name="Number of Precincts for Race" votes="2">
            <Precinct name="Lakeland" votes="1" />
            <Precinct name="Westside" votes="1" />
        </VoteType>
        <VoteType name="Number of Precincts Reporting" votes="2">
            <Precinct name="Lakeland" votes="1" />
            <Precinct name="Westside" votes="1" />
        </VoteType>
        <Choice key="10" text="S. G. BOWLING (I) R" totalVotes="662">
            <VoteType name="Election Day" votes="262">
                <Precinct name="Lakeland" votes="169" />
                <Precinct name="Westside" votes="93" />
            </VoteType>
            <VoteType name="Absentee by Mail" votes="15">
                <Precinct name="Lakeland" votes="10" />
                <Precinct name="Westside" votes="5" />
            </VoteType>
            <VoteType name="Advance in Person" votes="385">
                <Precinct name="Lakeland" votes="308" />
                <Precinct name="Westside" votes="77" />
            </VoteType>
            <VoteType name="Provisional" votes="0">
                <Precinct name="Lakeland" votes="0" />
                <Precinct name="Westside" votes="0" />
            </VoteType>
        </Choice>
    </Contest>
    <Contest key="270" text="CC, D4" isQuestion="false" precinctsReporting="3" precinctsReported="3">
        <VoteType name="Number of Precincts for Race" votes="3">
            <Precinct name="Lakeland" votes="1" />
            <Precinct name="Sirmans" votes="1" />
            <Precinct name="Stockton" votes="1" />
        </VoteType>
        <VoteType name="Number of Precincts Reporting" votes="3">
            <Precinct name="Lakeland" votes="1" />
            <Precinct name="Sirmans" votes="1" />
            <Precinct name="Stockton" votes="1" />
        </VoteType>
        <Choice key="10" text="D. FENDER (I) R" totalVotes="752">
            <VoteType name="Election Day" votes="351">
                <Precinct name="Lakeland" votes="52" />
                <Precinct name="Sirmans" votes="113" />
                <Precinct name="Stockton" votes="186" />
            </VoteType>
            <VoteType name="Absentee by Mail" votes="13">
                <Precinct name="Lakeland" votes="2" />
                <Precinct name="Sirmans" votes="3" />
                <Precinct name="Stockton" votes="8" />
            </VoteType>
            <VoteType name="Advance in Person" votes="388">
                <Precinct name="Lakeland" votes="99" />
                <Precinct name="Sirmans" votes="125" />
                <Precinct name="Stockton" votes="164" />
            </VoteType>
            <VoteType name="Provisional" votes="0">
                <Precinct name="Lakeland" votes="0" />
                <Precinct name="Sirmans" votes="0" />
                <Precinct name="Stockton" votes="0" />
            </VoteType>
        </Choice>
    </Contest>
    <Contest key="290" text="BOE CHAIRMAN" isQuestion="false" precinctsReporting="4" precinctsReported="4">
        <VoteType name="Number of Precincts for Race" votes="4">
            <Precinct name="Lakeland" votes="1" />
            <Precinct name="Sirmans" votes="1" />
            <Precinct name="Stockton" votes="1" />
            <Precinct name="Westside" votes="1" />
        </VoteType>
        <VoteType name="Number of Precincts Reporting" votes="4">
            <Precinct name="Lakeland" votes="1" />
            <Precinct name="Sirmans" votes="1" />
            <Precinct name="Stockton" votes="1" />
            <Precinct name="Westside" votes="1" />
        </VoteType>
        <Choice key="10" text="F. PATTEN (I) R" totalVotes="2385">
            <VoteType name="Election Day" votes="981">
                <Precinct name="Lakeland" votes="532" />
                <Precinct name="Sirmans" votes="113" />
                <Precinct name="Stockton" votes="185" />
                <Precinct name="Westside" votes="151" />
            </VoteType>
            <VoteType name="Absentee by Mail" votes="55">
                <Precinct name="Lakeland" votes="35" />
                <Precinct name="Sirmans" votes="4" />
                <Precinct name="Stockton" votes="6" />
                <Precinct name="Westside" votes="10" />
            </VoteType>
            <VoteType name="Advance in Person" votes="1348">
                <Precinct name="Lakeland" votes="930" />
                <Precinct name="Sirmans" votes="122" />
                <Precinct name="Stockton" votes="156" />
                <Precinct name="Westside" votes="140" />
            </VoteType>
            <VoteType name="Provisional" votes="1">
                <Precinct name="Lakeland" votes="1" />
                <Precinct name="Sirmans" votes="0" />
                <Precinct name="Stockton" votes="0" />
                <Precinct name="Westside" votes="0" />
            </VoteType>
        </Choice>
    </Contest>
    <Contest key="300" text="BOE D2" isQuestion="false" precinctsReporting="2" precinctsReported="2">
        <VoteType name="Number of Precincts for Race" votes="2">
            <Precinct name="Lakeland" votes="1" />
            <Precinct name="Westside" votes="1" />
        </VoteType>
        <VoteType name="Number of Precincts Reporting" votes="2">
            <Precinct name="Lakeland" votes="1" />
            <Precinct name="Westside" votes="1" />
        </VoteType>
        <Choice key="10" text="W. M. CHASON (I) R" totalVotes="559">
            <VoteType name="Election Day" votes="195">
                <Precinct name="Lakeland" votes="137" />
                <Precinct name="Westside" votes="58" />
            </VoteType>
            <VoteType name="Absentee by Mail" votes="18">
                <Precinct name="Lakeland" votes="13" />
                <Precinct name="Westside" votes="5" />
            </VoteType>
            <VoteType name="Advance in Person" votes="345">
                <Precinct name="Lakeland" votes="280" />
                <Precinct name="Westside" votes="65" />
            </VoteType>
            <VoteType name="Provisional" votes="1">
                <Precinct name="Lakeland" votes="1" />
                <Precinct name="Westside" votes="0" />
            </VoteType>
        </Choice>
    </Contest>
    <Contest key="310" text="Constitutional Amendment #1&lt;br&gt;Provides greater flexibility and state accountability to fix failing schools through increasing community involvement." isQuestion="false" precinctsReporting="4" precinctsReported="4">
        <VoteType name="Number of Precincts for Race" votes="4">
            <Precinct name="Lakeland" votes="1" />
            <Precinct name="Sirmans" votes="1" />
            <Precinct name="Stockton" votes="1" />
            <Precinct name="Westside" votes="1" />
        </VoteType>
        <VoteType name="Number of Precincts Reporting" votes="4">
            <Precinct name="Lakeland" votes="1" />
            <Precinct name="Sirmans" votes="1" />
            <Precinct name="Stockton" votes="1" />
            <Precinct name="Westside" votes="1" />
        </VoteType>
        <Choice key="10" text="YES" totalVotes="1268">
            <VoteType name="Election Day" votes="509">
                <Precinct name="Lakeland" votes="295" />
                <Precinct name="Sirmans" votes="49" />
                <Precinct name="Stockton" votes="85" />
                <Precinct name="Westside" votes="80" />
            </VoteType>
            <VoteType name="Absentee by Mail" votes="37">
                <Precinct name="Lakeland" votes="24" />
                <Precinct name="Sirmans" votes="2" />
                <Precinct name="Stockton" votes="4" />
                <Precinct name="Westside" votes="7" />
            </VoteType>
            <VoteType name="Advance in Person" votes="721">
                <Precinct name="Lakeland" votes="507" />
                <Precinct name="Sirmans" votes="45" />
                <Precinct name="Stockton" votes="81" />
                <Precinct name="Westside" votes="88" />
            </VoteType>
            <VoteType name="Provisional" votes="1">
                <Precinct name="Lakeland" votes="1" />
                <Precinct name="Sirmans" votes="0" />
                <Precinct name="Stockton" votes="0" />
                <Precinct name="Westside" votes="0" />
            </VoteType>
        </Choice>
        <Choice key="20" text="NO" totalVotes="1467">
            <VoteType name="Election Day" votes="607">
                <Precinct name="Lakeland" votes="324" />
                <Precinct name="Sirmans" votes="79" />
                <Precinct name="Stockton" votes="116" />
                <Precinct name="Westside" votes="88" />
            </VoteType>
            <VoteType name="Absentee by Mail" votes="28">
                <Precinct name="Lakeland" votes="17" />
                <Precinct name="Sirmans" votes="2" />
                <Precinct name="Stockton" votes="5" />
                <Precinct name="Westside" votes="4" />
            </VoteType>
            <VoteType name="Advance in Person" votes="832">
                <Precinct name="Lakeland" votes="562" />
                <Precinct name="Sirmans" votes="92" />
                <Precinct name="Stockton" votes="95" />
                <Precinct name="Westside" votes="83" />
            </VoteType>
            <VoteType name="Provisional" votes="0">
                <Precinct name="Lakeland" votes="0" />
                <Precinct name="Sirmans" votes="0" />
                <Precinct name="Stockton" votes="0" />
                <Precinct name="Westside" votes="0" />
            </VoteType>
        </Choice>
    </Contest>
    <Contest key="320" text="Constitutional Amendment #2&lt;br&gt;Authorizes penalties for sexual exploitation and assessments on adult entertainment to fund child victims' services." isQuestion="false" precinctsReporting="4" precinctsReported="4">
        <VoteType name="Number of Precincts for Race" votes="4">
            <Precinct name="Lakeland" votes="1" />
            <Precinct name="Sirmans" votes="1" />
            <Precinct name="Stockton" votes="1" />
            <Precinct name="Westside" votes="1" />
        </VoteType>
        <VoteType name="Number of Precincts Reporting" votes="4">
            <Precinct name="Lakeland" votes="1" />
            <Precinct name="Sirmans" votes="1" />
            <Precinct name="Stockton" votes="1" />
            <Precinct name="Westside" votes="1" />
        </VoteType>
        <Choice key="10" text="YES" totalVotes="2243">
            <VoteType name="Election Day" votes="902">
                <Precinct name="Lakeland" votes="488" />
                <Precinct name="Sirmans" votes="100" />
                <Precinct name="Stockton" votes="176" />
                <Precinct name="Westside" votes="138" />
            </VoteType>
            <VoteType name="Absentee by Mail" votes="62">
                <Precinct name="Lakeland" votes="38" />
                <Precinct name="Sirmans" votes="4" />
                <Precinct name="Stockton" votes="8" />
                <Precinct name="Westside" votes="12" />
            </VoteType>
            <VoteType name="Advance in Person" votes="1278">
                <Precinct name="Lakeland" votes="874" />
                <Precinct name="Sirmans" votes="109" />
                <Precinct name="Stockton" votes="150" />
                <Precinct name="Westside" votes="145" />
            </VoteType>
            <VoteType name="Provisional" votes="1">
                <Precinct name="Lakeland" votes="1" />
                <Precinct name="Sirmans" votes="0" />
                <Precinct name="Stockton" votes="0" />
                <Precinct name="Westside" votes="0" />
            </VoteType>
        </Choice>
        <Choice key="20" text="NO" totalVotes="450">
            <VoteType name="Election Day" votes="199">
                <Precinct name="Lakeland" votes="120" />
                <Precinct name="Sirmans" votes="30" />
                <Precinct name="Stockton" votes="22" />
                <Precinct name="Westside" votes="27" />
            </VoteType>
            <VoteType name="Absentee by Mail" votes="7">
                <Precinct name="Lakeland" votes="6" />
                <Precinct name="Sirmans" votes="0" />
                <Precinct name="Stockton" votes="1" />
                <Precinct name="Westside" votes="0" />
            </VoteType>
            <VoteType name="Advance in Person" votes="244">
                <Precinct name="Lakeland" votes="174" />
                <Precinct name="Sirmans" votes="24" />
                <Precinct name="Stockton" votes="24" />
                <Precinct name="Westside" votes="22" />
            </VoteType>
            <VoteType name="Provisional" votes="0">
                <Precinct name="Lakeland" votes="0" />
                <Precinct name="Sirmans" votes="0" />
                <Precinct name="Stockton" votes="0" />
                <Precinct name="Westside" votes="0" />
            </VoteType>
        </Choice>
    </Contest>
    <Contest key="330" text="Constitutional Amendment #3&lt;br&gt;Reforms and re-establishes the Judicial Qualifications Commission and provides for its composition, governance, and powers." isQuestion="false" precinctsReporting="4" precinctsReported="4">
        <VoteType name="Number of Precincts for Race" votes="4">
            <Precinct name="Lakeland" votes="1" />
            <Precinct name="Sirmans" votes="1" />
            <Precinct name="Stockton" votes="1" />
            <Precinct name="Westside" votes="1" />
        </VoteType>
        <VoteType name="Number of Precincts Reporting" votes="4">
            <Precinct name="Lakeland" votes="1" />
            <Precinct name="Sirmans" votes="1" />
            <Precinct name="Stockton" votes="1" />
            <Precinct name="Westside" votes="1" />
        </VoteType>
        <Choice key="10" text="YES" totalVotes="1652">
            <VoteType name="Election Day" votes="667">
                <Precinct name="Lakeland" votes="358" />
                <Precinct name="Sirmans" votes="75" />
                <Precinct name="Stockton" votes="125" />
                <Precinct name="Westside" votes="109" />
            </VoteType>
            <VoteType name="Absentee by Mail" votes="47">
                <Precinct name="Lakeland" votes="30" />
                <Precinct name="Sirmans" votes="2" />
                <Precinct name="Stockton" votes="5" />
                <Precinct name="Westside" votes="10" />
            </VoteType>
            <VoteType name="Advance in Person" votes="938">
                <Precinct name="Lakeland" votes="645" />
                <Precinct name="Sirmans" votes="73" />
                <Precinct name="Stockton" votes="111" />
                <Precinct name="Westside" votes="109" />
            </VoteType>
            <VoteType name="Provisional" votes="0">
                <Precinct name="Lakeland" votes="0" />
                <Precinct name="Sirmans" votes="0" />
                <Precinct name="Stockton" votes="0" />
                <Precinct name="Westside" votes="0" />
            </VoteType>
        </Choice>
        <Choice key="20" text="NO" totalVotes="909">
            <VoteType name="Election Day" votes="381">
                <Precinct name="Lakeland" votes="222" />
                <Precinct name="Sirmans" votes="42" />
                <Precinct name="Stockton" votes="67" />
                <Precinct name="Westside" votes="50" />
            </VoteType>
            <VoteType name="Absentee by Mail" votes="18">
                <Precinct name="Lakeland" votes="13" />
                <Precinct name="Sirmans" votes="1" />
                <Precinct name="Stockton" votes="3" />
                <Precinct name="Westside" votes="1" />
            </VoteType>
            <VoteType name="Advance in Person" votes="509">
                <Precinct name="Lakeland" votes="359" />
                <Precinct name="Sirmans" votes="53" />
                <Precinct name="Stockton" votes="50" />
                <Precinct name="Westside" votes="47" />
            </VoteType>
            <VoteType name="Provisional" votes="1">
                <Precinct name="Lakeland" votes="1" />
                <Precinct name="Sirmans" votes="0" />
                <Precinct name="Stockton" votes="0" />
                <Precinct name="Westside" votes="0" />
            </VoteType>
        </Choice>
    </Contest>
    <Contest key="340" text="Constitutional Amendment #4&lt;br&gt;Dedicates revenue from existing taxes on fireworks to trauma care, fire services, and public safety." isQuestion="false" precinctsReporting="4" precinctsReported="4">
        <VoteType name="Number of Precincts for Race" votes="4">
            <Precinct name="Lakeland" votes="1" />
            <Precinct name="Sirmans" votes="1" />
            <Precinct name="Stockton" votes="1" />
            <Precinct name="Westside" votes="1" />
        </VoteType>
        <VoteType name="Number of Precincts Reporting" votes="4">
            <Precinct name="Lakeland" votes="1" />
            <Precinct name="Sirmans" votes="1" />
            <Precinct name="Stockton" votes="1" />
            <Precinct name="Westside" votes="1" />
        </VoteType>
        <Choice key="10" text="YES" totalVotes="2098">
            <VoteType name="Election Day" votes="834">
                <Precinct name="Lakeland" votes="458" />
                <Precinct name="Sirmans" votes="93" />
                <Precinct name="Stockton" votes="154" />
                <Precinct name="Westside" votes="129" />
            </VoteType>
            <VoteType name="Absentee by Mail" votes="59">
                <Precinct name="Lakeland" votes="38" />
                <Precinct name="Sirmans" votes="3" />
                <Precinct name="Stockton" votes="8" />
                <Precinct name="Westside" votes="10" />
            </VoteType>
            <VoteType name="Advance in Person" votes="1205">
                <Precinct name="Lakeland" votes="841" />
                <Precinct name="Sirmans" votes="94" />
                <Precinct name="Stockton" votes="132" />
                <Precinct name="Westside" votes="138" />
            </VoteType>
            <VoteType name="Provisional" votes="0">
                <Precinct name="Lakeland" votes="0" />
                <Precinct name="Sirmans" votes="0" />
                <Precinct name="Stockton" votes="0" />
                <Precinct name="Westside" votes="0" />
            </VoteType>
        </Choice>
        <Choice key="20" text="NO" totalVotes="584">
            <VoteType name="Election Day" votes="261">
                <Precinct name="Lakeland" votes="147" />
                <Precinct name="Sirmans" votes="33" />
                <Precinct name="Stockton" votes="44" />
                <Precinct name="Westside" votes="37" />
            </VoteType>
            <VoteType name="Absentee by Mail" votes="9">
                <Precinct name="Lakeland" votes="6" />
                <Precinct name="Sirmans" votes="1" />
                <Precinct name="Stockton" votes="1" />
                <Precinct name="Westside" votes="1" />
            </VoteType>
            <VoteType name="Advance in Person" votes="313">
                <Precinct name="Lakeland" votes="206" />
                <Precinct name="Sirmans" votes="39" />
                <Precinct name="Stockton" votes="39" />
                <Precinct name="Westside" votes="29" />
            </VoteType>
            <VoteType name="Provisional" votes="1">
                <Precinct name="Lakeland" votes="1" />
                <Precinct name="Sirmans" votes="0" />
                <Precinct name="Stockton" votes="0" />
                <Precinct name="Westside" votes="0" />
            </VoteType>
        </Choice>
    </Contest>
</ElectionResult>