<?xml version="1.0"?>
<!--Election result snapshot imported from Tabulation System
-->
<ElectionResult>
    <Timestamp>11/15/2016 9:45:32 AM EST</Timestamp>
    <ElectionName>November 8, 2016 - General Election</ElectionName>
    <ElectionDate>11/8/2016</ElectionDate>
    <Region>Turner</Region>
    <VoterTurnout totalVoters="4552" ballotsCast="3414" voterTurnout="75.00">
        <Precincts>
            <Precinct name="Ashburn" totalVoters="2840" ballotsCast="2044" voterTurnout="71.97" percentReporting="4" />
            <Precinct name="Sycamore" totalVoters="1335" ballotsCast="1068" voterTurnout="80.00" percentReporting="4" />
            <Precinct name="Rebecca" totalVoters="377" ballotsCast="302" voterTurnout="80.11" percentReporting="4" />
        </Precincts>
    </VoterTurnout>
    <Contest key="1" text="President of the United States" isQuestion="false" precinctsReporting="3" precinctsReported="3">
        <VoteType name="Number of Precincts for Race" votes="3">
            <Precinct name="Ashburn" votes="1" />
            <Precinct name="Sycamore" votes="1" />
            <Precinct name="Rebecca" votes="1" />
        </VoteType>
        <VoteType name="Number of Precincts Reporting" votes="3">
            <Precinct name="Ashburn" votes="1" />
            <Precinct name="Sycamore" votes="1" />
            <Precinct name="Rebecca" votes="1" />
        </VoteType>
        <Choice key="10" text="DONALD J. TRUMP" totalVotes="2095">
            <VoteType name="Election Day" votes="609">
                <Precinct name="Ashburn" votes="239" />
                <Precinct name="Sycamore" votes="215" />
                <Precinct name="Rebecca" votes="155" />
            </VoteType>
            <VoteType name="Absentee by Mail" votes="55">
                <Precinct name="Ashburn" votes="21" />
                <Precinct name="Sycamore" votes="25" />
                <Precinct name="Rebecca" votes="9" />
            </VoteType>
            <VoteType name="Advance in Person" votes="1430">
                <Precinct name="Ashburn" votes="659" />
                <Precinct name="Sycamore" votes="676" />
                <Precinct name="Rebecca" votes="95" />
            </VoteType>
            <VoteType name="Provisional" votes="1">
                <Precinct name="Ashburn" votes="1" />
                <Precinct name="Sycamore" votes="0" />
                <Precinct name="Rebecca" votes="0" />
            </VoteType>
        </Choice>
        <Choice key="20" text="HILLARY CLINTON" totalVotes="1246">
            <VoteType name="Election Day" votes="569">
                <Precinct name="Ashburn" votes="491" />
                <Precinct name="Sycamore" votes="51" />
                <Precinct name="Rebecca" votes="27" />
            </VoteType>
            <VoteType name="Absentee by Mail" votes="30">
                <Precinct name="Ashburn" votes="23" />
                <Precinct name="Sycamore" votes="5" />
                <Precinct name="Rebecca" votes="2" />
            </VoteType>
            <VoteType name="Advance in Person" votes="644">
                <Precinct name="Ashburn" votes="564" />
                <Precinct name="Sycamore" votes="70" />
                <Precinct name="Rebecca" votes="10" />
            </VoteType>
            <VoteType name="Provisional" votes="3">
                <Precinct name="Ashburn" votes="3" />
                <Precinct name="Sycamore" votes="0" />
                <Precinct name="Rebecca" votes="0" />
            </VoteType>
        </Choice>
        <Choice key="30" text="GARY JOHNSON" totalVotes="53">
            <VoteType name="Election Day" votes="17">
                <Precinct name="Ashburn" votes="7" />
                <Precinct name="Sycamore" votes="8" />
                <Precinct name="Rebecca" votes="2" />
            </VoteType>
            <VoteType name="Absentee by Mail" votes="2">
                <Precinct name="Ashburn" votes="2" />
                <Precinct name="Sycamore" votes="0" />
                <Precinct name="Rebecca" votes="0" />
            </VoteType>
            <VoteType name="Advance in Person" votes="34">
                <Precinct name="Ashburn" votes="25" />
                <Precinct name="Sycamore" votes="8" />
                <Precinct name="Rebecca" votes="1" />
            </VoteType>
            <VoteType name="Provisional" votes="0">
                <Precinct name="Ashburn" votes="0" />
                <Precinct name="Sycamore" votes="0" />
                <Precinct name="Rebecca" votes="0" />
            </VoteType>
        </Choice>
    </Contest>
    <Contest key="10" text="United States Senator, Isakson" isQuestion="false" precinctsReporting="3" precinctsReported="3">
        <VoteType name="Number of Precincts for Race" votes="3">
            <Precinct name="Ashburn" votes="1" />
            <Precinct name="Sycamore" votes="1" />
            <Precinct name="Rebecca" votes="1" />
        </VoteType>
        <VoteType name="Number of Precincts Reporting" votes="3">
            <Precinct name="Ashburn" votes="1" />
            <Precinct name="Sycamore" votes="1" />
            <Precinct name="Rebecca" votes="1" />
        </VoteType>
        <Choice key="30" text="JOHNNY ISAKSON (I)" totalVotes="2039">
            <VoteType name="Election Day" votes="616">
                <Precinct name="Ashburn" votes="260" />
                <Precinct name="Sycamore" votes="211" />
                <Precinct name="Rebecca" votes="145" />
            </VoteType>
            <VoteType name="Absentee by Mail" votes="51">
                <Precinct name="Ashburn" votes="19" />
                <Precinct name="Sycamore" votes="24" />
                <Precinct name="Rebecca" votes="8" />
            </VoteType>
            <VoteType name="Advance in Person" votes="1371">
                <Precinct name="Ashburn" votes="648" />
                <Precinct name="Sycamore" votes="633" />
                <Precinct name="Rebecca" votes="90" />
            </VoteType>
            <VoteType name="Provisional" votes="1">
                <Precinct name="Ashburn" votes="1" />
                <Precinct name="Sycamore" votes="0" />
                <Precinct name="Rebecca" votes="0" />
            </VoteType>
        </Choice>
        <Choice key="40" text="JIM BARKSDALE" totalVotes="1031">
            <VoteType name="Election Day" votes="453">
                <Precinct name="Ashburn" votes="391" />
                <Precinct name="Sycamore" votes="42" />
                <Precinct name="Rebecca" votes="20" />
            </VoteType>
            <VoteType name="Absentee by Mail" votes="31">
                <Precinct name="Ashburn" votes="23" />
                <Precinct name="Sycamore" votes="5" />
                <Precinct name="Rebecca" votes="3" />
            </VoteType>
            <VoteType name="Advance in Person" votes="545">
                <Precinct name="Ashburn" votes="458" />
                <Precinct name="Sycamore" votes="77" />
                <Precinct name="Rebecca" votes="10" />
            </VoteType>
            <VoteType name="Provisional" votes="2">
                <Precinct name="Ashburn" votes="2" />
                <Precinct name="Sycamore" votes="0" />
                <Precinct name="Rebecca" votes="0" />
            </VoteType>
        </Choice>
        <Choice key="50" text="ALLEN BUCKLEY" totalVotes="75">
            <VoteType name="Election Day" votes="27">
                <Precinct name="Ashburn" votes="11" />
                <Precinct name="Sycamore" votes="10" />
                <Precinct name="Rebecca" votes="6" />
            </VoteType>
            <VoteType name="Absentee by Mail" votes="0">
                <Precinct name="Ashburn" votes="0" />
                <Precinct name="Sycamore" votes="0" />
                <Precinct name="Rebecca" votes="0" />
            </VoteType>
            <VoteType name="Advance in Person" votes="48">
                <Precinct name="Ashburn" votes="30" />
                <Precinct name="Sycamore" votes="15" />
                <Precinct name="Rebecca" votes="3" />
            </VoteType>
            <VoteType name="Provisional" votes="0">
                <Precinct name="Ashburn" votes="0" />
                <Precinct name="Sycamore" votes="0" />
                <Precinct name="Rebecca" votes="0" />
            </VoteType>
        </Choice>
    </Contest>
    <Contest key="30" text="Public Service Commission, District 2 - Eastern" isQuestion="false" precinctsReporting="3" precinctsReported="3">
        <VoteType name="Number of Precincts for Race" votes="3">
            <Precinct name="Ashburn" votes="1" />
            <Precinct name="Sycamore" votes="1" />
            <Precinct name="Rebecca" votes="1" />
        </VoteType>
        <VoteType name="Number of Precincts Reporting" votes="3">
            <Precinct name="Ashburn" votes="1" />
            <Precinct name="Sycamore" votes="1" />
            <Precinct name="Rebecca" votes="1" />
        </VoteType>
        <Choice key="20" text="TIM ECHOLS (I)" totalVotes="2153">
            <VoteType name="Election Day" votes="678">
                <Precinct name="Ashburn" votes="307" />
                <Precinct name="Sycamore" votes="221" />
                <Precinct name="Rebecca" votes="150" />
            </VoteType>
            <VoteType name="Absentee by Mail" votes="58">
                <Precinct name="Ashburn" votes="22" />
                <Precinct name="Sycamore" votes="27" />
                <Precinct name="Rebecca" votes="9" />
            </VoteType>
            <VoteType name="Advance in Person" votes="1415">
                <Precinct name="Ashburn" votes="685" />
                <Precinct name="Sycamore" votes="641" />
                <Precinct name="Rebecca" votes="89" />
            </VoteType>
            <VoteType name="Provisional" votes="2">
                <Precinct name="Ashburn" votes="2" />
                <Precinct name="Sycamore" votes="0" />
                <Precinct name="Rebecca" votes="0" />
            </VoteType>
        </Choice>
        <Choice key="30" text="ERIC HOSKINS" totalVotes="724">
            <VoteType name="Election Day" votes="325">
                <Precinct name="Ashburn" votes="274" />
                <Precinct name="Sycamore" votes="33" />
                <Precinct name="Rebecca" votes="18" />
            </VoteType>
            <VoteType name="Absentee by Mail" votes="16">
                <Precinct name="Ashburn" votes="15" />
                <Precinct name="Sycamore" votes="0" />
                <Precinct name="Rebecca" votes="1" />
            </VoteType>
            <VoteType name="Advance in Person" votes="382">
                <Precinct name="Ashburn" votes="303" />
                <Precinct name="Sycamore" votes="70" />
                <Precinct name="Rebecca" votes="9" />
            </VoteType>
            <VoteType name="Provisional" votes="1">
                <Precinct name="Ashburn" votes="1" />
                <Precinct name="Sycamore" votes="0" />
                <Precinct name="Rebecca" votes="0" />
            </VoteType>
        </Choice>
    </Contest>
    <Contest key="50" text="U.S. Representative, District 8" isQuestion="false" precinctsReporting="3" precinctsReported="3">
        <VoteType name="Number of Precincts for Race" votes="3">
            <Precinct name="Ashburn" votes="1" />
            <Precinct name="Sycamore" votes="1" />
            <Precinct name="Rebecca" votes="1" />
        </VoteType>
        <VoteType name="Number of Precincts Reporting" votes="3">
            <Precinct name="Ashburn" votes="1" />
            <Precinct name="Sycamore" votes="1" />
            <Precinct name="Rebecca" votes="1" />
        </VoteType>
        <Choice key="20" text="AUSTIN SCOTT (I)" totalVotes="2279">
            <VoteType name="Election Day" votes="698">
                <Precinct name="Ashburn" votes="305" />
                <Precinct name="Sycamore" votes="232" />
                <Precinct name="Rebecca" votes="161" />
            </VoteType>
            <VoteType name="Absentee by Mail" votes="58">
                <Precinct name="Ashburn" votes="22" />
                <Precinct name="Sycamore" votes="26" />
                <Precinct name="Rebecca" votes="10" />
            </VoteType>
            <VoteType name="Advance in Person" votes="1522">
                <Precinct name="Ashburn" votes="754" />
                <Precinct name="Sycamore" votes="678" />
                <Precinct name="Rebecca" votes="90" />
            </VoteType>
            <VoteType name="Provisional" votes="1">
                <Precinct name="Ashburn" votes="1" />
                <Precinct name="Sycamore" votes="0" />
                <Precinct name="Rebecca" votes="0" />
            </VoteType>
        </Choice>
        <Choice key="30" text="JAMES NEAL HARRIS" totalVotes="1029">
            <VoteType name="Election Day" votes="459">
                <Precinct name="Ashburn" votes="398" />
                <Precinct name="Sycamore" votes="42" />
                <Precinct name="Rebecca" votes="19" />
            </VoteType>
            <VoteType name="Absentee by Mail" votes="26">
                <Precinct name="Ashburn" votes="22" />
                <Precinct name="Sycamore" votes="3" />
                <Precinct name="Rebecca" votes="1" />
            </VoteType>
            <VoteType name="Advance in Person" votes="542">
                <Precinct name="Ashburn" votes="456" />
                <Precinct name="Sycamore" votes="70" />
                <Precinct name="Rebecca" votes="16" />
            </VoteType>
            <VoteType name="Provisional" votes="2">
                <Precinct name="Ashburn" votes="2" />
                <Precinct name="Sycamore" votes="0" />
                <Precinct name="Rebecca" votes="0" />
            </VoteType>
        </Choice>
    </Contest>
    <Contest key="70" text="State Senator, District 13" isQuestion="false" precinctsReporting="3" precinctsReported="3">
        <VoteType name="Number of Precincts for Race" votes="3">
            <Precinct name="Ashburn" votes="1" />
            <Precinct name="Sycamore" votes="1" />
            <Precinct name="Rebecca" votes="1" />
        </VoteType>
        <VoteType name="Number of Precincts Reporting" votes="3">
            <Precinct name="Ashburn" votes="1" />
            <Precinct name="Sycamore" votes="1" />
            <Precinct name="Rebecca" votes="1" />
        </VoteType>
        <Choice key="10" text="GREG KIRK (I)" totalVotes="2077">
            <VoteType name="Election Day" votes="632">
                <Precinct name="Ashburn" votes="255" />
                <Precinct name="Sycamore" votes="225" />
                <Precinct name="Rebecca" votes="152" />
            </VoteType>
            <VoteType name="Absentee by Mail" votes="54">
                <Precinct name="Ashburn" votes="20" />
                <Precinct name="Sycamore" votes="25" />
                <Precinct name="Rebecca" votes="9" />
            </VoteType>
            <VoteType name="Advance in Person" votes="1390">
                <Precinct name="Ashburn" votes="644" />
                <Precinct name="Sycamore" votes="656" />
                <Precinct name="Rebecca" votes="90" />
            </VoteType>
            <VoteType name="Provisional" votes="1">
                <Precinct name="Ashburn" votes="1" />
                <Precinct name="Sycamore" votes="0" />
                <Precinct name="Rebecca" votes="0" />
            </VoteType>
        </Choice>
        <Choice key="20" text="RUENETTE MELTON" totalVotes="1126">
            <VoteType name="Election Day" votes="496">
                <Precinct name="Ashburn" votes="431" />
                <Precinct name="Sycamore" votes="43" />
                <Precinct name="Rebecca" votes="22" />
            </VoteType>
            <VoteType name="Absentee by Mail" votes="27">
                <Precinct name="Ashburn" votes="23" />
                <Precinct name="Sycamore" votes="2" />
                <Precinct name="Rebecca" votes="2" />
            </VoteType>
            <VoteType name="Advance in Person" votes="601">
                <Precinct name="Ashburn" votes="518" />
                <Precinct name="Sycamore" votes="72" />
                <Precinct name="Rebecca" votes="11" />
            </VoteType>
            <VoteType name="Provisional" votes="2">
                <Precinct name="Ashburn" votes="2" />
                <Precinct name="Sycamore" votes="0" />
                <Precinct name="Rebecca" votes="0" />
            </VoteType>
        </Choice>
    </Contest>
    <Contest key="90" text="State Representative, District 155" isQuestion="false" precinctsReporting="3" precinctsReported="3">
        <VoteType name="Number of Precincts for Race" votes="3">
            <Precinct name="Ashburn" votes="1" />
            <Precinct name="Sycamore" votes="1" />
            <Precinct name="Rebecca" votes="1" />
        </VoteType>
        <VoteType name="Number of Precincts Reporting" votes="3">
            <Precinct name="Ashburn" votes="1" />
            <Precinct name="Sycamore" votes="1" />
            <Precinct name="Rebecca" votes="1" />
        </VoteType>
        <Choice key="10" text="CLAY PIRKLE (I)" totalVotes="2711">
            <VoteType name="Election Day" votes="927">
                <Precinct name="Ashburn" votes="503" />
                <Precinct name="Sycamore" votes="255" />
                <Precinct name="Rebecca" votes="169" />
            </VoteType>
            <VoteType name="Absentee by Mail" votes="68">
                <Precinct name="Ashburn" votes="31" />
                <Precinct name="Sycamore" votes="27" />
                <Precinct name="Rebecca" votes="10" />
            </VoteType>
            <VoteType name="Advance in Person" votes="1713">
                <Precinct name="Ashburn" votes="914" />
                <Precinct name="Sycamore" votes="700" />
                <Precinct name="Rebecca" votes="99" />
            </VoteType>
            <VoteType name="Provisional" votes="3">
                <Precinct name="Ashburn" votes="3" />
                <Precinct name="Sycamore" votes="0" />
                <Precinct name="Rebecca" votes="0" />
            </VoteType>
        </Choice>
    </Contest>
    <Contest key="110" text="District Attorney, Tifton Circuit" isQuestion="false" precinctsReporting="3" precinctsReported="3">
        <VoteType name="Number of Precincts for Race" votes="3">
            <Precinct name="Ashburn" votes="1" />
            <Precinct name="Sycamore" votes="1" />
            <Precinct name="Rebecca" votes="1" />
        </VoteType>
        <VoteType name="Number of Precincts Reporting" votes="3">
            <Precinct name="Ashburn" votes="1" />
            <Precinct name="Sycamore" votes="1" />
            <Precinct name="Rebecca" votes="1" />
        </VoteType>
        <Choice key="10" text="PAUL BOWDEN (I)" totalVotes="2634">
            <VoteType name="Election Day" votes="904">
                <Precinct name="Ashburn" votes="492" />
                <Precinct name="Sycamore" votes="245" />
                <Precinct name="Rebecca" votes="167" />
            </VoteType>
            <VoteType name="Absentee by Mail" votes="69">
                <Precinct name="Ashburn" votes="33" />
                <Precinct name="Sycamore" votes="26" />
                <Precinct name="Rebecca" votes="10" />
            </VoteType>
            <VoteType name="Advance in Person" votes="1658">
                <Precinct name="Ashburn" votes="885" />
                <Precinct name="Sycamore" votes="674" />
                <Precinct name="Rebecca" votes="99" />
            </VoteType>
            <VoteType name="Provisional" votes="3">
                <Precinct name="Ashburn" votes="3" />
                <Precinct name="Sycamore" votes="0" />
                <Precinct name="Rebecca" votes="0" />
            </VoteType>
        </Choice>
    </Contest>
    <Contest key="130" text="JUDGE, PROBATE COURT" isQuestion="false" precinctsReporting="3" precinctsReported="3">
        <VoteType name="Number of Precincts for Race" votes="3">
            <Precinct name="Ashburn" votes="1" />
            <Precinct name="Sycamore" votes="1" />
            <Precinct name="Rebecca" votes="1" />
        </VoteType>
        <VoteType name="Number of Precincts Reporting" votes="3">
            <Precinct name="Ashburn" votes="1" />
            <Precinct name="Sycamore" votes="1" />
            <Precinct name="Rebecca" votes="1" />
        </VoteType>
        <Choice key="10" text="S. R. HILL (R)" totalVotes="1058">
            <VoteType name="Election Day" votes="336">
                <Precinct name="Ashburn" votes="136" />
                <Precinct name="Sycamore" votes="135" />
                <Precinct name="Rebecca" votes="65" />
            </VoteType>
            <VoteType name="Absentee by Mail" votes="24">
                <Precinct name="Ashburn" votes="12" />
                <Precinct name="Sycamore" votes="10" />
                <Precinct name="Rebecca" votes="2" />
            </VoteType>
            <VoteType name="Advance in Person" votes="697">
                <Precinct name="Ashburn" votes="320" />
                <Precinct name="Sycamore" votes="338" />
                <Precinct name="Rebecca" votes="39" />
            </VoteType>
            <VoteType name="Provisional" votes="1">
                <Precinct name="Ashburn" votes="1" />
                <Precinct name="Sycamore" votes="0" />
                <Precinct name="Rebecca" votes="0" />
            </VoteType>
        </Choice>
        <Choice key="20" text="P. E. THOMAS (I) D" totalVotes="2288">
            <VoteType name="Election Day" votes="843">
                <Precinct name="Ashburn" votes="587" />
                <Precinct name="Sycamore" votes="137" />
                <Precinct name="Rebecca" votes="119" />
            </VoteType>
            <VoteType name="Absentee by Mail" votes="59">
                <Precinct name="Ashburn" votes="32" />
                <Precinct name="Sycamore" votes="18" />
                <Precinct name="Rebecca" votes="9" />
            </VoteType>
            <VoteType name="Advance in Person" votes="1383">
                <Precinct name="Ashburn" votes="906" />
                <Precinct name="Sycamore" votes="410" />
                <Precinct name="Rebecca" votes="67" />
            </VoteType>
            <VoteType name="Provisional" votes="3">
                <Precinct name="Ashburn" votes="3" />
                <Precinct name="Sycamore" votes="0" />
                <Precinct name="Rebecca" votes="0" />
            </VoteType>
        </Choice>
    </Contest>
    <Contest key="135" text="CLERK, SUPERIOR COURT" isQuestion="false" precinctsReporting="3" precinctsReported="3">
        <VoteType name="Number of Precincts for Race" votes="3">
            <Precinct name="Ashburn" votes="1" />
            <Precinct name="Sycamore" votes="1" />
            <Precinct name="Rebecca" votes="1" />
        </VoteType>
        <VoteType name="Number of Precincts Reporting" votes="3">
            <Precinct name="Ashburn" votes="1" />
            <Precinct name="Sycamore" votes="1" />
            <Precinct name="Rebecca" votes="1" />
        </VoteType>
        <Choice key="10" text="M. L. GREEN (I) D" totalVotes="3052">
            <VoteType name="Election Day" votes="1099">
                <Precinct name="Ashburn" votes="683" />
                <Precinct name="Sycamore" votes="248" />
                <Precinct name="Rebecca" votes="168" />
            </VoteType>
            <VoteType name="Absentee by Mail" votes="72">
                <Precinct name="Ashburn" votes="36" />
                <Precinct name="Sycamore" votes="25" />
                <Precinct name="Rebecca" votes="11" />
            </VoteType>
            <VoteType name="Advance in Person" votes="1877">
                <Precinct name="Ashburn" votes="1131" />
                <Precinct name="Sycamore" votes="656" />
                <Precinct name="Rebecca" votes="90" />
            </VoteType>
            <VoteType name="Provisional" votes="4">
                <Precinct name="Ashburn" votes="4" />
                <Precinct name="Sycamore" votes="0" />
                <Precinct name="Rebecca" votes="0" />
            </VoteType>
        </Choice>
    </Contest>
    <Contest key="170" text="SHERIFF" isQuestion="false" precinctsReporting="3" precinctsReported="3">
        <VoteType name="Number of Precincts for Race" votes="3">
            <Precinct name="Ashburn" votes="1" />
            <Precinct name="Sycamore" votes="1" />
            <Precinct name="Rebecca" votes="1" />
        </VoteType>
        <VoteType name="Number of Precincts Reporting" votes="3">
            <Precinct name="Ashburn" votes="1" />
            <Precinct name="Sycamore" votes="1" />
            <Precinct name="Rebecca" votes="1" />
        </VoteType>
        <Choice key="10" text="A. HESTER (I) R" totalVotes="2879">
            <VoteType name="Election Day" votes="989">
                <Precinct name="Ashburn" votes="565" />
                <Precinct name="Sycamore" votes="253" />
                <Precinct name="Rebecca" votes="171" />
            </VoteType>
            <VoteType name="Absentee by Mail" votes="73">
                <Precinct name="Ashburn" votes="35" />
                <Precinct name="Sycamore" votes="27" />
                <Precinct name="Rebecca" votes="11" />
            </VoteType>
            <VoteType name="Advance in Person" votes="1814">
                <Precinct name="Ashburn" votes="1014" />
                <Precinct name="Sycamore" votes="700" />
                <Precinct name="Rebecca" votes="100" />
            </VoteType>
            <VoteType name="Provisional" votes="3">
                <Precinct name="Ashburn" votes="3" />
                <Precinct name="Sycamore" votes="0" />
                <Precinct name="Rebecca" votes="0" />
            </VoteType>
        </Choice>
    </Contest>
    <Contest key="200" text="TAX COMMISSIONER" isQuestion="false" precinctsReporting="3" precinctsReported="3">
        <VoteType name="Number of Precincts for Race" votes="3">
            <Precinct name="Ashburn" votes="1" />
            <Precinct name="Sycamore" votes="1" />
            <Precinct name="Rebecca" votes="1" />
        </VoteType>
        <VoteType name="Number of Precincts Reporting" votes="3">
            <Precinct name="Ashburn" votes="1" />
            <Precinct name="Sycamore" votes="1" />
            <Precinct name="Rebecca" votes="1" />
        </VoteType>
        <Choice key="10" text="R. F. GREGORY (I) D" totalVotes="2948">
            <VoteType name="Election Day" votes="1042">
                <Precinct name="Ashburn" votes="633" />
                <Precinct name="Sycamore" votes="246" />
                <Precinct name="Rebecca" votes="163" />
            </VoteType>
            <VoteType name="Absentee by Mail" votes="73">
                <Precinct name="Ashburn" votes="38" />
                <Precinct name="Sycamore" votes="24" />
                <Precinct name="Rebecca" votes="11" />
            </VoteType>
            <VoteType name="Advance in Person" votes="1830">
                <Precinct name="Ashburn" votes="1078" />
                <Precinct name="Sycamore" votes="665" />
                <Precinct name="Rebecca" votes="87" />
            </VoteType>
            <VoteType name="Provisional" votes="3">
                <Precinct name="Ashburn" votes="3" />
                <Precinct name="Sycamore" votes="0" />
                <Precinct name="Rebecca" votes="0" />
            </VoteType>
        </Choice>
    </Contest>
    <Contest key="220" text="CORONER" isQuestion="false" precinctsReporting="3" precinctsReported="3">
        <VoteType name="Number of Precincts for Race" votes="3">
            <Precinct name="Ashburn" votes="1" />
            <Precinct name="Sycamore" votes="1" />
            <Precinct name="Rebecca" votes="1" />
        </VoteType>
        <VoteType name="Number of Precincts Reporting" votes="3">
            <Precinct name="Ashburn" votes="1" />
            <Precinct name="Sycamore" votes="1" />
            <Precinct name="Rebecca" votes="1" />
        </VoteType>
        <Choice key="10" text="E.  F. PERRY (I) D" totalVotes="3026">
            <VoteType name="Election Day" votes="1070">
                <Precinct name="Ashburn" votes="646" />
                <Precinct name="Sycamore" votes="250" />
                <Precinct name="Rebecca" votes="174" />
            </VoteType>
            <VoteType name="Absentee by Mail" votes="74">
                <Precinct name="Ashburn" votes="38" />
                <Precinct name="Sycamore" votes="25" />
                <Precinct name="Rebecca" votes="11" />
            </VoteType>
            <VoteType name="Advance in Person" votes="1879">
                <Precinct name="Ashburn" votes="1106" />
                <Precinct name="Sycamore" votes="679" />
                <Precinct name="Rebecca" votes="94" />
            </VoteType>
            <VoteType name="Provisional" votes="3">
                <Precinct name="Ashburn" votes="3" />
                <Precinct name="Sycamore" votes="0" />
                <Precinct name="Rebecca" votes="0" />
            </VoteType>
        </Choice>
    </Contest>
    <Contest key="240" text="CHIEF MAGISTRATE" isQuestion="false" precinctsReporting="3" precinctsReported="3">
        <VoteType name="Number of Precincts for Race" votes="3">
            <Precinct name="Ashburn" votes="1" />
            <Precinct name="Sycamore" votes="1" />
            <Precinct name="Rebecca" votes="1" />
        </VoteType>
        <VoteType name="Number of Precincts Reporting" votes="3">
            <Precinct name="Ashburn" votes="1" />
            <Precinct name="Sycamore" votes="1" />
            <Precinct name="Rebecca" votes="1" />
        </VoteType>
        <Choice key="10" text="C. POOLE (I) D" totalVotes="2957">
            <VoteType name="Election Day" votes="1049">
                <Precinct name="Ashburn" votes="639" />
                <Precinct name="Sycamore" votes="244" />
                <Precinct name="Rebecca" votes="166" />
            </VoteType>
            <VoteType name="Absentee by Mail" votes="71">
                <Precinct name="Ashburn" votes="37" />
                <Precinct name="Sycamore" votes="25" />
                <Precinct name="Rebecca" votes="9" />
            </VoteType>
            <VoteType name="Advance in Person" votes="1833">
                <Precinct name="Ashburn" votes="1095" />
                <Precinct name="Sycamore" votes="651" />
                <Precinct name="Rebecca" votes="87" />
            </VoteType>
            <VoteType name="Provisional" votes="4">
                <Precinct name="Ashburn" votes="4" />
                <Precinct name="Sycamore" votes="0" />
                <Precinct name="Rebecca" votes="0" />
            </VoteType>
        </Choice>
    </Contest>
    <Contest key="260" text="CC, D2" isQuestion="false" precinctsReporting="2" precinctsReported="2">
        <VoteType name="Number of Precincts for Race" votes="2">
            <Precinct name="Ashburn" votes="1" />
            <Precinct name="Sycamore" votes="1" />
        </VoteType>
        <VoteType name="Number of Precincts Reporting" votes="2">
            <Precinct name="Ashburn" votes="1" />
            <Precinct name="Sycamore" votes="1" />
        </VoteType>
        <Choice key="10" text="D. HALL SR. (I) D" totalVotes="512">
            <VoteType name="Election Day" votes="195">
                <Precinct name="Ashburn" votes="172" />
                <Precinct name="Sycamore" votes="23" />
            </VoteType>
            <VoteType name="Absentee by Mail" votes="11">
                <Precinct name="Ashburn" votes="11" />
                <Precinct name="Sycamore" votes="0" />
            </VoteType>
            <VoteType name="Advance in Person" votes="304">
                <Precinct name="Ashburn" votes="249" />
                <Precinct name="Sycamore" votes="55" />
            </VoteType>
            <VoteType name="Provisional" votes="2">
                <Precinct name="Ashburn" votes="2" />
                <Precinct name="Sycamore" votes="0" />
            </VoteType>
        </Choice>
    </Contest>
    <Contest key="270" text="CC, D3" isQuestion="false" precinctsReporting="2" precinctsReported="2">
        <VoteType name="Number of Precincts for Race" votes="2">
            <Precinct name="Ashburn" votes="1" />
            <Precinct name="Sycamore" votes="1" />
        </VoteType>
        <VoteType name="Number of Precincts Reporting" votes="2">
            <Precinct name="Ashburn" votes="1" />
            <Precinct name="Sycamore" votes="1" />
        </VoteType>
        <Choice key="10" text="S. MCCARD (I) R" totalVotes="656">
            <VoteType name="Election Day" votes="189">
                <Precinct name="Ashburn" votes="170" />
                <Precinct name="Sycamore" votes="19" />
            </VoteType>
            <VoteType name="Absentee by Mail" votes="20">
                <Precinct name="Ashburn" votes="17" />
                <Precinct name="Sycamore" votes="3" />
            </VoteType>
            <VoteType name="Advance in Person" votes="446">
                <Precinct name="Ashburn" votes="375" />
                <Precinct name="Sycamore" votes="71" />
            </VoteType>
            <VoteType name="Provisional" votes="1">
                <Precinct name="Ashburn" votes="1" />
                <Precinct name="Sycamore" votes="0" />
            </VoteType>
        </Choice>
    </Contest>
    <Contest key="290" text="CC, D4" isQuestion="false" precinctsReporting="3" precinctsReported="3">
        <VoteType name="Number of Precincts for Race" votes="3">
            <Precinct name="Ashburn" votes="1" />
            <Precinct name="Sycamore" votes="1" />
            <Precinct name="Rebecca" votes="1" />
        </VoteType>
        <VoteType name="Number of Precincts Reporting" votes="3">
            <Precinct name="Ashburn" votes="1" />
            <Precinct name="Sycamore" votes="1" />
            <Precinct name="Rebecca" votes="1" />
        </VoteType>
        <Choice key="10" text="B. CALHOUN (I) R" totalVotes="647">
            <VoteType name="Election Day" votes="275">
                <Precinct name="Ashburn" votes="72" />
                <Precinct name="Sycamore" votes="33" />
                <Precinct name="Rebecca" votes="170" />
            </VoteType>
            <VoteType name="Absentee by Mail" votes="16">
                <Precinct name="Ashburn" votes="4" />
                <Precinct name="Sycamore" votes="1" />
                <Precinct name="Rebecca" votes="11" />
            </VoteType>
            <VoteType name="Advance in Person" votes="355">
                <Precinct name="Ashburn" votes="177" />
                <Precinct name="Sycamore" votes="82" />
                <Precinct name="Rebecca" votes="96" />
            </VoteType>
            <VoteType name="Provisional" votes="1">
                <Precinct name="Ashburn" votes="1" />
                <Precinct name="Sycamore" votes="0" />
                <Precinct name="Rebecca" votes="0" />
            </VoteType>
        </Choice>
    </Contest>
    <Contest key="310" text="BOE, D2" isQuestion="false" precinctsReporting="2" precinctsReported="2">
        <VoteType name="Number of Precincts for Race" votes="2">
            <Precinct name="Ashburn" votes="1" />
            <Precinct name="Sycamore" votes="1" />
        </VoteType>
        <VoteType name="Number of Precincts Reporting" votes="2">
            <Precinct name="Ashburn" votes="1" />
            <Precinct name="Sycamore" votes="1" />
        </VoteType>
        <Choice key="10" text="S. G. BROWN (I) D" totalVotes="503">
            <VoteType name="Election Day" votes="191">
                <Precinct name="Ashburn" votes="167" />
                <Precinct name="Sycamore" votes="24" />
            </VoteType>
            <VoteType name="Absentee by Mail" votes="10">
                <Precinct name="Ashburn" votes="10" />
                <Precinct name="Sycamore" votes="0" />
            </VoteType>
            <VoteType name="Advance in Person" votes="300">
                <Precinct name="Ashburn" votes="248" />
                <Precinct name="Sycamore" votes="52" />
            </VoteType>
            <VoteType name="Provisional" votes="2">
                <Precinct name="Ashburn" votes="2" />
                <Precinct name="Sycamore" votes="0" />
            </VoteType>
        </Choice>
    </Contest>
    <Contest key="320" text="BOE, D4" isQuestion="false" precinctsReporting="3" precinctsReported="3">
        <VoteType name="Number of Precincts for Race" votes="3">
            <Precinct name="Ashburn" votes="1" />
            <Precinct name="Sycamore" votes="1" />
            <Precinct name="Rebecca" votes="1" />
        </VoteType>
        <VoteType name="Number of Precincts Reporting" votes="3">
            <Precinct name="Ashburn" votes="1" />
            <Precinct name="Sycamore" votes="1" />
            <Precinct name="Rebecca" votes="1" />
        </VoteType>
        <Choice key="10" text="P. CRAWFORD (I) R" totalVotes="634">
            <VoteType name="Election Day" votes="270">
                <Precinct name="Ashburn" votes="71" />
                <Precinct name="Sycamore" votes="33" />
                <Precinct name="Rebecca" votes="166" />
            </VoteType>
            <VoteType name="Absentee by Mail" votes="15">
                <Precinct name="Ashburn" votes="4" />
                <Precinct name="Sycamore" votes="1" />
                <Precinct name="Rebecca" votes="10" />
            </VoteType>
            <VoteType name="Advance in Person" votes="348">
                <Precinct name="Ashburn" votes="171" />
                <Precinct name="Sycamore" votes="81" />
                <Precinct name="Rebecca" votes="96" />
            </VoteType>
            <VoteType name="Provisional" votes="1">
                <Precinct name="Ashburn" votes="1" />
                <Precinct name="Sycamore" votes="0" />
                <Precinct name="Rebecca" votes="0" />
            </VoteType>
        </Choice>
    </Contest>
    <Contest key="340" text="BOE, D5" isQuestion="false" precinctsReporting="1" precinctsReported="1">
        <VoteType name="Number of Precincts for Race" votes="1">
            <Precinct name="Sycamore" votes="1" />
        </VoteType>
        <VoteType name="Number of Precincts Reporting" votes="1">
            <Precinct name="Sycamore" votes="1" />
        </VoteType>
        <Choice key="10" text="A. W. KENDRICK (I) R" totalVotes="647">
            <VoteType name="Election Day" votes="168">
                <Precinct name="Sycamore" votes="168" />
            </VoteType>
            <VoteType name="Absentee by Mail" votes="23">
                <Precinct name="Sycamore" votes="23" />
            </VoteType>
            <VoteType name="Advance in Person" votes="456">
                <Precinct name="Sycamore" votes="456" />
            </VoteType>
            <VoteType name="Provisional" votes="0">
                <Precinct name="Sycamore" votes="0" />
            </VoteType>
        </Choice>
    </Contest>
    <Contest key="350" text="Constitutional Amendment #1&lt;br&gt;Provides greater flexibility and state accountability to fix failing schools through increasing community involvement." isQuestion="false" precinctsReporting="3" precinctsReported="3">
        <VoteType name="Number of Precincts for Race" votes="3">
            <Precinct name="Ashburn" votes="1" />
            <Precinct name="Sycamore" votes="1" />
            <Precinct name="Rebecca" votes="1" />
        </VoteType>
        <VoteType name="Number of Precincts Reporting" votes="3">
            <Precinct name="Ashburn" votes="1" />
            <Precinct name="Sycamore" votes="1" />
            <Precinct name="Rebecca" votes="1" />
        </VoteType>
        <Choice key="10" text="YES" totalVotes="1216">
            <VoteType name="Election Day" votes="448">
                <Precinct name="Ashburn" votes="297" />
                <Precinct name="Sycamore" votes="98" />
                <Precinct name="Rebecca" votes="53" />
            </VoteType>
            <VoteType name="Absentee by Mail" votes="32">
                <Precinct name="Ashburn" votes="20" />
                <Precinct name="Sycamore" votes="8" />
                <Precinct name="Rebecca" votes="4" />
            </VoteType>
            <VoteType name="Advance in Person" votes="732">
                <Precinct name="Ashburn" votes="448" />
                <Precinct name="Sycamore" votes="255" />
                <Precinct name="Rebecca" votes="29" />
            </VoteType>
            <VoteType name="Provisional" votes="4">
                <Precinct name="Ashburn" votes="4" />
                <Precinct name="Sycamore" votes="0" />
                <Precinct name="Rebecca" votes="0" />
            </VoteType>
        </Choice>
        <Choice key="20" text="NO" totalVotes="2046">
            <VoteType name="Election Day" votes="710">
                <Precinct name="Ashburn" votes="413" />
                <Precinct name="Sycamore" votes="171" />
                <Precinct name="Rebecca" votes="126" />
            </VoteType>
            <VoteType name="Absentee by Mail" votes="47">
                <Precinct name="Ashburn" votes="21" />
                <Precinct name="Sycamore" votes="19" />
                <Precinct name="Rebecca" votes="7" />
            </VoteType>
            <VoteType name="Advance in Person" votes="1289">
                <Precinct name="Ashburn" votes="727" />
                <Precinct name="Sycamore" votes="487" />
                <Precinct name="Rebecca" votes="75" />
            </VoteType>
            <VoteType name="Provisional" votes="0">
                <Precinct name="Ashburn" votes="0" />
                <Precinct name="Sycamore" votes="0" />
                <Precinct name="Rebecca" votes="0" />
            </VoteType>
        </Choice>
    </Contest>
    <Contest key="360" text="Constitutional Amendment #2&lt;br&gt;Authorizes penalties for sexual exploitation and assessments on adult entertainment to fund child victims' services." isQuestion="false" precinctsReporting="3" precinctsReported="3">
        <VoteType name="Number of Precincts for Race" votes="3">
            <Precinct name="Ashburn" votes="1" />
            <Precinct name="Sycamore" votes="1" />
            <Precinct name="Rebecca" votes="1" />
        </VoteType>
        <VoteType name="Number of Precincts Reporting" votes="3">
            <Precinct name="Ashburn" votes="1" />
            <Precinct name="Sycamore" votes="1" />
            <Precinct name="Rebecca" votes="1" />
        </VoteType>
        <Choice key="10" text="YES" totalVotes="2585">
            <VoteType name="Election Day" votes="894">
                <Precinct name="Ashburn" votes="535" />
                <Precinct name="Sycamore" votes="219" />
                <Precinct name="Rebecca" votes="140" />
            </VoteType>
            <VoteType name="Absentee by Mail" votes="73">
                <Precinct name="Ashburn" votes="39" />
                <Precinct name="Sycamore" votes="25" />
                <Precinct name="Rebecca" votes="9" />
            </VoteType>
            <VoteType name="Advance in Person" votes="1615">
                <Precinct name="Ashburn" votes="916" />
                <Precinct name="Sycamore" votes="616" />
                <Precinct name="Rebecca" votes="83" />
            </VoteType>
            <VoteType name="Provisional" votes="3">
                <Precinct name="Ashburn" votes="3" />
                <Precinct name="Sycamore" votes="0" />
                <Precinct name="Rebecca" votes="0" />
            </VoteType>
        </Choice>
        <Choice key="20" text="NO" totalVotes="627">
            <VoteType name="Election Day" votes="241">
                <Precinct name="Ashburn" votes="154" />
                <Precinct name="Sycamore" votes="50" />
                <Precinct name="Rebecca" votes="37" />
            </VoteType>
            <VoteType name="Absentee by Mail" votes="9">
                <Precinct name="Ashburn" votes="5" />
                <Precinct name="Sycamore" votes="2" />
                <Precinct name="Rebecca" votes="2" />
            </VoteType>
            <VoteType name="Advance in Person" votes="376">
                <Precinct name="Ashburn" votes="240" />
                <Precinct name="Sycamore" votes="117" />
                <Precinct name="Rebecca" votes="19" />
            </VoteType>
            <VoteType name="Provisional" votes="1">
                <Precinct name="Ashburn" votes="1" />
                <Precinct name="Sycamore" votes="0" />
                <Precinct name="Rebecca" votes="0" />
            </VoteType>
        </Choice>
    </Contest>
    <Contest key="370" text="Constitutional Amendment #3&lt;br&gt;Reforms and re-establishes the Judicial Qualifications Commission and provides for its composition, governance, and powers." isQuestion="false" precinctsReporting="3" precinctsReported="3">
        <VoteType name="Number of Precincts for Race" votes="3">
            <Precinct name="Ashburn" votes="1" />
            <Precinct name="Sycamore" votes="1" />
            <Precinct name="Rebecca" votes="1" />
        </VoteType>
        <VoteType name="Number of Precincts Reporting" votes="3">
            <Precinct name="Ashburn" votes="1" />
            <Precinct name="Sycamore" votes="1" />
            <Precinct name="Rebecca" votes="1" />
        </VoteType>
        <Choice key="10" text="YES" totalVotes="1817">
            <VoteType name="Election Day" votes="643">
                <Precinct name="Ashburn" votes="400" />
                <Precinct name="Sycamore" votes="147" />
                <Precinct name="Rebecca" votes="96" />
            </VoteType>
            <VoteType name="Absentee by Mail" votes="44">
                <Precinct name="Ashburn" votes="26" />
                <Precinct name="Sycamore" votes="14" />
                <Precinct name="Rebecca" votes="4" />
            </VoteType>
            <VoteType name="Advance in Person" votes="1127">
                <Precinct name="Ashburn" votes="647" />
                <Precinct name="Sycamore" votes="425" />
                <Precinct name="Rebecca" votes="55" />
            </VoteType>
            <VoteType name="Provisional" votes="3">
                <Precinct name="Ashburn" votes="3" />
                <Precinct name="Sycamore" votes="0" />
                <Precinct name="Rebecca" votes="0" />
            </VoteType>
        </Choice>
        <Choice key="20" text="NO" totalVotes="1242">
            <VoteType name="Election Day" votes="440">
                <Precinct name="Ashburn" votes="252" />
                <Precinct name="Sycamore" votes="111" />
                <Precinct name="Rebecca" votes="77" />
            </VoteType>
            <VoteType name="Absentee by Mail" votes="31">
                <Precinct name="Ashburn" votes="11" />
                <Precinct name="Sycamore" votes="13" />
                <Precinct name="Rebecca" votes="7" />
            </VoteType>
            <VoteType name="Advance in Person" votes="770">
                <Precinct name="Ashburn" votes="450" />
                <Precinct name="Sycamore" votes="282" />
                <Precinct name="Rebecca" votes="38" />
            </VoteType>
            <VoteType name="Provisional" votes="1">
                <Precinct name="Ashburn" votes="1" />
                <Precinct name="Sycamore" votes="0" />
                <Precinct name="Rebecca" votes="0" />
            </VoteType>
        </Choice>
    </Contest>
    <Contest key="380" text="Constitutional Amendment #4&lt;br&gt;Dedicates revenue from existing taxes on fireworks to trauma care, fire services, and public safety." isQuestion="false" precinctsReporting="3" precinctsReported="3">
        <VoteType name="Number of Precincts for Race" votes="3">
            <Precinct name="Ashburn" votes="1" />
            <Precinct name="Sycamore" votes="1" />
            <Precinct name="Rebecca" votes="1" />
        </VoteType>
        <VoteType name="Number of Precincts Reporting" votes="3">
            <Precinct name="Ashburn" votes="1" />
            <Precinct name="Sycamore" votes="1" />
            <Precinct name="Rebecca" votes="1" />
        </VoteType>
        <Choice key="10" text="YES" totalVotes="2414">
            <VoteType name="Election Day" votes="823">
                <Precinct name="Ashburn" votes="488" />
                <Precinct name="Sycamore" votes="201" />
                <Precinct name="Rebecca" votes="134" />
            </VoteType>
            <VoteType name="Absentee by Mail" votes="70">
                <Precinct name="Ashburn" votes="35" />
                <Precinct name="Sycamore" votes="24" />
                <Precinct name="Rebecca" votes="11" />
            </VoteType>
            <VoteType name="Advance in Person" votes="1518">
                <Precinct name="Ashburn" votes="874" />
                <Precinct name="Sycamore" votes="565" />
                <Precinct name="Rebecca" votes="79" />
            </VoteType>
            <VoteType name="Provisional" votes="3">
                <Precinct name="Ashburn" votes="3" />
                <Precinct name="Sycamore" votes="0" />
                <Precinct name="Rebecca" votes="0" />
            </VoteType>
        </Choice>
        <Choice key="20" text="NO" totalVotes="766">
            <VoteType name="Election Day" votes="293">
                <Precinct name="Ashburn" votes="186" />
                <Precinct name="Sycamore" votes="63" />
                <Precinct name="Rebecca" votes="44" />
            </VoteType>
            <VoteType name="Absentee by Mail" votes="9">
                <Precinct name="Ashburn" votes="6" />
                <Precinct name="Sycamore" votes="3" />
                <Precinct name="Rebecca" votes="0" />
            </VoteType>
            <VoteType name="Advance in Person" votes="463">
                <Precinct name="Ashburn" votes="276" />
                <Precinct name="Sycamore" votes="165" />
                <Precinct name="Rebecca" votes="22" />
            </VoteType>
            <VoteType name="Provisional" votes="1">
                <Precinct name="Ashburn" votes="1" />
                <Precinct name="Sycamore" votes="0" />
                <Precinct name="Rebecca" votes="0" />
            </VoteType>
        </Choice>
    </Contest>
    <Contest key="390" text="CITY COUNCIL" isQuestion="false" precinctsReporting="1" precinctsReported="1">
        <VoteType name="Number of Precincts for Race" votes="1">
            <Precinct name="Ashburn" votes="1" />
        </VoteType>
        <VoteType name="Number of Precincts Reporting" votes="1">
            <Precinct name="Ashburn" votes="1" />
        </VoteType>
        <Choice key="10" text="T. C. BATEMAN (I)" totalVotes="758">
            <VoteType name="Election Day" votes="314">
                <Precinct name="Ashburn" votes="314" />
            </VoteType>
            <VoteType name="Absentee by Mail" votes="19">
                <Precinct name="Ashburn" votes="19" />
            </VoteType>
            <VoteType name="Advance in Person" votes="424">
                <Precinct name="Ashburn" votes="424" />
            </VoteType>
            <VoteType name="Provisional" votes="1">
                <Precinct name="Ashburn" votes="1" />
            </VoteType>
        </Choice>
        <Choice key="20" text="C. R. DOUGLAS" totalVotes="537">
            <VoteType name="Election Day" votes="186">
                <Precinct name="Ashburn" votes="186" />
            </VoteType>
            <VoteType name="Absentee by Mail" votes="13">
                <Precinct name="Ashburn" votes="13" />
            </VoteType>
            <VoteType name="Advance in Person" votes="337">
                <Precinct name="Ashburn" votes="337" />
            </VoteType>
            <VoteType name="Provisional" votes="1">
                <Precinct name="Ashburn" votes="1" />
            </VoteType>
        </Choice>
        <Choice key="30" text="J. A. HEDGES" totalVotes="495">
            <VoteType name="Election Day" votes="123">
                <Precinct name="Ashburn" votes="123" />
            </VoteType>
            <VoteType name="Absentee by Mail" votes="12">
                <Precinct name="Ashburn" votes="12" />
            </VoteType>
            <VoteType name="Advance in Person" votes="360">
                <Precinct name="Ashburn" votes="360" />
            </VoteType>
            <VoteType name="Provisional" votes="0">
                <Precinct name="Ashburn" votes="0" />
            </VoteType>
        </Choice>
        <Choice key="40" text="H. JORDAN (I)" totalVotes="723">
            <VoteType name="Election Day" votes="305">
                <Precinct name="Ashburn" votes="305" />
            </VoteType>
            <VoteType name="Absentee by Mail" votes="16">
                <Precinct name="Ashburn" votes="16" />
            </VoteType>
            <VoteType name="Advance in Person" votes="401">
                <Precinct name="Ashburn" votes="401" />
            </VoteType>
            <VoteType name="Provisional" votes="1">
                <Precinct name="Ashburn" votes="1" />
            </VoteType>
        </Choice>
        <Choice key="50" text="R. WALKER" totalVotes="741">
            <VoteType name="Election Day" votes="298">
                <Precinct name="Ashburn" votes="298" />
            </VoteType>
            <VoteType name="Absentee by Mail" votes="17">
                <Precinct name="Ashburn" votes="17" />
            </VoteType>
            <VoteType name="Advance in Person" votes="425">
                <Precinct name="Ashburn" votes="425" />
            </VoteType>
            <VoteType name="Provisional" votes="1">
                <Precinct name="Ashburn" votes="1" />
            </VoteType>
        </Choice>
    </Contest>
</ElectionResult>