"line number","contest name","choice name","party name","total votes","percent of votes","registered voters","ballots cast","num Precinct total","num Precinct rptg","over votes","under votes"
1,"President of the United States","DONALD J. TRUMP","",1727,70.58,3499,2477,5,5,"0","0"
2,"President of the United States","HILLARY CLINTON","",686,28.03,3499,2477,5,5,"0","0"
3,"President of the United States","GARY JOHNSON","",34,1.39,3499,2477,5,5,"0","0"
4,"United States Senator, Isakson","JOHNNY ISAKSON (I)","",1549,73.14,3499,2477,5,5,"0","0"
5,"United States Senator, Isakson","JIM BARKSDALE","",493,23.28,3499,2477,5,5,"0","0"
6,"United States Senator, Isakson","ALLEN BUCKLEY","",76,3.59,3499,2477,5,5,"0","0"
7,"Public Service Commission, District 2 - Eastern","TIM ECHOLS (I)","",1695,82.60,3497,2476,5,5,"0","0"
8,"Public Service Commission, District 2 - Eastern","ERIC HOSKINS","",357,17.40,3497,2476,5,5,"0","0"
9,"U.S. Representative, District 1","EARL �BUDDY� CARTER (I)","",1914,100.00,3499,2477,5,5,"0","0"
10,"State Senator, District 8","ELLIS BLACK (I)","",1707,76.21,3497,2476,5,5,"0","0"
11,"State Senator, District 8","GREGORY WILLIAMS","",533,23.79,3497,2476,5,5,"0","0"
12,"State Representative, District 174","JOHN CORBETT (I)","",1911,100.00,3497,2476,5,5,"0","0"
13,"District Attorney, Alapaha Circuit","DICK PERRYMAN (I)","",1914,100.00,3497,2476,5,5,"0","0"
14,"JUDGE, PROBATE COURT","K. S. O'BERRY (I) R","",2119,100.00,3497,2476,5,5,"0","0"
15,"CLERK, SUPERIOR COURT","M. R. HANDLEY (I) R","",2085,100.00,3497,2476,5,5,"0","0"
16,"SHERIFF","R. PETERSON (R)","",2101,100.00,3497,2476,5,5,"0","0"
17,"TAX COMMISSIONER","J. S. DOUGLAS (I) R","",2079,100.00,3497,2476,5,5,"0","0"
18,"SURVEYOR","K. L TOMLINSON (I) R","",1992,100.00,3497,2476,5,5,"0","0"
19,"CORONER","F. ROUNDTREE (I) R","",2045,100.00,3497,2476,5,5,"0","0"
20,"CC, P2","C. BROWN (I) R","",457,100.00,786,559,3,3,"0","0"
21,"CC, P3","R. METTS (I) R","",285,68.18,617,436,2,2,"0","0"
22,"CC, P3","J. H. BARNES (D)","",133,31.82,617,436,2,2,"0","0"
23,"CC, P5 ","H. MOYLAN (I) R","",385,100.00,671,489,3,3,"0","0"
24,"BOE P2","J. DAVIS (I) R","",452,100.00,786,559,3,3,"0","0"
25,"BOE P3","L. LANDRUM (R)","",375,100.00,617,436,2,2,"0","0"
26,"BOE P5","C. HANDLEY (I) R","",350,76.42,671,489,3,3,"0","0"
27,"BOE P5","L. JOHNSON (D)","",108,23.58,671,489,3,3,"0","0"
28,"Constitutional Amendment #1<br>Provides greater flexibility and state accountability to fix failing schools through increasing community involvement.","YES","",960,42.63,3497,2476,5,5,"0","0"
29,"Constitutional Amendment #1<br>Provides greater flexibility and state accountability to fix failing schools through increasing community involvement.","NO","",1292,57.37,3497,2476,5,5,"0","0"
30,"Constitutional Amendment #2<br>Authorizes penalties for sexual exploitation and assessments on adult entertainment to fund child victims' services.","YES","",1804,83.29,3497,2476,5,5,"0","0"
31,"Constitutional Amendment #2<br>Authorizes penalties for sexual exploitation and assessments on adult entertainment to fund child victims' services.","NO","",362,16.71,3497,2476,5,5,"0","0"
32,"Constitutional Amendment #3<br>Reforms and re-establishes the Judicial Qualifications Commission and provides for its composition, governance, and powers.","YES","",1227,60.12,3497,2476,5,5,"0","0"
33,"Constitutional Amendment #3<br>Reforms and re-establishes the Judicial Qualifications Commission and provides for its composition, governance, and powers.","NO","",814,39.88,3497,2476,5,5,"0","0"
34,"Constitutional Amendment #4<br>Dedicates revenue from existing taxes on fireworks to trauma care, fire services, and public safety.","YES","",1726,79.65,3497,2476,5,5,"0","0"
35,"Constitutional Amendment #4<br>Dedicates revenue from existing taxes on fireworks to trauma care, fire services, and public safety.","NO","",441,20.35,3497,2476,5,5,"0","0"
