"line number","contest name","choice name","party name","total votes","percent of votes","registered voters","ballots cast","num Precinct total","num Precinct rptg","over votes","under votes"
1,"President of the United States","DONALD J. TRUMP","",24461,32.58,105642,76304,69,69,"0","0"
2,"President of the United States","HILLARY CLINTON","",48814,65.01,105642,76304,69,69,"0","0"
3,"President of the United States","GARY JOHNSON","",1811,2.41,105642,76304,69,69,"0","0"
4,"United States Senator, Isakson","JOHNNY ISAKSON (I)","",25908,36.84,105642,76304,69,69,"0","0"
5,"United States Senator, Isakson","JIM BARKSDALE","",42229,60.04,105642,76304,69,69,"0","0"
6,"United States Senator, Isakson","ALLEN BUCKLEY","",2196,3.12,105642,76304,69,69,"0","0"
7,"Public Service Commission, District 2 - Eastern","TIM ECHOLS (I)","",33607,54.34,105642,76304,69,69,"0","0"
8,"Public Service Commission, District 2 - Eastern","ERIC HOSKINS","",28240,45.66,105642,76304,69,69,"0","0"
9,"U.S. Representative, District 12","RICK ALLEN (I)","",28161,38.48,105642,76304,69,69,"0","0"
10,"U.S. Representative, District 12","PATRICIA C. MCCRACKEN","",45023,61.52,105642,76304,69,69,"0","0"
11,"State Senator, District 22","HAROLD V. JONES II (I) (DEM)","",52532,100.00,89259,63654,57,57,"0","0"
12,"State Senator, District 23","JESSE STONE (I)","",9544,100.00,15965,12301,11,11,"0","0"
13,"State Senator, District 24","LEE ANDERSON","",177,52.52,418,349,1,1,"0","0"
14,"State Senator, District 24","BRENDA J. JORDAN","",160,47.48,418,349,1,1,"0","0"
15,"State Representative, District 123","MARK NEWTON","",9129,100.00,14707,11810,10,10,"0","0"
16,"State Representative, District 124","HENRY ""WAYNE"" HOWARD (I) (DEM)","",14751,100.00,26970,18264,23,23,"0","0"
17,"State Representative, District 125","SHEILA CLARK NELSON (DEM)","",15120,100.00,27635,19250,16,16,"0","0"
18,"State Representative, District 126","GLORIA FRAZIER (I)","",12062,100.00,17933,13685,11,11,"0","0"
19,"State Representative, District 127","BRIAN L. PRINCE (I)","",11288,100.00,18397,13295,9,9,"0","0"
20,"District Attorney, Augusta Circuit","ASHLEY WRIGHT (I)","",51543,100.00,105642,76304,69,69,"0","0"
21,"Probate Judge","H. JAMES (I)(D)","",61260,100.00,105642,76304,69,69,"0","0"
22,"Superior Court Clerk","H. SULLIVAN (D)","",61163,100.00,105642,76304,69,69,"0","0"
23,"Sheriff","B. MCDUFFIE (R)","",19369,26.33,105642,76304,69,69,"0","0"
24,"Sheriff","R. ROUNDTREE (I)(D)","",54192,73.67,105642,76304,69,69,"0","0"
25,"Tax Commissioner","S. KENDRICK (I)(D)","",63342,100.00,105642,76304,69,69,"0","0"
26,"Coroner","M. BOWEN (I)(D)","",62289,100.00,105642,76304,69,69,"0","0"
27,"Chief Civil Judge","W. JENNINGS III(I)(D","",62235,100.00,105642,76304,69,69,"0","0"
28,"Presiding Civil Judge","H. ALLEN (I)(D)","",62482,100.00,105642,76304,69,69,"0","0"
29,"Solicitor","O. LOGGINS (D)","",60331,100.00,105642,76304,69,69,"0","0"
30,"BOE D1","M. E. BARNES (I)","",4919,69.63,13112,8527,13,13,"0","0"
31,"BOE D1","B. S. GREEN","",2145,30.37,13112,8527,13,13,"0","0"
32,"BOE D4","W. FRAZIER","",4024,51.86,11492,8454,5,5,"0","0"
33,"BOE D4","B. PULLIAM (I)","",3736,48.14,11492,8454,5,5,"0","0"
34,"BOE D5","P. Y. SCOTT (I)","",7435,100.00,13592,9549,7,7,"0","0"
35,"BOE D8","J. ATKINS (I)","",7007,100.00,12237,9261,12,12,"0","0"
36,"BOE 10","H. MINCHEW (I)","",24005,73.05,55040,41455,36,36,"0","0"
37,"BOE 10","T. WHITESIDE","",8854,26.95,55040,41455,36,36,"0","0"
38,"Constitutional Amendment #1<br>Provides greater flexibility and state accountability to fix failing schools through increasing community involvement.","YES","",32826,44.64,105642,76304,69,69,"0","0"
39,"Constitutional Amendment #1<br>Provides greater flexibility and state accountability to fix failing schools through increasing community involvement.","NO","",40716,55.36,105642,76304,69,69,"0","0"
40,"Constitutional Amendment #2<br>Authorizes penalties for sexual exploitation and assessments on adult entertainment to fund child victims' services.","YES","",60540,83.39,105642,76304,69,69,"0","0"
41,"Constitutional Amendment #2<br>Authorizes penalties for sexual exploitation and assessments on adult entertainment to fund child victims' services.","NO","",12061,16.61,105642,76304,69,69,"0","0"
42,"Constitutional Amendment #3<br>Reforms and re-establishes the Judicial Qualifications Commission and provides for its composition, governance, and powers.","YES","",45336,65.75,105642,76304,69,69,"0","0"
43,"Constitutional Amendment #3<br>Reforms and re-establishes the Judicial Qualifications Commission and provides for its composition, governance, and powers.","NO","",23618,34.25,105642,76304,69,69,"0","0"
44,"Constitutional Amendment #4<br>Dedicates revenue from existing taxes on fireworks to trauma care, fire services, and public safety.","YES","",58509,80.52,105642,76304,69,69,"0","0"
45,"Constitutional Amendment #4<br>Dedicates revenue from existing taxes on fireworks to trauma care, fire services, and public safety.","NO","",14152,19.48,105642,76304,69,69,"0","0"
46,"ESPLOST","YES","",49619,68.66,105642,76304,69,69,"0","0"
47,"ESPLOST","NO","",22646,31.34,105642,76304,69,69,"0","0"
