<?xml version="1.0"?>
<!--Election result snapshot imported from Tabulation System
-->
<ElectionResult>
    <Timestamp>11/14/2016 2:20:45 PM EST</Timestamp>
    <ElectionName>November 8, 2016 - General Election</ElectionName>
    <ElectionDate>11/8/2016</ElectionDate>
    <Region>Polk</Region>
    <VoterTurnout totalVoters="20268" ballotsCast="14323" voterTurnout="70.67">
        <Precincts>
            <Precinct name="ARAGON" totalVoters="2293" ballotsCast="1806" voterTurnout="78.76" percentReporting="4" />
            <Precinct name="BLOOMING GROVE" totalVoters="1284" ballotsCast="985" voterTurnout="76.71" percentReporting="4" />
            <Precinct name="CEDARTOWN" totalVoters="6612" ballotsCast="3505" voterTurnout="53.01" percentReporting="4" />
            <Precinct name="FISH CREEK" totalVoters="1993" ballotsCast="1617" voterTurnout="81.13" percentReporting="4" />
            <Precinct name="LAKE CREEK" totalVoters="2278" ballotsCast="1870" voterTurnout="82.09" percentReporting="4" />
            <Precinct name="ROCKMART" totalVoters="4326" ballotsCast="3369" voterTurnout="77.88" percentReporting="4" />
            <Precinct name="YOUNGS GROVE" totalVoters="1482" ballotsCast="1171" voterTurnout="79.01" percentReporting="4" />
        </Precincts>
    </VoterTurnout>
    <Contest key="5" text="President of the United States" isQuestion="false" precinctsReporting="7" precinctsReported="7">
        <VoteType name="Number of Precincts for Race" votes="7">
            <Precinct name="ARAGON" votes="1" />
            <Precinct name="BLOOMING GROVE" votes="1" />
            <Precinct name="CEDARTOWN" votes="1" />
            <Precinct name="FISH CREEK" votes="1" />
            <Precinct name="LAKE CREEK" votes="1" />
            <Precinct name="ROCKMART" votes="1" />
            <Precinct name="YOUNGS GROVE" votes="1" />
        </VoteType>
        <VoteType name="Number of Precincts Reporting" votes="7">
            <Precinct name="ARAGON" votes="1" />
            <Precinct name="BLOOMING GROVE" votes="1" />
            <Precinct name="CEDARTOWN" votes="1" />
            <Precinct name="FISH CREEK" votes="1" />
            <Precinct name="LAKE CREEK" votes="1" />
            <Precinct name="ROCKMART" votes="1" />
            <Precinct name="YOUNGS GROVE" votes="1" />
        </VoteType>
        <Choice key="10" text="DONALD J. TRUMP" totalVotes="11014">
            <VoteType name="Election Day" votes="3373">
                <Precinct name="ARAGON" votes="538" />
                <Precinct name="BLOOMING GROVE" votes="345" />
                <Precinct name="CEDARTOWN" votes="572" />
                <Precinct name="FISH CREEK" votes="457" />
                <Precinct name="LAKE CREEK" votes="475" />
                <Precinct name="ROCKMART" votes="602" />
                <Precinct name="YOUNGS GROVE" votes="384" />
            </VoteType>
            <VoteType name="Absentee by Mail" votes="345">
                <Precinct name="ARAGON" votes="20" />
                <Precinct name="BLOOMING GROVE" votes="31" />
                <Precinct name="CEDARTOWN" votes="131" />
                <Precinct name="FISH CREEK" votes="29" />
                <Precinct name="LAKE CREEK" votes="42" />
                <Precinct name="ROCKMART" votes="59" />
                <Precinct name="YOUNGS GROVE" votes="33" />
            </VoteType>
            <VoteType name="Advance in Person" votes="7291">
                <Precinct name="ARAGON" votes="935" />
                <Precinct name="BLOOMING GROVE" votes="414" />
                <Precinct name="CEDARTOWN" votes="1615" />
                <Precinct name="FISH CREEK" votes="848" />
                <Precinct name="LAKE CREEK" votes="1047" />
                <Precinct name="ROCKMART" votes="1845" />
                <Precinct name="YOUNGS GROVE" votes="587" />
            </VoteType>
            <VoteType name="Provisional" votes="5">
                <Precinct name="ARAGON" votes="0" />
                <Precinct name="BLOOMING GROVE" votes="0" />
                <Precinct name="CEDARTOWN" votes="1" />
                <Precinct name="FISH CREEK" votes="4" />
                <Precinct name="LAKE CREEK" votes="0" />
                <Precinct name="ROCKMART" votes="0" />
                <Precinct name="YOUNGS GROVE" votes="0" />
            </VoteType>
        </Choice>
        <Choice key="20" text="HILLARY CLINTON" totalVotes="2867">
            <VoteType name="Election Day" votes="964">
                <Precinct name="ARAGON" votes="95" />
                <Precinct name="BLOOMING GROVE" votes="55" />
                <Precinct name="CEDARTOWN" votes="337" />
                <Precinct name="FISH CREEK" votes="92" />
                <Precinct name="LAKE CREEK" votes="103" />
                <Precinct name="ROCKMART" votes="241" />
                <Precinct name="YOUNGS GROVE" votes="41" />
            </VoteType>
            <VoteType name="Absentee by Mail" votes="113">
                <Precinct name="ARAGON" votes="6" />
                <Precinct name="BLOOMING GROVE" votes="5" />
                <Precinct name="CEDARTOWN" votes="55" />
                <Precinct name="FISH CREEK" votes="8" />
                <Precinct name="LAKE CREEK" votes="7" />
                <Precinct name="ROCKMART" votes="25" />
                <Precinct name="YOUNGS GROVE" votes="7" />
            </VoteType>
            <VoteType name="Advance in Person" votes="1788">
                <Precinct name="ARAGON" votes="161" />
                <Precinct name="BLOOMING GROVE" votes="102" />
                <Precinct name="CEDARTOWN" votes="659" />
                <Precinct name="FISH CREEK" votes="141" />
                <Precinct name="LAKE CREEK" votes="138" />
                <Precinct name="ROCKMART" votes="506" />
                <Precinct name="YOUNGS GROVE" votes="81" />
            </VoteType>
            <VoteType name="Provisional" votes="2">
                <Precinct name="ARAGON" votes="0" />
                <Precinct name="BLOOMING GROVE" votes="0" />
                <Precinct name="CEDARTOWN" votes="2" />
                <Precinct name="FISH CREEK" votes="0" />
                <Precinct name="LAKE CREEK" votes="0" />
                <Precinct name="ROCKMART" votes="0" />
                <Precinct name="YOUNGS GROVE" votes="0" />
            </VoteType>
        </Choice>
        <Choice key="30" text="GARY JOHNSON" totalVotes="289">
            <VoteType name="Election Day" votes="137">
                <Precinct name="ARAGON" votes="15" />
                <Precinct name="BLOOMING GROVE" votes="10" />
                <Precinct name="CEDARTOWN" votes="39" />
                <Precinct name="FISH CREEK" votes="13" />
                <Precinct name="LAKE CREEK" votes="23" />
                <Precinct name="ROCKMART" votes="23" />
                <Precinct name="YOUNGS GROVE" votes="14" />
            </VoteType>
            <VoteType name="Absentee by Mail" votes="18">
                <Precinct name="ARAGON" votes="1" />
                <Precinct name="BLOOMING GROVE" votes="0" />
                <Precinct name="CEDARTOWN" votes="9" />
                <Precinct name="FISH CREEK" votes="2" />
                <Precinct name="LAKE CREEK" votes="3" />
                <Precinct name="ROCKMART" votes="1" />
                <Precinct name="YOUNGS GROVE" votes="2" />
            </VoteType>
            <VoteType name="Advance in Person" votes="134">
                <Precinct name="ARAGON" votes="18" />
                <Precinct name="BLOOMING GROVE" votes="10" />
                <Precinct name="CEDARTOWN" votes="33" />
                <Precinct name="FISH CREEK" votes="11" />
                <Precinct name="LAKE CREEK" votes="15" />
                <Precinct name="ROCKMART" votes="39" />
                <Precinct name="YOUNGS GROVE" votes="8" />
            </VoteType>
            <VoteType name="Provisional" votes="0">
                <Precinct name="ARAGON" votes="0" />
                <Precinct name="BLOOMING GROVE" votes="0" />
                <Precinct name="CEDARTOWN" votes="0" />
                <Precinct name="FISH CREEK" votes="0" />
                <Precinct name="LAKE CREEK" votes="0" />
                <Precinct name="ROCKMART" votes="0" />
                <Precinct name="YOUNGS GROVE" votes="0" />
            </VoteType>
        </Choice>
    </Contest>
    <Contest key="10" text="United States Senator, Isakson" isQuestion="false" precinctsReporting="7" precinctsReported="7">
        <VoteType name="Number of Precincts for Race" votes="7">
            <Precinct name="ARAGON" votes="1" />
            <Precinct name="BLOOMING GROVE" votes="1" />
            <Precinct name="CEDARTOWN" votes="1" />
            <Precinct name="FISH CREEK" votes="1" />
            <Precinct name="LAKE CREEK" votes="1" />
            <Precinct name="ROCKMART" votes="1" />
            <Precinct name="YOUNGS GROVE" votes="1" />
        </VoteType>
        <VoteType name="Number of Precincts Reporting" votes="7">
            <Precinct name="ARAGON" votes="1" />
            <Precinct name="BLOOMING GROVE" votes="1" />
            <Precinct name="CEDARTOWN" votes="1" />
            <Precinct name="FISH CREEK" votes="1" />
            <Precinct name="LAKE CREEK" votes="1" />
            <Precinct name="ROCKMART" votes="1" />
            <Precinct name="YOUNGS GROVE" votes="1" />
        </VoteType>
        <Choice key="10" text="JOHNNY ISAKSON (I)" totalVotes="10219">
            <VoteType name="Election Day" votes="3132">
                <Precinct name="ARAGON" votes="491" />
                <Precinct name="BLOOMING GROVE" votes="320" />
                <Precinct name="CEDARTOWN" votes="548" />
                <Precinct name="FISH CREEK" votes="410" />
                <Precinct name="LAKE CREEK" votes="450" />
                <Precinct name="ROCKMART" votes="569" />
                <Precinct name="YOUNGS GROVE" votes="344" />
            </VoteType>
            <VoteType name="Absentee by Mail" votes="339">
                <Precinct name="ARAGON" votes="19" />
                <Precinct name="BLOOMING GROVE" votes="28" />
                <Precinct name="CEDARTOWN" votes="137" />
                <Precinct name="FISH CREEK" votes="31" />
                <Precinct name="LAKE CREEK" votes="42" />
                <Precinct name="ROCKMART" votes="51" />
                <Precinct name="YOUNGS GROVE" votes="31" />
            </VoteType>
            <VoteType name="Advance in Person" votes="6744">
                <Precinct name="ARAGON" votes="859" />
                <Precinct name="BLOOMING GROVE" votes="385" />
                <Precinct name="CEDARTOWN" votes="1541" />
                <Precinct name="FISH CREEK" votes="780" />
                <Precinct name="LAKE CREEK" votes="941" />
                <Precinct name="ROCKMART" votes="1708" />
                <Precinct name="YOUNGS GROVE" votes="530" />
            </VoteType>
            <VoteType name="Provisional" votes="4">
                <Precinct name="ARAGON" votes="0" />
                <Precinct name="BLOOMING GROVE" votes="0" />
                <Precinct name="CEDARTOWN" votes="1" />
                <Precinct name="FISH CREEK" votes="3" />
                <Precinct name="LAKE CREEK" votes="0" />
                <Precinct name="ROCKMART" votes="0" />
                <Precinct name="YOUNGS GROVE" votes="0" />
            </VoteType>
        </Choice>
        <Choice key="20" text="JIM BARKSDALE" totalVotes="2613">
            <VoteType name="Election Day" votes="925">
                <Precinct name="ARAGON" votes="99" />
                <Precinct name="BLOOMING GROVE" votes="59" />
                <Precinct name="CEDARTOWN" votes="301" />
                <Precinct name="FISH CREEK" votes="104" />
                <Precinct name="LAKE CREEK" votes="106" />
                <Precinct name="ROCKMART" votes="205" />
                <Precinct name="YOUNGS GROVE" votes="51" />
            </VoteType>
            <VoteType name="Absentee by Mail" votes="117">
                <Precinct name="ARAGON" votes="9" />
                <Precinct name="BLOOMING GROVE" votes="6" />
                <Precinct name="CEDARTOWN" votes="54" />
                <Precinct name="FISH CREEK" votes="6" />
                <Precinct name="LAKE CREEK" votes="8" />
                <Precinct name="ROCKMART" votes="27" />
                <Precinct name="YOUNGS GROVE" votes="7" />
            </VoteType>
            <VoteType name="Advance in Person" votes="1568">
                <Precinct name="ARAGON" votes="156" />
                <Precinct name="BLOOMING GROVE" votes="91" />
                <Precinct name="CEDARTOWN" votes="535" />
                <Precinct name="FISH CREEK" votes="130" />
                <Precinct name="LAKE CREEK" votes="141" />
                <Precinct name="ROCKMART" votes="436" />
                <Precinct name="YOUNGS GROVE" votes="79" />
            </VoteType>
            <VoteType name="Provisional" votes="3">
                <Precinct name="ARAGON" votes="0" />
                <Precinct name="BLOOMING GROVE" votes="0" />
                <Precinct name="CEDARTOWN" votes="2" />
                <Precinct name="FISH CREEK" votes="1" />
                <Precinct name="LAKE CREEK" votes="0" />
                <Precinct name="ROCKMART" votes="0" />
                <Precinct name="YOUNGS GROVE" votes="0" />
            </VoteType>
        </Choice>
        <Choice key="30" text="ALLEN BUCKLEY" totalVotes="519">
            <VoteType name="Election Day" votes="208">
                <Precinct name="ARAGON" votes="25" />
                <Precinct name="BLOOMING GROVE" votes="18" />
                <Precinct name="CEDARTOWN" votes="52" />
                <Precinct name="FISH CREEK" votes="22" />
                <Precinct name="LAKE CREEK" votes="23" />
                <Precinct name="ROCKMART" votes="40" />
                <Precinct name="YOUNGS GROVE" votes="28" />
            </VoteType>
            <VoteType name="Absentee by Mail" votes="17">
                <Precinct name="ARAGON" votes="0" />
                <Precinct name="BLOOMING GROVE" votes="0" />
                <Precinct name="CEDARTOWN" votes="5" />
                <Precinct name="FISH CREEK" votes="2" />
                <Precinct name="LAKE CREEK" votes="5" />
                <Precinct name="ROCKMART" votes="4" />
                <Precinct name="YOUNGS GROVE" votes="1" />
            </VoteType>
            <VoteType name="Advance in Person" votes="294">
                <Precinct name="ARAGON" votes="37" />
                <Precinct name="BLOOMING GROVE" votes="17" />
                <Precinct name="CEDARTOWN" votes="68" />
                <Precinct name="FISH CREEK" votes="23" />
                <Precinct name="LAKE CREEK" votes="40" />
                <Precinct name="ROCKMART" votes="81" />
                <Precinct name="YOUNGS GROVE" votes="28" />
            </VoteType>
            <VoteType name="Provisional" votes="0">
                <Precinct name="ARAGON" votes="0" />
                <Precinct name="BLOOMING GROVE" votes="0" />
                <Precinct name="CEDARTOWN" votes="0" />
                <Precinct name="FISH CREEK" votes="0" />
                <Precinct name="LAKE CREEK" votes="0" />
                <Precinct name="ROCKMART" votes="0" />
                <Precinct name="YOUNGS GROVE" votes="0" />
            </VoteType>
        </Choice>
    </Contest>
    <Contest key="30" text="Public Service Commission, District 2 - Eastern" isQuestion="false" precinctsReporting="7" precinctsReported="7">
        <VoteType name="Number of Precincts for Race" votes="7">
            <Precinct name="ARAGON" votes="1" />
            <Precinct name="BLOOMING GROVE" votes="1" />
            <Precinct name="CEDARTOWN" votes="1" />
            <Precinct name="FISH CREEK" votes="1" />
            <Precinct name="LAKE CREEK" votes="1" />
            <Precinct name="ROCKMART" votes="1" />
            <Precinct name="YOUNGS GROVE" votes="1" />
        </VoteType>
        <VoteType name="Number of Precincts Reporting" votes="7">
            <Precinct name="ARAGON" votes="1" />
            <Precinct name="BLOOMING GROVE" votes="1" />
            <Precinct name="CEDARTOWN" votes="1" />
            <Precinct name="FISH CREEK" votes="1" />
            <Precinct name="LAKE CREEK" votes="1" />
            <Precinct name="ROCKMART" votes="1" />
            <Precinct name="YOUNGS GROVE" votes="1" />
        </VoteType>
        <Choice key="10" text="TIM ECHOLS (I)" totalVotes="10533">
            <VoteType name="Election Day" votes="3294">
                <Precinct name="ARAGON" votes="509" />
                <Precinct name="BLOOMING GROVE" votes="319" />
                <Precinct name="CEDARTOWN" votes="591" />
                <Precinct name="FISH CREEK" votes="441" />
                <Precinct name="LAKE CREEK" votes="461" />
                <Precinct name="ROCKMART" votes="615" />
                <Precinct name="YOUNGS GROVE" votes="358" />
            </VoteType>
            <VoteType name="Absentee by Mail" votes="345">
                <Precinct name="ARAGON" votes="19" />
                <Precinct name="BLOOMING GROVE" votes="27" />
                <Precinct name="CEDARTOWN" votes="151" />
                <Precinct name="FISH CREEK" votes="27" />
                <Precinct name="LAKE CREEK" votes="38" />
                <Precinct name="ROCKMART" votes="55" />
                <Precinct name="YOUNGS GROVE" votes="28" />
            </VoteType>
            <VoteType name="Advance in Person" votes="6888">
                <Precinct name="ARAGON" votes="879" />
                <Precinct name="BLOOMING GROVE" votes="389" />
                <Precinct name="CEDARTOWN" votes="1591" />
                <Precinct name="FISH CREEK" votes="787" />
                <Precinct name="LAKE CREEK" votes="935" />
                <Precinct name="ROCKMART" votes="1768" />
                <Precinct name="YOUNGS GROVE" votes="539" />
            </VoteType>
            <VoteType name="Provisional" votes="6">
                <Precinct name="ARAGON" votes="0" />
                <Precinct name="BLOOMING GROVE" votes="0" />
                <Precinct name="CEDARTOWN" votes="2" />
                <Precinct name="FISH CREEK" votes="4" />
                <Precinct name="LAKE CREEK" votes="0" />
                <Precinct name="ROCKMART" votes="0" />
                <Precinct name="YOUNGS GROVE" votes="0" />
            </VoteType>
        </Choice>
        <Choice key="20" text="ERIC HOSKINS" totalVotes="2363">
            <VoteType name="Election Day" votes="818">
                <Precinct name="ARAGON" votes="99" />
                <Precinct name="BLOOMING GROVE" votes="60" />
                <Precinct name="CEDARTOWN" votes="247" />
                <Precinct name="FISH CREEK" votes="81" />
                <Precinct name="LAKE CREEK" votes="89" />
                <Precinct name="ROCKMART" votes="181" />
                <Precinct name="YOUNGS GROVE" votes="61" />
            </VoteType>
            <VoteType name="Absentee by Mail" votes="95">
                <Precinct name="ARAGON" votes="5" />
                <Precinct name="BLOOMING GROVE" votes="6" />
                <Precinct name="CEDARTOWN" votes="32" />
                <Precinct name="FISH CREEK" votes="8" />
                <Precinct name="LAKE CREEK" votes="16" />
                <Precinct name="ROCKMART" votes="20" />
                <Precinct name="YOUNGS GROVE" votes="8" />
            </VoteType>
            <VoteType name="Advance in Person" votes="1449">
                <Precinct name="ARAGON" votes="143" />
                <Precinct name="BLOOMING GROVE" votes="74" />
                <Precinct name="CEDARTOWN" votes="459" />
                <Precinct name="FISH CREEK" votes="130" />
                <Precinct name="LAKE CREEK" votes="159" />
                <Precinct name="ROCKMART" votes="393" />
                <Precinct name="YOUNGS GROVE" votes="91" />
            </VoteType>
            <VoteType name="Provisional" votes="1">
                <Precinct name="ARAGON" votes="0" />
                <Precinct name="BLOOMING GROVE" votes="0" />
                <Precinct name="CEDARTOWN" votes="1" />
                <Precinct name="FISH CREEK" votes="0" />
                <Precinct name="LAKE CREEK" votes="0" />
                <Precinct name="ROCKMART" votes="0" />
                <Precinct name="YOUNGS GROVE" votes="0" />
            </VoteType>
        </Choice>
    </Contest>
    <Contest key="50" text="U.S. Representative, District 14" isQuestion="false" precinctsReporting="7" precinctsReported="7">
        <VoteType name="Number of Precincts for Race" votes="7">
            <Precinct name="ARAGON" votes="1" />
            <Precinct name="BLOOMING GROVE" votes="1" />
            <Precinct name="CEDARTOWN" votes="1" />
            <Precinct name="FISH CREEK" votes="1" />
            <Precinct name="LAKE CREEK" votes="1" />
            <Precinct name="ROCKMART" votes="1" />
            <Precinct name="YOUNGS GROVE" votes="1" />
        </VoteType>
        <VoteType name="Number of Precincts Reporting" votes="7">
            <Precinct name="ARAGON" votes="1" />
            <Precinct name="BLOOMING GROVE" votes="1" />
            <Precinct name="CEDARTOWN" votes="1" />
            <Precinct name="FISH CREEK" votes="1" />
            <Precinct name="LAKE CREEK" votes="1" />
            <Precinct name="ROCKMART" votes="1" />
            <Precinct name="YOUNGS GROVE" votes="1" />
        </VoteType>
        <Choice key="10" text="TOM GRAVES (I)" totalVotes="12132">
            <VoteType name="Election Day" votes="3899">
                <Precinct name="ARAGON" votes="580" />
                <Precinct name="BLOOMING GROVE" votes="366" />
                <Precinct name="CEDARTOWN" votes="779" />
                <Precinct name="FISH CREEK" votes="501" />
                <Precinct name="LAKE CREEK" votes="525" />
                <Precinct name="ROCKMART" votes="741" />
                <Precinct name="YOUNGS GROVE" votes="407" />
            </VoteType>
            <VoteType name="Absentee by Mail" votes="407">
                <Precinct name="ARAGON" votes="25" />
                <Precinct name="BLOOMING GROVE" votes="32" />
                <Precinct name="CEDARTOWN" votes="171" />
                <Precinct name="FISH CREEK" votes="35" />
                <Precinct name="LAKE CREEK" votes="48" />
                <Precinct name="ROCKMART" votes="61" />
                <Precinct name="YOUNGS GROVE" votes="35" />
            </VoteType>
            <VoteType name="Advance in Person" votes="7819">
                <Precinct name="ARAGON" votes="964" />
                <Precinct name="BLOOMING GROVE" votes="435" />
                <Precinct name="CEDARTOWN" votes="1901" />
                <Precinct name="FISH CREEK" votes="868" />
                <Precinct name="LAKE CREEK" votes="1053" />
                <Precinct name="ROCKMART" votes="2007" />
                <Precinct name="YOUNGS GROVE" votes="591" />
            </VoteType>
            <VoteType name="Provisional" votes="7">
                <Precinct name="ARAGON" votes="0" />
                <Precinct name="BLOOMING GROVE" votes="0" />
                <Precinct name="CEDARTOWN" votes="3" />
                <Precinct name="FISH CREEK" votes="4" />
                <Precinct name="LAKE CREEK" votes="0" />
                <Precinct name="ROCKMART" votes="0" />
                <Precinct name="YOUNGS GROVE" votes="0" />
            </VoteType>
        </Choice>
    </Contest>
    <Contest key="70" text="State Senator, District 31" isQuestion="false" precinctsReporting="7" precinctsReported="7">
        <VoteType name="Number of Precincts for Race" votes="7">
            <Precinct name="ARAGON" votes="1" />
            <Precinct name="BLOOMING GROVE" votes="1" />
            <Precinct name="CEDARTOWN" votes="1" />
            <Precinct name="FISH CREEK" votes="1" />
            <Precinct name="LAKE CREEK" votes="1" />
            <Precinct name="ROCKMART" votes="1" />
            <Precinct name="YOUNGS GROVE" votes="1" />
        </VoteType>
        <VoteType name="Number of Precincts Reporting" votes="7">
            <Precinct name="ARAGON" votes="1" />
            <Precinct name="BLOOMING GROVE" votes="1" />
            <Precinct name="CEDARTOWN" votes="1" />
            <Precinct name="FISH CREEK" votes="1" />
            <Precinct name="LAKE CREEK" votes="1" />
            <Precinct name="ROCKMART" votes="1" />
            <Precinct name="YOUNGS GROVE" votes="1" />
        </VoteType>
        <Choice key="10" text="BILL HEATH (I)" totalVotes="11950">
            <VoteType name="Election Day" votes="3846">
                <Precinct name="ARAGON" votes="570" />
                <Precinct name="BLOOMING GROVE" votes="368" />
                <Precinct name="CEDARTOWN" votes="770" />
                <Precinct name="FISH CREEK" votes="493" />
                <Precinct name="LAKE CREEK" votes="525" />
                <Precinct name="ROCKMART" votes="723" />
                <Precinct name="YOUNGS GROVE" votes="397" />
            </VoteType>
            <VoteType name="Absentee by Mail" votes="384">
                <Precinct name="ARAGON" votes="23" />
                <Precinct name="BLOOMING GROVE" votes="31" />
                <Precinct name="CEDARTOWN" votes="161" />
                <Precinct name="FISH CREEK" votes="31" />
                <Precinct name="LAKE CREEK" votes="45" />
                <Precinct name="ROCKMART" votes="58" />
                <Precinct name="YOUNGS GROVE" votes="35" />
            </VoteType>
            <VoteType name="Advance in Person" votes="7713">
                <Precinct name="ARAGON" votes="957" />
                <Precinct name="BLOOMING GROVE" votes="445" />
                <Precinct name="CEDARTOWN" votes="1852" />
                <Precinct name="FISH CREEK" votes="863" />
                <Precinct name="LAKE CREEK" votes="1028" />
                <Precinct name="ROCKMART" votes="1979" />
                <Precinct name="YOUNGS GROVE" votes="589" />
            </VoteType>
            <VoteType name="Provisional" votes="7">
                <Precinct name="ARAGON" votes="0" />
                <Precinct name="BLOOMING GROVE" votes="0" />
                <Precinct name="CEDARTOWN" votes="3" />
                <Precinct name="FISH CREEK" votes="4" />
                <Precinct name="LAKE CREEK" votes="0" />
                <Precinct name="ROCKMART" votes="0" />
                <Precinct name="YOUNGS GROVE" votes="0" />
            </VoteType>
        </Choice>
    </Contest>
    <Contest key="90" text="State Representative, District 16" isQuestion="false" precinctsReporting="7" precinctsReported="7">
        <VoteType name="Number of Precincts for Race" votes="7">
            <Precinct name="ARAGON" votes="1" />
            <Precinct name="BLOOMING GROVE" votes="1" />
            <Precinct name="CEDARTOWN" votes="1" />
            <Precinct name="FISH CREEK" votes="1" />
            <Precinct name="LAKE CREEK" votes="1" />
            <Precinct name="ROCKMART" votes="1" />
            <Precinct name="YOUNGS GROVE" votes="1" />
        </VoteType>
        <VoteType name="Number of Precincts Reporting" votes="7">
            <Precinct name="ARAGON" votes="1" />
            <Precinct name="BLOOMING GROVE" votes="1" />
            <Precinct name="CEDARTOWN" votes="1" />
            <Precinct name="FISH CREEK" votes="1" />
            <Precinct name="LAKE CREEK" votes="1" />
            <Precinct name="ROCKMART" votes="1" />
            <Precinct name="YOUNGS GROVE" votes="1" />
        </VoteType>
        <Choice key="10" text="TREY KELLEY (I)" totalVotes="12402">
            <VoteType name="Election Day" votes="3969">
                <Precinct name="ARAGON" votes="580" />
                <Precinct name="BLOOMING GROVE" votes="373" />
                <Precinct name="CEDARTOWN" votes="813" />
                <Precinct name="FISH CREEK" votes="496" />
                <Precinct name="LAKE CREEK" votes="545" />
                <Precinct name="ROCKMART" votes="749" />
                <Precinct name="YOUNGS GROVE" votes="413" />
            </VoteType>
            <VoteType name="Absentee by Mail" votes="407">
                <Precinct name="ARAGON" votes="26" />
                <Precinct name="BLOOMING GROVE" votes="31" />
                <Precinct name="CEDARTOWN" votes="173" />
                <Precinct name="FISH CREEK" votes="35" />
                <Precinct name="LAKE CREEK" votes="47" />
                <Precinct name="ROCKMART" votes="61" />
                <Precinct name="YOUNGS GROVE" votes="34" />
            </VoteType>
            <VoteType name="Advance in Person" votes="8019">
                <Precinct name="ARAGON" votes="969" />
                <Precinct name="BLOOMING GROVE" votes="456" />
                <Precinct name="CEDARTOWN" votes="1979" />
                <Precinct name="FISH CREEK" votes="887" />
                <Precinct name="LAKE CREEK" votes="1071" />
                <Precinct name="ROCKMART" votes="2049" />
                <Precinct name="YOUNGS GROVE" votes="608" />
            </VoteType>
            <VoteType name="Provisional" votes="7">
                <Precinct name="ARAGON" votes="0" />
                <Precinct name="BLOOMING GROVE" votes="0" />
                <Precinct name="CEDARTOWN" votes="3" />
                <Precinct name="FISH CREEK" votes="4" />
                <Precinct name="LAKE CREEK" votes="0" />
                <Precinct name="ROCKMART" votes="0" />
                <Precinct name="YOUNGS GROVE" votes="0" />
            </VoteType>
        </Choice>
    </Contest>
    <Contest key="110" text="District Attorney, Tallapoosa Circuit" isQuestion="false" precinctsReporting="7" precinctsReported="7">
        <VoteType name="Number of Precincts for Race" votes="7">
            <Precinct name="ARAGON" votes="1" />
            <Precinct name="BLOOMING GROVE" votes="1" />
            <Precinct name="CEDARTOWN" votes="1" />
            <Precinct name="FISH CREEK" votes="1" />
            <Precinct name="LAKE CREEK" votes="1" />
            <Precinct name="ROCKMART" votes="1" />
            <Precinct name="YOUNGS GROVE" votes="1" />
        </VoteType>
        <VoteType name="Number of Precincts Reporting" votes="7">
            <Precinct name="ARAGON" votes="1" />
            <Precinct name="BLOOMING GROVE" votes="1" />
            <Precinct name="CEDARTOWN" votes="1" />
            <Precinct name="FISH CREEK" votes="1" />
            <Precinct name="LAKE CREEK" votes="1" />
            <Precinct name="ROCKMART" votes="1" />
            <Precinct name="YOUNGS GROVE" votes="1" />
        </VoteType>
        <Choice key="10" text="JACK BROWNING (I)" totalVotes="11933">
            <VoteType name="Election Day" votes="3816">
                <Precinct name="ARAGON" votes="567" />
                <Precinct name="BLOOMING GROVE" votes="358" />
                <Precinct name="CEDARTOWN" votes="759" />
                <Precinct name="FISH CREEK" votes="491" />
                <Precinct name="LAKE CREEK" votes="513" />
                <Precinct name="ROCKMART" votes="728" />
                <Precinct name="YOUNGS GROVE" votes="400" />
            </VoteType>
            <VoteType name="Absentee by Mail" votes="400">
                <Precinct name="ARAGON" votes="23" />
                <Precinct name="BLOOMING GROVE" votes="31" />
                <Precinct name="CEDARTOWN" votes="169" />
                <Precinct name="FISH CREEK" votes="35" />
                <Precinct name="LAKE CREEK" votes="48" />
                <Precinct name="ROCKMART" votes="61" />
                <Precinct name="YOUNGS GROVE" votes="33" />
            </VoteType>
            <VoteType name="Advance in Person" votes="7710">
                <Precinct name="ARAGON" votes="945" />
                <Precinct name="BLOOMING GROVE" votes="439" />
                <Precinct name="CEDARTOWN" votes="1883" />
                <Precinct name="FISH CREEK" votes="845" />
                <Precinct name="LAKE CREEK" votes="1028" />
                <Precinct name="ROCKMART" votes="1976" />
                <Precinct name="YOUNGS GROVE" votes="594" />
            </VoteType>
            <VoteType name="Provisional" votes="7">
                <Precinct name="ARAGON" votes="0" />
                <Precinct name="BLOOMING GROVE" votes="0" />
                <Precinct name="CEDARTOWN" votes="3" />
                <Precinct name="FISH CREEK" votes="4" />
                <Precinct name="LAKE CREEK" votes="0" />
                <Precinct name="ROCKMART" votes="0" />
                <Precinct name="YOUNGS GROVE" votes="0" />
            </VoteType>
        </Choice>
    </Contest>
    <Contest key="130" text="JUDGE PROBATE COURT" isQuestion="false" precinctsReporting="7" precinctsReported="7">
        <VoteType name="Number of Precincts for Race" votes="7">
            <Precinct name="ARAGON" votes="1" />
            <Precinct name="BLOOMING GROVE" votes="1" />
            <Precinct name="CEDARTOWN" votes="1" />
            <Precinct name="FISH CREEK" votes="1" />
            <Precinct name="LAKE CREEK" votes="1" />
            <Precinct name="ROCKMART" votes="1" />
            <Precinct name="YOUNGS GROVE" votes="1" />
        </VoteType>
        <VoteType name="Number of Precincts Reporting" votes="7">
            <Precinct name="ARAGON" votes="1" />
            <Precinct name="BLOOMING GROVE" votes="1" />
            <Precinct name="CEDARTOWN" votes="1" />
            <Precinct name="FISH CREEK" votes="1" />
            <Precinct name="LAKE CREEK" votes="1" />
            <Precinct name="ROCKMART" votes="1" />
            <Precinct name="YOUNGS GROVE" votes="1" />
        </VoteType>
        <Choice key="10" text="L. H. SMITH (I) R" totalVotes="8352">
            <VoteType name="Election Day" votes="2539">
                <Precinct name="ARAGON" votes="469" />
                <Precinct name="BLOOMING GROVE" votes="183" />
                <Precinct name="CEDARTOWN" votes="382" />
                <Precinct name="FISH CREEK" votes="350" />
                <Precinct name="LAKE CREEK" votes="368" />
                <Precinct name="ROCKMART" votes="522" />
                <Precinct name="YOUNGS GROVE" votes="265" />
            </VoteType>
            <VoteType name="Absentee by Mail" votes="291">
                <Precinct name="ARAGON" votes="19" />
                <Precinct name="BLOOMING GROVE" votes="18" />
                <Precinct name="CEDARTOWN" votes="125" />
                <Precinct name="FISH CREEK" votes="22" />
                <Precinct name="LAKE CREEK" votes="32" />
                <Precinct name="ROCKMART" votes="47" />
                <Precinct name="YOUNGS GROVE" votes="28" />
            </VoteType>
            <VoteType name="Advance in Person" votes="5519">
                <Precinct name="ARAGON" votes="755" />
                <Precinct name="BLOOMING GROVE" votes="281" />
                <Precinct name="CEDARTOWN" votes="1267" />
                <Precinct name="FISH CREEK" votes="627" />
                <Precinct name="LAKE CREEK" votes="648" />
                <Precinct name="ROCKMART" votes="1555" />
                <Precinct name="YOUNGS GROVE" votes="386" />
            </VoteType>
            <VoteType name="Provisional" votes="3">
                <Precinct name="ARAGON" votes="0" />
                <Precinct name="BLOOMING GROVE" votes="0" />
                <Precinct name="CEDARTOWN" votes="1" />
                <Precinct name="FISH CREEK" votes="2" />
                <Precinct name="LAKE CREEK" votes="0" />
                <Precinct name="ROCKMART" votes="0" />
                <Precinct name="YOUNGS GROVE" votes="0" />
            </VoteType>
        </Choice>
        <Choice key="20" text="S. B. MCGEE (IN)" totalVotes="5126">
            <VoteType name="Election Day" votes="1738">
                <Precinct name="ARAGON" votes="154" />
                <Precinct name="BLOOMING GROVE" votes="214" />
                <Precinct name="CEDARTOWN" votes="516" />
                <Precinct name="FISH CREEK" votes="181" />
                <Precinct name="LAKE CREEK" votes="222" />
                <Precinct name="ROCKMART" votes="281" />
                <Precinct name="YOUNGS GROVE" votes="170" />
            </VoteType>
            <VoteType name="Absentee by Mail" votes="165">
                <Precinct name="ARAGON" votes="8" />
                <Precinct name="BLOOMING GROVE" votes="17" />
                <Precinct name="CEDARTOWN" votes="64" />
                <Precinct name="FISH CREEK" votes="16" />
                <Precinct name="LAKE CREEK" votes="22" />
                <Precinct name="ROCKMART" votes="29" />
                <Precinct name="YOUNGS GROVE" votes="9" />
            </VoteType>
            <VoteType name="Advance in Person" votes="3219">
                <Precinct name="ARAGON" votes="285" />
                <Precinct name="BLOOMING GROVE" votes="218" />
                <Precinct name="CEDARTOWN" votes="938" />
                <Precinct name="FISH CREEK" votes="329" />
                <Precinct name="LAKE CREEK" votes="502" />
                <Precinct name="ROCKMART" votes="678" />
                <Precinct name="YOUNGS GROVE" votes="269" />
            </VoteType>
            <VoteType name="Provisional" votes="4">
                <Precinct name="ARAGON" votes="0" />
                <Precinct name="BLOOMING GROVE" votes="0" />
                <Precinct name="CEDARTOWN" votes="2" />
                <Precinct name="FISH CREEK" votes="2" />
                <Precinct name="LAKE CREEK" votes="0" />
                <Precinct name="ROCKMART" votes="0" />
                <Precinct name="YOUNGS GROVE" votes="0" />
            </VoteType>
        </Choice>
    </Contest>
    <Contest key="150" text="CLERK SUPERIOR COURT" isQuestion="false" precinctsReporting="7" precinctsReported="7">
        <VoteType name="Number of Precincts for Race" votes="7">
            <Precinct name="ARAGON" votes="1" />
            <Precinct name="BLOOMING GROVE" votes="1" />
            <Precinct name="CEDARTOWN" votes="1" />
            <Precinct name="FISH CREEK" votes="1" />
            <Precinct name="LAKE CREEK" votes="1" />
            <Precinct name="ROCKMART" votes="1" />
            <Precinct name="YOUNGS GROVE" votes="1" />
        </VoteType>
        <VoteType name="Number of Precincts Reporting" votes="7">
            <Precinct name="ARAGON" votes="1" />
            <Precinct name="BLOOMING GROVE" votes="1" />
            <Precinct name="CEDARTOWN" votes="1" />
            <Precinct name="FISH CREEK" votes="1" />
            <Precinct name="LAKE CREEK" votes="1" />
            <Precinct name="ROCKMART" votes="1" />
            <Precinct name="YOUNGS GROVE" votes="1" />
        </VoteType>
        <Choice key="10" text="S. WELLS (I) R" totalVotes="12404">
            <VoteType name="Election Day" votes="3948">
                <Precinct name="ARAGON" votes="586" />
                <Precinct name="BLOOMING GROVE" votes="372" />
                <Precinct name="CEDARTOWN" votes="808" />
                <Precinct name="FISH CREEK" votes="498" />
                <Precinct name="LAKE CREEK" votes="538" />
                <Precinct name="ROCKMART" votes="743" />
                <Precinct name="YOUNGS GROVE" votes="403" />
            </VoteType>
            <VoteType name="Absentee by Mail" votes="402">
                <Precinct name="ARAGON" votes="23" />
                <Precinct name="BLOOMING GROVE" votes="32" />
                <Precinct name="CEDARTOWN" votes="168" />
                <Precinct name="FISH CREEK" votes="35" />
                <Precinct name="LAKE CREEK" votes="48" />
                <Precinct name="ROCKMART" votes="62" />
                <Precinct name="YOUNGS GROVE" votes="34" />
            </VoteType>
            <VoteType name="Advance in Person" votes="8047">
                <Precinct name="ARAGON" votes="971" />
                <Precinct name="BLOOMING GROVE" votes="459" />
                <Precinct name="CEDARTOWN" votes="1999" />
                <Precinct name="FISH CREEK" votes="889" />
                <Precinct name="LAKE CREEK" votes="1060" />
                <Precinct name="ROCKMART" votes="2060" />
                <Precinct name="YOUNGS GROVE" votes="609" />
            </VoteType>
            <VoteType name="Provisional" votes="7">
                <Precinct name="ARAGON" votes="0" />
                <Precinct name="BLOOMING GROVE" votes="0" />
                <Precinct name="CEDARTOWN" votes="3" />
                <Precinct name="FISH CREEK" votes="4" />
                <Precinct name="LAKE CREEK" votes="0" />
                <Precinct name="ROCKMART" votes="0" />
                <Precinct name="YOUNGS GROVE" votes="0" />
            </VoteType>
        </Choice>
    </Contest>
    <Contest key="170" text="SHERIFF" isQuestion="false" precinctsReporting="7" precinctsReported="7">
        <VoteType name="Number of Precincts for Race" votes="7">
            <Precinct name="ARAGON" votes="1" />
            <Precinct name="BLOOMING GROVE" votes="1" />
            <Precinct name="CEDARTOWN" votes="1" />
            <Precinct name="FISH CREEK" votes="1" />
            <Precinct name="LAKE CREEK" votes="1" />
            <Precinct name="ROCKMART" votes="1" />
            <Precinct name="YOUNGS GROVE" votes="1" />
        </VoteType>
        <VoteType name="Number of Precincts Reporting" votes="7">
            <Precinct name="ARAGON" votes="1" />
            <Precinct name="BLOOMING GROVE" votes="1" />
            <Precinct name="CEDARTOWN" votes="1" />
            <Precinct name="FISH CREEK" votes="1" />
            <Precinct name="LAKE CREEK" votes="1" />
            <Precinct name="ROCKMART" votes="1" />
            <Precinct name="YOUNGS GROVE" votes="1" />
        </VoteType>
        <Choice key="10" text="J. MOATS (I) R" totalVotes="12633">
            <VoteType name="Election Day" votes="4037">
                <Precinct name="ARAGON" votes="594" />
                <Precinct name="BLOOMING GROVE" votes="382" />
                <Precinct name="CEDARTOWN" votes="828" />
                <Precinct name="FISH CREEK" votes="514" />
                <Precinct name="LAKE CREEK" votes="556" />
                <Precinct name="ROCKMART" votes="754" />
                <Precinct name="YOUNGS GROVE" votes="409" />
            </VoteType>
            <VoteType name="Absentee by Mail" votes="413">
                <Precinct name="ARAGON" votes="25" />
                <Precinct name="BLOOMING GROVE" votes="32" />
                <Precinct name="CEDARTOWN" votes="173" />
                <Precinct name="FISH CREEK" votes="36" />
                <Precinct name="LAKE CREEK" votes="49" />
                <Precinct name="ROCKMART" votes="64" />
                <Precinct name="YOUNGS GROVE" votes="34" />
            </VoteType>
            <VoteType name="Advance in Person" votes="8176">
                <Precinct name="ARAGON" votes="988" />
                <Precinct name="BLOOMING GROVE" votes="468" />
                <Precinct name="CEDARTOWN" votes="2029" />
                <Precinct name="FISH CREEK" votes="900" />
                <Precinct name="LAKE CREEK" votes="1090" />
                <Precinct name="ROCKMART" votes="2082" />
                <Precinct name="YOUNGS GROVE" votes="619" />
            </VoteType>
            <VoteType name="Provisional" votes="7">
                <Precinct name="ARAGON" votes="0" />
                <Precinct name="BLOOMING GROVE" votes="0" />
                <Precinct name="CEDARTOWN" votes="3" />
                <Precinct name="FISH CREEK" votes="4" />
                <Precinct name="LAKE CREEK" votes="0" />
                <Precinct name="ROCKMART" votes="0" />
                <Precinct name="YOUNGS GROVE" votes="0" />
            </VoteType>
        </Choice>
    </Contest>
    <Contest key="190" text="TAX COMMISSIONER" isQuestion="false" precinctsReporting="7" precinctsReported="7">
        <VoteType name="Number of Precincts for Race" votes="7">
            <Precinct name="ARAGON" votes="1" />
            <Precinct name="BLOOMING GROVE" votes="1" />
            <Precinct name="CEDARTOWN" votes="1" />
            <Precinct name="FISH CREEK" votes="1" />
            <Precinct name="LAKE CREEK" votes="1" />
            <Precinct name="ROCKMART" votes="1" />
            <Precinct name="YOUNGS GROVE" votes="1" />
        </VoteType>
        <VoteType name="Number of Precincts Reporting" votes="7">
            <Precinct name="ARAGON" votes="1" />
            <Precinct name="BLOOMING GROVE" votes="1" />
            <Precinct name="CEDARTOWN" votes="1" />
            <Precinct name="FISH CREEK" votes="1" />
            <Precinct name="LAKE CREEK" votes="1" />
            <Precinct name="ROCKMART" votes="1" />
            <Precinct name="YOUNGS GROVE" votes="1" />
        </VoteType>
        <Choice key="10" text="K. COLE (R)" totalVotes="12107">
            <VoteType name="Election Day" votes="3876">
                <Precinct name="ARAGON" votes="586" />
                <Precinct name="BLOOMING GROVE" votes="363" />
                <Precinct name="CEDARTOWN" votes="778" />
                <Precinct name="FISH CREEK" votes="494" />
                <Precinct name="LAKE CREEK" votes="526" />
                <Precinct name="ROCKMART" votes="728" />
                <Precinct name="YOUNGS GROVE" votes="401" />
            </VoteType>
            <VoteType name="Absentee by Mail" votes="392">
                <Precinct name="ARAGON" votes="23" />
                <Precinct name="BLOOMING GROVE" votes="32" />
                <Precinct name="CEDARTOWN" votes="164" />
                <Precinct name="FISH CREEK" votes="32" />
                <Precinct name="LAKE CREEK" votes="46" />
                <Precinct name="ROCKMART" votes="61" />
                <Precinct name="YOUNGS GROVE" votes="34" />
            </VoteType>
            <VoteType name="Advance in Person" votes="7832">
                <Precinct name="ARAGON" votes="970" />
                <Precinct name="BLOOMING GROVE" votes="439" />
                <Precinct name="CEDARTOWN" votes="1898" />
                <Precinct name="FISH CREEK" votes="866" />
                <Precinct name="LAKE CREEK" votes="1023" />
                <Precinct name="ROCKMART" votes="2036" />
                <Precinct name="YOUNGS GROVE" votes="600" />
            </VoteType>
            <VoteType name="Provisional" votes="7">
                <Precinct name="ARAGON" votes="0" />
                <Precinct name="BLOOMING GROVE" votes="0" />
                <Precinct name="CEDARTOWN" votes="3" />
                <Precinct name="FISH CREEK" votes="4" />
                <Precinct name="LAKE CREEK" votes="0" />
                <Precinct name="ROCKMART" votes="0" />
                <Precinct name="YOUNGS GROVE" votes="0" />
            </VoteType>
        </Choice>
    </Contest>
    <Contest key="230" text="CORONER" isQuestion="false" precinctsReporting="7" precinctsReported="7">
        <VoteType name="Number of Precincts for Race" votes="7">
            <Precinct name="ARAGON" votes="1" />
            <Precinct name="BLOOMING GROVE" votes="1" />
            <Precinct name="CEDARTOWN" votes="1" />
            <Precinct name="FISH CREEK" votes="1" />
            <Precinct name="LAKE CREEK" votes="1" />
            <Precinct name="ROCKMART" votes="1" />
            <Precinct name="YOUNGS GROVE" votes="1" />
        </VoteType>
        <VoteType name="Number of Precincts Reporting" votes="7">
            <Precinct name="ARAGON" votes="1" />
            <Precinct name="BLOOMING GROVE" votes="1" />
            <Precinct name="CEDARTOWN" votes="1" />
            <Precinct name="FISH CREEK" votes="1" />
            <Precinct name="LAKE CREEK" votes="1" />
            <Precinct name="ROCKMART" votes="1" />
            <Precinct name="YOUNGS GROVE" votes="1" />
        </VoteType>
        <Choice key="10" text="T. L. BRAZIER (I) R" totalVotes="12166">
            <VoteType name="Election Day" votes="3881">
                <Precinct name="ARAGON" votes="577" />
                <Precinct name="BLOOMING GROVE" votes="365" />
                <Precinct name="CEDARTOWN" votes="793" />
                <Precinct name="FISH CREEK" votes="492" />
                <Precinct name="LAKE CREEK" votes="529" />
                <Precinct name="ROCKMART" votes="723" />
                <Precinct name="YOUNGS GROVE" votes="402" />
            </VoteType>
            <VoteType name="Absentee by Mail" votes="395">
                <Precinct name="ARAGON" votes="23" />
                <Precinct name="BLOOMING GROVE" votes="30" />
                <Precinct name="CEDARTOWN" votes="170" />
                <Precinct name="FISH CREEK" votes="32" />
                <Precinct name="LAKE CREEK" votes="47" />
                <Precinct name="ROCKMART" votes="60" />
                <Precinct name="YOUNGS GROVE" votes="33" />
            </VoteType>
            <VoteType name="Advance in Person" votes="7883">
                <Precinct name="ARAGON" votes="955" />
                <Precinct name="BLOOMING GROVE" votes="440" />
                <Precinct name="CEDARTOWN" votes="1956" />
                <Precinct name="FISH CREEK" votes="867" />
                <Precinct name="LAKE CREEK" votes="1047" />
                <Precinct name="ROCKMART" votes="2010" />
                <Precinct name="YOUNGS GROVE" votes="608" />
            </VoteType>
            <VoteType name="Provisional" votes="7">
                <Precinct name="ARAGON" votes="0" />
                <Precinct name="BLOOMING GROVE" votes="0" />
                <Precinct name="CEDARTOWN" votes="3" />
                <Precinct name="FISH CREEK" votes="4" />
                <Precinct name="LAKE CREEK" votes="0" />
                <Precinct name="ROCKMART" votes="0" />
                <Precinct name="YOUNGS GROVE" votes="0" />
            </VoteType>
        </Choice>
    </Contest>
    <Contest key="250" text="CHIEF MAGISTRATE" isQuestion="false" precinctsReporting="7" precinctsReported="7">
        <VoteType name="Number of Precincts for Race" votes="7">
            <Precinct name="ARAGON" votes="1" />
            <Precinct name="BLOOMING GROVE" votes="1" />
            <Precinct name="CEDARTOWN" votes="1" />
            <Precinct name="FISH CREEK" votes="1" />
            <Precinct name="LAKE CREEK" votes="1" />
            <Precinct name="ROCKMART" votes="1" />
            <Precinct name="YOUNGS GROVE" votes="1" />
        </VoteType>
        <VoteType name="Number of Precincts Reporting" votes="7">
            <Precinct name="ARAGON" votes="1" />
            <Precinct name="BLOOMING GROVE" votes="1" />
            <Precinct name="CEDARTOWN" votes="1" />
            <Precinct name="FISH CREEK" votes="1" />
            <Precinct name="LAKE CREEK" votes="1" />
            <Precinct name="ROCKMART" votes="1" />
            <Precinct name="YOUNGS GROVE" votes="1" />
        </VoteType>
        <Choice key="10" text="B. J. CRANE (I) R" totalVotes="11979">
            <VoteType name="Election Day" votes="3818">
                <Precinct name="ARAGON" votes="573" />
                <Precinct name="BLOOMING GROVE" votes="360" />
                <Precinct name="CEDARTOWN" votes="774" />
                <Precinct name="FISH CREEK" votes="486" />
                <Precinct name="LAKE CREEK" votes="514" />
                <Precinct name="ROCKMART" votes="719" />
                <Precinct name="YOUNGS GROVE" votes="392" />
            </VoteType>
            <VoteType name="Absentee by Mail" votes="383">
                <Precinct name="ARAGON" votes="22" />
                <Precinct name="BLOOMING GROVE" votes="31" />
                <Precinct name="CEDARTOWN" votes="164" />
                <Precinct name="FISH CREEK" votes="31" />
                <Precinct name="LAKE CREEK" votes="45" />
                <Precinct name="ROCKMART" votes="56" />
                <Precinct name="YOUNGS GROVE" votes="34" />
            </VoteType>
            <VoteType name="Advance in Person" votes="7772">
                <Precinct name="ARAGON" votes="949" />
                <Precinct name="BLOOMING GROVE" votes="438" />
                <Precinct name="CEDARTOWN" votes="1927" />
                <Precinct name="FISH CREEK" votes="856" />
                <Precinct name="LAKE CREEK" votes="1026" />
                <Precinct name="ROCKMART" votes="1984" />
                <Precinct name="YOUNGS GROVE" votes="592" />
            </VoteType>
            <VoteType name="Provisional" votes="6">
                <Precinct name="ARAGON" votes="0" />
                <Precinct name="BLOOMING GROVE" votes="0" />
                <Precinct name="CEDARTOWN" votes="3" />
                <Precinct name="FISH CREEK" votes="3" />
                <Precinct name="LAKE CREEK" votes="0" />
                <Precinct name="ROCKMART" votes="0" />
                <Precinct name="YOUNGS GROVE" votes="0" />
            </VoteType>
        </Choice>
    </Contest>
    <Contest key="270" text="CC D1" isQuestion="false" precinctsReporting="7" precinctsReported="7">
        <VoteType name="Number of Precincts for Race" votes="7">
            <Precinct name="ARAGON" votes="1" />
            <Precinct name="BLOOMING GROVE" votes="1" />
            <Precinct name="CEDARTOWN" votes="1" />
            <Precinct name="FISH CREEK" votes="1" />
            <Precinct name="LAKE CREEK" votes="1" />
            <Precinct name="ROCKMART" votes="1" />
            <Precinct name="YOUNGS GROVE" votes="1" />
        </VoteType>
        <VoteType name="Number of Precincts Reporting" votes="7">
            <Precinct name="ARAGON" votes="1" />
            <Precinct name="BLOOMING GROVE" votes="1" />
            <Precinct name="CEDARTOWN" votes="1" />
            <Precinct name="FISH CREEK" votes="1" />
            <Precinct name="LAKE CREEK" votes="1" />
            <Precinct name="ROCKMART" votes="1" />
            <Precinct name="YOUNGS GROVE" votes="1" />
        </VoteType>
        <Choice key="10" text="S. TILLERY (I) R" totalVotes="12018">
            <VoteType name="Election Day" votes="3855">
                <Precinct name="ARAGON" votes="570" />
                <Precinct name="BLOOMING GROVE" votes="364" />
                <Precinct name="CEDARTOWN" votes="791" />
                <Precinct name="FISH CREEK" votes="494" />
                <Precinct name="LAKE CREEK" votes="527" />
                <Precinct name="ROCKMART" votes="716" />
                <Precinct name="YOUNGS GROVE" votes="393" />
            </VoteType>
            <VoteType name="Absentee by Mail" votes="379">
                <Precinct name="ARAGON" votes="21" />
                <Precinct name="BLOOMING GROVE" votes="32" />
                <Precinct name="CEDARTOWN" votes="163" />
                <Precinct name="FISH CREEK" votes="30" />
                <Precinct name="LAKE CREEK" votes="46" />
                <Precinct name="ROCKMART" votes="54" />
                <Precinct name="YOUNGS GROVE" votes="33" />
            </VoteType>
            <VoteType name="Advance in Person" votes="7778">
                <Precinct name="ARAGON" votes="941" />
                <Precinct name="BLOOMING GROVE" votes="450" />
                <Precinct name="CEDARTOWN" votes="1945" />
                <Precinct name="FISH CREEK" votes="848" />
                <Precinct name="LAKE CREEK" votes="1040" />
                <Precinct name="ROCKMART" votes="1959" />
                <Precinct name="YOUNGS GROVE" votes="595" />
            </VoteType>
            <VoteType name="Provisional" votes="6">
                <Precinct name="ARAGON" votes="0" />
                <Precinct name="BLOOMING GROVE" votes="0" />
                <Precinct name="CEDARTOWN" votes="3" />
                <Precinct name="FISH CREEK" votes="3" />
                <Precinct name="LAKE CREEK" votes="0" />
                <Precinct name="ROCKMART" votes="0" />
                <Precinct name="YOUNGS GROVE" votes="0" />
            </VoteType>
        </Choice>
    </Contest>
    <Contest key="290" text="CC D2" isQuestion="false" precinctsReporting="7" precinctsReported="7">
        <VoteType name="Number of Precincts for Race" votes="7">
            <Precinct name="ARAGON" votes="1" />
            <Precinct name="BLOOMING GROVE" votes="1" />
            <Precinct name="CEDARTOWN" votes="1" />
            <Precinct name="FISH CREEK" votes="1" />
            <Precinct name="LAKE CREEK" votes="1" />
            <Precinct name="ROCKMART" votes="1" />
            <Precinct name="YOUNGS GROVE" votes="1" />
        </VoteType>
        <VoteType name="Number of Precincts Reporting" votes="7">
            <Precinct name="ARAGON" votes="1" />
            <Precinct name="BLOOMING GROVE" votes="1" />
            <Precinct name="CEDARTOWN" votes="1" />
            <Precinct name="FISH CREEK" votes="1" />
            <Precinct name="LAKE CREEK" votes="1" />
            <Precinct name="ROCKMART" votes="1" />
            <Precinct name="YOUNGS GROVE" votes="1" />
        </VoteType>
        <Choice key="40" text="C. THAXTON (R)" totalVotes="11774">
            <VoteType name="Election Day" votes="3779">
                <Precinct name="ARAGON" votes="576" />
                <Precinct name="BLOOMING GROVE" votes="353" />
                <Precinct name="CEDARTOWN" votes="752" />
                <Precinct name="FISH CREEK" votes="484" />
                <Precinct name="LAKE CREEK" votes="504" />
                <Precinct name="ROCKMART" votes="725" />
                <Precinct name="YOUNGS GROVE" votes="385" />
            </VoteType>
            <VoteType name="Absentee by Mail" votes="374">
                <Precinct name="ARAGON" votes="22" />
                <Precinct name="BLOOMING GROVE" votes="29" />
                <Precinct name="CEDARTOWN" votes="160" />
                <Precinct name="FISH CREEK" votes="30" />
                <Precinct name="LAKE CREEK" votes="46" />
                <Precinct name="ROCKMART" votes="56" />
                <Precinct name="YOUNGS GROVE" votes="31" />
            </VoteType>
            <VoteType name="Advance in Person" votes="7615">
                <Precinct name="ARAGON" votes="944" />
                <Precinct name="BLOOMING GROVE" votes="429" />
                <Precinct name="CEDARTOWN" votes="1829" />
                <Precinct name="FISH CREEK" votes="847" />
                <Precinct name="LAKE CREEK" votes="985" />
                <Precinct name="ROCKMART" votes="2002" />
                <Precinct name="YOUNGS GROVE" votes="579" />
            </VoteType>
            <VoteType name="Provisional" votes="6">
                <Precinct name="ARAGON" votes="0" />
                <Precinct name="BLOOMING GROVE" votes="0" />
                <Precinct name="CEDARTOWN" votes="3" />
                <Precinct name="FISH CREEK" votes="3" />
                <Precinct name="LAKE CREEK" votes="0" />
                <Precinct name="ROCKMART" votes="0" />
                <Precinct name="YOUNGS GROVE" votes="0" />
            </VoteType>
        </Choice>
    </Contest>
    <Contest key="310" text="CC D3" isQuestion="false" precinctsReporting="7" precinctsReported="7">
        <VoteType name="Number of Precincts for Race" votes="7">
            <Precinct name="ARAGON" votes="1" />
            <Precinct name="BLOOMING GROVE" votes="1" />
            <Precinct name="CEDARTOWN" votes="1" />
            <Precinct name="FISH CREEK" votes="1" />
            <Precinct name="LAKE CREEK" votes="1" />
            <Precinct name="ROCKMART" votes="1" />
            <Precinct name="YOUNGS GROVE" votes="1" />
        </VoteType>
        <VoteType name="Number of Precincts Reporting" votes="7">
            <Precinct name="ARAGON" votes="1" />
            <Precinct name="BLOOMING GROVE" votes="1" />
            <Precinct name="CEDARTOWN" votes="1" />
            <Precinct name="FISH CREEK" votes="1" />
            <Precinct name="LAKE CREEK" votes="1" />
            <Precinct name="ROCKMART" votes="1" />
            <Precinct name="YOUNGS GROVE" votes="1" />
        </VoteType>
        <Choice key="10" text="S. D. BURFORD (I) R" totalVotes="11563">
            <VoteType name="Election Day" votes="3747">
                <Precinct name="ARAGON" votes="569" />
                <Precinct name="BLOOMING GROVE" votes="354" />
                <Precinct name="CEDARTOWN" votes="756" />
                <Precinct name="FISH CREEK" votes="481" />
                <Precinct name="LAKE CREEK" votes="497" />
                <Precinct name="ROCKMART" votes="705" />
                <Precinct name="YOUNGS GROVE" votes="385" />
            </VoteType>
            <VoteType name="Absentee by Mail" votes="362">
                <Precinct name="ARAGON" votes="22" />
                <Precinct name="BLOOMING GROVE" votes="29" />
                <Precinct name="CEDARTOWN" votes="153" />
                <Precinct name="FISH CREEK" votes="29" />
                <Precinct name="LAKE CREEK" votes="45" />
                <Precinct name="ROCKMART" votes="53" />
                <Precinct name="YOUNGS GROVE" votes="31" />
            </VoteType>
            <VoteType name="Advance in Person" votes="7448">
                <Precinct name="ARAGON" votes="936" />
                <Precinct name="BLOOMING GROVE" votes="418" />
                <Precinct name="CEDARTOWN" votes="1796" />
                <Precinct name="FISH CREEK" votes="819" />
                <Precinct name="LAKE CREEK" votes="975" />
                <Precinct name="ROCKMART" votes="1931" />
                <Precinct name="YOUNGS GROVE" votes="573" />
            </VoteType>
            <VoteType name="Provisional" votes="6">
                <Precinct name="ARAGON" votes="0" />
                <Precinct name="BLOOMING GROVE" votes="0" />
                <Precinct name="CEDARTOWN" votes="3" />
                <Precinct name="FISH CREEK" votes="3" />
                <Precinct name="LAKE CREEK" votes="0" />
                <Precinct name="ROCKMART" votes="0" />
                <Precinct name="YOUNGS GROVE" votes="0" />
            </VoteType>
        </Choice>
    </Contest>
    <Contest key="330" text="BOE D3" isQuestion="false" precinctsReporting="2" precinctsReported="2">
        <VoteType name="Number of Precincts for Race" votes="2">
            <Precinct name="CEDARTOWN" votes="1" />
            <Precinct name="LAKE CREEK" votes="1" />
        </VoteType>
        <VoteType name="Number of Precincts Reporting" votes="2">
            <Precinct name="CEDARTOWN" votes="1" />
            <Precinct name="LAKE CREEK" votes="1" />
        </VoteType>
        <Choice key="10" text="S. WORTHINGTON (I) R" totalVotes="857">
            <VoteType name="Election Day" votes="233">
                <Precinct name="CEDARTOWN" votes="143" />
                <Precinct name="LAKE CREEK" votes="90" />
            </VoteType>
            <VoteType name="Absentee by Mail" votes="54">
                <Precinct name="CEDARTOWN" votes="46" />
                <Precinct name="LAKE CREEK" votes="8" />
            </VoteType>
            <VoteType name="Advance in Person" votes="569">
                <Precinct name="CEDARTOWN" votes="418" />
                <Precinct name="LAKE CREEK" votes="151" />
            </VoteType>
            <VoteType name="Provisional" votes="1">
                <Precinct name="CEDARTOWN" votes="1" />
                <Precinct name="LAKE CREEK" votes="0" />
            </VoteType>
        </Choice>
        <Choice key="20" text="J. W. FOSTER (IN)" totalVotes="1423">
            <VoteType name="Election Day" votes="396">
                <Precinct name="CEDARTOWN" votes="284" />
                <Precinct name="LAKE CREEK" votes="112" />
            </VoteType>
            <VoteType name="Absentee by Mail" votes="75">
                <Precinct name="CEDARTOWN" votes="60" />
                <Precinct name="LAKE CREEK" votes="15" />
            </VoteType>
            <VoteType name="Advance in Person" votes="952">
                <Precinct name="CEDARTOWN" votes="768" />
                <Precinct name="LAKE CREEK" votes="184" />
            </VoteType>
            <VoteType name="Provisional" votes="0">
                <Precinct name="CEDARTOWN" votes="0" />
                <Precinct name="LAKE CREEK" votes="0" />
            </VoteType>
        </Choice>
    </Contest>
    <Contest key="341" text="BOE D5" isQuestion="false" precinctsReporting="4" precinctsReported="4">
        <VoteType name="Number of Precincts for Race" votes="4">
            <Precinct name="ARAGON" votes="1" />
            <Precinct name="FISH CREEK" votes="1" />
            <Precinct name="ROCKMART" votes="1" />
            <Precinct name="YOUNGS GROVE" votes="1" />
        </VoteType>
        <VoteType name="Number of Precincts Reporting" votes="4">
            <Precinct name="ARAGON" votes="1" />
            <Precinct name="FISH CREEK" votes="1" />
            <Precinct name="ROCKMART" votes="1" />
            <Precinct name="YOUNGS GROVE" votes="1" />
        </VoteType>
        <Choice key="10" text="K. W. GOBER (R)" totalVotes="2225">
            <VoteType name="Election Day" votes="716">
                <Precinct name="ARAGON" votes="124" />
                <Precinct name="FISH CREEK" votes="463" />
                <Precinct name="ROCKMART" votes="63" />
                <Precinct name="YOUNGS GROVE" votes="66" />
            </VoteType>
            <VoteType name="Absentee by Mail" votes="44">
                <Precinct name="ARAGON" votes="4" />
                <Precinct name="FISH CREEK" votes="30" />
                <Precinct name="ROCKMART" votes="6" />
                <Precinct name="YOUNGS GROVE" votes="4" />
            </VoteType>
            <VoteType name="Advance in Person" votes="1463">
                <Precinct name="ARAGON" votes="331" />
                <Precinct name="FISH CREEK" votes="787" />
                <Precinct name="ROCKMART" votes="250" />
                <Precinct name="YOUNGS GROVE" votes="95" />
            </VoteType>
            <VoteType name="Provisional" votes="2">
                <Precinct name="ARAGON" votes="0" />
                <Precinct name="FISH CREEK" votes="2" />
                <Precinct name="ROCKMART" votes="0" />
                <Precinct name="YOUNGS GROVE" votes="0" />
            </VoteType>
        </Choice>
    </Contest>
    <Contest key="350" text="BOE D6" isQuestion="false" precinctsReporting="1" precinctsReported="1">
        <VoteType name="Number of Precincts for Race" votes="1">
            <Precinct name="ROCKMART" votes="1" />
        </VoteType>
        <VoteType name="Number of Precincts Reporting" votes="1">
            <Precinct name="ROCKMART" votes="1" />
        </VoteType>
        <Choice key="10" text="H. M. FLOYD (R)" totalVotes="1802">
            <VoteType name="Election Day" votes="475">
                <Precinct name="ROCKMART" votes="475" />
            </VoteType>
            <VoteType name="Absentee by Mail" votes="40">
                <Precinct name="ROCKMART" votes="40" />
            </VoteType>
            <VoteType name="Advance in Person" votes="1287">
                <Precinct name="ROCKMART" votes="1287" />
            </VoteType>
            <VoteType name="Provisional" votes="0">
                <Precinct name="ROCKMART" votes="0" />
            </VoteType>
        </Choice>
    </Contest>
    <Contest key="351" text="Constitutional Amendment #1&lt;br&gt;Provides greater flexibility and state accountability to fix failing schools through increasing community involvement." isQuestion="false" precinctsReporting="7" precinctsReported="7">
        <VoteType name="Number of Precincts for Race" votes="7">
            <Precinct name="ARAGON" votes="1" />
            <Precinct name="BLOOMING GROVE" votes="1" />
            <Precinct name="CEDARTOWN" votes="1" />
            <Precinct name="FISH CREEK" votes="1" />
            <Precinct name="LAKE CREEK" votes="1" />
            <Precinct name="ROCKMART" votes="1" />
            <Precinct name="YOUNGS GROVE" votes="1" />
        </VoteType>
        <VoteType name="Number of Precincts Reporting" votes="7">
            <Precinct name="ARAGON" votes="1" />
            <Precinct name="BLOOMING GROVE" votes="1" />
            <Precinct name="CEDARTOWN" votes="1" />
            <Precinct name="FISH CREEK" votes="1" />
            <Precinct name="LAKE CREEK" votes="1" />
            <Precinct name="ROCKMART" votes="1" />
            <Precinct name="YOUNGS GROVE" votes="1" />
        </VoteType>
        <Choice key="10" text="YES" totalVotes="4403">
            <VoteType name="Election Day" votes="1475">
                <Precinct name="ARAGON" votes="234" />
                <Precinct name="BLOOMING GROVE" votes="130" />
                <Precinct name="CEDARTOWN" votes="348" />
                <Precinct name="FISH CREEK" votes="178" />
                <Precinct name="LAKE CREEK" votes="176" />
                <Precinct name="ROCKMART" votes="286" />
                <Precinct name="YOUNGS GROVE" votes="123" />
            </VoteType>
            <VoteType name="Absentee by Mail" votes="165">
                <Precinct name="ARAGON" votes="13" />
                <Precinct name="BLOOMING GROVE" votes="6" />
                <Precinct name="CEDARTOWN" votes="76" />
                <Precinct name="FISH CREEK" votes="15" />
                <Precinct name="LAKE CREEK" votes="15" />
                <Precinct name="ROCKMART" votes="25" />
                <Precinct name="YOUNGS GROVE" votes="15" />
            </VoteType>
            <VoteType name="Advance in Person" votes="2760">
                <Precinct name="ARAGON" votes="346" />
                <Precinct name="BLOOMING GROVE" votes="187" />
                <Precinct name="CEDARTOWN" votes="670" />
                <Precinct name="FISH CREEK" votes="286" />
                <Precinct name="LAKE CREEK" votes="324" />
                <Precinct name="ROCKMART" votes="746" />
                <Precinct name="YOUNGS GROVE" votes="201" />
            </VoteType>
            <VoteType name="Provisional" votes="3">
                <Precinct name="ARAGON" votes="0" />
                <Precinct name="BLOOMING GROVE" votes="0" />
                <Precinct name="CEDARTOWN" votes="2" />
                <Precinct name="FISH CREEK" votes="1" />
                <Precinct name="LAKE CREEK" votes="0" />
                <Precinct name="ROCKMART" votes="0" />
                <Precinct name="YOUNGS GROVE" votes="0" />
            </VoteType>
        </Choice>
        <Choice key="20" text="NO" totalVotes="9468">
            <VoteType name="Election Day" votes="2912">
                <Precinct name="ARAGON" votes="397" />
                <Precinct name="BLOOMING GROVE" votes="269" />
                <Precinct name="CEDARTOWN" votes="573" />
                <Precinct name="FISH CREEK" votes="370" />
                <Precinct name="LAKE CREEK" votes="420" />
                <Precinct name="ROCKMART" votes="567" />
                <Precinct name="YOUNGS GROVE" votes="316" />
            </VoteType>
            <VoteType name="Absentee by Mail" votes="290">
                <Precinct name="ARAGON" votes="14" />
                <Precinct name="BLOOMING GROVE" votes="26" />
                <Precinct name="CEDARTOWN" votes="109" />
                <Precinct name="FISH CREEK" votes="23" />
                <Precinct name="LAKE CREEK" votes="40" />
                <Precinct name="ROCKMART" votes="55" />
                <Precinct name="YOUNGS GROVE" votes="23" />
            </VoteType>
            <VoteType name="Advance in Person" votes="6263">
                <Precinct name="ARAGON" votes="738" />
                <Precinct name="BLOOMING GROVE" votes="332" />
                <Precinct name="CEDARTOWN" votes="1592" />
                <Precinct name="FISH CREEK" votes="698" />
                <Precinct name="LAKE CREEK" votes="844" />
                <Precinct name="ROCKMART" votes="1600" />
                <Precinct name="YOUNGS GROVE" votes="459" />
            </VoteType>
            <VoteType name="Provisional" votes="3">
                <Precinct name="ARAGON" votes="0" />
                <Precinct name="BLOOMING GROVE" votes="0" />
                <Precinct name="CEDARTOWN" votes="1" />
                <Precinct name="FISH CREEK" votes="2" />
                <Precinct name="LAKE CREEK" votes="0" />
                <Precinct name="ROCKMART" votes="0" />
                <Precinct name="YOUNGS GROVE" votes="0" />
            </VoteType>
        </Choice>
    </Contest>
    <Contest key="352" text="Constitutional Amendment #2&lt;br&gt;Authorizes penalties for sexual exploitation and assessments on adult entertainment to fund child victims' services." isQuestion="false" precinctsReporting="7" precinctsReported="7">
        <VoteType name="Number of Precincts for Race" votes="7">
            <Precinct name="ARAGON" votes="1" />
            <Precinct name="BLOOMING GROVE" votes="1" />
            <Precinct name="CEDARTOWN" votes="1" />
            <Precinct name="FISH CREEK" votes="1" />
            <Precinct name="LAKE CREEK" votes="1" />
            <Precinct name="ROCKMART" votes="1" />
            <Precinct name="YOUNGS GROVE" votes="1" />
        </VoteType>
        <VoteType name="Number of Precincts Reporting" votes="7">
            <Precinct name="ARAGON" votes="1" />
            <Precinct name="BLOOMING GROVE" votes="1" />
            <Precinct name="CEDARTOWN" votes="1" />
            <Precinct name="FISH CREEK" votes="1" />
            <Precinct name="LAKE CREEK" votes="1" />
            <Precinct name="ROCKMART" votes="1" />
            <Precinct name="YOUNGS GROVE" votes="1" />
        </VoteType>
        <Choice key="10" text="YES" totalVotes="11347">
            <VoteType name="Election Day" votes="3597">
                <Precinct name="ARAGON" votes="533" />
                <Precinct name="BLOOMING GROVE" votes="330" />
                <Precinct name="CEDARTOWN" votes="743" />
                <Precinct name="FISH CREEK" votes="445" />
                <Precinct name="LAKE CREEK" votes="494" />
                <Precinct name="ROCKMART" votes="700" />
                <Precinct name="YOUNGS GROVE" votes="352" />
            </VoteType>
            <VoteType name="Absentee by Mail" votes="395">
                <Precinct name="ARAGON" votes="21" />
                <Precinct name="BLOOMING GROVE" votes="29" />
                <Precinct name="CEDARTOWN" votes="158" />
                <Precinct name="FISH CREEK" votes="37" />
                <Precinct name="LAKE CREEK" votes="45" />
                <Precinct name="ROCKMART" votes="72" />
                <Precinct name="YOUNGS GROVE" votes="33" />
            </VoteType>
            <VoteType name="Advance in Person" votes="7350">
                <Precinct name="ARAGON" votes="904" />
                <Precinct name="BLOOMING GROVE" votes="407" />
                <Precinct name="CEDARTOWN" votes="1806" />
                <Precinct name="FISH CREEK" votes="810" />
                <Precinct name="LAKE CREEK" votes="939" />
                <Precinct name="ROCKMART" votes="1958" />
                <Precinct name="YOUNGS GROVE" votes="526" />
            </VoteType>
            <VoteType name="Provisional" votes="5">
                <Precinct name="ARAGON" votes="0" />
                <Precinct name="BLOOMING GROVE" votes="0" />
                <Precinct name="CEDARTOWN" votes="3" />
                <Precinct name="FISH CREEK" votes="2" />
                <Precinct name="LAKE CREEK" votes="0" />
                <Precinct name="ROCKMART" votes="0" />
                <Precinct name="YOUNGS GROVE" votes="0" />
            </VoteType>
        </Choice>
        <Choice key="20" text="NO" totalVotes="2228">
            <VoteType name="Election Day" votes="726">
                <Precinct name="ARAGON" votes="86" />
                <Precinct name="BLOOMING GROVE" votes="65" />
                <Precinct name="CEDARTOWN" votes="164" />
                <Precinct name="FISH CREEK" votes="94" />
                <Precinct name="LAKE CREEK" votes="94" />
                <Precinct name="ROCKMART" votes="141" />
                <Precinct name="YOUNGS GROVE" votes="82" />
            </VoteType>
            <VoteType name="Absentee by Mail" votes="56">
                <Precinct name="ARAGON" votes="6" />
                <Precinct name="BLOOMING GROVE" votes="5" />
                <Precinct name="CEDARTOWN" votes="23" />
                <Precinct name="FISH CREEK" votes="1" />
                <Precinct name="LAKE CREEK" votes="9" />
                <Precinct name="ROCKMART" votes="8" />
                <Precinct name="YOUNGS GROVE" votes="4" />
            </VoteType>
            <VoteType name="Advance in Person" votes="1445">
                <Precinct name="ARAGON" votes="150" />
                <Precinct name="BLOOMING GROVE" votes="98" />
                <Precinct name="CEDARTOWN" votes="397" />
                <Precinct name="FISH CREEK" votes="150" />
                <Precinct name="LAKE CREEK" votes="195" />
                <Precinct name="ROCKMART" votes="340" />
                <Precinct name="YOUNGS GROVE" votes="115" />
            </VoteType>
            <VoteType name="Provisional" votes="1">
                <Precinct name="ARAGON" votes="0" />
                <Precinct name="BLOOMING GROVE" votes="0" />
                <Precinct name="CEDARTOWN" votes="0" />
                <Precinct name="FISH CREEK" votes="1" />
                <Precinct name="LAKE CREEK" votes="0" />
                <Precinct name="ROCKMART" votes="0" />
                <Precinct name="YOUNGS GROVE" votes="0" />
            </VoteType>
        </Choice>
    </Contest>
    <Contest key="353" text="Constitutional Amendment #3&lt;br&gt;Reforms and re-establishes the Judicial Qualifications Commission and provides for its composition, governance, and powers." isQuestion="false" precinctsReporting="7" precinctsReported="7">
        <VoteType name="Number of Precincts for Race" votes="7">
            <Precinct name="ARAGON" votes="1" />
            <Precinct name="BLOOMING GROVE" votes="1" />
            <Precinct name="CEDARTOWN" votes="1" />
            <Precinct name="FISH CREEK" votes="1" />
            <Precinct name="LAKE CREEK" votes="1" />
            <Precinct name="ROCKMART" votes="1" />
            <Precinct name="YOUNGS GROVE" votes="1" />
        </VoteType>
        <VoteType name="Number of Precincts Reporting" votes="7">
            <Precinct name="ARAGON" votes="1" />
            <Precinct name="BLOOMING GROVE" votes="1" />
            <Precinct name="CEDARTOWN" votes="1" />
            <Precinct name="FISH CREEK" votes="1" />
            <Precinct name="LAKE CREEK" votes="1" />
            <Precinct name="ROCKMART" votes="1" />
            <Precinct name="YOUNGS GROVE" votes="1" />
        </VoteType>
        <Choice key="10" text="YES" totalVotes="8024">
            <VoteType name="Election Day" votes="2524">
                <Precinct name="ARAGON" votes="373" />
                <Precinct name="BLOOMING GROVE" votes="227" />
                <Precinct name="CEDARTOWN" votes="500" />
                <Precinct name="FISH CREEK" votes="329" />
                <Precinct name="LAKE CREEK" votes="341" />
                <Precinct name="ROCKMART" votes="515" />
                <Precinct name="YOUNGS GROVE" votes="239" />
            </VoteType>
            <VoteType name="Absentee by Mail" votes="285">
                <Precinct name="ARAGON" votes="17" />
                <Precinct name="BLOOMING GROVE" votes="22" />
                <Precinct name="CEDARTOWN" votes="115" />
                <Precinct name="FISH CREEK" votes="29" />
                <Precinct name="LAKE CREEK" votes="32" />
                <Precinct name="ROCKMART" votes="45" />
                <Precinct name="YOUNGS GROVE" votes="25" />
            </VoteType>
            <VoteType name="Advance in Person" votes="5211">
                <Precinct name="ARAGON" votes="644" />
                <Precinct name="BLOOMING GROVE" votes="300" />
                <Precinct name="CEDARTOWN" votes="1285" />
                <Precinct name="FISH CREEK" votes="543" />
                <Precinct name="LAKE CREEK" votes="672" />
                <Precinct name="ROCKMART" votes="1387" />
                <Precinct name="YOUNGS GROVE" votes="380" />
            </VoteType>
            <VoteType name="Provisional" votes="4">
                <Precinct name="ARAGON" votes="0" />
                <Precinct name="BLOOMING GROVE" votes="0" />
                <Precinct name="CEDARTOWN" votes="2" />
                <Precinct name="FISH CREEK" votes="2" />
                <Precinct name="LAKE CREEK" votes="0" />
                <Precinct name="ROCKMART" votes="0" />
                <Precinct name="YOUNGS GROVE" votes="0" />
            </VoteType>
        </Choice>
        <Choice key="20" text="NO" totalVotes="4835">
            <VoteType name="Election Day" votes="1564">
                <Precinct name="ARAGON" votes="218" />
                <Precinct name="BLOOMING GROVE" votes="156" />
                <Precinct name="CEDARTOWN" votes="350" />
                <Precinct name="FISH CREEK" votes="190" />
                <Precinct name="LAKE CREEK" votes="209" />
                <Precinct name="ROCKMART" votes="265" />
                <Precinct name="YOUNGS GROVE" votes="176" />
            </VoteType>
            <VoteType name="Absentee by Mail" votes="150">
                <Precinct name="ARAGON" votes="9" />
                <Precinct name="BLOOMING GROVE" votes="12" />
                <Precinct name="CEDARTOWN" votes="57" />
                <Precinct name="FISH CREEK" votes="10" />
                <Precinct name="LAKE CREEK" votes="17" />
                <Precinct name="ROCKMART" votes="33" />
                <Precinct name="YOUNGS GROVE" votes="12" />
            </VoteType>
            <VoteType name="Advance in Person" votes="3119">
                <Precinct name="ARAGON" votes="357" />
                <Precinct name="BLOOMING GROVE" votes="182" />
                <Precinct name="CEDARTOWN" votes="817" />
                <Precinct name="FISH CREEK" votes="354" />
                <Precinct name="LAKE CREEK" votes="394" />
                <Precinct name="ROCKMART" votes="778" />
                <Precinct name="YOUNGS GROVE" votes="237" />
            </VoteType>
            <VoteType name="Provisional" votes="2">
                <Precinct name="ARAGON" votes="0" />
                <Precinct name="BLOOMING GROVE" votes="0" />
                <Precinct name="CEDARTOWN" votes="1" />
                <Precinct name="FISH CREEK" votes="1" />
                <Precinct name="LAKE CREEK" votes="0" />
                <Precinct name="ROCKMART" votes="0" />
                <Precinct name="YOUNGS GROVE" votes="0" />
            </VoteType>
        </Choice>
    </Contest>
    <Contest key="354" text="Constitutional Amendment #4&lt;br&gt;Dedicates revenue from existing taxes on fireworks to trauma care, fire services, and public safety." isQuestion="false" precinctsReporting="7" precinctsReported="7">
        <VoteType name="Number of Precincts for Race" votes="7">
            <Precinct name="ARAGON" votes="1" />
            <Precinct name="BLOOMING GROVE" votes="1" />
            <Precinct name="CEDARTOWN" votes="1" />
            <Precinct name="FISH CREEK" votes="1" />
            <Precinct name="LAKE CREEK" votes="1" />
            <Precinct name="ROCKMART" votes="1" />
            <Precinct name="YOUNGS GROVE" votes="1" />
        </VoteType>
        <VoteType name="Number of Precincts Reporting" votes="7">
            <Precinct name="ARAGON" votes="1" />
            <Precinct name="BLOOMING GROVE" votes="1" />
            <Precinct name="CEDARTOWN" votes="1" />
            <Precinct name="FISH CREEK" votes="1" />
            <Precinct name="LAKE CREEK" votes="1" />
            <Precinct name="ROCKMART" votes="1" />
            <Precinct name="YOUNGS GROVE" votes="1" />
        </VoteType>
        <Choice key="10" text="YES" totalVotes="10824">
            <VoteType name="Election Day" votes="3410">
                <Precinct name="ARAGON" votes="517" />
                <Precinct name="BLOOMING GROVE" votes="294" />
                <Precinct name="CEDARTOWN" votes="711" />
                <Precinct name="FISH CREEK" votes="422" />
                <Precinct name="LAKE CREEK" votes="464" />
                <Precinct name="ROCKMART" votes="672" />
                <Precinct name="YOUNGS GROVE" votes="330" />
            </VoteType>
            <VoteType name="Absentee by Mail" votes="395">
                <Precinct name="ARAGON" votes="20" />
                <Precinct name="BLOOMING GROVE" votes="26" />
                <Precinct name="CEDARTOWN" votes="160" />
                <Precinct name="FISH CREEK" votes="36" />
                <Precinct name="LAKE CREEK" votes="47" />
                <Precinct name="ROCKMART" votes="74" />
                <Precinct name="YOUNGS GROVE" votes="32" />
            </VoteType>
            <VoteType name="Advance in Person" votes="7016">
                <Precinct name="ARAGON" votes="825" />
                <Precinct name="BLOOMING GROVE" votes="389" />
                <Precinct name="CEDARTOWN" votes="1764" />
                <Precinct name="FISH CREEK" votes="773" />
                <Precinct name="LAKE CREEK" votes="890" />
                <Precinct name="ROCKMART" votes="1886" />
                <Precinct name="YOUNGS GROVE" votes="489" />
            </VoteType>
            <VoteType name="Provisional" votes="3">
                <Precinct name="ARAGON" votes="0" />
                <Precinct name="BLOOMING GROVE" votes="0" />
                <Precinct name="CEDARTOWN" votes="2" />
                <Precinct name="FISH CREEK" votes="1" />
                <Precinct name="LAKE CREEK" votes="0" />
                <Precinct name="ROCKMART" votes="0" />
                <Precinct name="YOUNGS GROVE" votes="0" />
            </VoteType>
        </Choice>
        <Choice key="20" text="NO" totalVotes="2724">
            <VoteType name="Election Day" votes="893">
                <Precinct name="ARAGON" votes="102" />
                <Precinct name="BLOOMING GROVE" votes="98" />
                <Precinct name="CEDARTOWN" votes="191" />
                <Precinct name="FISH CREEK" votes="120" />
                <Precinct name="LAKE CREEK" votes="117" />
                <Precinct name="ROCKMART" votes="166" />
                <Precinct name="YOUNGS GROVE" votes="99" />
            </VoteType>
            <VoteType name="Absentee by Mail" votes="61">
                <Precinct name="ARAGON" votes="7" />
                <Precinct name="BLOOMING GROVE" votes="8" />
                <Precinct name="CEDARTOWN" votes="24" />
                <Precinct name="FISH CREEK" votes="4" />
                <Precinct name="LAKE CREEK" votes="7" />
                <Precinct name="ROCKMART" votes="6" />
                <Precinct name="YOUNGS GROVE" votes="5" />
            </VoteType>
            <VoteType name="Advance in Person" votes="1767">
                <Precinct name="ARAGON" votes="217" />
                <Precinct name="BLOOMING GROVE" votes="118" />
                <Precinct name="CEDARTOWN" votes="439" />
                <Precinct name="FISH CREEK" votes="190" />
                <Precinct name="LAKE CREEK" votes="238" />
                <Precinct name="ROCKMART" votes="420" />
                <Precinct name="YOUNGS GROVE" votes="145" />
            </VoteType>
            <VoteType name="Provisional" votes="3">
                <Precinct name="ARAGON" votes="0" />
                <Precinct name="BLOOMING GROVE" votes="0" />
                <Precinct name="CEDARTOWN" votes="1" />
                <Precinct name="FISH CREEK" votes="2" />
                <Precinct name="LAKE CREEK" votes="0" />
                <Precinct name="ROCKMART" votes="0" />
                <Precinct name="YOUNGS GROVE" votes="0" />
            </VoteType>
        </Choice>
    </Contest>
    <Contest key="360" text="CITY OF ARAGON MAYOR SPECIAL" isQuestion="false" precinctsReporting="1" precinctsReported="1">
        <VoteType name="Number of Precincts for Race" votes="1">
            <Precinct name="ARAGON" votes="1" />
        </VoteType>
        <VoteType name="Number of Precincts Reporting" votes="1">
            <Precinct name="ARAGON" votes="1" />
        </VoteType>
        <Choice key="10" text="G. BALDWIN" totalVotes="215">
            <VoteType name="Election Day" votes="119">
                <Precinct name="ARAGON" votes="119" />
            </VoteType>
            <VoteType name="Absentee by Mail" votes="1">
                <Precinct name="ARAGON" votes="1" />
            </VoteType>
            <VoteType name="Advance in Person" votes="95">
                <Precinct name="ARAGON" votes="95" />
            </VoteType>
            <VoteType name="Provisional" votes="0">
                <Precinct name="ARAGON" votes="0" />
            </VoteType>
        </Choice>
        <Choice key="20" text="S. ELDERS, JR." totalVotes="75">
            <VoteType name="Election Day" votes="33">
                <Precinct name="ARAGON" votes="33" />
            </VoteType>
            <VoteType name="Absentee by Mail" votes="2">
                <Precinct name="ARAGON" votes="2" />
            </VoteType>
            <VoteType name="Advance in Person" votes="40">
                <Precinct name="ARAGON" votes="40" />
            </VoteType>
            <VoteType name="Provisional" votes="0">
                <Precinct name="ARAGON" votes="0" />
            </VoteType>
        </Choice>
        <Choice key="30" text="M. D. HUGHES" totalVotes="76">
            <VoteType name="Election Day" votes="28">
                <Precinct name="ARAGON" votes="28" />
            </VoteType>
            <VoteType name="Absentee by Mail" votes="0">
                <Precinct name="ARAGON" votes="0" />
            </VoteType>
            <VoteType name="Advance in Person" votes="48">
                <Precinct name="ARAGON" votes="48" />
            </VoteType>
            <VoteType name="Provisional" votes="0">
                <Precinct name="ARAGON" votes="0" />
            </VoteType>
        </Choice>
    </Contest>
    <Contest key="370" text="For Councilmember (Prewett)" isQuestion="false" precinctsReporting="1" precinctsReported="1">
        <VoteType name="Number of Precincts for Race" votes="1">
            <Precinct name="ARAGON" votes="1" />
        </VoteType>
        <VoteType name="Number of Precincts Reporting" votes="1">
            <Precinct name="ARAGON" votes="1" />
        </VoteType>
        <Choice key="10" text="C. H. SPINKS" totalVotes="330">
            <VoteType name="Election Day" votes="164">
                <Precinct name="ARAGON" votes="164" />
            </VoteType>
            <VoteType name="Absentee by Mail" votes="2">
                <Precinct name="ARAGON" votes="2" />
            </VoteType>
            <VoteType name="Advance in Person" votes="164">
                <Precinct name="ARAGON" votes="164" />
            </VoteType>
            <VoteType name="Provisional" votes="0">
                <Precinct name="ARAGON" votes="0" />
            </VoteType>
        </Choice>
    </Contest>
    <Contest key="380" text="For Councilmember (Burrus)" isQuestion="false" precinctsReporting="1" precinctsReported="1">
        <VoteType name="Number of Precincts for Race" votes="1">
            <Precinct name="ARAGON" votes="1" />
        </VoteType>
        <VoteType name="Number of Precincts Reporting" votes="1">
            <Precinct name="ARAGON" votes="1" />
        </VoteType>
        <Choice key="10" text="K. COLLUM" totalVotes="170">
            <VoteType name="Election Day" votes="70">
                <Precinct name="ARAGON" votes="70" />
            </VoteType>
            <VoteType name="Absentee by Mail" votes="0">
                <Precinct name="ARAGON" votes="0" />
            </VoteType>
            <VoteType name="Advance in Person" votes="100">
                <Precinct name="ARAGON" votes="100" />
            </VoteType>
            <VoteType name="Provisional" votes="0">
                <Precinct name="ARAGON" votes="0" />
            </VoteType>
        </Choice>
        <Choice key="20" text="D. B. PITTMAN" totalVotes="174">
            <VoteType name="Election Day" votes="97">
                <Precinct name="ARAGON" votes="97" />
            </VoteType>
            <VoteType name="Absentee by Mail" votes="2">
                <Precinct name="ARAGON" votes="2" />
            </VoteType>
            <VoteType name="Advance in Person" votes="75">
                <Precinct name="ARAGON" votes="75" />
            </VoteType>
            <VoteType name="Provisional" votes="0">
                <Precinct name="ARAGON" votes="0" />
            </VoteType>
        </Choice>
    </Contest>
</ElectionResult>