"line number","contest name","choice name","party name","total votes","percent of votes","registered voters","ballots cast","num Precinct total","num Precinct rptg","over votes","under votes"
1,"President of the United States","DONALD J. TRUMP","",24114,70.19,45654,35017,25,25,"0","0"
2,"President of the United States","HILLARY CLINTON","",9159,26.66,45654,35017,25,25,"0","0"
3,"President of the United States","GARY JOHNSON","",1084,3.16,45654,35017,25,25,"0","0"
4,"United States Senator, Isakson","JOHNNY ISAKSON (I)","",23480,71.99,45654,35017,25,25,"0","0"
5,"United States Senator, Isakson","JIM BARKSDALE","",7812,23.95,45654,35017,25,25,"0","0"
6,"United States Senator, Isakson","ALLEN BUCKLEY","",1323,4.06,45654,35017,25,25,"0","0"
7,"Public Service Commission, District 2 - Eastern","TIM ECHOLS (I)","",25267,80.66,45654,35016,25,25,"0","0"
8,"Public Service Commission, District 2 - Eastern","ERIC HOSKINS","",6060,19.34,45654,35016,25,25,"0","0"
9,"U.S. Representative, District 14","TOM GRAVES (I)","",28845,100.00,45654,35017,25,25,"0","0"
10,"State Senator, District 52","CHUCK HUFSTETLER (I)","",29066,100.00,45654,35016,25,25,"0","0"
11,"State Representative, District 12","EDDIE LUMSDEN (I)","",8786,100.00,13260,10392,11,11,"0","0"
12,"State Representative, District 13","KATIE DEMPSEY (I) (REP)","",14476,100.00,24522,18164,12,12,"0","0"
13,"State Representative, District 14","CHRISTIAN COOMER (I)","",5511,100.00,7872,6460,5,5,"0","0"
14,"District Attorney, Rome Circuit","LEIGH E PATTERSON (I) (REP)","",24212,71.96,45654,35016,25,25,"0","0"
15,"District Attorney, Rome Circuit","W. JEREMY SALTER (DEM)","",9434,28.04,45654,35016,25,25,"0","0"
16,"CLERK SUPERIOR CT","B. A. PENSON (I) R","",24391,72.85,45654,35016,25,25,"0","0"
17,"CLERK SUPERIOR CT","J. A. LEDBETTER (D)","",9088,27.15,45654,35016,25,25,"0","0"
18,"SHERIFF","T. BURKHALTER (I) R","",29636,100.00,45654,35016,25,25,"0","0"
19,"TAX COMMISSIONER","K. PAYNE (I) R","",29379,100.00,45654,35016,25,25,"0","0"
20,"CORONER","B. R. HENDERSON (I)R","",26040,77.72,45654,35016,25,25,"0","0"
21,"CORONER","K. ROBBINS (D)","",7464,22.28,45654,35016,25,25,"0","0"
22,"CC P2","W. BAGBY (R)","",28814,100.00,45654,35016,25,25,"0","0"
23,"CC P3","A. WATTERS (R)","",24665,74.51,45654,35016,25,25,"0","0"
24,"CC P3","B. ARRANT (D)","",8436,25.49,45654,35016,25,25,"0","0"
25,"BOE D2","M. STRICKLAND (R)","",20398,100.00,29804,23682,19,19,"0","0"
26,"BOE D3","J. SHELL (I) R","",20238,100.00,29804,23682,19,19,"0","0"
27,"BOE D5","M. JEFFERS (R)","",16713,75.31,29804,23682,19,19,"0","0"
28,"BOE D5","J. MINK (D)","",5479,24.69,29804,23682,19,19,"0","0"
29,"Constitutional Amendment #1<br>Provides greater flexibility and state accountability to fix failing schools through increasing community involvement.","YES","",10317,30.25,45654,35016,25,25,"0","0"
30,"Constitutional Amendment #1<br>Provides greater flexibility and state accountability to fix failing schools through increasing community involvement.","NO","",23789,69.75,45654,35016,25,25,"0","0"
31,"Constitutional Amendment #2<br>Authorizes penalties for sexual exploitation and assessments on adult entertainment to fund child victims' services.","YES","",27744,82.92,45654,35016,25,25,"0","0"
32,"Constitutional Amendment #2<br>Authorizes penalties for sexual exploitation and assessments on adult entertainment to fund child victims' services.","NO","",5715,17.08,45654,35016,25,25,"0","0"
33,"Constitutional Amendment #3<br>Reforms and re-establishes the Judicial Qualifications Commission and provides for its composition, governance, and powers.","YES","",19261,60.95,45654,35016,25,25,"0","0"
34,"Constitutional Amendment #3<br>Reforms and re-establishes the Judicial Qualifications Commission and provides for its composition, governance, and powers.","NO","",12340,39.05,45654,35016,25,25,"0","0"
35,"Constitutional Amendment #4<br>Dedicates revenue from existing taxes on fireworks to trauma care, fire services, and public safety.","YES","",26920,80.52,45654,35016,25,25,"0","0"
36,"Constitutional Amendment #4<br>Dedicates revenue from existing taxes on fireworks to trauma care, fire services, and public safety.","NO","",6513,19.48,45654,35016,25,25,"0","0"
