<?xml version="1.0"?>
<!--Election result snapshot imported from Tabulation System
-->
<ElectionResult>
    <Timestamp>11/15/2016 8:39:51 AM EST</Timestamp>
    <ElectionName>November 8, 2016 - General Election</ElectionName>
    <ElectionDate>11/8/2016</ElectionDate>
    <Region>Putnam</Region>
    <VoterTurnout totalVoters="13964" ballotsCast="9573" voterTurnout="68.55">
        <Precincts>
            <Precinct name="101" totalVoters="2884" ballotsCast="1912" voterTurnout="66.30" percentReporting="4" />
            <Precinct name="104" totalVoters="3069" ballotsCast="2047" voterTurnout="66.70" percentReporting="4" />
            <Precinct name="105" totalVoters="3293" ballotsCast="2366" voterTurnout="71.85" percentReporting="4" />
            <Precinct name="106" totalVoters="1115" ballotsCast="783" voterTurnout="70.22" percentReporting="4" />
            <Precinct name="107" totalVoters="3603" ballotsCast="2465" voterTurnout="68.42" percentReporting="4" />
        </Precincts>
    </VoterTurnout>
    <Contest key="1" text="President of the United States" isQuestion="false" precinctsReporting="5" precinctsReported="5">
        <VoteType name="Number of Precincts for Race" votes="5">
            <Precinct name="101" votes="1" />
            <Precinct name="104" votes="1" />
            <Precinct name="105" votes="1" />
            <Precinct name="106" votes="1" />
            <Precinct name="107" votes="1" />
        </VoteType>
        <VoteType name="Number of Precincts Reporting" votes="5">
            <Precinct name="101" votes="1" />
            <Precinct name="104" votes="1" />
            <Precinct name="105" votes="1" />
            <Precinct name="106" votes="1" />
            <Precinct name="107" votes="1" />
        </VoteType>
        <Choice key="10" text="DONALD J. TRUMP" totalVotes="6544">
            <VoteType name="Election Day" votes="2306">
                <Precinct name="101" votes="269" />
                <Precinct name="104" votes="279" />
                <Precinct name="105" votes="719" />
                <Precinct name="106" votes="304" />
                <Precinct name="107" votes="735" />
            </VoteType>
            <VoteType name="Absentee by Mail" votes="358">
                <Precinct name="101" votes="38" />
                <Precinct name="104" votes="71" />
                <Precinct name="105" votes="133" />
                <Precinct name="106" votes="24" />
                <Precinct name="107" votes="92" />
            </VoteType>
            <VoteType name="Advance in Person" votes="3876">
                <Precinct name="101" votes="690" />
                <Precinct name="104" votes="647" />
                <Precinct name="105" votes="1066" />
                <Precinct name="106" votes="324" />
                <Precinct name="107" votes="1149" />
            </VoteType>
            <VoteType name="Provisional" votes="4">
                <Precinct name="101" votes="1" />
                <Precinct name="104" votes="1" />
                <Precinct name="105" votes="0" />
                <Precinct name="106" votes="1" />
                <Precinct name="107" votes="1" />
            </VoteType>
        </Choice>
        <Choice key="20" text="HILLARY CLINTON" totalVotes="2758">
            <VoteType name="Election Day" votes="1077">
                <Precinct name="101" votes="335" />
                <Precinct name="104" votes="377" />
                <Precinct name="105" votes="136" />
                <Precinct name="106" votes="47" />
                <Precinct name="107" votes="182" />
            </VoteType>
            <VoteType name="Absentee by Mail" votes="244">
                <Precinct name="101" votes="44" />
                <Precinct name="104" votes="123" />
                <Precinct name="105" votes="32" />
                <Precinct name="106" votes="8" />
                <Precinct name="107" votes="37" />
            </VoteType>
            <VoteType name="Advance in Person" votes="1435">
                <Precinct name="101" votes="485" />
                <Precinct name="104" votes="503" />
                <Precinct name="105" votes="207" />
                <Precinct name="106" votes="50" />
                <Precinct name="107" votes="190" />
            </VoteType>
            <VoteType name="Provisional" votes="2">
                <Precinct name="101" votes="0" />
                <Precinct name="104" votes="1" />
                <Precinct name="105" votes="1" />
                <Precinct name="106" votes="0" />
                <Precinct name="107" votes="0" />
            </VoteType>
        </Choice>
        <Choice key="30" text="GARY JOHNSON" totalVotes="170">
            <VoteType name="Election Day" votes="91">
                <Precinct name="101" votes="21" />
                <Precinct name="104" votes="11" />
                <Precinct name="105" votes="26" />
                <Precinct name="106" votes="7" />
                <Precinct name="107" votes="26" />
            </VoteType>
            <VoteType name="Absentee by Mail" votes="10">
                <Precinct name="101" votes="1" />
                <Precinct name="104" votes="3" />
                <Precinct name="105" votes="2" />
                <Precinct name="106" votes="0" />
                <Precinct name="107" votes="4" />
            </VoteType>
            <VoteType name="Advance in Person" votes="69">
                <Precinct name="101" votes="10" />
                <Precinct name="104" votes="10" />
                <Precinct name="105" votes="14" />
                <Precinct name="106" votes="9" />
                <Precinct name="107" votes="26" />
            </VoteType>
            <VoteType name="Provisional" votes="0">
                <Precinct name="101" votes="0" />
                <Precinct name="104" votes="0" />
                <Precinct name="105" votes="0" />
                <Precinct name="106" votes="0" />
                <Precinct name="107" votes="0" />
            </VoteType>
        </Choice>
    </Contest>
    <Contest key="10" text="United States Senator, Isakson" isQuestion="false" precinctsReporting="5" precinctsReported="5">
        <VoteType name="Number of Precincts for Race" votes="5">
            <Precinct name="101" votes="1" />
            <Precinct name="104" votes="1" />
            <Precinct name="105" votes="1" />
            <Precinct name="106" votes="1" />
            <Precinct name="107" votes="1" />
        </VoteType>
        <VoteType name="Number of Precincts Reporting" votes="5">
            <Precinct name="101" votes="1" />
            <Precinct name="104" votes="1" />
            <Precinct name="105" votes="1" />
            <Precinct name="106" votes="1" />
            <Precinct name="107" votes="1" />
        </VoteType>
        <Choice key="10" text="JOHNNY ISAKSON (I)" totalVotes="6435">
            <VoteType name="Election Day" votes="2297">
                <Precinct name="101" votes="281" />
                <Precinct name="104" votes="298" />
                <Precinct name="105" votes="727" />
                <Precinct name="106" votes="282" />
                <Precinct name="107" votes="709" />
            </VoteType>
            <VoteType name="Absentee by Mail" votes="369">
                <Precinct name="101" votes="40" />
                <Precinct name="104" votes="79" />
                <Precinct name="105" votes="130" />
                <Precinct name="106" votes="21" />
                <Precinct name="107" votes="99" />
            </VoteType>
            <VoteType name="Advance in Person" votes="3765">
                <Precinct name="101" votes="679" />
                <Precinct name="104" votes="648" />
                <Precinct name="105" votes="1034" />
                <Precinct name="106" votes="299" />
                <Precinct name="107" votes="1105" />
            </VoteType>
            <VoteType name="Provisional" votes="4">
                <Precinct name="101" votes="1" />
                <Precinct name="104" votes="0" />
                <Precinct name="105" votes="1" />
                <Precinct name="106" votes="1" />
                <Precinct name="107" votes="1" />
            </VoteType>
        </Choice>
        <Choice key="20" text="JIM BARKSDALE" totalVotes="2334">
            <VoteType name="Election Day" votes="907">
                <Precinct name="101" votes="288" />
                <Precinct name="104" votes="306" />
                <Precinct name="105" votes="112" />
                <Precinct name="106" votes="44" />
                <Precinct name="107" votes="157" />
            </VoteType>
            <VoteType name="Absentee by Mail" votes="219">
                <Precinct name="101" votes="40" />
                <Precinct name="104" votes="110" />
                <Precinct name="105" votes="30" />
                <Precinct name="106" votes="9" />
                <Precinct name="107" votes="30" />
            </VoteType>
            <VoteType name="Advance in Person" votes="1207">
                <Precinct name="101" votes="400" />
                <Precinct name="104" votes="403" />
                <Precinct name="105" votes="173" />
                <Precinct name="106" votes="48" />
                <Precinct name="107" votes="183" />
            </VoteType>
            <VoteType name="Provisional" votes="1">
                <Precinct name="101" votes="0" />
                <Precinct name="104" votes="1" />
                <Precinct name="105" votes="0" />
                <Precinct name="106" votes="0" />
                <Precinct name="107" votes="0" />
            </VoteType>
        </Choice>
        <Choice key="30" text="ALLEN BUCKLEY" totalVotes="277">
            <VoteType name="Election Day" votes="117">
                <Precinct name="101" votes="21" />
                <Precinct name="104" votes="27" />
                <Precinct name="105" votes="21" />
                <Precinct name="106" votes="14" />
                <Precinct name="107" votes="34" />
            </VoteType>
            <VoteType name="Absentee by Mail" votes="16">
                <Precinct name="101" votes="4" />
                <Precinct name="104" votes="5" />
                <Precinct name="105" votes="3" />
                <Precinct name="106" votes="2" />
                <Precinct name="107" votes="2" />
            </VoteType>
            <VoteType name="Advance in Person" votes="143">
                <Precinct name="101" votes="22" />
                <Precinct name="104" votes="33" />
                <Precinct name="105" votes="37" />
                <Precinct name="106" votes="15" />
                <Precinct name="107" votes="36" />
            </VoteType>
            <VoteType name="Provisional" votes="1">
                <Precinct name="101" votes="0" />
                <Precinct name="104" votes="1" />
                <Precinct name="105" votes="0" />
                <Precinct name="106" votes="0" />
                <Precinct name="107" votes="0" />
            </VoteType>
        </Choice>
    </Contest>
    <Contest key="30" text="Public Service Commission, District 2 - Eastern" isQuestion="false" precinctsReporting="5" precinctsReported="5">
        <VoteType name="Number of Precincts for Race" votes="5">
            <Precinct name="101" votes="1" />
            <Precinct name="104" votes="1" />
            <Precinct name="105" votes="1" />
            <Precinct name="106" votes="1" />
            <Precinct name="107" votes="1" />
        </VoteType>
        <VoteType name="Number of Precincts Reporting" votes="5">
            <Precinct name="101" votes="1" />
            <Precinct name="104" votes="1" />
            <Precinct name="105" votes="1" />
            <Precinct name="106" votes="1" />
            <Precinct name="107" votes="1" />
        </VoteType>
        <Choice key="10" text="TIM ECHOLS (I)" totalVotes="6746">
            <VoteType name="Election Day" votes="2428">
                <Precinct name="101" votes="322" />
                <Precinct name="104" votes="332" />
                <Precinct name="105" votes="731" />
                <Precinct name="106" votes="300" />
                <Precinct name="107" votes="743" />
            </VoteType>
            <VoteType name="Absentee by Mail" votes="421">
                <Precinct name="101" votes="52" />
                <Precinct name="104" votes="106" />
                <Precinct name="105" votes="138" />
                <Precinct name="106" votes="23" />
                <Precinct name="107" votes="102" />
            </VoteType>
            <VoteType name="Advance in Person" votes="3894">
                <Precinct name="101" votes="722" />
                <Precinct name="104" votes="697" />
                <Precinct name="105" votes="1074" />
                <Precinct name="106" votes="303" />
                <Precinct name="107" votes="1098" />
            </VoteType>
            <VoteType name="Provisional" votes="3">
                <Precinct name="101" votes="1" />
                <Precinct name="104" votes="0" />
                <Precinct name="105" votes="0" />
                <Precinct name="106" votes="1" />
                <Precinct name="107" votes="1" />
            </VoteType>
        </Choice>
        <Choice key="20" text="ERIC HOSKINS" totalVotes="1697">
            <VoteType name="Election Day" votes="702">
                <Precinct name="101" votes="199" />
                <Precinct name="104" votes="220" />
                <Precinct name="105" votes="103" />
                <Precinct name="106" votes="41" />
                <Precinct name="107" votes="139" />
            </VoteType>
            <VoteType name="Absentee by Mail" votes="111">
                <Precinct name="101" votes="21" />
                <Precinct name="104" votes="50" />
                <Precinct name="105" votes="16" />
                <Precinct name="106" votes="7" />
                <Precinct name="107" votes="17" />
            </VoteType>
            <VoteType name="Advance in Person" votes="883">
                <Precinct name="101" votes="263" />
                <Precinct name="104" votes="268" />
                <Precinct name="105" votes="125" />
                <Precinct name="106" votes="46" />
                <Precinct name="107" votes="181" />
            </VoteType>
            <VoteType name="Provisional" votes="1">
                <Precinct name="101" votes="0" />
                <Precinct name="104" votes="1" />
                <Precinct name="105" votes="0" />
                <Precinct name="106" votes="0" />
                <Precinct name="107" votes="0" />
            </VoteType>
        </Choice>
    </Contest>
    <Contest key="50" text="U.S. Representative, District 10" isQuestion="false" precinctsReporting="5" precinctsReported="5">
        <VoteType name="Number of Precincts for Race" votes="5">
            <Precinct name="101" votes="1" />
            <Precinct name="104" votes="1" />
            <Precinct name="105" votes="1" />
            <Precinct name="106" votes="1" />
            <Precinct name="107" votes="1" />
        </VoteType>
        <VoteType name="Number of Precincts Reporting" votes="5">
            <Precinct name="101" votes="1" />
            <Precinct name="104" votes="1" />
            <Precinct name="105" votes="1" />
            <Precinct name="106" votes="1" />
            <Precinct name="107" votes="1" />
        </VoteType>
        <Choice key="10" text="JODY HICE (I)" totalVotes="7705">
            <VoteType name="Election Day" votes="2861">
                <Precinct name="101" votes="439" />
                <Precinct name="104" votes="467" />
                <Precinct name="105" votes="796" />
                <Precinct name="106" votes="326" />
                <Precinct name="107" votes="833" />
            </VoteType>
            <VoteType name="Absentee by Mail" votes="461">
                <Precinct name="101" votes="58" />
                <Precinct name="104" votes="129" />
                <Precinct name="105" votes="140" />
                <Precinct name="106" votes="29" />
                <Precinct name="107" votes="105" />
            </VoteType>
            <VoteType name="Advance in Person" votes="4379">
                <Precinct name="101" votes="852" />
                <Precinct name="104" votes="846" />
                <Precinct name="105" votes="1133" />
                <Precinct name="106" votes="333" />
                <Precinct name="107" votes="1215" />
            </VoteType>
            <VoteType name="Provisional" votes="4">
                <Precinct name="101" votes="1" />
                <Precinct name="104" votes="1" />
                <Precinct name="105" votes="0" />
                <Precinct name="106" votes="1" />
                <Precinct name="107" votes="1" />
            </VoteType>
        </Choice>
    </Contest>
    <Contest key="70" text="State Senator, District 25" isQuestion="false" precinctsReporting="5" precinctsReported="5">
        <VoteType name="Number of Precincts for Race" votes="5">
            <Precinct name="101" votes="1" />
            <Precinct name="104" votes="1" />
            <Precinct name="105" votes="1" />
            <Precinct name="106" votes="1" />
            <Precinct name="107" votes="1" />
        </VoteType>
        <VoteType name="Number of Precincts Reporting" votes="5">
            <Precinct name="101" votes="1" />
            <Precinct name="104" votes="1" />
            <Precinct name="105" votes="1" />
            <Precinct name="106" votes="1" />
            <Precinct name="107" votes="1" />
        </VoteType>
        <Choice key="10" text="BURT JONES (I)" totalVotes="7622">
            <VoteType name="Election Day" votes="2837">
                <Precinct name="101" votes="442" />
                <Precinct name="104" votes="459" />
                <Precinct name="105" votes="793" />
                <Precinct name="106" votes="325" />
                <Precinct name="107" votes="818" />
            </VoteType>
            <VoteType name="Absentee by Mail" votes="454">
                <Precinct name="101" votes="59" />
                <Precinct name="104" votes="127" />
                <Precinct name="105" votes="139" />
                <Precinct name="106" votes="28" />
                <Precinct name="107" votes="101" />
            </VoteType>
            <VoteType name="Advance in Person" votes="4327">
                <Precinct name="101" votes="843" />
                <Precinct name="104" votes="838" />
                <Precinct name="105" votes="1122" />
                <Precinct name="106" votes="329" />
                <Precinct name="107" votes="1195" />
            </VoteType>
            <VoteType name="Provisional" votes="4">
                <Precinct name="101" votes="1" />
                <Precinct name="104" votes="1" />
                <Precinct name="105" votes="0" />
                <Precinct name="106" votes="1" />
                <Precinct name="107" votes="1" />
            </VoteType>
        </Choice>
    </Contest>
    <Contest key="90" text="State Representative, District 120" isQuestion="false" precinctsReporting="4" precinctsReported="4">
        <VoteType name="Number of Precincts for Race" votes="4">
            <Precinct name="101" votes="1" />
            <Precinct name="104" votes="1" />
            <Precinct name="105" votes="1" />
            <Precinct name="106" votes="1" />
        </VoteType>
        <VoteType name="Number of Precincts Reporting" votes="4">
            <Precinct name="101" votes="1" />
            <Precinct name="104" votes="1" />
            <Precinct name="105" votes="1" />
            <Precinct name="106" votes="1" />
        </VoteType>
        <Choice key="10" text="TREY RHODES (I)" totalVotes="5065">
            <VoteType name="Election Day" votes="1852">
                <Precinct name="101" votes="439" />
                <Precinct name="104" votes="303" />
                <Precinct name="105" votes="790" />
                <Precinct name="106" votes="320" />
            </VoteType>
            <VoteType name="Absentee by Mail" votes="312">
                <Precinct name="101" votes="61" />
                <Precinct name="104" votes="81" />
                <Precinct name="105" votes="141" />
                <Precinct name="106" votes="29" />
            </VoteType>
            <VoteType name="Advance in Person" votes="2898">
                <Precinct name="101" votes="842" />
                <Precinct name="104" votes="591" />
                <Precinct name="105" votes="1131" />
                <Precinct name="106" votes="334" />
            </VoteType>
            <VoteType name="Provisional" votes="3">
                <Precinct name="101" votes="1" />
                <Precinct name="104" votes="1" />
                <Precinct name="105" votes="0" />
                <Precinct name="106" votes="1" />
            </VoteType>
        </Choice>
    </Contest>
    <Contest key="110" text="State Representative, District 145" isQuestion="false" precinctsReporting="3" precinctsReported="3">
        <VoteType name="Number of Precincts for Race" votes="3">
            <Precinct name="101" votes="1" />
            <Precinct name="104" votes="1" />
            <Precinct name="107" votes="1" />
        </VoteType>
        <VoteType name="Number of Precincts Reporting" votes="3">
            <Precinct name="101" votes="1" />
            <Precinct name="104" votes="1" />
            <Precinct name="107" votes="1" />
        </VoteType>
        <Choice key="10" text="RICKY A WILLIAMS" totalVotes="2219">
            <VoteType name="Election Day" votes="828">
                <Precinct name="101" votes="0" />
                <Precinct name="104" votes="49" />
                <Precinct name="107" votes="779" />
            </VoteType>
            <VoteType name="Absentee by Mail" votes="120">
                <Precinct name="101" votes="0" />
                <Precinct name="104" votes="19" />
                <Precinct name="107" votes="101" />
            </VoteType>
            <VoteType name="Advance in Person" votes="1271">
                <Precinct name="101" votes="0" />
                <Precinct name="104" votes="100" />
                <Precinct name="107" votes="1171" />
            </VoteType>
            <VoteType name="Provisional" votes="0">
                <Precinct name="101" votes="0" />
                <Precinct name="104" votes="0" />
                <Precinct name="107" votes="0" />
            </VoteType>
        </Choice>
        <Choice key="20" text="FLOYD GRIFFIN" totalVotes="1004">
            <VoteType name="Election Day" votes="390">
                <Precinct name="101" votes="0" />
                <Precinct name="104" votes="242" />
                <Precinct name="107" votes="148" />
            </VoteType>
            <VoteType name="Absentee by Mail" votes="103">
                <Precinct name="101" votes="0" />
                <Precinct name="104" votes="77" />
                <Precinct name="107" votes="26" />
            </VoteType>
            <VoteType name="Advance in Person" votes="510">
                <Precinct name="101" votes="0" />
                <Precinct name="104" votes="332" />
                <Precinct name="107" votes="178" />
            </VoteType>
            <VoteType name="Provisional" votes="1">
                <Precinct name="101" votes="0" />
                <Precinct name="104" votes="1" />
                <Precinct name="107" votes="0" />
            </VoteType>
        </Choice>
    </Contest>
    <Contest key="120" text="District Attorney, Ocmulgee Circuit" isQuestion="false" precinctsReporting="5" precinctsReported="5">
        <VoteType name="Number of Precincts for Race" votes="5">
            <Precinct name="101" votes="1" />
            <Precinct name="104" votes="1" />
            <Precinct name="105" votes="1" />
            <Precinct name="106" votes="1" />
            <Precinct name="107" votes="1" />
        </VoteType>
        <VoteType name="Number of Precincts Reporting" votes="5">
            <Precinct name="101" votes="1" />
            <Precinct name="104" votes="1" />
            <Precinct name="105" votes="1" />
            <Precinct name="106" votes="1" />
            <Precinct name="107" votes="1" />
        </VoteType>
        <Choice key="10" text="STEPHEN BRADLEY (I)" totalVotes="7683">
            <VoteType name="Election Day" votes="2847">
                <Precinct name="101" votes="446" />
                <Precinct name="104" votes="468" />
                <Precinct name="105" votes="789" />
                <Precinct name="106" votes="319" />
                <Precinct name="107" votes="825" />
            </VoteType>
            <VoteType name="Absentee by Mail" votes="474">
                <Precinct name="101" votes="61" />
                <Precinct name="104" votes="138" />
                <Precinct name="105" votes="139" />
                <Precinct name="106" votes="29" />
                <Precinct name="107" votes="107" />
            </VoteType>
            <VoteType name="Advance in Person" votes="4358">
                <Precinct name="101" votes="850" />
                <Precinct name="104" votes="847" />
                <Precinct name="105" votes="1130" />
                <Precinct name="106" votes="335" />
                <Precinct name="107" votes="1196" />
            </VoteType>
            <VoteType name="Provisional" votes="4">
                <Precinct name="101" votes="1" />
                <Precinct name="104" votes="1" />
                <Precinct name="105" votes="0" />
                <Precinct name="106" votes="1" />
                <Precinct name="107" votes="1" />
            </VoteType>
        </Choice>
    </Contest>
    <Contest key="300" text="Superior Court Clerk" isQuestion="false" precinctsReporting="5" precinctsReported="5">
        <VoteType name="Number of Precincts for Race" votes="5">
            <Precinct name="101" votes="1" />
            <Precinct name="104" votes="1" />
            <Precinct name="105" votes="1" />
            <Precinct name="106" votes="1" />
            <Precinct name="107" votes="1" />
        </VoteType>
        <VoteType name="Number of Precincts Reporting" votes="5">
            <Precinct name="101" votes="1" />
            <Precinct name="104" votes="1" />
            <Precinct name="105" votes="1" />
            <Precinct name="106" votes="1" />
            <Precinct name="107" votes="1" />
        </VoteType>
        <Choice key="10" text="S. PERRY (I)(R)" totalVotes="7901">
            <VoteType name="Election Day" votes="2909">
                <Precinct name="101" votes="460" />
                <Precinct name="104" votes="485" />
                <Precinct name="105" votes="801" />
                <Precinct name="106" votes="327" />
                <Precinct name="107" votes="836" />
            </VoteType>
            <VoteType name="Absentee by Mail" votes="478">
                <Precinct name="101" votes="62" />
                <Precinct name="104" votes="138" />
                <Precinct name="105" votes="141" />
                <Precinct name="106" votes="29" />
                <Precinct name="107" votes="108" />
            </VoteType>
            <VoteType name="Advance in Person" votes="4509">
                <Precinct name="101" votes="910" />
                <Precinct name="104" votes="893" />
                <Precinct name="105" votes="1155" />
                <Precinct name="106" votes="339" />
                <Precinct name="107" votes="1212" />
            </VoteType>
            <VoteType name="Provisional" votes="5">
                <Precinct name="101" votes="1" />
                <Precinct name="104" votes="1" />
                <Precinct name="105" votes="1" />
                <Precinct name="106" votes="1" />
                <Precinct name="107" votes="1" />
            </VoteType>
        </Choice>
    </Contest>
    <Contest key="312" text="Sheriff" isQuestion="false" precinctsReporting="5" precinctsReported="5">
        <VoteType name="Number of Precincts for Race" votes="5">
            <Precinct name="101" votes="1" />
            <Precinct name="104" votes="1" />
            <Precinct name="105" votes="1" />
            <Precinct name="106" votes="1" />
            <Precinct name="107" votes="1" />
        </VoteType>
        <VoteType name="Number of Precincts Reporting" votes="5">
            <Precinct name="101" votes="1" />
            <Precinct name="104" votes="1" />
            <Precinct name="105" votes="1" />
            <Precinct name="106" votes="1" />
            <Precinct name="107" votes="1" />
        </VoteType>
        <Choice key="10" text="H. SILLS (I)(R)" totalVotes="7981">
            <VoteType name="Election Day" votes="2935">
                <Precinct name="101" votes="467" />
                <Precinct name="104" votes="502" />
                <Precinct name="105" votes="800" />
                <Precinct name="106" votes="323" />
                <Precinct name="107" votes="843" />
            </VoteType>
            <VoteType name="Absentee by Mail" votes="478">
                <Precinct name="101" votes="58" />
                <Precinct name="104" votes="141" />
                <Precinct name="105" votes="141" />
                <Precinct name="106" votes="31" />
                <Precinct name="107" votes="107" />
            </VoteType>
            <VoteType name="Advance in Person" votes="4564">
                <Precinct name="101" votes="923" />
                <Precinct name="104" votes="906" />
                <Precinct name="105" votes="1158" />
                <Precinct name="106" votes="345" />
                <Precinct name="107" votes="1232" />
            </VoteType>
            <VoteType name="Provisional" votes="4">
                <Precinct name="101" votes="1" />
                <Precinct name="104" votes="1" />
                <Precinct name="105" votes="0" />
                <Precinct name="106" votes="1" />
                <Precinct name="107" votes="1" />
            </VoteType>
        </Choice>
    </Contest>
    <Contest key="320" text="Tax Commissioner" isQuestion="false" precinctsReporting="5" precinctsReported="5">
        <VoteType name="Number of Precincts for Race" votes="5">
            <Precinct name="101" votes="1" />
            <Precinct name="104" votes="1" />
            <Precinct name="105" votes="1" />
            <Precinct name="106" votes="1" />
            <Precinct name="107" votes="1" />
        </VoteType>
        <VoteType name="Number of Precincts Reporting" votes="5">
            <Precinct name="101" votes="1" />
            <Precinct name="104" votes="1" />
            <Precinct name="105" votes="1" />
            <Precinct name="106" votes="1" />
            <Precinct name="107" votes="1" />
        </VoteType>
        <Choice key="10" text="P. LANCASTER (I)(R)" totalVotes="7935">
            <VoteType name="Election Day" votes="2929">
                <Precinct name="101" votes="466" />
                <Precinct name="104" votes="488" />
                <Precinct name="105" votes="808" />
                <Precinct name="106" votes="326" />
                <Precinct name="107" votes="841" />
            </VoteType>
            <VoteType name="Absentee by Mail" votes="474">
                <Precinct name="101" votes="60" />
                <Precinct name="104" votes="137" />
                <Precinct name="105" votes="145" />
                <Precinct name="106" votes="28" />
                <Precinct name="107" votes="104" />
            </VoteType>
            <VoteType name="Advance in Person" votes="4526">
                <Precinct name="101" votes="910" />
                <Precinct name="104" votes="905" />
                <Precinct name="105" votes="1148" />
                <Precinct name="106" votes="345" />
                <Precinct name="107" votes="1218" />
            </VoteType>
            <VoteType name="Provisional" votes="6">
                <Precinct name="101" votes="1" />
                <Precinct name="104" votes="2" />
                <Precinct name="105" votes="1" />
                <Precinct name="106" votes="1" />
                <Precinct name="107" votes="1" />
            </VoteType>
        </Choice>
    </Contest>
    <Contest key="340" text="Coroner" isQuestion="false" precinctsReporting="5" precinctsReported="5">
        <VoteType name="Number of Precincts for Race" votes="5">
            <Precinct name="101" votes="1" />
            <Precinct name="104" votes="1" />
            <Precinct name="105" votes="1" />
            <Precinct name="106" votes="1" />
            <Precinct name="107" votes="1" />
        </VoteType>
        <VoteType name="Number of Precincts Reporting" votes="5">
            <Precinct name="101" votes="1" />
            <Precinct name="104" votes="1" />
            <Precinct name="105" votes="1" />
            <Precinct name="106" votes="1" />
            <Precinct name="107" votes="1" />
        </VoteType>
        <Choice key="10" text="G. MCELHENNEY (I)(R)" totalVotes="7967">
            <VoteType name="Election Day" votes="2943">
                <Precinct name="101" votes="471" />
                <Precinct name="104" votes="500" />
                <Precinct name="105" votes="801" />
                <Precinct name="106" votes="327" />
                <Precinct name="107" votes="844" />
            </VoteType>
            <VoteType name="Absentee by Mail" votes="481">
                <Precinct name="101" votes="62" />
                <Precinct name="104" votes="141" />
                <Precinct name="105" votes="140" />
                <Precinct name="106" votes="30" />
                <Precinct name="107" votes="108" />
            </VoteType>
            <VoteType name="Advance in Person" votes="4538">
                <Precinct name="101" votes="927" />
                <Precinct name="104" votes="916" />
                <Precinct name="105" votes="1136" />
                <Precinct name="106" votes="338" />
                <Precinct name="107" votes="1221" />
            </VoteType>
            <VoteType name="Provisional" votes="5">
                <Precinct name="101" votes="1" />
                <Precinct name="104" votes="1" />
                <Precinct name="105" votes="1" />
                <Precinct name="106" votes="1" />
                <Precinct name="107" votes="1" />
            </VoteType>
        </Choice>
    </Contest>
    <Contest key="380" text="County Comm Chair" isQuestion="false" precinctsReporting="5" precinctsReported="5">
        <VoteType name="Number of Precincts for Race" votes="5">
            <Precinct name="101" votes="1" />
            <Precinct name="104" votes="1" />
            <Precinct name="105" votes="1" />
            <Precinct name="106" votes="1" />
            <Precinct name="107" votes="1" />
        </VoteType>
        <VoteType name="Number of Precincts Reporting" votes="5">
            <Precinct name="101" votes="1" />
            <Precinct name="104" votes="1" />
            <Precinct name="105" votes="1" />
            <Precinct name="106" votes="1" />
            <Precinct name="107" votes="1" />
        </VoteType>
        <Choice key="10" text="S. HERSEY (I)(R)" totalVotes="7462">
            <VoteType name="Election Day" votes="2811">
                <Precinct name="101" votes="432" />
                <Precinct name="104" votes="472" />
                <Precinct name="105" votes="788" />
                <Precinct name="106" votes="300" />
                <Precinct name="107" votes="819" />
            </VoteType>
            <VoteType name="Absentee by Mail" votes="452">
                <Precinct name="101" votes="56" />
                <Precinct name="104" votes="123" />
                <Precinct name="105" votes="140" />
                <Precinct name="106" votes="27" />
                <Precinct name="107" votes="106" />
            </VoteType>
            <VoteType name="Advance in Person" votes="4194">
                <Precinct name="101" votes="795" />
                <Precinct name="104" votes="792" />
                <Precinct name="105" votes="1112" />
                <Precinct name="106" votes="317" />
                <Precinct name="107" votes="1178" />
            </VoteType>
            <VoteType name="Provisional" votes="5">
                <Precinct name="101" votes="1" />
                <Precinct name="104" votes="1" />
                <Precinct name="105" votes="1" />
                <Precinct name="106" votes="1" />
                <Precinct name="107" votes="1" />
            </VoteType>
        </Choice>
    </Contest>
    <Contest key="400" text="County Comm 1" isQuestion="false" precinctsReporting="1" precinctsReported="1">
        <VoteType name="Number of Precincts for Race" votes="1">
            <Precinct name="101" votes="1" />
        </VoteType>
        <VoteType name="Number of Precincts Reporting" votes="1">
            <Precinct name="101" votes="1" />
        </VoteType>
        <Choice key="10" text="K. IRVIN (R)" totalVotes="920">
            <VoteType name="Election Day" votes="245">
                <Precinct name="101" votes="245" />
            </VoteType>
            <VoteType name="Absentee by Mail" votes="37">
                <Precinct name="101" votes="37" />
            </VoteType>
            <VoteType name="Advance in Person" votes="638">
                <Precinct name="101" votes="638" />
            </VoteType>
            <VoteType name="Provisional" votes="0">
                <Precinct name="101" votes="0" />
            </VoteType>
        </Choice>
        <Choice key="20" text="F. WARD (I)(D)" totalVotes="903">
            <VoteType name="Election Day" votes="355">
                <Precinct name="101" votes="355" />
            </VoteType>
            <VoteType name="Absentee by Mail" votes="44">
                <Precinct name="101" votes="44" />
            </VoteType>
            <VoteType name="Advance in Person" votes="504">
                <Precinct name="101" votes="504" />
            </VoteType>
            <VoteType name="Provisional" votes="0">
                <Precinct name="101" votes="0" />
            </VoteType>
        </Choice>
    </Contest>
    <Contest key="420" text="County Comm 2" isQuestion="false" precinctsReporting="1" precinctsReported="1">
        <VoteType name="Number of Precincts for Race" votes="1">
            <Precinct name="104" votes="1" />
        </VoteType>
        <VoteType name="Number of Precincts Reporting" votes="1">
            <Precinct name="104" votes="1" />
        </VoteType>
        <Choice key="10" text="D. W. BROWN (R)" totalVotes="1072">
            <VoteType name="Election Day" votes="309">
                <Precinct name="104" votes="309" />
            </VoteType>
            <VoteType name="Absentee by Mail" votes="78">
                <Precinct name="104" votes="78" />
            </VoteType>
            <VoteType name="Advance in Person" votes="685">
                <Precinct name="104" votes="685" />
            </VoteType>
            <VoteType name="Provisional" votes="0">
                <Precinct name="104" votes="0" />
            </VoteType>
        </Choice>
        <Choice key="20" text="J. B. REID (I)(D)" totalVotes="920">
            <VoteType name="Election Day" votes="347">
                <Precinct name="104" votes="347" />
            </VoteType>
            <VoteType name="Absentee by Mail" votes="117">
                <Precinct name="104" votes="117" />
            </VoteType>
            <VoteType name="Advance in Person" votes="456">
                <Precinct name="104" votes="456" />
            </VoteType>
            <VoteType name="Provisional" votes="0">
                <Precinct name="104" votes="0" />
            </VoteType>
        </Choice>
    </Contest>
    <Contest key="440" text="County Comm 3" isQuestion="false" precinctsReporting="2" precinctsReported="2">
        <VoteType name="Number of Precincts for Race" votes="2">
            <Precinct name="105" votes="1" />
            <Precinct name="106" votes="1" />
        </VoteType>
        <VoteType name="Number of Precincts Reporting" votes="2">
            <Precinct name="105" votes="1" />
            <Precinct name="106" votes="1" />
        </VoteType>
        <Choice key="10" text="A. FOSTER (I)(R)" totalVotes="2726">
            <VoteType name="Election Day" votes="1113">
                <Precinct name="105" votes="799" />
                <Precinct name="106" votes="314" />
            </VoteType>
            <VoteType name="Absentee by Mail" votes="167">
                <Precinct name="105" votes="142" />
                <Precinct name="106" votes="25" />
            </VoteType>
            <VoteType name="Advance in Person" votes="1444">
                <Precinct name="105" votes="1119" />
                <Precinct name="106" votes="325" />
            </VoteType>
            <VoteType name="Provisional" votes="2">
                <Precinct name="105" votes="1" />
                <Precinct name="106" votes="1" />
            </VoteType>
        </Choice>
    </Contest>
    <Contest key="460" text="County Comm 4" isQuestion="false" precinctsReporting="1" precinctsReported="1">
        <VoteType name="Number of Precincts for Race" votes="1">
            <Precinct name="107" votes="1" />
        </VoteType>
        <VoteType name="Number of Precincts Reporting" votes="1">
            <Precinct name="107" votes="1" />
        </VoteType>
        <Choice key="10" text="T. ADDISON (R)" totalVotes="2121">
            <VoteType name="Election Day" votes="819">
                <Precinct name="107" votes="819" />
            </VoteType>
            <VoteType name="Absentee by Mail" votes="108">
                <Precinct name="107" votes="108" />
            </VoteType>
            <VoteType name="Advance in Person" votes="1194">
                <Precinct name="107" votes="1194" />
            </VoteType>
            <VoteType name="Provisional" votes="0">
                <Precinct name="107" votes="0" />
            </VoteType>
        </Choice>
    </Contest>
    <Contest key="480" text="BOE 3" isQuestion="false" precinctsReporting="3" precinctsReported="3">
        <VoteType name="Number of Precincts for Race" votes="3">
            <Precinct name="101" votes="1" />
            <Precinct name="104" votes="1" />
            <Precinct name="105" votes="1" />
        </VoteType>
        <VoteType name="Number of Precincts Reporting" votes="3">
            <Precinct name="101" votes="1" />
            <Precinct name="104" votes="1" />
            <Precinct name="105" votes="1" />
        </VoteType>
        <Choice key="10" text="S. WEINER (I)(R)" totalVotes="2283">
            <VoteType name="Election Day" votes="858">
                <Precinct name="101" votes="50" />
                <Precinct name="104" votes="17" />
                <Precinct name="105" votes="791" />
            </VoteType>
            <VoteType name="Absentee by Mail" votes="151">
                <Precinct name="101" votes="7" />
                <Precinct name="104" votes="7" />
                <Precinct name="105" votes="137" />
            </VoteType>
            <VoteType name="Advance in Person" votes="1273">
                <Precinct name="101" votes="103" />
                <Precinct name="104" votes="48" />
                <Precinct name="105" votes="1122" />
            </VoteType>
            <VoteType name="Provisional" votes="1">
                <Precinct name="101" votes="0" />
                <Precinct name="104" votes="0" />
                <Precinct name="105" votes="1" />
            </VoteType>
        </Choice>
    </Contest>
    <Contest key="500" text="BOE 4" isQuestion="false" precinctsReporting="1" precinctsReported="1">
        <VoteType name="Number of Precincts for Race" votes="1">
            <Precinct name="107" votes="1" />
        </VoteType>
        <VoteType name="Number of Precincts Reporting" votes="1">
            <Precinct name="107" votes="1" />
        </VoteType>
        <Choice key="10" text="T. LAWRENCE (I)(R)" totalVotes="1739">
            <VoteType name="Election Day" votes="693">
                <Precinct name="107" votes="693" />
            </VoteType>
            <VoteType name="Absentee by Mail" votes="84">
                <Precinct name="107" votes="84" />
            </VoteType>
            <VoteType name="Advance in Person" votes="962">
                <Precinct name="107" votes="962" />
            </VoteType>
            <VoteType name="Provisional" votes="0">
                <Precinct name="107" votes="0" />
            </VoteType>
        </Choice>
    </Contest>
    <Contest key="520" text="BOE 5" isQuestion="false" precinctsReporting="3" precinctsReported="3">
        <VoteType name="Number of Precincts for Race" votes="3">
            <Precinct name="104" votes="1" />
            <Precinct name="106" votes="1" />
            <Precinct name="107" votes="1" />
        </VoteType>
        <VoteType name="Number of Precincts Reporting" votes="3">
            <Precinct name="104" votes="1" />
            <Precinct name="106" votes="1" />
            <Precinct name="107" votes="1" />
        </VoteType>
        <Choice key="10" text="L. GILPIN (R)" totalVotes="1590">
            <VoteType name="Election Day" votes="626">
                <Precinct name="104" votes="181" />
                <Precinct name="106" votes="316" />
                <Precinct name="107" votes="129" />
            </VoteType>
            <VoteType name="Absentee by Mail" votes="87">
                <Precinct name="104" votes="36" />
                <Precinct name="106" votes="28" />
                <Precinct name="107" votes="23" />
            </VoteType>
            <VoteType name="Advance in Person" votes="877">
                <Precinct name="104" votes="311" />
                <Precinct name="106" votes="336" />
                <Precinct name="107" votes="230" />
            </VoteType>
            <VoteType name="Provisional" votes="0">
                <Precinct name="104" votes="0" />
                <Precinct name="106" votes="0" />
                <Precinct name="107" votes="0" />
            </VoteType>
        </Choice>
    </Contest>
    <Contest key="521" text="Constitutional Amendment #1&lt;br&gt;Provides greater flexibility and state accountability to fix failing schools through increasing community involvement." isQuestion="false" precinctsReporting="5" precinctsReported="5">
        <VoteType name="Number of Precincts for Race" votes="5">
            <Precinct name="101" votes="1" />
            <Precinct name="104" votes="1" />
            <Precinct name="105" votes="1" />
            <Precinct name="106" votes="1" />
            <Precinct name="107" votes="1" />
        </VoteType>
        <VoteType name="Number of Precincts Reporting" votes="5">
            <Precinct name="101" votes="1" />
            <Precinct name="104" votes="1" />
            <Precinct name="105" votes="1" />
            <Precinct name="106" votes="1" />
            <Precinct name="107" votes="1" />
        </VoteType>
        <Choice key="10" text="YES" totalVotes="3555">
            <VoteType name="Election Day" votes="1341">
                <Precinct name="101" votes="220" />
                <Precinct name="104" votes="242" />
                <Precinct name="105" votes="398" />
                <Precinct name="106" votes="137" />
                <Precinct name="107" votes="344" />
            </VoteType>
            <VoteType name="Absentee by Mail" votes="266">
                <Precinct name="101" votes="31" />
                <Precinct name="104" votes="58" />
                <Precinct name="105" votes="89" />
                <Precinct name="106" votes="14" />
                <Precinct name="107" votes="74" />
            </VoteType>
            <VoteType name="Advance in Person" votes="1944">
                <Precinct name="101" votes="380" />
                <Precinct name="104" votes="352" />
                <Precinct name="105" votes="583" />
                <Precinct name="106" votes="130" />
                <Precinct name="107" votes="499" />
            </VoteType>
            <VoteType name="Provisional" votes="4">
                <Precinct name="101" votes="0" />
                <Precinct name="104" votes="1" />
                <Precinct name="105" votes="1" />
                <Precinct name="106" votes="1" />
                <Precinct name="107" votes="1" />
            </VoteType>
        </Choice>
        <Choice key="20" text="NO" totalVotes="5719">
            <VoteType name="Election Day" votes="2090">
                <Precinct name="101" votes="395" />
                <Precinct name="104" votes="408" />
                <Precinct name="105" votes="481" />
                <Precinct name="106" votes="212" />
                <Precinct name="107" votes="594" />
            </VoteType>
            <VoteType name="Absentee by Mail" votes="325">
                <Precinct name="101" votes="51" />
                <Precinct name="104" votes="131" />
                <Precinct name="105" votes="72" />
                <Precinct name="106" votes="17" />
                <Precinct name="107" votes="54" />
            </VoteType>
            <VoteType name="Advance in Person" votes="3303">
                <Precinct name="101" votes="753" />
                <Precinct name="104" votes="772" />
                <Precinct name="105" votes="683" />
                <Precinct name="106" votes="240" />
                <Precinct name="107" votes="855" />
            </VoteType>
            <VoteType name="Provisional" votes="1">
                <Precinct name="101" votes="1" />
                <Precinct name="104" votes="0" />
                <Precinct name="105" votes="0" />
                <Precinct name="106" votes="0" />
                <Precinct name="107" votes="0" />
            </VoteType>
        </Choice>
    </Contest>
    <Contest key="522" text="Constitutional Amendment #2&lt;br&gt;Authorizes penalties for sexual exploitation and assessments on adult entertainment to fund child victims' services." isQuestion="false" precinctsReporting="5" precinctsReported="5">
        <VoteType name="Number of Precincts for Race" votes="5">
            <Precinct name="101" votes="1" />
            <Precinct name="104" votes="1" />
            <Precinct name="105" votes="1" />
            <Precinct name="106" votes="1" />
            <Precinct name="107" votes="1" />
        </VoteType>
        <VoteType name="Number of Precincts Reporting" votes="5">
            <Precinct name="101" votes="1" />
            <Precinct name="104" votes="1" />
            <Precinct name="105" votes="1" />
            <Precinct name="106" votes="1" />
            <Precinct name="107" votes="1" />
        </VoteType>
        <Choice key="10" text="YES" totalVotes="7307">
            <VoteType name="Election Day" votes="2722">
                <Precinct name="101" votes="478" />
                <Precinct name="104" votes="482" />
                <Precinct name="105" votes="715" />
                <Precinct name="106" votes="277" />
                <Precinct name="107" votes="770" />
            </VoteType>
            <VoteType name="Absentee by Mail" votes="470">
                <Precinct name="101" votes="67" />
                <Precinct name="104" votes="143" />
                <Precinct name="105" votes="130" />
                <Precinct name="106" votes="23" />
                <Precinct name="107" votes="107" />
            </VoteType>
            <VoteType name="Advance in Person" votes="4111">
                <Precinct name="101" votes="843" />
                <Precinct name="104" votes="837" />
                <Precinct name="105" votes="1057" />
                <Precinct name="106" votes="294" />
                <Precinct name="107" votes="1080" />
            </VoteType>
            <VoteType name="Provisional" votes="4">
                <Precinct name="101" votes="1" />
                <Precinct name="104" votes="1" />
                <Precinct name="105" votes="0" />
                <Precinct name="106" votes="1" />
                <Precinct name="107" votes="1" />
            </VoteType>
        </Choice>
        <Choice key="20" text="NO" totalVotes="1804">
            <VoteType name="Election Day" votes="655">
                <Precinct name="101" votes="125" />
                <Precinct name="104" votes="151" />
                <Precinct name="105" votes="153" />
                <Precinct name="106" votes="68" />
                <Precinct name="107" votes="158" />
            </VoteType>
            <VoteType name="Absentee by Mail" votes="105">
                <Precinct name="101" votes="14" />
                <Precinct name="104" votes="35" />
                <Precinct name="105" votes="30" />
                <Precinct name="106" votes="6" />
                <Precinct name="107" votes="20" />
            </VoteType>
            <VoteType name="Advance in Person" votes="1043">
                <Precinct name="101" votes="261" />
                <Precinct name="104" votes="256" />
                <Precinct name="105" votes="200" />
                <Precinct name="106" votes="64" />
                <Precinct name="107" votes="262" />
            </VoteType>
            <VoteType name="Provisional" votes="1">
                <Precinct name="101" votes="0" />
                <Precinct name="104" votes="0" />
                <Precinct name="105" votes="1" />
                <Precinct name="106" votes="0" />
                <Precinct name="107" votes="0" />
            </VoteType>
        </Choice>
    </Contest>
    <Contest key="523" text="Constitutional Amendment #3&lt;br&gt;Reforms and re-establishes the Judicial Qualifications Commission and provides for its composition, governance, and powers." isQuestion="false" precinctsReporting="5" precinctsReported="5">
        <VoteType name="Number of Precincts for Race" votes="5">
            <Precinct name="101" votes="1" />
            <Precinct name="104" votes="1" />
            <Precinct name="105" votes="1" />
            <Precinct name="106" votes="1" />
            <Precinct name="107" votes="1" />
        </VoteType>
        <VoteType name="Number of Precincts Reporting" votes="5">
            <Precinct name="101" votes="1" />
            <Precinct name="104" votes="1" />
            <Precinct name="105" votes="1" />
            <Precinct name="106" votes="1" />
            <Precinct name="107" votes="1" />
        </VoteType>
        <Choice key="10" text="YES" totalVotes="5300">
            <VoteType name="Election Day" votes="2002">
                <Precinct name="101" votes="349" />
                <Precinct name="104" votes="377" />
                <Precinct name="105" votes="528" />
                <Precinct name="106" votes="200" />
                <Precinct name="107" votes="548" />
            </VoteType>
            <VoteType name="Absentee by Mail" votes="350">
                <Precinct name="101" votes="52" />
                <Precinct name="104" votes="101" />
                <Precinct name="105" votes="98" />
                <Precinct name="106" votes="19" />
                <Precinct name="107" votes="80" />
            </VoteType>
            <VoteType name="Advance in Person" votes="2945">
                <Precinct name="101" votes="583" />
                <Precinct name="104" votes="603" />
                <Precinct name="105" votes="786" />
                <Precinct name="106" votes="212" />
                <Precinct name="107" votes="761" />
            </VoteType>
            <VoteType name="Provisional" votes="3">
                <Precinct name="101" votes="1" />
                <Precinct name="104" votes="1" />
                <Precinct name="105" votes="1" />
                <Precinct name="106" votes="0" />
                <Precinct name="107" votes="0" />
            </VoteType>
        </Choice>
        <Choice key="20" text="NO" totalVotes="3334">
            <VoteType name="Election Day" votes="1193">
                <Precinct name="101" votes="224" />
                <Precinct name="104" votes="227" />
                <Precinct name="105" votes="284" />
                <Precinct name="106" votes="126" />
                <Precinct name="107" votes="332" />
            </VoteType>
            <VoteType name="Absentee by Mail" votes="207">
                <Precinct name="101" votes="25" />
                <Precinct name="104" votes="76" />
                <Precinct name="105" votes="54" />
                <Precinct name="106" votes="8" />
                <Precinct name="107" votes="44" />
            </VoteType>
            <VoteType name="Advance in Person" votes="1933">
                <Precinct name="101" votes="462" />
                <Precinct name="104" votes="432" />
                <Precinct name="105" votes="402" />
                <Precinct name="106" votes="129" />
                <Precinct name="107" votes="508" />
            </VoteType>
            <VoteType name="Provisional" votes="1">
                <Precinct name="101" votes="0" />
                <Precinct name="104" votes="0" />
                <Precinct name="105" votes="0" />
                <Precinct name="106" votes="1" />
                <Precinct name="107" votes="0" />
            </VoteType>
        </Choice>
    </Contest>
    <Contest key="524" text="Constitutional Amendment #4&lt;br&gt;Dedicates revenue from existing taxes on fireworks to trauma care, fire services, and public safety." isQuestion="false" precinctsReporting="5" precinctsReported="5">
        <VoteType name="Number of Precincts for Race" votes="5">
            <Precinct name="101" votes="1" />
            <Precinct name="104" votes="1" />
            <Precinct name="105" votes="1" />
            <Precinct name="106" votes="1" />
            <Precinct name="107" votes="1" />
        </VoteType>
        <VoteType name="Number of Precincts Reporting" votes="5">
            <Precinct name="101" votes="1" />
            <Precinct name="104" votes="1" />
            <Precinct name="105" votes="1" />
            <Precinct name="106" votes="1" />
            <Precinct name="107" votes="1" />
        </VoteType>
        <Choice key="10" text="YES" totalVotes="7039">
            <VoteType name="Election Day" votes="2600">
                <Precinct name="101" votes="454" />
                <Precinct name="104" votes="464" />
                <Precinct name="105" votes="685" />
                <Precinct name="106" votes="262" />
                <Precinct name="107" votes="735" />
            </VoteType>
            <VoteType name="Absentee by Mail" votes="453">
                <Precinct name="101" votes="66" />
                <Precinct name="104" votes="123" />
                <Precinct name="105" votes="129" />
                <Precinct name="106" votes="26" />
                <Precinct name="107" votes="109" />
            </VoteType>
            <VoteType name="Advance in Person" votes="3982">
                <Precinct name="101" votes="818" />
                <Precinct name="104" votes="786" />
                <Precinct name="105" votes="1005" />
                <Precinct name="106" votes="299" />
                <Precinct name="107" votes="1074" />
            </VoteType>
            <VoteType name="Provisional" votes="4">
                <Precinct name="101" votes="1" />
                <Precinct name="104" votes="1" />
                <Precinct name="105" votes="1" />
                <Precinct name="106" votes="1" />
                <Precinct name="107" votes="0" />
            </VoteType>
        </Choice>
        <Choice key="20" text="NO" totalVotes="1971">
            <VoteType name="Election Day" votes="735">
                <Precinct name="101" votes="140" />
                <Precinct name="104" votes="161" />
                <Precinct name="105" votes="174" />
                <Precinct name="106" votes="78" />
                <Precinct name="107" votes="182" />
            </VoteType>
            <VoteType name="Absentee by Mail" votes="124">
                <Precinct name="101" votes="15" />
                <Precinct name="104" votes="59" />
                <Precinct name="105" votes="31" />
                <Precinct name="106" votes="4" />
                <Precinct name="107" votes="15" />
            </VoteType>
            <VoteType name="Advance in Person" votes="1112">
                <Precinct name="101" votes="278" />
                <Precinct name="104" votes="295" />
                <Precinct name="105" votes="228" />
                <Precinct name="106" votes="60" />
                <Precinct name="107" votes="251" />
            </VoteType>
            <VoteType name="Provisional" votes="0">
                <Precinct name="101" votes="0" />
                <Precinct name="104" votes="0" />
                <Precinct name="105" votes="0" />
                <Precinct name="106" votes="0" />
                <Precinct name="107" votes="0" />
            </VoteType>
        </Choice>
    </Contest>
    <Contest key="530" text="Special - Freeport Referendum" isQuestion="false" precinctsReporting="5" precinctsReported="5">
        <VoteType name="Number of Precincts for Race" votes="5">
            <Precinct name="101" votes="1" />
            <Precinct name="104" votes="1" />
            <Precinct name="105" votes="1" />
            <Precinct name="106" votes="1" />
            <Precinct name="107" votes="1" />
        </VoteType>
        <VoteType name="Number of Precincts Reporting" votes="5">
            <Precinct name="101" votes="1" />
            <Precinct name="104" votes="1" />
            <Precinct name="105" votes="1" />
            <Precinct name="106" votes="1" />
            <Precinct name="107" votes="1" />
        </VoteType>
        <Choice key="10" text="YES" totalVotes="4967">
            <VoteType name="Election Day" votes="1853">
                <Precinct name="101" votes="309" />
                <Precinct name="104" votes="326" />
                <Precinct name="105" votes="513" />
                <Precinct name="106" votes="206" />
                <Precinct name="107" votes="499" />
            </VoteType>
            <VoteType name="Absentee by Mail" votes="294">
                <Precinct name="101" votes="40" />
                <Precinct name="104" votes="82" />
                <Precinct name="105" votes="85" />
                <Precinct name="106" votes="12" />
                <Precinct name="107" votes="75" />
            </VoteType>
            <VoteType name="Advance in Person" votes="2817">
                <Precinct name="101" votes="572" />
                <Precinct name="104" votes="584" />
                <Precinct name="105" votes="720" />
                <Precinct name="106" votes="205" />
                <Precinct name="107" votes="736" />
            </VoteType>
            <VoteType name="Provisional" votes="3">
                <Precinct name="101" votes="1" />
                <Precinct name="104" votes="1" />
                <Precinct name="105" votes="1" />
                <Precinct name="106" votes="0" />
                <Precinct name="107" votes="0" />
            </VoteType>
        </Choice>
        <Choice key="20" text="NO" totalVotes="3760">
            <VoteType name="Election Day" votes="1368">
                <Precinct name="101" votes="268" />
                <Precinct name="104" votes="285" />
                <Precinct name="105" votes="312" />
                <Precinct name="106" votes="124" />
                <Precinct name="107" votes="379" />
            </VoteType>
            <VoteType name="Absentee by Mail" votes="262">
                <Precinct name="101" votes="37" />
                <Precinct name="104" votes="99" />
                <Precinct name="105" votes="63" />
                <Precinct name="106" votes="14" />
                <Precinct name="107" votes="49" />
            </VoteType>
            <VoteType name="Advance in Person" votes="2129">
                <Precinct name="101" votes="491" />
                <Precinct name="104" votes="480" />
                <Precinct name="105" votes="486" />
                <Precinct name="106" votes="138" />
                <Precinct name="107" votes="534" />
            </VoteType>
            <VoteType name="Provisional" votes="1">
                <Precinct name="101" votes="0" />
                <Precinct name="104" votes="0" />
                <Precinct name="105" votes="0" />
                <Precinct name="106" votes="1" />
                <Precinct name="107" votes="0" />
            </VoteType>
        </Choice>
    </Contest>
</ElectionResult>