"line number","contest name","choice name","party name","total votes","percent of votes","registered voters","ballots cast","num Precinct total","num Precinct rptg","over votes","under votes"
1,"President of the United States","DONALD J. TRUMP","",4549,60.56,10228,7586,5,5,"0","0"
2,"President of the United States","HILLARY CLINTON","",2837,37.77,10228,7586,5,5,"0","0"
3,"President of the United States","GARY JOHNSON","",126,1.68,10228,7586,5,5,"0","0"
4,"United States Senator, Isakson","JOHNNY ISAKSON (I)","",4546,65.30,10228,7586,5,5,"0","0"
5,"United States Senator, Isakson","JIM BARKSDALE","",2245,32.25,10228,7586,5,5,"0","0"
6,"United States Senator, Isakson","ALLEN BUCKLEY","",171,2.46,10228,7586,5,5,"0","0"
7,"Public Service Commission, District 2 - Eastern","TIM ECHOLS (I)","",4885,77.33,10228,7586,5,5,"0","0"
8,"Public Service Commission, District 2 - Eastern","ERIC HOSKINS","",1432,22.67,10228,7586,5,5,"0","0"
9,"U.S. Representative, District 2","GREG DUKE","",3786,51.80,10228,7586,5,5,"0","0"
10,"U.S. Representative, District 2","SANFORD BISHOP (I)","",3523,48.20,10228,7586,5,5,"0","0"
11,"State Senator, District 13","GREG KIRK (I) (REP)","",4743,66.93,10228,7586,5,5,"0","0"
12,"State Senator, District 13","RUENETTE MELTON (DEM)","",2344,33.07,10228,7586,5,5,"0","0"
13,"State Representative, District 148","BUDDY HARDEN (I) (REP)","",5944,100.00,10228,7586,5,5,"0","0"
14,"District Attorney, Cordele Circuit","BRADFORD L RIGBY","",5823,100.00,10228,7586,5,5,"0","0"
15,"JUDGE, PROBATE COURT","A. ROBERTS HOLLOW (R","",4563,61.99,10228,7586,5,5,"0","0"
16,"JUDGE, PROBATE COURT","H. FOX (D)","",2798,38.01,10228,7586,5,5,"0","0"
17,"CLERK, SUPERIOR COURT","J. H. ROGERS (I) R","",5406,74.34,10228,7586,5,5,"0","0"
18,"CLERK, SUPERIOR COURT","C. O POSTELL (D)","",1866,25.66,10228,7586,5,5,"0","0"
19,"SHERIFF","B. HANCOCK (I) R","",5881,79.08,10228,7586,5,5,"0","0"
20,"SHERIFF","R. B. REDDING (D)","",1556,20.92,10228,7586,5,5,"0","0"
21,"TAX COMMISSIONER","D. LOFTON (R)","",5875,81.37,10228,7586,5,5,"0","0"
22,"TAX COMMISSIONER","D. MCGILL SR (D)","",1345,18.63,10228,7586,5,5,"0","0"
23,"CORONER","J. D. RAINE (I) R","",6314,100.00,10228,7586,5,5,"0","0"
24,"CHIEF MAGISTRATE","S. J. INGRAM (I) R","",6006,100.00,10228,7586,5,5,"0","0"
25,"CC, D2 P3","J. R. DOWDY (R)","",4986,100.00,6839,5645,5,5,"0","0"
26,"BOE, EAST CRISP DISTRICT","J. POSEY (R)","",4542,63.53,10228,7586,5,5,"0","0"
27,"BOE, EAST CRISP DISTRICT","C. MCGILL (D)","",2607,36.47,10228,7586,5,5,"0","0"
28,"BOE, CORDELE DISTRICT","L. ADKINS (I) R","",4703,64.48,10228,7586,5,5,"0","0"
29,"BOE, CORDELE DISTRICT","C. LUCAS JR (D)","",2591,35.52,10228,7586,5,5,"0","0"
30,"Constitutional Amendment #1<br>Provides greater flexibility and state accountability to fix failing schools through increasing community involvement.","YES","",3004,42.21,10228,7586,5,5,"0","0"
31,"Constitutional Amendment #1<br>Provides greater flexibility and state accountability to fix failing schools through increasing community involvement.","NO","",4112,57.79,10228,7586,5,5,"0","0"
32,"Constitutional Amendment #2<br>Authorizes penalties for sexual exploitation and assessments on adult entertainment to fund child victims' services.","YES","",5882,83.57,10228,7586,5,5,"0","0"
33,"Constitutional Amendment #2<br>Authorizes penalties for sexual exploitation and assessments on adult entertainment to fund child victims' services.","NO","",1156,16.43,10228,7586,5,5,"0","0"
34,"Constitutional Amendment #3<br>Reforms and re-establishes the Judicial Qualifications Commission and provides for its composition, governance, and powers.","YES","",4348,64.91,10228,7586,5,5,"0","0"
35,"Constitutional Amendment #3<br>Reforms and re-establishes the Judicial Qualifications Commission and provides for its composition, governance, and powers.","NO","",2351,35.09,10228,7586,5,5,"0","0"
36,"Constitutional Amendment #4<br>Dedicates revenue from existing taxes on fireworks to trauma care, fire services, and public safety.","YES","",5761,81.28,10228,7586,5,5,"0","0"
37,"Constitutional Amendment #4<br>Dedicates revenue from existing taxes on fireworks to trauma care, fire services, and public safety.","NO","",1327,18.72,10228,7586,5,5,"0","0"
38,"SPECIAL - City of Arabi ","YES","",84,55.63,196,154,1,1,"0","0"
39,"SPECIAL - City of Arabi ","NO","",67,44.37,196,154,1,1,"0","0"
