"line number","contest name","choice name","party name","total votes","percent of votes","registered voters","ballots cast","num Precinct total","num Precinct rptg","over votes","under votes"
1,"President of the United States","DONALD J. TRUMP","",1196,36.87,4138,3278,7,7,"0","0"
2,"President of the United States","HILLARY CLINTON","",2002,61.71,4138,3278,7,7,"0","0"
3,"President of the United States","GARY JOHNSON","",46,1.42,4138,3278,7,7,"0","0"
4,"United States Senator, Isakson","JOHNNY ISAKSON (I)","",1228,41.43,4138,3278,7,7,"0","0"
5,"United States Senator, Isakson","JIM BARKSDALE","",1639,55.30,4138,3278,7,7,"0","0"
6,"United States Senator, Isakson","ALLEN BUCKLEY","",97,3.27,4138,3278,7,7,"0","0"
7,"Public Service Commission, District 2 - Eastern","TIM ECHOLS (I)","",1442,58.10,4138,3278,7,7,"0","0"
8,"Public Service Commission, District 2 - Eastern","ERIC HOSKINS","",1040,41.90,4138,3278,7,7,"0","0"
9,"U.S. Representative, District 2","GREG DUKE","",1029,33.07,4138,3278,7,7,"0","0"
10,"U.S. Representative, District 2","SANFORD BISHOP (I)","",2083,66.93,4138,3278,7,7,"0","0"
11,"State Senator, District 15","ED HARBISON (I)","",2448,100.00,4138,3278,7,7,"0","0"
12,"State Representative, District 137","DEBBIE G.  BUCKNER (I)","",2673,100.00,4138,3278,7,7,"0","0"
13,"District Attorney, Chattahoochee Circuit","JULIA  SLATER (I)","",2453,100.00,4138,3278,7,7,"0","0"
14,"JUDGE PROBATE CT","J. R. TERRY (I) D","",2633,100.00,4138,3278,7,7,"0","0"
15,"CLERK SUPERIOR COURT","P. DILLINGHAM-MAHONE (I) D","",2653,100.00,4138,3278,7,7,"0","0"
16,"SHERIFF","B. R. GATES SR. (I)D","",2692,100.00,4138,3278,7,7,"0","0"
17,"TAX COMMISSIONER","J. L. HUFF (I) D","",2107,67.08,4138,3278,7,7,"0","0"
18,"TAX COMMISSIONER","E. T. EPPS (IN)","",311,9.90,4138,3278,7,7,"0","0"
19,"TAX COMMISSIONER","W. A. LACKEY (IN)","",723,23.02,4138,3278,7,7,"0","0"
20,"CORONER","J. C. COSBY (I) D","",2657,100.00,4138,3278,7,7,"0","0"
21,"CC D4","F. HOLMES (I) D","",573,100.00,795,676,1,1,"0","0"
22,"CC D5","W. G. HUNT (R)","",172,25.37,890,716,3,3,"0","0"
23,"CC D5","F. MONTGOMERY (I) D","",506,74.63,890,716,3,3,"0","0"
24,"BOE D1","Q. CARTER (D)","",459,100.00,788,563,1,1,"0","0"
25,"BOE D4","C. MAHONE (I) D","",580,100.00,795,676,1,1,"0","0"
26,"BOE D5","C. HENDERSON (D)","",529,100.00,890,716,3,3,"0","0"
27,"Constitutional Amendment #1<br>Provides greater flexibility and state accountability to fix failing schools through increasing community involvement.","YES","",1480,48.70,4138,3278,7,7,"0","0"
28,"Constitutional Amendment #1<br>Provides greater flexibility and state accountability to fix failing schools through increasing community involvement.","NO","",1559,51.30,4138,3278,7,7,"0","0"
29,"Constitutional Amendment #2<br>Authorizes penalties for sexual exploitation and assessments on adult entertainment to fund child victims' services.","YES","",2378,81.61,4138,3278,7,7,"0","0"
30,"Constitutional Amendment #2<br>Authorizes penalties for sexual exploitation and assessments on adult entertainment to fund child victims' services.","NO","",536,18.39,4138,3278,7,7,"0","0"
31,"Constitutional Amendment #3<br>Reforms and re-establishes the Judicial Qualifications Commission and provides for its composition, governance, and powers.","YES","",1757,63.64,4138,3278,7,7,"0","0"
32,"Constitutional Amendment #3<br>Reforms and re-establishes the Judicial Qualifications Commission and provides for its composition, governance, and powers.","NO","",1004,36.36,4138,3278,7,7,"0","0"
33,"Constitutional Amendment #4<br>Dedicates revenue from existing taxes on fireworks to trauma care, fire services, and public safety.","YES","",2274,78.28,4138,3278,7,7,"0","0"
34,"Constitutional Amendment #4<br>Dedicates revenue from existing taxes on fireworks to trauma care, fire services, and public safety.","NO","",631,21.72,4138,3278,7,7,"0","0"
35,"ESPLOST AND BONDS","YES","",1986,66.40,4138,3278,7,7,"0","0"
36,"ESPLOST AND BONDS","NO","",1005,33.60,4138,3278,7,7,"0","0"
37,"CITY OF GENEVA COUNCIL SPECIAL","D. LOCKHART","",50,100.00,78,70,1,1,"0","0"
38,"CITY OF GENEVA REFERENDUM","YES","",48,71.64,78,70,1,1,"0","0"
39,"CITY OF GENEVA REFERENDUM","NO","",19,28.36,78,70,1,1,"0","0"
