<?xml version="1.0"?>
<!--Election result snapshot imported from Tabulation System
-->
<ElectionResult>
    <Timestamp>11/14/2016 6:02:50 PM EST</Timestamp>
    <ElectionName>November 8, 2016 - General Election</ElectionName>
    <ElectionDate>11/8/2016</ElectionDate>
    <Region>Crisp</Region>
    <VoterTurnout totalVoters="10228" ballotsCast="7586" voterTurnout="74.17">
        <Precincts>
            <Precinct name="Arabi" totalVoters="600" ballotsCast="481" voterTurnout="80.17" percentReporting="4" />
            <Precinct name="Coney" totalVoters="739" ballotsCast="656" voterTurnout="88.77" percentReporting="4" />
            <Precinct name="Cordele" totalVoters="7244" ballotsCast="5061" voterTurnout="69.86" percentReporting="4" />
            <Precinct name="Jamestown" totalVoters="983" ballotsCast="833" voterTurnout="84.74" percentReporting="4" />
            <Precinct name="Listonia" totalVoters="662" ballotsCast="555" voterTurnout="83.84" percentReporting="4" />
        </Precincts>
    </VoterTurnout>
    <Contest key="1" text="President of the United States" isQuestion="false" precinctsReporting="5" precinctsReported="5">
        <VoteType name="Number of Precincts for Race" votes="5">
            <Precinct name="Arabi" votes="1" />
            <Precinct name="Coney" votes="1" />
            <Precinct name="Cordele" votes="1" />
            <Precinct name="Jamestown" votes="1" />
            <Precinct name="Listonia" votes="1" />
        </VoteType>
        <VoteType name="Number of Precincts Reporting" votes="5">
            <Precinct name="Arabi" votes="1" />
            <Precinct name="Coney" votes="1" />
            <Precinct name="Cordele" votes="1" />
            <Precinct name="Jamestown" votes="1" />
            <Precinct name="Listonia" votes="1" />
        </VoteType>
        <Choice key="10" text="DONALD J. TRUMP" totalVotes="4549">
            <VoteType name="Election Day" votes="1354">
                <Precinct name="Arabi" votes="214" />
                <Precinct name="Coney" votes="197" />
                <Precinct name="Cordele" votes="439" />
                <Precinct name="Jamestown" votes="273" />
                <Precinct name="Listonia" votes="231" />
            </VoteType>
            <VoteType name="Absentee by Mail" votes="205">
                <Precinct name="Arabi" votes="18" />
                <Precinct name="Coney" votes="20" />
                <Precinct name="Cordele" votes="124" />
                <Precinct name="Jamestown" votes="32" />
                <Precinct name="Listonia" votes="11" />
            </VoteType>
            <VoteType name="Advance in Person" votes="2981">
                <Precinct name="Arabi" votes="159" />
                <Precinct name="Coney" votes="359" />
                <Precinct name="Cordele" votes="1780" />
                <Precinct name="Jamestown" votes="430" />
                <Precinct name="Listonia" votes="253" />
            </VoteType>
            <VoteType name="Provisional" votes="9">
                <Precinct name="Arabi" votes="1" />
                <Precinct name="Coney" votes="3" />
                <Precinct name="Cordele" votes="0" />
                <Precinct name="Jamestown" votes="1" />
                <Precinct name="Listonia" votes="4" />
            </VoteType>
        </Choice>
        <Choice key="20" text="HILLARY CLINTON" totalVotes="2837">
            <VoteType name="Election Day" votes="1017">
                <Precinct name="Arabi" votes="42" />
                <Precinct name="Coney" votes="28" />
                <Precinct name="Cordele" votes="912" />
                <Precinct name="Jamestown" votes="22" />
                <Precinct name="Listonia" votes="13" />
            </VoteType>
            <VoteType name="Absentee by Mail" votes="134">
                <Precinct name="Arabi" votes="5" />
                <Precinct name="Coney" votes="3" />
                <Precinct name="Cordele" votes="120" />
                <Precinct name="Jamestown" votes="3" />
                <Precinct name="Listonia" votes="3" />
            </VoteType>
            <VoteType name="Advance in Person" votes="1684">
                <Precinct name="Arabi" votes="34" />
                <Precinct name="Coney" votes="30" />
                <Precinct name="Cordele" votes="1549" />
                <Precinct name="Jamestown" votes="53" />
                <Precinct name="Listonia" votes="18" />
            </VoteType>
            <VoteType name="Provisional" votes="2">
                <Precinct name="Arabi" votes="0" />
                <Precinct name="Coney" votes="0" />
                <Precinct name="Cordele" votes="1" />
                <Precinct name="Jamestown" votes="1" />
                <Precinct name="Listonia" votes="0" />
            </VoteType>
        </Choice>
        <Choice key="30" text="GARY JOHNSON" totalVotes="126">
            <VoteType name="Election Day" votes="52">
                <Precinct name="Arabi" votes="4" />
                <Precinct name="Coney" votes="4" />
                <Precinct name="Cordele" votes="31" />
                <Precinct name="Jamestown" votes="6" />
                <Precinct name="Listonia" votes="7" />
            </VoteType>
            <VoteType name="Absentee by Mail" votes="10">
                <Precinct name="Arabi" votes="0" />
                <Precinct name="Coney" votes="0" />
                <Precinct name="Cordele" votes="6" />
                <Precinct name="Jamestown" votes="3" />
                <Precinct name="Listonia" votes="1" />
            </VoteType>
            <VoteType name="Advance in Person" votes="64">
                <Precinct name="Arabi" votes="2" />
                <Precinct name="Coney" votes="3" />
                <Precinct name="Cordele" votes="43" />
                <Precinct name="Jamestown" votes="4" />
                <Precinct name="Listonia" votes="12" />
            </VoteType>
            <VoteType name="Provisional" votes="0">
                <Precinct name="Arabi" votes="0" />
                <Precinct name="Coney" votes="0" />
                <Precinct name="Cordele" votes="0" />
                <Precinct name="Jamestown" votes="0" />
                <Precinct name="Listonia" votes="0" />
            </VoteType>
        </Choice>
    </Contest>
    <Contest key="10" text="United States Senator, Isakson" isQuestion="false" precinctsReporting="5" precinctsReported="5">
        <VoteType name="Number of Precincts for Race" votes="5">
            <Precinct name="Arabi" votes="1" />
            <Precinct name="Coney" votes="1" />
            <Precinct name="Cordele" votes="1" />
            <Precinct name="Jamestown" votes="1" />
            <Precinct name="Listonia" votes="1" />
        </VoteType>
        <VoteType name="Number of Precincts Reporting" votes="5">
            <Precinct name="Arabi" votes="1" />
            <Precinct name="Coney" votes="1" />
            <Precinct name="Cordele" votes="1" />
            <Precinct name="Jamestown" votes="1" />
            <Precinct name="Listonia" votes="1" />
        </VoteType>
        <Choice key="30" text="JOHNNY ISAKSON (I)" totalVotes="4546">
            <VoteType name="Election Day" votes="1369">
                <Precinct name="Arabi" votes="201" />
                <Precinct name="Coney" votes="202" />
                <Precinct name="Cordele" votes="482" />
                <Precinct name="Jamestown" votes="263" />
                <Precinct name="Listonia" votes="221" />
            </VoteType>
            <VoteType name="Absentee by Mail" votes="214">
                <Precinct name="Arabi" votes="17" />
                <Precinct name="Coney" votes="18" />
                <Precinct name="Cordele" votes="136" />
                <Precinct name="Jamestown" votes="31" />
                <Precinct name="Listonia" votes="12" />
            </VoteType>
            <VoteType name="Advance in Person" votes="2955">
                <Precinct name="Arabi" votes="157" />
                <Precinct name="Coney" votes="351" />
                <Precinct name="Cordele" votes="1795" />
                <Precinct name="Jamestown" votes="419" />
                <Precinct name="Listonia" votes="233" />
            </VoteType>
            <VoteType name="Provisional" votes="8">
                <Precinct name="Arabi" votes="1" />
                <Precinct name="Coney" votes="3" />
                <Precinct name="Cordele" votes="0" />
                <Precinct name="Jamestown" votes="1" />
                <Precinct name="Listonia" votes="3" />
            </VoteType>
        </Choice>
        <Choice key="40" text="JIM BARKSDALE" totalVotes="2245">
            <VoteType name="Election Day" votes="783">
                <Precinct name="Arabi" votes="35" />
                <Precinct name="Coney" votes="18" />
                <Precinct name="Cordele" votes="693" />
                <Precinct name="Jamestown" votes="22" />
                <Precinct name="Listonia" votes="15" />
            </VoteType>
            <VoteType name="Absentee by Mail" votes="109">
                <Precinct name="Arabi" votes="6" />
                <Precinct name="Coney" votes="4" />
                <Precinct name="Cordele" votes="94" />
                <Precinct name="Jamestown" votes="4" />
                <Precinct name="Listonia" votes="1" />
            </VoteType>
            <VoteType name="Advance in Person" votes="1352">
                <Precinct name="Arabi" votes="29" />
                <Precinct name="Coney" votes="30" />
                <Precinct name="Cordele" votes="1233" />
                <Precinct name="Jamestown" votes="40" />
                <Precinct name="Listonia" votes="20" />
            </VoteType>
            <VoteType name="Provisional" votes="1">
                <Precinct name="Arabi" votes="0" />
                <Precinct name="Coney" votes="0" />
                <Precinct name="Cordele" votes="0" />
                <Precinct name="Jamestown" votes="1" />
                <Precinct name="Listonia" votes="0" />
            </VoteType>
        </Choice>
        <Choice key="50" text="ALLEN BUCKLEY" totalVotes="171">
            <VoteType name="Election Day" votes="67">
                <Precinct name="Arabi" votes="9" />
                <Precinct name="Coney" votes="4" />
                <Precinct name="Cordele" votes="42" />
                <Precinct name="Jamestown" votes="8" />
                <Precinct name="Listonia" votes="4" />
            </VoteType>
            <VoteType name="Absentee by Mail" votes="5">
                <Precinct name="Arabi" votes="0" />
                <Precinct name="Coney" votes="0" />
                <Precinct name="Cordele" votes="4" />
                <Precinct name="Jamestown" votes="1" />
                <Precinct name="Listonia" votes="0" />
            </VoteType>
            <VoteType name="Advance in Person" votes="98">
                <Precinct name="Arabi" votes="1" />
                <Precinct name="Coney" votes="4" />
                <Precinct name="Cordele" votes="66" />
                <Precinct name="Jamestown" votes="15" />
                <Precinct name="Listonia" votes="12" />
            </VoteType>
            <VoteType name="Provisional" votes="1">
                <Precinct name="Arabi" votes="0" />
                <Precinct name="Coney" votes="0" />
                <Precinct name="Cordele" votes="1" />
                <Precinct name="Jamestown" votes="0" />
                <Precinct name="Listonia" votes="0" />
            </VoteType>
        </Choice>
    </Contest>
    <Contest key="30" text="Public Service Commission, District 2 - Eastern" isQuestion="false" precinctsReporting="5" precinctsReported="5">
        <VoteType name="Number of Precincts for Race" votes="5">
            <Precinct name="Arabi" votes="1" />
            <Precinct name="Coney" votes="1" />
            <Precinct name="Cordele" votes="1" />
            <Precinct name="Jamestown" votes="1" />
            <Precinct name="Listonia" votes="1" />
        </VoteType>
        <VoteType name="Number of Precincts Reporting" votes="5">
            <Precinct name="Arabi" votes="1" />
            <Precinct name="Coney" votes="1" />
            <Precinct name="Cordele" votes="1" />
            <Precinct name="Jamestown" votes="1" />
            <Precinct name="Listonia" votes="1" />
        </VoteType>
        <Choice key="20" text="TIM ECHOLS (I)" totalVotes="4885">
            <VoteType name="Election Day" votes="1476">
                <Precinct name="Arabi" votes="203" />
                <Precinct name="Coney" votes="208" />
                <Precinct name="Cordele" votes="582" />
                <Precinct name="Jamestown" votes="271" />
                <Precinct name="Listonia" votes="212" />
            </VoteType>
            <VoteType name="Absentee by Mail" votes="246">
                <Precinct name="Arabi" votes="22" />
                <Precinct name="Coney" votes="20" />
                <Precinct name="Cordele" votes="163" />
                <Precinct name="Jamestown" votes="30" />
                <Precinct name="Listonia" votes="11" />
            </VoteType>
            <VoteType name="Advance in Person" votes="3155">
                <Precinct name="Arabi" votes="158" />
                <Precinct name="Coney" votes="356" />
                <Precinct name="Cordele" votes="1970" />
                <Precinct name="Jamestown" votes="426" />
                <Precinct name="Listonia" votes="245" />
            </VoteType>
            <VoteType name="Provisional" votes="8">
                <Precinct name="Arabi" votes="1" />
                <Precinct name="Coney" votes="3" />
                <Precinct name="Cordele" votes="0" />
                <Precinct name="Jamestown" votes="1" />
                <Precinct name="Listonia" votes="3" />
            </VoteType>
        </Choice>
        <Choice key="30" text="ERIC HOSKINS" totalVotes="1432">
            <VoteType name="Election Day" votes="560">
                <Precinct name="Arabi" votes="31" />
                <Precinct name="Coney" votes="15" />
                <Precinct name="Cordele" votes="471" />
                <Precinct name="Jamestown" votes="25" />
                <Precinct name="Listonia" votes="18" />
            </VoteType>
            <VoteType name="Absentee by Mail" votes="58">
                <Precinct name="Arabi" votes="1" />
                <Precinct name="Coney" votes="1" />
                <Precinct name="Cordele" votes="49" />
                <Precinct name="Jamestown" votes="6" />
                <Precinct name="Listonia" votes="1" />
            </VoteType>
            <VoteType name="Advance in Person" votes="812">
                <Precinct name="Arabi" votes="14" />
                <Precinct name="Coney" votes="18" />
                <Precinct name="Cordele" votes="728" />
                <Precinct name="Jamestown" votes="36" />
                <Precinct name="Listonia" votes="16" />
            </VoteType>
            <VoteType name="Provisional" votes="2">
                <Precinct name="Arabi" votes="0" />
                <Precinct name="Coney" votes="0" />
                <Precinct name="Cordele" votes="1" />
                <Precinct name="Jamestown" votes="1" />
                <Precinct name="Listonia" votes="0" />
            </VoteType>
        </Choice>
    </Contest>
    <Contest key="50" text="U.S. Representative, District 2" isQuestion="false" precinctsReporting="5" precinctsReported="5">
        <VoteType name="Number of Precincts for Race" votes="5">
            <Precinct name="Arabi" votes="1" />
            <Precinct name="Coney" votes="1" />
            <Precinct name="Cordele" votes="1" />
            <Precinct name="Jamestown" votes="1" />
            <Precinct name="Listonia" votes="1" />
        </VoteType>
        <VoteType name="Number of Precincts Reporting" votes="5">
            <Precinct name="Arabi" votes="1" />
            <Precinct name="Coney" votes="1" />
            <Precinct name="Cordele" votes="1" />
            <Precinct name="Jamestown" votes="1" />
            <Precinct name="Listonia" votes="1" />
        </VoteType>
        <Choice key="10" text="GREG DUKE" totalVotes="3786">
            <VoteType name="Election Day" votes="1109">
                <Precinct name="Arabi" votes="149" />
                <Precinct name="Coney" votes="179" />
                <Precinct name="Cordele" votes="365" />
                <Precinct name="Jamestown" votes="236" />
                <Precinct name="Listonia" votes="180" />
            </VoteType>
            <VoteType name="Absentee by Mail" votes="169">
                <Precinct name="Arabi" votes="15" />
                <Precinct name="Coney" votes="17" />
                <Precinct name="Cordele" votes="103" />
                <Precinct name="Jamestown" votes="27" />
                <Precinct name="Listonia" votes="7" />
            </VoteType>
            <VoteType name="Advance in Person" votes="2501">
                <Precinct name="Arabi" votes="131" />
                <Precinct name="Coney" votes="320" />
                <Precinct name="Cordele" votes="1453" />
                <Precinct name="Jamestown" votes="385" />
                <Precinct name="Listonia" votes="212" />
            </VoteType>
            <VoteType name="Provisional" votes="7">
                <Precinct name="Arabi" votes="1" />
                <Precinct name="Coney" votes="3" />
                <Precinct name="Cordele" votes="0" />
                <Precinct name="Jamestown" votes="1" />
                <Precinct name="Listonia" votes="2" />
            </VoteType>
        </Choice>
        <Choice key="20" text="SANFORD BISHOP (I)" totalVotes="3523">
            <VoteType name="Election Day" votes="1237">
                <Precinct name="Arabi" votes="107" />
                <Precinct name="Coney" votes="51" />
                <Precinct name="Cordele" votes="952" />
                <Precinct name="Jamestown" votes="61" />
                <Precinct name="Listonia" votes="66" />
            </VoteType>
            <VoteType name="Absentee by Mail" votes="165">
                <Precinct name="Arabi" votes="8" />
                <Precinct name="Coney" votes="5" />
                <Precinct name="Cordele" votes="137" />
                <Precinct name="Jamestown" votes="9" />
                <Precinct name="Listonia" votes="6" />
            </VoteType>
            <VoteType name="Advance in Person" votes="2118">
                <Precinct name="Arabi" votes="59" />
                <Precinct name="Coney" votes="69" />
                <Precinct name="Cordele" votes="1830" />
                <Precinct name="Jamestown" votes="94" />
                <Precinct name="Listonia" votes="66" />
            </VoteType>
            <VoteType name="Provisional" votes="3">
                <Precinct name="Arabi" votes="0" />
                <Precinct name="Coney" votes="0" />
                <Precinct name="Cordele" votes="1" />
                <Precinct name="Jamestown" votes="1" />
                <Precinct name="Listonia" votes="1" />
            </VoteType>
        </Choice>
    </Contest>
    <Contest key="70" text="State Senator, District 13" isQuestion="false" precinctsReporting="5" precinctsReported="5">
        <VoteType name="Number of Precincts for Race" votes="5">
            <Precinct name="Arabi" votes="1" />
            <Precinct name="Coney" votes="1" />
            <Precinct name="Cordele" votes="1" />
            <Precinct name="Jamestown" votes="1" />
            <Precinct name="Listonia" votes="1" />
        </VoteType>
        <VoteType name="Number of Precincts Reporting" votes="5">
            <Precinct name="Arabi" votes="1" />
            <Precinct name="Coney" votes="1" />
            <Precinct name="Cordele" votes="1" />
            <Precinct name="Jamestown" votes="1" />
            <Precinct name="Listonia" votes="1" />
        </VoteType>
        <Choice key="10" text="GREG KIRK (I) (REP)" totalVotes="4743">
            <VoteType name="Election Day" votes="1425">
                <Precinct name="Arabi" votes="208" />
                <Precinct name="Coney" votes="203" />
                <Precinct name="Cordele" votes="510" />
                <Precinct name="Jamestown" votes="277" />
                <Precinct name="Listonia" votes="227" />
            </VoteType>
            <VoteType name="Absentee by Mail" votes="220">
                <Precinct name="Arabi" votes="18" />
                <Precinct name="Coney" votes="20" />
                <Precinct name="Cordele" votes="137" />
                <Precinct name="Jamestown" votes="32" />
                <Precinct name="Listonia" votes="13" />
            </VoteType>
            <VoteType name="Advance in Person" votes="3089">
                <Precinct name="Arabi" votes="159" />
                <Precinct name="Coney" votes="357" />
                <Precinct name="Cordele" votes="1882" />
                <Precinct name="Jamestown" votes="432" />
                <Precinct name="Listonia" votes="259" />
            </VoteType>
            <VoteType name="Provisional" votes="9">
                <Precinct name="Arabi" votes="1" />
                <Precinct name="Coney" votes="3" />
                <Precinct name="Cordele" votes="1" />
                <Precinct name="Jamestown" votes="1" />
                <Precinct name="Listonia" votes="3" />
            </VoteType>
        </Choice>
        <Choice key="20" text="RUENETTE MELTON (DEM)" totalVotes="2344">
            <VoteType name="Election Day" votes="848">
                <Precinct name="Arabi" votes="39" />
                <Precinct name="Coney" votes="23" />
                <Precinct name="Cordele" votes="753" />
                <Precinct name="Jamestown" votes="21" />
                <Precinct name="Listonia" votes="12" />
            </VoteType>
            <VoteType name="Absentee by Mail" votes="100">
                <Precinct name="Arabi" votes="5" />
                <Precinct name="Coney" votes="1" />
                <Precinct name="Cordele" votes="91" />
                <Precinct name="Jamestown" votes="3" />
                <Precinct name="Listonia" votes="0" />
            </VoteType>
            <VoteType name="Advance in Person" votes="1395">
                <Precinct name="Arabi" votes="29" />
                <Precinct name="Coney" votes="28" />
                <Precinct name="Cordele" votes="1283" />
                <Precinct name="Jamestown" votes="42" />
                <Precinct name="Listonia" votes="13" />
            </VoteType>
            <VoteType name="Provisional" votes="1">
                <Precinct name="Arabi" votes="0" />
                <Precinct name="Coney" votes="0" />
                <Precinct name="Cordele" votes="0" />
                <Precinct name="Jamestown" votes="1" />
                <Precinct name="Listonia" votes="0" />
            </VoteType>
        </Choice>
    </Contest>
    <Contest key="90" text="State Representative, District 148" isQuestion="false" precinctsReporting="5" precinctsReported="5">
        <VoteType name="Number of Precincts for Race" votes="5">
            <Precinct name="Arabi" votes="1" />
            <Precinct name="Coney" votes="1" />
            <Precinct name="Cordele" votes="1" />
            <Precinct name="Jamestown" votes="1" />
            <Precinct name="Listonia" votes="1" />
        </VoteType>
        <VoteType name="Number of Precincts Reporting" votes="5">
            <Precinct name="Arabi" votes="1" />
            <Precinct name="Coney" votes="1" />
            <Precinct name="Cordele" votes="1" />
            <Precinct name="Jamestown" votes="1" />
            <Precinct name="Listonia" votes="1" />
        </VoteType>
        <Choice key="10" text="BUDDY HARDEN (I) (REP)" totalVotes="5944">
            <VoteType name="Election Day" votes="1857">
                <Precinct name="Arabi" votes="234" />
                <Precinct name="Coney" votes="220" />
                <Precinct name="Cordele" votes="883" />
                <Precinct name="Jamestown" votes="287" />
                <Precinct name="Listonia" votes="233" />
            </VoteType>
            <VoteType name="Absentee by Mail" votes="295">
                <Precinct name="Arabi" votes="22" />
                <Precinct name="Coney" votes="21" />
                <Precinct name="Cordele" votes="208" />
                <Precinct name="Jamestown" votes="34" />
                <Precinct name="Listonia" votes="10" />
            </VoteType>
            <VoteType name="Advance in Person" votes="3782">
                <Precinct name="Arabi" votes="165" />
                <Precinct name="Coney" votes="375" />
                <Precinct name="Cordele" votes="2529" />
                <Precinct name="Jamestown" votes="446" />
                <Precinct name="Listonia" votes="267" />
            </VoteType>
            <VoteType name="Provisional" votes="10">
                <Precinct name="Arabi" votes="1" />
                <Precinct name="Coney" votes="3" />
                <Precinct name="Cordele" votes="1" />
                <Precinct name="Jamestown" votes="2" />
                <Precinct name="Listonia" votes="3" />
            </VoteType>
        </Choice>
    </Contest>
    <Contest key="95" text="District Attorney, Cordele Circuit" isQuestion="false" precinctsReporting="5" precinctsReported="5">
        <VoteType name="Number of Precincts for Race" votes="5">
            <Precinct name="Arabi" votes="1" />
            <Precinct name="Coney" votes="1" />
            <Precinct name="Cordele" votes="1" />
            <Precinct name="Jamestown" votes="1" />
            <Precinct name="Listonia" votes="1" />
        </VoteType>
        <VoteType name="Number of Precincts Reporting" votes="5">
            <Precinct name="Arabi" votes="1" />
            <Precinct name="Coney" votes="1" />
            <Precinct name="Cordele" votes="1" />
            <Precinct name="Jamestown" votes="1" />
            <Precinct name="Listonia" votes="1" />
        </VoteType>
        <Choice key="20" text="BRADFORD L RIGBY" totalVotes="5823">
            <VoteType name="Election Day" votes="1838">
                <Precinct name="Arabi" votes="213" />
                <Precinct name="Coney" votes="204" />
                <Precinct name="Cordele" votes="959" />
                <Precinct name="Jamestown" votes="257" />
                <Precinct name="Listonia" votes="205" />
            </VoteType>
            <VoteType name="Absentee by Mail" votes="277">
                <Precinct name="Arabi" votes="22" />
                <Precinct name="Coney" votes="16" />
                <Precinct name="Cordele" votes="196" />
                <Precinct name="Jamestown" votes="33" />
                <Precinct name="Listonia" votes="10" />
            </VoteType>
            <VoteType name="Advance in Person" votes="3701">
                <Precinct name="Arabi" votes="153" />
                <Precinct name="Coney" votes="349" />
                <Precinct name="Cordele" votes="2544" />
                <Precinct name="Jamestown" votes="408" />
                <Precinct name="Listonia" votes="247" />
            </VoteType>
            <VoteType name="Provisional" votes="7">
                <Precinct name="Arabi" votes="1" />
                <Precinct name="Coney" votes="1" />
                <Precinct name="Cordele" votes="1" />
                <Precinct name="Jamestown" votes="1" />
                <Precinct name="Listonia" votes="3" />
            </VoteType>
        </Choice>
    </Contest>
    <Contest key="110" text="JUDGE, PROBATE COURT" isQuestion="false" precinctsReporting="5" precinctsReported="5">
        <VoteType name="Number of Precincts for Race" votes="5">
            <Precinct name="Arabi" votes="1" />
            <Precinct name="Coney" votes="1" />
            <Precinct name="Cordele" votes="1" />
            <Precinct name="Jamestown" votes="1" />
            <Precinct name="Listonia" votes="1" />
        </VoteType>
        <VoteType name="Number of Precincts Reporting" votes="5">
            <Precinct name="Arabi" votes="1" />
            <Precinct name="Coney" votes="1" />
            <Precinct name="Cordele" votes="1" />
            <Precinct name="Jamestown" votes="1" />
            <Precinct name="Listonia" votes="1" />
        </VoteType>
        <Choice key="30" text="A. ROBERTS HOLLOW (R" totalVotes="4563">
            <VoteType name="Election Day" votes="1360">
                <Precinct name="Arabi" votes="203" />
                <Precinct name="Coney" votes="199" />
                <Precinct name="Cordele" votes="484" />
                <Precinct name="Jamestown" votes="271" />
                <Precinct name="Listonia" votes="203" />
            </VoteType>
            <VoteType name="Absentee by Mail" votes="233">
                <Precinct name="Arabi" votes="17" />
                <Precinct name="Coney" votes="20" />
                <Precinct name="Cordele" votes="152" />
                <Precinct name="Jamestown" votes="32" />
                <Precinct name="Listonia" votes="12" />
            </VoteType>
            <VoteType name="Advance in Person" votes="2962">
                <Precinct name="Arabi" votes="150" />
                <Precinct name="Coney" votes="352" />
                <Precinct name="Cordele" votes="1805" />
                <Precinct name="Jamestown" votes="423" />
                <Precinct name="Listonia" votes="232" />
            </VoteType>
            <VoteType name="Provisional" votes="8">
                <Precinct name="Arabi" votes="1" />
                <Precinct name="Coney" votes="3" />
                <Precinct name="Cordele" votes="0" />
                <Precinct name="Jamestown" votes="1" />
                <Precinct name="Listonia" votes="3" />
            </VoteType>
        </Choice>
        <Choice key="40" text="H. FOX (D)" totalVotes="2798">
            <VoteType name="Election Day" votes="1017">
                <Precinct name="Arabi" votes="52" />
                <Precinct name="Coney" votes="32" />
                <Precinct name="Cordele" votes="865" />
                <Precinct name="Jamestown" votes="28" />
                <Precinct name="Listonia" votes="40" />
            </VoteType>
            <VoteType name="Absentee by Mail" votes="99">
                <Precinct name="Arabi" votes="6" />
                <Precinct name="Coney" votes="1" />
                <Precinct name="Cordele" votes="88" />
                <Precinct name="Jamestown" votes="3" />
                <Precinct name="Listonia" votes="1" />
            </VoteType>
            <VoteType name="Advance in Person" votes="1680">
                <Precinct name="Arabi" votes="42" />
                <Precinct name="Coney" votes="38" />
                <Precinct name="Cordele" votes="1492" />
                <Precinct name="Jamestown" votes="62" />
                <Precinct name="Listonia" votes="46" />
            </VoteType>
            <VoteType name="Provisional" votes="2">
                <Precinct name="Arabi" votes="0" />
                <Precinct name="Coney" votes="0" />
                <Precinct name="Cordele" votes="1" />
                <Precinct name="Jamestown" votes="1" />
                <Precinct name="Listonia" votes="0" />
            </VoteType>
        </Choice>
    </Contest>
    <Contest key="130" text="CLERK, SUPERIOR COURT" isQuestion="false" precinctsReporting="5" precinctsReported="5">
        <VoteType name="Number of Precincts for Race" votes="5">
            <Precinct name="Arabi" votes="1" />
            <Precinct name="Coney" votes="1" />
            <Precinct name="Cordele" votes="1" />
            <Precinct name="Jamestown" votes="1" />
            <Precinct name="Listonia" votes="1" />
        </VoteType>
        <VoteType name="Number of Precincts Reporting" votes="5">
            <Precinct name="Arabi" votes="1" />
            <Precinct name="Coney" votes="1" />
            <Precinct name="Cordele" votes="1" />
            <Precinct name="Jamestown" votes="1" />
            <Precinct name="Listonia" votes="1" />
        </VoteType>
        <Choice key="10" text="J. H. ROGERS (I) R" totalVotes="5406">
            <VoteType name="Election Day" votes="1635">
                <Precinct name="Arabi" votes="234" />
                <Precinct name="Coney" votes="216" />
                <Precinct name="Cordele" votes="678" />
                <Precinct name="Jamestown" votes="282" />
                <Precinct name="Listonia" votes="225" />
            </VoteType>
            <VoteType name="Absentee by Mail" votes="263">
                <Precinct name="Arabi" votes="22" />
                <Precinct name="Coney" votes="22" />
                <Precinct name="Cordele" votes="173" />
                <Precinct name="Jamestown" votes="33" />
                <Precinct name="Listonia" votes="13" />
            </VoteType>
            <VoteType name="Advance in Person" votes="3499">
                <Precinct name="Arabi" votes="171" />
                <Precinct name="Coney" votes="377" />
                <Precinct name="Cordele" votes="2229" />
                <Precinct name="Jamestown" votes="451" />
                <Precinct name="Listonia" votes="271" />
            </VoteType>
            <VoteType name="Provisional" votes="9">
                <Precinct name="Arabi" votes="1" />
                <Precinct name="Coney" votes="3" />
                <Precinct name="Cordele" votes="1" />
                <Precinct name="Jamestown" votes="1" />
                <Precinct name="Listonia" votes="3" />
            </VoteType>
        </Choice>
        <Choice key="20" text="C. O POSTELL (D)" totalVotes="1866">
            <VoteType name="Election Day" votes="685">
                <Precinct name="Arabi" votes="22" />
                <Precinct name="Coney" votes="13" />
                <Precinct name="Cordele" votes="624" />
                <Precinct name="Jamestown" votes="14" />
                <Precinct name="Listonia" votes="12" />
            </VoteType>
            <VoteType name="Absentee by Mail" votes="69">
                <Precinct name="Arabi" votes="1" />
                <Precinct name="Coney" votes="0" />
                <Precinct name="Cordele" votes="64" />
                <Precinct name="Jamestown" votes="2" />
                <Precinct name="Listonia" votes="2" />
            </VoteType>
            <VoteType name="Advance in Person" votes="1111">
                <Precinct name="Arabi" votes="17" />
                <Precinct name="Coney" votes="15" />
                <Precinct name="Cordele" votes="1039" />
                <Precinct name="Jamestown" votes="30" />
                <Precinct name="Listonia" votes="10" />
            </VoteType>
            <VoteType name="Provisional" votes="1">
                <Precinct name="Arabi" votes="0" />
                <Precinct name="Coney" votes="0" />
                <Precinct name="Cordele" votes="0" />
                <Precinct name="Jamestown" votes="1" />
                <Precinct name="Listonia" votes="0" />
            </VoteType>
        </Choice>
    </Contest>
    <Contest key="150" text="SHERIFF" isQuestion="false" precinctsReporting="5" precinctsReported="5">
        <VoteType name="Number of Precincts for Race" votes="5">
            <Precinct name="Arabi" votes="1" />
            <Precinct name="Coney" votes="1" />
            <Precinct name="Cordele" votes="1" />
            <Precinct name="Jamestown" votes="1" />
            <Precinct name="Listonia" votes="1" />
        </VoteType>
        <VoteType name="Number of Precincts Reporting" votes="5">
            <Precinct name="Arabi" votes="1" />
            <Precinct name="Coney" votes="1" />
            <Precinct name="Cordele" votes="1" />
            <Precinct name="Jamestown" votes="1" />
            <Precinct name="Listonia" votes="1" />
        </VoteType>
        <Choice key="10" text="B. HANCOCK (I) R" totalVotes="5881">
            <VoteType name="Election Day" votes="1786">
                <Precinct name="Arabi" votes="236" />
                <Precinct name="Coney" votes="222" />
                <Precinct name="Cordele" votes="797" />
                <Precinct name="Jamestown" votes="293" />
                <Precinct name="Listonia" votes="238" />
            </VoteType>
            <VoteType name="Absentee by Mail" votes="277">
                <Precinct name="Arabi" votes="23" />
                <Precinct name="Coney" votes="22" />
                <Precinct name="Cordele" votes="186" />
                <Precinct name="Jamestown" votes="34" />
                <Precinct name="Listonia" votes="12" />
            </VoteType>
            <VoteType name="Advance in Person" votes="3809">
                <Precinct name="Arabi" votes="172" />
                <Precinct name="Coney" votes="384" />
                <Precinct name="Cordele" votes="2509" />
                <Precinct name="Jamestown" votes="468" />
                <Precinct name="Listonia" votes="276" />
            </VoteType>
            <VoteType name="Provisional" votes="9">
                <Precinct name="Arabi" votes="1" />
                <Precinct name="Coney" votes="3" />
                <Precinct name="Cordele" votes="1" />
                <Precinct name="Jamestown" votes="1" />
                <Precinct name="Listonia" votes="3" />
            </VoteType>
        </Choice>
        <Choice key="20" text="R. B. REDDING (D)" totalVotes="1556">
            <VoteType name="Election Day" votes="607">
                <Precinct name="Arabi" votes="19" />
                <Precinct name="Coney" votes="8" />
                <Precinct name="Cordele" votes="564" />
                <Precinct name="Jamestown" votes="8" />
                <Precinct name="Listonia" votes="8" />
            </VoteType>
            <VoteType name="Absentee by Mail" votes="61">
                <Precinct name="Arabi" votes="0" />
                <Precinct name="Coney" votes="1" />
                <Precinct name="Cordele" votes="55" />
                <Precinct name="Jamestown" votes="2" />
                <Precinct name="Listonia" votes="3" />
            </VoteType>
            <VoteType name="Advance in Person" votes="887">
                <Precinct name="Arabi" votes="22" />
                <Precinct name="Coney" votes="10" />
                <Precinct name="Cordele" votes="831" />
                <Precinct name="Jamestown" votes="16" />
                <Precinct name="Listonia" votes="8" />
            </VoteType>
            <VoteType name="Provisional" votes="1">
                <Precinct name="Arabi" votes="0" />
                <Precinct name="Coney" votes="0" />
                <Precinct name="Cordele" votes="0" />
                <Precinct name="Jamestown" votes="1" />
                <Precinct name="Listonia" votes="0" />
            </VoteType>
        </Choice>
    </Contest>
    <Contest key="170" text="TAX COMMISSIONER" isQuestion="false" precinctsReporting="5" precinctsReported="5">
        <VoteType name="Number of Precincts for Race" votes="5">
            <Precinct name="Arabi" votes="1" />
            <Precinct name="Coney" votes="1" />
            <Precinct name="Cordele" votes="1" />
            <Precinct name="Jamestown" votes="1" />
            <Precinct name="Listonia" votes="1" />
        </VoteType>
        <VoteType name="Number of Precincts Reporting" votes="5">
            <Precinct name="Arabi" votes="1" />
            <Precinct name="Coney" votes="1" />
            <Precinct name="Cordele" votes="1" />
            <Precinct name="Jamestown" votes="1" />
            <Precinct name="Listonia" votes="1" />
        </VoteType>
        <Choice key="20" text="D. LOFTON (R)" totalVotes="5875">
            <VoteType name="Election Day" votes="1806">
                <Precinct name="Arabi" votes="236" />
                <Precinct name="Coney" votes="209" />
                <Precinct name="Cordele" votes="862" />
                <Precinct name="Jamestown" votes="281" />
                <Precinct name="Listonia" votes="218" />
            </VoteType>
            <VoteType name="Absentee by Mail" votes="266">
                <Precinct name="Arabi" votes="20" />
                <Precinct name="Coney" votes="20" />
                <Precinct name="Cordele" votes="182" />
                <Precinct name="Jamestown" votes="32" />
                <Precinct name="Listonia" votes="12" />
            </VoteType>
            <VoteType name="Advance in Person" votes="3793">
                <Precinct name="Arabi" votes="162" />
                <Precinct name="Coney" votes="373" />
                <Precinct name="Cordele" votes="2551" />
                <Precinct name="Jamestown" votes="443" />
                <Precinct name="Listonia" votes="264" />
            </VoteType>
            <VoteType name="Provisional" votes="10">
                <Precinct name="Arabi" votes="1" />
                <Precinct name="Coney" votes="3" />
                <Precinct name="Cordele" votes="1" />
                <Precinct name="Jamestown" votes="2" />
                <Precinct name="Listonia" votes="3" />
            </VoteType>
        </Choice>
        <Choice key="30" text="D. MCGILL SR (D)" totalVotes="1345">
            <VoteType name="Election Day" votes="514">
                <Precinct name="Arabi" votes="16" />
                <Precinct name="Coney" votes="19" />
                <Precinct name="Cordele" votes="453" />
                <Precinct name="Jamestown" votes="14" />
                <Precinct name="Listonia" votes="12" />
            </VoteType>
            <VoteType name="Absentee by Mail" votes="58">
                <Precinct name="Arabi" votes="1" />
                <Precinct name="Coney" votes="0" />
                <Precinct name="Cordele" votes="53" />
                <Precinct name="Jamestown" votes="3" />
                <Precinct name="Listonia" votes="1" />
            </VoteType>
            <VoteType name="Advance in Person" votes="773">
                <Precinct name="Arabi" votes="19" />
                <Precinct name="Coney" votes="13" />
                <Precinct name="Cordele" votes="706" />
                <Precinct name="Jamestown" votes="26" />
                <Precinct name="Listonia" votes="9" />
            </VoteType>
            <VoteType name="Provisional" votes="0">
                <Precinct name="Arabi" votes="0" />
                <Precinct name="Coney" votes="0" />
                <Precinct name="Cordele" votes="0" />
                <Precinct name="Jamestown" votes="0" />
                <Precinct name="Listonia" votes="0" />
            </VoteType>
        </Choice>
    </Contest>
    <Contest key="210" text="CORONER" isQuestion="false" precinctsReporting="5" precinctsReported="5">
        <VoteType name="Number of Precincts for Race" votes="5">
            <Precinct name="Arabi" votes="1" />
            <Precinct name="Coney" votes="1" />
            <Precinct name="Cordele" votes="1" />
            <Precinct name="Jamestown" votes="1" />
            <Precinct name="Listonia" votes="1" />
        </VoteType>
        <VoteType name="Number of Precincts Reporting" votes="5">
            <Precinct name="Arabi" votes="1" />
            <Precinct name="Coney" votes="1" />
            <Precinct name="Cordele" votes="1" />
            <Precinct name="Jamestown" votes="1" />
            <Precinct name="Listonia" votes="1" />
        </VoteType>
        <Choice key="10" text="J. D. RAINE (I) R" totalVotes="6314">
            <VoteType name="Election Day" votes="2001">
                <Precinct name="Arabi" votes="250" />
                <Precinct name="Coney" votes="223" />
                <Precinct name="Cordele" votes="1001" />
                <Precinct name="Jamestown" votes="292" />
                <Precinct name="Listonia" votes="235" />
            </VoteType>
            <VoteType name="Absentee by Mail" votes="297">
                <Precinct name="Arabi" votes="21" />
                <Precinct name="Coney" votes="19" />
                <Precinct name="Cordele" votes="213" />
                <Precinct name="Jamestown" votes="34" />
                <Precinct name="Listonia" votes="10" />
            </VoteType>
            <VoteType name="Advance in Person" votes="4007">
                <Precinct name="Arabi" votes="175" />
                <Precinct name="Coney" votes="374" />
                <Precinct name="Cordele" votes="2735" />
                <Precinct name="Jamestown" votes="457" />
                <Precinct name="Listonia" votes="266" />
            </VoteType>
            <VoteType name="Provisional" votes="9">
                <Precinct name="Arabi" votes="1" />
                <Precinct name="Coney" votes="2" />
                <Precinct name="Cordele" votes="1" />
                <Precinct name="Jamestown" votes="2" />
                <Precinct name="Listonia" votes="3" />
            </VoteType>
        </Choice>
    </Contest>
    <Contest key="230" text="CHIEF MAGISTRATE" isQuestion="false" precinctsReporting="5" precinctsReported="5">
        <VoteType name="Number of Precincts for Race" votes="5">
            <Precinct name="Arabi" votes="1" />
            <Precinct name="Coney" votes="1" />
            <Precinct name="Cordele" votes="1" />
            <Precinct name="Jamestown" votes="1" />
            <Precinct name="Listonia" votes="1" />
        </VoteType>
        <VoteType name="Number of Precincts Reporting" votes="5">
            <Precinct name="Arabi" votes="1" />
            <Precinct name="Coney" votes="1" />
            <Precinct name="Cordele" votes="1" />
            <Precinct name="Jamestown" votes="1" />
            <Precinct name="Listonia" votes="1" />
        </VoteType>
        <Choice key="10" text="S. J. INGRAM (I) R" totalVotes="6006">
            <VoteType name="Election Day" votes="1880">
                <Precinct name="Arabi" votes="238" />
                <Precinct name="Coney" votes="216" />
                <Precinct name="Cordele" votes="919" />
                <Precinct name="Jamestown" votes="285" />
                <Precinct name="Listonia" votes="222" />
            </VoteType>
            <VoteType name="Absentee by Mail" votes="290">
                <Precinct name="Arabi" votes="22" />
                <Precinct name="Coney" votes="20" />
                <Precinct name="Cordele" votes="204" />
                <Precinct name="Jamestown" votes="34" />
                <Precinct name="Listonia" votes="10" />
            </VoteType>
            <VoteType name="Advance in Person" votes="3826">
                <Precinct name="Arabi" votes="163" />
                <Precinct name="Coney" votes="377" />
                <Precinct name="Cordele" votes="2578" />
                <Precinct name="Jamestown" votes="443" />
                <Precinct name="Listonia" votes="265" />
            </VoteType>
            <VoteType name="Provisional" votes="10">
                <Precinct name="Arabi" votes="1" />
                <Precinct name="Coney" votes="3" />
                <Precinct name="Cordele" votes="1" />
                <Precinct name="Jamestown" votes="2" />
                <Precinct name="Listonia" votes="3" />
            </VoteType>
        </Choice>
    </Contest>
    <Contest key="270" text="CC, D2 P3" isQuestion="false" precinctsReporting="5" precinctsReported="5">
        <VoteType name="Number of Precincts for Race" votes="5">
            <Precinct name="Arabi" votes="1" />
            <Precinct name="Coney" votes="1" />
            <Precinct name="Cordele" votes="1" />
            <Precinct name="Jamestown" votes="1" />
            <Precinct name="Listonia" votes="1" />
        </VoteType>
        <VoteType name="Number of Precincts Reporting" votes="5">
            <Precinct name="Arabi" votes="1" />
            <Precinct name="Coney" votes="1" />
            <Precinct name="Cordele" votes="1" />
            <Precinct name="Jamestown" votes="1" />
            <Precinct name="Listonia" votes="1" />
        </VoteType>
        <Choice key="10" text="J. R. DOWDY (R)" totalVotes="4986">
            <VoteType name="Election Day" votes="1529">
                <Precinct name="Arabi" votes="241" />
                <Precinct name="Coney" votes="218" />
                <Precinct name="Cordele" votes="556" />
                <Precinct name="Jamestown" votes="284" />
                <Precinct name="Listonia" votes="230" />
            </VoteType>
            <VoteType name="Absentee by Mail" votes="218">
                <Precinct name="Arabi" votes="22" />
                <Precinct name="Coney" votes="19" />
                <Precinct name="Cordele" votes="133" />
                <Precinct name="Jamestown" votes="34" />
                <Precinct name="Listonia" votes="10" />
            </VoteType>
            <VoteType name="Advance in Person" votes="3230">
                <Precinct name="Arabi" votes="167" />
                <Precinct name="Coney" votes="372" />
                <Precinct name="Cordele" votes="1978" />
                <Precinct name="Jamestown" votes="446" />
                <Precinct name="Listonia" votes="267" />
            </VoteType>
            <VoteType name="Provisional" votes="9">
                <Precinct name="Arabi" votes="1" />
                <Precinct name="Coney" votes="3" />
                <Precinct name="Cordele" votes="0" />
                <Precinct name="Jamestown" votes="2" />
                <Precinct name="Listonia" votes="3" />
            </VoteType>
        </Choice>
    </Contest>
    <Contest key="290" text="BOE, EAST CRISP DISTRICT" isQuestion="false" precinctsReporting="5" precinctsReported="5">
        <VoteType name="Number of Precincts for Race" votes="5">
            <Precinct name="Arabi" votes="1" />
            <Precinct name="Coney" votes="1" />
            <Precinct name="Cordele" votes="1" />
            <Precinct name="Jamestown" votes="1" />
            <Precinct name="Listonia" votes="1" />
        </VoteType>
        <VoteType name="Number of Precincts Reporting" votes="5">
            <Precinct name="Arabi" votes="1" />
            <Precinct name="Coney" votes="1" />
            <Precinct name="Cordele" votes="1" />
            <Precinct name="Jamestown" votes="1" />
            <Precinct name="Listonia" votes="1" />
        </VoteType>
        <Choice key="10" text="J. POSEY (R)" totalVotes="4542">
            <VoteType name="Election Day" votes="1347">
                <Precinct name="Arabi" votes="197" />
                <Precinct name="Coney" votes="194" />
                <Precinct name="Cordele" votes="465" />
                <Precinct name="Jamestown" votes="268" />
                <Precinct name="Listonia" votes="223" />
            </VoteType>
            <VoteType name="Absentee by Mail" votes="221">
                <Precinct name="Arabi" votes="21" />
                <Precinct name="Coney" votes="18" />
                <Precinct name="Cordele" votes="136" />
                <Precinct name="Jamestown" votes="33" />
                <Precinct name="Listonia" votes="13" />
            </VoteType>
            <VoteType name="Advance in Person" votes="2967">
                <Precinct name="Arabi" votes="152" />
                <Precinct name="Coney" votes="343" />
                <Precinct name="Cordele" votes="1795" />
                <Precinct name="Jamestown" votes="419" />
                <Precinct name="Listonia" votes="258" />
            </VoteType>
            <VoteType name="Provisional" votes="7">
                <Precinct name="Arabi" votes="1" />
                <Precinct name="Coney" votes="3" />
                <Precinct name="Cordele" votes="0" />
                <Precinct name="Jamestown" votes="1" />
                <Precinct name="Listonia" votes="2" />
            </VoteType>
        </Choice>
        <Choice key="20" text="C. MCGILL (D)" totalVotes="2607">
            <VoteType name="Election Day" votes="941">
                <Precinct name="Arabi" votes="50" />
                <Precinct name="Coney" votes="28" />
                <Precinct name="Cordele" votes="823" />
                <Precinct name="Jamestown" votes="28" />
                <Precinct name="Listonia" votes="12" />
            </VoteType>
            <VoteType name="Absentee by Mail" votes="98">
                <Precinct name="Arabi" votes="2" />
                <Precinct name="Coney" votes="3" />
                <Precinct name="Cordele" votes="91" />
                <Precinct name="Jamestown" votes="2" />
                <Precinct name="Listonia" votes="0" />
            </VoteType>
            <VoteType name="Advance in Person" votes="1565">
                <Precinct name="Arabi" votes="37" />
                <Precinct name="Coney" votes="43" />
                <Precinct name="Cordele" votes="1412" />
                <Precinct name="Jamestown" votes="54" />
                <Precinct name="Listonia" votes="19" />
            </VoteType>
            <VoteType name="Provisional" votes="3">
                <Precinct name="Arabi" votes="0" />
                <Precinct name="Coney" votes="0" />
                <Precinct name="Cordele" votes="1" />
                <Precinct name="Jamestown" votes="1" />
                <Precinct name="Listonia" votes="1" />
            </VoteType>
        </Choice>
    </Contest>
    <Contest key="310" text="BOE, CORDELE DISTRICT" isQuestion="false" precinctsReporting="5" precinctsReported="5">
        <VoteType name="Number of Precincts for Race" votes="5">
            <Precinct name="Arabi" votes="1" />
            <Precinct name="Coney" votes="1" />
            <Precinct name="Cordele" votes="1" />
            <Precinct name="Jamestown" votes="1" />
            <Precinct name="Listonia" votes="1" />
        </VoteType>
        <VoteType name="Number of Precincts Reporting" votes="5">
            <Precinct name="Arabi" votes="1" />
            <Precinct name="Coney" votes="1" />
            <Precinct name="Cordele" votes="1" />
            <Precinct name="Jamestown" votes="1" />
            <Precinct name="Listonia" votes="1" />
        </VoteType>
        <Choice key="10" text="L. ADKINS (I) R" totalVotes="4703">
            <VoteType name="Election Day" votes="1434">
                <Precinct name="Arabi" votes="213" />
                <Precinct name="Coney" votes="210" />
                <Precinct name="Cordele" votes="524" />
                <Precinct name="Jamestown" votes="273" />
                <Precinct name="Listonia" votes="214" />
            </VoteType>
            <VoteType name="Absentee by Mail" votes="227">
                <Precinct name="Arabi" votes="18" />
                <Precinct name="Coney" votes="20" />
                <Precinct name="Cordele" votes="143" />
                <Precinct name="Jamestown" votes="34" />
                <Precinct name="Listonia" votes="12" />
            </VoteType>
            <VoteType name="Advance in Person" votes="3034">
                <Precinct name="Arabi" votes="159" />
                <Precinct name="Coney" votes="345" />
                <Precinct name="Cordele" votes="1848" />
                <Precinct name="Jamestown" votes="432" />
                <Precinct name="Listonia" votes="250" />
            </VoteType>
            <VoteType name="Provisional" votes="8">
                <Precinct name="Arabi" votes="0" />
                <Precinct name="Coney" votes="3" />
                <Precinct name="Cordele" votes="1" />
                <Precinct name="Jamestown" votes="1" />
                <Precinct name="Listonia" votes="3" />
            </VoteType>
        </Choice>
        <Choice key="20" text="C. LUCAS JR (D)" totalVotes="2591">
            <VoteType name="Election Day" votes="924">
                <Precinct name="Arabi" votes="44" />
                <Precinct name="Coney" votes="16" />
                <Precinct name="Cordele" votes="817" />
                <Precinct name="Jamestown" votes="24" />
                <Precinct name="Listonia" votes="23" />
            </VoteType>
            <VoteType name="Absentee by Mail" votes="97">
                <Precinct name="Arabi" votes="3" />
                <Precinct name="Coney" votes="2" />
                <Precinct name="Cordele" votes="91" />
                <Precinct name="Jamestown" votes="1" />
                <Precinct name="Listonia" votes="0" />
            </VoteType>
            <VoteType name="Advance in Person" votes="1568">
                <Precinct name="Arabi" votes="28" />
                <Precinct name="Coney" votes="42" />
                <Precinct name="Cordele" votes="1431" />
                <Precinct name="Jamestown" votes="43" />
                <Precinct name="Listonia" votes="24" />
            </VoteType>
            <VoteType name="Provisional" votes="2">
                <Precinct name="Arabi" votes="1" />
                <Precinct name="Coney" votes="0" />
                <Precinct name="Cordele" votes="0" />
                <Precinct name="Jamestown" votes="1" />
                <Precinct name="Listonia" votes="0" />
            </VoteType>
        </Choice>
    </Contest>
    <Contest key="330" text="Constitutional Amendment #1&lt;br&gt;Provides greater flexibility and state accountability to fix failing schools through increasing community involvement." isQuestion="false" precinctsReporting="5" precinctsReported="5">
        <VoteType name="Number of Precincts for Race" votes="5">
            <Precinct name="Arabi" votes="1" />
            <Precinct name="Coney" votes="1" />
            <Precinct name="Cordele" votes="1" />
            <Precinct name="Jamestown" votes="1" />
            <Precinct name="Listonia" votes="1" />
        </VoteType>
        <VoteType name="Number of Precincts Reporting" votes="5">
            <Precinct name="Arabi" votes="1" />
            <Precinct name="Coney" votes="1" />
            <Precinct name="Cordele" votes="1" />
            <Precinct name="Jamestown" votes="1" />
            <Precinct name="Listonia" votes="1" />
        </VoteType>
        <Choice key="10" text="YES" totalVotes="3004">
            <VoteType name="Election Day" votes="969">
                <Precinct name="Arabi" votes="88" />
                <Precinct name="Coney" votes="88" />
                <Precinct name="Cordele" votes="629" />
                <Precinct name="Jamestown" votes="102" />
                <Precinct name="Listonia" votes="62" />
            </VoteType>
            <VoteType name="Absentee by Mail" votes="158">
                <Precinct name="Arabi" votes="11" />
                <Precinct name="Coney" votes="12" />
                <Precinct name="Cordele" votes="115" />
                <Precinct name="Jamestown" votes="15" />
                <Precinct name="Listonia" votes="5" />
            </VoteType>
            <VoteType name="Advance in Person" votes="1871">
                <Precinct name="Arabi" votes="80" />
                <Precinct name="Coney" votes="138" />
                <Precinct name="Cordele" votes="1388" />
                <Precinct name="Jamestown" votes="176" />
                <Precinct name="Listonia" votes="89" />
            </VoteType>
            <VoteType name="Provisional" votes="6">
                <Precinct name="Arabi" votes="0" />
                <Precinct name="Coney" votes="2" />
                <Precinct name="Cordele" votes="0" />
                <Precinct name="Jamestown" votes="1" />
                <Precinct name="Listonia" votes="3" />
            </VoteType>
        </Choice>
        <Choice key="20" text="NO" totalVotes="4112">
            <VoteType name="Election Day" votes="1321">
                <Precinct name="Arabi" votes="162" />
                <Precinct name="Coney" votes="142" />
                <Precinct name="Cordele" votes="648" />
                <Precinct name="Jamestown" votes="195" />
                <Precinct name="Listonia" votes="174" />
            </VoteType>
            <VoteType name="Absentee by Mail" votes="169">
                <Precinct name="Arabi" votes="10" />
                <Precinct name="Coney" votes="10" />
                <Precinct name="Cordele" votes="120" />
                <Precinct name="Jamestown" votes="22" />
                <Precinct name="Listonia" votes="7" />
            </VoteType>
            <VoteType name="Advance in Person" votes="2617">
                <Precinct name="Arabi" votes="106" />
                <Precinct name="Coney" votes="249" />
                <Precinct name="Cordele" votes="1780" />
                <Precinct name="Jamestown" votes="298" />
                <Precinct name="Listonia" votes="184" />
            </VoteType>
            <VoteType name="Provisional" votes="5">
                <Precinct name="Arabi" votes="1" />
                <Precinct name="Coney" votes="1" />
                <Precinct name="Cordele" votes="1" />
                <Precinct name="Jamestown" votes="1" />
                <Precinct name="Listonia" votes="1" />
            </VoteType>
        </Choice>
    </Contest>
    <Contest key="340" text="Constitutional Amendment #2&lt;br&gt;Authorizes penalties for sexual exploitation and assessments on adult entertainment to fund child victims' services." isQuestion="false" precinctsReporting="5" precinctsReported="5">
        <VoteType name="Number of Precincts for Race" votes="5">
            <Precinct name="Arabi" votes="1" />
            <Precinct name="Coney" votes="1" />
            <Precinct name="Cordele" votes="1" />
            <Precinct name="Jamestown" votes="1" />
            <Precinct name="Listonia" votes="1" />
        </VoteType>
        <VoteType name="Number of Precincts Reporting" votes="5">
            <Precinct name="Arabi" votes="1" />
            <Precinct name="Coney" votes="1" />
            <Precinct name="Cordele" votes="1" />
            <Precinct name="Jamestown" votes="1" />
            <Precinct name="Listonia" votes="1" />
        </VoteType>
        <Choice key="10" text="YES" totalVotes="5882">
            <VoteType name="Election Day" votes="1895">
                <Precinct name="Arabi" votes="215" />
                <Precinct name="Coney" votes="187" />
                <Precinct name="Cordele" votes="1050" />
                <Precinct name="Jamestown" votes="257" />
                <Precinct name="Listonia" votes="186" />
            </VoteType>
            <VoteType name="Absentee by Mail" votes="272">
                <Precinct name="Arabi" votes="20" />
                <Precinct name="Coney" votes="15" />
                <Precinct name="Cordele" votes="200" />
                <Precinct name="Jamestown" votes="29" />
                <Precinct name="Listonia" votes="8" />
            </VoteType>
            <VoteType name="Advance in Person" votes="3706">
                <Precinct name="Arabi" votes="167" />
                <Precinct name="Coney" votes="311" />
                <Precinct name="Cordele" votes="2592" />
                <Precinct name="Jamestown" votes="413" />
                <Precinct name="Listonia" votes="223" />
            </VoteType>
            <VoteType name="Provisional" votes="9">
                <Precinct name="Arabi" votes="1" />
                <Precinct name="Coney" votes="2" />
                <Precinct name="Cordele" votes="1" />
                <Precinct name="Jamestown" votes="2" />
                <Precinct name="Listonia" votes="3" />
            </VoteType>
        </Choice>
        <Choice key="20" text="NO" totalVotes="1156">
            <VoteType name="Election Day" votes="384">
                <Precinct name="Arabi" votes="37" />
                <Precinct name="Coney" votes="35" />
                <Precinct name="Cordele" votes="231" />
                <Precinct name="Jamestown" votes="36" />
                <Precinct name="Listonia" votes="45" />
            </VoteType>
            <VoteType name="Absentee by Mail" votes="51">
                <Precinct name="Arabi" votes="1" />
                <Precinct name="Coney" votes="5" />
                <Precinct name="Cordele" votes="34" />
                <Precinct name="Jamestown" votes="7" />
                <Precinct name="Listonia" votes="4" />
            </VoteType>
            <VoteType name="Advance in Person" votes="720">
                <Precinct name="Arabi" votes="21" />
                <Precinct name="Coney" votes="74" />
                <Precinct name="Cordele" votes="523" />
                <Precinct name="Jamestown" votes="57" />
                <Precinct name="Listonia" votes="45" />
            </VoteType>
            <VoteType name="Provisional" votes="1">
                <Precinct name="Arabi" votes="0" />
                <Precinct name="Coney" votes="1" />
                <Precinct name="Cordele" votes="0" />
                <Precinct name="Jamestown" votes="0" />
                <Precinct name="Listonia" votes="0" />
            </VoteType>
        </Choice>
    </Contest>
    <Contest key="350" text="Constitutional Amendment #3&lt;br&gt;Reforms and re-establishes the Judicial Qualifications Commission and provides for its composition, governance, and powers." isQuestion="false" precinctsReporting="5" precinctsReported="5">
        <VoteType name="Number of Precincts for Race" votes="5">
            <Precinct name="Arabi" votes="1" />
            <Precinct name="Coney" votes="1" />
            <Precinct name="Cordele" votes="1" />
            <Precinct name="Jamestown" votes="1" />
            <Precinct name="Listonia" votes="1" />
        </VoteType>
        <VoteType name="Number of Precincts Reporting" votes="5">
            <Precinct name="Arabi" votes="1" />
            <Precinct name="Coney" votes="1" />
            <Precinct name="Cordele" votes="1" />
            <Precinct name="Jamestown" votes="1" />
            <Precinct name="Listonia" votes="1" />
        </VoteType>
        <Choice key="10" text="YES" totalVotes="4348">
            <VoteType name="Election Day" votes="1401">
                <Precinct name="Arabi" votes="145" />
                <Precinct name="Coney" votes="127" />
                <Precinct name="Cordele" votes="823" />
                <Precinct name="Jamestown" votes="181" />
                <Precinct name="Listonia" votes="125" />
            </VoteType>
            <VoteType name="Absentee by Mail" votes="206">
                <Precinct name="Arabi" votes="18" />
                <Precinct name="Coney" votes="10" />
                <Precinct name="Cordele" votes="151" />
                <Precinct name="Jamestown" votes="21" />
                <Precinct name="Listonia" votes="6" />
            </VoteType>
            <VoteType name="Advance in Person" votes="2733">
                <Precinct name="Arabi" votes="117" />
                <Precinct name="Coney" votes="226" />
                <Precinct name="Cordele" votes="1940" />
                <Precinct name="Jamestown" votes="284" />
                <Precinct name="Listonia" votes="166" />
            </VoteType>
            <VoteType name="Provisional" votes="8">
                <Precinct name="Arabi" votes="1" />
                <Precinct name="Coney" votes="2" />
                <Precinct name="Cordele" votes="1" />
                <Precinct name="Jamestown" votes="1" />
                <Precinct name="Listonia" votes="3" />
            </VoteType>
        </Choice>
        <Choice key="20" text="NO" totalVotes="2351">
            <VoteType name="Election Day" votes="761">
                <Precinct name="Arabi" votes="95" />
                <Precinct name="Coney" votes="82" />
                <Precinct name="Cordele" votes="395" />
                <Precinct name="Jamestown" votes="95" />
                <Precinct name="Listonia" votes="94" />
            </VoteType>
            <VoteType name="Absentee by Mail" votes="99">
                <Precinct name="Arabi" votes="3" />
                <Precinct name="Coney" votes="12" />
                <Precinct name="Cordele" votes="68" />
                <Precinct name="Jamestown" votes="12" />
                <Precinct name="Listonia" votes="4" />
            </VoteType>
            <VoteType name="Advance in Person" votes="1489">
                <Precinct name="Arabi" votes="58" />
                <Precinct name="Coney" votes="145" />
                <Precinct name="Cordele" votes="1029" />
                <Precinct name="Jamestown" votes="167" />
                <Precinct name="Listonia" votes="90" />
            </VoteType>
            <VoteType name="Provisional" votes="2">
                <Precinct name="Arabi" votes="0" />
                <Precinct name="Coney" votes="1" />
                <Precinct name="Cordele" votes="0" />
                <Precinct name="Jamestown" votes="1" />
                <Precinct name="Listonia" votes="0" />
            </VoteType>
        </Choice>
    </Contest>
    <Contest key="360" text="Constitutional Amendment #4&lt;br&gt;Dedicates revenue from existing taxes on fireworks to trauma care, fire services, and public safety." isQuestion="false" precinctsReporting="5" precinctsReported="5">
        <VoteType name="Number of Precincts for Race" votes="5">
            <Precinct name="Arabi" votes="1" />
            <Precinct name="Coney" votes="1" />
            <Precinct name="Cordele" votes="1" />
            <Precinct name="Jamestown" votes="1" />
            <Precinct name="Listonia" votes="1" />
        </VoteType>
        <VoteType name="Number of Precincts Reporting" votes="5">
            <Precinct name="Arabi" votes="1" />
            <Precinct name="Coney" votes="1" />
            <Precinct name="Cordele" votes="1" />
            <Precinct name="Jamestown" votes="1" />
            <Precinct name="Listonia" votes="1" />
        </VoteType>
        <Choice key="10" text="YES" totalVotes="5761">
            <VoteType name="Election Day" votes="1868">
                <Precinct name="Arabi" votes="204" />
                <Precinct name="Coney" votes="187" />
                <Precinct name="Cordele" votes="1048" />
                <Precinct name="Jamestown" votes="250" />
                <Precinct name="Listonia" votes="179" />
            </VoteType>
            <VoteType name="Absentee by Mail" votes="272">
                <Precinct name="Arabi" votes="20" />
                <Precinct name="Coney" votes="15" />
                <Precinct name="Cordele" votes="199" />
                <Precinct name="Jamestown" votes="28" />
                <Precinct name="Listonia" votes="10" />
            </VoteType>
            <VoteType name="Advance in Person" votes="3614">
                <Precinct name="Arabi" votes="162" />
                <Precinct name="Coney" votes="312" />
                <Precinct name="Cordele" votes="2525" />
                <Precinct name="Jamestown" votes="396" />
                <Precinct name="Listonia" votes="219" />
            </VoteType>
            <VoteType name="Provisional" votes="7">
                <Precinct name="Arabi" votes="0" />
                <Precinct name="Coney" votes="2" />
                <Precinct name="Cordele" votes="1" />
                <Precinct name="Jamestown" votes="1" />
                <Precinct name="Listonia" votes="3" />
            </VoteType>
        </Choice>
        <Choice key="20" text="NO" totalVotes="1327">
            <VoteType name="Election Day" votes="429">
                <Precinct name="Arabi" votes="47" />
                <Precinct name="Coney" votes="40" />
                <Precinct name="Cordele" votes="244" />
                <Precinct name="Jamestown" votes="44" />
                <Precinct name="Listonia" votes="54" />
            </VoteType>
            <VoteType name="Absentee by Mail" votes="50">
                <Precinct name="Arabi" votes="1" />
                <Precinct name="Coney" votes="5" />
                <Precinct name="Cordele" votes="35" />
                <Precinct name="Jamestown" votes="8" />
                <Precinct name="Listonia" votes="1" />
            </VoteType>
            <VoteType name="Advance in Person" votes="845">
                <Precinct name="Arabi" votes="24" />
                <Precinct name="Coney" votes="74" />
                <Precinct name="Cordele" votes="618" />
                <Precinct name="Jamestown" votes="79" />
                <Precinct name="Listonia" votes="50" />
            </VoteType>
            <VoteType name="Provisional" votes="3">
                <Precinct name="Arabi" votes="1" />
                <Precinct name="Coney" votes="1" />
                <Precinct name="Cordele" votes="0" />
                <Precinct name="Jamestown" votes="1" />
                <Precinct name="Listonia" votes="0" />
            </VoteType>
        </Choice>
    </Contest>
    <Contest key="500" text="SPECIAL - City of Arabi " isQuestion="false" precinctsReporting="1" precinctsReported="1">
        <VoteType name="Number of Precincts for Race" votes="1">
            <Precinct name="Arabi" votes="1" />
        </VoteType>
        <VoteType name="Number of Precincts Reporting" votes="1">
            <Precinct name="Arabi" votes="1" />
        </VoteType>
        <Choice key="10" text="YES" totalVotes="84">
            <VoteType name="Election Day" votes="57">
                <Precinct name="Arabi" votes="57" />
            </VoteType>
            <VoteType name="Absentee by Mail" votes="3">
                <Precinct name="Arabi" votes="3" />
            </VoteType>
            <VoteType name="Advance in Person" votes="24">
                <Precinct name="Arabi" votes="24" />
            </VoteType>
            <VoteType name="Provisional" votes="0">
                <Precinct name="Arabi" votes="0" />
            </VoteType>
        </Choice>
        <Choice key="20" text="NO" totalVotes="67">
            <VoteType name="Election Day" votes="47">
                <Precinct name="Arabi" votes="47" />
            </VoteType>
            <VoteType name="Absentee by Mail" votes="1">
                <Precinct name="Arabi" votes="1" />
            </VoteType>
            <VoteType name="Advance in Person" votes="19">
                <Precinct name="Arabi" votes="19" />
            </VoteType>
            <VoteType name="Provisional" votes="0">
                <Precinct name="Arabi" votes="0" />
            </VoteType>
        </Choice>
    </Contest>
</ElectionResult>