"line number","contest name","choice name","party name","total votes","percent of votes","registered voters","ballots cast","num Precinct total","num Precinct rptg","over votes","under votes"
1,"President of the United States","DONALD J. TRUMP","",630,56.45,1433,1124,1,1,"0","0"
2,"President of the United States","HILLARY CLINTON","",473,42.38,1433,1124,1,1,"0","0"
3,"President of the United States","GARY JOHNSON","",13,1.16,1433,1124,1,1,"0","0"
4,"United States Senator, Isakson","JOHNNY ISAKSON (I)","",649,61.75,1433,1124,1,1,"0","0"
5,"United States Senator, Isakson","JIM BARKSDALE","",387,36.82,1433,1124,1,1,"0","0"
6,"United States Senator, Isakson","ALLEN BUCKLEY","",15,1.43,1433,1124,1,1,"0","0"
7,"Public Service Commission, District 2 - Eastern","TIM ECHOLS (I)","",656,72.89,1433,1123,1,1,"0","0"
8,"Public Service Commission, District 2 - Eastern","ERIC HOSKINS","",244,27.11,1433,1123,1,1,"0","0"
9,"U.S. Representative, District 2","GREG DUKE","",515,47.03,1433,1124,1,1,"0","0"
10,"U.S. Representative, District 2","SANFORD BISHOP (I)","",580,52.97,1433,1124,1,1,"0","0"
11,"State Senator, District 12","FREDDIE POWELL SIMS (I)","",734,100.00,1433,1123,1,1,"0","0"
12,"State Representative, District 151","GERALD GREENE (I)","",726,71.18,1433,1123,1,1,"0","0"
13,"State Representative, District 151","KENNETH ZACHARY JR","",294,28.82,1433,1123,1,1,"0","0"
14,"District Attorney, Southwestern Circuit","PLEZ H. HARDIN (I)","",756,100.00,1433,1123,1,1,"0","0"
15,"JUDGE, PROBATE/MAGISTRATE ","J H J BANKSTON (I) D","",939,100.00,1433,1123,1,1,"0","0"
16,"CLERK, SUPERIOR COURT","T G BLANKENSHIP(I) R","",903,100.00,1433,1123,1,1,"0","0"
17,"SHERIFF","R. DELY (I) D","",979,100.00,1433,1123,1,1,"0","0"
18,"TAX COMMISSIONER","M. R. HINE (D)","",922,100.00,1433,1123,1,1,"0","0"
19,"CC CHAIRMAN","T. KENNEDY (D)","",939,100.00,1433,1123,1,1,"0","0"
20,"CC D1","J. MCCLUSTER (I) D","",217,100.00,362,279,1,1,"0","0"
21,"CC D4","J. HOLBROOK (I) D","",264,100.00,369,300,1,1,"0","0"
22,"Constitutional Amendment #1<br>Provides greater flexibility and state accountability to fix failing schools through increasing community involvement.","YES","",406,38.74,1433,1123,1,1,"0","0"
23,"Constitutional Amendment #1<br>Provides greater flexibility and state accountability to fix failing schools through increasing community involvement.","NO","",642,61.26,1433,1123,1,1,"0","0"
24,"Constitutional Amendment #2<br>Authorizes penalties for sexual exploitation and assessments on adult entertainment to fund child victims' services.","YES","",832,81.41,1433,1123,1,1,"0","0"
25,"Constitutional Amendment #2<br>Authorizes penalties for sexual exploitation and assessments on adult entertainment to fund child victims' services.","NO","",190,18.59,1433,1123,1,1,"0","0"
26,"Constitutional Amendment #3<br>Reforms and re-establishes the Judicial Qualifications Commission and provides for its composition, governance, and powers.","YES","",571,61.13,1433,1123,1,1,"0","0"
27,"Constitutional Amendment #3<br>Reforms and re-establishes the Judicial Qualifications Commission and provides for its composition, governance, and powers.","NO","",363,38.87,1433,1123,1,1,"0","0"
28,"Constitutional Amendment #4<br>Dedicates revenue from existing taxes on fireworks to trauma care, fire services, and public safety.","YES","",790,79.00,1433,1123,1,1,"0","0"
29,"Constitutional Amendment #4<br>Dedicates revenue from existing taxes on fireworks to trauma care, fire services, and public safety.","NO","",210,21.00,1433,1123,1,1,"0","0"
30,"SPECIAL- Beer Sales","YES","",701,66.13,1433,1123,1,1,"0","0"
31,"SPECIAL- Beer Sales","NO","",359,33.87,1433,1123,1,1,"0","0"
32,"SPECIAL - ESPLOST","YES","",719,69.60,1433,1123,1,1,"0","0"
33,"SPECIAL - ESPLOST","NO","",314,30.40,1433,1123,1,1,"0","0"
