<?xml version="1.0"?>
<!--Election result snapshot imported from Tabulation System
-->
<ElectionResult>
    <Timestamp>11/15/2016 10:03:55 AM EST</Timestamp>
    <ElectionName>November 8, 2016 - General Election</ElectionName>
    <ElectionDate>11/8/2016</ElectionDate>
    <Region>Twiggs</Region>
    <VoterTurnout totalVoters="5291" ballotsCast="4089" voterTurnout="77.28">
        <Precincts>
            <Precinct name="DRY BRANCH" totalVoters="1140" ballotsCast="877" voterTurnout="76.93" percentReporting="4" />
            <Precinct name="GOLDEN ISLES" totalVoters="1396" ballotsCast="1082" voterTurnout="77.51" percentReporting="4" />
            <Precinct name="HIGGSVILLE" totalVoters="639" ballotsCast="498" voterTurnout="77.93" percentReporting="4" />
            <Precinct name="JEFFERSONVILLE/WARE" totalVoters="1387" ballotsCast="1071" voterTurnout="77.22" percentReporting="4" />
            <Precinct name="SHADY GROVE/TARVERS" totalVoters="729" ballotsCast="561" voterTurnout="76.95" percentReporting="4" />
        </Precincts>
    </VoterTurnout>
    <Contest key="5" text="President of the United States" isQuestion="false" precinctsReporting="5" precinctsReported="5">
        <VoteType name="Number of Precincts for Race" votes="5">
            <Precinct name="DRY BRANCH" votes="1" />
            <Precinct name="GOLDEN ISLES" votes="1" />
            <Precinct name="HIGGSVILLE" votes="1" />
            <Precinct name="JEFFERSONVILLE/WARE" votes="1" />
            <Precinct name="SHADY GROVE/TARVERS" votes="1" />
        </VoteType>
        <VoteType name="Number of Precincts Reporting" votes="5">
            <Precinct name="DRY BRANCH" votes="1" />
            <Precinct name="GOLDEN ISLES" votes="1" />
            <Precinct name="HIGGSVILLE" votes="1" />
            <Precinct name="JEFFERSONVILLE/WARE" votes="1" />
            <Precinct name="SHADY GROVE/TARVERS" votes="1" />
        </VoteType>
        <Choice key="10" text="DONALD J. TRUMP" totalVotes="2035">
            <VoteType name="Election Day" votes="1154">
                <Precinct name="DRY BRANCH" votes="449" />
                <Precinct name="GOLDEN ISLES" votes="253" />
                <Precinct name="HIGGSVILLE" votes="197" />
                <Precinct name="JEFFERSONVILLE/WARE" votes="135" />
                <Precinct name="SHADY GROVE/TARVERS" votes="120" />
            </VoteType>
            <VoteType name="Absentee by Mail" votes="87">
                <Precinct name="DRY BRANCH" votes="23" />
                <Precinct name="GOLDEN ISLES" votes="18" />
                <Precinct name="HIGGSVILLE" votes="16" />
                <Precinct name="JEFFERSONVILLE/WARE" votes="20" />
                <Precinct name="SHADY GROVE/TARVERS" votes="10" />
            </VoteType>
            <VoteType name="Advance in Person" votes="793">
                <Precinct name="DRY BRANCH" votes="188" />
                <Precinct name="GOLDEN ISLES" votes="163" />
                <Precinct name="HIGGSVILLE" votes="129" />
                <Precinct name="JEFFERSONVILLE/WARE" votes="198" />
                <Precinct name="SHADY GROVE/TARVERS" votes="115" />
            </VoteType>
            <VoteType name="Provisional" votes="1">
                <Precinct name="DRY BRANCH" votes="0" />
                <Precinct name="GOLDEN ISLES" votes="0" />
                <Precinct name="HIGGSVILLE" votes="0" />
                <Precinct name="JEFFERSONVILLE/WARE" votes="1" />
                <Precinct name="SHADY GROVE/TARVERS" votes="0" />
            </VoteType>
        </Choice>
        <Choice key="20" text="HILLARY CLINTON" totalVotes="1971">
            <VoteType name="Election Day" votes="960">
                <Precinct name="DRY BRANCH" votes="118" />
                <Precinct name="GOLDEN ISLES" votes="362" />
                <Precinct name="HIGGSVILLE" votes="82" />
                <Precinct name="JEFFERSONVILLE/WARE" votes="255" />
                <Precinct name="SHADY GROVE/TARVERS" votes="143" />
            </VoteType>
            <VoteType name="Absentee by Mail" votes="240">
                <Precinct name="DRY BRANCH" votes="19" />
                <Precinct name="GOLDEN ISLES" votes="56" />
                <Precinct name="HIGGSVILLE" votes="12" />
                <Precinct name="JEFFERSONVILLE/WARE" votes="126" />
                <Precinct name="SHADY GROVE/TARVERS" votes="27" />
            </VoteType>
            <VoteType name="Advance in Person" votes="771">
                <Precinct name="DRY BRANCH" votes="63" />
                <Precinct name="GOLDEN ISLES" votes="213" />
                <Precinct name="HIGGSVILLE" votes="44" />
                <Precinct name="JEFFERSONVILLE/WARE" votes="317" />
                <Precinct name="SHADY GROVE/TARVERS" votes="134" />
            </VoteType>
            <VoteType name="Provisional" votes="0">
                <Precinct name="DRY BRANCH" votes="0" />
                <Precinct name="GOLDEN ISLES" votes="0" />
                <Precinct name="HIGGSVILLE" votes="0" />
                <Precinct name="JEFFERSONVILLE/WARE" votes="0" />
                <Precinct name="SHADY GROVE/TARVERS" votes="0" />
            </VoteType>
        </Choice>
        <Choice key="30" text="GARY JOHNSON" totalVotes="50">
            <VoteType name="Election Day" votes="32">
                <Precinct name="DRY BRANCH" votes="9" />
                <Precinct name="GOLDEN ISLES" votes="7" />
                <Precinct name="HIGGSVILLE" votes="7" />
                <Precinct name="JEFFERSONVILLE/WARE" votes="6" />
                <Precinct name="SHADY GROVE/TARVERS" votes="3" />
            </VoteType>
            <VoteType name="Absentee by Mail" votes="4">
                <Precinct name="DRY BRANCH" votes="2" />
                <Precinct name="GOLDEN ISLES" votes="0" />
                <Precinct name="HIGGSVILLE" votes="1" />
                <Precinct name="JEFFERSONVILLE/WARE" votes="1" />
                <Precinct name="SHADY GROVE/TARVERS" votes="0" />
            </VoteType>
            <VoteType name="Advance in Person" votes="14">
                <Precinct name="DRY BRANCH" votes="0" />
                <Precinct name="GOLDEN ISLES" votes="3" />
                <Precinct name="HIGGSVILLE" votes="6" />
                <Precinct name="JEFFERSONVILLE/WARE" votes="2" />
                <Precinct name="SHADY GROVE/TARVERS" votes="3" />
            </VoteType>
            <VoteType name="Provisional" votes="0">
                <Precinct name="DRY BRANCH" votes="0" />
                <Precinct name="GOLDEN ISLES" votes="0" />
                <Precinct name="HIGGSVILLE" votes="0" />
                <Precinct name="JEFFERSONVILLE/WARE" votes="0" />
                <Precinct name="SHADY GROVE/TARVERS" votes="0" />
            </VoteType>
        </Choice>
    </Contest>
    <Contest key="10" text="United States Senator, Isakson" isQuestion="false" precinctsReporting="5" precinctsReported="5">
        <VoteType name="Number of Precincts for Race" votes="5">
            <Precinct name="DRY BRANCH" votes="1" />
            <Precinct name="GOLDEN ISLES" votes="1" />
            <Precinct name="HIGGSVILLE" votes="1" />
            <Precinct name="JEFFERSONVILLE/WARE" votes="1" />
            <Precinct name="SHADY GROVE/TARVERS" votes="1" />
        </VoteType>
        <VoteType name="Number of Precincts Reporting" votes="5">
            <Precinct name="DRY BRANCH" votes="1" />
            <Precinct name="GOLDEN ISLES" votes="1" />
            <Precinct name="HIGGSVILLE" votes="1" />
            <Precinct name="JEFFERSONVILLE/WARE" votes="1" />
            <Precinct name="SHADY GROVE/TARVERS" votes="1" />
        </VoteType>
        <Choice key="10" text="JOHNNY ISAKSON (I)" totalVotes="1975">
            <VoteType name="Election Day" votes="1112">
                <Precinct name="DRY BRANCH" votes="412" />
                <Precinct name="GOLDEN ISLES" votes="243" />
                <Precinct name="HIGGSVILLE" votes="181" />
                <Precinct name="JEFFERSONVILLE/WARE" votes="146" />
                <Precinct name="SHADY GROVE/TARVERS" votes="130" />
            </VoteType>
            <VoteType name="Absentee by Mail" votes="98">
                <Precinct name="DRY BRANCH" votes="30" />
                <Precinct name="GOLDEN ISLES" votes="20" />
                <Precinct name="HIGGSVILLE" votes="13" />
                <Precinct name="JEFFERSONVILLE/WARE" votes="19" />
                <Precinct name="SHADY GROVE/TARVERS" votes="16" />
            </VoteType>
            <VoteType name="Advance in Person" votes="764">
                <Precinct name="DRY BRANCH" votes="170" />
                <Precinct name="GOLDEN ISLES" votes="156" />
                <Precinct name="HIGGSVILLE" votes="120" />
                <Precinct name="JEFFERSONVILLE/WARE" votes="200" />
                <Precinct name="SHADY GROVE/TARVERS" votes="118" />
            </VoteType>
            <VoteType name="Provisional" votes="1">
                <Precinct name="DRY BRANCH" votes="0" />
                <Precinct name="GOLDEN ISLES" votes="0" />
                <Precinct name="HIGGSVILLE" votes="0" />
                <Precinct name="JEFFERSONVILLE/WARE" votes="1" />
                <Precinct name="SHADY GROVE/TARVERS" votes="0" />
            </VoteType>
        </Choice>
        <Choice key="20" text="JIM BARKSDALE" totalVotes="1655">
            <VoteType name="Election Day" votes="787">
                <Precinct name="DRY BRANCH" votes="101" />
                <Precinct name="GOLDEN ISLES" votes="305" />
                <Precinct name="HIGGSVILLE" votes="68" />
                <Precinct name="JEFFERSONVILLE/WARE" votes="196" />
                <Precinct name="SHADY GROVE/TARVERS" votes="117" />
            </VoteType>
            <VoteType name="Absentee by Mail" votes="220">
                <Precinct name="DRY BRANCH" votes="15" />
                <Precinct name="GOLDEN ISLES" votes="51" />
                <Precinct name="HIGGSVILLE" votes="15" />
                <Precinct name="JEFFERSONVILLE/WARE" votes="119" />
                <Precinct name="SHADY GROVE/TARVERS" votes="20" />
            </VoteType>
            <VoteType name="Advance in Person" votes="648">
                <Precinct name="DRY BRANCH" votes="54" />
                <Precinct name="GOLDEN ISLES" votes="177" />
                <Precinct name="HIGGSVILLE" votes="40" />
                <Precinct name="JEFFERSONVILLE/WARE" votes="274" />
                <Precinct name="SHADY GROVE/TARVERS" votes="103" />
            </VoteType>
            <VoteType name="Provisional" votes="0">
                <Precinct name="DRY BRANCH" votes="0" />
                <Precinct name="GOLDEN ISLES" votes="0" />
                <Precinct name="HIGGSVILLE" votes="0" />
                <Precinct name="JEFFERSONVILLE/WARE" votes="0" />
                <Precinct name="SHADY GROVE/TARVERS" votes="0" />
            </VoteType>
        </Choice>
        <Choice key="30" text="ALLEN BUCKLEY" totalVotes="95">
            <VoteType name="Election Day" votes="57">
                <Precinct name="DRY BRANCH" votes="18" />
                <Precinct name="GOLDEN ISLES" votes="19" />
                <Precinct name="HIGGSVILLE" votes="7" />
                <Precinct name="JEFFERSONVILLE/WARE" votes="10" />
                <Precinct name="SHADY GROVE/TARVERS" votes="3" />
            </VoteType>
            <VoteType name="Absentee by Mail" votes="6">
                <Precinct name="DRY BRANCH" votes="0" />
                <Precinct name="GOLDEN ISLES" votes="2" />
                <Precinct name="HIGGSVILLE" votes="2" />
                <Precinct name="JEFFERSONVILLE/WARE" votes="2" />
                <Precinct name="SHADY GROVE/TARVERS" votes="0" />
            </VoteType>
            <VoteType name="Advance in Person" votes="32">
                <Precinct name="DRY BRANCH" votes="6" />
                <Precinct name="GOLDEN ISLES" votes="8" />
                <Precinct name="HIGGSVILLE" votes="8" />
                <Precinct name="JEFFERSONVILLE/WARE" votes="7" />
                <Precinct name="SHADY GROVE/TARVERS" votes="3" />
            </VoteType>
            <VoteType name="Provisional" votes="0">
                <Precinct name="DRY BRANCH" votes="0" />
                <Precinct name="GOLDEN ISLES" votes="0" />
                <Precinct name="HIGGSVILLE" votes="0" />
                <Precinct name="JEFFERSONVILLE/WARE" votes="0" />
                <Precinct name="SHADY GROVE/TARVERS" votes="0" />
            </VoteType>
        </Choice>
    </Contest>
    <Contest key="30" text="Public Service Commission, District 2 - Eastern" isQuestion="false" precinctsReporting="5" precinctsReported="5">
        <VoteType name="Number of Precincts for Race" votes="5">
            <Precinct name="DRY BRANCH" votes="1" />
            <Precinct name="GOLDEN ISLES" votes="1" />
            <Precinct name="HIGGSVILLE" votes="1" />
            <Precinct name="JEFFERSONVILLE/WARE" votes="1" />
            <Precinct name="SHADY GROVE/TARVERS" votes="1" />
        </VoteType>
        <VoteType name="Number of Precincts Reporting" votes="5">
            <Precinct name="DRY BRANCH" votes="1" />
            <Precinct name="GOLDEN ISLES" votes="1" />
            <Precinct name="HIGGSVILLE" votes="1" />
            <Precinct name="JEFFERSONVILLE/WARE" votes="1" />
            <Precinct name="SHADY GROVE/TARVERS" votes="1" />
        </VoteType>
        <Choice key="10" text="TIM ECHOLS (I)" totalVotes="2092">
            <VoteType name="Election Day" votes="1157">
                <Precinct name="DRY BRANCH" votes="419" />
                <Precinct name="GOLDEN ISLES" votes="282" />
                <Precinct name="HIGGSVILLE" votes="176" />
                <Precinct name="JEFFERSONVILLE/WARE" votes="156" />
                <Precinct name="SHADY GROVE/TARVERS" votes="124" />
            </VoteType>
            <VoteType name="Absentee by Mail" votes="117">
                <Precinct name="DRY BRANCH" votes="30" />
                <Precinct name="GOLDEN ISLES" votes="24" />
                <Precinct name="HIGGSVILLE" votes="18" />
                <Precinct name="JEFFERSONVILLE/WARE" votes="27" />
                <Precinct name="SHADY GROVE/TARVERS" votes="18" />
            </VoteType>
            <VoteType name="Advance in Person" votes="817">
                <Precinct name="DRY BRANCH" votes="182" />
                <Precinct name="GOLDEN ISLES" votes="170" />
                <Precinct name="HIGGSVILLE" votes="121" />
                <Precinct name="JEFFERSONVILLE/WARE" votes="214" />
                <Precinct name="SHADY GROVE/TARVERS" votes="130" />
            </VoteType>
            <VoteType name="Provisional" votes="1">
                <Precinct name="DRY BRANCH" votes="0" />
                <Precinct name="GOLDEN ISLES" votes="0" />
                <Precinct name="HIGGSVILLE" votes="0" />
                <Precinct name="JEFFERSONVILLE/WARE" votes="1" />
                <Precinct name="SHADY GROVE/TARVERS" votes="0" />
            </VoteType>
        </Choice>
        <Choice key="20" text="ERIC HOSKINS" totalVotes="1098">
            <VoteType name="Election Day" votes="565">
                <Precinct name="DRY BRANCH" votes="85" />
                <Precinct name="GOLDEN ISLES" votes="206" />
                <Precinct name="HIGGSVILLE" votes="48" />
                <Precinct name="JEFFERSONVILLE/WARE" votes="145" />
                <Precinct name="SHADY GROVE/TARVERS" votes="81" />
            </VoteType>
            <VoteType name="Absentee by Mail" votes="115">
                <Precinct name="DRY BRANCH" votes="10" />
                <Precinct name="GOLDEN ISLES" votes="34" />
                <Precinct name="HIGGSVILLE" votes="5" />
                <Precinct name="JEFFERSONVILLE/WARE" votes="60" />
                <Precinct name="SHADY GROVE/TARVERS" votes="6" />
            </VoteType>
            <VoteType name="Advance in Person" votes="418">
                <Precinct name="DRY BRANCH" votes="40" />
                <Precinct name="GOLDEN ISLES" votes="111" />
                <Precinct name="HIGGSVILLE" votes="36" />
                <Precinct name="JEFFERSONVILLE/WARE" votes="170" />
                <Precinct name="SHADY GROVE/TARVERS" votes="61" />
            </VoteType>
            <VoteType name="Provisional" votes="0">
                <Precinct name="DRY BRANCH" votes="0" />
                <Precinct name="GOLDEN ISLES" votes="0" />
                <Precinct name="HIGGSVILLE" votes="0" />
                <Precinct name="JEFFERSONVILLE/WARE" votes="0" />
                <Precinct name="SHADY GROVE/TARVERS" votes="0" />
            </VoteType>
        </Choice>
    </Contest>
    <Contest key="50" text="U.S. Representative, District 8" isQuestion="false" precinctsReporting="5" precinctsReported="5">
        <VoteType name="Number of Precincts for Race" votes="5">
            <Precinct name="DRY BRANCH" votes="1" />
            <Precinct name="GOLDEN ISLES" votes="1" />
            <Precinct name="HIGGSVILLE" votes="1" />
            <Precinct name="JEFFERSONVILLE/WARE" votes="1" />
            <Precinct name="SHADY GROVE/TARVERS" votes="1" />
        </VoteType>
        <VoteType name="Number of Precincts Reporting" votes="5">
            <Precinct name="DRY BRANCH" votes="1" />
            <Precinct name="GOLDEN ISLES" votes="1" />
            <Precinct name="HIGGSVILLE" votes="1" />
            <Precinct name="JEFFERSONVILLE/WARE" votes="1" />
            <Precinct name="SHADY GROVE/TARVERS" votes="1" />
        </VoteType>
        <Choice key="10" text="AUSTIN SCOTT (I)" totalVotes="2002">
            <VoteType name="Election Day" votes="1122">
                <Precinct name="DRY BRANCH" votes="424" />
                <Precinct name="GOLDEN ISLES" votes="256" />
                <Precinct name="HIGGSVILLE" votes="179" />
                <Precinct name="JEFFERSONVILLE/WARE" votes="138" />
                <Precinct name="SHADY GROVE/TARVERS" votes="125" />
            </VoteType>
            <VoteType name="Absentee by Mail" votes="98">
                <Precinct name="DRY BRANCH" votes="28" />
                <Precinct name="GOLDEN ISLES" votes="22" />
                <Precinct name="HIGGSVILLE" votes="15" />
                <Precinct name="JEFFERSONVILLE/WARE" votes="17" />
                <Precinct name="SHADY GROVE/TARVERS" votes="16" />
            </VoteType>
            <VoteType name="Advance in Person" votes="781">
                <Precinct name="DRY BRANCH" votes="183" />
                <Precinct name="GOLDEN ISLES" votes="158" />
                <Precinct name="HIGGSVILLE" votes="124" />
                <Precinct name="JEFFERSONVILLE/WARE" votes="196" />
                <Precinct name="SHADY GROVE/TARVERS" votes="120" />
            </VoteType>
            <VoteType name="Provisional" votes="1">
                <Precinct name="DRY BRANCH" votes="0" />
                <Precinct name="GOLDEN ISLES" votes="0" />
                <Precinct name="HIGGSVILLE" votes="0" />
                <Precinct name="JEFFERSONVILLE/WARE" votes="1" />
                <Precinct name="SHADY GROVE/TARVERS" votes="0" />
            </VoteType>
        </Choice>
        <Choice key="20" text="JAMES NEAL HARRIS" totalVotes="1800">
            <VoteType name="Election Day" votes="879">
                <Precinct name="DRY BRANCH" votes="118" />
                <Precinct name="GOLDEN ISLES" votes="336" />
                <Precinct name="HIGGSVILLE" votes="79" />
                <Precinct name="JEFFERSONVILLE/WARE" votes="222" />
                <Precinct name="SHADY GROVE/TARVERS" votes="124" />
            </VoteType>
            <VoteType name="Absentee by Mail" votes="217">
                <Precinct name="DRY BRANCH" votes="15" />
                <Precinct name="GOLDEN ISLES" votes="51" />
                <Precinct name="HIGGSVILLE" votes="15" />
                <Precinct name="JEFFERSONVILLE/WARE" votes="116" />
                <Precinct name="SHADY GROVE/TARVERS" votes="20" />
            </VoteType>
            <VoteType name="Advance in Person" votes="704">
                <Precinct name="DRY BRANCH" votes="54" />
                <Precinct name="GOLDEN ISLES" votes="193" />
                <Precinct name="HIGGSVILLE" votes="45" />
                <Precinct name="JEFFERSONVILLE/WARE" votes="299" />
                <Precinct name="SHADY GROVE/TARVERS" votes="113" />
            </VoteType>
            <VoteType name="Provisional" votes="0">
                <Precinct name="DRY BRANCH" votes="0" />
                <Precinct name="GOLDEN ISLES" votes="0" />
                <Precinct name="HIGGSVILLE" votes="0" />
                <Precinct name="JEFFERSONVILLE/WARE" votes="0" />
                <Precinct name="SHADY GROVE/TARVERS" votes="0" />
            </VoteType>
        </Choice>
    </Contest>
    <Contest key="80" text="State Senator, District 26" isQuestion="false" precinctsReporting="5" precinctsReported="5">
        <VoteType name="Number of Precincts for Race" votes="5">
            <Precinct name="DRY BRANCH" votes="1" />
            <Precinct name="GOLDEN ISLES" votes="1" />
            <Precinct name="HIGGSVILLE" votes="1" />
            <Precinct name="JEFFERSONVILLE/WARE" votes="1" />
            <Precinct name="SHADY GROVE/TARVERS" votes="1" />
        </VoteType>
        <VoteType name="Number of Precincts Reporting" votes="5">
            <Precinct name="DRY BRANCH" votes="1" />
            <Precinct name="GOLDEN ISLES" votes="1" />
            <Precinct name="HIGGSVILLE" votes="1" />
            <Precinct name="JEFFERSONVILLE/WARE" votes="1" />
            <Precinct name="SHADY GROVE/TARVERS" votes="1" />
        </VoteType>
        <Choice key="10" text="DAVID LUCAS SR (I)" totalVotes="2850">
            <VoteType name="Election Day" votes="1513">
                <Precinct name="DRY BRANCH" votes="368" />
                <Precinct name="GOLDEN ISLES" votes="475" />
                <Precinct name="HIGGSVILLE" votes="178" />
                <Precinct name="JEFFERSONVILLE/WARE" votes="302" />
                <Precinct name="SHADY GROVE/TARVERS" votes="190" />
            </VoteType>
            <VoteType name="Absentee by Mail" votes="237">
                <Precinct name="DRY BRANCH" votes="24" />
                <Precinct name="GOLDEN ISLES" votes="66" />
                <Precinct name="HIGGSVILLE" votes="20" />
                <Precinct name="JEFFERSONVILLE/WARE" votes="100" />
                <Precinct name="SHADY GROVE/TARVERS" votes="27" />
            </VoteType>
            <VoteType name="Advance in Person" votes="1100">
                <Precinct name="DRY BRANCH" votes="144" />
                <Precinct name="GOLDEN ISLES" votes="281" />
                <Precinct name="HIGGSVILLE" votes="111" />
                <Precinct name="JEFFERSONVILLE/WARE" votes="391" />
                <Precinct name="SHADY GROVE/TARVERS" votes="173" />
            </VoteType>
            <VoteType name="Provisional" votes="0">
                <Precinct name="DRY BRANCH" votes="0" />
                <Precinct name="GOLDEN ISLES" votes="0" />
                <Precinct name="HIGGSVILLE" votes="0" />
                <Precinct name="JEFFERSONVILLE/WARE" votes="0" />
                <Precinct name="SHADY GROVE/TARVERS" votes="0" />
            </VoteType>
        </Choice>
    </Contest>
    <Contest key="90" text="State Representative, District 144" isQuestion="false" precinctsReporting="5" precinctsReported="5">
        <VoteType name="Number of Precincts for Race" votes="5">
            <Precinct name="DRY BRANCH" votes="1" />
            <Precinct name="GOLDEN ISLES" votes="1" />
            <Precinct name="HIGGSVILLE" votes="1" />
            <Precinct name="JEFFERSONVILLE/WARE" votes="1" />
            <Precinct name="SHADY GROVE/TARVERS" votes="1" />
        </VoteType>
        <VoteType name="Number of Precincts Reporting" votes="5">
            <Precinct name="DRY BRANCH" votes="1" />
            <Precinct name="GOLDEN ISLES" votes="1" />
            <Precinct name="HIGGSVILLE" votes="1" />
            <Precinct name="JEFFERSONVILLE/WARE" votes="1" />
            <Precinct name="SHADY GROVE/TARVERS" votes="1" />
        </VoteType>
        <Choice key="10" text="JAMES BUBBER EPPS (I)" totalVotes="2093">
            <VoteType name="Election Day" votes="1172">
                <Precinct name="DRY BRANCH" votes="441" />
                <Precinct name="GOLDEN ISLES" votes="261" />
                <Precinct name="HIGGSVILLE" votes="192" />
                <Precinct name="JEFFERSONVILLE/WARE" votes="146" />
                <Precinct name="SHADY GROVE/TARVERS" votes="132" />
            </VoteType>
            <VoteType name="Absentee by Mail" votes="112">
                <Precinct name="DRY BRANCH" votes="29" />
                <Precinct name="GOLDEN ISLES" votes="24" />
                <Precinct name="HIGGSVILLE" votes="14" />
                <Precinct name="JEFFERSONVILLE/WARE" votes="27" />
                <Precinct name="SHADY GROVE/TARVERS" votes="18" />
            </VoteType>
            <VoteType name="Advance in Person" votes="808">
                <Precinct name="DRY BRANCH" votes="182" />
                <Precinct name="GOLDEN ISLES" votes="174" />
                <Precinct name="HIGGSVILLE" votes="127" />
                <Precinct name="JEFFERSONVILLE/WARE" votes="202" />
                <Precinct name="SHADY GROVE/TARVERS" votes="123" />
            </VoteType>
            <VoteType name="Provisional" votes="1">
                <Precinct name="DRY BRANCH" votes="0" />
                <Precinct name="GOLDEN ISLES" votes="0" />
                <Precinct name="HIGGSVILLE" votes="0" />
                <Precinct name="JEFFERSONVILLE/WARE" votes="1" />
                <Precinct name="SHADY GROVE/TARVERS" votes="0" />
            </VoteType>
        </Choice>
        <Choice key="20" text="JOYCE DENSON" totalVotes="1761">
            <VoteType name="Election Day" votes="844">
                <Precinct name="DRY BRANCH" votes="106" />
                <Precinct name="GOLDEN ISLES" votes="325" />
                <Precinct name="HIGGSVILLE" votes="72" />
                <Precinct name="JEFFERSONVILLE/WARE" votes="225" />
                <Precinct name="SHADY GROVE/TARVERS" votes="116" />
            </VoteType>
            <VoteType name="Absentee by Mail" votes="216">
                <Precinct name="DRY BRANCH" votes="14" />
                <Precinct name="GOLDEN ISLES" votes="49" />
                <Precinct name="HIGGSVILLE" votes="16" />
                <Precinct name="JEFFERSONVILLE/WARE" votes="118" />
                <Precinct name="SHADY GROVE/TARVERS" votes="19" />
            </VoteType>
            <VoteType name="Advance in Person" votes="701">
                <Precinct name="DRY BRANCH" votes="63" />
                <Precinct name="GOLDEN ISLES" votes="187" />
                <Precinct name="HIGGSVILLE" votes="47" />
                <Precinct name="JEFFERSONVILLE/WARE" votes="293" />
                <Precinct name="SHADY GROVE/TARVERS" votes="111" />
            </VoteType>
            <VoteType name="Provisional" votes="0">
                <Precinct name="DRY BRANCH" votes="0" />
                <Precinct name="GOLDEN ISLES" votes="0" />
                <Precinct name="HIGGSVILLE" votes="0" />
                <Precinct name="JEFFERSONVILLE/WARE" votes="0" />
                <Precinct name="SHADY GROVE/TARVERS" votes="0" />
            </VoteType>
        </Choice>
    </Contest>
    <Contest key="110" text="District Attorney, Dublin Circuit" isQuestion="false" precinctsReporting="5" precinctsReported="5">
        <VoteType name="Number of Precincts for Race" votes="5">
            <Precinct name="DRY BRANCH" votes="1" />
            <Precinct name="GOLDEN ISLES" votes="1" />
            <Precinct name="HIGGSVILLE" votes="1" />
            <Precinct name="JEFFERSONVILLE/WARE" votes="1" />
            <Precinct name="SHADY GROVE/TARVERS" votes="1" />
        </VoteType>
        <VoteType name="Number of Precincts Reporting" votes="5">
            <Precinct name="DRY BRANCH" votes="1" />
            <Precinct name="GOLDEN ISLES" votes="1" />
            <Precinct name="HIGGSVILLE" votes="1" />
            <Precinct name="JEFFERSONVILLE/WARE" votes="1" />
            <Precinct name="SHADY GROVE/TARVERS" votes="1" />
        </VoteType>
        <Choice key="10" text="CRAIG FRASER (I)" totalVotes="2761">
            <VoteType name="Election Day" votes="1506">
                <Precinct name="DRY BRANCH" votes="465" />
                <Precinct name="GOLDEN ISLES" votes="409" />
                <Precinct name="HIGGSVILLE" votes="211" />
                <Precinct name="JEFFERSONVILLE/WARE" votes="245" />
                <Precinct name="SHADY GROVE/TARVERS" votes="176" />
            </VoteType>
            <VoteType name="Absentee by Mail" votes="177">
                <Precinct name="DRY BRANCH" votes="35" />
                <Precinct name="GOLDEN ISLES" votes="46" />
                <Precinct name="HIGGSVILLE" votes="17" />
                <Precinct name="JEFFERSONVILLE/WARE" votes="57" />
                <Precinct name="SHADY GROVE/TARVERS" votes="22" />
            </VoteType>
            <VoteType name="Advance in Person" votes="1078">
                <Precinct name="DRY BRANCH" votes="203" />
                <Precinct name="GOLDEN ISLES" votes="242" />
                <Precinct name="HIGGSVILLE" votes="139" />
                <Precinct name="JEFFERSONVILLE/WARE" votes="327" />
                <Precinct name="SHADY GROVE/TARVERS" votes="167" />
            </VoteType>
            <VoteType name="Provisional" votes="0">
                <Precinct name="DRY BRANCH" votes="0" />
                <Precinct name="GOLDEN ISLES" votes="0" />
                <Precinct name="HIGGSVILLE" votes="0" />
                <Precinct name="JEFFERSONVILLE/WARE" votes="0" />
                <Precinct name="SHADY GROVE/TARVERS" votes="0" />
            </VoteType>
        </Choice>
    </Contest>
    <Contest key="140" text="JUDGE PROBATE" isQuestion="false" precinctsReporting="5" precinctsReported="5">
        <VoteType name="Number of Precincts for Race" votes="5">
            <Precinct name="DRY BRANCH" votes="1" />
            <Precinct name="GOLDEN ISLES" votes="1" />
            <Precinct name="HIGGSVILLE" votes="1" />
            <Precinct name="JEFFERSONVILLE/WARE" votes="1" />
            <Precinct name="SHADY GROVE/TARVERS" votes="1" />
        </VoteType>
        <VoteType name="Number of Precincts Reporting" votes="5">
            <Precinct name="DRY BRANCH" votes="1" />
            <Precinct name="GOLDEN ISLES" votes="1" />
            <Precinct name="HIGGSVILLE" votes="1" />
            <Precinct name="JEFFERSONVILLE/WARE" votes="1" />
            <Precinct name="SHADY GROVE/TARVERS" votes="1" />
        </VoteType>
        <Choice key="10" text="G. NOBLES, JR. (I) D" totalVotes="3353">
            <VoteType name="Election Day" votes="1785">
                <Precinct name="DRY BRANCH" votes="448" />
                <Precinct name="GOLDEN ISLES" votes="524" />
                <Precinct name="HIGGSVILLE" votes="245" />
                <Precinct name="JEFFERSONVILLE/WARE" votes="339" />
                <Precinct name="SHADY GROVE/TARVERS" votes="229" />
            </VoteType>
            <VoteType name="Absentee by Mail" votes="260">
                <Precinct name="DRY BRANCH" votes="39" />
                <Precinct name="GOLDEN ISLES" votes="71" />
                <Precinct name="HIGGSVILLE" votes="25" />
                <Precinct name="JEFFERSONVILLE/WARE" votes="93" />
                <Precinct name="SHADY GROVE/TARVERS" votes="32" />
            </VoteType>
            <VoteType name="Advance in Person" votes="1308">
                <Precinct name="DRY BRANCH" votes="199" />
                <Precinct name="GOLDEN ISLES" votes="315" />
                <Precinct name="HIGGSVILLE" votes="147" />
                <Precinct name="JEFFERSONVILLE/WARE" votes="434" />
                <Precinct name="SHADY GROVE/TARVERS" votes="213" />
            </VoteType>
            <VoteType name="Provisional" votes="0">
                <Precinct name="DRY BRANCH" votes="0" />
                <Precinct name="GOLDEN ISLES" votes="0" />
                <Precinct name="HIGGSVILLE" votes="0" />
                <Precinct name="JEFFERSONVILLE/WARE" votes="0" />
                <Precinct name="SHADY GROVE/TARVERS" votes="0" />
            </VoteType>
        </Choice>
    </Contest>
    <Contest key="160" text="CLERK SUPERIOR CT" isQuestion="false" precinctsReporting="5" precinctsReported="5">
        <VoteType name="Number of Precincts for Race" votes="5">
            <Precinct name="DRY BRANCH" votes="1" />
            <Precinct name="GOLDEN ISLES" votes="1" />
            <Precinct name="HIGGSVILLE" votes="1" />
            <Precinct name="JEFFERSONVILLE/WARE" votes="1" />
            <Precinct name="SHADY GROVE/TARVERS" votes="1" />
        </VoteType>
        <VoteType name="Number of Precincts Reporting" votes="5">
            <Precinct name="DRY BRANCH" votes="1" />
            <Precinct name="GOLDEN ISLES" votes="1" />
            <Precinct name="HIGGSVILLE" votes="1" />
            <Precinct name="JEFFERSONVILLE/WARE" votes="1" />
            <Precinct name="SHADY GROVE/TARVERS" votes="1" />
        </VoteType>
        <Choice key="10" text="P. H. GRIMSLEY (I) D" totalVotes="3326">
            <VoteType name="Election Day" votes="1769">
                <Precinct name="DRY BRANCH" votes="451" />
                <Precinct name="GOLDEN ISLES" votes="520" />
                <Precinct name="HIGGSVILLE" votes="244" />
                <Precinct name="JEFFERSONVILLE/WARE" votes="328" />
                <Precinct name="SHADY GROVE/TARVERS" votes="226" />
            </VoteType>
            <VoteType name="Absentee by Mail" votes="258">
                <Precinct name="DRY BRANCH" votes="37" />
                <Precinct name="GOLDEN ISLES" votes="67" />
                <Precinct name="HIGGSVILLE" votes="24" />
                <Precinct name="JEFFERSONVILLE/WARE" votes="97" />
                <Precinct name="SHADY GROVE/TARVERS" votes="33" />
            </VoteType>
            <VoteType name="Advance in Person" votes="1299">
                <Precinct name="DRY BRANCH" votes="193" />
                <Precinct name="GOLDEN ISLES" votes="312" />
                <Precinct name="HIGGSVILLE" votes="150" />
                <Precinct name="JEFFERSONVILLE/WARE" votes="441" />
                <Precinct name="SHADY GROVE/TARVERS" votes="203" />
            </VoteType>
            <VoteType name="Provisional" votes="0">
                <Precinct name="DRY BRANCH" votes="0" />
                <Precinct name="GOLDEN ISLES" votes="0" />
                <Precinct name="HIGGSVILLE" votes="0" />
                <Precinct name="JEFFERSONVILLE/WARE" votes="0" />
                <Precinct name="SHADY GROVE/TARVERS" votes="0" />
            </VoteType>
        </Choice>
    </Contest>
    <Contest key="180" text="SHERIFF" isQuestion="false" precinctsReporting="5" precinctsReported="5">
        <VoteType name="Number of Precincts for Race" votes="5">
            <Precinct name="DRY BRANCH" votes="1" />
            <Precinct name="GOLDEN ISLES" votes="1" />
            <Precinct name="HIGGSVILLE" votes="1" />
            <Precinct name="JEFFERSONVILLE/WARE" votes="1" />
            <Precinct name="SHADY GROVE/TARVERS" votes="1" />
        </VoteType>
        <VoteType name="Number of Precincts Reporting" votes="5">
            <Precinct name="DRY BRANCH" votes="1" />
            <Precinct name="GOLDEN ISLES" votes="1" />
            <Precinct name="HIGGSVILLE" votes="1" />
            <Precinct name="JEFFERSONVILLE/WARE" votes="1" />
            <Precinct name="SHADY GROVE/TARVERS" votes="1" />
        </VoteType>
        <Choice key="10" text="R. D. MITCHUM (I) D" totalVotes="3480">
            <VoteType name="Election Day" votes="1867">
                <Precinct name="DRY BRANCH" votes="499" />
                <Precinct name="GOLDEN ISLES" votes="564" />
                <Precinct name="HIGGSVILLE" votes="235" />
                <Precinct name="JEFFERSONVILLE/WARE" votes="343" />
                <Precinct name="SHADY GROVE/TARVERS" votes="226" />
            </VoteType>
            <VoteType name="Absentee by Mail" votes="260">
                <Precinct name="DRY BRANCH" votes="42" />
                <Precinct name="GOLDEN ISLES" votes="69" />
                <Precinct name="HIGGSVILLE" votes="23" />
                <Precinct name="JEFFERSONVILLE/WARE" votes="94" />
                <Precinct name="SHADY GROVE/TARVERS" votes="32" />
            </VoteType>
            <VoteType name="Advance in Person" votes="1353">
                <Precinct name="DRY BRANCH" votes="214" />
                <Precinct name="GOLDEN ISLES" votes="338" />
                <Precinct name="HIGGSVILLE" votes="146" />
                <Precinct name="JEFFERSONVILLE/WARE" votes="445" />
                <Precinct name="SHADY GROVE/TARVERS" votes="210" />
            </VoteType>
            <VoteType name="Provisional" votes="0">
                <Precinct name="DRY BRANCH" votes="0" />
                <Precinct name="GOLDEN ISLES" votes="0" />
                <Precinct name="HIGGSVILLE" votes="0" />
                <Precinct name="JEFFERSONVILLE/WARE" votes="0" />
                <Precinct name="SHADY GROVE/TARVERS" votes="0" />
            </VoteType>
        </Choice>
    </Contest>
    <Contest key="200" text="TAX COMMISSIONER" isQuestion="false" precinctsReporting="5" precinctsReported="5">
        <VoteType name="Number of Precincts for Race" votes="5">
            <Precinct name="DRY BRANCH" votes="1" />
            <Precinct name="GOLDEN ISLES" votes="1" />
            <Precinct name="HIGGSVILLE" votes="1" />
            <Precinct name="JEFFERSONVILLE/WARE" votes="1" />
            <Precinct name="SHADY GROVE/TARVERS" votes="1" />
        </VoteType>
        <VoteType name="Number of Precincts Reporting" votes="5">
            <Precinct name="DRY BRANCH" votes="1" />
            <Precinct name="GOLDEN ISLES" votes="1" />
            <Precinct name="HIGGSVILLE" votes="1" />
            <Precinct name="JEFFERSONVILLE/WARE" votes="1" />
            <Precinct name="SHADY GROVE/TARVERS" votes="1" />
        </VoteType>
        <Choice key="10" text="E. W. NESMITH (I) D" totalVotes="3323">
            <VoteType name="Election Day" votes="1780">
                <Precinct name="DRY BRANCH" votes="455" />
                <Precinct name="GOLDEN ISLES" votes="525" />
                <Precinct name="HIGGSVILLE" votes="246" />
                <Precinct name="JEFFERSONVILLE/WARE" votes="330" />
                <Precinct name="SHADY GROVE/TARVERS" votes="224" />
            </VoteType>
            <VoteType name="Absentee by Mail" votes="255">
                <Precinct name="DRY BRANCH" votes="40" />
                <Precinct name="GOLDEN ISLES" votes="70" />
                <Precinct name="HIGGSVILLE" votes="23" />
                <Precinct name="JEFFERSONVILLE/WARE" votes="91" />
                <Precinct name="SHADY GROVE/TARVERS" votes="31" />
            </VoteType>
            <VoteType name="Advance in Person" votes="1288">
                <Precinct name="DRY BRANCH" votes="193" />
                <Precinct name="GOLDEN ISLES" votes="311" />
                <Precinct name="HIGGSVILLE" votes="150" />
                <Precinct name="JEFFERSONVILLE/WARE" votes="433" />
                <Precinct name="SHADY GROVE/TARVERS" votes="201" />
            </VoteType>
            <VoteType name="Provisional" votes="0">
                <Precinct name="DRY BRANCH" votes="0" />
                <Precinct name="GOLDEN ISLES" votes="0" />
                <Precinct name="HIGGSVILLE" votes="0" />
                <Precinct name="JEFFERSONVILLE/WARE" votes="0" />
                <Precinct name="SHADY GROVE/TARVERS" votes="0" />
            </VoteType>
        </Choice>
    </Contest>
    <Contest key="220" text="CORONER" isQuestion="false" precinctsReporting="5" precinctsReported="5">
        <VoteType name="Number of Precincts for Race" votes="5">
            <Precinct name="DRY BRANCH" votes="1" />
            <Precinct name="GOLDEN ISLES" votes="1" />
            <Precinct name="HIGGSVILLE" votes="1" />
            <Precinct name="JEFFERSONVILLE/WARE" votes="1" />
            <Precinct name="SHADY GROVE/TARVERS" votes="1" />
        </VoteType>
        <VoteType name="Number of Precincts Reporting" votes="5">
            <Precinct name="DRY BRANCH" votes="1" />
            <Precinct name="GOLDEN ISLES" votes="1" />
            <Precinct name="HIGGSVILLE" votes="1" />
            <Precinct name="JEFFERSONVILLE/WARE" votes="1" />
            <Precinct name="SHADY GROVE/TARVERS" votes="1" />
        </VoteType>
        <Choice key="10" text="H. L. REECE JR. (I)D" totalVotes="3360">
            <VoteType name="Election Day" votes="1789">
                <Precinct name="DRY BRANCH" votes="459" />
                <Precinct name="GOLDEN ISLES" votes="519" />
                <Precinct name="HIGGSVILLE" votes="250" />
                <Precinct name="JEFFERSONVILLE/WARE" votes="334" />
                <Precinct name="SHADY GROVE/TARVERS" votes="227" />
            </VoteType>
            <VoteType name="Absentee by Mail" votes="265">
                <Precinct name="DRY BRANCH" votes="39" />
                <Precinct name="GOLDEN ISLES" votes="71" />
                <Precinct name="HIGGSVILLE" votes="24" />
                <Precinct name="JEFFERSONVILLE/WARE" votes="98" />
                <Precinct name="SHADY GROVE/TARVERS" votes="33" />
            </VoteType>
            <VoteType name="Advance in Person" votes="1306">
                <Precinct name="DRY BRANCH" votes="197" />
                <Precinct name="GOLDEN ISLES" votes="318" />
                <Precinct name="HIGGSVILLE" votes="149" />
                <Precinct name="JEFFERSONVILLE/WARE" votes="439" />
                <Precinct name="SHADY GROVE/TARVERS" votes="203" />
            </VoteType>
            <VoteType name="Provisional" votes="0">
                <Precinct name="DRY BRANCH" votes="0" />
                <Precinct name="GOLDEN ISLES" votes="0" />
                <Precinct name="HIGGSVILLE" votes="0" />
                <Precinct name="JEFFERSONVILLE/WARE" votes="0" />
                <Precinct name="SHADY GROVE/TARVERS" votes="0" />
            </VoteType>
        </Choice>
    </Contest>
    <Contest key="240" text="CHIEF MAGISTRATE" isQuestion="false" precinctsReporting="5" precinctsReported="5">
        <VoteType name="Number of Precincts for Race" votes="5">
            <Precinct name="DRY BRANCH" votes="1" />
            <Precinct name="GOLDEN ISLES" votes="1" />
            <Precinct name="HIGGSVILLE" votes="1" />
            <Precinct name="JEFFERSONVILLE/WARE" votes="1" />
            <Precinct name="SHADY GROVE/TARVERS" votes="1" />
        </VoteType>
        <VoteType name="Number of Precincts Reporting" votes="5">
            <Precinct name="DRY BRANCH" votes="1" />
            <Precinct name="GOLDEN ISLES" votes="1" />
            <Precinct name="HIGGSVILLE" votes="1" />
            <Precinct name="JEFFERSONVILLE/WARE" votes="1" />
            <Precinct name="SHADY GROVE/TARVERS" votes="1" />
        </VoteType>
        <Choice key="10" text="D. L. BROWN (I) D" totalVotes="3262">
            <VoteType name="Election Day" votes="1735">
                <Precinct name="DRY BRANCH" votes="442" />
                <Precinct name="GOLDEN ISLES" votes="505" />
                <Precinct name="HIGGSVILLE" votes="230" />
                <Precinct name="JEFFERSONVILLE/WARE" votes="334" />
                <Precinct name="SHADY GROVE/TARVERS" votes="224" />
            </VoteType>
            <VoteType name="Absentee by Mail" votes="249">
                <Precinct name="DRY BRANCH" votes="36" />
                <Precinct name="GOLDEN ISLES" votes="69" />
                <Precinct name="HIGGSVILLE" votes="24" />
                <Precinct name="JEFFERSONVILLE/WARE" votes="91" />
                <Precinct name="SHADY GROVE/TARVERS" votes="29" />
            </VoteType>
            <VoteType name="Advance in Person" votes="1278">
                <Precinct name="DRY BRANCH" votes="194" />
                <Precinct name="GOLDEN ISLES" votes="311" />
                <Precinct name="HIGGSVILLE" votes="146" />
                <Precinct name="JEFFERSONVILLE/WARE" votes="429" />
                <Precinct name="SHADY GROVE/TARVERS" votes="198" />
            </VoteType>
            <VoteType name="Provisional" votes="0">
                <Precinct name="DRY BRANCH" votes="0" />
                <Precinct name="GOLDEN ISLES" votes="0" />
                <Precinct name="HIGGSVILLE" votes="0" />
                <Precinct name="JEFFERSONVILLE/WARE" votes="0" />
                <Precinct name="SHADY GROVE/TARVERS" votes="0" />
            </VoteType>
        </Choice>
    </Contest>
    <Contest key="260" text="CHAIR COMMISSIONER" isQuestion="false" precinctsReporting="5" precinctsReported="5">
        <VoteType name="Number of Precincts for Race" votes="5">
            <Precinct name="DRY BRANCH" votes="1" />
            <Precinct name="GOLDEN ISLES" votes="1" />
            <Precinct name="HIGGSVILLE" votes="1" />
            <Precinct name="JEFFERSONVILLE/WARE" votes="1" />
            <Precinct name="SHADY GROVE/TARVERS" votes="1" />
        </VoteType>
        <VoteType name="Number of Precincts Reporting" votes="5">
            <Precinct name="DRY BRANCH" votes="1" />
            <Precinct name="GOLDEN ISLES" votes="1" />
            <Precinct name="HIGGSVILLE" votes="1" />
            <Precinct name="JEFFERSONVILLE/WARE" votes="1" />
            <Precinct name="SHADY GROVE/TARVERS" votes="1" />
        </VoteType>
        <Choice key="10" text="K. FOWLER (I) D " totalVotes="3232">
            <VoteType name="Election Day" votes="1743">
                <Precinct name="DRY BRANCH" votes="455" />
                <Precinct name="GOLDEN ISLES" votes="503" />
                <Precinct name="HIGGSVILLE" votes="237" />
                <Precinct name="JEFFERSONVILLE/WARE" votes="325" />
                <Precinct name="SHADY GROVE/TARVERS" votes="223" />
            </VoteType>
            <VoteType name="Absentee by Mail" votes="243">
                <Precinct name="DRY BRANCH" votes="33" />
                <Precinct name="GOLDEN ISLES" votes="68" />
                <Precinct name="HIGGSVILLE" votes="24" />
                <Precinct name="JEFFERSONVILLE/WARE" votes="90" />
                <Precinct name="SHADY GROVE/TARVERS" votes="28" />
            </VoteType>
            <VoteType name="Advance in Person" votes="1246">
                <Precinct name="DRY BRANCH" votes="191" />
                <Precinct name="GOLDEN ISLES" votes="299" />
                <Precinct name="HIGGSVILLE" votes="139" />
                <Precinct name="JEFFERSONVILLE/WARE" votes="419" />
                <Precinct name="SHADY GROVE/TARVERS" votes="198" />
            </VoteType>
            <VoteType name="Provisional" votes="0">
                <Precinct name="DRY BRANCH" votes="0" />
                <Precinct name="GOLDEN ISLES" votes="0" />
                <Precinct name="HIGGSVILLE" votes="0" />
                <Precinct name="JEFFERSONVILLE/WARE" votes="0" />
                <Precinct name="SHADY GROVE/TARVERS" votes="0" />
            </VoteType>
        </Choice>
    </Contest>
    <Contest key="280" text="CC D1" isQuestion="false" precinctsReporting="3" precinctsReported="3">
        <VoteType name="Number of Precincts for Race" votes="3">
            <Precinct name="DRY BRANCH" votes="1" />
            <Precinct name="HIGGSVILLE" votes="1" />
            <Precinct name="JEFFERSONVILLE/WARE" votes="1" />
        </VoteType>
        <VoteType name="Number of Precincts Reporting" votes="3">
            <Precinct name="DRY BRANCH" votes="1" />
            <Precinct name="HIGGSVILLE" votes="1" />
            <Precinct name="JEFFERSONVILLE/WARE" votes="1" />
        </VoteType>
        <Choice key="10" text="L. FORD (D)" totalVotes="858">
            <VoteType name="Election Day" votes="345">
                <Precinct name="DRY BRANCH" votes="13" />
                <Precinct name="HIGGSVILLE" votes="2" />
                <Precinct name="JEFFERSONVILLE/WARE" votes="330" />
            </VoteType>
            <VoteType name="Absentee by Mail" votes="90">
                <Precinct name="DRY BRANCH" votes="2" />
                <Precinct name="HIGGSVILLE" votes="1" />
                <Precinct name="JEFFERSONVILLE/WARE" votes="87" />
            </VoteType>
            <VoteType name="Advance in Person" votes="423">
                <Precinct name="DRY BRANCH" votes="10" />
                <Precinct name="HIGGSVILLE" votes="1" />
                <Precinct name="JEFFERSONVILLE/WARE" votes="412" />
            </VoteType>
            <VoteType name="Provisional" votes="0">
                <Precinct name="DRY BRANCH" votes="0" />
                <Precinct name="HIGGSVILLE" votes="0" />
                <Precinct name="JEFFERSONVILLE/WARE" votes="0" />
            </VoteType>
        </Choice>
        <Choice key="20" text="M. C. SPIRES (IN)" totalVotes="241">
            <VoteType name="Election Day" votes="71">
                <Precinct name="DRY BRANCH" votes="15" />
                <Precinct name="HIGGSVILLE" votes="0" />
                <Precinct name="JEFFERSONVILLE/WARE" votes="56" />
            </VoteType>
            <VoteType name="Absentee by Mail" votes="63">
                <Precinct name="DRY BRANCH" votes="1" />
                <Precinct name="HIGGSVILLE" votes="3" />
                <Precinct name="JEFFERSONVILLE/WARE" votes="59" />
            </VoteType>
            <VoteType name="Advance in Person" votes="106">
                <Precinct name="DRY BRANCH" votes="11" />
                <Precinct name="HIGGSVILLE" votes="0" />
                <Precinct name="JEFFERSONVILLE/WARE" votes="95" />
            </VoteType>
            <VoteType name="Provisional" votes="1">
                <Precinct name="DRY BRANCH" votes="0" />
                <Precinct name="HIGGSVILLE" votes="0" />
                <Precinct name="JEFFERSONVILLE/WARE" votes="1" />
            </VoteType>
        </Choice>
    </Contest>
    <Contest key="290" text="CC D2" isQuestion="false" precinctsReporting="3" precinctsReported="3">
        <VoteType name="Number of Precincts for Race" votes="3">
            <Precinct name="GOLDEN ISLES" votes="1" />
            <Precinct name="HIGGSVILLE" votes="1" />
            <Precinct name="SHADY GROVE/TARVERS" votes="1" />
        </VoteType>
        <VoteType name="Number of Precincts Reporting" votes="3">
            <Precinct name="GOLDEN ISLES" votes="1" />
            <Precinct name="HIGGSVILLE" votes="1" />
            <Precinct name="SHADY GROVE/TARVERS" votes="1" />
        </VoteType>
        <Choice key="10" text="B. DUBOIS JR. (R)" totalVotes="697">
            <VoteType name="Election Day" votes="381">
                <Precinct name="GOLDEN ISLES" votes="26" />
                <Precinct name="HIGGSVILLE" votes="211" />
                <Precinct name="SHADY GROVE/TARVERS" votes="144" />
            </VoteType>
            <VoteType name="Absentee by Mail" votes="35">
                <Precinct name="GOLDEN ISLES" votes="1" />
                <Precinct name="HIGGSVILLE" votes="18" />
                <Precinct name="SHADY GROVE/TARVERS" votes="16" />
            </VoteType>
            <VoteType name="Advance in Person" votes="281">
                <Precinct name="GOLDEN ISLES" votes="21" />
                <Precinct name="HIGGSVILLE" votes="136" />
                <Precinct name="SHADY GROVE/TARVERS" votes="124" />
            </VoteType>
            <VoteType name="Provisional" votes="0">
                <Precinct name="GOLDEN ISLES" votes="0" />
                <Precinct name="HIGGSVILLE" votes="0" />
                <Precinct name="SHADY GROVE/TARVERS" votes="0" />
            </VoteType>
        </Choice>
    </Contest>
    <Contest key="310" text="CC D3" isQuestion="false" precinctsReporting="2" precinctsReported="2">
        <VoteType name="Number of Precincts for Race" votes="2">
            <Precinct name="GOLDEN ISLES" votes="1" />
            <Precinct name="SHADY GROVE/TARVERS" votes="1" />
        </VoteType>
        <VoteType name="Number of Precincts Reporting" votes="2">
            <Precinct name="GOLDEN ISLES" votes="1" />
            <Precinct name="SHADY GROVE/TARVERS" votes="1" />
        </VoteType>
        <Choice key="10" text="J. WHITE (R)" totalVotes="445">
            <VoteType name="Election Day" votes="252">
                <Precinct name="GOLDEN ISLES" votes="234" />
                <Precinct name="SHADY GROVE/TARVERS" votes="18" />
            </VoteType>
            <VoteType name="Absentee by Mail" votes="23">
                <Precinct name="GOLDEN ISLES" votes="21" />
                <Precinct name="SHADY GROVE/TARVERS" votes="2" />
            </VoteType>
            <VoteType name="Advance in Person" votes="170">
                <Precinct name="GOLDEN ISLES" votes="153" />
                <Precinct name="SHADY GROVE/TARVERS" votes="17" />
            </VoteType>
            <VoteType name="Provisional" votes="0">
                <Precinct name="GOLDEN ISLES" votes="0" />
                <Precinct name="SHADY GROVE/TARVERS" votes="0" />
            </VoteType>
        </Choice>
        <Choice key="20" text="W. M. BOND (I) D" totalVotes="661">
            <VoteType name="Election Day" votes="375">
                <Precinct name="GOLDEN ISLES" votes="334" />
                <Precinct name="SHADY GROVE/TARVERS" votes="41" />
            </VoteType>
            <VoteType name="Absentee by Mail" votes="55">
                <Precinct name="GOLDEN ISLES" votes="50" />
                <Precinct name="SHADY GROVE/TARVERS" votes="5" />
            </VoteType>
            <VoteType name="Advance in Person" votes="231">
                <Precinct name="GOLDEN ISLES" votes="187" />
                <Precinct name="SHADY GROVE/TARVERS" votes="44" />
            </VoteType>
            <VoteType name="Provisional" votes="0">
                <Precinct name="GOLDEN ISLES" votes="0" />
                <Precinct name="SHADY GROVE/TARVERS" votes="0" />
            </VoteType>
        </Choice>
    </Contest>
    <Contest key="330" text="CC D4" isQuestion="false" precinctsReporting="2" precinctsReported="2">
        <VoteType name="Number of Precincts for Race" votes="2">
            <Precinct name="DRY BRANCH" votes="1" />
            <Precinct name="GOLDEN ISLES" votes="1" />
        </VoteType>
        <VoteType name="Number of Precincts Reporting" votes="2">
            <Precinct name="DRY BRANCH" votes="1" />
            <Precinct name="GOLDEN ISLES" votes="1" />
        </VoteType>
        <Choice key="10" text="D. WATSON (I) R" totalVotes="388">
            <VoteType name="Election Day" votes="257">
                <Precinct name="DRY BRANCH" votes="253" />
                <Precinct name="GOLDEN ISLES" votes="4" />
            </VoteType>
            <VoteType name="Absentee by Mail" votes="17">
                <Precinct name="DRY BRANCH" votes="17" />
                <Precinct name="GOLDEN ISLES" votes="0" />
            </VoteType>
            <VoteType name="Advance in Person" votes="114">
                <Precinct name="DRY BRANCH" votes="112" />
                <Precinct name="GOLDEN ISLES" votes="2" />
            </VoteType>
            <VoteType name="Provisional" votes="0">
                <Precinct name="DRY BRANCH" votes="0" />
                <Precinct name="GOLDEN ISLES" votes="0" />
            </VoteType>
        </Choice>
        <Choice key="20" text="S. BIRDSONG (D)" totalVotes="419">
            <VoteType name="Election Day" votes="287">
                <Precinct name="DRY BRANCH" votes="283" />
                <Precinct name="GOLDEN ISLES" votes="4" />
            </VoteType>
            <VoteType name="Absentee by Mail" votes="22">
                <Precinct name="DRY BRANCH" votes="22" />
                <Precinct name="GOLDEN ISLES" votes="0" />
            </VoteType>
            <VoteType name="Advance in Person" votes="110">
                <Precinct name="DRY BRANCH" votes="105" />
                <Precinct name="GOLDEN ISLES" votes="5" />
            </VoteType>
            <VoteType name="Provisional" votes="0">
                <Precinct name="DRY BRANCH" votes="0" />
                <Precinct name="GOLDEN ISLES" votes="0" />
            </VoteType>
        </Choice>
    </Contest>
    <Contest key="350" text="BOE D2" isQuestion="false" precinctsReporting="3" precinctsReported="3">
        <VoteType name="Number of Precincts for Race" votes="3">
            <Precinct name="GOLDEN ISLES" votes="1" />
            <Precinct name="HIGGSVILLE" votes="1" />
            <Precinct name="SHADY GROVE/TARVERS" votes="1" />
        </VoteType>
        <VoteType name="Number of Precincts Reporting" votes="3">
            <Precinct name="GOLDEN ISLES" votes="1" />
            <Precinct name="HIGGSVILLE" votes="1" />
            <Precinct name="SHADY GROVE/TARVERS" votes="1" />
        </VoteType>
        <Choice key="10" text="S. RADEBAUGH (R)" totalVotes="447">
            <VoteType name="Election Day" votes="236">
                <Precinct name="GOLDEN ISLES" votes="21" />
                <Precinct name="HIGGSVILLE" votes="127" />
                <Precinct name="SHADY GROVE/TARVERS" votes="88" />
            </VoteType>
            <VoteType name="Absentee by Mail" votes="22">
                <Precinct name="GOLDEN ISLES" votes="0" />
                <Precinct name="HIGGSVILLE" votes="8" />
                <Precinct name="SHADY GROVE/TARVERS" votes="14" />
            </VoteType>
            <VoteType name="Advance in Person" votes="189">
                <Precinct name="GOLDEN ISLES" votes="16" />
                <Precinct name="HIGGSVILLE" votes="81" />
                <Precinct name="SHADY GROVE/TARVERS" votes="92" />
            </VoteType>
            <VoteType name="Provisional" votes="0">
                <Precinct name="GOLDEN ISLES" votes="0" />
                <Precinct name="HIGGSVILLE" votes="0" />
                <Precinct name="SHADY GROVE/TARVERS" votes="0" />
            </VoteType>
        </Choice>
        <Choice key="20" text="T.D. BLACKSHEAR (I)D" totalVotes="475">
            <VoteType name="Election Day" votes="255">
                <Precinct name="GOLDEN ISLES" votes="7" />
                <Precinct name="HIGGSVILLE" votes="147" />
                <Precinct name="SHADY GROVE/TARVERS" votes="101" />
            </VoteType>
            <VoteType name="Absentee by Mail" votes="35">
                <Precinct name="GOLDEN ISLES" votes="1" />
                <Precinct name="HIGGSVILLE" votes="18" />
                <Precinct name="SHADY GROVE/TARVERS" votes="16" />
            </VoteType>
            <VoteType name="Advance in Person" votes="185">
                <Precinct name="GOLDEN ISLES" votes="5" />
                <Precinct name="HIGGSVILLE" votes="94" />
                <Precinct name="SHADY GROVE/TARVERS" votes="86" />
            </VoteType>
            <VoteType name="Provisional" votes="0">
                <Precinct name="GOLDEN ISLES" votes="0" />
                <Precinct name="HIGGSVILLE" votes="0" />
                <Precinct name="SHADY GROVE/TARVERS" votes="0" />
            </VoteType>
        </Choice>
    </Contest>
    <Contest key="380" text="BOE D4" isQuestion="false" precinctsReporting="2" precinctsReported="2">
        <VoteType name="Number of Precincts for Race" votes="2">
            <Precinct name="DRY BRANCH" votes="1" />
            <Precinct name="GOLDEN ISLES" votes="1" />
        </VoteType>
        <VoteType name="Number of Precincts Reporting" votes="2">
            <Precinct name="DRY BRANCH" votes="1" />
            <Precinct name="GOLDEN ISLES" votes="1" />
        </VoteType>
        <Choice key="10" text="S. L. STOKES (I) D" totalVotes="616">
            <VoteType name="Election Day" votes="416">
                <Precinct name="DRY BRANCH" votes="408" />
                <Precinct name="GOLDEN ISLES" votes="8" />
            </VoteType>
            <VoteType name="Absentee by Mail" votes="27">
                <Precinct name="DRY BRANCH" votes="27" />
                <Precinct name="GOLDEN ISLES" votes="0" />
            </VoteType>
            <VoteType name="Advance in Person" votes="173">
                <Precinct name="DRY BRANCH" votes="167" />
                <Precinct name="GOLDEN ISLES" votes="6" />
            </VoteType>
            <VoteType name="Provisional" votes="0">
                <Precinct name="DRY BRANCH" votes="0" />
                <Precinct name="GOLDEN ISLES" votes="0" />
            </VoteType>
        </Choice>
    </Contest>
    <Contest key="390" text="Constitutional Amendment #1&lt;br&gt;Provides greater flexibility and state accountability to fix failing schools through increasing community involvement." isQuestion="false" precinctsReporting="5" precinctsReported="5">
        <VoteType name="Number of Precincts for Race" votes="5">
            <Precinct name="DRY BRANCH" votes="1" />
            <Precinct name="GOLDEN ISLES" votes="1" />
            <Precinct name="HIGGSVILLE" votes="1" />
            <Precinct name="JEFFERSONVILLE/WARE" votes="1" />
            <Precinct name="SHADY GROVE/TARVERS" votes="1" />
        </VoteType>
        <VoteType name="Number of Precincts Reporting" votes="5">
            <Precinct name="DRY BRANCH" votes="1" />
            <Precinct name="GOLDEN ISLES" votes="1" />
            <Precinct name="HIGGSVILLE" votes="1" />
            <Precinct name="JEFFERSONVILLE/WARE" votes="1" />
            <Precinct name="SHADY GROVE/TARVERS" votes="1" />
        </VoteType>
        <Choice key="10" text="YES" totalVotes="1469">
            <VoteType name="Election Day" votes="797">
                <Precinct name="DRY BRANCH" votes="233" />
                <Precinct name="GOLDEN ISLES" votes="231" />
                <Precinct name="HIGGSVILLE" votes="103" />
                <Precinct name="JEFFERSONVILLE/WARE" votes="136" />
                <Precinct name="SHADY GROVE/TARVERS" votes="94" />
            </VoteType>
            <VoteType name="Absentee by Mail" votes="130">
                <Precinct name="DRY BRANCH" votes="29" />
                <Precinct name="GOLDEN ISLES" votes="39" />
                <Precinct name="HIGGSVILLE" votes="11" />
                <Precinct name="JEFFERSONVILLE/WARE" votes="42" />
                <Precinct name="SHADY GROVE/TARVERS" votes="9" />
            </VoteType>
            <VoteType name="Advance in Person" votes="541">
                <Precinct name="DRY BRANCH" votes="95" />
                <Precinct name="GOLDEN ISLES" votes="145" />
                <Precinct name="HIGGSVILLE" votes="62" />
                <Precinct name="JEFFERSONVILLE/WARE" votes="169" />
                <Precinct name="SHADY GROVE/TARVERS" votes="70" />
            </VoteType>
            <VoteType name="Provisional" votes="1">
                <Precinct name="DRY BRANCH" votes="0" />
                <Precinct name="GOLDEN ISLES" votes="0" />
                <Precinct name="HIGGSVILLE" votes="0" />
                <Precinct name="JEFFERSONVILLE/WARE" votes="1" />
                <Precinct name="SHADY GROVE/TARVERS" votes="0" />
            </VoteType>
        </Choice>
        <Choice key="20" text="NO" totalVotes="2427">
            <VoteType name="Election Day" votes="1265">
                <Precinct name="DRY BRANCH" votes="320" />
                <Precinct name="GOLDEN ISLES" votes="372" />
                <Precinct name="HIGGSVILLE" votes="170" />
                <Precinct name="JEFFERSONVILLE/WARE" votes="238" />
                <Precinct name="SHADY GROVE/TARVERS" votes="165" />
            </VoteType>
            <VoteType name="Absentee by Mail" votes="190">
                <Precinct name="DRY BRANCH" votes="13" />
                <Precinct name="GOLDEN ISLES" votes="34" />
                <Precinct name="HIGGSVILLE" votes="18" />
                <Precinct name="JEFFERSONVILLE/WARE" votes="98" />
                <Precinct name="SHADY GROVE/TARVERS" votes="27" />
            </VoteType>
            <VoteType name="Advance in Person" votes="972">
                <Precinct name="DRY BRANCH" votes="151" />
                <Precinct name="GOLDEN ISLES" votes="220" />
                <Precinct name="HIGGSVILLE" votes="110" />
                <Precinct name="JEFFERSONVILLE/WARE" votes="329" />
                <Precinct name="SHADY GROVE/TARVERS" votes="162" />
            </VoteType>
            <VoteType name="Provisional" votes="0">
                <Precinct name="DRY BRANCH" votes="0" />
                <Precinct name="GOLDEN ISLES" votes="0" />
                <Precinct name="HIGGSVILLE" votes="0" />
                <Precinct name="JEFFERSONVILLE/WARE" votes="0" />
                <Precinct name="SHADY GROVE/TARVERS" votes="0" />
            </VoteType>
        </Choice>
    </Contest>
    <Contest key="400" text="Constitutional Amendment #2&lt;br&gt;Authorizes penalties for sexual exploitation and assessments on adult entertainment to fund child victims' services." isQuestion="false" precinctsReporting="5" precinctsReported="5">
        <VoteType name="Number of Precincts for Race" votes="5">
            <Precinct name="DRY BRANCH" votes="1" />
            <Precinct name="GOLDEN ISLES" votes="1" />
            <Precinct name="HIGGSVILLE" votes="1" />
            <Precinct name="JEFFERSONVILLE/WARE" votes="1" />
            <Precinct name="SHADY GROVE/TARVERS" votes="1" />
        </VoteType>
        <VoteType name="Number of Precincts Reporting" votes="5">
            <Precinct name="DRY BRANCH" votes="1" />
            <Precinct name="GOLDEN ISLES" votes="1" />
            <Precinct name="HIGGSVILLE" votes="1" />
            <Precinct name="JEFFERSONVILLE/WARE" votes="1" />
            <Precinct name="SHADY GROVE/TARVERS" votes="1" />
        </VoteType>
        <Choice key="10" text="YES" totalVotes="2927">
            <VoteType name="Election Day" votes="1564">
                <Precinct name="DRY BRANCH" votes="442" />
                <Precinct name="GOLDEN ISLES" votes="469" />
                <Precinct name="HIGGSVILLE" votes="196" />
                <Precinct name="JEFFERSONVILLE/WARE" votes="276" />
                <Precinct name="SHADY GROVE/TARVERS" votes="181" />
            </VoteType>
            <VoteType name="Absentee by Mail" votes="212">
                <Precinct name="DRY BRANCH" votes="39" />
                <Precinct name="GOLDEN ISLES" votes="57" />
                <Precinct name="HIGGSVILLE" votes="22" />
                <Precinct name="JEFFERSONVILLE/WARE" votes="76" />
                <Precinct name="SHADY GROVE/TARVERS" votes="18" />
            </VoteType>
            <VoteType name="Advance in Person" votes="1150">
                <Precinct name="DRY BRANCH" votes="197" />
                <Precinct name="GOLDEN ISLES" votes="272" />
                <Precinct name="HIGGSVILLE" votes="140" />
                <Precinct name="JEFFERSONVILLE/WARE" votes="364" />
                <Precinct name="SHADY GROVE/TARVERS" votes="177" />
            </VoteType>
            <VoteType name="Provisional" votes="1">
                <Precinct name="DRY BRANCH" votes="0" />
                <Precinct name="GOLDEN ISLES" votes="0" />
                <Precinct name="HIGGSVILLE" votes="0" />
                <Precinct name="JEFFERSONVILLE/WARE" votes="1" />
                <Precinct name="SHADY GROVE/TARVERS" votes="0" />
            </VoteType>
        </Choice>
        <Choice key="20" text="NO" totalVotes="823">
            <VoteType name="Election Day" votes="427">
                <Precinct name="DRY BRANCH" votes="100" />
                <Precinct name="GOLDEN ISLES" votes="126" />
                <Precinct name="HIGGSVILLE" votes="59" />
                <Precinct name="JEFFERSONVILLE/WARE" votes="78" />
                <Precinct name="SHADY GROVE/TARVERS" votes="64" />
            </VoteType>
            <VoteType name="Absentee by Mail" votes="82">
                <Precinct name="DRY BRANCH" votes="3" />
                <Precinct name="GOLDEN ISLES" votes="15" />
                <Precinct name="HIGGSVILLE" votes="5" />
                <Precinct name="JEFFERSONVILLE/WARE" votes="44" />
                <Precinct name="SHADY GROVE/TARVERS" votes="15" />
            </VoteType>
            <VoteType name="Advance in Person" votes="314">
                <Precinct name="DRY BRANCH" votes="43" />
                <Precinct name="GOLDEN ISLES" votes="80" />
                <Precinct name="HIGGSVILLE" votes="30" />
                <Precinct name="JEFFERSONVILLE/WARE" votes="114" />
                <Precinct name="SHADY GROVE/TARVERS" votes="47" />
            </VoteType>
            <VoteType name="Provisional" votes="0">
                <Precinct name="DRY BRANCH" votes="0" />
                <Precinct name="GOLDEN ISLES" votes="0" />
                <Precinct name="HIGGSVILLE" votes="0" />
                <Precinct name="JEFFERSONVILLE/WARE" votes="0" />
                <Precinct name="SHADY GROVE/TARVERS" votes="0" />
            </VoteType>
        </Choice>
    </Contest>
    <Contest key="410" text="Constitutional Amendment #3&lt;br&gt;Reforms and re-establishes the Judicial Qualifications Commission and provides for its composition, governance, and powers." isQuestion="false" precinctsReporting="5" precinctsReported="5">
        <VoteType name="Number of Precincts for Race" votes="5">
            <Precinct name="DRY BRANCH" votes="1" />
            <Precinct name="GOLDEN ISLES" votes="1" />
            <Precinct name="HIGGSVILLE" votes="1" />
            <Precinct name="JEFFERSONVILLE/WARE" votes="1" />
            <Precinct name="SHADY GROVE/TARVERS" votes="1" />
        </VoteType>
        <VoteType name="Number of Precincts Reporting" votes="5">
            <Precinct name="DRY BRANCH" votes="1" />
            <Precinct name="GOLDEN ISLES" votes="1" />
            <Precinct name="HIGGSVILLE" votes="1" />
            <Precinct name="JEFFERSONVILLE/WARE" votes="1" />
            <Precinct name="SHADY GROVE/TARVERS" votes="1" />
        </VoteType>
        <Choice key="10" text="YES" totalVotes="2006">
            <VoteType name="Election Day" votes="1046">
                <Precinct name="DRY BRANCH" votes="308" />
                <Precinct name="GOLDEN ISLES" votes="305" />
                <Precinct name="HIGGSVILLE" votes="137" />
                <Precinct name="JEFFERSONVILLE/WARE" votes="187" />
                <Precinct name="SHADY GROVE/TARVERS" votes="109" />
            </VoteType>
            <VoteType name="Absentee by Mail" votes="169">
                <Precinct name="DRY BRANCH" votes="29" />
                <Precinct name="GOLDEN ISLES" votes="47" />
                <Precinct name="HIGGSVILLE" votes="21" />
                <Precinct name="JEFFERSONVILLE/WARE" votes="55" />
                <Precinct name="SHADY GROVE/TARVERS" votes="17" />
            </VoteType>
            <VoteType name="Advance in Person" votes="790">
                <Precinct name="DRY BRANCH" votes="138" />
                <Precinct name="GOLDEN ISLES" votes="192" />
                <Precinct name="HIGGSVILLE" votes="86" />
                <Precinct name="JEFFERSONVILLE/WARE" votes="249" />
                <Precinct name="SHADY GROVE/TARVERS" votes="125" />
            </VoteType>
            <VoteType name="Provisional" votes="1">
                <Precinct name="DRY BRANCH" votes="0" />
                <Precinct name="GOLDEN ISLES" votes="0" />
                <Precinct name="HIGGSVILLE" votes="0" />
                <Precinct name="JEFFERSONVILLE/WARE" votes="1" />
                <Precinct name="SHADY GROVE/TARVERS" votes="0" />
            </VoteType>
        </Choice>
        <Choice key="20" text="NO" totalVotes="1529">
            <VoteType name="Election Day" votes="832">
                <Precinct name="DRY BRANCH" votes="193" />
                <Precinct name="GOLDEN ISLES" votes="264" />
                <Precinct name="HIGGSVILLE" votes="103" />
                <Precinct name="JEFFERSONVILLE/WARE" votes="155" />
                <Precinct name="SHADY GROVE/TARVERS" votes="117" />
            </VoteType>
            <VoteType name="Absentee by Mail" votes="106">
                <Precinct name="DRY BRANCH" votes="11" />
                <Precinct name="GOLDEN ISLES" votes="21" />
                <Precinct name="HIGGSVILLE" votes="5" />
                <Precinct name="JEFFERSONVILLE/WARE" votes="55" />
                <Precinct name="SHADY GROVE/TARVERS" votes="14" />
            </VoteType>
            <VoteType name="Advance in Person" votes="591">
                <Precinct name="DRY BRANCH" votes="87" />
                <Precinct name="GOLDEN ISLES" votes="141" />
                <Precinct name="HIGGSVILLE" votes="65" />
                <Precinct name="JEFFERSONVILLE/WARE" votes="211" />
                <Precinct name="SHADY GROVE/TARVERS" votes="87" />
            </VoteType>
            <VoteType name="Provisional" votes="0">
                <Precinct name="DRY BRANCH" votes="0" />
                <Precinct name="GOLDEN ISLES" votes="0" />
                <Precinct name="HIGGSVILLE" votes="0" />
                <Precinct name="JEFFERSONVILLE/WARE" votes="0" />
                <Precinct name="SHADY GROVE/TARVERS" votes="0" />
            </VoteType>
        </Choice>
    </Contest>
    <Contest key="420" text="Constitutional Amendment #4&lt;br&gt;Dedicates revenue from existing taxes on fireworks to trauma care, fire services, and public safety." isQuestion="false" precinctsReporting="5" precinctsReported="5">
        <VoteType name="Number of Precincts for Race" votes="5">
            <Precinct name="DRY BRANCH" votes="1" />
            <Precinct name="GOLDEN ISLES" votes="1" />
            <Precinct name="HIGGSVILLE" votes="1" />
            <Precinct name="JEFFERSONVILLE/WARE" votes="1" />
            <Precinct name="SHADY GROVE/TARVERS" votes="1" />
        </VoteType>
        <VoteType name="Number of Precincts Reporting" votes="5">
            <Precinct name="DRY BRANCH" votes="1" />
            <Precinct name="GOLDEN ISLES" votes="1" />
            <Precinct name="HIGGSVILLE" votes="1" />
            <Precinct name="JEFFERSONVILLE/WARE" votes="1" />
            <Precinct name="SHADY GROVE/TARVERS" votes="1" />
        </VoteType>
        <Choice key="10" text="YES" totalVotes="2935">
            <VoteType name="Election Day" votes="1546">
                <Precinct name="DRY BRANCH" votes="439" />
                <Precinct name="GOLDEN ISLES" votes="474" />
                <Precinct name="HIGGSVILLE" votes="195" />
                <Precinct name="JEFFERSONVILLE/WARE" votes="257" />
                <Precinct name="SHADY GROVE/TARVERS" votes="181" />
            </VoteType>
            <VoteType name="Absentee by Mail" votes="253">
                <Precinct name="DRY BRANCH" votes="37" />
                <Precinct name="GOLDEN ISLES" votes="62" />
                <Precinct name="HIGGSVILLE" votes="26" />
                <Precinct name="JEFFERSONVILLE/WARE" votes="106" />
                <Precinct name="SHADY GROVE/TARVERS" votes="22" />
            </VoteType>
            <VoteType name="Advance in Person" votes="1136">
                <Precinct name="DRY BRANCH" votes="192" />
                <Precinct name="GOLDEN ISLES" votes="284" />
                <Precinct name="HIGGSVILLE" votes="128" />
                <Precinct name="JEFFERSONVILLE/WARE" votes="366" />
                <Precinct name="SHADY GROVE/TARVERS" votes="166" />
            </VoteType>
            <VoteType name="Provisional" votes="0">
                <Precinct name="DRY BRANCH" votes="0" />
                <Precinct name="GOLDEN ISLES" votes="0" />
                <Precinct name="HIGGSVILLE" votes="0" />
                <Precinct name="JEFFERSONVILLE/WARE" votes="0" />
                <Precinct name="SHADY GROVE/TARVERS" votes="0" />
            </VoteType>
        </Choice>
        <Choice key="20" text="NO" totalVotes="865">
            <VoteType name="Election Day" votes="466">
                <Precinct name="DRY BRANCH" votes="103" />
                <Precinct name="GOLDEN ISLES" votes="129" />
                <Precinct name="HIGGSVILLE" votes="64" />
                <Precinct name="JEFFERSONVILLE/WARE" votes="101" />
                <Precinct name="SHADY GROVE/TARVERS" votes="69" />
            </VoteType>
            <VoteType name="Absentee by Mail" votes="48">
                <Precinct name="DRY BRANCH" votes="5" />
                <Precinct name="GOLDEN ISLES" votes="9" />
                <Precinct name="HIGGSVILLE" votes="1" />
                <Precinct name="JEFFERSONVILLE/WARE" votes="24" />
                <Precinct name="SHADY GROVE/TARVERS" votes="9" />
            </VoteType>
            <VoteType name="Advance in Person" votes="350">
                <Precinct name="DRY BRANCH" votes="51" />
                <Precinct name="GOLDEN ISLES" votes="72" />
                <Precinct name="HIGGSVILLE" votes="43" />
                <Precinct name="JEFFERSONVILLE/WARE" votes="122" />
                <Precinct name="SHADY GROVE/TARVERS" votes="62" />
            </VoteType>
            <VoteType name="Provisional" votes="1">
                <Precinct name="DRY BRANCH" votes="0" />
                <Precinct name="GOLDEN ISLES" votes="0" />
                <Precinct name="HIGGSVILLE" votes="0" />
                <Precinct name="JEFFERSONVILLE/WARE" votes="1" />
                <Precinct name="SHADY GROVE/TARVERS" votes="0" />
            </VoteType>
        </Choice>
    </Contest>
</ElectionResult>