"line number","contest name","choice name","party name","total votes","percent of votes","registered voters","ballots cast","num Precinct total","num Precinct rptg","over votes","under votes"
1,"President of the United States","DONALD J. TRUMP","",1984,69.30,4104,2897,4,4,"0","0"
2,"President of the United States","HILLARY CLINTON","",806,28.15,4104,2897,4,4,"0","0"
3,"President of the United States","GARY JOHNSON","",73,2.55,4104,2897,4,4,"0","0"
4,"United States Senator, Isakson","JOHNNY ISAKSON (I)","",1792,69.62,4104,2897,4,4,"0","0"
5,"United States Senator, Isakson","JIM BARKSDALE","",661,25.68,4104,2897,4,4,"0","0"
6,"United States Senator, Isakson","ALLEN BUCKLEY","",121,4.70,4104,2897,4,4,"0","0"
7,"Public Service Commission, District 2 - Eastern","TIM ECHOLS (I)","",2034,81.46,4104,2897,4,4,"0","0"
8,"Public Service Commission, District 2 - Eastern","ERIC HOSKINS","",463,18.54,4104,2897,4,4,"0","0"
9,"U.S. Representative, District 8","AUSTIN SCOTT (I)","",1950,72.63,4104,2897,4,4,"0","0"
10,"U.S. Representative, District 8","JAMES NEAL HARRIS","",735,27.37,4104,2897,4,4,"0","0"
11,"State Senator, District 8","ELLIS BLACK (I)","",1966,72.81,4104,2897,4,4,"0","0"
12,"State Senator, District 8","GREGORY WILLIAMS","",734,27.19,4104,2897,4,4,"0","0"
13,"State Representative, District 176","JASON SHAW (I)","",2514,100.00,4104,2897,4,4,"0","0"
14,"District Attorney, Alapaha Circuit","DICK PERRYMAN (I)","",2336,100.00,4104,2897,4,4,"0","0"
15,"CLERK, SUPERIOR COURT","D. J. CLARK (I) R","",2437,100.00,4104,2897,4,4,"0","0"
16,"SHERIFF","K. MOORE JR. (R)","",888,31.70,4104,2897,4,4,"0","0"
17,"SHERIFF","C. NORTON (I) D","",1913,68.30,4104,2897,4,4,"0","0"
18,"TAX COMMISSIONER","R. S. RAMPEY (I) D","",2548,100.00,4104,2897,4,4,"0","0"
19,"CORONER","P. S. PHILLIPS (I) R","",2406,100.00,4104,2897,4,4,"0","0"
20,"CHAIR CC","A. LEE (I) R","",2426,100.00,4104,2897,4,4,"0","0"
21,"CC, D3","S. G. BOWLING (I) R","",662,100.00,1090,779,2,2,"0","0"
22,"CC, D4","D. FENDER (I) R","",752,100.00,1127,862,3,3,"0","0"
23,"BOE CHAIRMAN","F. PATTEN (I) R","",2385,100.00,4104,2897,4,4,"0","0"
24,"BOE D2","W. M. CHASON (I) R","",559,100.00,1010,688,2,2,"0","0"
25,"Constitutional Amendment #1<br>Provides greater flexibility and state accountability to fix failing schools through increasing community involvement.","YES","",1268,46.36,4104,2897,4,4,"0","0"
26,"Constitutional Amendment #1<br>Provides greater flexibility and state accountability to fix failing schools through increasing community involvement.","NO","",1467,53.64,4104,2897,4,4,"0","0"
27,"Constitutional Amendment #2<br>Authorizes penalties for sexual exploitation and assessments on adult entertainment to fund child victims' services.","YES","",2243,83.29,4104,2897,4,4,"0","0"
28,"Constitutional Amendment #2<br>Authorizes penalties for sexual exploitation and assessments on adult entertainment to fund child victims' services.","NO","",450,16.71,4104,2897,4,4,"0","0"
29,"Constitutional Amendment #3<br>Reforms and re-establishes the Judicial Qualifications Commission and provides for its composition, governance, and powers.","YES","",1652,64.51,4104,2897,4,4,"0","0"
30,"Constitutional Amendment #3<br>Reforms and re-establishes the Judicial Qualifications Commission and provides for its composition, governance, and powers.","NO","",909,35.49,4104,2897,4,4,"0","0"
31,"Constitutional Amendment #4<br>Dedicates revenue from existing taxes on fireworks to trauma care, fire services, and public safety.","YES","",2098,78.23,4104,2897,4,4,"0","0"
32,"Constitutional Amendment #4<br>Dedicates revenue from existing taxes on fireworks to trauma care, fire services, and public safety.","NO","",584,21.77,4104,2897,4,4,"0","0"
