<?xml version="1.0"?>
<!--Election result snapshot imported from Tabulation System
-->
<ElectionResult>
    <Timestamp>11/14/2016 3:22:54 PM EST</Timestamp>
    <ElectionName>November 8, 2016 - General Election</ElectionName>
    <ElectionDate>11/8/2016</ElectionDate>
    <Region>Pulaski</Region>
    <VoterTurnout totalVoters="4720" ballotsCast="3631" voterTurnout="76.93">
        <Precincts>
            <Precinct name="COURTHOUSE ANNEX" totalVoters="4720" ballotsCast="3631" voterTurnout="76.93" percentReporting="4" />
        </Precincts>
    </VoterTurnout>
    <Contest key="5" text="President of the United States" isQuestion="false" precinctsReporting="1" precinctsReported="1">
        <VoteType name="Number of Precincts for Race" votes="1">
            <Precinct name="COURTHOUSE ANNEX" votes="1" />
        </VoteType>
        <VoteType name="Number of Precincts Reporting" votes="1">
            <Precinct name="COURTHOUSE ANNEX" votes="1" />
        </VoteType>
        <Choice key="10" text="DONALD J. TRUMP" totalVotes="2437">
            <VoteType name="Election Day" votes="535">
                <Precinct name="COURTHOUSE ANNEX" votes="535" />
            </VoteType>
            <VoteType name="Absentee by Mail" votes="106">
                <Precinct name="COURTHOUSE ANNEX" votes="106" />
            </VoteType>
            <VoteType name="Advance in Person" votes="1795">
                <Precinct name="COURTHOUSE ANNEX" votes="1795" />
            </VoteType>
            <VoteType name="Provisional" votes="1">
                <Precinct name="COURTHOUSE ANNEX" votes="1" />
            </VoteType>
        </Choice>
        <Choice key="20" text="HILLARY CLINTON" totalVotes="1104">
            <VoteType name="Election Day" votes="342">
                <Precinct name="COURTHOUSE ANNEX" votes="342" />
            </VoteType>
            <VoteType name="Absentee by Mail" votes="96">
                <Precinct name="COURTHOUSE ANNEX" votes="96" />
            </VoteType>
            <VoteType name="Advance in Person" votes="666">
                <Precinct name="COURTHOUSE ANNEX" votes="666" />
            </VoteType>
            <VoteType name="Provisional" votes="0">
                <Precinct name="COURTHOUSE ANNEX" votes="0" />
            </VoteType>
        </Choice>
        <Choice key="30" text="GARY JOHNSON" totalVotes="58">
            <VoteType name="Election Day" votes="15">
                <Precinct name="COURTHOUSE ANNEX" votes="15" />
            </VoteType>
            <VoteType name="Absentee by Mail" votes="3">
                <Precinct name="COURTHOUSE ANNEX" votes="3" />
            </VoteType>
            <VoteType name="Advance in Person" votes="40">
                <Precinct name="COURTHOUSE ANNEX" votes="40" />
            </VoteType>
            <VoteType name="Provisional" votes="0">
                <Precinct name="COURTHOUSE ANNEX" votes="0" />
            </VoteType>
        </Choice>
    </Contest>
    <Contest key="10" text="United States Senator, Isakson" isQuestion="false" precinctsReporting="1" precinctsReported="1">
        <VoteType name="Number of Precincts for Race" votes="1">
            <Precinct name="COURTHOUSE ANNEX" votes="1" />
        </VoteType>
        <VoteType name="Number of Precincts Reporting" votes="1">
            <Precinct name="COURTHOUSE ANNEX" votes="1" />
        </VoteType>
        <Choice key="10" text="JOHNNY ISAKSON (I)" totalVotes="2415">
            <VoteType name="Election Day" votes="548">
                <Precinct name="COURTHOUSE ANNEX" votes="548" />
            </VoteType>
            <VoteType name="Absentee by Mail" votes="119">
                <Precinct name="COURTHOUSE ANNEX" votes="119" />
            </VoteType>
            <VoteType name="Advance in Person" votes="1747">
                <Precinct name="COURTHOUSE ANNEX" votes="1747" />
            </VoteType>
            <VoteType name="Provisional" votes="1">
                <Precinct name="COURTHOUSE ANNEX" votes="1" />
            </VoteType>
        </Choice>
        <Choice key="20" text="JIM BARKSDALE" totalVotes="871">
            <VoteType name="Election Day" votes="266">
                <Precinct name="COURTHOUSE ANNEX" votes="266" />
            </VoteType>
            <VoteType name="Absentee by Mail" votes="76">
                <Precinct name="COURTHOUSE ANNEX" votes="76" />
            </VoteType>
            <VoteType name="Advance in Person" votes="529">
                <Precinct name="COURTHOUSE ANNEX" votes="529" />
            </VoteType>
            <VoteType name="Provisional" votes="0">
                <Precinct name="COURTHOUSE ANNEX" votes="0" />
            </VoteType>
        </Choice>
        <Choice key="30" text="ALLEN BUCKLEY" totalVotes="88">
            <VoteType name="Election Day" votes="23">
                <Precinct name="COURTHOUSE ANNEX" votes="23" />
            </VoteType>
            <VoteType name="Absentee by Mail" votes="5">
                <Precinct name="COURTHOUSE ANNEX" votes="5" />
            </VoteType>
            <VoteType name="Advance in Person" votes="60">
                <Precinct name="COURTHOUSE ANNEX" votes="60" />
            </VoteType>
            <VoteType name="Provisional" votes="0">
                <Precinct name="COURTHOUSE ANNEX" votes="0" />
            </VoteType>
        </Choice>
    </Contest>
    <Contest key="30" text="Public Service Commission, District 2 - Eastern" isQuestion="false" precinctsReporting="1" precinctsReported="1">
        <VoteType name="Number of Precincts for Race" votes="1">
            <Precinct name="COURTHOUSE ANNEX" votes="1" />
        </VoteType>
        <VoteType name="Number of Precincts Reporting" votes="1">
            <Precinct name="COURTHOUSE ANNEX" votes="1" />
        </VoteType>
        <Choice key="10" text="TIM ECHOLS (I)" totalVotes="2506">
            <VoteType name="Election Day" votes="556">
                <Precinct name="COURTHOUSE ANNEX" votes="556" />
            </VoteType>
            <VoteType name="Absentee by Mail" votes="127">
                <Precinct name="COURTHOUSE ANNEX" votes="127" />
            </VoteType>
            <VoteType name="Advance in Person" votes="1822">
                <Precinct name="COURTHOUSE ANNEX" votes="1822" />
            </VoteType>
            <VoteType name="Provisional" votes="1">
                <Precinct name="COURTHOUSE ANNEX" votes="1" />
            </VoteType>
        </Choice>
        <Choice key="20" text="ERIC HOSKINS" totalVotes="567">
            <VoteType name="Election Day" votes="191">
                <Precinct name="COURTHOUSE ANNEX" votes="191" />
            </VoteType>
            <VoteType name="Absentee by Mail" votes="45">
                <Precinct name="COURTHOUSE ANNEX" votes="45" />
            </VoteType>
            <VoteType name="Advance in Person" votes="331">
                <Precinct name="COURTHOUSE ANNEX" votes="331" />
            </VoteType>
            <VoteType name="Provisional" votes="0">
                <Precinct name="COURTHOUSE ANNEX" votes="0" />
            </VoteType>
        </Choice>
    </Contest>
    <Contest key="50" text="U.S. Representative, District 8" isQuestion="false" precinctsReporting="1" precinctsReported="1">
        <VoteType name="Number of Precincts for Race" votes="1">
            <Precinct name="COURTHOUSE ANNEX" votes="1" />
        </VoteType>
        <VoteType name="Number of Precincts Reporting" votes="1">
            <Precinct name="COURTHOUSE ANNEX" votes="1" />
        </VoteType>
        <Choice key="10" text="AUSTIN SCOTT (I)" totalVotes="2492">
            <VoteType name="Election Day" votes="561">
                <Precinct name="COURTHOUSE ANNEX" votes="561" />
            </VoteType>
            <VoteType name="Absentee by Mail" votes="122">
                <Precinct name="COURTHOUSE ANNEX" votes="122" />
            </VoteType>
            <VoteType name="Advance in Person" votes="1808">
                <Precinct name="COURTHOUSE ANNEX" votes="1808" />
            </VoteType>
            <VoteType name="Provisional" votes="1">
                <Precinct name="COURTHOUSE ANNEX" votes="1" />
            </VoteType>
        </Choice>
        <Choice key="20" text="JAMES NEAL HARRIS" totalVotes="917">
            <VoteType name="Election Day" votes="285">
                <Precinct name="COURTHOUSE ANNEX" votes="285" />
            </VoteType>
            <VoteType name="Absentee by Mail" votes="76">
                <Precinct name="COURTHOUSE ANNEX" votes="76" />
            </VoteType>
            <VoteType name="Advance in Person" votes="556">
                <Precinct name="COURTHOUSE ANNEX" votes="556" />
            </VoteType>
            <VoteType name="Provisional" votes="0">
                <Precinct name="COURTHOUSE ANNEX" votes="0" />
            </VoteType>
        </Choice>
    </Contest>
    <Contest key="70" text="State Senator, District 20" isQuestion="false" precinctsReporting="1" precinctsReported="1">
        <VoteType name="Number of Precincts for Race" votes="1">
            <Precinct name="COURTHOUSE ANNEX" votes="1" />
        </VoteType>
        <VoteType name="Number of Precincts Reporting" votes="1">
            <Precinct name="COURTHOUSE ANNEX" votes="1" />
        </VoteType>
        <Choice key="10" text="LARRY WALKER (I)" totalVotes="2846">
            <VoteType name="Election Day" votes="680">
                <Precinct name="COURTHOUSE ANNEX" votes="680" />
            </VoteType>
            <VoteType name="Absentee by Mail" votes="147">
                <Precinct name="COURTHOUSE ANNEX" votes="147" />
            </VoteType>
            <VoteType name="Advance in Person" votes="2018">
                <Precinct name="COURTHOUSE ANNEX" votes="2018" />
            </VoteType>
            <VoteType name="Provisional" votes="1">
                <Precinct name="COURTHOUSE ANNEX" votes="1" />
            </VoteType>
        </Choice>
    </Contest>
    <Contest key="90" text="State Representative, District 148" isQuestion="false" precinctsReporting="1" precinctsReported="1">
        <VoteType name="Number of Precincts for Race" votes="1">
            <Precinct name="COURTHOUSE ANNEX" votes="1" />
        </VoteType>
        <VoteType name="Number of Precincts Reporting" votes="1">
            <Precinct name="COURTHOUSE ANNEX" votes="1" />
        </VoteType>
        <Choice key="10" text="BUDDY HARDEN (I)" totalVotes="2760">
            <VoteType name="Election Day" votes="661">
                <Precinct name="COURTHOUSE ANNEX" votes="661" />
            </VoteType>
            <VoteType name="Absentee by Mail" votes="145">
                <Precinct name="COURTHOUSE ANNEX" votes="145" />
            </VoteType>
            <VoteType name="Advance in Person" votes="1953">
                <Precinct name="COURTHOUSE ANNEX" votes="1953" />
            </VoteType>
            <VoteType name="Provisional" votes="1">
                <Precinct name="COURTHOUSE ANNEX" votes="1" />
            </VoteType>
        </Choice>
    </Contest>
    <Contest key="120" text="District Attorney, Oconee Circuit" isQuestion="false" precinctsReporting="1" precinctsReported="1">
        <VoteType name="Number of Precincts for Race" votes="1">
            <Precinct name="COURTHOUSE ANNEX" votes="1" />
        </VoteType>
        <VoteType name="Number of Precincts Reporting" votes="1">
            <Precinct name="COURTHOUSE ANNEX" votes="1" />
        </VoteType>
        <Choice key="10" text="TIMOTHY G. VAUGHN (I)" totalVotes="2736">
            <VoteType name="Election Day" votes="688">
                <Precinct name="COURTHOUSE ANNEX" votes="688" />
            </VoteType>
            <VoteType name="Absentee by Mail" votes="147">
                <Precinct name="COURTHOUSE ANNEX" votes="147" />
            </VoteType>
            <VoteType name="Advance in Person" votes="1900">
                <Precinct name="COURTHOUSE ANNEX" votes="1900" />
            </VoteType>
            <VoteType name="Provisional" votes="1">
                <Precinct name="COURTHOUSE ANNEX" votes="1" />
            </VoteType>
        </Choice>
    </Contest>
    <Contest key="130" text="CLERK SUPERIOR COURT" isQuestion="false" precinctsReporting="1" precinctsReported="1">
        <VoteType name="Number of Precincts for Race" votes="1">
            <Precinct name="COURTHOUSE ANNEX" votes="1" />
        </VoteType>
        <VoteType name="Number of Precincts Reporting" votes="1">
            <Precinct name="COURTHOUSE ANNEX" votes="1" />
        </VoteType>
        <Choice key="10" text="P. G. FAUSCETT (I) R" totalVotes="2866">
            <VoteType name="Election Day" votes="696">
                <Precinct name="COURTHOUSE ANNEX" votes="696" />
            </VoteType>
            <VoteType name="Absentee by Mail" votes="160">
                <Precinct name="COURTHOUSE ANNEX" votes="160" />
            </VoteType>
            <VoteType name="Advance in Person" votes="2009">
                <Precinct name="COURTHOUSE ANNEX" votes="2009" />
            </VoteType>
            <VoteType name="Provisional" votes="1">
                <Precinct name="COURTHOUSE ANNEX" votes="1" />
            </VoteType>
        </Choice>
    </Contest>
    <Contest key="150" text="SHERIFF" isQuestion="false" precinctsReporting="1" precinctsReported="1">
        <VoteType name="Number of Precincts for Race" votes="1">
            <Precinct name="COURTHOUSE ANNEX" votes="1" />
        </VoteType>
        <VoteType name="Number of Precincts Reporting" votes="1">
            <Precinct name="COURTHOUSE ANNEX" votes="1" />
        </VoteType>
        <Choice key="10" text="D. BRANNEN (R)" totalVotes="2740">
            <VoteType name="Election Day" votes="650">
                <Precinct name="COURTHOUSE ANNEX" votes="650" />
            </VoteType>
            <VoteType name="Absentee by Mail" votes="153">
                <Precinct name="COURTHOUSE ANNEX" votes="153" />
            </VoteType>
            <VoteType name="Advance in Person" votes="1936">
                <Precinct name="COURTHOUSE ANNEX" votes="1936" />
            </VoteType>
            <VoteType name="Provisional" votes="1">
                <Precinct name="COURTHOUSE ANNEX" votes="1" />
            </VoteType>
        </Choice>
    </Contest>
    <Contest key="170" text="TAX COMMISSIONER" isQuestion="false" precinctsReporting="1" precinctsReported="1">
        <VoteType name="Number of Precincts for Race" votes="1">
            <Precinct name="COURTHOUSE ANNEX" votes="1" />
        </VoteType>
        <VoteType name="Number of Precincts Reporting" votes="1">
            <Precinct name="COURTHOUSE ANNEX" votes="1" />
        </VoteType>
        <Choice key="10" text="E. VICKERS (R)" totalVotes="2856">
            <VoteType name="Election Day" votes="675">
                <Precinct name="COURTHOUSE ANNEX" votes="675" />
            </VoteType>
            <VoteType name="Absentee by Mail" votes="155">
                <Precinct name="COURTHOUSE ANNEX" votes="155" />
            </VoteType>
            <VoteType name="Advance in Person" votes="2025">
                <Precinct name="COURTHOUSE ANNEX" votes="2025" />
            </VoteType>
            <VoteType name="Provisional" votes="1">
                <Precinct name="COURTHOUSE ANNEX" votes="1" />
            </VoteType>
        </Choice>
    </Contest>
    <Contest key="190" text="SURVEYOR" isQuestion="false" precinctsReporting="1" precinctsReported="1">
        <VoteType name="Number of Precincts for Race" votes="1">
            <Precinct name="COURTHOUSE ANNEX" votes="1" />
        </VoteType>
        <VoteType name="Number of Precincts Reporting" votes="1">
            <Precinct name="COURTHOUSE ANNEX" votes="1" />
        </VoteType>
        <Choice key="10" text="O. J. MCLEOD (I) R" totalVotes="2775">
            <VoteType name="Election Day" votes="658">
                <Precinct name="COURTHOUSE ANNEX" votes="658" />
            </VoteType>
            <VoteType name="Absentee by Mail" votes="150">
                <Precinct name="COURTHOUSE ANNEX" votes="150" />
            </VoteType>
            <VoteType name="Advance in Person" votes="1966">
                <Precinct name="COURTHOUSE ANNEX" votes="1966" />
            </VoteType>
            <VoteType name="Provisional" votes="1">
                <Precinct name="COURTHOUSE ANNEX" votes="1" />
            </VoteType>
        </Choice>
    </Contest>
    <Contest key="210" text="CORONER" isQuestion="false" precinctsReporting="1" precinctsReported="1">
        <VoteType name="Number of Precincts for Race" votes="1">
            <Precinct name="COURTHOUSE ANNEX" votes="1" />
        </VoteType>
        <VoteType name="Number of Precincts Reporting" votes="1">
            <Precinct name="COURTHOUSE ANNEX" votes="1" />
        </VoteType>
        <Choice key="10" text="F. J. CLARK III (I)R" totalVotes="2861">
            <VoteType name="Election Day" votes="693">
                <Precinct name="COURTHOUSE ANNEX" votes="693" />
            </VoteType>
            <VoteType name="Absentee by Mail" votes="156">
                <Precinct name="COURTHOUSE ANNEX" votes="156" />
            </VoteType>
            <VoteType name="Advance in Person" votes="2011">
                <Precinct name="COURTHOUSE ANNEX" votes="2011" />
            </VoteType>
            <VoteType name="Provisional" votes="1">
                <Precinct name="COURTHOUSE ANNEX" votes="1" />
            </VoteType>
        </Choice>
    </Contest>
    <Contest key="230" text="SOLE CC" isQuestion="false" precinctsReporting="1" precinctsReported="1">
        <VoteType name="Number of Precincts for Race" votes="1">
            <Precinct name="COURTHOUSE ANNEX" votes="1" />
        </VoteType>
        <VoteType name="Number of Precincts Reporting" votes="1">
            <Precinct name="COURTHOUSE ANNEX" votes="1" />
        </VoteType>
        <Choice key="10" text="M. A. B. HALL (I) R" totalVotes="2787">
            <VoteType name="Election Day" votes="663">
                <Precinct name="COURTHOUSE ANNEX" votes="663" />
            </VoteType>
            <VoteType name="Absentee by Mail" votes="151">
                <Precinct name="COURTHOUSE ANNEX" votes="151" />
            </VoteType>
            <VoteType name="Advance in Person" votes="1972">
                <Precinct name="COURTHOUSE ANNEX" votes="1972" />
            </VoteType>
            <VoteType name="Provisional" votes="1">
                <Precinct name="COURTHOUSE ANNEX" votes="1" />
            </VoteType>
        </Choice>
    </Contest>
    <Contest key="250" text="SOIL AND WATER" isQuestion="false" precinctsReporting="1" precinctsReported="1">
        <VoteType name="Number of Precincts for Race" votes="1">
            <Precinct name="COURTHOUSE ANNEX" votes="1" />
        </VoteType>
        <VoteType name="Number of Precincts Reporting" votes="1">
            <Precinct name="COURTHOUSE ANNEX" votes="1" />
        </VoteType>
        <Choice key="10" text="T. J. ALLEN (I)" totalVotes="2724">
            <VoteType name="Election Day" votes="657">
                <Precinct name="COURTHOUSE ANNEX" votes="657" />
            </VoteType>
            <VoteType name="Absentee by Mail" votes="149">
                <Precinct name="COURTHOUSE ANNEX" votes="149" />
            </VoteType>
            <VoteType name="Advance in Person" votes="1917">
                <Precinct name="COURTHOUSE ANNEX" votes="1917" />
            </VoteType>
            <VoteType name="Provisional" votes="1">
                <Precinct name="COURTHOUSE ANNEX" votes="1" />
            </VoteType>
        </Choice>
    </Contest>
    <Contest key="260" text="Constitutional Amendment #1&lt;br&gt;Provides greater flexibility and state accountability to fix failing schools through increasing community involvement." isQuestion="false" precinctsReporting="1" precinctsReported="1">
        <VoteType name="Number of Precincts for Race" votes="1">
            <Precinct name="COURTHOUSE ANNEX" votes="1" />
        </VoteType>
        <VoteType name="Number of Precincts Reporting" votes="1">
            <Precinct name="COURTHOUSE ANNEX" votes="1" />
        </VoteType>
        <Choice key="10" text="YES" totalVotes="1310">
            <VoteType name="Election Day" votes="373">
                <Precinct name="COURTHOUSE ANNEX" votes="373" />
            </VoteType>
            <VoteType name="Absentee by Mail" votes="70">
                <Precinct name="COURTHOUSE ANNEX" votes="70" />
            </VoteType>
            <VoteType name="Advance in Person" votes="866">
                <Precinct name="COURTHOUSE ANNEX" votes="866" />
            </VoteType>
            <VoteType name="Provisional" votes="1">
                <Precinct name="COURTHOUSE ANNEX" votes="1" />
            </VoteType>
        </Choice>
        <Choice key="20" text="NO" totalVotes="2121">
            <VoteType name="Election Day" votes="475">
                <Precinct name="COURTHOUSE ANNEX" votes="475" />
            </VoteType>
            <VoteType name="Absentee by Mail" votes="122">
                <Precinct name="COURTHOUSE ANNEX" votes="122" />
            </VoteType>
            <VoteType name="Advance in Person" votes="1524">
                <Precinct name="COURTHOUSE ANNEX" votes="1524" />
            </VoteType>
            <VoteType name="Provisional" votes="0">
                <Precinct name="COURTHOUSE ANNEX" votes="0" />
            </VoteType>
        </Choice>
    </Contest>
    <Contest key="270" text="Constitutional Amendment #2&lt;br&gt;Authorizes penalties for sexual exploitation and assessments on adult entertainment to fund child victims' services." isQuestion="false" precinctsReporting="1" precinctsReported="1">
        <VoteType name="Number of Precincts for Race" votes="1">
            <Precinct name="COURTHOUSE ANNEX" votes="1" />
        </VoteType>
        <VoteType name="Number of Precincts Reporting" votes="1">
            <Precinct name="COURTHOUSE ANNEX" votes="1" />
        </VoteType>
        <Choice key="10" text="YES" totalVotes="2773">
            <VoteType name="Election Day" votes="682">
                <Precinct name="COURTHOUSE ANNEX" votes="682" />
            </VoteType>
            <VoteType name="Absentee by Mail" votes="150">
                <Precinct name="COURTHOUSE ANNEX" votes="150" />
            </VoteType>
            <VoteType name="Advance in Person" votes="1940">
                <Precinct name="COURTHOUSE ANNEX" votes="1940" />
            </VoteType>
            <VoteType name="Provisional" votes="1">
                <Precinct name="COURTHOUSE ANNEX" votes="1" />
            </VoteType>
        </Choice>
        <Choice key="20" text="NO" totalVotes="564">
            <VoteType name="Election Day" votes="145">
                <Precinct name="COURTHOUSE ANNEX" votes="145" />
            </VoteType>
            <VoteType name="Absentee by Mail" votes="29">
                <Precinct name="COURTHOUSE ANNEX" votes="29" />
            </VoteType>
            <VoteType name="Advance in Person" votes="390">
                <Precinct name="COURTHOUSE ANNEX" votes="390" />
            </VoteType>
            <VoteType name="Provisional" votes="0">
                <Precinct name="COURTHOUSE ANNEX" votes="0" />
            </VoteType>
        </Choice>
    </Contest>
    <Contest key="280" text="Constitutional Amendment #3&lt;br&gt;Reforms and re-establishes the Judicial Qualifications Commission and provides for its composition, governance, and powers." isQuestion="false" precinctsReporting="1" precinctsReported="1">
        <VoteType name="Number of Precincts for Race" votes="1">
            <Precinct name="COURTHOUSE ANNEX" votes="1" />
        </VoteType>
        <VoteType name="Number of Precincts Reporting" votes="1">
            <Precinct name="COURTHOUSE ANNEX" votes="1" />
        </VoteType>
        <Choice key="10" text="YES" totalVotes="1940">
            <VoteType name="Election Day" votes="503">
                <Precinct name="COURTHOUSE ANNEX" votes="503" />
            </VoteType>
            <VoteType name="Absentee by Mail" votes="106">
                <Precinct name="COURTHOUSE ANNEX" votes="106" />
            </VoteType>
            <VoteType name="Advance in Person" votes="1330">
                <Precinct name="COURTHOUSE ANNEX" votes="1330" />
            </VoteType>
            <VoteType name="Provisional" votes="1">
                <Precinct name="COURTHOUSE ANNEX" votes="1" />
            </VoteType>
        </Choice>
        <Choice key="20" text="NO" totalVotes="1176">
            <VoteType name="Election Day" votes="271">
                <Precinct name="COURTHOUSE ANNEX" votes="271" />
            </VoteType>
            <VoteType name="Absentee by Mail" votes="62">
                <Precinct name="COURTHOUSE ANNEX" votes="62" />
            </VoteType>
            <VoteType name="Advance in Person" votes="843">
                <Precinct name="COURTHOUSE ANNEX" votes="843" />
            </VoteType>
            <VoteType name="Provisional" votes="0">
                <Precinct name="COURTHOUSE ANNEX" votes="0" />
            </VoteType>
        </Choice>
    </Contest>
    <Contest key="290" text="Constitutional Amendment #4&lt;br&gt;Dedicates revenue from existing taxes on fireworks to trauma care, fire services, and public safety." isQuestion="false" precinctsReporting="1" precinctsReported="1">
        <VoteType name="Number of Precincts for Race" votes="1">
            <Precinct name="COURTHOUSE ANNEX" votes="1" />
        </VoteType>
        <VoteType name="Number of Precincts Reporting" votes="1">
            <Precinct name="COURTHOUSE ANNEX" votes="1" />
        </VoteType>
        <Choice key="10" text="YES" totalVotes="2524">
            <VoteType name="Election Day" votes="625">
                <Precinct name="COURTHOUSE ANNEX" votes="625" />
            </VoteType>
            <VoteType name="Absentee by Mail" votes="152">
                <Precinct name="COURTHOUSE ANNEX" votes="152" />
            </VoteType>
            <VoteType name="Advance in Person" votes="1746">
                <Precinct name="COURTHOUSE ANNEX" votes="1746" />
            </VoteType>
            <VoteType name="Provisional" votes="1">
                <Precinct name="COURTHOUSE ANNEX" votes="1" />
            </VoteType>
        </Choice>
        <Choice key="20" text="NO" totalVotes="748">
            <VoteType name="Election Day" votes="191">
                <Precinct name="COURTHOUSE ANNEX" votes="191" />
            </VoteType>
            <VoteType name="Absentee by Mail" votes="30">
                <Precinct name="COURTHOUSE ANNEX" votes="30" />
            </VoteType>
            <VoteType name="Advance in Person" votes="527">
                <Precinct name="COURTHOUSE ANNEX" votes="527" />
            </VoteType>
            <VoteType name="Provisional" votes="0">
                <Precinct name="COURTHOUSE ANNEX" votes="0" />
            </VoteType>
        </Choice>
    </Contest>
    <Contest key="300" text="SPLOST" isQuestion="false" precinctsReporting="1" precinctsReported="1">
        <VoteType name="Number of Precincts for Race" votes="1">
            <Precinct name="COURTHOUSE ANNEX" votes="1" />
        </VoteType>
        <VoteType name="Number of Precincts Reporting" votes="1">
            <Precinct name="COURTHOUSE ANNEX" votes="1" />
        </VoteType>
        <Choice key="10" text="YES" totalVotes="2254">
            <VoteType name="Election Day" votes="576">
                <Precinct name="COURTHOUSE ANNEX" votes="576" />
            </VoteType>
            <VoteType name="Absentee by Mail" votes="127">
                <Precinct name="COURTHOUSE ANNEX" votes="127" />
            </VoteType>
            <VoteType name="Advance in Person" votes="1550">
                <Precinct name="COURTHOUSE ANNEX" votes="1550" />
            </VoteType>
            <VoteType name="Provisional" votes="1">
                <Precinct name="COURTHOUSE ANNEX" votes="1" />
            </VoteType>
        </Choice>
        <Choice key="20" text="NO" totalVotes="1199">
            <VoteType name="Election Day" votes="276">
                <Precinct name="COURTHOUSE ANNEX" votes="276" />
            </VoteType>
            <VoteType name="Absentee by Mail" votes="56">
                <Precinct name="COURTHOUSE ANNEX" votes="56" />
            </VoteType>
            <VoteType name="Advance in Person" votes="867">
                <Precinct name="COURTHOUSE ANNEX" votes="867" />
            </VoteType>
            <VoteType name="Provisional" votes="0">
                <Precinct name="COURTHOUSE ANNEX" votes="0" />
            </VoteType>
        </Choice>
    </Contest>
</ElectionResult>