"line number","contest name","choice name","party name","total votes","percent of votes","registered voters","ballots cast","num Precinct total","num Precinct rptg","over votes","under votes"
1,"President of the United States","DONALD J. TRUMP","",45688,40.98,155339,113555,89,89,"0","0"
2,"President of the United States","HILLARY CLINTON","",62290,55.87,155339,113555,89,89,"0","0"
3,"President of the United States","GARY JOHNSON","",3503,3.14,155339,113555,89,89,"0","0"
4,"United States Senator, Isakson","JOHNNY ISAKSON (I)","",49740,46.94,155339,113555,89,89,"0","0"
5,"United States Senator, Isakson","JIM BARKSDALE","",52146,49.21,155339,113555,89,89,"0","0"
6,"United States Senator, Isakson","ALLEN BUCKLEY","",4078,3.85,155339,113555,89,89,"0","0"
7,"Public Service Commission, District 2 - Eastern","TIM ECHOLS (I)","",59707,62.91,155339,113495,89,89,"0","0"
8,"Public Service Commission, District 2 - Eastern","ERIC HOSKINS","",35200,37.09,155339,113495,89,89,"0","0"
9,"U.S. Representative, District 1","EARL �BUDDY� CARTER (I)","",80718,100.00,155339,113555,89,89,"0","0"
10,"State Senator, District 1","BEN WATSON (I)","",37821,100.00,59701,47354,28,28,"0","0"
11,"State Senator, District 2","LESTER JACKSON (I) (DEM)","",54264,100.00,95638,66141,62,62,"0","0"
12,"State Representative, District 161","BILL HITCHENS (I) (REP)","",8924,100.00,16650,11910,6,6,"0","0"
13,"State Representative, District 162","CARL GILLIARD (DEM)","",15092,100.00,26847,18474,19,19,"0","0"
14,"State Representative, District 163","J. CRAIG GORDON (I) (DEM)","",15649,100.00,28613,20045,20,20,"0","0"
15,"State Representative, District 164","RON STEPHENS (I)","",9426,100.00,17472,12692,6,6,"0","0"
16,"State Representative, District 165","MICKEY STEPHENS (I) (DEM)","",18197,100.00,32748,23046,23,23,"0","0"
17,"State Representative, District 166","JESSE PETREA (I)","",21976,100.00,33009,27328,20,20,"0","0"
18,"District Attorney, Eastern Circuit","MEG DALY HEAP (I) (REP)","",81345,100.00,155339,113495,89,89,"0","0"
19,"CLERK, SUPERIOR COURT","T. MOSLEY (D)","",85520,100.00,155339,113495,89,89,"0","0"
20,"SHERIFF","J. T. WILCHER (I) R","",59645,54.67,155339,113495,89,89,"0","0"
21,"SHERIFF","M. HOLMES (D)","",49449,45.33,155339,113495,89,89,"0","0"
22,"TAX COMMISSIONER","D. POWERS (I) R","",79600,100.00,155339,113495,89,89,"0","0"
23,"CORONER","B. WESSINGER (I) R","",54143,50.96,155339,113495,89,89,"0","0"
24,"CORONER","L LORETZ-WILLIAMS (D","",52109,49.04,155339,113495,89,89,"0","0"
25,"CHAIR CC","A. SCOTT (I) D","",85509,100.00,155339,113495,89,89,"0","0"
26,"CC, D1","H. L. STONE (I) R","",11624,100.00,19360,15353,15,15,"0","0"
27,"CC, D2","J. J. HOLMES (I) D","",10846,100.00,19512,12984,16,16,"0","0"
28,"CC, D3","F. T. MAHER (R)","",4117,33.90,18865,12924,20,20,"0","0"
29,"CC, D3","B. LOCKETT (D)","",8028,66.10,18865,12924,20,20,"0","0"
30,"CC, D4","P. FARRELL (I) R","",16264,100.00,24023,20076,13,13,"0","0"
31,"CC, D5","T. A. ODELL (D)","",10127,100.00,17880,12041,12,12,"0","0"
32,"CC, D6","L. BRADY (I) R","",6249,49.15,18162,13498,8,8,"0","0"
33,"CC, D6","J. JONES (D)","",6465,50.85,18162,13498,8,8,"0","0"
34,"CC, D7","D. KICKLIGHTER (I) R","",8596,63.15,19316,14276,7,7,"0","0"
35,"CC, D7","A. WALLACE-MCCOY (D)","",5015,36.85,19316,14276,7,7,"0","0"
36,"CC, D8","C. ELLIS (D)","",10029,100.00,18221,12343,14,14,"0","0"
37,"SOIL AND WATER","H. B. WALLER (I)","",63120,75.07,155339,113495,89,89,"0","0"
38,"SOIL AND WATER","A. LANG","",20959,24.93,155339,113495,89,89,"0","0"
39,"Constitutional Amendment #1<br>Provides greater flexibility and state accountability to fix failing schools through increasing community involvement.","YES","",41800,37.79,155339,113495,89,89,"0","0"
40,"Constitutional Amendment #1<br>Provides greater flexibility and state accountability to fix failing schools through increasing community involvement.","NO","",68809,62.21,155339,113495,89,89,"0","0"
41,"Constitutional Amendment #2<br>Authorizes penalties for sexual exploitation and assessments on adult entertainment to fund child victims' services.","YES","",90254,82.98,155339,113495,89,89,"0","0"
42,"Constitutional Amendment #2<br>Authorizes penalties for sexual exploitation and assessments on adult entertainment to fund child victims' services.","NO","",18512,17.02,155339,113495,89,89,"0","0"
43,"Constitutional Amendment #3<br>Reforms and re-establishes the Judicial Qualifications Commission and provides for its composition, governance, and powers.","YES","",60658,59.68,155339,113495,89,89,"0","0"
44,"Constitutional Amendment #3<br>Reforms and re-establishes the Judicial Qualifications Commission and provides for its composition, governance, and powers.","NO","",40980,40.32,155339,113495,89,89,"0","0"
45,"Constitutional Amendment #4<br>Dedicates revenue from existing taxes on fireworks to trauma care, fire services, and public safety.","YES","",86813,80.88,155339,113495,89,89,"0","0"
46,"Constitutional Amendment #4<br>Dedicates revenue from existing taxes on fireworks to trauma care, fire services, and public safety.","NO","",20516,19.12,155339,113495,89,89,"0","0"
47,"ESPLOST","YES","",64468,59.68,155339,113495,89,89,"0","0"
48,"ESPLOST","NO","",43552,40.32,155339,113495,89,89,"0","0"
49,"GARDEN CITY SUNDAY ALCOHOL","YES","",1706,66.33,3922,2642,6,6,"0","0"
50,"GARDEN CITY SUNDAY ALCOHOL","NO","",866,33.67,3922,2642,6,6,"0","0"
