<?xml version="1.0"?>
<!--Election result snapshot imported from Tabulation System
-->
<ElectionResult>
    <Timestamp>11/15/2016 9:23:51 AM EST</Timestamp>
    <ElectionName>November 8, 2016 - General Election</ElectionName>
    <ElectionDate>11/8/2016</ElectionDate>
    <Region>Lincoln</Region>
    <VoterTurnout totalVoters="5949" ballotsCast="4144" voterTurnout="69.66">
        <Precincts>
            <Precinct name="Midway" totalVoters="524" ballotsCast="346" voterTurnout="66.03" percentReporting="4" />
            <Precinct name="Lincoln Club House" totalVoters="810" ballotsCast="552" voterTurnout="68.15" percentReporting="4" />
            <Precinct name="Lincoln Center" totalVoters="1464" ballotsCast="1010" voterTurnout="68.99" percentReporting="4" />
            <Precinct name="Faith Temple of Linc" totalVoters="495" ballotsCast="332" voterTurnout="67.07" percentReporting="4" />
            <Precinct name="Tabernacle" totalVoters="941" ballotsCast="656" voterTurnout="69.71" percentReporting="4" />
            <Precinct name="Bethany Church" totalVoters="581" ballotsCast="398" voterTurnout="68.50" percentReporting="4" />
            <Precinct name="Martins Crossroad" totalVoters="1134" ballotsCast="850" voterTurnout="74.96" percentReporting="4" />
        </Precincts>
    </VoterTurnout>
    <Contest key="1" text="President of the United States" isQuestion="false" precinctsReporting="7" precinctsReported="7">
        <VoteType name="Number of Precincts for Race" votes="7">
            <Precinct name="Midway" votes="1" />
            <Precinct name="Lincoln Club House" votes="1" />
            <Precinct name="Lincoln Center" votes="1" />
            <Precinct name="Faith Temple of Linc" votes="1" />
            <Precinct name="Tabernacle" votes="1" />
            <Precinct name="Bethany Church" votes="1" />
            <Precinct name="Martins Crossroad" votes="1" />
        </VoteType>
        <VoteType name="Number of Precincts Reporting" votes="7">
            <Precinct name="Midway" votes="1" />
            <Precinct name="Lincoln Club House" votes="1" />
            <Precinct name="Lincoln Center" votes="1" />
            <Precinct name="Faith Temple of Linc" votes="1" />
            <Precinct name="Tabernacle" votes="1" />
            <Precinct name="Bethany Church" votes="1" />
            <Precinct name="Martins Crossroad" votes="1" />
        </VoteType>
        <Choice key="10" text="DONALD J. TRUMP" totalVotes="2759">
            <VoteType name="Election Day" votes="1083">
                <Precinct name="Midway" votes="102" />
                <Precinct name="Lincoln Club House" votes="83" />
                <Precinct name="Lincoln Center" votes="229" />
                <Precinct name="Faith Temple of Linc" votes="109" />
                <Precinct name="Tabernacle" votes="163" />
                <Precinct name="Bethany Church" votes="135" />
                <Precinct name="Martins Crossroad" votes="262" />
            </VoteType>
            <VoteType name="Absentee by Mail" votes="142">
                <Precinct name="Midway" votes="15" />
                <Precinct name="Lincoln Club House" votes="6" />
                <Precinct name="Lincoln Center" votes="41" />
                <Precinct name="Faith Temple of Linc" votes="6" />
                <Precinct name="Tabernacle" votes="18" />
                <Precinct name="Bethany Church" votes="16" />
                <Precinct name="Martins Crossroad" votes="40" />
            </VoteType>
            <VoteType name="Advance in Person" votes="1534">
                <Precinct name="Midway" votes="106" />
                <Precinct name="Lincoln Club House" votes="116" />
                <Precinct name="Lincoln Center" votes="486" />
                <Precinct name="Faith Temple of Linc" votes="94" />
                <Precinct name="Tabernacle" votes="174" />
                <Precinct name="Bethany Church" votes="178" />
                <Precinct name="Martins Crossroad" votes="380" />
            </VoteType>
            <VoteType name="Provisional" votes="0">
                <Precinct name="Midway" votes="0" />
                <Precinct name="Lincoln Club House" votes="0" />
                <Precinct name="Lincoln Center" votes="0" />
                <Precinct name="Faith Temple of Linc" votes="0" />
                <Precinct name="Tabernacle" votes="0" />
                <Precinct name="Bethany Church" votes="0" />
                <Precinct name="Martins Crossroad" votes="0" />
            </VoteType>
        </Choice>
        <Choice key="20" text="HILLARY CLINTON" totalVotes="1273">
            <VoteType name="Election Day" votes="479">
                <Precinct name="Midway" votes="42" />
                <Precinct name="Lincoln Club House" votes="116" />
                <Precinct name="Lincoln Center" votes="71" />
                <Precinct name="Faith Temple of Linc" votes="52" />
                <Precinct name="Tabernacle" votes="128" />
                <Precinct name="Bethany Church" votes="25" />
                <Precinct name="Martins Crossroad" votes="45" />
            </VoteType>
            <VoteType name="Absentee by Mail" votes="237">
                <Precinct name="Midway" votes="40" />
                <Precinct name="Lincoln Club House" votes="93" />
                <Precinct name="Lincoln Center" votes="32" />
                <Precinct name="Faith Temple of Linc" votes="8" />
                <Precinct name="Tabernacle" votes="46" />
                <Precinct name="Bethany Church" votes="4" />
                <Precinct name="Martins Crossroad" votes="14" />
            </VoteType>
            <VoteType name="Advance in Person" votes="556">
                <Precinct name="Midway" votes="28" />
                <Precinct name="Lincoln Club House" votes="127" />
                <Precinct name="Lincoln Center" votes="120" />
                <Precinct name="Faith Temple of Linc" votes="57" />
                <Precinct name="Tabernacle" votes="114" />
                <Precinct name="Bethany Church" votes="27" />
                <Precinct name="Martins Crossroad" votes="83" />
            </VoteType>
            <VoteType name="Provisional" votes="1">
                <Precinct name="Midway" votes="0" />
                <Precinct name="Lincoln Club House" votes="0" />
                <Precinct name="Lincoln Center" votes="0" />
                <Precinct name="Faith Temple of Linc" votes="1" />
                <Precinct name="Tabernacle" votes="0" />
                <Precinct name="Bethany Church" votes="0" />
                <Precinct name="Martins Crossroad" votes="0" />
            </VoteType>
        </Choice>
        <Choice key="30" text="GARY JOHNSON" totalVotes="70">
            <VoteType name="Election Day" votes="33">
                <Precinct name="Midway" votes="2" />
                <Precinct name="Lincoln Club House" votes="3" />
                <Precinct name="Lincoln Center" votes="6" />
                <Precinct name="Faith Temple of Linc" votes="2" />
                <Precinct name="Tabernacle" votes="6" />
                <Precinct name="Bethany Church" votes="4" />
                <Precinct name="Martins Crossroad" votes="10" />
            </VoteType>
            <VoteType name="Absentee by Mail" votes="4">
                <Precinct name="Midway" votes="0" />
                <Precinct name="Lincoln Club House" votes="1" />
                <Precinct name="Lincoln Center" votes="1" />
                <Precinct name="Faith Temple of Linc" votes="0" />
                <Precinct name="Tabernacle" votes="2" />
                <Precinct name="Bethany Church" votes="0" />
                <Precinct name="Martins Crossroad" votes="0" />
            </VoteType>
            <VoteType name="Advance in Person" votes="33">
                <Precinct name="Midway" votes="4" />
                <Precinct name="Lincoln Club House" votes="1" />
                <Precinct name="Lincoln Center" votes="9" />
                <Precinct name="Faith Temple of Linc" votes="2" />
                <Precinct name="Tabernacle" votes="3" />
                <Precinct name="Bethany Church" votes="4" />
                <Precinct name="Martins Crossroad" votes="10" />
            </VoteType>
            <VoteType name="Provisional" votes="0">
                <Precinct name="Midway" votes="0" />
                <Precinct name="Lincoln Club House" votes="0" />
                <Precinct name="Lincoln Center" votes="0" />
                <Precinct name="Faith Temple of Linc" votes="0" />
                <Precinct name="Tabernacle" votes="0" />
                <Precinct name="Bethany Church" votes="0" />
                <Precinct name="Martins Crossroad" votes="0" />
            </VoteType>
        </Choice>
    </Contest>
    <Contest key="10" text="United States Senator, Isakson" isQuestion="false" precinctsReporting="7" precinctsReported="7">
        <VoteType name="Number of Precincts for Race" votes="7">
            <Precinct name="Midway" votes="1" />
            <Precinct name="Lincoln Club House" votes="1" />
            <Precinct name="Lincoln Center" votes="1" />
            <Precinct name="Faith Temple of Linc" votes="1" />
            <Precinct name="Tabernacle" votes="1" />
            <Precinct name="Bethany Church" votes="1" />
            <Precinct name="Martins Crossroad" votes="1" />
        </VoteType>
        <VoteType name="Number of Precincts Reporting" votes="7">
            <Precinct name="Midway" votes="1" />
            <Precinct name="Lincoln Club House" votes="1" />
            <Precinct name="Lincoln Center" votes="1" />
            <Precinct name="Faith Temple of Linc" votes="1" />
            <Precinct name="Tabernacle" votes="1" />
            <Precinct name="Bethany Church" votes="1" />
            <Precinct name="Martins Crossroad" votes="1" />
        </VoteType>
        <Choice key="10" text="JOHNNY ISAKSON (I)" totalVotes="2671">
            <VoteType name="Election Day" votes="1040">
                <Precinct name="Midway" votes="98" />
                <Precinct name="Lincoln Club House" votes="90" />
                <Precinct name="Lincoln Center" votes="215" />
                <Precinct name="Faith Temple of Linc" votes="104" />
                <Precinct name="Tabernacle" votes="162" />
                <Precinct name="Bethany Church" votes="126" />
                <Precinct name="Martins Crossroad" votes="245" />
            </VoteType>
            <VoteType name="Absentee by Mail" votes="153">
                <Precinct name="Midway" votes="19" />
                <Precinct name="Lincoln Club House" votes="11" />
                <Precinct name="Lincoln Center" votes="41" />
                <Precinct name="Faith Temple of Linc" votes="6" />
                <Precinct name="Tabernacle" votes="17" />
                <Precinct name="Bethany Church" votes="17" />
                <Precinct name="Martins Crossroad" votes="42" />
            </VoteType>
            <VoteType name="Advance in Person" votes="1478">
                <Precinct name="Midway" votes="97" />
                <Precinct name="Lincoln Club House" votes="112" />
                <Precinct name="Lincoln Center" votes="479" />
                <Precinct name="Faith Temple of Linc" votes="91" />
                <Precinct name="Tabernacle" votes="165" />
                <Precinct name="Bethany Church" votes="165" />
                <Precinct name="Martins Crossroad" votes="369" />
            </VoteType>
            <VoteType name="Provisional" votes="0">
                <Precinct name="Midway" votes="0" />
                <Precinct name="Lincoln Club House" votes="0" />
                <Precinct name="Lincoln Center" votes="0" />
                <Precinct name="Faith Temple of Linc" votes="0" />
                <Precinct name="Tabernacle" votes="0" />
                <Precinct name="Bethany Church" votes="0" />
                <Precinct name="Martins Crossroad" votes="0" />
            </VoteType>
        </Choice>
        <Choice key="20" text="JIM BARKSDALE" totalVotes="1098">
            <VoteType name="Election Day" votes="410">
                <Precinct name="Midway" votes="34" />
                <Precinct name="Lincoln Club House" votes="92" />
                <Precinct name="Lincoln Center" votes="64" />
                <Precinct name="Faith Temple of Linc" votes="45" />
                <Precinct name="Tabernacle" votes="113" />
                <Precinct name="Bethany Church" votes="27" />
                <Precinct name="Martins Crossroad" votes="35" />
            </VoteType>
            <VoteType name="Absentee by Mail" votes="224">
                <Precinct name="Midway" votes="38" />
                <Precinct name="Lincoln Club House" votes="87" />
                <Precinct name="Lincoln Center" votes="29" />
                <Precinct name="Faith Temple of Linc" votes="7" />
                <Precinct name="Tabernacle" votes="47" />
                <Precinct name="Bethany Church" votes="4" />
                <Precinct name="Martins Crossroad" votes="12" />
            </VoteType>
            <VoteType name="Advance in Person" votes="463">
                <Precinct name="Midway" votes="25" />
                <Precinct name="Lincoln Club House" votes="108" />
                <Precinct name="Lincoln Center" votes="94" />
                <Precinct name="Faith Temple of Linc" votes="49" />
                <Precinct name="Tabernacle" votes="92" />
                <Precinct name="Bethany Church" votes="24" />
                <Precinct name="Martins Crossroad" votes="71" />
            </VoteType>
            <VoteType name="Provisional" votes="1">
                <Precinct name="Midway" votes="0" />
                <Precinct name="Lincoln Club House" votes="0" />
                <Precinct name="Lincoln Center" votes="0" />
                <Precinct name="Faith Temple of Linc" votes="1" />
                <Precinct name="Tabernacle" votes="0" />
                <Precinct name="Bethany Church" votes="0" />
                <Precinct name="Martins Crossroad" votes="0" />
            </VoteType>
        </Choice>
        <Choice key="30" text="ALLEN BUCKLEY" totalVotes="95">
            <VoteType name="Election Day" votes="47">
                <Precinct name="Midway" votes="7" />
                <Precinct name="Lincoln Club House" votes="5" />
                <Precinct name="Lincoln Center" votes="10" />
                <Precinct name="Faith Temple of Linc" votes="6" />
                <Precinct name="Tabernacle" votes="3" />
                <Precinct name="Bethany Church" votes="4" />
                <Precinct name="Martins Crossroad" votes="12" />
            </VoteType>
            <VoteType name="Absentee by Mail" votes="6">
                <Precinct name="Midway" votes="0" />
                <Precinct name="Lincoln Club House" votes="2" />
                <Precinct name="Lincoln Center" votes="2" />
                <Precinct name="Faith Temple of Linc" votes="0" />
                <Precinct name="Tabernacle" votes="2" />
                <Precinct name="Bethany Church" votes="0" />
                <Precinct name="Martins Crossroad" votes="0" />
            </VoteType>
            <VoteType name="Advance in Person" votes="42">
                <Precinct name="Midway" votes="2" />
                <Precinct name="Lincoln Club House" votes="3" />
                <Precinct name="Lincoln Center" votes="7" />
                <Precinct name="Faith Temple of Linc" votes="5" />
                <Precinct name="Tabernacle" votes="4" />
                <Precinct name="Bethany Church" votes="10" />
                <Precinct name="Martins Crossroad" votes="11" />
            </VoteType>
            <VoteType name="Provisional" votes="0">
                <Precinct name="Midway" votes="0" />
                <Precinct name="Lincoln Club House" votes="0" />
                <Precinct name="Lincoln Center" votes="0" />
                <Precinct name="Faith Temple of Linc" votes="0" />
                <Precinct name="Tabernacle" votes="0" />
                <Precinct name="Bethany Church" votes="0" />
                <Precinct name="Martins Crossroad" votes="0" />
            </VoteType>
        </Choice>
    </Contest>
    <Contest key="30" text="Public Service Commission, District 2 - Eastern" isQuestion="false" precinctsReporting="7" precinctsReported="7">
        <VoteType name="Number of Precincts for Race" votes="7">
            <Precinct name="Midway" votes="1" />
            <Precinct name="Lincoln Club House" votes="1" />
            <Precinct name="Lincoln Center" votes="1" />
            <Precinct name="Faith Temple of Linc" votes="1" />
            <Precinct name="Tabernacle" votes="1" />
            <Precinct name="Bethany Church" votes="1" />
            <Precinct name="Martins Crossroad" votes="1" />
        </VoteType>
        <VoteType name="Number of Precincts Reporting" votes="7">
            <Precinct name="Midway" votes="1" />
            <Precinct name="Lincoln Club House" votes="1" />
            <Precinct name="Lincoln Center" votes="1" />
            <Precinct name="Faith Temple of Linc" votes="1" />
            <Precinct name="Tabernacle" votes="1" />
            <Precinct name="Bethany Church" votes="1" />
            <Precinct name="Martins Crossroad" votes="1" />
        </VoteType>
        <Choice key="10" text="TIM ECHOLS (I)" totalVotes="2784">
            <VoteType name="Election Day" votes="1115">
                <Precinct name="Midway" votes="101" />
                <Precinct name="Lincoln Club House" votes="102" />
                <Precinct name="Lincoln Center" votes="230" />
                <Precinct name="Faith Temple of Linc" votes="109" />
                <Precinct name="Tabernacle" votes="184" />
                <Precinct name="Bethany Church" votes="129" />
                <Precinct name="Martins Crossroad" votes="260" />
            </VoteType>
            <VoteType name="Absentee by Mail" votes="169">
                <Precinct name="Midway" votes="24" />
                <Precinct name="Lincoln Club House" votes="27" />
                <Precinct name="Lincoln Center" votes="40" />
                <Precinct name="Faith Temple of Linc" votes="5" />
                <Precinct name="Tabernacle" votes="21" />
                <Precinct name="Bethany Church" votes="14" />
                <Precinct name="Martins Crossroad" votes="38" />
            </VoteType>
            <VoteType name="Advance in Person" votes="1500">
                <Precinct name="Midway" votes="101" />
                <Precinct name="Lincoln Club House" votes="121" />
                <Precinct name="Lincoln Center" votes="469" />
                <Precinct name="Faith Temple of Linc" votes="97" />
                <Precinct name="Tabernacle" votes="166" />
                <Precinct name="Bethany Church" votes="171" />
                <Precinct name="Martins Crossroad" votes="375" />
            </VoteType>
            <VoteType name="Provisional" votes="0">
                <Precinct name="Midway" votes="0" />
                <Precinct name="Lincoln Club House" votes="0" />
                <Precinct name="Lincoln Center" votes="0" />
                <Precinct name="Faith Temple of Linc" votes="0" />
                <Precinct name="Tabernacle" votes="0" />
                <Precinct name="Bethany Church" votes="0" />
                <Precinct name="Martins Crossroad" votes="0" />
            </VoteType>
        </Choice>
        <Choice key="20" text="ERIC HOSKINS" totalVotes="664">
            <VoteType name="Election Day" votes="277">
                <Precinct name="Midway" votes="22" />
                <Precinct name="Lincoln Club House" votes="62" />
                <Precinct name="Lincoln Center" votes="44" />
                <Precinct name="Faith Temple of Linc" votes="32" />
                <Precinct name="Tabernacle" votes="64" />
                <Precinct name="Bethany Church" votes="21" />
                <Precinct name="Martins Crossroad" votes="32" />
            </VoteType>
            <VoteType name="Absentee by Mail" votes="96">
                <Precinct name="Midway" votes="21" />
                <Precinct name="Lincoln Club House" votes="30" />
                <Precinct name="Lincoln Center" votes="17" />
                <Precinct name="Faith Temple of Linc" votes="4" />
                <Precinct name="Tabernacle" votes="15" />
                <Precinct name="Bethany Church" votes="3" />
                <Precinct name="Martins Crossroad" votes="6" />
            </VoteType>
            <VoteType name="Advance in Person" votes="290">
                <Precinct name="Midway" votes="22" />
                <Precinct name="Lincoln Club House" votes="45" />
                <Precinct name="Lincoln Center" votes="62" />
                <Precinct name="Faith Temple of Linc" votes="34" />
                <Precinct name="Tabernacle" votes="48" />
                <Precinct name="Bethany Church" votes="24" />
                <Precinct name="Martins Crossroad" votes="55" />
            </VoteType>
            <VoteType name="Provisional" votes="1">
                <Precinct name="Midway" votes="0" />
                <Precinct name="Lincoln Club House" votes="0" />
                <Precinct name="Lincoln Center" votes="0" />
                <Precinct name="Faith Temple of Linc" votes="1" />
                <Precinct name="Tabernacle" votes="0" />
                <Precinct name="Bethany Church" votes="0" />
                <Precinct name="Martins Crossroad" votes="0" />
            </VoteType>
        </Choice>
    </Contest>
    <Contest key="50" text="U.S. Representative, District 10" isQuestion="false" precinctsReporting="7" precinctsReported="7">
        <VoteType name="Number of Precincts for Race" votes="7">
            <Precinct name="Midway" votes="1" />
            <Precinct name="Lincoln Club House" votes="1" />
            <Precinct name="Lincoln Center" votes="1" />
            <Precinct name="Faith Temple of Linc" votes="1" />
            <Precinct name="Tabernacle" votes="1" />
            <Precinct name="Bethany Church" votes="1" />
            <Precinct name="Martins Crossroad" votes="1" />
        </VoteType>
        <VoteType name="Number of Precincts Reporting" votes="7">
            <Precinct name="Midway" votes="1" />
            <Precinct name="Lincoln Club House" votes="1" />
            <Precinct name="Lincoln Center" votes="1" />
            <Precinct name="Faith Temple of Linc" votes="1" />
            <Precinct name="Tabernacle" votes="1" />
            <Precinct name="Bethany Church" votes="1" />
            <Precinct name="Martins Crossroad" votes="1" />
        </VoteType>
        <Choice key="10" text="JODY HICE (I)" totalVotes="3150">
            <VoteType name="Election Day" votes="1281">
                <Precinct name="Midway" votes="111" />
                <Precinct name="Lincoln Club House" votes="146" />
                <Precinct name="Lincoln Center" votes="258" />
                <Precinct name="Faith Temple of Linc" votes="132" />
                <Precinct name="Tabernacle" votes="221" />
                <Precinct name="Bethany Church" votes="139" />
                <Precinct name="Martins Crossroad" votes="274" />
            </VoteType>
            <VoteType name="Absentee by Mail" votes="220">
                <Precinct name="Midway" votes="34" />
                <Precinct name="Lincoln Club House" votes="43" />
                <Precinct name="Lincoln Center" votes="51" />
                <Precinct name="Faith Temple of Linc" votes="9" />
                <Precinct name="Tabernacle" votes="30" />
                <Precinct name="Bethany Church" votes="15" />
                <Precinct name="Martins Crossroad" votes="38" />
            </VoteType>
            <VoteType name="Advance in Person" votes="1648">
                <Precinct name="Midway" votes="115" />
                <Precinct name="Lincoln Club House" votes="145" />
                <Precinct name="Lincoln Center" votes="497" />
                <Precinct name="Faith Temple of Linc" votes="121" />
                <Precinct name="Tabernacle" votes="195" />
                <Precinct name="Bethany Church" votes="180" />
                <Precinct name="Martins Crossroad" votes="395" />
            </VoteType>
            <VoteType name="Provisional" votes="1">
                <Precinct name="Midway" votes="0" />
                <Precinct name="Lincoln Club House" votes="0" />
                <Precinct name="Lincoln Center" votes="0" />
                <Precinct name="Faith Temple of Linc" votes="1" />
                <Precinct name="Tabernacle" votes="0" />
                <Precinct name="Bethany Church" votes="0" />
                <Precinct name="Martins Crossroad" votes="0" />
            </VoteType>
        </Choice>
    </Contest>
    <Contest key="70" text="State Senator, District 24" isQuestion="false" precinctsReporting="7" precinctsReported="7">
        <VoteType name="Number of Precincts for Race" votes="7">
            <Precinct name="Midway" votes="1" />
            <Precinct name="Lincoln Club House" votes="1" />
            <Precinct name="Lincoln Center" votes="1" />
            <Precinct name="Faith Temple of Linc" votes="1" />
            <Precinct name="Tabernacle" votes="1" />
            <Precinct name="Bethany Church" votes="1" />
            <Precinct name="Martins Crossroad" votes="1" />
        </VoteType>
        <VoteType name="Number of Precincts Reporting" votes="7">
            <Precinct name="Midway" votes="1" />
            <Precinct name="Lincoln Club House" votes="1" />
            <Precinct name="Lincoln Center" votes="1" />
            <Precinct name="Faith Temple of Linc" votes="1" />
            <Precinct name="Tabernacle" votes="1" />
            <Precinct name="Bethany Church" votes="1" />
            <Precinct name="Martins Crossroad" votes="1" />
        </VoteType>
        <Choice key="10" text="LEE ANDERSON" totalVotes="2637">
            <VoteType name="Election Day" votes="1048">
                <Precinct name="Midway" votes="98" />
                <Precinct name="Lincoln Club House" votes="86" />
                <Precinct name="Lincoln Center" votes="221" />
                <Precinct name="Faith Temple of Linc" votes="99" />
                <Precinct name="Tabernacle" votes="162" />
                <Precinct name="Bethany Church" votes="127" />
                <Precinct name="Martins Crossroad" votes="255" />
            </VoteType>
            <VoteType name="Absentee by Mail" votes="140">
                <Precinct name="Midway" votes="15" />
                <Precinct name="Lincoln Club House" votes="8" />
                <Precinct name="Lincoln Center" votes="41" />
                <Precinct name="Faith Temple of Linc" votes="6" />
                <Precinct name="Tabernacle" votes="18" />
                <Precinct name="Bethany Church" votes="16" />
                <Precinct name="Martins Crossroad" votes="36" />
            </VoteType>
            <VoteType name="Advance in Person" votes="1449">
                <Precinct name="Midway" votes="101" />
                <Precinct name="Lincoln Club House" votes="111" />
                <Precinct name="Lincoln Center" votes="457" />
                <Precinct name="Faith Temple of Linc" votes="92" />
                <Precinct name="Tabernacle" votes="162" />
                <Precinct name="Bethany Church" votes="169" />
                <Precinct name="Martins Crossroad" votes="357" />
            </VoteType>
            <VoteType name="Provisional" votes="0">
                <Precinct name="Midway" votes="0" />
                <Precinct name="Lincoln Club House" votes="0" />
                <Precinct name="Lincoln Center" votes="0" />
                <Precinct name="Faith Temple of Linc" votes="0" />
                <Precinct name="Tabernacle" votes="0" />
                <Precinct name="Bethany Church" votes="0" />
                <Precinct name="Martins Crossroad" votes="0" />
            </VoteType>
        </Choice>
        <Choice key="20" text="BRENDA J. JORDAN" totalVotes="1319">
            <VoteType name="Election Day" votes="483">
                <Precinct name="Midway" votes="41" />
                <Precinct name="Lincoln Club House" votes="103" />
                <Precinct name="Lincoln Center" votes="72" />
                <Precinct name="Faith Temple of Linc" votes="57" />
                <Precinct name="Tabernacle" votes="125" />
                <Precinct name="Bethany Church" votes="31" />
                <Precinct name="Martins Crossroad" votes="54" />
            </VoteType>
            <VoteType name="Absentee by Mail" votes="237">
                <Precinct name="Midway" votes="41" />
                <Precinct name="Lincoln Club House" votes="90" />
                <Precinct name="Lincoln Center" votes="31" />
                <Precinct name="Faith Temple of Linc" votes="8" />
                <Precinct name="Tabernacle" votes="46" />
                <Precinct name="Bethany Church" votes="4" />
                <Precinct name="Martins Crossroad" votes="17" />
            </VoteType>
            <VoteType name="Advance in Person" votes="598">
                <Precinct name="Midway" votes="35" />
                <Precinct name="Lincoln Club House" votes="125" />
                <Precinct name="Lincoln Center" votes="134" />
                <Precinct name="Faith Temple of Linc" votes="57" />
                <Precinct name="Tabernacle" votes="118" />
                <Precinct name="Bethany Church" votes="32" />
                <Precinct name="Martins Crossroad" votes="97" />
            </VoteType>
            <VoteType name="Provisional" votes="1">
                <Precinct name="Midway" votes="0" />
                <Precinct name="Lincoln Club House" votes="0" />
                <Precinct name="Lincoln Center" votes="0" />
                <Precinct name="Faith Temple of Linc" votes="1" />
                <Precinct name="Tabernacle" votes="0" />
                <Precinct name="Bethany Church" votes="0" />
                <Precinct name="Martins Crossroad" votes="0" />
            </VoteType>
        </Choice>
    </Contest>
    <Contest key="90" text="State Representative, District 33" isQuestion="false" precinctsReporting="7" precinctsReported="7">
        <VoteType name="Number of Precincts for Race" votes="7">
            <Precinct name="Midway" votes="1" />
            <Precinct name="Lincoln Club House" votes="1" />
            <Precinct name="Lincoln Center" votes="1" />
            <Precinct name="Faith Temple of Linc" votes="1" />
            <Precinct name="Tabernacle" votes="1" />
            <Precinct name="Bethany Church" votes="1" />
            <Precinct name="Martins Crossroad" votes="1" />
        </VoteType>
        <VoteType name="Number of Precincts Reporting" votes="7">
            <Precinct name="Midway" votes="1" />
            <Precinct name="Lincoln Club House" votes="1" />
            <Precinct name="Lincoln Center" votes="1" />
            <Precinct name="Faith Temple of Linc" votes="1" />
            <Precinct name="Tabernacle" votes="1" />
            <Precinct name="Bethany Church" votes="1" />
            <Precinct name="Martins Crossroad" votes="1" />
        </VoteType>
        <Choice key="10" text="TOM MCCALL (I)" totalVotes="3197">
            <VoteType name="Election Day" votes="1295">
                <Precinct name="Midway" votes="113" />
                <Precinct name="Lincoln Club House" votes="146" />
                <Precinct name="Lincoln Center" votes="266" />
                <Precinct name="Faith Temple of Linc" votes="132" />
                <Precinct name="Tabernacle" votes="226" />
                <Precinct name="Bethany Church" votes="141" />
                <Precinct name="Martins Crossroad" votes="271" />
            </VoteType>
            <VoteType name="Absentee by Mail" votes="219">
                <Precinct name="Midway" votes="34" />
                <Precinct name="Lincoln Club House" votes="40" />
                <Precinct name="Lincoln Center" votes="53" />
                <Precinct name="Faith Temple of Linc" votes="9" />
                <Precinct name="Tabernacle" votes="29" />
                <Precinct name="Bethany Church" votes="15" />
                <Precinct name="Martins Crossroad" votes="39" />
            </VoteType>
            <VoteType name="Advance in Person" votes="1682">
                <Precinct name="Midway" votes="117" />
                <Precinct name="Lincoln Club House" votes="149" />
                <Precinct name="Lincoln Center" votes="515" />
                <Precinct name="Faith Temple of Linc" votes="126" />
                <Precinct name="Tabernacle" votes="196" />
                <Precinct name="Bethany Church" votes="183" />
                <Precinct name="Martins Crossroad" votes="396" />
            </VoteType>
            <VoteType name="Provisional" votes="1">
                <Precinct name="Midway" votes="0" />
                <Precinct name="Lincoln Club House" votes="0" />
                <Precinct name="Lincoln Center" votes="0" />
                <Precinct name="Faith Temple of Linc" votes="1" />
                <Precinct name="Tabernacle" votes="0" />
                <Precinct name="Bethany Church" votes="0" />
                <Precinct name="Martins Crossroad" votes="0" />
            </VoteType>
        </Choice>
    </Contest>
    <Contest key="110" text="District Attorney, Toombs Circuit" isQuestion="false" precinctsReporting="7" precinctsReported="7">
        <VoteType name="Number of Precincts for Race" votes="7">
            <Precinct name="Midway" votes="1" />
            <Precinct name="Lincoln Club House" votes="1" />
            <Precinct name="Lincoln Center" votes="1" />
            <Precinct name="Faith Temple of Linc" votes="1" />
            <Precinct name="Tabernacle" votes="1" />
            <Precinct name="Bethany Church" votes="1" />
            <Precinct name="Martins Crossroad" votes="1" />
        </VoteType>
        <VoteType name="Number of Precincts Reporting" votes="7">
            <Precinct name="Midway" votes="1" />
            <Precinct name="Lincoln Club House" votes="1" />
            <Precinct name="Lincoln Center" votes="1" />
            <Precinct name="Faith Temple of Linc" votes="1" />
            <Precinct name="Tabernacle" votes="1" />
            <Precinct name="Bethany Church" votes="1" />
            <Precinct name="Martins Crossroad" votes="1" />
        </VoteType>
        <Choice key="10" text="DURWOOD R. &quot;WOODY&quot; DAVIS" totalVotes="2377">
            <VoteType name="Election Day" votes="967">
                <Precinct name="Midway" votes="73" />
                <Precinct name="Lincoln Club House" votes="78" />
                <Precinct name="Lincoln Center" votes="207" />
                <Precinct name="Faith Temple of Linc" votes="92" />
                <Precinct name="Tabernacle" votes="141" />
                <Precinct name="Bethany Church" votes="129" />
                <Precinct name="Martins Crossroad" votes="247" />
            </VoteType>
            <VoteType name="Absentee by Mail" votes="133">
                <Precinct name="Midway" votes="16" />
                <Precinct name="Lincoln Club House" votes="10" />
                <Precinct name="Lincoln Center" votes="33" />
                <Precinct name="Faith Temple of Linc" votes="4" />
                <Precinct name="Tabernacle" votes="18" />
                <Precinct name="Bethany Church" votes="15" />
                <Precinct name="Martins Crossroad" votes="37" />
            </VoteType>
            <VoteType name="Advance in Person" votes="1277">
                <Precinct name="Midway" votes="83" />
                <Precinct name="Lincoln Club House" votes="94" />
                <Precinct name="Lincoln Center" votes="392" />
                <Precinct name="Faith Temple of Linc" votes="82" />
                <Precinct name="Tabernacle" votes="147" />
                <Precinct name="Bethany Church" votes="157" />
                <Precinct name="Martins Crossroad" votes="322" />
            </VoteType>
            <VoteType name="Provisional" votes="0">
                <Precinct name="Midway" votes="0" />
                <Precinct name="Lincoln Club House" votes="0" />
                <Precinct name="Lincoln Center" votes="0" />
                <Precinct name="Faith Temple of Linc" votes="0" />
                <Precinct name="Tabernacle" votes="0" />
                <Precinct name="Bethany Church" votes="0" />
                <Precinct name="Martins Crossroad" votes="0" />
            </VoteType>
        </Choice>
        <Choice key="20" text="BILL DOUPE" totalVotes="1532">
            <VoteType name="Election Day" votes="551">
                <Precinct name="Midway" votes="62" />
                <Precinct name="Lincoln Club House" votes="112" />
                <Precinct name="Lincoln Center" votes="89" />
                <Precinct name="Faith Temple of Linc" votes="64" />
                <Precinct name="Tabernacle" votes="136" />
                <Precinct name="Bethany Church" votes="31" />
                <Precinct name="Martins Crossroad" votes="57" />
            </VoteType>
            <VoteType name="Absentee by Mail" votes="244">
                <Precinct name="Midway" votes="40" />
                <Precinct name="Lincoln Club House" votes="91" />
                <Precinct name="Lincoln Center" votes="37" />
                <Precinct name="Faith Temple of Linc" votes="8" />
                <Precinct name="Tabernacle" votes="48" />
                <Precinct name="Bethany Church" votes="4" />
                <Precinct name="Martins Crossroad" votes="16" />
            </VoteType>
            <VoteType name="Advance in Person" votes="736">
                <Precinct name="Midway" votes="48" />
                <Precinct name="Lincoln Club House" votes="135" />
                <Precinct name="Lincoln Center" votes="192" />
                <Precinct name="Faith Temple of Linc" votes="66" />
                <Precinct name="Tabernacle" votes="122" />
                <Precinct name="Bethany Church" votes="41" />
                <Precinct name="Martins Crossroad" votes="132" />
            </VoteType>
            <VoteType name="Provisional" votes="1">
                <Precinct name="Midway" votes="0" />
                <Precinct name="Lincoln Club House" votes="0" />
                <Precinct name="Lincoln Center" votes="0" />
                <Precinct name="Faith Temple of Linc" votes="1" />
                <Precinct name="Tabernacle" votes="0" />
                <Precinct name="Bethany Church" votes="0" />
                <Precinct name="Martins Crossroad" votes="0" />
            </VoteType>
        </Choice>
    </Contest>
    <Contest key="310" text="Probate Judge" isQuestion="false" precinctsReporting="7" precinctsReported="7">
        <VoteType name="Number of Precincts for Race" votes="7">
            <Precinct name="Midway" votes="1" />
            <Precinct name="Lincoln Club House" votes="1" />
            <Precinct name="Lincoln Center" votes="1" />
            <Precinct name="Faith Temple of Linc" votes="1" />
            <Precinct name="Tabernacle" votes="1" />
            <Precinct name="Bethany Church" votes="1" />
            <Precinct name="Martins Crossroad" votes="1" />
        </VoteType>
        <VoteType name="Number of Precincts Reporting" votes="7">
            <Precinct name="Midway" votes="1" />
            <Precinct name="Lincoln Club House" votes="1" />
            <Precinct name="Lincoln Center" votes="1" />
            <Precinct name="Faith Temple of Linc" votes="1" />
            <Precinct name="Tabernacle" votes="1" />
            <Precinct name="Bethany Church" votes="1" />
            <Precinct name="Martins Crossroad" votes="1" />
        </VoteType>
        <Choice key="10" text="L. D. MOSS (I)(D)" totalVotes="3481">
            <VoteType name="Election Day" votes="1376">
                <Precinct name="Midway" votes="119" />
                <Precinct name="Lincoln Club House" votes="177" />
                <Precinct name="Lincoln Center" votes="262" />
                <Precinct name="Faith Temple of Linc" votes="148" />
                <Precinct name="Tabernacle" votes="256" />
                <Precinct name="Bethany Church" votes="136" />
                <Precinct name="Martins Crossroad" votes="278" />
            </VoteType>
            <VoteType name="Absentee by Mail" votes="340">
                <Precinct name="Midway" votes="56" />
                <Precinct name="Lincoln Club House" votes="96" />
                <Precinct name="Lincoln Center" votes="63" />
                <Precinct name="Faith Temple of Linc" votes="12" />
                <Precinct name="Tabernacle" votes="59" />
                <Precinct name="Bethany Church" votes="14" />
                <Precinct name="Martins Crossroad" votes="40" />
            </VoteType>
            <VoteType name="Advance in Person" votes="1764">
                <Precinct name="Midway" votes="117" />
                <Precinct name="Lincoln Club House" votes="200" />
                <Precinct name="Lincoln Center" votes="499" />
                <Precinct name="Faith Temple of Linc" votes="133" />
                <Precinct name="Tabernacle" votes="256" />
                <Precinct name="Bethany Church" votes="168" />
                <Precinct name="Martins Crossroad" votes="391" />
            </VoteType>
            <VoteType name="Provisional" votes="1">
                <Precinct name="Midway" votes="0" />
                <Precinct name="Lincoln Club House" votes="0" />
                <Precinct name="Lincoln Center" votes="0" />
                <Precinct name="Faith Temple of Linc" votes="1" />
                <Precinct name="Tabernacle" votes="0" />
                <Precinct name="Bethany Church" votes="0" />
                <Precinct name="Martins Crossroad" votes="0" />
            </VoteType>
        </Choice>
    </Contest>
    <Contest key="320" text="Superior Court Clerk" isQuestion="false" precinctsReporting="7" precinctsReported="7">
        <VoteType name="Number of Precincts for Race" votes="7">
            <Precinct name="Midway" votes="1" />
            <Precinct name="Lincoln Club House" votes="1" />
            <Precinct name="Lincoln Center" votes="1" />
            <Precinct name="Faith Temple of Linc" votes="1" />
            <Precinct name="Tabernacle" votes="1" />
            <Precinct name="Bethany Church" votes="1" />
            <Precinct name="Martins Crossroad" votes="1" />
        </VoteType>
        <VoteType name="Number of Precincts Reporting" votes="7">
            <Precinct name="Midway" votes="1" />
            <Precinct name="Lincoln Club House" votes="1" />
            <Precinct name="Lincoln Center" votes="1" />
            <Precinct name="Faith Temple of Linc" votes="1" />
            <Precinct name="Tabernacle" votes="1" />
            <Precinct name="Bethany Church" votes="1" />
            <Precinct name="Martins Crossroad" votes="1" />
        </VoteType>
        <Choice key="10" text="A. DOSS (I)(R)" totalVotes="3296">
            <VoteType name="Election Day" votes="1341">
                <Precinct name="Midway" votes="117" />
                <Precinct name="Lincoln Club House" votes="155" />
                <Precinct name="Lincoln Center" votes="262" />
                <Precinct name="Faith Temple of Linc" votes="139" />
                <Precinct name="Tabernacle" votes="240" />
                <Precinct name="Bethany Church" votes="140" />
                <Precinct name="Martins Crossroad" votes="288" />
            </VoteType>
            <VoteType name="Absentee by Mail" votes="227">
                <Precinct name="Midway" votes="35" />
                <Precinct name="Lincoln Club House" votes="45" />
                <Precinct name="Lincoln Center" votes="52" />
                <Precinct name="Faith Temple of Linc" votes="9" />
                <Precinct name="Tabernacle" votes="31" />
                <Precinct name="Bethany Church" votes="15" />
                <Precinct name="Martins Crossroad" votes="40" />
            </VoteType>
            <VoteType name="Advance in Person" votes="1727">
                <Precinct name="Midway" votes="114" />
                <Precinct name="Lincoln Club House" votes="179" />
                <Precinct name="Lincoln Center" votes="518" />
                <Precinct name="Faith Temple of Linc" votes="127" />
                <Precinct name="Tabernacle" votes="204" />
                <Precinct name="Bethany Church" votes="179" />
                <Precinct name="Martins Crossroad" votes="406" />
            </VoteType>
            <VoteType name="Provisional" votes="1">
                <Precinct name="Midway" votes="0" />
                <Precinct name="Lincoln Club House" votes="0" />
                <Precinct name="Lincoln Center" votes="0" />
                <Precinct name="Faith Temple of Linc" votes="1" />
                <Precinct name="Tabernacle" votes="0" />
                <Precinct name="Bethany Church" votes="0" />
                <Precinct name="Martins Crossroad" votes="0" />
            </VoteType>
        </Choice>
    </Contest>
    <Contest key="350" text="Sheriff" isQuestion="false" precinctsReporting="7" precinctsReported="7">
        <VoteType name="Number of Precincts for Race" votes="7">
            <Precinct name="Midway" votes="1" />
            <Precinct name="Lincoln Club House" votes="1" />
            <Precinct name="Lincoln Center" votes="1" />
            <Precinct name="Faith Temple of Linc" votes="1" />
            <Precinct name="Tabernacle" votes="1" />
            <Precinct name="Bethany Church" votes="1" />
            <Precinct name="Martins Crossroad" votes="1" />
        </VoteType>
        <VoteType name="Number of Precincts Reporting" votes="7">
            <Precinct name="Midway" votes="1" />
            <Precinct name="Lincoln Club House" votes="1" />
            <Precinct name="Lincoln Center" votes="1" />
            <Precinct name="Faith Temple of Linc" votes="1" />
            <Precinct name="Tabernacle" votes="1" />
            <Precinct name="Bethany Church" votes="1" />
            <Precinct name="Martins Crossroad" votes="1" />
        </VoteType>
        <Choice key="10" text="B. BEGGS (I)(D)" totalVotes="3539">
            <VoteType name="Election Day" votes="1392">
                <Precinct name="Midway" votes="125" />
                <Precinct name="Lincoln Club House" votes="178" />
                <Precinct name="Lincoln Center" votes="267" />
                <Precinct name="Faith Temple of Linc" votes="149" />
                <Precinct name="Tabernacle" votes="259" />
                <Precinct name="Bethany Church" votes="137" />
                <Precinct name="Martins Crossroad" votes="277" />
            </VoteType>
            <VoteType name="Absentee by Mail" votes="338">
                <Precinct name="Midway" votes="55" />
                <Precinct name="Lincoln Club House" votes="93" />
                <Precinct name="Lincoln Center" votes="61" />
                <Precinct name="Faith Temple of Linc" votes="12" />
                <Precinct name="Tabernacle" votes="60" />
                <Precinct name="Bethany Church" votes="14" />
                <Precinct name="Martins Crossroad" votes="43" />
            </VoteType>
            <VoteType name="Advance in Person" votes="1808">
                <Precinct name="Midway" votes="119" />
                <Precinct name="Lincoln Club House" votes="211" />
                <Precinct name="Lincoln Center" votes="523" />
                <Precinct name="Faith Temple of Linc" votes="132" />
                <Precinct name="Tabernacle" votes="257" />
                <Precinct name="Bethany Church" votes="177" />
                <Precinct name="Martins Crossroad" votes="389" />
            </VoteType>
            <VoteType name="Provisional" votes="1">
                <Precinct name="Midway" votes="0" />
                <Precinct name="Lincoln Club House" votes="0" />
                <Precinct name="Lincoln Center" votes="0" />
                <Precinct name="Faith Temple of Linc" votes="1" />
                <Precinct name="Tabernacle" votes="0" />
                <Precinct name="Bethany Church" votes="0" />
                <Precinct name="Martins Crossroad" votes="0" />
            </VoteType>
        </Choice>
    </Contest>
    <Contest key="360" text="Tax Commissioner" isQuestion="false" precinctsReporting="7" precinctsReported="7">
        <VoteType name="Number of Precincts for Race" votes="7">
            <Precinct name="Midway" votes="1" />
            <Precinct name="Lincoln Club House" votes="1" />
            <Precinct name="Lincoln Center" votes="1" />
            <Precinct name="Faith Temple of Linc" votes="1" />
            <Precinct name="Tabernacle" votes="1" />
            <Precinct name="Bethany Church" votes="1" />
            <Precinct name="Martins Crossroad" votes="1" />
        </VoteType>
        <VoteType name="Number of Precincts Reporting" votes="7">
            <Precinct name="Midway" votes="1" />
            <Precinct name="Lincoln Club House" votes="1" />
            <Precinct name="Lincoln Center" votes="1" />
            <Precinct name="Faith Temple of Linc" votes="1" />
            <Precinct name="Tabernacle" votes="1" />
            <Precinct name="Bethany Church" votes="1" />
            <Precinct name="Martins Crossroad" votes="1" />
        </VoteType>
        <Choice key="10" text="B. DANNER (I)(R)" totalVotes="3412">
            <VoteType name="Election Day" votes="1403">
                <Precinct name="Midway" votes="133" />
                <Precinct name="Lincoln Club House" votes="165" />
                <Precinct name="Lincoln Center" votes="261" />
                <Precinct name="Faith Temple of Linc" votes="149" />
                <Precinct name="Tabernacle" votes="255" />
                <Precinct name="Bethany Church" votes="145" />
                <Precinct name="Martins Crossroad" votes="295" />
            </VoteType>
            <VoteType name="Absentee by Mail" votes="238">
                <Precinct name="Midway" votes="36" />
                <Precinct name="Lincoln Club House" votes="50" />
                <Precinct name="Lincoln Center" votes="52" />
                <Precinct name="Faith Temple of Linc" votes="13" />
                <Precinct name="Tabernacle" votes="34" />
                <Precinct name="Bethany Church" votes="14" />
                <Precinct name="Martins Crossroad" votes="39" />
            </VoteType>
            <VoteType name="Advance in Person" votes="1770">
                <Precinct name="Midway" votes="123" />
                <Precinct name="Lincoln Club House" votes="184" />
                <Precinct name="Lincoln Center" votes="526" />
                <Precinct name="Faith Temple of Linc" votes="132" />
                <Precinct name="Tabernacle" votes="219" />
                <Precinct name="Bethany Church" votes="183" />
                <Precinct name="Martins Crossroad" votes="403" />
            </VoteType>
            <VoteType name="Provisional" votes="1">
                <Precinct name="Midway" votes="0" />
                <Precinct name="Lincoln Club House" votes="0" />
                <Precinct name="Lincoln Center" votes="0" />
                <Precinct name="Faith Temple of Linc" votes="1" />
                <Precinct name="Tabernacle" votes="0" />
                <Precinct name="Bethany Church" votes="0" />
                <Precinct name="Martins Crossroad" votes="0" />
            </VoteType>
        </Choice>
    </Contest>
    <Contest key="380" text="Surveyor" isQuestion="false" precinctsReporting="7" precinctsReported="7">
        <VoteType name="Number of Precincts for Race" votes="7">
            <Precinct name="Midway" votes="1" />
            <Precinct name="Lincoln Club House" votes="1" />
            <Precinct name="Lincoln Center" votes="1" />
            <Precinct name="Faith Temple of Linc" votes="1" />
            <Precinct name="Tabernacle" votes="1" />
            <Precinct name="Bethany Church" votes="1" />
            <Precinct name="Martins Crossroad" votes="1" />
        </VoteType>
        <VoteType name="Number of Precincts Reporting" votes="7">
            <Precinct name="Midway" votes="1" />
            <Precinct name="Lincoln Club House" votes="1" />
            <Precinct name="Lincoln Center" votes="1" />
            <Precinct name="Faith Temple of Linc" votes="1" />
            <Precinct name="Tabernacle" votes="1" />
            <Precinct name="Bethany Church" votes="1" />
            <Precinct name="Martins Crossroad" votes="1" />
        </VoteType>
        <Choice key="10" text="R. WILKES (I)(R)" totalVotes="3262">
            <VoteType name="Election Day" votes="1335">
                <Precinct name="Midway" votes="122" />
                <Precinct name="Lincoln Club House" votes="156" />
                <Precinct name="Lincoln Center" votes="261" />
                <Precinct name="Faith Temple of Linc" votes="140" />
                <Precinct name="Tabernacle" votes="232" />
                <Precinct name="Bethany Church" votes="141" />
                <Precinct name="Martins Crossroad" votes="283" />
            </VoteType>
            <VoteType name="Absentee by Mail" votes="230">
                <Precinct name="Midway" votes="35" />
                <Precinct name="Lincoln Club House" votes="46" />
                <Precinct name="Lincoln Center" votes="51" />
                <Precinct name="Faith Temple of Linc" votes="10" />
                <Precinct name="Tabernacle" votes="32" />
                <Precinct name="Bethany Church" votes="15" />
                <Precinct name="Martins Crossroad" votes="41" />
            </VoteType>
            <VoteType name="Advance in Person" votes="1696">
                <Precinct name="Midway" votes="117" />
                <Precinct name="Lincoln Club House" votes="172" />
                <Precinct name="Lincoln Center" votes="504" />
                <Precinct name="Faith Temple of Linc" votes="126" />
                <Precinct name="Tabernacle" votes="200" />
                <Precinct name="Bethany Church" votes="181" />
                <Precinct name="Martins Crossroad" votes="396" />
            </VoteType>
            <VoteType name="Provisional" votes="1">
                <Precinct name="Midway" votes="0" />
                <Precinct name="Lincoln Club House" votes="0" />
                <Precinct name="Lincoln Center" votes="0" />
                <Precinct name="Faith Temple of Linc" votes="1" />
                <Precinct name="Tabernacle" votes="0" />
                <Precinct name="Bethany Church" votes="0" />
                <Precinct name="Martins Crossroad" votes="0" />
            </VoteType>
        </Choice>
    </Contest>
    <Contest key="400" text="Coroner" isQuestion="false" precinctsReporting="7" precinctsReported="7">
        <VoteType name="Number of Precincts for Race" votes="7">
            <Precinct name="Midway" votes="1" />
            <Precinct name="Lincoln Club House" votes="1" />
            <Precinct name="Lincoln Center" votes="1" />
            <Precinct name="Faith Temple of Linc" votes="1" />
            <Precinct name="Tabernacle" votes="1" />
            <Precinct name="Bethany Church" votes="1" />
            <Precinct name="Martins Crossroad" votes="1" />
        </VoteType>
        <VoteType name="Number of Precincts Reporting" votes="7">
            <Precinct name="Midway" votes="1" />
            <Precinct name="Lincoln Club House" votes="1" />
            <Precinct name="Lincoln Center" votes="1" />
            <Precinct name="Faith Temple of Linc" votes="1" />
            <Precinct name="Tabernacle" votes="1" />
            <Precinct name="Bethany Church" votes="1" />
            <Precinct name="Martins Crossroad" votes="1" />
        </VoteType>
        <Choice key="10" text="P. REVIERE (I)(R)" totalVotes="3479">
            <VoteType name="Election Day" votes="1435">
                <Precinct name="Midway" votes="131" />
                <Precinct name="Lincoln Club House" votes="174" />
                <Precinct name="Lincoln Center" votes="276" />
                <Precinct name="Faith Temple of Linc" votes="152" />
                <Precinct name="Tabernacle" votes="258" />
                <Precinct name="Bethany Church" votes="148" />
                <Precinct name="Martins Crossroad" votes="296" />
            </VoteType>
            <VoteType name="Absentee by Mail" votes="237">
                <Precinct name="Midway" votes="37" />
                <Precinct name="Lincoln Club House" votes="50" />
                <Precinct name="Lincoln Center" votes="53" />
                <Precinct name="Faith Temple of Linc" votes="11" />
                <Precinct name="Tabernacle" votes="31" />
                <Precinct name="Bethany Church" votes="13" />
                <Precinct name="Martins Crossroad" votes="42" />
            </VoteType>
            <VoteType name="Advance in Person" votes="1806">
                <Precinct name="Midway" votes="122" />
                <Precinct name="Lincoln Club House" votes="189" />
                <Precinct name="Lincoln Center" votes="533" />
                <Precinct name="Faith Temple of Linc" votes="139" />
                <Precinct name="Tabernacle" votes="226" />
                <Precinct name="Bethany Church" votes="187" />
                <Precinct name="Martins Crossroad" votes="410" />
            </VoteType>
            <VoteType name="Provisional" votes="1">
                <Precinct name="Midway" votes="0" />
                <Precinct name="Lincoln Club House" votes="0" />
                <Precinct name="Lincoln Center" votes="0" />
                <Precinct name="Faith Temple of Linc" votes="1" />
                <Precinct name="Tabernacle" votes="0" />
                <Precinct name="Bethany Church" votes="0" />
                <Precinct name="Martins Crossroad" votes="0" />
            </VoteType>
        </Choice>
    </Contest>
    <Contest key="420" text="County Comm Chair" isQuestion="false" precinctsReporting="7" precinctsReported="7">
        <VoteType name="Number of Precincts for Race" votes="7">
            <Precinct name="Midway" votes="1" />
            <Precinct name="Lincoln Club House" votes="1" />
            <Precinct name="Lincoln Center" votes="1" />
            <Precinct name="Faith Temple of Linc" votes="1" />
            <Precinct name="Tabernacle" votes="1" />
            <Precinct name="Bethany Church" votes="1" />
            <Precinct name="Martins Crossroad" votes="1" />
        </VoteType>
        <VoteType name="Number of Precincts Reporting" votes="7">
            <Precinct name="Midway" votes="1" />
            <Precinct name="Lincoln Club House" votes="1" />
            <Precinct name="Lincoln Center" votes="1" />
            <Precinct name="Faith Temple of Linc" votes="1" />
            <Precinct name="Tabernacle" votes="1" />
            <Precinct name="Bethany Church" votes="1" />
            <Precinct name="Martins Crossroad" votes="1" />
        </VoteType>
        <Choice key="10" text="B. D. HENDERSON (R)" totalVotes="2011">
            <VoteType name="Election Day" votes="837">
                <Precinct name="Midway" votes="103" />
                <Precinct name="Lincoln Club House" votes="60" />
                <Precinct name="Lincoln Center" votes="150" />
                <Precinct name="Faith Temple of Linc" votes="77" />
                <Precinct name="Tabernacle" votes="132" />
                <Precinct name="Bethany Church" votes="107" />
                <Precinct name="Martins Crossroad" votes="208" />
            </VoteType>
            <VoteType name="Absentee by Mail" votes="111">
                <Precinct name="Midway" votes="14" />
                <Precinct name="Lincoln Club House" votes="8" />
                <Precinct name="Lincoln Center" votes="25" />
                <Precinct name="Faith Temple of Linc" votes="5" />
                <Precinct name="Tabernacle" votes="17" />
                <Precinct name="Bethany Church" votes="14" />
                <Precinct name="Martins Crossroad" votes="28" />
            </VoteType>
            <VoteType name="Advance in Person" votes="1063">
                <Precinct name="Midway" votes="98" />
                <Precinct name="Lincoln Club House" votes="74" />
                <Precinct name="Lincoln Center" votes="295" />
                <Precinct name="Faith Temple of Linc" votes="61" />
                <Precinct name="Tabernacle" votes="134" />
                <Precinct name="Bethany Church" votes="129" />
                <Precinct name="Martins Crossroad" votes="272" />
            </VoteType>
            <VoteType name="Provisional" votes="0">
                <Precinct name="Midway" votes="0" />
                <Precinct name="Lincoln Club House" votes="0" />
                <Precinct name="Lincoln Center" votes="0" />
                <Precinct name="Faith Temple of Linc" votes="0" />
                <Precinct name="Tabernacle" votes="0" />
                <Precinct name="Bethany Church" votes="0" />
                <Precinct name="Martins Crossroad" votes="0" />
            </VoteType>
        </Choice>
        <Choice key="20" text="W. T. NORMAN (D)" totalVotes="2068">
            <VoteType name="Election Day" votes="751">
                <Precinct name="Midway" votes="44" />
                <Precinct name="Lincoln Club House" votes="141" />
                <Precinct name="Lincoln Center" votes="156" />
                <Precinct name="Faith Temple of Linc" votes="85" />
                <Precinct name="Tabernacle" votes="159" />
                <Precinct name="Bethany Church" votes="58" />
                <Precinct name="Martins Crossroad" votes="108" />
            </VoteType>
            <VoteType name="Absentee by Mail" votes="272">
                <Precinct name="Midway" votes="43" />
                <Precinct name="Lincoln Club House" votes="91" />
                <Precinct name="Lincoln Center" votes="49" />
                <Precinct name="Faith Temple of Linc" votes="9" />
                <Precinct name="Tabernacle" votes="48" />
                <Precinct name="Bethany Church" votes="6" />
                <Precinct name="Martins Crossroad" votes="26" />
            </VoteType>
            <VoteType name="Advance in Person" votes="1044">
                <Precinct name="Midway" votes="39" />
                <Precinct name="Lincoln Club House" votes="169" />
                <Precinct name="Lincoln Center" votes="317" />
                <Precinct name="Faith Temple of Linc" votes="90" />
                <Precinct name="Tabernacle" votes="151" />
                <Precinct name="Bethany Church" votes="80" />
                <Precinct name="Martins Crossroad" votes="198" />
            </VoteType>
            <VoteType name="Provisional" votes="1">
                <Precinct name="Midway" votes="0" />
                <Precinct name="Lincoln Club House" votes="0" />
                <Precinct name="Lincoln Center" votes="0" />
                <Precinct name="Faith Temple of Linc" votes="1" />
                <Precinct name="Tabernacle" votes="0" />
                <Precinct name="Bethany Church" votes="0" />
                <Precinct name="Martins Crossroad" votes="0" />
            </VoteType>
        </Choice>
    </Contest>
    <Contest key="440" text="County Comm 3" isQuestion="false" precinctsReporting="2" precinctsReported="2">
        <VoteType name="Number of Precincts for Race" votes="2">
            <Precinct name="Faith Temple of Linc" votes="1" />
            <Precinct name="Tabernacle" votes="1" />
        </VoteType>
        <VoteType name="Number of Precincts Reporting" votes="2">
            <Precinct name="Faith Temple of Linc" votes="1" />
            <Precinct name="Tabernacle" votes="1" />
        </VoteType>
        <Choice key="10" text="H. CLIATT (I)(R)" totalVotes="574">
            <VoteType name="Election Day" votes="286">
                <Precinct name="Faith Temple of Linc" votes="110" />
                <Precinct name="Tabernacle" votes="176" />
            </VoteType>
            <VoteType name="Absentee by Mail" votes="27">
                <Precinct name="Faith Temple of Linc" votes="7" />
                <Precinct name="Tabernacle" votes="20" />
            </VoteType>
            <VoteType name="Advance in Person" votes="261">
                <Precinct name="Faith Temple of Linc" votes="99" />
                <Precinct name="Tabernacle" votes="162" />
            </VoteType>
            <VoteType name="Provisional" votes="0">
                <Precinct name="Faith Temple of Linc" votes="0" />
                <Precinct name="Tabernacle" votes="0" />
            </VoteType>
        </Choice>
        <Choice key="20" text="M. HARRIS (D)" totalVotes="400">
            <VoteType name="Election Day" votes="168">
                <Precinct name="Faith Temple of Linc" votes="49" />
                <Precinct name="Tabernacle" votes="119" />
            </VoteType>
            <VoteType name="Absentee by Mail" votes="52">
                <Precinct name="Faith Temple of Linc" votes="7" />
                <Precinct name="Tabernacle" votes="45" />
            </VoteType>
            <VoteType name="Advance in Person" votes="179">
                <Precinct name="Faith Temple of Linc" votes="52" />
                <Precinct name="Tabernacle" votes="127" />
            </VoteType>
            <VoteType name="Provisional" votes="1">
                <Precinct name="Faith Temple of Linc" votes="1" />
                <Precinct name="Tabernacle" votes="0" />
            </VoteType>
        </Choice>
    </Contest>
    <Contest key="460" text="County Comm 4" isQuestion="false" precinctsReporting="2" precinctsReported="2">
        <VoteType name="Number of Precincts for Race" votes="2">
            <Precinct name="Bethany Church" votes="1" />
            <Precinct name="Martins Crossroad" votes="1" />
        </VoteType>
        <VoteType name="Number of Precincts Reporting" votes="2">
            <Precinct name="Bethany Church" votes="1" />
            <Precinct name="Martins Crossroad" votes="1" />
        </VoteType>
        <Choice key="10" text="H. WADE (R)" totalVotes="946">
            <VoteType name="Election Day" votes="377">
                <Precinct name="Bethany Church" votes="128" />
                <Precinct name="Martins Crossroad" votes="249" />
            </VoteType>
            <VoteType name="Absentee by Mail" votes="51">
                <Precinct name="Bethany Church" votes="13" />
                <Precinct name="Martins Crossroad" votes="38" />
            </VoteType>
            <VoteType name="Advance in Person" votes="518">
                <Precinct name="Bethany Church" votes="158" />
                <Precinct name="Martins Crossroad" votes="360" />
            </VoteType>
            <VoteType name="Provisional" votes="0">
                <Precinct name="Bethany Church" votes="0" />
                <Precinct name="Martins Crossroad" votes="0" />
            </VoteType>
        </Choice>
        <Choice key="20" text="T. BENNETT (D)" totalVotes="242">
            <VoteType name="Election Day" votes="88">
                <Precinct name="Bethany Church" votes="33" />
                <Precinct name="Martins Crossroad" votes="55" />
            </VoteType>
            <VoteType name="Absentee by Mail" votes="19">
                <Precinct name="Bethany Church" votes="5" />
                <Precinct name="Martins Crossroad" votes="14" />
            </VoteType>
            <VoteType name="Advance in Person" votes="135">
                <Precinct name="Bethany Church" votes="42" />
                <Precinct name="Martins Crossroad" votes="93" />
            </VoteType>
            <VoteType name="Provisional" votes="0">
                <Precinct name="Bethany Church" votes="0" />
                <Precinct name="Martins Crossroad" votes="0" />
            </VoteType>
        </Choice>
    </Contest>
    <Contest key="470" text="Soil and Water Conservation" isQuestion="false" precinctsReporting="7" precinctsReported="7">
        <VoteType name="Number of Precincts for Race" votes="7">
            <Precinct name="Midway" votes="1" />
            <Precinct name="Lincoln Club House" votes="1" />
            <Precinct name="Lincoln Center" votes="1" />
            <Precinct name="Faith Temple of Linc" votes="1" />
            <Precinct name="Tabernacle" votes="1" />
            <Precinct name="Bethany Church" votes="1" />
            <Precinct name="Martins Crossroad" votes="1" />
        </VoteType>
        <VoteType name="Number of Precincts Reporting" votes="7">
            <Precinct name="Midway" votes="1" />
            <Precinct name="Lincoln Club House" votes="1" />
            <Precinct name="Lincoln Center" votes="1" />
            <Precinct name="Faith Temple of Linc" votes="1" />
            <Precinct name="Tabernacle" votes="1" />
            <Precinct name="Bethany Church" votes="1" />
            <Precinct name="Martins Crossroad" votes="1" />
        </VoteType>
        <Choice key="10" text="S. TANKERSLEY SR.(I)" totalVotes="3246">
            <VoteType name="Election Day" votes="1335">
                <Precinct name="Midway" votes="121" />
                <Precinct name="Lincoln Club House" votes="165" />
                <Precinct name="Lincoln Center" votes="259" />
                <Precinct name="Faith Temple of Linc" votes="136" />
                <Precinct name="Tabernacle" votes="239" />
                <Precinct name="Bethany Church" votes="138" />
                <Precinct name="Martins Crossroad" votes="277" />
            </VoteType>
            <VoteType name="Absentee by Mail" votes="236">
                <Precinct name="Midway" votes="37" />
                <Precinct name="Lincoln Club House" votes="48" />
                <Precinct name="Lincoln Center" votes="52" />
                <Precinct name="Faith Temple of Linc" votes="9" />
                <Precinct name="Tabernacle" votes="40" />
                <Precinct name="Bethany Church" votes="14" />
                <Precinct name="Martins Crossroad" votes="36" />
            </VoteType>
            <VoteType name="Advance in Person" votes="1674">
                <Precinct name="Midway" votes="118" />
                <Precinct name="Lincoln Club House" votes="177" />
                <Precinct name="Lincoln Center" votes="490" />
                <Precinct name="Faith Temple of Linc" votes="125" />
                <Precinct name="Tabernacle" votes="213" />
                <Precinct name="Bethany Church" votes="172" />
                <Precinct name="Martins Crossroad" votes="379" />
            </VoteType>
            <VoteType name="Provisional" votes="1">
                <Precinct name="Midway" votes="0" />
                <Precinct name="Lincoln Club House" votes="0" />
                <Precinct name="Lincoln Center" votes="0" />
                <Precinct name="Faith Temple of Linc" votes="1" />
                <Precinct name="Tabernacle" votes="0" />
                <Precinct name="Bethany Church" votes="0" />
                <Precinct name="Martins Crossroad" votes="0" />
            </VoteType>
        </Choice>
    </Contest>
    <Contest key="600" text="Constitutional Amendment #1&lt;br&gt;Provides greater flexibility and state accountability to fix failing schools through increasing community involvement." isQuestion="false" precinctsReporting="7" precinctsReported="7">
        <VoteType name="Number of Precincts for Race" votes="7">
            <Precinct name="Midway" votes="1" />
            <Precinct name="Lincoln Club House" votes="1" />
            <Precinct name="Lincoln Center" votes="1" />
            <Precinct name="Faith Temple of Linc" votes="1" />
            <Precinct name="Tabernacle" votes="1" />
            <Precinct name="Bethany Church" votes="1" />
            <Precinct name="Martins Crossroad" votes="1" />
        </VoteType>
        <VoteType name="Number of Precincts Reporting" votes="7">
            <Precinct name="Midway" votes="1" />
            <Precinct name="Lincoln Club House" votes="1" />
            <Precinct name="Lincoln Center" votes="1" />
            <Precinct name="Faith Temple of Linc" votes="1" />
            <Precinct name="Tabernacle" votes="1" />
            <Precinct name="Bethany Church" votes="1" />
            <Precinct name="Martins Crossroad" votes="1" />
        </VoteType>
        <Choice key="10" text="YES" totalVotes="1537">
            <VoteType name="Election Day" votes="625">
                <Precinct name="Midway" votes="67" />
                <Precinct name="Lincoln Club House" votes="91" />
                <Precinct name="Lincoln Center" votes="90" />
                <Precinct name="Faith Temple of Linc" votes="69" />
                <Precinct name="Tabernacle" votes="120" />
                <Precinct name="Bethany Church" votes="55" />
                <Precinct name="Martins Crossroad" votes="133" />
            </VoteType>
            <VoteType name="Absentee by Mail" votes="139">
                <Precinct name="Midway" votes="22" />
                <Precinct name="Lincoln Club House" votes="35" />
                <Precinct name="Lincoln Center" votes="25" />
                <Precinct name="Faith Temple of Linc" votes="6" />
                <Precinct name="Tabernacle" votes="18" />
                <Precinct name="Bethany Church" votes="8" />
                <Precinct name="Martins Crossroad" votes="25" />
            </VoteType>
            <VoteType name="Advance in Person" votes="772">
                <Precinct name="Midway" votes="43" />
                <Precinct name="Lincoln Club House" votes="85" />
                <Precinct name="Lincoln Center" votes="205" />
                <Precinct name="Faith Temple of Linc" votes="54" />
                <Precinct name="Tabernacle" votes="117" />
                <Precinct name="Bethany Church" votes="86" />
                <Precinct name="Martins Crossroad" votes="182" />
            </VoteType>
            <VoteType name="Provisional" votes="1">
                <Precinct name="Midway" votes="0" />
                <Precinct name="Lincoln Club House" votes="0" />
                <Precinct name="Lincoln Center" votes="0" />
                <Precinct name="Faith Temple of Linc" votes="1" />
                <Precinct name="Tabernacle" votes="0" />
                <Precinct name="Bethany Church" votes="0" />
                <Precinct name="Martins Crossroad" votes="0" />
            </VoteType>
        </Choice>
        <Choice key="20" text="NO" totalVotes="2424">
            <VoteType name="Election Day" votes="927">
                <Precinct name="Midway" votes="79" />
                <Precinct name="Lincoln Club House" votes="100" />
                <Precinct name="Lincoln Center" votes="212" />
                <Precinct name="Faith Temple of Linc" votes="89" />
                <Precinct name="Tabernacle" votes="167" />
                <Precinct name="Bethany Church" votes="103" />
                <Precinct name="Martins Crossroad" votes="177" />
            </VoteType>
            <VoteType name="Absentee by Mail" votes="230">
                <Precinct name="Midway" votes="34" />
                <Precinct name="Lincoln Club House" votes="63" />
                <Precinct name="Lincoln Center" votes="43" />
                <Precinct name="Faith Temple of Linc" votes="8" />
                <Precinct name="Tabernacle" votes="43" />
                <Precinct name="Bethany Church" votes="12" />
                <Precinct name="Martins Crossroad" votes="27" />
            </VoteType>
            <VoteType name="Advance in Person" votes="1267">
                <Precinct name="Midway" votes="89" />
                <Precinct name="Lincoln Club House" votes="144" />
                <Precinct name="Lincoln Center" votes="386" />
                <Precinct name="Faith Temple of Linc" votes="97" />
                <Precinct name="Tabernacle" votes="159" />
                <Precinct name="Bethany Church" votes="119" />
                <Precinct name="Martins Crossroad" votes="273" />
            </VoteType>
            <VoteType name="Provisional" votes="0">
                <Precinct name="Midway" votes="0" />
                <Precinct name="Lincoln Club House" votes="0" />
                <Precinct name="Lincoln Center" votes="0" />
                <Precinct name="Faith Temple of Linc" votes="0" />
                <Precinct name="Tabernacle" votes="0" />
                <Precinct name="Bethany Church" votes="0" />
                <Precinct name="Martins Crossroad" votes="0" />
            </VoteType>
        </Choice>
    </Contest>
    <Contest key="610" text="Constitutional Amendment #2&lt;br&gt;Authorizes penalties for sexual exploitation and assessments on adult entertainment to fund child victims' services." isQuestion="false" precinctsReporting="7" precinctsReported="7">
        <VoteType name="Number of Precincts for Race" votes="7">
            <Precinct name="Midway" votes="1" />
            <Precinct name="Lincoln Club House" votes="1" />
            <Precinct name="Lincoln Center" votes="1" />
            <Precinct name="Faith Temple of Linc" votes="1" />
            <Precinct name="Tabernacle" votes="1" />
            <Precinct name="Bethany Church" votes="1" />
            <Precinct name="Martins Crossroad" votes="1" />
        </VoteType>
        <VoteType name="Number of Precincts Reporting" votes="7">
            <Precinct name="Midway" votes="1" />
            <Precinct name="Lincoln Club House" votes="1" />
            <Precinct name="Lincoln Center" votes="1" />
            <Precinct name="Faith Temple of Linc" votes="1" />
            <Precinct name="Tabernacle" votes="1" />
            <Precinct name="Bethany Church" votes="1" />
            <Precinct name="Martins Crossroad" votes="1" />
        </VoteType>
        <Choice key="10" text="YES" totalVotes="3178">
            <VoteType name="Election Day" votes="1219">
                <Precinct name="Midway" votes="110" />
                <Precinct name="Lincoln Club House" votes="150" />
                <Precinct name="Lincoln Center" votes="240" />
                <Precinct name="Faith Temple of Linc" votes="118" />
                <Precinct name="Tabernacle" votes="225" />
                <Precinct name="Bethany Church" votes="127" />
                <Precinct name="Martins Crossroad" votes="249" />
            </VoteType>
            <VoteType name="Absentee by Mail" votes="305">
                <Precinct name="Midway" votes="42" />
                <Precinct name="Lincoln Club House" votes="81" />
                <Precinct name="Lincoln Center" votes="61" />
                <Precinct name="Faith Temple of Linc" votes="8" />
                <Precinct name="Tabernacle" votes="55" />
                <Precinct name="Bethany Church" votes="15" />
                <Precinct name="Martins Crossroad" votes="43" />
            </VoteType>
            <VoteType name="Advance in Person" votes="1653">
                <Precinct name="Midway" votes="109" />
                <Precinct name="Lincoln Club House" votes="183" />
                <Precinct name="Lincoln Center" votes="480" />
                <Precinct name="Faith Temple of Linc" votes="117" />
                <Precinct name="Tabernacle" votes="224" />
                <Precinct name="Bethany Church" votes="158" />
                <Precinct name="Martins Crossroad" votes="382" />
            </VoteType>
            <VoteType name="Provisional" votes="1">
                <Precinct name="Midway" votes="0" />
                <Precinct name="Lincoln Club House" votes="0" />
                <Precinct name="Lincoln Center" votes="0" />
                <Precinct name="Faith Temple of Linc" votes="1" />
                <Precinct name="Tabernacle" votes="0" />
                <Precinct name="Bethany Church" votes="0" />
                <Precinct name="Martins Crossroad" votes="0" />
            </VoteType>
        </Choice>
        <Choice key="20" text="NO" totalVotes="680">
            <VoteType name="Election Day" votes="293">
                <Precinct name="Midway" votes="32" />
                <Precinct name="Lincoln Club House" votes="32" />
                <Precinct name="Lincoln Center" votes="51" />
                <Precinct name="Faith Temple of Linc" votes="38" />
                <Precinct name="Tabernacle" votes="52" />
                <Precinct name="Bethany Church" votes="32" />
                <Precinct name="Martins Crossroad" votes="56" />
            </VoteType>
            <VoteType name="Absentee by Mail" votes="59">
                <Precinct name="Midway" votes="14" />
                <Precinct name="Lincoln Club House" votes="11" />
                <Precinct name="Lincoln Center" votes="7" />
                <Precinct name="Faith Temple of Linc" votes="6" />
                <Precinct name="Tabernacle" votes="8" />
                <Precinct name="Bethany Church" votes="5" />
                <Precinct name="Martins Crossroad" votes="8" />
            </VoteType>
            <VoteType name="Advance in Person" votes="328">
                <Precinct name="Midway" votes="23" />
                <Precinct name="Lincoln Club House" votes="38" />
                <Precinct name="Lincoln Center" votes="84" />
                <Precinct name="Faith Temple of Linc" votes="26" />
                <Precinct name="Tabernacle" votes="46" />
                <Precinct name="Bethany Church" votes="39" />
                <Precinct name="Martins Crossroad" votes="72" />
            </VoteType>
            <VoteType name="Provisional" votes="0">
                <Precinct name="Midway" votes="0" />
                <Precinct name="Lincoln Club House" votes="0" />
                <Precinct name="Lincoln Center" votes="0" />
                <Precinct name="Faith Temple of Linc" votes="0" />
                <Precinct name="Tabernacle" votes="0" />
                <Precinct name="Bethany Church" votes="0" />
                <Precinct name="Martins Crossroad" votes="0" />
            </VoteType>
        </Choice>
    </Contest>
    <Contest key="620" text="Constitutional Amendment #3&lt;br&gt;Reforms and re-establishes the Judicial Qualifications Commission and provides for its composition, governance, and powers." isQuestion="false" precinctsReporting="7" precinctsReported="7">
        <VoteType name="Number of Precincts for Race" votes="7">
            <Precinct name="Midway" votes="1" />
            <Precinct name="Lincoln Club House" votes="1" />
            <Precinct name="Lincoln Center" votes="1" />
            <Precinct name="Faith Temple of Linc" votes="1" />
            <Precinct name="Tabernacle" votes="1" />
            <Precinct name="Bethany Church" votes="1" />
            <Precinct name="Martins Crossroad" votes="1" />
        </VoteType>
        <VoteType name="Number of Precincts Reporting" votes="7">
            <Precinct name="Midway" votes="1" />
            <Precinct name="Lincoln Club House" votes="1" />
            <Precinct name="Lincoln Center" votes="1" />
            <Precinct name="Faith Temple of Linc" votes="1" />
            <Precinct name="Tabernacle" votes="1" />
            <Precinct name="Bethany Church" votes="1" />
            <Precinct name="Martins Crossroad" votes="1" />
        </VoteType>
        <Choice key="10" text="YES" totalVotes="2213">
            <VoteType name="Election Day" votes="894">
                <Precinct name="Midway" votes="89" />
                <Precinct name="Lincoln Club House" votes="116" />
                <Precinct name="Lincoln Center" votes="167" />
                <Precinct name="Faith Temple of Linc" votes="89" />
                <Precinct name="Tabernacle" votes="167" />
                <Precinct name="Bethany Church" votes="86" />
                <Precinct name="Martins Crossroad" votes="180" />
            </VoteType>
            <VoteType name="Absentee by Mail" votes="184">
                <Precinct name="Midway" votes="25" />
                <Precinct name="Lincoln Club House" votes="43" />
                <Precinct name="Lincoln Center" votes="35" />
                <Precinct name="Faith Temple of Linc" votes="4" />
                <Precinct name="Tabernacle" votes="28" />
                <Precinct name="Bethany Church" votes="14" />
                <Precinct name="Martins Crossroad" votes="35" />
            </VoteType>
            <VoteType name="Advance in Person" votes="1135">
                <Precinct name="Midway" votes="83" />
                <Precinct name="Lincoln Club House" votes="114" />
                <Precinct name="Lincoln Center" votes="323" />
                <Precinct name="Faith Temple of Linc" votes="89" />
                <Precinct name="Tabernacle" votes="159" />
                <Precinct name="Bethany Church" votes="108" />
                <Precinct name="Martins Crossroad" votes="259" />
            </VoteType>
            <VoteType name="Provisional" votes="0">
                <Precinct name="Midway" votes="0" />
                <Precinct name="Lincoln Club House" votes="0" />
                <Precinct name="Lincoln Center" votes="0" />
                <Precinct name="Faith Temple of Linc" votes="0" />
                <Precinct name="Tabernacle" votes="0" />
                <Precinct name="Bethany Church" votes="0" />
                <Precinct name="Martins Crossroad" votes="0" />
            </VoteType>
        </Choice>
        <Choice key="20" text="NO" totalVotes="1402">
            <VoteType name="Election Day" votes="537">
                <Precinct name="Midway" votes="46" />
                <Precinct name="Lincoln Club House" votes="61" />
                <Precinct name="Lincoln Center" votes="108" />
                <Precinct name="Faith Temple of Linc" votes="60" />
                <Precinct name="Tabernacle" votes="91" />
                <Precinct name="Bethany Church" votes="64" />
                <Precinct name="Martins Crossroad" votes="107" />
            </VoteType>
            <VoteType name="Absentee by Mail" votes="157">
                <Precinct name="Midway" votes="30" />
                <Precinct name="Lincoln Club House" votes="44" />
                <Precinct name="Lincoln Center" votes="29" />
                <Precinct name="Faith Temple of Linc" votes="8" />
                <Precinct name="Tabernacle" votes="30" />
                <Precinct name="Bethany Church" votes="4" />
                <Precinct name="Martins Crossroad" votes="12" />
            </VoteType>
            <VoteType name="Advance in Person" votes="707">
                <Precinct name="Midway" votes="43" />
                <Precinct name="Lincoln Club House" votes="89" />
                <Precinct name="Lincoln Center" votes="195" />
                <Precinct name="Faith Temple of Linc" votes="46" />
                <Precinct name="Tabernacle" votes="91" />
                <Precinct name="Bethany Church" votes="75" />
                <Precinct name="Martins Crossroad" votes="168" />
            </VoteType>
            <VoteType name="Provisional" votes="1">
                <Precinct name="Midway" votes="0" />
                <Precinct name="Lincoln Club House" votes="0" />
                <Precinct name="Lincoln Center" votes="0" />
                <Precinct name="Faith Temple of Linc" votes="1" />
                <Precinct name="Tabernacle" votes="0" />
                <Precinct name="Bethany Church" votes="0" />
                <Precinct name="Martins Crossroad" votes="0" />
            </VoteType>
        </Choice>
    </Contest>
    <Contest key="630" text="Constitutional Amendment #4&lt;br&gt;Dedicates revenue from existing taxes on fireworks to trauma care, fire services, and public safety." isQuestion="false" precinctsReporting="7" precinctsReported="7">
        <VoteType name="Number of Precincts for Race" votes="7">
            <Precinct name="Midway" votes="1" />
            <Precinct name="Lincoln Club House" votes="1" />
            <Precinct name="Lincoln Center" votes="1" />
            <Precinct name="Faith Temple of Linc" votes="1" />
            <Precinct name="Tabernacle" votes="1" />
            <Precinct name="Bethany Church" votes="1" />
            <Precinct name="Martins Crossroad" votes="1" />
        </VoteType>
        <VoteType name="Number of Precincts Reporting" votes="7">
            <Precinct name="Midway" votes="1" />
            <Precinct name="Lincoln Club House" votes="1" />
            <Precinct name="Lincoln Center" votes="1" />
            <Precinct name="Faith Temple of Linc" votes="1" />
            <Precinct name="Tabernacle" votes="1" />
            <Precinct name="Bethany Church" votes="1" />
            <Precinct name="Martins Crossroad" votes="1" />
        </VoteType>
        <Choice key="10" text="YES" totalVotes="2985">
            <VoteType name="Election Day" votes="1146">
                <Precinct name="Midway" votes="112" />
                <Precinct name="Lincoln Club House" votes="147" />
                <Precinct name="Lincoln Center" votes="237" />
                <Precinct name="Faith Temple of Linc" votes="116" />
                <Precinct name="Tabernacle" votes="192" />
                <Precinct name="Bethany Church" votes="122" />
                <Precinct name="Martins Crossroad" votes="220" />
            </VoteType>
            <VoteType name="Absentee by Mail" votes="303">
                <Precinct name="Midway" votes="44" />
                <Precinct name="Lincoln Club House" votes="88" />
                <Precinct name="Lincoln Center" votes="55" />
                <Precinct name="Faith Temple of Linc" votes="8" />
                <Precinct name="Tabernacle" votes="50" />
                <Precinct name="Bethany Church" votes="15" />
                <Precinct name="Martins Crossroad" votes="43" />
            </VoteType>
            <VoteType name="Advance in Person" votes="1535">
                <Precinct name="Midway" votes="99" />
                <Precinct name="Lincoln Club House" votes="158" />
                <Precinct name="Lincoln Center" votes="458" />
                <Precinct name="Faith Temple of Linc" votes="108" />
                <Precinct name="Tabernacle" votes="215" />
                <Precinct name="Bethany Church" votes="145" />
                <Precinct name="Martins Crossroad" votes="352" />
            </VoteType>
            <VoteType name="Provisional" votes="1">
                <Precinct name="Midway" votes="0" />
                <Precinct name="Lincoln Club House" votes="0" />
                <Precinct name="Lincoln Center" votes="0" />
                <Precinct name="Faith Temple of Linc" votes="1" />
                <Precinct name="Tabernacle" votes="0" />
                <Precinct name="Bethany Church" votes="0" />
                <Precinct name="Martins Crossroad" votes="0" />
            </VoteType>
        </Choice>
        <Choice key="20" text="NO" totalVotes="847">
            <VoteType name="Election Day" votes="350">
                <Precinct name="Midway" votes="31" />
                <Precinct name="Lincoln Club House" votes="36" />
                <Precinct name="Lincoln Center" votes="51" />
                <Precinct name="Faith Temple of Linc" votes="40" />
                <Precinct name="Tabernacle" votes="77" />
                <Precinct name="Bethany Church" votes="33" />
                <Precinct name="Martins Crossroad" votes="82" />
            </VoteType>
            <VoteType name="Absentee by Mail" votes="54">
                <Precinct name="Midway" votes="10" />
                <Precinct name="Lincoln Club House" votes="7" />
                <Precinct name="Lincoln Center" votes="11" />
                <Precinct name="Faith Temple of Linc" votes="6" />
                <Precinct name="Tabernacle" votes="7" />
                <Precinct name="Bethany Church" votes="5" />
                <Precinct name="Martins Crossroad" votes="8" />
            </VoteType>
            <VoteType name="Advance in Person" votes="443">
                <Precinct name="Midway" votes="37" />
                <Precinct name="Lincoln Club House" votes="66" />
                <Precinct name="Lincoln Center" votes="110" />
                <Precinct name="Faith Temple of Linc" votes="35" />
                <Precinct name="Tabernacle" votes="52" />
                <Precinct name="Bethany Church" votes="50" />
                <Precinct name="Martins Crossroad" votes="93" />
            </VoteType>
            <VoteType name="Provisional" votes="0">
                <Precinct name="Midway" votes="0" />
                <Precinct name="Lincoln Club House" votes="0" />
                <Precinct name="Lincoln Center" votes="0" />
                <Precinct name="Faith Temple of Linc" votes="0" />
                <Precinct name="Tabernacle" votes="0" />
                <Precinct name="Bethany Church" votes="0" />
                <Precinct name="Martins Crossroad" votes="0" />
            </VoteType>
        </Choice>
    </Contest>
</ElectionResult>