"line number","contest name","choice name","party name","total votes","percent of votes","registered voters","ballots cast","num Precinct total","num Precinct rptg","over votes","under votes"
1,"President of the United States","DONALD J. TRUMP","",2664,70.79,4671,3802,2,2,"0","0"
2,"President of the United States","HILLARY CLINTON","",1026,27.27,4671,3802,2,2,"0","0"
3,"President of the United States","GARY JOHNSON","",73,1.94,4671,3802,2,2,"0","0"
4,"United States Senator, Isakson","JOHNNY ISAKSON (I)","",2588,72.94,4671,3802,2,2,"0","0"
5,"United States Senator, Isakson","JIM BARKSDALE","",855,24.10,4671,3802,2,2,"0","0"
6,"United States Senator, Isakson","ALLEN BUCKLEY","",105,2.96,4671,3802,2,2,"0","0"
7,"Public Service Commission, District 2 - Eastern","TIM ECHOLS (I)","",2684,81.70,4671,3802,2,2,"0","0"
8,"Public Service Commission, District 2 - Eastern","ERIC HOSKINS","",601,18.30,4671,3802,2,2,"0","0"
9,"U.S. Representative, District 12","RICK ALLEN (I)","",2671,74.32,4671,3802,2,2,"0","0"
10,"U.S. Representative, District 12","PATRICIA C. MCCRACKEN","",923,25.68,4671,3802,2,2,"0","0"
11,"State Senator, District 4","JACK HILL (I)","",3170,100.00,4671,3802,2,2,"0","0"
12,"State Representative, District 158","BUTCH PARRISH (I)","",3144,100.00,4671,3802,2,2,"0","0"
13,"District Attorney, Middle Circuit","HAYWARD ALTMAN (I) (REP)","",3066,100.00,4671,3802,2,2,"0","0"
14,"Superior Court Clerk","J. GRIMES (R)","",3137,100.00,4671,3802,2,2,"0","0"
15,"Sheriff","B. HENDRIX (R)","",1829,48.60,4671,3802,2,2,"0","0"
16,"Sheriff","J. MILES (I)(D)","",1934,51.40,4671,3802,2,2,"0","0"
17,"Tax Commissioner","P. SIKES (I)(R)","",2711,72.99,4671,3802,2,2,"0","0"
18,"Tax Commissioner","K. ALDRICH (D)","",1003,27.01,4671,3802,2,2,"0","0"
19,"Surveyor","G. DONALDSON (I)(R)","",3044,100.00,4671,3802,2,2,"0","0"
20,"Coroner","A. K. TYLER (R)","",2102,58.07,4671,3802,2,2,"0","0"
21,"Coroner","D. WILLIAMS (D)","",1518,41.93,4671,3802,2,2,"0","0"
22,"Solicitor General","B. CARTER (R)","",3089,100.00,4671,3802,2,2,"0","0"
23,"County Comm Chair","G. THRIFT (I)(R)","",3075,100.00,4671,3802,2,2,"0","0"
24,"County Comm 1","W. CULBERTSON (R)","",431,50.53,1129,878,2,2,"0","0"
25,"County Comm 1","L.THOMAS (D)","",422,49.47,1129,878,2,2,"0","0"
26,"County Comm 2","B. JONES (I)(R)","",731,100.00,1079,875,1,1,"0","0"
27,"County Comm 3","D. ROBINSON (I)(R)","",686,100.00,1060,858,2,2,"0","0"
28,"County Comm 4","D. WELLS (I)(R)","",1000,100.00,1403,1191,1,1,"0","0"
29,"Constitutional Amendment #1<br>Provides greater flexibility and state accountability to fix failing schools through increasing community involvement.","YES","",1194,32.59,4671,3796,2,2,"0","0"
30,"Constitutional Amendment #1<br>Provides greater flexibility and state accountability to fix failing schools through increasing community involvement.","NO","",2470,67.41,4671,3796,2,2,"0","0"
31,"Constitutional Amendment #2<br>Authorizes penalties for sexual exploitation and assessments on adult entertainment to fund child victims' services.","YES","",2981,83.64,4671,3796,2,2,"0","0"
32,"Constitutional Amendment #2<br>Authorizes penalties for sexual exploitation and assessments on adult entertainment to fund child victims' services.","NO","",583,16.36,4671,3796,2,2,"0","0"
33,"Constitutional Amendment #3<br>Reforms and re-establishes the Judicial Qualifications Commission and provides for its composition, governance, and powers.","YES","",2075,62.56,4671,3796,2,2,"0","0"
34,"Constitutional Amendment #3<br>Reforms and re-establishes the Judicial Qualifications Commission and provides for its composition, governance, and powers.","NO","",1242,37.44,4671,3796,2,2,"0","0"
35,"Constitutional Amendment #4<br>Dedicates revenue from existing taxes on fireworks to trauma care, fire services, and public safety.","YES","",2786,78.83,4671,3796,2,2,"0","0"
36,"Constitutional Amendment #4<br>Dedicates revenue from existing taxes on fireworks to trauma care, fire services, and public safety.","NO","",748,21.17,4671,3796,2,2,"0","0"
37,"Special - Advisory Referendum","YES","",1497,42.07,4671,3796,2,2,"0","0"
38,"Special - Advisory Referendum","NO","",2061,57.93,4671,3796,2,2,"0","0"
39,"Special - Metter - Sunday Package Sales","YES","",687,53.17,1688,1343,2,2,"0","0"
40,"Special - Metter - Sunday Package Sales","NO","",605,46.83,1688,1343,2,2,"0","0"
41,"Special - Metter - Sunday Retail Consumption","YES","",702,53.63,1688,1343,2,2,"0","0"
42,"Special - Metter - Sunday Retail Consumption","NO","",607,46.37,1688,1343,2,2,"0","0"
