"line number","contest name","choice name","party name","total votes","percent of votes","registered voters","ballots cast","num Precinct total","num Precinct rptg","over votes","under votes"
1,"President of the United States","DONALD J. TRUMP","",13425,67.36,24058,20476,13,13,"0","0"
2,"President of the United States","HILLARY CLINTON","",5581,28.00,24058,20476,13,13,"0","0"
3,"President of the United States","GARY JOHNSON","",925,4.64,24058,20476,13,13,"0","0"
4,"United States Senator, Isakson","JOHNNY ISAKSON (I)","",14344,73.03,24058,20476,13,13,"0","0"
5,"United States Senator, Isakson","JIM BARKSDALE","",4423,22.52,24058,20476,13,13,"0","0"
6,"United States Senator, Isakson","ALLEN BUCKLEY","",874,4.45,24058,20476,13,13,"0","0"
7,"Public Service Commission, District 2 - Eastern","TIM ECHOLS (I)","",15175,81.94,24058,20458,13,13,"0","0"
8,"Public Service Commission, District 2 - Eastern","ERIC HOSKINS","",3344,18.06,24058,20458,13,13,"0","0"
9,"U.S. Representative, District 10","JODY HICE (I)","",16447,100.00,24058,20476,13,13,"0","0"
10,"State Senator, District 46","BILL COWSERT (I)","",16732,100.00,24058,20458,13,13,"0","0"
11,"State Representative, District 117","REGINA QUICK (I)","",5250,100.00,7639,6428,3,3,"0","0"
12,"State Representative, District 119","CHUCK WILLIAMS (I)","",11531,100.00,16419,14030,10,10,"0","0"
13,"District Attorney, Western Circuit","KEN MAULDIN (I)","",14651,100.00,24058,20458,13,13,"0","0"
14,"Superior Court Clerk","ELDER-JOHNSON (I)(R)","",17046,100.00,24058,20458,13,13,"0","0"
15,"Sheriff","S. R. BERRY (I)(R)","",17722,100.00,24058,20458,13,13,"0","0"
16,"Tax Commissioner","J. T. RIDDLE (I)(R)","",17368,100.00,24058,20458,13,13,"0","0"
17,"Coroner","E. G. CARSON (I)(R)","",16992,100.00,24058,20458,13,13,"0","0"
18,"County Comm Chair","J. E. DANIELL (R)","",16706,100.00,24058,20458,13,13,"0","0"
19,"County Comm 1","M. H. THOMAS (R)","",16793,100.00,24058,20458,13,13,"0","0"
20,"County Comm 4","M. T. SAXON (I)(R)","",16746,100.00,24058,20458,13,13,"0","0"
21,"BOE Chair","T. ODOM (I)(R)","",16847,100.00,24058,20458,13,13,"0","0"
22,"BOE 4 ","T. BURGESS (I)(R)","",16725,100.00,24058,20458,13,13,"0","0"
23,"BOE 5","W. BAGLEY (I)(R)","",16476,100.00,24058,20458,13,13,"0","0"
24,"Constitutional Amendment #1<br>Provides greater flexibility and state accountability to fix failing schools through increasing community involvement.","YES","",5935,29.67,24058,20458,13,13,"0","0"
25,"Constitutional Amendment #1<br>Provides greater flexibility and state accountability to fix failing schools through increasing community involvement.","NO","",14066,70.33,24058,20458,13,13,"0","0"
26,"Constitutional Amendment #2<br>Authorizes penalties for sexual exploitation and assessments on adult entertainment to fund child victims' services.","YES","",15918,80.84,24058,20458,13,13,"0","0"
27,"Constitutional Amendment #2<br>Authorizes penalties for sexual exploitation and assessments on adult entertainment to fund child victims' services.","NO","",3773,19.16,24058,20458,13,13,"0","0"
28,"Constitutional Amendment #3<br>Reforms and re-establishes the Judicial Qualifications Commission and provides for its composition, governance, and powers.","YES","",9828,54.32,24058,20458,13,13,"0","0"
29,"Constitutional Amendment #3<br>Reforms and re-establishes the Judicial Qualifications Commission and provides for its composition, governance, and powers.","NO","",8264,45.68,24058,20458,13,13,"0","0"
30,"Constitutional Amendment #4<br>Dedicates revenue from existing taxes on fireworks to trauma care, fire services, and public safety.","YES","",15641,80.20,24058,20458,13,13,"0","0"
31,"Constitutional Amendment #4<br>Dedicates revenue from existing taxes on fireworks to trauma care, fire services, and public safety.","NO","",3861,19.80,24058,20458,13,13,"0","0"
32,"Special - County Comm 2","B. BRIDGES (R)","",4261,24.14,24058,20458,13,13,"0","0"
33,"Special - County Comm 2","C. HORTON (R)","",8028,45.49,24058,20458,13,13,"0","0"
34,"Special - County Comm 2","M. WIEDOWER (R)","",5360,30.37,24058,20458,13,13,"0","0"
35,"ESPLOST","YES","",13590,70.24,24058,20458,13,13,"0","0"
36,"ESPLOST","NO","",5757,29.76,24058,20458,13,13,"0","0"
37,"Sunday Sales by the Drink","YES","",13634,68.24,24058,20458,13,13,"0","0"
38,"Sunday Sales by the Drink","NO","",6346,31.76,24058,20458,13,13,"0","0"
39,"Sunday Sales by Package","YES","",13681,68.17,24058,20458,13,13,"0","0"
40,"Sunday Sales by Package","NO","",6387,31.83,24058,20458,13,13,"0","0"
41,"Watkinsville - City Council 3","M. CAMPBELL","",1100,100.00,1802,1499,2,2,"0","0"
42,"Watkinsville - City Council 4","R. GARRISON","",187,17.59,1802,1499,2,2,"0","0"
43,"Watkinsville - City Council 4","J. RICHARDSON","",337,31.70,1802,1499,2,2,"0","0"
44,"Watkinsville - City Council 4","C. TUCKER","",539,50.71,1802,1499,2,2,"0","0"
45,"Watkinsville - City Council 5","D. MATTHEWS","",570,50.09,1802,1499,2,2,"0","0"
46,"Watkinsville - City Council 5","M. MELVIN","",568,49.91,1802,1499,2,2,"0","0"
