<?xml version="1.0"?>
<!--Election result snapshot imported from Tabulation System
-->
<ElectionResult>
    <Timestamp>11/14/2016 3:25:28 PM EST</Timestamp>
    <ElectionName>November 8, 2016 - General Election</ElectionName>
    <ElectionDate>11/8/2016</ElectionDate>
    <Region>Greene</Region>
    <VoterTurnout totalVoters="10895" ballotsCast="8987" voterTurnout="82.49">
        <Precincts>
            <Precinct name="Greensboro" totalVoters="2640" ballotsCast="2028" voterTurnout="76.82" percentReporting="4" />
            <Precinct name="Greshamville" totalVoters="651" ballotsCast="538" voterTurnout="82.64" percentReporting="4" />
            <Precinct name="Woodville" totalVoters="470" ballotsCast="377" voterTurnout="80.21" percentReporting="4" />
            <Precinct name="Union Point" totalVoters="1029" ballotsCast="769" voterTurnout="74.73" percentReporting="4" />
            <Precinct name="Siloam" totalVoters="860" ballotsCast="665" voterTurnout="77.33" percentReporting="4" />
            <Precinct name="White Plains" totalVoters="307" ballotsCast="251" voterTurnout="81.76" percentReporting="4" />
            <Precinct name="Walker" totalVoters="1490" ballotsCast="1297" voterTurnout="87.05" percentReporting="4" />
            <Precinct name="Old Salem" totalVoters="3448" ballotsCast="3062" voterTurnout="88.81" percentReporting="4" />
        </Precincts>
    </VoterTurnout>
    <Contest key="1" text="President of the United States" isQuestion="false" precinctsReporting="8" precinctsReported="8">
        <VoteType name="Number of Precincts for Race" votes="8">
            <Precinct name="Greensboro" votes="1" />
            <Precinct name="Greshamville" votes="1" />
            <Precinct name="Woodville" votes="1" />
            <Precinct name="Union Point" votes="1" />
            <Precinct name="Siloam" votes="1" />
            <Precinct name="White Plains" votes="1" />
            <Precinct name="Walker" votes="1" />
            <Precinct name="Old Salem" votes="1" />
        </VoteType>
        <VoteType name="Number of Precincts Reporting" votes="8">
            <Precinct name="Greensboro" votes="1" />
            <Precinct name="Greshamville" votes="1" />
            <Precinct name="Woodville" votes="1" />
            <Precinct name="Union Point" votes="1" />
            <Precinct name="Siloam" votes="1" />
            <Precinct name="White Plains" votes="1" />
            <Precinct name="Walker" votes="1" />
            <Precinct name="Old Salem" votes="1" />
        </VoteType>
        <Choice key="10" text="DONALD J. TRUMP" totalVotes="5490">
            <VoteType name="Election Day" votes="1435">
                <Precinct name="Greensboro" votes="142" />
                <Precinct name="Greshamville" votes="243" />
                <Precinct name="Woodville" votes="105" />
                <Precinct name="Union Point" votes="164" />
                <Precinct name="Siloam" votes="101" />
                <Precinct name="White Plains" votes="51" />
                <Precinct name="Walker" votes="210" />
                <Precinct name="Old Salem" votes="419" />
            </VoteType>
            <VoteType name="Absentee by Mail" votes="260">
                <Precinct name="Greensboro" votes="24" />
                <Precinct name="Greshamville" votes="7" />
                <Precinct name="Woodville" votes="12" />
                <Precinct name="Union Point" votes="13" />
                <Precinct name="Siloam" votes="10" />
                <Precinct name="White Plains" votes="3" />
                <Precinct name="Walker" votes="49" />
                <Precinct name="Old Salem" votes="142" />
            </VoteType>
            <VoteType name="Advance in Person" votes="3793">
                <Precinct name="Greensboro" votes="541" />
                <Precinct name="Greshamville" votes="170" />
                <Precinct name="Woodville" votes="72" />
                <Precinct name="Union Point" votes="182" />
                <Precinct name="Siloam" votes="185" />
                <Precinct name="White Plains" votes="71" />
                <Precinct name="Walker" votes="748" />
                <Precinct name="Old Salem" votes="1824" />
            </VoteType>
            <VoteType name="Provisional" votes="2">
                <Precinct name="Greensboro" votes="1" />
                <Precinct name="Greshamville" votes="0" />
                <Precinct name="Woodville" votes="0" />
                <Precinct name="Union Point" votes="0" />
                <Precinct name="Siloam" votes="0" />
                <Precinct name="White Plains" votes="0" />
                <Precinct name="Walker" votes="0" />
                <Precinct name="Old Salem" votes="1" />
            </VoteType>
        </Choice>
        <Choice key="20" text="HILLARY CLINTON" totalVotes="3199">
            <VoteType name="Election Day" votes="1171">
                <Precinct name="Greensboro" votes="411" />
                <Precinct name="Greshamville" votes="51" />
                <Precinct name="Woodville" votes="113" />
                <Precinct name="Union Point" votes="217" />
                <Precinct name="Siloam" votes="190" />
                <Precinct name="White Plains" votes="50" />
                <Precinct name="Walker" votes="51" />
                <Precinct name="Old Salem" votes="88" />
            </VoteType>
            <VoteType name="Absentee by Mail" votes="391">
                <Precinct name="Greensboro" votes="209" />
                <Precinct name="Greshamville" votes="9" />
                <Precinct name="Woodville" votes="16" />
                <Precinct name="Union Point" votes="28" />
                <Precinct name="Siloam" votes="32" />
                <Precinct name="White Plains" votes="20" />
                <Precinct name="Walker" votes="33" />
                <Precinct name="Old Salem" votes="44" />
            </VoteType>
            <VoteType name="Advance in Person" votes="1633">
                <Precinct name="Greensboro" votes="635" />
                <Precinct name="Greshamville" votes="50" />
                <Precinct name="Woodville" votes="55" />
                <Precinct name="Union Point" votes="141" />
                <Precinct name="Siloam" votes="138" />
                <Precinct name="White Plains" votes="52" />
                <Precinct name="Walker" votes="148" />
                <Precinct name="Old Salem" votes="414" />
            </VoteType>
            <VoteType name="Provisional" votes="4">
                <Precinct name="Greensboro" votes="2" />
                <Precinct name="Greshamville" votes="0" />
                <Precinct name="Woodville" votes="0" />
                <Precinct name="Union Point" votes="0" />
                <Precinct name="Siloam" votes="0" />
                <Precinct name="White Plains" votes="0" />
                <Precinct name="Walker" votes="1" />
                <Precinct name="Old Salem" votes="1" />
            </VoteType>
        </Choice>
        <Choice key="30" text="GARY JOHNSON" totalVotes="151">
            <VoteType name="Election Day" votes="52">
                <Precinct name="Greensboro" votes="12" />
                <Precinct name="Greshamville" votes="3" />
                <Precinct name="Woodville" votes="0" />
                <Precinct name="Union Point" votes="7" />
                <Precinct name="Siloam" votes="3" />
                <Precinct name="White Plains" votes="0" />
                <Precinct name="Walker" votes="7" />
                <Precinct name="Old Salem" votes="20" />
            </VoteType>
            <VoteType name="Absentee by Mail" votes="10">
                <Precinct name="Greensboro" votes="5" />
                <Precinct name="Greshamville" votes="0" />
                <Precinct name="Woodville" votes="0" />
                <Precinct name="Union Point" votes="1" />
                <Precinct name="Siloam" votes="0" />
                <Precinct name="White Plains" votes="0" />
                <Precinct name="Walker" votes="3" />
                <Precinct name="Old Salem" votes="1" />
            </VoteType>
            <VoteType name="Advance in Person" votes="88">
                <Precinct name="Greensboro" votes="19" />
                <Precinct name="Greshamville" votes="3" />
                <Precinct name="Woodville" votes="2" />
                <Precinct name="Union Point" votes="8" />
                <Precinct name="Siloam" votes="2" />
                <Precinct name="White Plains" votes="1" />
                <Precinct name="Walker" votes="15" />
                <Precinct name="Old Salem" votes="38" />
            </VoteType>
            <VoteType name="Provisional" votes="1">
                <Precinct name="Greensboro" votes="1" />
                <Precinct name="Greshamville" votes="0" />
                <Precinct name="Woodville" votes="0" />
                <Precinct name="Union Point" votes="0" />
                <Precinct name="Siloam" votes="0" />
                <Precinct name="White Plains" votes="0" />
                <Precinct name="Walker" votes="0" />
                <Precinct name="Old Salem" votes="0" />
            </VoteType>
        </Choice>
    </Contest>
    <Contest key="10" text="United States Senator, Isakson" isQuestion="false" precinctsReporting="8" precinctsReported="8">
        <VoteType name="Number of Precincts for Race" votes="8">
            <Precinct name="Greensboro" votes="1" />
            <Precinct name="Greshamville" votes="1" />
            <Precinct name="Woodville" votes="1" />
            <Precinct name="Union Point" votes="1" />
            <Precinct name="Siloam" votes="1" />
            <Precinct name="White Plains" votes="1" />
            <Precinct name="Walker" votes="1" />
            <Precinct name="Old Salem" votes="1" />
        </VoteType>
        <VoteType name="Number of Precincts Reporting" votes="8">
            <Precinct name="Greensboro" votes="1" />
            <Precinct name="Greshamville" votes="1" />
            <Precinct name="Woodville" votes="1" />
            <Precinct name="Union Point" votes="1" />
            <Precinct name="Siloam" votes="1" />
            <Precinct name="White Plains" votes="1" />
            <Precinct name="Walker" votes="1" />
            <Precinct name="Old Salem" votes="1" />
        </VoteType>
        <Choice key="10" text="JOHNNY ISAKSON (I)" totalVotes="5735">
            <VoteType name="Election Day" votes="1487">
                <Precinct name="Greensboro" votes="154" />
                <Precinct name="Greshamville" votes="226" />
                <Precinct name="Woodville" votes="112" />
                <Precinct name="Union Point" votes="166" />
                <Precinct name="Siloam" votes="107" />
                <Precinct name="White Plains" votes="54" />
                <Precinct name="Walker" votes="214" />
                <Precinct name="Old Salem" votes="454" />
            </VoteType>
            <VoteType name="Absentee by Mail" votes="296">
                <Precinct name="Greensboro" votes="42" />
                <Precinct name="Greshamville" votes="10" />
                <Precinct name="Woodville" votes="13" />
                <Precinct name="Union Point" votes="15" />
                <Precinct name="Siloam" votes="11" />
                <Precinct name="White Plains" votes="6" />
                <Precinct name="Walker" votes="53" />
                <Precinct name="Old Salem" votes="146" />
            </VoteType>
            <VoteType name="Advance in Person" votes="3950">
                <Precinct name="Greensboro" votes="584" />
                <Precinct name="Greshamville" votes="168" />
                <Precinct name="Woodville" votes="76" />
                <Precinct name="Union Point" votes="189" />
                <Precinct name="Siloam" votes="187" />
                <Precinct name="White Plains" votes="68" />
                <Precinct name="Walker" votes="758" />
                <Precinct name="Old Salem" votes="1920" />
            </VoteType>
            <VoteType name="Provisional" votes="2">
                <Precinct name="Greensboro" votes="1" />
                <Precinct name="Greshamville" votes="0" />
                <Precinct name="Woodville" votes="0" />
                <Precinct name="Union Point" votes="0" />
                <Precinct name="Siloam" votes="0" />
                <Precinct name="White Plains" votes="0" />
                <Precinct name="Walker" votes="0" />
                <Precinct name="Old Salem" votes="1" />
            </VoteType>
        </Choice>
        <Choice key="20" text="JIM BARKSDALE" totalVotes="2625">
            <VoteType name="Election Day" votes="1010">
                <Precinct name="Greensboro" votes="373" />
                <Precinct name="Greshamville" votes="49" />
                <Precinct name="Woodville" votes="92" />
                <Precinct name="Union Point" votes="186" />
                <Precinct name="Siloam" votes="163" />
                <Precinct name="White Plains" votes="43" />
                <Precinct name="Walker" votes="38" />
                <Precinct name="Old Salem" votes="66" />
            </VoteType>
            <VoteType name="Absentee by Mail" votes="350">
                <Precinct name="Greensboro" votes="191" />
                <Precinct name="Greshamville" votes="5" />
                <Precinct name="Woodville" votes="17" />
                <Precinct name="Union Point" votes="25" />
                <Precinct name="Siloam" votes="31" />
                <Precinct name="White Plains" votes="15" />
                <Precinct name="Walker" votes="28" />
                <Precinct name="Old Salem" votes="38" />
            </VoteType>
            <VoteType name="Advance in Person" votes="1262">
                <Precinct name="Greensboro" votes="502" />
                <Precinct name="Greshamville" votes="43" />
                <Precinct name="Woodville" votes="45" />
                <Precinct name="Union Point" votes="121" />
                <Precinct name="Siloam" votes="110" />
                <Precinct name="White Plains" votes="47" />
                <Precinct name="Walker" votes="127" />
                <Precinct name="Old Salem" votes="267" />
            </VoteType>
            <VoteType name="Provisional" votes="3">
                <Precinct name="Greensboro" votes="1" />
                <Precinct name="Greshamville" votes="0" />
                <Precinct name="Woodville" votes="0" />
                <Precinct name="Union Point" votes="0" />
                <Precinct name="Siloam" votes="0" />
                <Precinct name="White Plains" votes="0" />
                <Precinct name="Walker" votes="1" />
                <Precinct name="Old Salem" votes="1" />
            </VoteType>
        </Choice>
        <Choice key="30" text="ALLEN BUCKLEY" totalVotes="154">
            <VoteType name="Election Day" votes="51">
                <Precinct name="Greensboro" votes="13" />
                <Precinct name="Greshamville" votes="7" />
                <Precinct name="Woodville" votes="1" />
                <Precinct name="Union Point" votes="7" />
                <Precinct name="Siloam" votes="3" />
                <Precinct name="White Plains" votes="1" />
                <Precinct name="Walker" votes="8" />
                <Precinct name="Old Salem" votes="11" />
            </VoteType>
            <VoteType name="Absentee by Mail" votes="11">
                <Precinct name="Greensboro" votes="2" />
                <Precinct name="Greshamville" votes="1" />
                <Precinct name="Woodville" votes="0" />
                <Precinct name="Union Point" votes="1" />
                <Precinct name="Siloam" votes="0" />
                <Precinct name="White Plains" votes="1" />
                <Precinct name="Walker" votes="1" />
                <Precinct name="Old Salem" votes="5" />
            </VoteType>
            <VoteType name="Advance in Person" votes="90">
                <Precinct name="Greensboro" votes="21" />
                <Precinct name="Greshamville" votes="4" />
                <Precinct name="Woodville" votes="2" />
                <Precinct name="Union Point" votes="4" />
                <Precinct name="Siloam" votes="5" />
                <Precinct name="White Plains" votes="3" />
                <Precinct name="Walker" votes="14" />
                <Precinct name="Old Salem" votes="37" />
            </VoteType>
            <VoteType name="Provisional" votes="2">
                <Precinct name="Greensboro" votes="2" />
                <Precinct name="Greshamville" votes="0" />
                <Precinct name="Woodville" votes="0" />
                <Precinct name="Union Point" votes="0" />
                <Precinct name="Siloam" votes="0" />
                <Precinct name="White Plains" votes="0" />
                <Precinct name="Walker" votes="0" />
                <Precinct name="Old Salem" votes="0" />
            </VoteType>
        </Choice>
    </Contest>
    <Contest key="30" text="Public Service Commission, District 2 - Eastern" isQuestion="false" precinctsReporting="8" precinctsReported="8">
        <VoteType name="Number of Precincts for Race" votes="8">
            <Precinct name="Greensboro" votes="1" />
            <Precinct name="Greshamville" votes="1" />
            <Precinct name="Woodville" votes="1" />
            <Precinct name="Union Point" votes="1" />
            <Precinct name="Siloam" votes="1" />
            <Precinct name="White Plains" votes="1" />
            <Precinct name="Walker" votes="1" />
            <Precinct name="Old Salem" votes="1" />
        </VoteType>
        <VoteType name="Number of Precincts Reporting" votes="8">
            <Precinct name="Greensboro" votes="1" />
            <Precinct name="Greshamville" votes="1" />
            <Precinct name="Woodville" votes="1" />
            <Precinct name="Union Point" votes="1" />
            <Precinct name="Siloam" votes="1" />
            <Precinct name="White Plains" votes="1" />
            <Precinct name="Walker" votes="1" />
            <Precinct name="Old Salem" votes="1" />
        </VoteType>
        <Choice key="10" text="TIM ECHOLS (I)" totalVotes="6161">
            <VoteType name="Election Day" votes="1645">
                <Precinct name="Greensboro" votes="224" />
                <Precinct name="Greshamville" votes="232" />
                <Precinct name="Woodville" votes="124" />
                <Precinct name="Union Point" votes="207" />
                <Precinct name="Siloam" votes="131" />
                <Precinct name="White Plains" votes="53" />
                <Precinct name="Walker" votes="221" />
                <Precinct name="Old Salem" votes="453" />
            </VoteType>
            <VoteType name="Absentee by Mail" votes="340">
                <Precinct name="Greensboro" votes="62" />
                <Precinct name="Greshamville" votes="10" />
                <Precinct name="Woodville" votes="12" />
                <Precinct name="Union Point" votes="22" />
                <Precinct name="Siloam" votes="12" />
                <Precinct name="White Plains" votes="9" />
                <Precinct name="Walker" votes="50" />
                <Precinct name="Old Salem" votes="163" />
            </VoteType>
            <VoteType name="Advance in Person" votes="4173">
                <Precinct name="Greensboro" votes="663" />
                <Precinct name="Greshamville" votes="180" />
                <Precinct name="Woodville" votes="78" />
                <Precinct name="Union Point" votes="214" />
                <Precinct name="Siloam" votes="189" />
                <Precinct name="White Plains" votes="76" />
                <Precinct name="Walker" votes="770" />
                <Precinct name="Old Salem" votes="2003" />
            </VoteType>
            <VoteType name="Provisional" votes="3">
                <Precinct name="Greensboro" votes="2" />
                <Precinct name="Greshamville" votes="0" />
                <Precinct name="Woodville" votes="0" />
                <Precinct name="Union Point" votes="0" />
                <Precinct name="Siloam" votes="0" />
                <Precinct name="White Plains" votes="0" />
                <Precinct name="Walker" votes="0" />
                <Precinct name="Old Salem" votes="1" />
            </VoteType>
        </Choice>
        <Choice key="20" text="ERIC HOSKINS" totalVotes="1543">
            <VoteType name="Election Day" votes="617">
                <Precinct name="Greensboro" votes="200" />
                <Precinct name="Greshamville" votes="36" />
                <Precinct name="Woodville" votes="47" />
                <Precinct name="Union Point" votes="104" />
                <Precinct name="Siloam" votes="103" />
                <Precinct name="White Plains" votes="33" />
                <Precinct name="Walker" votes="37" />
                <Precinct name="Old Salem" votes="57" />
            </VoteType>
            <VoteType name="Absentee by Mail" votes="145">
                <Precinct name="Greensboro" votes="58" />
                <Precinct name="Greshamville" votes="3" />
                <Precinct name="Woodville" votes="12" />
                <Precinct name="Union Point" votes="12" />
                <Precinct name="Siloam" votes="15" />
                <Precinct name="White Plains" votes="10" />
                <Precinct name="Walker" votes="21" />
                <Precinct name="Old Salem" votes="14" />
            </VoteType>
            <VoteType name="Advance in Person" votes="778">
                <Precinct name="Greensboro" votes="297" />
                <Precinct name="Greshamville" votes="24" />
                <Precinct name="Woodville" votes="33" />
                <Precinct name="Union Point" votes="70" />
                <Precinct name="Siloam" votes="75" />
                <Precinct name="White Plains" votes="32" />
                <Precinct name="Walker" votes="92" />
                <Precinct name="Old Salem" votes="155" />
            </VoteType>
            <VoteType name="Provisional" votes="3">
                <Precinct name="Greensboro" votes="2" />
                <Precinct name="Greshamville" votes="0" />
                <Precinct name="Woodville" votes="0" />
                <Precinct name="Union Point" votes="0" />
                <Precinct name="Siloam" votes="0" />
                <Precinct name="White Plains" votes="0" />
                <Precinct name="Walker" votes="0" />
                <Precinct name="Old Salem" votes="1" />
            </VoteType>
        </Choice>
    </Contest>
    <Contest key="50" text="U.S. Representative, District 10" isQuestion="false" precinctsReporting="8" precinctsReported="8">
        <VoteType name="Number of Precincts for Race" votes="8">
            <Precinct name="Greensboro" votes="1" />
            <Precinct name="Greshamville" votes="1" />
            <Precinct name="Woodville" votes="1" />
            <Precinct name="Union Point" votes="1" />
            <Precinct name="Siloam" votes="1" />
            <Precinct name="White Plains" votes="1" />
            <Precinct name="Walker" votes="1" />
            <Precinct name="Old Salem" votes="1" />
        </VoteType>
        <VoteType name="Number of Precincts Reporting" votes="8">
            <Precinct name="Greensboro" votes="1" />
            <Precinct name="Greshamville" votes="1" />
            <Precinct name="Woodville" votes="1" />
            <Precinct name="Union Point" votes="1" />
            <Precinct name="Siloam" votes="1" />
            <Precinct name="White Plains" votes="1" />
            <Precinct name="Walker" votes="1" />
            <Precinct name="Old Salem" votes="1" />
        </VoteType>
        <Choice key="10" text="JODY HICE (I)" totalVotes="7073">
            <VoteType name="Election Day" votes="2028">
                <Precinct name="Greensboro" votes="343" />
                <Precinct name="Greshamville" votes="258" />
                <Precinct name="Woodville" votes="149" />
                <Precinct name="Union Point" votes="272" />
                <Precinct name="Siloam" votes="196" />
                <Precinct name="White Plains" votes="72" />
                <Precinct name="Walker" votes="243" />
                <Precinct name="Old Salem" votes="495" />
            </VoteType>
            <VoteType name="Absentee by Mail" votes="402">
                <Precinct name="Greensboro" votes="87" />
                <Precinct name="Greshamville" votes="11" />
                <Precinct name="Woodville" votes="19" />
                <Precinct name="Union Point" votes="27" />
                <Precinct name="Siloam" votes="18" />
                <Precinct name="White Plains" votes="15" />
                <Precinct name="Walker" votes="62" />
                <Precinct name="Old Salem" votes="163" />
            </VoteType>
            <VoteType name="Advance in Person" votes="4637">
                <Precinct name="Greensboro" votes="861" />
                <Precinct name="Greshamville" votes="193" />
                <Precinct name="Woodville" votes="100" />
                <Precinct name="Union Point" votes="269" />
                <Precinct name="Siloam" votes="243" />
                <Precinct name="White Plains" votes="93" />
                <Precinct name="Walker" votes="817" />
                <Precinct name="Old Salem" votes="2061" />
            </VoteType>
            <VoteType name="Provisional" votes="6">
                <Precinct name="Greensboro" votes="4" />
                <Precinct name="Greshamville" votes="0" />
                <Precinct name="Woodville" votes="0" />
                <Precinct name="Union Point" votes="0" />
                <Precinct name="Siloam" votes="0" />
                <Precinct name="White Plains" votes="0" />
                <Precinct name="Walker" votes="0" />
                <Precinct name="Old Salem" votes="2" />
            </VoteType>
        </Choice>
    </Contest>
    <Contest key="70" text="State Senator, District 25" isQuestion="false" precinctsReporting="8" precinctsReported="8">
        <VoteType name="Number of Precincts for Race" votes="8">
            <Precinct name="Greensboro" votes="1" />
            <Precinct name="Greshamville" votes="1" />
            <Precinct name="Woodville" votes="1" />
            <Precinct name="Union Point" votes="1" />
            <Precinct name="Siloam" votes="1" />
            <Precinct name="White Plains" votes="1" />
            <Precinct name="Walker" votes="1" />
            <Precinct name="Old Salem" votes="1" />
        </VoteType>
        <VoteType name="Number of Precincts Reporting" votes="8">
            <Precinct name="Greensboro" votes="1" />
            <Precinct name="Greshamville" votes="1" />
            <Precinct name="Woodville" votes="1" />
            <Precinct name="Union Point" votes="1" />
            <Precinct name="Siloam" votes="1" />
            <Precinct name="White Plains" votes="1" />
            <Precinct name="Walker" votes="1" />
            <Precinct name="Old Salem" votes="1" />
        </VoteType>
        <Choice key="10" text="BURT JONES (I)" totalVotes="7056">
            <VoteType name="Election Day" votes="2018">
                <Precinct name="Greensboro" votes="340" />
                <Precinct name="Greshamville" votes="249" />
                <Precinct name="Woodville" votes="152" />
                <Precinct name="Union Point" votes="271" />
                <Precinct name="Siloam" votes="199" />
                <Precinct name="White Plains" votes="71" />
                <Precinct name="Walker" votes="241" />
                <Precinct name="Old Salem" votes="495" />
            </VoteType>
            <VoteType name="Absentee by Mail" votes="402">
                <Precinct name="Greensboro" votes="87" />
                <Precinct name="Greshamville" votes="12" />
                <Precinct name="Woodville" votes="18" />
                <Precinct name="Union Point" votes="26" />
                <Precinct name="Siloam" votes="20" />
                <Precinct name="White Plains" votes="15" />
                <Precinct name="Walker" votes="62" />
                <Precinct name="Old Salem" votes="162" />
            </VoteType>
            <VoteType name="Advance in Person" votes="4629">
                <Precinct name="Greensboro" votes="850" />
                <Precinct name="Greshamville" votes="190" />
                <Precinct name="Woodville" votes="95" />
                <Precinct name="Union Point" votes="266" />
                <Precinct name="Siloam" votes="238" />
                <Precinct name="White Plains" votes="90" />
                <Precinct name="Walker" votes="825" />
                <Precinct name="Old Salem" votes="2075" />
            </VoteType>
            <VoteType name="Provisional" votes="7">
                <Precinct name="Greensboro" votes="4" />
                <Precinct name="Greshamville" votes="0" />
                <Precinct name="Woodville" votes="0" />
                <Precinct name="Union Point" votes="0" />
                <Precinct name="Siloam" votes="0" />
                <Precinct name="White Plains" votes="0" />
                <Precinct name="Walker" votes="1" />
                <Precinct name="Old Salem" votes="2" />
            </VoteType>
        </Choice>
    </Contest>
    <Contest key="90" text="State Representative, District 120" isQuestion="false" precinctsReporting="8" precinctsReported="8">
        <VoteType name="Number of Precincts for Race" votes="8">
            <Precinct name="Greensboro" votes="1" />
            <Precinct name="Greshamville" votes="1" />
            <Precinct name="Woodville" votes="1" />
            <Precinct name="Union Point" votes="1" />
            <Precinct name="Siloam" votes="1" />
            <Precinct name="White Plains" votes="1" />
            <Precinct name="Walker" votes="1" />
            <Precinct name="Old Salem" votes="1" />
        </VoteType>
        <VoteType name="Number of Precincts Reporting" votes="8">
            <Precinct name="Greensboro" votes="1" />
            <Precinct name="Greshamville" votes="1" />
            <Precinct name="Woodville" votes="1" />
            <Precinct name="Union Point" votes="1" />
            <Precinct name="Siloam" votes="1" />
            <Precinct name="White Plains" votes="1" />
            <Precinct name="Walker" votes="1" />
            <Precinct name="Old Salem" votes="1" />
        </VoteType>
        <Choice key="10" text="TREY RHODES (I) (REP)" totalVotes="7374">
            <VoteType name="Election Day" votes="2132">
                <Precinct name="Greensboro" votes="388" />
                <Precinct name="Greshamville" votes="256" />
                <Precinct name="Woodville" votes="162" />
                <Precinct name="Union Point" votes="295" />
                <Precinct name="Siloam" votes="212" />
                <Precinct name="White Plains" votes="75" />
                <Precinct name="Walker" votes="246" />
                <Precinct name="Old Salem" votes="498" />
            </VoteType>
            <VoteType name="Absentee by Mail" votes="448">
                <Precinct name="Greensboro" votes="111" />
                <Precinct name="Greshamville" votes="12" />
                <Precinct name="Woodville" votes="18" />
                <Precinct name="Union Point" votes="31" />
                <Precinct name="Siloam" votes="28" />
                <Precinct name="White Plains" votes="16" />
                <Precinct name="Walker" votes="65" />
                <Precinct name="Old Salem" votes="167" />
            </VoteType>
            <VoteType name="Advance in Person" votes="4787">
                <Precinct name="Greensboro" votes="928" />
                <Precinct name="Greshamville" votes="195" />
                <Precinct name="Woodville" votes="97" />
                <Precinct name="Union Point" votes="278" />
                <Precinct name="Siloam" votes="257" />
                <Precinct name="White Plains" votes="99" />
                <Precinct name="Walker" votes="833" />
                <Precinct name="Old Salem" votes="2100" />
            </VoteType>
            <VoteType name="Provisional" votes="7">
                <Precinct name="Greensboro" votes="4" />
                <Precinct name="Greshamville" votes="0" />
                <Precinct name="Woodville" votes="0" />
                <Precinct name="Union Point" votes="0" />
                <Precinct name="Siloam" votes="0" />
                <Precinct name="White Plains" votes="0" />
                <Precinct name="Walker" votes="1" />
                <Precinct name="Old Salem" votes="2" />
            </VoteType>
        </Choice>
    </Contest>
    <Contest key="110" text="District Attorney, Ocmulgee Circuit" isQuestion="false" precinctsReporting="8" precinctsReported="8">
        <VoteType name="Number of Precincts for Race" votes="8">
            <Precinct name="Greensboro" votes="1" />
            <Precinct name="Greshamville" votes="1" />
            <Precinct name="Woodville" votes="1" />
            <Precinct name="Union Point" votes="1" />
            <Precinct name="Siloam" votes="1" />
            <Precinct name="White Plains" votes="1" />
            <Precinct name="Walker" votes="1" />
            <Precinct name="Old Salem" votes="1" />
        </VoteType>
        <VoteType name="Number of Precincts Reporting" votes="8">
            <Precinct name="Greensboro" votes="1" />
            <Precinct name="Greshamville" votes="1" />
            <Precinct name="Woodville" votes="1" />
            <Precinct name="Union Point" votes="1" />
            <Precinct name="Siloam" votes="1" />
            <Precinct name="White Plains" votes="1" />
            <Precinct name="Walker" votes="1" />
            <Precinct name="Old Salem" votes="1" />
        </VoteType>
        <Choice key="10" text="STEPHEN BRADLEY (I)" totalVotes="6985">
            <VoteType name="Election Day" votes="1988">
                <Precinct name="Greensboro" votes="333" />
                <Precinct name="Greshamville" votes="247" />
                <Precinct name="Woodville" votes="152" />
                <Precinct name="Union Point" votes="266" />
                <Precinct name="Siloam" votes="195" />
                <Precinct name="White Plains" votes="69" />
                <Precinct name="Walker" votes="238" />
                <Precinct name="Old Salem" votes="488" />
            </VoteType>
            <VoteType name="Absentee by Mail" votes="410">
                <Precinct name="Greensboro" votes="93" />
                <Precinct name="Greshamville" votes="11" />
                <Precinct name="Woodville" votes="18" />
                <Precinct name="Union Point" votes="27" />
                <Precinct name="Siloam" votes="20" />
                <Precinct name="White Plains" votes="14" />
                <Precinct name="Walker" votes="64" />
                <Precinct name="Old Salem" votes="163" />
            </VoteType>
            <VoteType name="Advance in Person" votes="4581">
                <Precinct name="Greensboro" votes="826" />
                <Precinct name="Greshamville" votes="189" />
                <Precinct name="Woodville" votes="97" />
                <Precinct name="Union Point" votes="261" />
                <Precinct name="Siloam" votes="235" />
                <Precinct name="White Plains" votes="91" />
                <Precinct name="Walker" votes="818" />
                <Precinct name="Old Salem" votes="2064" />
            </VoteType>
            <VoteType name="Provisional" votes="6">
                <Precinct name="Greensboro" votes="4" />
                <Precinct name="Greshamville" votes="0" />
                <Precinct name="Woodville" votes="0" />
                <Precinct name="Union Point" votes="0" />
                <Precinct name="Siloam" votes="0" />
                <Precinct name="White Plains" votes="0" />
                <Precinct name="Walker" votes="0" />
                <Precinct name="Old Salem" votes="2" />
            </VoteType>
        </Choice>
    </Contest>
    <Contest key="310" text="Superior Court Clerk" isQuestion="false" precinctsReporting="8" precinctsReported="8">
        <VoteType name="Number of Precincts for Race" votes="8">
            <Precinct name="Greensboro" votes="1" />
            <Precinct name="Greshamville" votes="1" />
            <Precinct name="Woodville" votes="1" />
            <Precinct name="Union Point" votes="1" />
            <Precinct name="Siloam" votes="1" />
            <Precinct name="White Plains" votes="1" />
            <Precinct name="Walker" votes="1" />
            <Precinct name="Old Salem" votes="1" />
        </VoteType>
        <VoteType name="Number of Precincts Reporting" votes="8">
            <Precinct name="Greensboro" votes="1" />
            <Precinct name="Greshamville" votes="1" />
            <Precinct name="Woodville" votes="1" />
            <Precinct name="Union Point" votes="1" />
            <Precinct name="Siloam" votes="1" />
            <Precinct name="White Plains" votes="1" />
            <Precinct name="Walker" votes="1" />
            <Precinct name="Old Salem" votes="1" />
        </VoteType>
        <Choice key="10" text="D. JACKSON (I)(D)" totalVotes="6752">
            <VoteType name="Election Day" votes="2144">
                <Precinct name="Greensboro" votes="512" />
                <Precinct name="Greshamville" votes="212" />
                <Precinct name="Woodville" votes="186" />
                <Precinct name="Union Point" votes="347" />
                <Precinct name="Siloam" votes="264" />
                <Precinct name="White Plains" votes="95" />
                <Precinct name="Walker" votes="185" />
                <Precinct name="Old Salem" votes="343" />
            </VoteType>
            <VoteType name="Absentee by Mail" votes="507">
                <Precinct name="Greensboro" votes="182" />
                <Precinct name="Greshamville" votes="12" />
                <Precinct name="Woodville" votes="23" />
                <Precinct name="Union Point" votes="40" />
                <Precinct name="Siloam" votes="36" />
                <Precinct name="White Plains" votes="24" />
                <Precinct name="Walker" votes="65" />
                <Precinct name="Old Salem" votes="125" />
            </VoteType>
            <VoteType name="Advance in Person" votes="4096">
                <Precinct name="Greensboro" votes="1013" />
                <Precinct name="Greshamville" votes="151" />
                <Precinct name="Woodville" votes="114" />
                <Precinct name="Union Point" votes="290" />
                <Precinct name="Siloam" votes="274" />
                <Precinct name="White Plains" votes="107" />
                <Precinct name="Walker" votes="625" />
                <Precinct name="Old Salem" votes="1522" />
            </VoteType>
            <VoteType name="Provisional" votes="5">
                <Precinct name="Greensboro" votes="4" />
                <Precinct name="Greshamville" votes="0" />
                <Precinct name="Woodville" votes="0" />
                <Precinct name="Union Point" votes="0" />
                <Precinct name="Siloam" votes="0" />
                <Precinct name="White Plains" votes="0" />
                <Precinct name="Walker" votes="0" />
                <Precinct name="Old Salem" votes="1" />
            </VoteType>
        </Choice>
    </Contest>
    <Contest key="320" text="Sheriff" isQuestion="false" precinctsReporting="8" precinctsReported="8">
        <VoteType name="Number of Precincts for Race" votes="8">
            <Precinct name="Greensboro" votes="1" />
            <Precinct name="Greshamville" votes="1" />
            <Precinct name="Woodville" votes="1" />
            <Precinct name="Union Point" votes="1" />
            <Precinct name="Siloam" votes="1" />
            <Precinct name="White Plains" votes="1" />
            <Precinct name="Walker" votes="1" />
            <Precinct name="Old Salem" votes="1" />
        </VoteType>
        <VoteType name="Number of Precincts Reporting" votes="8">
            <Precinct name="Greensboro" votes="1" />
            <Precinct name="Greshamville" votes="1" />
            <Precinct name="Woodville" votes="1" />
            <Precinct name="Union Point" votes="1" />
            <Precinct name="Siloam" votes="1" />
            <Precinct name="White Plains" votes="1" />
            <Precinct name="Walker" votes="1" />
            <Precinct name="Old Salem" votes="1" />
        </VoteType>
        <Choice key="10" text="D. HARRISON (I)(R)" totalVotes="6421">
            <VoteType name="Election Day" votes="1685">
                <Precinct name="Greensboro" votes="203" />
                <Precinct name="Greshamville" votes="249" />
                <Precinct name="Woodville" votes="120" />
                <Precinct name="Union Point" votes="211" />
                <Precinct name="Siloam" votes="135" />
                <Precinct name="White Plains" votes="56" />
                <Precinct name="Walker" votes="237" />
                <Precinct name="Old Salem" votes="474" />
            </VoteType>
            <VoteType name="Absentee by Mail" votes="349">
                <Precinct name="Greensboro" votes="57" />
                <Precinct name="Greshamville" votes="10" />
                <Precinct name="Woodville" votes="15" />
                <Precinct name="Union Point" votes="22" />
                <Precinct name="Siloam" votes="21" />
                <Precinct name="White Plains" votes="11" />
                <Precinct name="Walker" votes="59" />
                <Precinct name="Old Salem" votes="154" />
            </VoteType>
            <VoteType name="Advance in Person" votes="4383">
                <Precinct name="Greensboro" votes="685" />
                <Precinct name="Greshamville" votes="193" />
                <Precinct name="Woodville" votes="82" />
                <Precinct name="Union Point" votes="233" />
                <Precinct name="Siloam" votes="225" />
                <Precinct name="White Plains" votes="81" />
                <Precinct name="Walker" votes="827" />
                <Precinct name="Old Salem" votes="2057" />
            </VoteType>
            <VoteType name="Provisional" votes="4">
                <Precinct name="Greensboro" votes="2" />
                <Precinct name="Greshamville" votes="0" />
                <Precinct name="Woodville" votes="0" />
                <Precinct name="Union Point" votes="0" />
                <Precinct name="Siloam" votes="0" />
                <Precinct name="White Plains" votes="0" />
                <Precinct name="Walker" votes="1" />
                <Precinct name="Old Salem" votes="1" />
            </VoteType>
        </Choice>
        <Choice key="20" text="R. BROWN (D)" totalVotes="2363">
            <VoteType name="Election Day" votes="959">
                <Precinct name="Greensboro" votes="360" />
                <Precinct name="Greshamville" votes="44" />
                <Precinct name="Woodville" votes="91" />
                <Precinct name="Union Point" votes="173" />
                <Precinct name="Siloam" votes="156" />
                <Precinct name="White Plains" votes="43" />
                <Precinct name="Walker" votes="32" />
                <Precinct name="Old Salem" votes="60" />
            </VoteType>
            <VoteType name="Absentee by Mail" votes="307">
                <Precinct name="Greensboro" votes="173" />
                <Precinct name="Greshamville" votes="6" />
                <Precinct name="Woodville" votes="14" />
                <Precinct name="Union Point" votes="20" />
                <Precinct name="Siloam" votes="21" />
                <Precinct name="White Plains" votes="13" />
                <Precinct name="Walker" votes="26" />
                <Precinct name="Old Salem" votes="34" />
            </VoteType>
            <VoteType name="Advance in Person" votes="1094">
                <Precinct name="Greensboro" votes="495" />
                <Precinct name="Greshamville" votes="26" />
                <Precinct name="Woodville" votes="46" />
                <Precinct name="Union Point" votes="102" />
                <Precinct name="Siloam" votes="99" />
                <Precinct name="White Plains" votes="41" />
                <Precinct name="Walker" votes="91" />
                <Precinct name="Old Salem" votes="194" />
            </VoteType>
            <VoteType name="Provisional" votes="3">
                <Precinct name="Greensboro" votes="2" />
                <Precinct name="Greshamville" votes="0" />
                <Precinct name="Woodville" votes="0" />
                <Precinct name="Union Point" votes="0" />
                <Precinct name="Siloam" votes="0" />
                <Precinct name="White Plains" votes="0" />
                <Precinct name="Walker" votes="0" />
                <Precinct name="Old Salem" votes="1" />
            </VoteType>
        </Choice>
    </Contest>
    <Contest key="340" text="Tax Commissioner" isQuestion="false" precinctsReporting="8" precinctsReported="8">
        <VoteType name="Number of Precincts for Race" votes="8">
            <Precinct name="Greensboro" votes="1" />
            <Precinct name="Greshamville" votes="1" />
            <Precinct name="Woodville" votes="1" />
            <Precinct name="Union Point" votes="1" />
            <Precinct name="Siloam" votes="1" />
            <Precinct name="White Plains" votes="1" />
            <Precinct name="Walker" votes="1" />
            <Precinct name="Old Salem" votes="1" />
        </VoteType>
        <VoteType name="Number of Precincts Reporting" votes="8">
            <Precinct name="Greensboro" votes="1" />
            <Precinct name="Greshamville" votes="1" />
            <Precinct name="Woodville" votes="1" />
            <Precinct name="Union Point" votes="1" />
            <Precinct name="Siloam" votes="1" />
            <Precinct name="White Plains" votes="1" />
            <Precinct name="Walker" votes="1" />
            <Precinct name="Old Salem" votes="1" />
        </VoteType>
        <Choice key="10" text="C. T. LAWSON (I)(R)" totalVotes="7474">
            <VoteType name="Election Day" votes="2158">
                <Precinct name="Greensboro" votes="393" />
                <Precinct name="Greshamville" votes="259" />
                <Precinct name="Woodville" votes="165" />
                <Precinct name="Union Point" votes="293" />
                <Precinct name="Siloam" votes="223" />
                <Precinct name="White Plains" votes="76" />
                <Precinct name="Walker" votes="246" />
                <Precinct name="Old Salem" votes="503" />
            </VoteType>
            <VoteType name="Absentee by Mail" votes="445">
                <Precinct name="Greensboro" votes="102" />
                <Precinct name="Greshamville" votes="12" />
                <Precinct name="Woodville" votes="20" />
                <Precinct name="Union Point" votes="29" />
                <Precinct name="Siloam" votes="29" />
                <Precinct name="White Plains" votes="20" />
                <Precinct name="Walker" votes="66" />
                <Precinct name="Old Salem" votes="167" />
            </VoteType>
            <VoteType name="Advance in Person" votes="4865">
                <Precinct name="Greensboro" votes="929" />
                <Precinct name="Greshamville" votes="196" />
                <Precinct name="Woodville" votes="106" />
                <Precinct name="Union Point" votes="281" />
                <Precinct name="Siloam" votes="271" />
                <Precinct name="White Plains" votes="107" />
                <Precinct name="Walker" votes="860" />
                <Precinct name="Old Salem" votes="2115" />
            </VoteType>
            <VoteType name="Provisional" votes="6">
                <Precinct name="Greensboro" votes="4" />
                <Precinct name="Greshamville" votes="0" />
                <Precinct name="Woodville" votes="0" />
                <Precinct name="Union Point" votes="0" />
                <Precinct name="Siloam" votes="0" />
                <Precinct name="White Plains" votes="0" />
                <Precinct name="Walker" votes="0" />
                <Precinct name="Old Salem" votes="2" />
            </VoteType>
        </Choice>
    </Contest>
    <Contest key="360" text="Coroner" isQuestion="false" precinctsReporting="8" precinctsReported="8">
        <VoteType name="Number of Precincts for Race" votes="8">
            <Precinct name="Greensboro" votes="1" />
            <Precinct name="Greshamville" votes="1" />
            <Precinct name="Woodville" votes="1" />
            <Precinct name="Union Point" votes="1" />
            <Precinct name="Siloam" votes="1" />
            <Precinct name="White Plains" votes="1" />
            <Precinct name="Walker" votes="1" />
            <Precinct name="Old Salem" votes="1" />
        </VoteType>
        <VoteType name="Number of Precincts Reporting" votes="8">
            <Precinct name="Greensboro" votes="1" />
            <Precinct name="Greshamville" votes="1" />
            <Precinct name="Woodville" votes="1" />
            <Precinct name="Union Point" votes="1" />
            <Precinct name="Siloam" votes="1" />
            <Precinct name="White Plains" votes="1" />
            <Precinct name="Walker" votes="1" />
            <Precinct name="Old Salem" votes="1" />
        </VoteType>
        <Choice key="10" text="B. J. SMITH (I)(R)" totalVotes="7351">
            <VoteType name="Election Day" votes="2125">
                <Precinct name="Greensboro" votes="384" />
                <Precinct name="Greshamville" votes="257" />
                <Precinct name="Woodville" votes="164" />
                <Precinct name="Union Point" votes="300" />
                <Precinct name="Siloam" votes="214" />
                <Precinct name="White Plains" votes="75" />
                <Precinct name="Walker" votes="247" />
                <Precinct name="Old Salem" votes="484" />
            </VoteType>
            <VoteType name="Absentee by Mail" votes="434">
                <Precinct name="Greensboro" votes="98" />
                <Precinct name="Greshamville" votes="11" />
                <Precinct name="Woodville" votes="19" />
                <Precinct name="Union Point" votes="28" />
                <Precinct name="Siloam" votes="29" />
                <Precinct name="White Plains" votes="17" />
                <Precinct name="Walker" votes="65" />
                <Precinct name="Old Salem" votes="167" />
            </VoteType>
            <VoteType name="Advance in Person" votes="4786">
                <Precinct name="Greensboro" votes="926" />
                <Precinct name="Greshamville" votes="194" />
                <Precinct name="Woodville" votes="100" />
                <Precinct name="Union Point" votes="285" />
                <Precinct name="Siloam" votes="263" />
                <Precinct name="White Plains" votes="102" />
                <Precinct name="Walker" votes="846" />
                <Precinct name="Old Salem" votes="2070" />
            </VoteType>
            <VoteType name="Provisional" votes="6">
                <Precinct name="Greensboro" votes="4" />
                <Precinct name="Greshamville" votes="0" />
                <Precinct name="Woodville" votes="0" />
                <Precinct name="Union Point" votes="0" />
                <Precinct name="Siloam" votes="0" />
                <Precinct name="White Plains" votes="0" />
                <Precinct name="Walker" votes="0" />
                <Precinct name="Old Salem" votes="2" />
            </VoteType>
        </Choice>
    </Contest>
    <Contest key="380" text="County Comm Chair" isQuestion="false" precinctsReporting="8" precinctsReported="8">
        <VoteType name="Number of Precincts for Race" votes="8">
            <Precinct name="Greensboro" votes="1" />
            <Precinct name="Greshamville" votes="1" />
            <Precinct name="Woodville" votes="1" />
            <Precinct name="Union Point" votes="1" />
            <Precinct name="Siloam" votes="1" />
            <Precinct name="White Plains" votes="1" />
            <Precinct name="Walker" votes="1" />
            <Precinct name="Old Salem" votes="1" />
        </VoteType>
        <VoteType name="Number of Precincts Reporting" votes="8">
            <Precinct name="Greensboro" votes="1" />
            <Precinct name="Greshamville" votes="1" />
            <Precinct name="Woodville" votes="1" />
            <Precinct name="Union Point" votes="1" />
            <Precinct name="Siloam" votes="1" />
            <Precinct name="White Plains" votes="1" />
            <Precinct name="Walker" votes="1" />
            <Precinct name="Old Salem" votes="1" />
        </VoteType>
        <Choice key="10" text="G. USRY (R)" totalVotes="6319">
            <VoteType name="Election Day" votes="1650">
                <Precinct name="Greensboro" votes="196" />
                <Precinct name="Greshamville" votes="245" />
                <Precinct name="Woodville" votes="113" />
                <Precinct name="Union Point" votes="191" />
                <Precinct name="Siloam" votes="113" />
                <Precinct name="White Plains" votes="58" />
                <Precinct name="Walker" votes="245" />
                <Precinct name="Old Salem" votes="489" />
            </VoteType>
            <VoteType name="Absentee by Mail" votes="324">
                <Precinct name="Greensboro" votes="45" />
                <Precinct name="Greshamville" votes="8" />
                <Precinct name="Woodville" votes="14" />
                <Precinct name="Union Point" votes="18" />
                <Precinct name="Siloam" votes="16" />
                <Precinct name="White Plains" votes="4" />
                <Precinct name="Walker" votes="55" />
                <Precinct name="Old Salem" votes="164" />
            </VoteType>
            <VoteType name="Advance in Person" votes="4341">
                <Precinct name="Greensboro" votes="657" />
                <Precinct name="Greshamville" votes="179" />
                <Precinct name="Woodville" votes="82" />
                <Precinct name="Union Point" votes="220" />
                <Precinct name="Siloam" votes="198" />
                <Precinct name="White Plains" votes="78" />
                <Precinct name="Walker" votes="831" />
                <Precinct name="Old Salem" votes="2096" />
            </VoteType>
            <VoteType name="Provisional" votes="4">
                <Precinct name="Greensboro" votes="2" />
                <Precinct name="Greshamville" votes="0" />
                <Precinct name="Woodville" votes="0" />
                <Precinct name="Union Point" votes="0" />
                <Precinct name="Siloam" votes="0" />
                <Precinct name="White Plains" votes="0" />
                <Precinct name="Walker" votes="1" />
                <Precinct name="Old Salem" votes="1" />
            </VoteType>
        </Choice>
        <Choice key="20" text="R. CHAMPION (D)" totalVotes="2416">
            <VoteType name="Election Day" votes="980">
                <Precinct name="Greensboro" votes="363" />
                <Precinct name="Greshamville" votes="46" />
                <Precinct name="Woodville" votes="97" />
                <Precinct name="Union Point" votes="184" />
                <Precinct name="Siloam" votes="173" />
                <Precinct name="White Plains" votes="43" />
                <Precinct name="Walker" votes="23" />
                <Precinct name="Old Salem" votes="51" />
            </VoteType>
            <VoteType name="Absentee by Mail" votes="310">
                <Precinct name="Greensboro" votes="168" />
                <Precinct name="Greshamville" votes="8" />
                <Precinct name="Woodville" votes="15" />
                <Precinct name="Union Point" votes="22" />
                <Precinct name="Siloam" votes="25" />
                <Precinct name="White Plains" votes="20" />
                <Precinct name="Walker" votes="27" />
                <Precinct name="Old Salem" votes="25" />
            </VoteType>
            <VoteType name="Advance in Person" votes="1123">
                <Precinct name="Greensboro" votes="510" />
                <Precinct name="Greshamville" votes="40" />
                <Precinct name="Woodville" votes="44" />
                <Precinct name="Union Point" votes="114" />
                <Precinct name="Siloam" votes="116" />
                <Precinct name="White Plains" votes="44" />
                <Precinct name="Walker" votes="85" />
                <Precinct name="Old Salem" votes="170" />
            </VoteType>
            <VoteType name="Provisional" votes="3">
                <Precinct name="Greensboro" votes="2" />
                <Precinct name="Greshamville" votes="0" />
                <Precinct name="Woodville" votes="0" />
                <Precinct name="Union Point" votes="0" />
                <Precinct name="Siloam" votes="0" />
                <Precinct name="White Plains" votes="0" />
                <Precinct name="Walker" votes="0" />
                <Precinct name="Old Salem" votes="1" />
            </VoteType>
        </Choice>
    </Contest>
    <Contest key="400" text="County Comm 2" isQuestion="false" precinctsReporting="4" precinctsReported="4">
        <VoteType name="Number of Precincts for Race" votes="4">
            <Precinct name="Greensboro" votes="1" />
            <Precinct name="Woodville" votes="1" />
            <Precinct name="Union Point" votes="1" />
            <Precinct name="Walker" votes="1" />
        </VoteType>
        <VoteType name="Number of Precincts Reporting" votes="4">
            <Precinct name="Greensboro" votes="1" />
            <Precinct name="Woodville" votes="1" />
            <Precinct name="Union Point" votes="1" />
            <Precinct name="Walker" votes="1" />
        </VoteType>
        <Choice key="10" text="J. SMITH (I)(R)" totalVotes="1554">
            <VoteType name="Election Day" votes="439">
                <Precinct name="Greensboro" votes="119" />
                <Precinct name="Woodville" votes="161" />
                <Precinct name="Union Point" votes="64" />
                <Precinct name="Walker" votes="95" />
            </VoteType>
            <VoteType name="Absentee by Mail" votes="93">
                <Precinct name="Greensboro" votes="36" />
                <Precinct name="Woodville" votes="20" />
                <Precinct name="Union Point" votes="10" />
                <Precinct name="Walker" votes="27" />
            </VoteType>
            <VoteType name="Advance in Person" votes="1020">
                <Precinct name="Greensboro" votes="421" />
                <Precinct name="Woodville" votes="99" />
                <Precinct name="Union Point" votes="81" />
                <Precinct name="Walker" votes="419" />
            </VoteType>
            <VoteType name="Provisional" votes="2">
                <Precinct name="Greensboro" votes="2" />
                <Precinct name="Woodville" votes="0" />
                <Precinct name="Union Point" votes="0" />
                <Precinct name="Walker" votes="0" />
            </VoteType>
        </Choice>
    </Contest>
    <Contest key="420" text="County Comm 4" isQuestion="false" precinctsReporting="3" precinctsReported="3">
        <VoteType name="Number of Precincts for Race" votes="3">
            <Precinct name="Greensboro" votes="1" />
            <Precinct name="Greshamville" votes="1" />
            <Precinct name="Old Salem" votes="1" />
        </VoteType>
        <VoteType name="Number of Precincts Reporting" votes="3">
            <Precinct name="Greensboro" votes="1" />
            <Precinct name="Greshamville" votes="1" />
            <Precinct name="Old Salem" votes="1" />
        </VoteType>
        <Choice key="10" text="E. FILICE (R)" totalVotes="3234">
            <VoteType name="Election Day" votes="749">
                <Precinct name="Greensboro" votes="9" />
                <Precinct name="Greshamville" votes="247" />
                <Precinct name="Old Salem" votes="493" />
            </VoteType>
            <VoteType name="Absentee by Mail" votes="177">
                <Precinct name="Greensboro" votes="1" />
                <Precinct name="Greshamville" votes="11" />
                <Precinct name="Old Salem" votes="165" />
            </VoteType>
            <VoteType name="Advance in Person" votes="2306">
                <Precinct name="Greensboro" votes="35" />
                <Precinct name="Greshamville" votes="189" />
                <Precinct name="Old Salem" votes="2082" />
            </VoteType>
            <VoteType name="Provisional" votes="2">
                <Precinct name="Greensboro" votes="0" />
                <Precinct name="Greshamville" votes="0" />
                <Precinct name="Old Salem" votes="2" />
            </VoteType>
        </Choice>
    </Contest>
    <Contest key="440" text="BOE Chair" isQuestion="false" precinctsReporting="8" precinctsReported="8">
        <VoteType name="Number of Precincts for Race" votes="8">
            <Precinct name="Greensboro" votes="1" />
            <Precinct name="Greshamville" votes="1" />
            <Precinct name="Woodville" votes="1" />
            <Precinct name="Union Point" votes="1" />
            <Precinct name="Siloam" votes="1" />
            <Precinct name="White Plains" votes="1" />
            <Precinct name="Walker" votes="1" />
            <Precinct name="Old Salem" votes="1" />
        </VoteType>
        <VoteType name="Number of Precincts Reporting" votes="8">
            <Precinct name="Greensboro" votes="1" />
            <Precinct name="Greshamville" votes="1" />
            <Precinct name="Woodville" votes="1" />
            <Precinct name="Union Point" votes="1" />
            <Precinct name="Siloam" votes="1" />
            <Precinct name="White Plains" votes="1" />
            <Precinct name="Walker" votes="1" />
            <Precinct name="Old Salem" votes="1" />
        </VoteType>
        <Choice key="10" text="G. M. LYNCH (R)" totalVotes="5769">
            <VoteType name="Election Day" votes="1479">
                <Precinct name="Greensboro" votes="146" />
                <Precinct name="Greshamville" votes="231" />
                <Precinct name="Woodville" votes="96" />
                <Precinct name="Union Point" votes="162" />
                <Precinct name="Siloam" votes="87" />
                <Precinct name="White Plains" votes="50" />
                <Precinct name="Walker" votes="228" />
                <Precinct name="Old Salem" votes="479" />
            </VoteType>
            <VoteType name="Absentee by Mail" votes="278">
                <Precinct name="Greensboro" votes="27" />
                <Precinct name="Greshamville" votes="6" />
                <Precinct name="Woodville" votes="12" />
                <Precinct name="Union Point" votes="13" />
                <Precinct name="Siloam" votes="8" />
                <Precinct name="White Plains" votes="3" />
                <Precinct name="Walker" votes="51" />
                <Precinct name="Old Salem" votes="158" />
            </VoteType>
            <VoteType name="Advance in Person" votes="4009">
                <Precinct name="Greensboro" votes="509" />
                <Precinct name="Greshamville" votes="171" />
                <Precinct name="Woodville" votes="68" />
                <Precinct name="Union Point" votes="165" />
                <Precinct name="Siloam" votes="160" />
                <Precinct name="White Plains" votes="62" />
                <Precinct name="Walker" votes="795" />
                <Precinct name="Old Salem" votes="2079" />
            </VoteType>
            <VoteType name="Provisional" votes="3">
                <Precinct name="Greensboro" votes="1" />
                <Precinct name="Greshamville" votes="0" />
                <Precinct name="Woodville" votes="0" />
                <Precinct name="Union Point" votes="0" />
                <Precinct name="Siloam" votes="0" />
                <Precinct name="White Plains" votes="0" />
                <Precinct name="Walker" votes="1" />
                <Precinct name="Old Salem" votes="1" />
            </VoteType>
        </Choice>
        <Choice key="20" text="R. A. MARCHMAN (D)" totalVotes="2884">
            <VoteType name="Election Day" votes="1101">
                <Precinct name="Greensboro" votes="398" />
                <Precinct name="Greshamville" votes="57" />
                <Precinct name="Woodville" votes="113" />
                <Precinct name="Union Point" votes="200" />
                <Precinct name="Siloam" votes="188" />
                <Precinct name="White Plains" votes="48" />
                <Precinct name="Walker" votes="37" />
                <Precinct name="Old Salem" votes="60" />
            </VoteType>
            <VoteType name="Absentee by Mail" votes="374">
                <Precinct name="Greensboro" votes="206" />
                <Precinct name="Greshamville" votes="9" />
                <Precinct name="Woodville" votes="18" />
                <Precinct name="Union Point" votes="29" />
                <Precinct name="Siloam" votes="33" />
                <Precinct name="White Plains" votes="18" />
                <Precinct name="Walker" votes="32" />
                <Precinct name="Old Salem" votes="29" />
            </VoteType>
            <VoteType name="Advance in Person" votes="1405">
                <Precinct name="Greensboro" votes="644" />
                <Precinct name="Greshamville" votes="46" />
                <Precinct name="Woodville" votes="58" />
                <Precinct name="Union Point" votes="157" />
                <Precinct name="Siloam" votes="146" />
                <Precinct name="White Plains" votes="56" />
                <Precinct name="Walker" votes="119" />
                <Precinct name="Old Salem" votes="179" />
            </VoteType>
            <VoteType name="Provisional" votes="4">
                <Precinct name="Greensboro" votes="3" />
                <Precinct name="Greshamville" votes="0" />
                <Precinct name="Woodville" votes="0" />
                <Precinct name="Union Point" votes="0" />
                <Precinct name="Siloam" votes="0" />
                <Precinct name="White Plains" votes="0" />
                <Precinct name="Walker" votes="0" />
                <Precinct name="Old Salem" votes="1" />
            </VoteType>
        </Choice>
    </Contest>
    <Contest key="460" text="BOE 2" isQuestion="false" precinctsReporting="4" precinctsReported="4">
        <VoteType name="Number of Precincts for Race" votes="4">
            <Precinct name="Greensboro" votes="1" />
            <Precinct name="Woodville" votes="1" />
            <Precinct name="Union Point" votes="1" />
            <Precinct name="Walker" votes="1" />
        </VoteType>
        <VoteType name="Number of Precincts Reporting" votes="4">
            <Precinct name="Greensboro" votes="1" />
            <Precinct name="Woodville" votes="1" />
            <Precinct name="Union Point" votes="1" />
            <Precinct name="Walker" votes="1" />
        </VoteType>
        <Choice key="10" text="J. BASHORE (R)" totalVotes="1335">
            <VoteType name="Election Day" votes="351">
                <Precinct name="Greensboro" votes="90" />
                <Precinct name="Woodville" votes="114" />
                <Precinct name="Union Point" votes="48" />
                <Precinct name="Walker" votes="99" />
            </VoteType>
            <VoteType name="Absentee by Mail" votes="61">
                <Precinct name="Greensboro" votes="16" />
                <Precinct name="Woodville" votes="15" />
                <Precinct name="Union Point" votes="3" />
                <Precinct name="Walker" votes="27" />
            </VoteType>
            <VoteType name="Advance in Person" votes="923">
                <Precinct name="Greensboro" votes="364" />
                <Precinct name="Woodville" votes="73" />
                <Precinct name="Union Point" votes="67" />
                <Precinct name="Walker" votes="419" />
            </VoteType>
            <VoteType name="Provisional" votes="0">
                <Precinct name="Greensboro" votes="0" />
                <Precinct name="Woodville" votes="0" />
                <Precinct name="Union Point" votes="0" />
                <Precinct name="Walker" votes="0" />
            </VoteType>
        </Choice>
        <Choice key="20" text="T. ANDREWS SR. (D)" totalVotes="527">
            <VoteType name="Election Day" votes="213">
                <Precinct name="Greensboro" votes="69" />
                <Precinct name="Woodville" votes="100" />
                <Precinct name="Union Point" votes="37" />
                <Precinct name="Walker" votes="7" />
            </VoteType>
            <VoteType name="Absentee by Mail" votes="88">
                <Precinct name="Greensboro" votes="59" />
                <Precinct name="Woodville" votes="15" />
                <Precinct name="Union Point" votes="9" />
                <Precinct name="Walker" votes="5" />
            </VoteType>
            <VoteType name="Advance in Person" votes="224">
                <Precinct name="Greensboro" votes="112" />
                <Precinct name="Woodville" votes="52" />
                <Precinct name="Union Point" votes="28" />
                <Precinct name="Walker" votes="32" />
            </VoteType>
            <VoteType name="Provisional" votes="2">
                <Precinct name="Greensboro" votes="2" />
                <Precinct name="Woodville" votes="0" />
                <Precinct name="Union Point" votes="0" />
                <Precinct name="Walker" votes="0" />
            </VoteType>
        </Choice>
    </Contest>
    <Contest key="480" text="BOE 4" isQuestion="false" precinctsReporting="3" precinctsReported="3">
        <VoteType name="Number of Precincts for Race" votes="3">
            <Precinct name="Greensboro" votes="1" />
            <Precinct name="Greshamville" votes="1" />
            <Precinct name="Old Salem" votes="1" />
        </VoteType>
        <VoteType name="Number of Precincts Reporting" votes="3">
            <Precinct name="Greensboro" votes="1" />
            <Precinct name="Greshamville" votes="1" />
            <Precinct name="Old Salem" votes="1" />
        </VoteType>
        <Choice key="10" text="J. HEINEN (R)" totalVotes="3249">
            <VoteType name="Election Day" votes="758">
                <Precinct name="Greensboro" votes="9" />
                <Precinct name="Greshamville" votes="245" />
                <Precinct name="Old Salem" votes="504" />
            </VoteType>
            <VoteType name="Absentee by Mail" votes="177">
                <Precinct name="Greensboro" votes="1" />
                <Precinct name="Greshamville" votes="11" />
                <Precinct name="Old Salem" votes="165" />
            </VoteType>
            <VoteType name="Advance in Person" votes="2312">
                <Precinct name="Greensboro" votes="33" />
                <Precinct name="Greshamville" votes="188" />
                <Precinct name="Old Salem" votes="2091" />
            </VoteType>
            <VoteType name="Provisional" votes="2">
                <Precinct name="Greensboro" votes="0" />
                <Precinct name="Greshamville" votes="0" />
                <Precinct name="Old Salem" votes="2" />
            </VoteType>
        </Choice>
    </Contest>
    <Contest key="600" text="Constitutional Amendment #1&lt;br&gt;Provides greater flexibility and state accountability to fix failing schools through increasing community involvement." isQuestion="false" precinctsReporting="8" precinctsReported="8">
        <VoteType name="Number of Precincts for Race" votes="8">
            <Precinct name="Greensboro" votes="1" />
            <Precinct name="Greshamville" votes="1" />
            <Precinct name="Woodville" votes="1" />
            <Precinct name="Union Point" votes="1" />
            <Precinct name="Siloam" votes="1" />
            <Precinct name="White Plains" votes="1" />
            <Precinct name="Walker" votes="1" />
            <Precinct name="Old Salem" votes="1" />
        </VoteType>
        <VoteType name="Number of Precincts Reporting" votes="8">
            <Precinct name="Greensboro" votes="1" />
            <Precinct name="Greshamville" votes="1" />
            <Precinct name="Woodville" votes="1" />
            <Precinct name="Union Point" votes="1" />
            <Precinct name="Siloam" votes="1" />
            <Precinct name="White Plains" votes="1" />
            <Precinct name="Walker" votes="1" />
            <Precinct name="Old Salem" votes="1" />
        </VoteType>
        <Choice key="10" text="YES" totalVotes="4351">
            <VoteType name="Election Day" votes="1211">
                <Precinct name="Greensboro" votes="222" />
                <Precinct name="Greshamville" votes="119" />
                <Precinct name="Woodville" votes="67" />
                <Precinct name="Union Point" votes="176" />
                <Precinct name="Siloam" votes="122" />
                <Precinct name="White Plains" votes="41" />
                <Precinct name="Walker" votes="126" />
                <Precinct name="Old Salem" votes="338" />
            </VoteType>
            <VoteType name="Absentee by Mail" votes="287">
                <Precinct name="Greensboro" votes="58" />
                <Precinct name="Greshamville" votes="4" />
                <Precinct name="Woodville" votes="10" />
                <Precinct name="Union Point" votes="17" />
                <Precinct name="Siloam" votes="11" />
                <Precinct name="White Plains" votes="9" />
                <Precinct name="Walker" votes="48" />
                <Precinct name="Old Salem" votes="130" />
            </VoteType>
            <VoteType name="Advance in Person" votes="2851">
                <Precinct name="Greensboro" votes="459" />
                <Precinct name="Greshamville" votes="102" />
                <Precinct name="Woodville" votes="50" />
                <Precinct name="Union Point" votes="133" />
                <Precinct name="Siloam" votes="151" />
                <Precinct name="White Plains" votes="46" />
                <Precinct name="Walker" votes="476" />
                <Precinct name="Old Salem" votes="1434" />
            </VoteType>
            <VoteType name="Provisional" votes="2">
                <Precinct name="Greensboro" votes="1" />
                <Precinct name="Greshamville" votes="0" />
                <Precinct name="Woodville" votes="0" />
                <Precinct name="Union Point" votes="0" />
                <Precinct name="Siloam" votes="0" />
                <Precinct name="White Plains" votes="0" />
                <Precinct name="Walker" votes="0" />
                <Precinct name="Old Salem" votes="1" />
            </VoteType>
        </Choice>
        <Choice key="20" text="NO" totalVotes="4357">
            <VoteType name="Election Day" votes="1399">
                <Precinct name="Greensboro" votes="334" />
                <Precinct name="Greshamville" votes="167" />
                <Precinct name="Woodville" votes="145" />
                <Precinct name="Union Point" votes="195" />
                <Precinct name="Siloam" votes="161" />
                <Precinct name="White Plains" votes="59" />
                <Precinct name="Walker" votes="140" />
                <Precinct name="Old Salem" votes="198" />
            </VoteType>
            <VoteType name="Absentee by Mail" votes="357">
                <Precinct name="Greensboro" votes="174" />
                <Precinct name="Greshamville" votes="12" />
                <Precinct name="Woodville" votes="19" />
                <Precinct name="Union Point" votes="24" />
                <Precinct name="Siloam" votes="30" />
                <Precinct name="White Plains" votes="12" />
                <Precinct name="Walker" votes="35" />
                <Precinct name="Old Salem" votes="51" />
            </VoteType>
            <VoteType name="Advance in Person" votes="2596">
                <Precinct name="Greensboro" votes="711" />
                <Precinct name="Greshamville" votes="114" />
                <Precinct name="Woodville" votes="75" />
                <Precinct name="Union Point" votes="195" />
                <Precinct name="Siloam" votes="167" />
                <Precinct name="White Plains" votes="77" />
                <Precinct name="Walker" votes="435" />
                <Precinct name="Old Salem" votes="822" />
            </VoteType>
            <VoteType name="Provisional" votes="5">
                <Precinct name="Greensboro" votes="3" />
                <Precinct name="Greshamville" votes="0" />
                <Precinct name="Woodville" votes="0" />
                <Precinct name="Union Point" votes="0" />
                <Precinct name="Siloam" votes="0" />
                <Precinct name="White Plains" votes="0" />
                <Precinct name="Walker" votes="1" />
                <Precinct name="Old Salem" votes="1" />
            </VoteType>
        </Choice>
    </Contest>
    <Contest key="610" text="Constitutional Amendment #2&lt;br&gt;Authorizes penalties for sexual exploitation and assessments on adult entertainment to fund child victims' services." isQuestion="false" precinctsReporting="8" precinctsReported="8">
        <VoteType name="Number of Precincts for Race" votes="8">
            <Precinct name="Greensboro" votes="1" />
            <Precinct name="Greshamville" votes="1" />
            <Precinct name="Woodville" votes="1" />
            <Precinct name="Union Point" votes="1" />
            <Precinct name="Siloam" votes="1" />
            <Precinct name="White Plains" votes="1" />
            <Precinct name="Walker" votes="1" />
            <Precinct name="Old Salem" votes="1" />
        </VoteType>
        <VoteType name="Number of Precincts Reporting" votes="8">
            <Precinct name="Greensboro" votes="1" />
            <Precinct name="Greshamville" votes="1" />
            <Precinct name="Woodville" votes="1" />
            <Precinct name="Union Point" votes="1" />
            <Precinct name="Siloam" votes="1" />
            <Precinct name="White Plains" votes="1" />
            <Precinct name="Walker" votes="1" />
            <Precinct name="Old Salem" votes="1" />
        </VoteType>
        <Choice key="10" text="YES" totalVotes="6987">
            <VoteType name="Election Day" votes="2035">
                <Precinct name="Greensboro" votes="422" />
                <Precinct name="Greshamville" votes="232" />
                <Precinct name="Woodville" votes="150" />
                <Precinct name="Union Point" votes="289" />
                <Precinct name="Siloam" votes="212" />
                <Precinct name="White Plains" votes="83" />
                <Precinct name="Walker" votes="224" />
                <Precinct name="Old Salem" votes="423" />
            </VoteType>
            <VoteType name="Absentee by Mail" votes="457">
                <Precinct name="Greensboro" votes="117" />
                <Precinct name="Greshamville" votes="9" />
                <Precinct name="Woodville" votes="25" />
                <Precinct name="Union Point" votes="34" />
                <Precinct name="Siloam" votes="29" />
                <Precinct name="White Plains" votes="16" />
                <Precinct name="Walker" votes="60" />
                <Precinct name="Old Salem" votes="167" />
            </VoteType>
            <VoteType name="Advance in Person" votes="4490">
                <Precinct name="Greensboro" votes="917" />
                <Precinct name="Greshamville" votes="168" />
                <Precinct name="Woodville" votes="100" />
                <Precinct name="Union Point" votes="260" />
                <Precinct name="Siloam" votes="255" />
                <Precinct name="White Plains" votes="95" />
                <Precinct name="Walker" votes="756" />
                <Precinct name="Old Salem" votes="1939" />
            </VoteType>
            <VoteType name="Provisional" votes="5">
                <Precinct name="Greensboro" votes="3" />
                <Precinct name="Greshamville" votes="0" />
                <Precinct name="Woodville" votes="0" />
                <Precinct name="Union Point" votes="0" />
                <Precinct name="Siloam" votes="0" />
                <Precinct name="White Plains" votes="0" />
                <Precinct name="Walker" votes="0" />
                <Precinct name="Old Salem" votes="2" />
            </VoteType>
        </Choice>
        <Choice key="20" text="NO" totalVotes="1519">
            <VoteType name="Election Day" votes="510">
                <Precinct name="Greensboro" votes="116" />
                <Precinct name="Greshamville" votes="48" />
                <Precinct name="Woodville" votes="50" />
                <Precinct name="Union Point" votes="72" />
                <Precinct name="Siloam" votes="65" />
                <Precinct name="White Plains" votes="16" />
                <Precinct name="Walker" votes="41" />
                <Precinct name="Old Salem" votes="102" />
            </VoteType>
            <VoteType name="Absentee by Mail" votes="146">
                <Precinct name="Greensboro" votes="76" />
                <Precinct name="Greshamville" votes="7" />
                <Precinct name="Woodville" votes="5" />
                <Precinct name="Union Point" votes="6" />
                <Precinct name="Siloam" votes="12" />
                <Precinct name="White Plains" votes="5" />
                <Precinct name="Walker" votes="18" />
                <Precinct name="Old Salem" votes="17" />
            </VoteType>
            <VoteType name="Advance in Person" votes="862">
                <Precinct name="Greensboro" votes="208" />
                <Precinct name="Greshamville" votes="45" />
                <Precinct name="Woodville" votes="19" />
                <Precinct name="Union Point" votes="60" />
                <Precinct name="Siloam" votes="56" />
                <Precinct name="White Plains" votes="26" />
                <Precinct name="Walker" votes="150" />
                <Precinct name="Old Salem" votes="298" />
            </VoteType>
            <VoteType name="Provisional" votes="1">
                <Precinct name="Greensboro" votes="1" />
                <Precinct name="Greshamville" votes="0" />
                <Precinct name="Woodville" votes="0" />
                <Precinct name="Union Point" votes="0" />
                <Precinct name="Siloam" votes="0" />
                <Precinct name="White Plains" votes="0" />
                <Precinct name="Walker" votes="0" />
                <Precinct name="Old Salem" votes="0" />
            </VoteType>
        </Choice>
    </Contest>
    <Contest key="620" text="Constitutional Amendment #3&lt;br&gt;Reforms and re-establishes the Judicial Qualifications Commission and provides for its composition, governance, and powers." isQuestion="false" precinctsReporting="8" precinctsReported="8">
        <VoteType name="Number of Precincts for Race" votes="8">
            <Precinct name="Greensboro" votes="1" />
            <Precinct name="Greshamville" votes="1" />
            <Precinct name="Woodville" votes="1" />
            <Precinct name="Union Point" votes="1" />
            <Precinct name="Siloam" votes="1" />
            <Precinct name="White Plains" votes="1" />
            <Precinct name="Walker" votes="1" />
            <Precinct name="Old Salem" votes="1" />
        </VoteType>
        <VoteType name="Number of Precincts Reporting" votes="8">
            <Precinct name="Greensboro" votes="1" />
            <Precinct name="Greshamville" votes="1" />
            <Precinct name="Woodville" votes="1" />
            <Precinct name="Union Point" votes="1" />
            <Precinct name="Siloam" votes="1" />
            <Precinct name="White Plains" votes="1" />
            <Precinct name="Walker" votes="1" />
            <Precinct name="Old Salem" votes="1" />
        </VoteType>
        <Choice key="10" text="YES" totalVotes="5084">
            <VoteType name="Election Day" votes="1461">
                <Precinct name="Greensboro" votes="307" />
                <Precinct name="Greshamville" votes="165" />
                <Precinct name="Woodville" votes="96" />
                <Precinct name="Union Point" votes="212" />
                <Precinct name="Siloam" votes="149" />
                <Precinct name="White Plains" votes="67" />
                <Precinct name="Walker" votes="154" />
                <Precinct name="Old Salem" votes="311" />
            </VoteType>
            <VoteType name="Absentee by Mail" votes="326">
                <Precinct name="Greensboro" votes="79" />
                <Precinct name="Greshamville" votes="5" />
                <Precinct name="Woodville" votes="13" />
                <Precinct name="Union Point" votes="28" />
                <Precinct name="Siloam" votes="20" />
                <Precinct name="White Plains" votes="12" />
                <Precinct name="Walker" votes="48" />
                <Precinct name="Old Salem" votes="121" />
            </VoteType>
            <VoteType name="Advance in Person" votes="3294">
                <Precinct name="Greensboro" votes="648" />
                <Precinct name="Greshamville" votes="116" />
                <Precinct name="Woodville" votes="68" />
                <Precinct name="Union Point" votes="186" />
                <Precinct name="Siloam" votes="168" />
                <Precinct name="White Plains" votes="67" />
                <Precinct name="Walker" votes="567" />
                <Precinct name="Old Salem" votes="1474" />
            </VoteType>
            <VoteType name="Provisional" votes="3">
                <Precinct name="Greensboro" votes="2" />
                <Precinct name="Greshamville" votes="0" />
                <Precinct name="Woodville" votes="0" />
                <Precinct name="Union Point" votes="0" />
                <Precinct name="Siloam" votes="0" />
                <Precinct name="White Plains" votes="0" />
                <Precinct name="Walker" votes="0" />
                <Precinct name="Old Salem" votes="1" />
            </VoteType>
        </Choice>
        <Choice key="20" text="NO" totalVotes="2892">
            <VoteType name="Election Day" votes="937">
                <Precinct name="Greensboro" votes="203" />
                <Precinct name="Greshamville" votes="94" />
                <Precinct name="Woodville" votes="100" />
                <Precinct name="Union Point" votes="125" />
                <Precinct name="Siloam" votes="123" />
                <Precinct name="White Plains" votes="26" />
                <Precinct name="Walker" votes="91" />
                <Precinct name="Old Salem" votes="175" />
            </VoteType>
            <VoteType name="Absentee by Mail" votes="245">
                <Precinct name="Greensboro" votes="102" />
                <Precinct name="Greshamville" votes="11" />
                <Precinct name="Woodville" votes="16" />
                <Precinct name="Union Point" votes="13" />
                <Precinct name="Siloam" votes="20" />
                <Precinct name="White Plains" votes="8" />
                <Precinct name="Walker" votes="28" />
                <Precinct name="Old Salem" votes="47" />
            </VoteType>
            <VoteType name="Advance in Person" votes="1707">
                <Precinct name="Greensboro" votes="419" />
                <Precinct name="Greshamville" votes="86" />
                <Precinct name="Woodville" votes="44" />
                <Precinct name="Union Point" votes="112" />
                <Precinct name="Siloam" votes="112" />
                <Precinct name="White Plains" votes="50" />
                <Precinct name="Walker" votes="288" />
                <Precinct name="Old Salem" votes="596" />
            </VoteType>
            <VoteType name="Provisional" votes="3">
                <Precinct name="Greensboro" votes="2" />
                <Precinct name="Greshamville" votes="0" />
                <Precinct name="Woodville" votes="0" />
                <Precinct name="Union Point" votes="0" />
                <Precinct name="Siloam" votes="0" />
                <Precinct name="White Plains" votes="0" />
                <Precinct name="Walker" votes="0" />
                <Precinct name="Old Salem" votes="1" />
            </VoteType>
        </Choice>
    </Contest>
    <Contest key="630" text="Constitutional Amendment #4&lt;br&gt;Dedicates revenue from existing taxes on fireworks to trauma care, fire services, and public safety." isQuestion="false" precinctsReporting="8" precinctsReported="8">
        <VoteType name="Number of Precincts for Race" votes="8">
            <Precinct name="Greensboro" votes="1" />
            <Precinct name="Greshamville" votes="1" />
            <Precinct name="Woodville" votes="1" />
            <Precinct name="Union Point" votes="1" />
            <Precinct name="Siloam" votes="1" />
            <Precinct name="White Plains" votes="1" />
            <Precinct name="Walker" votes="1" />
            <Precinct name="Old Salem" votes="1" />
        </VoteType>
        <VoteType name="Number of Precincts Reporting" votes="8">
            <Precinct name="Greensboro" votes="1" />
            <Precinct name="Greshamville" votes="1" />
            <Precinct name="Woodville" votes="1" />
            <Precinct name="Union Point" votes="1" />
            <Precinct name="Siloam" votes="1" />
            <Precinct name="White Plains" votes="1" />
            <Precinct name="Walker" votes="1" />
            <Precinct name="Old Salem" votes="1" />
        </VoteType>
        <Choice key="10" text="YES" totalVotes="6798">
            <VoteType name="Election Day" votes="1969">
                <Precinct name="Greensboro" votes="400" />
                <Precinct name="Greshamville" votes="236" />
                <Precinct name="Woodville" votes="145" />
                <Precinct name="Union Point" votes="277" />
                <Precinct name="Siloam" votes="199" />
                <Precinct name="White Plains" votes="81" />
                <Precinct name="Walker" votes="220" />
                <Precinct name="Old Salem" votes="411" />
            </VoteType>
            <VoteType name="Absentee by Mail" votes="501">
                <Precinct name="Greensboro" votes="158" />
                <Precinct name="Greshamville" votes="11" />
                <Precinct name="Woodville" votes="30" />
                <Precinct name="Union Point" votes="35" />
                <Precinct name="Siloam" votes="32" />
                <Precinct name="White Plains" votes="16" />
                <Precinct name="Walker" votes="68" />
                <Precinct name="Old Salem" votes="151" />
            </VoteType>
            <VoteType name="Advance in Person" votes="4324">
                <Precinct name="Greensboro" votes="883" />
                <Precinct name="Greshamville" votes="164" />
                <Precinct name="Woodville" votes="100" />
                <Precinct name="Union Point" votes="253" />
                <Precinct name="Siloam" votes="247" />
                <Precinct name="White Plains" votes="89" />
                <Precinct name="Walker" votes="728" />
                <Precinct name="Old Salem" votes="1860" />
            </VoteType>
            <VoteType name="Provisional" votes="4">
                <Precinct name="Greensboro" votes="3" />
                <Precinct name="Greshamville" votes="0" />
                <Precinct name="Woodville" votes="0" />
                <Precinct name="Union Point" votes="0" />
                <Precinct name="Siloam" votes="0" />
                <Precinct name="White Plains" votes="0" />
                <Precinct name="Walker" votes="1" />
                <Precinct name="Old Salem" votes="0" />
            </VoteType>
        </Choice>
        <Choice key="20" text="NO" totalVotes="1676">
            <VoteType name="Election Day" votes="569">
                <Precinct name="Greensboro" votes="130" />
                <Precinct name="Greshamville" votes="47" />
                <Precinct name="Woodville" votes="59" />
                <Precinct name="Union Point" votes="78" />
                <Precinct name="Siloam" votes="77" />
                <Precinct name="White Plains" votes="19" />
                <Precinct name="Walker" votes="42" />
                <Precinct name="Old Salem" votes="117" />
            </VoteType>
            <VoteType name="Absentee by Mail" votes="99">
                <Precinct name="Greensboro" votes="35" />
                <Precinct name="Greshamville" votes="5" />
                <Precinct name="Woodville" votes="0" />
                <Precinct name="Union Point" votes="6" />
                <Precinct name="Siloam" votes="8" />
                <Precinct name="White Plains" votes="5" />
                <Precinct name="Walker" votes="13" />
                <Precinct name="Old Salem" votes="27" />
            </VoteType>
            <VoteType name="Advance in Person" votes="1005">
                <Precinct name="Greensboro" votes="244" />
                <Precinct name="Greshamville" votes="50" />
                <Precinct name="Woodville" votes="20" />
                <Precinct name="Union Point" votes="65" />
                <Precinct name="Siloam" votes="55" />
                <Precinct name="White Plains" votes="32" />
                <Precinct name="Walker" votes="168" />
                <Precinct name="Old Salem" votes="371" />
            </VoteType>
            <VoteType name="Provisional" votes="3">
                <Precinct name="Greensboro" votes="1" />
                <Precinct name="Greshamville" votes="0" />
                <Precinct name="Woodville" votes="0" />
                <Precinct name="Union Point" votes="0" />
                <Precinct name="Siloam" votes="0" />
                <Precinct name="White Plains" votes="0" />
                <Precinct name="Walker" votes="0" />
                <Precinct name="Old Salem" votes="2" />
            </VoteType>
        </Choice>
    </Contest>
    <Contest key="700" text="Greensboro - Sunday Sales" isQuestion="false" precinctsReporting="1" precinctsReported="1">
        <VoteType name="Number of Precincts for Race" votes="1">
            <Precinct name="Greensboro" votes="1" />
        </VoteType>
        <VoteType name="Number of Precincts Reporting" votes="1">
            <Precinct name="Greensboro" votes="1" />
        </VoteType>
        <Choice key="10" text="YES" totalVotes="811">
            <VoteType name="Election Day" votes="274">
                <Precinct name="Greensboro" votes="274" />
            </VoteType>
            <VoteType name="Absentee by Mail" votes="75">
                <Precinct name="Greensboro" votes="75" />
            </VoteType>
            <VoteType name="Advance in Person" votes="461">
                <Precinct name="Greensboro" votes="461" />
            </VoteType>
            <VoteType name="Provisional" votes="1">
                <Precinct name="Greensboro" votes="1" />
            </VoteType>
        </Choice>
        <Choice key="20" text="NO" totalVotes="430">
            <VoteType name="Election Day" votes="107">
                <Precinct name="Greensboro" votes="107" />
            </VoteType>
            <VoteType name="Absentee by Mail" votes="75">
                <Precinct name="Greensboro" votes="75" />
            </VoteType>
            <VoteType name="Advance in Person" votes="248">
                <Precinct name="Greensboro" votes="248" />
            </VoteType>
            <VoteType name="Provisional" votes="0">
                <Precinct name="Greensboro" votes="0" />
            </VoteType>
        </Choice>
    </Contest>
</ElectionResult>