"line number","contest name","choice name","party name","total votes","percent of votes","registered voters","ballots cast","num Precinct total","num Precinct rptg","over votes","under votes"
1,"President of the United States","DONALD J. TRUMP","",2519,68.41,4702,3711,4,4,"0","0"
2,"President of the United States","HILLARY CLINTON","",1136,30.85,4702,3711,4,4,"0","0"
3,"President of the United States","GARY JOHNSON","",27,0.73,4702,3711,4,4,"0","0"
4,"United States Senator, Isakson","JOHNNY ISAKSON (I)","",2373,71.11,4702,3711,4,4,"0","0"
5,"United States Senator, Isakson","JIM BARKSDALE","",888,26.61,4702,3711,4,4,"0","0"
6,"United States Senator, Isakson","ALLEN BUCKLEY","",76,2.28,4702,3711,4,4,"0","0"
7,"Public Service Commission, District 2 - Eastern","TIM ECHOLS (I)","",2420,80.72,4702,3711,4,4,"0","0"
8,"Public Service Commission, District 2 - Eastern","ERIC HOSKINS","",578,19.28,4702,3711,4,4,"0","0"
9,"U.S. Representative, District 10","JODY HICE (I)","",2753,100.00,4702,3711,4,4,"0","0"
10,"State Senator, District 23","JESSE STONE (I)","",2722,100.00,4702,3711,4,4,"0","0"
11,"State Representative, District 128","MACK JACKSON (I)","",1266,100.00,2501,1911,2,2,"0","0"
12,"State Representative, District 150","MATT HATCHETT (I) (REP)","",1462,100.00,2201,1800,3,3,"0","0"
13,"District Attorney, Dublin Circuit","CRAIG FRASER (I) (REP)","",2853,100.00,4702,3711,4,4,"0","0"
14,"Probate Judge","M. BUXTON (I)(D)","",3040,100.00,4702,3711,4,4,"0","0"
15,"Superior Court Clerk","P. T GLOVER (I)(D)","",3051,100.00,4702,3711,4,4,"0","0"
16,"Sheriff","K. HELTON (R)","",1614,44.45,4702,3711,4,4,"0","0"
17,"Sheriff","R. OXFORD (I)(D)","",2017,55.55,4702,3711,4,4,"0","0"
18,"Tax Commissioner","S. VICKERS (I)(D)","",2963,100.00,4702,3711,4,4,"0","0"
19,"Surveyor","R. PRICE (R)","",2722,100.00,4702,3711,4,4,"0","0"
20,"Coroner","K. JONES (I)(D)","",2945,100.00,4702,3711,4,4,"0","0"
21,"County Comm 2","J. MCAFEE JR (I)(D)","",552,100.00,891,737,2,2,"0","0"
22,"County Comm 3","J. DARRISAW (I)(D)","",529,100.00,1033,778,2,2,"0","0"
23,"County Comm 4","L. POPE (I)(R)","",739,100.00,1040,875,2,2,"0","0"
24,"Constitutional Amendment #1<br>Provides greater flexibility and state accountability to fix failing schools through increasing community involvement.","YES","",983,28.50,4702,3711,4,4,"0","0"
25,"Constitutional Amendment #1<br>Provides greater flexibility and state accountability to fix failing schools through increasing community involvement.","NO","",2466,71.50,4702,3711,4,4,"0","0"
26,"Constitutional Amendment #2<br>Authorizes penalties for sexual exploitation and assessments on adult entertainment to fund child victims' services.","YES","",2600,78.72,4702,3711,4,4,"0","0"
27,"Constitutional Amendment #2<br>Authorizes penalties for sexual exploitation and assessments on adult entertainment to fund child victims' services.","NO","",703,21.28,4702,3711,4,4,"0","0"
28,"Constitutional Amendment #3<br>Reforms and re-establishes the Judicial Qualifications Commission and provides for its composition, governance, and powers.","YES","",1654,53.86,4702,3711,4,4,"0","0"
29,"Constitutional Amendment #3<br>Reforms and re-establishes the Judicial Qualifications Commission and provides for its composition, governance, and powers.","NO","",1417,46.14,4702,3711,4,4,"0","0"
30,"Constitutional Amendment #4<br>Dedicates revenue from existing taxes on fireworks to trauma care, fire services, and public safety.","YES","",2415,74.03,4702,3711,4,4,"0","0"
31,"Constitutional Amendment #4<br>Dedicates revenue from existing taxes on fireworks to trauma care, fire services, and public safety.","NO","",847,25.97,4702,3711,4,4,"0","0"
