"line number","contest name","choice name","party name","total votes","percent of votes","registered voters","ballots cast","num Precinct total","num Precinct rptg","over votes","under votes"
1,"President of the United States","DONALD J. TRUMP","",21537,70.85,39588,30877,23,23,"0","0"
2,"President of the United States","HILLARY CLINTON","",7937,26.11,39588,30877,23,23,"0","0"
3,"President of the United States","GARY JOHNSON","",924,3.04,39588,30877,23,23,"0","0"
4,"United States Senator, Isakson","JOHNNY ISAKSON (I)","",19808,70.86,39588,30877,23,23,"0","0"
5,"United States Senator, Isakson","JIM BARKSDALE","",6763,24.20,39588,30877,23,23,"0","0"
6,"United States Senator, Isakson","ALLEN BUCKLEY","",1381,4.94,39588,30877,23,23,"0","0"
7,"Public Service Commission, District 2 - Eastern","TIM ECHOLS (I)","",21356,78.15,39588,30876,23,23,"0","0"
8,"Public Service Commission, District 2 - Eastern","ERIC HOSKINS","",5971,21.85,39588,30876,23,23,"0","0"
9,"U.S. Representative, District 14","TOM GRAVES (I)","",25386,100.00,39588,30877,23,23,"0","0"
10,"State Senator, District 54","CHARLIE BETHEL (I)","",25517,100.00,39588,30876,23,23,"0","0"
11,"State Representative, District 2","STEVE TARVIN (I)","",4044,100.00,5879,4788,3,3,"0","0"
12,"State Representative, District 4","BRUCE BROADRICK SR (I) (REP)","",11335,100.00,18546,14037,12,12,"0","0"
13,"State Representative, District 6","JASON T. RIDLEY","",10014,100.00,15163,12051,9,9,"0","0"
14,"District Attorney, Conasauga Circuit","BERT POSTON (I)","",24913,100.00,39588,30876,23,23,"0","0"
15,"JUDGE, PROBATE COURT","S. H. BLEVINS (I) R","",25224,100.00,39588,30876,23,23,"0","0"
16,"CLERK, SUPERIOR COURT","M. KENDRICK (I) R","",25167,100.00,39588,30876,23,23,"0","0"
17,"SHERIFF","S. CHITWOOD (I) D","",25639,100.00,39588,30876,23,23,"0","0"
18,"TAX COMMISSIONER","D. W. SANE (I) R","",25797,100.00,39588,30876,23,23,"0","0"
19,"CORONER","G. W. BATES (R)","",25169,100.00,39588,30876,23,23,"0","0"
20,"CC, CHAIRMAN AT LARGE","L. LAUGHTER (R)","",24468,100.00,39588,30876,23,23,"0","0"
21,"CC, D2","H. BROOKER (I) R","",24370,100.00,39588,30876,23,23,"0","0"
22,"CC, D4","G. JONES (R)","",24758,100.00,39588,30876,23,23,"0","0"
23,"BOE D1","T. BARTON (I) R","",18199,100.00,28195,22371,21,21,"0","0"
24,"BOE D3","T. STANLEY (I) R","",18108,100.00,28195,22371,21,21,"0","0"
25,"SOIL AND WATER","W. FOGLE (I)","",23296,100.00,39588,30876,23,23,"0","0"
26,"Constitutional Amendment #1<br>Provides greater flexibility and state accountability to fix failing schools through increasing community involvement.","YES","",11207,38.29,39588,30876,23,23,"0","0"
27,"Constitutional Amendment #1<br>Provides greater flexibility and state accountability to fix failing schools through increasing community involvement.","NO","",18064,61.71,39588,30876,23,23,"0","0"
28,"Constitutional Amendment #2<br>Authorizes penalties for sexual exploitation and assessments on adult entertainment to fund child victims' services.","YES","",23946,83.35,39588,30876,23,23,"0","0"
29,"Constitutional Amendment #2<br>Authorizes penalties for sexual exploitation and assessments on adult entertainment to fund child victims' services.","NO","",4785,16.65,39588,30876,23,23,"0","0"
30,"Constitutional Amendment #3<br>Reforms and re-establishes the Judicial Qualifications Commission and provides for its composition, governance, and powers.","YES","",16381,61.20,39588,30876,23,23,"0","0"
31,"Constitutional Amendment #3<br>Reforms and re-establishes the Judicial Qualifications Commission and provides for its composition, governance, and powers.","NO","",10386,38.80,39588,30876,23,23,"0","0"
32,"Constitutional Amendment #4<br>Dedicates revenue from existing taxes on fireworks to trauma care, fire services, and public safety.","YES","",22403,78.28,39588,30876,23,23,"0","0"
33,"Constitutional Amendment #4<br>Dedicates revenue from existing taxes on fireworks to trauma care, fire services, and public safety.","NO","",6215,21.72,39588,30876,23,23,"0","0"
34,"CITY OF VARNELL REFERENDUM","YES","",660,87.30,977,791,1,1,"0","0"
35,"CITY OF VARNELL REFERENDUM","NO","",96,12.70,977,791,1,1,"0","0"
