"line number","contest name","choice name","party name","total votes","percent of votes","registered voters","ballots cast","num Precinct total","num Precinct rptg","over votes","under votes"
1,"President of the United States","DONALD J. TRUMP","",15750,60.52,35513,26334,15,15,"0","0"
2,"President of the United States","HILLARY CLINTON","",9713,37.32,35513,26334,15,15,"0","0"
3,"President of the United States","GARY JOHNSON","",561,2.16,35513,26334,15,15,"0","0"
4,"United States Senator, Isakson","JOHNNY ISAKSON (I)","",15293,62.59,35513,26334,15,15,"0","0"
5,"United States Senator, Isakson","JIM BARKSDALE","",8312,34.02,35513,26334,15,15,"0","0"
6,"United States Senator, Isakson","ALLEN BUCKLEY","",830,3.40,35513,26334,15,15,"0","0"
7,"Public Service Commission, District 2 - Eastern","TIM ECHOLS (I)","",16947,74.10,35513,26333,15,15,"0","0"
8,"Public Service Commission, District 2 - Eastern","ERIC HOSKINS","",5922,25.90,35513,26333,15,15,"0","0"
9,"U.S. Representative, District 3","DREW FERGUSON","",16497,65.22,35513,26334,15,15,"0","0"
10,"U.S. Representative, District 3","ANGELA PENDLEY","",8799,34.78,35513,26334,15,15,"0","0"
11,"State Senator, District 28","MATT BRASS","",7121,100.00,11139,8706,6,6,"0","0"
12,"State Senator, District 29","JOSH MCKOON (I)","",9715,58.28,24374,17627,10,10,"0","0"
13,"State Senator, District 29","BEN ANDERSON","",6955,41.72,24374,17627,10,10,"0","0"
14,"State Representative, District 69","RANDY NIX (I)","",5129,100.00,7480,6027,5,5,"0","0"
15,"State Representative, District 132","GENE KING","",4085,42.25,14955,10223,7,7,"0","0"
16,"State Representative, District 132","BOB TRAMMELL JR (I)","",5584,57.75,14955,10223,7,7,"0","0"
17,"State Representative, District 133","JOHN PEZOLD (I)","",8162,100.00,13078,10083,9,9,"0","0"
18,"District Attorney, Coweta Circuit","PETE SKANDALAKIS (I)","",21363,100.00,35513,26333,15,15,"0","0"
19,"CLERK, SUPERIOR COURT","J. W. TAYLOR (I) R","",21314,100.00,35513,26333,15,15,"0","0"
20,"SHERIFF","J. T. WOODRUFF (I) R","",17915,70.38,35513,26333,15,15,"0","0"
21,"SHERIFF","R. BRADLEY (D)","",7541,29.62,35513,26333,15,15,"0","0"
22,"TAX COMMISSIONER","R. S. FRAILEY (R)","",21032,100.00,35513,26333,15,15,"0","0"
23,"CORONER","J. COOK (I) R","",21183,100.00,35513,26333,15,15,"0","0"
24,"SOLICITOR GENERAL","N. M. BAKER (I) R","",20740,100.00,35513,26333,15,15,"0","0"
25,"CC D2","E. P. CADENHEAD (R)","",6498,100.00,9618,7644,6,6,"0","0"
26,"CC D3","L. C. DAVIS JR. (R)","",6007,100.00,9600,7468,7,7,"0","0"
27,"CC D4","M. JONES (I) R","",5507,100.00,9085,6821,6,6,"0","0"
28,"SOIL AND WATER","M. JONES (I)","",21019,100.00,35513,26333,15,15,"0","0"
29,"Constitutional Amendment #1<br>Provides greater flexibility and state accountability to fix failing schools through increasing community involvement.","YES","",9806,38.72,35513,26333,15,15,"0","0"
30,"Constitutional Amendment #1<br>Provides greater flexibility and state accountability to fix failing schools through increasing community involvement.","NO","",15522,61.28,35513,26333,15,15,"0","0"
31,"Constitutional Amendment #2<br>Authorizes penalties for sexual exploitation and assessments on adult entertainment to fund child victims' services.","YES","",20392,81.73,35513,26333,15,15,"0","0"
32,"Constitutional Amendment #2<br>Authorizes penalties for sexual exploitation and assessments on adult entertainment to fund child victims' services.","NO","",4559,18.27,35513,26333,15,15,"0","0"
33,"Constitutional Amendment #3<br>Reforms and re-establishes the Judicial Qualifications Commission and provides for its composition, governance, and powers.","YES","",14957,62.87,35513,26333,15,15,"0","0"
34,"Constitutional Amendment #3<br>Reforms and re-establishes the Judicial Qualifications Commission and provides for its composition, governance, and powers.","NO","",8833,37.13,35513,26333,15,15,"0","0"
35,"Constitutional Amendment #4<br>Dedicates revenue from existing taxes on fireworks to trauma care, fire services, and public safety.","YES","",19298,78.01,35513,26333,15,15,"0","0"
36,"Constitutional Amendment #4<br>Dedicates revenue from existing taxes on fireworks to trauma care, fire services, and public safety.","NO","",5440,21.99,35513,26333,15,15,"0","0"
