"line number","contest name","choice name","party name","total votes","percent of votes","registered voters","ballots cast","num Precinct total","num Precinct rptg","over votes","under votes"
1,"President of the United States","DONALD J. TRUMP","",5413,50.48,14630,10848,7,7,"0","0"
2,"President of the United States","HILLARY CLINTON","",5100,47.56,14630,10848,7,7,"0","0"
3,"President of the United States","GARY JOHNSON","",211,1.97,14630,10848,7,7,"0","0"
4,"United States Senator, Isakson","JOHNNY ISAKSON (I)","",5419,53.15,14630,10848,7,7,"0","0"
5,"United States Senator, Isakson","JIM BARKSDALE","",4454,43.68,14630,10848,7,7,"0","0"
6,"United States Senator, Isakson","ALLEN BUCKLEY","",323,3.17,14630,10848,7,7,"0","0"
7,"Public Service Commission, District 2 - Eastern","TIM ECHOLS (I)","",6077,66.36,14630,10847,7,7,"0","0"
8,"Public Service Commission, District 2 - Eastern","ERIC HOSKINS","",3081,33.64,14630,10847,7,7,"0","0"
9,"U.S. Representative, District 2","GREG DUKE","",5012,47.88,14630,10848,7,7,"0","0"
10,"U.S. Representative, District 2","SANFORD BISHOP (I)","",5456,52.12,14630,10848,7,7,"0","0"
11,"State Senator, District 18","JOHN F. KENNEDY (I)","",7923,100.00,14630,10847,7,7,"0","0"
12,"State Representative, District 139","PATTY J. BENTLEY (I)","",4034,100.00,7157,4809,3,3,"0","0"
13,"State Representative, District 140","ROBERT DICKEY (I)","",4918,100.00,7473,6038,4,4,"0","0"
14,"District Attorney, Macon Circuit","DAVID COOKE (I)","",8402,100.00,14630,10847,7,7,"0","0"
15,"CLERK SUPERIOR CT","J. WILDER (I) D","",8733,100.00,14630,10847,7,7,"0","0"
16,"SHERIFF","T. W. DEESE (I) D","",9223,100.00,14630,10847,7,7,"0","0"
17,"TAX COMMISSIONER","W. L. BROWN (I) D","",8897,100.00,14630,10847,7,7,"0","0"
18,"CORONER","K. E. ROOKS (I) R","",8442,100.00,14630,10847,7,7,"0","0"
19,"CC P5 AT LARGE","W. YODER (R)","",5830,55.30,14630,10847,7,7,"0","0"
20,"CC P5 AT LARGE","K. V. KENDRICK (D)","",4713,44.70,14630,10847,7,7,"0","0"
21,"CC P1","R. LEWIS (I) R","",2522,100.00,4153,3303,3,3,"0","0"
22,"CC P3","B. J. CRUMP (R)","",600,28.40,3173,2187,4,4,"0","0"
23,"CC P3","B. C. HILL (I) D","",1513,71.60,3173,2187,4,4,"0","0"
24,"BOE P1","B. MCDANIEL (I) R","",2148,68.87,4153,3303,3,3,"0","0"
25,"BOE P1","S. P. WILLIAMS (D)","",971,31.13,4153,3303,3,3,"0","0"
26,"BOE P3","B. M. JACKSON (D)","",1829,100.00,3173,2187,4,4,"0","0"
27,"SOIL AND WATER","G. HANCOCK (I)","",7964,100.00,14630,10847,7,7,"0","0"
28,"Constitutional Amendment #1<br>Provides greater flexibility and state accountability to fix failing schools through increasing community involvement.","YES","",4487,42.84,14630,10847,7,7,"0","0"
29,"Constitutional Amendment #1<br>Provides greater flexibility and state accountability to fix failing schools through increasing community involvement.","NO","",5988,57.16,14630,10847,7,7,"0","0"
30,"Constitutional Amendment #2<br>Authorizes penalties for sexual exploitation and assessments on adult entertainment to fund child victims' services.","YES","",8436,81.71,14630,10847,7,7,"0","0"
31,"Constitutional Amendment #2<br>Authorizes penalties for sexual exploitation and assessments on adult entertainment to fund child victims' services.","NO","",1888,18.29,14630,10847,7,7,"0","0"
32,"Constitutional Amendment #3<br>Reforms and re-establishes the Judicial Qualifications Commission and provides for its composition, governance, and powers.","YES","",6153,62.88,14630,10847,7,7,"0","0"
33,"Constitutional Amendment #3<br>Reforms and re-establishes the Judicial Qualifications Commission and provides for its composition, governance, and powers.","NO","",3633,37.12,14630,10847,7,7,"0","0"
34,"Constitutional Amendment #4<br>Dedicates revenue from existing taxes on fireworks to trauma care, fire services, and public safety.","YES","",8002,78.50,14630,10847,7,7,"0","0"
35,"Constitutional Amendment #4<br>Dedicates revenue from existing taxes on fireworks to trauma care, fire services, and public safety.","NO","",2191,21.50,14630,10847,7,7,"0","0"
