<?xml version="1.0"?>
<!--Election result snapshot imported from Tabulation System
-->
<ElectionResult>
    <Timestamp>11/14/2016 12:09:52 PM EST</Timestamp>
    <ElectionName>November 8, 2016 - General Election</ElectionName>
    <ElectionDate>11/8/2016</ElectionDate>
    <Region>Stewart</Region>
    <VoterTurnout totalVoters="2917" ballotsCast="2084" voterTurnout="71.44">
        <Precincts>
            <Precinct name="Richland" totalVoters="1305" ballotsCast="914" voterTurnout="70.04" percentReporting="4" />
            <Precinct name="Louvale" totalVoters="281" ballotsCast="209" voterTurnout="74.38" percentReporting="4" />
            <Precinct name="Lumpkin" totalVoters="1126" ballotsCast="799" voterTurnout="70.96" percentReporting="4" />
            <Precinct name="Omaha" totalVoters="205" ballotsCast="162" voterTurnout="79.02" percentReporting="4" />
        </Precincts>
    </VoterTurnout>
    <Contest key="1" text="President of the United States" isQuestion="false" precinctsReporting="4" precinctsReported="4">
        <VoteType name="Number of Precincts for Race" votes="4">
            <Precinct name="Richland" votes="1" />
            <Precinct name="Louvale" votes="1" />
            <Precinct name="Lumpkin" votes="1" />
            <Precinct name="Omaha" votes="1" />
        </VoteType>
        <VoteType name="Number of Precincts Reporting" votes="4">
            <Precinct name="Richland" votes="1" />
            <Precinct name="Louvale" votes="1" />
            <Precinct name="Lumpkin" votes="1" />
            <Precinct name="Omaha" votes="1" />
        </VoteType>
        <Choice key="10" text="DONALD J. TRUMP" totalVotes="805">
            <VoteType name="Election Day" votes="343">
                <Precinct name="Richland" votes="148" />
                <Precinct name="Louvale" votes="59" />
                <Precinct name="Lumpkin" votes="75" />
                <Precinct name="Omaha" votes="61" />
            </VoteType>
            <VoteType name="Absentee by Mail" votes="127">
                <Precinct name="Richland" votes="80" />
                <Precinct name="Louvale" votes="5" />
                <Precinct name="Lumpkin" votes="34" />
                <Precinct name="Omaha" votes="8" />
            </VoteType>
            <VoteType name="Advance in Person" votes="332">
                <Precinct name="Richland" votes="118" />
                <Precinct name="Louvale" votes="13" />
                <Precinct name="Lumpkin" votes="195" />
                <Precinct name="Omaha" votes="6" />
            </VoteType>
            <VoteType name="Provisional" votes="3">
                <Precinct name="Richland" votes="1" />
                <Precinct name="Louvale" votes="2" />
                <Precinct name="Lumpkin" votes="0" />
                <Precinct name="Omaha" votes="0" />
            </VoteType>
        </Choice>
        <Choice key="20" text="HILLARY CLINTON" totalVotes="1222">
            <VoteType name="Election Day" votes="587">
                <Precinct name="Richland" votes="300" />
                <Precinct name="Louvale" votes="94" />
                <Precinct name="Lumpkin" votes="141" />
                <Precinct name="Omaha" votes="52" />
            </VoteType>
            <VoteType name="Absentee by Mail" votes="221">
                <Precinct name="Richland" votes="140" />
                <Precinct name="Louvale" votes="10" />
                <Precinct name="Lumpkin" votes="59" />
                <Precinct name="Omaha" votes="12" />
            </VoteType>
            <VoteType name="Advance in Person" votes="412">
                <Precinct name="Richland" votes="109" />
                <Precinct name="Louvale" votes="18" />
                <Precinct name="Lumpkin" votes="270" />
                <Precinct name="Omaha" votes="15" />
            </VoteType>
            <VoteType name="Provisional" votes="2">
                <Precinct name="Richland" votes="0" />
                <Precinct name="Louvale" votes="2" />
                <Precinct name="Lumpkin" votes="0" />
                <Precinct name="Omaha" votes="0" />
            </VoteType>
        </Choice>
        <Choice key="30" text="GARY JOHNSON" totalVotes="28">
            <VoteType name="Election Day" votes="9">
                <Precinct name="Richland" votes="2" />
                <Precinct name="Louvale" votes="3" />
                <Precinct name="Lumpkin" votes="2" />
                <Precinct name="Omaha" votes="2" />
            </VoteType>
            <VoteType name="Absentee by Mail" votes="7">
                <Precinct name="Richland" votes="2" />
                <Precinct name="Louvale" votes="0" />
                <Precinct name="Lumpkin" votes="4" />
                <Precinct name="Omaha" votes="1" />
            </VoteType>
            <VoteType name="Advance in Person" votes="12">
                <Precinct name="Richland" votes="3" />
                <Precinct name="Louvale" votes="0" />
                <Precinct name="Lumpkin" votes="9" />
                <Precinct name="Omaha" votes="0" />
            </VoteType>
            <VoteType name="Provisional" votes="0">
                <Precinct name="Richland" votes="0" />
                <Precinct name="Louvale" votes="0" />
                <Precinct name="Lumpkin" votes="0" />
                <Precinct name="Omaha" votes="0" />
            </VoteType>
        </Choice>
    </Contest>
    <Contest key="10" text="United States Senator, Isakson" isQuestion="false" precinctsReporting="4" precinctsReported="4">
        <VoteType name="Number of Precincts for Race" votes="4">
            <Precinct name="Richland" votes="1" />
            <Precinct name="Louvale" votes="1" />
            <Precinct name="Lumpkin" votes="1" />
            <Precinct name="Omaha" votes="1" />
        </VoteType>
        <VoteType name="Number of Precincts Reporting" votes="4">
            <Precinct name="Richland" votes="1" />
            <Precinct name="Louvale" votes="1" />
            <Precinct name="Lumpkin" votes="1" />
            <Precinct name="Omaha" votes="1" />
        </VoteType>
        <Choice key="30" text="JOHNNY ISAKSON (I)" totalVotes="807">
            <VoteType name="Election Day" votes="344">
                <Precinct name="Richland" votes="147" />
                <Precinct name="Louvale" votes="57" />
                <Precinct name="Lumpkin" votes="80" />
                <Precinct name="Omaha" votes="60" />
            </VoteType>
            <VoteType name="Absentee by Mail" votes="141">
                <Precinct name="Richland" votes="92" />
                <Precinct name="Louvale" votes="4" />
                <Precinct name="Lumpkin" votes="37" />
                <Precinct name="Omaha" votes="8" />
            </VoteType>
            <VoteType name="Advance in Person" votes="319">
                <Precinct name="Richland" votes="111" />
                <Precinct name="Louvale" votes="12" />
                <Precinct name="Lumpkin" votes="192" />
                <Precinct name="Omaha" votes="4" />
            </VoteType>
            <VoteType name="Provisional" votes="3">
                <Precinct name="Richland" votes="1" />
                <Precinct name="Louvale" votes="2" />
                <Precinct name="Lumpkin" votes="0" />
                <Precinct name="Omaha" votes="0" />
            </VoteType>
        </Choice>
        <Choice key="40" text="JIM BARKSDALE" totalVotes="900">
            <VoteType name="Election Day" votes="451">
                <Precinct name="Richland" votes="233" />
                <Precinct name="Louvale" votes="73" />
                <Precinct name="Lumpkin" votes="112" />
                <Precinct name="Omaha" votes="33" />
            </VoteType>
            <VoteType name="Absentee by Mail" votes="151">
                <Precinct name="Richland" votes="93" />
                <Precinct name="Louvale" votes="10" />
                <Precinct name="Lumpkin" votes="41" />
                <Precinct name="Omaha" votes="7" />
            </VoteType>
            <VoteType name="Advance in Person" votes="296">
                <Precinct name="Richland" votes="76" />
                <Precinct name="Louvale" votes="14" />
                <Precinct name="Lumpkin" votes="194" />
                <Precinct name="Omaha" votes="12" />
            </VoteType>
            <VoteType name="Provisional" votes="2">
                <Precinct name="Richland" votes="0" />
                <Precinct name="Louvale" votes="2" />
                <Precinct name="Lumpkin" votes="0" />
                <Precinct name="Omaha" votes="0" />
            </VoteType>
        </Choice>
        <Choice key="50" text="ALLEN BUCKLEY" totalVotes="43">
            <VoteType name="Election Day" votes="19">
                <Precinct name="Richland" votes="9" />
                <Precinct name="Louvale" votes="4" />
                <Precinct name="Lumpkin" votes="3" />
                <Precinct name="Omaha" votes="3" />
            </VoteType>
            <VoteType name="Absentee by Mail" votes="9">
                <Precinct name="Richland" votes="4" />
                <Precinct name="Louvale" votes="1" />
                <Precinct name="Lumpkin" votes="3" />
                <Precinct name="Omaha" votes="1" />
            </VoteType>
            <VoteType name="Advance in Person" votes="15">
                <Precinct name="Richland" votes="5" />
                <Precinct name="Louvale" votes="3" />
                <Precinct name="Lumpkin" votes="7" />
                <Precinct name="Omaha" votes="0" />
            </VoteType>
            <VoteType name="Provisional" votes="0">
                <Precinct name="Richland" votes="0" />
                <Precinct name="Louvale" votes="0" />
                <Precinct name="Lumpkin" votes="0" />
                <Precinct name="Omaha" votes="0" />
            </VoteType>
        </Choice>
    </Contest>
    <Contest key="30" text="Public Service Commission, District 2 - Eastern" isQuestion="false" precinctsReporting="4" precinctsReported="4">
        <VoteType name="Number of Precincts for Race" votes="4">
            <Precinct name="Richland" votes="1" />
            <Precinct name="Louvale" votes="1" />
            <Precinct name="Lumpkin" votes="1" />
            <Precinct name="Omaha" votes="1" />
        </VoteType>
        <VoteType name="Number of Precincts Reporting" votes="4">
            <Precinct name="Richland" votes="1" />
            <Precinct name="Louvale" votes="1" />
            <Precinct name="Lumpkin" votes="1" />
            <Precinct name="Omaha" votes="1" />
        </VoteType>
        <Choice key="20" text="TIM ECHOLS (I)" totalVotes="826">
            <VoteType name="Election Day" votes="341">
                <Precinct name="Richland" votes="149" />
                <Precinct name="Louvale" votes="55" />
                <Precinct name="Lumpkin" votes="82" />
                <Precinct name="Omaha" votes="55" />
            </VoteType>
            <VoteType name="Absentee by Mail" votes="145">
                <Precinct name="Richland" votes="87" />
                <Precinct name="Louvale" votes="11" />
                <Precinct name="Lumpkin" votes="39" />
                <Precinct name="Omaha" votes="8" />
            </VoteType>
            <VoteType name="Advance in Person" votes="337">
                <Precinct name="Richland" votes="114" />
                <Precinct name="Louvale" votes="13" />
                <Precinct name="Lumpkin" votes="204" />
                <Precinct name="Omaha" votes="6" />
            </VoteType>
            <VoteType name="Provisional" votes="3">
                <Precinct name="Richland" votes="1" />
                <Precinct name="Louvale" votes="2" />
                <Precinct name="Lumpkin" votes="0" />
                <Precinct name="Omaha" votes="0" />
            </VoteType>
        </Choice>
        <Choice key="30" text="ERIC HOSKINS" totalVotes="556">
            <VoteType name="Election Day" votes="292">
                <Precinct name="Richland" votes="149" />
                <Precinct name="Louvale" votes="53" />
                <Precinct name="Lumpkin" votes="71" />
                <Precinct name="Omaha" votes="19" />
            </VoteType>
            <VoteType name="Absentee by Mail" votes="92">
                <Precinct name="Richland" votes="58" />
                <Precinct name="Louvale" votes="2" />
                <Precinct name="Lumpkin" votes="26" />
                <Precinct name="Omaha" votes="6" />
            </VoteType>
            <VoteType name="Advance in Person" votes="171">
                <Precinct name="Richland" votes="51" />
                <Precinct name="Louvale" votes="11" />
                <Precinct name="Lumpkin" votes="101" />
                <Precinct name="Omaha" votes="8" />
            </VoteType>
            <VoteType name="Provisional" votes="1">
                <Precinct name="Richland" votes="0" />
                <Precinct name="Louvale" votes="1" />
                <Precinct name="Lumpkin" votes="0" />
                <Precinct name="Omaha" votes="0" />
            </VoteType>
        </Choice>
    </Contest>
    <Contest key="50" text="U.S. Representative, District 2" isQuestion="false" precinctsReporting="4" precinctsReported="4">
        <VoteType name="Number of Precincts for Race" votes="4">
            <Precinct name="Richland" votes="1" />
            <Precinct name="Louvale" votes="1" />
            <Precinct name="Lumpkin" votes="1" />
            <Precinct name="Omaha" votes="1" />
        </VoteType>
        <VoteType name="Number of Precincts Reporting" votes="4">
            <Precinct name="Richland" votes="1" />
            <Precinct name="Louvale" votes="1" />
            <Precinct name="Lumpkin" votes="1" />
            <Precinct name="Omaha" votes="1" />
        </VoteType>
        <Choice key="10" text="GREG DUKE" totalVotes="529">
            <VoteType name="Election Day" votes="221">
                <Precinct name="Richland" votes="98" />
                <Precinct name="Louvale" votes="36" />
                <Precinct name="Lumpkin" votes="51" />
                <Precinct name="Omaha" votes="36" />
            </VoteType>
            <VoteType name="Absentee by Mail" votes="82">
                <Precinct name="Richland" votes="52" />
                <Precinct name="Louvale" votes="4" />
                <Precinct name="Lumpkin" votes="23" />
                <Precinct name="Omaha" votes="3" />
            </VoteType>
            <VoteType name="Advance in Person" votes="224">
                <Precinct name="Richland" votes="83" />
                <Precinct name="Louvale" votes="9" />
                <Precinct name="Lumpkin" votes="126" />
                <Precinct name="Omaha" votes="6" />
            </VoteType>
            <VoteType name="Provisional" votes="2">
                <Precinct name="Richland" votes="0" />
                <Precinct name="Louvale" votes="2" />
                <Precinct name="Lumpkin" votes="0" />
                <Precinct name="Omaha" votes="0" />
            </VoteType>
        </Choice>
        <Choice key="20" text="SANFORD BISHOP (I)" totalVotes="1455">
            <VoteType name="Election Day" votes="695">
                <Precinct name="Richland" votes="345" />
                <Precinct name="Louvale" votes="118" />
                <Precinct name="Lumpkin" votes="163" />
                <Precinct name="Omaha" votes="69" />
            </VoteType>
            <VoteType name="Absentee by Mail" votes="261">
                <Precinct name="Richland" votes="163" />
                <Precinct name="Louvale" votes="11" />
                <Precinct name="Lumpkin" votes="70" />
                <Precinct name="Omaha" votes="17" />
            </VoteType>
            <VoteType name="Advance in Person" votes="496">
                <Precinct name="Richland" votes="141" />
                <Precinct name="Louvale" votes="21" />
                <Precinct name="Lumpkin" votes="322" />
                <Precinct name="Omaha" votes="12" />
            </VoteType>
            <VoteType name="Provisional" votes="3">
                <Precinct name="Richland" votes="1" />
                <Precinct name="Louvale" votes="2" />
                <Precinct name="Lumpkin" votes="0" />
                <Precinct name="Omaha" votes="0" />
            </VoteType>
        </Choice>
    </Contest>
    <Contest key="80" text="State Senator, District 12" isQuestion="false" precinctsReporting="4" precinctsReported="4">
        <VoteType name="Number of Precincts for Race" votes="4">
            <Precinct name="Richland" votes="1" />
            <Precinct name="Louvale" votes="1" />
            <Precinct name="Lumpkin" votes="1" />
            <Precinct name="Omaha" votes="1" />
        </VoteType>
        <VoteType name="Number of Precincts Reporting" votes="4">
            <Precinct name="Richland" votes="1" />
            <Precinct name="Louvale" votes="1" />
            <Precinct name="Lumpkin" votes="1" />
            <Precinct name="Omaha" votes="1" />
        </VoteType>
        <Choice key="10" text="FREDDIE POWELL SIMS (I)" totalVotes="1248">
            <VoteType name="Election Day" votes="612">
                <Precinct name="Richland" votes="297" />
                <Precinct name="Louvale" votes="96" />
                <Precinct name="Lumpkin" votes="150" />
                <Precinct name="Omaha" votes="69" />
            </VoteType>
            <VoteType name="Absentee by Mail" votes="207">
                <Precinct name="Richland" votes="127" />
                <Precinct name="Louvale" votes="11" />
                <Precinct name="Lumpkin" votes="56" />
                <Precinct name="Omaha" votes="13" />
            </VoteType>
            <VoteType name="Advance in Person" votes="426">
                <Precinct name="Richland" votes="138" />
                <Precinct name="Louvale" votes="20" />
                <Precinct name="Lumpkin" votes="256" />
                <Precinct name="Omaha" votes="12" />
            </VoteType>
            <VoteType name="Provisional" votes="3">
                <Precinct name="Richland" votes="0" />
                <Precinct name="Louvale" votes="3" />
                <Precinct name="Lumpkin" votes="0" />
                <Precinct name="Omaha" votes="0" />
            </VoteType>
        </Choice>
    </Contest>
    <Contest key="90" text="State Representative, District 151" isQuestion="false" precinctsReporting="4" precinctsReported="4">
        <VoteType name="Number of Precincts for Race" votes="4">
            <Precinct name="Richland" votes="1" />
            <Precinct name="Louvale" votes="1" />
            <Precinct name="Lumpkin" votes="1" />
            <Precinct name="Omaha" votes="1" />
        </VoteType>
        <VoteType name="Number of Precincts Reporting" votes="4">
            <Precinct name="Richland" votes="1" />
            <Precinct name="Louvale" votes="1" />
            <Precinct name="Lumpkin" votes="1" />
            <Precinct name="Omaha" votes="1" />
        </VoteType>
        <Choice key="10" text="GERALD GREENE (I)" totalVotes="1133">
            <VoteType name="Election Day" votes="462">
                <Precinct name="Richland" votes="207" />
                <Precinct name="Louvale" votes="79" />
                <Precinct name="Lumpkin" votes="108" />
                <Precinct name="Omaha" votes="68" />
            </VoteType>
            <VoteType name="Absentee by Mail" votes="215">
                <Precinct name="Richland" votes="134" />
                <Precinct name="Louvale" votes="8" />
                <Precinct name="Lumpkin" votes="64" />
                <Precinct name="Omaha" votes="9" />
            </VoteType>
            <VoteType name="Advance in Person" votes="453">
                <Precinct name="Richland" votes="148" />
                <Precinct name="Louvale" votes="15" />
                <Precinct name="Lumpkin" votes="281" />
                <Precinct name="Omaha" votes="9" />
            </VoteType>
            <VoteType name="Provisional" votes="3">
                <Precinct name="Richland" votes="1" />
                <Precinct name="Louvale" votes="2" />
                <Precinct name="Lumpkin" votes="0" />
                <Precinct name="Omaha" votes="0" />
            </VoteType>
        </Choice>
        <Choice key="20" text="KENNETH ZACHARY JR" totalVotes="645">
            <VoteType name="Election Day" votes="344">
                <Precinct name="Richland" votes="183" />
                <Precinct name="Louvale" votes="56" />
                <Precinct name="Lumpkin" votes="84" />
                <Precinct name="Omaha" votes="21" />
            </VoteType>
            <VoteType name="Absentee by Mail" votes="101">
                <Precinct name="Richland" votes="67" />
                <Precinct name="Louvale" votes="6" />
                <Precinct name="Lumpkin" votes="21" />
                <Precinct name="Omaha" votes="7" />
            </VoteType>
            <VoteType name="Advance in Person" votes="199">
                <Precinct name="Richland" votes="60" />
                <Precinct name="Louvale" votes="12" />
                <Precinct name="Lumpkin" votes="120" />
                <Precinct name="Omaha" votes="7" />
            </VoteType>
            <VoteType name="Provisional" votes="1">
                <Precinct name="Richland" votes="0" />
                <Precinct name="Louvale" votes="1" />
                <Precinct name="Lumpkin" votes="0" />
                <Precinct name="Omaha" votes="0" />
            </VoteType>
        </Choice>
    </Contest>
    <Contest key="110" text="District Attorney, Southwestern Circuit" isQuestion="false" precinctsReporting="4" precinctsReported="4">
        <VoteType name="Number of Precincts for Race" votes="4">
            <Precinct name="Richland" votes="1" />
            <Precinct name="Louvale" votes="1" />
            <Precinct name="Lumpkin" votes="1" />
            <Precinct name="Omaha" votes="1" />
        </VoteType>
        <VoteType name="Number of Precincts Reporting" votes="4">
            <Precinct name="Richland" votes="1" />
            <Precinct name="Louvale" votes="1" />
            <Precinct name="Lumpkin" votes="1" />
            <Precinct name="Omaha" votes="1" />
        </VoteType>
        <Choice key="10" text="PLEZ H. HARDIN (I)" totalVotes="1043">
            <VoteType name="Election Day" votes="474">
                <Precinct name="Richland" votes="227" />
                <Precinct name="Louvale" votes="70" />
                <Precinct name="Lumpkin" votes="110" />
                <Precinct name="Omaha" votes="67" />
            </VoteType>
            <VoteType name="Absentee by Mail" votes="156">
                <Precinct name="Richland" votes="94" />
                <Precinct name="Louvale" votes="6" />
                <Precinct name="Lumpkin" votes="45" />
                <Precinct name="Omaha" votes="11" />
            </VoteType>
            <VoteType name="Advance in Person" votes="410">
                <Precinct name="Richland" votes="137" />
                <Precinct name="Louvale" votes="18" />
                <Precinct name="Lumpkin" votes="245" />
                <Precinct name="Omaha" votes="10" />
            </VoteType>
            <VoteType name="Provisional" votes="3">
                <Precinct name="Richland" votes="0" />
                <Precinct name="Louvale" votes="3" />
                <Precinct name="Lumpkin" votes="0" />
                <Precinct name="Omaha" votes="0" />
            </VoteType>
        </Choice>
    </Contest>
    <Contest key="140" text="CLERK, SUPERIOR COURT" isQuestion="false" precinctsReporting="4" precinctsReported="4">
        <VoteType name="Number of Precincts for Race" votes="4">
            <Precinct name="Richland" votes="1" />
            <Precinct name="Louvale" votes="1" />
            <Precinct name="Lumpkin" votes="1" />
            <Precinct name="Omaha" votes="1" />
        </VoteType>
        <VoteType name="Number of Precincts Reporting" votes="4">
            <Precinct name="Richland" votes="1" />
            <Precinct name="Louvale" votes="1" />
            <Precinct name="Lumpkin" votes="1" />
            <Precinct name="Omaha" votes="1" />
        </VoteType>
        <Choice key="20" text="M. DUDLEY (D)" totalVotes="1270">
            <VoteType name="Election Day" votes="570">
                <Precinct name="Richland" votes="286" />
                <Precinct name="Louvale" votes="101" />
                <Precinct name="Lumpkin" votes="113" />
                <Precinct name="Omaha" votes="70" />
            </VoteType>
            <VoteType name="Absentee by Mail" votes="258">
                <Precinct name="Richland" votes="175" />
                <Precinct name="Louvale" votes="12" />
                <Precinct name="Lumpkin" votes="58" />
                <Precinct name="Omaha" votes="13" />
            </VoteType>
            <VoteType name="Advance in Person" votes="437">
                <Precinct name="Richland" votes="164" />
                <Precinct name="Louvale" votes="17" />
                <Precinct name="Lumpkin" votes="245" />
                <Precinct name="Omaha" votes="11" />
            </VoteType>
            <VoteType name="Provisional" votes="5">
                <Precinct name="Richland" votes="1" />
                <Precinct name="Louvale" votes="4" />
                <Precinct name="Lumpkin" votes="0" />
                <Precinct name="Omaha" votes="0" />
            </VoteType>
        </Choice>
        <Choice key="30" text="C. MATTHEWS (IN)" totalVotes="664">
            <VoteType name="Election Day" votes="321">
                <Precinct name="Richland" votes="136" />
                <Precinct name="Louvale" votes="53" />
                <Precinct name="Lumpkin" votes="95" />
                <Precinct name="Omaha" votes="37" />
            </VoteType>
            <VoteType name="Absentee by Mail" votes="86">
                <Precinct name="Richland" votes="43" />
                <Precinct name="Louvale" votes="3" />
                <Precinct name="Lumpkin" votes="33" />
                <Precinct name="Omaha" votes="7" />
            </VoteType>
            <VoteType name="Advance in Person" votes="257">
                <Precinct name="Richland" votes="52" />
                <Precinct name="Louvale" votes="10" />
                <Precinct name="Lumpkin" votes="187" />
                <Precinct name="Omaha" votes="8" />
            </VoteType>
            <VoteType name="Provisional" votes="0">
                <Precinct name="Richland" votes="0" />
                <Precinct name="Louvale" votes="0" />
                <Precinct name="Lumpkin" votes="0" />
                <Precinct name="Omaha" votes="0" />
            </VoteType>
        </Choice>
    </Contest>
    <Contest key="160" text="SHERIFF" isQuestion="false" precinctsReporting="4" precinctsReported="4">
        <VoteType name="Number of Precincts for Race" votes="4">
            <Precinct name="Richland" votes="1" />
            <Precinct name="Louvale" votes="1" />
            <Precinct name="Lumpkin" votes="1" />
            <Precinct name="Omaha" votes="1" />
        </VoteType>
        <VoteType name="Number of Precincts Reporting" votes="4">
            <Precinct name="Richland" votes="1" />
            <Precinct name="Louvale" votes="1" />
            <Precinct name="Lumpkin" votes="1" />
            <Precinct name="Omaha" votes="1" />
        </VoteType>
        <Choice key="20" text="L. JONES (I) D" totalVotes="1706">
            <VoteType name="Election Day" votes="828">
                <Precinct name="Richland" votes="410" />
                <Precinct name="Louvale" votes="139" />
                <Precinct name="Lumpkin" votes="188" />
                <Precinct name="Omaha" votes="91" />
            </VoteType>
            <VoteType name="Absentee by Mail" votes="250">
                <Precinct name="Richland" votes="154" />
                <Precinct name="Louvale" votes="14" />
                <Precinct name="Lumpkin" votes="69" />
                <Precinct name="Omaha" votes="13" />
            </VoteType>
            <VoteType name="Advance in Person" votes="624">
                <Precinct name="Richland" votes="196" />
                <Precinct name="Louvale" votes="25" />
                <Precinct name="Lumpkin" votes="387" />
                <Precinct name="Omaha" votes="16" />
            </VoteType>
            <VoteType name="Provisional" votes="4">
                <Precinct name="Richland" votes="0" />
                <Precinct name="Louvale" votes="4" />
                <Precinct name="Lumpkin" votes="0" />
                <Precinct name="Omaha" votes="0" />
            </VoteType>
        </Choice>
    </Contest>
    <Contest key="180" text="TAX COMMMISSIONER" isQuestion="false" precinctsReporting="4" precinctsReported="4">
        <VoteType name="Number of Precincts for Race" votes="4">
            <Precinct name="Richland" votes="1" />
            <Precinct name="Louvale" votes="1" />
            <Precinct name="Lumpkin" votes="1" />
            <Precinct name="Omaha" votes="1" />
        </VoteType>
        <VoteType name="Number of Precincts Reporting" votes="4">
            <Precinct name="Richland" votes="1" />
            <Precinct name="Louvale" votes="1" />
            <Precinct name="Lumpkin" votes="1" />
            <Precinct name="Omaha" votes="1" />
        </VoteType>
        <Choice key="10" text="K. BASS (I) D" totalVotes="1610">
            <VoteType name="Election Day" votes="775">
                <Precinct name="Richland" votes="391" />
                <Precinct name="Louvale" votes="124" />
                <Precinct name="Lumpkin" votes="175" />
                <Precinct name="Omaha" votes="85" />
            </VoteType>
            <VoteType name="Absentee by Mail" votes="234">
                <Precinct name="Richland" votes="147" />
                <Precinct name="Louvale" votes="13" />
                <Precinct name="Lumpkin" votes="62" />
                <Precinct name="Omaha" votes="12" />
            </VoteType>
            <VoteType name="Advance in Person" votes="597">
                <Precinct name="Richland" votes="197" />
                <Precinct name="Louvale" votes="26" />
                <Precinct name="Lumpkin" votes="359" />
                <Precinct name="Omaha" votes="15" />
            </VoteType>
            <VoteType name="Provisional" votes="4">
                <Precinct name="Richland" votes="0" />
                <Precinct name="Louvale" votes="4" />
                <Precinct name="Lumpkin" votes="0" />
                <Precinct name="Omaha" votes="0" />
            </VoteType>
        </Choice>
    </Contest>
    <Contest key="200" text="CORONER" isQuestion="false" precinctsReporting="4" precinctsReported="4">
        <VoteType name="Number of Precincts for Race" votes="4">
            <Precinct name="Richland" votes="1" />
            <Precinct name="Louvale" votes="1" />
            <Precinct name="Lumpkin" votes="1" />
            <Precinct name="Omaha" votes="1" />
        </VoteType>
        <VoteType name="Number of Precincts Reporting" votes="4">
            <Precinct name="Richland" votes="1" />
            <Precinct name="Louvale" votes="1" />
            <Precinct name="Lumpkin" votes="1" />
            <Precinct name="Omaha" votes="1" />
        </VoteType>
        <Choice key="10" text="S. AMMONS (I) D" totalVotes="1450">
            <VoteType name="Election Day" votes="707">
                <Precinct name="Richland" votes="344" />
                <Precinct name="Louvale" votes="119" />
                <Precinct name="Lumpkin" votes="165" />
                <Precinct name="Omaha" votes="79" />
            </VoteType>
            <VoteType name="Absentee by Mail" votes="218">
                <Precinct name="Richland" votes="130" />
                <Precinct name="Louvale" votes="14" />
                <Precinct name="Lumpkin" votes="61" />
                <Precinct name="Omaha" votes="13" />
            </VoteType>
            <VoteType name="Advance in Person" votes="522">
                <Precinct name="Richland" votes="162" />
                <Precinct name="Louvale" votes="24" />
                <Precinct name="Lumpkin" votes="325" />
                <Precinct name="Omaha" votes="11" />
            </VoteType>
            <VoteType name="Provisional" votes="3">
                <Precinct name="Richland" votes="0" />
                <Precinct name="Louvale" votes="3" />
                <Precinct name="Lumpkin" votes="0" />
                <Precinct name="Omaha" votes="0" />
            </VoteType>
        </Choice>
    </Contest>
    <Contest key="220" text="CHIEF MAGISTRATE" isQuestion="false" precinctsReporting="4" precinctsReported="4">
        <VoteType name="Number of Precincts for Race" votes="4">
            <Precinct name="Richland" votes="1" />
            <Precinct name="Louvale" votes="1" />
            <Precinct name="Lumpkin" votes="1" />
            <Precinct name="Omaha" votes="1" />
        </VoteType>
        <VoteType name="Number of Precincts Reporting" votes="4">
            <Precinct name="Richland" votes="1" />
            <Precinct name="Louvale" votes="1" />
            <Precinct name="Lumpkin" votes="1" />
            <Precinct name="Omaha" votes="1" />
        </VoteType>
        <Choice key="10" text="G. AMMONS (I) D" totalVotes="1456">
            <VoteType name="Election Day" votes="710">
                <Precinct name="Richland" votes="344" />
                <Precinct name="Louvale" votes="119" />
                <Precinct name="Lumpkin" votes="166" />
                <Precinct name="Omaha" votes="81" />
            </VoteType>
            <VoteType name="Absentee by Mail" votes="223">
                <Precinct name="Richland" votes="136" />
                <Precinct name="Louvale" votes="13" />
                <Precinct name="Lumpkin" votes="61" />
                <Precinct name="Omaha" votes="13" />
            </VoteType>
            <VoteType name="Advance in Person" votes="520">
                <Precinct name="Richland" votes="162" />
                <Precinct name="Louvale" votes="23" />
                <Precinct name="Lumpkin" votes="325" />
                <Precinct name="Omaha" votes="10" />
            </VoteType>
            <VoteType name="Provisional" votes="3">
                <Precinct name="Richland" votes="0" />
                <Precinct name="Louvale" votes="3" />
                <Precinct name="Lumpkin" votes="0" />
                <Precinct name="Omaha" votes="0" />
            </VoteType>
        </Choice>
    </Contest>
    <Contest key="240" text="CC, D1" isQuestion="false" precinctsReporting="2" precinctsReported="2">
        <VoteType name="Number of Precincts for Race" votes="2">
            <Precinct name="Lumpkin" votes="1" />
            <Precinct name="Omaha" votes="1" />
        </VoteType>
        <VoteType name="Number of Precincts Reporting" votes="2">
            <Precinct name="Lumpkin" votes="1" />
            <Precinct name="Omaha" votes="1" />
        </VoteType>
        <Choice key="20" text="J. LEE (I) D" totalVotes="204">
            <VoteType name="Election Day" votes="79">
                <Precinct name="Lumpkin" votes="37" />
                <Precinct name="Omaha" votes="42" />
            </VoteType>
            <VoteType name="Absentee by Mail" votes="23">
                <Precinct name="Lumpkin" votes="11" />
                <Precinct name="Omaha" votes="12" />
            </VoteType>
            <VoteType name="Advance in Person" votes="102">
                <Precinct name="Lumpkin" votes="96" />
                <Precinct name="Omaha" votes="6" />
            </VoteType>
            <VoteType name="Provisional" votes="0">
                <Precinct name="Lumpkin" votes="0" />
                <Precinct name="Omaha" votes="0" />
            </VoteType>
        </Choice>
        <Choice key="30" text="T. NELSON (IN)" totalVotes="243">
            <VoteType name="Election Day" votes="115">
                <Precinct name="Lumpkin" votes="40" />
                <Precinct name="Omaha" votes="75" />
            </VoteType>
            <VoteType name="Absentee by Mail" votes="24">
                <Precinct name="Lumpkin" votes="15" />
                <Precinct name="Omaha" votes="9" />
            </VoteType>
            <VoteType name="Advance in Person" votes="104">
                <Precinct name="Lumpkin" votes="90" />
                <Precinct name="Omaha" votes="14" />
            </VoteType>
            <VoteType name="Provisional" votes="0">
                <Precinct name="Lumpkin" votes="0" />
                <Precinct name="Omaha" votes="0" />
            </VoteType>
        </Choice>
    </Contest>
    <Contest key="260" text="CC, D3" isQuestion="false" precinctsReporting="2" precinctsReported="2">
        <VoteType name="Number of Precincts for Race" votes="2">
            <Precinct name="Richland" votes="1" />
            <Precinct name="Lumpkin" votes="1" />
        </VoteType>
        <VoteType name="Number of Precincts Reporting" votes="2">
            <Precinct name="Richland" votes="1" />
            <Precinct name="Lumpkin" votes="1" />
        </VoteType>
        <Choice key="10" text="E. BROWN (I) D" totalVotes="268">
            <VoteType name="Election Day" votes="78">
                <Precinct name="Richland" votes="76" />
                <Precinct name="Lumpkin" votes="2" />
            </VoteType>
            <VoteType name="Absentee by Mail" votes="119">
                <Precinct name="Richland" votes="107" />
                <Precinct name="Lumpkin" votes="12" />
            </VoteType>
            <VoteType name="Advance in Person" votes="71">
                <Precinct name="Richland" votes="53" />
                <Precinct name="Lumpkin" votes="18" />
            </VoteType>
            <VoteType name="Provisional" votes="0">
                <Precinct name="Richland" votes="0" />
                <Precinct name="Lumpkin" votes="0" />
            </VoteType>
        </Choice>
        <Choice key="20" text="E. WHITE (IN)" totalVotes="212">
            <VoteType name="Election Day" votes="102">
                <Precinct name="Richland" votes="95" />
                <Precinct name="Lumpkin" votes="7" />
            </VoteType>
            <VoteType name="Absentee by Mail" votes="50">
                <Precinct name="Richland" votes="44" />
                <Precinct name="Lumpkin" votes="6" />
            </VoteType>
            <VoteType name="Advance in Person" votes="60">
                <Precinct name="Richland" votes="48" />
                <Precinct name="Lumpkin" votes="12" />
            </VoteType>
            <VoteType name="Provisional" votes="0">
                <Precinct name="Richland" votes="0" />
                <Precinct name="Lumpkin" votes="0" />
            </VoteType>
        </Choice>
    </Contest>
    <Contest key="280" text="CC, D5" isQuestion="false" precinctsReporting="2" precinctsReported="2">
        <VoteType name="Number of Precincts for Race" votes="2">
            <Precinct name="Richland" votes="1" />
            <Precinct name="Lumpkin" votes="1" />
        </VoteType>
        <VoteType name="Number of Precincts Reporting" votes="2">
            <Precinct name="Richland" votes="1" />
            <Precinct name="Lumpkin" votes="1" />
        </VoteType>
        <Choice key="10" text="A. SCOTT (I) D" totalVotes="273">
            <VoteType name="Election Day" votes="103">
                <Precinct name="Richland" votes="33" />
                <Precinct name="Lumpkin" votes="70" />
            </VoteType>
            <VoteType name="Absentee by Mail" votes="33">
                <Precinct name="Richland" votes="7" />
                <Precinct name="Lumpkin" votes="26" />
            </VoteType>
            <VoteType name="Advance in Person" votes="137">
                <Precinct name="Richland" votes="24" />
                <Precinct name="Lumpkin" votes="113" />
            </VoteType>
            <VoteType name="Provisional" votes="0">
                <Precinct name="Richland" votes="0" />
                <Precinct name="Lumpkin" votes="0" />
            </VoteType>
        </Choice>
    </Contest>
    <Contest key="290" text="Constitutional Amendment #1&lt;br&gt;Provides greater flexibility and state accountability to fix failing schools through increasing community involvement." isQuestion="false" precinctsReporting="4" precinctsReported="4">
        <VoteType name="Number of Precincts for Race" votes="4">
            <Precinct name="Richland" votes="1" />
            <Precinct name="Louvale" votes="1" />
            <Precinct name="Lumpkin" votes="1" />
            <Precinct name="Omaha" votes="1" />
        </VoteType>
        <VoteType name="Number of Precincts Reporting" votes="4">
            <Precinct name="Richland" votes="1" />
            <Precinct name="Louvale" votes="1" />
            <Precinct name="Lumpkin" votes="1" />
            <Precinct name="Omaha" votes="1" />
        </VoteType>
        <Choice key="10" text="YES" totalVotes="907">
            <VoteType name="Election Day" votes="372">
                <Precinct name="Richland" votes="166" />
                <Precinct name="Louvale" votes="51" />
                <Precinct name="Lumpkin" votes="98" />
                <Precinct name="Omaha" votes="57" />
            </VoteType>
            <VoteType name="Absentee by Mail" votes="157">
                <Precinct name="Richland" votes="94" />
                <Precinct name="Louvale" votes="12" />
                <Precinct name="Lumpkin" votes="43" />
                <Precinct name="Omaha" votes="8" />
            </VoteType>
            <VoteType name="Advance in Person" votes="376">
                <Precinct name="Richland" votes="107" />
                <Precinct name="Louvale" votes="10" />
                <Precinct name="Lumpkin" votes="245" />
                <Precinct name="Omaha" votes="14" />
            </VoteType>
            <VoteType name="Provisional" votes="2">
                <Precinct name="Richland" votes="0" />
                <Precinct name="Louvale" votes="2" />
                <Precinct name="Lumpkin" votes="0" />
                <Precinct name="Omaha" votes="0" />
            </VoteType>
        </Choice>
        <Choice key="20" text="NO" totalVotes="913">
            <VoteType name="Election Day" votes="492">
                <Precinct name="Richland" votes="253" />
                <Precinct name="Louvale" votes="98" />
                <Precinct name="Lumpkin" votes="100" />
                <Precinct name="Omaha" votes="41" />
            </VoteType>
            <VoteType name="Absentee by Mail" votes="116">
                <Precinct name="Richland" votes="73" />
                <Precinct name="Louvale" votes="3" />
                <Precinct name="Lumpkin" votes="33" />
                <Precinct name="Omaha" votes="7" />
            </VoteType>
            <VoteType name="Advance in Person" votes="303">
                <Precinct name="Richland" votes="104" />
                <Precinct name="Louvale" votes="19" />
                <Precinct name="Lumpkin" votes="174" />
                <Precinct name="Omaha" votes="6" />
            </VoteType>
            <VoteType name="Provisional" votes="2">
                <Precinct name="Richland" votes="1" />
                <Precinct name="Louvale" votes="1" />
                <Precinct name="Lumpkin" votes="0" />
                <Precinct name="Omaha" votes="0" />
            </VoteType>
        </Choice>
    </Contest>
    <Contest key="300" text="Constitutional Amendment #2&lt;br&gt;Authorizes penalties for sexual exploitation and assessments on adult entertainment to fund child victims' services." isQuestion="false" precinctsReporting="4" precinctsReported="4">
        <VoteType name="Number of Precincts for Race" votes="4">
            <Precinct name="Richland" votes="1" />
            <Precinct name="Louvale" votes="1" />
            <Precinct name="Lumpkin" votes="1" />
            <Precinct name="Omaha" votes="1" />
        </VoteType>
        <VoteType name="Number of Precincts Reporting" votes="4">
            <Precinct name="Richland" votes="1" />
            <Precinct name="Louvale" votes="1" />
            <Precinct name="Lumpkin" votes="1" />
            <Precinct name="Omaha" votes="1" />
        </VoteType>
        <Choice key="10" text="YES" totalVotes="1344">
            <VoteType name="Election Day" votes="620">
                <Precinct name="Richland" votes="305" />
                <Precinct name="Louvale" votes="95" />
                <Precinct name="Lumpkin" votes="135" />
                <Precinct name="Omaha" votes="85" />
            </VoteType>
            <VoteType name="Absentee by Mail" votes="213">
                <Precinct name="Richland" votes="129" />
                <Precinct name="Louvale" votes="11" />
                <Precinct name="Lumpkin" votes="61" />
                <Precinct name="Omaha" votes="12" />
            </VoteType>
            <VoteType name="Advance in Person" votes="507">
                <Precinct name="Richland" votes="159" />
                <Precinct name="Louvale" votes="17" />
                <Precinct name="Lumpkin" votes="314" />
                <Precinct name="Omaha" votes="17" />
            </VoteType>
            <VoteType name="Provisional" votes="4">
                <Precinct name="Richland" votes="1" />
                <Precinct name="Louvale" votes="3" />
                <Precinct name="Lumpkin" votes="0" />
                <Precinct name="Omaha" votes="0" />
            </VoteType>
        </Choice>
        <Choice key="20" text="NO" totalVotes="362">
            <VoteType name="Election Day" votes="193">
                <Precinct name="Richland" votes="79" />
                <Precinct name="Louvale" votes="42" />
                <Precinct name="Lumpkin" votes="58" />
                <Precinct name="Omaha" votes="14" />
            </VoteType>
            <VoteType name="Absentee by Mail" votes="47">
                <Precinct name="Richland" votes="29" />
                <Precinct name="Louvale" votes="1" />
                <Precinct name="Lumpkin" votes="14" />
                <Precinct name="Omaha" votes="3" />
            </VoteType>
            <VoteType name="Advance in Person" votes="122">
                <Precinct name="Richland" votes="34" />
                <Precinct name="Louvale" votes="10" />
                <Precinct name="Lumpkin" votes="77" />
                <Precinct name="Omaha" votes="1" />
            </VoteType>
            <VoteType name="Provisional" votes="0">
                <Precinct name="Richland" votes="0" />
                <Precinct name="Louvale" votes="0" />
                <Precinct name="Lumpkin" votes="0" />
                <Precinct name="Omaha" votes="0" />
            </VoteType>
        </Choice>
    </Contest>
    <Contest key="310" text="Constitutional Amendment #3&lt;br&gt;Reforms and re-establishes the Judicial Qualifications Commission and provides for its composition, governance, and powers." isQuestion="false" precinctsReporting="4" precinctsReported="4">
        <VoteType name="Number of Precincts for Race" votes="4">
            <Precinct name="Richland" votes="1" />
            <Precinct name="Louvale" votes="1" />
            <Precinct name="Lumpkin" votes="1" />
            <Precinct name="Omaha" votes="1" />
        </VoteType>
        <VoteType name="Number of Precincts Reporting" votes="4">
            <Precinct name="Richland" votes="1" />
            <Precinct name="Louvale" votes="1" />
            <Precinct name="Lumpkin" votes="1" />
            <Precinct name="Omaha" votes="1" />
        </VoteType>
        <Choice key="10" text="YES" totalVotes="991">
            <VoteType name="Election Day" votes="450">
                <Precinct name="Richland" votes="223" />
                <Precinct name="Louvale" votes="61" />
                <Precinct name="Lumpkin" votes="109" />
                <Precinct name="Omaha" votes="57" />
            </VoteType>
            <VoteType name="Absentee by Mail" votes="173">
                <Precinct name="Richland" votes="100" />
                <Precinct name="Louvale" votes="10" />
                <Precinct name="Lumpkin" votes="52" />
                <Precinct name="Omaha" votes="11" />
            </VoteType>
            <VoteType name="Advance in Person" votes="366">
                <Precinct name="Richland" votes="117" />
                <Precinct name="Louvale" votes="12" />
                <Precinct name="Lumpkin" votes="223" />
                <Precinct name="Omaha" votes="14" />
            </VoteType>
            <VoteType name="Provisional" votes="2">
                <Precinct name="Richland" votes="1" />
                <Precinct name="Louvale" votes="1" />
                <Precinct name="Lumpkin" votes="0" />
                <Precinct name="Omaha" votes="0" />
            </VoteType>
        </Choice>
        <Choice key="20" text="NO" totalVotes="577">
            <VoteType name="Election Day" votes="276">
                <Precinct name="Richland" votes="128" />
                <Precinct name="Louvale" votes="62" />
                <Precinct name="Lumpkin" votes="59" />
                <Precinct name="Omaha" votes="27" />
            </VoteType>
            <VoteType name="Absentee by Mail" votes="74">
                <Precinct name="Richland" votes="48" />
                <Precinct name="Louvale" votes="3" />
                <Precinct name="Lumpkin" votes="19" />
                <Precinct name="Omaha" votes="4" />
            </VoteType>
            <VoteType name="Advance in Person" votes="225">
                <Precinct name="Richland" votes="69" />
                <Precinct name="Louvale" votes="15" />
                <Precinct name="Lumpkin" votes="136" />
                <Precinct name="Omaha" votes="5" />
            </VoteType>
            <VoteType name="Provisional" votes="2">
                <Precinct name="Richland" votes="0" />
                <Precinct name="Louvale" votes="2" />
                <Precinct name="Lumpkin" votes="0" />
                <Precinct name="Omaha" votes="0" />
            </VoteType>
        </Choice>
    </Contest>
    <Contest key="320" text="Constitutional Amendment #4&lt;br&gt;Dedicates revenue from existing taxes on fireworks to trauma care, fire services, and public safety." isQuestion="false" precinctsReporting="4" precinctsReported="4">
        <VoteType name="Number of Precincts for Race" votes="4">
            <Precinct name="Richland" votes="1" />
            <Precinct name="Louvale" votes="1" />
            <Precinct name="Lumpkin" votes="1" />
            <Precinct name="Omaha" votes="1" />
        </VoteType>
        <VoteType name="Number of Precincts Reporting" votes="4">
            <Precinct name="Richland" votes="1" />
            <Precinct name="Louvale" votes="1" />
            <Precinct name="Lumpkin" votes="1" />
            <Precinct name="Omaha" votes="1" />
        </VoteType>
        <Choice key="10" text="YES" totalVotes="1276">
            <VoteType name="Election Day" votes="562">
                <Precinct name="Richland" votes="284" />
                <Precinct name="Louvale" votes="89" />
                <Precinct name="Lumpkin" votes="120" />
                <Precinct name="Omaha" votes="69" />
            </VoteType>
            <VoteType name="Absentee by Mail" votes="223">
                <Precinct name="Richland" votes="143" />
                <Precinct name="Louvale" votes="10" />
                <Precinct name="Lumpkin" votes="59" />
                <Precinct name="Omaha" votes="11" />
            </VoteType>
            <VoteType name="Advance in Person" votes="488">
                <Precinct name="Richland" votes="156" />
                <Precinct name="Louvale" votes="20" />
                <Precinct name="Lumpkin" votes="296" />
                <Precinct name="Omaha" votes="16" />
            </VoteType>
            <VoteType name="Provisional" votes="3">
                <Precinct name="Richland" votes="1" />
                <Precinct name="Louvale" votes="2" />
                <Precinct name="Lumpkin" votes="0" />
                <Precinct name="Omaha" votes="0" />
            </VoteType>
        </Choice>
        <Choice key="20" text="NO" totalVotes="387">
            <VoteType name="Election Day" votes="210">
                <Precinct name="Richland" votes="91" />
                <Precinct name="Louvale" votes="41" />
                <Precinct name="Lumpkin" votes="59" />
                <Precinct name="Omaha" votes="19" />
            </VoteType>
            <VoteType name="Absentee by Mail" votes="45">
                <Precinct name="Richland" votes="20" />
                <Precinct name="Louvale" votes="3" />
                <Precinct name="Lumpkin" votes="18" />
                <Precinct name="Omaha" votes="4" />
            </VoteType>
            <VoteType name="Advance in Person" votes="131">
                <Precinct name="Richland" votes="34" />
                <Precinct name="Louvale" votes="7" />
                <Precinct name="Lumpkin" votes="87" />
                <Precinct name="Omaha" votes="3" />
            </VoteType>
            <VoteType name="Provisional" votes="1">
                <Precinct name="Richland" votes="0" />
                <Precinct name="Louvale" votes="1" />
                <Precinct name="Lumpkin" votes="0" />
                <Precinct name="Omaha" votes="0" />
            </VoteType>
        </Choice>
    </Contest>
</ElectionResult>