<?xml version="1.0"?>
<!--Election result snapshot imported from Tabulation System
-->
<ElectionResult>
    <Timestamp>11/14/2016 3:44:05 PM EST</Timestamp>
    <ElectionName>November 8, 2016 - General Election</ElectionName>
    <ElectionDate>11/8/2016</ElectionDate>
    <Region>Brooks</Region>
    <VoterTurnout totalVoters="8642" ballotsCast="6390" voterTurnout="73.94">
        <Precincts>
            <Precinct name="Quitman" totalVoters="3249" ballotsCast="2265" voterTurnout="69.71" percentReporting="4" />
            <Precinct name="Barwick" totalVoters="308" ballotsCast="229" voterTurnout="74.35" percentReporting="4" />
            <Precinct name="Dixie" totalVoters="892" ballotsCast="684" voterTurnout="76.68" percentReporting="4" />
            <Precinct name="Briggs" totalVoters="1626" ballotsCast="1266" voterTurnout="77.86" percentReporting="4" />
            <Precinct name="Pavo" totalVoters="440" ballotsCast="342" voterTurnout="77.73" percentReporting="4" />
            <Precinct name="Nankin" totalVoters="546" ballotsCast="458" voterTurnout="83.88" percentReporting="4" />
            <Precinct name="Morven" totalVoters="1581" ballotsCast="1146" voterTurnout="72.49" percentReporting="4" />
        </Precincts>
    </VoterTurnout>
    <Contest key="1" text="President of the United States" isQuestion="false" precinctsReporting="7" precinctsReported="7">
        <VoteType name="Number of Precincts for Race" votes="7">
            <Precinct name="Quitman" votes="1" />
            <Precinct name="Barwick" votes="1" />
            <Precinct name="Dixie" votes="1" />
            <Precinct name="Briggs" votes="1" />
            <Precinct name="Pavo" votes="1" />
            <Precinct name="Nankin" votes="1" />
            <Precinct name="Morven" votes="1" />
        </VoteType>
        <VoteType name="Number of Precincts Reporting" votes="7">
            <Precinct name="Quitman" votes="1" />
            <Precinct name="Barwick" votes="1" />
            <Precinct name="Dixie" votes="1" />
            <Precinct name="Briggs" votes="1" />
            <Precinct name="Pavo" votes="1" />
            <Precinct name="Nankin" votes="1" />
            <Precinct name="Morven" votes="1" />
        </VoteType>
        <Choice key="10" text="DONALD J. TRUMP" totalVotes="3701">
            <VoteType name="Election Day" votes="1769">
                <Precinct name="Quitman" votes="219" />
                <Precinct name="Barwick" votes="124" />
                <Precinct name="Dixie" votes="179" />
                <Precinct name="Briggs" votes="506" />
                <Precinct name="Pavo" votes="183" />
                <Precinct name="Nankin" votes="191" />
                <Precinct name="Morven" votes="367" />
            </VoteType>
            <VoteType name="Absentee by Mail" votes="156">
                <Precinct name="Quitman" votes="53" />
                <Precinct name="Barwick" votes="7" />
                <Precinct name="Dixie" votes="6" />
                <Precinct name="Briggs" votes="36" />
                <Precinct name="Pavo" votes="11" />
                <Precinct name="Nankin" votes="11" />
                <Precinct name="Morven" votes="32" />
            </VoteType>
            <VoteType name="Advance in Person" votes="1754">
                <Precinct name="Quitman" votes="531" />
                <Precinct name="Barwick" votes="41" />
                <Precinct name="Dixie" votes="128" />
                <Precinct name="Briggs" votes="459" />
                <Precinct name="Pavo" votes="55" />
                <Precinct name="Nankin" votes="185" />
                <Precinct name="Morven" votes="355" />
            </VoteType>
            <VoteType name="Provisional" votes="22">
                <Precinct name="Quitman" votes="13" />
                <Precinct name="Barwick" votes="1" />
                <Precinct name="Dixie" votes="3" />
                <Precinct name="Briggs" votes="2" />
                <Precinct name="Pavo" votes="0" />
                <Precinct name="Nankin" votes="2" />
                <Precinct name="Morven" votes="1" />
            </VoteType>
        </Choice>
        <Choice key="20" text="HILLARY CLINTON" totalVotes="2528">
            <VoteType name="Election Day" votes="1041">
                <Precinct name="Quitman" votes="458" />
                <Precinct name="Barwick" votes="26" />
                <Precinct name="Dixie" votes="144" />
                <Precinct name="Briggs" votes="107" />
                <Precinct name="Pavo" votes="71" />
                <Precinct name="Nankin" votes="26" />
                <Precinct name="Morven" votes="209" />
            </VoteType>
            <VoteType name="Absentee by Mail" votes="460">
                <Precinct name="Quitman" votes="317" />
                <Precinct name="Barwick" votes="7" />
                <Precinct name="Dixie" votes="76" />
                <Precinct name="Briggs" votes="17" />
                <Precinct name="Pavo" votes="2" />
                <Precinct name="Nankin" votes="1" />
                <Precinct name="Morven" votes="40" />
            </VoteType>
            <VoteType name="Advance in Person" votes="1003">
                <Precinct name="Quitman" votes="587" />
                <Precinct name="Barwick" votes="18" />
                <Precinct name="Dixie" votes="126" />
                <Precinct name="Briggs" votes="110" />
                <Precinct name="Pavo" votes="12" />
                <Precinct name="Nankin" votes="31" />
                <Precinct name="Morven" votes="119" />
            </VoteType>
            <VoteType name="Provisional" votes="24">
                <Precinct name="Quitman" votes="20" />
                <Precinct name="Barwick" votes="1" />
                <Precinct name="Dixie" votes="1" />
                <Precinct name="Briggs" votes="0" />
                <Precinct name="Pavo" votes="0" />
                <Precinct name="Nankin" votes="0" />
                <Precinct name="Morven" votes="2" />
            </VoteType>
        </Choice>
        <Choice key="30" text="GARY JOHNSON" totalVotes="89">
            <VoteType name="Election Day" votes="43">
                <Precinct name="Quitman" votes="12" />
                <Precinct name="Barwick" votes="1" />
                <Precinct name="Dixie" votes="3" />
                <Precinct name="Briggs" votes="12" />
                <Precinct name="Pavo" votes="5" />
                <Precinct name="Nankin" votes="4" />
                <Precinct name="Morven" votes="6" />
            </VoteType>
            <VoteType name="Absentee by Mail" votes="5">
                <Precinct name="Quitman" votes="3" />
                <Precinct name="Barwick" votes="0" />
                <Precinct name="Dixie" votes="0" />
                <Precinct name="Briggs" votes="2" />
                <Precinct name="Pavo" votes="0" />
                <Precinct name="Nankin" votes="0" />
                <Precinct name="Morven" votes="0" />
            </VoteType>
            <VoteType name="Advance in Person" votes="37">
                <Precinct name="Quitman" votes="14" />
                <Precinct name="Barwick" votes="1" />
                <Precinct name="Dixie" votes="6" />
                <Precinct name="Briggs" votes="8" />
                <Precinct name="Pavo" votes="0" />
                <Precinct name="Nankin" votes="4" />
                <Precinct name="Morven" votes="4" />
            </VoteType>
            <VoteType name="Provisional" votes="4">
                <Precinct name="Quitman" votes="3" />
                <Precinct name="Barwick" votes="0" />
                <Precinct name="Dixie" votes="0" />
                <Precinct name="Briggs" votes="0" />
                <Precinct name="Pavo" votes="0" />
                <Precinct name="Nankin" votes="0" />
                <Precinct name="Morven" votes="1" />
            </VoteType>
        </Choice>
    </Contest>
    <Contest key="10" text="United States Senator, Isakson" isQuestion="false" precinctsReporting="7" precinctsReported="7">
        <VoteType name="Number of Precincts for Race" votes="7">
            <Precinct name="Quitman" votes="1" />
            <Precinct name="Barwick" votes="1" />
            <Precinct name="Dixie" votes="1" />
            <Precinct name="Briggs" votes="1" />
            <Precinct name="Pavo" votes="1" />
            <Precinct name="Nankin" votes="1" />
            <Precinct name="Morven" votes="1" />
        </VoteType>
        <VoteType name="Number of Precincts Reporting" votes="7">
            <Precinct name="Quitman" votes="1" />
            <Precinct name="Barwick" votes="1" />
            <Precinct name="Dixie" votes="1" />
            <Precinct name="Briggs" votes="1" />
            <Precinct name="Pavo" votes="1" />
            <Precinct name="Nankin" votes="1" />
            <Precinct name="Morven" votes="1" />
        </VoteType>
        <Choice key="30" text="JOHNNY ISAKSON (I)" totalVotes="3465">
            <VoteType name="Election Day" votes="1634">
                <Precinct name="Quitman" votes="225" />
                <Precinct name="Barwick" votes="108" />
                <Precinct name="Dixie" votes="172" />
                <Precinct name="Briggs" votes="457" />
                <Precinct name="Pavo" votes="170" />
                <Precinct name="Nankin" votes="165" />
                <Precinct name="Morven" votes="337" />
            </VoteType>
            <VoteType name="Absentee by Mail" votes="174">
                <Precinct name="Quitman" votes="70" />
                <Precinct name="Barwick" votes="7" />
                <Precinct name="Dixie" votes="7" />
                <Precinct name="Briggs" votes="39" />
                <Precinct name="Pavo" votes="12" />
                <Precinct name="Nankin" votes="10" />
                <Precinct name="Morven" votes="29" />
            </VoteType>
            <VoteType name="Advance in Person" votes="1637">
                <Precinct name="Quitman" votes="513" />
                <Precinct name="Barwick" votes="38" />
                <Precinct name="Dixie" votes="125" />
                <Precinct name="Briggs" votes="413" />
                <Precinct name="Pavo" votes="50" />
                <Precinct name="Nankin" votes="167" />
                <Precinct name="Morven" votes="331" />
            </VoteType>
            <VoteType name="Provisional" votes="20">
                <Precinct name="Quitman" votes="11" />
                <Precinct name="Barwick" votes="1" />
                <Precinct name="Dixie" votes="3" />
                <Precinct name="Briggs" votes="2" />
                <Precinct name="Pavo" votes="0" />
                <Precinct name="Nankin" votes="2" />
                <Precinct name="Morven" votes="1" />
            </VoteType>
        </Choice>
        <Choice key="40" text="JIM BARKSDALE" totalVotes="2092">
            <VoteType name="Election Day" votes="855">
                <Precinct name="Quitman" votes="379" />
                <Precinct name="Barwick" votes="27" />
                <Precinct name="Dixie" votes="122" />
                <Precinct name="Briggs" votes="93" />
                <Precinct name="Pavo" votes="50" />
                <Precinct name="Nankin" votes="26" />
                <Precinct name="Morven" votes="158" />
            </VoteType>
            <VoteType name="Absentee by Mail" votes="421">
                <Precinct name="Quitman" votes="289" />
                <Precinct name="Barwick" votes="7" />
                <Precinct name="Dixie" votes="73" />
                <Precinct name="Briggs" votes="12" />
                <Precinct name="Pavo" votes="2" />
                <Precinct name="Nankin" votes="2" />
                <Precinct name="Morven" votes="36" />
            </VoteType>
            <VoteType name="Advance in Person" votes="792">
                <Precinct name="Quitman" votes="465" />
                <Precinct name="Barwick" votes="12" />
                <Precinct name="Dixie" votes="94" />
                <Precinct name="Briggs" votes="88" />
                <Precinct name="Pavo" votes="11" />
                <Precinct name="Nankin" votes="25" />
                <Precinct name="Morven" votes="97" />
            </VoteType>
            <VoteType name="Provisional" votes="24">
                <Precinct name="Quitman" votes="20" />
                <Precinct name="Barwick" votes="1" />
                <Precinct name="Dixie" votes="1" />
                <Precinct name="Briggs" votes="0" />
                <Precinct name="Pavo" votes="0" />
                <Precinct name="Nankin" votes="0" />
                <Precinct name="Morven" votes="2" />
            </VoteType>
        </Choice>
        <Choice key="50" text="ALLEN BUCKLEY" totalVotes="188">
            <VoteType name="Election Day" votes="88">
                <Precinct name="Quitman" votes="22" />
                <Precinct name="Barwick" votes="4" />
                <Precinct name="Dixie" votes="7" />
                <Precinct name="Briggs" votes="20" />
                <Precinct name="Pavo" votes="10" />
                <Precinct name="Nankin" votes="6" />
                <Precinct name="Morven" votes="19" />
            </VoteType>
            <VoteType name="Absentee by Mail" votes="8">
                <Precinct name="Quitman" votes="2" />
                <Precinct name="Barwick" votes="0" />
                <Precinct name="Dixie" votes="1" />
                <Precinct name="Briggs" votes="4" />
                <Precinct name="Pavo" votes="0" />
                <Precinct name="Nankin" votes="0" />
                <Precinct name="Morven" votes="1" />
            </VoteType>
            <VoteType name="Advance in Person" votes="87">
                <Precinct name="Quitman" votes="30" />
                <Precinct name="Barwick" votes="4" />
                <Precinct name="Dixie" votes="10" />
                <Precinct name="Briggs" votes="17" />
                <Precinct name="Pavo" votes="2" />
                <Precinct name="Nankin" votes="8" />
                <Precinct name="Morven" votes="16" />
            </VoteType>
            <VoteType name="Provisional" votes="5">
                <Precinct name="Quitman" votes="4" />
                <Precinct name="Barwick" votes="0" />
                <Precinct name="Dixie" votes="0" />
                <Precinct name="Briggs" votes="0" />
                <Precinct name="Pavo" votes="0" />
                <Precinct name="Nankin" votes="0" />
                <Precinct name="Morven" votes="1" />
            </VoteType>
        </Choice>
    </Contest>
    <Contest key="30" text="Public Service Commission, District 2 - Eastern" isQuestion="false" precinctsReporting="7" precinctsReported="7">
        <VoteType name="Number of Precincts for Race" votes="7">
            <Precinct name="Quitman" votes="1" />
            <Precinct name="Barwick" votes="1" />
            <Precinct name="Dixie" votes="1" />
            <Precinct name="Briggs" votes="1" />
            <Precinct name="Pavo" votes="1" />
            <Precinct name="Nankin" votes="1" />
            <Precinct name="Morven" votes="1" />
        </VoteType>
        <VoteType name="Number of Precincts Reporting" votes="7">
            <Precinct name="Quitman" votes="1" />
            <Precinct name="Barwick" votes="1" />
            <Precinct name="Dixie" votes="1" />
            <Precinct name="Briggs" votes="1" />
            <Precinct name="Pavo" votes="1" />
            <Precinct name="Nankin" votes="1" />
            <Precinct name="Morven" votes="1" />
        </VoteType>
        <Choice key="20" text="TIM ECHOLS (I)" totalVotes="3925">
            <VoteType name="Election Day" votes="1840">
                <Precinct name="Quitman" votes="300" />
                <Precinct name="Barwick" votes="111" />
                <Precinct name="Dixie" votes="195" />
                <Precinct name="Briggs" votes="496" />
                <Precinct name="Pavo" votes="180" />
                <Precinct name="Nankin" votes="178" />
                <Precinct name="Morven" votes="380" />
            </VoteType>
            <VoteType name="Absentee by Mail" votes="224">
                <Precinct name="Quitman" votes="102" />
                <Precinct name="Barwick" votes="8" />
                <Precinct name="Dixie" votes="19" />
                <Precinct name="Briggs" votes="41" />
                <Precinct name="Pavo" votes="12" />
                <Precinct name="Nankin" votes="9" />
                <Precinct name="Morven" votes="33" />
            </VoteType>
            <VoteType name="Advance in Person" votes="1831">
                <Precinct name="Quitman" votes="620" />
                <Precinct name="Barwick" votes="42" />
                <Precinct name="Dixie" votes="143" />
                <Precinct name="Briggs" votes="440" />
                <Precinct name="Pavo" votes="53" />
                <Precinct name="Nankin" votes="176" />
                <Precinct name="Morven" votes="357" />
            </VoteType>
            <VoteType name="Provisional" votes="30">
                <Precinct name="Quitman" votes="20" />
                <Precinct name="Barwick" votes="2" />
                <Precinct name="Dixie" votes="3" />
                <Precinct name="Briggs" votes="1" />
                <Precinct name="Pavo" votes="0" />
                <Precinct name="Nankin" votes="2" />
                <Precinct name="Morven" votes="2" />
            </VoteType>
        </Choice>
        <Choice key="30" text="ERIC HOSKINS" totalVotes="1287">
            <VoteType name="Election Day" votes="566">
                <Precinct name="Quitman" votes="235" />
                <Precinct name="Barwick" votes="18" />
                <Precinct name="Dixie" votes="67" />
                <Precinct name="Briggs" votes="81" />
                <Precinct name="Pavo" votes="41" />
                <Precinct name="Nankin" votes="26" />
                <Precinct name="Morven" votes="98" />
            </VoteType>
            <VoteType name="Absentee by Mail" votes="192">
                <Precinct name="Quitman" votes="133" />
                <Precinct name="Barwick" votes="4" />
                <Precinct name="Dixie" votes="32" />
                <Precinct name="Briggs" votes="7" />
                <Precinct name="Pavo" votes="1" />
                <Precinct name="Nankin" votes="3" />
                <Precinct name="Morven" votes="12" />
            </VoteType>
            <VoteType name="Advance in Person" votes="515">
                <Precinct name="Quitman" votes="266" />
                <Precinct name="Barwick" votes="13" />
                <Precinct name="Dixie" votes="49" />
                <Precinct name="Briggs" votes="84" />
                <Precinct name="Pavo" votes="9" />
                <Precinct name="Nankin" votes="23" />
                <Precinct name="Morven" votes="71" />
            </VoteType>
            <VoteType name="Provisional" votes="14">
                <Precinct name="Quitman" votes="11" />
                <Precinct name="Barwick" votes="0" />
                <Precinct name="Dixie" votes="1" />
                <Precinct name="Briggs" votes="0" />
                <Precinct name="Pavo" votes="0" />
                <Precinct name="Nankin" votes="0" />
                <Precinct name="Morven" votes="2" />
            </VoteType>
        </Choice>
    </Contest>
    <Contest key="50" text="U.S. Representative, District 8" isQuestion="false" precinctsReporting="7" precinctsReported="7">
        <VoteType name="Number of Precincts for Race" votes="7">
            <Precinct name="Quitman" votes="1" />
            <Precinct name="Barwick" votes="1" />
            <Precinct name="Dixie" votes="1" />
            <Precinct name="Briggs" votes="1" />
            <Precinct name="Pavo" votes="1" />
            <Precinct name="Nankin" votes="1" />
            <Precinct name="Morven" votes="1" />
        </VoteType>
        <VoteType name="Number of Precincts Reporting" votes="7">
            <Precinct name="Quitman" votes="1" />
            <Precinct name="Barwick" votes="1" />
            <Precinct name="Dixie" votes="1" />
            <Precinct name="Briggs" votes="1" />
            <Precinct name="Pavo" votes="1" />
            <Precinct name="Nankin" votes="1" />
            <Precinct name="Morven" votes="1" />
        </VoteType>
        <Choice key="20" text="AUSTIN SCOTT (I)" totalVotes="3705">
            <VoteType name="Election Day" votes="1769">
                <Precinct name="Quitman" votes="254" />
                <Precinct name="Barwick" votes="115" />
                <Precinct name="Dixie" votes="173" />
                <Precinct name="Briggs" votes="500" />
                <Precinct name="Pavo" votes="187" />
                <Precinct name="Nankin" votes="179" />
                <Precinct name="Morven" votes="361" />
            </VoteType>
            <VoteType name="Absentee by Mail" votes="165">
                <Precinct name="Quitman" votes="62" />
                <Precinct name="Barwick" votes="7" />
                <Precinct name="Dixie" votes="5" />
                <Precinct name="Briggs" votes="38" />
                <Precinct name="Pavo" votes="12" />
                <Precinct name="Nankin" votes="11" />
                <Precinct name="Morven" votes="30" />
            </VoteType>
            <VoteType name="Advance in Person" votes="1750">
                <Precinct name="Quitman" votes="548" />
                <Precinct name="Barwick" votes="43" />
                <Precinct name="Dixie" votes="126" />
                <Precinct name="Briggs" votes="446" />
                <Precinct name="Pavo" votes="55" />
                <Precinct name="Nankin" votes="182" />
                <Precinct name="Morven" votes="350" />
            </VoteType>
            <VoteType name="Provisional" votes="21">
                <Precinct name="Quitman" votes="11" />
                <Precinct name="Barwick" votes="1" />
                <Precinct name="Dixie" votes="3" />
                <Precinct name="Briggs" votes="2" />
                <Precinct name="Pavo" votes="0" />
                <Precinct name="Nankin" votes="2" />
                <Precinct name="Morven" votes="2" />
            </VoteType>
        </Choice>
        <Choice key="30" text="JAMES NEAL HARRIS" totalVotes="2318">
            <VoteType name="Election Day" votes="949">
                <Precinct name="Quitman" votes="404" />
                <Precinct name="Barwick" votes="28" />
                <Precinct name="Dixie" votes="132" />
                <Precinct name="Briggs" votes="107" />
                <Precinct name="Pavo" votes="60" />
                <Precinct name="Nankin" votes="31" />
                <Precinct name="Morven" votes="187" />
            </VoteType>
            <VoteType name="Absentee by Mail" votes="433">
                <Precinct name="Quitman" votes="296" />
                <Precinct name="Barwick" votes="7" />
                <Precinct name="Dixie" votes="75" />
                <Precinct name="Briggs" votes="16" />
                <Precinct name="Pavo" votes="2" />
                <Precinct name="Nankin" votes="1" />
                <Precinct name="Morven" votes="36" />
            </VoteType>
            <VoteType name="Advance in Person" votes="909">
                <Precinct name="Quitman" votes="521" />
                <Precinct name="Barwick" votes="15" />
                <Precinct name="Dixie" votes="115" />
                <Precinct name="Briggs" votes="103" />
                <Precinct name="Pavo" votes="11" />
                <Precinct name="Nankin" votes="30" />
                <Precinct name="Morven" votes="114" />
            </VoteType>
            <VoteType name="Provisional" votes="27">
                <Precinct name="Quitman" votes="23" />
                <Precinct name="Barwick" votes="1" />
                <Precinct name="Dixie" votes="1" />
                <Precinct name="Briggs" votes="0" />
                <Precinct name="Pavo" votes="0" />
                <Precinct name="Nankin" votes="0" />
                <Precinct name="Morven" votes="2" />
            </VoteType>
        </Choice>
    </Contest>
    <Contest key="70" text="State Senator, District 8" isQuestion="false" precinctsReporting="7" precinctsReported="7">
        <VoteType name="Number of Precincts for Race" votes="7">
            <Precinct name="Quitman" votes="1" />
            <Precinct name="Barwick" votes="1" />
            <Precinct name="Dixie" votes="1" />
            <Precinct name="Briggs" votes="1" />
            <Precinct name="Pavo" votes="1" />
            <Precinct name="Nankin" votes="1" />
            <Precinct name="Morven" votes="1" />
        </VoteType>
        <VoteType name="Number of Precincts Reporting" votes="7">
            <Precinct name="Quitman" votes="1" />
            <Precinct name="Barwick" votes="1" />
            <Precinct name="Dixie" votes="1" />
            <Precinct name="Briggs" votes="1" />
            <Precinct name="Pavo" votes="1" />
            <Precinct name="Nankin" votes="1" />
            <Precinct name="Morven" votes="1" />
        </VoteType>
        <Choice key="10" text="ELLIS BLACK (I) (REP)" totalVotes="3809">
            <VoteType name="Election Day" votes="1804">
                <Precinct name="Quitman" votes="270" />
                <Precinct name="Barwick" votes="113" />
                <Precinct name="Dixie" votes="186" />
                <Precinct name="Briggs" votes="493" />
                <Precinct name="Pavo" votes="185" />
                <Precinct name="Nankin" votes="185" />
                <Precinct name="Morven" votes="372" />
            </VoteType>
            <VoteType name="Absentee by Mail" votes="165">
                <Precinct name="Quitman" votes="67" />
                <Precinct name="Barwick" votes="5" />
                <Precinct name="Dixie" votes="5" />
                <Precinct name="Briggs" votes="39" />
                <Precinct name="Pavo" votes="12" />
                <Precinct name="Nankin" votes="8" />
                <Precinct name="Morven" votes="29" />
            </VoteType>
            <VoteType name="Advance in Person" votes="1815">
                <Precinct name="Quitman" votes="593" />
                <Precinct name="Barwick" votes="45" />
                <Precinct name="Dixie" votes="142" />
                <Precinct name="Briggs" votes="445" />
                <Precinct name="Pavo" votes="54" />
                <Precinct name="Nankin" votes="181" />
                <Precinct name="Morven" votes="355" />
            </VoteType>
            <VoteType name="Provisional" votes="25">
                <Precinct name="Quitman" votes="15" />
                <Precinct name="Barwick" votes="1" />
                <Precinct name="Dixie" votes="3" />
                <Precinct name="Briggs" votes="2" />
                <Precinct name="Pavo" votes="0" />
                <Precinct name="Nankin" votes="2" />
                <Precinct name="Morven" votes="2" />
            </VoteType>
        </Choice>
        <Choice key="20" text="GREGORY WILLIAMS (DEM)" totalVotes="2235">
            <VoteType name="Election Day" votes="914">
                <Precinct name="Quitman" votes="387" />
                <Precinct name="Barwick" votes="29" />
                <Precinct name="Dixie" votes="123" />
                <Precinct name="Briggs" votes="108" />
                <Precinct name="Pavo" votes="60" />
                <Precinct name="Nankin" votes="29" />
                <Precinct name="Morven" votes="178" />
            </VoteType>
            <VoteType name="Absentee by Mail" votes="426">
                <Precinct name="Quitman" votes="287" />
                <Precinct name="Barwick" votes="9" />
                <Precinct name="Dixie" votes="74" />
                <Precinct name="Briggs" votes="14" />
                <Precinct name="Pavo" votes="2" />
                <Precinct name="Nankin" votes="4" />
                <Precinct name="Morven" votes="36" />
            </VoteType>
            <VoteType name="Advance in Person" votes="872">
                <Precinct name="Quitman" votes="488" />
                <Precinct name="Barwick" votes="14" />
                <Precinct name="Dixie" votes="104" />
                <Precinct name="Briggs" votes="106" />
                <Precinct name="Pavo" votes="10" />
                <Precinct name="Nankin" votes="33" />
                <Precinct name="Morven" votes="117" />
            </VoteType>
            <VoteType name="Provisional" votes="23">
                <Precinct name="Quitman" votes="19" />
                <Precinct name="Barwick" votes="1" />
                <Precinct name="Dixie" votes="1" />
                <Precinct name="Briggs" votes="0" />
                <Precinct name="Pavo" votes="0" />
                <Precinct name="Nankin" votes="0" />
                <Precinct name="Morven" votes="2" />
            </VoteType>
        </Choice>
    </Contest>
    <Contest key="90" text="State Representative, District 175" isQuestion="false" precinctsReporting="7" precinctsReported="7">
        <VoteType name="Number of Precincts for Race" votes="7">
            <Precinct name="Quitman" votes="1" />
            <Precinct name="Barwick" votes="1" />
            <Precinct name="Dixie" votes="1" />
            <Precinct name="Briggs" votes="1" />
            <Precinct name="Pavo" votes="1" />
            <Precinct name="Nankin" votes="1" />
            <Precinct name="Morven" votes="1" />
        </VoteType>
        <VoteType name="Number of Precincts Reporting" votes="7">
            <Precinct name="Quitman" votes="1" />
            <Precinct name="Barwick" votes="1" />
            <Precinct name="Dixie" votes="1" />
            <Precinct name="Briggs" votes="1" />
            <Precinct name="Pavo" votes="1" />
            <Precinct name="Nankin" votes="1" />
            <Precinct name="Morven" votes="1" />
        </VoteType>
        <Choice key="10" text="AMY A. CARTER (I) (REP)" totalVotes="4808">
            <VoteType name="Election Day" votes="2253">
                <Precinct name="Quitman" votes="471" />
                <Precinct name="Barwick" votes="125" />
                <Precinct name="Dixie" votes="239" />
                <Precinct name="Briggs" votes="545" />
                <Precinct name="Pavo" votes="211" />
                <Precinct name="Nankin" votes="197" />
                <Precinct name="Morven" votes="465" />
            </VoteType>
            <VoteType name="Absentee by Mail" votes="317">
                <Precinct name="Quitman" votes="167" />
                <Precinct name="Barwick" votes="8" />
                <Precinct name="Dixie" votes="36" />
                <Precinct name="Briggs" votes="43" />
                <Precinct name="Pavo" votes="13" />
                <Precinct name="Nankin" votes="12" />
                <Precinct name="Morven" votes="38" />
            </VoteType>
            <VoteType name="Advance in Person" votes="2199">
                <Precinct name="Quitman" votes="815" />
                <Precinct name="Barwick" votes="51" />
                <Precinct name="Dixie" votes="170" />
                <Precinct name="Briggs" votes="501" />
                <Precinct name="Pavo" votes="57" />
                <Precinct name="Nankin" votes="199" />
                <Precinct name="Morven" votes="406" />
            </VoteType>
            <VoteType name="Provisional" votes="39">
                <Precinct name="Quitman" votes="26" />
                <Precinct name="Barwick" votes="2" />
                <Precinct name="Dixie" votes="3" />
                <Precinct name="Briggs" votes="2" />
                <Precinct name="Pavo" votes="0" />
                <Precinct name="Nankin" votes="2" />
                <Precinct name="Morven" votes="4" />
            </VoteType>
        </Choice>
    </Contest>
    <Contest key="110" text="District Attorney, Southern Circuit" isQuestion="false" precinctsReporting="7" precinctsReported="7">
        <VoteType name="Number of Precincts for Race" votes="7">
            <Precinct name="Quitman" votes="1" />
            <Precinct name="Barwick" votes="1" />
            <Precinct name="Dixie" votes="1" />
            <Precinct name="Briggs" votes="1" />
            <Precinct name="Pavo" votes="1" />
            <Precinct name="Nankin" votes="1" />
            <Precinct name="Morven" votes="1" />
        </VoteType>
        <VoteType name="Number of Precincts Reporting" votes="7">
            <Precinct name="Quitman" votes="1" />
            <Precinct name="Barwick" votes="1" />
            <Precinct name="Dixie" votes="1" />
            <Precinct name="Briggs" votes="1" />
            <Precinct name="Pavo" votes="1" />
            <Precinct name="Nankin" votes="1" />
            <Precinct name="Morven" votes="1" />
        </VoteType>
        <Choice key="10" text="BRAD SHEALY (REP)" totalVotes="4808">
            <VoteType name="Election Day" votes="2254">
                <Precinct name="Quitman" votes="483" />
                <Precinct name="Barwick" votes="125" />
                <Precinct name="Dixie" votes="243" />
                <Precinct name="Briggs" votes="545" />
                <Precinct name="Pavo" votes="212" />
                <Precinct name="Nankin" votes="194" />
                <Precinct name="Morven" votes="452" />
            </VoteType>
            <VoteType name="Absentee by Mail" votes="309">
                <Precinct name="Quitman" votes="165" />
                <Precinct name="Barwick" votes="8" />
                <Precinct name="Dixie" votes="36" />
                <Precinct name="Briggs" votes="38" />
                <Precinct name="Pavo" votes="13" />
                <Precinct name="Nankin" votes="11" />
                <Precinct name="Morven" votes="38" />
            </VoteType>
            <VoteType name="Advance in Person" votes="2207">
                <Precinct name="Quitman" votes="820" />
                <Precinct name="Barwick" votes="53" />
                <Precinct name="Dixie" votes="169" />
                <Precinct name="Briggs" votes="502" />
                <Precinct name="Pavo" votes="55" />
                <Precinct name="Nankin" votes="200" />
                <Precinct name="Morven" votes="408" />
            </VoteType>
            <VoteType name="Provisional" votes="38">
                <Precinct name="Quitman" votes="24" />
                <Precinct name="Barwick" votes="2" />
                <Precinct name="Dixie" votes="4" />
                <Precinct name="Briggs" votes="2" />
                <Precinct name="Pavo" votes="0" />
                <Precinct name="Nankin" votes="2" />
                <Precinct name="Morven" votes="4" />
            </VoteType>
        </Choice>
    </Contest>
    <Contest key="140" text="CLERK, SUPERIOR COURT" isQuestion="false" precinctsReporting="7" precinctsReported="7">
        <VoteType name="Number of Precincts for Race" votes="7">
            <Precinct name="Quitman" votes="1" />
            <Precinct name="Barwick" votes="1" />
            <Precinct name="Dixie" votes="1" />
            <Precinct name="Briggs" votes="1" />
            <Precinct name="Pavo" votes="1" />
            <Precinct name="Nankin" votes="1" />
            <Precinct name="Morven" votes="1" />
        </VoteType>
        <VoteType name="Number of Precincts Reporting" votes="7">
            <Precinct name="Quitman" votes="1" />
            <Precinct name="Barwick" votes="1" />
            <Precinct name="Dixie" votes="1" />
            <Precinct name="Briggs" votes="1" />
            <Precinct name="Pavo" votes="1" />
            <Precinct name="Nankin" votes="1" />
            <Precinct name="Morven" votes="1" />
        </VoteType>
        <Choice key="10" text="G. SHIVER (I) D" totalVotes="5088">
            <VoteType name="Election Day" votes="2282">
                <Precinct name="Quitman" votes="593" />
                <Precinct name="Barwick" votes="113" />
                <Precinct name="Dixie" votes="280" />
                <Precinct name="Briggs" votes="462" />
                <Precinct name="Pavo" votes="203" />
                <Precinct name="Nankin" votes="182" />
                <Precinct name="Morven" votes="449" />
            </VoteType>
            <VoteType name="Absentee by Mail" votes="500">
                <Precinct name="Quitman" votes="288" />
                <Precinct name="Barwick" votes="12" />
                <Precinct name="Dixie" votes="76" />
                <Precinct name="Briggs" votes="44" />
                <Precinct name="Pavo" votes="12" />
                <Precinct name="Nankin" votes="10" />
                <Precinct name="Morven" votes="58" />
            </VoteType>
            <VoteType name="Advance in Person" votes="2264">
                <Precinct name="Quitman" votes="968" />
                <Precinct name="Barwick" votes="48" />
                <Precinct name="Dixie" votes="200" />
                <Precinct name="Briggs" votes="427" />
                <Precinct name="Pavo" votes="51" />
                <Precinct name="Nankin" votes="185" />
                <Precinct name="Morven" votes="385" />
            </VoteType>
            <VoteType name="Provisional" votes="42">
                <Precinct name="Quitman" votes="30" />
                <Precinct name="Barwick" votes="1" />
                <Precinct name="Dixie" votes="4" />
                <Precinct name="Briggs" votes="1" />
                <Precinct name="Pavo" votes="0" />
                <Precinct name="Nankin" votes="2" />
                <Precinct name="Morven" votes="4" />
            </VoteType>
        </Choice>
    </Contest>
    <Contest key="160" text="SHERIFF" isQuestion="false" precinctsReporting="7" precinctsReported="7">
        <VoteType name="Number of Precincts for Race" votes="7">
            <Precinct name="Quitman" votes="1" />
            <Precinct name="Barwick" votes="1" />
            <Precinct name="Dixie" votes="1" />
            <Precinct name="Briggs" votes="1" />
            <Precinct name="Pavo" votes="1" />
            <Precinct name="Nankin" votes="1" />
            <Precinct name="Morven" votes="1" />
        </VoteType>
        <VoteType name="Number of Precincts Reporting" votes="7">
            <Precinct name="Quitman" votes="1" />
            <Precinct name="Barwick" votes="1" />
            <Precinct name="Dixie" votes="1" />
            <Precinct name="Briggs" votes="1" />
            <Precinct name="Pavo" votes="1" />
            <Precinct name="Nankin" votes="1" />
            <Precinct name="Morven" votes="1" />
        </VoteType>
        <Choice key="10" text="M. DEWEY (I) D" totalVotes="5265">
            <VoteType name="Election Day" votes="2387">
                <Precinct name="Quitman" votes="607" />
                <Precinct name="Barwick" votes="119" />
                <Precinct name="Dixie" votes="288" />
                <Precinct name="Briggs" votes="488" />
                <Precinct name="Pavo" votes="212" />
                <Precinct name="Nankin" votes="192" />
                <Precinct name="Morven" votes="481" />
            </VoteType>
            <VoteType name="Absentee by Mail" votes="503">
                <Precinct name="Quitman" votes="292" />
                <Precinct name="Barwick" votes="14" />
                <Precinct name="Dixie" votes="76" />
                <Precinct name="Briggs" votes="43" />
                <Precinct name="Pavo" votes="12" />
                <Precinct name="Nankin" votes="9" />
                <Precinct name="Morven" votes="57" />
            </VoteType>
            <VoteType name="Advance in Person" votes="2337">
                <Precinct name="Quitman" votes="983" />
                <Precinct name="Barwick" votes="48" />
                <Precinct name="Dixie" votes="209" />
                <Precinct name="Briggs" votes="443" />
                <Precinct name="Pavo" votes="53" />
                <Precinct name="Nankin" votes="192" />
                <Precinct name="Morven" votes="409" />
            </VoteType>
            <VoteType name="Provisional" votes="38">
                <Precinct name="Quitman" votes="28" />
                <Precinct name="Barwick" votes="0" />
                <Precinct name="Dixie" votes="4" />
                <Precinct name="Briggs" votes="2" />
                <Precinct name="Pavo" votes="0" />
                <Precinct name="Nankin" votes="1" />
                <Precinct name="Morven" votes="3" />
            </VoteType>
        </Choice>
    </Contest>
    <Contest key="170" text="TAX COMMISSIONER" isQuestion="false" precinctsReporting="7" precinctsReported="7">
        <VoteType name="Number of Precincts for Race" votes="7">
            <Precinct name="Quitman" votes="1" />
            <Precinct name="Barwick" votes="1" />
            <Precinct name="Dixie" votes="1" />
            <Precinct name="Briggs" votes="1" />
            <Precinct name="Pavo" votes="1" />
            <Precinct name="Nankin" votes="1" />
            <Precinct name="Morven" votes="1" />
        </VoteType>
        <VoteType name="Number of Precincts Reporting" votes="7">
            <Precinct name="Quitman" votes="1" />
            <Precinct name="Barwick" votes="1" />
            <Precinct name="Dixie" votes="1" />
            <Precinct name="Briggs" votes="1" />
            <Precinct name="Pavo" votes="1" />
            <Precinct name="Nankin" votes="1" />
            <Precinct name="Morven" votes="1" />
        </VoteType>
        <Choice key="10" text="B. P. ROTHROCK (R)" totalVotes="4286">
            <VoteType name="Election Day" votes="1995">
                <Precinct name="Quitman" votes="353" />
                <Precinct name="Barwick" votes="121" />
                <Precinct name="Dixie" votes="219" />
                <Precinct name="Briggs" votes="502" />
                <Precinct name="Pavo" votes="188" />
                <Precinct name="Nankin" votes="200" />
                <Precinct name="Morven" votes="412" />
            </VoteType>
            <VoteType name="Absentee by Mail" votes="257">
                <Precinct name="Quitman" votes="137" />
                <Precinct name="Barwick" votes="8" />
                <Precinct name="Dixie" votes="20" />
                <Precinct name="Briggs" votes="38" />
                <Precinct name="Pavo" votes="11" />
                <Precinct name="Nankin" votes="11" />
                <Precinct name="Morven" votes="32" />
            </VoteType>
            <VoteType name="Advance in Person" votes="2004">
                <Precinct name="Quitman" votes="691" />
                <Precinct name="Barwick" votes="45" />
                <Precinct name="Dixie" votes="173" />
                <Precinct name="Briggs" votes="461" />
                <Precinct name="Pavo" votes="56" />
                <Precinct name="Nankin" votes="196" />
                <Precinct name="Morven" votes="382" />
            </VoteType>
            <VoteType name="Provisional" votes="30">
                <Precinct name="Quitman" votes="19" />
                <Precinct name="Barwick" votes="1" />
                <Precinct name="Dixie" votes="4" />
                <Precinct name="Briggs" votes="2" />
                <Precinct name="Pavo" votes="0" />
                <Precinct name="Nankin" votes="2" />
                <Precinct name="Morven" votes="2" />
            </VoteType>
        </Choice>
        <Choice key="20" text="M. NELOMS (D)" totalVotes="1837">
            <VoteType name="Election Day" votes="763">
                <Precinct name="Quitman" votes="317" />
                <Precinct name="Barwick" votes="24" />
                <Precinct name="Dixie" votes="95" />
                <Precinct name="Briggs" votes="100" />
                <Precinct name="Pavo" votes="61" />
                <Precinct name="Nankin" votes="22" />
                <Precinct name="Morven" votes="144" />
            </VoteType>
            <VoteType name="Absentee by Mail" votes="355">
                <Precinct name="Quitman" votes="236" />
                <Precinct name="Barwick" votes="6" />
                <Precinct name="Dixie" votes="63" />
                <Precinct name="Briggs" votes="14" />
                <Precinct name="Pavo" votes="3" />
                <Precinct name="Nankin" votes="1" />
                <Precinct name="Morven" votes="32" />
            </VoteType>
            <VoteType name="Advance in Person" votes="702">
                <Precinct name="Quitman" votes="406" />
                <Precinct name="Barwick" votes="14" />
                <Precinct name="Dixie" votes="76" />
                <Precinct name="Briggs" votes="93" />
                <Precinct name="Pavo" votes="11" />
                <Precinct name="Nankin" votes="21" />
                <Precinct name="Morven" votes="81" />
            </VoteType>
            <VoteType name="Provisional" votes="17">
                <Precinct name="Quitman" votes="14" />
                <Precinct name="Barwick" votes="1" />
                <Precinct name="Dixie" votes="0" />
                <Precinct name="Briggs" votes="0" />
                <Precinct name="Pavo" votes="0" />
                <Precinct name="Nankin" votes="0" />
                <Precinct name="Morven" votes="2" />
            </VoteType>
        </Choice>
    </Contest>
    <Contest key="200" text="SURVEYOR" isQuestion="false" precinctsReporting="7" precinctsReported="7">
        <VoteType name="Number of Precincts for Race" votes="7">
            <Precinct name="Quitman" votes="1" />
            <Precinct name="Barwick" votes="1" />
            <Precinct name="Dixie" votes="1" />
            <Precinct name="Briggs" votes="1" />
            <Precinct name="Pavo" votes="1" />
            <Precinct name="Nankin" votes="1" />
            <Precinct name="Morven" votes="1" />
        </VoteType>
        <VoteType name="Number of Precincts Reporting" votes="7">
            <Precinct name="Quitman" votes="1" />
            <Precinct name="Barwick" votes="1" />
            <Precinct name="Dixie" votes="1" />
            <Precinct name="Briggs" votes="1" />
            <Precinct name="Pavo" votes="1" />
            <Precinct name="Nankin" votes="1" />
            <Precinct name="Morven" votes="1" />
        </VoteType>
        <Choice key="10" text="B. DEVANE (I) D" totalVotes="5033">
            <VoteType name="Election Day" votes="2252">
                <Precinct name="Quitman" votes="586" />
                <Precinct name="Barwick" votes="108" />
                <Precinct name="Dixie" votes="267" />
                <Precinct name="Briggs" votes="457" />
                <Precinct name="Pavo" votes="202" />
                <Precinct name="Nankin" votes="182" />
                <Precinct name="Morven" votes="450" />
            </VoteType>
            <VoteType name="Absentee by Mail" votes="494">
                <Precinct name="Quitman" votes="290" />
                <Precinct name="Barwick" votes="12" />
                <Precinct name="Dixie" votes="75" />
                <Precinct name="Briggs" votes="39" />
                <Precinct name="Pavo" votes="12" />
                <Precinct name="Nankin" votes="9" />
                <Precinct name="Morven" votes="57" />
            </VoteType>
            <VoteType name="Advance in Person" votes="2246">
                <Precinct name="Quitman" votes="955" />
                <Precinct name="Barwick" votes="45" />
                <Precinct name="Dixie" votes="203" />
                <Precinct name="Briggs" votes="424" />
                <Precinct name="Pavo" votes="52" />
                <Precinct name="Nankin" votes="181" />
                <Precinct name="Morven" votes="386" />
            </VoteType>
            <VoteType name="Provisional" votes="41">
                <Precinct name="Quitman" votes="31" />
                <Precinct name="Barwick" votes="1" />
                <Precinct name="Dixie" votes="4" />
                <Precinct name="Briggs" votes="0" />
                <Precinct name="Pavo" votes="0" />
                <Precinct name="Nankin" votes="1" />
                <Precinct name="Morven" votes="4" />
            </VoteType>
        </Choice>
    </Contest>
    <Contest key="210" text="CORONER" isQuestion="false" precinctsReporting="7" precinctsReported="7">
        <VoteType name="Number of Precincts for Race" votes="7">
            <Precinct name="Quitman" votes="1" />
            <Precinct name="Barwick" votes="1" />
            <Precinct name="Dixie" votes="1" />
            <Precinct name="Briggs" votes="1" />
            <Precinct name="Pavo" votes="1" />
            <Precinct name="Nankin" votes="1" />
            <Precinct name="Morven" votes="1" />
        </VoteType>
        <VoteType name="Number of Precincts Reporting" votes="7">
            <Precinct name="Quitman" votes="1" />
            <Precinct name="Barwick" votes="1" />
            <Precinct name="Dixie" votes="1" />
            <Precinct name="Briggs" votes="1" />
            <Precinct name="Pavo" votes="1" />
            <Precinct name="Nankin" votes="1" />
            <Precinct name="Morven" votes="1" />
        </VoteType>
        <Choice key="10" text="M. MILLER (I) R" totalVotes="4797">
            <VoteType name="Election Day" votes="2244">
                <Precinct name="Quitman" votes="490" />
                <Precinct name="Barwick" votes="128" />
                <Precinct name="Dixie" votes="248" />
                <Precinct name="Briggs" votes="527" />
                <Precinct name="Pavo" votes="211" />
                <Precinct name="Nankin" votes="191" />
                <Precinct name="Morven" votes="449" />
            </VoteType>
            <VoteType name="Absentee by Mail" votes="317">
                <Precinct name="Quitman" votes="172" />
                <Precinct name="Barwick" votes="7" />
                <Precinct name="Dixie" votes="37" />
                <Precinct name="Briggs" votes="40" />
                <Precinct name="Pavo" votes="13" />
                <Precinct name="Nankin" votes="11" />
                <Precinct name="Morven" votes="37" />
            </VoteType>
            <VoteType name="Advance in Person" votes="2202">
                <Precinct name="Quitman" votes="827" />
                <Precinct name="Barwick" votes="49" />
                <Precinct name="Dixie" votes="182" />
                <Precinct name="Briggs" votes="501" />
                <Precinct name="Pavo" votes="50" />
                <Precinct name="Nankin" votes="197" />
                <Precinct name="Morven" votes="396" />
            </VoteType>
            <VoteType name="Provisional" votes="34">
                <Precinct name="Quitman" votes="22" />
                <Precinct name="Barwick" votes="2" />
                <Precinct name="Dixie" votes="4" />
                <Precinct name="Briggs" votes="0" />
                <Precinct name="Pavo" votes="0" />
                <Precinct name="Nankin" votes="2" />
                <Precinct name="Morven" votes="4" />
            </VoteType>
        </Choice>
    </Contest>
    <Contest key="230" text="CHIEF MAGISTRATE" isQuestion="false" precinctsReporting="7" precinctsReported="7">
        <VoteType name="Number of Precincts for Race" votes="7">
            <Precinct name="Quitman" votes="1" />
            <Precinct name="Barwick" votes="1" />
            <Precinct name="Dixie" votes="1" />
            <Precinct name="Briggs" votes="1" />
            <Precinct name="Pavo" votes="1" />
            <Precinct name="Nankin" votes="1" />
            <Precinct name="Morven" votes="1" />
        </VoteType>
        <VoteType name="Number of Precincts Reporting" votes="7">
            <Precinct name="Quitman" votes="1" />
            <Precinct name="Barwick" votes="1" />
            <Precinct name="Dixie" votes="1" />
            <Precinct name="Briggs" votes="1" />
            <Precinct name="Pavo" votes="1" />
            <Precinct name="Nankin" votes="1" />
            <Precinct name="Morven" votes="1" />
        </VoteType>
        <Choice key="10" text="D. W. CROSBY (R)" totalVotes="3284">
            <VoteType name="Election Day" votes="1561">
                <Precinct name="Quitman" votes="199" />
                <Precinct name="Barwick" votes="95" />
                <Precinct name="Dixie" votes="143" />
                <Precinct name="Briggs" votes="468" />
                <Precinct name="Pavo" votes="167" />
                <Precinct name="Nankin" votes="174" />
                <Precinct name="Morven" votes="315" />
            </VoteType>
            <VoteType name="Absentee by Mail" votes="135">
                <Precinct name="Quitman" votes="50" />
                <Precinct name="Barwick" votes="4" />
                <Precinct name="Dixie" votes="5" />
                <Precinct name="Briggs" votes="29" />
                <Precinct name="Pavo" votes="10" />
                <Precinct name="Nankin" votes="10" />
                <Precinct name="Morven" votes="27" />
            </VoteType>
            <VoteType name="Advance in Person" votes="1570">
                <Precinct name="Quitman" votes="473" />
                <Precinct name="Barwick" votes="39" />
                <Precinct name="Dixie" votes="113" />
                <Precinct name="Briggs" votes="420" />
                <Precinct name="Pavo" votes="50" />
                <Precinct name="Nankin" votes="168" />
                <Precinct name="Morven" votes="307" />
            </VoteType>
            <VoteType name="Provisional" votes="18">
                <Precinct name="Quitman" votes="11" />
                <Precinct name="Barwick" votes="1" />
                <Precinct name="Dixie" votes="2" />
                <Precinct name="Briggs" votes="1" />
                <Precinct name="Pavo" votes="0" />
                <Precinct name="Nankin" votes="2" />
                <Precinct name="Morven" votes="1" />
            </VoteType>
        </Choice>
        <Choice key="20" text="T. C. THOMAS (D)" totalVotes="2223">
            <VoteType name="Election Day" votes="996">
                <Precinct name="Quitman" votes="386" />
                <Precinct name="Barwick" votes="42" />
                <Precinct name="Dixie" votes="148" />
                <Precinct name="Briggs" votes="110" />
                <Precinct name="Pavo" votes="73" />
                <Precinct name="Nankin" votes="37" />
                <Precinct name="Morven" votes="200" />
            </VoteType>
            <VoteType name="Absentee by Mail" votes="331">
                <Precinct name="Quitman" votes="203" />
                <Precinct name="Barwick" votes="10" />
                <Precinct name="Dixie" votes="68" />
                <Precinct name="Briggs" votes="16" />
                <Precinct name="Pavo" votes="4" />
                <Precinct name="Nankin" votes="1" />
                <Precinct name="Morven" votes="29" />
            </VoteType>
            <VoteType name="Advance in Person" votes="871">
                <Precinct name="Quitman" votes="461" />
                <Precinct name="Barwick" votes="19" />
                <Precinct name="Dixie" votes="110" />
                <Precinct name="Briggs" votes="103" />
                <Precinct name="Pavo" votes="14" />
                <Precinct name="Nankin" votes="39" />
                <Precinct name="Morven" votes="125" />
            </VoteType>
            <VoteType name="Provisional" votes="25">
                <Precinct name="Quitman" votes="20" />
                <Precinct name="Barwick" votes="1" />
                <Precinct name="Dixie" votes="2" />
                <Precinct name="Briggs" votes="0" />
                <Precinct name="Pavo" votes="0" />
                <Precinct name="Nankin" votes="0" />
                <Precinct name="Morven" votes="2" />
            </VoteType>
        </Choice>
        <Choice key="30" text="D. W. MONDS (IN)" totalVotes="617">
            <VoteType name="Election Day" votes="209">
                <Precinct name="Quitman" votes="94" />
                <Precinct name="Barwick" votes="5" />
                <Precinct name="Dixie" votes="27" />
                <Precinct name="Briggs" votes="27" />
                <Precinct name="Pavo" votes="9" />
                <Precinct name="Nankin" votes="9" />
                <Precinct name="Morven" votes="38" />
            </VoteType>
            <VoteType name="Absentee by Mail" votes="138">
                <Precinct name="Quitman" votes="116" />
                <Precinct name="Barwick" votes="0" />
                <Precinct name="Dixie" votes="8" />
                <Precinct name="Briggs" votes="5" />
                <Precinct name="Pavo" votes="0" />
                <Precinct name="Nankin" votes="0" />
                <Precinct name="Morven" votes="9" />
            </VoteType>
            <VoteType name="Advance in Person" votes="266">
                <Precinct name="Quitman" votes="170" />
                <Precinct name="Barwick" votes="2" />
                <Precinct name="Dixie" votes="26" />
                <Precinct name="Briggs" votes="25" />
                <Precinct name="Pavo" votes="2" />
                <Precinct name="Nankin" votes="8" />
                <Precinct name="Morven" votes="33" />
            </VoteType>
            <VoteType name="Provisional" votes="4">
                <Precinct name="Quitman" votes="3" />
                <Precinct name="Barwick" votes="0" />
                <Precinct name="Dixie" votes="0" />
                <Precinct name="Briggs" votes="0" />
                <Precinct name="Pavo" votes="0" />
                <Precinct name="Nankin" votes="0" />
                <Precinct name="Morven" votes="1" />
            </VoteType>
        </Choice>
    </Contest>
    <Contest key="250" text="CC, D4" isQuestion="false" precinctsReporting="3" precinctsReported="3">
        <VoteType name="Number of Precincts for Race" votes="3">
            <Precinct name="Quitman" votes="1" />
            <Precinct name="Briggs" votes="1" />
            <Precinct name="Morven" votes="1" />
        </VoteType>
        <VoteType name="Number of Precincts Reporting" votes="3">
            <Precinct name="Quitman" votes="1" />
            <Precinct name="Briggs" votes="1" />
            <Precinct name="Morven" votes="1" />
        </VoteType>
        <Choice key="10" text="M. EXUM (I) R" totalVotes="940">
            <VoteType name="Election Day" votes="440">
                <Precinct name="Quitman" votes="23" />
                <Precinct name="Briggs" votes="221" />
                <Precinct name="Morven" votes="196" />
            </VoteType>
            <VoteType name="Absentee by Mail" votes="37">
                <Precinct name="Quitman" votes="7" />
                <Precinct name="Briggs" votes="23" />
                <Precinct name="Morven" votes="7" />
            </VoteType>
            <VoteType name="Advance in Person" votes="457">
                <Precinct name="Quitman" votes="52" />
                <Precinct name="Briggs" votes="227" />
                <Precinct name="Morven" votes="178" />
            </VoteType>
            <VoteType name="Provisional" votes="6">
                <Precinct name="Quitman" votes="5" />
                <Precinct name="Briggs" votes="1" />
                <Precinct name="Morven" votes="0" />
            </VoteType>
        </Choice>
        <Choice key="20" text="P. CANTRELL (D)" totalVotes="382">
            <VoteType name="Election Day" votes="204">
                <Precinct name="Quitman" votes="6" />
                <Precinct name="Briggs" votes="54" />
                <Precinct name="Morven" votes="144" />
            </VoteType>
            <VoteType name="Absentee by Mail" votes="34">
                <Precinct name="Quitman" votes="2" />
                <Precinct name="Briggs" votes="5" />
                <Precinct name="Morven" votes="27" />
            </VoteType>
            <VoteType name="Advance in Person" votes="140">
                <Precinct name="Quitman" votes="7" />
                <Precinct name="Briggs" votes="57" />
                <Precinct name="Morven" votes="76" />
            </VoteType>
            <VoteType name="Provisional" votes="4">
                <Precinct name="Quitman" votes="3" />
                <Precinct name="Briggs" votes="0" />
                <Precinct name="Morven" votes="1" />
            </VoteType>
        </Choice>
    </Contest>
    <Contest key="280" text="CC, D5" isQuestion="false" precinctsReporting="3" precinctsReported="3">
        <VoteType name="Number of Precincts for Race" votes="3">
            <Precinct name="Quitman" votes="1" />
            <Precinct name="Dixie" votes="1" />
            <Precinct name="Nankin" votes="1" />
        </VoteType>
        <VoteType name="Number of Precincts Reporting" votes="3">
            <Precinct name="Quitman" votes="1" />
            <Precinct name="Dixie" votes="1" />
            <Precinct name="Nankin" votes="1" />
        </VoteType>
        <Choice key="10" text="J. H. MAXWELL (I) D" totalVotes="829">
            <VoteType name="Election Day" votes="319">
                <Precinct name="Quitman" votes="199" />
                <Precinct name="Dixie" votes="98" />
                <Precinct name="Nankin" votes="22" />
            </VoteType>
            <VoteType name="Absentee by Mail" votes="124">
                <Precinct name="Quitman" votes="88" />
                <Precinct name="Dixie" votes="35" />
                <Precinct name="Nankin" votes="1" />
            </VoteType>
            <VoteType name="Advance in Person" votes="378">
                <Precinct name="Quitman" votes="265" />
                <Precinct name="Dixie" votes="86" />
                <Precinct name="Nankin" votes="27" />
            </VoteType>
            <VoteType name="Provisional" votes="8">
                <Precinct name="Quitman" votes="5" />
                <Precinct name="Dixie" votes="3" />
                <Precinct name="Nankin" votes="0" />
            </VoteType>
        </Choice>
    </Contest>
    <Contest key="285" text="BOE, AT LARGE" isQuestion="false" precinctsReporting="7" precinctsReported="7">
        <VoteType name="Number of Precincts for Race" votes="7">
            <Precinct name="Quitman" votes="1" />
            <Precinct name="Barwick" votes="1" />
            <Precinct name="Dixie" votes="1" />
            <Precinct name="Briggs" votes="1" />
            <Precinct name="Pavo" votes="1" />
            <Precinct name="Nankin" votes="1" />
            <Precinct name="Morven" votes="1" />
        </VoteType>
        <VoteType name="Number of Precincts Reporting" votes="7">
            <Precinct name="Quitman" votes="1" />
            <Precinct name="Barwick" votes="1" />
            <Precinct name="Dixie" votes="1" />
            <Precinct name="Briggs" votes="1" />
            <Precinct name="Pavo" votes="1" />
            <Precinct name="Nankin" votes="1" />
            <Precinct name="Morven" votes="1" />
        </VoteType>
        <Choice key="10" text="W H CARROLL JR (I) R" totalVotes="4819">
            <VoteType name="Election Day" votes="2249">
                <Precinct name="Quitman" votes="489" />
                <Precinct name="Barwick" votes="123" />
                <Precinct name="Dixie" votes="241" />
                <Precinct name="Briggs" votes="536" />
                <Precinct name="Pavo" votes="209" />
                <Precinct name="Nankin" votes="197" />
                <Precinct name="Morven" votes="454" />
            </VoteType>
            <VoteType name="Absentee by Mail" votes="317">
                <Precinct name="Quitman" votes="175" />
                <Precinct name="Barwick" votes="8" />
                <Precinct name="Dixie" votes="37" />
                <Precinct name="Briggs" votes="39" />
                <Precinct name="Pavo" votes="13" />
                <Precinct name="Nankin" votes="8" />
                <Precinct name="Morven" votes="37" />
            </VoteType>
            <VoteType name="Advance in Person" votes="2215">
                <Precinct name="Quitman" votes="826" />
                <Precinct name="Barwick" votes="49" />
                <Precinct name="Dixie" votes="184" />
                <Precinct name="Briggs" votes="499" />
                <Precinct name="Pavo" votes="52" />
                <Precinct name="Nankin" votes="195" />
                <Precinct name="Morven" votes="410" />
            </VoteType>
            <VoteType name="Provisional" votes="38">
                <Precinct name="Quitman" votes="25" />
                <Precinct name="Barwick" votes="2" />
                <Precinct name="Dixie" votes="4" />
                <Precinct name="Briggs" votes="1" />
                <Precinct name="Pavo" votes="0" />
                <Precinct name="Nankin" votes="2" />
                <Precinct name="Morven" votes="4" />
            </VoteType>
        </Choice>
    </Contest>
    <Contest key="290" text="BOE, D1" isQuestion="false" precinctsReporting="4" precinctsReported="4">
        <VoteType name="Number of Precincts for Race" votes="4">
            <Precinct name="Quitman" votes="1" />
            <Precinct name="Barwick" votes="1" />
            <Precinct name="Pavo" votes="1" />
            <Precinct name="Morven" votes="1" />
        </VoteType>
        <VoteType name="Number of Precincts Reporting" votes="4">
            <Precinct name="Quitman" votes="1" />
            <Precinct name="Barwick" votes="1" />
            <Precinct name="Pavo" votes="1" />
            <Precinct name="Morven" votes="1" />
        </VoteType>
        <Choice key="10" text="D. FOLSOM (R)" totalVotes="1115">
            <VoteType name="Election Day" votes="585">
                <Precinct name="Quitman" votes="93" />
                <Precinct name="Barwick" votes="92" />
                <Precinct name="Pavo" votes="210" />
                <Precinct name="Morven" votes="190" />
            </VoteType>
            <VoteType name="Absentee by Mail" votes="51">
                <Precinct name="Quitman" votes="11" />
                <Precinct name="Barwick" votes="6" />
                <Precinct name="Pavo" votes="12" />
                <Precinct name="Morven" votes="22" />
            </VoteType>
            <VoteType name="Advance in Person" votes="471">
                <Precinct name="Quitman" votes="174" />
                <Precinct name="Barwick" votes="40" />
                <Precinct name="Pavo" votes="55" />
                <Precinct name="Morven" votes="202" />
            </VoteType>
            <VoteType name="Provisional" votes="8">
                <Precinct name="Quitman" votes="3" />
                <Precinct name="Barwick" votes="2" />
                <Precinct name="Pavo" votes="0" />
                <Precinct name="Morven" votes="3" />
            </VoteType>
        </Choice>
    </Contest>
    <Contest key="310" text="BOE, D3" isQuestion="false" precinctsReporting="3" precinctsReported="3">
        <VoteType name="Number of Precincts for Race" votes="3">
            <Precinct name="Quitman" votes="1" />
            <Precinct name="Barwick" votes="1" />
            <Precinct name="Dixie" votes="1" />
        </VoteType>
        <VoteType name="Number of Precincts Reporting" votes="3">
            <Precinct name="Quitman" votes="1" />
            <Precinct name="Barwick" votes="1" />
            <Precinct name="Dixie" votes="1" />
        </VoteType>
        <Choice key="10" text="I. J. HALL (R)" totalVotes="510">
            <VoteType name="Election Day" votes="206">
                <Precinct name="Quitman" votes="80" />
                <Precinct name="Barwick" votes="26" />
                <Precinct name="Dixie" votes="100" />
            </VoteType>
            <VoteType name="Absentee by Mail" votes="44">
                <Precinct name="Quitman" votes="37" />
                <Precinct name="Barwick" votes="1" />
                <Precinct name="Dixie" votes="6" />
            </VoteType>
            <VoteType name="Advance in Person" votes="256">
                <Precinct name="Quitman" votes="198" />
                <Precinct name="Barwick" votes="5" />
                <Precinct name="Dixie" votes="53" />
            </VoteType>
            <VoteType name="Provisional" votes="4">
                <Precinct name="Quitman" votes="4" />
                <Precinct name="Barwick" votes="0" />
                <Precinct name="Dixie" votes="0" />
            </VoteType>
        </Choice>
        <Choice key="20" text="E. D. THOMAS (D)" totalVotes="837">
            <VoteType name="Election Day" votes="287">
                <Precinct name="Quitman" votes="195" />
                <Precinct name="Barwick" votes="15" />
                <Precinct name="Dixie" votes="77" />
            </VoteType>
            <VoteType name="Absentee by Mail" votes="248">
                <Precinct name="Quitman" votes="203" />
                <Precinct name="Barwick" votes="7" />
                <Precinct name="Dixie" votes="38" />
            </VoteType>
            <VoteType name="Advance in Person" votes="294">
                <Precinct name="Quitman" votes="225" />
                <Precinct name="Barwick" votes="12" />
                <Precinct name="Dixie" votes="57" />
            </VoteType>
            <VoteType name="Provisional" votes="8">
                <Precinct name="Quitman" votes="8" />
                <Precinct name="Barwick" votes="0" />
                <Precinct name="Dixie" votes="0" />
            </VoteType>
        </Choice>
    </Contest>
    <Contest key="340" text="BOE, D5" isQuestion="false" precinctsReporting="3" precinctsReported="3">
        <VoteType name="Number of Precincts for Race" votes="3">
            <Precinct name="Quitman" votes="1" />
            <Precinct name="Dixie" votes="1" />
            <Precinct name="Nankin" votes="1" />
        </VoteType>
        <VoteType name="Number of Precincts Reporting" votes="3">
            <Precinct name="Quitman" votes="1" />
            <Precinct name="Dixie" votes="1" />
            <Precinct name="Nankin" votes="1" />
        </VoteType>
        <Choice key="20" text="F. L. THOMAS (I) D" totalVotes="858">
            <VoteType name="Election Day" votes="327">
                <Precinct name="Quitman" votes="205" />
                <Precinct name="Dixie" votes="99" />
                <Precinct name="Nankin" votes="23" />
            </VoteType>
            <VoteType name="Absentee by Mail" votes="124">
                <Precinct name="Quitman" votes="88" />
                <Precinct name="Dixie" votes="35" />
                <Precinct name="Nankin" votes="1" />
            </VoteType>
            <VoteType name="Advance in Person" votes="397">
                <Precinct name="Quitman" votes="274" />
                <Precinct name="Dixie" votes="92" />
                <Precinct name="Nankin" votes="31" />
            </VoteType>
            <VoteType name="Provisional" votes="10">
                <Precinct name="Quitman" votes="6" />
                <Precinct name="Dixie" votes="4" />
                <Precinct name="Nankin" votes="0" />
            </VoteType>
        </Choice>
    </Contest>
    <Contest key="350" text="SOIL AND WATER" isQuestion="false" precinctsReporting="7" precinctsReported="7">
        <VoteType name="Number of Precincts for Race" votes="7">
            <Precinct name="Quitman" votes="1" />
            <Precinct name="Barwick" votes="1" />
            <Precinct name="Dixie" votes="1" />
            <Precinct name="Briggs" votes="1" />
            <Precinct name="Pavo" votes="1" />
            <Precinct name="Nankin" votes="1" />
            <Precinct name="Morven" votes="1" />
        </VoteType>
        <VoteType name="Number of Precincts Reporting" votes="7">
            <Precinct name="Quitman" votes="1" />
            <Precinct name="Barwick" votes="1" />
            <Precinct name="Dixie" votes="1" />
            <Precinct name="Briggs" votes="1" />
            <Precinct name="Pavo" votes="1" />
            <Precinct name="Nankin" votes="1" />
            <Precinct name="Morven" votes="1" />
        </VoteType>
        <Choice key="10" text="D. NIEWOEHNER (I)" totalVotes="4509">
            <VoteType name="Election Day" votes="2087">
                <Precinct name="Quitman" votes="485" />
                <Precinct name="Barwick" votes="117" />
                <Precinct name="Dixie" votes="224" />
                <Precinct name="Briggs" votes="466" />
                <Precinct name="Pavo" votes="192" />
                <Precinct name="Nankin" votes="175" />
                <Precinct name="Morven" votes="428" />
            </VoteType>
            <VoteType name="Absentee by Mail" votes="325">
                <Precinct name="Quitman" votes="184" />
                <Precinct name="Barwick" votes="8" />
                <Precinct name="Dixie" votes="43" />
                <Precinct name="Briggs" votes="34" />
                <Precinct name="Pavo" votes="10" />
                <Precinct name="Nankin" votes="8" />
                <Precinct name="Morven" votes="38" />
            </VoteType>
            <VoteType name="Advance in Person" votes="2062">
                <Precinct name="Quitman" votes="802" />
                <Precinct name="Barwick" votes="45" />
                <Precinct name="Dixie" votes="154" />
                <Precinct name="Briggs" votes="454" />
                <Precinct name="Pavo" votes="53" />
                <Precinct name="Nankin" votes="173" />
                <Precinct name="Morven" votes="381" />
            </VoteType>
            <VoteType name="Provisional" votes="35">
                <Precinct name="Quitman" votes="22" />
                <Precinct name="Barwick" votes="2" />
                <Precinct name="Dixie" votes="4" />
                <Precinct name="Briggs" votes="1" />
                <Precinct name="Pavo" votes="0" />
                <Precinct name="Nankin" votes="2" />
                <Precinct name="Morven" votes="4" />
            </VoteType>
        </Choice>
    </Contest>
    <Contest key="360" text="Constitutional Amendment #1&lt;br&gt;Provides greater flexibility and state accountability to fix failing schools through increasing community involvement." isQuestion="false" precinctsReporting="7" precinctsReported="7">
        <VoteType name="Number of Precincts for Race" votes="7">
            <Precinct name="Quitman" votes="1" />
            <Precinct name="Barwick" votes="1" />
            <Precinct name="Dixie" votes="1" />
            <Precinct name="Briggs" votes="1" />
            <Precinct name="Pavo" votes="1" />
            <Precinct name="Nankin" votes="1" />
            <Precinct name="Morven" votes="1" />
        </VoteType>
        <VoteType name="Number of Precincts Reporting" votes="7">
            <Precinct name="Quitman" votes="1" />
            <Precinct name="Barwick" votes="1" />
            <Precinct name="Dixie" votes="1" />
            <Precinct name="Briggs" votes="1" />
            <Precinct name="Pavo" votes="1" />
            <Precinct name="Nankin" votes="1" />
            <Precinct name="Morven" votes="1" />
        </VoteType>
        <Choice key="10" text="YES" totalVotes="2842">
            <VoteType name="Election Day" votes="1245">
                <Precinct name="Quitman" votes="334" />
                <Precinct name="Barwick" votes="64" />
                <Precinct name="Dixie" votes="138" />
                <Precinct name="Briggs" votes="271" />
                <Precinct name="Pavo" votes="107" />
                <Precinct name="Nankin" votes="103" />
                <Precinct name="Morven" votes="228" />
            </VoteType>
            <VoteType name="Absentee by Mail" votes="273">
                <Precinct name="Quitman" votes="167" />
                <Precinct name="Barwick" votes="5" />
                <Precinct name="Dixie" votes="37" />
                <Precinct name="Briggs" votes="24" />
                <Precinct name="Pavo" votes="10" />
                <Precinct name="Nankin" votes="9" />
                <Precinct name="Morven" votes="21" />
            </VoteType>
            <VoteType name="Advance in Person" votes="1295">
                <Precinct name="Quitman" votes="550" />
                <Precinct name="Barwick" votes="30" />
                <Precinct name="Dixie" votes="121" />
                <Precinct name="Briggs" votes="265" />
                <Precinct name="Pavo" votes="27" />
                <Precinct name="Nankin" votes="96" />
                <Precinct name="Morven" votes="206" />
            </VoteType>
            <VoteType name="Provisional" votes="29">
                <Precinct name="Quitman" votes="19" />
                <Precinct name="Barwick" votes="2" />
                <Precinct name="Dixie" votes="1" />
                <Precinct name="Briggs" votes="1" />
                <Precinct name="Pavo" votes="0" />
                <Precinct name="Nankin" votes="2" />
                <Precinct name="Morven" votes="4" />
            </VoteType>
        </Choice>
        <Choice key="20" text="NO" totalVotes="3092">
            <VoteType name="Election Day" votes="1442">
                <Precinct name="Quitman" votes="314" />
                <Precinct name="Barwick" votes="79" />
                <Precinct name="Dixie" votes="161" />
                <Precinct name="Briggs" votes="329" />
                <Precinct name="Pavo" votes="136" />
                <Precinct name="Nankin" votes="108" />
                <Precinct name="Morven" votes="315" />
            </VoteType>
            <VoteType name="Absentee by Mail" votes="296">
                <Precinct name="Quitman" votes="168" />
                <Precinct name="Barwick" votes="9" />
                <Precinct name="Dixie" votes="43" />
                <Precinct name="Briggs" votes="27" />
                <Precinct name="Pavo" votes="4" />
                <Precinct name="Nankin" votes="3" />
                <Precinct name="Morven" votes="42" />
            </VoteType>
            <VoteType name="Advance in Person" votes="1338">
                <Precinct name="Quitman" votes="510" />
                <Precinct name="Barwick" votes="28" />
                <Precinct name="Dixie" votes="115" />
                <Precinct name="Briggs" votes="287" />
                <Precinct name="Pavo" votes="35" />
                <Precinct name="Nankin" votes="120" />
                <Precinct name="Morven" votes="243" />
            </VoteType>
            <VoteType name="Provisional" votes="16">
                <Precinct name="Quitman" votes="13" />
                <Precinct name="Barwick" votes="0" />
                <Precinct name="Dixie" votes="3" />
                <Precinct name="Briggs" votes="0" />
                <Precinct name="Pavo" votes="0" />
                <Precinct name="Nankin" votes="0" />
                <Precinct name="Morven" votes="0" />
            </VoteType>
        </Choice>
    </Contest>
    <Contest key="370" text="Constitutional Amendment #2&lt;br&gt;Authorizes penalties for sexual exploitation and assessments on adult entertainment to fund child victims' services." isQuestion="false" precinctsReporting="7" precinctsReported="7">
        <VoteType name="Number of Precincts for Race" votes="7">
            <Precinct name="Quitman" votes="1" />
            <Precinct name="Barwick" votes="1" />
            <Precinct name="Dixie" votes="1" />
            <Precinct name="Briggs" votes="1" />
            <Precinct name="Pavo" votes="1" />
            <Precinct name="Nankin" votes="1" />
            <Precinct name="Morven" votes="1" />
        </VoteType>
        <VoteType name="Number of Precincts Reporting" votes="7">
            <Precinct name="Quitman" votes="1" />
            <Precinct name="Barwick" votes="1" />
            <Precinct name="Dixie" votes="1" />
            <Precinct name="Briggs" votes="1" />
            <Precinct name="Pavo" votes="1" />
            <Precinct name="Nankin" votes="1" />
            <Precinct name="Morven" votes="1" />
        </VoteType>
        <Choice key="10" text="YES" totalVotes="4836">
            <VoteType name="Election Day" votes="2166">
                <Precinct name="Quitman" votes="522" />
                <Precinct name="Barwick" votes="107" />
                <Precinct name="Dixie" votes="236" />
                <Precinct name="Briggs" votes="505" />
                <Precinct name="Pavo" votes="200" />
                <Precinct name="Nankin" votes="181" />
                <Precinct name="Morven" votes="415" />
            </VoteType>
            <VoteType name="Absentee by Mail" votes="461">
                <Precinct name="Quitman" votes="260" />
                <Precinct name="Barwick" votes="10" />
                <Precinct name="Dixie" votes="66" />
                <Precinct name="Briggs" votes="41" />
                <Precinct name="Pavo" votes="14" />
                <Precinct name="Nankin" votes="11" />
                <Precinct name="Morven" votes="59" />
            </VoteType>
            <VoteType name="Advance in Person" votes="2171">
                <Precinct name="Quitman" votes="860" />
                <Precinct name="Barwick" votes="53" />
                <Precinct name="Dixie" votes="186" />
                <Precinct name="Briggs" votes="465" />
                <Precinct name="Pavo" votes="54" />
                <Precinct name="Nankin" votes="174" />
                <Precinct name="Morven" votes="379" />
            </VoteType>
            <VoteType name="Provisional" votes="38">
                <Precinct name="Quitman" votes="26" />
                <Precinct name="Barwick" votes="2" />
                <Precinct name="Dixie" votes="4" />
                <Precinct name="Briggs" votes="1" />
                <Precinct name="Pavo" votes="0" />
                <Precinct name="Nankin" votes="2" />
                <Precinct name="Morven" votes="3" />
            </VoteType>
        </Choice>
        <Choice key="20" text="NO" totalVotes="1036">
            <VoteType name="Election Day" votes="501">
                <Precinct name="Quitman" votes="133" />
                <Precinct name="Barwick" votes="33" />
                <Precinct name="Dixie" votes="65" />
                <Precinct name="Briggs" votes="87" />
                <Precinct name="Pavo" votes="42" />
                <Precinct name="Nankin" votes="22" />
                <Precinct name="Morven" votes="119" />
            </VoteType>
            <VoteType name="Absentee by Mail" votes="92">
                <Precinct name="Quitman" votes="62" />
                <Precinct name="Barwick" votes="4" />
                <Precinct name="Dixie" votes="13" />
                <Precinct name="Briggs" votes="9" />
                <Precinct name="Pavo" votes="0" />
                <Precinct name="Nankin" votes="1" />
                <Precinct name="Morven" votes="3" />
            </VoteType>
            <VoteType name="Advance in Person" votes="435">
                <Precinct name="Quitman" votes="187" />
                <Precinct name="Barwick" votes="5" />
                <Precinct name="Dixie" votes="48" />
                <Precinct name="Briggs" votes="78" />
                <Precinct name="Pavo" votes="6" />
                <Precinct name="Nankin" votes="37" />
                <Precinct name="Morven" votes="74" />
            </VoteType>
            <VoteType name="Provisional" votes="8">
                <Precinct name="Quitman" votes="7" />
                <Precinct name="Barwick" votes="0" />
                <Precinct name="Dixie" votes="0" />
                <Precinct name="Briggs" votes="0" />
                <Precinct name="Pavo" votes="0" />
                <Precinct name="Nankin" votes="0" />
                <Precinct name="Morven" votes="1" />
            </VoteType>
        </Choice>
    </Contest>
    <Contest key="380" text="Constitutional Amendment #3&lt;br&gt;Reforms and re-establishes the Judicial Qualifications Commission and provides for its composition, governance, and powers." isQuestion="false" precinctsReporting="7" precinctsReported="7">
        <VoteType name="Number of Precincts for Race" votes="7">
            <Precinct name="Quitman" votes="1" />
            <Precinct name="Barwick" votes="1" />
            <Precinct name="Dixie" votes="1" />
            <Precinct name="Briggs" votes="1" />
            <Precinct name="Pavo" votes="1" />
            <Precinct name="Nankin" votes="1" />
            <Precinct name="Morven" votes="1" />
        </VoteType>
        <VoteType name="Number of Precincts Reporting" votes="7">
            <Precinct name="Quitman" votes="1" />
            <Precinct name="Barwick" votes="1" />
            <Precinct name="Dixie" votes="1" />
            <Precinct name="Briggs" votes="1" />
            <Precinct name="Pavo" votes="1" />
            <Precinct name="Nankin" votes="1" />
            <Precinct name="Morven" votes="1" />
        </VoteType>
        <Choice key="10" text="YES" totalVotes="3559">
            <VoteType name="Election Day" votes="1559">
                <Precinct name="Quitman" votes="388" />
                <Precinct name="Barwick" votes="73" />
                <Precinct name="Dixie" votes="169" />
                <Precinct name="Briggs" votes="346" />
                <Precinct name="Pavo" votes="151" />
                <Precinct name="Nankin" votes="129" />
                <Precinct name="Morven" votes="303" />
            </VoteType>
            <VoteType name="Absentee by Mail" votes="354">
                <Precinct name="Quitman" votes="212" />
                <Precinct name="Barwick" votes="7" />
                <Precinct name="Dixie" votes="53" />
                <Precinct name="Briggs" votes="26" />
                <Precinct name="Pavo" votes="12" />
                <Precinct name="Nankin" votes="3" />
                <Precinct name="Morven" votes="41" />
            </VoteType>
            <VoteType name="Advance in Person" votes="1617">
                <Precinct name="Quitman" votes="656" />
                <Precinct name="Barwick" votes="41" />
                <Precinct name="Dixie" votes="143" />
                <Precinct name="Briggs" votes="336" />
                <Precinct name="Pavo" votes="38" />
                <Precinct name="Nankin" votes="130" />
                <Precinct name="Morven" votes="273" />
            </VoteType>
            <VoteType name="Provisional" votes="29">
                <Precinct name="Quitman" votes="19" />
                <Precinct name="Barwick" votes="1" />
                <Precinct name="Dixie" votes="3" />
                <Precinct name="Briggs" votes="1" />
                <Precinct name="Pavo" votes="0" />
                <Precinct name="Nankin" votes="2" />
                <Precinct name="Morven" votes="3" />
            </VoteType>
        </Choice>
        <Choice key="20" text="NO" totalVotes="1963">
            <VoteType name="Election Day" votes="953">
                <Precinct name="Quitman" votes="240" />
                <Precinct name="Barwick" votes="60" />
                <Precinct name="Dixie" votes="106" />
                <Precinct name="Briggs" votes="208" />
                <Precinct name="Pavo" votes="74" />
                <Precinct name="Nankin" votes="63" />
                <Precinct name="Morven" votes="202" />
            </VoteType>
            <VoteType name="Absentee by Mail" votes="165">
                <Precinct name="Quitman" votes="92" />
                <Precinct name="Barwick" votes="7" />
                <Precinct name="Dixie" votes="23" />
                <Precinct name="Briggs" votes="18" />
                <Precinct name="Pavo" votes="1" />
                <Precinct name="Nankin" votes="5" />
                <Precinct name="Morven" votes="19" />
            </VoteType>
            <VoteType name="Advance in Person" votes="830">
                <Precinct name="Quitman" votes="325" />
                <Precinct name="Barwick" votes="13" />
                <Precinct name="Dixie" votes="69" />
                <Precinct name="Briggs" votes="177" />
                <Precinct name="Pavo" votes="17" />
                <Precinct name="Nankin" votes="75" />
                <Precinct name="Morven" votes="154" />
            </VoteType>
            <VoteType name="Provisional" votes="15">
                <Precinct name="Quitman" votes="12" />
                <Precinct name="Barwick" votes="1" />
                <Precinct name="Dixie" votes="1" />
                <Precinct name="Briggs" votes="0" />
                <Precinct name="Pavo" votes="0" />
                <Precinct name="Nankin" votes="0" />
                <Precinct name="Morven" votes="1" />
            </VoteType>
        </Choice>
    </Contest>
    <Contest key="390" text="Constitutional Amendment #4&lt;br&gt;Dedicates revenue from existing taxes on fireworks to trauma care, fire services, and public safety." isQuestion="false" precinctsReporting="7" precinctsReported="7">
        <VoteType name="Number of Precincts for Race" votes="7">
            <Precinct name="Quitman" votes="1" />
            <Precinct name="Barwick" votes="1" />
            <Precinct name="Dixie" votes="1" />
            <Precinct name="Briggs" votes="1" />
            <Precinct name="Pavo" votes="1" />
            <Precinct name="Nankin" votes="1" />
            <Precinct name="Morven" votes="1" />
        </VoteType>
        <VoteType name="Number of Precincts Reporting" votes="7">
            <Precinct name="Quitman" votes="1" />
            <Precinct name="Barwick" votes="1" />
            <Precinct name="Dixie" votes="1" />
            <Precinct name="Briggs" votes="1" />
            <Precinct name="Pavo" votes="1" />
            <Precinct name="Nankin" votes="1" />
            <Precinct name="Morven" votes="1" />
        </VoteType>
        <Choice key="10" text="YES" totalVotes="4632">
            <VoteType name="Election Day" votes="2075">
                <Precinct name="Quitman" votes="486" />
                <Precinct name="Barwick" votes="99" />
                <Precinct name="Dixie" votes="222" />
                <Precinct name="Briggs" votes="485" />
                <Precinct name="Pavo" votes="198" />
                <Precinct name="Nankin" votes="183" />
                <Precinct name="Morven" votes="402" />
            </VoteType>
            <VoteType name="Absentee by Mail" votes="439">
                <Precinct name="Quitman" votes="243" />
                <Precinct name="Barwick" votes="12" />
                <Precinct name="Dixie" votes="66" />
                <Precinct name="Briggs" votes="37" />
                <Precinct name="Pavo" votes="14" />
                <Precinct name="Nankin" votes="10" />
                <Precinct name="Morven" votes="57" />
            </VoteType>
            <VoteType name="Advance in Person" votes="2085">
                <Precinct name="Quitman" votes="839" />
                <Precinct name="Barwick" votes="52" />
                <Precinct name="Dixie" votes="174" />
                <Precinct name="Briggs" votes="452" />
                <Precinct name="Pavo" votes="48" />
                <Precinct name="Nankin" votes="167" />
                <Precinct name="Morven" votes="353" />
            </VoteType>
            <VoteType name="Provisional" votes="33">
                <Precinct name="Quitman" votes="23" />
                <Precinct name="Barwick" votes="2" />
                <Precinct name="Dixie" votes="3" />
                <Precinct name="Briggs" votes="1" />
                <Precinct name="Pavo" votes="0" />
                <Precinct name="Nankin" votes="2" />
                <Precinct name="Morven" votes="2" />
            </VoteType>
        </Choice>
        <Choice key="20" text="NO" totalVotes="1287">
            <VoteType name="Election Day" votes="617">
                <Precinct name="Quitman" votes="165" />
                <Precinct name="Barwick" votes="42" />
                <Precinct name="Dixie" votes="86" />
                <Precinct name="Briggs" votes="112" />
                <Precinct name="Pavo" votes="46" />
                <Precinct name="Nankin" votes="26" />
                <Precinct name="Morven" votes="140" />
            </VoteType>
            <VoteType name="Absentee by Mail" votes="112">
                <Precinct name="Quitman" votes="81" />
                <Precinct name="Barwick" votes="2" />
                <Precinct name="Dixie" votes="13" />
                <Precinct name="Briggs" votes="10" />
                <Precinct name="Pavo" votes="0" />
                <Precinct name="Nankin" votes="1" />
                <Precinct name="Morven" votes="5" />
            </VoteType>
            <VoteType name="Advance in Person" votes="546">
                <Precinct name="Quitman" votes="226" />
                <Precinct name="Barwick" votes="6" />
                <Precinct name="Dixie" votes="54" />
                <Precinct name="Briggs" votes="98" />
                <Precinct name="Pavo" votes="14" />
                <Precinct name="Nankin" votes="46" />
                <Precinct name="Morven" votes="102" />
            </VoteType>
            <VoteType name="Provisional" votes="12">
                <Precinct name="Quitman" votes="9" />
                <Precinct name="Barwick" votes="0" />
                <Precinct name="Dixie" votes="1" />
                <Precinct name="Briggs" votes="0" />
                <Precinct name="Pavo" votes="0" />
                <Precinct name="Nankin" votes="0" />
                <Precinct name="Morven" votes="2" />
            </VoteType>
        </Choice>
    </Contest>
</ElectionResult>