<?xml version="1.0"?>
<!--Election result snapshot imported from Tabulation System
-->
<ElectionResult>
    <Timestamp>11/14/2016 4:57:22 PM EST</Timestamp>
    <ElectionName>November 8, 2016 - General Election</ElectionName>
    <ElectionDate>11/8/2016</ElectionDate>
    <Region>Coffee</Region>
    <VoterTurnout totalVoters="18897" ballotsCast="14083" voterTurnout="74.53">
        <Precincts>
            <Precinct name="Douglas" totalVoters="12889" ballotsCast="9449" voterTurnout="73.31" percentReporting="4" />
            <Precinct name="Ambrose" totalVoters="1592" ballotsCast="1267" voterTurnout="79.59" percentReporting="4" />
            <Precinct name="Bridgetown" totalVoters="254" ballotsCast="204" voterTurnout="80.31" percentReporting="4" />
            <Precinct name="Broxton" totalVoters="1906" ballotsCast="1519" voterTurnout="79.70" percentReporting="4" />
            <Precinct name="Nicholls" totalVoters="1489" ballotsCast="1035" voterTurnout="69.51" percentReporting="4" />
            <Precinct name="West Green" totalVoters="767" ballotsCast="609" voterTurnout="79.40" percentReporting="4" />
        </Precincts>
    </VoterTurnout>
    <Contest key="1" text="President of the United States" isQuestion="false" precinctsReporting="6" precinctsReported="6">
        <VoteType name="Number of Precincts for Race" votes="6">
            <Precinct name="Douglas" votes="1" />
            <Precinct name="Ambrose" votes="1" />
            <Precinct name="Bridgetown" votes="1" />
            <Precinct name="Broxton" votes="1" />
            <Precinct name="Nicholls" votes="1" />
            <Precinct name="West Green" votes="1" />
        </VoteType>
        <VoteType name="Number of Precincts Reporting" votes="6">
            <Precinct name="Douglas" votes="1" />
            <Precinct name="Ambrose" votes="1" />
            <Precinct name="Bridgetown" votes="1" />
            <Precinct name="Broxton" votes="1" />
            <Precinct name="Nicholls" votes="1" />
            <Precinct name="West Green" votes="1" />
        </VoteType>
        <Choice key="10" text="DONALD J. TRUMP" totalVotes="9588">
            <VoteType name="Election Day" votes="3051">
                <Precinct name="Douglas" votes="1385" />
                <Precinct name="Ambrose" votes="407" />
                <Precinct name="Bridgetown" votes="103" />
                <Precinct name="Broxton" votes="448" />
                <Precinct name="Nicholls" votes="386" />
                <Precinct name="West Green" votes="322" />
            </VoteType>
            <VoteType name="Absentee by Mail" votes="295">
                <Precinct name="Douglas" votes="175" />
                <Precinct name="Ambrose" votes="36" />
                <Precinct name="Bridgetown" votes="2" />
                <Precinct name="Broxton" votes="47" />
                <Precinct name="Nicholls" votes="15" />
                <Precinct name="West Green" votes="20" />
            </VoteType>
            <VoteType name="Advance in Person" votes="6242">
                <Precinct name="Douglas" votes="4415" />
                <Precinct name="Ambrose" votes="565" />
                <Precinct name="Bridgetown" votes="46" />
                <Precinct name="Broxton" votes="610" />
                <Precinct name="Nicholls" votes="396" />
                <Precinct name="West Green" votes="210" />
            </VoteType>
            <VoteType name="Provisional" votes="0">
                <Precinct name="Douglas" votes="0" />
                <Precinct name="Ambrose" votes="0" />
                <Precinct name="Bridgetown" votes="0" />
                <Precinct name="Broxton" votes="0" />
                <Precinct name="Nicholls" votes="0" />
                <Precinct name="West Green" votes="0" />
            </VoteType>
        </Choice>
        <Choice key="20" text="HILLARY CLINTON" totalVotes="4094">
            <VoteType name="Election Day" votes="1642">
                <Precinct name="Douglas" votes="1097" />
                <Precinct name="Ambrose" votes="115" />
                <Precinct name="Bridgetown" votes="36" />
                <Precinct name="Broxton" votes="224" />
                <Precinct name="Nicholls" votes="151" />
                <Precinct name="West Green" votes="19" />
            </VoteType>
            <VoteType name="Absentee by Mail" votes="168">
                <Precinct name="Douglas" votes="131" />
                <Precinct name="Ambrose" votes="12" />
                <Precinct name="Bridgetown" votes="2" />
                <Precinct name="Broxton" votes="15" />
                <Precinct name="Nicholls" votes="5" />
                <Precinct name="West Green" votes="3" />
            </VoteType>
            <VoteType name="Advance in Person" votes="2284">
                <Precinct name="Douglas" votes="1945" />
                <Precinct name="Ambrose" votes="103" />
                <Precinct name="Bridgetown" votes="12" />
                <Precinct name="Broxton" votes="132" />
                <Precinct name="Nicholls" votes="69" />
                <Precinct name="West Green" votes="23" />
            </VoteType>
            <VoteType name="Provisional" votes="0">
                <Precinct name="Douglas" votes="0" />
                <Precinct name="Ambrose" votes="0" />
                <Precinct name="Bridgetown" votes="0" />
                <Precinct name="Broxton" votes="0" />
                <Precinct name="Nicholls" votes="0" />
                <Precinct name="West Green" votes="0" />
            </VoteType>
        </Choice>
        <Choice key="30" text="GARY JOHNSON" totalVotes="233">
            <VoteType name="Election Day" votes="90">
                <Precinct name="Douglas" votes="56" />
                <Precinct name="Ambrose" votes="11" />
                <Precinct name="Bridgetown" votes="1" />
                <Precinct name="Broxton" votes="15" />
                <Precinct name="Nicholls" votes="4" />
                <Precinct name="West Green" votes="3" />
            </VoteType>
            <VoteType name="Absentee by Mail" votes="17">
                <Precinct name="Douglas" votes="13" />
                <Precinct name="Ambrose" votes="2" />
                <Precinct name="Bridgetown" votes="0" />
                <Precinct name="Broxton" votes="1" />
                <Precinct name="Nicholls" votes="0" />
                <Precinct name="West Green" votes="1" />
            </VoteType>
            <VoteType name="Advance in Person" votes="126">
                <Precinct name="Douglas" votes="103" />
                <Precinct name="Ambrose" votes="5" />
                <Precinct name="Bridgetown" votes="0" />
                <Precinct name="Broxton" votes="12" />
                <Precinct name="Nicholls" votes="3" />
                <Precinct name="West Green" votes="3" />
            </VoteType>
            <VoteType name="Provisional" votes="0">
                <Precinct name="Douglas" votes="0" />
                <Precinct name="Ambrose" votes="0" />
                <Precinct name="Bridgetown" votes="0" />
                <Precinct name="Broxton" votes="0" />
                <Precinct name="Nicholls" votes="0" />
                <Precinct name="West Green" votes="0" />
            </VoteType>
        </Choice>
    </Contest>
    <Contest key="10" text="United States Senator, Isakson" isQuestion="false" precinctsReporting="6" precinctsReported="6">
        <VoteType name="Number of Precincts for Race" votes="6">
            <Precinct name="Douglas" votes="1" />
            <Precinct name="Ambrose" votes="1" />
            <Precinct name="Bridgetown" votes="1" />
            <Precinct name="Broxton" votes="1" />
            <Precinct name="Nicholls" votes="1" />
            <Precinct name="West Green" votes="1" />
        </VoteType>
        <VoteType name="Number of Precincts Reporting" votes="6">
            <Precinct name="Douglas" votes="1" />
            <Precinct name="Ambrose" votes="1" />
            <Precinct name="Bridgetown" votes="1" />
            <Precinct name="Broxton" votes="1" />
            <Precinct name="Nicholls" votes="1" />
            <Precinct name="West Green" votes="1" />
        </VoteType>
        <Choice key="30" text="JOHNNY ISAKSON (I)" totalVotes="8883">
            <VoteType name="Election Day" votes="2814">
                <Precinct name="Douglas" votes="1326" />
                <Precinct name="Ambrose" votes="370" />
                <Precinct name="Bridgetown" votes="96" />
                <Precinct name="Broxton" votes="405" />
                <Precinct name="Nicholls" votes="337" />
                <Precinct name="West Green" votes="280" />
            </VoteType>
            <VoteType name="Absentee by Mail" votes="313">
                <Precinct name="Douglas" votes="194" />
                <Precinct name="Ambrose" votes="36" />
                <Precinct name="Bridgetown" votes="1" />
                <Precinct name="Broxton" votes="49" />
                <Precinct name="Nicholls" votes="12" />
                <Precinct name="West Green" votes="21" />
            </VoteType>
            <VoteType name="Advance in Person" votes="5756">
                <Precinct name="Douglas" votes="4154" />
                <Precinct name="Ambrose" votes="490" />
                <Precinct name="Bridgetown" votes="35" />
                <Precinct name="Broxton" votes="546" />
                <Precinct name="Nicholls" votes="345" />
                <Precinct name="West Green" votes="186" />
            </VoteType>
            <VoteType name="Provisional" votes="0">
                <Precinct name="Douglas" votes="0" />
                <Precinct name="Ambrose" votes="0" />
                <Precinct name="Bridgetown" votes="0" />
                <Precinct name="Broxton" votes="0" />
                <Precinct name="Nicholls" votes="0" />
                <Precinct name="West Green" votes="0" />
            </VoteType>
        </Choice>
        <Choice key="40" text="JIM BARKSDALE" totalVotes="3494">
            <VoteType name="Election Day" votes="1428">
                <Precinct name="Douglas" votes="936" />
                <Precinct name="Ambrose" votes="102" />
                <Precinct name="Bridgetown" votes="27" />
                <Precinct name="Broxton" votes="199" />
                <Precinct name="Nicholls" votes="141" />
                <Precinct name="West Green" votes="23" />
            </VoteType>
            <VoteType name="Absentee by Mail" votes="150">
                <Precinct name="Douglas" votes="120" />
                <Precinct name="Ambrose" votes="6" />
                <Precinct name="Bridgetown" votes="3" />
                <Precinct name="Broxton" votes="12" />
                <Precinct name="Nicholls" votes="7" />
                <Precinct name="West Green" votes="2" />
            </VoteType>
            <VoteType name="Advance in Person" votes="1916">
                <Precinct name="Douglas" votes="1614" />
                <Precinct name="Ambrose" votes="98" />
                <Precinct name="Bridgetown" votes="13" />
                <Precinct name="Broxton" votes="111" />
                <Precinct name="Nicholls" votes="60" />
                <Precinct name="West Green" votes="20" />
            </VoteType>
            <VoteType name="Provisional" votes="0">
                <Precinct name="Douglas" votes="0" />
                <Precinct name="Ambrose" votes="0" />
                <Precinct name="Bridgetown" votes="0" />
                <Precinct name="Broxton" votes="0" />
                <Precinct name="Nicholls" votes="0" />
                <Precinct name="West Green" votes="0" />
            </VoteType>
        </Choice>
        <Choice key="50" text="ALLEN BUCKLEY" totalVotes="361">
            <VoteType name="Election Day" votes="142">
                <Precinct name="Douglas" votes="78" />
                <Precinct name="Ambrose" votes="14" />
                <Precinct name="Bridgetown" votes="3" />
                <Precinct name="Broxton" votes="23" />
                <Precinct name="Nicholls" votes="15" />
                <Precinct name="West Green" votes="9" />
            </VoteType>
            <VoteType name="Absentee by Mail" votes="8">
                <Precinct name="Douglas" votes="4" />
                <Precinct name="Ambrose" votes="3" />
                <Precinct name="Bridgetown" votes="0" />
                <Precinct name="Broxton" votes="0" />
                <Precinct name="Nicholls" votes="1" />
                <Precinct name="West Green" votes="0" />
            </VoteType>
            <VoteType name="Advance in Person" votes="211">
                <Precinct name="Douglas" votes="144" />
                <Precinct name="Ambrose" votes="18" />
                <Precinct name="Bridgetown" votes="1" />
                <Precinct name="Broxton" votes="23" />
                <Precinct name="Nicholls" votes="16" />
                <Precinct name="West Green" votes="9" />
            </VoteType>
            <VoteType name="Provisional" votes="0">
                <Precinct name="Douglas" votes="0" />
                <Precinct name="Ambrose" votes="0" />
                <Precinct name="Bridgetown" votes="0" />
                <Precinct name="Broxton" votes="0" />
                <Precinct name="Nicholls" votes="0" />
                <Precinct name="West Green" votes="0" />
            </VoteType>
        </Choice>
    </Contest>
    <Contest key="30" text="Public Service Commission, District 2 - Eastern" isQuestion="false" precinctsReporting="6" precinctsReported="6">
        <VoteType name="Number of Precincts for Race" votes="6">
            <Precinct name="Douglas" votes="1" />
            <Precinct name="Ambrose" votes="1" />
            <Precinct name="Bridgetown" votes="1" />
            <Precinct name="Broxton" votes="1" />
            <Precinct name="Nicholls" votes="1" />
            <Precinct name="West Green" votes="1" />
        </VoteType>
        <VoteType name="Number of Precincts Reporting" votes="6">
            <Precinct name="Douglas" votes="1" />
            <Precinct name="Ambrose" votes="1" />
            <Precinct name="Bridgetown" votes="1" />
            <Precinct name="Broxton" votes="1" />
            <Precinct name="Nicholls" votes="1" />
            <Precinct name="West Green" votes="1" />
        </VoteType>
        <Choice key="20" text="TIM ECHOLS (I)" totalVotes="9403">
            <VoteType name="Election Day" votes="2994">
                <Precinct name="Douglas" votes="1479" />
                <Precinct name="Ambrose" votes="379" />
                <Precinct name="Bridgetown" votes="93" />
                <Precinct name="Broxton" votes="425" />
                <Precinct name="Nicholls" votes="356" />
                <Precinct name="West Green" votes="262" />
            </VoteType>
            <VoteType name="Absentee by Mail" votes="321">
                <Precinct name="Douglas" votes="200" />
                <Precinct name="Ambrose" votes="35" />
                <Precinct name="Bridgetown" votes="3" />
                <Precinct name="Broxton" votes="45" />
                <Precinct name="Nicholls" votes="18" />
                <Precinct name="West Green" votes="20" />
            </VoteType>
            <VoteType name="Advance in Person" votes="6088">
                <Precinct name="Douglas" votes="4408" />
                <Precinct name="Ambrose" votes="507" />
                <Precinct name="Bridgetown" votes="37" />
                <Precinct name="Broxton" votes="583" />
                <Precinct name="Nicholls" votes="361" />
                <Precinct name="West Green" votes="192" />
            </VoteType>
            <VoteType name="Provisional" votes="0">
                <Precinct name="Douglas" votes="0" />
                <Precinct name="Ambrose" votes="0" />
                <Precinct name="Bridgetown" votes="0" />
                <Precinct name="Broxton" votes="0" />
                <Precinct name="Nicholls" votes="0" />
                <Precinct name="West Green" votes="0" />
            </VoteType>
        </Choice>
        <Choice key="30" text="ERIC HOSKINS" totalVotes="2327">
            <VoteType name="Election Day" votes="1012">
                <Precinct name="Douglas" votes="645" />
                <Precinct name="Ambrose" votes="82" />
                <Precinct name="Bridgetown" votes="20" />
                <Precinct name="Broxton" votes="129" />
                <Precinct name="Nicholls" votes="99" />
                <Precinct name="West Green" votes="37" />
            </VoteType>
            <VoteType name="Absentee by Mail" votes="73">
                <Precinct name="Douglas" votes="59" />
                <Precinct name="Ambrose" votes="5" />
                <Precinct name="Bridgetown" votes="1" />
                <Precinct name="Broxton" votes="6" />
                <Precinct name="Nicholls" votes="1" />
                <Precinct name="West Green" votes="1" />
            </VoteType>
            <VoteType name="Advance in Person" votes="1242">
                <Precinct name="Douglas" votes="1010" />
                <Precinct name="Ambrose" votes="55" />
                <Precinct name="Bridgetown" votes="12" />
                <Precinct name="Broxton" votes="89" />
                <Precinct name="Nicholls" votes="56" />
                <Precinct name="West Green" votes="20" />
            </VoteType>
            <VoteType name="Provisional" votes="0">
                <Precinct name="Douglas" votes="0" />
                <Precinct name="Ambrose" votes="0" />
                <Precinct name="Bridgetown" votes="0" />
                <Precinct name="Broxton" votes="0" />
                <Precinct name="Nicholls" votes="0" />
                <Precinct name="West Green" votes="0" />
            </VoteType>
        </Choice>
    </Contest>
    <Contest key="50" text="U.S. Representative, District 12" isQuestion="false" precinctsReporting="6" precinctsReported="6">
        <VoteType name="Number of Precincts for Race" votes="6">
            <Precinct name="Douglas" votes="1" />
            <Precinct name="Ambrose" votes="1" />
            <Precinct name="Bridgetown" votes="1" />
            <Precinct name="Broxton" votes="1" />
            <Precinct name="Nicholls" votes="1" />
            <Precinct name="West Green" votes="1" />
        </VoteType>
        <VoteType name="Number of Precincts Reporting" votes="6">
            <Precinct name="Douglas" votes="1" />
            <Precinct name="Ambrose" votes="1" />
            <Precinct name="Bridgetown" votes="1" />
            <Precinct name="Broxton" votes="1" />
            <Precinct name="Nicholls" votes="1" />
            <Precinct name="West Green" votes="1" />
        </VoteType>
        <Choice key="10" text="RICK ALLEN (I)" totalVotes="9176">
            <VoteType name="Election Day" votes="2944">
                <Precinct name="Douglas" votes="1398" />
                <Precinct name="Ambrose" votes="384" />
                <Precinct name="Bridgetown" votes="95" />
                <Precinct name="Broxton" votes="419" />
                <Precinct name="Nicholls" votes="353" />
                <Precinct name="West Green" votes="295" />
            </VoteType>
            <VoteType name="Absentee by Mail" votes="307">
                <Precinct name="Douglas" votes="190" />
                <Precinct name="Ambrose" votes="37" />
                <Precinct name="Bridgetown" votes="2" />
                <Precinct name="Broxton" votes="45" />
                <Precinct name="Nicholls" votes="14" />
                <Precinct name="West Green" votes="19" />
            </VoteType>
            <VoteType name="Advance in Person" votes="5925">
                <Precinct name="Douglas" votes="4232" />
                <Precinct name="Ambrose" votes="506" />
                <Precinct name="Bridgetown" votes="39" />
                <Precinct name="Broxton" votes="586" />
                <Precinct name="Nicholls" votes="366" />
                <Precinct name="West Green" votes="196" />
            </VoteType>
            <VoteType name="Provisional" votes="0">
                <Precinct name="Douglas" votes="0" />
                <Precinct name="Ambrose" votes="0" />
                <Precinct name="Bridgetown" votes="0" />
                <Precinct name="Broxton" votes="0" />
                <Precinct name="Nicholls" votes="0" />
                <Precinct name="West Green" votes="0" />
            </VoteType>
        </Choice>
        <Choice key="20" text="PATRICIA C. MCCRACKEN" totalVotes="3769">
            <VoteType name="Election Day" votes="1508">
                <Precinct name="Douglas" votes="1002" />
                <Precinct name="Ambrose" votes="106" />
                <Precinct name="Bridgetown" votes="36" />
                <Precinct name="Broxton" votes="191" />
                <Precinct name="Nicholls" votes="150" />
                <Precinct name="West Green" votes="23" />
            </VoteType>
            <VoteType name="Absentee by Mail" votes="153">
                <Precinct name="Douglas" votes="121" />
                <Precinct name="Ambrose" votes="8" />
                <Precinct name="Bridgetown" votes="2" />
                <Precinct name="Broxton" votes="14" />
                <Precinct name="Nicholls" votes="6" />
                <Precinct name="West Green" votes="2" />
            </VoteType>
            <VoteType name="Advance in Person" votes="2108">
                <Precinct name="Douglas" votes="1773" />
                <Precinct name="Ambrose" votes="107" />
                <Precinct name="Bridgetown" votes="12" />
                <Precinct name="Broxton" votes="118" />
                <Precinct name="Nicholls" votes="73" />
                <Precinct name="West Green" votes="25" />
            </VoteType>
            <VoteType name="Provisional" votes="0">
                <Precinct name="Douglas" votes="0" />
                <Precinct name="Ambrose" votes="0" />
                <Precinct name="Bridgetown" votes="0" />
                <Precinct name="Broxton" votes="0" />
                <Precinct name="Nicholls" votes="0" />
                <Precinct name="West Green" votes="0" />
            </VoteType>
        </Choice>
    </Contest>
    <Contest key="70" text="State Senator, District 7" isQuestion="false" precinctsReporting="6" precinctsReported="6">
        <VoteType name="Number of Precincts for Race" votes="6">
            <Precinct name="Douglas" votes="1" />
            <Precinct name="Ambrose" votes="1" />
            <Precinct name="Bridgetown" votes="1" />
            <Precinct name="Broxton" votes="1" />
            <Precinct name="Nicholls" votes="1" />
            <Precinct name="West Green" votes="1" />
        </VoteType>
        <VoteType name="Number of Precincts Reporting" votes="6">
            <Precinct name="Douglas" votes="1" />
            <Precinct name="Ambrose" votes="1" />
            <Precinct name="Bridgetown" votes="1" />
            <Precinct name="Broxton" votes="1" />
            <Precinct name="Nicholls" votes="1" />
            <Precinct name="West Green" votes="1" />
        </VoteType>
        <Choice key="10" text="TYLER HARPER (I)" totalVotes="10992">
            <VoteType name="Election Day" votes="3684">
                <Precinct name="Douglas" votes="1897" />
                <Precinct name="Ambrose" votes="439" />
                <Precinct name="Bridgetown" votes="106" />
                <Precinct name="Broxton" votes="522" />
                <Precinct name="Nicholls" votes="419" />
                <Precinct name="West Green" votes="301" />
            </VoteType>
            <VoteType name="Absentee by Mail" votes="354">
                <Precinct name="Douglas" votes="225" />
                <Precinct name="Ambrose" votes="36" />
                <Precinct name="Bridgetown" votes="4" />
                <Precinct name="Broxton" votes="50" />
                <Precinct name="Nicholls" votes="18" />
                <Precinct name="West Green" votes="21" />
            </VoteType>
            <VoteType name="Advance in Person" votes="6954">
                <Precinct name="Douglas" votes="5082" />
                <Precinct name="Ambrose" votes="571" />
                <Precinct name="Bridgetown" votes="47" />
                <Precinct name="Broxton" votes="647" />
                <Precinct name="Nicholls" votes="397" />
                <Precinct name="West Green" votes="210" />
            </VoteType>
            <VoteType name="Provisional" votes="0">
                <Precinct name="Douglas" votes="0" />
                <Precinct name="Ambrose" votes="0" />
                <Precinct name="Bridgetown" votes="0" />
                <Precinct name="Broxton" votes="0" />
                <Precinct name="Nicholls" votes="0" />
                <Precinct name="West Green" votes="0" />
            </VoteType>
        </Choice>
    </Contest>
    <Contest key="90" text="State Representative, District 155" isQuestion="false" precinctsReporting="2" precinctsReported="2">
        <VoteType name="Number of Precincts for Race" votes="2">
            <Precinct name="Ambrose" votes="1" />
            <Precinct name="Broxton" votes="1" />
        </VoteType>
        <VoteType name="Number of Precincts Reporting" votes="2">
            <Precinct name="Ambrose" votes="1" />
            <Precinct name="Broxton" votes="1" />
        </VoteType>
        <Choice key="10" text="CLAY PIRKLE (I)" totalVotes="1675">
            <VoteType name="Election Day" votes="734">
                <Precinct name="Ambrose" votes="405" />
                <Precinct name="Broxton" votes="329" />
            </VoteType>
            <VoteType name="Absentee by Mail" votes="64">
                <Precinct name="Ambrose" votes="31" />
                <Precinct name="Broxton" votes="33" />
            </VoteType>
            <VoteType name="Advance in Person" votes="877">
                <Precinct name="Ambrose" votes="522" />
                <Precinct name="Broxton" votes="355" />
            </VoteType>
            <VoteType name="Provisional" votes="0">
                <Precinct name="Ambrose" votes="0" />
                <Precinct name="Broxton" votes="0" />
            </VoteType>
        </Choice>
    </Contest>
    <Contest key="110" text="State Representative, District 169" isQuestion="false" precinctsReporting="5" precinctsReported="5">
        <VoteType name="Number of Precincts for Race" votes="5">
            <Precinct name="Douglas" votes="1" />
            <Precinct name="Bridgetown" votes="1" />
            <Precinct name="Broxton" votes="1" />
            <Precinct name="Nicholls" votes="1" />
            <Precinct name="West Green" votes="1" />
        </VoteType>
        <VoteType name="Number of Precincts Reporting" votes="5">
            <Precinct name="Douglas" votes="1" />
            <Precinct name="Bridgetown" votes="1" />
            <Precinct name="Broxton" votes="1" />
            <Precinct name="Nicholls" votes="1" />
            <Precinct name="West Green" votes="1" />
        </VoteType>
        <Choice key="10" text="DOMINIC LARICCIA (I)" totalVotes="8923">
            <VoteType name="Election Day" votes="2805">
                <Precinct name="Douglas" votes="1849" />
                <Precinct name="Bridgetown" votes="101" />
                <Precinct name="Broxton" votes="171" />
                <Precinct name="Nicholls" votes="403" />
                <Precinct name="West Green" votes="281" />
            </VoteType>
            <VoteType name="Absentee by Mail" votes="282">
                <Precinct name="Douglas" votes="224" />
                <Precinct name="Bridgetown" votes="4" />
                <Precinct name="Broxton" votes="16" />
                <Precinct name="Nicholls" votes="18" />
                <Precinct name="West Green" votes="20" />
            </VoteType>
            <VoteType name="Advance in Person" votes="5836">
                <Precinct name="Douglas" votes="4933" />
                <Precinct name="Bridgetown" votes="40" />
                <Precinct name="Broxton" votes="279" />
                <Precinct name="Nicholls" votes="383" />
                <Precinct name="West Green" votes="201" />
            </VoteType>
            <VoteType name="Provisional" votes="0">
                <Precinct name="Douglas" votes="0" />
                <Precinct name="Bridgetown" votes="0" />
                <Precinct name="Broxton" votes="0" />
                <Precinct name="Nicholls" votes="0" />
                <Precinct name="West Green" votes="0" />
            </VoteType>
        </Choice>
    </Contest>
    <Contest key="130" text="CLERK, SUPERIOR COURT" isQuestion="false" precinctsReporting="6" precinctsReported="6">
        <VoteType name="Number of Precincts for Race" votes="6">
            <Precinct name="Douglas" votes="1" />
            <Precinct name="Ambrose" votes="1" />
            <Precinct name="Bridgetown" votes="1" />
            <Precinct name="Broxton" votes="1" />
            <Precinct name="Nicholls" votes="1" />
            <Precinct name="West Green" votes="1" />
        </VoteType>
        <VoteType name="Number of Precincts Reporting" votes="6">
            <Precinct name="Douglas" votes="1" />
            <Precinct name="Ambrose" votes="1" />
            <Precinct name="Bridgetown" votes="1" />
            <Precinct name="Broxton" votes="1" />
            <Precinct name="Nicholls" votes="1" />
            <Precinct name="West Green" votes="1" />
        </VoteType>
        <Choice key="20" text="A. C SPELL-HUT (I) R" totalVotes="11319">
            <VoteType name="Election Day" votes="3832">
                <Precinct name="Douglas" votes="1975" />
                <Precinct name="Ambrose" votes="446" />
                <Precinct name="Bridgetown" votes="113" />
                <Precinct name="Broxton" votes="572" />
                <Precinct name="Nicholls" votes="429" />
                <Precinct name="West Green" votes="297" />
            </VoteType>
            <VoteType name="Absentee by Mail" votes="366">
                <Precinct name="Douglas" votes="238" />
                <Precinct name="Ambrose" votes="39" />
                <Precinct name="Bridgetown" votes="4" />
                <Precinct name="Broxton" votes="50" />
                <Precinct name="Nicholls" votes="17" />
                <Precinct name="West Green" votes="18" />
            </VoteType>
            <VoteType name="Advance in Person" votes="7121">
                <Precinct name="Douglas" votes="5226" />
                <Precinct name="Ambrose" votes="573" />
                <Precinct name="Bridgetown" votes="44" />
                <Precinct name="Broxton" votes="665" />
                <Precinct name="Nicholls" votes="399" />
                <Precinct name="West Green" votes="214" />
            </VoteType>
            <VoteType name="Provisional" votes="0">
                <Precinct name="Douglas" votes="0" />
                <Precinct name="Ambrose" votes="0" />
                <Precinct name="Bridgetown" votes="0" />
                <Precinct name="Broxton" votes="0" />
                <Precinct name="Nicholls" votes="0" />
                <Precinct name="West Green" votes="0" />
            </VoteType>
        </Choice>
    </Contest>
    <Contest key="150" text="SHERIFF" isQuestion="false" precinctsReporting="6" precinctsReported="6">
        <VoteType name="Number of Precincts for Race" votes="6">
            <Precinct name="Douglas" votes="1" />
            <Precinct name="Ambrose" votes="1" />
            <Precinct name="Bridgetown" votes="1" />
            <Precinct name="Broxton" votes="1" />
            <Precinct name="Nicholls" votes="1" />
            <Precinct name="West Green" votes="1" />
        </VoteType>
        <VoteType name="Number of Precincts Reporting" votes="6">
            <Precinct name="Douglas" votes="1" />
            <Precinct name="Ambrose" votes="1" />
            <Precinct name="Bridgetown" votes="1" />
            <Precinct name="Broxton" votes="1" />
            <Precinct name="Nicholls" votes="1" />
            <Precinct name="West Green" votes="1" />
        </VoteType>
        <Choice key="10" text="R. HARPER (R)" totalVotes="6101">
            <VoteType name="Election Day" votes="1972">
                <Precinct name="Douglas" votes="986" />
                <Precinct name="Ambrose" votes="201" />
                <Precinct name="Bridgetown" votes="62" />
                <Precinct name="Broxton" votes="324" />
                <Precinct name="Nicholls" votes="238" />
                <Precinct name="West Green" votes="161" />
            </VoteType>
            <VoteType name="Absentee by Mail" votes="212">
                <Precinct name="Douglas" votes="124" />
                <Precinct name="Ambrose" votes="23" />
                <Precinct name="Bridgetown" votes="1" />
                <Precinct name="Broxton" votes="42" />
                <Precinct name="Nicholls" votes="9" />
                <Precinct name="West Green" votes="13" />
            </VoteType>
            <VoteType name="Advance in Person" votes="3917">
                <Precinct name="Douglas" votes="2786" />
                <Precinct name="Ambrose" votes="315" />
                <Precinct name="Bridgetown" votes="28" />
                <Precinct name="Broxton" votes="391" />
                <Precinct name="Nicholls" votes="258" />
                <Precinct name="West Green" votes="139" />
            </VoteType>
            <VoteType name="Provisional" votes="0">
                <Precinct name="Douglas" votes="0" />
                <Precinct name="Ambrose" votes="0" />
                <Precinct name="Bridgetown" votes="0" />
                <Precinct name="Broxton" votes="0" />
                <Precinct name="Nicholls" votes="0" />
                <Precinct name="West Green" votes="0" />
            </VoteType>
        </Choice>
        <Choice key="20" text="D. T. WOOTEN (I) D" totalVotes="7721">
            <VoteType name="Election Day" votes="2796">
                <Precinct name="Douglas" votes="1551" />
                <Precinct name="Ambrose" votes="327" />
                <Precinct name="Bridgetown" votes="78" />
                <Precinct name="Broxton" votes="359" />
                <Precinct name="Nicholls" votes="298" />
                <Precinct name="West Green" votes="183" />
            </VoteType>
            <VoteType name="Absentee by Mail" votes="273">
                <Precinct name="Douglas" votes="197" />
                <Precinct name="Ambrose" votes="28" />
                <Precinct name="Bridgetown" votes="3" />
                <Precinct name="Broxton" votes="23" />
                <Precinct name="Nicholls" votes="11" />
                <Precinct name="West Green" votes="11" />
            </VoteType>
            <VoteType name="Advance in Person" votes="4652">
                <Precinct name="Douglas" votes="3614" />
                <Precinct name="Ambrose" votes="355" />
                <Precinct name="Bridgetown" votes="29" />
                <Precinct name="Broxton" votes="357" />
                <Precinct name="Nicholls" votes="202" />
                <Precinct name="West Green" votes="95" />
            </VoteType>
            <VoteType name="Provisional" votes="0">
                <Precinct name="Douglas" votes="0" />
                <Precinct name="Ambrose" votes="0" />
                <Precinct name="Bridgetown" votes="0" />
                <Precinct name="Broxton" votes="0" />
                <Precinct name="Nicholls" votes="0" />
                <Precinct name="West Green" votes="0" />
            </VoteType>
        </Choice>
    </Contest>
    <Contest key="170" text="TAX COMMISSIONER" isQuestion="false" precinctsReporting="6" precinctsReported="6">
        <VoteType name="Number of Precincts for Race" votes="6">
            <Precinct name="Douglas" votes="1" />
            <Precinct name="Ambrose" votes="1" />
            <Precinct name="Bridgetown" votes="1" />
            <Precinct name="Broxton" votes="1" />
            <Precinct name="Nicholls" votes="1" />
            <Precinct name="West Green" votes="1" />
        </VoteType>
        <VoteType name="Number of Precincts Reporting" votes="6">
            <Precinct name="Douglas" votes="1" />
            <Precinct name="Ambrose" votes="1" />
            <Precinct name="Bridgetown" votes="1" />
            <Precinct name="Broxton" votes="1" />
            <Precinct name="Nicholls" votes="1" />
            <Precinct name="West Green" votes="1" />
        </VoteType>
        <Choice key="10" text="S. R HENDERSON (I) R" totalVotes="10061">
            <VoteType name="Election Day" votes="3197">
                <Precinct name="Douglas" votes="1503" />
                <Precinct name="Ambrose" votes="397" />
                <Precinct name="Bridgetown" votes="103" />
                <Precinct name="Broxton" votes="479" />
                <Precinct name="Nicholls" votes="401" />
                <Precinct name="West Green" votes="314" />
            </VoteType>
            <VoteType name="Absentee by Mail" votes="357">
                <Precinct name="Douglas" votes="220" />
                <Precinct name="Ambrose" votes="42" />
                <Precinct name="Bridgetown" votes="2" />
                <Precinct name="Broxton" votes="53" />
                <Precinct name="Nicholls" votes="17" />
                <Precinct name="West Green" votes="23" />
            </VoteType>
            <VoteType name="Advance in Person" votes="6507">
                <Precinct name="Douglas" votes="4694" />
                <Precinct name="Ambrose" votes="552" />
                <Precinct name="Bridgetown" votes="41" />
                <Precinct name="Broxton" votes="634" />
                <Precinct name="Nicholls" votes="378" />
                <Precinct name="West Green" votes="208" />
            </VoteType>
            <VoteType name="Provisional" votes="0">
                <Precinct name="Douglas" votes="0" />
                <Precinct name="Ambrose" votes="0" />
                <Precinct name="Bridgetown" votes="0" />
                <Precinct name="Broxton" votes="0" />
                <Precinct name="Nicholls" votes="0" />
                <Precinct name="West Green" votes="0" />
            </VoteType>
        </Choice>
        <Choice key="20" text="T.  PAULK (D)" totalVotes="3559">
            <VoteType name="Election Day" votes="1495">
                <Precinct name="Douglas" votes="1004" />
                <Precinct name="Ambrose" votes="122" />
                <Precinct name="Bridgetown" votes="34" />
                <Precinct name="Broxton" votes="188" />
                <Precinct name="Nicholls" votes="126" />
                <Precinct name="West Green" votes="21" />
            </VoteType>
            <VoteType name="Absentee by Mail" votes="122">
                <Precinct name="Douglas" votes="99" />
                <Precinct name="Ambrose" votes="7" />
                <Precinct name="Bridgetown" votes="2" />
                <Precinct name="Broxton" votes="10" />
                <Precinct name="Nicholls" votes="3" />
                <Precinct name="West Green" votes="1" />
            </VoteType>
            <VoteType name="Advance in Person" votes="1942">
                <Precinct name="Douglas" votes="1632" />
                <Precinct name="Ambrose" votes="99" />
                <Precinct name="Bridgetown" votes="12" />
                <Precinct name="Broxton" votes="105" />
                <Precinct name="Nicholls" votes="70" />
                <Precinct name="West Green" votes="24" />
            </VoteType>
            <VoteType name="Provisional" votes="0">
                <Precinct name="Douglas" votes="0" />
                <Precinct name="Ambrose" votes="0" />
                <Precinct name="Bridgetown" votes="0" />
                <Precinct name="Broxton" votes="0" />
                <Precinct name="Nicholls" votes="0" />
                <Precinct name="West Green" votes="0" />
            </VoteType>
        </Choice>
    </Contest>
    <Contest key="190" text="SURVEYOR" isQuestion="false" precinctsReporting="6" precinctsReported="6">
        <VoteType name="Number of Precincts for Race" votes="6">
            <Precinct name="Douglas" votes="1" />
            <Precinct name="Ambrose" votes="1" />
            <Precinct name="Bridgetown" votes="1" />
            <Precinct name="Broxton" votes="1" />
            <Precinct name="Nicholls" votes="1" />
            <Precinct name="West Green" votes="1" />
        </VoteType>
        <VoteType name="Number of Precincts Reporting" votes="6">
            <Precinct name="Douglas" votes="1" />
            <Precinct name="Ambrose" votes="1" />
            <Precinct name="Bridgetown" votes="1" />
            <Precinct name="Broxton" votes="1" />
            <Precinct name="Nicholls" votes="1" />
            <Precinct name="West Green" votes="1" />
        </VoteType>
        <Choice key="10" text="A. H. EVANS (R)" totalVotes="10757">
            <VoteType name="Election Day" votes="3599">
                <Precinct name="Douglas" votes="1873" />
                <Precinct name="Ambrose" votes="417" />
                <Precinct name="Bridgetown" votes="106" />
                <Precinct name="Broxton" votes="514" />
                <Precinct name="Nicholls" votes="399" />
                <Precinct name="West Green" votes="290" />
            </VoteType>
            <VoteType name="Absentee by Mail" votes="350">
                <Precinct name="Douglas" votes="221" />
                <Precinct name="Ambrose" votes="35" />
                <Precinct name="Bridgetown" votes="4" />
                <Precinct name="Broxton" votes="51" />
                <Precinct name="Nicholls" votes="18" />
                <Precinct name="West Green" votes="21" />
            </VoteType>
            <VoteType name="Advance in Person" votes="6808">
                <Precinct name="Douglas" votes="4971" />
                <Precinct name="Ambrose" votes="559" />
                <Precinct name="Bridgetown" votes="42" />
                <Precinct name="Broxton" votes="642" />
                <Precinct name="Nicholls" votes="385" />
                <Precinct name="West Green" votes="209" />
            </VoteType>
            <VoteType name="Provisional" votes="0">
                <Precinct name="Douglas" votes="0" />
                <Precinct name="Ambrose" votes="0" />
                <Precinct name="Bridgetown" votes="0" />
                <Precinct name="Broxton" votes="0" />
                <Precinct name="Nicholls" votes="0" />
                <Precinct name="West Green" votes="0" />
            </VoteType>
        </Choice>
    </Contest>
    <Contest key="210" text="CORONER" isQuestion="false" precinctsReporting="6" precinctsReported="6">
        <VoteType name="Number of Precincts for Race" votes="6">
            <Precinct name="Douglas" votes="1" />
            <Precinct name="Ambrose" votes="1" />
            <Precinct name="Bridgetown" votes="1" />
            <Precinct name="Broxton" votes="1" />
            <Precinct name="Nicholls" votes="1" />
            <Precinct name="West Green" votes="1" />
        </VoteType>
        <VoteType name="Number of Precincts Reporting" votes="6">
            <Precinct name="Douglas" votes="1" />
            <Precinct name="Ambrose" votes="1" />
            <Precinct name="Bridgetown" votes="1" />
            <Precinct name="Broxton" votes="1" />
            <Precinct name="Nicholls" votes="1" />
            <Precinct name="West Green" votes="1" />
        </VoteType>
        <Choice key="10" text="B. K. MUSGROVE (R)" totalVotes="8516">
            <VoteType name="Election Day" votes="2738">
                <Precinct name="Douglas" votes="1304" />
                <Precinct name="Ambrose" votes="344" />
                <Precinct name="Bridgetown" votes="88" />
                <Precinct name="Broxton" votes="403" />
                <Precinct name="Nicholls" votes="324" />
                <Precinct name="West Green" votes="275" />
            </VoteType>
            <VoteType name="Absentee by Mail" votes="302">
                <Precinct name="Douglas" votes="178" />
                <Precinct name="Ambrose" votes="41" />
                <Precinct name="Bridgetown" votes="2" />
                <Precinct name="Broxton" votes="48" />
                <Precinct name="Nicholls" votes="13" />
                <Precinct name="West Green" votes="20" />
            </VoteType>
            <VoteType name="Advance in Person" votes="5476">
                <Precinct name="Douglas" votes="3897" />
                <Precinct name="Ambrose" votes="460" />
                <Precinct name="Bridgetown" votes="40" />
                <Precinct name="Broxton" votes="542" />
                <Precinct name="Nicholls" votes="341" />
                <Precinct name="West Green" votes="196" />
            </VoteType>
            <VoteType name="Provisional" votes="0">
                <Precinct name="Douglas" votes="0" />
                <Precinct name="Ambrose" votes="0" />
                <Precinct name="Bridgetown" votes="0" />
                <Precinct name="Broxton" votes="0" />
                <Precinct name="Nicholls" votes="0" />
                <Precinct name="West Green" votes="0" />
            </VoteType>
        </Choice>
        <Choice key="20" text="T. GRIFFIN (D)" totalVotes="4723">
            <VoteType name="Election Day" votes="1803">
                <Precinct name="Douglas" votes="1128" />
                <Precinct name="Ambrose" votes="167" />
                <Precinct name="Bridgetown" votes="46" />
                <Precinct name="Broxton" votes="235" />
                <Precinct name="Nicholls" votes="175" />
                <Precinct name="West Green" votes="52" />
            </VoteType>
            <VoteType name="Absentee by Mail" votes="173">
                <Precinct name="Douglas" votes="137" />
                <Precinct name="Ambrose" votes="8" />
                <Precinct name="Bridgetown" votes="2" />
                <Precinct name="Broxton" votes="15" />
                <Precinct name="Nicholls" votes="7" />
                <Precinct name="West Green" votes="4" />
            </VoteType>
            <VoteType name="Advance in Person" votes="2747">
                <Precinct name="Douglas" votes="2235" />
                <Precinct name="Ambrose" votes="188" />
                <Precinct name="Bridgetown" votes="13" />
                <Precinct name="Broxton" votes="176" />
                <Precinct name="Nicholls" votes="103" />
                <Precinct name="West Green" votes="32" />
            </VoteType>
            <VoteType name="Provisional" votes="0">
                <Precinct name="Douglas" votes="0" />
                <Precinct name="Ambrose" votes="0" />
                <Precinct name="Bridgetown" votes="0" />
                <Precinct name="Broxton" votes="0" />
                <Precinct name="Nicholls" votes="0" />
                <Precinct name="West Green" votes="0" />
            </VoteType>
        </Choice>
    </Contest>
    <Contest key="260" text="CC, D2" isQuestion="false" precinctsReporting="3" precinctsReported="3">
        <VoteType name="Number of Precincts for Race" votes="3">
            <Precinct name="Douglas" votes="1" />
            <Precinct name="Nicholls" votes="1" />
            <Precinct name="West Green" votes="1" />
        </VoteType>
        <VoteType name="Number of Precincts Reporting" votes="3">
            <Precinct name="Douglas" votes="1" />
            <Precinct name="Nicholls" votes="1" />
            <Precinct name="West Green" votes="1" />
        </VoteType>
        <Choice key="10" text="J. KITCHENS (I) R" totalVotes="2024">
            <VoteType name="Election Day" votes="863">
                <Precinct name="Douglas" votes="199" />
                <Precinct name="Nicholls" votes="402" />
                <Precinct name="West Green" votes="262" />
            </VoteType>
            <VoteType name="Absentee by Mail" votes="57">
                <Precinct name="Douglas" votes="26" />
                <Precinct name="Nicholls" votes="18" />
                <Precinct name="West Green" votes="13" />
            </VoteType>
            <VoteType name="Advance in Person" votes="1104">
                <Precinct name="Douglas" votes="551" />
                <Precinct name="Nicholls" votes="373" />
                <Precinct name="West Green" votes="180" />
            </VoteType>
            <VoteType name="Provisional" votes="0">
                <Precinct name="Douglas" votes="0" />
                <Precinct name="Nicholls" votes="0" />
                <Precinct name="West Green" votes="0" />
            </VoteType>
        </Choice>
    </Contest>
    <Contest key="280" text="CC, D4" isQuestion="false" precinctsReporting="3" precinctsReported="3">
        <VoteType name="Number of Precincts for Race" votes="3">
            <Precinct name="Douglas" votes="1" />
            <Precinct name="Broxton" votes="1" />
            <Precinct name="Nicholls" votes="1" />
        </VoteType>
        <VoteType name="Number of Precincts Reporting" votes="3">
            <Precinct name="Douglas" votes="1" />
            <Precinct name="Broxton" votes="1" />
            <Precinct name="Nicholls" votes="1" />
        </VoteType>
        <Choice key="10" text="J. W. JOWERS (I) R" totalVotes="2686">
            <VoteType name="Election Day" votes="669">
                <Precinct name="Douglas" votes="596" />
                <Precinct name="Broxton" votes="67" />
                <Precinct name="Nicholls" votes="6" />
            </VoteType>
            <VoteType name="Absentee by Mail" votes="105">
                <Precinct name="Douglas" votes="93" />
                <Precinct name="Broxton" votes="12" />
                <Precinct name="Nicholls" votes="0" />
            </VoteType>
            <VoteType name="Advance in Person" votes="1912">
                <Precinct name="Douglas" votes="1747" />
                <Precinct name="Broxton" votes="156" />
                <Precinct name="Nicholls" votes="9" />
            </VoteType>
            <VoteType name="Provisional" votes="0">
                <Precinct name="Douglas" votes="0" />
                <Precinct name="Broxton" votes="0" />
                <Precinct name="Nicholls" votes="0" />
            </VoteType>
        </Choice>
    </Contest>
    <Contest key="300" text="CC, D5" isQuestion="false" precinctsReporting="5" precinctsReported="5">
        <VoteType name="Number of Precincts for Race" votes="5">
            <Precinct name="Douglas" votes="1" />
            <Precinct name="Ambrose" votes="1" />
            <Precinct name="Bridgetown" votes="1" />
            <Precinct name="Broxton" votes="1" />
            <Precinct name="West Green" votes="1" />
        </VoteType>
        <VoteType name="Number of Precincts Reporting" votes="5">
            <Precinct name="Douglas" votes="1" />
            <Precinct name="Ambrose" votes="1" />
            <Precinct name="Bridgetown" votes="1" />
            <Precinct name="Broxton" votes="1" />
            <Precinct name="West Green" votes="1" />
        </VoteType>
        <Choice key="10" text="C. H. DEEN (I) R" totalVotes="2522">
            <VoteType name="Election Day" votes="1117">
                <Precinct name="Douglas" votes="75" />
                <Precinct name="Ambrose" votes="420" />
                <Precinct name="Bridgetown" votes="108" />
                <Precinct name="Broxton" votes="476" />
                <Precinct name="West Green" votes="38" />
            </VoteType>
            <VoteType name="Absentee by Mail" votes="73">
                <Precinct name="Douglas" votes="6" />
                <Precinct name="Ambrose" votes="26" />
                <Precinct name="Bridgetown" votes="4" />
                <Precinct name="Broxton" votes="34" />
                <Precinct name="West Green" votes="3" />
            </VoteType>
            <VoteType name="Advance in Person" votes="1332">
                <Precinct name="Douglas" votes="212" />
                <Precinct name="Ambrose" votes="549" />
                <Precinct name="Bridgetown" votes="39" />
                <Precinct name="Broxton" votes="500" />
                <Precinct name="West Green" votes="32" />
            </VoteType>
            <VoteType name="Provisional" votes="0">
                <Precinct name="Douglas" votes="0" />
                <Precinct name="Ambrose" votes="0" />
                <Precinct name="Bridgetown" votes="0" />
                <Precinct name="Broxton" votes="0" />
                <Precinct name="West Green" votes="0" />
            </VoteType>
        </Choice>
    </Contest>
    <Contest key="320" text="Constitutional Amendment #1&lt;br&gt;Provides greater flexibility and state accountability to fix failing schools through increasing community involvement." isQuestion="false" precinctsReporting="6" precinctsReported="6">
        <VoteType name="Number of Precincts for Race" votes="6">
            <Precinct name="Douglas" votes="1" />
            <Precinct name="Ambrose" votes="1" />
            <Precinct name="Bridgetown" votes="1" />
            <Precinct name="Broxton" votes="1" />
            <Precinct name="Nicholls" votes="1" />
            <Precinct name="West Green" votes="1" />
        </VoteType>
        <VoteType name="Number of Precincts Reporting" votes="6">
            <Precinct name="Douglas" votes="1" />
            <Precinct name="Ambrose" votes="1" />
            <Precinct name="Bridgetown" votes="1" />
            <Precinct name="Broxton" votes="1" />
            <Precinct name="Nicholls" votes="1" />
            <Precinct name="West Green" votes="1" />
        </VoteType>
        <Choice key="10" text="YES" totalVotes="5099">
            <VoteType name="Election Day" votes="1736">
                <Precinct name="Douglas" votes="997" />
                <Precinct name="Ambrose" votes="164" />
                <Precinct name="Bridgetown" votes="30" />
                <Precinct name="Broxton" votes="246" />
                <Precinct name="Nicholls" votes="198" />
                <Precinct name="West Green" votes="101" />
            </VoteType>
            <VoteType name="Absentee by Mail" votes="198">
                <Precinct name="Douglas" votes="135" />
                <Precinct name="Ambrose" votes="19" />
                <Precinct name="Bridgetown" votes="3" />
                <Precinct name="Broxton" votes="24" />
                <Precinct name="Nicholls" votes="6" />
                <Precinct name="West Green" votes="11" />
            </VoteType>
            <VoteType name="Advance in Person" votes="3165">
                <Precinct name="Douglas" votes="2461" />
                <Precinct name="Ambrose" votes="179" />
                <Precinct name="Bridgetown" votes="18" />
                <Precinct name="Broxton" votes="247" />
                <Precinct name="Nicholls" votes="185" />
                <Precinct name="West Green" votes="75" />
            </VoteType>
            <VoteType name="Provisional" votes="0">
                <Precinct name="Douglas" votes="0" />
                <Precinct name="Ambrose" votes="0" />
                <Precinct name="Bridgetown" votes="0" />
                <Precinct name="Broxton" votes="0" />
                <Precinct name="Nicholls" votes="0" />
                <Precinct name="West Green" votes="0" />
            </VoteType>
        </Choice>
        <Choice key="20" text="NO" totalVotes="8372">
            <VoteType name="Election Day" votes="2912">
                <Precinct name="Douglas" votes="1495" />
                <Precinct name="Ambrose" votes="356" />
                <Precinct name="Bridgetown" votes="106" />
                <Precinct name="Broxton" votes="415" />
                <Precinct name="Nicholls" votes="309" />
                <Precinct name="West Green" votes="231" />
            </VoteType>
            <VoteType name="Absentee by Mail" votes="262">
                <Precinct name="Douglas" votes="173" />
                <Precinct name="Ambrose" votes="26" />
                <Precinct name="Bridgetown" votes="1" />
                <Precinct name="Broxton" votes="38" />
                <Precinct name="Nicholls" votes="12" />
                <Precinct name="West Green" votes="12" />
            </VoteType>
            <VoteType name="Advance in Person" votes="5198">
                <Precinct name="Douglas" votes="3791" />
                <Precinct name="Ambrose" votes="460" />
                <Precinct name="Bridgetown" votes="38" />
                <Precinct name="Broxton" votes="490" />
                <Precinct name="Nicholls" votes="264" />
                <Precinct name="West Green" votes="155" />
            </VoteType>
            <VoteType name="Provisional" votes="0">
                <Precinct name="Douglas" votes="0" />
                <Precinct name="Ambrose" votes="0" />
                <Precinct name="Bridgetown" votes="0" />
                <Precinct name="Broxton" votes="0" />
                <Precinct name="Nicholls" votes="0" />
                <Precinct name="West Green" votes="0" />
            </VoteType>
        </Choice>
    </Contest>
    <Contest key="330" text="Constitutional Amendment #2&lt;br&gt;Authorizes penalties for sexual exploitation and assessments on adult entertainment to fund child victims' services." isQuestion="false" precinctsReporting="6" precinctsReported="6">
        <VoteType name="Number of Precincts for Race" votes="6">
            <Precinct name="Douglas" votes="1" />
            <Precinct name="Ambrose" votes="1" />
            <Precinct name="Bridgetown" votes="1" />
            <Precinct name="Broxton" votes="1" />
            <Precinct name="Nicholls" votes="1" />
            <Precinct name="West Green" votes="1" />
        </VoteType>
        <VoteType name="Number of Precincts Reporting" votes="6">
            <Precinct name="Douglas" votes="1" />
            <Precinct name="Ambrose" votes="1" />
            <Precinct name="Bridgetown" votes="1" />
            <Precinct name="Broxton" votes="1" />
            <Precinct name="Nicholls" votes="1" />
            <Precinct name="West Green" votes="1" />
        </VoteType>
        <Choice key="10" text="YES" totalVotes="10647">
            <VoteType name="Election Day" votes="3584">
                <Precinct name="Douglas" votes="1937" />
                <Precinct name="Ambrose" votes="393" />
                <Precinct name="Bridgetown" votes="100" />
                <Precinct name="Broxton" votes="517" />
                <Precinct name="Nicholls" votes="396" />
                <Precinct name="West Green" votes="241" />
            </VoteType>
            <VoteType name="Absentee by Mail" votes="381">
                <Precinct name="Douglas" votes="259" />
                <Precinct name="Ambrose" votes="36" />
                <Precinct name="Bridgetown" votes="3" />
                <Precinct name="Broxton" votes="53" />
                <Precinct name="Nicholls" votes="14" />
                <Precinct name="West Green" votes="16" />
            </VoteType>
            <VoteType name="Advance in Person" votes="6682">
                <Precinct name="Douglas" votes="4989" />
                <Precinct name="Ambrose" votes="525" />
                <Precinct name="Bridgetown" votes="43" />
                <Precinct name="Broxton" votes="596" />
                <Precinct name="Nicholls" votes="353" />
                <Precinct name="West Green" votes="176" />
            </VoteType>
            <VoteType name="Provisional" votes="0">
                <Precinct name="Douglas" votes="0" />
                <Precinct name="Ambrose" votes="0" />
                <Precinct name="Bridgetown" votes="0" />
                <Precinct name="Broxton" votes="0" />
                <Precinct name="Nicholls" votes="0" />
                <Precinct name="West Green" votes="0" />
            </VoteType>
        </Choice>
        <Choice key="20" text="NO" totalVotes="2432">
            <VoteType name="Election Day" votes="917">
                <Precinct name="Douglas" votes="486" />
                <Precinct name="Ambrose" votes="101" />
                <Precinct name="Bridgetown" votes="32" />
                <Precinct name="Broxton" votes="122" />
                <Precinct name="Nicholls" votes="100" />
                <Precinct name="West Green" votes="76" />
            </VoteType>
            <VoteType name="Absentee by Mail" votes="72">
                <Precinct name="Douglas" votes="48" />
                <Precinct name="Ambrose" votes="8" />
                <Precinct name="Bridgetown" votes="1" />
                <Precinct name="Broxton" votes="5" />
                <Precinct name="Nicholls" votes="5" />
                <Precinct name="West Green" votes="5" />
            </VoteType>
            <VoteType name="Advance in Person" votes="1443">
                <Precinct name="Douglas" votes="1097" />
                <Precinct name="Ambrose" votes="98" />
                <Precinct name="Bridgetown" votes="11" />
                <Precinct name="Broxton" votes="114" />
                <Precinct name="Nicholls" votes="73" />
                <Precinct name="West Green" votes="50" />
            </VoteType>
            <VoteType name="Provisional" votes="0">
                <Precinct name="Douglas" votes="0" />
                <Precinct name="Ambrose" votes="0" />
                <Precinct name="Bridgetown" votes="0" />
                <Precinct name="Broxton" votes="0" />
                <Precinct name="Nicholls" votes="0" />
                <Precinct name="West Green" votes="0" />
            </VoteType>
        </Choice>
    </Contest>
    <Contest key="340" text="Constitutional Amendment #3&lt;br&gt;Reforms and re-establishes the Judicial Qualifications Commission and provides for its composition, governance, and powers." isQuestion="false" precinctsReporting="6" precinctsReported="6">
        <VoteType name="Number of Precincts for Race" votes="6">
            <Precinct name="Douglas" votes="1" />
            <Precinct name="Ambrose" votes="1" />
            <Precinct name="Bridgetown" votes="1" />
            <Precinct name="Broxton" votes="1" />
            <Precinct name="Nicholls" votes="1" />
            <Precinct name="West Green" votes="1" />
        </VoteType>
        <VoteType name="Number of Precincts Reporting" votes="6">
            <Precinct name="Douglas" votes="1" />
            <Precinct name="Ambrose" votes="1" />
            <Precinct name="Bridgetown" votes="1" />
            <Precinct name="Broxton" votes="1" />
            <Precinct name="Nicholls" votes="1" />
            <Precinct name="West Green" votes="1" />
        </VoteType>
        <Choice key="10" text="YES" totalVotes="7434">
            <VoteType name="Election Day" votes="2492">
                <Precinct name="Douglas" votes="1379" />
                <Precinct name="Ambrose" votes="238" />
                <Precinct name="Bridgetown" votes="63" />
                <Precinct name="Broxton" votes="361" />
                <Precinct name="Nicholls" votes="282" />
                <Precinct name="West Green" votes="169" />
            </VoteType>
            <VoteType name="Absentee by Mail" votes="285">
                <Precinct name="Douglas" votes="201" />
                <Precinct name="Ambrose" votes="24" />
                <Precinct name="Bridgetown" votes="3" />
                <Precinct name="Broxton" votes="31" />
                <Precinct name="Nicholls" votes="12" />
                <Precinct name="West Green" votes="14" />
            </VoteType>
            <VoteType name="Advance in Person" votes="4657">
                <Precinct name="Douglas" votes="3525" />
                <Precinct name="Ambrose" votes="327" />
                <Precinct name="Bridgetown" votes="26" />
                <Precinct name="Broxton" votes="412" />
                <Precinct name="Nicholls" votes="259" />
                <Precinct name="West Green" votes="108" />
            </VoteType>
            <VoteType name="Provisional" votes="0">
                <Precinct name="Douglas" votes="0" />
                <Precinct name="Ambrose" votes="0" />
                <Precinct name="Bridgetown" votes="0" />
                <Precinct name="Broxton" votes="0" />
                <Precinct name="Nicholls" votes="0" />
                <Precinct name="West Green" votes="0" />
            </VoteType>
        </Choice>
        <Choice key="20" text="NO" totalVotes="4622">
            <VoteType name="Election Day" votes="1671">
                <Precinct name="Douglas" votes="881" />
                <Precinct name="Ambrose" votes="209" />
                <Precinct name="Bridgetown" votes="56" />
                <Precinct name="Broxton" votes="211" />
                <Precinct name="Nicholls" votes="183" />
                <Precinct name="West Green" votes="131" />
            </VoteType>
            <VoteType name="Absentee by Mail" votes="140">
                <Precinct name="Douglas" votes="88" />
                <Precinct name="Ambrose" votes="16" />
                <Precinct name="Bridgetown" votes="1" />
                <Precinct name="Broxton" votes="23" />
                <Precinct name="Nicholls" votes="5" />
                <Precinct name="West Green" votes="7" />
            </VoteType>
            <VoteType name="Advance in Person" votes="2811">
                <Precinct name="Douglas" votes="2070" />
                <Precinct name="Ambrose" votes="233" />
                <Precinct name="Bridgetown" votes="23" />
                <Precinct name="Broxton" votes="241" />
                <Precinct name="Nicholls" votes="147" />
                <Precinct name="West Green" votes="97" />
            </VoteType>
            <VoteType name="Provisional" votes="0">
                <Precinct name="Douglas" votes="0" />
                <Precinct name="Ambrose" votes="0" />
                <Precinct name="Bridgetown" votes="0" />
                <Precinct name="Broxton" votes="0" />
                <Precinct name="Nicholls" votes="0" />
                <Precinct name="West Green" votes="0" />
            </VoteType>
        </Choice>
    </Contest>
    <Contest key="350" text="Constitutional Amendment #4&lt;br&gt;Dedicates revenue from existing taxes on fireworks to trauma care, fire services, and public safety." isQuestion="false" precinctsReporting="6" precinctsReported="6">
        <VoteType name="Number of Precincts for Race" votes="6">
            <Precinct name="Douglas" votes="1" />
            <Precinct name="Ambrose" votes="1" />
            <Precinct name="Bridgetown" votes="1" />
            <Precinct name="Broxton" votes="1" />
            <Precinct name="Nicholls" votes="1" />
            <Precinct name="West Green" votes="1" />
        </VoteType>
        <VoteType name="Number of Precincts Reporting" votes="6">
            <Precinct name="Douglas" votes="1" />
            <Precinct name="Ambrose" votes="1" />
            <Precinct name="Bridgetown" votes="1" />
            <Precinct name="Broxton" votes="1" />
            <Precinct name="Nicholls" votes="1" />
            <Precinct name="West Green" votes="1" />
        </VoteType>
        <Choice key="10" text="YES" totalVotes="9874">
            <VoteType name="Election Day" votes="3306">
                <Precinct name="Douglas" votes="1799" />
                <Precinct name="Ambrose" votes="370" />
                <Precinct name="Bridgetown" votes="96" />
                <Precinct name="Broxton" votes="449" />
                <Precinct name="Nicholls" votes="359" />
                <Precinct name="West Green" votes="233" />
            </VoteType>
            <VoteType name="Absentee by Mail" votes="381">
                <Precinct name="Douglas" votes="258" />
                <Precinct name="Ambrose" votes="34" />
                <Precinct name="Bridgetown" votes="3" />
                <Precinct name="Broxton" votes="53" />
                <Precinct name="Nicholls" votes="16" />
                <Precinct name="West Green" votes="17" />
            </VoteType>
            <VoteType name="Advance in Person" votes="6187">
                <Precinct name="Douglas" votes="4631" />
                <Precinct name="Ambrose" votes="479" />
                <Precinct name="Bridgetown" votes="39" />
                <Precinct name="Broxton" votes="530" />
                <Precinct name="Nicholls" votes="347" />
                <Precinct name="West Green" votes="161" />
            </VoteType>
            <VoteType name="Provisional" votes="0">
                <Precinct name="Douglas" votes="0" />
                <Precinct name="Ambrose" votes="0" />
                <Precinct name="Bridgetown" votes="0" />
                <Precinct name="Broxton" votes="0" />
                <Precinct name="Nicholls" votes="0" />
                <Precinct name="West Green" votes="0" />
            </VoteType>
        </Choice>
        <Choice key="20" text="NO" totalVotes="2991">
            <VoteType name="Election Day" votes="1097">
                <Precinct name="Douglas" votes="574" />
                <Precinct name="Ambrose" votes="107" />
                <Precinct name="Bridgetown" votes="36" />
                <Precinct name="Broxton" votes="166" />
                <Precinct name="Nicholls" votes="129" />
                <Precinct name="West Green" votes="85" />
            </VoteType>
            <VoteType name="Absentee by Mail" votes="69">
                <Precinct name="Douglas" votes="45" />
                <Precinct name="Ambrose" votes="10" />
                <Precinct name="Bridgetown" votes="1" />
                <Precinct name="Broxton" votes="6" />
                <Precinct name="Nicholls" votes="3" />
                <Precinct name="West Green" votes="4" />
            </VoteType>
            <VoteType name="Advance in Person" votes="1825">
                <Precinct name="Douglas" votes="1365" />
                <Precinct name="Ambrose" votes="140" />
                <Precinct name="Bridgetown" votes="12" />
                <Precinct name="Broxton" votes="166" />
                <Precinct name="Nicholls" votes="82" />
                <Precinct name="West Green" votes="60" />
            </VoteType>
            <VoteType name="Provisional" votes="0">
                <Precinct name="Douglas" votes="0" />
                <Precinct name="Ambrose" votes="0" />
                <Precinct name="Bridgetown" votes="0" />
                <Precinct name="Broxton" votes="0" />
                <Precinct name="Nicholls" votes="0" />
                <Precinct name="West Green" votes="0" />
            </VoteType>
        </Choice>
    </Contest>
    <Contest key="360" text="SPECIAL - Alcohol Consumption" isQuestion="false" precinctsReporting="1" precinctsReported="1">
        <VoteType name="Number of Precincts for Race" votes="1">
            <Precinct name="Douglas" votes="1" />
        </VoteType>
        <VoteType name="Number of Precincts Reporting" votes="1">
            <Precinct name="Douglas" votes="1" />
        </VoteType>
        <Choice key="10" text="YES" totalVotes="1952">
            <VoteType name="Election Day" votes="653">
                <Precinct name="Douglas" votes="653" />
            </VoteType>
            <VoteType name="Absentee by Mail" votes="74">
                <Precinct name="Douglas" votes="74" />
            </VoteType>
            <VoteType name="Advance in Person" votes="1225">
                <Precinct name="Douglas" votes="1225" />
            </VoteType>
            <VoteType name="Provisional" votes="0">
                <Precinct name="Douglas" votes="0" />
            </VoteType>
        </Choice>
        <Choice key="20" text="NO" totalVotes="1859">
            <VoteType name="Election Day" votes="471">
                <Precinct name="Douglas" votes="471" />
            </VoteType>
            <VoteType name="Absentee by Mail" votes="86">
                <Precinct name="Douglas" votes="86" />
            </VoteType>
            <VoteType name="Advance in Person" votes="1302">
                <Precinct name="Douglas" votes="1302" />
            </VoteType>
            <VoteType name="Provisional" votes="0">
                <Precinct name="Douglas" votes="0" />
            </VoteType>
        </Choice>
    </Contest>
    <Contest key="370" text="SPECIAL - Alcohol Sales" isQuestion="false" precinctsReporting="1" precinctsReported="1">
        <VoteType name="Number of Precincts for Race" votes="1">
            <Precinct name="Douglas" votes="1" />
        </VoteType>
        <VoteType name="Number of Precincts Reporting" votes="1">
            <Precinct name="Douglas" votes="1" />
        </VoteType>
        <Choice key="10" text="YES" totalVotes="1929">
            <VoteType name="Election Day" votes="636">
                <Precinct name="Douglas" votes="636" />
            </VoteType>
            <VoteType name="Absentee by Mail" votes="72">
                <Precinct name="Douglas" votes="72" />
            </VoteType>
            <VoteType name="Advance in Person" votes="1221">
                <Precinct name="Douglas" votes="1221" />
            </VoteType>
            <VoteType name="Provisional" votes="0">
                <Precinct name="Douglas" votes="0" />
            </VoteType>
        </Choice>
        <Choice key="20" text="NO" totalVotes="1863">
            <VoteType name="Election Day" votes="483">
                <Precinct name="Douglas" votes="483" />
            </VoteType>
            <VoteType name="Absentee by Mail" votes="88">
                <Precinct name="Douglas" votes="88" />
            </VoteType>
            <VoteType name="Advance in Person" votes="1292">
                <Precinct name="Douglas" votes="1292" />
            </VoteType>
            <VoteType name="Provisional" votes="0">
                <Precinct name="Douglas" votes="0" />
            </VoteType>
        </Choice>
    </Contest>
</ElectionResult>