"line number","contest name","choice name","party name","total votes","percent of votes","registered voters","ballots cast","num Precinct total","num Precinct rptg","over votes","under votes"
1,"President of the United States","DONALD J. TRUMP","",11936,72.78,20235,16667,12,12,"0","0"
2,"President of the United States","HILLARY CLINTON","",4086,24.91,20235,16667,12,12,"0","0"
3,"President of the United States","GARY JOHNSON","",379,2.31,20235,16667,12,12,"0","0"
4,"United States Senator, Isakson","JOHNNY ISAKSON (I)","",11608,74.48,20235,16667,12,12,"0","0"
5,"United States Senator, Isakson","JIM BARKSDALE","",3395,21.78,20235,16667,12,12,"0","0"
6,"United States Senator, Isakson","ALLEN BUCKLEY","",582,3.73,20235,16667,12,12,"0","0"
7,"Public Service Commission, District 2 - Eastern","TIM ECHOLS (I)","",12363,81.81,20235,16665,12,12,"0","0"
8,"Public Service Commission, District 2 - Eastern","ERIC HOSKINS","",2749,18.19,20235,16665,12,12,"0","0"
9,"U.S. Representative, District 3","DREW FERGUSON","",12301,76.79,20235,16667,12,12,"0","0"
10,"U.S. Representative, District 3","ANGELA PENDLEY","",3719,23.21,20235,16667,12,12,"0","0"
11,"State Senator, District 29","JOSH MCKOON (I) (REP)","",11897,74.85,20235,16665,12,12,"0","0"
12,"State Senator, District 29","BEN ANDERSON (DEM)","",3998,25.15,20235,16665,12,12,"0","0"
13,"State Representative, District 133","JOHN PEZOLD (I) (REP)","",8116,100.00,11723,9661,8,8,"0","0"
14,"State Representative, District 134","RICHARD SMITH (I) (REP)","",4081,100.00,5632,4742,2,2,"0","0"
15,"State Representative, District 137","DEBBIE G.  BUCKNER (I) (DEM)","",1658,100.00,2880,2262,2,2,"0","0"
16,"District Attorney, Chattahoochee Circuit","JULIA  SLATER (I)","",11483,100.00,20235,16665,12,12,"0","0"
17,"CLERK SUPERIOR COURT","S. K. HARALSON (I) R","",14249,100.00,20235,16665,12,12,"0","0"
18,"SHERIFF","M. JOLLEY (I) R","",14746,100.00,20235,16665,12,12,"0","0"
19,"TAX COMMISSIONER","V. O. JAMERSON (I) R","",14398,100.00,20235,16665,12,12,"0","0"
20,"CORONER","J. WM. WELDON (I) R","",14250,100.00,20235,16665,12,12,"0","0"
21,"CC D4","H. LANGE (I) R","",2470,100.00,4023,3346,4,4,"0","0"
22,"CC D5","S. C. ANDREWS (R)","",3301,100.00,4716,3915,2,2,"0","0"
23,"SOIL AND WATER","R. H. REAMES JR.","",13145,100.00,20235,16665,12,12,"0","0"
24,"Constitutional Amendment #1<br>Provides greater flexibility and state accountability to fix failing schools through increasing community involvement.","YES","",7531,47.47,20235,16665,12,12,"0","0"
25,"Constitutional Amendment #1<br>Provides greater flexibility and state accountability to fix failing schools through increasing community involvement.","NO","",8335,52.53,20235,16665,12,12,"0","0"
26,"Constitutional Amendment #2<br>Authorizes penalties for sexual exploitation and assessments on adult entertainment to fund child victims' services.","YES","",13629,86.18,20235,16665,12,12,"0","0"
27,"Constitutional Amendment #2<br>Authorizes penalties for sexual exploitation and assessments on adult entertainment to fund child victims' services.","NO","",2185,13.82,20235,16665,12,12,"0","0"
28,"Constitutional Amendment #3<br>Reforms and re-establishes the Judicial Qualifications Commission and provides for its composition, governance, and powers.","YES","",9719,66.02,20235,16665,12,12,"0","0"
29,"Constitutional Amendment #3<br>Reforms and re-establishes the Judicial Qualifications Commission and provides for its composition, governance, and powers.","NO","",5002,33.98,20235,16665,12,12,"0","0"
30,"Constitutional Amendment #4<br>Dedicates revenue from existing taxes on fireworks to trauma care, fire services, and public safety.","YES","",12959,82.62,20235,16665,12,12,"0","0"
31,"Constitutional Amendment #4<br>Dedicates revenue from existing taxes on fireworks to trauma care, fire services, and public safety.","NO","",2727,17.38,20235,16665,12,12,"0","0"
32,"BOE D7 SPECIAL","M. SPARKS","",7345,100.00,11157,9366,6,6,"0","0"
