"line number","contest name","choice name","party name","total votes","percent of votes","registered voters","ballots cast","num Precinct total","num Precinct rptg","over votes","under votes"
1,"President of the United States","DONALD J. TRUMP","",1891,74.33,3461,2563,1,1,"0","0"
2,"President of the United States","HILLARY CLINTON","",623,24.49,3461,2563,1,1,"0","0"
3,"President of the United States","GARY JOHNSON","",30,1.18,3461,2563,1,1,"0","0"
4,"United States Senator, Isakson","JOHNNY ISAKSON (I)","",1709,75.22,3461,2563,1,1,"0","0"
5,"United States Senator, Isakson","JIM BARKSDALE","",503,22.14,3461,2563,1,1,"0","0"
6,"United States Senator, Isakson","ALLEN BUCKLEY","",60,2.64,3461,2563,1,1,"0","0"
7,"Public Service Commission, District 2 - Eastern","TIM ECHOLS (I)","",1797,83.78,3461,2562,1,1,"0","0"
8,"Public Service Commission, District 2 - Eastern","ERIC HOSKINS","",348,16.22,3461,2562,1,1,"0","0"
9,"U.S. Representative, District 2","GREG DUKE","",1553,63.00,3461,2563,1,1,"0","0"
10,"U.S. Representative, District 2","SANFORD BISHOP (I)","",912,37.00,3461,2563,1,1,"0","0"
11,"State Senator, District 11","DEAN BURKE (I)","",2033,100.00,3461,2562,1,1,"0","0"
12,"State Representative, District 154","WINFRED DUKES (I)","",1715,100.00,3461,2562,1,1,"0","0"
13,"District Attorney, Pataula Circuit","T.CRAIG EARNEST (I)","",1896,100.00,3461,2562,1,1,"0","0"
14,"CLERK, SUPERIOR COURT","G. JOHNSON (I) D","",2011,100.00,3461,2562,1,1,"0","0"
15,"SHERIFF","W. S. RATHEL (I) D","",1518,100.00,3461,2562,1,1,"0","0"
16,"TAX COMMISSIONER","J. G. JACKSON (I) D","",1988,100.00,3461,2562,1,1,"0","0"
17,"CORONER","D. B SHEFFIELD (I) D","",2124,100.00,3461,2562,1,1,"0","0"
18,"SOLICITOR GENERAL","D. C. GRIFFIN (D)","",1978,100.00,3461,2562,1,1,"0","0"
19,"CC, D1","F. C. PHILLIPS (I) D","",281,100.00,575,387,1,1,"0","0"
20,"CC, D3","A. WORSLEY (I) D","",470,100.00,777,606,1,1,"0","0"
21,"CC, D5","J. A. BUSH (I) D","",461,100.00,795,627,1,1,"0","0"
22,"BOE D1","L. M. BUSH (I) D","",251,100.00,575,387,1,1,"0","0"
23,"BOE D3","S. B. ALLEN (D)","",471,100.00,777,606,1,1,"0","0"
24,"BOE D5","J. MOCK (R)","",477,100.00,795,627,1,1,"0","0"
25,"SOIL AND WATER","R. W. VANN","",1937,100.00,3461,2562,1,1,"0","0"
26,"Constitutional Amendment #1<br>Provides greater flexibility and state accountability to fix failing schools through increasing community involvement.","YES","",862,36.65,3461,2562,1,1,"0","0"
27,"Constitutional Amendment #1<br>Provides greater flexibility and state accountability to fix failing schools through increasing community involvement.","NO","",1490,63.35,3461,2562,1,1,"0","0"
28,"Constitutional Amendment #2<br>Authorizes penalties for sexual exploitation and assessments on adult entertainment to fund child victims' services.","YES","",1834,80.97,3461,2562,1,1,"0","0"
29,"Constitutional Amendment #2<br>Authorizes penalties for sexual exploitation and assessments on adult entertainment to fund child victims' services.","NO","",431,19.03,3461,2562,1,1,"0","0"
30,"Constitutional Amendment #3<br>Reforms and re-establishes the Judicial Qualifications Commission and provides for its composition, governance, and powers.","YES","",1214,58.79,3461,2562,1,1,"0","0"
31,"Constitutional Amendment #3<br>Reforms and re-establishes the Judicial Qualifications Commission and provides for its composition, governance, and powers.","NO","",851,41.21,3461,2562,1,1,"0","0"
32,"Constitutional Amendment #4<br>Dedicates revenue from existing taxes on fireworks to trauma care, fire services, and public safety.","YES","",1681,75.41,3461,2562,1,1,"0","0"
33,"Constitutional Amendment #4<br>Dedicates revenue from existing taxes on fireworks to trauma care, fire services, and public safety.","NO","",548,24.59,3461,2562,1,1,"0","0"
34,"SUNDAY SALES BY RETAILERS","YES","",370,59.68,1008,666,1,1,"0","0"
35,"SUNDAY SALES BY RETAILERS","NO","",250,40.32,1008,666,1,1,"0","0"
36,"SUNDAY SALES OF ALCOHOL","YES","",356,57.70,1008,666,1,1,"0","0"
37,"SUNDAY SALES OF ALCOHOL","NO","",261,42.30,1008,666,1,1,"0","0"
