"line number","contest name","choice name","party name","total votes","percent of votes","registered voters","ballots cast","num Precinct total","num Precinct rptg","over votes","under votes"
1,"President of the United States","DONALD J. TRUMP","",4149,49.12,11002,8531,8,8,"0","0"
2,"President of the United States","HILLARY CLINTON","",4200,49.72,11002,8531,8,8,"0","0"
3,"President of the United States","GARY JOHNSON","",98,1.16,11002,8531,8,8,"0","0"
4,"United States Senator, Isakson","JOHNNY ISAKSON (I)","",4092,52.41,11002,8531,8,8,"0","0"
5,"United States Senator, Isakson","JIM BARKSDALE","",3608,46.21,11002,8531,8,8,"0","0"
6,"United States Senator, Isakson","ALLEN BUCKLEY","",107,1.37,11002,8531,8,8,"0","0"
7,"Public Service Commission, District 2 - Eastern","TIM ECHOLS (I)","",4536,70.64,11002,8528,8,8,"0","0"
8,"Public Service Commission, District 2 - Eastern","ERIC HOSKINS","",1885,29.36,11002,8528,8,8,"0","0"
9,"U.S. Representative, District 10","JODY HICE (I)","",5591,100.00,11002,8531,8,8,"0","0"
10,"State Senator, District 26","DAVID LUCAS SR (I)","",6106,100.00,11002,8528,8,8,"0","0"
11,"State Representative, District 128","MACK JACKSON (I)","",6759,100.00,11002,8528,8,8,"0","0"
12,"District Attorney, Middle Circuit","HAYWARD ALTMAN (I)","",5363,100.00,11002,8528,8,8,"0","0"
13,"Probate Judge","R. A. SHEPPARD(I)(D)","",6986,100.00,11002,8528,8,8,"0","0"
14,"Superior Court Clerk","J. H. CONNER (I)(D)","",7051,100.00,11002,8528,8,8,"0","0"
15,"Sheriff","T. H. SMITH (I)(D)","",7266,100.00,11002,8528,8,8,"0","0"
16,"Tax Commissioner","J. ANDERSON (I)(D)","",6941,100.00,11002,8528,8,8,"0","0"
17,"Coroner","E. K. MAY (I)(D)","",7097,100.00,11002,8528,8,8,"0","0"
18,"Chief Magistrate","R. TODD (I)(D)","",6770,100.00,11002,8528,8,8,"0","0"
19,"Solicitor","R. WYNNE (I)(D)","",6729,100.00,11002,8528,8,8,"0","0"
20,"Constitutional Amendment #1<br>Provides greater flexibility and state accountability to fix failing schools through increasing community involvement.","YES","",2452,30.11,11002,8528,8,8,"0","0"
21,"Constitutional Amendment #1<br>Provides greater flexibility and state accountability to fix failing schools through increasing community involvement.","NO","",5692,69.89,11002,8528,8,8,"0","0"
22,"Constitutional Amendment #2<br>Authorizes penalties for sexual exploitation and assessments on adult entertainment to fund child victims' services.","YES","",6262,79.81,11002,8528,8,8,"0","0"
23,"Constitutional Amendment #2<br>Authorizes penalties for sexual exploitation and assessments on adult entertainment to fund child victims' services.","NO","",1584,20.19,11002,8528,8,8,"0","0"
24,"Constitutional Amendment #3<br>Reforms and re-establishes the Judicial Qualifications Commission and provides for its composition, governance, and powers.","YES","",3986,54.53,11002,8528,8,8,"0","0"
25,"Constitutional Amendment #3<br>Reforms and re-establishes the Judicial Qualifications Commission and provides for its composition, governance, and powers.","NO","",3324,45.47,11002,8528,8,8,"0","0"
26,"Constitutional Amendment #4<br>Dedicates revenue from existing taxes on fireworks to trauma care, fire services, and public safety.","YES","",5830,75.76,11002,8528,8,8,"0","0"
27,"Constitutional Amendment #4<br>Dedicates revenue from existing taxes on fireworks to trauma care, fire services, and public safety.","NO","",1865,24.24,11002,8528,8,8,"0","0"
28,"Sunday Sales","YES","",1399,60.51,3104,2378,1,1,"0","0"
29,"Sunday Sales","NO","",913,39.49,3104,2378,1,1,"0","0"
