"line number","contest name","choice name","party name","total votes","percent of votes","registered voters","ballots cast","num Precinct total","num Precinct rptg","over votes","under votes"
1,"President of the United States","DONALD J. TRUMP","",8832,69.61,16098,12815,14,14,"0","0"
2,"President of the United States","HILLARY CLINTON","",3571,28.15,16098,12815,14,14,"0","0"
3,"President of the United States","GARY JOHNSON","",284,2.24,16098,12815,14,14,"0","0"
4,"United States Senator, Isakson","JOHNNY ISAKSON (I)","",8719,72.24,16098,12815,14,14,"0","0"
5,"United States Senator, Isakson","JIM BARKSDALE","",2965,24.57,16098,12815,14,14,"0","0"
6,"United States Senator, Isakson","ALLEN BUCKLEY","",385,3.19,16098,12815,14,14,"0","0"
7,"Public Service Commission, District 2 - Eastern","TIM ECHOLS (I)","",9170,81.05,16098,12806,14,14,"0","0"
8,"Public Service Commission, District 2 - Eastern","ERIC HOSKINS","",2144,18.95,16098,12806,14,14,"0","0"
9,"U.S. Representative, District 8","AUSTIN SCOTT (I)","",9097,73.88,16098,12815,14,14,"0","0"
10,"U.S. Representative, District 8","JAMES NEAL HARRIS","",3216,26.12,16098,12815,14,14,"0","0"
11,"State Senator, District 18","JOHN F. KENNEDY (I)","",10425,100.00,16098,12806,14,14,"0","0"
12,"State Representative, District 129","SUSAN HOLMES (I)","",1706,100.00,2728,2033,3,3,"0","0"
13,"State Representative, District 140","ROBERT DICKEY (I)","",1918,100.00,3750,2784,4,4,"0","0"
14,"State Representative, District 141","ALLEN PEAKE (I)","",6808,100.00,9620,7989,8,8,"0","0"
15,"District Attorney, Towaliga Circuit","JONATHAN ADAMS","",10406,100.00,16098,12806,14,14,"0","0"
16,"CLERK SUPERIOR CT","L. W. HAM (I) R","",10788,100.00,16098,12806,14,14,"0","0"
17,"SHERIFF","J. C. BITTICK (I) R","",11095,100.00,16098,12806,14,14,"0","0"
18,"TAX COMMISSIONER","L. D. ANDREWS (I) R","",10846,100.00,16098,12806,14,14,"0","0"
19,"CORONER","J.W. PROCTOR JR (I)R","",10696,100.00,16098,12806,14,14,"0","0"
20,"CHIEF MAGISTRATE","F. N. WILDER IV (I)R","",10764,100.00,16098,12806,14,14,"0","0"
21,"CHAIR COMMISSIONER","G. TAPLEY (R)","",10348,100.00,16098,12806,14,14,"0","0"
22,"CC D1","L. C. EVANS (I) D","",2091,100.00,3892,2817,4,4,"0","0"
23,"CC D2","J. HAM (I) R","",2550,100.00,3835,3130,10,10,"0","0"
24,"Constitutional Amendment #1<br>Provides greater flexibility and state accountability to fix failing schools through increasing community involvement.","YES","",4737,38.11,16098,12806,14,14,"0","0"
25,"Constitutional Amendment #1<br>Provides greater flexibility and state accountability to fix failing schools through increasing community involvement.","NO","",7693,61.89,16098,12806,14,14,"0","0"
26,"Constitutional Amendment #2<br>Authorizes penalties for sexual exploitation and assessments on adult entertainment to fund child victims' services.","YES","",10115,82.71,16098,12806,14,14,"0","0"
27,"Constitutional Amendment #2<br>Authorizes penalties for sexual exploitation and assessments on adult entertainment to fund child victims' services.","NO","",2114,17.29,16098,12806,14,14,"0","0"
28,"Constitutional Amendment #3<br>Reforms and re-establishes the Judicial Qualifications Commission and provides for its composition, governance, and powers.","YES","",6853,59.28,16098,12806,14,14,"0","0"
29,"Constitutional Amendment #3<br>Reforms and re-establishes the Judicial Qualifications Commission and provides for its composition, governance, and powers.","NO","",4707,40.72,16098,12806,14,14,"0","0"
30,"Constitutional Amendment #4<br>Dedicates revenue from existing taxes on fireworks to trauma care, fire services, and public safety.","YES","",9659,79.64,16098,12806,14,14,"0","0"
31,"Constitutional Amendment #4<br>Dedicates revenue from existing taxes on fireworks to trauma care, fire services, and public safety.","NO","",2470,20.36,16098,12806,14,14,"0","0"
