<?xml version="1.0"?>
<!--Election result snapshot imported from Tabulation System
-->
<ElectionResult>
    <Timestamp>11/14/2016 11:31:33 AM EST</Timestamp>
    <ElectionName>November 8, 2016 - General Election</ElectionName>
    <ElectionDate>11/8/2016</ElectionDate>
    <Region>Evans</Region>
    <VoterTurnout totalVoters="4684" ballotsCast="3659" voterTurnout="78.12">
        <Precincts>
            <Precinct name="Veteran's Comm Ctr" totalVoters="4684" ballotsCast="3659" voterTurnout="78.12" percentReporting="4" />
        </Precincts>
    </VoterTurnout>
    <Contest key="1" text="President of the United States" isQuestion="false" precinctsReporting="1" precinctsReported="1">
        <VoteType name="Number of Precincts for Race" votes="1">
            <Precinct name="Veteran's Comm Ctr" votes="1" />
        </VoteType>
        <VoteType name="Number of Precincts Reporting" votes="1">
            <Precinct name="Veteran's Comm Ctr" votes="1" />
        </VoteType>
        <Choice key="10" text="DONALD J. TRUMP" totalVotes="2404">
            <VoteType name="Election Day" votes="675">
                <Precinct name="Veteran's Comm Ctr" votes="675" />
            </VoteType>
            <VoteType name="Absentee by Mail" votes="122">
                <Precinct name="Veteran's Comm Ctr" votes="122" />
            </VoteType>
            <VoteType name="Advance in Person" votes="1607">
                <Precinct name="Veteran's Comm Ctr" votes="1607" />
            </VoteType>
            <VoteType name="Provisional" votes="0">
                <Precinct name="Veteran's Comm Ctr" votes="0" />
            </VoteType>
        </Choice>
        <Choice key="20" text="HILLARY CLINTON" totalVotes="1130">
            <VoteType name="Election Day" votes="410">
                <Precinct name="Veteran's Comm Ctr" votes="410" />
            </VoteType>
            <VoteType name="Absentee by Mail" votes="60">
                <Precinct name="Veteran's Comm Ctr" votes="60" />
            </VoteType>
            <VoteType name="Advance in Person" votes="660">
                <Precinct name="Veteran's Comm Ctr" votes="660" />
            </VoteType>
            <VoteType name="Provisional" votes="0">
                <Precinct name="Veteran's Comm Ctr" votes="0" />
            </VoteType>
        </Choice>
        <Choice key="30" text="GARY JOHNSON" totalVotes="68">
            <VoteType name="Election Day" votes="26">
                <Precinct name="Veteran's Comm Ctr" votes="26" />
            </VoteType>
            <VoteType name="Absentee by Mail" votes="3">
                <Precinct name="Veteran's Comm Ctr" votes="3" />
            </VoteType>
            <VoteType name="Advance in Person" votes="39">
                <Precinct name="Veteran's Comm Ctr" votes="39" />
            </VoteType>
            <VoteType name="Provisional" votes="0">
                <Precinct name="Veteran's Comm Ctr" votes="0" />
            </VoteType>
        </Choice>
    </Contest>
    <Contest key="10" text="United States Senator, Isakson" isQuestion="false" precinctsReporting="1" precinctsReported="1">
        <VoteType name="Number of Precincts for Race" votes="1">
            <Precinct name="Veteran's Comm Ctr" votes="1" />
        </VoteType>
        <VoteType name="Number of Precincts Reporting" votes="1">
            <Precinct name="Veteran's Comm Ctr" votes="1" />
        </VoteType>
        <Choice key="30" text="JOHNNY ISAKSON (I)" totalVotes="2395">
            <VoteType name="Election Day" votes="671">
                <Precinct name="Veteran's Comm Ctr" votes="671" />
            </VoteType>
            <VoteType name="Absentee by Mail" votes="131">
                <Precinct name="Veteran's Comm Ctr" votes="131" />
            </VoteType>
            <VoteType name="Advance in Person" votes="1593">
                <Precinct name="Veteran's Comm Ctr" votes="1593" />
            </VoteType>
            <VoteType name="Provisional" votes="0">
                <Precinct name="Veteran's Comm Ctr" votes="0" />
            </VoteType>
        </Choice>
        <Choice key="40" text="JIM BARKSDALE" totalVotes="852">
            <VoteType name="Election Day" votes="324">
                <Precinct name="Veteran's Comm Ctr" votes="324" />
            </VoteType>
            <VoteType name="Absentee by Mail" votes="48">
                <Precinct name="Veteran's Comm Ctr" votes="48" />
            </VoteType>
            <VoteType name="Advance in Person" votes="480">
                <Precinct name="Veteran's Comm Ctr" votes="480" />
            </VoteType>
            <VoteType name="Provisional" votes="0">
                <Precinct name="Veteran's Comm Ctr" votes="0" />
            </VoteType>
        </Choice>
        <Choice key="50" text="ALLEN BUCKLEY" totalVotes="80">
            <VoteType name="Election Day" votes="36">
                <Precinct name="Veteran's Comm Ctr" votes="36" />
            </VoteType>
            <VoteType name="Absentee by Mail" votes="6">
                <Precinct name="Veteran's Comm Ctr" votes="6" />
            </VoteType>
            <VoteType name="Advance in Person" votes="38">
                <Precinct name="Veteran's Comm Ctr" votes="38" />
            </VoteType>
            <VoteType name="Provisional" votes="0">
                <Precinct name="Veteran's Comm Ctr" votes="0" />
            </VoteType>
        </Choice>
    </Contest>
    <Contest key="30" text="Public Service Commission, District 2 - Eastern" isQuestion="false" precinctsReporting="1" precinctsReported="1">
        <VoteType name="Number of Precincts for Race" votes="1">
            <Precinct name="Veteran's Comm Ctr" votes="1" />
        </VoteType>
        <VoteType name="Number of Precincts Reporting" votes="1">
            <Precinct name="Veteran's Comm Ctr" votes="1" />
        </VoteType>
        <Choice key="20" text="TIM ECHOLS (I)" totalVotes="2498">
            <VoteType name="Election Day" votes="728">
                <Precinct name="Veteran's Comm Ctr" votes="728" />
            </VoteType>
            <VoteType name="Absentee by Mail" votes="130">
                <Precinct name="Veteran's Comm Ctr" votes="130" />
            </VoteType>
            <VoteType name="Advance in Person" votes="1640">
                <Precinct name="Veteran's Comm Ctr" votes="1640" />
            </VoteType>
            <VoteType name="Provisional" votes="0">
                <Precinct name="Veteran's Comm Ctr" votes="0" />
            </VoteType>
        </Choice>
        <Choice key="30" text="ERIC HOSKINS" totalVotes="586">
            <VoteType name="Election Day" votes="237">
                <Precinct name="Veteran's Comm Ctr" votes="237" />
            </VoteType>
            <VoteType name="Absentee by Mail" votes="28">
                <Precinct name="Veteran's Comm Ctr" votes="28" />
            </VoteType>
            <VoteType name="Advance in Person" votes="321">
                <Precinct name="Veteran's Comm Ctr" votes="321" />
            </VoteType>
            <VoteType name="Provisional" votes="0">
                <Precinct name="Veteran's Comm Ctr" votes="0" />
            </VoteType>
        </Choice>
    </Contest>
    <Contest key="50" text="U.S. Representative, District 12" isQuestion="false" precinctsReporting="1" precinctsReported="1">
        <VoteType name="Number of Precincts for Race" votes="1">
            <Precinct name="Veteran's Comm Ctr" votes="1" />
        </VoteType>
        <VoteType name="Number of Precincts Reporting" votes="1">
            <Precinct name="Veteran's Comm Ctr" votes="1" />
        </VoteType>
        <Choice key="10" text="RICK ALLEN (I)" totalVotes="2437">
            <VoteType name="Election Day" votes="696">
                <Precinct name="Veteran's Comm Ctr" votes="696" />
            </VoteType>
            <VoteType name="Absentee by Mail" votes="132">
                <Precinct name="Veteran's Comm Ctr" votes="132" />
            </VoteType>
            <VoteType name="Advance in Person" votes="1609">
                <Precinct name="Veteran's Comm Ctr" votes="1609" />
            </VoteType>
            <VoteType name="Provisional" votes="0">
                <Precinct name="Veteran's Comm Ctr" votes="0" />
            </VoteType>
        </Choice>
        <Choice key="20" text="PATRICIA C. MCCRACKEN" totalVotes="955">
            <VoteType name="Election Day" votes="361">
                <Precinct name="Veteran's Comm Ctr" votes="361" />
            </VoteType>
            <VoteType name="Absentee by Mail" votes="47">
                <Precinct name="Veteran's Comm Ctr" votes="47" />
            </VoteType>
            <VoteType name="Advance in Person" votes="547">
                <Precinct name="Veteran's Comm Ctr" votes="547" />
            </VoteType>
            <VoteType name="Provisional" votes="0">
                <Precinct name="Veteran's Comm Ctr" votes="0" />
            </VoteType>
        </Choice>
    </Contest>
    <Contest key="70" text="State Senator, District 4" isQuestion="false" precinctsReporting="1" precinctsReported="1">
        <VoteType name="Number of Precincts for Race" votes="1">
            <Precinct name="Veteran's Comm Ctr" votes="1" />
        </VoteType>
        <VoteType name="Number of Precincts Reporting" votes="1">
            <Precinct name="Veteran's Comm Ctr" votes="1" />
        </VoteType>
        <Choice key="10" text="JACK HILL (I)" totalVotes="3094">
            <VoteType name="Election Day" votes="949">
                <Precinct name="Veteran's Comm Ctr" votes="949" />
            </VoteType>
            <VoteType name="Absentee by Mail" votes="149">
                <Precinct name="Veteran's Comm Ctr" votes="149" />
            </VoteType>
            <VoteType name="Advance in Person" votes="1996">
                <Precinct name="Veteran's Comm Ctr" votes="1996" />
            </VoteType>
            <VoteType name="Provisional" votes="0">
                <Precinct name="Veteran's Comm Ctr" votes="0" />
            </VoteType>
        </Choice>
    </Contest>
    <Contest key="90" text="State Representative, District 157" isQuestion="false" precinctsReporting="1" precinctsReported="1">
        <VoteType name="Number of Precincts for Race" votes="1">
            <Precinct name="Veteran's Comm Ctr" votes="1" />
        </VoteType>
        <VoteType name="Number of Precincts Reporting" votes="1">
            <Precinct name="Veteran's Comm Ctr" votes="1" />
        </VoteType>
        <Choice key="10" text="WILLIAM &quot;BILL&quot; WERKHEISER (I) (REP)" totalVotes="2830">
            <VoteType name="Election Day" votes="878">
                <Precinct name="Veteran's Comm Ctr" votes="878" />
            </VoteType>
            <VoteType name="Absentee by Mail" votes="131">
                <Precinct name="Veteran's Comm Ctr" votes="131" />
            </VoteType>
            <VoteType name="Advance in Person" votes="1821">
                <Precinct name="Veteran's Comm Ctr" votes="1821" />
            </VoteType>
            <VoteType name="Provisional" votes="0">
                <Precinct name="Veteran's Comm Ctr" votes="0" />
            </VoteType>
        </Choice>
    </Contest>
    <Contest key="110" text="CLERK, SUPERIOR COURT" isQuestion="false" precinctsReporting="1" precinctsReported="1">
        <VoteType name="Number of Precincts for Race" votes="1">
            <Precinct name="Veteran's Comm Ctr" votes="1" />
        </VoteType>
        <VoteType name="Number of Precincts Reporting" votes="1">
            <Precinct name="Veteran's Comm Ctr" votes="1" />
        </VoteType>
        <Choice key="10" text="K. P. HENDRIX (I) R" totalVotes="3001">
            <VoteType name="Election Day" votes="915">
                <Precinct name="Veteran's Comm Ctr" votes="915" />
            </VoteType>
            <VoteType name="Absentee by Mail" votes="153">
                <Precinct name="Veteran's Comm Ctr" votes="153" />
            </VoteType>
            <VoteType name="Advance in Person" votes="1933">
                <Precinct name="Veteran's Comm Ctr" votes="1933" />
            </VoteType>
            <VoteType name="Provisional" votes="0">
                <Precinct name="Veteran's Comm Ctr" votes="0" />
            </VoteType>
        </Choice>
    </Contest>
    <Contest key="130" text="SHERIFF" isQuestion="false" precinctsReporting="1" precinctsReported="1">
        <VoteType name="Number of Precincts for Race" votes="1">
            <Precinct name="Veteran's Comm Ctr" votes="1" />
        </VoteType>
        <VoteType name="Number of Precincts Reporting" votes="1">
            <Precinct name="Veteran's Comm Ctr" votes="1" />
        </VoteType>
        <Choice key="10" text="R. H. TIPPINS (I) R" totalVotes="2678">
            <VoteType name="Election Day" votes="748">
                <Precinct name="Veteran's Comm Ctr" votes="748" />
            </VoteType>
            <VoteType name="Absentee by Mail" votes="147">
                <Precinct name="Veteran's Comm Ctr" votes="147" />
            </VoteType>
            <VoteType name="Advance in Person" votes="1783">
                <Precinct name="Veteran's Comm Ctr" votes="1783" />
            </VoteType>
            <VoteType name="Provisional" votes="0">
                <Precinct name="Veteran's Comm Ctr" votes="0" />
            </VoteType>
        </Choice>
        <Choice key="20" text="M. L. WELCH (D)" totalVotes="932">
            <VoteType name="Election Day" votes="369">
                <Precinct name="Veteran's Comm Ctr" votes="369" />
            </VoteType>
            <VoteType name="Absentee by Mail" votes="42">
                <Precinct name="Veteran's Comm Ctr" votes="42" />
            </VoteType>
            <VoteType name="Advance in Person" votes="521">
                <Precinct name="Veteran's Comm Ctr" votes="521" />
            </VoteType>
            <VoteType name="Provisional" votes="0">
                <Precinct name="Veteran's Comm Ctr" votes="0" />
            </VoteType>
        </Choice>
    </Contest>
    <Contest key="150" text="TAX COMMISSIONER" isQuestion="false" precinctsReporting="1" precinctsReported="1">
        <VoteType name="Number of Precincts for Race" votes="1">
            <Precinct name="Veteran's Comm Ctr" votes="1" />
        </VoteType>
        <VoteType name="Number of Precincts Reporting" votes="1">
            <Precinct name="Veteran's Comm Ctr" votes="1" />
        </VoteType>
        <Choice key="10" text="J. E. MINCEY (R)" totalVotes="3031">
            <VoteType name="Election Day" votes="919">
                <Precinct name="Veteran's Comm Ctr" votes="919" />
            </VoteType>
            <VoteType name="Absentee by Mail" votes="149">
                <Precinct name="Veteran's Comm Ctr" votes="149" />
            </VoteType>
            <VoteType name="Advance in Person" votes="1963">
                <Precinct name="Veteran's Comm Ctr" votes="1963" />
            </VoteType>
            <VoteType name="Provisional" votes="0">
                <Precinct name="Veteran's Comm Ctr" votes="0" />
            </VoteType>
        </Choice>
    </Contest>
    <Contest key="170" text="SURVEYOR" isQuestion="false" precinctsReporting="1" precinctsReported="1">
        <VoteType name="Number of Precincts for Race" votes="1">
            <Precinct name="Veteran's Comm Ctr" votes="1" />
        </VoteType>
        <VoteType name="Number of Precincts Reporting" votes="1">
            <Precinct name="Veteran's Comm Ctr" votes="1" />
        </VoteType>
        <Choice key="10" text="T. W. EASON (I) R" totalVotes="3058">
            <VoteType name="Election Day" votes="929">
                <Precinct name="Veteran's Comm Ctr" votes="929" />
            </VoteType>
            <VoteType name="Absentee by Mail" votes="146">
                <Precinct name="Veteran's Comm Ctr" votes="146" />
            </VoteType>
            <VoteType name="Advance in Person" votes="1983">
                <Precinct name="Veteran's Comm Ctr" votes="1983" />
            </VoteType>
            <VoteType name="Provisional" votes="0">
                <Precinct name="Veteran's Comm Ctr" votes="0" />
            </VoteType>
        </Choice>
    </Contest>
    <Contest key="190" text="CORONER" isQuestion="false" precinctsReporting="1" precinctsReported="1">
        <VoteType name="Number of Precincts for Race" votes="1">
            <Precinct name="Veteran's Comm Ctr" votes="1" />
        </VoteType>
        <VoteType name="Number of Precincts Reporting" votes="1">
            <Precinct name="Veteran's Comm Ctr" votes="1" />
        </VoteType>
        <Choice key="10" text="M. NESMITH (I) R" totalVotes="3079">
            <VoteType name="Election Day" votes="933">
                <Precinct name="Veteran's Comm Ctr" votes="933" />
            </VoteType>
            <VoteType name="Absentee by Mail" votes="150">
                <Precinct name="Veteran's Comm Ctr" votes="150" />
            </VoteType>
            <VoteType name="Advance in Person" votes="1996">
                <Precinct name="Veteran's Comm Ctr" votes="1996" />
            </VoteType>
            <VoteType name="Provisional" votes="0">
                <Precinct name="Veteran's Comm Ctr" votes="0" />
            </VoteType>
        </Choice>
    </Contest>
    <Contest key="220" text="SOLICITOR-GENERAL" isQuestion="false" precinctsReporting="1" precinctsReported="1">
        <VoteType name="Number of Precincts for Race" votes="1">
            <Precinct name="Veteran's Comm Ctr" votes="1" />
        </VoteType>
        <VoteType name="Number of Precincts Reporting" votes="1">
            <Precinct name="Veteran's Comm Ctr" votes="1" />
        </VoteType>
        <Choice key="10" text="W. E. CALLAWAY (I) R" totalVotes="2844">
            <VoteType name="Election Day" votes="874">
                <Precinct name="Veteran's Comm Ctr" votes="874" />
            </VoteType>
            <VoteType name="Absentee by Mail" votes="129">
                <Precinct name="Veteran's Comm Ctr" votes="129" />
            </VoteType>
            <VoteType name="Advance in Person" votes="1841">
                <Precinct name="Veteran's Comm Ctr" votes="1841" />
            </VoteType>
            <VoteType name="Provisional" votes="0">
                <Precinct name="Veteran's Comm Ctr" votes="0" />
            </VoteType>
        </Choice>
    </Contest>
    <Contest key="230" text="CC, D2" isQuestion="false" precinctsReporting="1" precinctsReported="1">
        <VoteType name="Number of Precincts for Race" votes="1">
            <Precinct name="Veteran's Comm Ctr" votes="1" />
        </VoteType>
        <VoteType name="Number of Precincts Reporting" votes="1">
            <Precinct name="Veteran's Comm Ctr" votes="1" />
        </VoteType>
        <Choice key="10" text="J. D. GRIFFIN (I) R" totalVotes="594">
            <VoteType name="Election Day" votes="186">
                <Precinct name="Veteran's Comm Ctr" votes="186" />
            </VoteType>
            <VoteType name="Absentee by Mail" votes="27">
                <Precinct name="Veteran's Comm Ctr" votes="27" />
            </VoteType>
            <VoteType name="Advance in Person" votes="381">
                <Precinct name="Veteran's Comm Ctr" votes="381" />
            </VoteType>
            <VoteType name="Provisional" votes="0">
                <Precinct name="Veteran's Comm Ctr" votes="0" />
            </VoteType>
        </Choice>
    </Contest>
    <Contest key="260" text="CC, D4" isQuestion="false" precinctsReporting="1" precinctsReported="1">
        <VoteType name="Number of Precincts for Race" votes="1">
            <Precinct name="Veteran's Comm Ctr" votes="1" />
        </VoteType>
        <VoteType name="Number of Precincts Reporting" votes="1">
            <Precinct name="Veteran's Comm Ctr" votes="1" />
        </VoteType>
        <Choice key="10" text="J. L. PINCKARD (I) D" totalVotes="281">
            <VoteType name="Election Day" votes="94">
                <Precinct name="Veteran's Comm Ctr" votes="94" />
            </VoteType>
            <VoteType name="Absentee by Mail" votes="16">
                <Precinct name="Veteran's Comm Ctr" votes="16" />
            </VoteType>
            <VoteType name="Advance in Person" votes="171">
                <Precinct name="Veteran's Comm Ctr" votes="171" />
            </VoteType>
            <VoteType name="Provisional" votes="0">
                <Precinct name="Veteran's Comm Ctr" votes="0" />
            </VoteType>
        </Choice>
        <Choice key="20" text="B. CROFT (IN)" totalVotes="321">
            <VoteType name="Election Day" votes="90">
                <Precinct name="Veteran's Comm Ctr" votes="90" />
            </VoteType>
            <VoteType name="Absentee by Mail" votes="10">
                <Precinct name="Veteran's Comm Ctr" votes="10" />
            </VoteType>
            <VoteType name="Advance in Person" votes="221">
                <Precinct name="Veteran's Comm Ctr" votes="221" />
            </VoteType>
            <VoteType name="Provisional" votes="0">
                <Precinct name="Veteran's Comm Ctr" votes="0" />
            </VoteType>
        </Choice>
    </Contest>
    <Contest key="280" text="CC, D6" isQuestion="false" precinctsReporting="1" precinctsReported="1">
        <VoteType name="Number of Precincts for Race" votes="1">
            <Precinct name="Veteran's Comm Ctr" votes="1" />
        </VoteType>
        <VoteType name="Number of Precincts Reporting" votes="1">
            <Precinct name="Veteran's Comm Ctr" votes="1" />
        </VoteType>
        <Choice key="10" text="I. Y. BURNEY (I) D" totalVotes="329">
            <VoteType name="Election Day" votes="119">
                <Precinct name="Veteran's Comm Ctr" votes="119" />
            </VoteType>
            <VoteType name="Absentee by Mail" votes="13">
                <Precinct name="Veteran's Comm Ctr" votes="13" />
            </VoteType>
            <VoteType name="Advance in Person" votes="197">
                <Precinct name="Veteran's Comm Ctr" votes="197" />
            </VoteType>
            <VoteType name="Provisional" votes="0">
                <Precinct name="Veteran's Comm Ctr" votes="0" />
            </VoteType>
        </Choice>
    </Contest>
    <Contest key="290" text="Constitutional Amendment #1&lt;br&gt;Provides greater flexibility and state accountability to fix failing schools through increasing community involvement." isQuestion="false" precinctsReporting="1" precinctsReported="1">
        <VoteType name="Number of Precincts for Race" votes="1">
            <Precinct name="Veteran's Comm Ctr" votes="1" />
        </VoteType>
        <VoteType name="Number of Precincts Reporting" votes="1">
            <Precinct name="Veteran's Comm Ctr" votes="1" />
        </VoteType>
        <Choice key="10" text="YES" totalVotes="1351">
            <VoteType name="Election Day" votes="441">
                <Precinct name="Veteran's Comm Ctr" votes="441" />
            </VoteType>
            <VoteType name="Absentee by Mail" votes="70">
                <Precinct name="Veteran's Comm Ctr" votes="70" />
            </VoteType>
            <VoteType name="Advance in Person" votes="840">
                <Precinct name="Veteran's Comm Ctr" votes="840" />
            </VoteType>
            <VoteType name="Provisional" votes="0">
                <Precinct name="Veteran's Comm Ctr" votes="0" />
            </VoteType>
        </Choice>
        <Choice key="20" text="NO" totalVotes="2152">
            <VoteType name="Election Day" votes="653">
                <Precinct name="Veteran's Comm Ctr" votes="653" />
            </VoteType>
            <VoteType name="Absentee by Mail" votes="111">
                <Precinct name="Veteran's Comm Ctr" votes="111" />
            </VoteType>
            <VoteType name="Advance in Person" votes="1388">
                <Precinct name="Veteran's Comm Ctr" votes="1388" />
            </VoteType>
            <VoteType name="Provisional" votes="0">
                <Precinct name="Veteran's Comm Ctr" votes="0" />
            </VoteType>
        </Choice>
    </Contest>
    <Contest key="300" text="Constitutional Amendment #2&lt;br&gt;Authorizes penalties for sexual exploitation and assessments on adult entertainment to fund child victims' services." isQuestion="false" precinctsReporting="1" precinctsReported="1">
        <VoteType name="Number of Precincts for Race" votes="1">
            <Precinct name="Veteran's Comm Ctr" votes="1" />
        </VoteType>
        <VoteType name="Number of Precincts Reporting" votes="1">
            <Precinct name="Veteran's Comm Ctr" votes="1" />
        </VoteType>
        <Choice key="10" text="YES" totalVotes="2761">
            <VoteType name="Election Day" votes="869">
                <Precinct name="Veteran's Comm Ctr" votes="869" />
            </VoteType>
            <VoteType name="Absentee by Mail" votes="136">
                <Precinct name="Veteran's Comm Ctr" votes="136" />
            </VoteType>
            <VoteType name="Advance in Person" votes="1756">
                <Precinct name="Veteran's Comm Ctr" votes="1756" />
            </VoteType>
            <VoteType name="Provisional" votes="0">
                <Precinct name="Veteran's Comm Ctr" votes="0" />
            </VoteType>
        </Choice>
        <Choice key="20" text="NO" totalVotes="653">
            <VoteType name="Election Day" votes="200">
                <Precinct name="Veteran's Comm Ctr" votes="200" />
            </VoteType>
            <VoteType name="Absentee by Mail" votes="32">
                <Precinct name="Veteran's Comm Ctr" votes="32" />
            </VoteType>
            <VoteType name="Advance in Person" votes="421">
                <Precinct name="Veteran's Comm Ctr" votes="421" />
            </VoteType>
            <VoteType name="Provisional" votes="0">
                <Precinct name="Veteran's Comm Ctr" votes="0" />
            </VoteType>
        </Choice>
    </Contest>
    <Contest key="310" text="Constitutional Amendment #3&lt;br&gt;Reforms and re-establishes the Judicial Qualifications Commission and provides for its composition, governance, and powers." isQuestion="false" precinctsReporting="1" precinctsReported="1">
        <VoteType name="Number of Precincts for Race" votes="1">
            <Precinct name="Veteran's Comm Ctr" votes="1" />
        </VoteType>
        <VoteType name="Number of Precincts Reporting" votes="1">
            <Precinct name="Veteran's Comm Ctr" votes="1" />
        </VoteType>
        <Choice key="10" text="YES" totalVotes="1921">
            <VoteType name="Election Day" votes="621">
                <Precinct name="Veteran's Comm Ctr" votes="621" />
            </VoteType>
            <VoteType name="Absentee by Mail" votes="90">
                <Precinct name="Veteran's Comm Ctr" votes="90" />
            </VoteType>
            <VoteType name="Advance in Person" votes="1210">
                <Precinct name="Veteran's Comm Ctr" votes="1210" />
            </VoteType>
            <VoteType name="Provisional" votes="0">
                <Precinct name="Veteran's Comm Ctr" votes="0" />
            </VoteType>
        </Choice>
        <Choice key="20" text="NO" totalVotes="1300">
            <VoteType name="Election Day" votes="385">
                <Precinct name="Veteran's Comm Ctr" votes="385" />
            </VoteType>
            <VoteType name="Absentee by Mail" votes="69">
                <Precinct name="Veteran's Comm Ctr" votes="69" />
            </VoteType>
            <VoteType name="Advance in Person" votes="846">
                <Precinct name="Veteran's Comm Ctr" votes="846" />
            </VoteType>
            <VoteType name="Provisional" votes="0">
                <Precinct name="Veteran's Comm Ctr" votes="0" />
            </VoteType>
        </Choice>
    </Contest>
    <Contest key="320" text="Constitutional Amendment #4&lt;br&gt;Dedicates revenue from existing taxes on fireworks to trauma care, fire services, and public safety." isQuestion="false" precinctsReporting="1" precinctsReported="1">
        <VoteType name="Number of Precincts for Race" votes="1">
            <Precinct name="Veteran's Comm Ctr" votes="1" />
        </VoteType>
        <VoteType name="Number of Precincts Reporting" votes="1">
            <Precinct name="Veteran's Comm Ctr" votes="1" />
        </VoteType>
        <Choice key="10" text="YES" totalVotes="2565">
            <VoteType name="Election Day" votes="813">
                <Precinct name="Veteran's Comm Ctr" votes="813" />
            </VoteType>
            <VoteType name="Absentee by Mail" votes="142">
                <Precinct name="Veteran's Comm Ctr" votes="142" />
            </VoteType>
            <VoteType name="Advance in Person" votes="1610">
                <Precinct name="Veteran's Comm Ctr" votes="1610" />
            </VoteType>
            <VoteType name="Provisional" votes="0">
                <Precinct name="Veteran's Comm Ctr" votes="0" />
            </VoteType>
        </Choice>
        <Choice key="20" text="NO" totalVotes="803">
            <VoteType name="Election Day" votes="244">
                <Precinct name="Veteran's Comm Ctr" votes="244" />
            </VoteType>
            <VoteType name="Absentee by Mail" votes="28">
                <Precinct name="Veteran's Comm Ctr" votes="28" />
            </VoteType>
            <VoteType name="Advance in Person" votes="531">
                <Precinct name="Veteran's Comm Ctr" votes="531" />
            </VoteType>
            <VoteType name="Provisional" votes="0">
                <Precinct name="Veteran's Comm Ctr" votes="0" />
            </VoteType>
        </Choice>
    </Contest>
    <Contest key="330" text="SPECIAL - Sales Use Tax" isQuestion="false" precinctsReporting="1" precinctsReported="1">
        <VoteType name="Number of Precincts for Race" votes="1">
            <Precinct name="Veteran's Comm Ctr" votes="1" />
        </VoteType>
        <VoteType name="Number of Precincts Reporting" votes="1">
            <Precinct name="Veteran's Comm Ctr" votes="1" />
        </VoteType>
        <Choice key="10" text="YES" totalVotes="2063">
            <VoteType name="Election Day" votes="636">
                <Precinct name="Veteran's Comm Ctr" votes="636" />
            </VoteType>
            <VoteType name="Absentee by Mail" votes="117">
                <Precinct name="Veteran's Comm Ctr" votes="117" />
            </VoteType>
            <VoteType name="Advance in Person" votes="1310">
                <Precinct name="Veteran's Comm Ctr" votes="1310" />
            </VoteType>
            <VoteType name="Provisional" votes="0">
                <Precinct name="Veteran's Comm Ctr" votes="0" />
            </VoteType>
        </Choice>
        <Choice key="20" text="NO" totalVotes="1377">
            <VoteType name="Election Day" votes="439">
                <Precinct name="Veteran's Comm Ctr" votes="439" />
            </VoteType>
            <VoteType name="Absentee by Mail" votes="56">
                <Precinct name="Veteran's Comm Ctr" votes="56" />
            </VoteType>
            <VoteType name="Advance in Person" votes="882">
                <Precinct name="Veteran's Comm Ctr" votes="882" />
            </VoteType>
            <VoteType name="Provisional" votes="0">
                <Precinct name="Veteran's Comm Ctr" votes="0" />
            </VoteType>
        </Choice>
    </Contest>
</ElectionResult>