<?xml version="1.0"?>
<!--Election result snapshot imported from Tabulation System
-->
<ElectionResult>
    <Timestamp>11/10/2016 1:11:00 PM EST</Timestamp>
    <ElectionName>November 8, 2016 - General Election</ElectionName>
    <ElectionDate>11/8/2016</ElectionDate>
    <Region>Treutlen</Region>
    <VoterTurnout totalVoters="3773" ballotsCast="2729" voterTurnout="72.33">
        <Precincts>
            <Precinct name="Annex" totalVoters="1735" ballotsCast="1364" voterTurnout="78.62" percentReporting="4" />
            <Precinct name="Soperton" totalVoters="2038" ballotsCast="1365" voterTurnout="66.98" percentReporting="4" />
        </Precincts>
    </VoterTurnout>
    <Contest key="1" text="President of the United States" isQuestion="false" precinctsReporting="2" precinctsReported="2">
        <VoteType name="Number of Precincts for Race" votes="2">
            <Precinct name="Annex" votes="1" />
            <Precinct name="Soperton" votes="1" />
        </VoteType>
        <VoteType name="Number of Precincts Reporting" votes="2">
            <Precinct name="Annex" votes="1" />
            <Precinct name="Soperton" votes="1" />
        </VoteType>
        <Choice key="10" text="DONALD J. TRUMP" totalVotes="1809">
            <VoteType name="Election Day" votes="611">
                <Precinct name="Annex" votes="395" />
                <Precinct name="Soperton" votes="216" />
            </VoteType>
            <VoteType name="Absentee by Mail" votes="107">
                <Precinct name="Annex" votes="53" />
                <Precinct name="Soperton" votes="54" />
            </VoteType>
            <VoteType name="Advance in Person" votes="1090">
                <Precinct name="Annex" votes="750" />
                <Precinct name="Soperton" votes="340" />
            </VoteType>
            <VoteType name="Provisional" votes="1">
                <Precinct name="Annex" votes="0" />
                <Precinct name="Soperton" votes="1" />
            </VoteType>
        </Choice>
        <Choice key="20" text="HILLARY CLINTON" totalVotes="862">
            <VoteType name="Election Day" votes="296">
                <Precinct name="Annex" votes="47" />
                <Precinct name="Soperton" votes="249" />
            </VoteType>
            <VoteType name="Absentee by Mail" votes="59">
                <Precinct name="Annex" votes="10" />
                <Precinct name="Soperton" votes="49" />
            </VoteType>
            <VoteType name="Advance in Person" votes="505">
                <Precinct name="Annex" votes="89" />
                <Precinct name="Soperton" votes="416" />
            </VoteType>
            <VoteType name="Provisional" votes="2">
                <Precinct name="Annex" votes="0" />
                <Precinct name="Soperton" votes="2" />
            </VoteType>
        </Choice>
        <Choice key="30" text="GARY JOHNSON" totalVotes="32">
            <VoteType name="Election Day" votes="16">
                <Precinct name="Annex" votes="6" />
                <Precinct name="Soperton" votes="10" />
            </VoteType>
            <VoteType name="Absentee by Mail" votes="2">
                <Precinct name="Annex" votes="1" />
                <Precinct name="Soperton" votes="1" />
            </VoteType>
            <VoteType name="Advance in Person" votes="14">
                <Precinct name="Annex" votes="5" />
                <Precinct name="Soperton" votes="9" />
            </VoteType>
            <VoteType name="Provisional" votes="0">
                <Precinct name="Annex" votes="0" />
                <Precinct name="Soperton" votes="0" />
            </VoteType>
        </Choice>
    </Contest>
    <Contest key="10" text="United States Senator, Isakson" isQuestion="false" precinctsReporting="2" precinctsReported="2">
        <VoteType name="Number of Precincts for Race" votes="2">
            <Precinct name="Annex" votes="1" />
            <Precinct name="Soperton" votes="1" />
        </VoteType>
        <VoteType name="Number of Precincts Reporting" votes="2">
            <Precinct name="Annex" votes="1" />
            <Precinct name="Soperton" votes="1" />
        </VoteType>
        <Choice key="10" text="JOHNNY ISAKSON (I)" totalVotes="1700">
            <VoteType name="Election Day" votes="558">
                <Precinct name="Annex" votes="346" />
                <Precinct name="Soperton" votes="212" />
            </VoteType>
            <VoteType name="Absentee by Mail" votes="108">
                <Precinct name="Annex" votes="53" />
                <Precinct name="Soperton" votes="55" />
            </VoteType>
            <VoteType name="Advance in Person" votes="1033">
                <Precinct name="Annex" votes="674" />
                <Precinct name="Soperton" votes="359" />
            </VoteType>
            <VoteType name="Provisional" votes="1">
                <Precinct name="Annex" votes="0" />
                <Precinct name="Soperton" votes="1" />
            </VoteType>
        </Choice>
        <Choice key="20" text="JIM BARKSDALE" totalVotes="626">
            <VoteType name="Election Day" votes="227">
                <Precinct name="Annex" votes="44" />
                <Precinct name="Soperton" votes="183" />
            </VoteType>
            <VoteType name="Absentee by Mail" votes="47">
                <Precinct name="Annex" votes="8" />
                <Precinct name="Soperton" votes="39" />
            </VoteType>
            <VoteType name="Advance in Person" votes="350">
                <Precinct name="Annex" votes="70" />
                <Precinct name="Soperton" votes="280" />
            </VoteType>
            <VoteType name="Provisional" votes="2">
                <Precinct name="Annex" votes="0" />
                <Precinct name="Soperton" votes="2" />
            </VoteType>
        </Choice>
        <Choice key="30" text="ALLEN BUCKLEY" totalVotes="64">
            <VoteType name="Election Day" votes="28">
                <Precinct name="Annex" votes="14" />
                <Precinct name="Soperton" votes="14" />
            </VoteType>
            <VoteType name="Absentee by Mail" votes="5">
                <Precinct name="Annex" votes="2" />
                <Precinct name="Soperton" votes="3" />
            </VoteType>
            <VoteType name="Advance in Person" votes="31">
                <Precinct name="Annex" votes="15" />
                <Precinct name="Soperton" votes="16" />
            </VoteType>
            <VoteType name="Provisional" votes="0">
                <Precinct name="Annex" votes="0" />
                <Precinct name="Soperton" votes="0" />
            </VoteType>
        </Choice>
    </Contest>
    <Contest key="30" text="Public Service Commission, District 2 - Eastern" isQuestion="false" precinctsReporting="2" precinctsReported="2">
        <VoteType name="Number of Precincts for Race" votes="2">
            <Precinct name="Annex" votes="1" />
            <Precinct name="Soperton" votes="1" />
        </VoteType>
        <VoteType name="Number of Precincts Reporting" votes="2">
            <Precinct name="Annex" votes="1" />
            <Precinct name="Soperton" votes="1" />
        </VoteType>
        <Choice key="10" text="TIM ECHOLS (I)" totalVotes="1783">
            <VoteType name="Election Day" votes="601">
                <Precinct name="Annex" votes="353" />
                <Precinct name="Soperton" votes="248" />
            </VoteType>
            <VoteType name="Absentee by Mail" votes="116">
                <Precinct name="Annex" votes="55" />
                <Precinct name="Soperton" votes="61" />
            </VoteType>
            <VoteType name="Advance in Person" votes="1063">
                <Precinct name="Annex" votes="671" />
                <Precinct name="Soperton" votes="392" />
            </VoteType>
            <VoteType name="Provisional" votes="3">
                <Precinct name="Annex" votes="0" />
                <Precinct name="Soperton" votes="3" />
            </VoteType>
        </Choice>
        <Choice key="20" text="ERIC HOSKINS" totalVotes="418">
            <VoteType name="Election Day" votes="166">
                <Precinct name="Annex" votes="44" />
                <Precinct name="Soperton" votes="122" />
            </VoteType>
            <VoteType name="Absentee by Mail" votes="32">
                <Precinct name="Annex" votes="6" />
                <Precinct name="Soperton" votes="26" />
            </VoteType>
            <VoteType name="Advance in Person" votes="220">
                <Precinct name="Annex" votes="60" />
                <Precinct name="Soperton" votes="160" />
            </VoteType>
            <VoteType name="Provisional" votes="0">
                <Precinct name="Annex" votes="0" />
                <Precinct name="Soperton" votes="0" />
            </VoteType>
        </Choice>
    </Contest>
    <Contest key="50" text="U.S. Representative, District 12" isQuestion="false" precinctsReporting="2" precinctsReported="2">
        <VoteType name="Number of Precincts for Race" votes="2">
            <Precinct name="Annex" votes="1" />
            <Precinct name="Soperton" votes="1" />
        </VoteType>
        <VoteType name="Number of Precincts Reporting" votes="2">
            <Precinct name="Annex" votes="1" />
            <Precinct name="Soperton" votes="1" />
        </VoteType>
        <Choice key="10" text="RICK ALLEN (I)" totalVotes="1759">
            <VoteType name="Election Day" votes="584">
                <Precinct name="Annex" votes="365" />
                <Precinct name="Soperton" votes="219" />
            </VoteType>
            <VoteType name="Absentee by Mail" votes="110">
                <Precinct name="Annex" votes="57" />
                <Precinct name="Soperton" votes="53" />
            </VoteType>
            <VoteType name="Advance in Person" votes="1064">
                <Precinct name="Annex" votes="700" />
                <Precinct name="Soperton" votes="364" />
            </VoteType>
            <VoteType name="Provisional" votes="1">
                <Precinct name="Annex" votes="0" />
                <Precinct name="Soperton" votes="1" />
            </VoteType>
        </Choice>
        <Choice key="20" text="PATRICIA C. MCCRACKEN" totalVotes="706">
            <VoteType name="Election Day" votes="259">
                <Precinct name="Annex" votes="54" />
                <Precinct name="Soperton" votes="205" />
            </VoteType>
            <VoteType name="Absentee by Mail" votes="49">
                <Precinct name="Annex" votes="6" />
                <Precinct name="Soperton" votes="43" />
            </VoteType>
            <VoteType name="Advance in Person" votes="396">
                <Precinct name="Annex" votes="77" />
                <Precinct name="Soperton" votes="319" />
            </VoteType>
            <VoteType name="Provisional" votes="2">
                <Precinct name="Annex" votes="0" />
                <Precinct name="Soperton" votes="2" />
            </VoteType>
        </Choice>
    </Contest>
    <Contest key="70" text="State Senator, District 19" isQuestion="false" precinctsReporting="2" precinctsReported="2">
        <VoteType name="Number of Precincts for Race" votes="2">
            <Precinct name="Annex" votes="1" />
            <Precinct name="Soperton" votes="1" />
        </VoteType>
        <VoteType name="Number of Precincts Reporting" votes="2">
            <Precinct name="Annex" votes="1" />
            <Precinct name="Soperton" votes="1" />
        </VoteType>
        <Choice key="10" text="BLAKE TILLERY" totalVotes="1976">
            <VoteType name="Election Day" votes="700">
                <Precinct name="Annex" votes="387" />
                <Precinct name="Soperton" votes="313" />
            </VoteType>
            <VoteType name="Absentee by Mail" votes="126">
                <Precinct name="Annex" votes="56" />
                <Precinct name="Soperton" votes="70" />
            </VoteType>
            <VoteType name="Advance in Person" votes="1148">
                <Precinct name="Annex" votes="692" />
                <Precinct name="Soperton" votes="456" />
            </VoteType>
            <VoteType name="Provisional" votes="2">
                <Precinct name="Annex" votes="0" />
                <Precinct name="Soperton" votes="2" />
            </VoteType>
        </Choice>
    </Contest>
    <Contest key="90" text="State Representative, District 150" isQuestion="false" precinctsReporting="2" precinctsReported="2">
        <VoteType name="Number of Precincts for Race" votes="2">
            <Precinct name="Annex" votes="1" />
            <Precinct name="Soperton" votes="1" />
        </VoteType>
        <VoteType name="Number of Precincts Reporting" votes="2">
            <Precinct name="Annex" votes="1" />
            <Precinct name="Soperton" votes="1" />
        </VoteType>
        <Choice key="10" text="MATT HATCHETT (I)" totalVotes="1969">
            <VoteType name="Election Day" votes="694">
                <Precinct name="Annex" votes="378" />
                <Precinct name="Soperton" votes="316" />
            </VoteType>
            <VoteType name="Absentee by Mail" votes="128">
                <Precinct name="Annex" votes="56" />
                <Precinct name="Soperton" votes="72" />
            </VoteType>
            <VoteType name="Advance in Person" votes="1145">
                <Precinct name="Annex" votes="687" />
                <Precinct name="Soperton" votes="458" />
            </VoteType>
            <VoteType name="Provisional" votes="2">
                <Precinct name="Annex" votes="0" />
                <Precinct name="Soperton" votes="2" />
            </VoteType>
        </Choice>
    </Contest>
    <Contest key="110" text="District Attorney, Dublin Circuit" isQuestion="false" precinctsReporting="2" precinctsReported="2">
        <VoteType name="Number of Precincts for Race" votes="2">
            <Precinct name="Annex" votes="1" />
            <Precinct name="Soperton" votes="1" />
        </VoteType>
        <VoteType name="Number of Precincts Reporting" votes="2">
            <Precinct name="Annex" votes="1" />
            <Precinct name="Soperton" votes="1" />
        </VoteType>
        <Choice key="10" text="CRAIG FRASER (I)" totalVotes="2019">
            <VoteType name="Election Day" votes="713">
                <Precinct name="Annex" votes="382" />
                <Precinct name="Soperton" votes="331" />
            </VoteType>
            <VoteType name="Absentee by Mail" votes="125">
                <Precinct name="Annex" votes="55" />
                <Precinct name="Soperton" votes="70" />
            </VoteType>
            <VoteType name="Advance in Person" votes="1179">
                <Precinct name="Annex" votes="702" />
                <Precinct name="Soperton" votes="477" />
            </VoteType>
            <VoteType name="Provisional" votes="2">
                <Precinct name="Annex" votes="0" />
                <Precinct name="Soperton" votes="2" />
            </VoteType>
        </Choice>
    </Contest>
    <Contest key="310" text="Probate Judge" isQuestion="false" precinctsReporting="2" precinctsReported="2">
        <VoteType name="Number of Precincts for Race" votes="2">
            <Precinct name="Annex" votes="1" />
            <Precinct name="Soperton" votes="1" />
        </VoteType>
        <VoteType name="Number of Precincts Reporting" votes="2">
            <Precinct name="Annex" votes="1" />
            <Precinct name="Soperton" votes="1" />
        </VoteType>
        <Choice key="10" text="T. J. HUDSON (I)(D)" totalVotes="2297">
            <VoteType name="Election Day" votes="804">
                <Precinct name="Annex" votes="386" />
                <Precinct name="Soperton" votes="418" />
            </VoteType>
            <VoteType name="Absentee by Mail" votes="131">
                <Precinct name="Annex" votes="53" />
                <Precinct name="Soperton" votes="78" />
            </VoteType>
            <VoteType name="Advance in Person" votes="1359">
                <Precinct name="Annex" votes="690" />
                <Precinct name="Soperton" votes="669" />
            </VoteType>
            <VoteType name="Provisional" votes="3">
                <Precinct name="Annex" votes="0" />
                <Precinct name="Soperton" votes="3" />
            </VoteType>
        </Choice>
    </Contest>
    <Contest key="330" text="Superior Court Clerk" isQuestion="false" precinctsReporting="2" precinctsReported="2">
        <VoteType name="Number of Precincts for Race" votes="2">
            <Precinct name="Annex" votes="1" />
            <Precinct name="Soperton" votes="1" />
        </VoteType>
        <VoteType name="Number of Precincts Reporting" votes="2">
            <Precinct name="Annex" votes="1" />
            <Precinct name="Soperton" votes="1" />
        </VoteType>
        <Choice key="10" text="C. SUMNER (I)(D)" totalVotes="2295">
            <VoteType name="Election Day" votes="804">
                <Precinct name="Annex" votes="388" />
                <Precinct name="Soperton" votes="416" />
            </VoteType>
            <VoteType name="Absentee by Mail" votes="136">
                <Precinct name="Annex" votes="54" />
                <Precinct name="Soperton" votes="82" />
            </VoteType>
            <VoteType name="Advance in Person" votes="1352">
                <Precinct name="Annex" votes="695" />
                <Precinct name="Soperton" votes="657" />
            </VoteType>
            <VoteType name="Provisional" votes="3">
                <Precinct name="Annex" votes="0" />
                <Precinct name="Soperton" votes="3" />
            </VoteType>
        </Choice>
    </Contest>
    <Contest key="350" text="Sheriff" isQuestion="false" precinctsReporting="2" precinctsReported="2">
        <VoteType name="Number of Precincts for Race" votes="2">
            <Precinct name="Annex" votes="1" />
            <Precinct name="Soperton" votes="1" />
        </VoteType>
        <VoteType name="Number of Precincts Reporting" votes="2">
            <Precinct name="Annex" votes="1" />
            <Precinct name="Soperton" votes="1" />
        </VoteType>
        <Choice key="10" text="T. CORBIN (I)(D)" totalVotes="2172">
            <VoteType name="Election Day" votes="761">
                <Precinct name="Annex" votes="387" />
                <Precinct name="Soperton" votes="374" />
            </VoteType>
            <VoteType name="Absentee by Mail" votes="132">
                <Precinct name="Annex" votes="50" />
                <Precinct name="Soperton" votes="82" />
            </VoteType>
            <VoteType name="Advance in Person" votes="1276">
                <Precinct name="Annex" votes="663" />
                <Precinct name="Soperton" votes="613" />
            </VoteType>
            <VoteType name="Provisional" votes="3">
                <Precinct name="Annex" votes="0" />
                <Precinct name="Soperton" votes="3" />
            </VoteType>
        </Choice>
    </Contest>
    <Contest key="370" text="Tax Commissioner" isQuestion="false" precinctsReporting="2" precinctsReported="2">
        <VoteType name="Number of Precincts for Race" votes="2">
            <Precinct name="Annex" votes="1" />
            <Precinct name="Soperton" votes="1" />
        </VoteType>
        <VoteType name="Number of Precincts Reporting" votes="2">
            <Precinct name="Annex" votes="1" />
            <Precinct name="Soperton" votes="1" />
        </VoteType>
        <Choice key="10" text="P. S. WHEELER (D)" totalVotes="2262">
            <VoteType name="Election Day" votes="787">
                <Precinct name="Annex" votes="384" />
                <Precinct name="Soperton" votes="403" />
            </VoteType>
            <VoteType name="Absentee by Mail" votes="137">
                <Precinct name="Annex" votes="55" />
                <Precinct name="Soperton" votes="82" />
            </VoteType>
            <VoteType name="Advance in Person" votes="1335">
                <Precinct name="Annex" votes="685" />
                <Precinct name="Soperton" votes="650" />
            </VoteType>
            <VoteType name="Provisional" votes="3">
                <Precinct name="Annex" votes="0" />
                <Precinct name="Soperton" votes="3" />
            </VoteType>
        </Choice>
    </Contest>
    <Contest key="390" text="Coroner" isQuestion="false" precinctsReporting="2" precinctsReported="2">
        <VoteType name="Number of Precincts for Race" votes="2">
            <Precinct name="Annex" votes="1" />
            <Precinct name="Soperton" votes="1" />
        </VoteType>
        <VoteType name="Number of Precincts Reporting" votes="2">
            <Precinct name="Annex" votes="1" />
            <Precinct name="Soperton" votes="1" />
        </VoteType>
        <Choice key="10" text="G. HIGGS (I)(D)" totalVotes="2223">
            <VoteType name="Election Day" votes="776">
                <Precinct name="Annex" votes="382" />
                <Precinct name="Soperton" votes="394" />
            </VoteType>
            <VoteType name="Absentee by Mail" votes="137">
                <Precinct name="Annex" votes="55" />
                <Precinct name="Soperton" votes="82" />
            </VoteType>
            <VoteType name="Advance in Person" votes="1307">
                <Precinct name="Annex" votes="680" />
                <Precinct name="Soperton" votes="627" />
            </VoteType>
            <VoteType name="Provisional" votes="3">
                <Precinct name="Annex" votes="0" />
                <Precinct name="Soperton" votes="3" />
            </VoteType>
        </Choice>
    </Contest>
    <Contest key="410" text="County Comm 1" isQuestion="false" precinctsReporting="2" precinctsReported="2">
        <VoteType name="Number of Precincts for Race" votes="2">
            <Precinct name="Annex" votes="1" />
            <Precinct name="Soperton" votes="1" />
        </VoteType>
        <VoteType name="Number of Precincts Reporting" votes="2">
            <Precinct name="Annex" votes="1" />
            <Precinct name="Soperton" votes="1" />
        </VoteType>
        <Choice key="10" text="C. HOLLIS (D)" totalVotes="396">
            <VoteType name="Election Day" votes="129">
                <Precinct name="Annex" votes="16" />
                <Precinct name="Soperton" votes="113" />
            </VoteType>
            <VoteType name="Absentee by Mail" votes="36">
                <Precinct name="Annex" votes="2" />
                <Precinct name="Soperton" votes="34" />
            </VoteType>
            <VoteType name="Advance in Person" votes="229">
                <Precinct name="Annex" votes="26" />
                <Precinct name="Soperton" votes="203" />
            </VoteType>
            <VoteType name="Provisional" votes="2">
                <Precinct name="Annex" votes="0" />
                <Precinct name="Soperton" votes="2" />
            </VoteType>
        </Choice>
    </Contest>
    <Contest key="420" text="County Comm 3" isQuestion="false" precinctsReporting="2" precinctsReported="2">
        <VoteType name="Number of Precincts for Race" votes="2">
            <Precinct name="Annex" votes="1" />
            <Precinct name="Soperton" votes="1" />
        </VoteType>
        <VoteType name="Number of Precincts Reporting" votes="2">
            <Precinct name="Annex" votes="1" />
            <Precinct name="Soperton" votes="1" />
        </VoteType>
        <Choice key="10" text="L. W. HOOKS (R)" totalVotes="341">
            <VoteType name="Election Day" votes="108">
                <Precinct name="Annex" votes="108" />
                <Precinct name="Soperton" votes="0" />
            </VoteType>
            <VoteType name="Absentee by Mail" votes="14">
                <Precinct name="Annex" votes="14" />
                <Precinct name="Soperton" votes="0" />
            </VoteType>
            <VoteType name="Advance in Person" votes="219">
                <Precinct name="Annex" votes="218" />
                <Precinct name="Soperton" votes="1" />
            </VoteType>
            <VoteType name="Provisional" votes="0">
                <Precinct name="Annex" votes="0" />
                <Precinct name="Soperton" votes="0" />
            </VoteType>
        </Choice>
        <Choice key="20" text="A. WHEELER (I)(D)" totalVotes="268">
            <VoteType name="Election Day" votes="95">
                <Precinct name="Annex" votes="95" />
                <Precinct name="Soperton" votes="0" />
            </VoteType>
            <VoteType name="Absentee by Mail" votes="20">
                <Precinct name="Annex" votes="20" />
                <Precinct name="Soperton" votes="0" />
            </VoteType>
            <VoteType name="Advance in Person" votes="153">
                <Precinct name="Annex" votes="153" />
                <Precinct name="Soperton" votes="0" />
            </VoteType>
            <VoteType name="Provisional" votes="0">
                <Precinct name="Annex" votes="0" />
                <Precinct name="Soperton" votes="0" />
            </VoteType>
        </Choice>
    </Contest>
    <Contest key="440" text="County Comm 4" isQuestion="false" precinctsReporting="2" precinctsReported="2">
        <VoteType name="Number of Precincts for Race" votes="2">
            <Precinct name="Annex" votes="1" />
            <Precinct name="Soperton" votes="1" />
        </VoteType>
        <VoteType name="Number of Precincts Reporting" votes="2">
            <Precinct name="Annex" votes="1" />
            <Precinct name="Soperton" votes="1" />
        </VoteType>
        <Choice key="10" text="J. POWELL (R)" totalVotes="238">
            <VoteType name="Election Day" votes="88">
                <Precinct name="Annex" votes="85" />
                <Precinct name="Soperton" votes="3" />
            </VoteType>
            <VoteType name="Absentee by Mail" votes="12">
                <Precinct name="Annex" votes="7" />
                <Precinct name="Soperton" votes="5" />
            </VoteType>
            <VoteType name="Advance in Person" votes="138">
                <Precinct name="Annex" votes="134" />
                <Precinct name="Soperton" votes="4" />
            </VoteType>
            <VoteType name="Provisional" votes="0">
                <Precinct name="Annex" votes="0" />
                <Precinct name="Soperton" votes="0" />
            </VoteType>
        </Choice>
        <Choice key="20" text="M. EDENFIELD (D)" totalVotes="280">
            <VoteType name="Election Day" votes="76">
                <Precinct name="Annex" votes="73" />
                <Precinct name="Soperton" votes="3" />
            </VoteType>
            <VoteType name="Absentee by Mail" votes="10">
                <Precinct name="Annex" votes="10" />
                <Precinct name="Soperton" votes="0" />
            </VoteType>
            <VoteType name="Advance in Person" votes="194">
                <Precinct name="Annex" votes="181" />
                <Precinct name="Soperton" votes="13" />
            </VoteType>
            <VoteType name="Provisional" votes="0">
                <Precinct name="Annex" votes="0" />
                <Precinct name="Soperton" votes="0" />
            </VoteType>
        </Choice>
    </Contest>
    <Contest key="490" text="BOE 1" isQuestion="false" precinctsReporting="2" precinctsReported="2">
        <VoteType name="Number of Precincts for Race" votes="2">
            <Precinct name="Annex" votes="1" />
            <Precinct name="Soperton" votes="1" />
        </VoteType>
        <VoteType name="Number of Precincts Reporting" votes="2">
            <Precinct name="Annex" votes="1" />
            <Precinct name="Soperton" votes="1" />
        </VoteType>
        <Choice key="10" text="T. BANES (D)" totalVotes="402">
            <VoteType name="Election Day" votes="124">
                <Precinct name="Annex" votes="16" />
                <Precinct name="Soperton" votes="108" />
            </VoteType>
            <VoteType name="Absentee by Mail" votes="36">
                <Precinct name="Annex" votes="2" />
                <Precinct name="Soperton" votes="34" />
            </VoteType>
            <VoteType name="Advance in Person" votes="240">
                <Precinct name="Annex" votes="26" />
                <Precinct name="Soperton" votes="214" />
            </VoteType>
            <VoteType name="Provisional" votes="2">
                <Precinct name="Annex" votes="0" />
                <Precinct name="Soperton" votes="2" />
            </VoteType>
        </Choice>
    </Contest>
    <Contest key="510" text="BOE 2" isQuestion="false" precinctsReporting="2" precinctsReported="2">
        <VoteType name="Number of Precincts for Race" votes="2">
            <Precinct name="Annex" votes="1" />
            <Precinct name="Soperton" votes="1" />
        </VoteType>
        <VoteType name="Number of Precincts Reporting" votes="2">
            <Precinct name="Annex" votes="1" />
            <Precinct name="Soperton" votes="1" />
        </VoteType>
        <Choice key="10" text="J. KELLY (D)" totalVotes="429">
            <VoteType name="Election Day" votes="157">
                <Precinct name="Annex" votes="20" />
                <Precinct name="Soperton" votes="137" />
            </VoteType>
            <VoteType name="Absentee by Mail" votes="28">
                <Precinct name="Annex" votes="2" />
                <Precinct name="Soperton" votes="26" />
            </VoteType>
            <VoteType name="Advance in Person" votes="244">
                <Precinct name="Annex" votes="30" />
                <Precinct name="Soperton" votes="214" />
            </VoteType>
            <VoteType name="Provisional" votes="0">
                <Precinct name="Annex" votes="0" />
                <Precinct name="Soperton" votes="0" />
            </VoteType>
        </Choice>
    </Contest>
    <Contest key="530" text="BOE 4" isQuestion="false" precinctsReporting="2" precinctsReported="2">
        <VoteType name="Number of Precincts for Race" votes="2">
            <Precinct name="Annex" votes="1" />
            <Precinct name="Soperton" votes="1" />
        </VoteType>
        <VoteType name="Number of Precincts Reporting" votes="2">
            <Precinct name="Annex" votes="1" />
            <Precinct name="Soperton" votes="1" />
        </VoteType>
        <Choice key="10" text="J. HUTCHESON (I)(D)" totalVotes="423">
            <VoteType name="Election Day" votes="139">
                <Precinct name="Annex" votes="133" />
                <Precinct name="Soperton" votes="6" />
            </VoteType>
            <VoteType name="Absentee by Mail" votes="16">
                <Precinct name="Annex" votes="12" />
                <Precinct name="Soperton" votes="4" />
            </VoteType>
            <VoteType name="Advance in Person" votes="268">
                <Precinct name="Annex" votes="252" />
                <Precinct name="Soperton" votes="16" />
            </VoteType>
            <VoteType name="Provisional" votes="0">
                <Precinct name="Annex" votes="0" />
                <Precinct name="Soperton" votes="0" />
            </VoteType>
        </Choice>
    </Contest>
    <Contest key="600" text="Constitutional Amendment #1&lt;br&gt;Provides greater flexibility and state accountability to fix failing schools through increasing community involvement." isQuestion="false" precinctsReporting="2" precinctsReported="2">
        <VoteType name="Number of Precincts for Race" votes="2">
            <Precinct name="Annex" votes="1" />
            <Precinct name="Soperton" votes="1" />
        </VoteType>
        <VoteType name="Number of Precincts Reporting" votes="2">
            <Precinct name="Annex" votes="1" />
            <Precinct name="Soperton" votes="1" />
        </VoteType>
        <Choice key="10" text="YES" totalVotes="872">
            <VoteType name="Election Day" votes="289">
                <Precinct name="Annex" votes="135" />
                <Precinct name="Soperton" votes="154" />
            </VoteType>
            <VoteType name="Absentee by Mail" votes="59">
                <Precinct name="Annex" votes="18" />
                <Precinct name="Soperton" votes="41" />
            </VoteType>
            <VoteType name="Advance in Person" votes="523">
                <Precinct name="Annex" votes="249" />
                <Precinct name="Soperton" votes="274" />
            </VoteType>
            <VoteType name="Provisional" votes="1">
                <Precinct name="Annex" votes="0" />
                <Precinct name="Soperton" votes="1" />
            </VoteType>
        </Choice>
        <Choice key="20" text="NO" totalVotes="1635">
            <VoteType name="Election Day" votes="575">
                <Precinct name="Annex" votes="295" />
                <Precinct name="Soperton" votes="280" />
            </VoteType>
            <VoteType name="Absentee by Mail" votes="96">
                <Precinct name="Annex" votes="43" />
                <Precinct name="Soperton" votes="53" />
            </VoteType>
            <VoteType name="Advance in Person" votes="962">
                <Precinct name="Annex" votes="545" />
                <Precinct name="Soperton" votes="417" />
            </VoteType>
            <VoteType name="Provisional" votes="2">
                <Precinct name="Annex" votes="0" />
                <Precinct name="Soperton" votes="2" />
            </VoteType>
        </Choice>
    </Contest>
    <Contest key="610" text="Constitutional Amendment #2&lt;br&gt;Authorizes penalties for sexual exploitation and assessments on adult entertainment to fund child victims' services." isQuestion="false" precinctsReporting="2" precinctsReported="2">
        <VoteType name="Number of Precincts for Race" votes="2">
            <Precinct name="Annex" votes="1" />
            <Precinct name="Soperton" votes="1" />
        </VoteType>
        <VoteType name="Number of Precincts Reporting" votes="2">
            <Precinct name="Annex" votes="1" />
            <Precinct name="Soperton" votes="1" />
        </VoteType>
        <Choice key="10" text="YES" totalVotes="1964">
            <VoteType name="Election Day" votes="665">
                <Precinct name="Annex" votes="339" />
                <Precinct name="Soperton" votes="326" />
            </VoteType>
            <VoteType name="Absentee by Mail" votes="137">
                <Precinct name="Annex" votes="55" />
                <Precinct name="Soperton" votes="82" />
            </VoteType>
            <VoteType name="Advance in Person" votes="1160">
                <Precinct name="Annex" votes="620" />
                <Precinct name="Soperton" votes="540" />
            </VoteType>
            <VoteType name="Provisional" votes="2">
                <Precinct name="Annex" votes="0" />
                <Precinct name="Soperton" votes="2" />
            </VoteType>
        </Choice>
        <Choice key="20" text="NO" totalVotes="487">
            <VoteType name="Election Day" votes="184">
                <Precinct name="Annex" votes="84" />
                <Precinct name="Soperton" votes="100" />
            </VoteType>
            <VoteType name="Absentee by Mail" votes="18">
                <Precinct name="Annex" votes="7" />
                <Precinct name="Soperton" votes="11" />
            </VoteType>
            <VoteType name="Advance in Person" votes="284">
                <Precinct name="Annex" votes="146" />
                <Precinct name="Soperton" votes="138" />
            </VoteType>
            <VoteType name="Provisional" votes="1">
                <Precinct name="Annex" votes="0" />
                <Precinct name="Soperton" votes="1" />
            </VoteType>
        </Choice>
    </Contest>
    <Contest key="620" text="Constitutional Amendment #3&lt;br&gt;Reforms and re-establishes the Judicial Qualifications Commission and provides for its composition, governance, and powers." isQuestion="false" precinctsReporting="2" precinctsReported="2">
        <VoteType name="Number of Precincts for Race" votes="2">
            <Precinct name="Annex" votes="1" />
            <Precinct name="Soperton" votes="1" />
        </VoteType>
        <VoteType name="Number of Precincts Reporting" votes="2">
            <Precinct name="Annex" votes="1" />
            <Precinct name="Soperton" votes="1" />
        </VoteType>
        <Choice key="10" text="YES" totalVotes="1362">
            <VoteType name="Election Day" votes="474">
                <Precinct name="Annex" votes="223" />
                <Precinct name="Soperton" votes="251" />
            </VoteType>
            <VoteType name="Absentee by Mail" votes="101">
                <Precinct name="Annex" votes="40" />
                <Precinct name="Soperton" votes="61" />
            </VoteType>
            <VoteType name="Advance in Person" votes="785">
                <Precinct name="Annex" votes="410" />
                <Precinct name="Soperton" votes="375" />
            </VoteType>
            <VoteType name="Provisional" votes="2">
                <Precinct name="Annex" votes="0" />
                <Precinct name="Soperton" votes="2" />
            </VoteType>
        </Choice>
        <Choice key="20" text="NO" totalVotes="924">
            <VoteType name="Election Day" votes="328">
                <Precinct name="Annex" votes="176" />
                <Precinct name="Soperton" votes="152" />
            </VoteType>
            <VoteType name="Absentee by Mail" votes="45">
                <Precinct name="Annex" votes="18" />
                <Precinct name="Soperton" votes="27" />
            </VoteType>
            <VoteType name="Advance in Person" votes="550">
                <Precinct name="Annex" votes="297" />
                <Precinct name="Soperton" votes="253" />
            </VoteType>
            <VoteType name="Provisional" votes="1">
                <Precinct name="Annex" votes="0" />
                <Precinct name="Soperton" votes="1" />
            </VoteType>
        </Choice>
    </Contest>
    <Contest key="630" text="Constitutional Amendment #4&lt;br&gt;Dedicates revenue from existing taxes on fireworks to trauma care, fire services, and public safety." isQuestion="false" precinctsReporting="2" precinctsReported="2">
        <VoteType name="Number of Precincts for Race" votes="2">
            <Precinct name="Annex" votes="1" />
            <Precinct name="Soperton" votes="1" />
        </VoteType>
        <VoteType name="Number of Precincts Reporting" votes="2">
            <Precinct name="Annex" votes="1" />
            <Precinct name="Soperton" votes="1" />
        </VoteType>
        <Choice key="10" text="YES" totalVotes="1757">
            <VoteType name="Election Day" votes="598">
                <Precinct name="Annex" votes="306" />
                <Precinct name="Soperton" votes="292" />
            </VoteType>
            <VoteType name="Absentee by Mail" votes="126">
                <Precinct name="Annex" votes="50" />
                <Precinct name="Soperton" votes="76" />
            </VoteType>
            <VoteType name="Advance in Person" votes="1031">
                <Precinct name="Annex" votes="556" />
                <Precinct name="Soperton" votes="475" />
            </VoteType>
            <VoteType name="Provisional" votes="2">
                <Precinct name="Annex" votes="0" />
                <Precinct name="Soperton" votes="2" />
            </VoteType>
        </Choice>
        <Choice key="20" text="NO" totalVotes="616">
            <VoteType name="Election Day" votes="232">
                <Precinct name="Annex" votes="111" />
                <Precinct name="Soperton" votes="121" />
            </VoteType>
            <VoteType name="Absentee by Mail" votes="27">
                <Precinct name="Annex" votes="10" />
                <Precinct name="Soperton" votes="17" />
            </VoteType>
            <VoteType name="Advance in Person" votes="356">
                <Precinct name="Annex" votes="176" />
                <Precinct name="Soperton" votes="180" />
            </VoteType>
            <VoteType name="Provisional" votes="1">
                <Precinct name="Annex" votes="0" />
                <Precinct name="Soperton" votes="1" />
            </VoteType>
        </Choice>
    </Contest>
    <Contest key="700" text="Special - County Comm 2" isQuestion="false" precinctsReporting="2" precinctsReported="2">
        <VoteType name="Number of Precincts for Race" votes="2">
            <Precinct name="Annex" votes="1" />
            <Precinct name="Soperton" votes="1" />
        </VoteType>
        <VoteType name="Number of Precincts Reporting" votes="2">
            <Precinct name="Annex" votes="1" />
            <Precinct name="Soperton" votes="1" />
        </VoteType>
        <Choice key="10" text="C. BRANTLEY (R)" totalVotes="139">
            <VoteType name="Election Day" votes="51">
                <Precinct name="Annex" votes="3" />
                <Precinct name="Soperton" votes="48" />
            </VoteType>
            <VoteType name="Absentee by Mail" votes="9">
                <Precinct name="Annex" votes="0" />
                <Precinct name="Soperton" votes="9" />
            </VoteType>
            <VoteType name="Advance in Person" votes="79">
                <Precinct name="Annex" votes="3" />
                <Precinct name="Soperton" votes="76" />
            </VoteType>
            <VoteType name="Provisional" votes="0">
                <Precinct name="Annex" votes="0" />
                <Precinct name="Soperton" votes="0" />
            </VoteType>
        </Choice>
        <Choice key="20" text="B. RIVERS (R)" totalVotes="139">
            <VoteType name="Election Day" votes="42">
                <Precinct name="Annex" votes="11" />
                <Precinct name="Soperton" votes="31" />
            </VoteType>
            <VoteType name="Absentee by Mail" votes="16">
                <Precinct name="Annex" votes="4" />
                <Precinct name="Soperton" votes="12" />
            </VoteType>
            <VoteType name="Advance in Person" votes="81">
                <Precinct name="Annex" votes="25" />
                <Precinct name="Soperton" votes="56" />
            </VoteType>
            <VoteType name="Provisional" votes="0">
                <Precinct name="Annex" votes="0" />
                <Precinct name="Soperton" votes="0" />
            </VoteType>
        </Choice>
        <Choice key="30" text="K. STRICKLAND (D)" totalVotes="92">
            <VoteType name="Election Day" votes="29">
                <Precinct name="Annex" votes="7" />
                <Precinct name="Soperton" votes="22" />
            </VoteType>
            <VoteType name="Absentee by Mail" votes="5">
                <Precinct name="Annex" votes="0" />
                <Precinct name="Soperton" votes="5" />
            </VoteType>
            <VoteType name="Advance in Person" votes="58">
                <Precinct name="Annex" votes="11" />
                <Precinct name="Soperton" votes="47" />
            </VoteType>
            <VoteType name="Provisional" votes="0">
                <Precinct name="Annex" votes="0" />
                <Precinct name="Soperton" votes="0" />
            </VoteType>
        </Choice>
        <Choice key="40" text="R. TUCKER (R)" totalVotes="135">
            <VoteType name="Election Day" votes="54">
                <Precinct name="Annex" votes="1" />
                <Precinct name="Soperton" votes="53" />
            </VoteType>
            <VoteType name="Absentee by Mail" votes="13">
                <Precinct name="Annex" votes="0" />
                <Precinct name="Soperton" votes="13" />
            </VoteType>
            <VoteType name="Advance in Person" votes="68">
                <Precinct name="Annex" votes="0" />
                <Precinct name="Soperton" votes="68" />
            </VoteType>
            <VoteType name="Provisional" votes="0">
                <Precinct name="Annex" votes="0" />
                <Precinct name="Soperton" votes="0" />
            </VoteType>
        </Choice>
    </Contest>
</ElectionResult>