<?xml version="1.0"?>
<!--Election result snapshot imported from Tabulation System
-->
<ElectionResult>
    <Timestamp>11/14/2016 5:29:36 PM EST</Timestamp>
    <ElectionName>November 8, 2016 - General Election</ElectionName>
    <ElectionDate>11/8/2016</ElectionDate>
    <Region>Bleckley</Region>
    <VoterTurnout totalVoters="6162" ballotsCast="5018" voterTurnout="81.43">
        <Precincts>
            <Precinct name="FAIRGROUND" totalVoters="6162" ballotsCast="5018" voterTurnout="81.43" percentReporting="4" />
        </Precincts>
    </VoterTurnout>
    <Contest key="5" text="President of the United States" isQuestion="false" precinctsReporting="1" precinctsReported="1">
        <VoteType name="Number of Precincts for Race" votes="1">
            <Precinct name="FAIRGROUND" votes="1" />
        </VoteType>
        <VoteType name="Number of Precincts Reporting" votes="1">
            <Precinct name="FAIRGROUND" votes="1" />
        </VoteType>
        <Choice key="10" text="DONALD J. TRUMP" totalVotes="3719">
            <VoteType name="Election Day" votes="1505">
                <Precinct name="FAIRGROUND" votes="1505" />
            </VoteType>
            <VoteType name="Absentee by Mail" votes="136">
                <Precinct name="FAIRGROUND" votes="136" />
            </VoteType>
            <VoteType name="Advance in Person" votes="2076">
                <Precinct name="FAIRGROUND" votes="2076" />
            </VoteType>
            <VoteType name="Provisional" votes="2">
                <Precinct name="FAIRGROUND" votes="2" />
            </VoteType>
        </Choice>
        <Choice key="20" text="HILLARY CLINTON" totalVotes="1101">
            <VoteType name="Election Day" votes="479">
                <Precinct name="FAIRGROUND" votes="479" />
            </VoteType>
            <VoteType name="Absentee by Mail" votes="113">
                <Precinct name="FAIRGROUND" votes="113" />
            </VoteType>
            <VoteType name="Advance in Person" votes="502">
                <Precinct name="FAIRGROUND" votes="502" />
            </VoteType>
            <VoteType name="Provisional" votes="7">
                <Precinct name="FAIRGROUND" votes="7" />
            </VoteType>
        </Choice>
        <Choice key="30" text="GARY JOHNSON" totalVotes="123">
            <VoteType name="Election Day" votes="56">
                <Precinct name="FAIRGROUND" votes="56" />
            </VoteType>
            <VoteType name="Absentee by Mail" votes="1">
                <Precinct name="FAIRGROUND" votes="1" />
            </VoteType>
            <VoteType name="Advance in Person" votes="66">
                <Precinct name="FAIRGROUND" votes="66" />
            </VoteType>
            <VoteType name="Provisional" votes="0">
                <Precinct name="FAIRGROUND" votes="0" />
            </VoteType>
        </Choice>
    </Contest>
    <Contest key="10" text="United States Senator, Isakson" isQuestion="false" precinctsReporting="1" precinctsReported="1">
        <VoteType name="Number of Precincts for Race" votes="1">
            <Precinct name="FAIRGROUND" votes="1" />
        </VoteType>
        <VoteType name="Number of Precincts Reporting" votes="1">
            <Precinct name="FAIRGROUND" votes="1" />
        </VoteType>
        <Choice key="10" text="JOHNNY ISAKSON (I)" totalVotes="3698">
            <VoteType name="Election Day" votes="1518">
                <Precinct name="FAIRGROUND" votes="1518" />
            </VoteType>
            <VoteType name="Absentee by Mail" votes="133">
                <Precinct name="FAIRGROUND" votes="133" />
            </VoteType>
            <VoteType name="Advance in Person" votes="2045">
                <Precinct name="FAIRGROUND" votes="2045" />
            </VoteType>
            <VoteType name="Provisional" votes="2">
                <Precinct name="FAIRGROUND" votes="2" />
            </VoteType>
        </Choice>
        <Choice key="20" text="JIM BARKSDALE" totalVotes="923">
            <VoteType name="Election Day" votes="403">
                <Precinct name="FAIRGROUND" votes="403" />
            </VoteType>
            <VoteType name="Absentee by Mail" votes="104">
                <Precinct name="FAIRGROUND" votes="104" />
            </VoteType>
            <VoteType name="Advance in Person" votes="410">
                <Precinct name="FAIRGROUND" votes="410" />
            </VoteType>
            <VoteType name="Provisional" votes="6">
                <Precinct name="FAIRGROUND" votes="6" />
            </VoteType>
        </Choice>
        <Choice key="30" text="ALLEN BUCKLEY" totalVotes="147">
            <VoteType name="Election Day" votes="58">
                <Precinct name="FAIRGROUND" votes="58" />
            </VoteType>
            <VoteType name="Absentee by Mail" votes="8">
                <Precinct name="FAIRGROUND" votes="8" />
            </VoteType>
            <VoteType name="Advance in Person" votes="81">
                <Precinct name="FAIRGROUND" votes="81" />
            </VoteType>
            <VoteType name="Provisional" votes="0">
                <Precinct name="FAIRGROUND" votes="0" />
            </VoteType>
        </Choice>
    </Contest>
    <Contest key="30" text="Public Service Commission, District 2 - Eastern" isQuestion="false" precinctsReporting="1" precinctsReported="1">
        <VoteType name="Number of Precincts for Race" votes="1">
            <Precinct name="FAIRGROUND" votes="1" />
        </VoteType>
        <VoteType name="Number of Precincts Reporting" votes="1">
            <Precinct name="FAIRGROUND" votes="1" />
        </VoteType>
        <Choice key="10" text="TIM ECHOLS (I)" totalVotes="3708">
            <VoteType name="Election Day" votes="1514">
                <Precinct name="FAIRGROUND" votes="1514" />
            </VoteType>
            <VoteType name="Absentee by Mail" votes="136">
                <Precinct name="FAIRGROUND" votes="136" />
            </VoteType>
            <VoteType name="Advance in Person" votes="2054">
                <Precinct name="FAIRGROUND" votes="2054" />
            </VoteType>
            <VoteType name="Provisional" votes="4">
                <Precinct name="FAIRGROUND" votes="4" />
            </VoteType>
        </Choice>
        <Choice key="20" text="ERIC HOSKINS" totalVotes="724">
            <VoteType name="Election Day" votes="336">
                <Precinct name="FAIRGROUND" votes="336" />
            </VoteType>
            <VoteType name="Absentee by Mail" votes="44">
                <Precinct name="FAIRGROUND" votes="44" />
            </VoteType>
            <VoteType name="Advance in Person" votes="342">
                <Precinct name="FAIRGROUND" votes="342" />
            </VoteType>
            <VoteType name="Provisional" votes="2">
                <Precinct name="FAIRGROUND" votes="2" />
            </VoteType>
        </Choice>
    </Contest>
    <Contest key="50" text="U.S. Representative, District 8" isQuestion="false" precinctsReporting="1" precinctsReported="1">
        <VoteType name="Number of Precincts for Race" votes="1">
            <Precinct name="FAIRGROUND" votes="1" />
        </VoteType>
        <VoteType name="Number of Precincts Reporting" votes="1">
            <Precinct name="FAIRGROUND" votes="1" />
        </VoteType>
        <Choice key="10" text="AUSTIN SCOTT (I)" totalVotes="3829">
            <VoteType name="Election Day" votes="1551">
                <Precinct name="FAIRGROUND" votes="1551" />
            </VoteType>
            <VoteType name="Absentee by Mail" votes="140">
                <Precinct name="FAIRGROUND" votes="140" />
            </VoteType>
            <VoteType name="Advance in Person" votes="2135">
                <Precinct name="FAIRGROUND" votes="2135" />
            </VoteType>
            <VoteType name="Provisional" votes="3">
                <Precinct name="FAIRGROUND" votes="3" />
            </VoteType>
        </Choice>
        <Choice key="20" text="JAMES NEAL HARRIS" totalVotes="1014">
            <VoteType name="Election Day" votes="446">
                <Precinct name="FAIRGROUND" votes="446" />
            </VoteType>
            <VoteType name="Absentee by Mail" votes="104">
                <Precinct name="FAIRGROUND" votes="104" />
            </VoteType>
            <VoteType name="Advance in Person" votes="460">
                <Precinct name="FAIRGROUND" votes="460" />
            </VoteType>
            <VoteType name="Provisional" votes="4">
                <Precinct name="FAIRGROUND" votes="4" />
            </VoteType>
        </Choice>
    </Contest>
    <Contest key="70" text="State Senator, District 20" isQuestion="false" precinctsReporting="1" precinctsReported="1">
        <VoteType name="Number of Precincts for Race" votes="1">
            <Precinct name="FAIRGROUND" votes="1" />
        </VoteType>
        <VoteType name="Number of Precincts Reporting" votes="1">
            <Precinct name="FAIRGROUND" votes="1" />
        </VoteType>
        <Choice key="10" text="LARRY WALKER (I) (REP)" totalVotes="4186">
            <VoteType name="Election Day" votes="1752">
                <Precinct name="FAIRGROUND" votes="1752" />
            </VoteType>
            <VoteType name="Absentee by Mail" votes="165">
                <Precinct name="FAIRGROUND" votes="165" />
            </VoteType>
            <VoteType name="Advance in Person" votes="2263">
                <Precinct name="FAIRGROUND" votes="2263" />
            </VoteType>
            <VoteType name="Provisional" votes="6">
                <Precinct name="FAIRGROUND" votes="6" />
            </VoteType>
        </Choice>
    </Contest>
    <Contest key="90" text="State Representative, District 144" isQuestion="false" precinctsReporting="1" precinctsReported="1">
        <VoteType name="Number of Precincts for Race" votes="1">
            <Precinct name="FAIRGROUND" votes="1" />
        </VoteType>
        <VoteType name="Number of Precincts Reporting" votes="1">
            <Precinct name="FAIRGROUND" votes="1" />
        </VoteType>
        <Choice key="10" text="JAMES BUBBER EPPS (I)" totalVotes="3854">
            <VoteType name="Election Day" votes="1570">
                <Precinct name="FAIRGROUND" votes="1570" />
            </VoteType>
            <VoteType name="Absentee by Mail" votes="137">
                <Precinct name="FAIRGROUND" votes="137" />
            </VoteType>
            <VoteType name="Advance in Person" votes="2145">
                <Precinct name="FAIRGROUND" votes="2145" />
            </VoteType>
            <VoteType name="Provisional" votes="2">
                <Precinct name="FAIRGROUND" votes="2" />
            </VoteType>
        </Choice>
        <Choice key="20" text="JOYCE DENSON" totalVotes="983">
            <VoteType name="Election Day" votes="429">
                <Precinct name="FAIRGROUND" votes="429" />
            </VoteType>
            <VoteType name="Absentee by Mail" votes="107">
                <Precinct name="FAIRGROUND" votes="107" />
            </VoteType>
            <VoteType name="Advance in Person" votes="442">
                <Precinct name="FAIRGROUND" votes="442" />
            </VoteType>
            <VoteType name="Provisional" votes="5">
                <Precinct name="FAIRGROUND" votes="5" />
            </VoteType>
        </Choice>
    </Contest>
    <Contest key="120" text="District Attorney, Oconee Circuit" isQuestion="false" precinctsReporting="1" precinctsReported="1">
        <VoteType name="Number of Precincts for Race" votes="1">
            <Precinct name="FAIRGROUND" votes="1" />
        </VoteType>
        <VoteType name="Number of Precincts Reporting" votes="1">
            <Precinct name="FAIRGROUND" votes="1" />
        </VoteType>
        <Choice key="10" text="TIMOTHY G. VAUGHN (I) (DEM)" totalVotes="3796">
            <VoteType name="Election Day" votes="1611">
                <Precinct name="FAIRGROUND" votes="1611" />
            </VoteType>
            <VoteType name="Absentee by Mail" votes="183">
                <Precinct name="FAIRGROUND" votes="183" />
            </VoteType>
            <VoteType name="Advance in Person" votes="1995">
                <Precinct name="FAIRGROUND" votes="1995" />
            </VoteType>
            <VoteType name="Provisional" votes="7">
                <Precinct name="FAIRGROUND" votes="7" />
            </VoteType>
        </Choice>
    </Contest>
    <Contest key="130" text="JUDGE PROBATE CT" isQuestion="false" precinctsReporting="1" precinctsReported="1">
        <VoteType name="Number of Precincts for Race" votes="1">
            <Precinct name="FAIRGROUND" votes="1" />
        </VoteType>
        <VoteType name="Number of Precincts Reporting" votes="1">
            <Precinct name="FAIRGROUND" votes="1" />
        </VoteType>
        <Choice key="10" text="K. POWELL (I) R" totalVotes="4335">
            <VoteType name="Election Day" votes="1821">
                <Precinct name="FAIRGROUND" votes="1821" />
            </VoteType>
            <VoteType name="Absentee by Mail" votes="174">
                <Precinct name="FAIRGROUND" votes="174" />
            </VoteType>
            <VoteType name="Advance in Person" votes="2334">
                <Precinct name="FAIRGROUND" votes="2334" />
            </VoteType>
            <VoteType name="Provisional" votes="6">
                <Precinct name="FAIRGROUND" votes="6" />
            </VoteType>
        </Choice>
    </Contest>
    <Contest key="150" text="CLERK SUPERIOR CT" isQuestion="false" precinctsReporting="1" precinctsReported="1">
        <VoteType name="Number of Precincts for Race" votes="1">
            <Precinct name="FAIRGROUND" votes="1" />
        </VoteType>
        <VoteType name="Number of Precincts Reporting" votes="1">
            <Precinct name="FAIRGROUND" votes="1" />
        </VoteType>
        <Choice key="10" text="C. EVANS (R)" totalVotes="4248">
            <VoteType name="Election Day" votes="1783">
                <Precinct name="FAIRGROUND" votes="1783" />
            </VoteType>
            <VoteType name="Absentee by Mail" votes="169">
                <Precinct name="FAIRGROUND" votes="169" />
            </VoteType>
            <VoteType name="Advance in Person" votes="2290">
                <Precinct name="FAIRGROUND" votes="2290" />
            </VoteType>
            <VoteType name="Provisional" votes="6">
                <Precinct name="FAIRGROUND" votes="6" />
            </VoteType>
        </Choice>
    </Contest>
    <Contest key="170" text="SHERIFF" isQuestion="false" precinctsReporting="1" precinctsReported="1">
        <VoteType name="Number of Precincts for Race" votes="1">
            <Precinct name="FAIRGROUND" votes="1" />
        </VoteType>
        <VoteType name="Number of Precincts Reporting" votes="1">
            <Precinct name="FAIRGROUND" votes="1" />
        </VoteType>
        <Choice key="10" text="K. COODY (R)" totalVotes="3792">
            <VoteType name="Election Day" votes="1541">
                <Precinct name="FAIRGROUND" votes="1541" />
            </VoteType>
            <VoteType name="Absentee by Mail" votes="142">
                <Precinct name="FAIRGROUND" votes="142" />
            </VoteType>
            <VoteType name="Advance in Person" votes="2107">
                <Precinct name="FAIRGROUND" votes="2107" />
            </VoteType>
            <VoteType name="Provisional" votes="2">
                <Precinct name="FAIRGROUND" votes="2" />
            </VoteType>
        </Choice>
        <Choice key="20" text="J. BLASH (D)" totalVotes="1130">
            <VoteType name="Election Day" votes="502">
                <Precinct name="FAIRGROUND" votes="502" />
            </VoteType>
            <VoteType name="Absentee by Mail" votes="104">
                <Precinct name="FAIRGROUND" votes="104" />
            </VoteType>
            <VoteType name="Advance in Person" votes="519">
                <Precinct name="FAIRGROUND" votes="519" />
            </VoteType>
            <VoteType name="Provisional" votes="5">
                <Precinct name="FAIRGROUND" votes="5" />
            </VoteType>
        </Choice>
    </Contest>
    <Contest key="190" text="TAX COMMISSIONER" isQuestion="false" precinctsReporting="1" precinctsReported="1">
        <VoteType name="Number of Precincts for Race" votes="1">
            <Precinct name="FAIRGROUND" votes="1" />
        </VoteType>
        <VoteType name="Number of Precincts Reporting" votes="1">
            <Precinct name="FAIRGROUND" votes="1" />
        </VoteType>
        <Choice key="10" text="J. D. BROWN (I) R" totalVotes="4273">
            <VoteType name="Election Day" votes="1801">
                <Precinct name="FAIRGROUND" votes="1801" />
            </VoteType>
            <VoteType name="Absentee by Mail" votes="176">
                <Precinct name="FAIRGROUND" votes="176" />
            </VoteType>
            <VoteType name="Advance in Person" votes="2290">
                <Precinct name="FAIRGROUND" votes="2290" />
            </VoteType>
            <VoteType name="Provisional" votes="6">
                <Precinct name="FAIRGROUND" votes="6" />
            </VoteType>
        </Choice>
    </Contest>
    <Contest key="210" text="SURVEYOR" isQuestion="false" precinctsReporting="1" precinctsReported="1">
        <VoteType name="Number of Precincts for Race" votes="1">
            <Precinct name="FAIRGROUND" votes="1" />
        </VoteType>
        <VoteType name="Number of Precincts Reporting" votes="1">
            <Precinct name="FAIRGROUND" votes="1" />
        </VoteType>
        <Choice key="10" text="D. W. ARNOLD (R)" totalVotes="4236">
            <VoteType name="Election Day" votes="1776">
                <Precinct name="FAIRGROUND" votes="1776" />
            </VoteType>
            <VoteType name="Absentee by Mail" votes="176">
                <Precinct name="FAIRGROUND" votes="176" />
            </VoteType>
            <VoteType name="Advance in Person" votes="2278">
                <Precinct name="FAIRGROUND" votes="2278" />
            </VoteType>
            <VoteType name="Provisional" votes="6">
                <Precinct name="FAIRGROUND" votes="6" />
            </VoteType>
        </Choice>
    </Contest>
    <Contest key="230" text="CORONER" isQuestion="false" precinctsReporting="1" precinctsReported="1">
        <VoteType name="Number of Precincts for Race" votes="1">
            <Precinct name="FAIRGROUND" votes="1" />
        </VoteType>
        <VoteType name="Number of Precincts Reporting" votes="1">
            <Precinct name="FAIRGROUND" votes="1" />
        </VoteType>
        <Choice key="10" text="D. MATHIS (I) R" totalVotes="4394">
            <VoteType name="Election Day" votes="1844">
                <Precinct name="FAIRGROUND" votes="1844" />
            </VoteType>
            <VoteType name="Absentee by Mail" votes="179">
                <Precinct name="FAIRGROUND" votes="179" />
            </VoteType>
            <VoteType name="Advance in Person" votes="2366">
                <Precinct name="FAIRGROUND" votes="2366" />
            </VoteType>
            <VoteType name="Provisional" votes="5">
                <Precinct name="FAIRGROUND" votes="5" />
            </VoteType>
        </Choice>
    </Contest>
    <Contest key="250" text="CHIEF MAGISTRATE" isQuestion="false" precinctsReporting="1" precinctsReported="1">
        <VoteType name="Number of Precincts for Race" votes="1">
            <Precinct name="FAIRGROUND" votes="1" />
        </VoteType>
        <VoteType name="Number of Precincts Reporting" votes="1">
            <Precinct name="FAIRGROUND" votes="1" />
        </VoteType>
        <Choice key="10" text="C. P. MARTIN (I) R" totalVotes="4179">
            <VoteType name="Election Day" votes="1781">
                <Precinct name="FAIRGROUND" votes="1781" />
            </VoteType>
            <VoteType name="Absentee by Mail" votes="165">
                <Precinct name="FAIRGROUND" votes="165" />
            </VoteType>
            <VoteType name="Advance in Person" votes="2228">
                <Precinct name="FAIRGROUND" votes="2228" />
            </VoteType>
            <VoteType name="Provisional" votes="5">
                <Precinct name="FAIRGROUND" votes="5" />
            </VoteType>
        </Choice>
    </Contest>
    <Contest key="270" text="COUNTY COMMISSIONER" isQuestion="false" precinctsReporting="1" precinctsReported="1">
        <VoteType name="Number of Precincts for Race" votes="1">
            <Precinct name="FAIRGROUND" votes="1" />
        </VoteType>
        <VoteType name="Number of Precincts Reporting" votes="1">
            <Precinct name="FAIRGROUND" votes="1" />
        </VoteType>
        <Choice key="10" text="B. BROCKMAN (I) R" totalVotes="3039">
            <VoteType name="Election Day" votes="1166">
                <Precinct name="FAIRGROUND" votes="1166" />
            </VoteType>
            <VoteType name="Absentee by Mail" votes="132">
                <Precinct name="FAIRGROUND" votes="132" />
            </VoteType>
            <VoteType name="Advance in Person" votes="1738">
                <Precinct name="FAIRGROUND" votes="1738" />
            </VoteType>
            <VoteType name="Provisional" votes="3">
                <Precinct name="FAIRGROUND" votes="3" />
            </VoteType>
        </Choice>
        <Choice key="20" text="D. WATFORD (IN)" totalVotes="1642">
            <VoteType name="Election Day" votes="801">
                <Precinct name="FAIRGROUND" votes="801" />
            </VoteType>
            <VoteType name="Absentee by Mail" votes="59">
                <Precinct name="FAIRGROUND" votes="59" />
            </VoteType>
            <VoteType name="Advance in Person" votes="780">
                <Precinct name="FAIRGROUND" votes="780" />
            </VoteType>
            <VoteType name="Provisional" votes="2">
                <Precinct name="FAIRGROUND" votes="2" />
            </VoteType>
        </Choice>
    </Contest>
    <Contest key="280" text="Constitutional Amendment #1&lt;br&gt;Provides greater flexibility and state accountability to fix failing schools through increasing community involvement." isQuestion="false" precinctsReporting="1" precinctsReported="1">
        <VoteType name="Number of Precincts for Race" votes="1">
            <Precinct name="FAIRGROUND" votes="1" />
        </VoteType>
        <VoteType name="Number of Precincts Reporting" votes="1">
            <Precinct name="FAIRGROUND" votes="1" />
        </VoteType>
        <Choice key="10" text="YES" totalVotes="1481">
            <VoteType name="Election Day" votes="607">
                <Precinct name="FAIRGROUND" votes="607" />
            </VoteType>
            <VoteType name="Absentee by Mail" votes="87">
                <Precinct name="FAIRGROUND" votes="87" />
            </VoteType>
            <VoteType name="Advance in Person" votes="785">
                <Precinct name="FAIRGROUND" votes="785" />
            </VoteType>
            <VoteType name="Provisional" votes="2">
                <Precinct name="FAIRGROUND" votes="2" />
            </VoteType>
        </Choice>
        <Choice key="20" text="NO" totalVotes="3377">
            <VoteType name="Election Day" votes="1410">
                <Precinct name="FAIRGROUND" votes="1410" />
            </VoteType>
            <VoteType name="Absentee by Mail" votes="148">
                <Precinct name="FAIRGROUND" votes="148" />
            </VoteType>
            <VoteType name="Advance in Person" votes="1816">
                <Precinct name="FAIRGROUND" votes="1816" />
            </VoteType>
            <VoteType name="Provisional" votes="3">
                <Precinct name="FAIRGROUND" votes="3" />
            </VoteType>
        </Choice>
    </Contest>
    <Contest key="290" text="Constitutional Amendment #2&lt;br&gt;Authorizes penalties for sexual exploitation and assessments on adult entertainment to fund child victims' services." isQuestion="false" precinctsReporting="1" precinctsReported="1">
        <VoteType name="Number of Precincts for Race" votes="1">
            <Precinct name="FAIRGROUND" votes="1" />
        </VoteType>
        <VoteType name="Number of Precincts Reporting" votes="1">
            <Precinct name="FAIRGROUND" votes="1" />
        </VoteType>
        <Choice key="10" text="YES" totalVotes="3968">
            <VoteType name="Election Day" votes="1621">
                <Precinct name="FAIRGROUND" votes="1621" />
            </VoteType>
            <VoteType name="Absentee by Mail" votes="208">
                <Precinct name="FAIRGROUND" votes="208" />
            </VoteType>
            <VoteType name="Advance in Person" votes="2135">
                <Precinct name="FAIRGROUND" votes="2135" />
            </VoteType>
            <VoteType name="Provisional" votes="4">
                <Precinct name="FAIRGROUND" votes="4" />
            </VoteType>
        </Choice>
        <Choice key="20" text="NO" totalVotes="760">
            <VoteType name="Election Day" votes="348">
                <Precinct name="FAIRGROUND" votes="348" />
            </VoteType>
            <VoteType name="Absentee by Mail" votes="32">
                <Precinct name="FAIRGROUND" votes="32" />
            </VoteType>
            <VoteType name="Advance in Person" votes="379">
                <Precinct name="FAIRGROUND" votes="379" />
            </VoteType>
            <VoteType name="Provisional" votes="1">
                <Precinct name="FAIRGROUND" votes="1" />
            </VoteType>
        </Choice>
    </Contest>
    <Contest key="300" text="Constitutional Amendment #3&lt;br&gt;Reforms and re-establishes the Judicial Qualifications Commission and provides for its composition, governance, and powers." isQuestion="false" precinctsReporting="1" precinctsReported="1">
        <VoteType name="Number of Precincts for Race" votes="1">
            <Precinct name="FAIRGROUND" votes="1" />
        </VoteType>
        <VoteType name="Number of Precincts Reporting" votes="1">
            <Precinct name="FAIRGROUND" votes="1" />
        </VoteType>
        <Choice key="10" text="YES" totalVotes="2734">
            <VoteType name="Election Day" votes="1117">
                <Precinct name="FAIRGROUND" votes="1117" />
            </VoteType>
            <VoteType name="Absentee by Mail" votes="120">
                <Precinct name="FAIRGROUND" votes="120" />
            </VoteType>
            <VoteType name="Advance in Person" votes="1495">
                <Precinct name="FAIRGROUND" votes="1495" />
            </VoteType>
            <VoteType name="Provisional" votes="2">
                <Precinct name="FAIRGROUND" votes="2" />
            </VoteType>
        </Choice>
        <Choice key="20" text="NO" totalVotes="1681">
            <VoteType name="Election Day" votes="728">
                <Precinct name="FAIRGROUND" votes="728" />
            </VoteType>
            <VoteType name="Absentee by Mail" votes="99">
                <Precinct name="FAIRGROUND" votes="99" />
            </VoteType>
            <VoteType name="Advance in Person" votes="853">
                <Precinct name="FAIRGROUND" votes="853" />
            </VoteType>
            <VoteType name="Provisional" votes="1">
                <Precinct name="FAIRGROUND" votes="1" />
            </VoteType>
        </Choice>
    </Contest>
    <Contest key="310" text="Constitutional Amendment #4&lt;br&gt;Dedicates revenue from existing taxes on fireworks to trauma care, fire services, and public safety." isQuestion="false" precinctsReporting="1" precinctsReported="1">
        <VoteType name="Number of Precincts for Race" votes="1">
            <Precinct name="FAIRGROUND" votes="1" />
        </VoteType>
        <VoteType name="Number of Precincts Reporting" votes="1">
            <Precinct name="FAIRGROUND" votes="1" />
        </VoteType>
        <Choice key="10" text="YES" totalVotes="3879">
            <VoteType name="Election Day" votes="1593">
                <Precinct name="FAIRGROUND" votes="1593" />
            </VoteType>
            <VoteType name="Absentee by Mail" votes="200">
                <Precinct name="FAIRGROUND" votes="200" />
            </VoteType>
            <VoteType name="Advance in Person" votes="2084">
                <Precinct name="FAIRGROUND" votes="2084" />
            </VoteType>
            <VoteType name="Provisional" votes="2">
                <Precinct name="FAIRGROUND" votes="2" />
            </VoteType>
        </Choice>
        <Choice key="20" text="NO" totalVotes="845">
            <VoteType name="Election Day" votes="388">
                <Precinct name="FAIRGROUND" votes="388" />
            </VoteType>
            <VoteType name="Absentee by Mail" votes="33">
                <Precinct name="FAIRGROUND" votes="33" />
            </VoteType>
            <VoteType name="Advance in Person" votes="423">
                <Precinct name="FAIRGROUND" votes="423" />
            </VoteType>
            <VoteType name="Provisional" votes="1">
                <Precinct name="FAIRGROUND" votes="1" />
            </VoteType>
        </Choice>
    </Contest>
</ElectionResult>