"line number","contest name","choice name","party name","total votes","percent of votes","registered voters","ballots cast","num Precinct total","num Precinct rptg","over votes","under votes"
1,"President of the United States","DONALD J. TRUMP","",45724,46.52,125837,99666,39,39,"0","0"
2,"President of the United States","HILLARY CLINTON","",50057,50.93,125837,99666,39,39,"0","0"
3,"President of the United States","GARY JOHNSON","",2505,2.55,125837,99666,39,39,"0","0"
4,"United States Senator, Isakson","JOHNNY ISAKSON (I)","",45234,48.74,125837,99666,39,39,"0","0"
5,"United States Senator, Isakson","JIM BARKSDALE","",44108,47.53,125837,99666,39,39,"0","0"
6,"United States Senator, Isakson","ALLEN BUCKLEY","",3468,3.74,125837,99666,39,39,"0","0"
7,"Public Service Commission, District 2 - Eastern","TIM ECHOLS (I)","",52493,60.84,125837,99666,39,39,"0","0"
8,"Public Service Commission, District 2 - Eastern","ERIC HOSKINS","",33794,39.16,125837,99666,39,39,"0","0"
9,"U.S. Representative, District 3","DREW FERGUSON","",13304,47.21,37828,29183,11,11,"0","0"
10,"U.S. Representative, District 3","ANGELA PENDLEY","",14875,52.79,37828,29183,11,11,"0","0"
11,"U.S. Representative, District 10","JODY HICE (I)","",19211,100.00,28678,23582,11,11,"0","0"
12,"U.S. Representative, District 13","DAVID SCOTT (I)","",36162,100.00,59331,46901,19,19,"0","0"
13,"State Senator, District 10","EMANUEL JONES (I)","",32316,100.00,54131,42890,17,17,"0","0"
14,"State Senator, District 17","RICHARD JEFFARES (I) (REP)","",31850,58.16,71706,56776,22,22,"0","0"
15,"State Senator, District 17","BILL BLACKMON (DEM)","",22911,41.84,71706,56776,22,22,"0","0"
16,"State Representative, District 73","KAREN MATHIAK","",3840,49.82,10356,8016,3,3,"0","0"
17,"State Representative, District 73","RAHIM TALLEY","",3868,50.18,10356,8016,3,3,"0","0"
18,"State Representative, District 76","SANDRA SCOTT (I)","",7190,100.00,11123,8928,4,4,"0","0"
19,"State Representative, District 78","DEMETRIUS DOUGLAS (I)","",4949,100.00,7739,5892,2,2,"0","0"
20,"State Representative, District 90","PAM STEPHENSON (I)","",5974,100.00,11052,8938,5,5,"0","0"
21,"State Representative, District 109","DALE RUTLEDGE (I) (REP)","",12711,59.07,27676,22358,12,12,"0","0"
22,"State Representative, District 109","JANE ASKEW RUTLEDGE (DEM)","",8808,40.93,27676,22358,12,12,"0","0"
23,"State Representative, District 110","ANDY WELCH (I)","",9855,100.00,17407,13249,5,5,"0","0"
24,"State Representative, District 111","BRIAN STRICKLAND (I) (REP)","",14488,51.69,36163,28919,14,14,"0","0"
25,"State Representative, District 111","I. DARRYL PAYTON (DEM)","",13542,48.31,36163,28919,14,14,"0","0"
26,"State Representative, District 130","DAVID KNIGHT (I) (REP)","",2208,100.00,4321,3366,1,1,"0","0"
27,"District Attorney, Flint Circuit","DARIUS PATTILLO (DEM)","",69605,100.00,125837,99666,39,39,"0","0"
28,"CLERK, SUPERIOR COURT","B. HARRISON (I) R","",48394,50.78,125837,99666,39,39,"0","0"
29,"CLERK, SUPERIOR COURT","S. HILL (D)","",46914,49.22,125837,99666,39,39,"0","0"
30,"SHERIFF","R. MCBRAYER (I) R","",53306,55.15,125837,99666,39,39,"0","0"
31,"SHERIFF","J. M. ECKLER (D)","",43349,44.85,125837,99666,39,39,"0","0"
32,"TAX COMMISSIONER","D. M. CURRY (I) R","",71774,100.00,125837,99666,39,39,"0","0"
33,"CORONER","D. CLEVELAND (I) R","",49047,51.41,125837,99666,39,39,"0","0"
34,"CORONER","T. BROWN (D)","",46355,48.59,125837,99666,39,39,"0","0"
35,"CHAIR COUNTY COMMISSION","J. WOOD (R)","",47255,50.05,125837,99666,39,39,"0","0"
36,"CHAIR COUNTY COMMISSION","C.  HARRELL (D)","",47158,49.95,125837,99666,39,39,"0","0"
37,"CC D1","J. WILSON (R)","",13607,100.00,23045,17928,9,9,"0","0"
38,"CC D2","J. ROBINSON (R)","",10049,47.53,27578,21848,7,7,"0","0"
39,"CC D2","D. CLEMMONS (D)","",11092,52.47,27578,21848,7,7,"0","0"
40,"Constitutional Amendment #1<br>Provides greater flexibility and state accountability to fix failing schools through increasing community involvement.","YES","",38555,39.53,125837,99666,39,39,"0","0"
41,"Constitutional Amendment #1<br>Provides greater flexibility and state accountability to fix failing schools through increasing community involvement.","NO","",58978,60.47,125837,99666,39,39,"0","0"
42,"Constitutional Amendment #2<br>Authorizes penalties for sexual exploitation and assessments on adult entertainment to fund child victims' services.","YES","",81992,85.14,125837,99666,39,39,"0","0"
43,"Constitutional Amendment #2<br>Authorizes penalties for sexual exploitation and assessments on adult entertainment to fund child victims' services.","NO","",14316,14.86,125837,99666,39,39,"0","0"
44,"Constitutional Amendment #3<br>Reforms and re-establishes the Judicial Qualifications Commission and provides for its composition, governance, and powers.","YES","",59213,64.75,125837,99666,39,39,"0","0"
45,"Constitutional Amendment #3<br>Reforms and re-establishes the Judicial Qualifications Commission and provides for its composition, governance, and powers.","NO","",32234,35.25,125837,99666,39,39,"0","0"
46,"Constitutional Amendment #4<br>Dedicates revenue from existing taxes on fireworks to trauma care, fire services, and public safety.","YES","",78510,82.09,125837,99666,39,39,"0","0"
47,"Constitutional Amendment #4<br>Dedicates revenue from existing taxes on fireworks to trauma care, fire services, and public safety.","NO","",17127,17.91,125837,99666,39,39,"0","0"
48,"CITY OF HAMPTON REFERENDUM","YES","",1935,63.82,4074,3118,2,2,"0","0"
49,"CITY OF HAMPTON REFERENDUM","NO","",1097,36.18,4074,3118,2,2,"0","0"
50,"CITY OF STOCKBRIDGE MAYOR SPECIAL","P. CHAKRABORTY","",1042,10.51,14304,10820,10,10,"0","0"
51,"CITY OF STOCKBRIDGE MAYOR SPECIAL","R. LEWIS-WARD","",3853,38.86,14304,10820,10,10,"0","0"
52,"CITY OF STOCKBRIDGE MAYOR SPECIAL","J. B. NEAL","",3239,32.67,14304,10820,10,10,"0","0"
53,"CITY OF STOCKBRIDGE MAYOR SPECIAL","A. THOMAS","",1780,17.95,14304,10820,10,10,"0","0"
