"line number","contest name","choice name","party name","total votes","percent of votes","registered voters","ballots cast","num Precinct total","num Precinct rptg","over votes","under votes"
1,"President of the United States","DONALD J. TRUMP","",152912,46.69,424176,335466,144,144,"0","0"
2,"President of the United States","HILLARY CLINTON","",160121,48.89,424176,335466,144,144,"0","0"
3,"President of the United States","GARY JOHNSON","",14466,4.42,424176,335466,144,144,"0","0"
4,"United States Senator, Isakson","JOHNNY ISAKSON (I)","",169269,52.88,424176,335466,144,144,"0","0"
5,"United States Senator, Isakson","JIM BARKSDALE","",133871,41.82,424176,335466,144,144,"0","0"
6,"United States Senator, Isakson","ALLEN BUCKLEY","",16955,5.30,424176,335466,144,144,"0","0"
7,"Public Service Commission, District 2 - Eastern","TIM ECHOLS (I)","",187212,63.90,424175,335166,144,144,"0","0"
8,"Public Service Commission, District 2 - Eastern","ERIC HOSKINS","",105761,36.10,424175,335166,144,144,"0","0"
9,"U.S. Representative, District 6","TOM PRICE (I) (REP)","",65546,67.25,122653,101466,51,51,"0","0"
10,"U.S. Representative, District 6","RODNEY STOOKSBURY (DEM)","",31916,32.75,122653,101466,51,51,"0","0"
11,"U.S. Representative, District 11","BARRY LOUDERMILK (I)","",87013,56.58,204821,159965,73,73,"0","0"
12,"U.S. Representative, District 11","DON WILSON","",66761,43.42,204821,159965,73,73,"0","0"
13,"U.S. Representative, District 13","DAVID SCOTT (I)","",58721,100.00,96702,74035,33,33,"0","0"
14,"State Senator, District 6","HUNTER HILL (I) (REP)","",15784,39.42,55087,41436,18,18,"0","0"
15,"State Senator, District 6","JAHA HOWARD (DEM)","",24256,60.58,55087,41436,18,18,"0","0"
16,"State Senator, District 14","BRUCE THOMPSON (I)","",7856,100.00,13072,10487,6,6,"0","0"
17,"State Senator, District 32","JUDSON HILL (I) (REP)","",69611,100.00,107992,89981,43,43,"0","0"
18,"State Senator, District 33","MICHAEL RHETT (I) (DEM)","",52902,100.00,94322,71208,39,39,"0","0"
19,"State Senator, District 37","LINDSEY TIPPINS (I) (REP)","",70588,100.00,113203,90805,41,41,"0","0"
20,"State Senator, District 38","JAMES (J. W.) MORROW JR (REP)","",9987,33.52,40499,31249,17,17,"0","0"
21,"State Senator, District 38","HORACENA TATE (I) (DEM)","",19810,66.48,40499,31249,17,17,"0","0"
22,"State Representative, District 34","BERT REEVES (I) (REP)","",15886,63.71,33170,26188,17,17,"0","0"
23,"State Representative, District 34","JUSTIN HOLSOMBACK (DEM)","",9050,36.29,33170,26188,17,17,"0","0"
24,"State Representative, District 35","ED SETZLER (I) (REP)","",18901,100.00,32496,25566,13,13,"0","0"
25,"State Representative, District 36","EARL EHRHART (I) (REP)","",26807,100.00,39716,32920,17,17,"0","0"
26,"State Representative, District 37","SAM TEASLEY (I) (REP)","",13965,56.93,32514,25834,20,20,"0","0"
27,"State Representative, District 37","BILL BOLTON (DEM)","",10567,43.07,32514,25834,20,20,"0","0"
28,"State Representative, District 38","DAVID WILKERSON (I) (DEM)","",19547,100.00,32968,25343,13,13,"0","0"
29,"State Representative, District 39","ERICA THOMAS (I) (DEM)","",18097,100.00,28597,21110,12,12,"0","0"
30,"State Representative, District 40","RICH GOLICK (I) (REP)","",14656,52.84,35704,28957,15,15,"0","0"
31,"State Representative, District 40","ERICK E. ALLEN (DEM)","",13081,47.16,35704,28957,15,15,"0","0"
32,"State Representative, District 41","MICHAEL SMITH (I) (DEM)","",13843,100.00,24263,17696,12,12,"0","0"
33,"State Representative, District 42","MATT VAUGHN (REP)","",4157,26.75,23989,16311,13,13,"0","0"
34,"State Representative, District 42","STACEY EVANS (I) (DEM)","",11384,73.25,23989,16311,13,13,"0","0"
35,"State Representative, District 43","SHARON COOPER (I) (REP)","",20889,100.00,34713,27837,13,13,"0","0"
36,"State Representative, District 44","DON L. PARSONS (I) (REP)","",21759,100.00,35774,28800,16,16,"0","0"
37,"State Representative, District 45","MATT DOLLAR (I) (REP)","",22593,100.00,33593,28601,12,12,"0","0"
38,"State Representative, District 46","JOHN CARSON (I)","",16853,100.00,25754,21464,12,12,"0","0"
39,"State Representative, District 53","SHEILA JONES (I) (DEM)","",4703,100.00,7576,5971,4,4,"0","0"
40,"State Representative, District 61","ROGER BRUCE (I) (DEM)","",2052,100.00,3348,2568,1,1,"0","0"
41,"District Attorney, Cobb Circuit","VIC REYNOLDS (I) (REP)","",242830,100.00,424175,335166,144,144,"0","0"
42,"JUDGE OF PROBATE COURT","KELLI L. WOLK (I) R","",240364,100.00,424175,335166,144,144,"0","0"
43,"CLERK OF SUPERIOR COURT","REBECCA KEATON (I) R","",240139,100.00,424175,335166,144,144,"0","0"
44,"SHERIFF","NEIL WARREN (I) R","",178232,56.29,424175,335166,144,144,"0","0"
45,"SHERIFF","GREGORY GILSTRAP (D)","",138419,43.71,424175,335166,144,144,"0","0"
46,"TAX COMMISSIONER","CARLA JACKSON (I) R","",242598,100.00,424175,335166,144,144,"0","0"
47,"SURVEYOR","D. L. PERRYMAN (I) R","",238132,100.00,424175,335166,144,144,"0","0"
48,"CHIEF MAGISTRATE","JOYETTE HOLMES (I) R","",238702,100.00,424175,335166,144,144,"0","0"
49,"CLERK OF STATE COURT","ANGIE T. DAVIS (I) R","",241517,100.00,424175,335166,144,144,"0","0"
50,"COMMISSION CHAIRMAN","MIKE BOYCE (R)","",240491,100.00,424175,335166,144,144,"0","0"
51,"CC COMMISSIONER D2","BOB OTT (I) R","",69466,100.00,116675,94778,39,39,"0","0"
52,"CC COMMISSIONER D4","LISA N. CUPID (I) D","",56810,100.00,95339,72058,35,35,"0","0"
53,"BD OF EDUCATION D1","RANDY SCAMIHORN (I)R","",35731,100.00,58431,46755,22,22,"0","0"
54,"BD OF EDUCATION D3","DAVID L. MORGAN (I)D","",30069,100.00,49858,36967,18,18,"0","0"
55,"BD OF EDUCATION D5","DAVID BANKS (I) R","",39397,100.00,62196,51702,27,27,"0","0"
56,"BD OF EDUCATION D7","BRAD WHEELER (I) R","",33441,100.00,56366,45344,24,24,"0","0"
57,"SOIL & WATER","DONALD AYRES (I)","",211376,62.47,424175,335166,144,144,"0","0"
58,"SOIL & WATER","ROBERT L. HOSACK JR","",126970,37.53,424175,335166,144,144,"0","0"
59,"Constitutional Amendment #1<br>Provides greater flexibility and state accountability to fix failing schools through increasing community involvement.","YES","",133202,40.84,424175,335166,144,144,"0","0"
60,"Constitutional Amendment #1<br>Provides greater flexibility and state accountability to fix failing schools through increasing community involvement.","NO","",192967,59.16,424175,335166,144,144,"0","0"
61,"Constitutional Amendment #2<br>Authorizes penalties for sexual exploitation and assessments on adult entertainment to fund child victims' services.","YES","",268036,82.85,424175,335166,144,144,"0","0"
62,"Constitutional Amendment #2<br>Authorizes penalties for sexual exploitation and assessments on adult entertainment to fund child victims' services.","NO","",55486,17.15,424175,335166,144,144,"0","0"
63,"Constitutional Amendment #3<br>Reforms and re-establishes the Judicial Qualifications Commission and provides for its composition, governance, and powers.","YES","",187987,61.71,424175,335166,144,144,"0","0"
64,"Constitutional Amendment #3<br>Reforms and re-establishes the Judicial Qualifications Commission and provides for its composition, governance, and powers.","NO","",116632,38.29,424175,335166,144,144,"0","0"
65,"Constitutional Amendment #4<br>Dedicates revenue from existing taxes on fireworks to trauma care, fire services, and public safety.","YES","",264538,82.16,424175,335166,144,144,"0","0"
66,"Constitutional Amendment #4<br>Dedicates revenue from existing taxes on fireworks to trauma care, fire services, and public safety.","NO","",57450,17.84,424175,335166,144,144,"0","0"
67,"CITY OF MARIETTA REFERENDUM","YES","",17022,80.73,30272,22663,12,12,"0","0"
68,"CITY OF MARIETTA REFERENDUM","NO","",4064,19.27,30272,22663,12,12,"0","0"
