"line number","contest name","choice name","party name","total votes","percent of votes","registered voters","ballots cast","num Precinct total","num Precinct rptg","over votes","under votes"
1,"President of the United States","DONALD J. TRUMP","",11014,77.73,20268,14323,7,7,"0","0"
2,"President of the United States","HILLARY CLINTON","",2867,20.23,20268,14323,7,7,"0","0"
3,"President of the United States","GARY JOHNSON","",289,2.04,20268,14323,7,7,"0","0"
4,"United States Senator, Isakson","JOHNNY ISAKSON (I)","",10219,76.54,20268,14323,7,7,"0","0"
5,"United States Senator, Isakson","JIM BARKSDALE","",2613,19.57,20268,14323,7,7,"0","0"
6,"United States Senator, Isakson","ALLEN BUCKLEY","",519,3.89,20268,14323,7,7,"0","0"
7,"Public Service Commission, District 2 - Eastern","TIM ECHOLS (I)","",10533,81.68,20268,14319,7,7,"0","0"
8,"Public Service Commission, District 2 - Eastern","ERIC HOSKINS","",2363,18.32,20268,14319,7,7,"0","0"
9,"U.S. Representative, District 14","TOM GRAVES (I)","",12132,100.00,20268,14323,7,7,"0","0"
10,"State Senator, District 31","BILL HEATH (I)","",11950,100.00,20268,14319,7,7,"0","0"
11,"State Representative, District 16","TREY KELLEY (I)","",12402,100.00,20268,14319,7,7,"0","0"
12,"District Attorney, Tallapoosa Circuit","JACK BROWNING (I)","",11933,100.00,20268,14319,7,7,"0","0"
13,"JUDGE PROBATE COURT","L. H. SMITH (I) R","",8352,61.97,20268,14319,7,7,"0","0"
14,"JUDGE PROBATE COURT","S. B. MCGEE (IN)","",5126,38.03,20268,14319,7,7,"0","0"
15,"CLERK SUPERIOR COURT","S. WELLS (I) R","",12404,100.00,20268,14319,7,7,"0","0"
16,"SHERIFF","J. MOATS (I) R","",12633,100.00,20268,14319,7,7,"0","0"
17,"TAX COMMISSIONER","K. COLE (R)","",12107,100.00,20268,14319,7,7,"0","0"
18,"CORONER","T. L. BRAZIER (I) R","",12166,100.00,20268,14319,7,7,"0","0"
19,"CHIEF MAGISTRATE","B. J. CRANE (I) R","",11979,100.00,20268,14319,7,7,"0","0"
20,"CC D1","S. TILLERY (I) R","",12018,100.00,20268,14319,7,7,"0","0"
21,"CC D2","C. THAXTON (R)","",11774,100.00,20268,14319,7,7,"0","0"
22,"CC D3","S. D. BURFORD (I) R","",11563,100.00,20268,14319,7,7,"0","0"
23,"BOE D3","S. WORTHINGTON (I) R","",857,37.59,2960,2382,2,2,"0","0"
24,"BOE D3","J. W. FOSTER (IN)","",1423,62.41,2960,2382,2,2,"0","0"
25,"BOE D5","K. W. GOBER (R)","",2225,100.00,3185,2566,4,4,"0","0"
26,"BOE D6","H. M. FLOYD (R)","",1802,100.00,2870,2236,1,1,"0","0"
27,"Constitutional Amendment #1<br>Provides greater flexibility and state accountability to fix failing schools through increasing community involvement.","YES","",4403,31.74,20268,14319,7,7,"0","0"
28,"Constitutional Amendment #1<br>Provides greater flexibility and state accountability to fix failing schools through increasing community involvement.","NO","",9468,68.26,20268,14319,7,7,"0","0"
29,"Constitutional Amendment #2<br>Authorizes penalties for sexual exploitation and assessments on adult entertainment to fund child victims' services.","YES","",11347,83.59,20268,14319,7,7,"0","0"
30,"Constitutional Amendment #2<br>Authorizes penalties for sexual exploitation and assessments on adult entertainment to fund child victims' services.","NO","",2228,16.41,20268,14319,7,7,"0","0"
31,"Constitutional Amendment #3<br>Reforms and re-establishes the Judicial Qualifications Commission and provides for its composition, governance, and powers.","YES","",8024,62.40,20268,14319,7,7,"0","0"
32,"Constitutional Amendment #3<br>Reforms and re-establishes the Judicial Qualifications Commission and provides for its composition, governance, and powers.","NO","",4835,37.60,20268,14319,7,7,"0","0"
33,"Constitutional Amendment #4<br>Dedicates revenue from existing taxes on fireworks to trauma care, fire services, and public safety.","YES","",10824,79.89,20268,14319,7,7,"0","0"
34,"Constitutional Amendment #4<br>Dedicates revenue from existing taxes on fireworks to trauma care, fire services, and public safety.","NO","",2724,20.11,20268,14319,7,7,"0","0"
35,"CITY OF ARAGON MAYOR SPECIAL","G. BALDWIN","",215,58.74,487,384,1,1,"0","0"
36,"CITY OF ARAGON MAYOR SPECIAL","S. ELDERS, JR.","",75,20.49,487,384,1,1,"0","0"
37,"CITY OF ARAGON MAYOR SPECIAL","M. D. HUGHES","",76,20.77,487,384,1,1,"0","0"
38,"For Councilmember (Prewett)","C. H. SPINKS","",330,100.00,487,384,1,1,"0","0"
39,"For Councilmember (Burrus)","K. COLLUM","",170,49.42,487,384,1,1,"0","0"
40,"For Councilmember (Burrus)","D. B. PITTMAN","",174,50.58,487,384,1,1,"0","0"
