"line number","contest name","choice name","party name","total votes","percent of votes","registered voters","ballots cast","num Precinct total","num Precinct rptg","over votes","under votes"
1,"President of the United States","DONALD J. TRUMP","",146989,45.14,430935,332149,157,157,"0","0"
2,"President of the United States","HILLARY CLINTON","",166153,51.02,430935,332149,157,157,"0","0"
3,"President of the United States","GARY JOHNSON","",12494,3.84,430935,332149,157,157,"0","0"
4,"United States Senator, Isakson","JOHNNY ISAKSON (I)","",154572,49.69,430935,332149,157,157,"0","0"
5,"United States Senator, Isakson","JIM BARKSDALE","",141141,45.37,430935,332149,157,157,"0","0"
6,"United States Senator, Isakson","ALLEN BUCKLEY","",15360,4.94,430935,332149,157,157,"0","0"
7,"Public Service Commission, District 2 - Eastern","TIM ECHOLS (I)","",176382,61.67,430935,332149,157,157,"0","0"
8,"Public Service Commission, District 2 - Eastern","ERIC HOSKINS","",109622,38.33,430935,332149,157,157,"0","0"
9,"U.S. Representative, District 4","VICTOR ARMENDARIZ","",25563,38.73,89507,69234,34,34,"0","0"
10,"U.S. Representative, District 4","HENRY C �HANK� JOHNSON JR (I)","",40443,61.27,89507,69234,34,34,"0","0"
11,"U.S. Representative, District 7","ROB WOODALL (I)","",120197,54.74,299831,229371,112,112,"0","0"
12,"U.S. Representative, District 7","RASHID MALIK","",99389,45.26,299831,229371,112,112,"0","0"
13,"U.S. Representative, District 10","JODY HICE (I)","",25935,100.00,41597,33544,11,11,"0","0"
14,"State Senator, District 5","CURT THOMPSON (I) (DEM)","",35586,100.00,64096,44454,27,27,"0","0"
15,"State Senator, District 9","P. K. MARTIN (I) (REP)","",65094,100.00,109246,87770,43,43,"0","0"
16,"State Senator, District 40","FRAN MILLAR (I)","",6429,55.37,15417,12161,8,8,"0","0"
17,"State Senator, District 40","TAMARA JOHNSON-SHEALEY","",5183,44.63,15417,12161,8,8,"0","0"
18,"State Senator, District 41","STEVE HENSON (I)","",10851,100.00,19204,14078,10,10,"0","0"
19,"State Senator, District 45","RENEE UNTERMAN (I) (REP)","",64059,100.00,104281,82559,34,34,"0","0"
20,"State Senator, District 48","DAVID SHAFER (I)","",31977,100.00,59599,45080,20,20,"0","0"
21,"State Senator, District 55","ANNETTE  DAVIS JACKSON","",15626,35.57,59092,46047,20,20,"0","0"
22,"State Senator, District 55","GLORIA BUTLER (I)","",28307,64.43,59092,46047,20,20,"0","0"
23,"State Representative, District 81","LANE FLYNN","",302,30.78,1648,1035,1,1,"0","0"
24,"State Representative, District 81","SCOTT HOLCOMB (I)","",679,69.22,1648,1035,1,1,"0","0"
25,"State Representative, District 93","DARSHUN KENDRICK (I)","",15159,100.00,23747,18599,7,7,"0","0"
26,"State Representative, District 94","KAREN BENNETT (I)","",8510,100.00,14618,11201,8,8,"0","0"
27,"State Representative, District 95","SCOTT HILTON","",16983,100.00,29589,23264,14,14,"0","0"
28,"State Representative, District 96","RICHARD ""RICK"" UNDERWOOD (REP)","",5281,37.97,21196,14858,10,10,"0","0"
29,"State Representative, District 96","PEDRO ""PETE"" MARIN (I) (DEM)","",8626,62.03,21196,14858,10,10,"0","0"
30,"State Representative, District 97","BROOKS COLEMAN (I) (REP)","",20171,100.00,32725,25717,13,13,"0","0"
31,"State Representative, District 98","DAVID CLARK (I) (REP)","",19463,100.00,31174,24578,10,10,"0","0"
32,"State Representative, District 99","BRENDA LOPEZ (DEM)","",8068,100.00,14726,9934,8,8,"0","0"
33,"State Representative, District 100","DEWEY MCCLAIN (I) (DEM)","",11180,100.00,20330,13601,9,9,"0","0"
34,"State Representative, District 101","VALERIE CLARK (I) (REP)","",10211,48.90,28981,22020,12,12,"0","0"
35,"State Representative, District 101","SAMUEL PARK (DEM)","",10671,51.10,28981,22020,12,12,"0","0"
36,"State Representative, District 102","BUZZ BROCKWAY (I) (REP)","",12124,55.89,29639,22944,11,11,"0","0"
37,"State Representative, District 102","KAREN T. RIDGEWAY (DEM)","",9567,44.11,29639,22944,11,11,"0","0"
38,"State Representative, District 103","TIMOTHY BARR (I) (REP)","",12969,100.00,20032,16140,7,7,"0","0"
39,"State Representative, District 104","CHUCK EFSTRATION (I) (REP)","",19776,100.00,33773,26700,11,11,"0","0"
40,"State Representative, District 105","JOYCE CHANDLER (I) (REP)","",12411,50.45,32345,25633,10,10,"0","0"
41,"State Representative, District 105","DONNA MCLEOD (DEM)","",12189,49.55,32345,25633,10,10,"0","0"
42,"State Representative, District 106","BRETT HARRELL (I) (REP)","",17835,100.00,32235,25530,14,14,"0","0"
43,"State Representative, District 107","DAVID CASAS (I) (REP)","",15861,100.00,29697,22917,11,11,"0","0"
44,"State Representative, District 108","CLAY COX (REP)","",11704,52.65,29370,23400,15,15,"0","0"
45,"State Representative, District 108","TOKHIR ""T.R."" RADJABOV (DEM)","",10524,47.35,29370,23400,15,15,"0","0"
46,"State Representative, District 114","TOM KIRBY (I)","",2802,100.00,5110,4079,2,2,"0","0"
47,"District Attorney, Gwinnett Circuit","DANIEL J ""DANNY"" PORTER (I) (REP)","",239525,100.00,430935,332149,157,157,"0","0"
48,"Clerk Superior Court","R. T. ALEXANDER(I)(R","",235012,100.00,430935,332149,157,157,"0","0"
49,"Sheriff","R.L. CONWAY (I)(R)","",235717,100.00,430935,332149,157,157,"0","0"
50,"Tax Commissioner","R. STEELE (I)(R)","",237282,100.00,430935,332149,157,157,"0","0"
51,"CC Chair","C. NASH (I)(R)","",165274,52.63,430935,332149,157,157,"0","0"
52,"CC Chair","J. SHEALEY (D)","",148728,47.37,430935,332149,157,157,"0","0"
53,"CC D1","J. BROOKS (I)(R)","",53766,100.00,101602,76083,37,37,"0","0"
54,"CC D3","T. HUNTER (I)(R)","",49362,51.09,128263,101781,39,39,"0","0"
55,"CC D3","J. WATKINS III (D)","",47263,48.91,128263,101781,39,39,"0","0"
56,"BOE D1","C. BOYCE (I)(R)","",53681,100.00,97570,77057,28,28,"0","0"
57,"BOE D3","M. MURPHY (I)(R)","",54500,100.00,92678,72758,35,35,"0","0"
58,"BOE D5","L. RADLOFF (I)(D)","",29614,100.00,53980,36261,25,25,"0","0"
59,"Soil and Water","L. KAISER (I)","",168347,39.92,430935,332149,157,157,"0","0"
60,"Soil and Water","E. LAMME (I)","",133655,31.70,430935,332149,157,157,"0","0"
61,"Soil and Water","M. RETTER","",58299,13.83,430935,332149,157,157,"0","0"
62,"Soil and Water","L. YOUNG","",61387,14.56,430935,332149,157,157,"0","0"
63,"Constitutional Amendment #1<br>Provides greater flexibility and state accountability to fix failing schools through increasing community involvement.","YES","",145860,45.24,430935,332149,157,157,"0","0"
64,"Constitutional Amendment #1<br>Provides greater flexibility and state accountability to fix failing schools through increasing community involvement.","NO","",176571,54.76,430935,332149,157,157,"0","0"
65,"Constitutional Amendment #2<br>Authorizes penalties for sexual exploitation and assessments on adult entertainment to fund child victims' services.","YES","",272940,85.39,430935,332149,157,157,"0","0"
66,"Constitutional Amendment #2<br>Authorizes penalties for sexual exploitation and assessments on adult entertainment to fund child victims' services.","NO","",46698,14.61,430935,332149,157,157,"0","0"
67,"Constitutional Amendment #3<br>Reforms and re-establishes the Judicial Qualifications Commission and provides for its composition, governance, and powers.","YES","",197962,65.57,430935,332149,157,157,"0","0"
68,"Constitutional Amendment #3<br>Reforms and re-establishes the Judicial Qualifications Commission and provides for its composition, governance, and powers.","NO","",103960,34.43,430935,332149,157,157,"0","0"
69,"Constitutional Amendment #4<br>Dedicates revenue from existing taxes on fireworks to trauma care, fire services, and public safety.","YES","",263598,83.23,430935,332149,157,157,"0","0"
70,"Constitutional Amendment #4<br>Dedicates revenue from existing taxes on fireworks to trauma care, fire services, and public safety.","NO","",53106,16.77,430935,332149,157,157,"0","0"
71,"SPLOST","YES","",198322,62.64,430935,332149,157,157,"0","0"
72,"SPLOST","NO","",118270,37.36,430935,332149,157,157,"0","0"
