<?xml version="1.0"?>
<!--Election result snapshot imported from Tabulation System
-->
<ElectionResult>
    <Timestamp>11/14/2016 3:03:09 PM EST</Timestamp>
    <ElectionName>November 8, 2016 - General Election</ElectionName>
    <ElectionDate>11/8/2016</ElectionDate>
    <Region>Candler</Region>
    <VoterTurnout totalVoters="4671" ballotsCast="3802" voterTurnout="81.40">
        <Precincts>
            <Precinct name="Metter -1685" totalVoters="2504" ballotsCast="2080" voterTurnout="83.07" percentReporting="4" />
            <Precinct name="Candler-1736" totalVoters="2167" ballotsCast="1722" voterTurnout="79.46" percentReporting="4" />
        </Precincts>
    </VoterTurnout>
    <Contest key="1" text="President of the United States" isQuestion="false" precinctsReporting="2" precinctsReported="2">
        <VoteType name="Number of Precincts for Race" votes="2">
            <Precinct name="Metter -1685" votes="1" />
            <Precinct name="Candler-1736" votes="1" />
        </VoteType>
        <VoteType name="Number of Precincts Reporting" votes="2">
            <Precinct name="Metter -1685" votes="1" />
            <Precinct name="Candler-1736" votes="1" />
        </VoteType>
        <Choice key="10" text="DONALD J. TRUMP" totalVotes="2664">
            <VoteType name="Election Day" votes="567">
                <Precinct name="Metter -1685" votes="278" />
                <Precinct name="Candler-1736" votes="289" />
            </VoteType>
            <VoteType name="Absentee by Mail" votes="86">
                <Precinct name="Metter -1685" votes="57" />
                <Precinct name="Candler-1736" votes="29" />
            </VoteType>
            <VoteType name="Advance in Person" votes="2008">
                <Precinct name="Metter -1685" votes="1046" />
                <Precinct name="Candler-1736" votes="962" />
            </VoteType>
            <VoteType name="Provisional" votes="3">
                <Precinct name="Metter -1685" votes="1" />
                <Precinct name="Candler-1736" votes="2" />
            </VoteType>
        </Choice>
        <Choice key="20" text="HILLARY CLINTON" totalVotes="1026">
            <VoteType name="Election Day" votes="380">
                <Precinct name="Metter -1685" votes="231" />
                <Precinct name="Candler-1736" votes="149" />
            </VoteType>
            <VoteType name="Absentee by Mail" votes="46">
                <Precinct name="Metter -1685" votes="24" />
                <Precinct name="Candler-1736" votes="22" />
            </VoteType>
            <VoteType name="Advance in Person" votes="597">
                <Precinct name="Metter -1685" votes="365" />
                <Precinct name="Candler-1736" votes="232" />
            </VoteType>
            <VoteType name="Provisional" votes="3">
                <Precinct name="Metter -1685" votes="3" />
                <Precinct name="Candler-1736" votes="0" />
            </VoteType>
        </Choice>
        <Choice key="30" text="GARY JOHNSON" totalVotes="73">
            <VoteType name="Election Day" votes="35">
                <Precinct name="Metter -1685" votes="24" />
                <Precinct name="Candler-1736" votes="11" />
            </VoteType>
            <VoteType name="Absentee by Mail" votes="5">
                <Precinct name="Metter -1685" votes="4" />
                <Precinct name="Candler-1736" votes="1" />
            </VoteType>
            <VoteType name="Advance in Person" votes="33">
                <Precinct name="Metter -1685" votes="22" />
                <Precinct name="Candler-1736" votes="11" />
            </VoteType>
            <VoteType name="Provisional" votes="0">
                <Precinct name="Metter -1685" votes="0" />
                <Precinct name="Candler-1736" votes="0" />
            </VoteType>
        </Choice>
    </Contest>
    <Contest key="10" text="United States Senator, Isakson" isQuestion="false" precinctsReporting="2" precinctsReported="2">
        <VoteType name="Number of Precincts for Race" votes="2">
            <Precinct name="Metter -1685" votes="1" />
            <Precinct name="Candler-1736" votes="1" />
        </VoteType>
        <VoteType name="Number of Precincts Reporting" votes="2">
            <Precinct name="Metter -1685" votes="1" />
            <Precinct name="Candler-1736" votes="1" />
        </VoteType>
        <Choice key="10" text="JOHNNY ISAKSON (I)" totalVotes="2588">
            <VoteType name="Election Day" votes="580">
                <Precinct name="Metter -1685" votes="291" />
                <Precinct name="Candler-1736" votes="289" />
            </VoteType>
            <VoteType name="Absentee by Mail" votes="88">
                <Precinct name="Metter -1685" votes="58" />
                <Precinct name="Candler-1736" votes="30" />
            </VoteType>
            <VoteType name="Advance in Person" votes="1917">
                <Precinct name="Metter -1685" votes="1010" />
                <Precinct name="Candler-1736" votes="907" />
            </VoteType>
            <VoteType name="Provisional" votes="3">
                <Precinct name="Metter -1685" votes="1" />
                <Precinct name="Candler-1736" votes="2" />
            </VoteType>
        </Choice>
        <Choice key="20" text="JIM BARKSDALE" totalVotes="855">
            <VoteType name="Election Day" votes="309">
                <Precinct name="Metter -1685" votes="190" />
                <Precinct name="Candler-1736" votes="119" />
            </VoteType>
            <VoteType name="Absentee by Mail" votes="44">
                <Precinct name="Metter -1685" votes="22" />
                <Precinct name="Candler-1736" votes="22" />
            </VoteType>
            <VoteType name="Advance in Person" votes="501">
                <Precinct name="Metter -1685" votes="303" />
                <Precinct name="Candler-1736" votes="198" />
            </VoteType>
            <VoteType name="Provisional" votes="1">
                <Precinct name="Metter -1685" votes="1" />
                <Precinct name="Candler-1736" votes="0" />
            </VoteType>
        </Choice>
        <Choice key="30" text="ALLEN BUCKLEY" totalVotes="105">
            <VoteType name="Election Day" votes="35">
                <Precinct name="Metter -1685" votes="20" />
                <Precinct name="Candler-1736" votes="15" />
            </VoteType>
            <VoteType name="Absentee by Mail" votes="3">
                <Precinct name="Metter -1685" votes="3" />
                <Precinct name="Candler-1736" votes="0" />
            </VoteType>
            <VoteType name="Advance in Person" votes="67">
                <Precinct name="Metter -1685" votes="32" />
                <Precinct name="Candler-1736" votes="35" />
            </VoteType>
            <VoteType name="Provisional" votes="0">
                <Precinct name="Metter -1685" votes="0" />
                <Precinct name="Candler-1736" votes="0" />
            </VoteType>
        </Choice>
    </Contest>
    <Contest key="30" text="Public Service Commission, District 2 - Eastern" isQuestion="false" precinctsReporting="2" precinctsReported="2">
        <VoteType name="Number of Precincts for Race" votes="2">
            <Precinct name="Metter -1685" votes="1" />
            <Precinct name="Candler-1736" votes="1" />
        </VoteType>
        <VoteType name="Number of Precincts Reporting" votes="2">
            <Precinct name="Metter -1685" votes="1" />
            <Precinct name="Candler-1736" votes="1" />
        </VoteType>
        <Choice key="10" text="TIM ECHOLS (I)" totalVotes="2684">
            <VoteType name="Election Day" votes="625">
                <Precinct name="Metter -1685" votes="327" />
                <Precinct name="Candler-1736" votes="298" />
            </VoteType>
            <VoteType name="Absentee by Mail" votes="97">
                <Precinct name="Metter -1685" votes="60" />
                <Precinct name="Candler-1736" votes="37" />
            </VoteType>
            <VoteType name="Advance in Person" votes="1959">
                <Precinct name="Metter -1685" votes="1049" />
                <Precinct name="Candler-1736" votes="910" />
            </VoteType>
            <VoteType name="Provisional" votes="3">
                <Precinct name="Metter -1685" votes="1" />
                <Precinct name="Candler-1736" votes="2" />
            </VoteType>
        </Choice>
        <Choice key="20" text="ERIC HOSKINS" totalVotes="601">
            <VoteType name="Election Day" votes="241">
                <Precinct name="Metter -1685" votes="151" />
                <Precinct name="Candler-1736" votes="90" />
            </VoteType>
            <VoteType name="Absentee by Mail" votes="25">
                <Precinct name="Metter -1685" votes="16" />
                <Precinct name="Candler-1736" votes="9" />
            </VoteType>
            <VoteType name="Advance in Person" votes="334">
                <Precinct name="Metter -1685" votes="191" />
                <Precinct name="Candler-1736" votes="143" />
            </VoteType>
            <VoteType name="Provisional" votes="1">
                <Precinct name="Metter -1685" votes="1" />
                <Precinct name="Candler-1736" votes="0" />
            </VoteType>
        </Choice>
    </Contest>
    <Contest key="50" text="U.S. Representative, District 12" isQuestion="false" precinctsReporting="2" precinctsReported="2">
        <VoteType name="Number of Precincts for Race" votes="2">
            <Precinct name="Metter -1685" votes="1" />
            <Precinct name="Candler-1736" votes="1" />
        </VoteType>
        <VoteType name="Number of Precincts Reporting" votes="2">
            <Precinct name="Metter -1685" votes="1" />
            <Precinct name="Candler-1736" votes="1" />
        </VoteType>
        <Choice key="10" text="RICK ALLEN (I)" totalVotes="2671">
            <VoteType name="Election Day" votes="595">
                <Precinct name="Metter -1685" votes="301" />
                <Precinct name="Candler-1736" votes="294" />
            </VoteType>
            <VoteType name="Absentee by Mail" votes="90">
                <Precinct name="Metter -1685" votes="57" />
                <Precinct name="Candler-1736" votes="33" />
            </VoteType>
            <VoteType name="Advance in Person" votes="1983">
                <Precinct name="Metter -1685" votes="1045" />
                <Precinct name="Candler-1736" votes="938" />
            </VoteType>
            <VoteType name="Provisional" votes="3">
                <Precinct name="Metter -1685" votes="1" />
                <Precinct name="Candler-1736" votes="2" />
            </VoteType>
        </Choice>
        <Choice key="20" text="PATRICIA C. MCCRACKEN" totalVotes="923">
            <VoteType name="Election Day" votes="353">
                <Precinct name="Metter -1685" votes="217" />
                <Precinct name="Candler-1736" votes="136" />
            </VoteType>
            <VoteType name="Absentee by Mail" votes="43">
                <Precinct name="Metter -1685" votes="23" />
                <Precinct name="Candler-1736" votes="20" />
            </VoteType>
            <VoteType name="Advance in Person" votes="526">
                <Precinct name="Metter -1685" votes="315" />
                <Precinct name="Candler-1736" votes="211" />
            </VoteType>
            <VoteType name="Provisional" votes="1">
                <Precinct name="Metter -1685" votes="1" />
                <Precinct name="Candler-1736" votes="0" />
            </VoteType>
        </Choice>
    </Contest>
    <Contest key="70" text="State Senator, District 4" isQuestion="false" precinctsReporting="2" precinctsReported="2">
        <VoteType name="Number of Precincts for Race" votes="2">
            <Precinct name="Metter -1685" votes="1" />
            <Precinct name="Candler-1736" votes="1" />
        </VoteType>
        <VoteType name="Number of Precincts Reporting" votes="2">
            <Precinct name="Metter -1685" votes="1" />
            <Precinct name="Candler-1736" votes="1" />
        </VoteType>
        <Choice key="10" text="JACK HILL (I)" totalVotes="3170">
            <VoteType name="Election Day" votes="818">
                <Precinct name="Metter -1685" votes="439" />
                <Precinct name="Candler-1736" votes="379" />
            </VoteType>
            <VoteType name="Absentee by Mail" votes="115">
                <Precinct name="Metter -1685" votes="72" />
                <Precinct name="Candler-1736" votes="43" />
            </VoteType>
            <VoteType name="Advance in Person" votes="2234">
                <Precinct name="Metter -1685" votes="1200" />
                <Precinct name="Candler-1736" votes="1034" />
            </VoteType>
            <VoteType name="Provisional" votes="3">
                <Precinct name="Metter -1685" votes="1" />
                <Precinct name="Candler-1736" votes="2" />
            </VoteType>
        </Choice>
    </Contest>
    <Contest key="90" text="State Representative, District 158" isQuestion="false" precinctsReporting="2" precinctsReported="2">
        <VoteType name="Number of Precincts for Race" votes="2">
            <Precinct name="Metter -1685" votes="1" />
            <Precinct name="Candler-1736" votes="1" />
        </VoteType>
        <VoteType name="Number of Precincts Reporting" votes="2">
            <Precinct name="Metter -1685" votes="1" />
            <Precinct name="Candler-1736" votes="1" />
        </VoteType>
        <Choice key="10" text="BUTCH PARRISH (I)" totalVotes="3144">
            <VoteType name="Election Day" votes="800">
                <Precinct name="Metter -1685" votes="433" />
                <Precinct name="Candler-1736" votes="367" />
            </VoteType>
            <VoteType name="Absentee by Mail" votes="112">
                <Precinct name="Metter -1685" votes="68" />
                <Precinct name="Candler-1736" votes="44" />
            </VoteType>
            <VoteType name="Advance in Person" votes="2229">
                <Precinct name="Metter -1685" votes="1195" />
                <Precinct name="Candler-1736" votes="1034" />
            </VoteType>
            <VoteType name="Provisional" votes="3">
                <Precinct name="Metter -1685" votes="1" />
                <Precinct name="Candler-1736" votes="2" />
            </VoteType>
        </Choice>
    </Contest>
    <Contest key="110" text="District Attorney, Middle Circuit" isQuestion="false" precinctsReporting="2" precinctsReported="2">
        <VoteType name="Number of Precincts for Race" votes="2">
            <Precinct name="Metter -1685" votes="1" />
            <Precinct name="Candler-1736" votes="1" />
        </VoteType>
        <VoteType name="Number of Precincts Reporting" votes="2">
            <Precinct name="Metter -1685" votes="1" />
            <Precinct name="Candler-1736" votes="1" />
        </VoteType>
        <Choice key="10" text="HAYWARD ALTMAN (I) (REP)" totalVotes="3066">
            <VoteType name="Election Day" votes="796">
                <Precinct name="Metter -1685" votes="435" />
                <Precinct name="Candler-1736" votes="361" />
            </VoteType>
            <VoteType name="Absentee by Mail" votes="111">
                <Precinct name="Metter -1685" votes="68" />
                <Precinct name="Candler-1736" votes="43" />
            </VoteType>
            <VoteType name="Advance in Person" votes="2156">
                <Precinct name="Metter -1685" votes="1156" />
                <Precinct name="Candler-1736" votes="1000" />
            </VoteType>
            <VoteType name="Provisional" votes="3">
                <Precinct name="Metter -1685" votes="1" />
                <Precinct name="Candler-1736" votes="2" />
            </VoteType>
        </Choice>
    </Contest>
    <Contest key="300" text="Superior Court Clerk" isQuestion="false" precinctsReporting="2" precinctsReported="2">
        <VoteType name="Number of Precincts for Race" votes="2">
            <Precinct name="Metter -1685" votes="1" />
            <Precinct name="Candler-1736" votes="1" />
        </VoteType>
        <VoteType name="Number of Precincts Reporting" votes="2">
            <Precinct name="Metter -1685" votes="1" />
            <Precinct name="Candler-1736" votes="1" />
        </VoteType>
        <Choice key="10" text="J. GRIMES (R)" totalVotes="3137">
            <VoteType name="Election Day" votes="814">
                <Precinct name="Metter -1685" votes="446" />
                <Precinct name="Candler-1736" votes="368" />
            </VoteType>
            <VoteType name="Absentee by Mail" votes="115">
                <Precinct name="Metter -1685" votes="70" />
                <Precinct name="Candler-1736" votes="45" />
            </VoteType>
            <VoteType name="Advance in Person" votes="2205">
                <Precinct name="Metter -1685" votes="1180" />
                <Precinct name="Candler-1736" votes="1025" />
            </VoteType>
            <VoteType name="Provisional" votes="3">
                <Precinct name="Metter -1685" votes="1" />
                <Precinct name="Candler-1736" votes="2" />
            </VoteType>
        </Choice>
    </Contest>
    <Contest key="320" text="Sheriff" isQuestion="false" precinctsReporting="2" precinctsReported="2">
        <VoteType name="Number of Precincts for Race" votes="2">
            <Precinct name="Metter -1685" votes="1" />
            <Precinct name="Candler-1736" votes="1" />
        </VoteType>
        <VoteType name="Number of Precincts Reporting" votes="2">
            <Precinct name="Metter -1685" votes="1" />
            <Precinct name="Candler-1736" votes="1" />
        </VoteType>
        <Choice key="10" text="B. HENDRIX (R)" totalVotes="1829">
            <VoteType name="Election Day" votes="422">
                <Precinct name="Metter -1685" votes="247" />
                <Precinct name="Candler-1736" votes="175" />
            </VoteType>
            <VoteType name="Absentee by Mail" votes="54">
                <Precinct name="Metter -1685" votes="33" />
                <Precinct name="Candler-1736" votes="21" />
            </VoteType>
            <VoteType name="Advance in Person" votes="1351">
                <Precinct name="Metter -1685" votes="727" />
                <Precinct name="Candler-1736" votes="624" />
            </VoteType>
            <VoteType name="Provisional" votes="2">
                <Precinct name="Metter -1685" votes="1" />
                <Precinct name="Candler-1736" votes="1" />
            </VoteType>
        </Choice>
        <Choice key="20" text="J. MILES (I)(D)" totalVotes="1934">
            <VoteType name="Election Day" votes="558">
                <Precinct name="Metter -1685" votes="285" />
                <Precinct name="Candler-1736" votes="273" />
            </VoteType>
            <VoteType name="Absentee by Mail" votes="83">
                <Precinct name="Metter -1685" votes="52" />
                <Precinct name="Candler-1736" votes="31" />
            </VoteType>
            <VoteType name="Advance in Person" votes="1290">
                <Precinct name="Metter -1685" votes="714" />
                <Precinct name="Candler-1736" votes="576" />
            </VoteType>
            <VoteType name="Provisional" votes="3">
                <Precinct name="Metter -1685" votes="2" />
                <Precinct name="Candler-1736" votes="1" />
            </VoteType>
        </Choice>
    </Contest>
    <Contest key="340" text="Tax Commissioner" isQuestion="false" precinctsReporting="2" precinctsReported="2">
        <VoteType name="Number of Precincts for Race" votes="2">
            <Precinct name="Metter -1685" votes="1" />
            <Precinct name="Candler-1736" votes="1" />
        </VoteType>
        <VoteType name="Number of Precincts Reporting" votes="2">
            <Precinct name="Metter -1685" votes="1" />
            <Precinct name="Candler-1736" votes="1" />
        </VoteType>
        <Choice key="10" text="P. SIKES (I)(R)" totalVotes="2711">
            <VoteType name="Election Day" votes="644">
                <Precinct name="Metter -1685" votes="336" />
                <Precinct name="Candler-1736" votes="308" />
            </VoteType>
            <VoteType name="Absentee by Mail" votes="98">
                <Precinct name="Metter -1685" votes="59" />
                <Precinct name="Candler-1736" votes="39" />
            </VoteType>
            <VoteType name="Advance in Person" votes="1965">
                <Precinct name="Metter -1685" votes="1046" />
                <Precinct name="Candler-1736" votes="919" />
            </VoteType>
            <VoteType name="Provisional" votes="4">
                <Precinct name="Metter -1685" votes="3" />
                <Precinct name="Candler-1736" votes="1" />
            </VoteType>
        </Choice>
        <Choice key="20" text="K. ALDRICH (D)" totalVotes="1003">
            <VoteType name="Election Day" votes="329">
                <Precinct name="Metter -1685" votes="192" />
                <Precinct name="Candler-1736" votes="137" />
            </VoteType>
            <VoteType name="Absentee by Mail" votes="34">
                <Precinct name="Metter -1685" votes="24" />
                <Precinct name="Candler-1736" votes="10" />
            </VoteType>
            <VoteType name="Advance in Person" votes="639">
                <Precinct name="Metter -1685" votes="367" />
                <Precinct name="Candler-1736" votes="272" />
            </VoteType>
            <VoteType name="Provisional" votes="1">
                <Precinct name="Metter -1685" votes="0" />
                <Precinct name="Candler-1736" votes="1" />
            </VoteType>
        </Choice>
    </Contest>
    <Contest key="360" text="Surveyor" isQuestion="false" precinctsReporting="2" precinctsReported="2">
        <VoteType name="Number of Precincts for Race" votes="2">
            <Precinct name="Metter -1685" votes="1" />
            <Precinct name="Candler-1736" votes="1" />
        </VoteType>
        <VoteType name="Number of Precincts Reporting" votes="2">
            <Precinct name="Metter -1685" votes="1" />
            <Precinct name="Candler-1736" votes="1" />
        </VoteType>
        <Choice key="10" text="G. DONALDSON (I)(R)" totalVotes="3044">
            <VoteType name="Election Day" votes="795">
                <Precinct name="Metter -1685" votes="435" />
                <Precinct name="Candler-1736" votes="360" />
            </VoteType>
            <VoteType name="Absentee by Mail" votes="116">
                <Precinct name="Metter -1685" votes="70" />
                <Precinct name="Candler-1736" votes="46" />
            </VoteType>
            <VoteType name="Advance in Person" votes="2130">
                <Precinct name="Metter -1685" votes="1132" />
                <Precinct name="Candler-1736" votes="998" />
            </VoteType>
            <VoteType name="Provisional" votes="3">
                <Precinct name="Metter -1685" votes="1" />
                <Precinct name="Candler-1736" votes="2" />
            </VoteType>
        </Choice>
    </Contest>
    <Contest key="380" text="Coroner" isQuestion="false" precinctsReporting="2" precinctsReported="2">
        <VoteType name="Number of Precincts for Race" votes="2">
            <Precinct name="Metter -1685" votes="1" />
            <Precinct name="Candler-1736" votes="1" />
        </VoteType>
        <VoteType name="Number of Precincts Reporting" votes="2">
            <Precinct name="Metter -1685" votes="1" />
            <Precinct name="Candler-1736" votes="1" />
        </VoteType>
        <Choice key="10" text="A. K. TYLER (R)" totalVotes="2102">
            <VoteType name="Election Day" votes="477">
                <Precinct name="Metter -1685" votes="228" />
                <Precinct name="Candler-1736" votes="249" />
            </VoteType>
            <VoteType name="Absentee by Mail" votes="71">
                <Precinct name="Metter -1685" votes="46" />
                <Precinct name="Candler-1736" votes="25" />
            </VoteType>
            <VoteType name="Advance in Person" votes="1550">
                <Precinct name="Metter -1685" votes="831" />
                <Precinct name="Candler-1736" votes="719" />
            </VoteType>
            <VoteType name="Provisional" votes="4">
                <Precinct name="Metter -1685" votes="2" />
                <Precinct name="Candler-1736" votes="2" />
            </VoteType>
        </Choice>
        <Choice key="20" text="D. WILLIAMS (D)" totalVotes="1518">
            <VoteType name="Election Day" votes="472">
                <Precinct name="Metter -1685" votes="287" />
                <Precinct name="Candler-1736" votes="185" />
            </VoteType>
            <VoteType name="Absentee by Mail" votes="57">
                <Precinct name="Metter -1685" votes="33" />
                <Precinct name="Candler-1736" votes="24" />
            </VoteType>
            <VoteType name="Advance in Person" votes="988">
                <Precinct name="Metter -1685" votes="546" />
                <Precinct name="Candler-1736" votes="442" />
            </VoteType>
            <VoteType name="Provisional" votes="1">
                <Precinct name="Metter -1685" votes="1" />
                <Precinct name="Candler-1736" votes="0" />
            </VoteType>
        </Choice>
    </Contest>
    <Contest key="400" text="Solicitor General" isQuestion="false" precinctsReporting="2" precinctsReported="2">
        <VoteType name="Number of Precincts for Race" votes="2">
            <Precinct name="Metter -1685" votes="1" />
            <Precinct name="Candler-1736" votes="1" />
        </VoteType>
        <VoteType name="Number of Precincts Reporting" votes="2">
            <Precinct name="Metter -1685" votes="1" />
            <Precinct name="Candler-1736" votes="1" />
        </VoteType>
        <Choice key="10" text="B. CARTER (R)" totalVotes="3089">
            <VoteType name="Election Day" votes="802">
                <Precinct name="Metter -1685" votes="437" />
                <Precinct name="Candler-1736" votes="365" />
            </VoteType>
            <VoteType name="Absentee by Mail" votes="111">
                <Precinct name="Metter -1685" votes="68" />
                <Precinct name="Candler-1736" votes="43" />
            </VoteType>
            <VoteType name="Advance in Person" votes="2173">
                <Precinct name="Metter -1685" votes="1160" />
                <Precinct name="Candler-1736" votes="1013" />
            </VoteType>
            <VoteType name="Provisional" votes="3">
                <Precinct name="Metter -1685" votes="1" />
                <Precinct name="Candler-1736" votes="2" />
            </VoteType>
        </Choice>
    </Contest>
    <Contest key="420" text="County Comm Chair" isQuestion="false" precinctsReporting="2" precinctsReported="2">
        <VoteType name="Number of Precincts for Race" votes="2">
            <Precinct name="Metter -1685" votes="1" />
            <Precinct name="Candler-1736" votes="1" />
        </VoteType>
        <VoteType name="Number of Precincts Reporting" votes="2">
            <Precinct name="Metter -1685" votes="1" />
            <Precinct name="Candler-1736" votes="1" />
        </VoteType>
        <Choice key="10" text="G. THRIFT (I)(R)" totalVotes="3075">
            <VoteType name="Election Day" votes="810">
                <Precinct name="Metter -1685" votes="440" />
                <Precinct name="Candler-1736" votes="370" />
            </VoteType>
            <VoteType name="Absentee by Mail" votes="111">
                <Precinct name="Metter -1685" votes="67" />
                <Precinct name="Candler-1736" votes="44" />
            </VoteType>
            <VoteType name="Advance in Person" votes="2151">
                <Precinct name="Metter -1685" votes="1146" />
                <Precinct name="Candler-1736" votes="1005" />
            </VoteType>
            <VoteType name="Provisional" votes="3">
                <Precinct name="Metter -1685" votes="1" />
                <Precinct name="Candler-1736" votes="2" />
            </VoteType>
        </Choice>
    </Contest>
    <Contest key="440" text="County Comm 1" isQuestion="false" precinctsReporting="2" precinctsReported="2">
        <VoteType name="Number of Precincts for Race" votes="2">
            <Precinct name="Metter -1685" votes="1" />
            <Precinct name="Candler-1736" votes="1" />
        </VoteType>
        <VoteType name="Number of Precincts Reporting" votes="2">
            <Precinct name="Metter -1685" votes="1" />
            <Precinct name="Candler-1736" votes="1" />
        </VoteType>
        <Choice key="10" text="W. CULBERTSON (R)" totalVotes="431">
            <VoteType name="Election Day" votes="86">
                <Precinct name="Metter -1685" votes="62" />
                <Precinct name="Candler-1736" votes="24" />
            </VoteType>
            <VoteType name="Absentee by Mail" votes="16">
                <Precinct name="Metter -1685" votes="13" />
                <Precinct name="Candler-1736" votes="3" />
            </VoteType>
            <VoteType name="Advance in Person" votes="328">
                <Precinct name="Metter -1685" votes="233" />
                <Precinct name="Candler-1736" votes="95" />
            </VoteType>
            <VoteType name="Provisional" votes="1">
                <Precinct name="Metter -1685" votes="1" />
                <Precinct name="Candler-1736" votes="0" />
            </VoteType>
        </Choice>
        <Choice key="20" text="L.THOMAS (D)" totalVotes="422">
            <VoteType name="Election Day" votes="182">
                <Precinct name="Metter -1685" votes="149" />
                <Precinct name="Candler-1736" votes="33" />
            </VoteType>
            <VoteType name="Absentee by Mail" votes="17">
                <Precinct name="Metter -1685" votes="14" />
                <Precinct name="Candler-1736" votes="3" />
            </VoteType>
            <VoteType name="Advance in Person" votes="222">
                <Precinct name="Metter -1685" votes="179" />
                <Precinct name="Candler-1736" votes="43" />
            </VoteType>
            <VoteType name="Provisional" votes="1">
                <Precinct name="Metter -1685" votes="1" />
                <Precinct name="Candler-1736" votes="0" />
            </VoteType>
        </Choice>
    </Contest>
    <Contest key="460" text="County Comm 2" isQuestion="false" precinctsReporting="1" precinctsReported="1">
        <VoteType name="Number of Precincts for Race" votes="1">
            <Precinct name="Candler-1736" votes="1" />
        </VoteType>
        <VoteType name="Number of Precincts Reporting" votes="1">
            <Precinct name="Candler-1736" votes="1" />
        </VoteType>
        <Choice key="10" text="B. JONES (I)(R)" totalVotes="731">
            <VoteType name="Election Day" votes="203">
                <Precinct name="Candler-1736" votes="203" />
            </VoteType>
            <VoteType name="Absentee by Mail" votes="27">
                <Precinct name="Candler-1736" votes="27" />
            </VoteType>
            <VoteType name="Advance in Person" votes="499">
                <Precinct name="Candler-1736" votes="499" />
            </VoteType>
            <VoteType name="Provisional" votes="2">
                <Precinct name="Candler-1736" votes="2" />
            </VoteType>
        </Choice>
    </Contest>
    <Contest key="480" text="County Comm 3" isQuestion="false" precinctsReporting="2" precinctsReported="2">
        <VoteType name="Number of Precincts for Race" votes="2">
            <Precinct name="Metter -1685" votes="1" />
            <Precinct name="Candler-1736" votes="1" />
        </VoteType>
        <VoteType name="Number of Precincts Reporting" votes="2">
            <Precinct name="Metter -1685" votes="1" />
            <Precinct name="Candler-1736" votes="1" />
        </VoteType>
        <Choice key="10" text="D. ROBINSON (I)(R)" totalVotes="686">
            <VoteType name="Election Day" votes="179">
                <Precinct name="Metter -1685" votes="56" />
                <Precinct name="Candler-1736" votes="123" />
            </VoteType>
            <VoteType name="Absentee by Mail" votes="13">
                <Precinct name="Metter -1685" votes="2" />
                <Precinct name="Candler-1736" votes="11" />
            </VoteType>
            <VoteType name="Advance in Person" votes="494">
                <Precinct name="Metter -1685" votes="112" />
                <Precinct name="Candler-1736" votes="382" />
            </VoteType>
            <VoteType name="Provisional" votes="0">
                <Precinct name="Metter -1685" votes="0" />
                <Precinct name="Candler-1736" votes="0" />
            </VoteType>
        </Choice>
    </Contest>
    <Contest key="490" text="County Comm 4" isQuestion="false" precinctsReporting="1" precinctsReported="1">
        <VoteType name="Number of Precincts for Race" votes="1">
            <Precinct name="Metter -1685" votes="1" />
        </VoteType>
        <VoteType name="Number of Precincts Reporting" votes="1">
            <Precinct name="Metter -1685" votes="1" />
        </VoteType>
        <Choice key="10" text="D. WELLS (I)(R)" totalVotes="1000">
            <VoteType name="Election Day" votes="216">
                <Precinct name="Metter -1685" votes="216" />
            </VoteType>
            <VoteType name="Absentee by Mail" votes="48">
                <Precinct name="Metter -1685" votes="48" />
            </VoteType>
            <VoteType name="Advance in Person" votes="736">
                <Precinct name="Metter -1685" votes="736" />
            </VoteType>
            <VoteType name="Provisional" votes="0">
                <Precinct name="Metter -1685" votes="0" />
            </VoteType>
        </Choice>
    </Contest>
    <Contest key="500" text="Constitutional Amendment #1&lt;br&gt;Provides greater flexibility and state accountability to fix failing schools through increasing community involvement." isQuestion="false" precinctsReporting="2" precinctsReported="2">
        <VoteType name="Number of Precincts for Race" votes="2">
            <Precinct name="Metter -1685" votes="1" />
            <Precinct name="Candler-1736" votes="1" />
        </VoteType>
        <VoteType name="Number of Precincts Reporting" votes="2">
            <Precinct name="Metter -1685" votes="1" />
            <Precinct name="Candler-1736" votes="1" />
        </VoteType>
        <Choice key="10" text="YES" totalVotes="1194">
            <VoteType name="Election Day" votes="376">
                <Precinct name="Metter -1685" votes="203" />
                <Precinct name="Candler-1736" votes="173" />
            </VoteType>
            <VoteType name="Absentee by Mail" votes="39">
                <Precinct name="Metter -1685" votes="20" />
                <Precinct name="Candler-1736" votes="19" />
            </VoteType>
            <VoteType name="Advance in Person" votes="775">
                <Precinct name="Metter -1685" votes="394" />
                <Precinct name="Candler-1736" votes="381" />
            </VoteType>
            <VoteType name="Provisional" votes="4">
                <Precinct name="Metter -1685" votes="2" />
                <Precinct name="Candler-1736" votes="2" />
            </VoteType>
        </Choice>
        <Choice key="20" text="NO" totalVotes="2470">
            <VoteType name="Election Day" votes="583">
                <Precinct name="Metter -1685" votes="315" />
                <Precinct name="Candler-1736" votes="268" />
            </VoteType>
            <VoteType name="Absentee by Mail" votes="93">
                <Precinct name="Metter -1685" votes="62" />
                <Precinct name="Candler-1736" votes="31" />
            </VoteType>
            <VoteType name="Advance in Person" votes="1793">
                <Precinct name="Metter -1685" votes="1007" />
                <Precinct name="Candler-1736" votes="786" />
            </VoteType>
            <VoteType name="Provisional" votes="1">
                <Precinct name="Metter -1685" votes="1" />
                <Precinct name="Candler-1736" votes="0" />
            </VoteType>
        </Choice>
    </Contest>
    <Contest key="510" text="Constitutional Amendment #2&lt;br&gt;Authorizes penalties for sexual exploitation and assessments on adult entertainment to fund child victims' services." isQuestion="false" precinctsReporting="2" precinctsReported="2">
        <VoteType name="Number of Precincts for Race" votes="2">
            <Precinct name="Metter -1685" votes="1" />
            <Precinct name="Candler-1736" votes="1" />
        </VoteType>
        <VoteType name="Number of Precincts Reporting" votes="2">
            <Precinct name="Metter -1685" votes="1" />
            <Precinct name="Candler-1736" votes="1" />
        </VoteType>
        <Choice key="10" text="YES" totalVotes="2981">
            <VoteType name="Election Day" votes="794">
                <Precinct name="Metter -1685" votes="445" />
                <Precinct name="Candler-1736" votes="349" />
            </VoteType>
            <VoteType name="Absentee by Mail" votes="115">
                <Precinct name="Metter -1685" votes="69" />
                <Precinct name="Candler-1736" votes="46" />
            </VoteType>
            <VoteType name="Advance in Person" votes="2067">
                <Precinct name="Metter -1685" votes="1113" />
                <Precinct name="Candler-1736" votes="954" />
            </VoteType>
            <VoteType name="Provisional" votes="5">
                <Precinct name="Metter -1685" votes="3" />
                <Precinct name="Candler-1736" votes="2" />
            </VoteType>
        </Choice>
        <Choice key="20" text="NO" totalVotes="583">
            <VoteType name="Election Day" votes="158">
                <Precinct name="Metter -1685" votes="76" />
                <Precinct name="Candler-1736" votes="82" />
            </VoteType>
            <VoteType name="Absentee by Mail" votes="12">
                <Precinct name="Metter -1685" votes="8" />
                <Precinct name="Candler-1736" votes="4" />
            </VoteType>
            <VoteType name="Advance in Person" votes="413">
                <Precinct name="Metter -1685" votes="236" />
                <Precinct name="Candler-1736" votes="177" />
            </VoteType>
            <VoteType name="Provisional" votes="0">
                <Precinct name="Metter -1685" votes="0" />
                <Precinct name="Candler-1736" votes="0" />
            </VoteType>
        </Choice>
    </Contest>
    <Contest key="520" text="Constitutional Amendment #3&lt;br&gt;Reforms and re-establishes the Judicial Qualifications Commission and provides for its composition, governance, and powers." isQuestion="false" precinctsReporting="2" precinctsReported="2">
        <VoteType name="Number of Precincts for Race" votes="2">
            <Precinct name="Metter -1685" votes="1" />
            <Precinct name="Candler-1736" votes="1" />
        </VoteType>
        <VoteType name="Number of Precincts Reporting" votes="2">
            <Precinct name="Metter -1685" votes="1" />
            <Precinct name="Candler-1736" votes="1" />
        </VoteType>
        <Choice key="10" text="YES" totalVotes="2075">
            <VoteType name="Election Day" votes="595">
                <Precinct name="Metter -1685" votes="338" />
                <Precinct name="Candler-1736" votes="257" />
            </VoteType>
            <VoteType name="Absentee by Mail" votes="74">
                <Precinct name="Metter -1685" votes="46" />
                <Precinct name="Candler-1736" votes="28" />
            </VoteType>
            <VoteType name="Advance in Person" votes="1404">
                <Precinct name="Metter -1685" votes="748" />
                <Precinct name="Candler-1736" votes="656" />
            </VoteType>
            <VoteType name="Provisional" votes="2">
                <Precinct name="Metter -1685" votes="1" />
                <Precinct name="Candler-1736" votes="1" />
            </VoteType>
        </Choice>
        <Choice key="20" text="NO" totalVotes="1242">
            <VoteType name="Election Day" votes="308">
                <Precinct name="Metter -1685" votes="157" />
                <Precinct name="Candler-1736" votes="151" />
            </VoteType>
            <VoteType name="Absentee by Mail" votes="42">
                <Precinct name="Metter -1685" votes="26" />
                <Precinct name="Candler-1736" votes="16" />
            </VoteType>
            <VoteType name="Advance in Person" votes="892">
                <Precinct name="Metter -1685" votes="495" />
                <Precinct name="Candler-1736" votes="397" />
            </VoteType>
            <VoteType name="Provisional" votes="0">
                <Precinct name="Metter -1685" votes="0" />
                <Precinct name="Candler-1736" votes="0" />
            </VoteType>
        </Choice>
    </Contest>
    <Contest key="530" text="Constitutional Amendment #4&lt;br&gt;Dedicates revenue from existing taxes on fireworks to trauma care, fire services, and public safety." isQuestion="false" precinctsReporting="2" precinctsReported="2">
        <VoteType name="Number of Precincts for Race" votes="2">
            <Precinct name="Metter -1685" votes="1" />
            <Precinct name="Candler-1736" votes="1" />
        </VoteType>
        <VoteType name="Number of Precincts Reporting" votes="2">
            <Precinct name="Metter -1685" votes="1" />
            <Precinct name="Candler-1736" votes="1" />
        </VoteType>
        <Choice key="10" text="YES" totalVotes="2786">
            <VoteType name="Election Day" votes="733">
                <Precinct name="Metter -1685" votes="400" />
                <Precinct name="Candler-1736" votes="333" />
            </VoteType>
            <VoteType name="Absentee by Mail" votes="106">
                <Precinct name="Metter -1685" votes="64" />
                <Precinct name="Candler-1736" votes="42" />
            </VoteType>
            <VoteType name="Advance in Person" votes="1942">
                <Precinct name="Metter -1685" votes="1066" />
                <Precinct name="Candler-1736" votes="876" />
            </VoteType>
            <VoteType name="Provisional" votes="5">
                <Precinct name="Metter -1685" votes="3" />
                <Precinct name="Candler-1736" votes="2" />
            </VoteType>
        </Choice>
        <Choice key="20" text="NO" totalVotes="748">
            <VoteType name="Election Day" votes="202">
                <Precinct name="Metter -1685" votes="110" />
                <Precinct name="Candler-1736" votes="92" />
            </VoteType>
            <VoteType name="Absentee by Mail" votes="20">
                <Precinct name="Metter -1685" votes="13" />
                <Precinct name="Candler-1736" votes="7" />
            </VoteType>
            <VoteType name="Advance in Person" votes="526">
                <Precinct name="Metter -1685" votes="273" />
                <Precinct name="Candler-1736" votes="253" />
            </VoteType>
            <VoteType name="Provisional" votes="0">
                <Precinct name="Metter -1685" votes="0" />
                <Precinct name="Candler-1736" votes="0" />
            </VoteType>
        </Choice>
    </Contest>
    <Contest key="550" text="Special - Advisory Referendum" isQuestion="false" precinctsReporting="2" precinctsReported="2">
        <VoteType name="Number of Precincts for Race" votes="2">
            <Precinct name="Metter -1685" votes="1" />
            <Precinct name="Candler-1736" votes="1" />
        </VoteType>
        <VoteType name="Number of Precincts Reporting" votes="2">
            <Precinct name="Metter -1685" votes="1" />
            <Precinct name="Candler-1736" votes="1" />
        </VoteType>
        <Choice key="10" text="YES" totalVotes="1497">
            <VoteType name="Election Day" votes="476">
                <Precinct name="Metter -1685" votes="266" />
                <Precinct name="Candler-1736" votes="210" />
            </VoteType>
            <VoteType name="Absentee by Mail" votes="54">
                <Precinct name="Metter -1685" votes="38" />
                <Precinct name="Candler-1736" votes="16" />
            </VoteType>
            <VoteType name="Advance in Person" votes="967">
                <Precinct name="Metter -1685" votes="556" />
                <Precinct name="Candler-1736" votes="411" />
            </VoteType>
            <VoteType name="Provisional" votes="0">
                <Precinct name="Metter -1685" votes="0" />
                <Precinct name="Candler-1736" votes="0" />
            </VoteType>
        </Choice>
        <Choice key="20" text="NO" totalVotes="2061">
            <VoteType name="Election Day" votes="460">
                <Precinct name="Metter -1685" votes="243" />
                <Precinct name="Candler-1736" votes="217" />
            </VoteType>
            <VoteType name="Absentee by Mail" votes="72">
                <Precinct name="Metter -1685" votes="41" />
                <Precinct name="Candler-1736" votes="31" />
            </VoteType>
            <VoteType name="Advance in Person" votes="1524">
                <Precinct name="Metter -1685" votes="796" />
                <Precinct name="Candler-1736" votes="728" />
            </VoteType>
            <VoteType name="Provisional" votes="5">
                <Precinct name="Metter -1685" votes="3" />
                <Precinct name="Candler-1736" votes="2" />
            </VoteType>
        </Choice>
    </Contest>
    <Contest key="560" text="Special - Metter - Sunday Package Sales" isQuestion="false" precinctsReporting="2" precinctsReported="2">
        <VoteType name="Number of Precincts for Race" votes="2">
            <Precinct name="Metter -1685" votes="1" />
            <Precinct name="Candler-1736" votes="1" />
        </VoteType>
        <VoteType name="Number of Precincts Reporting" votes="2">
            <Precinct name="Metter -1685" votes="1" />
            <Precinct name="Candler-1736" votes="1" />
        </VoteType>
        <Choice key="10" text="YES" totalVotes="687">
            <VoteType name="Election Day" votes="228">
                <Precinct name="Metter -1685" votes="160" />
                <Precinct name="Candler-1736" votes="68" />
            </VoteType>
            <VoteType name="Absentee by Mail" votes="22">
                <Precinct name="Metter -1685" votes="13" />
                <Precinct name="Candler-1736" votes="9" />
            </VoteType>
            <VoteType name="Advance in Person" votes="436">
                <Precinct name="Metter -1685" votes="272" />
                <Precinct name="Candler-1736" votes="164" />
            </VoteType>
            <VoteType name="Provisional" votes="1">
                <Precinct name="Metter -1685" votes="1" />
                <Precinct name="Candler-1736" votes="0" />
            </VoteType>
        </Choice>
        <Choice key="20" text="NO" totalVotes="605">
            <VoteType name="Election Day" votes="152">
                <Precinct name="Metter -1685" votes="99" />
                <Precinct name="Candler-1736" votes="53" />
            </VoteType>
            <VoteType name="Absentee by Mail" votes="42">
                <Precinct name="Metter -1685" votes="25" />
                <Precinct name="Candler-1736" votes="17" />
            </VoteType>
            <VoteType name="Advance in Person" votes="410">
                <Precinct name="Metter -1685" votes="241" />
                <Precinct name="Candler-1736" votes="169" />
            </VoteType>
            <VoteType name="Provisional" votes="1">
                <Precinct name="Metter -1685" votes="1" />
                <Precinct name="Candler-1736" votes="0" />
            </VoteType>
        </Choice>
    </Contest>
    <Contest key="570" text="Special - Metter - Sunday Retail Consumption" isQuestion="false" precinctsReporting="2" precinctsReported="2">
        <VoteType name="Number of Precincts for Race" votes="2">
            <Precinct name="Metter -1685" votes="1" />
            <Precinct name="Candler-1736" votes="1" />
        </VoteType>
        <VoteType name="Number of Precincts Reporting" votes="2">
            <Precinct name="Metter -1685" votes="1" />
            <Precinct name="Candler-1736" votes="1" />
        </VoteType>
        <Choice key="10" text="YES" totalVotes="702">
            <VoteType name="Election Day" votes="230">
                <Precinct name="Metter -1685" votes="164" />
                <Precinct name="Candler-1736" votes="66" />
            </VoteType>
            <VoteType name="Absentee by Mail" votes="26">
                <Precinct name="Metter -1685" votes="14" />
                <Precinct name="Candler-1736" votes="12" />
            </VoteType>
            <VoteType name="Advance in Person" votes="445">
                <Precinct name="Metter -1685" votes="272" />
                <Precinct name="Candler-1736" votes="173" />
            </VoteType>
            <VoteType name="Provisional" votes="1">
                <Precinct name="Metter -1685" votes="1" />
                <Precinct name="Candler-1736" votes="0" />
            </VoteType>
        </Choice>
        <Choice key="20" text="NO" totalVotes="607">
            <VoteType name="Election Day" votes="156">
                <Precinct name="Metter -1685" votes="99" />
                <Precinct name="Candler-1736" votes="57" />
            </VoteType>
            <VoteType name="Absentee by Mail" votes="39">
                <Precinct name="Metter -1685" votes="24" />
                <Precinct name="Candler-1736" votes="15" />
            </VoteType>
            <VoteType name="Advance in Person" votes="411">
                <Precinct name="Metter -1685" votes="249" />
                <Precinct name="Candler-1736" votes="162" />
            </VoteType>
            <VoteType name="Provisional" votes="1">
                <Precinct name="Metter -1685" votes="1" />
                <Precinct name="Candler-1736" votes="0" />
            </VoteType>
        </Choice>
    </Contest>
</ElectionResult>