<?xml version="1.0"?>
<!--Election result snapshot imported from Tabulation System
-->
<ElectionResult>
    <Timestamp>11/10/2016 10:22:57 AM EST</Timestamp>
    <ElectionName>November 8, 2016 - General Election</ElectionName>
    <ElectionDate>11/8/2016</ElectionDate>
    <Region>Echols</Region>
    <VoterTurnout totalVoters="1579" ballotsCast="1184" voterTurnout="74.98">
        <Precincts>
            <Precinct name="Statenville" totalVoters="1579" ballotsCast="1184" voterTurnout="74.98" percentReporting="4" />
        </Precincts>
    </VoterTurnout>
    <Contest key="1" text="President of the United States" isQuestion="false" precinctsReporting="1" precinctsReported="1">
        <VoteType name="Number of Precincts for Race" votes="1">
            <Precinct name="Statenville" votes="1" />
        </VoteType>
        <VoteType name="Number of Precincts Reporting" votes="1">
            <Precinct name="Statenville" votes="1" />
        </VoteType>
        <Choice key="10" text="DONALD J. TRUMP" totalVotes="1007">
            <VoteType name="Election Day" votes="395">
                <Precinct name="Statenville" votes="395" />
            </VoteType>
            <VoteType name="Absentee by Mail" votes="38">
                <Precinct name="Statenville" votes="38" />
            </VoteType>
            <VoteType name="Advance in Person" votes="574">
                <Precinct name="Statenville" votes="574" />
            </VoteType>
            <VoteType name="Provisional" votes="0">
                <Precinct name="Statenville" votes="0" />
            </VoteType>
        </Choice>
        <Choice key="20" text="HILLARY CLINTON" totalVotes="156">
            <VoteType name="Election Day" votes="62">
                <Precinct name="Statenville" votes="62" />
            </VoteType>
            <VoteType name="Absentee by Mail" votes="2">
                <Precinct name="Statenville" votes="2" />
            </VoteType>
            <VoteType name="Advance in Person" votes="92">
                <Precinct name="Statenville" votes="92" />
            </VoteType>
            <VoteType name="Provisional" votes="0">
                <Precinct name="Statenville" votes="0" />
            </VoteType>
        </Choice>
        <Choice key="30" text="GARY JOHNSON" totalVotes="13">
            <VoteType name="Election Day" votes="6">
                <Precinct name="Statenville" votes="6" />
            </VoteType>
            <VoteType name="Absentee by Mail" votes="1">
                <Precinct name="Statenville" votes="1" />
            </VoteType>
            <VoteType name="Advance in Person" votes="6">
                <Precinct name="Statenville" votes="6" />
            </VoteType>
            <VoteType name="Provisional" votes="0">
                <Precinct name="Statenville" votes="0" />
            </VoteType>
        </Choice>
    </Contest>
    <Contest key="10" text="United States Senator, Isakson" isQuestion="false" precinctsReporting="1" precinctsReported="1">
        <VoteType name="Number of Precincts for Race" votes="1">
            <Precinct name="Statenville" votes="1" />
        </VoteType>
        <VoteType name="Number of Precincts Reporting" votes="1">
            <Precinct name="Statenville" votes="1" />
        </VoteType>
        <Choice key="30" text="JOHNNY ISAKSON (I)" totalVotes="874">
            <VoteType name="Election Day" votes="331">
                <Precinct name="Statenville" votes="331" />
            </VoteType>
            <VoteType name="Absentee by Mail" votes="37">
                <Precinct name="Statenville" votes="37" />
            </VoteType>
            <VoteType name="Advance in Person" votes="506">
                <Precinct name="Statenville" votes="506" />
            </VoteType>
            <VoteType name="Provisional" votes="0">
                <Precinct name="Statenville" votes="0" />
            </VoteType>
        </Choice>
        <Choice key="40" text="JIM BARKSDALE" totalVotes="146">
            <VoteType name="Election Day" votes="68">
                <Precinct name="Statenville" votes="68" />
            </VoteType>
            <VoteType name="Absentee by Mail" votes="2">
                <Precinct name="Statenville" votes="2" />
            </VoteType>
            <VoteType name="Advance in Person" votes="76">
                <Precinct name="Statenville" votes="76" />
            </VoteType>
            <VoteType name="Provisional" votes="0">
                <Precinct name="Statenville" votes="0" />
            </VoteType>
        </Choice>
        <Choice key="50" text="ALLEN BUCKLEY" totalVotes="45">
            <VoteType name="Election Day" votes="22">
                <Precinct name="Statenville" votes="22" />
            </VoteType>
            <VoteType name="Absentee by Mail" votes="1">
                <Precinct name="Statenville" votes="1" />
            </VoteType>
            <VoteType name="Advance in Person" votes="22">
                <Precinct name="Statenville" votes="22" />
            </VoteType>
            <VoteType name="Provisional" votes="0">
                <Precinct name="Statenville" votes="0" />
            </VoteType>
        </Choice>
    </Contest>
    <Contest key="30" text="Public Service Commission, District 2 - Eastern" isQuestion="false" precinctsReporting="1" precinctsReported="1">
        <VoteType name="Number of Precincts for Race" votes="1">
            <Precinct name="Statenville" votes="1" />
        </VoteType>
        <VoteType name="Number of Precincts Reporting" votes="1">
            <Precinct name="Statenville" votes="1" />
        </VoteType>
        <Choice key="20" text="TIM ECHOLS (I)" totalVotes="979">
            <VoteType name="Election Day" votes="374">
                <Precinct name="Statenville" votes="374" />
            </VoteType>
            <VoteType name="Absentee by Mail" votes="36">
                <Precinct name="Statenville" votes="36" />
            </VoteType>
            <VoteType name="Advance in Person" votes="569">
                <Precinct name="Statenville" votes="569" />
            </VoteType>
            <VoteType name="Provisional" votes="0">
                <Precinct name="Statenville" votes="0" />
            </VoteType>
        </Choice>
        <Choice key="30" text="ERIC HOSKINS" totalVotes="105">
            <VoteType name="Election Day" votes="60">
                <Precinct name="Statenville" votes="60" />
            </VoteType>
            <VoteType name="Absentee by Mail" votes="2">
                <Precinct name="Statenville" votes="2" />
            </VoteType>
            <VoteType name="Advance in Person" votes="43">
                <Precinct name="Statenville" votes="43" />
            </VoteType>
            <VoteType name="Provisional" votes="0">
                <Precinct name="Statenville" votes="0" />
            </VoteType>
        </Choice>
    </Contest>
    <Contest key="50" text="U.S. Representative, District 1" isQuestion="false" precinctsReporting="1" precinctsReported="1">
        <VoteType name="Number of Precincts for Race" votes="1">
            <Precinct name="Statenville" votes="1" />
        </VoteType>
        <VoteType name="Number of Precincts Reporting" votes="1">
            <Precinct name="Statenville" votes="1" />
        </VoteType>
        <Choice key="10" text="EARL “BUDDY” CARTER (I)" totalVotes="1050">
            <VoteType name="Election Day" votes="423">
                <Precinct name="Statenville" votes="423" />
            </VoteType>
            <VoteType name="Absentee by Mail" votes="40">
                <Precinct name="Statenville" votes="40" />
            </VoteType>
            <VoteType name="Advance in Person" votes="587">
                <Precinct name="Statenville" votes="587" />
            </VoteType>
            <VoteType name="Provisional" votes="0">
                <Precinct name="Statenville" votes="0" />
            </VoteType>
        </Choice>
    </Contest>
    <Contest key="70" text="State Senator, District 8" isQuestion="false" precinctsReporting="1" precinctsReported="1">
        <VoteType name="Number of Precincts for Race" votes="1">
            <Precinct name="Statenville" votes="1" />
        </VoteType>
        <VoteType name="Number of Precincts Reporting" votes="1">
            <Precinct name="Statenville" votes="1" />
        </VoteType>
        <Choice key="10" text="ELLIS BLACK (I)" totalVotes="960">
            <VoteType name="Election Day" votes="378">
                <Precinct name="Statenville" votes="378" />
            </VoteType>
            <VoteType name="Absentee by Mail" votes="39">
                <Precinct name="Statenville" votes="39" />
            </VoteType>
            <VoteType name="Advance in Person" votes="543">
                <Precinct name="Statenville" votes="543" />
            </VoteType>
            <VoteType name="Provisional" votes="0">
                <Precinct name="Statenville" votes="0" />
            </VoteType>
        </Choice>
        <Choice key="20" text="GREGORY WILLIAMS" totalVotes="170">
            <VoteType name="Election Day" votes="72">
                <Precinct name="Statenville" votes="72" />
            </VoteType>
            <VoteType name="Absentee by Mail" votes="2">
                <Precinct name="Statenville" votes="2" />
            </VoteType>
            <VoteType name="Advance in Person" votes="96">
                <Precinct name="Statenville" votes="96" />
            </VoteType>
            <VoteType name="Provisional" votes="0">
                <Precinct name="Statenville" votes="0" />
            </VoteType>
        </Choice>
    </Contest>
    <Contest key="90" text="State Representative, District 174" isQuestion="false" precinctsReporting="1" precinctsReported="1">
        <VoteType name="Number of Precincts for Race" votes="1">
            <Precinct name="Statenville" votes="1" />
        </VoteType>
        <VoteType name="Number of Precincts Reporting" votes="1">
            <Precinct name="Statenville" votes="1" />
        </VoteType>
        <Choice key="10" text="JOHN CORBETT (I)" totalVotes="1071">
            <VoteType name="Election Day" votes="435">
                <Precinct name="Statenville" votes="435" />
            </VoteType>
            <VoteType name="Absentee by Mail" votes="36">
                <Precinct name="Statenville" votes="36" />
            </VoteType>
            <VoteType name="Advance in Person" votes="600">
                <Precinct name="Statenville" votes="600" />
            </VoteType>
            <VoteType name="Provisional" votes="0">
                <Precinct name="Statenville" votes="0" />
            </VoteType>
        </Choice>
    </Contest>
    <Contest key="110" text="District Attorney, Southern Circuit" isQuestion="false" precinctsReporting="1" precinctsReported="1">
        <VoteType name="Number of Precincts for Race" votes="1">
            <Precinct name="Statenville" votes="1" />
        </VoteType>
        <VoteType name="Number of Precincts Reporting" votes="1">
            <Precinct name="Statenville" votes="1" />
        </VoteType>
        <Choice key="10" text="BRAD SHEALY" totalVotes="1041">
            <VoteType name="Election Day" votes="419">
                <Precinct name="Statenville" votes="419" />
            </VoteType>
            <VoteType name="Absentee by Mail" votes="37">
                <Precinct name="Statenville" votes="37" />
            </VoteType>
            <VoteType name="Advance in Person" votes="585">
                <Precinct name="Statenville" votes="585" />
            </VoteType>
            <VoteType name="Provisional" votes="0">
                <Precinct name="Statenville" votes="0" />
            </VoteType>
        </Choice>
    </Contest>
    <Contest key="130" text="CLERK, SUPERIOR COURT" isQuestion="false" precinctsReporting="1" precinctsReported="1">
        <VoteType name="Number of Precincts for Race" votes="1">
            <Precinct name="Statenville" votes="1" />
        </VoteType>
        <VoteType name="Number of Precincts Reporting" votes="1">
            <Precinct name="Statenville" votes="1" />
        </VoteType>
        <Choice key="10" text="N. ROGERS (I) R" totalVotes="1064">
            <VoteType name="Election Day" votes="427">
                <Precinct name="Statenville" votes="427" />
            </VoteType>
            <VoteType name="Absentee by Mail" votes="40">
                <Precinct name="Statenville" votes="40" />
            </VoteType>
            <VoteType name="Advance in Person" votes="597">
                <Precinct name="Statenville" votes="597" />
            </VoteType>
            <VoteType name="Provisional" votes="0">
                <Precinct name="Statenville" votes="0" />
            </VoteType>
        </Choice>
    </Contest>
    <Contest key="150" text="SHERIFF" isQuestion="false" precinctsReporting="1" precinctsReported="1">
        <VoteType name="Number of Precincts for Race" votes="1">
            <Precinct name="Statenville" votes="1" />
        </VoteType>
        <VoteType name="Number of Precincts Reporting" votes="1">
            <Precinct name="Statenville" votes="1" />
        </VoteType>
        <Choice key="10" text="R. COURSON (I) R" totalVotes="1050">
            <VoteType name="Election Day" votes="415">
                <Precinct name="Statenville" votes="415" />
            </VoteType>
            <VoteType name="Absentee by Mail" votes="34">
                <Precinct name="Statenville" votes="34" />
            </VoteType>
            <VoteType name="Advance in Person" votes="601">
                <Precinct name="Statenville" votes="601" />
            </VoteType>
            <VoteType name="Provisional" votes="0">
                <Precinct name="Statenville" votes="0" />
            </VoteType>
        </Choice>
    </Contest>
    <Contest key="170" text="TAX COMMISSIONER" isQuestion="false" precinctsReporting="1" precinctsReported="1">
        <VoteType name="Number of Precincts for Race" votes="1">
            <Precinct name="Statenville" votes="1" />
        </VoteType>
        <VoteType name="Number of Precincts Reporting" votes="1">
            <Precinct name="Statenville" votes="1" />
        </VoteType>
        <Choice key="10" text="M. TURNER (I) R" totalVotes="1078">
            <VoteType name="Election Day" votes="432">
                <Precinct name="Statenville" votes="432" />
            </VoteType>
            <VoteType name="Absentee by Mail" votes="40">
                <Precinct name="Statenville" votes="40" />
            </VoteType>
            <VoteType name="Advance in Person" votes="606">
                <Precinct name="Statenville" votes="606" />
            </VoteType>
            <VoteType name="Provisional" votes="0">
                <Precinct name="Statenville" votes="0" />
            </VoteType>
        </Choice>
    </Contest>
    <Contest key="190" text="CORONER" isQuestion="false" precinctsReporting="1" precinctsReported="1">
        <VoteType name="Number of Precincts for Race" votes="1">
            <Precinct name="Statenville" votes="1" />
        </VoteType>
        <VoteType name="Number of Precincts Reporting" votes="1">
            <Precinct name="Statenville" votes="1" />
        </VoteType>
        <Choice key="10" text="A. LEONARD (I) R" totalVotes="1039">
            <VoteType name="Election Day" votes="417">
                <Precinct name="Statenville" votes="417" />
            </VoteType>
            <VoteType name="Absentee by Mail" votes="39">
                <Precinct name="Statenville" votes="39" />
            </VoteType>
            <VoteType name="Advance in Person" votes="583">
                <Precinct name="Statenville" votes="583" />
            </VoteType>
            <VoteType name="Provisional" votes="0">
                <Precinct name="Statenville" votes="0" />
            </VoteType>
        </Choice>
    </Contest>
    <Contest key="210" text="CC, P1" isQuestion="false" precinctsReporting="1" precinctsReported="1">
        <VoteType name="Number of Precincts for Race" votes="1">
            <Precinct name="Statenville" votes="1" />
        </VoteType>
        <VoteType name="Number of Precincts Reporting" votes="1">
            <Precinct name="Statenville" votes="1" />
        </VoteType>
        <Choice key="20" text="B. WALKER SR. (I) R" totalVotes="1023">
            <VoteType name="Election Day" votes="417">
                <Precinct name="Statenville" votes="417" />
            </VoteType>
            <VoteType name="Absentee by Mail" votes="41">
                <Precinct name="Statenville" votes="41" />
            </VoteType>
            <VoteType name="Advance in Person" votes="565">
                <Precinct name="Statenville" votes="565" />
            </VoteType>
            <VoteType name="Provisional" votes="0">
                <Precinct name="Statenville" votes="0" />
            </VoteType>
        </Choice>
    </Contest>
    <Contest key="230" text="CC, P2" isQuestion="false" precinctsReporting="1" precinctsReported="1">
        <VoteType name="Number of Precincts for Race" votes="1">
            <Precinct name="Statenville" votes="1" />
        </VoteType>
        <VoteType name="Number of Precincts Reporting" votes="1">
            <Precinct name="Statenville" votes="1" />
        </VoteType>
        <Choice key="20" text="S. CORBETT (R)" totalVotes="1035">
            <VoteType name="Election Day" votes="420">
                <Precinct name="Statenville" votes="420" />
            </VoteType>
            <VoteType name="Absentee by Mail" votes="32">
                <Precinct name="Statenville" votes="32" />
            </VoteType>
            <VoteType name="Advance in Person" votes="583">
                <Precinct name="Statenville" votes="583" />
            </VoteType>
            <VoteType name="Provisional" votes="0">
                <Precinct name="Statenville" votes="0" />
            </VoteType>
        </Choice>
    </Contest>
    <Contest key="300" text="Constitutional Amendment #1&lt;br&gt;Provides greater flexibility and state accountability to fix failing schools through increasing community involvement." isQuestion="false" precinctsReporting="1" precinctsReported="1">
        <VoteType name="Number of Precincts for Race" votes="1">
            <Precinct name="Statenville" votes="1" />
        </VoteType>
        <VoteType name="Number of Precincts Reporting" votes="1">
            <Precinct name="Statenville" votes="1" />
        </VoteType>
        <Choice key="10" text="YES" totalVotes="436">
            <VoteType name="Election Day" votes="178">
                <Precinct name="Statenville" votes="178" />
            </VoteType>
            <VoteType name="Absentee by Mail" votes="18">
                <Precinct name="Statenville" votes="18" />
            </VoteType>
            <VoteType name="Advance in Person" votes="240">
                <Precinct name="Statenville" votes="240" />
            </VoteType>
            <VoteType name="Provisional" votes="0">
                <Precinct name="Statenville" votes="0" />
            </VoteType>
        </Choice>
        <Choice key="20" text="NO" totalVotes="692">
            <VoteType name="Election Day" votes="266">
                <Precinct name="Statenville" votes="266" />
            </VoteType>
            <VoteType name="Absentee by Mail" votes="21">
                <Precinct name="Statenville" votes="21" />
            </VoteType>
            <VoteType name="Advance in Person" votes="405">
                <Precinct name="Statenville" votes="405" />
            </VoteType>
            <VoteType name="Provisional" votes="0">
                <Precinct name="Statenville" votes="0" />
            </VoteType>
        </Choice>
    </Contest>
    <Contest key="310" text="Constitutional Amendment #2&lt;br&gt;Authorizes penalties for sexual exploitation and assessments on adult entertainment to fund child victims' services." isQuestion="false" precinctsReporting="1" precinctsReported="1">
        <VoteType name="Number of Precincts for Race" votes="1">
            <Precinct name="Statenville" votes="1" />
        </VoteType>
        <VoteType name="Number of Precincts Reporting" votes="1">
            <Precinct name="Statenville" votes="1" />
        </VoteType>
        <Choice key="10" text="YES" totalVotes="919">
            <VoteType name="Election Day" votes="354">
                <Precinct name="Statenville" votes="354" />
            </VoteType>
            <VoteType name="Absentee by Mail" votes="30">
                <Precinct name="Statenville" votes="30" />
            </VoteType>
            <VoteType name="Advance in Person" votes="535">
                <Precinct name="Statenville" votes="535" />
            </VoteType>
            <VoteType name="Provisional" votes="0">
                <Precinct name="Statenville" votes="0" />
            </VoteType>
        </Choice>
        <Choice key="20" text="NO" totalVotes="174">
            <VoteType name="Election Day" votes="74">
                <Precinct name="Statenville" votes="74" />
            </VoteType>
            <VoteType name="Absentee by Mail" votes="9">
                <Precinct name="Statenville" votes="9" />
            </VoteType>
            <VoteType name="Advance in Person" votes="91">
                <Precinct name="Statenville" votes="91" />
            </VoteType>
            <VoteType name="Provisional" votes="0">
                <Precinct name="Statenville" votes="0" />
            </VoteType>
        </Choice>
    </Contest>
    <Contest key="330" text="Constitutional Amendment #3&lt;br&gt;Reforms and re-establishes the Judicial Qualifications Commission and provides for its composition, governance, and powers." isQuestion="false" precinctsReporting="1" precinctsReported="1">
        <VoteType name="Number of Precincts for Race" votes="1">
            <Precinct name="Statenville" votes="1" />
        </VoteType>
        <VoteType name="Number of Precincts Reporting" votes="1">
            <Precinct name="Statenville" votes="1" />
        </VoteType>
        <Choice key="10" text="YES" totalVotes="639">
            <VoteType name="Election Day" votes="265">
                <Precinct name="Statenville" votes="265" />
            </VoteType>
            <VoteType name="Absentee by Mail" votes="22">
                <Precinct name="Statenville" votes="22" />
            </VoteType>
            <VoteType name="Advance in Person" votes="352">
                <Precinct name="Statenville" votes="352" />
            </VoteType>
            <VoteType name="Provisional" votes="0">
                <Precinct name="Statenville" votes="0" />
            </VoteType>
        </Choice>
        <Choice key="20" text="NO" totalVotes="393">
            <VoteType name="Election Day" votes="138">
                <Precinct name="Statenville" votes="138" />
            </VoteType>
            <VoteType name="Absentee by Mail" votes="16">
                <Precinct name="Statenville" votes="16" />
            </VoteType>
            <VoteType name="Advance in Person" votes="239">
                <Precinct name="Statenville" votes="239" />
            </VoteType>
            <VoteType name="Provisional" votes="0">
                <Precinct name="Statenville" votes="0" />
            </VoteType>
        </Choice>
    </Contest>
    <Contest key="340" text="Constitutional Amendment #4&lt;br&gt;Dedicates revenue from existing taxes on fireworks to trauma care, fire services, and public safety." isQuestion="false" precinctsReporting="1" precinctsReported="1">
        <VoteType name="Number of Precincts for Race" votes="1">
            <Precinct name="Statenville" votes="1" />
        </VoteType>
        <VoteType name="Number of Precincts Reporting" votes="1">
            <Precinct name="Statenville" votes="1" />
        </VoteType>
        <Choice key="10" text="YES" totalVotes="841">
            <VoteType name="Election Day" votes="337">
                <Precinct name="Statenville" votes="337" />
            </VoteType>
            <VoteType name="Absentee by Mail" votes="31">
                <Precinct name="Statenville" votes="31" />
            </VoteType>
            <VoteType name="Advance in Person" votes="473">
                <Precinct name="Statenville" votes="473" />
            </VoteType>
            <VoteType name="Provisional" votes="0">
                <Precinct name="Statenville" votes="0" />
            </VoteType>
        </Choice>
        <Choice key="20" text="NO" totalVotes="239">
            <VoteType name="Election Day" votes="90">
                <Precinct name="Statenville" votes="90" />
            </VoteType>
            <VoteType name="Absentee by Mail" votes="8">
                <Precinct name="Statenville" votes="8" />
            </VoteType>
            <VoteType name="Advance in Person" votes="141">
                <Precinct name="Statenville" votes="141" />
            </VoteType>
            <VoteType name="Provisional" votes="0">
                <Precinct name="Statenville" votes="0" />
            </VoteType>
        </Choice>
    </Contest>
    <Contest key="500" text="SPECIAL - Sales and Use" isQuestion="false" precinctsReporting="1" precinctsReported="1">
        <VoteType name="Number of Precincts for Race" votes="1">
            <Precinct name="Statenville" votes="1" />
        </VoteType>
        <VoteType name="Number of Precincts Reporting" votes="1">
            <Precinct name="Statenville" votes="1" />
        </VoteType>
        <Choice key="10" text="YES" totalVotes="689">
            <VoteType name="Election Day" votes="278">
                <Precinct name="Statenville" votes="278" />
            </VoteType>
            <VoteType name="Absentee by Mail" votes="21">
                <Precinct name="Statenville" votes="21" />
            </VoteType>
            <VoteType name="Advance in Person" votes="390">
                <Precinct name="Statenville" votes="390" />
            </VoteType>
            <VoteType name="Provisional" votes="0">
                <Precinct name="Statenville" votes="0" />
            </VoteType>
        </Choice>
        <Choice key="20" text="NO" totalVotes="418">
            <VoteType name="Election Day" votes="157">
                <Precinct name="Statenville" votes="157" />
            </VoteType>
            <VoteType name="Absentee by Mail" votes="19">
                <Precinct name="Statenville" votes="19" />
            </VoteType>
            <VoteType name="Advance in Person" votes="242">
                <Precinct name="Statenville" votes="242" />
            </VoteType>
            <VoteType name="Provisional" votes="0">
                <Precinct name="Statenville" votes="0" />
            </VoteType>
        </Choice>
    </Contest>
</ElectionResult>