<?xml version="1.0"?>
<!--Election result snapshot imported from Tabulation System
-->
<ElectionResult>
    <Timestamp>11/14/2016 5:08:08 PM EST</Timestamp>
    <ElectionName>November 8, 2016 - General Election</ElectionName>
    <ElectionDate>11/8/2016</ElectionDate>
    <Region>Berrien</Region>
    <VoterTurnout totalVoters="10920" ballotsCast="6636" voterTurnout="60.77">
        <Precincts>
            <Precinct name="West Berrien" totalVoters="962" ballotsCast="691" voterTurnout="71.83" percentReporting="4" />
            <Precinct name="Ray City" totalVoters="1892" ballotsCast="1031" voterTurnout="54.49" percentReporting="4" />
            <Precinct name="Nashville" totalVoters="5952" ballotsCast="3574" voterTurnout="60.05" percentReporting="4" />
            <Precinct name="Enigma" totalVoters="1029" ballotsCast="604" voterTurnout="58.70" percentReporting="4" />
            <Precinct name="Alapaha" totalVoters="1085" ballotsCast="736" voterTurnout="67.83" percentReporting="4" />
        </Precincts>
    </VoterTurnout>
    <Contest key="1" text="President of the United States" isQuestion="false" precinctsReporting="5" precinctsReported="5">
        <VoteType name="Number of Precincts for Race" votes="5">
            <Precinct name="West Berrien" votes="1" />
            <Precinct name="Ray City" votes="1" />
            <Precinct name="Nashville" votes="1" />
            <Precinct name="Enigma" votes="1" />
            <Precinct name="Alapaha" votes="1" />
        </VoteType>
        <VoteType name="Number of Precincts Reporting" votes="5">
            <Precinct name="West Berrien" votes="1" />
            <Precinct name="Ray City" votes="1" />
            <Precinct name="Nashville" votes="1" />
            <Precinct name="Enigma" votes="1" />
            <Precinct name="Alapaha" votes="1" />
        </VoteType>
        <Choice key="10" text="DONALD J. TRUMP" totalVotes="5422">
            <VoteType name="Election Day" votes="2351">
                <Precinct name="West Berrien" votes="400" />
                <Precinct name="Ray City" votes="442" />
                <Precinct name="Nashville" votes="831" />
                <Precinct name="Enigma" votes="365" />
                <Precinct name="Alapaha" votes="313" />
            </VoteType>
            <VoteType name="Absentee by Mail" votes="267">
                <Precinct name="West Berrien" votes="35" />
                <Precinct name="Ray City" votes="25" />
                <Precinct name="Nashville" votes="152" />
                <Precinct name="Enigma" votes="18" />
                <Precinct name="Alapaha" votes="37" />
            </VoteType>
            <VoteType name="Advance in Person" votes="2790">
                <Precinct name="West Berrien" votes="190" />
                <Precinct name="Ray City" votes="370" />
                <Precinct name="Nashville" votes="1921" />
                <Precinct name="Enigma" votes="132" />
                <Precinct name="Alapaha" votes="177" />
            </VoteType>
            <VoteType name="Provisional" votes="14">
                <Precinct name="West Berrien" votes="0" />
                <Precinct name="Ray City" votes="1" />
                <Precinct name="Nashville" votes="10" />
                <Precinct name="Enigma" votes="1" />
                <Precinct name="Alapaha" votes="2" />
            </VoteType>
        </Choice>
        <Choice key="20" text="HILLARY CLINTON" totalVotes="1047">
            <VoteType name="Election Day" votes="508">
                <Precinct name="West Berrien" votes="28" />
                <Precinct name="Ray City" votes="102" />
                <Precinct name="Nashville" votes="200" />
                <Precinct name="Enigma" votes="43" />
                <Precinct name="Alapaha" votes="135" />
            </VoteType>
            <VoteType name="Absentee by Mail" votes="90">
                <Precinct name="West Berrien" votes="7" />
                <Precinct name="Ray City" votes="11" />
                <Precinct name="Nashville" votes="50" />
                <Precinct name="Enigma" votes="11" />
                <Precinct name="Alapaha" votes="11" />
            </VoteType>
            <VoteType name="Advance in Person" votes="444">
                <Precinct name="West Berrien" votes="14" />
                <Precinct name="Ray City" votes="46" />
                <Precinct name="Nashville" votes="311" />
                <Precinct name="Enigma" votes="23" />
                <Precinct name="Alapaha" votes="50" />
            </VoteType>
            <VoteType name="Provisional" votes="5">
                <Precinct name="West Berrien" votes="0" />
                <Precinct name="Ray City" votes="1" />
                <Precinct name="Nashville" votes="4" />
                <Precinct name="Enigma" votes="0" />
                <Precinct name="Alapaha" votes="0" />
            </VoteType>
        </Choice>
        <Choice key="30" text="GARY JOHNSON" totalVotes="115">
            <VoteType name="Election Day" votes="55">
                <Precinct name="West Berrien" votes="10" />
                <Precinct name="Ray City" votes="14" />
                <Precinct name="Nashville" votes="21" />
                <Precinct name="Enigma" votes="6" />
                <Precinct name="Alapaha" votes="4" />
            </VoteType>
            <VoteType name="Absentee by Mail" votes="13">
                <Precinct name="West Berrien" votes="1" />
                <Precinct name="Ray City" votes="3" />
                <Precinct name="Nashville" votes="5" />
                <Precinct name="Enigma" votes="1" />
                <Precinct name="Alapaha" votes="3" />
            </VoteType>
            <VoteType name="Advance in Person" votes="46">
                <Precinct name="West Berrien" votes="1" />
                <Precinct name="Ray City" votes="4" />
                <Precinct name="Nashville" votes="36" />
                <Precinct name="Enigma" votes="2" />
                <Precinct name="Alapaha" votes="3" />
            </VoteType>
            <VoteType name="Provisional" votes="1">
                <Precinct name="West Berrien" votes="0" />
                <Precinct name="Ray City" votes="1" />
                <Precinct name="Nashville" votes="0" />
                <Precinct name="Enigma" votes="0" />
                <Precinct name="Alapaha" votes="0" />
            </VoteType>
        </Choice>
    </Contest>
    <Contest key="10" text="United States Senator, Isakson" isQuestion="false" precinctsReporting="5" precinctsReported="5">
        <VoteType name="Number of Precincts for Race" votes="5">
            <Precinct name="West Berrien" votes="1" />
            <Precinct name="Ray City" votes="1" />
            <Precinct name="Nashville" votes="1" />
            <Precinct name="Enigma" votes="1" />
            <Precinct name="Alapaha" votes="1" />
        </VoteType>
        <VoteType name="Number of Precincts Reporting" votes="5">
            <Precinct name="West Berrien" votes="1" />
            <Precinct name="Ray City" votes="1" />
            <Precinct name="Nashville" votes="1" />
            <Precinct name="Enigma" votes="1" />
            <Precinct name="Alapaha" votes="1" />
        </VoteType>
        <Choice key="30" text="JOHNNY ISAKSON (I)" totalVotes="5061">
            <VoteType name="Election Day" votes="2203">
                <Precinct name="West Berrien" votes="375" />
                <Precinct name="Ray City" votes="416" />
                <Precinct name="Nashville" votes="793" />
                <Precinct name="Enigma" votes="332" />
                <Precinct name="Alapaha" votes="287" />
            </VoteType>
            <VoteType name="Absentee by Mail" votes="276">
                <Precinct name="West Berrien" votes="32" />
                <Precinct name="Ray City" votes="29" />
                <Precinct name="Nashville" votes="159" />
                <Precinct name="Enigma" votes="17" />
                <Precinct name="Alapaha" votes="39" />
            </VoteType>
            <VoteType name="Advance in Person" votes="2568">
                <Precinct name="West Berrien" votes="177" />
                <Precinct name="Ray City" votes="332" />
                <Precinct name="Nashville" votes="1782" />
                <Precinct name="Enigma" votes="119" />
                <Precinct name="Alapaha" votes="158" />
            </VoteType>
            <VoteType name="Provisional" votes="14">
                <Precinct name="West Berrien" votes="0" />
                <Precinct name="Ray City" votes="2" />
                <Precinct name="Nashville" votes="9" />
                <Precinct name="Enigma" votes="1" />
                <Precinct name="Alapaha" votes="2" />
            </VoteType>
        </Choice>
        <Choice key="40" text="JIM BARKSDALE" totalVotes="895">
            <VoteType name="Election Day" votes="434">
                <Precinct name="West Berrien" votes="31" />
                <Precinct name="Ray City" votes="85" />
                <Precinct name="Nashville" votes="164" />
                <Precinct name="Enigma" votes="40" />
                <Precinct name="Alapaha" votes="114" />
            </VoteType>
            <VoteType name="Absentee by Mail" votes="80">
                <Precinct name="West Berrien" votes="6" />
                <Precinct name="Ray City" votes="9" />
                <Precinct name="Nashville" votes="43" />
                <Precinct name="Enigma" votes="10" />
                <Precinct name="Alapaha" votes="12" />
            </VoteType>
            <VoteType name="Advance in Person" votes="375">
                <Precinct name="West Berrien" votes="10" />
                <Precinct name="Ray City" votes="39" />
                <Precinct name="Nashville" votes="260" />
                <Precinct name="Enigma" votes="21" />
                <Precinct name="Alapaha" votes="45" />
            </VoteType>
            <VoteType name="Provisional" votes="6">
                <Precinct name="West Berrien" votes="0" />
                <Precinct name="Ray City" votes="1" />
                <Precinct name="Nashville" votes="5" />
                <Precinct name="Enigma" votes="0" />
                <Precinct name="Alapaha" votes="0" />
            </VoteType>
        </Choice>
        <Choice key="50" text="ALLEN BUCKLEY" totalVotes="226">
            <VoteType name="Election Day" votes="92">
                <Precinct name="West Berrien" votes="12" />
                <Precinct name="Ray City" votes="26" />
                <Precinct name="Nashville" votes="30" />
                <Precinct name="Enigma" votes="13" />
                <Precinct name="Alapaha" votes="11" />
            </VoteType>
            <VoteType name="Absentee by Mail" votes="17">
                <Precinct name="West Berrien" votes="6" />
                <Precinct name="Ray City" votes="2" />
                <Precinct name="Nashville" votes="7" />
                <Precinct name="Enigma" votes="2" />
                <Precinct name="Alapaha" votes="0" />
            </VoteType>
            <VoteType name="Advance in Person" votes="117">
                <Precinct name="West Berrien" votes="12" />
                <Precinct name="Ray City" votes="19" />
                <Precinct name="Nashville" votes="73" />
                <Precinct name="Enigma" votes="5" />
                <Precinct name="Alapaha" votes="8" />
            </VoteType>
            <VoteType name="Provisional" votes="0">
                <Precinct name="West Berrien" votes="0" />
                <Precinct name="Ray City" votes="0" />
                <Precinct name="Nashville" votes="0" />
                <Precinct name="Enigma" votes="0" />
                <Precinct name="Alapaha" votes="0" />
            </VoteType>
        </Choice>
    </Contest>
    <Contest key="30" text="Public Service Commission, District 2 - Eastern" isQuestion="false" precinctsReporting="5" precinctsReported="5">
        <VoteType name="Number of Precincts for Race" votes="5">
            <Precinct name="West Berrien" votes="1" />
            <Precinct name="Ray City" votes="1" />
            <Precinct name="Nashville" votes="1" />
            <Precinct name="Enigma" votes="1" />
            <Precinct name="Alapaha" votes="1" />
        </VoteType>
        <VoteType name="Number of Precincts Reporting" votes="5">
            <Precinct name="West Berrien" votes="1" />
            <Precinct name="Ray City" votes="1" />
            <Precinct name="Nashville" votes="1" />
            <Precinct name="Enigma" votes="1" />
            <Precinct name="Alapaha" votes="1" />
        </VoteType>
        <Choice key="20" text="TIM ECHOLS (I)" totalVotes="5275">
            <VoteType name="Election Day" votes="2285">
                <Precinct name="West Berrien" votes="370" />
                <Precinct name="Ray City" votes="430" />
                <Precinct name="Nashville" votes="821" />
                <Precinct name="Enigma" votes="342" />
                <Precinct name="Alapaha" votes="322" />
            </VoteType>
            <VoteType name="Absentee by Mail" votes="288">
                <Precinct name="West Berrien" votes="31" />
                <Precinct name="Ray City" votes="28" />
                <Precinct name="Nashville" votes="165" />
                <Precinct name="Enigma" votes="21" />
                <Precinct name="Alapaha" votes="43" />
            </VoteType>
            <VoteType name="Advance in Person" votes="2691">
                <Precinct name="West Berrien" votes="178" />
                <Precinct name="Ray City" votes="337" />
                <Precinct name="Nashville" votes="1889" />
                <Precinct name="Enigma" votes="120" />
                <Precinct name="Alapaha" votes="167" />
            </VoteType>
            <VoteType name="Provisional" votes="11">
                <Precinct name="West Berrien" votes="0" />
                <Precinct name="Ray City" votes="1" />
                <Precinct name="Nashville" votes="8" />
                <Precinct name="Enigma" votes="1" />
                <Precinct name="Alapaha" votes="1" />
            </VoteType>
        </Choice>
        <Choice key="30" text="ERIC HOSKINS" totalVotes="805">
            <VoteType name="Election Day" votes="390">
                <Precinct name="West Berrien" votes="38" />
                <Precinct name="Ray City" votes="84" />
                <Precinct name="Nashville" votes="155" />
                <Precinct name="Enigma" votes="40" />
                <Precinct name="Alapaha" votes="73" />
            </VoteType>
            <VoteType name="Absentee by Mail" votes="59">
                <Precinct name="West Berrien" votes="11" />
                <Precinct name="Ray City" votes="7" />
                <Precinct name="Nashville" votes="30" />
                <Precinct name="Enigma" votes="6" />
                <Precinct name="Alapaha" votes="5" />
            </VoteType>
            <VoteType name="Advance in Person" votes="348">
                <Precinct name="West Berrien" votes="16" />
                <Precinct name="Ray City" votes="51" />
                <Precinct name="Nashville" votes="220" />
                <Precinct name="Enigma" votes="25" />
                <Precinct name="Alapaha" votes="36" />
            </VoteType>
            <VoteType name="Provisional" votes="8">
                <Precinct name="West Berrien" votes="0" />
                <Precinct name="Ray City" votes="2" />
                <Precinct name="Nashville" votes="5" />
                <Precinct name="Enigma" votes="0" />
                <Precinct name="Alapaha" votes="1" />
            </VoteType>
        </Choice>
    </Contest>
    <Contest key="50" text="U.S. Representative, District 8" isQuestion="false" precinctsReporting="5" precinctsReported="5">
        <VoteType name="Number of Precincts for Race" votes="5">
            <Precinct name="West Berrien" votes="1" />
            <Precinct name="Ray City" votes="1" />
            <Precinct name="Nashville" votes="1" />
            <Precinct name="Enigma" votes="1" />
            <Precinct name="Alapaha" votes="1" />
        </VoteType>
        <VoteType name="Number of Precincts Reporting" votes="5">
            <Precinct name="West Berrien" votes="1" />
            <Precinct name="Ray City" votes="1" />
            <Precinct name="Nashville" votes="1" />
            <Precinct name="Enigma" votes="1" />
            <Precinct name="Alapaha" votes="1" />
        </VoteType>
        <Choice key="20" text="AUSTIN SCOTT (I)" totalVotes="5372">
            <VoteType name="Election Day" votes="2334">
                <Precinct name="West Berrien" votes="399" />
                <Precinct name="Ray City" votes="431" />
                <Precinct name="Nashville" votes="819" />
                <Precinct name="Enigma" votes="369" />
                <Precinct name="Alapaha" votes="316" />
            </VoteType>
            <VoteType name="Absentee by Mail" votes="292">
                <Precinct name="West Berrien" votes="37" />
                <Precinct name="Ray City" votes="28" />
                <Precinct name="Nashville" votes="166" />
                <Precinct name="Enigma" votes="23" />
                <Precinct name="Alapaha" votes="38" />
            </VoteType>
            <VoteType name="Advance in Person" votes="2732">
                <Precinct name="West Berrien" votes="188" />
                <Precinct name="Ray City" votes="358" />
                <Precinct name="Nashville" votes="1891" />
                <Precinct name="Enigma" votes="121" />
                <Precinct name="Alapaha" votes="174" />
            </VoteType>
            <VoteType name="Provisional" votes="14">
                <Precinct name="West Berrien" votes="0" />
                <Precinct name="Ray City" votes="2" />
                <Precinct name="Nashville" votes="10" />
                <Precinct name="Enigma" votes="1" />
                <Precinct name="Alapaha" votes="1" />
            </VoteType>
        </Choice>
        <Choice key="30" text="JAMES NEAL HARRIS" totalVotes="999">
            <VoteType name="Election Day" votes="478">
                <Precinct name="West Berrien" votes="30" />
                <Precinct name="Ray City" votes="108" />
                <Precinct name="Nashville" votes="191" />
                <Precinct name="Enigma" votes="35" />
                <Precinct name="Alapaha" votes="114" />
            </VoteType>
            <VoteType name="Absentee by Mail" votes="80">
                <Precinct name="West Berrien" votes="7" />
                <Precinct name="Ray City" votes="11" />
                <Precinct name="Nashville" votes="42" />
                <Precinct name="Enigma" votes="7" />
                <Precinct name="Alapaha" votes="13" />
            </VoteType>
            <VoteType name="Advance in Person" votes="435">
                <Precinct name="West Berrien" votes="13" />
                <Precinct name="Ray City" votes="51" />
                <Precinct name="Nashville" votes="297" />
                <Precinct name="Enigma" votes="32" />
                <Precinct name="Alapaha" votes="42" />
            </VoteType>
            <VoteType name="Provisional" votes="6">
                <Precinct name="West Berrien" votes="0" />
                <Precinct name="Ray City" votes="1" />
                <Precinct name="Nashville" votes="4" />
                <Precinct name="Enigma" votes="0" />
                <Precinct name="Alapaha" votes="1" />
            </VoteType>
        </Choice>
    </Contest>
    <Contest key="70" text="State Senator, District 7" isQuestion="false" precinctsReporting="5" precinctsReported="5">
        <VoteType name="Number of Precincts for Race" votes="5">
            <Precinct name="West Berrien" votes="1" />
            <Precinct name="Ray City" votes="1" />
            <Precinct name="Nashville" votes="1" />
            <Precinct name="Enigma" votes="1" />
            <Precinct name="Alapaha" votes="1" />
        </VoteType>
        <VoteType name="Number of Precincts Reporting" votes="5">
            <Precinct name="West Berrien" votes="1" />
            <Precinct name="Ray City" votes="1" />
            <Precinct name="Nashville" votes="1" />
            <Precinct name="Enigma" votes="1" />
            <Precinct name="Alapaha" votes="1" />
        </VoteType>
        <Choice key="10" text="TYLER HARPER (I)" totalVotes="5844">
            <VoteType name="Election Day" votes="2588">
                <Precinct name="West Berrien" votes="409" />
                <Precinct name="Ray City" votes="496" />
                <Precinct name="Nashville" votes="932" />
                <Precinct name="Enigma" votes="375" />
                <Precinct name="Alapaha" votes="376" />
            </VoteType>
            <VoteType name="Absentee by Mail" votes="312">
                <Precinct name="West Berrien" votes="37" />
                <Precinct name="Ray City" votes="31" />
                <Precinct name="Nashville" votes="180" />
                <Precinct name="Enigma" votes="22" />
                <Precinct name="Alapaha" votes="42" />
            </VoteType>
            <VoteType name="Advance in Person" votes="2928">
                <Precinct name="West Berrien" votes="187" />
                <Precinct name="Ray City" votes="376" />
                <Precinct name="Nashville" votes="2036" />
                <Precinct name="Enigma" votes="135" />
                <Precinct name="Alapaha" votes="194" />
            </VoteType>
            <VoteType name="Provisional" votes="16">
                <Precinct name="West Berrien" votes="0" />
                <Precinct name="Ray City" votes="3" />
                <Precinct name="Nashville" votes="10" />
                <Precinct name="Enigma" votes="1" />
                <Precinct name="Alapaha" votes="2" />
            </VoteType>
        </Choice>
    </Contest>
    <Contest key="90" text="State Representative, District 170" isQuestion="false" precinctsReporting="5" precinctsReported="5">
        <VoteType name="Number of Precincts for Race" votes="5">
            <Precinct name="West Berrien" votes="1" />
            <Precinct name="Ray City" votes="1" />
            <Precinct name="Nashville" votes="1" />
            <Precinct name="Enigma" votes="1" />
            <Precinct name="Alapaha" votes="1" />
        </VoteType>
        <VoteType name="Number of Precincts Reporting" votes="5">
            <Precinct name="West Berrien" votes="1" />
            <Precinct name="Ray City" votes="1" />
            <Precinct name="Nashville" votes="1" />
            <Precinct name="Enigma" votes="1" />
            <Precinct name="Alapaha" votes="1" />
        </VoteType>
        <Choice key="10" text="PENNY HOUSTON (I) (REP)" totalVotes="5959">
            <VoteType name="Election Day" votes="2626">
                <Precinct name="West Berrien" votes="411" />
                <Precinct name="Ray City" votes="506" />
                <Precinct name="Nashville" votes="951" />
                <Precinct name="Enigma" votes="383" />
                <Precinct name="Alapaha" votes="375" />
            </VoteType>
            <VoteType name="Absentee by Mail" votes="334">
                <Precinct name="West Berrien" votes="39" />
                <Precinct name="Ray City" votes="33" />
                <Precinct name="Nashville" votes="188" />
                <Precinct name="Enigma" votes="26" />
                <Precinct name="Alapaha" votes="48" />
            </VoteType>
            <VoteType name="Advance in Person" votes="2981">
                <Precinct name="West Berrien" votes="187" />
                <Precinct name="Ray City" votes="382" />
                <Precinct name="Nashville" votes="2079" />
                <Precinct name="Enigma" votes="138" />
                <Precinct name="Alapaha" votes="195" />
            </VoteType>
            <VoteType name="Provisional" votes="18">
                <Precinct name="West Berrien" votes="0" />
                <Precinct name="Ray City" votes="3" />
                <Precinct name="Nashville" votes="12" />
                <Precinct name="Enigma" votes="1" />
                <Precinct name="Alapaha" votes="2" />
            </VoteType>
        </Choice>
    </Contest>
    <Contest key="110" text="District Attorney, Alapaha Circuit" isQuestion="false" precinctsReporting="5" precinctsReported="5">
        <VoteType name="Number of Precincts for Race" votes="5">
            <Precinct name="West Berrien" votes="1" />
            <Precinct name="Ray City" votes="1" />
            <Precinct name="Nashville" votes="1" />
            <Precinct name="Enigma" votes="1" />
            <Precinct name="Alapaha" votes="1" />
        </VoteType>
        <VoteType name="Number of Precincts Reporting" votes="5">
            <Precinct name="West Berrien" votes="1" />
            <Precinct name="Ray City" votes="1" />
            <Precinct name="Nashville" votes="1" />
            <Precinct name="Enigma" votes="1" />
            <Precinct name="Alapaha" votes="1" />
        </VoteType>
        <Choice key="10" text="DICK PERRYMAN (I)" totalVotes="5914">
            <VoteType name="Election Day" votes="2602">
                <Precinct name="West Berrien" votes="404" />
                <Precinct name="Ray City" votes="498" />
                <Precinct name="Nashville" votes="951" />
                <Precinct name="Enigma" votes="370" />
                <Precinct name="Alapaha" votes="379" />
            </VoteType>
            <VoteType name="Absentee by Mail" votes="326">
                <Precinct name="West Berrien" votes="38" />
                <Precinct name="Ray City" votes="33" />
                <Precinct name="Nashville" votes="186" />
                <Precinct name="Enigma" votes="25" />
                <Precinct name="Alapaha" votes="44" />
            </VoteType>
            <VoteType name="Advance in Person" votes="2968">
                <Precinct name="West Berrien" votes="185" />
                <Precinct name="Ray City" votes="381" />
                <Precinct name="Nashville" votes="2066" />
                <Precinct name="Enigma" votes="139" />
                <Precinct name="Alapaha" votes="197" />
            </VoteType>
            <VoteType name="Provisional" votes="18">
                <Precinct name="West Berrien" votes="0" />
                <Precinct name="Ray City" votes="3" />
                <Precinct name="Nashville" votes="12" />
                <Precinct name="Enigma" votes="1" />
                <Precinct name="Alapaha" votes="2" />
            </VoteType>
        </Choice>
    </Contest>
    <Contest key="130" text="JUDGE, PROBATE COURT" isQuestion="false" precinctsReporting="5" precinctsReported="5">
        <VoteType name="Number of Precincts for Race" votes="5">
            <Precinct name="West Berrien" votes="1" />
            <Precinct name="Ray City" votes="1" />
            <Precinct name="Nashville" votes="1" />
            <Precinct name="Enigma" votes="1" />
            <Precinct name="Alapaha" votes="1" />
        </VoteType>
        <VoteType name="Number of Precincts Reporting" votes="5">
            <Precinct name="West Berrien" votes="1" />
            <Precinct name="Ray City" votes="1" />
            <Precinct name="Nashville" votes="1" />
            <Precinct name="Enigma" votes="1" />
            <Precinct name="Alapaha" votes="1" />
        </VoteType>
        <Choice key="10" text="C. ALLEN (I) R" totalVotes="5935">
            <VoteType name="Election Day" votes="2589">
                <Precinct name="West Berrien" votes="400" />
                <Precinct name="Ray City" votes="499" />
                <Precinct name="Nashville" votes="940" />
                <Precinct name="Enigma" votes="376" />
                <Precinct name="Alapaha" votes="374" />
            </VoteType>
            <VoteType name="Absentee by Mail" votes="326">
                <Precinct name="West Berrien" votes="39" />
                <Precinct name="Ray City" votes="33" />
                <Precinct name="Nashville" votes="183" />
                <Precinct name="Enigma" votes="27" />
                <Precinct name="Alapaha" votes="44" />
            </VoteType>
            <VoteType name="Advance in Person" votes="3001">
                <Precinct name="West Berrien" votes="191" />
                <Precinct name="Ray City" votes="384" />
                <Precinct name="Nashville" votes="2084" />
                <Precinct name="Enigma" votes="140" />
                <Precinct name="Alapaha" votes="202" />
            </VoteType>
            <VoteType name="Provisional" votes="19">
                <Precinct name="West Berrien" votes="0" />
                <Precinct name="Ray City" votes="3" />
                <Precinct name="Nashville" votes="13" />
                <Precinct name="Enigma" votes="1" />
                <Precinct name="Alapaha" votes="2" />
            </VoteType>
        </Choice>
    </Contest>
    <Contest key="150" text="CLERK, SUPERIOR COURT" isQuestion="false" precinctsReporting="5" precinctsReported="5">
        <VoteType name="Number of Precincts for Race" votes="5">
            <Precinct name="West Berrien" votes="1" />
            <Precinct name="Ray City" votes="1" />
            <Precinct name="Nashville" votes="1" />
            <Precinct name="Enigma" votes="1" />
            <Precinct name="Alapaha" votes="1" />
        </VoteType>
        <VoteType name="Number of Precincts Reporting" votes="5">
            <Precinct name="West Berrien" votes="1" />
            <Precinct name="Ray City" votes="1" />
            <Precinct name="Nashville" votes="1" />
            <Precinct name="Enigma" votes="1" />
            <Precinct name="Alapaha" votes="1" />
        </VoteType>
        <Choice key="10" text="S. HUGHES (I) R" totalVotes="5959">
            <VoteType name="Election Day" votes="2614">
                <Precinct name="West Berrien" votes="403" />
                <Precinct name="Ray City" votes="502" />
                <Precinct name="Nashville" votes="960" />
                <Precinct name="Enigma" votes="373" />
                <Precinct name="Alapaha" votes="376" />
            </VoteType>
            <VoteType name="Absentee by Mail" votes="323">
                <Precinct name="West Berrien" votes="38" />
                <Precinct name="Ray City" votes="32" />
                <Precinct name="Nashville" votes="182" />
                <Precinct name="Enigma" votes="24" />
                <Precinct name="Alapaha" votes="47" />
            </VoteType>
            <VoteType name="Advance in Person" votes="3005">
                <Precinct name="West Berrien" votes="192" />
                <Precinct name="Ray City" votes="381" />
                <Precinct name="Nashville" votes="2097" />
                <Precinct name="Enigma" votes="140" />
                <Precinct name="Alapaha" votes="195" />
            </VoteType>
            <VoteType name="Provisional" votes="17">
                <Precinct name="West Berrien" votes="0" />
                <Precinct name="Ray City" votes="3" />
                <Precinct name="Nashville" votes="11" />
                <Precinct name="Enigma" votes="1" />
                <Precinct name="Alapaha" votes="2" />
            </VoteType>
        </Choice>
    </Contest>
    <Contest key="170" text="SHERIFF" isQuestion="false" precinctsReporting="5" precinctsReported="5">
        <VoteType name="Number of Precincts for Race" votes="5">
            <Precinct name="West Berrien" votes="1" />
            <Precinct name="Ray City" votes="1" />
            <Precinct name="Nashville" votes="1" />
            <Precinct name="Enigma" votes="1" />
            <Precinct name="Alapaha" votes="1" />
        </VoteType>
        <VoteType name="Number of Precincts Reporting" votes="5">
            <Precinct name="West Berrien" votes="1" />
            <Precinct name="Ray City" votes="1" />
            <Precinct name="Nashville" votes="1" />
            <Precinct name="Enigma" votes="1" />
            <Precinct name="Alapaha" votes="1" />
        </VoteType>
        <Choice key="20" text="B. DAVIS (D)" totalVotes="587">
            <VoteType name="Election Day" votes="308">
                <Precinct name="West Berrien" votes="10" />
                <Precinct name="Ray City" votes="73" />
                <Precinct name="Nashville" votes="93" />
                <Precinct name="Enigma" votes="22" />
                <Precinct name="Alapaha" votes="110" />
            </VoteType>
            <VoteType name="Absentee by Mail" votes="54">
                <Precinct name="West Berrien" votes="5" />
                <Precinct name="Ray City" votes="7" />
                <Precinct name="Nashville" votes="28" />
                <Precinct name="Enigma" votes="5" />
                <Precinct name="Alapaha" votes="9" />
            </VoteType>
            <VoteType name="Advance in Person" votes="224">
                <Precinct name="West Berrien" votes="7" />
                <Precinct name="Ray City" votes="31" />
                <Precinct name="Nashville" votes="125" />
                <Precinct name="Enigma" votes="24" />
                <Precinct name="Alapaha" votes="37" />
            </VoteType>
            <VoteType name="Provisional" votes="1">
                <Precinct name="West Berrien" votes="0" />
                <Precinct name="Ray City" votes="1" />
                <Precinct name="Nashville" votes="0" />
                <Precinct name="Enigma" votes="0" />
                <Precinct name="Alapaha" votes="0" />
            </VoteType>
        </Choice>
        <Choice key="40" text="R. BROWN (IN)" totalVotes="1013">
            <VoteType name="Election Day" votes="597">
                <Precinct name="West Berrien" votes="251" />
                <Precinct name="Ray City" votes="36" />
                <Precinct name="Nashville" votes="82" />
                <Precinct name="Enigma" votes="182" />
                <Precinct name="Alapaha" votes="46" />
            </VoteType>
            <VoteType name="Absentee by Mail" votes="56">
                <Precinct name="West Berrien" votes="23" />
                <Precinct name="Ray City" votes="3" />
                <Precinct name="Nashville" votes="11" />
                <Precinct name="Enigma" votes="11" />
                <Precinct name="Alapaha" votes="8" />
            </VoteType>
            <VoteType name="Advance in Person" votes="355">
                <Precinct name="West Berrien" votes="99" />
                <Precinct name="Ray City" votes="25" />
                <Precinct name="Nashville" votes="174" />
                <Precinct name="Enigma" votes="43" />
                <Precinct name="Alapaha" votes="14" />
            </VoteType>
            <VoteType name="Provisional" votes="5">
                <Precinct name="West Berrien" votes="0" />
                <Precinct name="Ray City" votes="0" />
                <Precinct name="Nashville" votes="3" />
                <Precinct name="Enigma" votes="1" />
                <Precinct name="Alapaha" votes="1" />
            </VoteType>
        </Choice>
        <Choice key="45" text="R. PAULK (I) IN" totalVotes="3188">
            <VoteType name="Election Day" votes="1296">
                <Precinct name="West Berrien" votes="123" />
                <Precinct name="Ray City" votes="263" />
                <Precinct name="Nashville" votes="510" />
                <Precinct name="Enigma" votes="181" />
                <Precinct name="Alapaha" votes="219" />
            </VoteType>
            <VoteType name="Absentee by Mail" votes="161">
                <Precinct name="West Berrien" votes="12" />
                <Precinct name="Ray City" votes="19" />
                <Precinct name="Nashville" votes="93" />
                <Precinct name="Enigma" votes="11" />
                <Precinct name="Alapaha" votes="26" />
            </VoteType>
            <VoteType name="Advance in Person" votes="1719">
                <Precinct name="West Berrien" votes="74" />
                <Precinct name="Ray City" votes="241" />
                <Precinct name="Nashville" votes="1198" />
                <Precinct name="Enigma" votes="70" />
                <Precinct name="Alapaha" votes="136" />
            </VoteType>
            <VoteType name="Provisional" votes="12">
                <Precinct name="West Berrien" votes="0" />
                <Precinct name="Ray City" votes="2" />
                <Precinct name="Nashville" votes="9" />
                <Precinct name="Enigma" votes="0" />
                <Precinct name="Alapaha" votes="1" />
            </VoteType>
        </Choice>
        <Choice key="50" text="F. SWANSON (IN)" totalVotes="1725">
            <VoteType name="Election Day" votes="674">
                <Precinct name="West Berrien" votes="45" />
                <Precinct name="Ray City" votes="175" />
                <Precinct name="Nashville" votes="362" />
                <Precinct name="Enigma" votes="22" />
                <Precinct name="Alapaha" votes="70" />
            </VoteType>
            <VoteType name="Absentee by Mail" votes="93">
                <Precinct name="West Berrien" votes="4" />
                <Precinct name="Ray City" votes="8" />
                <Precinct name="Nashville" votes="73" />
                <Precinct name="Enigma" votes="1" />
                <Precinct name="Alapaha" votes="7" />
            </VoteType>
            <VoteType name="Advance in Person" votes="956">
                <Precinct name="West Berrien" votes="24" />
                <Precinct name="Ray City" votes="118" />
                <Precinct name="Nashville" votes="759" />
                <Precinct name="Enigma" votes="13" />
                <Precinct name="Alapaha" votes="42" />
            </VoteType>
            <VoteType name="Provisional" votes="2">
                <Precinct name="West Berrien" votes="0" />
                <Precinct name="Ray City" votes="0" />
                <Precinct name="Nashville" votes="2" />
                <Precinct name="Enigma" votes="0" />
                <Precinct name="Alapaha" votes="0" />
            </VoteType>
        </Choice>
    </Contest>
    <Contest key="190" text="TAX COMMISSIONER" isQuestion="false" precinctsReporting="5" precinctsReported="5">
        <VoteType name="Number of Precincts for Race" votes="5">
            <Precinct name="West Berrien" votes="1" />
            <Precinct name="Ray City" votes="1" />
            <Precinct name="Nashville" votes="1" />
            <Precinct name="Enigma" votes="1" />
            <Precinct name="Alapaha" votes="1" />
        </VoteType>
        <VoteType name="Number of Precincts Reporting" votes="5">
            <Precinct name="West Berrien" votes="1" />
            <Precinct name="Ray City" votes="1" />
            <Precinct name="Nashville" votes="1" />
            <Precinct name="Enigma" votes="1" />
            <Precinct name="Alapaha" votes="1" />
        </VoteType>
        <Choice key="10" text="J. NUGENT (I) R" totalVotes="6020">
            <VoteType name="Election Day" votes="2667">
                <Precinct name="West Berrien" votes="407" />
                <Precinct name="Ray City" votes="503" />
                <Precinct name="Nashville" votes="964" />
                <Precinct name="Enigma" votes="388" />
                <Precinct name="Alapaha" votes="405" />
            </VoteType>
            <VoteType name="Absentee by Mail" votes="328">
                <Precinct name="West Berrien" votes="39" />
                <Precinct name="Ray City" votes="33" />
                <Precinct name="Nashville" votes="185" />
                <Precinct name="Enigma" votes="25" />
                <Precinct name="Alapaha" votes="46" />
            </VoteType>
            <VoteType name="Advance in Person" votes="3007">
                <Precinct name="West Berrien" votes="189" />
                <Precinct name="Ray City" votes="385" />
                <Precinct name="Nashville" votes="2081" />
                <Precinct name="Enigma" votes="141" />
                <Precinct name="Alapaha" votes="211" />
            </VoteType>
            <VoteType name="Provisional" votes="18">
                <Precinct name="West Berrien" votes="0" />
                <Precinct name="Ray City" votes="3" />
                <Precinct name="Nashville" votes="12" />
                <Precinct name="Enigma" votes="1" />
                <Precinct name="Alapaha" votes="2" />
            </VoteType>
        </Choice>
    </Contest>
    <Contest key="230" text="CORONER" isQuestion="false" precinctsReporting="5" precinctsReported="5">
        <VoteType name="Number of Precincts for Race" votes="5">
            <Precinct name="West Berrien" votes="1" />
            <Precinct name="Ray City" votes="1" />
            <Precinct name="Nashville" votes="1" />
            <Precinct name="Enigma" votes="1" />
            <Precinct name="Alapaha" votes="1" />
        </VoteType>
        <VoteType name="Number of Precincts Reporting" votes="5">
            <Precinct name="West Berrien" votes="1" />
            <Precinct name="Ray City" votes="1" />
            <Precinct name="Nashville" votes="1" />
            <Precinct name="Enigma" votes="1" />
            <Precinct name="Alapaha" votes="1" />
        </VoteType>
        <Choice key="10" text="R. S LOVEIN JR (I) R" totalVotes="6024">
            <VoteType name="Election Day" votes="2635">
                <Precinct name="West Berrien" votes="402" />
                <Precinct name="Ray City" votes="506" />
                <Precinct name="Nashville" votes="957" />
                <Precinct name="Enigma" votes="380" />
                <Precinct name="Alapaha" votes="390" />
            </VoteType>
            <VoteType name="Absentee by Mail" votes="334">
                <Precinct name="West Berrien" votes="40" />
                <Precinct name="Ray City" votes="33" />
                <Precinct name="Nashville" votes="188" />
                <Precinct name="Enigma" votes="24" />
                <Precinct name="Alapaha" votes="49" />
            </VoteType>
            <VoteType name="Advance in Person" votes="3038">
                <Precinct name="West Berrien" votes="195" />
                <Precinct name="Ray City" votes="383" />
                <Precinct name="Nashville" votes="2119" />
                <Precinct name="Enigma" votes="143" />
                <Precinct name="Alapaha" votes="198" />
            </VoteType>
            <VoteType name="Provisional" votes="17">
                <Precinct name="West Berrien" votes="0" />
                <Precinct name="Ray City" votes="3" />
                <Precinct name="Nashville" votes="11" />
                <Precinct name="Enigma" votes="1" />
                <Precinct name="Alapaha" votes="2" />
            </VoteType>
        </Choice>
    </Contest>
    <Contest key="240" text="CC, D1" isQuestion="false" precinctsReporting="5" precinctsReported="5">
        <VoteType name="Number of Precincts for Race" votes="5">
            <Precinct name="West Berrien" votes="1" />
            <Precinct name="Ray City" votes="1" />
            <Precinct name="Nashville" votes="1" />
            <Precinct name="Enigma" votes="1" />
            <Precinct name="Alapaha" votes="1" />
        </VoteType>
        <VoteType name="Number of Precincts Reporting" votes="5">
            <Precinct name="West Berrien" votes="1" />
            <Precinct name="Ray City" votes="1" />
            <Precinct name="Nashville" votes="1" />
            <Precinct name="Enigma" votes="1" />
            <Precinct name="Alapaha" votes="1" />
        </VoteType>
        <Choice key="20" text="J. NUGENT (I) R" totalVotes="5928">
            <VoteType name="Election Day" votes="2623">
                <Precinct name="West Berrien" votes="400" />
                <Precinct name="Ray City" votes="496" />
                <Precinct name="Nashville" votes="946" />
                <Precinct name="Enigma" votes="383" />
                <Precinct name="Alapaha" votes="398" />
            </VoteType>
            <VoteType name="Absentee by Mail" votes="322">
                <Precinct name="West Berrien" votes="39" />
                <Precinct name="Ray City" votes="33" />
                <Precinct name="Nashville" votes="179" />
                <Precinct name="Enigma" votes="24" />
                <Precinct name="Alapaha" votes="47" />
            </VoteType>
            <VoteType name="Advance in Person" votes="2966">
                <Precinct name="West Berrien" votes="186" />
                <Precinct name="Ray City" votes="377" />
                <Precinct name="Nashville" votes="2055" />
                <Precinct name="Enigma" votes="143" />
                <Precinct name="Alapaha" votes="205" />
            </VoteType>
            <VoteType name="Provisional" votes="17">
                <Precinct name="West Berrien" votes="0" />
                <Precinct name="Ray City" votes="3" />
                <Precinct name="Nashville" votes="11" />
                <Precinct name="Enigma" votes="1" />
                <Precinct name="Alapaha" votes="2" />
            </VoteType>
        </Choice>
    </Contest>
    <Contest key="250" text="CC, D4" isQuestion="false" precinctsReporting="5" precinctsReported="5">
        <VoteType name="Number of Precincts for Race" votes="5">
            <Precinct name="West Berrien" votes="1" />
            <Precinct name="Ray City" votes="1" />
            <Precinct name="Nashville" votes="1" />
            <Precinct name="Enigma" votes="1" />
            <Precinct name="Alapaha" votes="1" />
        </VoteType>
        <VoteType name="Number of Precincts Reporting" votes="5">
            <Precinct name="West Berrien" votes="1" />
            <Precinct name="Ray City" votes="1" />
            <Precinct name="Nashville" votes="1" />
            <Precinct name="Enigma" votes="1" />
            <Precinct name="Alapaha" votes="1" />
        </VoteType>
        <Choice key="10" text="R. GRINER (I) R" totalVotes="5837">
            <VoteType name="Election Day" votes="2584">
                <Precinct name="West Berrien" votes="392" />
                <Precinct name="Ray City" votes="499" />
                <Precinct name="Nashville" votes="945" />
                <Precinct name="Enigma" votes="376" />
                <Precinct name="Alapaha" votes="372" />
            </VoteType>
            <VoteType name="Absentee by Mail" votes="315">
                <Precinct name="West Berrien" votes="39" />
                <Precinct name="Ray City" votes="33" />
                <Precinct name="Nashville" votes="176" />
                <Precinct name="Enigma" votes="23" />
                <Precinct name="Alapaha" votes="44" />
            </VoteType>
            <VoteType name="Advance in Person" votes="2921">
                <Precinct name="West Berrien" votes="179" />
                <Precinct name="Ray City" votes="376" />
                <Precinct name="Nashville" votes="2037" />
                <Precinct name="Enigma" votes="135" />
                <Precinct name="Alapaha" votes="194" />
            </VoteType>
            <VoteType name="Provisional" votes="17">
                <Precinct name="West Berrien" votes="0" />
                <Precinct name="Ray City" votes="3" />
                <Precinct name="Nashville" votes="11" />
                <Precinct name="Enigma" votes="1" />
                <Precinct name="Alapaha" votes="2" />
            </VoteType>
        </Choice>
    </Contest>
    <Contest key="260" text="CC, D5 " isQuestion="false" precinctsReporting="5" precinctsReported="5">
        <VoteType name="Number of Precincts for Race" votes="5">
            <Precinct name="West Berrien" votes="1" />
            <Precinct name="Ray City" votes="1" />
            <Precinct name="Nashville" votes="1" />
            <Precinct name="Enigma" votes="1" />
            <Precinct name="Alapaha" votes="1" />
        </VoteType>
        <VoteType name="Number of Precincts Reporting" votes="5">
            <Precinct name="West Berrien" votes="1" />
            <Precinct name="Ray City" votes="1" />
            <Precinct name="Nashville" votes="1" />
            <Precinct name="Enigma" votes="1" />
            <Precinct name="Alapaha" votes="1" />
        </VoteType>
        <Choice key="10" text="P. HARROD (R)" totalVotes="5729">
            <VoteType name="Election Day" votes="2556">
                <Precinct name="West Berrien" votes="396" />
                <Precinct name="Ray City" votes="490" />
                <Precinct name="Nashville" votes="927" />
                <Precinct name="Enigma" votes="371" />
                <Precinct name="Alapaha" votes="372" />
            </VoteType>
            <VoteType name="Absentee by Mail" votes="319">
                <Precinct name="West Berrien" votes="40" />
                <Precinct name="Ray City" votes="33" />
                <Precinct name="Nashville" votes="179" />
                <Precinct name="Enigma" votes="24" />
                <Precinct name="Alapaha" votes="43" />
            </VoteType>
            <VoteType name="Advance in Person" votes="2838">
                <Precinct name="West Berrien" votes="182" />
                <Precinct name="Ray City" votes="363" />
                <Precinct name="Nashville" votes="1973" />
                <Precinct name="Enigma" votes="135" />
                <Precinct name="Alapaha" votes="185" />
            </VoteType>
            <VoteType name="Provisional" votes="16">
                <Precinct name="West Berrien" votes="0" />
                <Precinct name="Ray City" votes="3" />
                <Precinct name="Nashville" votes="10" />
                <Precinct name="Enigma" votes="1" />
                <Precinct name="Alapaha" votes="2" />
            </VoteType>
        </Choice>
    </Contest>
    <Contest key="270" text="BOE, D1" isQuestion="false" precinctsReporting="2" precinctsReported="2">
        <VoteType name="Number of Precincts for Race" votes="2">
            <Precinct name="Ray City" votes="1" />
            <Precinct name="Nashville" votes="1" />
        </VoteType>
        <VoteType name="Number of Precincts Reporting" votes="2">
            <Precinct name="Ray City" votes="1" />
            <Precinct name="Nashville" votes="1" />
        </VoteType>
        <Choice key="10" text="H. FORD (I) R" totalVotes="925">
            <VoteType name="Election Day" votes="287">
                <Precinct name="Ray City" votes="39" />
                <Precinct name="Nashville" votes="248" />
            </VoteType>
            <VoteType name="Absentee by Mail" votes="46">
                <Precinct name="Ray City" votes="6" />
                <Precinct name="Nashville" votes="40" />
            </VoteType>
            <VoteType name="Advance in Person" votes="591">
                <Precinct name="Ray City" votes="24" />
                <Precinct name="Nashville" votes="567" />
            </VoteType>
            <VoteType name="Provisional" votes="1">
                <Precinct name="Ray City" votes="0" />
                <Precinct name="Nashville" votes="1" />
            </VoteType>
        </Choice>
    </Contest>
    <Contest key="280" text="BOE, D3" isQuestion="false" precinctsReporting="2" precinctsReported="2">
        <VoteType name="Number of Precincts for Race" votes="2">
            <Precinct name="West Berrien" votes="1" />
            <Precinct name="Nashville" votes="1" />
        </VoteType>
        <VoteType name="Number of Precincts Reporting" votes="2">
            <Precinct name="West Berrien" votes="1" />
            <Precinct name="Nashville" votes="1" />
        </VoteType>
        <Choice key="20" text="M. W. DAVIS (R)" totalVotes="904">
            <VoteType name="Election Day" votes="393">
                <Precinct name="West Berrien" votes="234" />
                <Precinct name="Nashville" votes="159" />
            </VoteType>
            <VoteType name="Absentee by Mail" votes="46">
                <Precinct name="West Berrien" votes="24" />
                <Precinct name="Nashville" votes="22" />
            </VoteType>
            <VoteType name="Advance in Person" votes="462">
                <Precinct name="West Berrien" votes="99" />
                <Precinct name="Nashville" votes="363" />
            </VoteType>
            <VoteType name="Provisional" votes="3">
                <Precinct name="West Berrien" votes="0" />
                <Precinct name="Nashville" votes="3" />
            </VoteType>
        </Choice>
    </Contest>
    <Contest key="290" text="BOE, D6" isQuestion="false" precinctsReporting="2" precinctsReported="2">
        <VoteType name="Number of Precincts for Race" votes="2">
            <Precinct name="Ray City" votes="1" />
            <Precinct name="Nashville" votes="1" />
        </VoteType>
        <VoteType name="Number of Precincts Reporting" votes="2">
            <Precinct name="Ray City" votes="1" />
            <Precinct name="Nashville" votes="1" />
        </VoteType>
        <Choice key="10" text="K. J. FORT (I) R" totalVotes="885">
            <VoteType name="Election Day" votes="269">
                <Precinct name="Ray City" votes="34" />
                <Precinct name="Nashville" votes="235" />
            </VoteType>
            <VoteType name="Absentee by Mail" votes="56">
                <Precinct name="Ray City" votes="5" />
                <Precinct name="Nashville" votes="51" />
            </VoteType>
            <VoteType name="Advance in Person" votes="558">
                <Precinct name="Ray City" votes="44" />
                <Precinct name="Nashville" votes="514" />
            </VoteType>
            <VoteType name="Provisional" votes="2">
                <Precinct name="Ray City" votes="1" />
                <Precinct name="Nashville" votes="1" />
            </VoteType>
        </Choice>
    </Contest>
    <Contest key="300" text="BOE, D7" isQuestion="false" precinctsReporting="1" precinctsReported="1">
        <VoteType name="Number of Precincts for Race" votes="1">
            <Precinct name="Nashville" votes="1" />
        </VoteType>
        <VoteType name="Number of Precincts Reporting" votes="1">
            <Precinct name="Nashville" votes="1" />
        </VoteType>
        <Choice key="20" text="K. POWELL (I) R" totalVotes="744">
            <VoteType name="Election Day" votes="236">
                <Precinct name="Nashville" votes="236" />
            </VoteType>
            <VoteType name="Absentee by Mail" votes="54">
                <Precinct name="Nashville" votes="54" />
            </VoteType>
            <VoteType name="Advance in Person" votes="450">
                <Precinct name="Nashville" votes="450" />
            </VoteType>
            <VoteType name="Provisional" votes="4">
                <Precinct name="Nashville" votes="4" />
            </VoteType>
        </Choice>
    </Contest>
    <Contest key="310" text="Constitutional Amendment #1&lt;br&gt;Provides greater flexibility and state accountability to fix failing schools through increasing community involvement." isQuestion="false" precinctsReporting="5" precinctsReported="5">
        <VoteType name="Number of Precincts for Race" votes="5">
            <Precinct name="West Berrien" votes="1" />
            <Precinct name="Ray City" votes="1" />
            <Precinct name="Nashville" votes="1" />
            <Precinct name="Enigma" votes="1" />
            <Precinct name="Alapaha" votes="1" />
        </VoteType>
        <VoteType name="Number of Precincts Reporting" votes="5">
            <Precinct name="West Berrien" votes="1" />
            <Precinct name="Ray City" votes="1" />
            <Precinct name="Nashville" votes="1" />
            <Precinct name="Enigma" votes="1" />
            <Precinct name="Alapaha" votes="1" />
        </VoteType>
        <Choice key="10" text="YES" totalVotes="2246">
            <VoteType name="Election Day" votes="895">
                <Precinct name="West Berrien" votes="89" />
                <Precinct name="Ray City" votes="212" />
                <Precinct name="Nashville" votes="345" />
                <Precinct name="Enigma" votes="120" />
                <Precinct name="Alapaha" votes="129" />
            </VoteType>
            <VoteType name="Absentee by Mail" votes="190">
                <Precinct name="West Berrien" votes="18" />
                <Precinct name="Ray City" votes="25" />
                <Precinct name="Nashville" votes="106" />
                <Precinct name="Enigma" votes="15" />
                <Precinct name="Alapaha" votes="26" />
            </VoteType>
            <VoteType name="Advance in Person" votes="1151">
                <Precinct name="West Berrien" votes="61" />
                <Precinct name="Ray City" votes="153" />
                <Precinct name="Nashville" votes="806" />
                <Precinct name="Enigma" votes="55" />
                <Precinct name="Alapaha" votes="76" />
            </VoteType>
            <VoteType name="Provisional" votes="10">
                <Precinct name="West Berrien" votes="0" />
                <Precinct name="Ray City" votes="0" />
                <Precinct name="Nashville" votes="7" />
                <Precinct name="Enigma" votes="1" />
                <Precinct name="Alapaha" votes="2" />
            </VoteType>
        </Choice>
        <Choice key="20" text="NO" totalVotes="4146">
            <VoteType name="Election Day" votes="1945">
                <Precinct name="West Berrien" votes="344" />
                <Precinct name="Ray City" votes="335" />
                <Precinct name="Nashville" votes="669" />
                <Precinct name="Enigma" votes="286" />
                <Precinct name="Alapaha" votes="311" />
            </VoteType>
            <VoteType name="Absentee by Mail" votes="164">
                <Precinct name="West Berrien" votes="25" />
                <Precinct name="Ray City" votes="13" />
                <Precinct name="Nashville" votes="88" />
                <Precinct name="Enigma" votes="13" />
                <Precinct name="Alapaha" votes="25" />
            </VoteType>
            <VoteType name="Advance in Person" votes="2030">
                <Precinct name="West Berrien" votes="141" />
                <Precinct name="Ray City" votes="262" />
                <Precinct name="Nashville" votes="1388" />
                <Precinct name="Enigma" votes="98" />
                <Precinct name="Alapaha" votes="141" />
            </VoteType>
            <VoteType name="Provisional" votes="7">
                <Precinct name="West Berrien" votes="0" />
                <Precinct name="Ray City" votes="2" />
                <Precinct name="Nashville" votes="5" />
                <Precinct name="Enigma" votes="0" />
                <Precinct name="Alapaha" votes="0" />
            </VoteType>
        </Choice>
    </Contest>
    <Contest key="320" text="Constitutional Amendment #2&lt;br&gt;Authorizes penalties for sexual exploitation and assessments on adult entertainment to fund child victims' services." isQuestion="false" precinctsReporting="5" precinctsReported="5">
        <VoteType name="Number of Precincts for Race" votes="5">
            <Precinct name="West Berrien" votes="1" />
            <Precinct name="Ray City" votes="1" />
            <Precinct name="Nashville" votes="1" />
            <Precinct name="Enigma" votes="1" />
            <Precinct name="Alapaha" votes="1" />
        </VoteType>
        <VoteType name="Number of Precincts Reporting" votes="5">
            <Precinct name="West Berrien" votes="1" />
            <Precinct name="Ray City" votes="1" />
            <Precinct name="Nashville" votes="1" />
            <Precinct name="Enigma" votes="1" />
            <Precinct name="Alapaha" votes="1" />
        </VoteType>
        <Choice key="10" text="YES" totalVotes="5349">
            <VoteType name="Election Day" votes="2350">
                <Precinct name="West Berrien" votes="344" />
                <Precinct name="Ray City" votes="465" />
                <Precinct name="Nashville" votes="861" />
                <Precinct name="Enigma" votes="345" />
                <Precinct name="Alapaha" votes="335" />
            </VoteType>
            <VoteType name="Absentee by Mail" votes="315">
                <Precinct name="West Berrien" votes="36" />
                <Precinct name="Ray City" votes="34" />
                <Precinct name="Nashville" votes="180" />
                <Precinct name="Enigma" votes="24" />
                <Precinct name="Alapaha" votes="41" />
            </VoteType>
            <VoteType name="Advance in Person" votes="2670">
                <Precinct name="West Berrien" votes="174" />
                <Precinct name="Ray City" votes="348" />
                <Precinct name="Nashville" votes="1858" />
                <Precinct name="Enigma" votes="120" />
                <Precinct name="Alapaha" votes="170" />
            </VoteType>
            <VoteType name="Provisional" votes="14">
                <Precinct name="West Berrien" votes="0" />
                <Precinct name="Ray City" votes="3" />
                <Precinct name="Nashville" votes="8" />
                <Precinct name="Enigma" votes="1" />
                <Precinct name="Alapaha" votes="2" />
            </VoteType>
        </Choice>
        <Choice key="20" text="NO" totalVotes="970">
            <VoteType name="Election Day" votes="456">
                <Precinct name="West Berrien" votes="82" />
                <Precinct name="Ray City" votes="75" />
                <Precinct name="Nashville" votes="149" />
                <Precinct name="Enigma" votes="52" />
                <Precinct name="Alapaha" votes="98" />
            </VoteType>
            <VoteType name="Absentee by Mail" votes="43">
                <Precinct name="West Berrien" votes="8" />
                <Precinct name="Ray City" votes="4" />
                <Precinct name="Nashville" votes="21" />
                <Precinct name="Enigma" votes="3" />
                <Precinct name="Alapaha" votes="7" />
            </VoteType>
            <VoteType name="Advance in Person" votes="467">
                <Precinct name="West Berrien" votes="24" />
                <Precinct name="Ray City" votes="65" />
                <Precinct name="Nashville" votes="306" />
                <Precinct name="Enigma" votes="28" />
                <Precinct name="Alapaha" votes="44" />
            </VoteType>
            <VoteType name="Provisional" votes="4">
                <Precinct name="West Berrien" votes="0" />
                <Precinct name="Ray City" votes="0" />
                <Precinct name="Nashville" votes="4" />
                <Precinct name="Enigma" votes="0" />
                <Precinct name="Alapaha" votes="0" />
            </VoteType>
        </Choice>
    </Contest>
    <Contest key="330" text="Constitutional Amendment #3&lt;br&gt;Reforms and re-establishes the Judicial Qualifications Commission and provides for its composition, governance, and powers." isQuestion="false" precinctsReporting="5" precinctsReported="5">
        <VoteType name="Number of Precincts for Race" votes="5">
            <Precinct name="West Berrien" votes="1" />
            <Precinct name="Ray City" votes="1" />
            <Precinct name="Nashville" votes="1" />
            <Precinct name="Enigma" votes="1" />
            <Precinct name="Alapaha" votes="1" />
        </VoteType>
        <VoteType name="Number of Precincts Reporting" votes="5">
            <Precinct name="West Berrien" votes="1" />
            <Precinct name="Ray City" votes="1" />
            <Precinct name="Nashville" votes="1" />
            <Precinct name="Enigma" votes="1" />
            <Precinct name="Alapaha" votes="1" />
        </VoteType>
        <Choice key="10" text="YES" totalVotes="3697">
            <VoteType name="Election Day" votes="1641">
                <Precinct name="West Berrien" votes="211" />
                <Precinct name="Ray City" votes="334" />
                <Precinct name="Nashville" votes="605" />
                <Precinct name="Enigma" votes="233" />
                <Precinct name="Alapaha" votes="258" />
            </VoteType>
            <VoteType name="Absentee by Mail" votes="226">
                <Precinct name="West Berrien" votes="21" />
                <Precinct name="Ray City" votes="22" />
                <Precinct name="Nashville" votes="136" />
                <Precinct name="Enigma" votes="16" />
                <Precinct name="Alapaha" votes="31" />
            </VoteType>
            <VoteType name="Advance in Person" votes="1815">
                <Precinct name="West Berrien" votes="112" />
                <Precinct name="Ray City" votes="239" />
                <Precinct name="Nashville" votes="1275" />
                <Precinct name="Enigma" votes="80" />
                <Precinct name="Alapaha" votes="109" />
            </VoteType>
            <VoteType name="Provisional" votes="15">
                <Precinct name="West Berrien" votes="0" />
                <Precinct name="Ray City" votes="2" />
                <Precinct name="Nashville" votes="10" />
                <Precinct name="Enigma" votes="1" />
                <Precinct name="Alapaha" votes="2" />
            </VoteType>
        </Choice>
        <Choice key="20" text="NO" totalVotes="2352">
            <VoteType name="Election Day" votes="1059">
                <Precinct name="West Berrien" votes="193" />
                <Precinct name="Ray City" votes="187" />
                <Precinct name="Nashville" votes="371" />
                <Precinct name="Enigma" votes="149" />
                <Precinct name="Alapaha" votes="159" />
            </VoteType>
            <VoteType name="Absentee by Mail" votes="113">
                <Precinct name="West Berrien" votes="18" />
                <Precinct name="Ray City" votes="16" />
                <Precinct name="Nashville" votes="54" />
                <Precinct name="Enigma" votes="8" />
                <Precinct name="Alapaha" votes="17" />
            </VoteType>
            <VoteType name="Advance in Person" votes="1179">
                <Precinct name="West Berrien" votes="74" />
                <Precinct name="Ray City" votes="157" />
                <Precinct name="Nashville" votes="788" />
                <Precinct name="Enigma" votes="67" />
                <Precinct name="Alapaha" votes="93" />
            </VoteType>
            <VoteType name="Provisional" votes="1">
                <Precinct name="West Berrien" votes="0" />
                <Precinct name="Ray City" votes="0" />
                <Precinct name="Nashville" votes="1" />
                <Precinct name="Enigma" votes="0" />
                <Precinct name="Alapaha" votes="0" />
            </VoteType>
        </Choice>
    </Contest>
    <Contest key="340" text="Constitutional Amendment #4&lt;br&gt;Dedicates revenue from existing taxes on fireworks to trauma care, fire services, and public safety." isQuestion="false" precinctsReporting="5" precinctsReported="5">
        <VoteType name="Number of Precincts for Race" votes="5">
            <Precinct name="West Berrien" votes="1" />
            <Precinct name="Ray City" votes="1" />
            <Precinct name="Nashville" votes="1" />
            <Precinct name="Enigma" votes="1" />
            <Precinct name="Alapaha" votes="1" />
        </VoteType>
        <VoteType name="Number of Precincts Reporting" votes="5">
            <Precinct name="West Berrien" votes="1" />
            <Precinct name="Ray City" votes="1" />
            <Precinct name="Nashville" votes="1" />
            <Precinct name="Enigma" votes="1" />
            <Precinct name="Alapaha" votes="1" />
        </VoteType>
        <Choice key="10" text="YES" totalVotes="4893">
            <VoteType name="Election Day" votes="2140">
                <Precinct name="West Berrien" votes="312" />
                <Precinct name="Ray City" votes="411" />
                <Precinct name="Nashville" votes="791" />
                <Precinct name="Enigma" votes="305" />
                <Precinct name="Alapaha" votes="321" />
            </VoteType>
            <VoteType name="Absentee by Mail" votes="309">
                <Precinct name="West Berrien" votes="37" />
                <Precinct name="Ray City" votes="31" />
                <Precinct name="Nashville" votes="171" />
                <Precinct name="Enigma" votes="26" />
                <Precinct name="Alapaha" votes="44" />
            </VoteType>
            <VoteType name="Advance in Person" votes="2426">
                <Precinct name="West Berrien" votes="158" />
                <Precinct name="Ray City" votes="318" />
                <Precinct name="Nashville" votes="1685" />
                <Precinct name="Enigma" votes="110" />
                <Precinct name="Alapaha" votes="155" />
            </VoteType>
            <VoteType name="Provisional" votes="18">
                <Precinct name="West Berrien" votes="0" />
                <Precinct name="Ray City" votes="3" />
                <Precinct name="Nashville" votes="12" />
                <Precinct name="Enigma" votes="1" />
                <Precinct name="Alapaha" votes="2" />
            </VoteType>
        </Choice>
        <Choice key="20" text="NO" totalVotes="1372">
            <VoteType name="Election Day" votes="634">
                <Precinct name="West Berrien" votes="106" />
                <Precinct name="Ray City" votes="123" />
                <Precinct name="Nashville" votes="210" />
                <Precinct name="Enigma" votes="93" />
                <Precinct name="Alapaha" votes="102" />
            </VoteType>
            <VoteType name="Absentee by Mail" votes="47">
                <Precinct name="West Berrien" votes="7" />
                <Precinct name="Ray City" votes="7" />
                <Precinct name="Nashville" votes="25" />
                <Precinct name="Enigma" votes="2" />
                <Precinct name="Alapaha" votes="6" />
            </VoteType>
            <VoteType name="Advance in Person" votes="691">
                <Precinct name="West Berrien" votes="39" />
                <Precinct name="Ray City" votes="93" />
                <Precinct name="Nashville" votes="459" />
                <Precinct name="Enigma" votes="41" />
                <Precinct name="Alapaha" votes="59" />
            </VoteType>
            <VoteType name="Provisional" votes="0">
                <Precinct name="West Berrien" votes="0" />
                <Precinct name="Ray City" votes="0" />
                <Precinct name="Nashville" votes="0" />
                <Precinct name="Enigma" votes="0" />
                <Precinct name="Alapaha" votes="0" />
            </VoteType>
        </Choice>
    </Contest>
    <Contest key="500" text="SPECIAL - Sheriff" isQuestion="false" precinctsReporting="5" precinctsReported="5">
        <VoteType name="Number of Precincts for Race" votes="5">
            <Precinct name="West Berrien" votes="1" />
            <Precinct name="Ray City" votes="1" />
            <Precinct name="Nashville" votes="1" />
            <Precinct name="Enigma" votes="1" />
            <Precinct name="Alapaha" votes="1" />
        </VoteType>
        <VoteType name="Number of Precincts Reporting" votes="5">
            <Precinct name="West Berrien" votes="1" />
            <Precinct name="Ray City" votes="1" />
            <Precinct name="Nashville" votes="1" />
            <Precinct name="Enigma" votes="1" />
            <Precinct name="Alapaha" votes="1" />
        </VoteType>
        <Choice key="10" text="R. BROWN" totalVotes="1100">
            <VoteType name="Election Day" votes="647">
                <Precinct name="West Berrien" votes="250" />
                <Precinct name="Ray City" votes="54" />
                <Precinct name="Nashville" votes="93" />
                <Precinct name="Enigma" votes="187" />
                <Precinct name="Alapaha" votes="63" />
            </VoteType>
            <VoteType name="Absentee by Mail" votes="64">
                <Precinct name="West Berrien" votes="24" />
                <Precinct name="Ray City" votes="7" />
                <Precinct name="Nashville" votes="15" />
                <Precinct name="Enigma" votes="10" />
                <Precinct name="Alapaha" votes="8" />
            </VoteType>
            <VoteType name="Advance in Person" votes="384">
                <Precinct name="West Berrien" votes="100" />
                <Precinct name="Ray City" votes="37" />
                <Precinct name="Nashville" votes="180" />
                <Precinct name="Enigma" votes="50" />
                <Precinct name="Alapaha" votes="17" />
            </VoteType>
            <VoteType name="Provisional" votes="5">
                <Precinct name="West Berrien" votes="0" />
                <Precinct name="Ray City" votes="0" />
                <Precinct name="Nashville" votes="3" />
                <Precinct name="Enigma" votes="1" />
                <Precinct name="Alapaha" votes="1" />
            </VoteType>
        </Choice>
        <Choice key="20" text="R. PAULK (I)" totalVotes="3532">
            <VoteType name="Election Day" votes="1465">
                <Precinct name="West Berrien" votes="132" />
                <Precinct name="Ray City" votes="307" />
                <Precinct name="Nashville" votes="571" />
                <Precinct name="Enigma" votes="198" />
                <Precinct name="Alapaha" votes="257" />
            </VoteType>
            <VoteType name="Absentee by Mail" votes="192">
                <Precinct name="West Berrien" votes="14" />
                <Precinct name="Ray City" votes="22" />
                <Precinct name="Nashville" votes="112" />
                <Precinct name="Enigma" votes="14" />
                <Precinct name="Alapaha" votes="30" />
            </VoteType>
            <VoteType name="Advance in Person" votes="1863">
                <Precinct name="West Berrien" votes="77" />
                <Precinct name="Ray City" votes="253" />
                <Precinct name="Nashville" votes="1296" />
                <Precinct name="Enigma" votes="83" />
                <Precinct name="Alapaha" votes="154" />
            </VoteType>
            <VoteType name="Provisional" votes="12">
                <Precinct name="West Berrien" votes="0" />
                <Precinct name="Ray City" votes="2" />
                <Precinct name="Nashville" votes="9" />
                <Precinct name="Enigma" votes="0" />
                <Precinct name="Alapaha" votes="1" />
            </VoteType>
        </Choice>
        <Choice key="30" text="F. SWANSON" totalVotes="1733">
            <VoteType name="Election Day" votes="692">
                <Precinct name="West Berrien" votes="44" />
                <Precinct name="Ray City" votes="180" />
                <Precinct name="Nashville" votes="366" />
                <Precinct name="Enigma" votes="21" />
                <Precinct name="Alapaha" votes="81" />
            </VoteType>
            <VoteType name="Absentee by Mail" votes="91">
                <Precinct name="West Berrien" votes="4" />
                <Precinct name="Ray City" votes="8" />
                <Precinct name="Nashville" votes="67" />
                <Precinct name="Enigma" votes="4" />
                <Precinct name="Alapaha" votes="8" />
            </VoteType>
            <VoteType name="Advance in Person" votes="948">
                <Precinct name="West Berrien" votes="24" />
                <Precinct name="Ray City" votes="124" />
                <Precinct name="Nashville" votes="742" />
                <Precinct name="Enigma" votes="11" />
                <Precinct name="Alapaha" votes="47" />
            </VoteType>
            <VoteType name="Provisional" votes="2">
                <Precinct name="West Berrien" votes="0" />
                <Precinct name="Ray City" votes="1" />
                <Precinct name="Nashville" votes="1" />
                <Precinct name="Enigma" votes="0" />
                <Precinct name="Alapaha" votes="0" />
            </VoteType>
        </Choice>
    </Contest>
    <Contest key="510" text="SPECIAL- Enigma" isQuestion="false" precinctsReporting="1" precinctsReported="1">
        <VoteType name="Number of Precincts for Race" votes="1">
            <Precinct name="Enigma" votes="1" />
        </VoteType>
        <VoteType name="Number of Precincts Reporting" votes="1">
            <Precinct name="Enigma" votes="1" />
        </VoteType>
        <Choice key="10" text="YES" totalVotes="143">
            <VoteType name="Election Day" votes="98">
                <Precinct name="Enigma" votes="98" />
            </VoteType>
            <VoteType name="Absentee by Mail" votes="12">
                <Precinct name="Enigma" votes="12" />
            </VoteType>
            <VoteType name="Advance in Person" votes="33">
                <Precinct name="Enigma" votes="33" />
            </VoteType>
            <VoteType name="Provisional" votes="0">
                <Precinct name="Enigma" votes="0" />
            </VoteType>
        </Choice>
        <Choice key="20" text="NO" totalVotes="125">
            <VoteType name="Election Day" votes="92">
                <Precinct name="Enigma" votes="92" />
            </VoteType>
            <VoteType name="Absentee by Mail" votes="6">
                <Precinct name="Enigma" votes="6" />
            </VoteType>
            <VoteType name="Advance in Person" votes="27">
                <Precinct name="Enigma" votes="27" />
            </VoteType>
            <VoteType name="Provisional" votes="0">
                <Precinct name="Enigma" votes="0" />
            </VoteType>
        </Choice>
    </Contest>
</ElectionResult>