<?xml version="1.0"?>
<!--Election result snapshot imported from Tabulation System
-->
<ElectionResult>
    <Timestamp>11/15/2016 9:25:49 AM EST</Timestamp>
    <ElectionName>November 8, 2016 - General Election</ElectionName>
    <ElectionDate>11/8/2016</ElectionDate>
    <Region>Wilkes</Region>
    <VoterTurnout totalVoters="5826" ballotsCast="4520" voterTurnout="77.58">
        <Precincts>
            <Precinct name="Senior Citizen Center" totalVoters="1268" ballotsCast="936" voterTurnout="73.82" percentReporting="4" />
            <Precinct name="Young Farmer's Bldg" totalVoters="1058" ballotsCast="873" voterTurnout="82.51" percentReporting="4" />
            <Precinct name="Metasville Fire Station" totalVoters="483" ballotsCast="385" voterTurnout="79.71" percentReporting="4" />
            <Precinct name="Edward B Pope Center" totalVoters="868" ballotsCast="635" voterTurnout="73.16" percentReporting="4" />
            <Precinct name="Rayle City Hall" totalVoters="513" ballotsCast="378" voterTurnout="73.68" percentReporting="4" />
            <Precinct name="Courthouse" totalVoters="893" ballotsCast="706" voterTurnout="79.06" percentReporting="4" />
            <Precinct name="Tignall Sch Lunch RM" totalVoters="743" ballotsCast="607" voterTurnout="81.70" percentReporting="4" />
        </Precincts>
    </VoterTurnout>
    <Contest key="1" text="President of the United States" isQuestion="false" precinctsReporting="7" precinctsReported="7">
        <VoteType name="Number of Precincts for Race" votes="7">
            <Precinct name="Senior Citizen Center" votes="1" />
            <Precinct name="Young Farmer's Bldg" votes="1" />
            <Precinct name="Metasville Fire Station" votes="1" />
            <Precinct name="Edward B Pope Center" votes="1" />
            <Precinct name="Rayle City Hall" votes="1" />
            <Precinct name="Courthouse" votes="1" />
            <Precinct name="Tignall Sch Lunch RM" votes="1" />
        </VoteType>
        <VoteType name="Number of Precincts Reporting" votes="7">
            <Precinct name="Senior Citizen Center" votes="1" />
            <Precinct name="Young Farmer's Bldg" votes="1" />
            <Precinct name="Metasville Fire Station" votes="1" />
            <Precinct name="Edward B Pope Center" votes="1" />
            <Precinct name="Rayle City Hall" votes="1" />
            <Precinct name="Courthouse" votes="1" />
            <Precinct name="Tignall Sch Lunch RM" votes="1" />
        </VoteType>
        <Choice key="10" text="DONALD J. TRUMP" totalVotes="2572">
            <VoteType name="Election Day" votes="1161">
                <Precinct name="Senior Citizen Center" votes="150" />
                <Precinct name="Young Farmer's Bldg" votes="270" />
                <Precinct name="Metasville Fire Station" votes="159" />
                <Precinct name="Edward B Pope Center" votes="81" />
                <Precinct name="Rayle City Hall" votes="152" />
                <Precinct name="Courthouse" votes="118" />
                <Precinct name="Tignall Sch Lunch RM" votes="231" />
            </VoteType>
            <VoteType name="Absentee by Mail" votes="88">
                <Precinct name="Senior Citizen Center" votes="15" />
                <Precinct name="Young Farmer's Bldg" votes="26" />
                <Precinct name="Metasville Fire Station" votes="4" />
                <Precinct name="Edward B Pope Center" votes="6" />
                <Precinct name="Rayle City Hall" votes="8" />
                <Precinct name="Courthouse" votes="14" />
                <Precinct name="Tignall Sch Lunch RM" votes="15" />
            </VoteType>
            <VoteType name="Advance in Person" votes="1320">
                <Precinct name="Senior Citizen Center" votes="193" />
                <Precinct name="Young Farmer's Bldg" votes="389" />
                <Precinct name="Metasville Fire Station" votes="121" />
                <Precinct name="Edward B Pope Center" votes="93" />
                <Precinct name="Rayle City Hall" votes="76" />
                <Precinct name="Courthouse" votes="331" />
                <Precinct name="Tignall Sch Lunch RM" votes="117" />
            </VoteType>
            <VoteType name="Provisional" votes="3">
                <Precinct name="Senior Citizen Center" votes="0" />
                <Precinct name="Young Farmer's Bldg" votes="0" />
                <Precinct name="Metasville Fire Station" votes="1" />
                <Precinct name="Edward B Pope Center" votes="1" />
                <Precinct name="Rayle City Hall" votes="1" />
                <Precinct name="Courthouse" votes="0" />
                <Precinct name="Tignall Sch Lunch RM" votes="0" />
            </VoteType>
        </Choice>
        <Choice key="20" text="HILLARY CLINTON" totalVotes="1848">
            <VoteType name="Election Day" votes="961">
                <Precinct name="Senior Citizen Center" votes="269" />
                <Precinct name="Young Farmer's Bldg" votes="80" />
                <Precinct name="Metasville Fire Station" votes="51" />
                <Precinct name="Edward B Pope Center" votes="244" />
                <Precinct name="Rayle City Hall" votes="89" />
                <Precinct name="Courthouse" votes="79" />
                <Precinct name="Tignall Sch Lunch RM" votes="149" />
            </VoteType>
            <VoteType name="Absentee by Mail" votes="95">
                <Precinct name="Senior Citizen Center" votes="24" />
                <Precinct name="Young Farmer's Bldg" votes="9" />
                <Precinct name="Metasville Fire Station" votes="4" />
                <Precinct name="Edward B Pope Center" votes="22" />
                <Precinct name="Rayle City Hall" votes="5" />
                <Precinct name="Courthouse" votes="17" />
                <Precinct name="Tignall Sch Lunch RM" votes="14" />
            </VoteType>
            <VoteType name="Advance in Person" votes="788">
                <Precinct name="Senior Citizen Center" votes="271" />
                <Precinct name="Young Farmer's Bldg" votes="72" />
                <Precinct name="Metasville Fire Station" votes="40" />
                <Precinct name="Edward B Pope Center" votes="163" />
                <Precinct name="Rayle City Hall" votes="30" />
                <Precinct name="Courthouse" votes="138" />
                <Precinct name="Tignall Sch Lunch RM" votes="74" />
            </VoteType>
            <VoteType name="Provisional" votes="4">
                <Precinct name="Senior Citizen Center" votes="0" />
                <Precinct name="Young Farmer's Bldg" votes="1" />
                <Precinct name="Metasville Fire Station" votes="0" />
                <Precinct name="Edward B Pope Center" votes="2" />
                <Precinct name="Rayle City Hall" votes="1" />
                <Precinct name="Courthouse" votes="0" />
                <Precinct name="Tignall Sch Lunch RM" votes="0" />
            </VoteType>
        </Choice>
        <Choice key="30" text="GARY JOHNSON" totalVotes="57">
            <VoteType name="Election Day" votes="34">
                <Precinct name="Senior Citizen Center" votes="4" />
                <Precinct name="Young Farmer's Bldg" votes="10" />
                <Precinct name="Metasville Fire Station" votes="3" />
                <Precinct name="Edward B Pope Center" votes="5" />
                <Precinct name="Rayle City Hall" votes="6" />
                <Precinct name="Courthouse" votes="2" />
                <Precinct name="Tignall Sch Lunch RM" votes="4" />
            </VoteType>
            <VoteType name="Absentee by Mail" votes="1">
                <Precinct name="Senior Citizen Center" votes="1" />
                <Precinct name="Young Farmer's Bldg" votes="0" />
                <Precinct name="Metasville Fire Station" votes="0" />
                <Precinct name="Edward B Pope Center" votes="0" />
                <Precinct name="Rayle City Hall" votes="0" />
                <Precinct name="Courthouse" votes="0" />
                <Precinct name="Tignall Sch Lunch RM" votes="0" />
            </VoteType>
            <VoteType name="Advance in Person" votes="22">
                <Precinct name="Senior Citizen Center" votes="1" />
                <Precinct name="Young Farmer's Bldg" votes="6" />
                <Precinct name="Metasville Fire Station" votes="0" />
                <Precinct name="Edward B Pope Center" votes="7" />
                <Precinct name="Rayle City Hall" votes="3" />
                <Precinct name="Courthouse" votes="4" />
                <Precinct name="Tignall Sch Lunch RM" votes="1" />
            </VoteType>
            <VoteType name="Provisional" votes="0">
                <Precinct name="Senior Citizen Center" votes="0" />
                <Precinct name="Young Farmer's Bldg" votes="0" />
                <Precinct name="Metasville Fire Station" votes="0" />
                <Precinct name="Edward B Pope Center" votes="0" />
                <Precinct name="Rayle City Hall" votes="0" />
                <Precinct name="Courthouse" votes="0" />
                <Precinct name="Tignall Sch Lunch RM" votes="0" />
            </VoteType>
        </Choice>
    </Contest>
    <Contest key="10" text="United States Senator, Isakson" isQuestion="false" precinctsReporting="7" precinctsReported="7">
        <VoteType name="Number of Precincts for Race" votes="7">
            <Precinct name="Senior Citizen Center" votes="1" />
            <Precinct name="Young Farmer's Bldg" votes="1" />
            <Precinct name="Metasville Fire Station" votes="1" />
            <Precinct name="Edward B Pope Center" votes="1" />
            <Precinct name="Rayle City Hall" votes="1" />
            <Precinct name="Courthouse" votes="1" />
            <Precinct name="Tignall Sch Lunch RM" votes="1" />
        </VoteType>
        <VoteType name="Number of Precincts Reporting" votes="7">
            <Precinct name="Senior Citizen Center" votes="1" />
            <Precinct name="Young Farmer's Bldg" votes="1" />
            <Precinct name="Metasville Fire Station" votes="1" />
            <Precinct name="Edward B Pope Center" votes="1" />
            <Precinct name="Rayle City Hall" votes="1" />
            <Precinct name="Courthouse" votes="1" />
            <Precinct name="Tignall Sch Lunch RM" votes="1" />
        </VoteType>
        <Choice key="10" text="JOHNNY ISAKSON (I)" totalVotes="2507">
            <VoteType name="Election Day" votes="1142">
                <Precinct name="Senior Citizen Center" votes="158" />
                <Precinct name="Young Farmer's Bldg" votes="276" />
                <Precinct name="Metasville Fire Station" votes="156" />
                <Precinct name="Edward B Pope Center" votes="80" />
                <Precinct name="Rayle City Hall" votes="150" />
                <Precinct name="Courthouse" votes="111" />
                <Precinct name="Tignall Sch Lunch RM" votes="211" />
            </VoteType>
            <VoteType name="Absentee by Mail" votes="92">
                <Precinct name="Senior Citizen Center" votes="15" />
                <Precinct name="Young Farmer's Bldg" votes="25" />
                <Precinct name="Metasville Fire Station" votes="4" />
                <Precinct name="Edward B Pope Center" votes="8" />
                <Precinct name="Rayle City Hall" votes="7" />
                <Precinct name="Courthouse" votes="18" />
                <Precinct name="Tignall Sch Lunch RM" votes="15" />
            </VoteType>
            <VoteType name="Advance in Person" votes="1269">
                <Precinct name="Senior Citizen Center" votes="199" />
                <Precinct name="Young Farmer's Bldg" votes="359" />
                <Precinct name="Metasville Fire Station" votes="111" />
                <Precinct name="Edward B Pope Center" votes="97" />
                <Precinct name="Rayle City Hall" votes="69" />
                <Precinct name="Courthouse" votes="323" />
                <Precinct name="Tignall Sch Lunch RM" votes="111" />
            </VoteType>
            <VoteType name="Provisional" votes="4">
                <Precinct name="Senior Citizen Center" votes="0" />
                <Precinct name="Young Farmer's Bldg" votes="0" />
                <Precinct name="Metasville Fire Station" votes="1" />
                <Precinct name="Edward B Pope Center" votes="2" />
                <Precinct name="Rayle City Hall" votes="1" />
                <Precinct name="Courthouse" votes="0" />
                <Precinct name="Tignall Sch Lunch RM" votes="0" />
            </VoteType>
        </Choice>
        <Choice key="20" text="JIM BARKSDALE" totalVotes="1525">
            <VoteType name="Election Day" votes="795">
                <Precinct name="Senior Citizen Center" votes="215" />
                <Precinct name="Young Farmer's Bldg" votes="60" />
                <Precinct name="Metasville Fire Station" votes="40" />
                <Precinct name="Edward B Pope Center" votes="215" />
                <Precinct name="Rayle City Hall" votes="71" />
                <Precinct name="Courthouse" votes="70" />
                <Precinct name="Tignall Sch Lunch RM" votes="124" />
            </VoteType>
            <VoteType name="Absentee by Mail" votes="87">
                <Precinct name="Senior Citizen Center" votes="23" />
                <Precinct name="Young Farmer's Bldg" votes="6" />
                <Precinct name="Metasville Fire Station" votes="4" />
                <Precinct name="Edward B Pope Center" votes="21" />
                <Precinct name="Rayle City Hall" votes="6" />
                <Precinct name="Courthouse" votes="14" />
                <Precinct name="Tignall Sch Lunch RM" votes="13" />
            </VoteType>
            <VoteType name="Advance in Person" votes="641">
                <Precinct name="Senior Citizen Center" votes="216" />
                <Precinct name="Young Farmer's Bldg" votes="63" />
                <Precinct name="Metasville Fire Station" votes="28" />
                <Precinct name="Edward B Pope Center" votes="142" />
                <Precinct name="Rayle City Hall" votes="29" />
                <Precinct name="Courthouse" votes="106" />
                <Precinct name="Tignall Sch Lunch RM" votes="57" />
            </VoteType>
            <VoteType name="Provisional" votes="2">
                <Precinct name="Senior Citizen Center" votes="0" />
                <Precinct name="Young Farmer's Bldg" votes="1" />
                <Precinct name="Metasville Fire Station" votes="0" />
                <Precinct name="Edward B Pope Center" votes="1" />
                <Precinct name="Rayle City Hall" votes="0" />
                <Precinct name="Courthouse" votes="0" />
                <Precinct name="Tignall Sch Lunch RM" votes="0" />
            </VoteType>
        </Choice>
        <Choice key="30" text="ALLEN BUCKLEY" totalVotes="99">
            <VoteType name="Election Day" votes="53">
                <Precinct name="Senior Citizen Center" votes="8" />
                <Precinct name="Young Farmer's Bldg" votes="14" />
                <Precinct name="Metasville Fire Station" votes="6" />
                <Precinct name="Edward B Pope Center" votes="11" />
                <Precinct name="Rayle City Hall" votes="8" />
                <Precinct name="Courthouse" votes="4" />
                <Precinct name="Tignall Sch Lunch RM" votes="2" />
            </VoteType>
            <VoteType name="Absentee by Mail" votes="1">
                <Precinct name="Senior Citizen Center" votes="0" />
                <Precinct name="Young Farmer's Bldg" votes="1" />
                <Precinct name="Metasville Fire Station" votes="0" />
                <Precinct name="Edward B Pope Center" votes="0" />
                <Precinct name="Rayle City Hall" votes="0" />
                <Precinct name="Courthouse" votes="0" />
                <Precinct name="Tignall Sch Lunch RM" votes="0" />
            </VoteType>
            <VoteType name="Advance in Person" votes="45">
                <Precinct name="Senior Citizen Center" votes="14" />
                <Precinct name="Young Farmer's Bldg" votes="11" />
                <Precinct name="Metasville Fire Station" votes="1" />
                <Precinct name="Edward B Pope Center" votes="3" />
                <Precinct name="Rayle City Hall" votes="2" />
                <Precinct name="Courthouse" votes="11" />
                <Precinct name="Tignall Sch Lunch RM" votes="3" />
            </VoteType>
            <VoteType name="Provisional" votes="0">
                <Precinct name="Senior Citizen Center" votes="0" />
                <Precinct name="Young Farmer's Bldg" votes="0" />
                <Precinct name="Metasville Fire Station" votes="0" />
                <Precinct name="Edward B Pope Center" votes="0" />
                <Precinct name="Rayle City Hall" votes="0" />
                <Precinct name="Courthouse" votes="0" />
                <Precinct name="Tignall Sch Lunch RM" votes="0" />
            </VoteType>
        </Choice>
    </Contest>
    <Contest key="30" text="Public Service Commission, District 2 - Eastern" isQuestion="false" precinctsReporting="7" precinctsReported="7">
        <VoteType name="Number of Precincts for Race" votes="7">
            <Precinct name="Senior Citizen Center" votes="1" />
            <Precinct name="Young Farmer's Bldg" votes="1" />
            <Precinct name="Metasville Fire Station" votes="1" />
            <Precinct name="Edward B Pope Center" votes="1" />
            <Precinct name="Rayle City Hall" votes="1" />
            <Precinct name="Courthouse" votes="1" />
            <Precinct name="Tignall Sch Lunch RM" votes="1" />
        </VoteType>
        <VoteType name="Number of Precincts Reporting" votes="7">
            <Precinct name="Senior Citizen Center" votes="1" />
            <Precinct name="Young Farmer's Bldg" votes="1" />
            <Precinct name="Metasville Fire Station" votes="1" />
            <Precinct name="Edward B Pope Center" votes="1" />
            <Precinct name="Rayle City Hall" votes="1" />
            <Precinct name="Courthouse" votes="1" />
            <Precinct name="Tignall Sch Lunch RM" votes="1" />
        </VoteType>
        <Choice key="10" text="TIM ECHOLS (I)" totalVotes="2789">
            <VoteType name="Election Day" votes="1284">
                <Precinct name="Senior Citizen Center" votes="198" />
                <Precinct name="Young Farmer's Bldg" votes="279" />
                <Precinct name="Metasville Fire Station" votes="160" />
                <Precinct name="Edward B Pope Center" votes="124" />
                <Precinct name="Rayle City Hall" votes="164" />
                <Precinct name="Courthouse" votes="127" />
                <Precinct name="Tignall Sch Lunch RM" votes="232" />
            </VoteType>
            <VoteType name="Absentee by Mail" votes="117">
                <Precinct name="Senior Citizen Center" votes="19" />
                <Precinct name="Young Farmer's Bldg" votes="28" />
                <Precinct name="Metasville Fire Station" votes="4" />
                <Precinct name="Edward B Pope Center" votes="17" />
                <Precinct name="Rayle City Hall" votes="10" />
                <Precinct name="Courthouse" votes="23" />
                <Precinct name="Tignall Sch Lunch RM" votes="16" />
            </VoteType>
            <VoteType name="Advance in Person" votes="1382">
                <Precinct name="Senior Citizen Center" votes="236" />
                <Precinct name="Young Farmer's Bldg" votes="372" />
                <Precinct name="Metasville Fire Station" votes="117" />
                <Precinct name="Edward B Pope Center" votes="116" />
                <Precinct name="Rayle City Hall" votes="73" />
                <Precinct name="Courthouse" votes="344" />
                <Precinct name="Tignall Sch Lunch RM" votes="124" />
            </VoteType>
            <VoteType name="Provisional" votes="6">
                <Precinct name="Senior Citizen Center" votes="0" />
                <Precinct name="Young Farmer's Bldg" votes="1" />
                <Precinct name="Metasville Fire Station" votes="1" />
                <Precinct name="Edward B Pope Center" votes="3" />
                <Precinct name="Rayle City Hall" votes="1" />
                <Precinct name="Courthouse" votes="0" />
                <Precinct name="Tignall Sch Lunch RM" votes="0" />
            </VoteType>
        </Choice>
        <Choice key="20" text="ERIC HOSKINS" totalVotes="812">
            <VoteType name="Election Day" votes="439">
                <Precinct name="Senior Citizen Center" votes="111" />
                <Precinct name="Young Farmer's Bldg" votes="57" />
                <Precinct name="Metasville Fire Station" votes="24" />
                <Precinct name="Edward B Pope Center" votes="107" />
                <Precinct name="Rayle City Hall" votes="37" />
                <Precinct name="Courthouse" votes="40" />
                <Precinct name="Tignall Sch Lunch RM" votes="63" />
            </VoteType>
            <VoteType name="Absentee by Mail" votes="36">
                <Precinct name="Senior Citizen Center" votes="10" />
                <Precinct name="Young Farmer's Bldg" votes="3" />
                <Precinct name="Metasville Fire Station" votes="2" />
                <Precinct name="Edward B Pope Center" votes="7" />
                <Precinct name="Rayle City Hall" votes="1" />
                <Precinct name="Courthouse" votes="6" />
                <Precinct name="Tignall Sch Lunch RM" votes="7" />
            </VoteType>
            <VoteType name="Advance in Person" votes="337">
                <Precinct name="Senior Citizen Center" votes="118" />
                <Precinct name="Young Farmer's Bldg" votes="41" />
                <Precinct name="Metasville Fire Station" votes="18" />
                <Precinct name="Edward B Pope Center" votes="64" />
                <Precinct name="Rayle City Hall" votes="14" />
                <Precinct name="Courthouse" votes="54" />
                <Precinct name="Tignall Sch Lunch RM" votes="28" />
            </VoteType>
            <VoteType name="Provisional" votes="0">
                <Precinct name="Senior Citizen Center" votes="0" />
                <Precinct name="Young Farmer's Bldg" votes="0" />
                <Precinct name="Metasville Fire Station" votes="0" />
                <Precinct name="Edward B Pope Center" votes="0" />
                <Precinct name="Rayle City Hall" votes="0" />
                <Precinct name="Courthouse" votes="0" />
                <Precinct name="Tignall Sch Lunch RM" votes="0" />
            </VoteType>
        </Choice>
    </Contest>
    <Contest key="50" text="U.S. Representative, District 10" isQuestion="false" precinctsReporting="7" precinctsReported="7">
        <VoteType name="Number of Precincts for Race" votes="7">
            <Precinct name="Senior Citizen Center" votes="1" />
            <Precinct name="Young Farmer's Bldg" votes="1" />
            <Precinct name="Metasville Fire Station" votes="1" />
            <Precinct name="Edward B Pope Center" votes="1" />
            <Precinct name="Rayle City Hall" votes="1" />
            <Precinct name="Courthouse" votes="1" />
            <Precinct name="Tignall Sch Lunch RM" votes="1" />
        </VoteType>
        <VoteType name="Number of Precincts Reporting" votes="7">
            <Precinct name="Senior Citizen Center" votes="1" />
            <Precinct name="Young Farmer's Bldg" votes="1" />
            <Precinct name="Metasville Fire Station" votes="1" />
            <Precinct name="Edward B Pope Center" votes="1" />
            <Precinct name="Rayle City Hall" votes="1" />
            <Precinct name="Courthouse" votes="1" />
            <Precinct name="Tignall Sch Lunch RM" votes="1" />
        </VoteType>
        <Choice key="10" text="JODY HICE (I)" totalVotes="3110">
            <VoteType name="Election Day" votes="1471">
                <Precinct name="Senior Citizen Center" votes="232" />
                <Precinct name="Young Farmer's Bldg" votes="310" />
                <Precinct name="Metasville Fire Station" votes="170" />
                <Precinct name="Edward B Pope Center" votes="174" />
                <Precinct name="Rayle City Hall" votes="175" />
                <Precinct name="Courthouse" votes="146" />
                <Precinct name="Tignall Sch Lunch RM" votes="264" />
            </VoteType>
            <VoteType name="Absentee by Mail" votes="120">
                <Precinct name="Senior Citizen Center" votes="21" />
                <Precinct name="Young Farmer's Bldg" votes="28" />
                <Precinct name="Metasville Fire Station" votes="4" />
                <Precinct name="Edward B Pope Center" votes="17" />
                <Precinct name="Rayle City Hall" votes="10" />
                <Precinct name="Courthouse" votes="22" />
                <Precinct name="Tignall Sch Lunch RM" votes="18" />
            </VoteType>
            <VoteType name="Advance in Person" votes="1513">
                <Precinct name="Senior Citizen Center" votes="276" />
                <Precinct name="Young Farmer's Bldg" votes="384" />
                <Precinct name="Metasville Fire Station" votes="126" />
                <Precinct name="Edward B Pope Center" votes="154" />
                <Precinct name="Rayle City Hall" votes="78" />
                <Precinct name="Courthouse" votes="363" />
                <Precinct name="Tignall Sch Lunch RM" votes="132" />
            </VoteType>
            <VoteType name="Provisional" votes="6">
                <Precinct name="Senior Citizen Center" votes="0" />
                <Precinct name="Young Farmer's Bldg" votes="1" />
                <Precinct name="Metasville Fire Station" votes="1" />
                <Precinct name="Edward B Pope Center" votes="3" />
                <Precinct name="Rayle City Hall" votes="1" />
                <Precinct name="Courthouse" votes="0" />
                <Precinct name="Tignall Sch Lunch RM" votes="0" />
            </VoteType>
        </Choice>
    </Contest>
    <Contest key="70" text="State Senator, District 24" isQuestion="false" precinctsReporting="7" precinctsReported="7">
        <VoteType name="Number of Precincts for Race" votes="7">
            <Precinct name="Senior Citizen Center" votes="1" />
            <Precinct name="Young Farmer's Bldg" votes="1" />
            <Precinct name="Metasville Fire Station" votes="1" />
            <Precinct name="Edward B Pope Center" votes="1" />
            <Precinct name="Rayle City Hall" votes="1" />
            <Precinct name="Courthouse" votes="1" />
            <Precinct name="Tignall Sch Lunch RM" votes="1" />
        </VoteType>
        <VoteType name="Number of Precincts Reporting" votes="7">
            <Precinct name="Senior Citizen Center" votes="1" />
            <Precinct name="Young Farmer's Bldg" votes="1" />
            <Precinct name="Metasville Fire Station" votes="1" />
            <Precinct name="Edward B Pope Center" votes="1" />
            <Precinct name="Rayle City Hall" votes="1" />
            <Precinct name="Courthouse" votes="1" />
            <Precinct name="Tignall Sch Lunch RM" votes="1" />
        </VoteType>
        <Choice key="10" text="LEE ANDERSON" totalVotes="2424">
            <VoteType name="Election Day" votes="1104">
                <Precinct name="Senior Citizen Center" votes="142" />
                <Precinct name="Young Farmer's Bldg" votes="263" />
                <Precinct name="Metasville Fire Station" votes="157" />
                <Precinct name="Edward B Pope Center" votes="86" />
                <Precinct name="Rayle City Hall" votes="151" />
                <Precinct name="Courthouse" votes="108" />
                <Precinct name="Tignall Sch Lunch RM" votes="197" />
            </VoteType>
            <VoteType name="Absentee by Mail" votes="85">
                <Precinct name="Senior Citizen Center" votes="14" />
                <Precinct name="Young Farmer's Bldg" votes="25" />
                <Precinct name="Metasville Fire Station" votes="4" />
                <Precinct name="Edward B Pope Center" votes="6" />
                <Precinct name="Rayle City Hall" votes="8" />
                <Precinct name="Courthouse" votes="14" />
                <Precinct name="Tignall Sch Lunch RM" votes="14" />
            </VoteType>
            <VoteType name="Advance in Person" votes="1232">
                <Precinct name="Senior Citizen Center" votes="187" />
                <Precinct name="Young Farmer's Bldg" votes="360" />
                <Precinct name="Metasville Fire Station" votes="106" />
                <Precinct name="Edward B Pope Center" votes="89" />
                <Precinct name="Rayle City Hall" votes="67" />
                <Precinct name="Courthouse" votes="311" />
                <Precinct name="Tignall Sch Lunch RM" votes="112" />
            </VoteType>
            <VoteType name="Provisional" votes="3">
                <Precinct name="Senior Citizen Center" votes="0" />
                <Precinct name="Young Farmer's Bldg" votes="0" />
                <Precinct name="Metasville Fire Station" votes="1" />
                <Precinct name="Edward B Pope Center" votes="1" />
                <Precinct name="Rayle City Hall" votes="1" />
                <Precinct name="Courthouse" votes="0" />
                <Precinct name="Tignall Sch Lunch RM" votes="0" />
            </VoteType>
        </Choice>
        <Choice key="20" text="BRENDA J. JORDAN" totalVotes="1781">
            <VoteType name="Election Day" votes="930">
                <Precinct name="Senior Citizen Center" votes="259" />
                <Precinct name="Young Farmer's Bldg" votes="79" />
                <Precinct name="Metasville Fire Station" votes="43" />
                <Precinct name="Edward B Pope Center" votes="236" />
                <Precinct name="Rayle City Hall" votes="80" />
                <Precinct name="Courthouse" votes="83" />
                <Precinct name="Tignall Sch Lunch RM" votes="150" />
            </VoteType>
            <VoteType name="Absentee by Mail" votes="90">
                <Precinct name="Senior Citizen Center" votes="23" />
                <Precinct name="Young Farmer's Bldg" votes="7" />
                <Precinct name="Metasville Fire Station" votes="4" />
                <Precinct name="Edward B Pope Center" votes="23" />
                <Precinct name="Rayle City Hall" votes="5" />
                <Precinct name="Courthouse" votes="15" />
                <Precinct name="Tignall Sch Lunch RM" votes="13" />
            </VoteType>
            <VoteType name="Advance in Person" votes="759">
                <Precinct name="Senior Citizen Center" votes="250" />
                <Precinct name="Young Farmer's Bldg" votes="74" />
                <Precinct name="Metasville Fire Station" votes="36" />
                <Precinct name="Edward B Pope Center" votes="158" />
                <Precinct name="Rayle City Hall" votes="34" />
                <Precinct name="Courthouse" votes="135" />
                <Precinct name="Tignall Sch Lunch RM" votes="72" />
            </VoteType>
            <VoteType name="Provisional" votes="2">
                <Precinct name="Senior Citizen Center" votes="0" />
                <Precinct name="Young Farmer's Bldg" votes="1" />
                <Precinct name="Metasville Fire Station" votes="0" />
                <Precinct name="Edward B Pope Center" votes="1" />
                <Precinct name="Rayle City Hall" votes="0" />
                <Precinct name="Courthouse" votes="0" />
                <Precinct name="Tignall Sch Lunch RM" votes="0" />
            </VoteType>
        </Choice>
    </Contest>
    <Contest key="90" text="State Representative, District 33" isQuestion="false" precinctsReporting="2" precinctsReported="2">
        <VoteType name="Number of Precincts for Race" votes="2">
            <Precinct name="Young Farmer's Bldg" votes="1" />
            <Precinct name="Metasville Fire Station" votes="1" />
        </VoteType>
        <VoteType name="Number of Precincts Reporting" votes="2">
            <Precinct name="Young Farmer's Bldg" votes="1" />
            <Precinct name="Metasville Fire Station" votes="1" />
        </VoteType>
        <Choice key="10" text="TOM MCCALL (I)" totalVotes="1061">
            <VoteType name="Election Day" votes="494">
                <Precinct name="Young Farmer's Bldg" votes="317" />
                <Precinct name="Metasville Fire Station" votes="177" />
            </VoteType>
            <VoteType name="Absentee by Mail" votes="35">
                <Precinct name="Young Farmer's Bldg" votes="30" />
                <Precinct name="Metasville Fire Station" votes="5" />
            </VoteType>
            <VoteType name="Advance in Person" votes="530">
                <Precinct name="Young Farmer's Bldg" votes="401" />
                <Precinct name="Metasville Fire Station" votes="129" />
            </VoteType>
            <VoteType name="Provisional" votes="2">
                <Precinct name="Young Farmer's Bldg" votes="1" />
                <Precinct name="Metasville Fire Station" votes="1" />
            </VoteType>
        </Choice>
    </Contest>
    <Contest key="110" text="State Representative, District 120" isQuestion="false" precinctsReporting="5" precinctsReported="5">
        <VoteType name="Number of Precincts for Race" votes="5">
            <Precinct name="Senior Citizen Center" votes="1" />
            <Precinct name="Edward B Pope Center" votes="1" />
            <Precinct name="Rayle City Hall" votes="1" />
            <Precinct name="Courthouse" votes="1" />
            <Precinct name="Tignall Sch Lunch RM" votes="1" />
        </VoteType>
        <VoteType name="Number of Precincts Reporting" votes="5">
            <Precinct name="Senior Citizen Center" votes="1" />
            <Precinct name="Edward B Pope Center" votes="1" />
            <Precinct name="Rayle City Hall" votes="1" />
            <Precinct name="Courthouse" votes="1" />
            <Precinct name="Tignall Sch Lunch RM" votes="1" />
        </VoteType>
        <Choice key="10" text="TREY RHODES (I)" totalVotes="2117">
            <VoteType name="Election Day" votes="1012">
                <Precinct name="Senior Citizen Center" votes="239" />
                <Precinct name="Edward B Pope Center" votes="175" />
                <Precinct name="Rayle City Hall" votes="184" />
                <Precinct name="Courthouse" votes="149" />
                <Precinct name="Tignall Sch Lunch RM" votes="265" />
            </VoteType>
            <VoteType name="Absentee by Mail" votes="96">
                <Precinct name="Senior Citizen Center" votes="23" />
                <Precinct name="Edward B Pope Center" votes="17" />
                <Precinct name="Rayle City Hall" votes="10" />
                <Precinct name="Courthouse" votes="25" />
                <Precinct name="Tignall Sch Lunch RM" votes="21" />
            </VoteType>
            <VoteType name="Advance in Person" votes="1006">
                <Precinct name="Senior Citizen Center" votes="270" />
                <Precinct name="Edward B Pope Center" votes="154" />
                <Precinct name="Rayle City Hall" votes="80" />
                <Precinct name="Courthouse" votes="370" />
                <Precinct name="Tignall Sch Lunch RM" votes="132" />
            </VoteType>
            <VoteType name="Provisional" votes="3">
                <Precinct name="Senior Citizen Center" votes="0" />
                <Precinct name="Edward B Pope Center" votes="2" />
                <Precinct name="Rayle City Hall" votes="1" />
                <Precinct name="Courthouse" votes="0" />
                <Precinct name="Tignall Sch Lunch RM" votes="0" />
            </VoteType>
        </Choice>
    </Contest>
    <Contest key="130" text="District Attorney, Toombs Circuit" isQuestion="false" precinctsReporting="7" precinctsReported="7">
        <VoteType name="Number of Precincts for Race" votes="7">
            <Precinct name="Senior Citizen Center" votes="1" />
            <Precinct name="Young Farmer's Bldg" votes="1" />
            <Precinct name="Metasville Fire Station" votes="1" />
            <Precinct name="Edward B Pope Center" votes="1" />
            <Precinct name="Rayle City Hall" votes="1" />
            <Precinct name="Courthouse" votes="1" />
            <Precinct name="Tignall Sch Lunch RM" votes="1" />
        </VoteType>
        <VoteType name="Number of Precincts Reporting" votes="7">
            <Precinct name="Senior Citizen Center" votes="1" />
            <Precinct name="Young Farmer's Bldg" votes="1" />
            <Precinct name="Metasville Fire Station" votes="1" />
            <Precinct name="Edward B Pope Center" votes="1" />
            <Precinct name="Rayle City Hall" votes="1" />
            <Precinct name="Courthouse" votes="1" />
            <Precinct name="Tignall Sch Lunch RM" votes="1" />
        </VoteType>
        <Choice key="10" text="DURWOOD R. &quot;WOODY&quot; DAVIS" totalVotes="1513">
            <VoteType name="Election Day" votes="725">
                <Precinct name="Senior Citizen Center" votes="103" />
                <Precinct name="Young Farmer's Bldg" votes="152" />
                <Precinct name="Metasville Fire Station" votes="102" />
                <Precinct name="Edward B Pope Center" votes="68" />
                <Precinct name="Rayle City Hall" votes="107" />
                <Precinct name="Courthouse" votes="79" />
                <Precinct name="Tignall Sch Lunch RM" votes="114" />
            </VoteType>
            <VoteType name="Absentee by Mail" votes="62">
                <Precinct name="Senior Citizen Center" votes="9" />
                <Precinct name="Young Farmer's Bldg" votes="16" />
                <Precinct name="Metasville Fire Station" votes="3" />
                <Precinct name="Edward B Pope Center" votes="3" />
                <Precinct name="Rayle City Hall" votes="6" />
                <Precinct name="Courthouse" votes="13" />
                <Precinct name="Tignall Sch Lunch RM" votes="12" />
            </VoteType>
            <VoteType name="Advance in Person" votes="724">
                <Precinct name="Senior Citizen Center" votes="116" />
                <Precinct name="Young Farmer's Bldg" votes="197" />
                <Precinct name="Metasville Fire Station" votes="68" />
                <Precinct name="Edward B Pope Center" votes="60" />
                <Precinct name="Rayle City Hall" votes="52" />
                <Precinct name="Courthouse" votes="163" />
                <Precinct name="Tignall Sch Lunch RM" votes="68" />
            </VoteType>
            <VoteType name="Provisional" votes="2">
                <Precinct name="Senior Citizen Center" votes="0" />
                <Precinct name="Young Farmer's Bldg" votes="0" />
                <Precinct name="Metasville Fire Station" votes="1" />
                <Precinct name="Edward B Pope Center" votes="0" />
                <Precinct name="Rayle City Hall" votes="1" />
                <Precinct name="Courthouse" votes="0" />
                <Precinct name="Tignall Sch Lunch RM" votes="0" />
            </VoteType>
        </Choice>
        <Choice key="20" text="BILL DOUPE" totalVotes="2702">
            <VoteType name="Election Day" votes="1300">
                <Precinct name="Senior Citizen Center" votes="291" />
                <Precinct name="Young Farmer's Bldg" votes="198" />
                <Precinct name="Metasville Fire Station" votes="100" />
                <Precinct name="Edward B Pope Center" votes="243" />
                <Precinct name="Rayle City Hall" votes="126" />
                <Precinct name="Courthouse" votes="109" />
                <Precinct name="Tignall Sch Lunch RM" votes="233" />
            </VoteType>
            <VoteType name="Absentee by Mail" votes="117">
                <Precinct name="Senior Citizen Center" votes="28" />
                <Precinct name="Young Farmer's Bldg" votes="17" />
                <Precinct name="Metasville Fire Station" votes="5" />
                <Precinct name="Edward B Pope Center" votes="26" />
                <Precinct name="Rayle City Hall" votes="6" />
                <Precinct name="Courthouse" votes="20" />
                <Precinct name="Tignall Sch Lunch RM" votes="15" />
            </VoteType>
            <VoteType name="Advance in Person" votes="1282">
                <Precinct name="Senior Citizen Center" votes="317" />
                <Precinct name="Young Farmer's Bldg" votes="242" />
                <Precinct name="Metasville Fire Station" votes="79" />
                <Precinct name="Edward B Pope Center" votes="191" />
                <Precinct name="Rayle City Hall" votes="49" />
                <Precinct name="Courthouse" votes="289" />
                <Precinct name="Tignall Sch Lunch RM" votes="115" />
            </VoteType>
            <VoteType name="Provisional" votes="3">
                <Precinct name="Senior Citizen Center" votes="0" />
                <Precinct name="Young Farmer's Bldg" votes="1" />
                <Precinct name="Metasville Fire Station" votes="0" />
                <Precinct name="Edward B Pope Center" votes="2" />
                <Precinct name="Rayle City Hall" votes="0" />
                <Precinct name="Courthouse" votes="0" />
                <Precinct name="Tignall Sch Lunch RM" votes="0" />
            </VoteType>
        </Choice>
    </Contest>
    <Contest key="160" text="Superior Court Clerk" isQuestion="false" precinctsReporting="7" precinctsReported="7">
        <VoteType name="Number of Precincts for Race" votes="7">
            <Precinct name="Senior Citizen Center" votes="1" />
            <Precinct name="Young Farmer's Bldg" votes="1" />
            <Precinct name="Metasville Fire Station" votes="1" />
            <Precinct name="Edward B Pope Center" votes="1" />
            <Precinct name="Rayle City Hall" votes="1" />
            <Precinct name="Courthouse" votes="1" />
            <Precinct name="Tignall Sch Lunch RM" votes="1" />
        </VoteType>
        <VoteType name="Number of Precincts Reporting" votes="7">
            <Precinct name="Senior Citizen Center" votes="1" />
            <Precinct name="Young Farmer's Bldg" votes="1" />
            <Precinct name="Metasville Fire Station" votes="1" />
            <Precinct name="Edward B Pope Center" votes="1" />
            <Precinct name="Rayle City Hall" votes="1" />
            <Precinct name="Courthouse" votes="1" />
            <Precinct name="Tignall Sch Lunch RM" votes="1" />
        </VoteType>
        <Choice key="10" text="M. PEELER (I)(D)" totalVotes="3783">
            <VoteType name="Election Day" votes="1842">
                <Precinct name="Senior Citizen Center" votes="363" />
                <Precinct name="Young Farmer's Bldg" votes="323" />
                <Precinct name="Metasville Fire Station" votes="184" />
                <Precinct name="Edward B Pope Center" votes="274" />
                <Precinct name="Rayle City Hall" votes="208" />
                <Precinct name="Courthouse" votes="173" />
                <Precinct name="Tignall Sch Lunch RM" votes="317" />
            </VoteType>
            <VoteType name="Absentee by Mail" votes="160">
                <Precinct name="Senior Citizen Center" votes="34" />
                <Precinct name="Young Farmer's Bldg" votes="29" />
                <Precinct name="Metasville Fire Station" votes="8" />
                <Precinct name="Edward B Pope Center" votes="27" />
                <Precinct name="Rayle City Hall" votes="8" />
                <Precinct name="Courthouse" votes="26" />
                <Precinct name="Tignall Sch Lunch RM" votes="28" />
            </VoteType>
            <VoteType name="Advance in Person" votes="1776">
                <Precinct name="Senior Citizen Center" votes="393" />
                <Precinct name="Young Farmer's Bldg" votes="396" />
                <Precinct name="Metasville Fire Station" votes="122" />
                <Precinct name="Edward B Pope Center" votes="228" />
                <Precinct name="Rayle City Hall" votes="89" />
                <Precinct name="Courthouse" votes="397" />
                <Precinct name="Tignall Sch Lunch RM" votes="151" />
            </VoteType>
            <VoteType name="Provisional" votes="5">
                <Precinct name="Senior Citizen Center" votes="0" />
                <Precinct name="Young Farmer's Bldg" votes="1" />
                <Precinct name="Metasville Fire Station" votes="1" />
                <Precinct name="Edward B Pope Center" votes="2" />
                <Precinct name="Rayle City Hall" votes="1" />
                <Precinct name="Courthouse" votes="0" />
                <Precinct name="Tignall Sch Lunch RM" votes="0" />
            </VoteType>
        </Choice>
    </Contest>
    <Contest key="180" text="Sheriff" isQuestion="false" precinctsReporting="7" precinctsReported="7">
        <VoteType name="Number of Precincts for Race" votes="7">
            <Precinct name="Senior Citizen Center" votes="1" />
            <Precinct name="Young Farmer's Bldg" votes="1" />
            <Precinct name="Metasville Fire Station" votes="1" />
            <Precinct name="Edward B Pope Center" votes="1" />
            <Precinct name="Rayle City Hall" votes="1" />
            <Precinct name="Courthouse" votes="1" />
            <Precinct name="Tignall Sch Lunch RM" votes="1" />
        </VoteType>
        <VoteType name="Number of Precincts Reporting" votes="7">
            <Precinct name="Senior Citizen Center" votes="1" />
            <Precinct name="Young Farmer's Bldg" votes="1" />
            <Precinct name="Metasville Fire Station" votes="1" />
            <Precinct name="Edward B Pope Center" votes="1" />
            <Precinct name="Rayle City Hall" votes="1" />
            <Precinct name="Courthouse" votes="1" />
            <Precinct name="Tignall Sch Lunch RM" votes="1" />
        </VoteType>
        <Choice key="10" text="M. A. MOORE (I)(D)" totalVotes="3784">
            <VoteType name="Election Day" votes="1844">
                <Precinct name="Senior Citizen Center" votes="371" />
                <Precinct name="Young Farmer's Bldg" votes="315" />
                <Precinct name="Metasville Fire Station" votes="182" />
                <Precinct name="Edward B Pope Center" votes="283" />
                <Precinct name="Rayle City Hall" votes="203" />
                <Precinct name="Courthouse" votes="166" />
                <Precinct name="Tignall Sch Lunch RM" votes="324" />
            </VoteType>
            <VoteType name="Absentee by Mail" votes="158">
                <Precinct name="Senior Citizen Center" votes="35" />
                <Precinct name="Young Farmer's Bldg" votes="29" />
                <Precinct name="Metasville Fire Station" votes="6" />
                <Precinct name="Edward B Pope Center" votes="26" />
                <Precinct name="Rayle City Hall" votes="8" />
                <Precinct name="Courthouse" votes="28" />
                <Precinct name="Tignall Sch Lunch RM" votes="26" />
            </VoteType>
            <VoteType name="Advance in Person" votes="1776">
                <Precinct name="Senior Citizen Center" votes="396" />
                <Precinct name="Young Farmer's Bldg" votes="393" />
                <Precinct name="Metasville Fire Station" votes="120" />
                <Precinct name="Edward B Pope Center" votes="226" />
                <Precinct name="Rayle City Hall" votes="93" />
                <Precinct name="Courthouse" votes="388" />
                <Precinct name="Tignall Sch Lunch RM" votes="160" />
            </VoteType>
            <VoteType name="Provisional" votes="6">
                <Precinct name="Senior Citizen Center" votes="0" />
                <Precinct name="Young Farmer's Bldg" votes="1" />
                <Precinct name="Metasville Fire Station" votes="1" />
                <Precinct name="Edward B Pope Center" votes="3" />
                <Precinct name="Rayle City Hall" votes="1" />
                <Precinct name="Courthouse" votes="0" />
                <Precinct name="Tignall Sch Lunch RM" votes="0" />
            </VoteType>
        </Choice>
    </Contest>
    <Contest key="200" text="Tax Commissioner" isQuestion="false" precinctsReporting="7" precinctsReported="7">
        <VoteType name="Number of Precincts for Race" votes="7">
            <Precinct name="Senior Citizen Center" votes="1" />
            <Precinct name="Young Farmer's Bldg" votes="1" />
            <Precinct name="Metasville Fire Station" votes="1" />
            <Precinct name="Edward B Pope Center" votes="1" />
            <Precinct name="Rayle City Hall" votes="1" />
            <Precinct name="Courthouse" votes="1" />
            <Precinct name="Tignall Sch Lunch RM" votes="1" />
        </VoteType>
        <VoteType name="Number of Precincts Reporting" votes="7">
            <Precinct name="Senior Citizen Center" votes="1" />
            <Precinct name="Young Farmer's Bldg" votes="1" />
            <Precinct name="Metasville Fire Station" votes="1" />
            <Precinct name="Edward B Pope Center" votes="1" />
            <Precinct name="Rayle City Hall" votes="1" />
            <Precinct name="Courthouse" votes="1" />
            <Precinct name="Tignall Sch Lunch RM" votes="1" />
        </VoteType>
        <Choice key="10" text="L. A. DOZIER (D)" totalVotes="3930">
            <VoteType name="Election Day" votes="1913">
                <Precinct name="Senior Citizen Center" votes="375" />
                <Precinct name="Young Farmer's Bldg" votes="324" />
                <Precinct name="Metasville Fire Station" votes="188" />
                <Precinct name="Edward B Pope Center" votes="295" />
                <Precinct name="Rayle City Hall" votes="215" />
                <Precinct name="Courthouse" votes="176" />
                <Precinct name="Tignall Sch Lunch RM" votes="340" />
            </VoteType>
            <VoteType name="Absentee by Mail" votes="161">
                <Precinct name="Senior Citizen Center" votes="36" />
                <Precinct name="Young Farmer's Bldg" votes="29" />
                <Precinct name="Metasville Fire Station" votes="8" />
                <Precinct name="Edward B Pope Center" votes="27" />
                <Precinct name="Rayle City Hall" votes="8" />
                <Precinct name="Courthouse" votes="25" />
                <Precinct name="Tignall Sch Lunch RM" votes="28" />
            </VoteType>
            <VoteType name="Advance in Person" votes="1851">
                <Precinct name="Senior Citizen Center" votes="404" />
                <Precinct name="Young Farmer's Bldg" votes="411" />
                <Precinct name="Metasville Fire Station" votes="134" />
                <Precinct name="Edward B Pope Center" votes="233" />
                <Precinct name="Rayle City Hall" votes="95" />
                <Precinct name="Courthouse" votes="400" />
                <Precinct name="Tignall Sch Lunch RM" votes="174" />
            </VoteType>
            <VoteType name="Provisional" votes="5">
                <Precinct name="Senior Citizen Center" votes="0" />
                <Precinct name="Young Farmer's Bldg" votes="1" />
                <Precinct name="Metasville Fire Station" votes="1" />
                <Precinct name="Edward B Pope Center" votes="2" />
                <Precinct name="Rayle City Hall" votes="1" />
                <Precinct name="Courthouse" votes="0" />
                <Precinct name="Tignall Sch Lunch RM" votes="0" />
            </VoteType>
        </Choice>
    </Contest>
    <Contest key="240" text="Coroner" isQuestion="false" precinctsReporting="7" precinctsReported="7">
        <VoteType name="Number of Precincts for Race" votes="7">
            <Precinct name="Senior Citizen Center" votes="1" />
            <Precinct name="Young Farmer's Bldg" votes="1" />
            <Precinct name="Metasville Fire Station" votes="1" />
            <Precinct name="Edward B Pope Center" votes="1" />
            <Precinct name="Rayle City Hall" votes="1" />
            <Precinct name="Courthouse" votes="1" />
            <Precinct name="Tignall Sch Lunch RM" votes="1" />
        </VoteType>
        <VoteType name="Number of Precincts Reporting" votes="7">
            <Precinct name="Senior Citizen Center" votes="1" />
            <Precinct name="Young Farmer's Bldg" votes="1" />
            <Precinct name="Metasville Fire Station" votes="1" />
            <Precinct name="Edward B Pope Center" votes="1" />
            <Precinct name="Rayle City Hall" votes="1" />
            <Precinct name="Courthouse" votes="1" />
            <Precinct name="Tignall Sch Lunch RM" votes="1" />
        </VoteType>
        <Choice key="10" text="J. B. THOMPSON(I)(D)" totalVotes="3837">
            <VoteType name="Election Day" votes="1861">
                <Precinct name="Senior Citizen Center" votes="366" />
                <Precinct name="Young Farmer's Bldg" votes="321" />
                <Precinct name="Metasville Fire Station" votes="187" />
                <Precinct name="Edward B Pope Center" votes="283" />
                <Precinct name="Rayle City Hall" votes="209" />
                <Precinct name="Courthouse" votes="177" />
                <Precinct name="Tignall Sch Lunch RM" votes="318" />
            </VoteType>
            <VoteType name="Absentee by Mail" votes="158">
                <Precinct name="Senior Citizen Center" votes="33" />
                <Precinct name="Young Farmer's Bldg" votes="31" />
                <Precinct name="Metasville Fire Station" votes="7" />
                <Precinct name="Edward B Pope Center" votes="27" />
                <Precinct name="Rayle City Hall" votes="8" />
                <Precinct name="Courthouse" votes="26" />
                <Precinct name="Tignall Sch Lunch RM" votes="26" />
            </VoteType>
            <VoteType name="Advance in Person" votes="1813">
                <Precinct name="Senior Citizen Center" votes="399" />
                <Precinct name="Young Farmer's Bldg" votes="403" />
                <Precinct name="Metasville Fire Station" votes="130" />
                <Precinct name="Edward B Pope Center" votes="224" />
                <Precinct name="Rayle City Hall" votes="92" />
                <Precinct name="Courthouse" votes="403" />
                <Precinct name="Tignall Sch Lunch RM" votes="162" />
            </VoteType>
            <VoteType name="Provisional" votes="5">
                <Precinct name="Senior Citizen Center" votes="0" />
                <Precinct name="Young Farmer's Bldg" votes="1" />
                <Precinct name="Metasville Fire Station" votes="1" />
                <Precinct name="Edward B Pope Center" votes="2" />
                <Precinct name="Rayle City Hall" votes="1" />
                <Precinct name="Courthouse" votes="0" />
                <Precinct name="Tignall Sch Lunch RM" votes="0" />
            </VoteType>
        </Choice>
    </Contest>
    <Contest key="260" text="County Comm 1" isQuestion="false" precinctsReporting="1" precinctsReported="1">
        <VoteType name="Number of Precincts for Race" votes="1">
            <Precinct name="Senior Citizen Center" votes="1" />
        </VoteType>
        <VoteType name="Number of Precincts Reporting" votes="1">
            <Precinct name="Senior Citizen Center" votes="1" />
        </VoteType>
        <Choice key="10" text="E. LEE (I)(D)" totalVotes="795">
            <VoteType name="Election Day" votes="365">
                <Precinct name="Senior Citizen Center" votes="365" />
            </VoteType>
            <VoteType name="Absentee by Mail" votes="35">
                <Precinct name="Senior Citizen Center" votes="35" />
            </VoteType>
            <VoteType name="Advance in Person" votes="395">
                <Precinct name="Senior Citizen Center" votes="395" />
            </VoteType>
            <VoteType name="Provisional" votes="0">
                <Precinct name="Senior Citizen Center" votes="0" />
            </VoteType>
        </Choice>
    </Contest>
    <Contest key="280" text="County Comm 2" isQuestion="false" precinctsReporting="2" precinctsReported="2">
        <VoteType name="Number of Precincts for Race" votes="2">
            <Precinct name="Young Farmer's Bldg" votes="1" />
            <Precinct name="Metasville Fire Station" votes="1" />
        </VoteType>
        <VoteType name="Number of Precincts Reporting" votes="2">
            <Precinct name="Young Farmer's Bldg" votes="1" />
            <Precinct name="Metasville Fire Station" votes="1" />
        </VoteType>
        <Choice key="10" text="E. GEDDINGS (I)(D)" totalVotes="1021">
            <VoteType name="Election Day" votes="480">
                <Precinct name="Young Farmer's Bldg" votes="308" />
                <Precinct name="Metasville Fire Station" votes="172" />
            </VoteType>
            <VoteType name="Absentee by Mail" votes="36">
                <Precinct name="Young Farmer's Bldg" votes="29" />
                <Precinct name="Metasville Fire Station" votes="7" />
            </VoteType>
            <VoteType name="Advance in Person" votes="503">
                <Precinct name="Young Farmer's Bldg" votes="385" />
                <Precinct name="Metasville Fire Station" votes="118" />
            </VoteType>
            <VoteType name="Provisional" votes="2">
                <Precinct name="Young Farmer's Bldg" votes="1" />
                <Precinct name="Metasville Fire Station" votes="1" />
            </VoteType>
        </Choice>
    </Contest>
    <Contest key="500" text="Constitutional Amendment #1&lt;br&gt;Provides greater flexibility and state accountability to fix failing schools through increasing community involvement." isQuestion="false" precinctsReporting="7" precinctsReported="7">
        <VoteType name="Number of Precincts for Race" votes="7">
            <Precinct name="Senior Citizen Center" votes="1" />
            <Precinct name="Young Farmer's Bldg" votes="1" />
            <Precinct name="Metasville Fire Station" votes="1" />
            <Precinct name="Edward B Pope Center" votes="1" />
            <Precinct name="Rayle City Hall" votes="1" />
            <Precinct name="Courthouse" votes="1" />
            <Precinct name="Tignall Sch Lunch RM" votes="1" />
        </VoteType>
        <VoteType name="Number of Precincts Reporting" votes="7">
            <Precinct name="Senior Citizen Center" votes="1" />
            <Precinct name="Young Farmer's Bldg" votes="1" />
            <Precinct name="Metasville Fire Station" votes="1" />
            <Precinct name="Edward B Pope Center" votes="1" />
            <Precinct name="Rayle City Hall" votes="1" />
            <Precinct name="Courthouse" votes="1" />
            <Precinct name="Tignall Sch Lunch RM" votes="1" />
        </VoteType>
        <Choice key="10" text="YES" totalVotes="1440">
            <VoteType name="Election Day" votes="670">
                <Precinct name="Senior Citizen Center" votes="148" />
                <Precinct name="Young Farmer's Bldg" votes="101" />
                <Precinct name="Metasville Fire Station" votes="68" />
                <Precinct name="Edward B Pope Center" votes="115" />
                <Precinct name="Rayle City Hall" votes="82" />
                <Precinct name="Courthouse" votes="57" />
                <Precinct name="Tignall Sch Lunch RM" votes="99" />
            </VoteType>
            <VoteType name="Absentee by Mail" votes="75">
                <Precinct name="Senior Citizen Center" votes="14" />
                <Precinct name="Young Farmer's Bldg" votes="17" />
                <Precinct name="Metasville Fire Station" votes="3" />
                <Precinct name="Edward B Pope Center" votes="9" />
                <Precinct name="Rayle City Hall" votes="6" />
                <Precinct name="Courthouse" votes="18" />
                <Precinct name="Tignall Sch Lunch RM" votes="8" />
            </VoteType>
            <VoteType name="Advance in Person" votes="690">
                <Precinct name="Senior Citizen Center" votes="153" />
                <Precinct name="Young Farmer's Bldg" votes="130" />
                <Precinct name="Metasville Fire Station" votes="61" />
                <Precinct name="Edward B Pope Center" votes="98" />
                <Precinct name="Rayle City Hall" votes="41" />
                <Precinct name="Courthouse" votes="146" />
                <Precinct name="Tignall Sch Lunch RM" votes="61" />
            </VoteType>
            <VoteType name="Provisional" votes="5">
                <Precinct name="Senior Citizen Center" votes="0" />
                <Precinct name="Young Farmer's Bldg" votes="1" />
                <Precinct name="Metasville Fire Station" votes="1" />
                <Precinct name="Edward B Pope Center" votes="2" />
                <Precinct name="Rayle City Hall" votes="1" />
                <Precinct name="Courthouse" votes="0" />
                <Precinct name="Tignall Sch Lunch RM" votes="0" />
            </VoteType>
        </Choice>
        <Choice key="20" text="NO" totalVotes="2852">
            <VoteType name="Election Day" votes="1412">
                <Precinct name="Senior Citizen Center" votes="253" />
                <Precinct name="Young Farmer's Bldg" votes="256" />
                <Precinct name="Metasville Fire Station" votes="138" />
                <Precinct name="Edward B Pope Center" votes="203" />
                <Precinct name="Rayle City Hall" votes="165" />
                <Precinct name="Courthouse" votes="134" />
                <Precinct name="Tignall Sch Lunch RM" votes="263" />
            </VoteType>
            <VoteType name="Absentee by Mail" votes="100">
                <Precinct name="Senior Citizen Center" votes="20" />
                <Precinct name="Young Farmer's Bldg" votes="16" />
                <Precinct name="Metasville Fire Station" votes="5" />
                <Precinct name="Edward B Pope Center" votes="20" />
                <Precinct name="Rayle City Hall" votes="7" />
                <Precinct name="Courthouse" votes="14" />
                <Precinct name="Tignall Sch Lunch RM" votes="18" />
            </VoteType>
            <VoteType name="Advance in Person" votes="1339">
                <Precinct name="Senior Citizen Center" votes="287" />
                <Precinct name="Young Farmer's Bldg" votes="321" />
                <Precinct name="Metasville Fire Station" votes="90" />
                <Precinct name="Edward B Pope Center" votes="154" />
                <Precinct name="Rayle City Hall" votes="62" />
                <Precinct name="Courthouse" votes="306" />
                <Precinct name="Tignall Sch Lunch RM" votes="119" />
            </VoteType>
            <VoteType name="Provisional" votes="1">
                <Precinct name="Senior Citizen Center" votes="0" />
                <Precinct name="Young Farmer's Bldg" votes="0" />
                <Precinct name="Metasville Fire Station" votes="0" />
                <Precinct name="Edward B Pope Center" votes="1" />
                <Precinct name="Rayle City Hall" votes="0" />
                <Precinct name="Courthouse" votes="0" />
                <Precinct name="Tignall Sch Lunch RM" votes="0" />
            </VoteType>
        </Choice>
    </Contest>
    <Contest key="510" text="Constitutional Amendment #2&lt;br&gt;Authorizes penalties for sexual exploitation and assessments on adult entertainment to fund child victims' services." isQuestion="false" precinctsReporting="7" precinctsReported="7">
        <VoteType name="Number of Precincts for Race" votes="7">
            <Precinct name="Senior Citizen Center" votes="1" />
            <Precinct name="Young Farmer's Bldg" votes="1" />
            <Precinct name="Metasville Fire Station" votes="1" />
            <Precinct name="Edward B Pope Center" votes="1" />
            <Precinct name="Rayle City Hall" votes="1" />
            <Precinct name="Courthouse" votes="1" />
            <Precinct name="Tignall Sch Lunch RM" votes="1" />
        </VoteType>
        <VoteType name="Number of Precincts Reporting" votes="7">
            <Precinct name="Senior Citizen Center" votes="1" />
            <Precinct name="Young Farmer's Bldg" votes="1" />
            <Precinct name="Metasville Fire Station" votes="1" />
            <Precinct name="Edward B Pope Center" votes="1" />
            <Precinct name="Rayle City Hall" votes="1" />
            <Precinct name="Courthouse" votes="1" />
            <Precinct name="Tignall Sch Lunch RM" votes="1" />
        </VoteType>
        <Choice key="10" text="YES" totalVotes="3214">
            <VoteType name="Election Day" votes="1562">
                <Precinct name="Senior Citizen Center" votes="276" />
                <Precinct name="Young Farmer's Bldg" votes="276" />
                <Precinct name="Metasville Fire Station" votes="161" />
                <Precinct name="Edward B Pope Center" votes="233" />
                <Precinct name="Rayle City Hall" votes="184" />
                <Precinct name="Courthouse" votes="154" />
                <Precinct name="Tignall Sch Lunch RM" votes="278" />
            </VoteType>
            <VoteType name="Absentee by Mail" votes="142">
                <Precinct name="Senior Citizen Center" votes="26" />
                <Precinct name="Young Farmer's Bldg" votes="30" />
                <Precinct name="Metasville Fire Station" votes="4" />
                <Precinct name="Edward B Pope Center" votes="19" />
                <Precinct name="Rayle City Hall" votes="12" />
                <Precinct name="Courthouse" votes="29" />
                <Precinct name="Tignall Sch Lunch RM" votes="22" />
            </VoteType>
            <VoteType name="Advance in Person" votes="1505">
                <Precinct name="Senior Citizen Center" votes="301" />
                <Precinct name="Young Farmer's Bldg" votes="328" />
                <Precinct name="Metasville Fire Station" votes="126" />
                <Precinct name="Edward B Pope Center" votes="179" />
                <Precinct name="Rayle City Hall" votes="76" />
                <Precinct name="Courthouse" votes="348" />
                <Precinct name="Tignall Sch Lunch RM" votes="147" />
            </VoteType>
            <VoteType name="Provisional" votes="5">
                <Precinct name="Senior Citizen Center" votes="0" />
                <Precinct name="Young Farmer's Bldg" votes="1" />
                <Precinct name="Metasville Fire Station" votes="1" />
                <Precinct name="Edward B Pope Center" votes="2" />
                <Precinct name="Rayle City Hall" votes="1" />
                <Precinct name="Courthouse" votes="0" />
                <Precinct name="Tignall Sch Lunch RM" votes="0" />
            </VoteType>
        </Choice>
        <Choice key="20" text="NO" totalVotes="907">
            <VoteType name="Election Day" votes="443">
                <Precinct name="Senior Citizen Center" votes="106" />
                <Precinct name="Young Farmer's Bldg" votes="67" />
                <Precinct name="Metasville Fire Station" votes="35" />
                <Precinct name="Edward B Pope Center" votes="70" />
                <Precinct name="Rayle City Hall" votes="58" />
                <Precinct name="Courthouse" votes="33" />
                <Precinct name="Tignall Sch Lunch RM" votes="74" />
            </VoteType>
            <VoteType name="Absentee by Mail" votes="35">
                <Precinct name="Senior Citizen Center" votes="10" />
                <Precinct name="Young Farmer's Bldg" votes="3" />
                <Precinct name="Metasville Fire Station" votes="4" />
                <Precinct name="Edward B Pope Center" votes="10" />
                <Precinct name="Rayle City Hall" votes="1" />
                <Precinct name="Courthouse" votes="3" />
                <Precinct name="Tignall Sch Lunch RM" votes="4" />
            </VoteType>
            <VoteType name="Advance in Person" votes="429">
                <Precinct name="Senior Citizen Center" votes="118" />
                <Precinct name="Young Farmer's Bldg" votes="93" />
                <Precinct name="Metasville Fire Station" votes="18" />
                <Precinct name="Edward B Pope Center" votes="60" />
                <Precinct name="Rayle City Hall" votes="21" />
                <Precinct name="Courthouse" votes="91" />
                <Precinct name="Tignall Sch Lunch RM" votes="28" />
            </VoteType>
            <VoteType name="Provisional" votes="0">
                <Precinct name="Senior Citizen Center" votes="0" />
                <Precinct name="Young Farmer's Bldg" votes="0" />
                <Precinct name="Metasville Fire Station" votes="0" />
                <Precinct name="Edward B Pope Center" votes="0" />
                <Precinct name="Rayle City Hall" votes="0" />
                <Precinct name="Courthouse" votes="0" />
                <Precinct name="Tignall Sch Lunch RM" votes="0" />
            </VoteType>
        </Choice>
    </Contest>
    <Contest key="520" text="Constitutional Amendment #3&lt;br&gt;Reforms and re-establishes the Judicial Qualifications Commission and provides for its composition, governance, and powers." isQuestion="false" precinctsReporting="7" precinctsReported="7">
        <VoteType name="Number of Precincts for Race" votes="7">
            <Precinct name="Senior Citizen Center" votes="1" />
            <Precinct name="Young Farmer's Bldg" votes="1" />
            <Precinct name="Metasville Fire Station" votes="1" />
            <Precinct name="Edward B Pope Center" votes="1" />
            <Precinct name="Rayle City Hall" votes="1" />
            <Precinct name="Courthouse" votes="1" />
            <Precinct name="Tignall Sch Lunch RM" votes="1" />
        </VoteType>
        <VoteType name="Number of Precincts Reporting" votes="7">
            <Precinct name="Senior Citizen Center" votes="1" />
            <Precinct name="Young Farmer's Bldg" votes="1" />
            <Precinct name="Metasville Fire Station" votes="1" />
            <Precinct name="Edward B Pope Center" votes="1" />
            <Precinct name="Rayle City Hall" votes="1" />
            <Precinct name="Courthouse" votes="1" />
            <Precinct name="Tignall Sch Lunch RM" votes="1" />
        </VoteType>
        <Choice key="10" text="YES" totalVotes="2133">
            <VoteType name="Election Day" votes="1032">
                <Precinct name="Senior Citizen Center" votes="208" />
                <Precinct name="Young Farmer's Bldg" votes="164" />
                <Precinct name="Metasville Fire Station" votes="99" />
                <Precinct name="Edward B Pope Center" votes="164" />
                <Precinct name="Rayle City Hall" votes="118" />
                <Precinct name="Courthouse" votes="102" />
                <Precinct name="Tignall Sch Lunch RM" votes="177" />
            </VoteType>
            <VoteType name="Absentee by Mail" votes="86">
                <Precinct name="Senior Citizen Center" votes="18" />
                <Precinct name="Young Farmer's Bldg" votes="20" />
                <Precinct name="Metasville Fire Station" votes="4" />
                <Precinct name="Edward B Pope Center" votes="12" />
                <Precinct name="Rayle City Hall" votes="5" />
                <Precinct name="Courthouse" votes="14" />
                <Precinct name="Tignall Sch Lunch RM" votes="13" />
            </VoteType>
            <VoteType name="Advance in Person" votes="1011">
                <Precinct name="Senior Citizen Center" votes="206" />
                <Precinct name="Young Farmer's Bldg" votes="213" />
                <Precinct name="Metasville Fire Station" votes="78" />
                <Precinct name="Edward B Pope Center" votes="140" />
                <Precinct name="Rayle City Hall" votes="58" />
                <Precinct name="Courthouse" votes="220" />
                <Precinct name="Tignall Sch Lunch RM" votes="96" />
            </VoteType>
            <VoteType name="Provisional" votes="4">
                <Precinct name="Senior Citizen Center" votes="0" />
                <Precinct name="Young Farmer's Bldg" votes="0" />
                <Precinct name="Metasville Fire Station" votes="1" />
                <Precinct name="Edward B Pope Center" votes="2" />
                <Precinct name="Rayle City Hall" votes="1" />
                <Precinct name="Courthouse" votes="0" />
                <Precinct name="Tignall Sch Lunch RM" votes="0" />
            </VoteType>
        </Choice>
        <Choice key="20" text="NO" totalVotes="1708">
            <VoteType name="Election Day" votes="841">
                <Precinct name="Senior Citizen Center" votes="165" />
                <Precinct name="Young Farmer's Bldg" votes="154" />
                <Precinct name="Metasville Fire Station" votes="83" />
                <Precinct name="Edward B Pope Center" votes="117" />
                <Precinct name="Rayle City Hall" votes="100" />
                <Precinct name="Courthouse" votes="69" />
                <Precinct name="Tignall Sch Lunch RM" votes="153" />
            </VoteType>
            <VoteType name="Absentee by Mail" votes="71">
                <Precinct name="Senior Citizen Center" votes="14" />
                <Precinct name="Young Farmer's Bldg" votes="10" />
                <Precinct name="Metasville Fire Station" votes="4" />
                <Precinct name="Edward B Pope Center" votes="14" />
                <Precinct name="Rayle City Hall" votes="6" />
                <Precinct name="Courthouse" votes="11" />
                <Precinct name="Tignall Sch Lunch RM" votes="12" />
            </VoteType>
            <VoteType name="Advance in Person" votes="794">
                <Precinct name="Senior Citizen Center" votes="184" />
                <Precinct name="Young Farmer's Bldg" votes="178" />
                <Precinct name="Metasville Fire Station" votes="57" />
                <Precinct name="Edward B Pope Center" votes="91" />
                <Precinct name="Rayle City Hall" votes="33" />
                <Precinct name="Courthouse" votes="182" />
                <Precinct name="Tignall Sch Lunch RM" votes="69" />
            </VoteType>
            <VoteType name="Provisional" votes="2">
                <Precinct name="Senior Citizen Center" votes="0" />
                <Precinct name="Young Farmer's Bldg" votes="1" />
                <Precinct name="Metasville Fire Station" votes="0" />
                <Precinct name="Edward B Pope Center" votes="1" />
                <Precinct name="Rayle City Hall" votes="0" />
                <Precinct name="Courthouse" votes="0" />
                <Precinct name="Tignall Sch Lunch RM" votes="0" />
            </VoteType>
        </Choice>
    </Contest>
    <Contest key="530" text="Constitutional Amendment #4&lt;br&gt;Dedicates revenue from existing taxes on fireworks to trauma care, fire services, and public safety." isQuestion="false" precinctsReporting="7" precinctsReported="7">
        <VoteType name="Number of Precincts for Race" votes="7">
            <Precinct name="Senior Citizen Center" votes="1" />
            <Precinct name="Young Farmer's Bldg" votes="1" />
            <Precinct name="Metasville Fire Station" votes="1" />
            <Precinct name="Edward B Pope Center" votes="1" />
            <Precinct name="Rayle City Hall" votes="1" />
            <Precinct name="Courthouse" votes="1" />
            <Precinct name="Tignall Sch Lunch RM" votes="1" />
        </VoteType>
        <VoteType name="Number of Precincts Reporting" votes="7">
            <Precinct name="Senior Citizen Center" votes="1" />
            <Precinct name="Young Farmer's Bldg" votes="1" />
            <Precinct name="Metasville Fire Station" votes="1" />
            <Precinct name="Edward B Pope Center" votes="1" />
            <Precinct name="Rayle City Hall" votes="1" />
            <Precinct name="Courthouse" votes="1" />
            <Precinct name="Tignall Sch Lunch RM" votes="1" />
        </VoteType>
        <Choice key="10" text="YES" totalVotes="3021">
            <VoteType name="Election Day" votes="1441">
                <Precinct name="Senior Citizen Center" votes="261" />
                <Precinct name="Young Farmer's Bldg" votes="257" />
                <Precinct name="Metasville Fire Station" votes="151" />
                <Precinct name="Edward B Pope Center" votes="206" />
                <Precinct name="Rayle City Hall" votes="165" />
                <Precinct name="Courthouse" votes="155" />
                <Precinct name="Tignall Sch Lunch RM" votes="246" />
            </VoteType>
            <VoteType name="Absentee by Mail" votes="144">
                <Precinct name="Senior Citizen Center" votes="27" />
                <Precinct name="Young Farmer's Bldg" votes="28" />
                <Precinct name="Metasville Fire Station" votes="6" />
                <Precinct name="Edward B Pope Center" votes="20" />
                <Precinct name="Rayle City Hall" votes="12" />
                <Precinct name="Courthouse" votes="27" />
                <Precinct name="Tignall Sch Lunch RM" votes="24" />
            </VoteType>
            <VoteType name="Advance in Person" votes="1431">
                <Precinct name="Senior Citizen Center" votes="309" />
                <Precinct name="Young Farmer's Bldg" votes="302" />
                <Precinct name="Metasville Fire Station" votes="106" />
                <Precinct name="Edward B Pope Center" votes="181" />
                <Precinct name="Rayle City Hall" votes="73" />
                <Precinct name="Courthouse" votes="318" />
                <Precinct name="Tignall Sch Lunch RM" votes="142" />
            </VoteType>
            <VoteType name="Provisional" votes="5">
                <Precinct name="Senior Citizen Center" votes="0" />
                <Precinct name="Young Farmer's Bldg" votes="1" />
                <Precinct name="Metasville Fire Station" votes="0" />
                <Precinct name="Edward B Pope Center" votes="3" />
                <Precinct name="Rayle City Hall" votes="1" />
                <Precinct name="Courthouse" votes="0" />
                <Precinct name="Tignall Sch Lunch RM" votes="0" />
            </VoteType>
        </Choice>
        <Choice key="20" text="NO" totalVotes="1043">
            <VoteType name="Election Day" votes="528">
                <Precinct name="Senior Citizen Center" votes="121" />
                <Precinct name="Young Farmer's Bldg" votes="81" />
                <Precinct name="Metasville Fire Station" votes="41" />
                <Precinct name="Edward B Pope Center" votes="88" />
                <Precinct name="Rayle City Hall" votes="68" />
                <Precinct name="Courthouse" votes="31" />
                <Precinct name="Tignall Sch Lunch RM" votes="98" />
            </VoteType>
            <VoteType name="Absentee by Mail" votes="29">
                <Precinct name="Senior Citizen Center" votes="9" />
                <Precinct name="Young Farmer's Bldg" votes="3" />
                <Precinct name="Metasville Fire Station" votes="2" />
                <Precinct name="Edward B Pope Center" votes="8" />
                <Precinct name="Rayle City Hall" votes="1" />
                <Precinct name="Courthouse" votes="4" />
                <Precinct name="Tignall Sch Lunch RM" votes="2" />
            </VoteType>
            <VoteType name="Advance in Person" votes="485">
                <Precinct name="Senior Citizen Center" votes="107" />
                <Precinct name="Young Farmer's Bldg" votes="116" />
                <Precinct name="Metasville Fire Station" votes="36" />
                <Precinct name="Edward B Pope Center" votes="58" />
                <Precinct name="Rayle City Hall" votes="24" />
                <Precinct name="Courthouse" votes="114" />
                <Precinct name="Tignall Sch Lunch RM" votes="30" />
            </VoteType>
            <VoteType name="Provisional" votes="1">
                <Precinct name="Senior Citizen Center" votes="0" />
                <Precinct name="Young Farmer's Bldg" votes="0" />
                <Precinct name="Metasville Fire Station" votes="1" />
                <Precinct name="Edward B Pope Center" votes="0" />
                <Precinct name="Rayle City Hall" votes="0" />
                <Precinct name="Courthouse" votes="0" />
                <Precinct name="Tignall Sch Lunch RM" votes="0" />
            </VoteType>
        </Choice>
    </Contest>
    <Contest key="550" text="SPLOST" isQuestion="false" precinctsReporting="7" precinctsReported="7">
        <VoteType name="Number of Precincts for Race" votes="7">
            <Precinct name="Senior Citizen Center" votes="1" />
            <Precinct name="Young Farmer's Bldg" votes="1" />
            <Precinct name="Metasville Fire Station" votes="1" />
            <Precinct name="Edward B Pope Center" votes="1" />
            <Precinct name="Rayle City Hall" votes="1" />
            <Precinct name="Courthouse" votes="1" />
            <Precinct name="Tignall Sch Lunch RM" votes="1" />
        </VoteType>
        <VoteType name="Number of Precincts Reporting" votes="7">
            <Precinct name="Senior Citizen Center" votes="1" />
            <Precinct name="Young Farmer's Bldg" votes="1" />
            <Precinct name="Metasville Fire Station" votes="1" />
            <Precinct name="Edward B Pope Center" votes="1" />
            <Precinct name="Rayle City Hall" votes="1" />
            <Precinct name="Courthouse" votes="1" />
            <Precinct name="Tignall Sch Lunch RM" votes="1" />
        </VoteType>
        <Choice key="10" text="YES" totalVotes="2672">
            <VoteType name="Election Day" votes="1250">
                <Precinct name="Senior Citizen Center" votes="230" />
                <Precinct name="Young Farmer's Bldg" votes="231" />
                <Precinct name="Metasville Fire Station" votes="119" />
                <Precinct name="Edward B Pope Center" votes="187" />
                <Precinct name="Rayle City Hall" votes="137" />
                <Precinct name="Courthouse" votes="131" />
                <Precinct name="Tignall Sch Lunch RM" votes="215" />
            </VoteType>
            <VoteType name="Absentee by Mail" votes="126">
                <Precinct name="Senior Citizen Center" votes="21" />
                <Precinct name="Young Farmer's Bldg" votes="22" />
                <Precinct name="Metasville Fire Station" votes="2" />
                <Precinct name="Edward B Pope Center" votes="26" />
                <Precinct name="Rayle City Hall" votes="11" />
                <Precinct name="Courthouse" votes="22" />
                <Precinct name="Tignall Sch Lunch RM" votes="22" />
            </VoteType>
            <VoteType name="Advance in Person" votes="1291">
                <Precinct name="Senior Citizen Center" votes="267" />
                <Precinct name="Young Farmer's Bldg" votes="281" />
                <Precinct name="Metasville Fire Station" votes="97" />
                <Precinct name="Edward B Pope Center" votes="151" />
                <Precinct name="Rayle City Hall" votes="65" />
                <Precinct name="Courthouse" votes="309" />
                <Precinct name="Tignall Sch Lunch RM" votes="121" />
            </VoteType>
            <VoteType name="Provisional" votes="5">
                <Precinct name="Senior Citizen Center" votes="0" />
                <Precinct name="Young Farmer's Bldg" votes="1" />
                <Precinct name="Metasville Fire Station" votes="0" />
                <Precinct name="Edward B Pope Center" votes="3" />
                <Precinct name="Rayle City Hall" votes="1" />
                <Precinct name="Courthouse" votes="0" />
                <Precinct name="Tignall Sch Lunch RM" votes="0" />
            </VoteType>
        </Choice>
        <Choice key="20" text="NO" totalVotes="1517">
            <VoteType name="Election Day" votes="767">
                <Precinct name="Senior Citizen Center" votes="160" />
                <Precinct name="Young Farmer's Bldg" votes="118" />
                <Precinct name="Metasville Fire Station" votes="74" />
                <Precinct name="Edward B Pope Center" votes="118" />
                <Precinct name="Rayle City Hall" votes="99" />
                <Precinct name="Courthouse" votes="58" />
                <Precinct name="Tignall Sch Lunch RM" votes="140" />
            </VoteType>
            <VoteType name="Absentee by Mail" votes="48">
                <Precinct name="Senior Citizen Center" votes="13" />
                <Precinct name="Young Farmer's Bldg" votes="11" />
                <Precinct name="Metasville Fire Station" votes="6" />
                <Precinct name="Edward B Pope Center" votes="3" />
                <Precinct name="Rayle City Hall" votes="1" />
                <Precinct name="Courthouse" votes="8" />
                <Precinct name="Tignall Sch Lunch RM" votes="6" />
            </VoteType>
            <VoteType name="Advance in Person" votes="701">
                <Precinct name="Senior Citizen Center" votes="168" />
                <Precinct name="Young Farmer's Bldg" votes="156" />
                <Precinct name="Metasville Fire Station" votes="51" />
                <Precinct name="Edward B Pope Center" votes="97" />
                <Precinct name="Rayle City Hall" votes="39" />
                <Precinct name="Courthouse" votes="134" />
                <Precinct name="Tignall Sch Lunch RM" votes="56" />
            </VoteType>
            <VoteType name="Provisional" votes="1">
                <Precinct name="Senior Citizen Center" votes="0" />
                <Precinct name="Young Farmer's Bldg" votes="0" />
                <Precinct name="Metasville Fire Station" votes="1" />
                <Precinct name="Edward B Pope Center" votes="0" />
                <Precinct name="Rayle City Hall" votes="0" />
                <Precinct name="Courthouse" votes="0" />
                <Precinct name="Tignall Sch Lunch RM" votes="0" />
            </VoteType>
        </Choice>
    </Contest>
</ElectionResult>