<?xml version="1.0"?>
<!--Election result snapshot imported from Tabulation System
-->
<ElectionResult>
    <Timestamp>11/15/2016 9:57:58 AM EST</Timestamp>
    <ElectionName>November 8, 2016 - General Election</ElectionName>
    <ElectionDate>11/8/2016</ElectionDate>
    <Region>Irwin</Region>
    <VoterTurnout totalVoters="4963" ballotsCast="3693" voterTurnout="74.41">
        <Precincts>
            <Precinct name="Irwinville" totalVoters="692" ballotsCast="552" voterTurnout="79.77" percentReporting="4" />
            <Precinct name="Minnie" totalVoters="250" ballotsCast="207" voterTurnout="82.80" percentReporting="4" />
            <Precinct name="Roberts" totalVoters="422" ballotsCast="268" voterTurnout="63.51" percentReporting="4" />
            <Precinct name="Ocilla" totalVoters="2363" ballotsCast="1675" voterTurnout="70.88" percentReporting="4" />
            <Precinct name="Osierfield" totalVoters="204" ballotsCast="169" voterTurnout="82.84" percentReporting="4" />
            <Precinct name="Mystic" totalVoters="505" ballotsCast="407" voterTurnout="80.59" percentReporting="4" />
            <Precinct name="Fletcher" totalVoters="305" ballotsCast="256" voterTurnout="83.93" percentReporting="4" />
            <Precinct name="Holt" totalVoters="222" ballotsCast="159" voterTurnout="71.62" percentReporting="4" />
        </Precincts>
    </VoterTurnout>
    <Contest key="1" text="President of the United States" isQuestion="false" precinctsReporting="8" precinctsReported="8">
        <VoteType name="Number of Precincts for Race" votes="8">
            <Precinct name="Irwinville" votes="1" />
            <Precinct name="Minnie" votes="1" />
            <Precinct name="Roberts" votes="1" />
            <Precinct name="Ocilla" votes="1" />
            <Precinct name="Osierfield" votes="1" />
            <Precinct name="Mystic" votes="1" />
            <Precinct name="Fletcher" votes="1" />
            <Precinct name="Holt" votes="1" />
        </VoteType>
        <VoteType name="Number of Precincts Reporting" votes="8">
            <Precinct name="Irwinville" votes="1" />
            <Precinct name="Minnie" votes="1" />
            <Precinct name="Roberts" votes="1" />
            <Precinct name="Ocilla" votes="1" />
            <Precinct name="Osierfield" votes="1" />
            <Precinct name="Mystic" votes="1" />
            <Precinct name="Fletcher" votes="1" />
            <Precinct name="Holt" votes="1" />
        </VoteType>
        <Choice key="10" text="DONALD J. TRUMP" totalVotes="2716">
            <VoteType name="Election Day" votes="1290">
                <Precinct name="Irwinville" votes="287" />
                <Precinct name="Minnie" votes="99" />
                <Precinct name="Roberts" votes="96" />
                <Precinct name="Ocilla" votes="277" />
                <Precinct name="Osierfield" votes="73" />
                <Precinct name="Mystic" votes="190" />
                <Precinct name="Fletcher" votes="204" />
                <Precinct name="Holt" votes="64" />
            </VoteType>
            <VoteType name="Absentee by Mail" votes="76">
                <Precinct name="Irwinville" votes="11" />
                <Precinct name="Minnie" votes="8" />
                <Precinct name="Roberts" votes="6" />
                <Precinct name="Ocilla" votes="38" />
                <Precinct name="Osierfield" votes="1" />
                <Precinct name="Mystic" votes="6" />
                <Precinct name="Fletcher" votes="5" />
                <Precinct name="Holt" votes="1" />
            </VoteType>
            <VoteType name="Advance in Person" votes="1345">
                <Precinct name="Irwinville" votes="201" />
                <Precinct name="Minnie" votes="77" />
                <Precinct name="Roberts" votes="130" />
                <Precinct name="Ocilla" votes="644" />
                <Precinct name="Osierfield" votes="55" />
                <Precinct name="Mystic" votes="148" />
                <Precinct name="Fletcher" votes="37" />
                <Precinct name="Holt" votes="53" />
            </VoteType>
            <VoteType name="Provisional" votes="5">
                <Precinct name="Irwinville" votes="1" />
                <Precinct name="Minnie" votes="0" />
                <Precinct name="Roberts" votes="0" />
                <Precinct name="Ocilla" votes="4" />
                <Precinct name="Osierfield" votes="0" />
                <Precinct name="Mystic" votes="0" />
                <Precinct name="Fletcher" votes="0" />
                <Precinct name="Holt" votes="0" />
            </VoteType>
        </Choice>
        <Choice key="20" text="HILLARY CLINTON" totalVotes="891">
            <VoteType name="Election Day" votes="397">
                <Precinct name="Irwinville" votes="19" />
                <Precinct name="Minnie" votes="2" />
                <Precinct name="Roberts" votes="17" />
                <Precinct name="Ocilla" votes="289" />
                <Precinct name="Osierfield" votes="28" />
                <Precinct name="Mystic" votes="25" />
                <Precinct name="Fletcher" votes="5" />
                <Precinct name="Holt" votes="12" />
            </VoteType>
            <VoteType name="Absentee by Mail" votes="40">
                <Precinct name="Irwinville" votes="2" />
                <Precinct name="Minnie" votes="6" />
                <Precinct name="Roberts" votes="0" />
                <Precinct name="Ocilla" votes="26" />
                <Precinct name="Osierfield" votes="1" />
                <Precinct name="Mystic" votes="3" />
                <Precinct name="Fletcher" votes="0" />
                <Precinct name="Holt" votes="2" />
            </VoteType>
            <VoteType name="Advance in Person" votes="454">
                <Precinct name="Irwinville" votes="16" />
                <Precinct name="Minnie" votes="9" />
                <Precinct name="Roberts" votes="10" />
                <Precinct name="Ocilla" votes="357" />
                <Precinct name="Osierfield" votes="9" />
                <Precinct name="Mystic" votes="28" />
                <Precinct name="Fletcher" votes="3" />
                <Precinct name="Holt" votes="22" />
            </VoteType>
            <VoteType name="Provisional" votes="0">
                <Precinct name="Irwinville" votes="0" />
                <Precinct name="Minnie" votes="0" />
                <Precinct name="Roberts" votes="0" />
                <Precinct name="Ocilla" votes="0" />
                <Precinct name="Osierfield" votes="0" />
                <Precinct name="Mystic" votes="0" />
                <Precinct name="Fletcher" votes="0" />
                <Precinct name="Holt" votes="0" />
            </VoteType>
        </Choice>
        <Choice key="30" text="GARY JOHNSON" totalVotes="58">
            <VoteType name="Election Day" votes="26">
                <Precinct name="Irwinville" votes="4" />
                <Precinct name="Minnie" votes="4" />
                <Precinct name="Roberts" votes="2" />
                <Precinct name="Ocilla" votes="9" />
                <Precinct name="Osierfield" votes="0" />
                <Precinct name="Mystic" votes="3" />
                <Precinct name="Fletcher" votes="2" />
                <Precinct name="Holt" votes="2" />
            </VoteType>
            <VoteType name="Absentee by Mail" votes="3">
                <Precinct name="Irwinville" votes="0" />
                <Precinct name="Minnie" votes="1" />
                <Precinct name="Roberts" votes="0" />
                <Precinct name="Ocilla" votes="2" />
                <Precinct name="Osierfield" votes="0" />
                <Precinct name="Mystic" votes="0" />
                <Precinct name="Fletcher" votes="0" />
                <Precinct name="Holt" votes="0" />
            </VoteType>
            <VoteType name="Advance in Person" votes="29">
                <Precinct name="Irwinville" votes="7" />
                <Precinct name="Minnie" votes="1" />
                <Precinct name="Roberts" votes="4" />
                <Precinct name="Ocilla" votes="14" />
                <Precinct name="Osierfield" votes="0" />
                <Precinct name="Mystic" votes="1" />
                <Precinct name="Fletcher" votes="0" />
                <Precinct name="Holt" votes="2" />
            </VoteType>
            <VoteType name="Provisional" votes="0">
                <Precinct name="Irwinville" votes="0" />
                <Precinct name="Minnie" votes="0" />
                <Precinct name="Roberts" votes="0" />
                <Precinct name="Ocilla" votes="0" />
                <Precinct name="Osierfield" votes="0" />
                <Precinct name="Mystic" votes="0" />
                <Precinct name="Fletcher" votes="0" />
                <Precinct name="Holt" votes="0" />
            </VoteType>
        </Choice>
    </Contest>
    <Contest key="10" text="United States Senator, Isakson" isQuestion="false" precinctsReporting="8" precinctsReported="8">
        <VoteType name="Number of Precincts for Race" votes="8">
            <Precinct name="Irwinville" votes="1" />
            <Precinct name="Minnie" votes="1" />
            <Precinct name="Roberts" votes="1" />
            <Precinct name="Ocilla" votes="1" />
            <Precinct name="Osierfield" votes="1" />
            <Precinct name="Mystic" votes="1" />
            <Precinct name="Fletcher" votes="1" />
            <Precinct name="Holt" votes="1" />
        </VoteType>
        <VoteType name="Number of Precincts Reporting" votes="8">
            <Precinct name="Irwinville" votes="1" />
            <Precinct name="Minnie" votes="1" />
            <Precinct name="Roberts" votes="1" />
            <Precinct name="Ocilla" votes="1" />
            <Precinct name="Osierfield" votes="1" />
            <Precinct name="Mystic" votes="1" />
            <Precinct name="Fletcher" votes="1" />
            <Precinct name="Holt" votes="1" />
        </VoteType>
        <Choice key="30" text="JOHNNY ISAKSON (I)" totalVotes="2581">
            <VoteType name="Election Day" votes="1207">
                <Precinct name="Irwinville" votes="262" />
                <Precinct name="Minnie" votes="89" />
                <Precinct name="Roberts" votes="90" />
                <Precinct name="Ocilla" votes="277" />
                <Precinct name="Osierfield" votes="69" />
                <Precinct name="Mystic" votes="173" />
                <Precinct name="Fletcher" votes="186" />
                <Precinct name="Holt" votes="61" />
            </VoteType>
            <VoteType name="Absentee by Mail" votes="80">
                <Precinct name="Irwinville" votes="11" />
                <Precinct name="Minnie" votes="9" />
                <Precinct name="Roberts" votes="6" />
                <Precinct name="Ocilla" votes="40" />
                <Precinct name="Osierfield" votes="2" />
                <Precinct name="Mystic" votes="7" />
                <Precinct name="Fletcher" votes="4" />
                <Precinct name="Holt" votes="1" />
            </VoteType>
            <VoteType name="Advance in Person" votes="1289">
                <Precinct name="Irwinville" votes="195" />
                <Precinct name="Minnie" votes="70" />
                <Precinct name="Roberts" votes="114" />
                <Precinct name="Ocilla" votes="633" />
                <Precinct name="Osierfield" votes="49" />
                <Precinct name="Mystic" votes="137" />
                <Precinct name="Fletcher" votes="34" />
                <Precinct name="Holt" votes="57" />
            </VoteType>
            <VoteType name="Provisional" votes="5">
                <Precinct name="Irwinville" votes="1" />
                <Precinct name="Minnie" votes="0" />
                <Precinct name="Roberts" votes="0" />
                <Precinct name="Ocilla" votes="4" />
                <Precinct name="Osierfield" votes="0" />
                <Precinct name="Mystic" votes="0" />
                <Precinct name="Fletcher" votes="0" />
                <Precinct name="Holt" votes="0" />
            </VoteType>
        </Choice>
        <Choice key="40" text="JIM BARKSDALE" totalVotes="762">
            <VoteType name="Election Day" votes="347">
                <Precinct name="Irwinville" votes="21" />
                <Precinct name="Minnie" votes="4" />
                <Precinct name="Roberts" votes="15" />
                <Precinct name="Ocilla" votes="241" />
                <Precinct name="Osierfield" votes="26" />
                <Precinct name="Mystic" votes="21" />
                <Precinct name="Fletcher" votes="9" />
                <Precinct name="Holt" votes="10" />
            </VoteType>
            <VoteType name="Absentee by Mail" votes="39">
                <Precinct name="Irwinville" votes="2" />
                <Precinct name="Minnie" votes="6" />
                <Precinct name="Roberts" votes="1" />
                <Precinct name="Ocilla" votes="25" />
                <Precinct name="Osierfield" votes="0" />
                <Precinct name="Mystic" votes="2" />
                <Precinct name="Fletcher" votes="1" />
                <Precinct name="Holt" votes="2" />
            </VoteType>
            <VoteType name="Advance in Person" votes="376">
                <Precinct name="Irwinville" votes="14" />
                <Precinct name="Minnie" votes="10" />
                <Precinct name="Roberts" votes="9" />
                <Precinct name="Ocilla" votes="288" />
                <Precinct name="Osierfield" votes="8" />
                <Precinct name="Mystic" votes="30" />
                <Precinct name="Fletcher" votes="2" />
                <Precinct name="Holt" votes="15" />
            </VoteType>
            <VoteType name="Provisional" votes="0">
                <Precinct name="Irwinville" votes="0" />
                <Precinct name="Minnie" votes="0" />
                <Precinct name="Roberts" votes="0" />
                <Precinct name="Ocilla" votes="0" />
                <Precinct name="Osierfield" votes="0" />
                <Precinct name="Mystic" votes="0" />
                <Precinct name="Fletcher" votes="0" />
                <Precinct name="Holt" votes="0" />
            </VoteType>
        </Choice>
        <Choice key="50" text="ALLEN BUCKLEY" totalVotes="88">
            <VoteType name="Election Day" votes="47">
                <Precinct name="Irwinville" votes="15" />
                <Precinct name="Minnie" votes="6" />
                <Precinct name="Roberts" votes="2" />
                <Precinct name="Ocilla" votes="12" />
                <Precinct name="Osierfield" votes="0" />
                <Precinct name="Mystic" votes="5" />
                <Precinct name="Fletcher" votes="4" />
                <Precinct name="Holt" votes="3" />
            </VoteType>
            <VoteType name="Absentee by Mail" votes="2">
                <Precinct name="Irwinville" votes="0" />
                <Precinct name="Minnie" votes="0" />
                <Precinct name="Roberts" votes="0" />
                <Precinct name="Ocilla" votes="2" />
                <Precinct name="Osierfield" votes="0" />
                <Precinct name="Mystic" votes="0" />
                <Precinct name="Fletcher" votes="0" />
                <Precinct name="Holt" votes="0" />
            </VoteType>
            <VoteType name="Advance in Person" votes="39">
                <Precinct name="Irwinville" votes="7" />
                <Precinct name="Minnie" votes="3" />
                <Precinct name="Roberts" votes="6" />
                <Precinct name="Ocilla" votes="15" />
                <Precinct name="Osierfield" votes="0" />
                <Precinct name="Mystic" votes="3" />
                <Precinct name="Fletcher" votes="3" />
                <Precinct name="Holt" votes="2" />
            </VoteType>
            <VoteType name="Provisional" votes="0">
                <Precinct name="Irwinville" votes="0" />
                <Precinct name="Minnie" votes="0" />
                <Precinct name="Roberts" votes="0" />
                <Precinct name="Ocilla" votes="0" />
                <Precinct name="Osierfield" votes="0" />
                <Precinct name="Mystic" votes="0" />
                <Precinct name="Fletcher" votes="0" />
                <Precinct name="Holt" votes="0" />
            </VoteType>
        </Choice>
    </Contest>
    <Contest key="30" text="Public Service Commission, District 2 - Eastern" isQuestion="false" precinctsReporting="8" precinctsReported="8">
        <VoteType name="Number of Precincts for Race" votes="8">
            <Precinct name="Irwinville" votes="1" />
            <Precinct name="Minnie" votes="1" />
            <Precinct name="Roberts" votes="1" />
            <Precinct name="Ocilla" votes="1" />
            <Precinct name="Osierfield" votes="1" />
            <Precinct name="Mystic" votes="1" />
            <Precinct name="Fletcher" votes="1" />
            <Precinct name="Holt" votes="1" />
        </VoteType>
        <VoteType name="Number of Precincts Reporting" votes="8">
            <Precinct name="Irwinville" votes="1" />
            <Precinct name="Minnie" votes="1" />
            <Precinct name="Roberts" votes="1" />
            <Precinct name="Ocilla" votes="1" />
            <Precinct name="Osierfield" votes="1" />
            <Precinct name="Mystic" votes="1" />
            <Precinct name="Fletcher" votes="1" />
            <Precinct name="Holt" votes="1" />
        </VoteType>
        <Choice key="20" text="TIM ECHOLS (I)" totalVotes="2687">
            <VoteType name="Election Day" votes="1266">
                <Precinct name="Irwinville" votes="271" />
                <Precinct name="Minnie" votes="91" />
                <Precinct name="Roberts" votes="93" />
                <Precinct name="Ocilla" votes="328" />
                <Precinct name="Osierfield" votes="65" />
                <Precinct name="Mystic" votes="175" />
                <Precinct name="Fletcher" votes="183" />
                <Precinct name="Holt" votes="60" />
            </VoteType>
            <VoteType name="Absentee by Mail" votes="90">
                <Precinct name="Irwinville" votes="11" />
                <Precinct name="Minnie" votes="13" />
                <Precinct name="Roberts" votes="6" />
                <Precinct name="Ocilla" votes="44" />
                <Precinct name="Osierfield" votes="2" />
                <Precinct name="Mystic" votes="9" />
                <Precinct name="Fletcher" votes="4" />
                <Precinct name="Holt" votes="1" />
            </VoteType>
            <VoteType name="Advance in Person" votes="1326">
                <Precinct name="Irwinville" votes="192" />
                <Precinct name="Minnie" votes="72" />
                <Precinct name="Roberts" votes="120" />
                <Precinct name="Ocilla" votes="657" />
                <Precinct name="Osierfield" votes="52" />
                <Precinct name="Mystic" votes="144" />
                <Precinct name="Fletcher" votes="32" />
                <Precinct name="Holt" votes="57" />
            </VoteType>
            <VoteType name="Provisional" votes="5">
                <Precinct name="Irwinville" votes="1" />
                <Precinct name="Minnie" votes="0" />
                <Precinct name="Roberts" votes="0" />
                <Precinct name="Ocilla" votes="4" />
                <Precinct name="Osierfield" votes="0" />
                <Precinct name="Mystic" votes="0" />
                <Precinct name="Fletcher" votes="0" />
                <Precinct name="Holt" votes="0" />
            </VoteType>
        </Choice>
        <Choice key="30" text="ERIC HOSKINS" totalVotes="534">
            <VoteType name="Election Day" votes="259">
                <Precinct name="Irwinville" votes="32" />
                <Precinct name="Minnie" votes="5" />
                <Precinct name="Roberts" votes="15" />
                <Precinct name="Ocilla" votes="147" />
                <Precinct name="Osierfield" votes="19" />
                <Precinct name="Mystic" votes="18" />
                <Precinct name="Fletcher" votes="15" />
                <Precinct name="Holt" votes="8" />
            </VoteType>
            <VoteType name="Absentee by Mail" votes="19">
                <Precinct name="Irwinville" votes="2" />
                <Precinct name="Minnie" votes="2" />
                <Precinct name="Roberts" votes="1" />
                <Precinct name="Ocilla" votes="13" />
                <Precinct name="Osierfield" votes="0" />
                <Precinct name="Mystic" votes="0" />
                <Precinct name="Fletcher" votes="1" />
                <Precinct name="Holt" votes="0" />
            </VoteType>
            <VoteType name="Advance in Person" votes="256">
                <Precinct name="Irwinville" votes="18" />
                <Precinct name="Minnie" votes="8" />
                <Precinct name="Roberts" votes="10" />
                <Precinct name="Ocilla" votes="176" />
                <Precinct name="Osierfield" votes="5" />
                <Precinct name="Mystic" votes="20" />
                <Precinct name="Fletcher" votes="4" />
                <Precinct name="Holt" votes="15" />
            </VoteType>
            <VoteType name="Provisional" votes="0">
                <Precinct name="Irwinville" votes="0" />
                <Precinct name="Minnie" votes="0" />
                <Precinct name="Roberts" votes="0" />
                <Precinct name="Ocilla" votes="0" />
                <Precinct name="Osierfield" votes="0" />
                <Precinct name="Mystic" votes="0" />
                <Precinct name="Fletcher" votes="0" />
                <Precinct name="Holt" votes="0" />
            </VoteType>
        </Choice>
    </Contest>
    <Contest key="50" text="U.S. Representative, District 8" isQuestion="false" precinctsReporting="8" precinctsReported="8">
        <VoteType name="Number of Precincts for Race" votes="8">
            <Precinct name="Irwinville" votes="1" />
            <Precinct name="Minnie" votes="1" />
            <Precinct name="Roberts" votes="1" />
            <Precinct name="Ocilla" votes="1" />
            <Precinct name="Osierfield" votes="1" />
            <Precinct name="Mystic" votes="1" />
            <Precinct name="Fletcher" votes="1" />
            <Precinct name="Holt" votes="1" />
        </VoteType>
        <VoteType name="Number of Precincts Reporting" votes="8">
            <Precinct name="Irwinville" votes="1" />
            <Precinct name="Minnie" votes="1" />
            <Precinct name="Roberts" votes="1" />
            <Precinct name="Ocilla" votes="1" />
            <Precinct name="Osierfield" votes="1" />
            <Precinct name="Mystic" votes="1" />
            <Precinct name="Fletcher" votes="1" />
            <Precinct name="Holt" votes="1" />
        </VoteType>
        <Choice key="20" text="AUSTIN SCOTT (I)" totalVotes="2729">
            <VoteType name="Election Day" votes="1291">
                <Precinct name="Irwinville" votes="284" />
                <Precinct name="Minnie" votes="98" />
                <Precinct name="Roberts" votes="98" />
                <Precinct name="Ocilla" votes="310" />
                <Precinct name="Osierfield" votes="69" />
                <Precinct name="Mystic" votes="173" />
                <Precinct name="Fletcher" votes="196" />
                <Precinct name="Holt" votes="63" />
            </VoteType>
            <VoteType name="Absentee by Mail" votes="88">
                <Precinct name="Irwinville" votes="11" />
                <Precinct name="Minnie" votes="13" />
                <Precinct name="Roberts" votes="6" />
                <Precinct name="Ocilla" votes="41" />
                <Precinct name="Osierfield" votes="2" />
                <Precinct name="Mystic" votes="9" />
                <Precinct name="Fletcher" votes="5" />
                <Precinct name="Holt" votes="1" />
            </VoteType>
            <VoteType name="Advance in Person" votes="1345">
                <Precinct name="Irwinville" votes="199" />
                <Precinct name="Minnie" votes="72" />
                <Precinct name="Roberts" votes="130" />
                <Precinct name="Ocilla" votes="653" />
                <Precinct name="Osierfield" votes="53" />
                <Precinct name="Mystic" votes="143" />
                <Precinct name="Fletcher" votes="36" />
                <Precinct name="Holt" votes="59" />
            </VoteType>
            <VoteType name="Provisional" votes="5">
                <Precinct name="Irwinville" votes="1" />
                <Precinct name="Minnie" votes="0" />
                <Precinct name="Roberts" votes="0" />
                <Precinct name="Ocilla" votes="4" />
                <Precinct name="Osierfield" votes="0" />
                <Precinct name="Mystic" votes="0" />
                <Precinct name="Fletcher" votes="0" />
                <Precinct name="Holt" votes="0" />
            </VoteType>
        </Choice>
        <Choice key="30" text="JAMES NEAL HARRIS" totalVotes="816">
            <VoteType name="Election Day" votes="363">
                <Precinct name="Irwinville" votes="19" />
                <Precinct name="Minnie" votes="3" />
                <Precinct name="Roberts" votes="17" />
                <Precinct name="Ocilla" votes="244" />
                <Precinct name="Osierfield" votes="27" />
                <Precinct name="Mystic" votes="31" />
                <Precinct name="Fletcher" votes="11" />
                <Precinct name="Holt" votes="11" />
            </VoteType>
            <VoteType name="Absentee by Mail" votes="34">
                <Precinct name="Irwinville" votes="2" />
                <Precinct name="Minnie" votes="2" />
                <Precinct name="Roberts" votes="1" />
                <Precinct name="Ocilla" votes="27" />
                <Precinct name="Osierfield" votes="0" />
                <Precinct name="Mystic" votes="0" />
                <Precinct name="Fletcher" votes="0" />
                <Precinct name="Holt" votes="2" />
            </VoteType>
            <VoteType name="Advance in Person" votes="419">
                <Precinct name="Irwinville" votes="20" />
                <Precinct name="Minnie" votes="10" />
                <Precinct name="Roberts" votes="10" />
                <Precinct name="Ocilla" votes="320" />
                <Precinct name="Osierfield" votes="10" />
                <Precinct name="Mystic" votes="30" />
                <Precinct name="Fletcher" votes="3" />
                <Precinct name="Holt" votes="16" />
            </VoteType>
            <VoteType name="Provisional" votes="0">
                <Precinct name="Irwinville" votes="0" />
                <Precinct name="Minnie" votes="0" />
                <Precinct name="Roberts" votes="0" />
                <Precinct name="Ocilla" votes="0" />
                <Precinct name="Osierfield" votes="0" />
                <Precinct name="Mystic" votes="0" />
                <Precinct name="Fletcher" votes="0" />
                <Precinct name="Holt" votes="0" />
            </VoteType>
        </Choice>
    </Contest>
    <Contest key="70" text="State Senator, District 7" isQuestion="false" precinctsReporting="8" precinctsReported="8">
        <VoteType name="Number of Precincts for Race" votes="8">
            <Precinct name="Irwinville" votes="1" />
            <Precinct name="Minnie" votes="1" />
            <Precinct name="Roberts" votes="1" />
            <Precinct name="Ocilla" votes="1" />
            <Precinct name="Osierfield" votes="1" />
            <Precinct name="Mystic" votes="1" />
            <Precinct name="Fletcher" votes="1" />
            <Precinct name="Holt" votes="1" />
        </VoteType>
        <VoteType name="Number of Precincts Reporting" votes="8">
            <Precinct name="Irwinville" votes="1" />
            <Precinct name="Minnie" votes="1" />
            <Precinct name="Roberts" votes="1" />
            <Precinct name="Ocilla" votes="1" />
            <Precinct name="Osierfield" votes="1" />
            <Precinct name="Mystic" votes="1" />
            <Precinct name="Fletcher" votes="1" />
            <Precinct name="Holt" votes="1" />
        </VoteType>
        <Choice key="10" text="TYLER HARPER (I)" totalVotes="3086">
            <VoteType name="Election Day" votes="1466">
                <Precinct name="Irwinville" votes="291" />
                <Precinct name="Minnie" votes="97" />
                <Precinct name="Roberts" votes="106" />
                <Precinct name="Ocilla" votes="430" />
                <Precinct name="Osierfield" votes="84" />
                <Precinct name="Mystic" votes="193" />
                <Precinct name="Fletcher" votes="196" />
                <Precinct name="Holt" votes="69" />
            </VoteType>
            <VoteType name="Absentee by Mail" votes="102">
                <Precinct name="Irwinville" votes="12" />
                <Precinct name="Minnie" votes="13" />
                <Precinct name="Roberts" votes="7" />
                <Precinct name="Ocilla" votes="53" />
                <Precinct name="Osierfield" votes="2" />
                <Precinct name="Mystic" votes="9" />
                <Precinct name="Fletcher" votes="5" />
                <Precinct name="Holt" votes="1" />
            </VoteType>
            <VoteType name="Advance in Person" votes="1513">
                <Precinct name="Irwinville" votes="210" />
                <Precinct name="Minnie" votes="80" />
                <Precinct name="Roberts" votes="127" />
                <Precinct name="Ocilla" votes="779" />
                <Precinct name="Osierfield" votes="52" />
                <Precinct name="Mystic" votes="159" />
                <Precinct name="Fletcher" votes="36" />
                <Precinct name="Holt" votes="70" />
            </VoteType>
            <VoteType name="Provisional" votes="5">
                <Precinct name="Irwinville" votes="1" />
                <Precinct name="Minnie" votes="0" />
                <Precinct name="Roberts" votes="0" />
                <Precinct name="Ocilla" votes="4" />
                <Precinct name="Osierfield" votes="0" />
                <Precinct name="Mystic" votes="0" />
                <Precinct name="Fletcher" votes="0" />
                <Precinct name="Holt" votes="0" />
            </VoteType>
        </Choice>
    </Contest>
    <Contest key="90" text="State Representative, District 155" isQuestion="false" precinctsReporting="8" precinctsReported="8">
        <VoteType name="Number of Precincts for Race" votes="8">
            <Precinct name="Irwinville" votes="1" />
            <Precinct name="Minnie" votes="1" />
            <Precinct name="Roberts" votes="1" />
            <Precinct name="Ocilla" votes="1" />
            <Precinct name="Osierfield" votes="1" />
            <Precinct name="Mystic" votes="1" />
            <Precinct name="Fletcher" votes="1" />
            <Precinct name="Holt" votes="1" />
        </VoteType>
        <VoteType name="Number of Precincts Reporting" votes="8">
            <Precinct name="Irwinville" votes="1" />
            <Precinct name="Minnie" votes="1" />
            <Precinct name="Roberts" votes="1" />
            <Precinct name="Ocilla" votes="1" />
            <Precinct name="Osierfield" votes="1" />
            <Precinct name="Mystic" votes="1" />
            <Precinct name="Fletcher" votes="1" />
            <Precinct name="Holt" votes="1" />
        </VoteType>
        <Choice key="10" text="CLAY PIRKLE (I)" totalVotes="3028">
            <VoteType name="Election Day" votes="1438">
                <Precinct name="Irwinville" votes="292" />
                <Precinct name="Minnie" votes="95" />
                <Precinct name="Roberts" votes="105" />
                <Precinct name="Ocilla" votes="421" />
                <Precinct name="Osierfield" votes="77" />
                <Precinct name="Mystic" votes="189" />
                <Precinct name="Fletcher" votes="196" />
                <Precinct name="Holt" votes="63" />
            </VoteType>
            <VoteType name="Absentee by Mail" votes="99">
                <Precinct name="Irwinville" votes="13" />
                <Precinct name="Minnie" votes="14" />
                <Precinct name="Roberts" votes="6" />
                <Precinct name="Ocilla" votes="49" />
                <Precinct name="Osierfield" votes="2" />
                <Precinct name="Mystic" votes="9" />
                <Precinct name="Fletcher" votes="5" />
                <Precinct name="Holt" votes="1" />
            </VoteType>
            <VoteType name="Advance in Person" votes="1486">
                <Precinct name="Irwinville" votes="209" />
                <Precinct name="Minnie" votes="81" />
                <Precinct name="Roberts" votes="124" />
                <Precinct name="Ocilla" votes="756" />
                <Precinct name="Osierfield" votes="55" />
                <Precinct name="Mystic" votes="158" />
                <Precinct name="Fletcher" votes="37" />
                <Precinct name="Holt" votes="66" />
            </VoteType>
            <VoteType name="Provisional" votes="5">
                <Precinct name="Irwinville" votes="1" />
                <Precinct name="Minnie" votes="0" />
                <Precinct name="Roberts" votes="0" />
                <Precinct name="Ocilla" votes="4" />
                <Precinct name="Osierfield" votes="0" />
                <Precinct name="Mystic" votes="0" />
                <Precinct name="Fletcher" votes="0" />
                <Precinct name="Holt" votes="0" />
            </VoteType>
        </Choice>
    </Contest>
    <Contest key="110" text="District Attorney, Tifton Circuit" isQuestion="false" precinctsReporting="8" precinctsReported="8">
        <VoteType name="Number of Precincts for Race" votes="8">
            <Precinct name="Irwinville" votes="1" />
            <Precinct name="Minnie" votes="1" />
            <Precinct name="Roberts" votes="1" />
            <Precinct name="Ocilla" votes="1" />
            <Precinct name="Osierfield" votes="1" />
            <Precinct name="Mystic" votes="1" />
            <Precinct name="Fletcher" votes="1" />
            <Precinct name="Holt" votes="1" />
        </VoteType>
        <VoteType name="Number of Precincts Reporting" votes="8">
            <Precinct name="Irwinville" votes="1" />
            <Precinct name="Minnie" votes="1" />
            <Precinct name="Roberts" votes="1" />
            <Precinct name="Ocilla" votes="1" />
            <Precinct name="Osierfield" votes="1" />
            <Precinct name="Mystic" votes="1" />
            <Precinct name="Fletcher" votes="1" />
            <Precinct name="Holt" votes="1" />
        </VoteType>
        <Choice key="10" text="PAUL BOWDEN (I) (REP)" totalVotes="3042">
            <VoteType name="Election Day" votes="1433">
                <Precinct name="Irwinville" votes="284" />
                <Precinct name="Minnie" votes="99" />
                <Precinct name="Roberts" votes="102" />
                <Precinct name="Ocilla" votes="427" />
                <Precinct name="Osierfield" votes="78" />
                <Precinct name="Mystic" votes="187" />
                <Precinct name="Fletcher" votes="192" />
                <Precinct name="Holt" votes="64" />
            </VoteType>
            <VoteType name="Absentee by Mail" votes="101">
                <Precinct name="Irwinville" votes="12" />
                <Precinct name="Minnie" votes="14" />
                <Precinct name="Roberts" votes="7" />
                <Precinct name="Ocilla" votes="51" />
                <Precinct name="Osierfield" votes="2" />
                <Precinct name="Mystic" votes="9" />
                <Precinct name="Fletcher" votes="5" />
                <Precinct name="Holt" votes="1" />
            </VoteType>
            <VoteType name="Advance in Person" votes="1503">
                <Precinct name="Irwinville" votes="206" />
                <Precinct name="Minnie" votes="78" />
                <Precinct name="Roberts" votes="124" />
                <Precinct name="Ocilla" votes="781" />
                <Precinct name="Osierfield" votes="51" />
                <Precinct name="Mystic" votes="159" />
                <Precinct name="Fletcher" votes="37" />
                <Precinct name="Holt" votes="67" />
            </VoteType>
            <VoteType name="Provisional" votes="5">
                <Precinct name="Irwinville" votes="1" />
                <Precinct name="Minnie" votes="0" />
                <Precinct name="Roberts" votes="0" />
                <Precinct name="Ocilla" votes="4" />
                <Precinct name="Osierfield" votes="0" />
                <Precinct name="Mystic" votes="0" />
                <Precinct name="Fletcher" votes="0" />
                <Precinct name="Holt" votes="0" />
            </VoteType>
        </Choice>
    </Contest>
    <Contest key="111" text="SUPERIOR COURT CLERK" isQuestion="false" precinctsReporting="8" precinctsReported="8">
        <VoteType name="Number of Precincts for Race" votes="8">
            <Precinct name="Irwinville" votes="1" />
            <Precinct name="Minnie" votes="1" />
            <Precinct name="Roberts" votes="1" />
            <Precinct name="Ocilla" votes="1" />
            <Precinct name="Osierfield" votes="1" />
            <Precinct name="Mystic" votes="1" />
            <Precinct name="Fletcher" votes="1" />
            <Precinct name="Holt" votes="1" />
        </VoteType>
        <VoteType name="Number of Precincts Reporting" votes="8">
            <Precinct name="Irwinville" votes="1" />
            <Precinct name="Minnie" votes="1" />
            <Precinct name="Roberts" votes="1" />
            <Precinct name="Ocilla" votes="1" />
            <Precinct name="Osierfield" votes="1" />
            <Precinct name="Mystic" votes="1" />
            <Precinct name="Fletcher" votes="1" />
            <Precinct name="Holt" votes="1" />
        </VoteType>
        <Choice key="10" text="N. ROSS (I) IN" totalVotes="3229">
            <VoteType name="Election Day" votes="1508">
                <Precinct name="Irwinville" votes="281" />
                <Precinct name="Minnie" votes="98" />
                <Precinct name="Roberts" votes="106" />
                <Precinct name="Ocilla" votes="483" />
                <Precinct name="Osierfield" votes="87" />
                <Precinct name="Mystic" votes="195" />
                <Precinct name="Fletcher" votes="195" />
                <Precinct name="Holt" votes="63" />
            </VoteType>
            <VoteType name="Absentee by Mail" votes="112">
                <Precinct name="Irwinville" votes="13" />
                <Precinct name="Minnie" votes="14" />
                <Precinct name="Roberts" votes="7" />
                <Precinct name="Ocilla" votes="60" />
                <Precinct name="Osierfield" votes="2" />
                <Precinct name="Mystic" votes="9" />
                <Precinct name="Fletcher" votes="5" />
                <Precinct name="Holt" votes="2" />
            </VoteType>
            <VoteType name="Advance in Person" votes="1604">
                <Precinct name="Irwinville" votes="208" />
                <Precinct name="Minnie" votes="79" />
                <Precinct name="Roberts" votes="128" />
                <Precinct name="Ocilla" votes="860" />
                <Precinct name="Osierfield" votes="58" />
                <Precinct name="Mystic" votes="165" />
                <Precinct name="Fletcher" votes="34" />
                <Precinct name="Holt" votes="72" />
            </VoteType>
            <VoteType name="Provisional" votes="5">
                <Precinct name="Irwinville" votes="1" />
                <Precinct name="Minnie" votes="0" />
                <Precinct name="Roberts" votes="0" />
                <Precinct name="Ocilla" votes="4" />
                <Precinct name="Osierfield" votes="0" />
                <Precinct name="Mystic" votes="0" />
                <Precinct name="Fletcher" votes="0" />
                <Precinct name="Holt" votes="0" />
            </VoteType>
        </Choice>
    </Contest>
    <Contest key="160" text="SHERIFF" isQuestion="false" precinctsReporting="8" precinctsReported="8">
        <VoteType name="Number of Precincts for Race" votes="8">
            <Precinct name="Irwinville" votes="1" />
            <Precinct name="Minnie" votes="1" />
            <Precinct name="Roberts" votes="1" />
            <Precinct name="Ocilla" votes="1" />
            <Precinct name="Osierfield" votes="1" />
            <Precinct name="Mystic" votes="1" />
            <Precinct name="Fletcher" votes="1" />
            <Precinct name="Holt" votes="1" />
        </VoteType>
        <VoteType name="Number of Precincts Reporting" votes="8">
            <Precinct name="Irwinville" votes="1" />
            <Precinct name="Minnie" votes="1" />
            <Precinct name="Roberts" votes="1" />
            <Precinct name="Ocilla" votes="1" />
            <Precinct name="Osierfield" votes="1" />
            <Precinct name="Mystic" votes="1" />
            <Precinct name="Fletcher" votes="1" />
            <Precinct name="Holt" votes="1" />
        </VoteType>
        <Choice key="10" text="D. YOUGHN (I) D" totalVotes="2917">
            <VoteType name="Election Day" votes="1352">
                <Precinct name="Irwinville" votes="267" />
                <Precinct name="Minnie" votes="97" />
                <Precinct name="Roberts" votes="66" />
                <Precinct name="Ocilla" votes="436" />
                <Precinct name="Osierfield" votes="77" />
                <Precinct name="Mystic" votes="178" />
                <Precinct name="Fletcher" votes="168" />
                <Precinct name="Holt" votes="63" />
            </VoteType>
            <VoteType name="Absentee by Mail" votes="104">
                <Precinct name="Irwinville" votes="12" />
                <Precinct name="Minnie" votes="14" />
                <Precinct name="Roberts" votes="4" />
                <Precinct name="Ocilla" votes="56" />
                <Precinct name="Osierfield" votes="2" />
                <Precinct name="Mystic" votes="9" />
                <Precinct name="Fletcher" votes="4" />
                <Precinct name="Holt" votes="3" />
            </VoteType>
            <VoteType name="Advance in Person" votes="1457">
                <Precinct name="Irwinville" votes="182" />
                <Precinct name="Minnie" votes="74" />
                <Precinct name="Roberts" votes="107" />
                <Precinct name="Ocilla" votes="801" />
                <Precinct name="Osierfield" votes="56" />
                <Precinct name="Mystic" votes="140" />
                <Precinct name="Fletcher" votes="31" />
                <Precinct name="Holt" votes="66" />
            </VoteType>
            <VoteType name="Provisional" votes="4">
                <Precinct name="Irwinville" votes="1" />
                <Precinct name="Minnie" votes="0" />
                <Precinct name="Roberts" votes="0" />
                <Precinct name="Ocilla" votes="3" />
                <Precinct name="Osierfield" votes="0" />
                <Precinct name="Mystic" votes="0" />
                <Precinct name="Fletcher" votes="0" />
                <Precinct name="Holt" votes="0" />
            </VoteType>
        </Choice>
        <Choice key="20" text="E. LAWTON (IN)" totalVotes="665">
            <VoteType name="Election Day" votes="315">
                <Precinct name="Irwinville" votes="34" />
                <Precinct name="Minnie" votes="7" />
                <Precinct name="Roberts" votes="46" />
                <Precinct name="Ocilla" votes="134" />
                <Precinct name="Osierfield" votes="19" />
                <Precinct name="Mystic" votes="33" />
                <Precinct name="Fletcher" votes="33" />
                <Precinct name="Holt" votes="9" />
            </VoteType>
            <VoteType name="Absentee by Mail" votes="17">
                <Precinct name="Irwinville" votes="1" />
                <Precinct name="Minnie" votes="1" />
                <Precinct name="Roberts" votes="3" />
                <Precinct name="Ocilla" votes="11" />
                <Precinct name="Osierfield" votes="0" />
                <Precinct name="Mystic" votes="0" />
                <Precinct name="Fletcher" votes="1" />
                <Precinct name="Holt" votes="0" />
            </VoteType>
            <VoteType name="Advance in Person" votes="332">
                <Precinct name="Irwinville" votes="38" />
                <Precinct name="Minnie" votes="11" />
                <Precinct name="Roberts" votes="30" />
                <Precinct name="Ocilla" votes="195" />
                <Precinct name="Osierfield" votes="6" />
                <Precinct name="Mystic" votes="36" />
                <Precinct name="Fletcher" votes="4" />
                <Precinct name="Holt" votes="12" />
            </VoteType>
            <VoteType name="Provisional" votes="1">
                <Precinct name="Irwinville" votes="0" />
                <Precinct name="Minnie" votes="0" />
                <Precinct name="Roberts" votes="0" />
                <Precinct name="Ocilla" votes="1" />
                <Precinct name="Osierfield" votes="0" />
                <Precinct name="Mystic" votes="0" />
                <Precinct name="Fletcher" votes="0" />
                <Precinct name="Holt" votes="0" />
            </VoteType>
        </Choice>
    </Contest>
    <Contest key="170" text="TAX COMMISSIONER" isQuestion="false" precinctsReporting="8" precinctsReported="8">
        <VoteType name="Number of Precincts for Race" votes="8">
            <Precinct name="Irwinville" votes="1" />
            <Precinct name="Minnie" votes="1" />
            <Precinct name="Roberts" votes="1" />
            <Precinct name="Ocilla" votes="1" />
            <Precinct name="Osierfield" votes="1" />
            <Precinct name="Mystic" votes="1" />
            <Precinct name="Fletcher" votes="1" />
            <Precinct name="Holt" votes="1" />
        </VoteType>
        <VoteType name="Number of Precincts Reporting" votes="8">
            <Precinct name="Irwinville" votes="1" />
            <Precinct name="Minnie" votes="1" />
            <Precinct name="Roberts" votes="1" />
            <Precinct name="Ocilla" votes="1" />
            <Precinct name="Osierfield" votes="1" />
            <Precinct name="Mystic" votes="1" />
            <Precinct name="Fletcher" votes="1" />
            <Precinct name="Holt" votes="1" />
        </VoteType>
        <Choice key="10" text="S. JOHNSON (I) R" totalVotes="3185">
            <VoteType name="Election Day" votes="1509">
                <Precinct name="Irwinville" votes="298" />
                <Precinct name="Minnie" votes="97" />
                <Precinct name="Roberts" votes="108" />
                <Precinct name="Ocilla" votes="454" />
                <Precinct name="Osierfield" votes="82" />
                <Precinct name="Mystic" votes="201" />
                <Precinct name="Fletcher" votes="202" />
                <Precinct name="Holt" votes="67" />
            </VoteType>
            <VoteType name="Absentee by Mail" votes="105">
                <Precinct name="Irwinville" votes="13" />
                <Precinct name="Minnie" votes="13" />
                <Precinct name="Roberts" votes="7" />
                <Precinct name="Ocilla" votes="54" />
                <Precinct name="Osierfield" votes="2" />
                <Precinct name="Mystic" votes="9" />
                <Precinct name="Fletcher" votes="5" />
                <Precinct name="Holt" votes="2" />
            </VoteType>
            <VoteType name="Advance in Person" votes="1566">
                <Precinct name="Irwinville" votes="212" />
                <Precinct name="Minnie" votes="77" />
                <Precinct name="Roberts" votes="133" />
                <Precinct name="Ocilla" votes="825" />
                <Precinct name="Osierfield" votes="54" />
                <Precinct name="Mystic" votes="161" />
                <Precinct name="Fletcher" votes="37" />
                <Precinct name="Holt" votes="67" />
            </VoteType>
            <VoteType name="Provisional" votes="5">
                <Precinct name="Irwinville" votes="1" />
                <Precinct name="Minnie" votes="0" />
                <Precinct name="Roberts" votes="0" />
                <Precinct name="Ocilla" votes="4" />
                <Precinct name="Osierfield" votes="0" />
                <Precinct name="Mystic" votes="0" />
                <Precinct name="Fletcher" votes="0" />
                <Precinct name="Holt" votes="0" />
            </VoteType>
        </Choice>
    </Contest>
    <Contest key="190" text="CORONER" isQuestion="false" precinctsReporting="8" precinctsReported="8">
        <VoteType name="Number of Precincts for Race" votes="8">
            <Precinct name="Irwinville" votes="1" />
            <Precinct name="Minnie" votes="1" />
            <Precinct name="Roberts" votes="1" />
            <Precinct name="Ocilla" votes="1" />
            <Precinct name="Osierfield" votes="1" />
            <Precinct name="Mystic" votes="1" />
            <Precinct name="Fletcher" votes="1" />
            <Precinct name="Holt" votes="1" />
        </VoteType>
        <VoteType name="Number of Precincts Reporting" votes="8">
            <Precinct name="Irwinville" votes="1" />
            <Precinct name="Minnie" votes="1" />
            <Precinct name="Roberts" votes="1" />
            <Precinct name="Ocilla" votes="1" />
            <Precinct name="Osierfield" votes="1" />
            <Precinct name="Mystic" votes="1" />
            <Precinct name="Fletcher" votes="1" />
            <Precinct name="Holt" votes="1" />
        </VoteType>
        <Choice key="10" text="B. FLETCHER (R)" totalVotes="3043">
            <VoteType name="Election Day" votes="1450">
                <Precinct name="Irwinville" votes="290" />
                <Precinct name="Minnie" votes="95" />
                <Precinct name="Roberts" votes="107" />
                <Precinct name="Ocilla" votes="430" />
                <Precinct name="Osierfield" votes="79" />
                <Precinct name="Mystic" votes="191" />
                <Precinct name="Fletcher" votes="192" />
                <Precinct name="Holt" votes="66" />
            </VoteType>
            <VoteType name="Absentee by Mail" votes="106">
                <Precinct name="Irwinville" votes="13" />
                <Precinct name="Minnie" votes="14" />
                <Precinct name="Roberts" votes="7" />
                <Precinct name="Ocilla" votes="54" />
                <Precinct name="Osierfield" votes="2" />
                <Precinct name="Mystic" votes="9" />
                <Precinct name="Fletcher" votes="5" />
                <Precinct name="Holt" votes="2" />
            </VoteType>
            <VoteType name="Advance in Person" votes="1482">
                <Precinct name="Irwinville" votes="207" />
                <Precinct name="Minnie" votes="76" />
                <Precinct name="Roberts" votes="129" />
                <Precinct name="Ocilla" votes="758" />
                <Precinct name="Osierfield" votes="49" />
                <Precinct name="Mystic" votes="162" />
                <Precinct name="Fletcher" votes="33" />
                <Precinct name="Holt" votes="68" />
            </VoteType>
            <VoteType name="Provisional" votes="5">
                <Precinct name="Irwinville" votes="1" />
                <Precinct name="Minnie" votes="0" />
                <Precinct name="Roberts" votes="0" />
                <Precinct name="Ocilla" votes="4" />
                <Precinct name="Osierfield" votes="0" />
                <Precinct name="Mystic" votes="0" />
                <Precinct name="Fletcher" votes="0" />
                <Precinct name="Holt" votes="0" />
            </VoteType>
        </Choice>
    </Contest>
    <Contest key="220" text="CHAIR CC" isQuestion="false" precinctsReporting="8" precinctsReported="8">
        <VoteType name="Number of Precincts for Race" votes="8">
            <Precinct name="Irwinville" votes="1" />
            <Precinct name="Minnie" votes="1" />
            <Precinct name="Roberts" votes="1" />
            <Precinct name="Ocilla" votes="1" />
            <Precinct name="Osierfield" votes="1" />
            <Precinct name="Mystic" votes="1" />
            <Precinct name="Fletcher" votes="1" />
            <Precinct name="Holt" votes="1" />
        </VoteType>
        <VoteType name="Number of Precincts Reporting" votes="8">
            <Precinct name="Irwinville" votes="1" />
            <Precinct name="Minnie" votes="1" />
            <Precinct name="Roberts" votes="1" />
            <Precinct name="Ocilla" votes="1" />
            <Precinct name="Osierfield" votes="1" />
            <Precinct name="Mystic" votes="1" />
            <Precinct name="Fletcher" votes="1" />
            <Precinct name="Holt" votes="1" />
        </VoteType>
        <Choice key="10" text="J. WHITLEY (I) D" totalVotes="3114">
            <VoteType name="Election Day" votes="1467">
                <Precinct name="Irwinville" votes="258" />
                <Precinct name="Minnie" votes="93" />
                <Precinct name="Roberts" votes="99" />
                <Precinct name="Ocilla" votes="508" />
                <Precinct name="Osierfield" votes="83" />
                <Precinct name="Mystic" votes="189" />
                <Precinct name="Fletcher" votes="174" />
                <Precinct name="Holt" votes="63" />
            </VoteType>
            <VoteType name="Absentee by Mail" votes="106">
                <Precinct name="Irwinville" votes="11" />
                <Precinct name="Minnie" votes="14" />
                <Precinct name="Roberts" votes="7" />
                <Precinct name="Ocilla" votes="57" />
                <Precinct name="Osierfield" votes="1" />
                <Precinct name="Mystic" votes="9" />
                <Precinct name="Fletcher" votes="4" />
                <Precinct name="Holt" votes="3" />
            </VoteType>
            <VoteType name="Advance in Person" votes="1536">
                <Precinct name="Irwinville" votes="188" />
                <Precinct name="Minnie" votes="77" />
                <Precinct name="Roberts" votes="122" />
                <Precinct name="Ocilla" votes="847" />
                <Precinct name="Osierfield" votes="51" />
                <Precinct name="Mystic" votes="156" />
                <Precinct name="Fletcher" votes="27" />
                <Precinct name="Holt" votes="68" />
            </VoteType>
            <VoteType name="Provisional" votes="5">
                <Precinct name="Irwinville" votes="1" />
                <Precinct name="Minnie" votes="0" />
                <Precinct name="Roberts" votes="0" />
                <Precinct name="Ocilla" votes="4" />
                <Precinct name="Osierfield" votes="0" />
                <Precinct name="Mystic" votes="0" />
                <Precinct name="Fletcher" votes="0" />
                <Precinct name="Holt" votes="0" />
            </VoteType>
        </Choice>
    </Contest>
    <Contest key="230" text="CC, D1" isQuestion="false" precinctsReporting="4" precinctsReported="4">
        <VoteType name="Number of Precincts for Race" votes="4">
            <Precinct name="Irwinville" votes="1" />
            <Precinct name="Roberts" votes="1" />
            <Precinct name="Mystic" votes="1" />
            <Precinct name="Fletcher" votes="1" />
        </VoteType>
        <VoteType name="Number of Precincts Reporting" votes="4">
            <Precinct name="Irwinville" votes="1" />
            <Precinct name="Roberts" votes="1" />
            <Precinct name="Mystic" votes="1" />
            <Precinct name="Fletcher" votes="1" />
        </VoteType>
        <Choice key="10" text="B. ZORN (I) R" totalVotes="716">
            <VoteType name="Election Day" votes="433">
                <Precinct name="Irwinville" votes="225" />
                <Precinct name="Roberts" votes="49" />
                <Precinct name="Mystic" votes="17" />
                <Precinct name="Fletcher" votes="142" />
            </VoteType>
            <VoteType name="Absentee by Mail" votes="15">
                <Precinct name="Irwinville" votes="7" />
                <Precinct name="Roberts" votes="4" />
                <Precinct name="Mystic" votes="0" />
                <Precinct name="Fletcher" votes="4" />
            </VoteType>
            <VoteType name="Advance in Person" votes="267">
                <Precinct name="Irwinville" votes="165" />
                <Precinct name="Roberts" votes="63" />
                <Precinct name="Mystic" votes="14" />
                <Precinct name="Fletcher" votes="25" />
            </VoteType>
            <VoteType name="Provisional" votes="1">
                <Precinct name="Irwinville" votes="1" />
                <Precinct name="Roberts" votes="0" />
                <Precinct name="Mystic" votes="0" />
                <Precinct name="Fletcher" votes="0" />
            </VoteType>
        </Choice>
        <Choice key="20" text="E. REEVES (D)" totalVotes="259">
            <VoteType name="Election Day" votes="161">
                <Precinct name="Irwinville" votes="75" />
                <Precinct name="Roberts" votes="14" />
                <Precinct name="Mystic" votes="11" />
                <Precinct name="Fletcher" votes="61" />
            </VoteType>
            <VoteType name="Absentee by Mail" votes="9">
                <Precinct name="Irwinville" votes="6" />
                <Precinct name="Roberts" votes="1" />
                <Precinct name="Mystic" votes="1" />
                <Precinct name="Fletcher" votes="1" />
            </VoteType>
            <VoteType name="Advance in Person" votes="89">
                <Precinct name="Irwinville" votes="57" />
                <Precinct name="Roberts" votes="12" />
                <Precinct name="Mystic" votes="8" />
                <Precinct name="Fletcher" votes="12" />
            </VoteType>
            <VoteType name="Provisional" votes="0">
                <Precinct name="Irwinville" votes="0" />
                <Precinct name="Roberts" votes="0" />
                <Precinct name="Mystic" votes="0" />
                <Precinct name="Fletcher" votes="0" />
            </VoteType>
        </Choice>
    </Contest>
    <Contest key="260" text="CC, D3" isQuestion="false" precinctsReporting="3" precinctsReported="3">
        <VoteType name="Number of Precincts for Race" votes="3">
            <Precinct name="Minnie" votes="1" />
            <Precinct name="Ocilla" votes="1" />
            <Precinct name="Mystic" votes="1" />
        </VoteType>
        <VoteType name="Number of Precincts Reporting" votes="3">
            <Precinct name="Minnie" votes="1" />
            <Precinct name="Ocilla" votes="1" />
            <Precinct name="Mystic" votes="1" />
        </VoteType>
        <Choice key="10" text="A. TYSON (I) D" totalVotes="731">
            <VoteType name="Election Day" votes="301">
                <Precinct name="Minnie" votes="44" />
                <Precinct name="Ocilla" votes="179" />
                <Precinct name="Mystic" votes="78" />
            </VoteType>
            <VoteType name="Absentee by Mail" votes="34">
                <Precinct name="Minnie" votes="7" />
                <Precinct name="Ocilla" votes="20" />
                <Precinct name="Mystic" votes="7" />
            </VoteType>
            <VoteType name="Advance in Person" votes="395">
                <Precinct name="Minnie" votes="39" />
                <Precinct name="Ocilla" votes="258" />
                <Precinct name="Mystic" votes="98" />
            </VoteType>
            <VoteType name="Provisional" votes="1">
                <Precinct name="Minnie" votes="0" />
                <Precinct name="Ocilla" votes="1" />
                <Precinct name="Mystic" votes="0" />
            </VoteType>
        </Choice>
    </Contest>
    <Contest key="270" text="Constitutional Amendment #1&lt;br&gt;Provides greater flexibility and state accountability to fix failing schools through increasing community involvement." isQuestion="false" precinctsReporting="8" precinctsReported="8">
        <VoteType name="Number of Precincts for Race" votes="8">
            <Precinct name="Irwinville" votes="1" />
            <Precinct name="Minnie" votes="1" />
            <Precinct name="Roberts" votes="1" />
            <Precinct name="Ocilla" votes="1" />
            <Precinct name="Osierfield" votes="1" />
            <Precinct name="Mystic" votes="1" />
            <Precinct name="Fletcher" votes="1" />
            <Precinct name="Holt" votes="1" />
        </VoteType>
        <VoteType name="Number of Precincts Reporting" votes="8">
            <Precinct name="Irwinville" votes="1" />
            <Precinct name="Minnie" votes="1" />
            <Precinct name="Roberts" votes="1" />
            <Precinct name="Ocilla" votes="1" />
            <Precinct name="Osierfield" votes="1" />
            <Precinct name="Mystic" votes="1" />
            <Precinct name="Fletcher" votes="1" />
            <Precinct name="Holt" votes="1" />
        </VoteType>
        <Choice key="10" text="YES" totalVotes="960">
            <VoteType name="Election Day" votes="379">
                <Precinct name="Irwinville" votes="54" />
                <Precinct name="Minnie" votes="8" />
                <Precinct name="Roberts" votes="30" />
                <Precinct name="Ocilla" votes="143" />
                <Precinct name="Osierfield" votes="22" />
                <Precinct name="Mystic" votes="50" />
                <Precinct name="Fletcher" votes="48" />
                <Precinct name="Holt" votes="24" />
            </VoteType>
            <VoteType name="Absentee by Mail" votes="48">
                <Precinct name="Irwinville" votes="4" />
                <Precinct name="Minnie" votes="7" />
                <Precinct name="Roberts" votes="2" />
                <Precinct name="Ocilla" votes="29" />
                <Precinct name="Osierfield" votes="0" />
                <Precinct name="Mystic" votes="6" />
                <Precinct name="Fletcher" votes="0" />
                <Precinct name="Holt" votes="0" />
            </VoteType>
            <VoteType name="Advance in Person" votes="530">
                <Precinct name="Irwinville" votes="79" />
                <Precinct name="Minnie" votes="17" />
                <Precinct name="Roberts" votes="43" />
                <Precinct name="Ocilla" votes="293" />
                <Precinct name="Osierfield" votes="22" />
                <Precinct name="Mystic" votes="45" />
                <Precinct name="Fletcher" votes="8" />
                <Precinct name="Holt" votes="23" />
            </VoteType>
            <VoteType name="Provisional" votes="3">
                <Precinct name="Irwinville" votes="0" />
                <Precinct name="Minnie" votes="0" />
                <Precinct name="Roberts" votes="0" />
                <Precinct name="Ocilla" votes="3" />
                <Precinct name="Osierfield" votes="0" />
                <Precinct name="Mystic" votes="0" />
                <Precinct name="Fletcher" votes="0" />
                <Precinct name="Holt" votes="0" />
            </VoteType>
        </Choice>
        <Choice key="20" text="NO" totalVotes="2640">
            <VoteType name="Election Day" votes="1304">
                <Precinct name="Irwinville" votes="254" />
                <Precinct name="Minnie" votes="96" />
                <Precinct name="Roberts" votes="84" />
                <Precinct name="Ocilla" votes="428" />
                <Precinct name="Osierfield" votes="78" />
                <Precinct name="Mystic" votes="160" />
                <Precinct name="Fletcher" votes="157" />
                <Precinct name="Holt" votes="47" />
            </VoteType>
            <VoteType name="Absentee by Mail" votes="67">
                <Precinct name="Irwinville" votes="8" />
                <Precinct name="Minnie" votes="8" />
                <Precinct name="Roberts" votes="5" />
                <Precinct name="Ocilla" votes="34" />
                <Precinct name="Osierfield" votes="2" />
                <Precinct name="Mystic" votes="2" />
                <Precinct name="Fletcher" votes="5" />
                <Precinct name="Holt" votes="3" />
            </VoteType>
            <VoteType name="Advance in Person" votes="1267">
                <Precinct name="Irwinville" votes="144" />
                <Precinct name="Minnie" votes="66" />
                <Precinct name="Roberts" votes="98" />
                <Precinct name="Ocilla" votes="702" />
                <Precinct name="Osierfield" votes="41" />
                <Precinct name="Mystic" votes="132" />
                <Precinct name="Fletcher" votes="31" />
                <Precinct name="Holt" votes="53" />
            </VoteType>
            <VoteType name="Provisional" votes="2">
                <Precinct name="Irwinville" votes="1" />
                <Precinct name="Minnie" votes="0" />
                <Precinct name="Roberts" votes="0" />
                <Precinct name="Ocilla" votes="1" />
                <Precinct name="Osierfield" votes="0" />
                <Precinct name="Mystic" votes="0" />
                <Precinct name="Fletcher" votes="0" />
                <Precinct name="Holt" votes="0" />
            </VoteType>
        </Choice>
    </Contest>
    <Contest key="280" text="Constitutional Amendment #2&lt;br&gt;Authorizes penalties for sexual exploitation and assessments on adult entertainment to fund child victims' services." isQuestion="false" precinctsReporting="8" precinctsReported="8">
        <VoteType name="Number of Precincts for Race" votes="8">
            <Precinct name="Irwinville" votes="1" />
            <Precinct name="Minnie" votes="1" />
            <Precinct name="Roberts" votes="1" />
            <Precinct name="Ocilla" votes="1" />
            <Precinct name="Osierfield" votes="1" />
            <Precinct name="Mystic" votes="1" />
            <Precinct name="Fletcher" votes="1" />
            <Precinct name="Holt" votes="1" />
        </VoteType>
        <VoteType name="Number of Precincts Reporting" votes="8">
            <Precinct name="Irwinville" votes="1" />
            <Precinct name="Minnie" votes="1" />
            <Precinct name="Roberts" votes="1" />
            <Precinct name="Ocilla" votes="1" />
            <Precinct name="Osierfield" votes="1" />
            <Precinct name="Mystic" votes="1" />
            <Precinct name="Fletcher" votes="1" />
            <Precinct name="Holt" votes="1" />
        </VoteType>
        <Choice key="10" text="YES" totalVotes="2709">
            <VoteType name="Election Day" votes="1236">
                <Precinct name="Irwinville" votes="238" />
                <Precinct name="Minnie" votes="71" />
                <Precinct name="Roberts" votes="86" />
                <Precinct name="Ocilla" votes="402" />
                <Precinct name="Osierfield" votes="69" />
                <Precinct name="Mystic" votes="166" />
                <Precinct name="Fletcher" votes="145" />
                <Precinct name="Holt" votes="59" />
            </VoteType>
            <VoteType name="Absentee by Mail" votes="100">
                <Precinct name="Irwinville" votes="12" />
                <Precinct name="Minnie" votes="13" />
                <Precinct name="Roberts" votes="7" />
                <Precinct name="Ocilla" votes="52" />
                <Precinct name="Osierfield" votes="1" />
                <Precinct name="Mystic" votes="8" />
                <Precinct name="Fletcher" votes="4" />
                <Precinct name="Holt" votes="3" />
            </VoteType>
            <VoteType name="Advance in Person" votes="1368">
                <Precinct name="Irwinville" votes="181" />
                <Precinct name="Minnie" votes="60" />
                <Precinct name="Roberts" votes="108" />
                <Precinct name="Ocilla" votes="731" />
                <Precinct name="Osierfield" votes="52" />
                <Precinct name="Mystic" votes="146" />
                <Precinct name="Fletcher" votes="25" />
                <Precinct name="Holt" votes="65" />
            </VoteType>
            <VoteType name="Provisional" votes="5">
                <Precinct name="Irwinville" votes="1" />
                <Precinct name="Minnie" votes="0" />
                <Precinct name="Roberts" votes="0" />
                <Precinct name="Ocilla" votes="4" />
                <Precinct name="Osierfield" votes="0" />
                <Precinct name="Mystic" votes="0" />
                <Precinct name="Fletcher" votes="0" />
                <Precinct name="Holt" votes="0" />
            </VoteType>
        </Choice>
        <Choice key="20" text="NO" totalVotes="766">
            <VoteType name="Election Day" votes="399">
                <Precinct name="Irwinville" votes="64" />
                <Precinct name="Minnie" votes="29" />
                <Precinct name="Roberts" votes="22" />
                <Precinct name="Ocilla" votes="151" />
                <Precinct name="Osierfield" votes="23" />
                <Precinct name="Mystic" votes="40" />
                <Precinct name="Fletcher" votes="58" />
                <Precinct name="Holt" votes="12" />
            </VoteType>
            <VoteType name="Absentee by Mail" votes="14">
                <Precinct name="Irwinville" votes="0" />
                <Precinct name="Minnie" votes="2" />
                <Precinct name="Roberts" votes="0" />
                <Precinct name="Ocilla" votes="10" />
                <Precinct name="Osierfield" votes="1" />
                <Precinct name="Mystic" votes="0" />
                <Precinct name="Fletcher" votes="1" />
                <Precinct name="Holt" votes="0" />
            </VoteType>
            <VoteType name="Advance in Person" votes="353">
                <Precinct name="Irwinville" votes="33" />
                <Precinct name="Minnie" votes="19" />
                <Precinct name="Roberts" votes="28" />
                <Precinct name="Ocilla" votes="213" />
                <Precinct name="Osierfield" votes="9" />
                <Precinct name="Mystic" votes="27" />
                <Precinct name="Fletcher" votes="13" />
                <Precinct name="Holt" votes="11" />
            </VoteType>
            <VoteType name="Provisional" votes="0">
                <Precinct name="Irwinville" votes="0" />
                <Precinct name="Minnie" votes="0" />
                <Precinct name="Roberts" votes="0" />
                <Precinct name="Ocilla" votes="0" />
                <Precinct name="Osierfield" votes="0" />
                <Precinct name="Mystic" votes="0" />
                <Precinct name="Fletcher" votes="0" />
                <Precinct name="Holt" votes="0" />
            </VoteType>
        </Choice>
    </Contest>
    <Contest key="290" text="Constitutional Amendment #3&lt;br&gt;Reforms and re-establishes the Judicial Qualifications Commission and provides for its composition, governance, and powers." isQuestion="false" precinctsReporting="8" precinctsReported="8">
        <VoteType name="Number of Precincts for Race" votes="8">
            <Precinct name="Irwinville" votes="1" />
            <Precinct name="Minnie" votes="1" />
            <Precinct name="Roberts" votes="1" />
            <Precinct name="Ocilla" votes="1" />
            <Precinct name="Osierfield" votes="1" />
            <Precinct name="Mystic" votes="1" />
            <Precinct name="Fletcher" votes="1" />
            <Precinct name="Holt" votes="1" />
        </VoteType>
        <VoteType name="Number of Precincts Reporting" votes="8">
            <Precinct name="Irwinville" votes="1" />
            <Precinct name="Minnie" votes="1" />
            <Precinct name="Roberts" votes="1" />
            <Precinct name="Ocilla" votes="1" />
            <Precinct name="Osierfield" votes="1" />
            <Precinct name="Mystic" votes="1" />
            <Precinct name="Fletcher" votes="1" />
            <Precinct name="Holt" votes="1" />
        </VoteType>
        <Choice key="10" text="YES" totalVotes="1792">
            <VoteType name="Election Day" votes="796">
                <Precinct name="Irwinville" votes="137" />
                <Precinct name="Minnie" votes="32" />
                <Precinct name="Roberts" votes="53" />
                <Precinct name="Ocilla" votes="288" />
                <Precinct name="Osierfield" votes="49" />
                <Precinct name="Mystic" votes="109" />
                <Precinct name="Fletcher" votes="84" />
                <Precinct name="Holt" votes="44" />
            </VoteType>
            <VoteType name="Absentee by Mail" votes="68">
                <Precinct name="Irwinville" votes="6" />
                <Precinct name="Minnie" votes="4" />
                <Precinct name="Roberts" votes="6" />
                <Precinct name="Ocilla" votes="39" />
                <Precinct name="Osierfield" votes="0" />
                <Precinct name="Mystic" votes="7" />
                <Precinct name="Fletcher" votes="3" />
                <Precinct name="Holt" votes="3" />
            </VoteType>
            <VoteType name="Advance in Person" votes="926">
                <Precinct name="Irwinville" votes="123" />
                <Precinct name="Minnie" votes="42" />
                <Precinct name="Roberts" votes="68" />
                <Precinct name="Ocilla" votes="508" />
                <Precinct name="Osierfield" votes="38" />
                <Precinct name="Mystic" votes="91" />
                <Precinct name="Fletcher" votes="15" />
                <Precinct name="Holt" votes="41" />
            </VoteType>
            <VoteType name="Provisional" votes="2">
                <Precinct name="Irwinville" votes="0" />
                <Precinct name="Minnie" votes="0" />
                <Precinct name="Roberts" votes="0" />
                <Precinct name="Ocilla" votes="2" />
                <Precinct name="Osierfield" votes="0" />
                <Precinct name="Mystic" votes="0" />
                <Precinct name="Fletcher" votes="0" />
                <Precinct name="Holt" votes="0" />
            </VoteType>
        </Choice>
        <Choice key="20" text="NO" totalVotes="1527">
            <VoteType name="Election Day" votes="755">
                <Precinct name="Irwinville" votes="153" />
                <Precinct name="Minnie" votes="60" />
                <Precinct name="Roberts" votes="51" />
                <Precinct name="Ocilla" votes="246" />
                <Precinct name="Osierfield" votes="38" />
                <Precinct name="Mystic" votes="79" />
                <Precinct name="Fletcher" votes="108" />
                <Precinct name="Holt" votes="20" />
            </VoteType>
            <VoteType name="Absentee by Mail" votes="41">
                <Precinct name="Irwinville" votes="5" />
                <Precinct name="Minnie" votes="11" />
                <Precinct name="Roberts" votes="1" />
                <Precinct name="Ocilla" votes="20" />
                <Precinct name="Osierfield" votes="2" />
                <Precinct name="Mystic" votes="0" />
                <Precinct name="Fletcher" votes="2" />
                <Precinct name="Holt" votes="0" />
            </VoteType>
            <VoteType name="Advance in Person" votes="730">
                <Precinct name="Irwinville" votes="82" />
                <Precinct name="Minnie" votes="30" />
                <Precinct name="Roberts" votes="64" />
                <Precinct name="Ocilla" votes="406" />
                <Precinct name="Osierfield" votes="21" />
                <Precinct name="Mystic" votes="71" />
                <Precinct name="Fletcher" votes="23" />
                <Precinct name="Holt" votes="33" />
            </VoteType>
            <VoteType name="Provisional" votes="1">
                <Precinct name="Irwinville" votes="0" />
                <Precinct name="Minnie" votes="0" />
                <Precinct name="Roberts" votes="0" />
                <Precinct name="Ocilla" votes="1" />
                <Precinct name="Osierfield" votes="0" />
                <Precinct name="Mystic" votes="0" />
                <Precinct name="Fletcher" votes="0" />
                <Precinct name="Holt" votes="0" />
            </VoteType>
        </Choice>
    </Contest>
    <Contest key="300" text="Constitutional Amendment #4&lt;br&gt;Dedicates revenue from existing taxes on fireworks to trauma care, fire services, and public safety." isQuestion="false" precinctsReporting="8" precinctsReported="8">
        <VoteType name="Number of Precincts for Race" votes="8">
            <Precinct name="Irwinville" votes="1" />
            <Precinct name="Minnie" votes="1" />
            <Precinct name="Roberts" votes="1" />
            <Precinct name="Ocilla" votes="1" />
            <Precinct name="Osierfield" votes="1" />
            <Precinct name="Mystic" votes="1" />
            <Precinct name="Fletcher" votes="1" />
            <Precinct name="Holt" votes="1" />
        </VoteType>
        <VoteType name="Number of Precincts Reporting" votes="8">
            <Precinct name="Irwinville" votes="1" />
            <Precinct name="Minnie" votes="1" />
            <Precinct name="Roberts" votes="1" />
            <Precinct name="Ocilla" votes="1" />
            <Precinct name="Osierfield" votes="1" />
            <Precinct name="Mystic" votes="1" />
            <Precinct name="Fletcher" votes="1" />
            <Precinct name="Holt" votes="1" />
        </VoteType>
        <Choice key="10" text="YES" totalVotes="2598">
            <VoteType name="Election Day" votes="1162">
                <Precinct name="Irwinville" votes="217" />
                <Precinct name="Minnie" votes="64" />
                <Precinct name="Roberts" votes="85" />
                <Precinct name="Ocilla" votes="386" />
                <Precinct name="Osierfield" votes="67" />
                <Precinct name="Mystic" votes="154" />
                <Precinct name="Fletcher" votes="131" />
                <Precinct name="Holt" votes="58" />
            </VoteType>
            <VoteType name="Absentee by Mail" votes="100">
                <Precinct name="Irwinville" votes="8" />
                <Precinct name="Minnie" votes="14" />
                <Precinct name="Roberts" votes="7" />
                <Precinct name="Ocilla" votes="54" />
                <Precinct name="Osierfield" votes="2" />
                <Precinct name="Mystic" votes="8" />
                <Precinct name="Fletcher" votes="4" />
                <Precinct name="Holt" votes="3" />
            </VoteType>
            <VoteType name="Advance in Person" votes="1331">
                <Precinct name="Irwinville" votes="173" />
                <Precinct name="Minnie" votes="68" />
                <Precinct name="Roberts" votes="102" />
                <Precinct name="Ocilla" votes="725" />
                <Precinct name="Osierfield" votes="50" />
                <Precinct name="Mystic" votes="133" />
                <Precinct name="Fletcher" votes="20" />
                <Precinct name="Holt" votes="60" />
            </VoteType>
            <VoteType name="Provisional" votes="5">
                <Precinct name="Irwinville" votes="1" />
                <Precinct name="Minnie" votes="0" />
                <Precinct name="Roberts" votes="0" />
                <Precinct name="Ocilla" votes="4" />
                <Precinct name="Osierfield" votes="0" />
                <Precinct name="Mystic" votes="0" />
                <Precinct name="Fletcher" votes="0" />
                <Precinct name="Holt" votes="0" />
            </VoteType>
        </Choice>
        <Choice key="20" text="NO" totalVotes="853">
            <VoteType name="Election Day" votes="456">
                <Precinct name="Irwinville" votes="83" />
                <Precinct name="Minnie" votes="33" />
                <Precinct name="Roberts" votes="26" />
                <Precinct name="Ocilla" votes="160" />
                <Precinct name="Osierfield" votes="25" />
                <Precinct name="Mystic" votes="51" />
                <Precinct name="Fletcher" votes="68" />
                <Precinct name="Holt" votes="10" />
            </VoteType>
            <VoteType name="Absentee by Mail" votes="14">
                <Precinct name="Irwinville" votes="4" />
                <Precinct name="Minnie" votes="1" />
                <Precinct name="Roberts" votes="0" />
                <Precinct name="Ocilla" votes="8" />
                <Precinct name="Osierfield" votes="0" />
                <Precinct name="Mystic" votes="0" />
                <Precinct name="Fletcher" votes="1" />
                <Precinct name="Holt" votes="0" />
            </VoteType>
            <VoteType name="Advance in Person" votes="383">
                <Precinct name="Irwinville" votes="39" />
                <Precinct name="Minnie" votes="10" />
                <Precinct name="Roberts" votes="33" />
                <Precinct name="Ocilla" votes="220" />
                <Precinct name="Osierfield" votes="11" />
                <Precinct name="Mystic" votes="37" />
                <Precinct name="Fletcher" votes="18" />
                <Precinct name="Holt" votes="15" />
            </VoteType>
            <VoteType name="Provisional" votes="0">
                <Precinct name="Irwinville" votes="0" />
                <Precinct name="Minnie" votes="0" />
                <Precinct name="Roberts" votes="0" />
                <Precinct name="Ocilla" votes="0" />
                <Precinct name="Osierfield" votes="0" />
                <Precinct name="Mystic" votes="0" />
                <Precinct name="Fletcher" votes="0" />
                <Precinct name="Holt" votes="0" />
            </VoteType>
        </Choice>
    </Contest>
    <Contest key="310" text="INDUSTRY DEVELOPMENT" isQuestion="false" precinctsReporting="8" precinctsReported="8">
        <VoteType name="Number of Precincts for Race" votes="8">
            <Precinct name="Irwinville" votes="1" />
            <Precinct name="Minnie" votes="1" />
            <Precinct name="Roberts" votes="1" />
            <Precinct name="Ocilla" votes="1" />
            <Precinct name="Osierfield" votes="1" />
            <Precinct name="Mystic" votes="1" />
            <Precinct name="Fletcher" votes="1" />
            <Precinct name="Holt" votes="1" />
        </VoteType>
        <VoteType name="Number of Precincts Reporting" votes="8">
            <Precinct name="Irwinville" votes="1" />
            <Precinct name="Minnie" votes="1" />
            <Precinct name="Roberts" votes="1" />
            <Precinct name="Ocilla" votes="1" />
            <Precinct name="Osierfield" votes="1" />
            <Precinct name="Mystic" votes="1" />
            <Precinct name="Fletcher" votes="1" />
            <Precinct name="Holt" votes="1" />
        </VoteType>
        <Choice key="10" text="YES" totalVotes="2310">
            <VoteType name="Election Day" votes="1059">
                <Precinct name="Irwinville" votes="196" />
                <Precinct name="Minnie" votes="58" />
                <Precinct name="Roberts" votes="70" />
                <Precinct name="Ocilla" votes="374" />
                <Precinct name="Osierfield" votes="57" />
                <Precinct name="Mystic" votes="140" />
                <Precinct name="Fletcher" votes="110" />
                <Precinct name="Holt" votes="54" />
            </VoteType>
            <VoteType name="Absentee by Mail" votes="65">
                <Precinct name="Irwinville" votes="7" />
                <Precinct name="Minnie" votes="7" />
                <Precinct name="Roberts" votes="5" />
                <Precinct name="Ocilla" votes="36" />
                <Precinct name="Osierfield" votes="1" />
                <Precinct name="Mystic" votes="5" />
                <Precinct name="Fletcher" votes="1" />
                <Precinct name="Holt" votes="3" />
            </VoteType>
            <VoteType name="Advance in Person" votes="1181">
                <Precinct name="Irwinville" votes="156" />
                <Precinct name="Minnie" votes="55" />
                <Precinct name="Roberts" votes="99" />
                <Precinct name="Ocilla" votes="642" />
                <Precinct name="Osierfield" votes="47" />
                <Precinct name="Mystic" votes="106" />
                <Precinct name="Fletcher" votes="21" />
                <Precinct name="Holt" votes="55" />
            </VoteType>
            <VoteType name="Provisional" votes="5">
                <Precinct name="Irwinville" votes="1" />
                <Precinct name="Minnie" votes="0" />
                <Precinct name="Roberts" votes="0" />
                <Precinct name="Ocilla" votes="4" />
                <Precinct name="Osierfield" votes="0" />
                <Precinct name="Mystic" votes="0" />
                <Precinct name="Fletcher" votes="0" />
                <Precinct name="Holt" votes="0" />
            </VoteType>
        </Choice>
        <Choice key="20" text="NO" totalVotes="1030">
            <VoteType name="Election Day" votes="503">
                <Precinct name="Irwinville" votes="94" />
                <Precinct name="Minnie" votes="34" />
                <Precinct name="Roberts" votes="36" />
                <Precinct name="Ocilla" votes="161" />
                <Precinct name="Osierfield" votes="28" />
                <Precinct name="Mystic" votes="54" />
                <Precinct name="Fletcher" votes="82" />
                <Precinct name="Holt" votes="14" />
            </VoteType>
            <VoteType name="Absentee by Mail" votes="39">
                <Precinct name="Irwinville" votes="4" />
                <Precinct name="Minnie" votes="7" />
                <Precinct name="Roberts" votes="2" />
                <Precinct name="Ocilla" votes="20" />
                <Precinct name="Osierfield" votes="1" />
                <Precinct name="Mystic" votes="2" />
                <Precinct name="Fletcher" votes="3" />
                <Precinct name="Holt" votes="0" />
            </VoteType>
            <VoteType name="Advance in Person" votes="488">
                <Precinct name="Irwinville" votes="47" />
                <Precinct name="Minnie" votes="20" />
                <Precinct name="Roberts" votes="33" />
                <Precinct name="Ocilla" votes="280" />
                <Precinct name="Osierfield" votes="14" />
                <Precinct name="Mystic" votes="59" />
                <Precinct name="Fletcher" votes="13" />
                <Precinct name="Holt" votes="22" />
            </VoteType>
            <VoteType name="Provisional" votes="0">
                <Precinct name="Irwinville" votes="0" />
                <Precinct name="Minnie" votes="0" />
                <Precinct name="Roberts" votes="0" />
                <Precinct name="Ocilla" votes="0" />
                <Precinct name="Osierfield" votes="0" />
                <Precinct name="Mystic" votes="0" />
                <Precinct name="Fletcher" votes="0" />
                <Precinct name="Holt" votes="0" />
            </VoteType>
        </Choice>
    </Contest>
</ElectionResult>