<?xml version="1.0"?>
<!--Election result snapshot imported from Tabulation System
-->
<ElectionResult>
    <Timestamp>11/9/2016 12:51:20 PM EST</Timestamp>
    <ElectionName>November 8, 2016 - General Election</ElectionName>
    <ElectionDate>11/8/2016</ElectionDate>
    <Region>Clay</Region>
    <VoterTurnout totalVoters="1731" ballotsCast="1285" voterTurnout="74.23">
        <Precincts>
            <Precinct name="Bluffton" totalVoters="301" ballotsCast="232" voterTurnout="77.08" percentReporting="4" />
            <Precinct name="Zetto" totalVoters="319" ballotsCast="243" voterTurnout="76.18" percentReporting="4" />
            <Precinct name="Courthouse" totalVoters="318" ballotsCast="228" voterTurnout="71.70" percentReporting="4" />
            <Precinct name="Old Head Start" totalVoters="410" ballotsCast="293" voterTurnout="71.46" percentReporting="4" />
            <Precinct name="Day's Cross Roads" totalVoters="383" ballotsCast="289" voterTurnout="75.46" percentReporting="4" />
        </Precincts>
    </VoterTurnout>
    <Contest key="1" text="President of the United States" isQuestion="false" precinctsReporting="5" precinctsReported="5">
        <VoteType name="Number of Precincts for Race" votes="5">
            <Precinct name="Bluffton" votes="1" />
            <Precinct name="Zetto" votes="1" />
            <Precinct name="Courthouse" votes="1" />
            <Precinct name="Old Head Start" votes="1" />
            <Precinct name="Day's Cross Roads" votes="1" />
        </VoteType>
        <VoteType name="Number of Precincts Reporting" votes="5">
            <Precinct name="Bluffton" votes="1" />
            <Precinct name="Zetto" votes="1" />
            <Precinct name="Courthouse" votes="1" />
            <Precinct name="Old Head Start" votes="1" />
            <Precinct name="Day's Cross Roads" votes="1" />
        </VoteType>
        <Choice key="10" text="DONALD J. TRUMP" totalVotes="566">
            <VoteType name="Election Day" votes="162">
                <Precinct name="Bluffton" votes="52" />
                <Precinct name="Zetto" votes="21" />
                <Precinct name="Courthouse" votes="12" />
                <Precinct name="Old Head Start" votes="30" />
                <Precinct name="Day's Cross Roads" votes="47" />
            </VoteType>
            <VoteType name="Absentee by Mail" votes="36">
                <Precinct name="Bluffton" votes="14" />
                <Precinct name="Zetto" votes="6" />
                <Precinct name="Courthouse" votes="3" />
                <Precinct name="Old Head Start" votes="4" />
                <Precinct name="Day's Cross Roads" votes="9" />
            </VoteType>
            <VoteType name="Advance in Person" votes="366">
                <Precinct name="Bluffton" votes="84" />
                <Precinct name="Zetto" votes="50" />
                <Precinct name="Courthouse" votes="26" />
                <Precinct name="Old Head Start" votes="92" />
                <Precinct name="Day's Cross Roads" votes="114" />
            </VoteType>
            <VoteType name="Provisional" votes="2">
                <Precinct name="Bluffton" votes="0" />
                <Precinct name="Zetto" votes="2" />
                <Precinct name="Courthouse" votes="0" />
                <Precinct name="Old Head Start" votes="0" />
                <Precinct name="Day's Cross Roads" votes="0" />
            </VoteType>
        </Choice>
        <Choice key="20" text="HILLARY CLINTON" totalVotes="697">
            <VoteType name="Election Day" votes="366">
                <Precinct name="Bluffton" votes="37" />
                <Precinct name="Zetto" votes="86" />
                <Precinct name="Courthouse" votes="105" />
                <Precinct name="Old Head Start" votes="82" />
                <Precinct name="Day's Cross Roads" votes="56" />
            </VoteType>
            <VoteType name="Absentee by Mail" votes="69">
                <Precinct name="Bluffton" votes="9" />
                <Precinct name="Zetto" votes="14" />
                <Precinct name="Courthouse" votes="15" />
                <Precinct name="Old Head Start" votes="20" />
                <Precinct name="Day's Cross Roads" votes="11" />
            </VoteType>
            <VoteType name="Advance in Person" votes="261">
                <Precinct name="Bluffton" votes="32" />
                <Precinct name="Zetto" votes="59" />
                <Precinct name="Courthouse" votes="60" />
                <Precinct name="Old Head Start" votes="60" />
                <Precinct name="Day's Cross Roads" votes="50" />
            </VoteType>
            <VoteType name="Provisional" votes="1">
                <Precinct name="Bluffton" votes="0" />
                <Precinct name="Zetto" votes="0" />
                <Precinct name="Courthouse" votes="1" />
                <Precinct name="Old Head Start" votes="0" />
                <Precinct name="Day's Cross Roads" votes="0" />
            </VoteType>
        </Choice>
        <Choice key="30" text="GARY JOHNSON" totalVotes="8">
            <VoteType name="Election Day" votes="6">
                <Precinct name="Bluffton" votes="2" />
                <Precinct name="Zetto" votes="0" />
                <Precinct name="Courthouse" votes="3" />
                <Precinct name="Old Head Start" votes="0" />
                <Precinct name="Day's Cross Roads" votes="1" />
            </VoteType>
            <VoteType name="Absentee by Mail" votes="0">
                <Precinct name="Bluffton" votes="0" />
                <Precinct name="Zetto" votes="0" />
                <Precinct name="Courthouse" votes="0" />
                <Precinct name="Old Head Start" votes="0" />
                <Precinct name="Day's Cross Roads" votes="0" />
            </VoteType>
            <VoteType name="Advance in Person" votes="2">
                <Precinct name="Bluffton" votes="1" />
                <Precinct name="Zetto" votes="0" />
                <Precinct name="Courthouse" votes="1" />
                <Precinct name="Old Head Start" votes="0" />
                <Precinct name="Day's Cross Roads" votes="0" />
            </VoteType>
            <VoteType name="Provisional" votes="0">
                <Precinct name="Bluffton" votes="0" />
                <Precinct name="Zetto" votes="0" />
                <Precinct name="Courthouse" votes="0" />
                <Precinct name="Old Head Start" votes="0" />
                <Precinct name="Day's Cross Roads" votes="0" />
            </VoteType>
        </Choice>
    </Contest>
    <Contest key="10" text="United States Senator, Isakson" isQuestion="false" precinctsReporting="5" precinctsReported="5">
        <VoteType name="Number of Precincts for Race" votes="5">
            <Precinct name="Bluffton" votes="1" />
            <Precinct name="Zetto" votes="1" />
            <Precinct name="Courthouse" votes="1" />
            <Precinct name="Old Head Start" votes="1" />
            <Precinct name="Day's Cross Roads" votes="1" />
        </VoteType>
        <VoteType name="Number of Precincts Reporting" votes="5">
            <Precinct name="Bluffton" votes="1" />
            <Precinct name="Zetto" votes="1" />
            <Precinct name="Courthouse" votes="1" />
            <Precinct name="Old Head Start" votes="1" />
            <Precinct name="Day's Cross Roads" votes="1" />
        </VoteType>
        <Choice key="30" text="JOHNNY ISAKSON (I)" totalVotes="560">
            <VoteType name="Election Day" votes="172">
                <Precinct name="Bluffton" votes="51" />
                <Precinct name="Zetto" votes="22" />
                <Precinct name="Courthouse" votes="18" />
                <Precinct name="Old Head Start" votes="35" />
                <Precinct name="Day's Cross Roads" votes="46" />
            </VoteType>
            <VoteType name="Absentee by Mail" votes="34">
                <Precinct name="Bluffton" votes="14" />
                <Precinct name="Zetto" votes="4" />
                <Precinct name="Courthouse" votes="3" />
                <Precinct name="Old Head Start" votes="5" />
                <Precinct name="Day's Cross Roads" votes="8" />
            </VoteType>
            <VoteType name="Advance in Person" votes="352">
                <Precinct name="Bluffton" votes="84" />
                <Precinct name="Zetto" votes="47" />
                <Precinct name="Courthouse" votes="32" />
                <Precinct name="Old Head Start" votes="88" />
                <Precinct name="Day's Cross Roads" votes="101" />
            </VoteType>
            <VoteType name="Provisional" votes="2">
                <Precinct name="Bluffton" votes="0" />
                <Precinct name="Zetto" votes="2" />
                <Precinct name="Courthouse" votes="0" />
                <Precinct name="Old Head Start" votes="0" />
                <Precinct name="Day's Cross Roads" votes="0" />
            </VoteType>
        </Choice>
        <Choice key="40" text="JIM BARKSDALE" totalVotes="574">
            <VoteType name="Election Day" votes="300">
                <Precinct name="Bluffton" votes="31" />
                <Precinct name="Zetto" votes="70" />
                <Precinct name="Courthouse" votes="91" />
                <Precinct name="Old Head Start" votes="62" />
                <Precinct name="Day's Cross Roads" votes="46" />
            </VoteType>
            <VoteType name="Absentee by Mail" votes="67">
                <Precinct name="Bluffton" votes="8" />
                <Precinct name="Zetto" votes="13" />
                <Precinct name="Courthouse" votes="16" />
                <Precinct name="Old Head Start" votes="19" />
                <Precinct name="Day's Cross Roads" votes="11" />
            </VoteType>
            <VoteType name="Advance in Person" votes="206">
                <Precinct name="Bluffton" votes="30" />
                <Precinct name="Zetto" votes="51" />
                <Precinct name="Courthouse" votes="44" />
                <Precinct name="Old Head Start" votes="41" />
                <Precinct name="Day's Cross Roads" votes="40" />
            </VoteType>
            <VoteType name="Provisional" votes="1">
                <Precinct name="Bluffton" votes="0" />
                <Precinct name="Zetto" votes="0" />
                <Precinct name="Courthouse" votes="1" />
                <Precinct name="Old Head Start" votes="0" />
                <Precinct name="Day's Cross Roads" votes="0" />
            </VoteType>
        </Choice>
        <Choice key="50" text="ALLEN BUCKLEY" totalVotes="23">
            <VoteType name="Election Day" votes="9">
                <Precinct name="Bluffton" votes="3" />
                <Precinct name="Zetto" votes="1" />
                <Precinct name="Courthouse" votes="0" />
                <Precinct name="Old Head Start" votes="1" />
                <Precinct name="Day's Cross Roads" votes="4" />
            </VoteType>
            <VoteType name="Absentee by Mail" votes="3">
                <Precinct name="Bluffton" votes="0" />
                <Precinct name="Zetto" votes="3" />
                <Precinct name="Courthouse" votes="0" />
                <Precinct name="Old Head Start" votes="0" />
                <Precinct name="Day's Cross Roads" votes="0" />
            </VoteType>
            <VoteType name="Advance in Person" votes="11">
                <Precinct name="Bluffton" votes="1" />
                <Precinct name="Zetto" votes="2" />
                <Precinct name="Courthouse" votes="0" />
                <Precinct name="Old Head Start" votes="3" />
                <Precinct name="Day's Cross Roads" votes="5" />
            </VoteType>
            <VoteType name="Provisional" votes="0">
                <Precinct name="Bluffton" votes="0" />
                <Precinct name="Zetto" votes="0" />
                <Precinct name="Courthouse" votes="0" />
                <Precinct name="Old Head Start" votes="0" />
                <Precinct name="Day's Cross Roads" votes="0" />
            </VoteType>
        </Choice>
    </Contest>
    <Contest key="30" text="Public Service Commission, District 2 - Eastern" isQuestion="false" precinctsReporting="5" precinctsReported="5">
        <VoteType name="Number of Precincts for Race" votes="5">
            <Precinct name="Bluffton" votes="1" />
            <Precinct name="Zetto" votes="1" />
            <Precinct name="Courthouse" votes="1" />
            <Precinct name="Old Head Start" votes="1" />
            <Precinct name="Day's Cross Roads" votes="1" />
        </VoteType>
        <VoteType name="Number of Precincts Reporting" votes="5">
            <Precinct name="Bluffton" votes="1" />
            <Precinct name="Zetto" votes="1" />
            <Precinct name="Courthouse" votes="1" />
            <Precinct name="Old Head Start" votes="1" />
            <Precinct name="Day's Cross Roads" votes="1" />
        </VoteType>
        <Choice key="20" text="TIM ECHOLS (I)" totalVotes="675">
            <VoteType name="Election Day" votes="226">
                <Precinct name="Bluffton" votes="56" />
                <Precinct name="Zetto" votes="40" />
                <Precinct name="Courthouse" votes="37" />
                <Precinct name="Old Head Start" votes="40" />
                <Precinct name="Day's Cross Roads" votes="53" />
            </VoteType>
            <VoteType name="Absentee by Mail" votes="50">
                <Precinct name="Bluffton" votes="17" />
                <Precinct name="Zetto" votes="5" />
                <Precinct name="Courthouse" votes="11" />
                <Precinct name="Old Head Start" votes="7" />
                <Precinct name="Day's Cross Roads" votes="10" />
            </VoteType>
            <VoteType name="Advance in Person" votes="397">
                <Precinct name="Bluffton" votes="91" />
                <Precinct name="Zetto" votes="57" />
                <Precinct name="Courthouse" votes="38" />
                <Precinct name="Old Head Start" votes="95" />
                <Precinct name="Day's Cross Roads" votes="116" />
            </VoteType>
            <VoteType name="Provisional" votes="2">
                <Precinct name="Bluffton" votes="0" />
                <Precinct name="Zetto" votes="2" />
                <Precinct name="Courthouse" votes="0" />
                <Precinct name="Old Head Start" votes="0" />
                <Precinct name="Day's Cross Roads" votes="0" />
            </VoteType>
        </Choice>
        <Choice key="30" text="ERIC HOSKINS" totalVotes="358">
            <VoteType name="Election Day" votes="199">
                <Precinct name="Bluffton" votes="26" />
                <Precinct name="Zetto" votes="45" />
                <Precinct name="Courthouse" votes="58" />
                <Precinct name="Old Head Start" votes="39" />
                <Precinct name="Day's Cross Roads" votes="31" />
            </VoteType>
            <VoteType name="Absentee by Mail" votes="29">
                <Precinct name="Bluffton" votes="2" />
                <Precinct name="Zetto" votes="12" />
                <Precinct name="Courthouse" votes="5" />
                <Precinct name="Old Head Start" votes="7" />
                <Precinct name="Day's Cross Roads" votes="3" />
            </VoteType>
            <VoteType name="Advance in Person" votes="129">
                <Precinct name="Bluffton" votes="20" />
                <Precinct name="Zetto" votes="30" />
                <Precinct name="Courthouse" votes="30" />
                <Precinct name="Old Head Start" votes="26" />
                <Precinct name="Day's Cross Roads" votes="23" />
            </VoteType>
            <VoteType name="Provisional" votes="1">
                <Precinct name="Bluffton" votes="0" />
                <Precinct name="Zetto" votes="0" />
                <Precinct name="Courthouse" votes="1" />
                <Precinct name="Old Head Start" votes="0" />
                <Precinct name="Day's Cross Roads" votes="0" />
            </VoteType>
        </Choice>
    </Contest>
    <Contest key="50" text="U.S. Representative, District 2" isQuestion="false" precinctsReporting="5" precinctsReported="5">
        <VoteType name="Number of Precincts for Race" votes="5">
            <Precinct name="Bluffton" votes="1" />
            <Precinct name="Zetto" votes="1" />
            <Precinct name="Courthouse" votes="1" />
            <Precinct name="Old Head Start" votes="1" />
            <Precinct name="Day's Cross Roads" votes="1" />
        </VoteType>
        <VoteType name="Number of Precincts Reporting" votes="5">
            <Precinct name="Bluffton" votes="1" />
            <Precinct name="Zetto" votes="1" />
            <Precinct name="Courthouse" votes="1" />
            <Precinct name="Old Head Start" votes="1" />
            <Precinct name="Day's Cross Roads" votes="1" />
        </VoteType>
        <Choice key="10" text="GREG DUKE" totalVotes="465">
            <VoteType name="Election Day" votes="127">
                <Precinct name="Bluffton" votes="38" />
                <Precinct name="Zetto" votes="15" />
                <Precinct name="Courthouse" votes="11" />
                <Precinct name="Old Head Start" votes="26" />
                <Precinct name="Day's Cross Roads" votes="37" />
            </VoteType>
            <VoteType name="Absentee by Mail" votes="34">
                <Precinct name="Bluffton" votes="14" />
                <Precinct name="Zetto" votes="6" />
                <Precinct name="Courthouse" votes="3" />
                <Precinct name="Old Head Start" votes="4" />
                <Precinct name="Day's Cross Roads" votes="7" />
            </VoteType>
            <VoteType name="Advance in Person" votes="302">
                <Precinct name="Bluffton" votes="62" />
                <Precinct name="Zetto" votes="42" />
                <Precinct name="Courthouse" votes="21" />
                <Precinct name="Old Head Start" votes="78" />
                <Precinct name="Day's Cross Roads" votes="99" />
            </VoteType>
            <VoteType name="Provisional" votes="2">
                <Precinct name="Bluffton" votes="0" />
                <Precinct name="Zetto" votes="2" />
                <Precinct name="Courthouse" votes="0" />
                <Precinct name="Old Head Start" votes="0" />
                <Precinct name="Day's Cross Roads" votes="0" />
            </VoteType>
        </Choice>
        <Choice key="20" text="SANFORD BISHOP (I)" totalVotes="789">
            <VoteType name="Election Day" votes="398">
                <Precinct name="Bluffton" votes="52" />
                <Precinct name="Zetto" votes="91" />
                <Precinct name="Courthouse" votes="109" />
                <Precinct name="Old Head Start" votes="83" />
                <Precinct name="Day's Cross Roads" votes="63" />
            </VoteType>
            <VoteType name="Absentee by Mail" votes="72">
                <Precinct name="Bluffton" votes="9" />
                <Precinct name="Zetto" votes="14" />
                <Precinct name="Courthouse" votes="16" />
                <Precinct name="Old Head Start" votes="21" />
                <Precinct name="Day's Cross Roads" votes="12" />
            </VoteType>
            <VoteType name="Advance in Person" votes="318">
                <Precinct name="Bluffton" votes="53" />
                <Precinct name="Zetto" votes="69" />
                <Precinct name="Courthouse" votes="64" />
                <Precinct name="Old Head Start" votes="69" />
                <Precinct name="Day's Cross Roads" votes="63" />
            </VoteType>
            <VoteType name="Provisional" votes="1">
                <Precinct name="Bluffton" votes="0" />
                <Precinct name="Zetto" votes="0" />
                <Precinct name="Courthouse" votes="1" />
                <Precinct name="Old Head Start" votes="0" />
                <Precinct name="Day's Cross Roads" votes="0" />
            </VoteType>
        </Choice>
    </Contest>
    <Contest key="80" text="State Senator, District 12" isQuestion="false" precinctsReporting="5" precinctsReported="5">
        <VoteType name="Number of Precincts for Race" votes="5">
            <Precinct name="Bluffton" votes="1" />
            <Precinct name="Zetto" votes="1" />
            <Precinct name="Courthouse" votes="1" />
            <Precinct name="Old Head Start" votes="1" />
            <Precinct name="Day's Cross Roads" votes="1" />
        </VoteType>
        <VoteType name="Number of Precincts Reporting" votes="5">
            <Precinct name="Bluffton" votes="1" />
            <Precinct name="Zetto" votes="1" />
            <Precinct name="Courthouse" votes="1" />
            <Precinct name="Old Head Start" votes="1" />
            <Precinct name="Day's Cross Roads" votes="1" />
        </VoteType>
        <Choice key="10" text="FREDDIE POWELL SIMS (I)" totalVotes="950">
            <VoteType name="Election Day" votes="426">
                <Precinct name="Bluffton" votes="66" />
                <Precinct name="Zetto" votes="96" />
                <Precinct name="Courthouse" votes="105" />
                <Precinct name="Old Head Start" votes="91" />
                <Precinct name="Day's Cross Roads" votes="68" />
            </VoteType>
            <VoteType name="Absentee by Mail" votes="73">
                <Precinct name="Bluffton" votes="18" />
                <Precinct name="Zetto" votes="14" />
                <Precinct name="Courthouse" votes="14" />
                <Precinct name="Old Head Start" votes="17" />
                <Precinct name="Day's Cross Roads" votes="10" />
            </VoteType>
            <VoteType name="Advance in Person" votes="449">
                <Precinct name="Bluffton" votes="86" />
                <Precinct name="Zetto" votes="80" />
                <Precinct name="Courthouse" votes="68" />
                <Precinct name="Old Head Start" votes="108" />
                <Precinct name="Day's Cross Roads" votes="107" />
            </VoteType>
            <VoteType name="Provisional" votes="2">
                <Precinct name="Bluffton" votes="0" />
                <Precinct name="Zetto" votes="1" />
                <Precinct name="Courthouse" votes="1" />
                <Precinct name="Old Head Start" votes="0" />
                <Precinct name="Day's Cross Roads" votes="0" />
            </VoteType>
        </Choice>
    </Contest>
    <Contest key="90" text="State Representative, District 151" isQuestion="false" precinctsReporting="5" precinctsReported="5">
        <VoteType name="Number of Precincts for Race" votes="5">
            <Precinct name="Bluffton" votes="1" />
            <Precinct name="Zetto" votes="1" />
            <Precinct name="Courthouse" votes="1" />
            <Precinct name="Old Head Start" votes="1" />
            <Precinct name="Day's Cross Roads" votes="1" />
        </VoteType>
        <VoteType name="Number of Precincts Reporting" votes="5">
            <Precinct name="Bluffton" votes="1" />
            <Precinct name="Zetto" votes="1" />
            <Precinct name="Courthouse" votes="1" />
            <Precinct name="Old Head Start" votes="1" />
            <Precinct name="Day's Cross Roads" votes="1" />
        </VoteType>
        <Choice key="10" text="GERALD GREENE (I)" totalVotes="799">
            <VoteType name="Election Day" votes="285">
                <Precinct name="Bluffton" votes="63" />
                <Precinct name="Zetto" votes="50" />
                <Precinct name="Courthouse" votes="48" />
                <Precinct name="Old Head Start" votes="65" />
                <Precinct name="Day's Cross Roads" votes="59" />
            </VoteType>
            <VoteType name="Absentee by Mail" votes="69">
                <Precinct name="Bluffton" votes="20" />
                <Precinct name="Zetto" votes="10" />
                <Precinct name="Courthouse" votes="11" />
                <Precinct name="Old Head Start" votes="12" />
                <Precinct name="Day's Cross Roads" votes="16" />
            </VoteType>
            <VoteType name="Advance in Person" votes="443">
                <Precinct name="Bluffton" votes="90" />
                <Precinct name="Zetto" votes="68" />
                <Precinct name="Courthouse" votes="49" />
                <Precinct name="Old Head Start" votes="110" />
                <Precinct name="Day's Cross Roads" votes="126" />
            </VoteType>
            <VoteType name="Provisional" votes="2">
                <Precinct name="Bluffton" votes="0" />
                <Precinct name="Zetto" votes="2" />
                <Precinct name="Courthouse" votes="0" />
                <Precinct name="Old Head Start" votes="0" />
                <Precinct name="Day's Cross Roads" votes="0" />
            </VoteType>
        </Choice>
        <Choice key="30" text="KENNETH ZACHARY JR" totalVotes="433">
            <VoteType name="Election Day" votes="226">
                <Precinct name="Bluffton" votes="26" />
                <Precinct name="Zetto" votes="54" />
                <Precinct name="Courthouse" votes="69" />
                <Precinct name="Old Head Start" votes="40" />
                <Precinct name="Day's Cross Roads" votes="37" />
            </VoteType>
            <VoteType name="Absentee by Mail" votes="37">
                <Precinct name="Bluffton" votes="2" />
                <Precinct name="Zetto" votes="10" />
                <Precinct name="Courthouse" votes="8" />
                <Precinct name="Old Head Start" votes="13" />
                <Precinct name="Day's Cross Roads" votes="4" />
            </VoteType>
            <VoteType name="Advance in Person" votes="170">
                <Precinct name="Bluffton" votes="27" />
                <Precinct name="Zetto" votes="37" />
                <Precinct name="Courthouse" votes="36" />
                <Precinct name="Old Head Start" votes="35" />
                <Precinct name="Day's Cross Roads" votes="35" />
            </VoteType>
            <VoteType name="Provisional" votes="0">
                <Precinct name="Bluffton" votes="0" />
                <Precinct name="Zetto" votes="0" />
                <Precinct name="Courthouse" votes="0" />
                <Precinct name="Old Head Start" votes="0" />
                <Precinct name="Day's Cross Roads" votes="0" />
            </VoteType>
        </Choice>
    </Contest>
    <Contest key="110" text="District Attorney, Pataula Circuit" isQuestion="false" precinctsReporting="5" precinctsReported="5">
        <VoteType name="Number of Precincts for Race" votes="5">
            <Precinct name="Bluffton" votes="1" />
            <Precinct name="Zetto" votes="1" />
            <Precinct name="Courthouse" votes="1" />
            <Precinct name="Old Head Start" votes="1" />
            <Precinct name="Day's Cross Roads" votes="1" />
        </VoteType>
        <VoteType name="Number of Precincts Reporting" votes="5">
            <Precinct name="Bluffton" votes="1" />
            <Precinct name="Zetto" votes="1" />
            <Precinct name="Courthouse" votes="1" />
            <Precinct name="Old Head Start" votes="1" />
            <Precinct name="Day's Cross Roads" votes="1" />
        </VoteType>
        <Choice key="10" text="T.CRAIG EARNEST (I) (DEM)" totalVotes="992">
            <VoteType name="Election Day" votes="437">
                <Precinct name="Bluffton" votes="75" />
                <Precinct name="Zetto" votes="92" />
                <Precinct name="Courthouse" votes="102" />
                <Precinct name="Old Head Start" votes="93" />
                <Precinct name="Day's Cross Roads" votes="75" />
            </VoteType>
            <VoteType name="Absentee by Mail" votes="82">
                <Precinct name="Bluffton" votes="18" />
                <Precinct name="Zetto" votes="17" />
                <Precinct name="Courthouse" votes="16" />
                <Precinct name="Old Head Start" votes="20" />
                <Precinct name="Day's Cross Roads" votes="11" />
            </VoteType>
            <VoteType name="Advance in Person" votes="470">
                <Precinct name="Bluffton" votes="95" />
                <Precinct name="Zetto" votes="80" />
                <Precinct name="Courthouse" votes="68" />
                <Precinct name="Old Head Start" votes="111" />
                <Precinct name="Day's Cross Roads" votes="116" />
            </VoteType>
            <VoteType name="Provisional" votes="3">
                <Precinct name="Bluffton" votes="0" />
                <Precinct name="Zetto" votes="2" />
                <Precinct name="Courthouse" votes="1" />
                <Precinct name="Old Head Start" votes="0" />
                <Precinct name="Day's Cross Roads" votes="0" />
            </VoteType>
        </Choice>
    </Contest>
    <Contest key="140" text="CLERK, SUPERIOR COURT" isQuestion="false" precinctsReporting="5" precinctsReported="5">
        <VoteType name="Number of Precincts for Race" votes="5">
            <Precinct name="Bluffton" votes="1" />
            <Precinct name="Zetto" votes="1" />
            <Precinct name="Courthouse" votes="1" />
            <Precinct name="Old Head Start" votes="1" />
            <Precinct name="Day's Cross Roads" votes="1" />
        </VoteType>
        <VoteType name="Number of Precincts Reporting" votes="5">
            <Precinct name="Bluffton" votes="1" />
            <Precinct name="Zetto" votes="1" />
            <Precinct name="Courthouse" votes="1" />
            <Precinct name="Old Head Start" votes="1" />
            <Precinct name="Day's Cross Roads" votes="1" />
        </VoteType>
        <Choice key="20" text="P. THORNTON (D)" totalVotes="1064">
            <VoteType name="Election Day" votes="481">
                <Precinct name="Bluffton" votes="73" />
                <Precinct name="Zetto" votes="101" />
                <Precinct name="Courthouse" votes="115" />
                <Precinct name="Old Head Start" votes="107" />
                <Precinct name="Day's Cross Roads" votes="85" />
            </VoteType>
            <VoteType name="Absentee by Mail" votes="78">
                <Precinct name="Bluffton" votes="18" />
                <Precinct name="Zetto" votes="14" />
                <Precinct name="Courthouse" votes="17" />
                <Precinct name="Old Head Start" votes="18" />
                <Precinct name="Day's Cross Roads" votes="11" />
            </VoteType>
            <VoteType name="Advance in Person" votes="502">
                <Precinct name="Bluffton" votes="86" />
                <Precinct name="Zetto" votes="88" />
                <Precinct name="Courthouse" votes="77" />
                <Precinct name="Old Head Start" votes="125" />
                <Precinct name="Day's Cross Roads" votes="126" />
            </VoteType>
            <VoteType name="Provisional" votes="3">
                <Precinct name="Bluffton" votes="0" />
                <Precinct name="Zetto" votes="2" />
                <Precinct name="Courthouse" votes="1" />
                <Precinct name="Old Head Start" votes="0" />
                <Precinct name="Day's Cross Roads" votes="0" />
            </VoteType>
        </Choice>
    </Contest>
    <Contest key="160" text="SHERIFF" isQuestion="false" precinctsReporting="5" precinctsReported="5">
        <VoteType name="Number of Precincts for Race" votes="5">
            <Precinct name="Bluffton" votes="1" />
            <Precinct name="Zetto" votes="1" />
            <Precinct name="Courthouse" votes="1" />
            <Precinct name="Old Head Start" votes="1" />
            <Precinct name="Day's Cross Roads" votes="1" />
        </VoteType>
        <VoteType name="Number of Precincts Reporting" votes="5">
            <Precinct name="Bluffton" votes="1" />
            <Precinct name="Zetto" votes="1" />
            <Precinct name="Courthouse" votes="1" />
            <Precinct name="Old Head Start" votes="1" />
            <Precinct name="Day's Cross Roads" votes="1" />
        </VoteType>
        <Choice key="10" text="L. SHIVERS (D)" totalVotes="1080">
            <VoteType name="Election Day" votes="452">
                <Precinct name="Bluffton" votes="80" />
                <Precinct name="Zetto" votes="93" />
                <Precinct name="Courthouse" votes="96" />
                <Precinct name="Old Head Start" votes="105" />
                <Precinct name="Day's Cross Roads" votes="78" />
            </VoteType>
            <VoteType name="Absentee by Mail" votes="85">
                <Precinct name="Bluffton" votes="20" />
                <Precinct name="Zetto" votes="17" />
                <Precinct name="Courthouse" votes="16" />
                <Precinct name="Old Head Start" votes="19" />
                <Precinct name="Day's Cross Roads" votes="13" />
            </VoteType>
            <VoteType name="Advance in Person" votes="540">
                <Precinct name="Bluffton" votes="109" />
                <Precinct name="Zetto" votes="90" />
                <Precinct name="Courthouse" votes="74" />
                <Precinct name="Old Head Start" votes="136" />
                <Precinct name="Day's Cross Roads" votes="131" />
            </VoteType>
            <VoteType name="Provisional" votes="3">
                <Precinct name="Bluffton" votes="0" />
                <Precinct name="Zetto" votes="2" />
                <Precinct name="Courthouse" votes="1" />
                <Precinct name="Old Head Start" votes="0" />
                <Precinct name="Day's Cross Roads" votes="0" />
            </VoteType>
        </Choice>
    </Contest>
    <Contest key="180" text="TAX COMMISSIONER" isQuestion="false" precinctsReporting="5" precinctsReported="5">
        <VoteType name="Number of Precincts for Race" votes="5">
            <Precinct name="Bluffton" votes="1" />
            <Precinct name="Zetto" votes="1" />
            <Precinct name="Courthouse" votes="1" />
            <Precinct name="Old Head Start" votes="1" />
            <Precinct name="Day's Cross Roads" votes="1" />
        </VoteType>
        <VoteType name="Number of Precincts Reporting" votes="5">
            <Precinct name="Bluffton" votes="1" />
            <Precinct name="Zetto" votes="1" />
            <Precinct name="Courthouse" votes="1" />
            <Precinct name="Old Head Start" votes="1" />
            <Precinct name="Day's Cross Roads" votes="1" />
        </VoteType>
        <Choice key="10" text="B. G. BROWN (I) D" totalVotes="1113">
            <VoteType name="Election Day" votes="472">
                <Precinct name="Bluffton" votes="77" />
                <Precinct name="Zetto" votes="97" />
                <Precinct name="Courthouse" votes="111" />
                <Precinct name="Old Head Start" votes="105" />
                <Precinct name="Day's Cross Roads" votes="82" />
            </VoteType>
            <VoteType name="Absentee by Mail" votes="89">
                <Precinct name="Bluffton" votes="20" />
                <Precinct name="Zetto" votes="17" />
                <Precinct name="Courthouse" votes="18" />
                <Precinct name="Old Head Start" votes="20" />
                <Precinct name="Day's Cross Roads" votes="14" />
            </VoteType>
            <VoteType name="Advance in Person" votes="549">
                <Precinct name="Bluffton" votes="109" />
                <Precinct name="Zetto" votes="93" />
                <Precinct name="Courthouse" votes="78" />
                <Precinct name="Old Head Start" votes="132" />
                <Precinct name="Day's Cross Roads" votes="137" />
            </VoteType>
            <VoteType name="Provisional" votes="3">
                <Precinct name="Bluffton" votes="0" />
                <Precinct name="Zetto" votes="2" />
                <Precinct name="Courthouse" votes="1" />
                <Precinct name="Old Head Start" votes="0" />
                <Precinct name="Day's Cross Roads" votes="0" />
            </VoteType>
        </Choice>
    </Contest>
    <Contest key="220" text="CHIEF MAGISTRATE" isQuestion="false" precinctsReporting="5" precinctsReported="5">
        <VoteType name="Number of Precincts for Race" votes="5">
            <Precinct name="Bluffton" votes="1" />
            <Precinct name="Zetto" votes="1" />
            <Precinct name="Courthouse" votes="1" />
            <Precinct name="Old Head Start" votes="1" />
            <Precinct name="Day's Cross Roads" votes="1" />
        </VoteType>
        <VoteType name="Number of Precincts Reporting" votes="5">
            <Precinct name="Bluffton" votes="1" />
            <Precinct name="Zetto" votes="1" />
            <Precinct name="Courthouse" votes="1" />
            <Precinct name="Old Head Start" votes="1" />
            <Precinct name="Day's Cross Roads" votes="1" />
        </VoteType>
        <Choice key="10" text="C. BAGWELL (D)" totalVotes="1063">
            <VoteType name="Election Day" votes="466">
                <Precinct name="Bluffton" votes="78" />
                <Precinct name="Zetto" votes="98" />
                <Precinct name="Courthouse" votes="106" />
                <Precinct name="Old Head Start" votes="103" />
                <Precinct name="Day's Cross Roads" votes="81" />
            </VoteType>
            <VoteType name="Absentee by Mail" votes="82">
                <Precinct name="Bluffton" votes="18" />
                <Precinct name="Zetto" votes="17" />
                <Precinct name="Courthouse" votes="16" />
                <Precinct name="Old Head Start" votes="18" />
                <Precinct name="Day's Cross Roads" votes="13" />
            </VoteType>
            <VoteType name="Advance in Person" votes="512">
                <Precinct name="Bluffton" votes="100" />
                <Precinct name="Zetto" votes="88" />
                <Precinct name="Courthouse" votes="74" />
                <Precinct name="Old Head Start" votes="123" />
                <Precinct name="Day's Cross Roads" votes="127" />
            </VoteType>
            <VoteType name="Provisional" votes="3">
                <Precinct name="Bluffton" votes="0" />
                <Precinct name="Zetto" votes="2" />
                <Precinct name="Courthouse" votes="1" />
                <Precinct name="Old Head Start" votes="0" />
                <Precinct name="Day's Cross Roads" votes="0" />
            </VoteType>
        </Choice>
    </Contest>
    <Contest key="240" text="CC, D3" isQuestion="false" precinctsReporting="1" precinctsReported="1">
        <VoteType name="Number of Precincts for Race" votes="1">
            <Precinct name="Courthouse" votes="1" />
        </VoteType>
        <VoteType name="Number of Precincts Reporting" votes="1">
            <Precinct name="Courthouse" votes="1" />
        </VoteType>
        <Choice key="10" text="J. SNYDER (I) D" totalVotes="192">
            <VoteType name="Election Day" votes="101">
                <Precinct name="Courthouse" votes="101" />
            </VoteType>
            <VoteType name="Absentee by Mail" votes="16">
                <Precinct name="Courthouse" votes="16" />
            </VoteType>
            <VoteType name="Advance in Person" votes="74">
                <Precinct name="Courthouse" votes="74" />
            </VoteType>
            <VoteType name="Provisional" votes="1">
                <Precinct name="Courthouse" votes="1" />
            </VoteType>
        </Choice>
    </Contest>
    <Contest key="260" text="CC, D4" isQuestion="false" precinctsReporting="1" precinctsReported="1">
        <VoteType name="Number of Precincts for Race" votes="1">
            <Precinct name="Old Head Start" votes="1" />
        </VoteType>
        <VoteType name="Number of Precincts Reporting" votes="1">
            <Precinct name="Old Head Start" votes="1" />
        </VoteType>
        <Choice key="10" text="J. DAVENPORT (I) D" totalVotes="241">
            <VoteType name="Election Day" votes="104">
                <Precinct name="Old Head Start" votes="104" />
            </VoteType>
            <VoteType name="Absentee by Mail" votes="19">
                <Precinct name="Old Head Start" votes="19" />
            </VoteType>
            <VoteType name="Advance in Person" votes="118">
                <Precinct name="Old Head Start" votes="118" />
            </VoteType>
            <VoteType name="Provisional" votes="0">
                <Precinct name="Old Head Start" votes="0" />
            </VoteType>
        </Choice>
    </Contest>
    <Contest key="275" text="CC, D5" isQuestion="false" precinctsReporting="1" precinctsReported="1">
        <VoteType name="Number of Precincts for Race" votes="1">
            <Precinct name="Day's Cross Roads" votes="1" />
        </VoteType>
        <VoteType name="Number of Precincts Reporting" votes="1">
            <Precinct name="Day's Cross Roads" votes="1" />
        </VoteType>
        <Choice key="10" text="E. JENKINS (I) D" totalVotes="219">
            <VoteType name="Election Day" votes="77">
                <Precinct name="Day's Cross Roads" votes="77" />
            </VoteType>
            <VoteType name="Absentee by Mail" votes="13">
                <Precinct name="Day's Cross Roads" votes="13" />
            </VoteType>
            <VoteType name="Advance in Person" votes="129">
                <Precinct name="Day's Cross Roads" votes="129" />
            </VoteType>
            <VoteType name="Provisional" votes="0">
                <Precinct name="Day's Cross Roads" votes="0" />
            </VoteType>
        </Choice>
    </Contest>
    <Contest key="280" text="SOIL AND WATER" isQuestion="false" precinctsReporting="5" precinctsReported="5">
        <VoteType name="Number of Precincts for Race" votes="5">
            <Precinct name="Bluffton" votes="1" />
            <Precinct name="Zetto" votes="1" />
            <Precinct name="Courthouse" votes="1" />
            <Precinct name="Old Head Start" votes="1" />
            <Precinct name="Day's Cross Roads" votes="1" />
        </VoteType>
        <VoteType name="Number of Precincts Reporting" votes="5">
            <Precinct name="Bluffton" votes="1" />
            <Precinct name="Zetto" votes="1" />
            <Precinct name="Courthouse" votes="1" />
            <Precinct name="Old Head Start" votes="1" />
            <Precinct name="Day's Cross Roads" votes="1" />
        </VoteType>
        <Choice key="10" text="P. SHIVERS" totalVotes="1032">
            <VoteType name="Election Day" votes="429">
                <Precinct name="Bluffton" votes="77" />
                <Precinct name="Zetto" votes="85" />
                <Precinct name="Courthouse" votes="95" />
                <Precinct name="Old Head Start" votes="91" />
                <Precinct name="Day's Cross Roads" votes="81" />
            </VoteType>
            <VoteType name="Absentee by Mail" votes="76">
                <Precinct name="Bluffton" votes="18" />
                <Precinct name="Zetto" votes="14" />
                <Precinct name="Courthouse" votes="15" />
                <Precinct name="Old Head Start" votes="16" />
                <Precinct name="Day's Cross Roads" votes="13" />
            </VoteType>
            <VoteType name="Advance in Person" votes="524">
                <Precinct name="Bluffton" votes="104" />
                <Precinct name="Zetto" votes="87" />
                <Precinct name="Courthouse" votes="71" />
                <Precinct name="Old Head Start" votes="129" />
                <Precinct name="Day's Cross Roads" votes="133" />
            </VoteType>
            <VoteType name="Provisional" votes="3">
                <Precinct name="Bluffton" votes="0" />
                <Precinct name="Zetto" votes="2" />
                <Precinct name="Courthouse" votes="1" />
                <Precinct name="Old Head Start" votes="0" />
                <Precinct name="Day's Cross Roads" votes="0" />
            </VoteType>
        </Choice>
    </Contest>
    <Contest key="300" text="Constitutional Amendment #1&lt;br&gt;Provides greater flexibility and state accountability to fix failing schools through increasing community involvement." isQuestion="false" precinctsReporting="5" precinctsReported="5">
        <VoteType name="Number of Precincts for Race" votes="5">
            <Precinct name="Bluffton" votes="1" />
            <Precinct name="Zetto" votes="1" />
            <Precinct name="Courthouse" votes="1" />
            <Precinct name="Old Head Start" votes="1" />
            <Precinct name="Day's Cross Roads" votes="1" />
        </VoteType>
        <VoteType name="Number of Precincts Reporting" votes="5">
            <Precinct name="Bluffton" votes="1" />
            <Precinct name="Zetto" votes="1" />
            <Precinct name="Courthouse" votes="1" />
            <Precinct name="Old Head Start" votes="1" />
            <Precinct name="Day's Cross Roads" votes="1" />
        </VoteType>
        <Choice key="10" text="YES" totalVotes="507">
            <VoteType name="Election Day" votes="191">
                <Precinct name="Bluffton" votes="26" />
                <Precinct name="Zetto" votes="33" />
                <Precinct name="Courthouse" votes="44" />
                <Precinct name="Old Head Start" votes="43" />
                <Precinct name="Day's Cross Roads" votes="45" />
            </VoteType>
            <VoteType name="Absentee by Mail" votes="42">
                <Precinct name="Bluffton" votes="11" />
                <Precinct name="Zetto" votes="4" />
                <Precinct name="Courthouse" votes="7" />
                <Precinct name="Old Head Start" votes="13" />
                <Precinct name="Day's Cross Roads" votes="7" />
            </VoteType>
            <VoteType name="Advance in Person" votes="272">
                <Precinct name="Bluffton" votes="42" />
                <Precinct name="Zetto" votes="39" />
                <Precinct name="Courthouse" votes="34" />
                <Precinct name="Old Head Start" votes="70" />
                <Precinct name="Day's Cross Roads" votes="87" />
            </VoteType>
            <VoteType name="Provisional" votes="2">
                <Precinct name="Bluffton" votes="0" />
                <Precinct name="Zetto" votes="2" />
                <Precinct name="Courthouse" votes="0" />
                <Precinct name="Old Head Start" votes="0" />
                <Precinct name="Day's Cross Roads" votes="0" />
            </VoteType>
        </Choice>
        <Choice key="20" text="NO" totalVotes="705">
            <VoteType name="Election Day" votes="319">
                <Precinct name="Bluffton" votes="59" />
                <Precinct name="Zetto" votes="70" />
                <Precinct name="Courthouse" votes="71" />
                <Precinct name="Old Head Start" votes="64" />
                <Precinct name="Day's Cross Roads" votes="55" />
            </VoteType>
            <VoteType name="Absentee by Mail" votes="54">
                <Precinct name="Bluffton" votes="8" />
                <Precinct name="Zetto" votes="16" />
                <Precinct name="Courthouse" votes="11" />
                <Precinct name="Old Head Start" votes="9" />
                <Precinct name="Day's Cross Roads" votes="10" />
            </VoteType>
            <VoteType name="Advance in Person" votes="331">
                <Precinct name="Bluffton" votes="72" />
                <Precinct name="Zetto" votes="65" />
                <Precinct name="Courthouse" votes="50" />
                <Precinct name="Old Head Start" votes="72" />
                <Precinct name="Day's Cross Roads" votes="72" />
            </VoteType>
            <VoteType name="Provisional" votes="1">
                <Precinct name="Bluffton" votes="0" />
                <Precinct name="Zetto" votes="0" />
                <Precinct name="Courthouse" votes="1" />
                <Precinct name="Old Head Start" votes="0" />
                <Precinct name="Day's Cross Roads" votes="0" />
            </VoteType>
        </Choice>
    </Contest>
    <Contest key="310" text="Constitutional Amendment #2&lt;br&gt;Authorizes penalties for sexual exploitation and assessments on adult entertainment to fund child victims' services." isQuestion="false" precinctsReporting="5" precinctsReported="5">
        <VoteType name="Number of Precincts for Race" votes="5">
            <Precinct name="Bluffton" votes="1" />
            <Precinct name="Zetto" votes="1" />
            <Precinct name="Courthouse" votes="1" />
            <Precinct name="Old Head Start" votes="1" />
            <Precinct name="Day's Cross Roads" votes="1" />
        </VoteType>
        <VoteType name="Number of Precincts Reporting" votes="5">
            <Precinct name="Bluffton" votes="1" />
            <Precinct name="Zetto" votes="1" />
            <Precinct name="Courthouse" votes="1" />
            <Precinct name="Old Head Start" votes="1" />
            <Precinct name="Day's Cross Roads" votes="1" />
        </VoteType>
        <Choice key="10" text="YES" totalVotes="935">
            <VoteType name="Election Day" votes="374">
                <Precinct name="Bluffton" votes="69" />
                <Precinct name="Zetto" votes="69" />
                <Precinct name="Courthouse" votes="81" />
                <Precinct name="Old Head Start" votes="81" />
                <Precinct name="Day's Cross Roads" votes="74" />
            </VoteType>
            <VoteType name="Absentee by Mail" votes="74">
                <Precinct name="Bluffton" votes="19" />
                <Precinct name="Zetto" votes="12" />
                <Precinct name="Courthouse" votes="14" />
                <Precinct name="Old Head Start" votes="16" />
                <Precinct name="Day's Cross Roads" votes="13" />
            </VoteType>
            <VoteType name="Advance in Person" votes="484">
                <Precinct name="Bluffton" votes="90" />
                <Precinct name="Zetto" votes="77" />
                <Precinct name="Courthouse" votes="67" />
                <Precinct name="Old Head Start" votes="119" />
                <Precinct name="Day's Cross Roads" votes="131" />
            </VoteType>
            <VoteType name="Provisional" votes="3">
                <Precinct name="Bluffton" votes="0" />
                <Precinct name="Zetto" votes="2" />
                <Precinct name="Courthouse" votes="1" />
                <Precinct name="Old Head Start" votes="0" />
                <Precinct name="Day's Cross Roads" votes="0" />
            </VoteType>
        </Choice>
        <Choice key="20" text="NO" totalVotes="261">
            <VoteType name="Election Day" votes="127">
                <Precinct name="Bluffton" votes="19" />
                <Precinct name="Zetto" votes="34" />
                <Precinct name="Courthouse" votes="30" />
                <Precinct name="Old Head Start" votes="23" />
                <Precinct name="Day's Cross Roads" votes="21" />
            </VoteType>
            <VoteType name="Absentee by Mail" votes="18">
                <Precinct name="Bluffton" votes="0" />
                <Precinct name="Zetto" votes="7" />
                <Precinct name="Courthouse" votes="4" />
                <Precinct name="Old Head Start" votes="4" />
                <Precinct name="Day's Cross Roads" votes="3" />
            </VoteType>
            <VoteType name="Advance in Person" votes="116">
                <Precinct name="Bluffton" votes="22" />
                <Precinct name="Zetto" votes="30" />
                <Precinct name="Courthouse" votes="14" />
                <Precinct name="Old Head Start" votes="23" />
                <Precinct name="Day's Cross Roads" votes="27" />
            </VoteType>
            <VoteType name="Provisional" votes="0">
                <Precinct name="Bluffton" votes="0" />
                <Precinct name="Zetto" votes="0" />
                <Precinct name="Courthouse" votes="0" />
                <Precinct name="Old Head Start" votes="0" />
                <Precinct name="Day's Cross Roads" votes="0" />
            </VoteType>
        </Choice>
    </Contest>
    <Contest key="320" text="Constitutional Amendment #3&lt;br&gt;Reforms and re-establishes the Judicial Qualifications Commission and provides for its composition, governance, and powers." isQuestion="false" precinctsReporting="5" precinctsReported="5">
        <VoteType name="Number of Precincts for Race" votes="5">
            <Precinct name="Bluffton" votes="1" />
            <Precinct name="Zetto" votes="1" />
            <Precinct name="Courthouse" votes="1" />
            <Precinct name="Old Head Start" votes="1" />
            <Precinct name="Day's Cross Roads" votes="1" />
        </VoteType>
        <VoteType name="Number of Precincts Reporting" votes="5">
            <Precinct name="Bluffton" votes="1" />
            <Precinct name="Zetto" votes="1" />
            <Precinct name="Courthouse" votes="1" />
            <Precinct name="Old Head Start" votes="1" />
            <Precinct name="Day's Cross Roads" votes="1" />
        </VoteType>
        <Choice key="10" text="YES" totalVotes="718">
            <VoteType name="Election Day" votes="310">
                <Precinct name="Bluffton" votes="53" />
                <Precinct name="Zetto" votes="54" />
                <Precinct name="Courthouse" votes="72" />
                <Precinct name="Old Head Start" votes="68" />
                <Precinct name="Day's Cross Roads" votes="63" />
            </VoteType>
            <VoteType name="Absentee by Mail" votes="70">
                <Precinct name="Bluffton" votes="16" />
                <Precinct name="Zetto" votes="10" />
                <Precinct name="Courthouse" votes="12" />
                <Precinct name="Old Head Start" votes="17" />
                <Precinct name="Day's Cross Roads" votes="15" />
            </VoteType>
            <VoteType name="Advance in Person" votes="337">
                <Precinct name="Bluffton" votes="55" />
                <Precinct name="Zetto" votes="53" />
                <Precinct name="Courthouse" votes="50" />
                <Precinct name="Old Head Start" votes="76" />
                <Precinct name="Day's Cross Roads" votes="103" />
            </VoteType>
            <VoteType name="Provisional" votes="1">
                <Precinct name="Bluffton" votes="0" />
                <Precinct name="Zetto" votes="1" />
                <Precinct name="Courthouse" votes="0" />
                <Precinct name="Old Head Start" votes="0" />
                <Precinct name="Day's Cross Roads" votes="0" />
            </VoteType>
        </Choice>
        <Choice key="20" text="NO" totalVotes="409">
            <VoteType name="Election Day" votes="167">
                <Precinct name="Bluffton" votes="31" />
                <Precinct name="Zetto" votes="43" />
                <Precinct name="Courthouse" votes="36" />
                <Precinct name="Old Head Start" votes="30" />
                <Precinct name="Day's Cross Roads" votes="27" />
            </VoteType>
            <VoteType name="Absentee by Mail" votes="20">
                <Precinct name="Bluffton" votes="2" />
                <Precinct name="Zetto" votes="9" />
                <Precinct name="Courthouse" votes="5" />
                <Precinct name="Old Head Start" votes="3" />
                <Precinct name="Day's Cross Roads" votes="1" />
            </VoteType>
            <VoteType name="Advance in Person" votes="220">
                <Precinct name="Bluffton" votes="50" />
                <Precinct name="Zetto" votes="39" />
                <Precinct name="Courthouse" votes="29" />
                <Precinct name="Old Head Start" votes="52" />
                <Precinct name="Day's Cross Roads" votes="50" />
            </VoteType>
            <VoteType name="Provisional" votes="2">
                <Precinct name="Bluffton" votes="0" />
                <Precinct name="Zetto" votes="1" />
                <Precinct name="Courthouse" votes="1" />
                <Precinct name="Old Head Start" votes="0" />
                <Precinct name="Day's Cross Roads" votes="0" />
            </VoteType>
        </Choice>
    </Contest>
    <Contest key="330" text="Constitutional Amendment #4&lt;br&gt;Dedicates revenue from existing taxes on fireworks to trauma care, fire services, and public safety." isQuestion="false" precinctsReporting="5" precinctsReported="5">
        <VoteType name="Number of Precincts for Race" votes="5">
            <Precinct name="Bluffton" votes="1" />
            <Precinct name="Zetto" votes="1" />
            <Precinct name="Courthouse" votes="1" />
            <Precinct name="Old Head Start" votes="1" />
            <Precinct name="Day's Cross Roads" votes="1" />
        </VoteType>
        <VoteType name="Number of Precincts Reporting" votes="5">
            <Precinct name="Bluffton" votes="1" />
            <Precinct name="Zetto" votes="1" />
            <Precinct name="Courthouse" votes="1" />
            <Precinct name="Old Head Start" votes="1" />
            <Precinct name="Day's Cross Roads" votes="1" />
        </VoteType>
        <Choice key="10" text="YES" totalVotes="912">
            <VoteType name="Election Day" votes="366">
                <Precinct name="Bluffton" votes="65" />
                <Precinct name="Zetto" votes="71" />
                <Precinct name="Courthouse" votes="77" />
                <Precinct name="Old Head Start" votes="80" />
                <Precinct name="Day's Cross Roads" votes="73" />
            </VoteType>
            <VoteType name="Absentee by Mail" votes="81">
                <Precinct name="Bluffton" votes="18" />
                <Precinct name="Zetto" votes="16" />
                <Precinct name="Courthouse" votes="16" />
                <Precinct name="Old Head Start" votes="16" />
                <Precinct name="Day's Cross Roads" votes="15" />
            </VoteType>
            <VoteType name="Advance in Person" votes="463">
                <Precinct name="Bluffton" votes="89" />
                <Precinct name="Zetto" votes="74" />
                <Precinct name="Courthouse" votes="65" />
                <Precinct name="Old Head Start" votes="114" />
                <Precinct name="Day's Cross Roads" votes="121" />
            </VoteType>
            <VoteType name="Provisional" votes="2">
                <Precinct name="Bluffton" votes="0" />
                <Precinct name="Zetto" votes="2" />
                <Precinct name="Courthouse" votes="0" />
                <Precinct name="Old Head Start" votes="0" />
                <Precinct name="Day's Cross Roads" votes="0" />
            </VoteType>
        </Choice>
        <Choice key="20" text="NO" totalVotes="267">
            <VoteType name="Election Day" votes="127">
                <Precinct name="Bluffton" votes="21" />
                <Precinct name="Zetto" votes="32" />
                <Precinct name="Courthouse" votes="32" />
                <Precinct name="Old Head Start" votes="21" />
                <Precinct name="Day's Cross Roads" votes="21" />
            </VoteType>
            <VoteType name="Absentee by Mail" votes="14">
                <Precinct name="Bluffton" votes="2" />
                <Precinct name="Zetto" votes="4" />
                <Precinct name="Courthouse" votes="2" />
                <Precinct name="Old Head Start" votes="4" />
                <Precinct name="Day's Cross Roads" votes="2" />
            </VoteType>
            <VoteType name="Advance in Person" votes="125">
                <Precinct name="Bluffton" votes="26" />
                <Precinct name="Zetto" votes="26" />
                <Precinct name="Courthouse" votes="18" />
                <Precinct name="Old Head Start" votes="22" />
                <Precinct name="Day's Cross Roads" votes="33" />
            </VoteType>
            <VoteType name="Provisional" votes="1">
                <Precinct name="Bluffton" votes="0" />
                <Precinct name="Zetto" votes="0" />
                <Precinct name="Courthouse" votes="1" />
                <Precinct name="Old Head Start" votes="0" />
                <Precinct name="Day's Cross Roads" votes="0" />
            </VoteType>
        </Choice>
    </Contest>
    <Contest key="500" text="SPECIAL - SPLOST Referendum" isQuestion="false" precinctsReporting="5" precinctsReported="5">
        <VoteType name="Number of Precincts for Race" votes="5">
            <Precinct name="Bluffton" votes="1" />
            <Precinct name="Zetto" votes="1" />
            <Precinct name="Courthouse" votes="1" />
            <Precinct name="Old Head Start" votes="1" />
            <Precinct name="Day's Cross Roads" votes="1" />
        </VoteType>
        <VoteType name="Number of Precincts Reporting" votes="5">
            <Precinct name="Bluffton" votes="1" />
            <Precinct name="Zetto" votes="1" />
            <Precinct name="Courthouse" votes="1" />
            <Precinct name="Old Head Start" votes="1" />
            <Precinct name="Day's Cross Roads" votes="1" />
        </VoteType>
        <Choice key="10" text="YES" totalVotes="737">
            <VoteType name="Election Day" votes="293">
                <Precinct name="Bluffton" votes="60" />
                <Precinct name="Zetto" votes="53" />
                <Precinct name="Courthouse" votes="68" />
                <Precinct name="Old Head Start" votes="57" />
                <Precinct name="Day's Cross Roads" votes="55" />
            </VoteType>
            <VoteType name="Absentee by Mail" votes="66">
                <Precinct name="Bluffton" votes="18" />
                <Precinct name="Zetto" votes="10" />
                <Precinct name="Courthouse" votes="14" />
                <Precinct name="Old Head Start" votes="10" />
                <Precinct name="Day's Cross Roads" votes="14" />
            </VoteType>
            <VoteType name="Advance in Person" votes="377">
                <Precinct name="Bluffton" votes="84" />
                <Precinct name="Zetto" votes="67" />
                <Precinct name="Courthouse" votes="51" />
                <Precinct name="Old Head Start" votes="90" />
                <Precinct name="Day's Cross Roads" votes="85" />
            </VoteType>
            <VoteType name="Provisional" votes="1">
                <Precinct name="Bluffton" votes="0" />
                <Precinct name="Zetto" votes="1" />
                <Precinct name="Courthouse" votes="0" />
                <Precinct name="Old Head Start" votes="0" />
                <Precinct name="Day's Cross Roads" votes="0" />
            </VoteType>
        </Choice>
        <Choice key="20" text="NO" totalVotes="473">
            <VoteType name="Election Day" votes="213">
                <Precinct name="Bluffton" votes="28" />
                <Precinct name="Zetto" votes="48" />
                <Precinct name="Courthouse" votes="46" />
                <Precinct name="Old Head Start" votes="49" />
                <Precinct name="Day's Cross Roads" votes="42" />
            </VoteType>
            <VoteType name="Absentee by Mail" votes="29">
                <Precinct name="Bluffton" votes="2" />
                <Precinct name="Zetto" votes="10" />
                <Precinct name="Courthouse" votes="4" />
                <Precinct name="Old Head Start" votes="10" />
                <Precinct name="Day's Cross Roads" votes="3" />
            </VoteType>
            <VoteType name="Advance in Person" votes="229">
                <Precinct name="Bluffton" votes="33" />
                <Precinct name="Zetto" votes="36" />
                <Precinct name="Courthouse" votes="34" />
                <Precinct name="Old Head Start" votes="52" />
                <Precinct name="Day's Cross Roads" votes="74" />
            </VoteType>
            <VoteType name="Provisional" votes="2">
                <Precinct name="Bluffton" votes="0" />
                <Precinct name="Zetto" votes="1" />
                <Precinct name="Courthouse" votes="1" />
                <Precinct name="Old Head Start" votes="0" />
                <Precinct name="Day's Cross Roads" votes="0" />
            </VoteType>
        </Choice>
    </Contest>
</ElectionResult>