<?xml version="1.0"?>
<!--Election result snapshot imported from Tabulation System
-->
<ElectionResult>
    <Timestamp>11/14/2016 5:49:34 PM EST</Timestamp>
    <ElectionName>November 8, 2016 - General Election</ElectionName>
    <ElectionDate>11/8/2016</ElectionDate>
    <Region>Dooly</Region>
    <VoterTurnout totalVoters="5295" ballotsCast="3888" voterTurnout="73.43">
        <Precincts>
            <Precinct name="LILLY" totalVoters="480" ballotsCast="342" voterTurnout="71.25" percentReporting="4" />
            <Precinct name="BYROMVILLE" totalVoters="588" ballotsCast="451" voterTurnout="76.70" percentReporting="4" />
            <Precinct name="UNADILLA" totalVoters="1433" ballotsCast="1047" voterTurnout="73.06" percentReporting="4" />
            <Precinct name="VIENNA" totalVoters="2365" ballotsCast="1690" voterTurnout="71.46" percentReporting="4" />
            <Precinct name="PINEHURST" totalVoters="429" ballotsCast="358" voterTurnout="83.45" percentReporting="4" />
        </Precincts>
    </VoterTurnout>
    <Contest key="5" text="President of the United States" isQuestion="false" precinctsReporting="5" precinctsReported="5">
        <VoteType name="Number of Precincts for Race" votes="5">
            <Precinct name="LILLY" votes="1" />
            <Precinct name="BYROMVILLE" votes="1" />
            <Precinct name="UNADILLA" votes="1" />
            <Precinct name="VIENNA" votes="1" />
            <Precinct name="PINEHURST" votes="1" />
        </VoteType>
        <VoteType name="Number of Precincts Reporting" votes="5">
            <Precinct name="LILLY" votes="1" />
            <Precinct name="BYROMVILLE" votes="1" />
            <Precinct name="UNADILLA" votes="1" />
            <Precinct name="VIENNA" votes="1" />
            <Precinct name="PINEHURST" votes="1" />
        </VoteType>
        <Choice key="10" text="DONALD J. TRUMP" totalVotes="1951">
            <VoteType name="Election Day" votes="815">
                <Precinct name="LILLY" votes="83" />
                <Precinct name="BYROMVILLE" votes="136" />
                <Precinct name="UNADILLA" votes="265" />
                <Precinct name="VIENNA" votes="182" />
                <Precinct name="PINEHURST" votes="149" />
            </VoteType>
            <VoteType name="Absentee by Mail" votes="68">
                <Precinct name="LILLY" votes="1" />
                <Precinct name="BYROMVILLE" votes="5" />
                <Precinct name="UNADILLA" votes="22" />
                <Precinct name="VIENNA" votes="35" />
                <Precinct name="PINEHURST" votes="5" />
            </VoteType>
            <VoteType name="Advance in Person" votes="1059">
                <Precinct name="LILLY" votes="75" />
                <Precinct name="BYROMVILLE" votes="71" />
                <Precinct name="UNADILLA" votes="207" />
                <Precinct name="VIENNA" votes="612" />
                <Precinct name="PINEHURST" votes="94" />
            </VoteType>
            <VoteType name="Provisional" votes="9">
                <Precinct name="LILLY" votes="2" />
                <Precinct name="BYROMVILLE" votes="0" />
                <Precinct name="UNADILLA" votes="7" />
                <Precinct name="VIENNA" votes="0" />
                <Precinct name="PINEHURST" votes="0" />
            </VoteType>
        </Choice>
        <Choice key="20" text="HILLARY CLINTON" totalVotes="1872">
            <VoteType name="Election Day" votes="1026">
                <Precinct name="LILLY" votes="106" />
                <Precinct name="BYROMVILLE" votes="164" />
                <Precinct name="UNADILLA" votes="350" />
                <Precinct name="VIENNA" votes="342" />
                <Precinct name="PINEHURST" votes="64" />
            </VoteType>
            <VoteType name="Absentee by Mail" votes="109">
                <Precinct name="LILLY" votes="9" />
                <Precinct name="BYROMVILLE" votes="23" />
                <Precinct name="UNADILLA" votes="34" />
                <Precinct name="VIENNA" votes="38" />
                <Precinct name="PINEHURST" votes="5" />
            </VoteType>
            <VoteType name="Advance in Person" votes="728">
                <Precinct name="LILLY" votes="57" />
                <Precinct name="BYROMVILLE" votes="45" />
                <Precinct name="UNADILLA" votes="135" />
                <Precinct name="VIENNA" votes="459" />
                <Precinct name="PINEHURST" votes="32" />
            </VoteType>
            <VoteType name="Provisional" votes="9">
                <Precinct name="LILLY" votes="3" />
                <Precinct name="BYROMVILLE" votes="1" />
                <Precinct name="UNADILLA" votes="2" />
                <Precinct name="VIENNA" votes="1" />
                <Precinct name="PINEHURST" votes="2" />
            </VoteType>
        </Choice>
        <Choice key="30" text="GARY JOHNSON" totalVotes="36">
            <VoteType name="Election Day" votes="19">
                <Precinct name="LILLY" votes="3" />
                <Precinct name="BYROMVILLE" votes="2" />
                <Precinct name="UNADILLA" votes="6" />
                <Precinct name="VIENNA" votes="5" />
                <Precinct name="PINEHURST" votes="3" />
            </VoteType>
            <VoteType name="Absentee by Mail" votes="4">
                <Precinct name="LILLY" votes="0" />
                <Precinct name="BYROMVILLE" votes="0" />
                <Precinct name="UNADILLA" votes="2" />
                <Precinct name="VIENNA" votes="1" />
                <Precinct name="PINEHURST" votes="1" />
            </VoteType>
            <VoteType name="Advance in Person" votes="12">
                <Precinct name="LILLY" votes="1" />
                <Precinct name="BYROMVILLE" votes="2" />
                <Precinct name="UNADILLA" votes="2" />
                <Precinct name="VIENNA" votes="6" />
                <Precinct name="PINEHURST" votes="1" />
            </VoteType>
            <VoteType name="Provisional" votes="1">
                <Precinct name="LILLY" votes="0" />
                <Precinct name="BYROMVILLE" votes="0" />
                <Precinct name="UNADILLA" votes="1" />
                <Precinct name="VIENNA" votes="0" />
                <Precinct name="PINEHURST" votes="0" />
            </VoteType>
        </Choice>
    </Contest>
    <Contest key="10" text="United States Senator, Isakson" isQuestion="false" precinctsReporting="5" precinctsReported="5">
        <VoteType name="Number of Precincts for Race" votes="5">
            <Precinct name="LILLY" votes="1" />
            <Precinct name="BYROMVILLE" votes="1" />
            <Precinct name="UNADILLA" votes="1" />
            <Precinct name="VIENNA" votes="1" />
            <Precinct name="PINEHURST" votes="1" />
        </VoteType>
        <VoteType name="Number of Precincts Reporting" votes="5">
            <Precinct name="LILLY" votes="1" />
            <Precinct name="BYROMVILLE" votes="1" />
            <Precinct name="UNADILLA" votes="1" />
            <Precinct name="VIENNA" votes="1" />
            <Precinct name="PINEHURST" votes="1" />
        </VoteType>
        <Choice key="10" text="JOHNNY ISAKSON (I)" totalVotes="2022">
            <VoteType name="Election Day" votes="851">
                <Precinct name="LILLY" votes="82" />
                <Precinct name="BYROMVILLE" votes="137" />
                <Precinct name="UNADILLA" votes="284" />
                <Precinct name="VIENNA" votes="203" />
                <Precinct name="PINEHURST" votes="145" />
            </VoteType>
            <VoteType name="Absentee by Mail" votes="81">
                <Precinct name="LILLY" votes="1" />
                <Precinct name="BYROMVILLE" votes="4" />
                <Precinct name="UNADILLA" votes="31" />
                <Precinct name="VIENNA" votes="37" />
                <Precinct name="PINEHURST" votes="8" />
            </VoteType>
            <VoteType name="Advance in Person" votes="1082">
                <Precinct name="LILLY" votes="78" />
                <Precinct name="BYROMVILLE" votes="72" />
                <Precinct name="UNADILLA" votes="203" />
                <Precinct name="VIENNA" votes="633" />
                <Precinct name="PINEHURST" votes="96" />
            </VoteType>
            <VoteType name="Provisional" votes="8">
                <Precinct name="LILLY" votes="2" />
                <Precinct name="BYROMVILLE" votes="0" />
                <Precinct name="UNADILLA" votes="6" />
                <Precinct name="VIENNA" votes="0" />
                <Precinct name="PINEHURST" votes="0" />
            </VoteType>
        </Choice>
        <Choice key="20" text="JIM BARKSDALE" totalVotes="1441">
            <VoteType name="Election Day" votes="788">
                <Precinct name="LILLY" votes="81" />
                <Precinct name="BYROMVILLE" votes="129" />
                <Precinct name="UNADILLA" votes="272" />
                <Precinct name="VIENNA" votes="258" />
                <Precinct name="PINEHURST" votes="48" />
            </VoteType>
            <VoteType name="Absentee by Mail" votes="90">
                <Precinct name="LILLY" votes="9" />
                <Precinct name="BYROMVILLE" votes="20" />
                <Precinct name="UNADILLA" votes="24" />
                <Precinct name="VIENNA" votes="33" />
                <Precinct name="PINEHURST" votes="4" />
            </VoteType>
            <VoteType name="Advance in Person" votes="554">
                <Precinct name="LILLY" votes="42" />
                <Precinct name="BYROMVILLE" votes="35" />
                <Precinct name="UNADILLA" votes="111" />
                <Precinct name="VIENNA" votes="342" />
                <Precinct name="PINEHURST" votes="24" />
            </VoteType>
            <VoteType name="Provisional" votes="9">
                <Precinct name="LILLY" votes="3" />
                <Precinct name="BYROMVILLE" votes="1" />
                <Precinct name="UNADILLA" votes="3" />
                <Precinct name="VIENNA" votes="0" />
                <Precinct name="PINEHURST" votes="2" />
            </VoteType>
        </Choice>
        <Choice key="30" text="ALLEN BUCKLEY" totalVotes="70">
            <VoteType name="Election Day" votes="38">
                <Precinct name="LILLY" votes="4" />
                <Precinct name="BYROMVILLE" votes="4" />
                <Precinct name="UNADILLA" votes="12" />
                <Precinct name="VIENNA" votes="13" />
                <Precinct name="PINEHURST" votes="5" />
            </VoteType>
            <VoteType name="Absentee by Mail" votes="1">
                <Precinct name="LILLY" votes="0" />
                <Precinct name="BYROMVILLE" votes="0" />
                <Precinct name="UNADILLA" votes="0" />
                <Precinct name="VIENNA" votes="1" />
                <Precinct name="PINEHURST" votes="0" />
            </VoteType>
            <VoteType name="Advance in Person" votes="30">
                <Precinct name="LILLY" votes="1" />
                <Precinct name="BYROMVILLE" votes="3" />
                <Precinct name="UNADILLA" votes="12" />
                <Precinct name="VIENNA" votes="12" />
                <Precinct name="PINEHURST" votes="2" />
            </VoteType>
            <VoteType name="Provisional" votes="1">
                <Precinct name="LILLY" votes="0" />
                <Precinct name="BYROMVILLE" votes="0" />
                <Precinct name="UNADILLA" votes="0" />
                <Precinct name="VIENNA" votes="1" />
                <Precinct name="PINEHURST" votes="0" />
            </VoteType>
        </Choice>
    </Contest>
    <Contest key="30" text="Public Service Commission, District 2 - Eastern" isQuestion="false" precinctsReporting="5" precinctsReported="5">
        <VoteType name="Number of Precincts for Race" votes="5">
            <Precinct name="LILLY" votes="1" />
            <Precinct name="BYROMVILLE" votes="1" />
            <Precinct name="UNADILLA" votes="1" />
            <Precinct name="VIENNA" votes="1" />
            <Precinct name="PINEHURST" votes="1" />
        </VoteType>
        <VoteType name="Number of Precincts Reporting" votes="5">
            <Precinct name="LILLY" votes="1" />
            <Precinct name="BYROMVILLE" votes="1" />
            <Precinct name="UNADILLA" votes="1" />
            <Precinct name="VIENNA" votes="1" />
            <Precinct name="PINEHURST" votes="1" />
        </VoteType>
        <Choice key="20" text="TIM ECHOLS (I)" totalVotes="2103">
            <VoteType name="Election Day" votes="904">
                <Precinct name="LILLY" votes="91" />
                <Precinct name="BYROMVILLE" votes="147" />
                <Precinct name="UNADILLA" votes="291" />
                <Precinct name="VIENNA" votes="232" />
                <Precinct name="PINEHURST" votes="143" />
            </VoteType>
            <VoteType name="Absentee by Mail" votes="89">
                <Precinct name="LILLY" votes="4" />
                <Precinct name="BYROMVILLE" votes="4" />
                <Precinct name="UNADILLA" votes="29" />
                <Precinct name="VIENNA" votes="44" />
                <Precinct name="PINEHURST" votes="8" />
            </VoteType>
            <VoteType name="Advance in Person" votes="1101">
                <Precinct name="LILLY" votes="77" />
                <Precinct name="BYROMVILLE" votes="72" />
                <Precinct name="UNADILLA" votes="209" />
                <Precinct name="VIENNA" votes="643" />
                <Precinct name="PINEHURST" votes="100" />
            </VoteType>
            <VoteType name="Provisional" votes="9">
                <Precinct name="LILLY" votes="2" />
                <Precinct name="BYROMVILLE" votes="0" />
                <Precinct name="UNADILLA" votes="6" />
                <Precinct name="VIENNA" votes="1" />
                <Precinct name="PINEHURST" votes="0" />
            </VoteType>
        </Choice>
        <Choice key="30" text="ERIC HOSKINS" totalVotes="913">
            <VoteType name="Election Day" votes="513">
                <Precinct name="LILLY" votes="58" />
                <Precinct name="BYROMVILLE" votes="72" />
                <Precinct name="UNADILLA" votes="171" />
                <Precinct name="VIENNA" votes="179" />
                <Precinct name="PINEHURST" votes="33" />
            </VoteType>
            <VoteType name="Absentee by Mail" votes="54">
                <Precinct name="LILLY" votes="6" />
                <Precinct name="BYROMVILLE" votes="14" />
                <Precinct name="UNADILLA" votes="14" />
                <Precinct name="VIENNA" votes="19" />
                <Precinct name="PINEHURST" votes="1" />
            </VoteType>
            <VoteType name="Advance in Person" votes="340">
                <Precinct name="LILLY" votes="27" />
                <Precinct name="BYROMVILLE" votes="20" />
                <Precinct name="UNADILLA" votes="69" />
                <Precinct name="VIENNA" votes="211" />
                <Precinct name="PINEHURST" votes="13" />
            </VoteType>
            <VoteType name="Provisional" votes="6">
                <Precinct name="LILLY" votes="2" />
                <Precinct name="BYROMVILLE" votes="1" />
                <Precinct name="UNADILLA" votes="2" />
                <Precinct name="VIENNA" votes="0" />
                <Precinct name="PINEHURST" votes="1" />
            </VoteType>
        </Choice>
    </Contest>
    <Contest key="50" text="U.S. Representative, District 2" isQuestion="false" precinctsReporting="5" precinctsReported="5">
        <VoteType name="Number of Precincts for Race" votes="5">
            <Precinct name="LILLY" votes="1" />
            <Precinct name="BYROMVILLE" votes="1" />
            <Precinct name="UNADILLA" votes="1" />
            <Precinct name="VIENNA" votes="1" />
            <Precinct name="PINEHURST" votes="1" />
        </VoteType>
        <VoteType name="Number of Precincts Reporting" votes="5">
            <Precinct name="LILLY" votes="1" />
            <Precinct name="BYROMVILLE" votes="1" />
            <Precinct name="UNADILLA" votes="1" />
            <Precinct name="VIENNA" votes="1" />
            <Precinct name="PINEHURST" votes="1" />
        </VoteType>
        <Choice key="10" text="GREG DUKE" totalVotes="1490">
            <VoteType name="Election Day" votes="642">
                <Precinct name="LILLY" votes="67" />
                <Precinct name="BYROMVILLE" votes="102" />
                <Precinct name="UNADILLA" votes="212" />
                <Precinct name="VIENNA" votes="145" />
                <Precinct name="PINEHURST" votes="116" />
            </VoteType>
            <VoteType name="Absentee by Mail" votes="48">
                <Precinct name="LILLY" votes="0" />
                <Precinct name="BYROMVILLE" votes="2" />
                <Precinct name="UNADILLA" votes="16" />
                <Precinct name="VIENNA" votes="25" />
                <Precinct name="PINEHURST" votes="5" />
            </VoteType>
            <VoteType name="Advance in Person" votes="797">
                <Precinct name="LILLY" votes="52" />
                <Precinct name="BYROMVILLE" votes="55" />
                <Precinct name="UNADILLA" votes="177" />
                <Precinct name="VIENNA" votes="447" />
                <Precinct name="PINEHURST" votes="66" />
            </VoteType>
            <VoteType name="Provisional" votes="3">
                <Precinct name="LILLY" votes="0" />
                <Precinct name="BYROMVILLE" votes="0" />
                <Precinct name="UNADILLA" votes="3" />
                <Precinct name="VIENNA" votes="0" />
                <Precinct name="PINEHURST" votes="0" />
            </VoteType>
        </Choice>
        <Choice key="20" text="SANFORD BISHOP (I)" totalVotes="2172">
            <VoteType name="Election Day" votes="1112">
                <Precinct name="LILLY" votes="114" />
                <Precinct name="BYROMVILLE" votes="184" />
                <Precinct name="UNADILLA" votes="372" />
                <Precinct name="VIENNA" votes="348" />
                <Precinct name="PINEHURST" votes="94" />
            </VoteType>
            <VoteType name="Absentee by Mail" votes="128">
                <Precinct name="LILLY" votes="10" />
                <Precinct name="BYROMVILLE" votes="23" />
                <Precinct name="UNADILLA" votes="43" />
                <Precinct name="VIENNA" votes="44" />
                <Precinct name="PINEHURST" votes="8" />
            </VoteType>
            <VoteType name="Advance in Person" votes="919">
                <Precinct name="LILLY" votes="75" />
                <Precinct name="BYROMVILLE" votes="57" />
                <Precinct name="UNADILLA" votes="155" />
                <Precinct name="VIENNA" votes="575" />
                <Precinct name="PINEHURST" votes="57" />
            </VoteType>
            <VoteType name="Provisional" votes="13">
                <Precinct name="LILLY" votes="4" />
                <Precinct name="BYROMVILLE" votes="1" />
                <Precinct name="UNADILLA" votes="5" />
                <Precinct name="VIENNA" votes="1" />
                <Precinct name="PINEHURST" votes="2" />
            </VoteType>
        </Choice>
    </Contest>
    <Contest key="70" text="State Senator, District 13" isQuestion="false" precinctsReporting="5" precinctsReported="5">
        <VoteType name="Number of Precincts for Race" votes="5">
            <Precinct name="LILLY" votes="1" />
            <Precinct name="BYROMVILLE" votes="1" />
            <Precinct name="UNADILLA" votes="1" />
            <Precinct name="VIENNA" votes="1" />
            <Precinct name="PINEHURST" votes="1" />
        </VoteType>
        <VoteType name="Number of Precincts Reporting" votes="5">
            <Precinct name="LILLY" votes="1" />
            <Precinct name="BYROMVILLE" votes="1" />
            <Precinct name="UNADILLA" votes="1" />
            <Precinct name="VIENNA" votes="1" />
            <Precinct name="PINEHURST" votes="1" />
        </VoteType>
        <Choice key="10" text="GREG KIRK (I)" totalVotes="1972">
            <VoteType name="Election Day" votes="835">
                <Precinct name="LILLY" votes="94" />
                <Precinct name="BYROMVILLE" votes="135" />
                <Precinct name="UNADILLA" votes="257" />
                <Precinct name="VIENNA" votes="201" />
                <Precinct name="PINEHURST" votes="148" />
            </VoteType>
            <VoteType name="Absentee by Mail" votes="76">
                <Precinct name="LILLY" votes="1" />
                <Precinct name="BYROMVILLE" votes="3" />
                <Precinct name="UNADILLA" votes="27" />
                <Precinct name="VIENNA" votes="38" />
                <Precinct name="PINEHURST" votes="7" />
            </VoteType>
            <VoteType name="Advance in Person" votes="1055">
                <Precinct name="LILLY" votes="71" />
                <Precinct name="BYROMVILLE" votes="66" />
                <Precinct name="UNADILLA" votes="206" />
                <Precinct name="VIENNA" votes="616" />
                <Precinct name="PINEHURST" votes="96" />
            </VoteType>
            <VoteType name="Provisional" votes="6">
                <Precinct name="LILLY" votes="1" />
                <Precinct name="BYROMVILLE" votes="0" />
                <Precinct name="UNADILLA" votes="5" />
                <Precinct name="VIENNA" votes="0" />
                <Precinct name="PINEHURST" votes="0" />
            </VoteType>
        </Choice>
        <Choice key="20" text="RUENETTE MELTON" totalVotes="1536">
            <VoteType name="Election Day" votes="835">
                <Precinct name="LILLY" votes="78" />
                <Precinct name="BYROMVILLE" votes="136" />
                <Precinct name="UNADILLA" votes="290" />
                <Precinct name="VIENNA" votes="278" />
                <Precinct name="PINEHURST" votes="53" />
            </VoteType>
            <VoteType name="Absentee by Mail" votes="89">
                <Precinct name="LILLY" votes="9" />
                <Precinct name="BYROMVILLE" votes="21" />
                <Precinct name="UNADILLA" votes="24" />
                <Precinct name="VIENNA" votes="29" />
                <Precinct name="PINEHURST" votes="6" />
            </VoteType>
            <VoteType name="Advance in Person" votes="601">
                <Precinct name="LILLY" votes="50" />
                <Precinct name="BYROMVILLE" votes="35" />
                <Precinct name="UNADILLA" votes="117" />
                <Precinct name="VIENNA" votes="372" />
                <Precinct name="PINEHURST" votes="27" />
            </VoteType>
            <VoteType name="Provisional" votes="11">
                <Precinct name="LILLY" votes="3" />
                <Precinct name="BYROMVILLE" votes="1" />
                <Precinct name="UNADILLA" votes="4" />
                <Precinct name="VIENNA" votes="1" />
                <Precinct name="PINEHURST" votes="2" />
            </VoteType>
        </Choice>
    </Contest>
    <Contest key="100" text="State Representative, District 139" isQuestion="false" precinctsReporting="5" precinctsReported="5">
        <VoteType name="Number of Precincts for Race" votes="5">
            <Precinct name="LILLY" votes="1" />
            <Precinct name="BYROMVILLE" votes="1" />
            <Precinct name="UNADILLA" votes="1" />
            <Precinct name="VIENNA" votes="1" />
            <Precinct name="PINEHURST" votes="1" />
        </VoteType>
        <VoteType name="Number of Precincts Reporting" votes="5">
            <Precinct name="LILLY" votes="1" />
            <Precinct name="BYROMVILLE" votes="1" />
            <Precinct name="UNADILLA" votes="1" />
            <Precinct name="VIENNA" votes="1" />
            <Precinct name="PINEHURST" votes="1" />
        </VoteType>
        <Choice key="10" text="PATTY J. BENTLEY (I) (DEM)" totalVotes="2885">
            <VoteType name="Election Day" votes="1421">
                <Precinct name="LILLY" votes="147" />
                <Precinct name="BYROMVILLE" votes="234" />
                <Precinct name="UNADILLA" votes="476" />
                <Precinct name="VIENNA" votes="418" />
                <Precinct name="PINEHURST" votes="146" />
            </VoteType>
            <VoteType name="Absentee by Mail" votes="134">
                <Precinct name="LILLY" votes="9" />
                <Precinct name="BYROMVILLE" votes="23" />
                <Precinct name="UNADILLA" votes="39" />
                <Precinct name="VIENNA" votes="52" />
                <Precinct name="PINEHURST" votes="11" />
            </VoteType>
            <VoteType name="Advance in Person" votes="1314">
                <Precinct name="LILLY" votes="94" />
                <Precinct name="BYROMVILLE" votes="81" />
                <Precinct name="UNADILLA" votes="253" />
                <Precinct name="VIENNA" votes="786" />
                <Precinct name="PINEHURST" votes="100" />
            </VoteType>
            <VoteType name="Provisional" votes="16">
                <Precinct name="LILLY" votes="4" />
                <Precinct name="BYROMVILLE" votes="1" />
                <Precinct name="UNADILLA" votes="8" />
                <Precinct name="VIENNA" votes="1" />
                <Precinct name="PINEHURST" votes="2" />
            </VoteType>
        </Choice>
    </Contest>
    <Contest key="110" text="District Attorney, Cordele Circuit" isQuestion="false" precinctsReporting="5" precinctsReported="5">
        <VoteType name="Number of Precincts for Race" votes="5">
            <Precinct name="LILLY" votes="1" />
            <Precinct name="BYROMVILLE" votes="1" />
            <Precinct name="UNADILLA" votes="1" />
            <Precinct name="VIENNA" votes="1" />
            <Precinct name="PINEHURST" votes="1" />
        </VoteType>
        <VoteType name="Number of Precincts Reporting" votes="5">
            <Precinct name="LILLY" votes="1" />
            <Precinct name="BYROMVILLE" votes="1" />
            <Precinct name="UNADILLA" votes="1" />
            <Precinct name="VIENNA" votes="1" />
            <Precinct name="PINEHURST" votes="1" />
        </VoteType>
        <Choice key="10" text="BRADFORD L RIGBY" totalVotes="2654">
            <VoteType name="Election Day" votes="1238">
                <Precinct name="LILLY" votes="130" />
                <Precinct name="BYROMVILLE" votes="182" />
                <Precinct name="UNADILLA" votes="406" />
                <Precinct name="VIENNA" votes="375" />
                <Precinct name="PINEHURST" votes="145" />
            </VoteType>
            <VoteType name="Absentee by Mail" votes="128">
                <Precinct name="LILLY" votes="9" />
                <Precinct name="BYROMVILLE" votes="13" />
                <Precinct name="UNADILLA" votes="36" />
                <Precinct name="VIENNA" votes="58" />
                <Precinct name="PINEHURST" votes="12" />
            </VoteType>
            <VoteType name="Advance in Person" votes="1274">
                <Precinct name="LILLY" votes="95" />
                <Precinct name="BYROMVILLE" votes="78" />
                <Precinct name="UNADILLA" votes="239" />
                <Precinct name="VIENNA" votes="759" />
                <Precinct name="PINEHURST" votes="103" />
            </VoteType>
            <VoteType name="Provisional" votes="14">
                <Precinct name="LILLY" votes="4" />
                <Precinct name="BYROMVILLE" votes="1" />
                <Precinct name="UNADILLA" votes="7" />
                <Precinct name="VIENNA" votes="1" />
                <Precinct name="PINEHURST" votes="1" />
            </VoteType>
        </Choice>
    </Contest>
    <Contest key="120" text="JUDGE PROBATE CT" isQuestion="false" precinctsReporting="5" precinctsReported="5">
        <VoteType name="Number of Precincts for Race" votes="5">
            <Precinct name="LILLY" votes="1" />
            <Precinct name="BYROMVILLE" votes="1" />
            <Precinct name="UNADILLA" votes="1" />
            <Precinct name="VIENNA" votes="1" />
            <Precinct name="PINEHURST" votes="1" />
        </VoteType>
        <VoteType name="Number of Precincts Reporting" votes="5">
            <Precinct name="LILLY" votes="1" />
            <Precinct name="BYROMVILLE" votes="1" />
            <Precinct name="UNADILLA" votes="1" />
            <Precinct name="VIENNA" votes="1" />
            <Precinct name="PINEHURST" votes="1" />
        </VoteType>
        <Choice key="10" text="R. BOWEN III (I) D" totalVotes="3323">
            <VoteType name="Election Day" votes="1592">
                <Precinct name="LILLY" votes="162" />
                <Precinct name="BYROMVILLE" votes="258" />
                <Precinct name="UNADILLA" votes="525" />
                <Precinct name="VIENNA" votes="464" />
                <Precinct name="PINEHURST" votes="183" />
            </VoteType>
            <VoteType name="Absentee by Mail" votes="154">
                <Precinct name="LILLY" votes="10" />
                <Precinct name="BYROMVILLE" votes="22" />
                <Precinct name="UNADILLA" votes="51" />
                <Precinct name="VIENNA" votes="58" />
                <Precinct name="PINEHURST" votes="13" />
            </VoteType>
            <VoteType name="Advance in Person" votes="1561">
                <Precinct name="LILLY" votes="119" />
                <Precinct name="BYROMVILLE" votes="93" />
                <Precinct name="UNADILLA" votes="304" />
                <Precinct name="VIENNA" votes="929" />
                <Precinct name="PINEHURST" votes="116" />
            </VoteType>
            <VoteType name="Provisional" votes="16">
                <Precinct name="LILLY" votes="3" />
                <Precinct name="BYROMVILLE" votes="1" />
                <Precinct name="UNADILLA" votes="9" />
                <Precinct name="VIENNA" votes="1" />
                <Precinct name="PINEHURST" votes="2" />
            </VoteType>
        </Choice>
    </Contest>
    <Contest key="140" text="CLERK SUPERIOR CT" isQuestion="false" precinctsReporting="5" precinctsReported="5">
        <VoteType name="Number of Precincts for Race" votes="5">
            <Precinct name="LILLY" votes="1" />
            <Precinct name="BYROMVILLE" votes="1" />
            <Precinct name="UNADILLA" votes="1" />
            <Precinct name="VIENNA" votes="1" />
            <Precinct name="PINEHURST" votes="1" />
        </VoteType>
        <VoteType name="Number of Precincts Reporting" votes="5">
            <Precinct name="LILLY" votes="1" />
            <Precinct name="BYROMVILLE" votes="1" />
            <Precinct name="UNADILLA" votes="1" />
            <Precinct name="VIENNA" votes="1" />
            <Precinct name="PINEHURST" votes="1" />
        </VoteType>
        <Choice key="10" text="R. F. CHILDS (D)" totalVotes="3173">
            <VoteType name="Election Day" votes="1545">
                <Precinct name="LILLY" votes="158" />
                <Precinct name="BYROMVILLE" votes="243" />
                <Precinct name="UNADILLA" votes="524" />
                <Precinct name="VIENNA" votes="451" />
                <Precinct name="PINEHURST" votes="169" />
            </VoteType>
            <VoteType name="Absentee by Mail" votes="144">
                <Precinct name="LILLY" votes="9" />
                <Precinct name="BYROMVILLE" votes="22" />
                <Precinct name="UNADILLA" votes="49" />
                <Precinct name="VIENNA" votes="53" />
                <Precinct name="PINEHURST" votes="11" />
            </VoteType>
            <VoteType name="Advance in Person" votes="1467">
                <Precinct name="LILLY" votes="103" />
                <Precinct name="BYROMVILLE" votes="90" />
                <Precinct name="UNADILLA" votes="285" />
                <Precinct name="VIENNA" votes="879" />
                <Precinct name="PINEHURST" votes="110" />
            </VoteType>
            <VoteType name="Provisional" votes="17">
                <Precinct name="LILLY" votes="4" />
                <Precinct name="BYROMVILLE" votes="1" />
                <Precinct name="UNADILLA" votes="9" />
                <Precinct name="VIENNA" votes="1" />
                <Precinct name="PINEHURST" votes="2" />
            </VoteType>
        </Choice>
    </Contest>
    <Contest key="160" text="SHERIFF" isQuestion="false" precinctsReporting="5" precinctsReported="5">
        <VoteType name="Number of Precincts for Race" votes="5">
            <Precinct name="LILLY" votes="1" />
            <Precinct name="BYROMVILLE" votes="1" />
            <Precinct name="UNADILLA" votes="1" />
            <Precinct name="VIENNA" votes="1" />
            <Precinct name="PINEHURST" votes="1" />
        </VoteType>
        <VoteType name="Number of Precincts Reporting" votes="5">
            <Precinct name="LILLY" votes="1" />
            <Precinct name="BYROMVILLE" votes="1" />
            <Precinct name="UNADILLA" votes="1" />
            <Precinct name="VIENNA" votes="1" />
            <Precinct name="PINEHURST" votes="1" />
        </VoteType>
        <Choice key="10" text="C. PEAVY (I) D" totalVotes="3395">
            <VoteType name="Election Day" votes="1630">
                <Precinct name="LILLY" votes="167" />
                <Precinct name="BYROMVILLE" votes="258" />
                <Precinct name="UNADILLA" votes="540" />
                <Precinct name="VIENNA" votes="471" />
                <Precinct name="PINEHURST" votes="194" />
            </VoteType>
            <VoteType name="Absentee by Mail" votes="160">
                <Precinct name="LILLY" votes="10" />
                <Precinct name="BYROMVILLE" votes="21" />
                <Precinct name="UNADILLA" votes="52" />
                <Precinct name="VIENNA" votes="64" />
                <Precinct name="PINEHURST" votes="13" />
            </VoteType>
            <VoteType name="Advance in Person" votes="1588">
                <Precinct name="LILLY" votes="116" />
                <Precinct name="BYROMVILLE" votes="95" />
                <Precinct name="UNADILLA" votes="307" />
                <Precinct name="VIENNA" votes="951" />
                <Precinct name="PINEHURST" votes="119" />
            </VoteType>
            <VoteType name="Provisional" votes="17">
                <Precinct name="LILLY" votes="4" />
                <Precinct name="BYROMVILLE" votes="1" />
                <Precinct name="UNADILLA" votes="9" />
                <Precinct name="VIENNA" votes="1" />
                <Precinct name="PINEHURST" votes="2" />
            </VoteType>
        </Choice>
    </Contest>
    <Contest key="180" text="TAX COMMISSIONER" isQuestion="false" precinctsReporting="5" precinctsReported="5">
        <VoteType name="Number of Precincts for Race" votes="5">
            <Precinct name="LILLY" votes="1" />
            <Precinct name="BYROMVILLE" votes="1" />
            <Precinct name="UNADILLA" votes="1" />
            <Precinct name="VIENNA" votes="1" />
            <Precinct name="PINEHURST" votes="1" />
        </VoteType>
        <VoteType name="Number of Precincts Reporting" votes="5">
            <Precinct name="LILLY" votes="1" />
            <Precinct name="BYROMVILLE" votes="1" />
            <Precinct name="UNADILLA" votes="1" />
            <Precinct name="VIENNA" votes="1" />
            <Precinct name="PINEHURST" votes="1" />
        </VoteType>
        <Choice key="10" text="FAYE J. MIXON (I) D" totalVotes="3319">
            <VoteType name="Election Day" votes="1587">
                <Precinct name="LILLY" votes="161" />
                <Precinct name="BYROMVILLE" votes="253" />
                <Precinct name="UNADILLA" votes="538" />
                <Precinct name="VIENNA" votes="454" />
                <Precinct name="PINEHURST" votes="181" />
            </VoteType>
            <VoteType name="Absentee by Mail" votes="158">
                <Precinct name="LILLY" votes="9" />
                <Precinct name="BYROMVILLE" votes="23" />
                <Precinct name="UNADILLA" votes="51" />
                <Precinct name="VIENNA" votes="62" />
                <Precinct name="PINEHURST" votes="13" />
            </VoteType>
            <VoteType name="Advance in Person" votes="1557">
                <Precinct name="LILLY" votes="115" />
                <Precinct name="BYROMVILLE" votes="99" />
                <Precinct name="UNADILLA" votes="306" />
                <Precinct name="VIENNA" votes="925" />
                <Precinct name="PINEHURST" votes="112" />
            </VoteType>
            <VoteType name="Provisional" votes="17">
                <Precinct name="LILLY" votes="5" />
                <Precinct name="BYROMVILLE" votes="1" />
                <Precinct name="UNADILLA" votes="9" />
                <Precinct name="VIENNA" votes="0" />
                <Precinct name="PINEHURST" votes="2" />
            </VoteType>
        </Choice>
    </Contest>
    <Contest key="190" text="CORONER" isQuestion="false" precinctsReporting="5" precinctsReported="5">
        <VoteType name="Number of Precincts for Race" votes="5">
            <Precinct name="LILLY" votes="1" />
            <Precinct name="BYROMVILLE" votes="1" />
            <Precinct name="UNADILLA" votes="1" />
            <Precinct name="VIENNA" votes="1" />
            <Precinct name="PINEHURST" votes="1" />
        </VoteType>
        <VoteType name="Number of Precincts Reporting" votes="5">
            <Precinct name="LILLY" votes="1" />
            <Precinct name="BYROMVILLE" votes="1" />
            <Precinct name="UNADILLA" votes="1" />
            <Precinct name="VIENNA" votes="1" />
            <Precinct name="PINEHURST" votes="1" />
        </VoteType>
        <Choice key="10" text="M. BOWEN (I) (R)" totalVotes="2798">
            <VoteType name="Election Day" votes="1294">
                <Precinct name="LILLY" votes="129" />
                <Precinct name="BYROMVILLE" votes="195" />
                <Precinct name="UNADILLA" votes="436" />
                <Precinct name="VIENNA" votes="366" />
                <Precinct name="PINEHURST" votes="168" />
            </VoteType>
            <VoteType name="Absentee by Mail" votes="133">
                <Precinct name="LILLY" votes="10" />
                <Precinct name="BYROMVILLE" votes="13" />
                <Precinct name="UNADILLA" votes="41" />
                <Precinct name="VIENNA" votes="59" />
                <Precinct name="PINEHURST" votes="10" />
            </VoteType>
            <VoteType name="Advance in Person" votes="1358">
                <Precinct name="LILLY" votes="104" />
                <Precinct name="BYROMVILLE" votes="80" />
                <Precinct name="UNADILLA" votes="260" />
                <Precinct name="VIENNA" votes="802" />
                <Precinct name="PINEHURST" votes="112" />
            </VoteType>
            <VoteType name="Provisional" votes="13">
                <Precinct name="LILLY" votes="3" />
                <Precinct name="BYROMVILLE" votes="1" />
                <Precinct name="UNADILLA" votes="8" />
                <Precinct name="VIENNA" votes="1" />
                <Precinct name="PINEHURST" votes="0" />
            </VoteType>
        </Choice>
    </Contest>
    <Contest key="220" text="CC D1" isQuestion="false" precinctsReporting="1" precinctsReported="1">
        <VoteType name="Number of Precincts for Race" votes="1">
            <Precinct name="UNADILLA" votes="1" />
        </VoteType>
        <VoteType name="Number of Precincts Reporting" votes="1">
            <Precinct name="UNADILLA" votes="1" />
        </VoteType>
        <Choice key="20" text="T. L. LESTER (D)" totalVotes="607">
            <VoteType name="Election Day" votes="399">
                <Precinct name="UNADILLA" votes="399" />
            </VoteType>
            <VoteType name="Absentee by Mail" votes="40">
                <Precinct name="UNADILLA" votes="40" />
            </VoteType>
            <VoteType name="Advance in Person" votes="167">
                <Precinct name="UNADILLA" votes="167" />
            </VoteType>
            <VoteType name="Provisional" votes="1">
                <Precinct name="UNADILLA" votes="1" />
            </VoteType>
        </Choice>
    </Contest>
    <Contest key="222" text="CC D3" isQuestion="false" precinctsReporting="1" precinctsReported="1">
        <VoteType name="Number of Precincts for Race" votes="1">
            <Precinct name="VIENNA" votes="1" />
        </VoteType>
        <VoteType name="Number of Precincts Reporting" votes="1">
            <Precinct name="VIENNA" votes="1" />
        </VoteType>
        <Choice key="10" text="E. CASON (I) D" totalVotes="666">
            <VoteType name="Election Day" votes="213">
                <Precinct name="VIENNA" votes="213" />
            </VoteType>
            <VoteType name="Absentee by Mail" votes="25">
                <Precinct name="VIENNA" votes="25" />
            </VoteType>
            <VoteType name="Advance in Person" votes="428">
                <Precinct name="VIENNA" votes="428" />
            </VoteType>
            <VoteType name="Provisional" votes="0">
                <Precinct name="VIENNA" votes="0" />
            </VoteType>
        </Choice>
    </Contest>
    <Contest key="240" text="BOE D1" isQuestion="false" precinctsReporting="1" precinctsReported="1">
        <VoteType name="Number of Precincts for Race" votes="1">
            <Precinct name="UNADILLA" votes="1" />
        </VoteType>
        <VoteType name="Number of Precincts Reporting" votes="1">
            <Precinct name="UNADILLA" votes="1" />
        </VoteType>
        <Choice key="10" text="C. JONES (D)" totalVotes="588">
            <VoteType name="Election Day" votes="385">
                <Precinct name="UNADILLA" votes="385" />
            </VoteType>
            <VoteType name="Absentee by Mail" votes="34">
                <Precinct name="UNADILLA" votes="34" />
            </VoteType>
            <VoteType name="Advance in Person" votes="169">
                <Precinct name="UNADILLA" votes="169" />
            </VoteType>
            <VoteType name="Provisional" votes="0">
                <Precinct name="UNADILLA" votes="0" />
            </VoteType>
        </Choice>
    </Contest>
    <Contest key="241" text="BOE D5" isQuestion="false" precinctsReporting="2" precinctsReported="2">
        <VoteType name="Number of Precincts for Race" votes="2">
            <Precinct name="LILLY" votes="1" />
            <Precinct name="BYROMVILLE" votes="1" />
        </VoteType>
        <VoteType name="Number of Precincts Reporting" votes="2">
            <Precinct name="LILLY" votes="1" />
            <Precinct name="BYROMVILLE" votes="1" />
        </VoteType>
        <Choice key="10" text="K. TAYLOR (D)" totalVotes="576">
            <VoteType name="Election Day" votes="367">
                <Precinct name="LILLY" votes="140" />
                <Precinct name="BYROMVILLE" votes="227" />
            </VoteType>
            <VoteType name="Absentee by Mail" votes="31">
                <Precinct name="LILLY" votes="9" />
                <Precinct name="BYROMVILLE" votes="22" />
            </VoteType>
            <VoteType name="Advance in Person" votes="178">
                <Precinct name="LILLY" votes="94" />
                <Precinct name="BYROMVILLE" votes="84" />
            </VoteType>
            <VoteType name="Provisional" votes="0">
                <Precinct name="LILLY" votes="0" />
                <Precinct name="BYROMVILLE" votes="0" />
            </VoteType>
        </Choice>
    </Contest>
    <Contest key="250" text="Constitutional Amendment #1&lt;br&gt;Provides greater flexibility and state accountability to fix failing schools through increasing community involvement." isQuestion="false" precinctsReporting="5" precinctsReported="5">
        <VoteType name="Number of Precincts for Race" votes="5">
            <Precinct name="LILLY" votes="1" />
            <Precinct name="BYROMVILLE" votes="1" />
            <Precinct name="UNADILLA" votes="1" />
            <Precinct name="VIENNA" votes="1" />
            <Precinct name="PINEHURST" votes="1" />
        </VoteType>
        <VoteType name="Number of Precincts Reporting" votes="5">
            <Precinct name="LILLY" votes="1" />
            <Precinct name="BYROMVILLE" votes="1" />
            <Precinct name="UNADILLA" votes="1" />
            <Precinct name="VIENNA" votes="1" />
            <Precinct name="PINEHURST" votes="1" />
        </VoteType>
        <Choice key="10" text="YES" totalVotes="1877">
            <VoteType name="Election Day" votes="876">
                <Precinct name="LILLY" votes="88" />
                <Precinct name="BYROMVILLE" votes="139" />
                <Precinct name="UNADILLA" votes="303" />
                <Precinct name="VIENNA" votes="236" />
                <Precinct name="PINEHURST" votes="110" />
            </VoteType>
            <VoteType name="Absentee by Mail" votes="102">
                <Precinct name="LILLY" votes="5" />
                <Precinct name="BYROMVILLE" votes="11" />
                <Precinct name="UNADILLA" votes="33" />
                <Precinct name="VIENNA" votes="46" />
                <Precinct name="PINEHURST" votes="7" />
            </VoteType>
            <VoteType name="Advance in Person" votes="889">
                <Precinct name="LILLY" votes="62" />
                <Precinct name="BYROMVILLE" votes="36" />
                <Precinct name="UNADILLA" votes="170" />
                <Precinct name="VIENNA" votes="559" />
                <Precinct name="PINEHURST" votes="62" />
            </VoteType>
            <VoteType name="Provisional" votes="10">
                <Precinct name="LILLY" votes="1" />
                <Precinct name="BYROMVILLE" votes="1" />
                <Precinct name="UNADILLA" votes="7" />
                <Precinct name="VIENNA" votes="1" />
                <Precinct name="PINEHURST" votes="0" />
            </VoteType>
        </Choice>
        <Choice key="20" text="NO" totalVotes="1748">
            <VoteType name="Election Day" votes="863">
                <Precinct name="LILLY" votes="91" />
                <Precinct name="BYROMVILLE" votes="147" />
                <Precinct name="UNADILLA" votes="281" />
                <Precinct name="VIENNA" votes="253" />
                <Precinct name="PINEHURST" votes="91" />
            </VoteType>
            <VoteType name="Absentee by Mail" votes="66">
                <Precinct name="LILLY" votes="5" />
                <Precinct name="BYROMVILLE" votes="9" />
                <Precinct name="UNADILLA" votes="22" />
                <Precinct name="VIENNA" votes="24" />
                <Precinct name="PINEHURST" votes="6" />
            </VoteType>
            <VoteType name="Advance in Person" votes="811">
                <Precinct name="LILLY" votes="69" />
                <Precinct name="BYROMVILLE" votes="74" />
                <Precinct name="UNADILLA" votes="159" />
                <Precinct name="VIENNA" votes="448" />
                <Precinct name="PINEHURST" votes="61" />
            </VoteType>
            <VoteType name="Provisional" votes="8">
                <Precinct name="LILLY" votes="3" />
                <Precinct name="BYROMVILLE" votes="0" />
                <Precinct name="UNADILLA" votes="3" />
                <Precinct name="VIENNA" votes="0" />
                <Precinct name="PINEHURST" votes="2" />
            </VoteType>
        </Choice>
    </Contest>
    <Contest key="260" text="Constitutional Amendment #2&lt;br&gt;Authorizes penalties for sexual exploitation and assessments on adult entertainment to fund child victims' services." isQuestion="false" precinctsReporting="5" precinctsReported="5">
        <VoteType name="Number of Precincts for Race" votes="5">
            <Precinct name="LILLY" votes="1" />
            <Precinct name="BYROMVILLE" votes="1" />
            <Precinct name="UNADILLA" votes="1" />
            <Precinct name="VIENNA" votes="1" />
            <Precinct name="PINEHURST" votes="1" />
        </VoteType>
        <VoteType name="Number of Precincts Reporting" votes="5">
            <Precinct name="LILLY" votes="1" />
            <Precinct name="BYROMVILLE" votes="1" />
            <Precinct name="UNADILLA" votes="1" />
            <Precinct name="VIENNA" votes="1" />
            <Precinct name="PINEHURST" votes="1" />
        </VoteType>
        <Choice key="10" text="YES" totalVotes="2827">
            <VoteType name="Election Day" votes="1310">
                <Precinct name="LILLY" votes="123" />
                <Precinct name="BYROMVILLE" votes="201" />
                <Precinct name="UNADILLA" votes="455" />
                <Precinct name="VIENNA" votes="377" />
                <Precinct name="PINEHURST" votes="154" />
            </VoteType>
            <VoteType name="Absentee by Mail" votes="145">
                <Precinct name="LILLY" votes="9" />
                <Precinct name="BYROMVILLE" votes="17" />
                <Precinct name="UNADILLA" votes="46" />
                <Precinct name="VIENNA" votes="62" />
                <Precinct name="PINEHURST" votes="11" />
            </VoteType>
            <VoteType name="Advance in Person" votes="1358">
                <Precinct name="LILLY" votes="94" />
                <Precinct name="BYROMVILLE" votes="72" />
                <Precinct name="UNADILLA" votes="259" />
                <Precinct name="VIENNA" votes="828" />
                <Precinct name="PINEHURST" votes="105" />
            </VoteType>
            <VoteType name="Provisional" votes="14">
                <Precinct name="LILLY" votes="2" />
                <Precinct name="BYROMVILLE" votes="1" />
                <Precinct name="UNADILLA" votes="9" />
                <Precinct name="VIENNA" votes="1" />
                <Precinct name="PINEHURST" votes="1" />
            </VoteType>
        </Choice>
        <Choice key="20" text="NO" totalVotes="695">
            <VoteType name="Election Day" votes="372">
                <Precinct name="LILLY" votes="50" />
                <Precinct name="BYROMVILLE" votes="66" />
                <Precinct name="UNADILLA" votes="108" />
                <Precinct name="VIENNA" votes="106" />
                <Precinct name="PINEHURST" votes="42" />
            </VoteType>
            <VoteType name="Absentee by Mail" votes="21">
                <Precinct name="LILLY" votes="0" />
                <Precinct name="BYROMVILLE" votes="5" />
                <Precinct name="UNADILLA" votes="7" />
                <Precinct name="VIENNA" votes="7" />
                <Precinct name="PINEHURST" votes="2" />
            </VoteType>
            <VoteType name="Advance in Person" votes="298">
                <Precinct name="LILLY" votes="26" />
                <Precinct name="BYROMVILLE" votes="35" />
                <Precinct name="UNADILLA" votes="61" />
                <Precinct name="VIENNA" votes="160" />
                <Precinct name="PINEHURST" votes="16" />
            </VoteType>
            <VoteType name="Provisional" votes="4">
                <Precinct name="LILLY" votes="2" />
                <Precinct name="BYROMVILLE" votes="0" />
                <Precinct name="UNADILLA" votes="1" />
                <Precinct name="VIENNA" votes="0" />
                <Precinct name="PINEHURST" votes="1" />
            </VoteType>
        </Choice>
    </Contest>
    <Contest key="270" text="Constitutional Amendment #3&lt;br&gt;Reforms and re-establishes the Judicial Qualifications Commission and provides for its composition, governance, and powers." isQuestion="false" precinctsReporting="5" precinctsReported="5">
        <VoteType name="Number of Precincts for Race" votes="5">
            <Precinct name="LILLY" votes="1" />
            <Precinct name="BYROMVILLE" votes="1" />
            <Precinct name="UNADILLA" votes="1" />
            <Precinct name="VIENNA" votes="1" />
            <Precinct name="PINEHURST" votes="1" />
        </VoteType>
        <VoteType name="Number of Precincts Reporting" votes="5">
            <Precinct name="LILLY" votes="1" />
            <Precinct name="BYROMVILLE" votes="1" />
            <Precinct name="UNADILLA" votes="1" />
            <Precinct name="VIENNA" votes="1" />
            <Precinct name="PINEHURST" votes="1" />
        </VoteType>
        <Choice key="10" text="YES" totalVotes="2122">
            <VoteType name="Election Day" votes="1006">
                <Precinct name="LILLY" votes="105" />
                <Precinct name="BYROMVILLE" votes="148" />
                <Precinct name="UNADILLA" votes="339" />
                <Precinct name="VIENNA" votes="294" />
                <Precinct name="PINEHURST" votes="120" />
            </VoteType>
            <VoteType name="Absentee by Mail" votes="109">
                <Precinct name="LILLY" votes="7" />
                <Precinct name="BYROMVILLE" votes="16" />
                <Precinct name="UNADILLA" votes="34" />
                <Precinct name="VIENNA" votes="43" />
                <Precinct name="PINEHURST" votes="9" />
            </VoteType>
            <VoteType name="Advance in Person" votes="995">
                <Precinct name="LILLY" votes="70" />
                <Precinct name="BYROMVILLE" votes="52" />
                <Precinct name="UNADILLA" votes="196" />
                <Precinct name="VIENNA" votes="608" />
                <Precinct name="PINEHURST" votes="69" />
            </VoteType>
            <VoteType name="Provisional" votes="12">
                <Precinct name="LILLY" votes="2" />
                <Precinct name="BYROMVILLE" votes="1" />
                <Precinct name="UNADILLA" votes="7" />
                <Precinct name="VIENNA" votes="1" />
                <Precinct name="PINEHURST" votes="1" />
            </VoteType>
        </Choice>
        <Choice key="20" text="NO" totalVotes="1197">
            <VoteType name="Election Day" votes="574">
                <Precinct name="LILLY" votes="65" />
                <Precinct name="BYROMVILLE" votes="98" />
                <Precinct name="UNADILLA" votes="177" />
                <Precinct name="VIENNA" votes="166" />
                <Precinct name="PINEHURST" votes="68" />
            </VoteType>
            <VoteType name="Absentee by Mail" votes="49">
                <Precinct name="LILLY" votes="2" />
                <Precinct name="BYROMVILLE" votes="5" />
                <Precinct name="UNADILLA" votes="15" />
                <Precinct name="VIENNA" votes="24" />
                <Precinct name="PINEHURST" votes="3" />
            </VoteType>
            <VoteType name="Advance in Person" votes="571">
                <Precinct name="LILLY" votes="49" />
                <Precinct name="BYROMVILLE" votes="49" />
                <Precinct name="UNADILLA" votes="99" />
                <Precinct name="VIENNA" votes="328" />
                <Precinct name="PINEHURST" votes="46" />
            </VoteType>
            <VoteType name="Provisional" votes="3">
                <Precinct name="LILLY" votes="2" />
                <Precinct name="BYROMVILLE" votes="0" />
                <Precinct name="UNADILLA" votes="1" />
                <Precinct name="VIENNA" votes="0" />
                <Precinct name="PINEHURST" votes="0" />
            </VoteType>
        </Choice>
    </Contest>
    <Contest key="280" text="Constitutional Amendment #4&lt;br&gt;Dedicates revenue from existing taxes on fireworks to trauma care, fire services, and public safety." isQuestion="false" precinctsReporting="5" precinctsReported="5">
        <VoteType name="Number of Precincts for Race" votes="5">
            <Precinct name="LILLY" votes="1" />
            <Precinct name="BYROMVILLE" votes="1" />
            <Precinct name="UNADILLA" votes="1" />
            <Precinct name="VIENNA" votes="1" />
            <Precinct name="PINEHURST" votes="1" />
        </VoteType>
        <VoteType name="Number of Precincts Reporting" votes="5">
            <Precinct name="LILLY" votes="1" />
            <Precinct name="BYROMVILLE" votes="1" />
            <Precinct name="UNADILLA" votes="1" />
            <Precinct name="VIENNA" votes="1" />
            <Precinct name="PINEHURST" votes="1" />
        </VoteType>
        <Choice key="10" text="YES" totalVotes="2696">
            <VoteType name="Election Day" votes="1248">
                <Precinct name="LILLY" votes="116" />
                <Precinct name="BYROMVILLE" votes="199" />
                <Precinct name="UNADILLA" votes="416" />
                <Precinct name="VIENNA" votes="362" />
                <Precinct name="PINEHURST" votes="155" />
            </VoteType>
            <VoteType name="Absentee by Mail" votes="147">
                <Precinct name="LILLY" votes="10" />
                <Precinct name="BYROMVILLE" votes="20" />
                <Precinct name="UNADILLA" votes="45" />
                <Precinct name="VIENNA" votes="60" />
                <Precinct name="PINEHURST" votes="12" />
            </VoteType>
            <VoteType name="Advance in Person" votes="1290">
                <Precinct name="LILLY" votes="88" />
                <Precinct name="BYROMVILLE" votes="67" />
                <Precinct name="UNADILLA" votes="254" />
                <Precinct name="VIENNA" votes="775" />
                <Precinct name="PINEHURST" votes="106" />
            </VoteType>
            <VoteType name="Provisional" votes="11">
                <Precinct name="LILLY" votes="2" />
                <Precinct name="BYROMVILLE" votes="1" />
                <Precinct name="UNADILLA" votes="7" />
                <Precinct name="VIENNA" votes="0" />
                <Precinct name="PINEHURST" votes="1" />
            </VoteType>
        </Choice>
        <Choice key="20" text="NO" totalVotes="799">
            <VoteType name="Election Day" votes="421">
                <Precinct name="LILLY" votes="56" />
                <Precinct name="BYROMVILLE" votes="67" />
                <Precinct name="UNADILLA" votes="133" />
                <Precinct name="VIENNA" votes="120" />
                <Precinct name="PINEHURST" votes="45" />
            </VoteType>
            <VoteType name="Absentee by Mail" votes="19">
                <Precinct name="LILLY" votes="0" />
                <Precinct name="BYROMVILLE" votes="2" />
                <Precinct name="UNADILLA" votes="6" />
                <Precinct name="VIENNA" votes="10" />
                <Precinct name="PINEHURST" votes="1" />
            </VoteType>
            <VoteType name="Advance in Person" votes="353">
                <Precinct name="LILLY" votes="33" />
                <Precinct name="BYROMVILLE" votes="36" />
                <Precinct name="UNADILLA" votes="62" />
                <Precinct name="VIENNA" votes="207" />
                <Precinct name="PINEHURST" votes="15" />
            </VoteType>
            <VoteType name="Provisional" votes="6">
                <Precinct name="LILLY" votes="2" />
                <Precinct name="BYROMVILLE" votes="0" />
                <Precinct name="UNADILLA" votes="3" />
                <Precinct name="VIENNA" votes="1" />
                <Precinct name="PINEHURST" votes="0" />
            </VoteType>
        </Choice>
    </Contest>
</ElectionResult>