"line number","contest name","choice name","party name","total votes","percent of votes","registered voters","ballots cast","num Precinct total","num Precinct rptg","over votes","under votes"
1,"President of the United States","DONALD J. TRUMP","",6053,65.79,12061,9309,13,13,"0","0"
2,"President of the United States","HILLARY CLINTON","",3013,32.75,12061,9309,13,13,"0","0"
3,"President of the United States","GARY JOHNSON","",135,1.47,12061,9309,13,13,"0","0"
4,"United States Senator, Isakson","JOHNNY ISAKSON (I)","",5534,65.37,12061,9309,13,13,"0","0"
5,"United States Senator, Isakson","JIM BARKSDALE","",2671,31.55,12061,9309,13,13,"0","0"
6,"United States Senator, Isakson","ALLEN BUCKLEY","",261,3.08,12061,9309,13,13,"0","0"
7,"Public Service Commission, District 2 - Eastern","TIM ECHOLS (I)","",6198,77.88,12061,9304,13,13,"0","0"
8,"Public Service Commission, District 2 - Eastern","ERIC HOSKINS","",1760,22.12,12061,9304,13,13,"0","0"
9,"U.S. Representative, District 2","GREG DUKE","",4937,54.83,12061,9309,13,13,"0","0"
10,"U.S. Representative, District 2","SANFORD BISHOP (I)","",4068,45.17,12061,9309,13,13,"0","0"
11,"State Senator, District 11","DEAN BURKE (I)","",7178,100.00,12061,9304,13,13,"0","0"
12,"State Representative, District 173","DARLENE TAYLOR (I)","",6087,68.09,12061,9304,13,13,"0","0"
13,"State Representative, District 173","TOMMY ""TC"" HILL","",2852,31.91,12061,9304,13,13,"0","0"
14,"District Attorney, South Georgia Circuit","JOE MULHOLLAND (I)","",7136,100.00,12061,9304,13,13,"0","0"
15,"CLERK, SUPERIOR COURT","D. KINES (I) R","",7630,100.00,12061,9304,13,13,"0","0"
16,"SHERIFF","H. C. YOUNG (I) R","",6182,67.93,12061,9304,13,13,"0","0"
17,"SHERIFF","G. DONALD (D)","",2919,32.07,12061,9304,13,13,"0","0"
18,"TAX COMMISSIONER","B. DARUS (R)","",4459,50.26,12061,9304,13,13,"0","0"
19,"TAX COMMISSIONER","C. SLAUGHTER (D)","",4412,49.74,12061,9304,13,13,"0","0"
20,"CORONER","R. POWE (I) R","",7415,100.00,12061,9304,13,13,"0","0"
21,"CHIEF MAGISTRATE","P. POLLOCK (I) R","",5732,64.32,12061,9304,13,13,"0","0"
22,"CHIEF MAGISTRATE","H. BRYANT (D)","",3180,35.68,12061,9304,13,13,"0","0"
23,"CC, D1","E. CHILDS (I) R","",1630,100.00,2454,1923,6,6,"0","0"
24,"CC, D3","K. MOYE (R)","",1645,100.00,2584,2039,6,6,"0","0"
25,"CC, D4","L. COPELAND (I) D","",1534,100.00,2553,1855,2,2,"0","0"
26,"BOE, D1","J. WORSHAM (I) R","",1635,100.00,2454,1923,6,6,"0","0"
27,"BOE, D3","L. REGISTER (I) D","",1503,100.00,2584,2039,6,6,"0","0"
28,"BOE, D4","T. G. HARRIS (I) D","",1580,100.00,2553,1855,2,2,"0","0"
29,"Constitutional Amendment #1<br>Provides greater flexibility and state accountability to fix failing schools through increasing community involvement.","YES","",3640,40.93,12061,9304,13,13,"0","0"
30,"Constitutional Amendment #1<br>Provides greater flexibility and state accountability to fix failing schools through increasing community involvement.","NO","",5253,59.07,12061,9304,13,13,"0","0"
31,"Constitutional Amendment #2<br>Authorizes penalties for sexual exploitation and assessments on adult entertainment to fund child victims' services.","YES","",7003,80.27,12061,9304,13,13,"0","0"
32,"Constitutional Amendment #2<br>Authorizes penalties for sexual exploitation and assessments on adult entertainment to fund child victims' services.","NO","",1721,19.73,12061,9304,13,13,"0","0"
33,"Constitutional Amendment #3<br>Reforms and re-establishes the Judicial Qualifications Commission and provides for its composition, governance, and powers.","YES","",5048,61.10,12061,9304,13,13,"0","0"
34,"Constitutional Amendment #3<br>Reforms and re-establishes the Judicial Qualifications Commission and provides for its composition, governance, and powers.","NO","",3214,38.90,12061,9304,13,13,"0","0"
35,"Constitutional Amendment #4<br>Dedicates revenue from existing taxes on fireworks to trauma care, fire services, and public safety.","YES","",6475,74.96,12061,9304,13,13,"0","0"
36,"Constitutional Amendment #4<br>Dedicates revenue from existing taxes on fireworks to trauma care, fire services, and public safety.","NO","",2163,25.04,12061,9304,13,13,"0","0"
37,"SPECIAL- BOE 5","J. A. WHITE (I)","",1196,100.00,1966,1492,2,2,"0","0"
