"line number","contest name","choice name","party name","total votes","percent of votes","registered voters","ballots cast","num Precinct total","num Precinct rptg","over votes","under votes"
1,"President of the United States","DONALD J. TRUMP","",43085,67.07,81492,65428,49,49,"0","0"
2,"President of the United States","HILLARY CLINTON","",18887,29.40,81492,65428,49,49,"0","0"
3,"President of the United States","GARY JOHNSON","",2270,3.53,81492,65428,49,49,"0","0"
4,"United States Senator, Isakson","JOHNNY ISAKSON (I)","",42891,70.16,81492,65428,49,49,"0","0"
5,"United States Senator, Isakson","JIM BARKSDALE","",15800,25.84,81492,65428,49,49,"0","0"
6,"United States Senator, Isakson","ALLEN BUCKLEY","",2443,4.00,81492,65428,49,49,"0","0"
7,"Public Service Commission, District 2 - Eastern","TIM ECHOLS (I)","",47106,79.27,81492,65424,49,49,"0","0"
8,"Public Service Commission, District 2 - Eastern","ERIC HOSKINS","",12318,20.73,81492,65424,49,49,"0","0"
9,"U.S. Representative, District 10","JODY HICE (I)","",7557,100.00,10734,8985,10,10,"0","0"
10,"U.S. Representative, District 12","RICK ALLEN (I)","",39504,72.10,70758,56443,40,40,"0","0"
11,"U.S. Representative, District 12","PATRICIA C. MCCRACKEN","",15284,27.90,70758,56443,40,40,"0","0"
12,"State Senator, District 23","JESSE STONE (I)","",11242,100.00,17688,13838,13,13,"0","0"
13,"State Senator, District 24","LEE ANDERSON (REP)","",35712,71.63,63804,51586,38,38,"0","0"
14,"State Senator, District 24","BRENDA J. JORDAN (DEM)","",14142,28.37,63804,51586,38,38,"0","0"
15,"State Representative, District 33","TOM MCCALL (I) (REP)","",604,100.00,798,663,1,1,"0","0"
16,"State Representative, District 121","BARRY FLEMING (I) (REP)","",14804,100.00,23603,18280,17,17,"0","0"
17,"State Representative, District 122","JODI LOTT (I) (REP)","",26914,100.00,38363,31517,20,20,"0","0"
18,"State Representative, District 123","MARK NEWTON (REP)","",12490,100.00,18728,14964,12,12,"0","0"
19,"District Attorney, Augusta Circuit","ASHLEY WRIGHT (I)","",55056,100.00,81492,65424,49,49,"0","0"
20,"Probate Judge","A. W. PADGETT (I)(R)","",54891,100.00,81492,65424,49,49,"0","0"
21,"Superior Court Clerk","C. MASON (I)(R)","",54977,100.00,81492,65424,49,49,"0","0"
22,"Sheriff","C. N. WHITTLE (I)(R)","",55583,100.00,81492,65424,49,49,"0","0"
23,"Tax Commissioner","W. BRIDGES (I)(R)","",54918,100.00,81492,65424,49,49,"0","0"
24,"Coroner","V. W. COLLINS (I)(R)","",54949,100.00,81492,65424,49,49,"0","0"
25,"Chief Magistrate","J. TROIANO (I)(R)","",54279,100.00,81492,65424,49,49,"0","0"
26,"County Comm 2","T. ALLEN (I)(R)","",11690,100.00,17682,14001,12,12,"0","0"
27,"County Comm 3","G. RICHARDSON (I)(R)","",16595,100.00,24367,19856,11,11,"0","0"
28,"Soil and Water","G. HAIR (I)","",45390,39.17,81492,65424,49,49,"0","0"
29,"Soil and Water","T. NELKEN","",35357,30.51,81492,65424,49,49,"0","0"
30,"Soil and Water","M. RORICK (I)","",35127,30.31,81492,65424,49,49,"0","0"
31,"Constitutional Amendment #1<br>Provides greater flexibility and state accountability to fix failing schools through increasing community involvement.","YES","",32348,51.05,81492,65424,49,49,"0","0"
32,"Constitutional Amendment #1<br>Provides greater flexibility and state accountability to fix failing schools through increasing community involvement.","NO","",31019,48.95,81492,65424,49,49,"0","0"
33,"Constitutional Amendment #2<br>Authorizes penalties for sexual exploitation and assessments on adult entertainment to fund child victims' services.","YES","",55059,87.46,81492,65424,49,49,"0","0"
34,"Constitutional Amendment #2<br>Authorizes penalties for sexual exploitation and assessments on adult entertainment to fund child victims' services.","NO","",7893,12.54,81492,65424,49,49,"0","0"
35,"Constitutional Amendment #3<br>Reforms and re-establishes the Judicial Qualifications Commission and provides for its composition, governance, and powers.","YES","",41444,69.42,81492,65424,49,49,"0","0"
36,"Constitutional Amendment #3<br>Reforms and re-establishes the Judicial Qualifications Commission and provides for its composition, governance, and powers.","NO","",18256,30.58,81492,65424,49,49,"0","0"
37,"Constitutional Amendment #4<br>Dedicates revenue from existing taxes on fireworks to trauma care, fire services, and public safety.","YES","",51817,82.86,81492,65424,49,49,"0","0"
38,"Constitutional Amendment #4<br>Dedicates revenue from existing taxes on fireworks to trauma care, fire services, and public safety.","NO","",10720,17.14,81492,65424,49,49,"0","0"
39,"Special - Bonds","YES","",43748,71.61,81492,65424,49,49,"0","0"
40,"Special - Bonds","NO","",17345,28.39,81492,65424,49,49,"0","0"
