<?xml version="1.0"?>
<!--Election result snapshot imported from Tabulation System
-->
<ElectionResult>
    <Timestamp>11/16/2016 10:43:19 AM EST</Timestamp>
    <ElectionName>November 8, 2016 - General Election</ElectionName>
    <ElectionDate>11/8/2016</ElectionDate>
    <Region>Decatur</Region>
    <VoterTurnout totalVoters="13821" ballotsCast="10355" voterTurnout="74.92">
        <Precincts>
            <Precinct name="Mt Pleasant" totalVoters="549" ballotsCast="444" voterTurnout="80.87" percentReporting="4" />
            <Precinct name="Recovery" totalVoters="566" ballotsCast="461" voterTurnout="81.45" percentReporting="4" />
            <Precinct name="Kendrick" totalVoters="476" ballotsCast="342" voterTurnout="71.85" percentReporting="4" />
            <Precinct name="Climax" totalVoters="831" ballotsCast="663" voterTurnout="79.78" percentReporting="4" />
            <Precinct name="Brinson" totalVoters="723" ballotsCast="560" voterTurnout="77.46" percentReporting="4" />
            <Precinct name="West Bainbridge" totalVoters="1825" ballotsCast="1294" voterTurnout="70.90" percentReporting="4" />
            <Precinct name="Bainbridge-Coliseum" totalVoters="4694" ballotsCast="3610" voterTurnout="76.91" percentReporting="4" />
            <Precinct name="Bridge-Fairgrounds" totalVoters="2632" ballotsCast="1830" voterTurnout="69.53" percentReporting="4" />
            <Precinct name="Attapulgus" totalVoters="1525" ballotsCast="1151" voterTurnout="75.48" percentReporting="4" />
        </Precincts>
    </VoterTurnout>
    <Contest key="1" text="President of the United States" isQuestion="false" precinctsReporting="9" precinctsReported="9">
        <VoteType name="Number of Precincts for Race" votes="9">
            <Precinct name="Mt Pleasant" votes="1" />
            <Precinct name="Recovery" votes="1" />
            <Precinct name="Kendrick" votes="1" />
            <Precinct name="Climax" votes="1" />
            <Precinct name="Brinson" votes="1" />
            <Precinct name="West Bainbridge" votes="1" />
            <Precinct name="Bainbridge-Coliseum" votes="1" />
            <Precinct name="Bridge-Fairgrounds" votes="1" />
            <Precinct name="Attapulgus" votes="1" />
        </VoteType>
        <VoteType name="Number of Precincts Reporting" votes="9">
            <Precinct name="Mt Pleasant" votes="1" />
            <Precinct name="Recovery" votes="1" />
            <Precinct name="Kendrick" votes="1" />
            <Precinct name="Climax" votes="1" />
            <Precinct name="Brinson" votes="1" />
            <Precinct name="West Bainbridge" votes="1" />
            <Precinct name="Bainbridge-Coliseum" votes="1" />
            <Precinct name="Bridge-Fairgrounds" votes="1" />
            <Precinct name="Attapulgus" votes="1" />
        </VoteType>
        <Choice key="10" text="DONALD J. TRUMP" totalVotes="6020">
            <VoteType name="Election Day" votes="2242">
                <Precinct name="Mt Pleasant" votes="176" />
                <Precinct name="Recovery" votes="235" />
                <Precinct name="Kendrick" votes="148" />
                <Precinct name="Climax" votes="256" />
                <Precinct name="Brinson" votes="230" />
                <Precinct name="West Bainbridge" votes="204" />
                <Precinct name="Bainbridge-Coliseum" votes="601" />
                <Precinct name="Bridge-Fairgrounds" votes="214" />
                <Precinct name="Attapulgus" votes="178" />
            </VoteType>
            <VoteType name="Absentee by Mail" votes="284">
                <Precinct name="Mt Pleasant" votes="13" />
                <Precinct name="Recovery" votes="20" />
                <Precinct name="Kendrick" votes="4" />
                <Precinct name="Climax" votes="20" />
                <Precinct name="Brinson" votes="20" />
                <Precinct name="West Bainbridge" votes="30" />
                <Precinct name="Bainbridge-Coliseum" votes="111" />
                <Precinct name="Bridge-Fairgrounds" votes="36" />
                <Precinct name="Attapulgus" votes="30" />
            </VoteType>
            <VoteType name="Advance in Person" votes="3483">
                <Precinct name="Mt Pleasant" votes="189" />
                <Precinct name="Recovery" votes="106" />
                <Precinct name="Kendrick" votes="110" />
                <Precinct name="Climax" votes="221" />
                <Precinct name="Brinson" votes="173" />
                <Precinct name="West Bainbridge" votes="449" />
                <Precinct name="Bainbridge-Coliseum" votes="1452" />
                <Precinct name="Bridge-Fairgrounds" votes="607" />
                <Precinct name="Attapulgus" votes="176" />
            </VoteType>
            <VoteType name="Provisional" votes="11">
                <Precinct name="Mt Pleasant" votes="1" />
                <Precinct name="Recovery" votes="1" />
                <Precinct name="Kendrick" votes="0" />
                <Precinct name="Climax" votes="0" />
                <Precinct name="Brinson" votes="1" />
                <Precinct name="West Bainbridge" votes="3" />
                <Precinct name="Bainbridge-Coliseum" votes="1" />
                <Precinct name="Bridge-Fairgrounds" votes="2" />
                <Precinct name="Attapulgus" votes="2" />
            </VoteType>
        </Choice>
        <Choice key="20" text="HILLARY CLINTON" totalVotes="4124">
            <VoteType name="Election Day" votes="1798">
                <Precinct name="Mt Pleasant" votes="27" />
                <Precinct name="Recovery" votes="40" />
                <Precinct name="Kendrick" votes="36" />
                <Precinct name="Climax" votes="98" />
                <Precinct name="Brinson" votes="70" />
                <Precinct name="West Bainbridge" votes="242" />
                <Precinct name="Bainbridge-Coliseum" votes="536" />
                <Precinct name="Bridge-Fairgrounds" votes="345" />
                <Precinct name="Attapulgus" votes="404" />
            </VoteType>
            <VoteType name="Absentee by Mail" votes="240">
                <Precinct name="Mt Pleasant" votes="1" />
                <Precinct name="Recovery" votes="8" />
                <Precinct name="Kendrick" votes="0" />
                <Precinct name="Climax" votes="4" />
                <Precinct name="Brinson" votes="5" />
                <Precinct name="West Bainbridge" votes="25" />
                <Precinct name="Bainbridge-Coliseum" votes="89" />
                <Precinct name="Bridge-Fairgrounds" votes="52" />
                <Precinct name="Attapulgus" votes="56" />
            </VoteType>
            <VoteType name="Advance in Person" votes="2066">
                <Precinct name="Mt Pleasant" votes="28" />
                <Precinct name="Recovery" votes="39" />
                <Precinct name="Kendrick" votes="41" />
                <Precinct name="Climax" votes="52" />
                <Precinct name="Brinson" votes="57" />
                <Precinct name="West Bainbridge" votes="316" />
                <Precinct name="Bainbridge-Coliseum" votes="730" />
                <Precinct name="Bridge-Fairgrounds" votes="519" />
                <Precinct name="Attapulgus" votes="284" />
            </VoteType>
            <VoteType name="Provisional" votes="20">
                <Precinct name="Mt Pleasant" votes="0" />
                <Precinct name="Recovery" votes="0" />
                <Precinct name="Kendrick" votes="0" />
                <Precinct name="Climax" votes="0" />
                <Precinct name="Brinson" votes="0" />
                <Precinct name="West Bainbridge" votes="3" />
                <Precinct name="Bainbridge-Coliseum" votes="8" />
                <Precinct name="Bridge-Fairgrounds" votes="4" />
                <Precinct name="Attapulgus" votes="5" />
            </VoteType>
        </Choice>
        <Choice key="30" text="GARY JOHNSON" totalVotes="126">
            <VoteType name="Election Day" votes="64">
                <Precinct name="Mt Pleasant" votes="4" />
                <Precinct name="Recovery" votes="6" />
                <Precinct name="Kendrick" votes="2" />
                <Precinct name="Climax" votes="6" />
                <Precinct name="Brinson" votes="3" />
                <Precinct name="West Bainbridge" votes="6" />
                <Precinct name="Bainbridge-Coliseum" votes="18" />
                <Precinct name="Bridge-Fairgrounds" votes="14" />
                <Precinct name="Attapulgus" votes="5" />
            </VoteType>
            <VoteType name="Absentee by Mail" votes="8">
                <Precinct name="Mt Pleasant" votes="0" />
                <Precinct name="Recovery" votes="0" />
                <Precinct name="Kendrick" votes="0" />
                <Precinct name="Climax" votes="1" />
                <Precinct name="Brinson" votes="0" />
                <Precinct name="West Bainbridge" votes="0" />
                <Precinct name="Bainbridge-Coliseum" votes="7" />
                <Precinct name="Bridge-Fairgrounds" votes="0" />
                <Precinct name="Attapulgus" votes="0" />
            </VoteType>
            <VoteType name="Advance in Person" votes="53">
                <Precinct name="Mt Pleasant" votes="3" />
                <Precinct name="Recovery" votes="3" />
                <Precinct name="Kendrick" votes="0" />
                <Precinct name="Climax" votes="2" />
                <Precinct name="Brinson" votes="0" />
                <Precinct name="West Bainbridge" votes="7" />
                <Precinct name="Bainbridge-Coliseum" votes="15" />
                <Precinct name="Bridge-Fairgrounds" votes="18" />
                <Precinct name="Attapulgus" votes="5" />
            </VoteType>
            <VoteType name="Provisional" votes="1">
                <Precinct name="Mt Pleasant" votes="0" />
                <Precinct name="Recovery" votes="0" />
                <Precinct name="Kendrick" votes="0" />
                <Precinct name="Climax" votes="0" />
                <Precinct name="Brinson" votes="0" />
                <Precinct name="West Bainbridge" votes="0" />
                <Precinct name="Bainbridge-Coliseum" votes="0" />
                <Precinct name="Bridge-Fairgrounds" votes="0" />
                <Precinct name="Attapulgus" votes="1" />
            </VoteType>
        </Choice>
    </Contest>
    <Contest key="10" text="United States Senator, Isakson" isQuestion="false" precinctsReporting="9" precinctsReported="9">
        <VoteType name="Number of Precincts for Race" votes="9">
            <Precinct name="Mt Pleasant" votes="1" />
            <Precinct name="Recovery" votes="1" />
            <Precinct name="Kendrick" votes="1" />
            <Precinct name="Climax" votes="1" />
            <Precinct name="Brinson" votes="1" />
            <Precinct name="West Bainbridge" votes="1" />
            <Precinct name="Bainbridge-Coliseum" votes="1" />
            <Precinct name="Bridge-Fairgrounds" votes="1" />
            <Precinct name="Attapulgus" votes="1" />
        </VoteType>
        <VoteType name="Number of Precincts Reporting" votes="9">
            <Precinct name="Mt Pleasant" votes="1" />
            <Precinct name="Recovery" votes="1" />
            <Precinct name="Kendrick" votes="1" />
            <Precinct name="Climax" votes="1" />
            <Precinct name="Brinson" votes="1" />
            <Precinct name="West Bainbridge" votes="1" />
            <Precinct name="Bainbridge-Coliseum" votes="1" />
            <Precinct name="Bridge-Fairgrounds" votes="1" />
            <Precinct name="Attapulgus" votes="1" />
        </VoteType>
        <Choice key="30" text="JOHNNY ISAKSON (I)" totalVotes="5593">
            <VoteType name="Election Day" votes="2054">
                <Precinct name="Mt Pleasant" votes="166" />
                <Precinct name="Recovery" votes="199" />
                <Precinct name="Kendrick" votes="122" />
                <Precinct name="Climax" votes="234" />
                <Precinct name="Brinson" votes="204" />
                <Precinct name="West Bainbridge" votes="186" />
                <Precinct name="Bainbridge-Coliseum" votes="583" />
                <Precinct name="Bridge-Fairgrounds" votes="194" />
                <Precinct name="Attapulgus" votes="166" />
            </VoteType>
            <VoteType name="Absentee by Mail" votes="281">
                <Precinct name="Mt Pleasant" votes="13" />
                <Precinct name="Recovery" votes="19" />
                <Precinct name="Kendrick" votes="4" />
                <Precinct name="Climax" votes="20" />
                <Precinct name="Brinson" votes="19" />
                <Precinct name="West Bainbridge" votes="30" />
                <Precinct name="Bainbridge-Coliseum" votes="113" />
                <Precinct name="Bridge-Fairgrounds" votes="36" />
                <Precinct name="Attapulgus" votes="27" />
            </VoteType>
            <VoteType name="Advance in Person" votes="3248">
                <Precinct name="Mt Pleasant" votes="174" />
                <Precinct name="Recovery" votes="95" />
                <Precinct name="Kendrick" votes="98" />
                <Precinct name="Climax" votes="193" />
                <Precinct name="Brinson" votes="164" />
                <Precinct name="West Bainbridge" votes="408" />
                <Precinct name="Bainbridge-Coliseum" votes="1393" />
                <Precinct name="Bridge-Fairgrounds" votes="560" />
                <Precinct name="Attapulgus" votes="163" />
            </VoteType>
            <VoteType name="Provisional" votes="10">
                <Precinct name="Mt Pleasant" votes="1" />
                <Precinct name="Recovery" votes="1" />
                <Precinct name="Kendrick" votes="0" />
                <Precinct name="Climax" votes="0" />
                <Precinct name="Brinson" votes="1" />
                <Precinct name="West Bainbridge" votes="3" />
                <Precinct name="Bainbridge-Coliseum" votes="1" />
                <Precinct name="Bridge-Fairgrounds" votes="1" />
                <Precinct name="Attapulgus" votes="2" />
            </VoteType>
        </Choice>
        <Choice key="40" text="JIM BARKSDALE" totalVotes="3529">
            <VoteType name="Election Day" votes="1521">
                <Precinct name="Mt Pleasant" votes="26" />
                <Precinct name="Recovery" votes="35" />
                <Precinct name="Kendrick" votes="32" />
                <Precinct name="Climax" votes="78" />
                <Precinct name="Brinson" votes="54" />
                <Precinct name="West Bainbridge" votes="211" />
                <Precinct name="Bainbridge-Coliseum" votes="442" />
                <Precinct name="Bridge-Fairgrounds" votes="290" />
                <Precinct name="Attapulgus" votes="353" />
            </VoteType>
            <VoteType name="Absentee by Mail" votes="223">
                <Precinct name="Mt Pleasant" votes="1" />
                <Precinct name="Recovery" votes="9" />
                <Precinct name="Kendrick" votes="0" />
                <Precinct name="Climax" votes="5" />
                <Precinct name="Brinson" votes="4" />
                <Precinct name="West Bainbridge" votes="23" />
                <Precinct name="Bainbridge-Coliseum" votes="80" />
                <Precinct name="Bridge-Fairgrounds" votes="47" />
                <Precinct name="Attapulgus" votes="54" />
            </VoteType>
            <VoteType name="Advance in Person" votes="1768">
                <Precinct name="Mt Pleasant" votes="21" />
                <Precinct name="Recovery" votes="38" />
                <Precinct name="Kendrick" votes="34" />
                <Precinct name="Climax" votes="49" />
                <Precinct name="Brinson" votes="55" />
                <Precinct name="West Bainbridge" votes="261" />
                <Precinct name="Bainbridge-Coliseum" votes="611" />
                <Precinct name="Bridge-Fairgrounds" votes="451" />
                <Precinct name="Attapulgus" votes="248" />
            </VoteType>
            <VoteType name="Provisional" votes="17">
                <Precinct name="Mt Pleasant" votes="0" />
                <Precinct name="Recovery" votes="0" />
                <Precinct name="Kendrick" votes="0" />
                <Precinct name="Climax" votes="0" />
                <Precinct name="Brinson" votes="0" />
                <Precinct name="West Bainbridge" votes="1" />
                <Precinct name="Bainbridge-Coliseum" votes="7" />
                <Precinct name="Bridge-Fairgrounds" votes="4" />
                <Precinct name="Attapulgus" votes="5" />
            </VoteType>
        </Choice>
        <Choice key="50" text="ALLEN BUCKLEY" totalVotes="289">
            <VoteType name="Election Day" votes="148">
                <Precinct name="Mt Pleasant" votes="5" />
                <Precinct name="Recovery" votes="9" />
                <Precinct name="Kendrick" votes="6" />
                <Precinct name="Climax" votes="19" />
                <Precinct name="Brinson" votes="14" />
                <Precinct name="West Bainbridge" votes="19" />
                <Precinct name="Bainbridge-Coliseum" votes="37" />
                <Precinct name="Bridge-Fairgrounds" votes="20" />
                <Precinct name="Attapulgus" votes="19" />
            </VoteType>
            <VoteType name="Absentee by Mail" votes="8">
                <Precinct name="Mt Pleasant" votes="0" />
                <Precinct name="Recovery" votes="0" />
                <Precinct name="Kendrick" votes="0" />
                <Precinct name="Climax" votes="0" />
                <Precinct name="Brinson" votes="1" />
                <Precinct name="West Bainbridge" votes="0" />
                <Precinct name="Bainbridge-Coliseum" votes="2" />
                <Precinct name="Bridge-Fairgrounds" votes="3" />
                <Precinct name="Attapulgus" votes="2" />
            </VoteType>
            <VoteType name="Advance in Person" votes="130">
                <Precinct name="Mt Pleasant" votes="5" />
                <Precinct name="Recovery" votes="4" />
                <Precinct name="Kendrick" votes="7" />
                <Precinct name="Climax" votes="6" />
                <Precinct name="Brinson" votes="4" />
                <Precinct name="West Bainbridge" votes="25" />
                <Precinct name="Bainbridge-Coliseum" votes="38" />
                <Precinct name="Bridge-Fairgrounds" votes="30" />
                <Precinct name="Attapulgus" votes="11" />
            </VoteType>
            <VoteType name="Provisional" votes="3">
                <Precinct name="Mt Pleasant" votes="0" />
                <Precinct name="Recovery" votes="0" />
                <Precinct name="Kendrick" votes="0" />
                <Precinct name="Climax" votes="0" />
                <Precinct name="Brinson" votes="0" />
                <Precinct name="West Bainbridge" votes="1" />
                <Precinct name="Bainbridge-Coliseum" votes="1" />
                <Precinct name="Bridge-Fairgrounds" votes="0" />
                <Precinct name="Attapulgus" votes="1" />
            </VoteType>
        </Choice>
    </Contest>
    <Contest key="30" text="Public Service Commission, District 2 - Eastern" isQuestion="false" precinctsReporting="9" precinctsReported="9">
        <VoteType name="Number of Precincts for Race" votes="9">
            <Precinct name="Mt Pleasant" votes="1" />
            <Precinct name="Recovery" votes="1" />
            <Precinct name="Kendrick" votes="1" />
            <Precinct name="Climax" votes="1" />
            <Precinct name="Brinson" votes="1" />
            <Precinct name="West Bainbridge" votes="1" />
            <Precinct name="Bainbridge-Coliseum" votes="1" />
            <Precinct name="Bridge-Fairgrounds" votes="1" />
            <Precinct name="Attapulgus" votes="1" />
        </VoteType>
        <VoteType name="Number of Precincts Reporting" votes="9">
            <Precinct name="Mt Pleasant" votes="1" />
            <Precinct name="Recovery" votes="1" />
            <Precinct name="Kendrick" votes="1" />
            <Precinct name="Climax" votes="1" />
            <Precinct name="Brinson" votes="1" />
            <Precinct name="West Bainbridge" votes="1" />
            <Precinct name="Bainbridge-Coliseum" votes="1" />
            <Precinct name="Bridge-Fairgrounds" votes="1" />
            <Precinct name="Attapulgus" votes="1" />
        </VoteType>
        <Choice key="20" text="TIM ECHOLS (I)" totalVotes="6280">
            <VoteType name="Election Day" votes="2356">
                <Precinct name="Mt Pleasant" votes="173" />
                <Precinct name="Recovery" votes="223" />
                <Precinct name="Kendrick" votes="134" />
                <Precinct name="Climax" votes="257" />
                <Precinct name="Brinson" votes="211" />
                <Precinct name="West Bainbridge" votes="220" />
                <Precinct name="Bainbridge-Coliseum" votes="642" />
                <Precinct name="Bridge-Fairgrounds" votes="263" />
                <Precinct name="Attapulgus" votes="233" />
            </VoteType>
            <VoteType name="Absentee by Mail" votes="328">
                <Precinct name="Mt Pleasant" votes="13" />
                <Precinct name="Recovery" votes="19" />
                <Precinct name="Kendrick" votes="4" />
                <Precinct name="Climax" votes="18" />
                <Precinct name="Brinson" votes="19" />
                <Precinct name="West Bainbridge" votes="32" />
                <Precinct name="Bainbridge-Coliseum" votes="131" />
                <Precinct name="Bridge-Fairgrounds" votes="52" />
                <Precinct name="Attapulgus" votes="40" />
            </VoteType>
            <VoteType name="Advance in Person" votes="3582">
                <Precinct name="Mt Pleasant" votes="180" />
                <Precinct name="Recovery" votes="112" />
                <Precinct name="Kendrick" votes="103" />
                <Precinct name="Climax" votes="210" />
                <Precinct name="Brinson" votes="171" />
                <Precinct name="West Bainbridge" votes="458" />
                <Precinct name="Bainbridge-Coliseum" votes="1488" />
                <Precinct name="Bridge-Fairgrounds" votes="658" />
                <Precinct name="Attapulgus" votes="202" />
            </VoteType>
            <VoteType name="Provisional" votes="14">
                <Precinct name="Mt Pleasant" votes="0" />
                <Precinct name="Recovery" votes="1" />
                <Precinct name="Kendrick" votes="0" />
                <Precinct name="Climax" votes="0" />
                <Precinct name="Brinson" votes="1" />
                <Precinct name="West Bainbridge" votes="4" />
                <Precinct name="Bainbridge-Coliseum" votes="2" />
                <Precinct name="Bridge-Fairgrounds" votes="2" />
                <Precinct name="Attapulgus" votes="4" />
            </VoteType>
        </Choice>
        <Choice key="30" text="ERIC HOSKINS" totalVotes="2360">
            <VoteType name="Election Day" votes="1066">
                <Precinct name="Mt Pleasant" votes="17" />
                <Precinct name="Recovery" votes="32" />
                <Precinct name="Kendrick" votes="23" />
                <Precinct name="Climax" votes="65" />
                <Precinct name="Brinson" votes="41" />
                <Precinct name="West Bainbridge" votes="144" />
                <Precinct name="Bainbridge-Coliseum" votes="331" />
                <Precinct name="Bridge-Fairgrounds" votes="195" />
                <Precinct name="Attapulgus" votes="218" />
            </VoteType>
            <VoteType name="Absentee by Mail" votes="126">
                <Precinct name="Mt Pleasant" votes="1" />
                <Precinct name="Recovery" votes="8" />
                <Precinct name="Kendrick" votes="0" />
                <Precinct name="Climax" votes="4" />
                <Precinct name="Brinson" votes="3" />
                <Precinct name="West Bainbridge" votes="10" />
                <Precinct name="Bainbridge-Coliseum" votes="41" />
                <Precinct name="Bridge-Fairgrounds" votes="26" />
                <Precinct name="Attapulgus" votes="33" />
            </VoteType>
            <VoteType name="Advance in Person" votes="1158">
                <Precinct name="Mt Pleasant" votes="19" />
                <Precinct name="Recovery" votes="24" />
                <Precinct name="Kendrick" votes="25" />
                <Precinct name="Climax" votes="27" />
                <Precinct name="Brinson" votes="30" />
                <Precinct name="West Bainbridge" votes="192" />
                <Precinct name="Bainbridge-Coliseum" votes="401" />
                <Precinct name="Bridge-Fairgrounds" votes="282" />
                <Precinct name="Attapulgus" votes="158" />
            </VoteType>
            <VoteType name="Provisional" votes="10">
                <Precinct name="Mt Pleasant" votes="0" />
                <Precinct name="Recovery" votes="0" />
                <Precinct name="Kendrick" votes="0" />
                <Precinct name="Climax" votes="0" />
                <Precinct name="Brinson" votes="0" />
                <Precinct name="West Bainbridge" votes="1" />
                <Precinct name="Bainbridge-Coliseum" votes="3" />
                <Precinct name="Bridge-Fairgrounds" votes="2" />
                <Precinct name="Attapulgus" votes="4" />
            </VoteType>
        </Choice>
    </Contest>
    <Contest key="50" text="U.S. Representative, District 2" isQuestion="false" precinctsReporting="9" precinctsReported="9">
        <VoteType name="Number of Precincts for Race" votes="9">
            <Precinct name="Mt Pleasant" votes="1" />
            <Precinct name="Recovery" votes="1" />
            <Precinct name="Kendrick" votes="1" />
            <Precinct name="Climax" votes="1" />
            <Precinct name="Brinson" votes="1" />
            <Precinct name="West Bainbridge" votes="1" />
            <Precinct name="Bainbridge-Coliseum" votes="1" />
            <Precinct name="Bridge-Fairgrounds" votes="1" />
            <Precinct name="Attapulgus" votes="1" />
        </VoteType>
        <VoteType name="Number of Precincts Reporting" votes="9">
            <Precinct name="Mt Pleasant" votes="1" />
            <Precinct name="Recovery" votes="1" />
            <Precinct name="Kendrick" votes="1" />
            <Precinct name="Climax" votes="1" />
            <Precinct name="Brinson" votes="1" />
            <Precinct name="West Bainbridge" votes="1" />
            <Precinct name="Bainbridge-Coliseum" votes="1" />
            <Precinct name="Bridge-Fairgrounds" votes="1" />
            <Precinct name="Attapulgus" votes="1" />
        </VoteType>
        <Choice key="10" text="GREG DUKE" totalVotes="5120">
            <VoteType name="Election Day" votes="1920">
                <Precinct name="Mt Pleasant" votes="142" />
                <Precinct name="Recovery" votes="201" />
                <Precinct name="Kendrick" votes="116" />
                <Precinct name="Climax" votes="227" />
                <Precinct name="Brinson" votes="182" />
                <Precinct name="West Bainbridge" votes="164" />
                <Precinct name="Bainbridge-Coliseum" votes="545" />
                <Precinct name="Bridge-Fairgrounds" votes="187" />
                <Precinct name="Attapulgus" votes="156" />
            </VoteType>
            <VoteType name="Absentee by Mail" votes="234">
                <Precinct name="Mt Pleasant" votes="11" />
                <Precinct name="Recovery" votes="17" />
                <Precinct name="Kendrick" votes="2" />
                <Precinct name="Climax" votes="16" />
                <Precinct name="Brinson" votes="17" />
                <Precinct name="West Bainbridge" votes="20" />
                <Precinct name="Bainbridge-Coliseum" votes="95" />
                <Precinct name="Bridge-Fairgrounds" votes="34" />
                <Precinct name="Attapulgus" votes="22" />
            </VoteType>
            <VoteType name="Advance in Person" votes="2956">
                <Precinct name="Mt Pleasant" votes="165" />
                <Precinct name="Recovery" votes="99" />
                <Precinct name="Kendrick" votes="84" />
                <Precinct name="Climax" votes="184" />
                <Precinct name="Brinson" votes="144" />
                <Precinct name="West Bainbridge" votes="366" />
                <Precinct name="Bainbridge-Coliseum" votes="1263" />
                <Precinct name="Bridge-Fairgrounds" votes="505" />
                <Precinct name="Attapulgus" votes="146" />
            </VoteType>
            <VoteType name="Provisional" votes="10">
                <Precinct name="Mt Pleasant" votes="1" />
                <Precinct name="Recovery" votes="1" />
                <Precinct name="Kendrick" votes="0" />
                <Precinct name="Climax" votes="0" />
                <Precinct name="Brinson" votes="1" />
                <Precinct name="West Bainbridge" votes="3" />
                <Precinct name="Bainbridge-Coliseum" votes="1" />
                <Precinct name="Bridge-Fairgrounds" votes="2" />
                <Precinct name="Attapulgus" votes="1" />
            </VoteType>
        </Choice>
        <Choice key="20" text="SANFORD BISHOP (I)" totalVotes="4903">
            <VoteType name="Election Day" votes="2072">
                <Precinct name="Mt Pleasant" votes="61" />
                <Precinct name="Recovery" votes="70" />
                <Precinct name="Kendrick" votes="56" />
                <Precinct name="Climax" votes="120" />
                <Precinct name="Brinson" votes="110" />
                <Precinct name="West Bainbridge" votes="275" />
                <Precinct name="Bainbridge-Coliseum" votes="589" />
                <Precinct name="Bridge-Fairgrounds" votes="374" />
                <Precinct name="Attapulgus" votes="417" />
            </VoteType>
            <VoteType name="Absentee by Mail" votes="290">
                <Precinct name="Mt Pleasant" votes="2" />
                <Precinct name="Recovery" votes="11" />
                <Precinct name="Kendrick" votes="2" />
                <Precinct name="Climax" votes="9" />
                <Precinct name="Brinson" votes="8" />
                <Precinct name="West Bainbridge" votes="34" />
                <Precinct name="Bainbridge-Coliseum" votes="108" />
                <Precinct name="Bridge-Fairgrounds" votes="54" />
                <Precinct name="Attapulgus" votes="62" />
            </VoteType>
            <VoteType name="Advance in Person" votes="2521">
                <Precinct name="Mt Pleasant" votes="47" />
                <Precinct name="Recovery" votes="49" />
                <Precinct name="Kendrick" votes="64" />
                <Precinct name="Climax" votes="85" />
                <Precinct name="Brinson" votes="85" />
                <Precinct name="West Bainbridge" votes="389" />
                <Precinct name="Bainbridge-Coliseum" votes="886" />
                <Precinct name="Bridge-Fairgrounds" votes="610" />
                <Precinct name="Attapulgus" votes="306" />
            </VoteType>
            <VoteType name="Provisional" votes="20">
                <Precinct name="Mt Pleasant" votes="0" />
                <Precinct name="Recovery" votes="0" />
                <Precinct name="Kendrick" votes="0" />
                <Precinct name="Climax" votes="0" />
                <Precinct name="Brinson" votes="0" />
                <Precinct name="West Bainbridge" votes="2" />
                <Precinct name="Bainbridge-Coliseum" votes="8" />
                <Precinct name="Bridge-Fairgrounds" votes="4" />
                <Precinct name="Attapulgus" votes="6" />
            </VoteType>
        </Choice>
    </Contest>
    <Contest key="70" text="State Senator, District 11" isQuestion="false" precinctsReporting="9" precinctsReported="9">
        <VoteType name="Number of Precincts for Race" votes="9">
            <Precinct name="Mt Pleasant" votes="1" />
            <Precinct name="Recovery" votes="1" />
            <Precinct name="Kendrick" votes="1" />
            <Precinct name="Climax" votes="1" />
            <Precinct name="Brinson" votes="1" />
            <Precinct name="West Bainbridge" votes="1" />
            <Precinct name="Bainbridge-Coliseum" votes="1" />
            <Precinct name="Bridge-Fairgrounds" votes="1" />
            <Precinct name="Attapulgus" votes="1" />
        </VoteType>
        <VoteType name="Number of Precincts Reporting" votes="9">
            <Precinct name="Mt Pleasant" votes="1" />
            <Precinct name="Recovery" votes="1" />
            <Precinct name="Kendrick" votes="1" />
            <Precinct name="Climax" votes="1" />
            <Precinct name="Brinson" votes="1" />
            <Precinct name="West Bainbridge" votes="1" />
            <Precinct name="Bainbridge-Coliseum" votes="1" />
            <Precinct name="Bridge-Fairgrounds" votes="1" />
            <Precinct name="Attapulgus" votes="1" />
        </VoteType>
        <Choice key="10" text="DEAN BURKE (I)" totalVotes="7941">
            <VoteType name="Election Day" votes="3125">
                <Precinct name="Mt Pleasant" votes="190" />
                <Precinct name="Recovery" votes="238" />
                <Precinct name="Kendrick" votes="161" />
                <Precinct name="Climax" votes="300" />
                <Precinct name="Brinson" votes="251" />
                <Precinct name="West Bainbridge" votes="329" />
                <Precinct name="Bainbridge-Coliseum" votes="894" />
                <Precinct name="Bridge-Fairgrounds" votes="403" />
                <Precinct name="Attapulgus" votes="359" />
            </VoteType>
            <VoteType name="Absentee by Mail" votes="387">
                <Precinct name="Mt Pleasant" votes="13" />
                <Precinct name="Recovery" votes="23" />
                <Precinct name="Kendrick" votes="4" />
                <Precinct name="Climax" votes="18" />
                <Precinct name="Brinson" votes="20" />
                <Precinct name="West Bainbridge" votes="34" />
                <Precinct name="Bainbridge-Coliseum" votes="162" />
                <Precinct name="Bridge-Fairgrounds" votes="64" />
                <Precinct name="Attapulgus" votes="49" />
            </VoteType>
            <VoteType name="Advance in Person" votes="4409">
                <Precinct name="Mt Pleasant" votes="188" />
                <Precinct name="Recovery" votes="125" />
                <Precinct name="Kendrick" votes="125" />
                <Precinct name="Climax" votes="232" />
                <Precinct name="Brinson" votes="198" />
                <Precinct name="West Bainbridge" votes="585" />
                <Precinct name="Bainbridge-Coliseum" votes="1786" />
                <Precinct name="Bridge-Fairgrounds" votes="866" />
                <Precinct name="Attapulgus" votes="304" />
            </VoteType>
            <VoteType name="Provisional" votes="20">
                <Precinct name="Mt Pleasant" votes="0" />
                <Precinct name="Recovery" votes="1" />
                <Precinct name="Kendrick" votes="0" />
                <Precinct name="Climax" votes="0" />
                <Precinct name="Brinson" votes="0" />
                <Precinct name="West Bainbridge" votes="5" />
                <Precinct name="Bainbridge-Coliseum" votes="4" />
                <Precinct name="Bridge-Fairgrounds" votes="4" />
                <Precinct name="Attapulgus" votes="6" />
            </VoteType>
        </Choice>
    </Contest>
    <Contest key="90" text="State Representative, District 171" isQuestion="false" precinctsReporting="5" precinctsReported="5">
        <VoteType name="Number of Precincts for Race" votes="5">
            <Precinct name="Mt Pleasant" votes="1" />
            <Precinct name="Brinson" votes="1" />
            <Precinct name="West Bainbridge" votes="1" />
            <Precinct name="Bainbridge-Coliseum" votes="1" />
            <Precinct name="Bridge-Fairgrounds" votes="1" />
        </VoteType>
        <VoteType name="Number of Precincts Reporting" votes="5">
            <Precinct name="Mt Pleasant" votes="1" />
            <Precinct name="Brinson" votes="1" />
            <Precinct name="West Bainbridge" votes="1" />
            <Precinct name="Bainbridge-Coliseum" votes="1" />
            <Precinct name="Bridge-Fairgrounds" votes="1" />
        </VoteType>
        <Choice key="10" text="JAY POWELL (I)" totalVotes="5181">
            <VoteType name="Election Day" votes="1819">
                <Precinct name="Mt Pleasant" votes="183" />
                <Precinct name="Brinson" votes="244" />
                <Precinct name="West Bainbridge" votes="311" />
                <Precinct name="Bainbridge-Coliseum" votes="700" />
                <Precinct name="Bridge-Fairgrounds" votes="381" />
            </VoteType>
            <VoteType name="Absentee by Mail" votes="243">
                <Precinct name="Mt Pleasant" votes="13" />
                <Precinct name="Brinson" votes="21" />
                <Precinct name="West Bainbridge" votes="32" />
                <Precinct name="Bainbridge-Coliseum" votes="118" />
                <Precinct name="Bridge-Fairgrounds" votes="59" />
            </VoteType>
            <VoteType name="Advance in Person" votes="3108">
                <Precinct name="Mt Pleasant" votes="185" />
                <Precinct name="Brinson" votes="186" />
                <Precinct name="West Bainbridge" votes="550" />
                <Precinct name="Bainbridge-Coliseum" votes="1389" />
                <Precinct name="Bridge-Fairgrounds" votes="798" />
            </VoteType>
            <VoteType name="Provisional" votes="11">
                <Precinct name="Mt Pleasant" votes="0" />
                <Precinct name="Brinson" votes="0" />
                <Precinct name="West Bainbridge" votes="5" />
                <Precinct name="Bainbridge-Coliseum" votes="2" />
                <Precinct name="Bridge-Fairgrounds" votes="4" />
            </VoteType>
        </Choice>
    </Contest>
    <Contest key="110" text="State Representative, District 173" isQuestion="false" precinctsReporting="5" precinctsReported="5">
        <VoteType name="Number of Precincts for Race" votes="5">
            <Precinct name="Recovery" votes="1" />
            <Precinct name="Kendrick" votes="1" />
            <Precinct name="Climax" votes="1" />
            <Precinct name="Bainbridge-Coliseum" votes="1" />
            <Precinct name="Attapulgus" votes="1" />
        </VoteType>
        <VoteType name="Number of Precincts Reporting" votes="5">
            <Precinct name="Recovery" votes="1" />
            <Precinct name="Kendrick" votes="1" />
            <Precinct name="Climax" votes="1" />
            <Precinct name="Bainbridge-Coliseum" votes="1" />
            <Precinct name="Attapulgus" votes="1" />
        </VoteType>
        <Choice key="10" text="DARLENE TAYLOR (I) (REP)" totalVotes="1953">
            <VoteType name="Election Day" votes="960">
                <Precinct name="Recovery" votes="225" />
                <Precinct name="Kendrick" votes="136" />
                <Precinct name="Climax" votes="261" />
                <Precinct name="Bainbridge-Coliseum" votes="142" />
                <Precinct name="Attapulgus" votes="196" />
            </VoteType>
            <VoteType name="Absentee by Mail" votes="98">
                <Precinct name="Recovery" votes="19" />
                <Precinct name="Kendrick" votes="4" />
                <Precinct name="Climax" votes="19" />
                <Precinct name="Bainbridge-Coliseum" votes="27" />
                <Precinct name="Attapulgus" votes="29" />
            </VoteType>
            <VoteType name="Advance in Person" votes="893">
                <Precinct name="Recovery" votes="106" />
                <Precinct name="Kendrick" votes="109" />
                <Precinct name="Climax" votes="211" />
                <Precinct name="Bainbridge-Coliseum" votes="288" />
                <Precinct name="Attapulgus" votes="179" />
            </VoteType>
            <VoteType name="Provisional" votes="2">
                <Precinct name="Recovery" votes="0" />
                <Precinct name="Kendrick" votes="0" />
                <Precinct name="Climax" votes="0" />
                <Precinct name="Bainbridge-Coliseum" votes="0" />
                <Precinct name="Attapulgus" votes="2" />
            </VoteType>
        </Choice>
        <Choice key="20" text="TOMMY &quot;TC&quot; HILL (DEM)" totalVotes="1127">
            <VoteType name="Election Day" votes="576">
                <Precinct name="Recovery" votes="39" />
                <Precinct name="Kendrick" votes="35" />
                <Precinct name="Climax" votes="89" />
                <Precinct name="Bainbridge-Coliseum" votes="43" />
                <Precinct name="Attapulgus" votes="370" />
            </VoteType>
            <VoteType name="Absentee by Mail" votes="77">
                <Precinct name="Recovery" votes="7" />
                <Precinct name="Kendrick" votes="0" />
                <Precinct name="Climax" votes="6" />
                <Precinct name="Bainbridge-Coliseum" votes="11" />
                <Precinct name="Attapulgus" votes="53" />
            </VoteType>
            <VoteType name="Advance in Person" votes="466">
                <Precinct name="Recovery" votes="42" />
                <Precinct name="Kendrick" votes="35" />
                <Precinct name="Climax" votes="50" />
                <Precinct name="Bainbridge-Coliseum" votes="75" />
                <Precinct name="Attapulgus" votes="264" />
            </VoteType>
            <VoteType name="Provisional" votes="8">
                <Precinct name="Recovery" votes="1" />
                <Precinct name="Kendrick" votes="0" />
                <Precinct name="Climax" votes="0" />
                <Precinct name="Bainbridge-Coliseum" votes="2" />
                <Precinct name="Attapulgus" votes="5" />
            </VoteType>
        </Choice>
    </Contest>
    <Contest key="140" text="District Attorney, South Georgia Circuit" isQuestion="false" precinctsReporting="9" precinctsReported="9">
        <VoteType name="Number of Precincts for Race" votes="9">
            <Precinct name="Mt Pleasant" votes="1" />
            <Precinct name="Recovery" votes="1" />
            <Precinct name="Kendrick" votes="1" />
            <Precinct name="Climax" votes="1" />
            <Precinct name="Brinson" votes="1" />
            <Precinct name="West Bainbridge" votes="1" />
            <Precinct name="Bainbridge-Coliseum" votes="1" />
            <Precinct name="Bridge-Fairgrounds" votes="1" />
            <Precinct name="Attapulgus" votes="1" />
        </VoteType>
        <VoteType name="Number of Precincts Reporting" votes="9">
            <Precinct name="Mt Pleasant" votes="1" />
            <Precinct name="Recovery" votes="1" />
            <Precinct name="Kendrick" votes="1" />
            <Precinct name="Climax" votes="1" />
            <Precinct name="Brinson" votes="1" />
            <Precinct name="West Bainbridge" votes="1" />
            <Precinct name="Bainbridge-Coliseum" votes="1" />
            <Precinct name="Bridge-Fairgrounds" votes="1" />
            <Precinct name="Attapulgus" votes="1" />
        </VoteType>
        <Choice key="10" text="JOE MULHOLLAND (I)" totalVotes="8377">
            <VoteType name="Election Day" votes="3327">
                <Precinct name="Mt Pleasant" votes="163" />
                <Precinct name="Recovery" votes="195" />
                <Precinct name="Kendrick" votes="141" />
                <Precinct name="Climax" votes="279" />
                <Precinct name="Brinson" votes="227" />
                <Precinct name="West Bainbridge" votes="376" />
                <Precinct name="Bainbridge-Coliseum" votes="973" />
                <Precinct name="Bridge-Fairgrounds" votes="485" />
                <Precinct name="Attapulgus" votes="488" />
            </VoteType>
            <VoteType name="Absentee by Mail" votes="454">
                <Precinct name="Mt Pleasant" votes="12" />
                <Precinct name="Recovery" votes="20" />
                <Precinct name="Kendrick" votes="4" />
                <Precinct name="Climax" votes="18" />
                <Precinct name="Brinson" votes="18" />
                <Precinct name="West Bainbridge" votes="50" />
                <Precinct name="Bainbridge-Coliseum" votes="177" />
                <Precinct name="Bridge-Fairgrounds" votes="77" />
                <Precinct name="Attapulgus" votes="78" />
            </VoteType>
            <VoteType name="Advance in Person" votes="4572">
                <Precinct name="Mt Pleasant" votes="172" />
                <Precinct name="Recovery" votes="118" />
                <Precinct name="Kendrick" votes="124" />
                <Precinct name="Climax" votes="212" />
                <Precinct name="Brinson" votes="190" />
                <Precinct name="West Bainbridge" votes="623" />
                <Precinct name="Bainbridge-Coliseum" votes="1790" />
                <Precinct name="Bridge-Fairgrounds" votes="951" />
                <Precinct name="Attapulgus" votes="392" />
            </VoteType>
            <VoteType name="Provisional" votes="24">
                <Precinct name="Mt Pleasant" votes="0" />
                <Precinct name="Recovery" votes="1" />
                <Precinct name="Kendrick" votes="0" />
                <Precinct name="Climax" votes="0" />
                <Precinct name="Brinson" votes="0" />
                <Precinct name="West Bainbridge" votes="5" />
                <Precinct name="Bainbridge-Coliseum" votes="8" />
                <Precinct name="Bridge-Fairgrounds" votes="3" />
                <Precinct name="Attapulgus" votes="7" />
            </VoteType>
        </Choice>
    </Contest>
    <Contest key="160" text="CLERK, SUPERIOR COURT" isQuestion="false" precinctsReporting="9" precinctsReported="9">
        <VoteType name="Number of Precincts for Race" votes="9">
            <Precinct name="Mt Pleasant" votes="1" />
            <Precinct name="Recovery" votes="1" />
            <Precinct name="Kendrick" votes="1" />
            <Precinct name="Climax" votes="1" />
            <Precinct name="Brinson" votes="1" />
            <Precinct name="West Bainbridge" votes="1" />
            <Precinct name="Bainbridge-Coliseum" votes="1" />
            <Precinct name="Bridge-Fairgrounds" votes="1" />
            <Precinct name="Attapulgus" votes="1" />
        </VoteType>
        <VoteType name="Number of Precincts Reporting" votes="9">
            <Precinct name="Mt Pleasant" votes="1" />
            <Precinct name="Recovery" votes="1" />
            <Precinct name="Kendrick" votes="1" />
            <Precinct name="Climax" votes="1" />
            <Precinct name="Brinson" votes="1" />
            <Precinct name="West Bainbridge" votes="1" />
            <Precinct name="Bainbridge-Coliseum" votes="1" />
            <Precinct name="Bridge-Fairgrounds" votes="1" />
            <Precinct name="Attapulgus" votes="1" />
        </VoteType>
        <Choice key="20" text="C. WILLIS (I) D" totalVotes="8820">
            <VoteType name="Election Day" votes="3482">
                <Precinct name="Mt Pleasant" votes="175" />
                <Precinct name="Recovery" votes="212" />
                <Precinct name="Kendrick" votes="151" />
                <Precinct name="Climax" votes="287" />
                <Precinct name="Brinson" votes="248" />
                <Precinct name="West Bainbridge" votes="393" />
                <Precinct name="Bainbridge-Coliseum" votes="1010" />
                <Precinct name="Bridge-Fairgrounds" votes="500" />
                <Precinct name="Attapulgus" votes="506" />
            </VoteType>
            <VoteType name="Absentee by Mail" votes="460">
                <Precinct name="Mt Pleasant" votes="12" />
                <Precinct name="Recovery" votes="21" />
                <Precinct name="Kendrick" votes="4" />
                <Precinct name="Climax" votes="18" />
                <Precinct name="Brinson" votes="20" />
                <Precinct name="West Bainbridge" votes="51" />
                <Precinct name="Bainbridge-Coliseum" votes="177" />
                <Precinct name="Bridge-Fairgrounds" votes="79" />
                <Precinct name="Attapulgus" votes="78" />
            </VoteType>
            <VoteType name="Advance in Person" votes="4853">
                <Precinct name="Mt Pleasant" votes="180" />
                <Precinct name="Recovery" votes="128" />
                <Precinct name="Kendrick" votes="126" />
                <Precinct name="Climax" votes="236" />
                <Precinct name="Brinson" votes="203" />
                <Precinct name="West Bainbridge" votes="668" />
                <Precinct name="Bainbridge-Coliseum" votes="1906" />
                <Precinct name="Bridge-Fairgrounds" votes="997" />
                <Precinct name="Attapulgus" votes="409" />
            </VoteType>
            <VoteType name="Provisional" votes="25">
                <Precinct name="Mt Pleasant" votes="0" />
                <Precinct name="Recovery" votes="1" />
                <Precinct name="Kendrick" votes="0" />
                <Precinct name="Climax" votes="0" />
                <Precinct name="Brinson" votes="0" />
                <Precinct name="West Bainbridge" votes="5" />
                <Precinct name="Bainbridge-Coliseum" votes="9" />
                <Precinct name="Bridge-Fairgrounds" votes="3" />
                <Precinct name="Attapulgus" votes="7" />
            </VoteType>
        </Choice>
    </Contest>
    <Contest key="180" text="SHERIFF" isQuestion="false" precinctsReporting="9" precinctsReported="9">
        <VoteType name="Number of Precincts for Race" votes="9">
            <Precinct name="Mt Pleasant" votes="1" />
            <Precinct name="Recovery" votes="1" />
            <Precinct name="Kendrick" votes="1" />
            <Precinct name="Climax" votes="1" />
            <Precinct name="Brinson" votes="1" />
            <Precinct name="West Bainbridge" votes="1" />
            <Precinct name="Bainbridge-Coliseum" votes="1" />
            <Precinct name="Bridge-Fairgrounds" votes="1" />
            <Precinct name="Attapulgus" votes="1" />
        </VoteType>
        <VoteType name="Number of Precincts Reporting" votes="9">
            <Precinct name="Mt Pleasant" votes="1" />
            <Precinct name="Recovery" votes="1" />
            <Precinct name="Kendrick" votes="1" />
            <Precinct name="Climax" votes="1" />
            <Precinct name="Brinson" votes="1" />
            <Precinct name="West Bainbridge" votes="1" />
            <Precinct name="Bainbridge-Coliseum" votes="1" />
            <Precinct name="Bridge-Fairgrounds" votes="1" />
            <Precinct name="Attapulgus" votes="1" />
        </VoteType>
        <Choice key="20" text="W. GRIFFIN (I) D" totalVotes="8132">
            <VoteType name="Election Day" votes="3221">
                <Precinct name="Mt Pleasant" votes="160" />
                <Precinct name="Recovery" votes="200" />
                <Precinct name="Kendrick" votes="129" />
                <Precinct name="Climax" votes="265" />
                <Precinct name="Brinson" votes="238" />
                <Precinct name="West Bainbridge" votes="347" />
                <Precinct name="Bainbridge-Coliseum" votes="957" />
                <Precinct name="Bridge-Fairgrounds" votes="447" />
                <Precinct name="Attapulgus" votes="478" />
            </VoteType>
            <VoteType name="Absentee by Mail" votes="435">
                <Precinct name="Mt Pleasant" votes="14" />
                <Precinct name="Recovery" votes="14" />
                <Precinct name="Kendrick" votes="3" />
                <Precinct name="Climax" votes="19" />
                <Precinct name="Brinson" votes="19" />
                <Precinct name="West Bainbridge" votes="48" />
                <Precinct name="Bainbridge-Coliseum" votes="166" />
                <Precinct name="Bridge-Fairgrounds" votes="77" />
                <Precinct name="Attapulgus" votes="75" />
            </VoteType>
            <VoteType name="Advance in Person" votes="4453">
                <Precinct name="Mt Pleasant" votes="168" />
                <Precinct name="Recovery" votes="116" />
                <Precinct name="Kendrick" votes="112" />
                <Precinct name="Climax" votes="198" />
                <Precinct name="Brinson" votes="178" />
                <Precinct name="West Bainbridge" votes="619" />
                <Precinct name="Bainbridge-Coliseum" votes="1774" />
                <Precinct name="Bridge-Fairgrounds" votes="903" />
                <Precinct name="Attapulgus" votes="385" />
            </VoteType>
            <VoteType name="Provisional" votes="23">
                <Precinct name="Mt Pleasant" votes="0" />
                <Precinct name="Recovery" votes="1" />
                <Precinct name="Kendrick" votes="0" />
                <Precinct name="Climax" votes="0" />
                <Precinct name="Brinson" votes="1" />
                <Precinct name="West Bainbridge" votes="5" />
                <Precinct name="Bainbridge-Coliseum" votes="7" />
                <Precinct name="Bridge-Fairgrounds" votes="3" />
                <Precinct name="Attapulgus" votes="6" />
            </VoteType>
        </Choice>
    </Contest>
    <Contest key="190" text="TAX COMMISSIONER" isQuestion="false" precinctsReporting="9" precinctsReported="9">
        <VoteType name="Number of Precincts for Race" votes="9">
            <Precinct name="Mt Pleasant" votes="1" />
            <Precinct name="Recovery" votes="1" />
            <Precinct name="Kendrick" votes="1" />
            <Precinct name="Climax" votes="1" />
            <Precinct name="Brinson" votes="1" />
            <Precinct name="West Bainbridge" votes="1" />
            <Precinct name="Bainbridge-Coliseum" votes="1" />
            <Precinct name="Bridge-Fairgrounds" votes="1" />
            <Precinct name="Attapulgus" votes="1" />
        </VoteType>
        <VoteType name="Number of Precincts Reporting" votes="9">
            <Precinct name="Mt Pleasant" votes="1" />
            <Precinct name="Recovery" votes="1" />
            <Precinct name="Kendrick" votes="1" />
            <Precinct name="Climax" votes="1" />
            <Precinct name="Brinson" votes="1" />
            <Precinct name="West Bainbridge" votes="1" />
            <Precinct name="Bainbridge-Coliseum" votes="1" />
            <Precinct name="Bridge-Fairgrounds" votes="1" />
            <Precinct name="Attapulgus" votes="1" />
        </VoteType>
        <Choice key="10" text="O. SELLERS (R)" totalVotes="3576">
            <VoteType name="Election Day" votes="1400">
                <Precinct name="Mt Pleasant" votes="96" />
                <Precinct name="Recovery" votes="166" />
                <Precinct name="Kendrick" votes="87" />
                <Precinct name="Climax" votes="188" />
                <Precinct name="Brinson" votes="151" />
                <Precinct name="West Bainbridge" votes="138" />
                <Precinct name="Bainbridge-Coliseum" votes="322" />
                <Precinct name="Bridge-Fairgrounds" votes="122" />
                <Precinct name="Attapulgus" votes="130" />
            </VoteType>
            <VoteType name="Absentee by Mail" votes="200">
                <Precinct name="Mt Pleasant" votes="9" />
                <Precinct name="Recovery" votes="14" />
                <Precinct name="Kendrick" votes="2" />
                <Precinct name="Climax" votes="12" />
                <Precinct name="Brinson" votes="17" />
                <Precinct name="West Bainbridge" votes="23" />
                <Precinct name="Bainbridge-Coliseum" votes="76" />
                <Precinct name="Bridge-Fairgrounds" votes="28" />
                <Precinct name="Attapulgus" votes="19" />
            </VoteType>
            <VoteType name="Advance in Person" votes="1969">
                <Precinct name="Mt Pleasant" votes="92" />
                <Precinct name="Recovery" votes="76" />
                <Precinct name="Kendrick" votes="62" />
                <Precinct name="Climax" votes="136" />
                <Precinct name="Brinson" votes="112" />
                <Precinct name="West Bainbridge" votes="282" />
                <Precinct name="Bainbridge-Coliseum" votes="729" />
                <Precinct name="Bridge-Fairgrounds" votes="362" />
                <Precinct name="Attapulgus" votes="118" />
            </VoteType>
            <VoteType name="Provisional" votes="7">
                <Precinct name="Mt Pleasant" votes="0" />
                <Precinct name="Recovery" votes="1" />
                <Precinct name="Kendrick" votes="0" />
                <Precinct name="Climax" votes="0" />
                <Precinct name="Brinson" votes="0" />
                <Precinct name="West Bainbridge" votes="1" />
                <Precinct name="Bainbridge-Coliseum" votes="2" />
                <Precinct name="Bridge-Fairgrounds" votes="2" />
                <Precinct name="Attapulgus" votes="1" />
            </VoteType>
        </Choice>
        <Choice key="20" text="M. HARRELL (D)" totalVotes="6280">
            <VoteType name="Election Day" votes="2520">
                <Precinct name="Mt Pleasant" votes="104" />
                <Precinct name="Recovery" votes="100" />
                <Precinct name="Kendrick" votes="85" />
                <Precinct name="Climax" votes="162" />
                <Precinct name="Brinson" votes="136" />
                <Precinct name="West Bainbridge" votes="290" />
                <Precinct name="Bainbridge-Coliseum" votes="796" />
                <Precinct name="Bridge-Fairgrounds" votes="413" />
                <Precinct name="Attapulgus" votes="434" />
            </VoteType>
            <VoteType name="Absentee by Mail" votes="312">
                <Precinct name="Mt Pleasant" votes="5" />
                <Precinct name="Recovery" votes="13" />
                <Precinct name="Kendrick" votes="2" />
                <Precinct name="Climax" votes="12" />
                <Precinct name="Brinson" votes="7" />
                <Precinct name="West Bainbridge" votes="31" />
                <Precinct name="Bainbridge-Coliseum" votes="120" />
                <Precinct name="Bridge-Fairgrounds" votes="59" />
                <Precinct name="Attapulgus" votes="63" />
            </VoteType>
            <VoteType name="Advance in Person" votes="3426">
                <Precinct name="Mt Pleasant" votes="114" />
                <Precinct name="Recovery" votes="72" />
                <Precinct name="Kendrick" votes="84" />
                <Precinct name="Climax" votes="127" />
                <Precinct name="Brinson" votes="114" />
                <Precinct name="West Bainbridge" votes="465" />
                <Precinct name="Bainbridge-Coliseum" votes="1389" />
                <Precinct name="Bridge-Fairgrounds" votes="736" />
                <Precinct name="Attapulgus" votes="325" />
            </VoteType>
            <VoteType name="Provisional" votes="22">
                <Precinct name="Mt Pleasant" votes="0" />
                <Precinct name="Recovery" votes="0" />
                <Precinct name="Kendrick" votes="0" />
                <Precinct name="Climax" votes="0" />
                <Precinct name="Brinson" votes="1" />
                <Precinct name="West Bainbridge" votes="4" />
                <Precinct name="Bainbridge-Coliseum" votes="7" />
                <Precinct name="Bridge-Fairgrounds" votes="3" />
                <Precinct name="Attapulgus" votes="7" />
            </VoteType>
        </Choice>
    </Contest>
    <Contest key="220" text="CORONER" isQuestion="false" precinctsReporting="9" precinctsReported="9">
        <VoteType name="Number of Precincts for Race" votes="9">
            <Precinct name="Mt Pleasant" votes="1" />
            <Precinct name="Recovery" votes="1" />
            <Precinct name="Kendrick" votes="1" />
            <Precinct name="Climax" votes="1" />
            <Precinct name="Brinson" votes="1" />
            <Precinct name="West Bainbridge" votes="1" />
            <Precinct name="Bainbridge-Coliseum" votes="1" />
            <Precinct name="Bridge-Fairgrounds" votes="1" />
            <Precinct name="Attapulgus" votes="1" />
        </VoteType>
        <VoteType name="Number of Precincts Reporting" votes="9">
            <Precinct name="Mt Pleasant" votes="1" />
            <Precinct name="Recovery" votes="1" />
            <Precinct name="Kendrick" votes="1" />
            <Precinct name="Climax" votes="1" />
            <Precinct name="Brinson" votes="1" />
            <Precinct name="West Bainbridge" votes="1" />
            <Precinct name="Bainbridge-Coliseum" votes="1" />
            <Precinct name="Bridge-Fairgrounds" votes="1" />
            <Precinct name="Attapulgus" votes="1" />
        </VoteType>
        <Choice key="10" text="K. HOLLIS (I) D" totalVotes="8499">
            <VoteType name="Election Day" votes="3369">
                <Precinct name="Mt Pleasant" votes="165" />
                <Precinct name="Recovery" votes="208" />
                <Precinct name="Kendrick" votes="148" />
                <Precinct name="Climax" votes="278" />
                <Precinct name="Brinson" votes="242" />
                <Precinct name="West Bainbridge" votes="387" />
                <Precinct name="Bainbridge-Coliseum" votes="976" />
                <Precinct name="Bridge-Fairgrounds" votes="478" />
                <Precinct name="Attapulgus" votes="487" />
            </VoteType>
            <VoteType name="Absentee by Mail" votes="450">
                <Precinct name="Mt Pleasant" votes="11" />
                <Precinct name="Recovery" votes="19" />
                <Precinct name="Kendrick" votes="4" />
                <Precinct name="Climax" votes="18" />
                <Precinct name="Brinson" votes="20" />
                <Precinct name="West Bainbridge" votes="50" />
                <Precinct name="Bainbridge-Coliseum" votes="174" />
                <Precinct name="Bridge-Fairgrounds" votes="77" />
                <Precinct name="Attapulgus" votes="77" />
            </VoteType>
            <VoteType name="Advance in Person" votes="4655">
                <Precinct name="Mt Pleasant" votes="167" />
                <Precinct name="Recovery" votes="124" />
                <Precinct name="Kendrick" votes="121" />
                <Precinct name="Climax" votes="216" />
                <Precinct name="Brinson" votes="197" />
                <Precinct name="West Bainbridge" votes="652" />
                <Precinct name="Bainbridge-Coliseum" votes="1836" />
                <Precinct name="Bridge-Fairgrounds" votes="948" />
                <Precinct name="Attapulgus" votes="394" />
            </VoteType>
            <VoteType name="Provisional" votes="25">
                <Precinct name="Mt Pleasant" votes="0" />
                <Precinct name="Recovery" votes="1" />
                <Precinct name="Kendrick" votes="0" />
                <Precinct name="Climax" votes="0" />
                <Precinct name="Brinson" votes="0" />
                <Precinct name="West Bainbridge" votes="5" />
                <Precinct name="Bainbridge-Coliseum" votes="8" />
                <Precinct name="Bridge-Fairgrounds" votes="4" />
                <Precinct name="Attapulgus" votes="7" />
            </VoteType>
        </Choice>
    </Contest>
    <Contest key="230" text="CC, D2" isQuestion="false" precinctsReporting="5" precinctsReported="5">
        <VoteType name="Number of Precincts for Race" votes="5">
            <Precinct name="Mt Pleasant" votes="1" />
            <Precinct name="Climax" votes="1" />
            <Precinct name="Bainbridge-Coliseum" votes="1" />
            <Precinct name="Bridge-Fairgrounds" votes="1" />
            <Precinct name="Attapulgus" votes="1" />
        </VoteType>
        <VoteType name="Number of Precincts Reporting" votes="5">
            <Precinct name="Mt Pleasant" votes="1" />
            <Precinct name="Climax" votes="1" />
            <Precinct name="Bainbridge-Coliseum" votes="1" />
            <Precinct name="Bridge-Fairgrounds" votes="1" />
            <Precinct name="Attapulgus" votes="1" />
        </VoteType>
        <Choice key="10" text="S. BROCK (R)" totalVotes="1716">
            <VoteType name="Election Day" votes="698">
                <Precinct name="Mt Pleasant" votes="189" />
                <Precinct name="Climax" votes="280" />
                <Precinct name="Bainbridge-Coliseum" votes="86" />
                <Precinct name="Bridge-Fairgrounds" votes="142" />
                <Precinct name="Attapulgus" votes="1" />
            </VoteType>
            <VoteType name="Absentee by Mail" votes="60">
                <Precinct name="Mt Pleasant" votes="13" />
                <Precinct name="Climax" votes="17" />
                <Precinct name="Bainbridge-Coliseum" votes="11" />
                <Precinct name="Bridge-Fairgrounds" votes="19" />
                <Precinct name="Attapulgus" votes="0" />
            </VoteType>
            <VoteType name="Advance in Person" votes="956">
                <Precinct name="Mt Pleasant" votes="186" />
                <Precinct name="Climax" votes="211" />
                <Precinct name="Bainbridge-Coliseum" votes="192" />
                <Precinct name="Bridge-Fairgrounds" votes="357" />
                <Precinct name="Attapulgus" votes="10" />
            </VoteType>
            <VoteType name="Provisional" votes="2">
                <Precinct name="Mt Pleasant" votes="0" />
                <Precinct name="Climax" votes="0" />
                <Precinct name="Bainbridge-Coliseum" votes="0" />
                <Precinct name="Bridge-Fairgrounds" votes="2" />
                <Precinct name="Attapulgus" votes="0" />
            </VoteType>
        </Choice>
    </Contest>
    <Contest key="260" text="CC, D3" isQuestion="false" precinctsReporting="2" precinctsReported="2">
        <VoteType name="Number of Precincts for Race" votes="2">
            <Precinct name="Bainbridge-Coliseum" votes="1" />
            <Precinct name="Bridge-Fairgrounds" votes="1" />
        </VoteType>
        <VoteType name="Number of Precincts Reporting" votes="2">
            <Precinct name="Bainbridge-Coliseum" votes="1" />
            <Precinct name="Bridge-Fairgrounds" votes="1" />
        </VoteType>
        <Choice key="10" text="D. BRINSON (I) D" totalVotes="1290">
            <VoteType name="Election Day" votes="453">
                <Precinct name="Bainbridge-Coliseum" votes="110" />
                <Precinct name="Bridge-Fairgrounds" votes="343" />
            </VoteType>
            <VoteType name="Absentee by Mail" votes="73">
                <Precinct name="Bainbridge-Coliseum" votes="15" />
                <Precinct name="Bridge-Fairgrounds" votes="58" />
            </VoteType>
            <VoteType name="Advance in Person" votes="758">
                <Precinct name="Bainbridge-Coliseum" votes="157" />
                <Precinct name="Bridge-Fairgrounds" votes="601" />
            </VoteType>
            <VoteType name="Provisional" votes="6">
                <Precinct name="Bainbridge-Coliseum" votes="5" />
                <Precinct name="Bridge-Fairgrounds" votes="1" />
            </VoteType>
        </Choice>
    </Contest>
    <Contest key="280" text="CC, D5" isQuestion="false" precinctsReporting="4" precinctsReported="4">
        <VoteType name="Number of Precincts for Race" votes="4">
            <Precinct name="Recovery" votes="1" />
            <Precinct name="Kendrick" votes="1" />
            <Precinct name="West Bainbridge" votes="1" />
            <Precinct name="Bainbridge-Coliseum" votes="1" />
        </VoteType>
        <VoteType name="Number of Precincts Reporting" votes="4">
            <Precinct name="Recovery" votes="1" />
            <Precinct name="Kendrick" votes="1" />
            <Precinct name="West Bainbridge" votes="1" />
            <Precinct name="Bainbridge-Coliseum" votes="1" />
        </VoteType>
        <Choice key="10" text="G. MURRAY (D)" totalVotes="1330">
            <VoteType name="Election Day" votes="585">
                <Precinct name="Recovery" votes="217" />
                <Precinct name="Kendrick" votes="142" />
                <Precinct name="West Bainbridge" votes="114" />
                <Precinct name="Bainbridge-Coliseum" votes="112" />
            </VoteType>
            <VoteType name="Absentee by Mail" votes="61">
                <Precinct name="Recovery" votes="20" />
                <Precinct name="Kendrick" votes="4" />
                <Precinct name="West Bainbridge" votes="21" />
                <Precinct name="Bainbridge-Coliseum" votes="16" />
            </VoteType>
            <VoteType name="Advance in Person" votes="680">
                <Precinct name="Recovery" votes="128" />
                <Precinct name="Kendrick" votes="123" />
                <Precinct name="West Bainbridge" votes="226" />
                <Precinct name="Bainbridge-Coliseum" votes="203" />
            </VoteType>
            <VoteType name="Provisional" votes="4">
                <Precinct name="Recovery" votes="1" />
                <Precinct name="Kendrick" votes="0" />
                <Precinct name="West Bainbridge" votes="3" />
                <Precinct name="Bainbridge-Coliseum" votes="0" />
            </VoteType>
        </Choice>
    </Contest>
    <Contest key="290" text="Constitutional Amendment #1&lt;br&gt;Provides greater flexibility and state accountability to fix failing schools through increasing community involvement." isQuestion="false" precinctsReporting="9" precinctsReported="9">
        <VoteType name="Number of Precincts for Race" votes="9">
            <Precinct name="Mt Pleasant" votes="1" />
            <Precinct name="Recovery" votes="1" />
            <Precinct name="Kendrick" votes="1" />
            <Precinct name="Climax" votes="1" />
            <Precinct name="Brinson" votes="1" />
            <Precinct name="West Bainbridge" votes="1" />
            <Precinct name="Bainbridge-Coliseum" votes="1" />
            <Precinct name="Bridge-Fairgrounds" votes="1" />
            <Precinct name="Attapulgus" votes="1" />
        </VoteType>
        <VoteType name="Number of Precincts Reporting" votes="9">
            <Precinct name="Mt Pleasant" votes="1" />
            <Precinct name="Recovery" votes="1" />
            <Precinct name="Kendrick" votes="1" />
            <Precinct name="Climax" votes="1" />
            <Precinct name="Brinson" votes="1" />
            <Precinct name="West Bainbridge" votes="1" />
            <Precinct name="Bainbridge-Coliseum" votes="1" />
            <Precinct name="Bridge-Fairgrounds" votes="1" />
            <Precinct name="Attapulgus" votes="1" />
        </VoteType>
        <Choice key="10" text="YES" totalVotes="4057">
            <VoteType name="Election Day" votes="1634">
                <Precinct name="Mt Pleasant" votes="67" />
                <Precinct name="Recovery" votes="121" />
                <Precinct name="Kendrick" votes="61" />
                <Precinct name="Climax" votes="133" />
                <Precinct name="Brinson" votes="102" />
                <Precinct name="West Bainbridge" votes="205" />
                <Precinct name="Bainbridge-Coliseum" votes="439" />
                <Precinct name="Bridge-Fairgrounds" votes="245" />
                <Precinct name="Attapulgus" votes="261" />
            </VoteType>
            <VoteType name="Absentee by Mail" votes="235">
                <Precinct name="Mt Pleasant" votes="5" />
                <Precinct name="Recovery" votes="15" />
                <Precinct name="Kendrick" votes="3" />
                <Precinct name="Climax" votes="10" />
                <Precinct name="Brinson" votes="12" />
                <Precinct name="West Bainbridge" votes="26" />
                <Precinct name="Bainbridge-Coliseum" votes="92" />
                <Precinct name="Bridge-Fairgrounds" votes="46" />
                <Precinct name="Attapulgus" votes="26" />
            </VoteType>
            <VoteType name="Advance in Person" votes="2170">
                <Precinct name="Mt Pleasant" votes="72" />
                <Precinct name="Recovery" votes="74" />
                <Precinct name="Kendrick" votes="65" />
                <Precinct name="Climax" votes="100" />
                <Precinct name="Brinson" votes="90" />
                <Precinct name="West Bainbridge" votes="320" />
                <Precinct name="Bainbridge-Coliseum" votes="777" />
                <Precinct name="Bridge-Fairgrounds" votes="463" />
                <Precinct name="Attapulgus" votes="209" />
            </VoteType>
            <VoteType name="Provisional" votes="18">
                <Precinct name="Mt Pleasant" votes="0" />
                <Precinct name="Recovery" votes="1" />
                <Precinct name="Kendrick" votes="0" />
                <Precinct name="Climax" votes="0" />
                <Precinct name="Brinson" votes="1" />
                <Precinct name="West Bainbridge" votes="3" />
                <Precinct name="Bainbridge-Coliseum" votes="5" />
                <Precinct name="Bridge-Fairgrounds" votes="3" />
                <Precinct name="Attapulgus" votes="5" />
            </VoteType>
        </Choice>
        <Choice key="20" text="NO" totalVotes="5776">
            <VoteType name="Election Day" votes="2289">
                <Precinct name="Mt Pleasant" votes="135" />
                <Precinct name="Recovery" votes="139" />
                <Precinct name="Kendrick" votes="118" />
                <Precinct name="Climax" votes="218" />
                <Precinct name="Brinson" votes="183" />
                <Precinct name="West Bainbridge" votes="223" />
                <Precinct name="Bainbridge-Coliseum" votes="679" />
                <Precinct name="Bridge-Fairgrounds" votes="305" />
                <Precinct name="Attapulgus" votes="289" />
            </VoteType>
            <VoteType name="Absentee by Mail" votes="259">
                <Precinct name="Mt Pleasant" votes="9" />
                <Precinct name="Recovery" votes="12" />
                <Precinct name="Kendrick" votes="1" />
                <Precinct name="Climax" votes="13" />
                <Precinct name="Brinson" votes="10" />
                <Precinct name="West Bainbridge" votes="24" />
                <Precinct name="Bainbridge-Coliseum" votes="102" />
                <Precinct name="Bridge-Fairgrounds" votes="35" />
                <Precinct name="Attapulgus" votes="53" />
            </VoteType>
            <VoteType name="Advance in Person" votes="3218">
                <Precinct name="Mt Pleasant" votes="138" />
                <Precinct name="Recovery" votes="72" />
                <Precinct name="Kendrick" votes="80" />
                <Precinct name="Climax" votes="167" />
                <Precinct name="Brinson" votes="132" />
                <Precinct name="West Bainbridge" votes="415" />
                <Precinct name="Bainbridge-Coliseum" votes="1341" />
                <Precinct name="Bridge-Fairgrounds" votes="641" />
                <Precinct name="Attapulgus" votes="232" />
            </VoteType>
            <VoteType name="Provisional" votes="10">
                <Precinct name="Mt Pleasant" votes="1" />
                <Precinct name="Recovery" votes="0" />
                <Precinct name="Kendrick" votes="0" />
                <Precinct name="Climax" votes="0" />
                <Precinct name="Brinson" votes="0" />
                <Precinct name="West Bainbridge" votes="1" />
                <Precinct name="Bainbridge-Coliseum" votes="4" />
                <Precinct name="Bridge-Fairgrounds" votes="1" />
                <Precinct name="Attapulgus" votes="3" />
            </VoteType>
        </Choice>
    </Contest>
    <Contest key="300" text="Constitutional Amendment #2&lt;br&gt;Authorizes penalties for sexual exploitation and assessments on adult entertainment to fund child victims' services." isQuestion="false" precinctsReporting="9" precinctsReported="9">
        <VoteType name="Number of Precincts for Race" votes="9">
            <Precinct name="Mt Pleasant" votes="1" />
            <Precinct name="Recovery" votes="1" />
            <Precinct name="Kendrick" votes="1" />
            <Precinct name="Climax" votes="1" />
            <Precinct name="Brinson" votes="1" />
            <Precinct name="West Bainbridge" votes="1" />
            <Precinct name="Bainbridge-Coliseum" votes="1" />
            <Precinct name="Bridge-Fairgrounds" votes="1" />
            <Precinct name="Attapulgus" votes="1" />
        </VoteType>
        <VoteType name="Number of Precincts Reporting" votes="9">
            <Precinct name="Mt Pleasant" votes="1" />
            <Precinct name="Recovery" votes="1" />
            <Precinct name="Kendrick" votes="1" />
            <Precinct name="Climax" votes="1" />
            <Precinct name="Brinson" votes="1" />
            <Precinct name="West Bainbridge" votes="1" />
            <Precinct name="Bainbridge-Coliseum" votes="1" />
            <Precinct name="Bridge-Fairgrounds" votes="1" />
            <Precinct name="Attapulgus" votes="1" />
        </VoteType>
        <Choice key="10" text="YES" totalVotes="7687">
            <VoteType name="Election Day" votes="3032">
                <Precinct name="Mt Pleasant" votes="161" />
                <Precinct name="Recovery" votes="200" />
                <Precinct name="Kendrick" votes="142" />
                <Precinct name="Climax" votes="255" />
                <Precinct name="Brinson" votes="223" />
                <Precinct name="West Bainbridge" votes="338" />
                <Precinct name="Bainbridge-Coliseum" votes="861" />
                <Precinct name="Bridge-Fairgrounds" votes="430" />
                <Precinct name="Attapulgus" votes="422" />
            </VoteType>
            <VoteType name="Absentee by Mail" votes="415">
                <Precinct name="Mt Pleasant" votes="13" />
                <Precinct name="Recovery" votes="20" />
                <Precinct name="Kendrick" votes="4" />
                <Precinct name="Climax" votes="18" />
                <Precinct name="Brinson" votes="21" />
                <Precinct name="West Bainbridge" votes="45" />
                <Precinct name="Bainbridge-Coliseum" votes="160" />
                <Precinct name="Bridge-Fairgrounds" votes="69" />
                <Precinct name="Attapulgus" votes="65" />
            </VoteType>
            <VoteType name="Advance in Person" votes="4220">
                <Precinct name="Mt Pleasant" votes="169" />
                <Precinct name="Recovery" votes="127" />
                <Precinct name="Kendrick" votes="110" />
                <Precinct name="Climax" votes="207" />
                <Precinct name="Brinson" votes="183" />
                <Precinct name="West Bainbridge" votes="584" />
                <Precinct name="Bainbridge-Coliseum" votes="1651" />
                <Precinct name="Bridge-Fairgrounds" votes="849" />
                <Precinct name="Attapulgus" votes="340" />
            </VoteType>
            <VoteType name="Provisional" votes="20">
                <Precinct name="Mt Pleasant" votes="0" />
                <Precinct name="Recovery" votes="1" />
                <Precinct name="Kendrick" votes="0" />
                <Precinct name="Climax" votes="0" />
                <Precinct name="Brinson" votes="0" />
                <Precinct name="West Bainbridge" votes="3" />
                <Precinct name="Bainbridge-Coliseum" votes="6" />
                <Precinct name="Bridge-Fairgrounds" votes="4" />
                <Precinct name="Attapulgus" votes="6" />
            </VoteType>
        </Choice>
        <Choice key="20" text="NO" totalVotes="2037">
            <VoteType name="Election Day" votes="842">
                <Precinct name="Mt Pleasant" votes="37" />
                <Precinct name="Recovery" votes="57" />
                <Precinct name="Kendrick" votes="29" />
                <Precinct name="Climax" votes="85" />
                <Precinct name="Brinson" votes="59" />
                <Precinct name="West Bainbridge" votes="85" />
                <Precinct name="Bainbridge-Coliseum" votes="251" />
                <Precinct name="Bridge-Fairgrounds" votes="110" />
                <Precinct name="Attapulgus" votes="129" />
            </VoteType>
            <VoteType name="Absentee by Mail" votes="69">
                <Precinct name="Mt Pleasant" votes="1" />
                <Precinct name="Recovery" votes="6" />
                <Precinct name="Kendrick" votes="0" />
                <Precinct name="Climax" votes="4" />
                <Precinct name="Brinson" votes="2" />
                <Precinct name="West Bainbridge" votes="6" />
                <Precinct name="Bainbridge-Coliseum" votes="28" />
                <Precinct name="Bridge-Fairgrounds" votes="10" />
                <Precinct name="Attapulgus" votes="12" />
            </VoteType>
            <VoteType name="Advance in Person" votes="1119">
                <Precinct name="Mt Pleasant" votes="38" />
                <Precinct name="Recovery" votes="20" />
                <Precinct name="Kendrick" votes="29" />
                <Precinct name="Climax" votes="58" />
                <Precinct name="Brinson" votes="39" />
                <Precinct name="West Bainbridge" votes="154" />
                <Precinct name="Bainbridge-Coliseum" votes="449" />
                <Precinct name="Bridge-Fairgrounds" votes="233" />
                <Precinct name="Attapulgus" votes="99" />
            </VoteType>
            <VoteType name="Provisional" votes="7">
                <Precinct name="Mt Pleasant" votes="1" />
                <Precinct name="Recovery" votes="0" />
                <Precinct name="Kendrick" votes="0" />
                <Precinct name="Climax" votes="0" />
                <Precinct name="Brinson" votes="1" />
                <Precinct name="West Bainbridge" votes="1" />
                <Precinct name="Bainbridge-Coliseum" votes="2" />
                <Precinct name="Bridge-Fairgrounds" votes="0" />
                <Precinct name="Attapulgus" votes="2" />
            </VoteType>
        </Choice>
    </Contest>
    <Contest key="310" text="Constitutional Amendment #3&lt;br&gt;Reforms and re-establishes the Judicial Qualifications Commission and provides for its composition, governance, and powers." isQuestion="false" precinctsReporting="9" precinctsReported="9">
        <VoteType name="Number of Precincts for Race" votes="9">
            <Precinct name="Mt Pleasant" votes="1" />
            <Precinct name="Recovery" votes="1" />
            <Precinct name="Kendrick" votes="1" />
            <Precinct name="Climax" votes="1" />
            <Precinct name="Brinson" votes="1" />
            <Precinct name="West Bainbridge" votes="1" />
            <Precinct name="Bainbridge-Coliseum" votes="1" />
            <Precinct name="Bridge-Fairgrounds" votes="1" />
            <Precinct name="Attapulgus" votes="1" />
        </VoteType>
        <VoteType name="Number of Precincts Reporting" votes="9">
            <Precinct name="Mt Pleasant" votes="1" />
            <Precinct name="Recovery" votes="1" />
            <Precinct name="Kendrick" votes="1" />
            <Precinct name="Climax" votes="1" />
            <Precinct name="Brinson" votes="1" />
            <Precinct name="West Bainbridge" votes="1" />
            <Precinct name="Bainbridge-Coliseum" votes="1" />
            <Precinct name="Bridge-Fairgrounds" votes="1" />
            <Precinct name="Attapulgus" votes="1" />
        </VoteType>
        <Choice key="10" text="YES" totalVotes="5492">
            <VoteType name="Election Day" votes="2196">
                <Precinct name="Mt Pleasant" votes="96" />
                <Precinct name="Recovery" votes="128" />
                <Precinct name="Kendrick" votes="79" />
                <Precinct name="Climax" votes="177" />
                <Precinct name="Brinson" votes="161" />
                <Precinct name="West Bainbridge" votes="265" />
                <Precinct name="Bainbridge-Coliseum" votes="632" />
                <Precinct name="Bridge-Fairgrounds" votes="320" />
                <Precinct name="Attapulgus" votes="338" />
            </VoteType>
            <VoteType name="Absentee by Mail" votes="305">
                <Precinct name="Mt Pleasant" votes="9" />
                <Precinct name="Recovery" votes="16" />
                <Precinct name="Kendrick" votes="3" />
                <Precinct name="Climax" votes="15" />
                <Precinct name="Brinson" votes="19" />
                <Precinct name="West Bainbridge" votes="31" />
                <Precinct name="Bainbridge-Coliseum" votes="120" />
                <Precinct name="Bridge-Fairgrounds" votes="46" />
                <Precinct name="Attapulgus" votes="46" />
            </VoteType>
            <VoteType name="Advance in Person" votes="2975">
                <Precinct name="Mt Pleasant" votes="110" />
                <Precinct name="Recovery" votes="95" />
                <Precinct name="Kendrick" votes="72" />
                <Precinct name="Climax" votes="124" />
                <Precinct name="Brinson" votes="127" />
                <Precinct name="West Bainbridge" votes="417" />
                <Precinct name="Bainbridge-Coliseum" votes="1148" />
                <Precinct name="Bridge-Fairgrounds" votes="613" />
                <Precinct name="Attapulgus" votes="269" />
            </VoteType>
            <VoteType name="Provisional" votes="16">
                <Precinct name="Mt Pleasant" votes="0" />
                <Precinct name="Recovery" votes="1" />
                <Precinct name="Kendrick" votes="0" />
                <Precinct name="Climax" votes="0" />
                <Precinct name="Brinson" votes="0" />
                <Precinct name="West Bainbridge" votes="4" />
                <Precinct name="Bainbridge-Coliseum" votes="4" />
                <Precinct name="Bridge-Fairgrounds" votes="4" />
                <Precinct name="Attapulgus" votes="3" />
            </VoteType>
        </Choice>
        <Choice key="20" text="NO" totalVotes="3734">
            <VoteType name="Election Day" votes="1483">
                <Precinct name="Mt Pleasant" votes="89" />
                <Precinct name="Recovery" votes="108" />
                <Precinct name="Kendrick" votes="84" />
                <Precinct name="Climax" votes="149" />
                <Precinct name="Brinson" votes="107" />
                <Precinct name="West Bainbridge" votes="142" />
                <Precinct name="Bainbridge-Coliseum" votes="426" />
                <Precinct name="Bridge-Fairgrounds" votes="187" />
                <Precinct name="Attapulgus" votes="191" />
            </VoteType>
            <VoteType name="Absentee by Mail" votes="158">
                <Precinct name="Mt Pleasant" votes="4" />
                <Precinct name="Recovery" votes="10" />
                <Precinct name="Kendrick" votes="1" />
                <Precinct name="Climax" votes="8" />
                <Precinct name="Brinson" votes="3" />
                <Precinct name="West Bainbridge" votes="17" />
                <Precinct name="Bainbridge-Coliseum" votes="58" />
                <Precinct name="Bridge-Fairgrounds" votes="30" />
                <Precinct name="Attapulgus" votes="27" />
            </VoteType>
            <VoteType name="Advance in Person" votes="2082">
                <Precinct name="Mt Pleasant" votes="84" />
                <Precinct name="Recovery" votes="45" />
                <Precinct name="Kendrick" votes="62" />
                <Precinct name="Climax" votes="118" />
                <Precinct name="Brinson" votes="84" />
                <Precinct name="West Bainbridge" votes="271" />
                <Precinct name="Bainbridge-Coliseum" votes="860" />
                <Precinct name="Bridge-Fairgrounds" votes="415" />
                <Precinct name="Attapulgus" votes="143" />
            </VoteType>
            <VoteType name="Provisional" votes="11">
                <Precinct name="Mt Pleasant" votes="1" />
                <Precinct name="Recovery" votes="0" />
                <Precinct name="Kendrick" votes="0" />
                <Precinct name="Climax" votes="0" />
                <Precinct name="Brinson" votes="1" />
                <Precinct name="West Bainbridge" votes="0" />
                <Precinct name="Bainbridge-Coliseum" votes="4" />
                <Precinct name="Bridge-Fairgrounds" votes="0" />
                <Precinct name="Attapulgus" votes="5" />
            </VoteType>
        </Choice>
    </Contest>
    <Contest key="320" text="Constitutional Amendment #4&lt;br&gt;Dedicates revenue from existing taxes on fireworks to trauma care, fire services, and public safety." isQuestion="false" precinctsReporting="9" precinctsReported="9">
        <VoteType name="Number of Precincts for Race" votes="9">
            <Precinct name="Mt Pleasant" votes="1" />
            <Precinct name="Recovery" votes="1" />
            <Precinct name="Kendrick" votes="1" />
            <Precinct name="Climax" votes="1" />
            <Precinct name="Brinson" votes="1" />
            <Precinct name="West Bainbridge" votes="1" />
            <Precinct name="Bainbridge-Coliseum" votes="1" />
            <Precinct name="Bridge-Fairgrounds" votes="1" />
            <Precinct name="Attapulgus" votes="1" />
        </VoteType>
        <VoteType name="Number of Precincts Reporting" votes="9">
            <Precinct name="Mt Pleasant" votes="1" />
            <Precinct name="Recovery" votes="1" />
            <Precinct name="Kendrick" votes="1" />
            <Precinct name="Climax" votes="1" />
            <Precinct name="Brinson" votes="1" />
            <Precinct name="West Bainbridge" votes="1" />
            <Precinct name="Bainbridge-Coliseum" votes="1" />
            <Precinct name="Bridge-Fairgrounds" votes="1" />
            <Precinct name="Attapulgus" votes="1" />
        </VoteType>
        <Choice key="10" text="YES" totalVotes="7110">
            <VoteType name="Election Day" votes="2767">
                <Precinct name="Mt Pleasant" votes="122" />
                <Precinct name="Recovery" votes="172" />
                <Precinct name="Kendrick" votes="121" />
                <Precinct name="Climax" votes="244" />
                <Precinct name="Brinson" votes="214" />
                <Precinct name="West Bainbridge" votes="313" />
                <Precinct name="Bainbridge-Coliseum" votes="788" />
                <Precinct name="Bridge-Fairgrounds" votes="378" />
                <Precinct name="Attapulgus" votes="415" />
            </VoteType>
            <VoteType name="Absentee by Mail" votes="397">
                <Precinct name="Mt Pleasant" votes="13" />
                <Precinct name="Recovery" votes="18" />
                <Precinct name="Kendrick" votes="4" />
                <Precinct name="Climax" votes="16" />
                <Precinct name="Brinson" votes="21" />
                <Precinct name="West Bainbridge" votes="44" />
                <Precinct name="Bainbridge-Coliseum" votes="154" />
                <Precinct name="Bridge-Fairgrounds" votes="63" />
                <Precinct name="Attapulgus" votes="64" />
            </VoteType>
            <VoteType name="Advance in Person" votes="3926">
                <Precinct name="Mt Pleasant" votes="154" />
                <Precinct name="Recovery" votes="119" />
                <Precinct name="Kendrick" votes="102" />
                <Precinct name="Climax" votes="180" />
                <Precinct name="Brinson" votes="175" />
                <Precinct name="West Bainbridge" votes="541" />
                <Precinct name="Bainbridge-Coliseum" votes="1518" />
                <Precinct name="Bridge-Fairgrounds" votes="797" />
                <Precinct name="Attapulgus" votes="340" />
            </VoteType>
            <VoteType name="Provisional" votes="20">
                <Precinct name="Mt Pleasant" votes="0" />
                <Precinct name="Recovery" votes="1" />
                <Precinct name="Kendrick" votes="0" />
                <Precinct name="Climax" votes="0" />
                <Precinct name="Brinson" votes="1" />
                <Precinct name="West Bainbridge" votes="4" />
                <Precinct name="Bainbridge-Coliseum" votes="7" />
                <Precinct name="Bridge-Fairgrounds" votes="3" />
                <Precinct name="Attapulgus" votes="4" />
            </VoteType>
        </Choice>
        <Choice key="20" text="NO" totalVotes="2571">
            <VoteType name="Election Day" votes="1079">
                <Precinct name="Mt Pleasant" votes="70" />
                <Precinct name="Recovery" votes="83" />
                <Precinct name="Kendrick" votes="47" />
                <Precinct name="Climax" votes="101" />
                <Precinct name="Brinson" votes="73" />
                <Precinct name="West Bainbridge" votes="105" />
                <Precinct name="Bainbridge-Coliseum" votes="316" />
                <Precinct name="Bridge-Fairgrounds" votes="148" />
                <Precinct name="Attapulgus" votes="136" />
            </VoteType>
            <VoteType name="Absentee by Mail" votes="90">
                <Precinct name="Mt Pleasant" votes="1" />
                <Precinct name="Recovery" votes="8" />
                <Precinct name="Kendrick" votes="0" />
                <Precinct name="Climax" votes="7" />
                <Precinct name="Brinson" votes="2" />
                <Precinct name="West Bainbridge" votes="6" />
                <Precinct name="Bainbridge-Coliseum" votes="36" />
                <Precinct name="Bridge-Fairgrounds" votes="15" />
                <Precinct name="Attapulgus" votes="15" />
            </VoteType>
            <VoteType name="Advance in Person" votes="1395">
                <Precinct name="Mt Pleasant" votes="52" />
                <Precinct name="Recovery" votes="24" />
                <Precinct name="Kendrick" votes="35" />
                <Precinct name="Climax" votes="82" />
                <Precinct name="Brinson" votes="50" />
                <Precinct name="West Bainbridge" votes="192" />
                <Precinct name="Bainbridge-Coliseum" votes="585" />
                <Precinct name="Bridge-Fairgrounds" votes="272" />
                <Precinct name="Attapulgus" votes="103" />
            </VoteType>
            <VoteType name="Provisional" votes="7">
                <Precinct name="Mt Pleasant" votes="1" />
                <Precinct name="Recovery" votes="0" />
                <Precinct name="Kendrick" votes="0" />
                <Precinct name="Climax" votes="0" />
                <Precinct name="Brinson" votes="0" />
                <Precinct name="West Bainbridge" votes="0" />
                <Precinct name="Bainbridge-Coliseum" votes="2" />
                <Precinct name="Bridge-Fairgrounds" votes="0" />
                <Precinct name="Attapulgus" votes="4" />
            </VoteType>
        </Choice>
    </Contest>
</ElectionResult>