<?xml version="1.0"?>
<!--Election result snapshot imported from Tabulation System
-->
<ElectionResult>
    <Timestamp>11/14/2016 1:46:00 PM EST</Timestamp>
    <ElectionName>November 8, 2016 - General Election</ElectionName>
    <ElectionDate>11/8/2016</ElectionDate>
    <Region>Talbot</Region>
    <VoterTurnout totalVoters="4138" ballotsCast="3278" voterTurnout="79.22">
        <Precincts>
            <Precinct name="ONEAL" totalVoters="500" ballotsCast="405" voterTurnout="81.00" percentReporting="4" />
            <Precinct name="VALLEY" totalVoters="665" ballotsCast="535" voterTurnout="80.45" percentReporting="4" />
            <Precinct name="JUNCTION CITY" totalVoters="402" ballotsCast="324" voterTurnout="80.60" percentReporting="4" />
            <Precinct name="GENEVA" totalVoters="438" ballotsCast="352" voterTurnout="80.37" percentReporting="4" />
            <Precinct name="TALBOTTON" totalVoters="838" ballotsCast="603" voterTurnout="71.96" percentReporting="4" />
            <Precinct name="BOX SPRINGS" totalVoters="393" ballotsCast="294" voterTurnout="74.81" percentReporting="4" />
            <Precinct name="FLINT HILL" totalVoters="902" ballotsCast="765" voterTurnout="84.81" percentReporting="4" />
        </Precincts>
    </VoterTurnout>
    <Contest key="5" text="President of the United States" isQuestion="false" precinctsReporting="7" precinctsReported="7">
        <VoteType name="Number of Precincts for Race" votes="7">
            <Precinct name="ONEAL" votes="1" />
            <Precinct name="VALLEY" votes="1" />
            <Precinct name="JUNCTION CITY" votes="1" />
            <Precinct name="GENEVA" votes="1" />
            <Precinct name="TALBOTTON" votes="1" />
            <Precinct name="BOX SPRINGS" votes="1" />
            <Precinct name="FLINT HILL" votes="1" />
        </VoteType>
        <VoteType name="Number of Precincts Reporting" votes="7">
            <Precinct name="ONEAL" votes="1" />
            <Precinct name="VALLEY" votes="1" />
            <Precinct name="JUNCTION CITY" votes="1" />
            <Precinct name="GENEVA" votes="1" />
            <Precinct name="TALBOTTON" votes="1" />
            <Precinct name="BOX SPRINGS" votes="1" />
            <Precinct name="FLINT HILL" votes="1" />
        </VoteType>
        <Choice key="10" text="DONALD J. TRUMP" totalVotes="1196">
            <VoteType name="Election Day" votes="746">
                <Precinct name="ONEAL" votes="106" />
                <Precinct name="VALLEY" votes="157" />
                <Precinct name="JUNCTION CITY" votes="48" />
                <Precinct name="GENEVA" votes="88" />
                <Precinct name="TALBOTTON" votes="61" />
                <Precinct name="BOX SPRINGS" votes="137" />
                <Precinct name="FLINT HILL" votes="149" />
            </VoteType>
            <VoteType name="Absentee by Mail" votes="100">
                <Precinct name="ONEAL" votes="9" />
                <Precinct name="VALLEY" votes="9" />
                <Precinct name="JUNCTION CITY" votes="21" />
                <Precinct name="GENEVA" votes="21" />
                <Precinct name="TALBOTTON" votes="13" />
                <Precinct name="BOX SPRINGS" votes="10" />
                <Precinct name="FLINT HILL" votes="17" />
            </VoteType>
            <VoteType name="Advance in Person" votes="350">
                <Precinct name="ONEAL" votes="56" />
                <Precinct name="VALLEY" votes="77" />
                <Precinct name="JUNCTION CITY" votes="37" />
                <Precinct name="GENEVA" votes="20" />
                <Precinct name="TALBOTTON" votes="32" />
                <Precinct name="BOX SPRINGS" votes="19" />
                <Precinct name="FLINT HILL" votes="109" />
            </VoteType>
            <VoteType name="Provisional" votes="0">
                <Precinct name="ONEAL" votes="0" />
                <Precinct name="VALLEY" votes="0" />
                <Precinct name="JUNCTION CITY" votes="0" />
                <Precinct name="GENEVA" votes="0" />
                <Precinct name="TALBOTTON" votes="0" />
                <Precinct name="BOX SPRINGS" votes="0" />
                <Precinct name="FLINT HILL" votes="0" />
            </VoteType>
        </Choice>
        <Choice key="20" text="HILLARY CLINTON" totalVotes="2002">
            <VoteType name="Election Day" votes="1089">
                <Precinct name="ONEAL" votes="145" />
                <Precinct name="VALLEY" votes="166" />
                <Precinct name="JUNCTION CITY" votes="100" />
                <Precinct name="GENEVA" votes="115" />
                <Precinct name="TALBOTTON" votes="238" />
                <Precinct name="BOX SPRINGS" votes="82" />
                <Precinct name="FLINT HILL" votes="243" />
            </VoteType>
            <VoteType name="Absentee by Mail" votes="448">
                <Precinct name="ONEAL" votes="21" />
                <Precinct name="VALLEY" votes="61" />
                <Precinct name="JUNCTION CITY" votes="87" />
                <Precinct name="GENEVA" votes="82" />
                <Precinct name="TALBOTTON" votes="103" />
                <Precinct name="BOX SPRINGS" votes="21" />
                <Precinct name="FLINT HILL" votes="73" />
            </VoteType>
            <VoteType name="Advance in Person" votes="465">
                <Precinct name="ONEAL" votes="64" />
                <Precinct name="VALLEY" votes="50" />
                <Precinct name="JUNCTION CITY" votes="20" />
                <Precinct name="GENEVA" votes="18" />
                <Precinct name="TALBOTTON" votes="147" />
                <Precinct name="BOX SPRINGS" votes="18" />
                <Precinct name="FLINT HILL" votes="148" />
            </VoteType>
            <VoteType name="Provisional" votes="0">
                <Precinct name="ONEAL" votes="0" />
                <Precinct name="VALLEY" votes="0" />
                <Precinct name="JUNCTION CITY" votes="0" />
                <Precinct name="GENEVA" votes="0" />
                <Precinct name="TALBOTTON" votes="0" />
                <Precinct name="BOX SPRINGS" votes="0" />
                <Precinct name="FLINT HILL" votes="0" />
            </VoteType>
        </Choice>
        <Choice key="30" text="GARY JOHNSON" totalVotes="46">
            <VoteType name="Election Day" votes="25">
                <Precinct name="ONEAL" votes="2" />
                <Precinct name="VALLEY" votes="6" />
                <Precinct name="JUNCTION CITY" votes="3" />
                <Precinct name="GENEVA" votes="2" />
                <Precinct name="TALBOTTON" votes="1" />
                <Precinct name="BOX SPRINGS" votes="5" />
                <Precinct name="FLINT HILL" votes="6" />
            </VoteType>
            <VoteType name="Absentee by Mail" votes="11">
                <Precinct name="ONEAL" votes="0" />
                <Precinct name="VALLEY" votes="0" />
                <Precinct name="JUNCTION CITY" votes="4" />
                <Precinct name="GENEVA" votes="1" />
                <Precinct name="TALBOTTON" votes="5" />
                <Precinct name="BOX SPRINGS" votes="0" />
                <Precinct name="FLINT HILL" votes="1" />
            </VoteType>
            <VoteType name="Advance in Person" votes="10">
                <Precinct name="ONEAL" votes="1" />
                <Precinct name="VALLEY" votes="0" />
                <Precinct name="JUNCTION CITY" votes="0" />
                <Precinct name="GENEVA" votes="0" />
                <Precinct name="TALBOTTON" votes="0" />
                <Precinct name="BOX SPRINGS" votes="1" />
                <Precinct name="FLINT HILL" votes="8" />
            </VoteType>
            <VoteType name="Provisional" votes="0">
                <Precinct name="ONEAL" votes="0" />
                <Precinct name="VALLEY" votes="0" />
                <Precinct name="JUNCTION CITY" votes="0" />
                <Precinct name="GENEVA" votes="0" />
                <Precinct name="TALBOTTON" votes="0" />
                <Precinct name="BOX SPRINGS" votes="0" />
                <Precinct name="FLINT HILL" votes="0" />
            </VoteType>
        </Choice>
    </Contest>
    <Contest key="10" text="United States Senator, Isakson" isQuestion="false" precinctsReporting="7" precinctsReported="7">
        <VoteType name="Number of Precincts for Race" votes="7">
            <Precinct name="ONEAL" votes="1" />
            <Precinct name="VALLEY" votes="1" />
            <Precinct name="JUNCTION CITY" votes="1" />
            <Precinct name="GENEVA" votes="1" />
            <Precinct name="TALBOTTON" votes="1" />
            <Precinct name="BOX SPRINGS" votes="1" />
            <Precinct name="FLINT HILL" votes="1" />
        </VoteType>
        <VoteType name="Number of Precincts Reporting" votes="7">
            <Precinct name="ONEAL" votes="1" />
            <Precinct name="VALLEY" votes="1" />
            <Precinct name="JUNCTION CITY" votes="1" />
            <Precinct name="GENEVA" votes="1" />
            <Precinct name="TALBOTTON" votes="1" />
            <Precinct name="BOX SPRINGS" votes="1" />
            <Precinct name="FLINT HILL" votes="1" />
        </VoteType>
        <Choice key="10" text="JOHNNY ISAKSON (I)" totalVotes="1228">
            <VoteType name="Election Day" votes="732">
                <Precinct name="ONEAL" votes="107" />
                <Precinct name="VALLEY" votes="156" />
                <Precinct name="JUNCTION CITY" votes="50" />
                <Precinct name="GENEVA" votes="85" />
                <Precinct name="TALBOTTON" votes="68" />
                <Precinct name="BOX SPRINGS" votes="120" />
                <Precinct name="FLINT HILL" votes="146" />
            </VoteType>
            <VoteType name="Absentee by Mail" votes="130">
                <Precinct name="ONEAL" votes="9" />
                <Precinct name="VALLEY" votes="11" />
                <Precinct name="JUNCTION CITY" votes="30" />
                <Precinct name="GENEVA" votes="25" />
                <Precinct name="TALBOTTON" votes="23" />
                <Precinct name="BOX SPRINGS" votes="11" />
                <Precinct name="FLINT HILL" votes="21" />
            </VoteType>
            <VoteType name="Advance in Person" votes="366">
                <Precinct name="ONEAL" votes="52" />
                <Precinct name="VALLEY" votes="73" />
                <Precinct name="JUNCTION CITY" votes="33" />
                <Precinct name="GENEVA" votes="23" />
                <Precinct name="TALBOTTON" votes="43" />
                <Precinct name="BOX SPRINGS" votes="16" />
                <Precinct name="FLINT HILL" votes="126" />
            </VoteType>
            <VoteType name="Provisional" votes="0">
                <Precinct name="ONEAL" votes="0" />
                <Precinct name="VALLEY" votes="0" />
                <Precinct name="JUNCTION CITY" votes="0" />
                <Precinct name="GENEVA" votes="0" />
                <Precinct name="TALBOTTON" votes="0" />
                <Precinct name="BOX SPRINGS" votes="0" />
                <Precinct name="FLINT HILL" votes="0" />
            </VoteType>
        </Choice>
        <Choice key="20" text="JIM BARKSDALE" totalVotes="1639">
            <VoteType name="Election Day" votes="889">
                <Precinct name="ONEAL" votes="125" />
                <Precinct name="VALLEY" votes="124" />
                <Precinct name="JUNCTION CITY" votes="81" />
                <Precinct name="GENEVA" votes="93" />
                <Precinct name="TALBOTTON" votes="187" />
                <Precinct name="BOX SPRINGS" votes="67" />
                <Precinct name="FLINT HILL" votes="212" />
            </VoteType>
            <VoteType name="Absentee by Mail" votes="372">
                <Precinct name="ONEAL" votes="20" />
                <Precinct name="VALLEY" votes="53" />
                <Precinct name="JUNCTION CITY" votes="65" />
                <Precinct name="GENEVA" votes="69" />
                <Precinct name="TALBOTTON" votes="82" />
                <Precinct name="BOX SPRINGS" votes="17" />
                <Precinct name="FLINT HILL" votes="66" />
            </VoteType>
            <VoteType name="Advance in Person" votes="378">
                <Precinct name="ONEAL" votes="62" />
                <Precinct name="VALLEY" votes="42" />
                <Precinct name="JUNCTION CITY" votes="18" />
                <Precinct name="GENEVA" votes="13" />
                <Precinct name="TALBOTTON" votes="106" />
                <Precinct name="BOX SPRINGS" votes="16" />
                <Precinct name="FLINT HILL" votes="121" />
            </VoteType>
            <VoteType name="Provisional" votes="0">
                <Precinct name="ONEAL" votes="0" />
                <Precinct name="VALLEY" votes="0" />
                <Precinct name="JUNCTION CITY" votes="0" />
                <Precinct name="GENEVA" votes="0" />
                <Precinct name="TALBOTTON" votes="0" />
                <Precinct name="BOX SPRINGS" votes="0" />
                <Precinct name="FLINT HILL" votes="0" />
            </VoteType>
        </Choice>
        <Choice key="30" text="ALLEN BUCKLEY" totalVotes="97">
            <VoteType name="Election Day" votes="63">
                <Precinct name="ONEAL" votes="5" />
                <Precinct name="VALLEY" votes="13" />
                <Precinct name="JUNCTION CITY" votes="3" />
                <Precinct name="GENEVA" votes="5" />
                <Precinct name="TALBOTTON" votes="8" />
                <Precinct name="BOX SPRINGS" votes="10" />
                <Precinct name="FLINT HILL" votes="19" />
            </VoteType>
            <VoteType name="Absentee by Mail" votes="19">
                <Precinct name="ONEAL" votes="1" />
                <Precinct name="VALLEY" votes="5" />
                <Precinct name="JUNCTION CITY" votes="5" />
                <Precinct name="GENEVA" votes="4" />
                <Precinct name="TALBOTTON" votes="1" />
                <Precinct name="BOX SPRINGS" votes="2" />
                <Precinct name="FLINT HILL" votes="1" />
            </VoteType>
            <VoteType name="Advance in Person" votes="15">
                <Precinct name="ONEAL" votes="1" />
                <Precinct name="VALLEY" votes="4" />
                <Precinct name="JUNCTION CITY" votes="0" />
                <Precinct name="GENEVA" votes="1" />
                <Precinct name="TALBOTTON" votes="3" />
                <Precinct name="BOX SPRINGS" votes="2" />
                <Precinct name="FLINT HILL" votes="4" />
            </VoteType>
            <VoteType name="Provisional" votes="0">
                <Precinct name="ONEAL" votes="0" />
                <Precinct name="VALLEY" votes="0" />
                <Precinct name="JUNCTION CITY" votes="0" />
                <Precinct name="GENEVA" votes="0" />
                <Precinct name="TALBOTTON" votes="0" />
                <Precinct name="BOX SPRINGS" votes="0" />
                <Precinct name="FLINT HILL" votes="0" />
            </VoteType>
        </Choice>
    </Contest>
    <Contest key="30" text="Public Service Commission, District 2 - Eastern" isQuestion="false" precinctsReporting="7" precinctsReported="7">
        <VoteType name="Number of Precincts for Race" votes="7">
            <Precinct name="ONEAL" votes="1" />
            <Precinct name="VALLEY" votes="1" />
            <Precinct name="JUNCTION CITY" votes="1" />
            <Precinct name="GENEVA" votes="1" />
            <Precinct name="TALBOTTON" votes="1" />
            <Precinct name="BOX SPRINGS" votes="1" />
            <Precinct name="FLINT HILL" votes="1" />
        </VoteType>
        <VoteType name="Number of Precincts Reporting" votes="7">
            <Precinct name="ONEAL" votes="1" />
            <Precinct name="VALLEY" votes="1" />
            <Precinct name="JUNCTION CITY" votes="1" />
            <Precinct name="GENEVA" votes="1" />
            <Precinct name="TALBOTTON" votes="1" />
            <Precinct name="BOX SPRINGS" votes="1" />
            <Precinct name="FLINT HILL" votes="1" />
        </VoteType>
        <Choice key="10" text="TIM ECHOLS (I)" totalVotes="1442">
            <VoteType name="Election Day" votes="846">
                <Precinct name="ONEAL" votes="121" />
                <Precinct name="VALLEY" votes="167" />
                <Precinct name="JUNCTION CITY" votes="63" />
                <Precinct name="GENEVA" votes="102" />
                <Precinct name="TALBOTTON" votes="84" />
                <Precinct name="BOX SPRINGS" votes="133" />
                <Precinct name="FLINT HILL" votes="176" />
            </VoteType>
            <VoteType name="Absentee by Mail" votes="178">
                <Precinct name="ONEAL" votes="13" />
                <Precinct name="VALLEY" votes="21" />
                <Precinct name="JUNCTION CITY" votes="39" />
                <Precinct name="GENEVA" votes="34" />
                <Precinct name="TALBOTTON" votes="34" />
                <Precinct name="BOX SPRINGS" votes="14" />
                <Precinct name="FLINT HILL" votes="23" />
            </VoteType>
            <VoteType name="Advance in Person" votes="418">
                <Precinct name="ONEAL" votes="70" />
                <Precinct name="VALLEY" votes="70" />
                <Precinct name="JUNCTION CITY" votes="39" />
                <Precinct name="GENEVA" votes="23" />
                <Precinct name="TALBOTTON" votes="58" />
                <Precinct name="BOX SPRINGS" votes="20" />
                <Precinct name="FLINT HILL" votes="138" />
            </VoteType>
            <VoteType name="Provisional" votes="0">
                <Precinct name="ONEAL" votes="0" />
                <Precinct name="VALLEY" votes="0" />
                <Precinct name="JUNCTION CITY" votes="0" />
                <Precinct name="GENEVA" votes="0" />
                <Precinct name="TALBOTTON" votes="0" />
                <Precinct name="BOX SPRINGS" votes="0" />
                <Precinct name="FLINT HILL" votes="0" />
            </VoteType>
        </Choice>
        <Choice key="20" text="ERIC HOSKINS" totalVotes="1040">
            <VoteType name="Election Day" votes="598">
                <Precinct name="ONEAL" votes="81" />
                <Precinct name="VALLEY" votes="96" />
                <Precinct name="JUNCTION CITY" votes="47" />
                <Precinct name="GENEVA" votes="54" />
                <Precinct name="TALBOTTON" votes="114" />
                <Precinct name="BOX SPRINGS" votes="60" />
                <Precinct name="FLINT HILL" votes="146" />
            </VoteType>
            <VoteType name="Absentee by Mail" votes="206">
                <Precinct name="ONEAL" votes="10" />
                <Precinct name="VALLEY" votes="34" />
                <Precinct name="JUNCTION CITY" votes="29" />
                <Precinct name="GENEVA" votes="44" />
                <Precinct name="TALBOTTON" votes="34" />
                <Precinct name="BOX SPRINGS" votes="13" />
                <Precinct name="FLINT HILL" votes="42" />
            </VoteType>
            <VoteType name="Advance in Person" votes="236">
                <Precinct name="ONEAL" votes="37" />
                <Precinct name="VALLEY" votes="35" />
                <Precinct name="JUNCTION CITY" votes="9" />
                <Precinct name="GENEVA" votes="8" />
                <Precinct name="TALBOTTON" votes="58" />
                <Precinct name="BOX SPRINGS" votes="13" />
                <Precinct name="FLINT HILL" votes="76" />
            </VoteType>
            <VoteType name="Provisional" votes="0">
                <Precinct name="ONEAL" votes="0" />
                <Precinct name="VALLEY" votes="0" />
                <Precinct name="JUNCTION CITY" votes="0" />
                <Precinct name="GENEVA" votes="0" />
                <Precinct name="TALBOTTON" votes="0" />
                <Precinct name="BOX SPRINGS" votes="0" />
                <Precinct name="FLINT HILL" votes="0" />
            </VoteType>
        </Choice>
    </Contest>
    <Contest key="50" text="U.S. Representative, District 2" isQuestion="false" precinctsReporting="7" precinctsReported="7">
        <VoteType name="Number of Precincts for Race" votes="7">
            <Precinct name="ONEAL" votes="1" />
            <Precinct name="VALLEY" votes="1" />
            <Precinct name="JUNCTION CITY" votes="1" />
            <Precinct name="GENEVA" votes="1" />
            <Precinct name="TALBOTTON" votes="1" />
            <Precinct name="BOX SPRINGS" votes="1" />
            <Precinct name="FLINT HILL" votes="1" />
        </VoteType>
        <VoteType name="Number of Precincts Reporting" votes="7">
            <Precinct name="ONEAL" votes="1" />
            <Precinct name="VALLEY" votes="1" />
            <Precinct name="JUNCTION CITY" votes="1" />
            <Precinct name="GENEVA" votes="1" />
            <Precinct name="TALBOTTON" votes="1" />
            <Precinct name="BOX SPRINGS" votes="1" />
            <Precinct name="FLINT HILL" votes="1" />
        </VoteType>
        <Choice key="10" text="GREG DUKE" totalVotes="1029">
            <VoteType name="Election Day" votes="662">
                <Precinct name="ONEAL" votes="96" />
                <Precinct name="VALLEY" votes="140" />
                <Precinct name="JUNCTION CITY" votes="44" />
                <Precinct name="GENEVA" votes="74" />
                <Precinct name="TALBOTTON" votes="61" />
                <Precinct name="BOX SPRINGS" votes="118" />
                <Precinct name="FLINT HILL" votes="129" />
            </VoteType>
            <VoteType name="Absentee by Mail" votes="78">
                <Precinct name="ONEAL" votes="6" />
                <Precinct name="VALLEY" votes="9" />
                <Precinct name="JUNCTION CITY" votes="12" />
                <Precinct name="GENEVA" votes="17" />
                <Precinct name="TALBOTTON" votes="7" />
                <Precinct name="BOX SPRINGS" votes="10" />
                <Precinct name="FLINT HILL" votes="17" />
            </VoteType>
            <VoteType name="Advance in Person" votes="289">
                <Precinct name="ONEAL" votes="49" />
                <Precinct name="VALLEY" votes="65" />
                <Precinct name="JUNCTION CITY" votes="25" />
                <Precinct name="GENEVA" votes="15" />
                <Precinct name="TALBOTTON" votes="30" />
                <Precinct name="BOX SPRINGS" votes="14" />
                <Precinct name="FLINT HILL" votes="91" />
            </VoteType>
            <VoteType name="Provisional" votes="0">
                <Precinct name="ONEAL" votes="0" />
                <Precinct name="VALLEY" votes="0" />
                <Precinct name="JUNCTION CITY" votes="0" />
                <Precinct name="GENEVA" votes="0" />
                <Precinct name="TALBOTTON" votes="0" />
                <Precinct name="BOX SPRINGS" votes="0" />
                <Precinct name="FLINT HILL" votes="0" />
            </VoteType>
        </Choice>
        <Choice key="20" text="SANFORD BISHOP (I)" totalVotes="2083">
            <VoteType name="Election Day" votes="1118">
                <Precinct name="ONEAL" votes="147" />
                <Precinct name="VALLEY" votes="173" />
                <Precinct name="JUNCTION CITY" votes="99" />
                <Precinct name="GENEVA" votes="129" />
                <Precinct name="TALBOTTON" votes="218" />
                <Precinct name="BOX SPRINGS" votes="96" />
                <Precinct name="FLINT HILL" votes="256" />
            </VoteType>
            <VoteType name="Absentee by Mail" votes="455">
                <Precinct name="ONEAL" votes="24" />
                <Precinct name="VALLEY" votes="59" />
                <Precinct name="JUNCTION CITY" votes="92" />
                <Precinct name="GENEVA" votes="77" />
                <Precinct name="TALBOTTON" votes="114" />
                <Precinct name="BOX SPRINGS" votes="20" />
                <Precinct name="FLINT HILL" votes="69" />
            </VoteType>
            <VoteType name="Advance in Person" votes="510">
                <Precinct name="ONEAL" votes="70" />
                <Precinct name="VALLEY" votes="59" />
                <Precinct name="JUNCTION CITY" votes="30" />
                <Precinct name="GENEVA" votes="23" />
                <Precinct name="TALBOTTON" votes="145" />
                <Precinct name="BOX SPRINGS" votes="23" />
                <Precinct name="FLINT HILL" votes="160" />
            </VoteType>
            <VoteType name="Provisional" votes="0">
                <Precinct name="ONEAL" votes="0" />
                <Precinct name="VALLEY" votes="0" />
                <Precinct name="JUNCTION CITY" votes="0" />
                <Precinct name="GENEVA" votes="0" />
                <Precinct name="TALBOTTON" votes="0" />
                <Precinct name="BOX SPRINGS" votes="0" />
                <Precinct name="FLINT HILL" votes="0" />
            </VoteType>
        </Choice>
    </Contest>
    <Contest key="80" text="State Senator, District 15" isQuestion="false" precinctsReporting="7" precinctsReported="7">
        <VoteType name="Number of Precincts for Race" votes="7">
            <Precinct name="ONEAL" votes="1" />
            <Precinct name="VALLEY" votes="1" />
            <Precinct name="JUNCTION CITY" votes="1" />
            <Precinct name="GENEVA" votes="1" />
            <Precinct name="TALBOTTON" votes="1" />
            <Precinct name="BOX SPRINGS" votes="1" />
            <Precinct name="FLINT HILL" votes="1" />
        </VoteType>
        <VoteType name="Number of Precincts Reporting" votes="7">
            <Precinct name="ONEAL" votes="1" />
            <Precinct name="VALLEY" votes="1" />
            <Precinct name="JUNCTION CITY" votes="1" />
            <Precinct name="GENEVA" votes="1" />
            <Precinct name="TALBOTTON" votes="1" />
            <Precinct name="BOX SPRINGS" votes="1" />
            <Precinct name="FLINT HILL" votes="1" />
        </VoteType>
        <Choice key="10" text="ED HARBISON (I)" totalVotes="2448">
            <VoteType name="Election Day" votes="1384">
                <Precinct name="ONEAL" votes="179" />
                <Precinct name="VALLEY" votes="239" />
                <Precinct name="JUNCTION CITY" votes="120" />
                <Precinct name="GENEVA" votes="153" />
                <Precinct name="TALBOTTON" votes="216" />
                <Precinct name="BOX SPRINGS" votes="151" />
                <Precinct name="FLINT HILL" votes="326" />
            </VoteType>
            <VoteType name="Absentee by Mail" votes="452">
                <Precinct name="ONEAL" votes="23" />
                <Precinct name="VALLEY" votes="58" />
                <Precinct name="JUNCTION CITY" votes="90" />
                <Precinct name="GENEVA" votes="85" />
                <Precinct name="TALBOTTON" votes="96" />
                <Precinct name="BOX SPRINGS" votes="26" />
                <Precinct name="FLINT HILL" votes="74" />
            </VoteType>
            <VoteType name="Advance in Person" votes="612">
                <Precinct name="ONEAL" votes="92" />
                <Precinct name="VALLEY" votes="85" />
                <Precinct name="JUNCTION CITY" votes="32" />
                <Precinct name="GENEVA" votes="24" />
                <Precinct name="TALBOTTON" votes="143" />
                <Precinct name="BOX SPRINGS" votes="25" />
                <Precinct name="FLINT HILL" votes="211" />
            </VoteType>
            <VoteType name="Provisional" votes="0">
                <Precinct name="ONEAL" votes="0" />
                <Precinct name="VALLEY" votes="0" />
                <Precinct name="JUNCTION CITY" votes="0" />
                <Precinct name="GENEVA" votes="0" />
                <Precinct name="TALBOTTON" votes="0" />
                <Precinct name="BOX SPRINGS" votes="0" />
                <Precinct name="FLINT HILL" votes="0" />
            </VoteType>
        </Choice>
    </Contest>
    <Contest key="100" text="State Representative, District 137" isQuestion="false" precinctsReporting="7" precinctsReported="7">
        <VoteType name="Number of Precincts for Race" votes="7">
            <Precinct name="ONEAL" votes="1" />
            <Precinct name="VALLEY" votes="1" />
            <Precinct name="JUNCTION CITY" votes="1" />
            <Precinct name="GENEVA" votes="1" />
            <Precinct name="TALBOTTON" votes="1" />
            <Precinct name="BOX SPRINGS" votes="1" />
            <Precinct name="FLINT HILL" votes="1" />
        </VoteType>
        <VoteType name="Number of Precincts Reporting" votes="7">
            <Precinct name="ONEAL" votes="1" />
            <Precinct name="VALLEY" votes="1" />
            <Precinct name="JUNCTION CITY" votes="1" />
            <Precinct name="GENEVA" votes="1" />
            <Precinct name="TALBOTTON" votes="1" />
            <Precinct name="BOX SPRINGS" votes="1" />
            <Precinct name="FLINT HILL" votes="1" />
        </VoteType>
        <Choice key="10" text="DEBBIE G.  BUCKNER (I)" totalVotes="2673">
            <VoteType name="Election Day" votes="1511">
                <Precinct name="ONEAL" votes="194" />
                <Precinct name="VALLEY" votes="274" />
                <Precinct name="JUNCTION CITY" votes="128" />
                <Precinct name="GENEVA" votes="167" />
                <Precinct name="TALBOTTON" votes="238" />
                <Precinct name="BOX SPRINGS" votes="168" />
                <Precinct name="FLINT HILL" votes="342" />
            </VoteType>
            <VoteType name="Absentee by Mail" votes="499">
                <Precinct name="ONEAL" votes="25" />
                <Precinct name="VALLEY" votes="64" />
                <Precinct name="JUNCTION CITY" votes="98" />
                <Precinct name="GENEVA" votes="95" />
                <Precinct name="TALBOTTON" votes="110" />
                <Precinct name="BOX SPRINGS" votes="29" />
                <Precinct name="FLINT HILL" votes="78" />
            </VoteType>
            <VoteType name="Advance in Person" votes="663">
                <Precinct name="ONEAL" votes="97" />
                <Precinct name="VALLEY" votes="103" />
                <Precinct name="JUNCTION CITY" votes="40" />
                <Precinct name="GENEVA" votes="25" />
                <Precinct name="TALBOTTON" votes="143" />
                <Precinct name="BOX SPRINGS" votes="30" />
                <Precinct name="FLINT HILL" votes="225" />
            </VoteType>
            <VoteType name="Provisional" votes="0">
                <Precinct name="ONEAL" votes="0" />
                <Precinct name="VALLEY" votes="0" />
                <Precinct name="JUNCTION CITY" votes="0" />
                <Precinct name="GENEVA" votes="0" />
                <Precinct name="TALBOTTON" votes="0" />
                <Precinct name="BOX SPRINGS" votes="0" />
                <Precinct name="FLINT HILL" votes="0" />
            </VoteType>
        </Choice>
    </Contest>
    <Contest key="120" text="District Attorney, Chattahoochee Circuit" isQuestion="false" precinctsReporting="7" precinctsReported="7">
        <VoteType name="Number of Precincts for Race" votes="7">
            <Precinct name="ONEAL" votes="1" />
            <Precinct name="VALLEY" votes="1" />
            <Precinct name="JUNCTION CITY" votes="1" />
            <Precinct name="GENEVA" votes="1" />
            <Precinct name="TALBOTTON" votes="1" />
            <Precinct name="BOX SPRINGS" votes="1" />
            <Precinct name="FLINT HILL" votes="1" />
        </VoteType>
        <VoteType name="Number of Precincts Reporting" votes="7">
            <Precinct name="ONEAL" votes="1" />
            <Precinct name="VALLEY" votes="1" />
            <Precinct name="JUNCTION CITY" votes="1" />
            <Precinct name="GENEVA" votes="1" />
            <Precinct name="TALBOTTON" votes="1" />
            <Precinct name="BOX SPRINGS" votes="1" />
            <Precinct name="FLINT HILL" votes="1" />
        </VoteType>
        <Choice key="10" text="JULIA  SLATER (I)" totalVotes="2453">
            <VoteType name="Election Day" votes="1390">
                <Precinct name="ONEAL" votes="178" />
                <Precinct name="VALLEY" votes="245" />
                <Precinct name="JUNCTION CITY" votes="114" />
                <Precinct name="GENEVA" votes="153" />
                <Precinct name="TALBOTTON" votes="216" />
                <Precinct name="BOX SPRINGS" votes="157" />
                <Precinct name="FLINT HILL" votes="327" />
            </VoteType>
            <VoteType name="Absentee by Mail" votes="455">
                <Precinct name="ONEAL" votes="24" />
                <Precinct name="VALLEY" votes="61" />
                <Precinct name="JUNCTION CITY" votes="89" />
                <Precinct name="GENEVA" votes="88" />
                <Precinct name="TALBOTTON" votes="93" />
                <Precinct name="BOX SPRINGS" votes="26" />
                <Precinct name="FLINT HILL" votes="74" />
            </VoteType>
            <VoteType name="Advance in Person" votes="608">
                <Precinct name="ONEAL" votes="96" />
                <Precinct name="VALLEY" votes="85" />
                <Precinct name="JUNCTION CITY" votes="33" />
                <Precinct name="GENEVA" votes="22" />
                <Precinct name="TALBOTTON" votes="139" />
                <Precinct name="BOX SPRINGS" votes="29" />
                <Precinct name="FLINT HILL" votes="204" />
            </VoteType>
            <VoteType name="Provisional" votes="0">
                <Precinct name="ONEAL" votes="0" />
                <Precinct name="VALLEY" votes="0" />
                <Precinct name="JUNCTION CITY" votes="0" />
                <Precinct name="GENEVA" votes="0" />
                <Precinct name="TALBOTTON" votes="0" />
                <Precinct name="BOX SPRINGS" votes="0" />
                <Precinct name="FLINT HILL" votes="0" />
            </VoteType>
        </Choice>
    </Contest>
    <Contest key="140" text="JUDGE PROBATE CT" isQuestion="false" precinctsReporting="7" precinctsReported="7">
        <VoteType name="Number of Precincts for Race" votes="7">
            <Precinct name="ONEAL" votes="1" />
            <Precinct name="VALLEY" votes="1" />
            <Precinct name="JUNCTION CITY" votes="1" />
            <Precinct name="GENEVA" votes="1" />
            <Precinct name="TALBOTTON" votes="1" />
            <Precinct name="BOX SPRINGS" votes="1" />
            <Precinct name="FLINT HILL" votes="1" />
        </VoteType>
        <VoteType name="Number of Precincts Reporting" votes="7">
            <Precinct name="ONEAL" votes="1" />
            <Precinct name="VALLEY" votes="1" />
            <Precinct name="JUNCTION CITY" votes="1" />
            <Precinct name="GENEVA" votes="1" />
            <Precinct name="TALBOTTON" votes="1" />
            <Precinct name="BOX SPRINGS" votes="1" />
            <Precinct name="FLINT HILL" votes="1" />
        </VoteType>
        <Choice key="10" text="J. R. TERRY (I) D" totalVotes="2633">
            <VoteType name="Election Day" votes="1488">
                <Precinct name="ONEAL" votes="199" />
                <Precinct name="VALLEY" votes="262" />
                <Precinct name="JUNCTION CITY" votes="119" />
                <Precinct name="GENEVA" votes="158" />
                <Precinct name="TALBOTTON" votes="256" />
                <Precinct name="BOX SPRINGS" votes="152" />
                <Precinct name="FLINT HILL" votes="342" />
            </VoteType>
            <VoteType name="Absentee by Mail" votes="489">
                <Precinct name="ONEAL" votes="25" />
                <Precinct name="VALLEY" votes="61" />
                <Precinct name="JUNCTION CITY" votes="93" />
                <Precinct name="GENEVA" votes="93" />
                <Precinct name="TALBOTTON" votes="106" />
                <Precinct name="BOX SPRINGS" votes="27" />
                <Precinct name="FLINT HILL" votes="84" />
            </VoteType>
            <VoteType name="Advance in Person" votes="656">
                <Precinct name="ONEAL" votes="97" />
                <Precinct name="VALLEY" votes="93" />
                <Precinct name="JUNCTION CITY" votes="36" />
                <Precinct name="GENEVA" votes="22" />
                <Precinct name="TALBOTTON" votes="152" />
                <Precinct name="BOX SPRINGS" votes="28" />
                <Precinct name="FLINT HILL" votes="228" />
            </VoteType>
            <VoteType name="Provisional" votes="0">
                <Precinct name="ONEAL" votes="0" />
                <Precinct name="VALLEY" votes="0" />
                <Precinct name="JUNCTION CITY" votes="0" />
                <Precinct name="GENEVA" votes="0" />
                <Precinct name="TALBOTTON" votes="0" />
                <Precinct name="BOX SPRINGS" votes="0" />
                <Precinct name="FLINT HILL" votes="0" />
            </VoteType>
        </Choice>
    </Contest>
    <Contest key="160" text="CLERK SUPERIOR COURT" isQuestion="false" precinctsReporting="7" precinctsReported="7">
        <VoteType name="Number of Precincts for Race" votes="7">
            <Precinct name="ONEAL" votes="1" />
            <Precinct name="VALLEY" votes="1" />
            <Precinct name="JUNCTION CITY" votes="1" />
            <Precinct name="GENEVA" votes="1" />
            <Precinct name="TALBOTTON" votes="1" />
            <Precinct name="BOX SPRINGS" votes="1" />
            <Precinct name="FLINT HILL" votes="1" />
        </VoteType>
        <VoteType name="Number of Precincts Reporting" votes="7">
            <Precinct name="ONEAL" votes="1" />
            <Precinct name="VALLEY" votes="1" />
            <Precinct name="JUNCTION CITY" votes="1" />
            <Precinct name="GENEVA" votes="1" />
            <Precinct name="TALBOTTON" votes="1" />
            <Precinct name="BOX SPRINGS" votes="1" />
            <Precinct name="FLINT HILL" votes="1" />
        </VoteType>
        <Choice key="10" text="P. DILLINGHAM-MAHONE (I) D" totalVotes="2653">
            <VoteType name="Election Day" votes="1501">
                <Precinct name="ONEAL" votes="195" />
                <Precinct name="VALLEY" votes="271" />
                <Precinct name="JUNCTION CITY" votes="124" />
                <Precinct name="GENEVA" votes="161" />
                <Precinct name="TALBOTTON" votes="255" />
                <Precinct name="BOX SPRINGS" votes="152" />
                <Precinct name="FLINT HILL" votes="343" />
            </VoteType>
            <VoteType name="Absentee by Mail" votes="493">
                <Precinct name="ONEAL" votes="26" />
                <Precinct name="VALLEY" votes="63" />
                <Precinct name="JUNCTION CITY" votes="93" />
                <Precinct name="GENEVA" votes="95" />
                <Precinct name="TALBOTTON" votes="109" />
                <Precinct name="BOX SPRINGS" votes="28" />
                <Precinct name="FLINT HILL" votes="79" />
            </VoteType>
            <VoteType name="Advance in Person" votes="659">
                <Precinct name="ONEAL" votes="101" />
                <Precinct name="VALLEY" votes="95" />
                <Precinct name="JUNCTION CITY" votes="39" />
                <Precinct name="GENEVA" votes="22" />
                <Precinct name="TALBOTTON" votes="150" />
                <Precinct name="BOX SPRINGS" votes="29" />
                <Precinct name="FLINT HILL" votes="223" />
            </VoteType>
            <VoteType name="Provisional" votes="0">
                <Precinct name="ONEAL" votes="0" />
                <Precinct name="VALLEY" votes="0" />
                <Precinct name="JUNCTION CITY" votes="0" />
                <Precinct name="GENEVA" votes="0" />
                <Precinct name="TALBOTTON" votes="0" />
                <Precinct name="BOX SPRINGS" votes="0" />
                <Precinct name="FLINT HILL" votes="0" />
            </VoteType>
        </Choice>
    </Contest>
    <Contest key="180" text="SHERIFF" isQuestion="false" precinctsReporting="7" precinctsReported="7">
        <VoteType name="Number of Precincts for Race" votes="7">
            <Precinct name="ONEAL" votes="1" />
            <Precinct name="VALLEY" votes="1" />
            <Precinct name="JUNCTION CITY" votes="1" />
            <Precinct name="GENEVA" votes="1" />
            <Precinct name="TALBOTTON" votes="1" />
            <Precinct name="BOX SPRINGS" votes="1" />
            <Precinct name="FLINT HILL" votes="1" />
        </VoteType>
        <VoteType name="Number of Precincts Reporting" votes="7">
            <Precinct name="ONEAL" votes="1" />
            <Precinct name="VALLEY" votes="1" />
            <Precinct name="JUNCTION CITY" votes="1" />
            <Precinct name="GENEVA" votes="1" />
            <Precinct name="TALBOTTON" votes="1" />
            <Precinct name="BOX SPRINGS" votes="1" />
            <Precinct name="FLINT HILL" votes="1" />
        </VoteType>
        <Choice key="10" text="B. R. GATES SR. (I)D" totalVotes="2692">
            <VoteType name="Election Day" votes="1534">
                <Precinct name="ONEAL" votes="199" />
                <Precinct name="VALLEY" votes="266" />
                <Precinct name="JUNCTION CITY" votes="131" />
                <Precinct name="GENEVA" votes="170" />
                <Precinct name="TALBOTTON" votes="254" />
                <Precinct name="BOX SPRINGS" votes="166" />
                <Precinct name="FLINT HILL" votes="348" />
            </VoteType>
            <VoteType name="Absentee by Mail" votes="481">
                <Precinct name="ONEAL" votes="26" />
                <Precinct name="VALLEY" votes="63" />
                <Precinct name="JUNCTION CITY" votes="91" />
                <Precinct name="GENEVA" votes="98" />
                <Precinct name="TALBOTTON" votes="98" />
                <Precinct name="BOX SPRINGS" votes="28" />
                <Precinct name="FLINT HILL" votes="77" />
            </VoteType>
            <VoteType name="Advance in Person" votes="677">
                <Precinct name="ONEAL" votes="101" />
                <Precinct name="VALLEY" votes="96" />
                <Precinct name="JUNCTION CITY" votes="41" />
                <Precinct name="GENEVA" votes="29" />
                <Precinct name="TALBOTTON" votes="152" />
                <Precinct name="BOX SPRINGS" votes="30" />
                <Precinct name="FLINT HILL" votes="228" />
            </VoteType>
            <VoteType name="Provisional" votes="0">
                <Precinct name="ONEAL" votes="0" />
                <Precinct name="VALLEY" votes="0" />
                <Precinct name="JUNCTION CITY" votes="0" />
                <Precinct name="GENEVA" votes="0" />
                <Precinct name="TALBOTTON" votes="0" />
                <Precinct name="BOX SPRINGS" votes="0" />
                <Precinct name="FLINT HILL" votes="0" />
            </VoteType>
        </Choice>
    </Contest>
    <Contest key="200" text="TAX COMMISSIONER" isQuestion="false" precinctsReporting="7" precinctsReported="7">
        <VoteType name="Number of Precincts for Race" votes="7">
            <Precinct name="ONEAL" votes="1" />
            <Precinct name="VALLEY" votes="1" />
            <Precinct name="JUNCTION CITY" votes="1" />
            <Precinct name="GENEVA" votes="1" />
            <Precinct name="TALBOTTON" votes="1" />
            <Precinct name="BOX SPRINGS" votes="1" />
            <Precinct name="FLINT HILL" votes="1" />
        </VoteType>
        <VoteType name="Number of Precincts Reporting" votes="7">
            <Precinct name="ONEAL" votes="1" />
            <Precinct name="VALLEY" votes="1" />
            <Precinct name="JUNCTION CITY" votes="1" />
            <Precinct name="GENEVA" votes="1" />
            <Precinct name="TALBOTTON" votes="1" />
            <Precinct name="BOX SPRINGS" votes="1" />
            <Precinct name="FLINT HILL" votes="1" />
        </VoteType>
        <Choice key="10" text="J. L. HUFF (I) D" totalVotes="2107">
            <VoteType name="Election Day" votes="1149">
                <Precinct name="ONEAL" votes="130" />
                <Precinct name="VALLEY" votes="195" />
                <Precinct name="JUNCTION CITY" votes="100" />
                <Precinct name="GENEVA" votes="115" />
                <Precinct name="TALBOTTON" votes="218" />
                <Precinct name="BOX SPRINGS" votes="117" />
                <Precinct name="FLINT HILL" votes="274" />
            </VoteType>
            <VoteType name="Absentee by Mail" votes="452">
                <Precinct name="ONEAL" votes="24" />
                <Precinct name="VALLEY" votes="60" />
                <Precinct name="JUNCTION CITY" votes="93" />
                <Precinct name="GENEVA" votes="79" />
                <Precinct name="TALBOTTON" votes="93" />
                <Precinct name="BOX SPRINGS" votes="24" />
                <Precinct name="FLINT HILL" votes="79" />
            </VoteType>
            <VoteType name="Advance in Person" votes="506">
                <Precinct name="ONEAL" votes="71" />
                <Precinct name="VALLEY" votes="65" />
                <Precinct name="JUNCTION CITY" votes="29" />
                <Precinct name="GENEVA" votes="22" />
                <Precinct name="TALBOTTON" votes="123" />
                <Precinct name="BOX SPRINGS" votes="20" />
                <Precinct name="FLINT HILL" votes="176" />
            </VoteType>
            <VoteType name="Provisional" votes="0">
                <Precinct name="ONEAL" votes="0" />
                <Precinct name="VALLEY" votes="0" />
                <Precinct name="JUNCTION CITY" votes="0" />
                <Precinct name="GENEVA" votes="0" />
                <Precinct name="TALBOTTON" votes="0" />
                <Precinct name="BOX SPRINGS" votes="0" />
                <Precinct name="FLINT HILL" votes="0" />
            </VoteType>
        </Choice>
        <Choice key="20" text="E. T. EPPS (IN)" totalVotes="311">
            <VoteType name="Election Day" votes="197">
                <Precinct name="ONEAL" votes="45" />
                <Precinct name="VALLEY" votes="16" />
                <Precinct name="JUNCTION CITY" votes="15" />
                <Precinct name="GENEVA" votes="33" />
                <Precinct name="TALBOTTON" votes="36" />
                <Precinct name="BOX SPRINGS" votes="21" />
                <Precinct name="FLINT HILL" votes="31" />
            </VoteType>
            <VoteType name="Absentee by Mail" votes="44">
                <Precinct name="ONEAL" votes="3" />
                <Precinct name="VALLEY" votes="1" />
                <Precinct name="JUNCTION CITY" votes="9" />
                <Precinct name="GENEVA" votes="17" />
                <Precinct name="TALBOTTON" votes="10" />
                <Precinct name="BOX SPRINGS" votes="2" />
                <Precinct name="FLINT HILL" votes="2" />
            </VoteType>
            <VoteType name="Advance in Person" votes="70">
                <Precinct name="ONEAL" votes="9" />
                <Precinct name="VALLEY" votes="7" />
                <Precinct name="JUNCTION CITY" votes="3" />
                <Precinct name="GENEVA" votes="7" />
                <Precinct name="TALBOTTON" votes="30" />
                <Precinct name="BOX SPRINGS" votes="4" />
                <Precinct name="FLINT HILL" votes="10" />
            </VoteType>
            <VoteType name="Provisional" votes="0">
                <Precinct name="ONEAL" votes="0" />
                <Precinct name="VALLEY" votes="0" />
                <Precinct name="JUNCTION CITY" votes="0" />
                <Precinct name="GENEVA" votes="0" />
                <Precinct name="TALBOTTON" votes="0" />
                <Precinct name="BOX SPRINGS" votes="0" />
                <Precinct name="FLINT HILL" votes="0" />
            </VoteType>
        </Choice>
        <Choice key="30" text="W. A. LACKEY (IN)" totalVotes="723">
            <VoteType name="Election Day" votes="451">
                <Precinct name="ONEAL" votes="62" />
                <Precinct name="VALLEY" votes="114" />
                <Precinct name="JUNCTION CITY" votes="34" />
                <Precinct name="GENEVA" votes="50" />
                <Precinct name="TALBOTTON" votes="42" />
                <Precinct name="BOX SPRINGS" votes="61" />
                <Precinct name="FLINT HILL" votes="88" />
            </VoteType>
            <VoteType name="Absentee by Mail" votes="57">
                <Precinct name="ONEAL" votes="3" />
                <Precinct name="VALLEY" votes="8" />
                <Precinct name="JUNCTION CITY" votes="10" />
                <Precinct name="GENEVA" votes="9" />
                <Precinct name="TALBOTTON" votes="15" />
                <Precinct name="BOX SPRINGS" votes="3" />
                <Precinct name="FLINT HILL" votes="9" />
            </VoteType>
            <VoteType name="Advance in Person" votes="215">
                <Precinct name="ONEAL" votes="34" />
                <Precinct name="VALLEY" votes="51" />
                <Precinct name="JUNCTION CITY" votes="21" />
                <Precinct name="GENEVA" votes="5" />
                <Precinct name="TALBOTTON" votes="22" />
                <Precinct name="BOX SPRINGS" votes="12" />
                <Precinct name="FLINT HILL" votes="70" />
            </VoteType>
            <VoteType name="Provisional" votes="0">
                <Precinct name="ONEAL" votes="0" />
                <Precinct name="VALLEY" votes="0" />
                <Precinct name="JUNCTION CITY" votes="0" />
                <Precinct name="GENEVA" votes="0" />
                <Precinct name="TALBOTTON" votes="0" />
                <Precinct name="BOX SPRINGS" votes="0" />
                <Precinct name="FLINT HILL" votes="0" />
            </VoteType>
        </Choice>
    </Contest>
    <Contest key="220" text="CORONER" isQuestion="false" precinctsReporting="7" precinctsReported="7">
        <VoteType name="Number of Precincts for Race" votes="7">
            <Precinct name="ONEAL" votes="1" />
            <Precinct name="VALLEY" votes="1" />
            <Precinct name="JUNCTION CITY" votes="1" />
            <Precinct name="GENEVA" votes="1" />
            <Precinct name="TALBOTTON" votes="1" />
            <Precinct name="BOX SPRINGS" votes="1" />
            <Precinct name="FLINT HILL" votes="1" />
        </VoteType>
        <VoteType name="Number of Precincts Reporting" votes="7">
            <Precinct name="ONEAL" votes="1" />
            <Precinct name="VALLEY" votes="1" />
            <Precinct name="JUNCTION CITY" votes="1" />
            <Precinct name="GENEVA" votes="1" />
            <Precinct name="TALBOTTON" votes="1" />
            <Precinct name="BOX SPRINGS" votes="1" />
            <Precinct name="FLINT HILL" votes="1" />
        </VoteType>
        <Choice key="10" text="J. C. COSBY (I) D" totalVotes="2657">
            <VoteType name="Election Day" votes="1516">
                <Precinct name="ONEAL" votes="196" />
                <Precinct name="VALLEY" votes="270" />
                <Precinct name="JUNCTION CITY" votes="127" />
                <Precinct name="GENEVA" votes="165" />
                <Precinct name="TALBOTTON" votes="252" />
                <Precinct name="BOX SPRINGS" votes="162" />
                <Precinct name="FLINT HILL" votes="344" />
            </VoteType>
            <VoteType name="Absentee by Mail" votes="482">
                <Precinct name="ONEAL" votes="26" />
                <Precinct name="VALLEY" votes="64" />
                <Precinct name="JUNCTION CITY" votes="92" />
                <Precinct name="GENEVA" votes="89" />
                <Precinct name="TALBOTTON" votes="107" />
                <Precinct name="BOX SPRINGS" votes="28" />
                <Precinct name="FLINT HILL" votes="76" />
            </VoteType>
            <VoteType name="Advance in Person" votes="659">
                <Precinct name="ONEAL" votes="100" />
                <Precinct name="VALLEY" votes="97" />
                <Precinct name="JUNCTION CITY" votes="45" />
                <Precinct name="GENEVA" votes="25" />
                <Precinct name="TALBOTTON" votes="148" />
                <Precinct name="BOX SPRINGS" votes="29" />
                <Precinct name="FLINT HILL" votes="215" />
            </VoteType>
            <VoteType name="Provisional" votes="0">
                <Precinct name="ONEAL" votes="0" />
                <Precinct name="VALLEY" votes="0" />
                <Precinct name="JUNCTION CITY" votes="0" />
                <Precinct name="GENEVA" votes="0" />
                <Precinct name="TALBOTTON" votes="0" />
                <Precinct name="BOX SPRINGS" votes="0" />
                <Precinct name="FLINT HILL" votes="0" />
            </VoteType>
        </Choice>
    </Contest>
    <Contest key="240" text="CC D4" isQuestion="false" precinctsReporting="1" precinctsReported="1">
        <VoteType name="Number of Precincts for Race" votes="1">
            <Precinct name="FLINT HILL" votes="1" />
        </VoteType>
        <VoteType name="Number of Precincts Reporting" votes="1">
            <Precinct name="FLINT HILL" votes="1" />
        </VoteType>
        <Choice key="10" text="F. HOLMES (I) D" totalVotes="573">
            <VoteType name="Election Day" votes="310">
                <Precinct name="FLINT HILL" votes="310" />
            </VoteType>
            <VoteType name="Absentee by Mail" votes="67">
                <Precinct name="FLINT HILL" votes="67" />
            </VoteType>
            <VoteType name="Advance in Person" votes="196">
                <Precinct name="FLINT HILL" votes="196" />
            </VoteType>
            <VoteType name="Provisional" votes="0">
                <Precinct name="FLINT HILL" votes="0" />
            </VoteType>
        </Choice>
    </Contest>
    <Contest key="250" text="CC D5" isQuestion="false" precinctsReporting="3" precinctsReported="3">
        <VoteType name="Number of Precincts for Race" votes="3">
            <Precinct name="JUNCTION CITY" votes="1" />
            <Precinct name="GENEVA" votes="1" />
            <Precinct name="TALBOTTON" votes="1" />
        </VoteType>
        <VoteType name="Number of Precincts Reporting" votes="3">
            <Precinct name="JUNCTION CITY" votes="1" />
            <Precinct name="GENEVA" votes="1" />
            <Precinct name="TALBOTTON" votes="1" />
        </VoteType>
        <Choice key="10" text="W. G. HUNT (R)" totalVotes="172">
            <VoteType name="Election Day" votes="119">
                <Precinct name="JUNCTION CITY" votes="34" />
                <Precinct name="GENEVA" votes="79" />
                <Precinct name="TALBOTTON" votes="6" />
            </VoteType>
            <VoteType name="Absentee by Mail" votes="18">
                <Precinct name="JUNCTION CITY" votes="5" />
                <Precinct name="GENEVA" votes="13" />
                <Precinct name="TALBOTTON" votes="0" />
            </VoteType>
            <VoteType name="Advance in Person" votes="35">
                <Precinct name="JUNCTION CITY" votes="13" />
                <Precinct name="GENEVA" votes="19" />
                <Precinct name="TALBOTTON" votes="3" />
            </VoteType>
            <VoteType name="Provisional" votes="0">
                <Precinct name="JUNCTION CITY" votes="0" />
                <Precinct name="GENEVA" votes="0" />
                <Precinct name="TALBOTTON" votes="0" />
            </VoteType>
        </Choice>
        <Choice key="20" text="F. MONTGOMERY (I) D" totalVotes="506">
            <VoteType name="Election Day" votes="235">
                <Precinct name="JUNCTION CITY" votes="105" />
                <Precinct name="GENEVA" votes="117" />
                <Precinct name="TALBOTTON" votes="13" />
            </VoteType>
            <VoteType name="Absentee by Mail" votes="202">
                <Precinct name="JUNCTION CITY" votes="106" />
                <Precinct name="GENEVA" votes="88" />
                <Precinct name="TALBOTTON" votes="8" />
            </VoteType>
            <VoteType name="Advance in Person" votes="69">
                <Precinct name="JUNCTION CITY" votes="43" />
                <Precinct name="GENEVA" votes="20" />
                <Precinct name="TALBOTTON" votes="6" />
            </VoteType>
            <VoteType name="Provisional" votes="0">
                <Precinct name="JUNCTION CITY" votes="0" />
                <Precinct name="GENEVA" votes="0" />
                <Precinct name="TALBOTTON" votes="0" />
            </VoteType>
        </Choice>
    </Contest>
    <Contest key="280" text="BOE D1" isQuestion="false" precinctsReporting="1" precinctsReported="1">
        <VoteType name="Number of Precincts for Race" votes="1">
            <Precinct name="TALBOTTON" votes="1" />
        </VoteType>
        <VoteType name="Number of Precincts Reporting" votes="1">
            <Precinct name="TALBOTTON" votes="1" />
        </VoteType>
        <Choice key="10" text="Q. CARTER (D)" totalVotes="459">
            <VoteType name="Election Day" votes="231">
                <Precinct name="TALBOTTON" votes="231" />
            </VoteType>
            <VoteType name="Absentee by Mail" votes="87">
                <Precinct name="TALBOTTON" votes="87" />
            </VoteType>
            <VoteType name="Advance in Person" votes="141">
                <Precinct name="TALBOTTON" votes="141" />
            </VoteType>
            <VoteType name="Provisional" votes="0">
                <Precinct name="TALBOTTON" votes="0" />
            </VoteType>
        </Choice>
    </Contest>
    <Contest key="300" text="BOE D4" isQuestion="false" precinctsReporting="1" precinctsReported="1">
        <VoteType name="Number of Precincts for Race" votes="1">
            <Precinct name="FLINT HILL" votes="1" />
        </VoteType>
        <VoteType name="Number of Precincts Reporting" votes="1">
            <Precinct name="FLINT HILL" votes="1" />
        </VoteType>
        <Choice key="10" text="C. MAHONE (I) D" totalVotes="580">
            <VoteType name="Election Day" votes="314">
                <Precinct name="FLINT HILL" votes="314" />
            </VoteType>
            <VoteType name="Absentee by Mail" votes="71">
                <Precinct name="FLINT HILL" votes="71" />
            </VoteType>
            <VoteType name="Advance in Person" votes="195">
                <Precinct name="FLINT HILL" votes="195" />
            </VoteType>
            <VoteType name="Provisional" votes="0">
                <Precinct name="FLINT HILL" votes="0" />
            </VoteType>
        </Choice>
    </Contest>
    <Contest key="320" text="BOE D5" isQuestion="false" precinctsReporting="3" precinctsReported="3">
        <VoteType name="Number of Precincts for Race" votes="3">
            <Precinct name="JUNCTION CITY" votes="1" />
            <Precinct name="GENEVA" votes="1" />
            <Precinct name="TALBOTTON" votes="1" />
        </VoteType>
        <VoteType name="Number of Precincts Reporting" votes="3">
            <Precinct name="JUNCTION CITY" votes="1" />
            <Precinct name="GENEVA" votes="1" />
            <Precinct name="TALBOTTON" votes="1" />
        </VoteType>
        <Choice key="10" text="C. HENDERSON (D)" totalVotes="529">
            <VoteType name="Election Day" votes="282">
                <Precinct name="JUNCTION CITY" votes="114" />
                <Precinct name="GENEVA" votes="153" />
                <Precinct name="TALBOTTON" votes="15" />
            </VoteType>
            <VoteType name="Absentee by Mail" votes="183">
                <Precinct name="JUNCTION CITY" votes="88" />
                <Precinct name="GENEVA" votes="86" />
                <Precinct name="TALBOTTON" votes="9" />
            </VoteType>
            <VoteType name="Advance in Person" votes="64">
                <Precinct name="JUNCTION CITY" votes="34" />
                <Precinct name="GENEVA" votes="21" />
                <Precinct name="TALBOTTON" votes="9" />
            </VoteType>
            <VoteType name="Provisional" votes="0">
                <Precinct name="JUNCTION CITY" votes="0" />
                <Precinct name="GENEVA" votes="0" />
                <Precinct name="TALBOTTON" votes="0" />
            </VoteType>
        </Choice>
    </Contest>
    <Contest key="321" text="Constitutional Amendment #1&lt;br&gt;Provides greater flexibility and state accountability to fix failing schools through increasing community involvement." isQuestion="false" precinctsReporting="7" precinctsReported="7">
        <VoteType name="Number of Precincts for Race" votes="7">
            <Precinct name="ONEAL" votes="1" />
            <Precinct name="VALLEY" votes="1" />
            <Precinct name="JUNCTION CITY" votes="1" />
            <Precinct name="GENEVA" votes="1" />
            <Precinct name="TALBOTTON" votes="1" />
            <Precinct name="BOX SPRINGS" votes="1" />
            <Precinct name="FLINT HILL" votes="1" />
        </VoteType>
        <VoteType name="Number of Precincts Reporting" votes="7">
            <Precinct name="ONEAL" votes="1" />
            <Precinct name="VALLEY" votes="1" />
            <Precinct name="JUNCTION CITY" votes="1" />
            <Precinct name="GENEVA" votes="1" />
            <Precinct name="TALBOTTON" votes="1" />
            <Precinct name="BOX SPRINGS" votes="1" />
            <Precinct name="FLINT HILL" votes="1" />
        </VoteType>
        <Choice key="10" text="YES" totalVotes="1480">
            <VoteType name="Election Day" votes="817">
                <Precinct name="ONEAL" votes="122" />
                <Precinct name="VALLEY" votes="129" />
                <Precinct name="JUNCTION CITY" votes="69" />
                <Precinct name="GENEVA" votes="92" />
                <Precinct name="TALBOTTON" votes="138" />
                <Precinct name="BOX SPRINGS" votes="111" />
                <Precinct name="FLINT HILL" votes="156" />
            </VoteType>
            <VoteType name="Absentee by Mail" votes="290">
                <Precinct name="ONEAL" votes="18" />
                <Precinct name="VALLEY" votes="28" />
                <Precinct name="JUNCTION CITY" votes="62" />
                <Precinct name="GENEVA" votes="51" />
                <Precinct name="TALBOTTON" votes="69" />
                <Precinct name="BOX SPRINGS" votes="20" />
                <Precinct name="FLINT HILL" votes="42" />
            </VoteType>
            <VoteType name="Advance in Person" votes="373">
                <Precinct name="ONEAL" votes="58" />
                <Precinct name="VALLEY" votes="46" />
                <Precinct name="JUNCTION CITY" votes="27" />
                <Precinct name="GENEVA" votes="19" />
                <Precinct name="TALBOTTON" votes="88" />
                <Precinct name="BOX SPRINGS" votes="26" />
                <Precinct name="FLINT HILL" votes="109" />
            </VoteType>
            <VoteType name="Provisional" votes="0">
                <Precinct name="ONEAL" votes="0" />
                <Precinct name="VALLEY" votes="0" />
                <Precinct name="JUNCTION CITY" votes="0" />
                <Precinct name="GENEVA" votes="0" />
                <Precinct name="TALBOTTON" votes="0" />
                <Precinct name="BOX SPRINGS" votes="0" />
                <Precinct name="FLINT HILL" votes="0" />
            </VoteType>
        </Choice>
        <Choice key="20" text="NO" totalVotes="1559">
            <VoteType name="Election Day" votes="956">
                <Precinct name="ONEAL" votes="121" />
                <Precinct name="VALLEY" votes="196" />
                <Precinct name="JUNCTION CITY" votes="76" />
                <Precinct name="GENEVA" votes="103" />
                <Precinct name="TALBOTTON" votes="129" />
                <Precinct name="BOX SPRINGS" votes="103" />
                <Precinct name="FLINT HILL" votes="228" />
            </VoteType>
            <VoteType name="Absentee by Mail" votes="186">
                <Precinct name="ONEAL" votes="7" />
                <Precinct name="VALLEY" votes="36" />
                <Precinct name="JUNCTION CITY" votes="32" />
                <Precinct name="GENEVA" votes="34" />
                <Precinct name="TALBOTTON" votes="30" />
                <Precinct name="BOX SPRINGS" votes="8" />
                <Precinct name="FLINT HILL" votes="39" />
            </VoteType>
            <VoteType name="Advance in Person" votes="417">
                <Precinct name="ONEAL" votes="62" />
                <Precinct name="VALLEY" votes="78" />
                <Precinct name="JUNCTION CITY" votes="30" />
                <Precinct name="GENEVA" votes="19" />
                <Precinct name="TALBOTTON" votes="76" />
                <Precinct name="BOX SPRINGS" votes="11" />
                <Precinct name="FLINT HILL" votes="141" />
            </VoteType>
            <VoteType name="Provisional" votes="0">
                <Precinct name="ONEAL" votes="0" />
                <Precinct name="VALLEY" votes="0" />
                <Precinct name="JUNCTION CITY" votes="0" />
                <Precinct name="GENEVA" votes="0" />
                <Precinct name="TALBOTTON" votes="0" />
                <Precinct name="BOX SPRINGS" votes="0" />
                <Precinct name="FLINT HILL" votes="0" />
            </VoteType>
        </Choice>
    </Contest>
    <Contest key="322" text="Constitutional Amendment #2&lt;br&gt;Authorizes penalties for sexual exploitation and assessments on adult entertainment to fund child victims' services." isQuestion="false" precinctsReporting="7" precinctsReported="7">
        <VoteType name="Number of Precincts for Race" votes="7">
            <Precinct name="ONEAL" votes="1" />
            <Precinct name="VALLEY" votes="1" />
            <Precinct name="JUNCTION CITY" votes="1" />
            <Precinct name="GENEVA" votes="1" />
            <Precinct name="TALBOTTON" votes="1" />
            <Precinct name="BOX SPRINGS" votes="1" />
            <Precinct name="FLINT HILL" votes="1" />
        </VoteType>
        <VoteType name="Number of Precincts Reporting" votes="7">
            <Precinct name="ONEAL" votes="1" />
            <Precinct name="VALLEY" votes="1" />
            <Precinct name="JUNCTION CITY" votes="1" />
            <Precinct name="GENEVA" votes="1" />
            <Precinct name="TALBOTTON" votes="1" />
            <Precinct name="BOX SPRINGS" votes="1" />
            <Precinct name="FLINT HILL" votes="1" />
        </VoteType>
        <Choice key="10" text="YES" totalVotes="2378">
            <VoteType name="Election Day" votes="1362">
                <Precinct name="ONEAL" votes="178" />
                <Precinct name="VALLEY" votes="250" />
                <Precinct name="JUNCTION CITY" votes="104" />
                <Precinct name="GENEVA" votes="158" />
                <Precinct name="TALBOTTON" votes="189" />
                <Precinct name="BOX SPRINGS" votes="185" />
                <Precinct name="FLINT HILL" votes="298" />
            </VoteType>
            <VoteType name="Absentee by Mail" votes="389">
                <Precinct name="ONEAL" votes="23" />
                <Precinct name="VALLEY" votes="49" />
                <Precinct name="JUNCTION CITY" votes="76" />
                <Precinct name="GENEVA" votes="74" />
                <Precinct name="TALBOTTON" votes="79" />
                <Precinct name="BOX SPRINGS" votes="21" />
                <Precinct name="FLINT HILL" votes="67" />
            </VoteType>
            <VoteType name="Advance in Person" votes="627">
                <Precinct name="ONEAL" votes="104" />
                <Precinct name="VALLEY" votes="94" />
                <Precinct name="JUNCTION CITY" votes="42" />
                <Precinct name="GENEVA" votes="31" />
                <Precinct name="TALBOTTON" votes="127" />
                <Precinct name="BOX SPRINGS" votes="33" />
                <Precinct name="FLINT HILL" votes="196" />
            </VoteType>
            <VoteType name="Provisional" votes="0">
                <Precinct name="ONEAL" votes="0" />
                <Precinct name="VALLEY" votes="0" />
                <Precinct name="JUNCTION CITY" votes="0" />
                <Precinct name="GENEVA" votes="0" />
                <Precinct name="TALBOTTON" votes="0" />
                <Precinct name="BOX SPRINGS" votes="0" />
                <Precinct name="FLINT HILL" votes="0" />
            </VoteType>
        </Choice>
        <Choice key="20" text="NO" totalVotes="536">
            <VoteType name="Election Day" votes="338">
                <Precinct name="ONEAL" votes="49" />
                <Precinct name="VALLEY" votes="60" />
                <Precinct name="JUNCTION CITY" votes="29" />
                <Precinct name="GENEVA" votes="31" />
                <Precinct name="TALBOTTON" votes="65" />
                <Precinct name="BOX SPRINGS" votes="27" />
                <Precinct name="FLINT HILL" votes="77" />
            </VoteType>
            <VoteType name="Absentee by Mail" votes="65">
                <Precinct name="ONEAL" votes="3" />
                <Precinct name="VALLEY" votes="12" />
                <Precinct name="JUNCTION CITY" votes="9" />
                <Precinct name="GENEVA" votes="12" />
                <Precinct name="TALBOTTON" votes="8" />
                <Precinct name="BOX SPRINGS" votes="7" />
                <Precinct name="FLINT HILL" votes="14" />
            </VoteType>
            <VoteType name="Advance in Person" votes="133">
                <Precinct name="ONEAL" votes="14" />
                <Precinct name="VALLEY" votes="23" />
                <Precinct name="JUNCTION CITY" votes="9" />
                <Precinct name="GENEVA" votes="6" />
                <Precinct name="TALBOTTON" votes="30" />
                <Precinct name="BOX SPRINGS" votes="3" />
                <Precinct name="FLINT HILL" votes="48" />
            </VoteType>
            <VoteType name="Provisional" votes="0">
                <Precinct name="ONEAL" votes="0" />
                <Precinct name="VALLEY" votes="0" />
                <Precinct name="JUNCTION CITY" votes="0" />
                <Precinct name="GENEVA" votes="0" />
                <Precinct name="TALBOTTON" votes="0" />
                <Precinct name="BOX SPRINGS" votes="0" />
                <Precinct name="FLINT HILL" votes="0" />
            </VoteType>
        </Choice>
    </Contest>
    <Contest key="323" text="Constitutional Amendment #3&lt;br&gt;Reforms and re-establishes the Judicial Qualifications Commission and provides for its composition, governance, and powers." isQuestion="false" precinctsReporting="7" precinctsReported="7">
        <VoteType name="Number of Precincts for Race" votes="7">
            <Precinct name="ONEAL" votes="1" />
            <Precinct name="VALLEY" votes="1" />
            <Precinct name="JUNCTION CITY" votes="1" />
            <Precinct name="GENEVA" votes="1" />
            <Precinct name="TALBOTTON" votes="1" />
            <Precinct name="BOX SPRINGS" votes="1" />
            <Precinct name="FLINT HILL" votes="1" />
        </VoteType>
        <VoteType name="Number of Precincts Reporting" votes="7">
            <Precinct name="ONEAL" votes="1" />
            <Precinct name="VALLEY" votes="1" />
            <Precinct name="JUNCTION CITY" votes="1" />
            <Precinct name="GENEVA" votes="1" />
            <Precinct name="TALBOTTON" votes="1" />
            <Precinct name="BOX SPRINGS" votes="1" />
            <Precinct name="FLINT HILL" votes="1" />
        </VoteType>
        <Choice key="10" text="YES" totalVotes="1757">
            <VoteType name="Election Day" votes="991">
                <Precinct name="ONEAL" votes="120" />
                <Precinct name="VALLEY" votes="180" />
                <Precinct name="JUNCTION CITY" votes="69" />
                <Precinct name="GENEVA" votes="115" />
                <Precinct name="TALBOTTON" votes="146" />
                <Precinct name="BOX SPRINGS" votes="135" />
                <Precinct name="FLINT HILL" votes="226" />
            </VoteType>
            <VoteType name="Absentee by Mail" votes="310">
                <Precinct name="ONEAL" votes="21" />
                <Precinct name="VALLEY" votes="37" />
                <Precinct name="JUNCTION CITY" votes="61" />
                <Precinct name="GENEVA" votes="61" />
                <Precinct name="TALBOTTON" votes="64" />
                <Precinct name="BOX SPRINGS" votes="16" />
                <Precinct name="FLINT HILL" votes="50" />
            </VoteType>
            <VoteType name="Advance in Person" votes="456">
                <Precinct name="ONEAL" votes="65" />
                <Precinct name="VALLEY" votes="78" />
                <Precinct name="JUNCTION CITY" votes="28" />
                <Precinct name="GENEVA" votes="24" />
                <Precinct name="TALBOTTON" votes="100" />
                <Precinct name="BOX SPRINGS" votes="27" />
                <Precinct name="FLINT HILL" votes="134" />
            </VoteType>
            <VoteType name="Provisional" votes="0">
                <Precinct name="ONEAL" votes="0" />
                <Precinct name="VALLEY" votes="0" />
                <Precinct name="JUNCTION CITY" votes="0" />
                <Precinct name="GENEVA" votes="0" />
                <Precinct name="TALBOTTON" votes="0" />
                <Precinct name="BOX SPRINGS" votes="0" />
                <Precinct name="FLINT HILL" votes="0" />
            </VoteType>
        </Choice>
        <Choice key="20" text="NO" totalVotes="1004">
            <VoteType name="Election Day" votes="627">
                <Precinct name="ONEAL" votes="97" />
                <Precinct name="VALLEY" votes="107" />
                <Precinct name="JUNCTION CITY" votes="60" />
                <Precinct name="GENEVA" votes="67" />
                <Precinct name="TALBOTTON" votes="91" />
                <Precinct name="BOX SPRINGS" votes="66" />
                <Precinct name="FLINT HILL" votes="139" />
            </VoteType>
            <VoteType name="Absentee by Mail" votes="119">
                <Precinct name="ONEAL" votes="6" />
                <Precinct name="VALLEY" votes="22" />
                <Precinct name="JUNCTION CITY" votes="17" />
                <Precinct name="GENEVA" votes="23" />
                <Precinct name="TALBOTTON" votes="19" />
                <Precinct name="BOX SPRINGS" votes="11" />
                <Precinct name="FLINT HILL" votes="21" />
            </VoteType>
            <VoteType name="Advance in Person" votes="258">
                <Precinct name="ONEAL" votes="43" />
                <Precinct name="VALLEY" votes="33" />
                <Precinct name="JUNCTION CITY" votes="21" />
                <Precinct name="GENEVA" votes="10" />
                <Precinct name="TALBOTTON" votes="44" />
                <Precinct name="BOX SPRINGS" votes="8" />
                <Precinct name="FLINT HILL" votes="99" />
            </VoteType>
            <VoteType name="Provisional" votes="0">
                <Precinct name="ONEAL" votes="0" />
                <Precinct name="VALLEY" votes="0" />
                <Precinct name="JUNCTION CITY" votes="0" />
                <Precinct name="GENEVA" votes="0" />
                <Precinct name="TALBOTTON" votes="0" />
                <Precinct name="BOX SPRINGS" votes="0" />
                <Precinct name="FLINT HILL" votes="0" />
            </VoteType>
        </Choice>
    </Contest>
    <Contest key="324" text="Constitutional Amendment #4&lt;br&gt;Dedicates revenue from existing taxes on fireworks to trauma care, fire services, and public safety." isQuestion="false" precinctsReporting="7" precinctsReported="7">
        <VoteType name="Number of Precincts for Race" votes="7">
            <Precinct name="ONEAL" votes="1" />
            <Precinct name="VALLEY" votes="1" />
            <Precinct name="JUNCTION CITY" votes="1" />
            <Precinct name="GENEVA" votes="1" />
            <Precinct name="TALBOTTON" votes="1" />
            <Precinct name="BOX SPRINGS" votes="1" />
            <Precinct name="FLINT HILL" votes="1" />
        </VoteType>
        <VoteType name="Number of Precincts Reporting" votes="7">
            <Precinct name="ONEAL" votes="1" />
            <Precinct name="VALLEY" votes="1" />
            <Precinct name="JUNCTION CITY" votes="1" />
            <Precinct name="GENEVA" votes="1" />
            <Precinct name="TALBOTTON" votes="1" />
            <Precinct name="BOX SPRINGS" votes="1" />
            <Precinct name="FLINT HILL" votes="1" />
        </VoteType>
        <Choice key="10" text="YES" totalVotes="2274">
            <VoteType name="Election Day" votes="1303">
                <Precinct name="ONEAL" votes="169" />
                <Precinct name="VALLEY" votes="236" />
                <Precinct name="JUNCTION CITY" votes="103" />
                <Precinct name="GENEVA" votes="141" />
                <Precinct name="TALBOTTON" votes="198" />
                <Precinct name="BOX SPRINGS" votes="173" />
                <Precinct name="FLINT HILL" votes="283" />
            </VoteType>
            <VoteType name="Absentee by Mail" votes="376">
                <Precinct name="ONEAL" votes="25" />
                <Precinct name="VALLEY" votes="50" />
                <Precinct name="JUNCTION CITY" votes="66" />
                <Precinct name="GENEVA" votes="74" />
                <Precinct name="TALBOTTON" votes="80" />
                <Precinct name="BOX SPRINGS" votes="20" />
                <Precinct name="FLINT HILL" votes="61" />
            </VoteType>
            <VoteType name="Advance in Person" votes="595">
                <Precinct name="ONEAL" votes="97" />
                <Precinct name="VALLEY" votes="90" />
                <Precinct name="JUNCTION CITY" votes="40" />
                <Precinct name="GENEVA" votes="28" />
                <Precinct name="TALBOTTON" votes="119" />
                <Precinct name="BOX SPRINGS" votes="26" />
                <Precinct name="FLINT HILL" votes="195" />
            </VoteType>
            <VoteType name="Provisional" votes="0">
                <Precinct name="ONEAL" votes="0" />
                <Precinct name="VALLEY" votes="0" />
                <Precinct name="JUNCTION CITY" votes="0" />
                <Precinct name="GENEVA" votes="0" />
                <Precinct name="TALBOTTON" votes="0" />
                <Precinct name="BOX SPRINGS" votes="0" />
                <Precinct name="FLINT HILL" votes="0" />
            </VoteType>
        </Choice>
        <Choice key="20" text="NO" totalVotes="631">
            <VoteType name="Election Day" votes="384">
                <Precinct name="ONEAL" votes="54" />
                <Precinct name="VALLEY" votes="68" />
                <Precinct name="JUNCTION CITY" votes="30" />
                <Precinct name="GENEVA" votes="49" />
                <Precinct name="TALBOTTON" votes="54" />
                <Precinct name="BOX SPRINGS" votes="34" />
                <Precinct name="FLINT HILL" votes="95" />
            </VoteType>
            <VoteType name="Absentee by Mail" votes="82">
                <Precinct name="ONEAL" votes="2" />
                <Precinct name="VALLEY" votes="14" />
                <Precinct name="JUNCTION CITY" votes="18" />
                <Precinct name="GENEVA" votes="14" />
                <Precinct name="TALBOTTON" votes="8" />
                <Precinct name="BOX SPRINGS" votes="7" />
                <Precinct name="FLINT HILL" votes="19" />
            </VoteType>
            <VoteType name="Advance in Person" votes="165">
                <Precinct name="ONEAL" votes="20" />
                <Precinct name="VALLEY" votes="29" />
                <Precinct name="JUNCTION CITY" votes="15" />
                <Precinct name="GENEVA" votes="8" />
                <Precinct name="TALBOTTON" votes="29" />
                <Precinct name="BOX SPRINGS" votes="12" />
                <Precinct name="FLINT HILL" votes="52" />
            </VoteType>
            <VoteType name="Provisional" votes="0">
                <Precinct name="ONEAL" votes="0" />
                <Precinct name="VALLEY" votes="0" />
                <Precinct name="JUNCTION CITY" votes="0" />
                <Precinct name="GENEVA" votes="0" />
                <Precinct name="TALBOTTON" votes="0" />
                <Precinct name="BOX SPRINGS" votes="0" />
                <Precinct name="FLINT HILL" votes="0" />
            </VoteType>
        </Choice>
    </Contest>
    <Contest key="330" text="ESPLOST AND BONDS" isQuestion="false" precinctsReporting="7" precinctsReported="7">
        <VoteType name="Number of Precincts for Race" votes="7">
            <Precinct name="ONEAL" votes="1" />
            <Precinct name="VALLEY" votes="1" />
            <Precinct name="JUNCTION CITY" votes="1" />
            <Precinct name="GENEVA" votes="1" />
            <Precinct name="TALBOTTON" votes="1" />
            <Precinct name="BOX SPRINGS" votes="1" />
            <Precinct name="FLINT HILL" votes="1" />
        </VoteType>
        <VoteType name="Number of Precincts Reporting" votes="7">
            <Precinct name="ONEAL" votes="1" />
            <Precinct name="VALLEY" votes="1" />
            <Precinct name="JUNCTION CITY" votes="1" />
            <Precinct name="GENEVA" votes="1" />
            <Precinct name="TALBOTTON" votes="1" />
            <Precinct name="BOX SPRINGS" votes="1" />
            <Precinct name="FLINT HILL" votes="1" />
        </VoteType>
        <Choice key="10" text="YES" totalVotes="1986">
            <VoteType name="Election Day" votes="1110">
                <Precinct name="ONEAL" votes="149" />
                <Precinct name="VALLEY" votes="193" />
                <Precinct name="JUNCTION CITY" votes="89" />
                <Precinct name="GENEVA" votes="120" />
                <Precinct name="TALBOTTON" votes="194" />
                <Precinct name="BOX SPRINGS" votes="123" />
                <Precinct name="FLINT HILL" votes="242" />
            </VoteType>
            <VoteType name="Absentee by Mail" votes="362">
                <Precinct name="ONEAL" votes="21" />
                <Precinct name="VALLEY" votes="45" />
                <Precinct name="JUNCTION CITY" votes="69" />
                <Precinct name="GENEVA" votes="69" />
                <Precinct name="TALBOTTON" votes="76" />
                <Precinct name="BOX SPRINGS" votes="15" />
                <Precinct name="FLINT HILL" votes="67" />
            </VoteType>
            <VoteType name="Advance in Person" votes="514">
                <Precinct name="ONEAL" votes="76" />
                <Precinct name="VALLEY" votes="70" />
                <Precinct name="JUNCTION CITY" votes="41" />
                <Precinct name="GENEVA" votes="23" />
                <Precinct name="TALBOTTON" votes="120" />
                <Precinct name="BOX SPRINGS" votes="20" />
                <Precinct name="FLINT HILL" votes="164" />
            </VoteType>
            <VoteType name="Provisional" votes="0">
                <Precinct name="ONEAL" votes="0" />
                <Precinct name="VALLEY" votes="0" />
                <Precinct name="JUNCTION CITY" votes="0" />
                <Precinct name="GENEVA" votes="0" />
                <Precinct name="TALBOTTON" votes="0" />
                <Precinct name="BOX SPRINGS" votes="0" />
                <Precinct name="FLINT HILL" votes="0" />
            </VoteType>
        </Choice>
        <Choice key="20" text="NO" totalVotes="1005">
            <VoteType name="Election Day" votes="624">
                <Precinct name="ONEAL" votes="89" />
                <Precinct name="VALLEY" votes="124" />
                <Precinct name="JUNCTION CITY" votes="47" />
                <Precinct name="GENEVA" votes="72" />
                <Precinct name="TALBOTTON" votes="74" />
                <Precinct name="BOX SPRINGS" votes="83" />
                <Precinct name="FLINT HILL" votes="135" />
            </VoteType>
            <VoteType name="Absentee by Mail" votes="109">
                <Precinct name="ONEAL" votes="4" />
                <Precinct name="VALLEY" votes="18" />
                <Precinct name="JUNCTION CITY" votes="16" />
                <Precinct name="GENEVA" votes="21" />
                <Precinct name="TALBOTTON" votes="22" />
                <Precinct name="BOX SPRINGS" votes="12" />
                <Precinct name="FLINT HILL" votes="16" />
            </VoteType>
            <VoteType name="Advance in Person" votes="272">
                <Precinct name="ONEAL" votes="39" />
                <Precinct name="VALLEY" votes="54" />
                <Precinct name="JUNCTION CITY" votes="15" />
                <Precinct name="GENEVA" votes="15" />
                <Precinct name="TALBOTTON" votes="43" />
                <Precinct name="BOX SPRINGS" votes="18" />
                <Precinct name="FLINT HILL" votes="88" />
            </VoteType>
            <VoteType name="Provisional" votes="0">
                <Precinct name="ONEAL" votes="0" />
                <Precinct name="VALLEY" votes="0" />
                <Precinct name="JUNCTION CITY" votes="0" />
                <Precinct name="GENEVA" votes="0" />
                <Precinct name="TALBOTTON" votes="0" />
                <Precinct name="BOX SPRINGS" votes="0" />
                <Precinct name="FLINT HILL" votes="0" />
            </VoteType>
        </Choice>
    </Contest>
    <Contest key="340" text="CITY OF GENEVA COUNCIL SPECIAL" isQuestion="false" precinctsReporting="1" precinctsReported="1">
        <VoteType name="Number of Precincts for Race" votes="1">
            <Precinct name="GENEVA" votes="1" />
        </VoteType>
        <VoteType name="Number of Precincts Reporting" votes="1">
            <Precinct name="GENEVA" votes="1" />
        </VoteType>
        <Choice key="10" text="D. LOCKHART" totalVotes="50">
            <VoteType name="Election Day" votes="34">
                <Precinct name="GENEVA" votes="34" />
            </VoteType>
            <VoteType name="Absentee by Mail" votes="15">
                <Precinct name="GENEVA" votes="15" />
            </VoteType>
            <VoteType name="Advance in Person" votes="1">
                <Precinct name="GENEVA" votes="1" />
            </VoteType>
            <VoteType name="Provisional" votes="0">
                <Precinct name="GENEVA" votes="0" />
            </VoteType>
        </Choice>
    </Contest>
    <Contest key="350" text="CITY OF GENEVA REFERENDUM" isQuestion="false" precinctsReporting="1" precinctsReported="1">
        <VoteType name="Number of Precincts for Race" votes="1">
            <Precinct name="GENEVA" votes="1" />
        </VoteType>
        <VoteType name="Number of Precincts Reporting" votes="1">
            <Precinct name="GENEVA" votes="1" />
        </VoteType>
        <Choice key="10" text="YES" totalVotes="48">
            <VoteType name="Election Day" votes="30">
                <Precinct name="GENEVA" votes="30" />
            </VoteType>
            <VoteType name="Absentee by Mail" votes="16">
                <Precinct name="GENEVA" votes="16" />
            </VoteType>
            <VoteType name="Advance in Person" votes="2">
                <Precinct name="GENEVA" votes="2" />
            </VoteType>
            <VoteType name="Provisional" votes="0">
                <Precinct name="GENEVA" votes="0" />
            </VoteType>
        </Choice>
        <Choice key="20" text="NO" totalVotes="19">
            <VoteType name="Election Day" votes="14">
                <Precinct name="GENEVA" votes="14" />
            </VoteType>
            <VoteType name="Absentee by Mail" votes="3">
                <Precinct name="GENEVA" votes="3" />
            </VoteType>
            <VoteType name="Advance in Person" votes="2">
                <Precinct name="GENEVA" votes="2" />
            </VoteType>
            <VoteType name="Provisional" votes="0">
                <Precinct name="GENEVA" votes="0" />
            </VoteType>
        </Choice>
    </Contest>
</ElectionResult>