<?xml version="1.0"?>
<!--Election result snapshot imported from Tabulation System
-->
<ElectionResult>
    <Timestamp>11/14/2016 10:46:02 AM EST</Timestamp>
    <ElectionName>November 8, 2016 - General Election</ElectionName>
    <ElectionDate>11/8/2016</ElectionDate>
    <Region>Franklin</Region>
    <VoterTurnout totalVoters="13086" ballotsCast="8584" voterTurnout="65.60">
        <Precincts>
            <Precinct name="Carnesville" totalVoters="2056" ballotsCast="1400" voterTurnout="68.09" percentReporting="4" />
            <Precinct name="West Franklin" totalVoters="1486" ballotsCast="961" voterTurnout="64.67" percentReporting="4" />
            <Precinct name="NorthEast Franklin" totalVoters="2429" ballotsCast="1548" voterTurnout="63.73" percentReporting="4" />
            <Precinct name="Lavonia" totalVoters="2030" ballotsCast="1299" voterTurnout="63.99" percentReporting="4" />
            <Precinct name="Canon" totalVoters="1084" ballotsCast="711" voterTurnout="65.59" percentReporting="4" />
            <Precinct name="Royston" totalVoters="1909" ballotsCast="1228" voterTurnout="64.33" percentReporting="4" />
            <Precinct name="SouthWest Franklin" totalVoters="2092" ballotsCast="1437" voterTurnout="68.69" percentReporting="4" />
        </Precincts>
    </VoterTurnout>
    <Contest key="1" text="President of the United States" isQuestion="false" precinctsReporting="7" precinctsReported="7">
        <VoteType name="Number of Precincts for Race" votes="7">
            <Precinct name="Carnesville" votes="1" />
            <Precinct name="West Franklin" votes="1" />
            <Precinct name="NorthEast Franklin" votes="1" />
            <Precinct name="Lavonia" votes="1" />
            <Precinct name="Canon" votes="1" />
            <Precinct name="Royston" votes="1" />
            <Precinct name="SouthWest Franklin" votes="1" />
        </VoteType>
        <VoteType name="Number of Precincts Reporting" votes="7">
            <Precinct name="Carnesville" votes="1" />
            <Precinct name="West Franklin" votes="1" />
            <Precinct name="NorthEast Franklin" votes="1" />
            <Precinct name="Lavonia" votes="1" />
            <Precinct name="Canon" votes="1" />
            <Precinct name="Royston" votes="1" />
            <Precinct name="SouthWest Franklin" votes="1" />
        </VoteType>
        <Choice key="10" text="DONALD J. TRUMP" totalVotes="7054">
            <VoteType name="Election Day" votes="3332">
                <Precinct name="Carnesville" votes="441" />
                <Precinct name="West Franklin" votes="388" />
                <Precinct name="NorthEast Franklin" votes="628" />
                <Precinct name="Lavonia" votes="453" />
                <Precinct name="Canon" votes="371" />
                <Precinct name="Royston" votes="456" />
                <Precinct name="SouthWest Franklin" votes="595" />
            </VoteType>
            <VoteType name="Absentee by Mail" votes="316">
                <Precinct name="Carnesville" votes="50" />
                <Precinct name="West Franklin" votes="33" />
                <Precinct name="NorthEast Franklin" votes="70" />
                <Precinct name="Lavonia" votes="36" />
                <Precinct name="Canon" votes="24" />
                <Precinct name="Royston" votes="50" />
                <Precinct name="SouthWest Franklin" votes="53" />
            </VoteType>
            <VoteType name="Advance in Person" votes="3406">
                <Precinct name="Carnesville" votes="725" />
                <Precinct name="West Franklin" votes="391" />
                <Precinct name="NorthEast Franklin" votes="578" />
                <Precinct name="Lavonia" votes="474" />
                <Precinct name="Canon" votes="213" />
                <Precinct name="Royston" votes="415" />
                <Precinct name="SouthWest Franklin" votes="610" />
            </VoteType>
            <VoteType name="Provisional" votes="0">
                <Precinct name="Carnesville" votes="0" />
                <Precinct name="West Franklin" votes="0" />
                <Precinct name="NorthEast Franklin" votes="0" />
                <Precinct name="Lavonia" votes="0" />
                <Precinct name="Canon" votes="0" />
                <Precinct name="Royston" votes="0" />
                <Precinct name="SouthWest Franklin" votes="0" />
            </VoteType>
        </Choice>
        <Choice key="20" text="HILLARY CLINTON" totalVotes="1243">
            <VoteType name="Election Day" votes="633">
                <Precinct name="Carnesville" votes="45" />
                <Precinct name="West Franklin" votes="58" />
                <Precinct name="NorthEast Franklin" votes="137" />
                <Precinct name="Lavonia" votes="158" />
                <Precinct name="Canon" votes="53" />
                <Precinct name="Royston" votes="130" />
                <Precinct name="SouthWest Franklin" votes="52" />
            </VoteType>
            <VoteType name="Absentee by Mail" votes="87">
                <Precinct name="Carnesville" votes="11" />
                <Precinct name="West Franklin" votes="8" />
                <Precinct name="NorthEast Franklin" votes="10" />
                <Precinct name="Lavonia" votes="23" />
                <Precinct name="Canon" votes="6" />
                <Precinct name="Royston" votes="19" />
                <Precinct name="SouthWest Franklin" votes="10" />
            </VoteType>
            <VoteType name="Advance in Person" votes="523">
                <Precinct name="Carnesville" votes="88" />
                <Precinct name="West Franklin" votes="54" />
                <Precinct name="NorthEast Franklin" votes="69" />
                <Precinct name="Lavonia" votes="113" />
                <Precinct name="Canon" votes="27" />
                <Precinct name="Royston" votes="102" />
                <Precinct name="SouthWest Franklin" votes="70" />
            </VoteType>
            <VoteType name="Provisional" votes="0">
                <Precinct name="Carnesville" votes="0" />
                <Precinct name="West Franklin" votes="0" />
                <Precinct name="NorthEast Franklin" votes="0" />
                <Precinct name="Lavonia" votes="0" />
                <Precinct name="Canon" votes="0" />
                <Precinct name="Royston" votes="0" />
                <Precinct name="SouthWest Franklin" votes="0" />
            </VoteType>
        </Choice>
        <Choice key="30" text="GARY JOHNSON" totalVotes="177">
            <VoteType name="Election Day" votes="110">
                <Precinct name="Carnesville" votes="9" />
                <Precinct name="West Franklin" votes="13" />
                <Precinct name="NorthEast Franklin" votes="26" />
                <Precinct name="Lavonia" votes="14" />
                <Precinct name="Canon" votes="8" />
                <Precinct name="Royston" votes="20" />
                <Precinct name="SouthWest Franklin" votes="20" />
            </VoteType>
            <VoteType name="Absentee by Mail" votes="11">
                <Precinct name="Carnesville" votes="2" />
                <Precinct name="West Franklin" votes="0" />
                <Precinct name="NorthEast Franklin" votes="3" />
                <Precinct name="Lavonia" votes="2" />
                <Precinct name="Canon" votes="0" />
                <Precinct name="Royston" votes="4" />
                <Precinct name="SouthWest Franklin" votes="0" />
            </VoteType>
            <VoteType name="Advance in Person" votes="56">
                <Precinct name="Carnesville" votes="9" />
                <Precinct name="West Franklin" votes="4" />
                <Precinct name="NorthEast Franklin" votes="11" />
                <Precinct name="Lavonia" votes="11" />
                <Precinct name="Canon" votes="4" />
                <Precinct name="Royston" votes="7" />
                <Precinct name="SouthWest Franklin" votes="10" />
            </VoteType>
            <VoteType name="Provisional" votes="0">
                <Precinct name="Carnesville" votes="0" />
                <Precinct name="West Franklin" votes="0" />
                <Precinct name="NorthEast Franklin" votes="0" />
                <Precinct name="Lavonia" votes="0" />
                <Precinct name="Canon" votes="0" />
                <Precinct name="Royston" votes="0" />
                <Precinct name="SouthWest Franklin" votes="0" />
            </VoteType>
        </Choice>
    </Contest>
    <Contest key="10" text="United States Senator, Isakson" isQuestion="false" precinctsReporting="7" precinctsReported="7">
        <VoteType name="Number of Precincts for Race" votes="7">
            <Precinct name="Carnesville" votes="1" />
            <Precinct name="West Franklin" votes="1" />
            <Precinct name="NorthEast Franklin" votes="1" />
            <Precinct name="Lavonia" votes="1" />
            <Precinct name="Canon" votes="1" />
            <Precinct name="Royston" votes="1" />
            <Precinct name="SouthWest Franklin" votes="1" />
        </VoteType>
        <VoteType name="Number of Precincts Reporting" votes="7">
            <Precinct name="Carnesville" votes="1" />
            <Precinct name="West Franklin" votes="1" />
            <Precinct name="NorthEast Franklin" votes="1" />
            <Precinct name="Lavonia" votes="1" />
            <Precinct name="Canon" votes="1" />
            <Precinct name="Royston" votes="1" />
            <Precinct name="SouthWest Franklin" votes="1" />
        </VoteType>
        <Choice key="10" text="JOHNNY ISAKSON (I)" totalVotes="6488">
            <VoteType name="Election Day" votes="3016">
                <Precinct name="Carnesville" votes="401" />
                <Precinct name="West Franklin" votes="327" />
                <Precinct name="NorthEast Franklin" votes="573" />
                <Precinct name="Lavonia" votes="422" />
                <Precinct name="Canon" votes="314" />
                <Precinct name="Royston" votes="431" />
                <Precinct name="SouthWest Franklin" votes="548" />
            </VoteType>
            <VoteType name="Absentee by Mail" votes="323">
                <Precinct name="Carnesville" votes="56" />
                <Precinct name="West Franklin" votes="29" />
                <Precinct name="NorthEast Franklin" votes="70" />
                <Precinct name="Lavonia" votes="40" />
                <Precinct name="Canon" votes="26" />
                <Precinct name="Royston" votes="46" />
                <Precinct name="SouthWest Franklin" votes="56" />
            </VoteType>
            <VoteType name="Advance in Person" votes="3149">
                <Precinct name="Carnesville" votes="660" />
                <Precinct name="West Franklin" votes="350" />
                <Precinct name="NorthEast Franklin" votes="538" />
                <Precinct name="Lavonia" votes="435" />
                <Precinct name="Canon" votes="190" />
                <Precinct name="Royston" votes="407" />
                <Precinct name="SouthWest Franklin" votes="569" />
            </VoteType>
            <VoteType name="Provisional" votes="0">
                <Precinct name="Carnesville" votes="0" />
                <Precinct name="West Franklin" votes="0" />
                <Precinct name="NorthEast Franklin" votes="0" />
                <Precinct name="Lavonia" votes="0" />
                <Precinct name="Canon" votes="0" />
                <Precinct name="Royston" votes="0" />
                <Precinct name="SouthWest Franklin" votes="0" />
            </VoteType>
        </Choice>
        <Choice key="20" text="JIM BARKSDALE" totalVotes="1113">
            <VoteType name="Election Day" votes="605">
                <Precinct name="Carnesville" votes="52" />
                <Precinct name="West Franklin" votes="64" />
                <Precinct name="NorthEast Franklin" votes="136" />
                <Precinct name="Lavonia" votes="127" />
                <Precinct name="Canon" votes="58" />
                <Precinct name="Royston" votes="116" />
                <Precinct name="SouthWest Franklin" votes="52" />
            </VoteType>
            <VoteType name="Absentee by Mail" votes="62">
                <Precinct name="Carnesville" votes="6" />
                <Precinct name="West Franklin" votes="8" />
                <Precinct name="NorthEast Franklin" votes="8" />
                <Precinct name="Lavonia" votes="16" />
                <Precinct name="Canon" votes="6" />
                <Precinct name="Royston" votes="13" />
                <Precinct name="SouthWest Franklin" votes="5" />
            </VoteType>
            <VoteType name="Advance in Person" votes="446">
                <Precinct name="Carnesville" votes="81" />
                <Precinct name="West Franklin" votes="42" />
                <Precinct name="NorthEast Franklin" votes="65" />
                <Precinct name="Lavonia" votes="92" />
                <Precinct name="Canon" votes="26" />
                <Precinct name="Royston" votes="80" />
                <Precinct name="SouthWest Franklin" votes="60" />
            </VoteType>
            <VoteType name="Provisional" votes="0">
                <Precinct name="Carnesville" votes="0" />
                <Precinct name="West Franklin" votes="0" />
                <Precinct name="NorthEast Franklin" votes="0" />
                <Precinct name="Lavonia" votes="0" />
                <Precinct name="Canon" votes="0" />
                <Precinct name="Royston" votes="0" />
                <Precinct name="SouthWest Franklin" votes="0" />
            </VoteType>
        </Choice>
        <Choice key="30" text="ALLEN BUCKLEY" totalVotes="327">
            <VoteType name="Election Day" votes="190">
                <Precinct name="Carnesville" votes="17" />
                <Precinct name="West Franklin" votes="36" />
                <Precinct name="NorthEast Franklin" votes="36" />
                <Precinct name="Lavonia" votes="34" />
                <Precinct name="Canon" votes="17" />
                <Precinct name="Royston" votes="23" />
                <Precinct name="SouthWest Franklin" votes="27" />
            </VoteType>
            <VoteType name="Absentee by Mail" votes="11">
                <Precinct name="Carnesville" votes="1" />
                <Precinct name="West Franklin" votes="0" />
                <Precinct name="NorthEast Franklin" votes="4" />
                <Precinct name="Lavonia" votes="3" />
                <Precinct name="Canon" votes="0" />
                <Precinct name="Royston" votes="2" />
                <Precinct name="SouthWest Franklin" votes="1" />
            </VoteType>
            <VoteType name="Advance in Person" votes="126">
                <Precinct name="Carnesville" votes="21" />
                <Precinct name="West Franklin" votes="20" />
                <Precinct name="NorthEast Franklin" votes="25" />
                <Precinct name="Lavonia" votes="23" />
                <Precinct name="Canon" votes="6" />
                <Precinct name="Royston" votes="9" />
                <Precinct name="SouthWest Franklin" votes="22" />
            </VoteType>
            <VoteType name="Provisional" votes="0">
                <Precinct name="Carnesville" votes="0" />
                <Precinct name="West Franklin" votes="0" />
                <Precinct name="NorthEast Franklin" votes="0" />
                <Precinct name="Lavonia" votes="0" />
                <Precinct name="Canon" votes="0" />
                <Precinct name="Royston" votes="0" />
                <Precinct name="SouthWest Franklin" votes="0" />
            </VoteType>
        </Choice>
    </Contest>
    <Contest key="30" text="Public Service Commission, District 2 - Eastern" isQuestion="false" precinctsReporting="7" precinctsReported="7">
        <VoteType name="Number of Precincts for Race" votes="7">
            <Precinct name="Carnesville" votes="1" />
            <Precinct name="West Franklin" votes="1" />
            <Precinct name="NorthEast Franklin" votes="1" />
            <Precinct name="Lavonia" votes="1" />
            <Precinct name="Canon" votes="1" />
            <Precinct name="Royston" votes="1" />
            <Precinct name="SouthWest Franklin" votes="1" />
        </VoteType>
        <VoteType name="Number of Precincts Reporting" votes="7">
            <Precinct name="Carnesville" votes="1" />
            <Precinct name="West Franklin" votes="1" />
            <Precinct name="NorthEast Franklin" votes="1" />
            <Precinct name="Lavonia" votes="1" />
            <Precinct name="Canon" votes="1" />
            <Precinct name="Royston" votes="1" />
            <Precinct name="SouthWest Franklin" votes="1" />
        </VoteType>
        <Choice key="10" text="TIM ECHOLS (I)" totalVotes="6838">
            <VoteType name="Election Day" votes="3238">
                <Precinct name="Carnesville" votes="426" />
                <Precinct name="West Franklin" votes="357" />
                <Precinct name="NorthEast Franklin" votes="617" />
                <Precinct name="Lavonia" votes="476" />
                <Precinct name="Canon" votes="340" />
                <Precinct name="Royston" votes="452" />
                <Precinct name="SouthWest Franklin" votes="570" />
            </VoteType>
            <VoteType name="Absentee by Mail" votes="332">
                <Precinct name="Carnesville" votes="54" />
                <Precinct name="West Franklin" votes="34" />
                <Precinct name="NorthEast Franklin" votes="67" />
                <Precinct name="Lavonia" votes="38" />
                <Precinct name="Canon" votes="28" />
                <Precinct name="Royston" votes="54" />
                <Precinct name="SouthWest Franklin" votes="57" />
            </VoteType>
            <VoteType name="Advance in Person" votes="3268">
                <Precinct name="Carnesville" votes="677" />
                <Precinct name="West Franklin" votes="364" />
                <Precinct name="NorthEast Franklin" votes="551" />
                <Precinct name="Lavonia" votes="471" />
                <Precinct name="Canon" votes="200" />
                <Precinct name="Royston" votes="418" />
                <Precinct name="SouthWest Franklin" votes="587" />
            </VoteType>
            <VoteType name="Provisional" votes="0">
                <Precinct name="Carnesville" votes="0" />
                <Precinct name="West Franklin" votes="0" />
                <Precinct name="NorthEast Franklin" votes="0" />
                <Precinct name="Lavonia" votes="0" />
                <Precinct name="Canon" votes="0" />
                <Precinct name="Royston" votes="0" />
                <Precinct name="SouthWest Franklin" votes="0" />
            </VoteType>
        </Choice>
        <Choice key="20" text="ERIC HOSKINS" totalVotes="1020">
            <VoteType name="Election Day" votes="564">
                <Precinct name="Carnesville" votes="49" />
                <Precinct name="West Franklin" votes="80" />
                <Precinct name="NorthEast Franklin" votes="119" />
                <Precinct name="Lavonia" votes="99" />
                <Precinct name="Canon" votes="52" />
                <Precinct name="Royston" votes="100" />
                <Precinct name="SouthWest Franklin" votes="65" />
            </VoteType>
            <VoteType name="Absentee by Mail" votes="42">
                <Precinct name="Carnesville" votes="7" />
                <Precinct name="West Franklin" votes="2" />
                <Precinct name="NorthEast Franklin" votes="9" />
                <Precinct name="Lavonia" votes="16" />
                <Precinct name="Canon" votes="2" />
                <Precinct name="Royston" votes="3" />
                <Precinct name="SouthWest Franklin" votes="3" />
            </VoteType>
            <VoteType name="Advance in Person" votes="414">
                <Precinct name="Carnesville" votes="83" />
                <Precinct name="West Franklin" votes="51" />
                <Precinct name="NorthEast Franklin" votes="70" />
                <Precinct name="Lavonia" votes="71" />
                <Precinct name="Canon" votes="16" />
                <Precinct name="Royston" votes="60" />
                <Precinct name="SouthWest Franklin" votes="63" />
            </VoteType>
            <VoteType name="Provisional" votes="0">
                <Precinct name="Carnesville" votes="0" />
                <Precinct name="West Franklin" votes="0" />
                <Precinct name="NorthEast Franklin" votes="0" />
                <Precinct name="Lavonia" votes="0" />
                <Precinct name="Canon" votes="0" />
                <Precinct name="Royston" votes="0" />
                <Precinct name="SouthWest Franklin" votes="0" />
            </VoteType>
        </Choice>
    </Contest>
    <Contest key="50" text="U.S. Representative, District 9" isQuestion="false" precinctsReporting="7" precinctsReported="7">
        <VoteType name="Number of Precincts for Race" votes="7">
            <Precinct name="Carnesville" votes="1" />
            <Precinct name="West Franklin" votes="1" />
            <Precinct name="NorthEast Franklin" votes="1" />
            <Precinct name="Lavonia" votes="1" />
            <Precinct name="Canon" votes="1" />
            <Precinct name="Royston" votes="1" />
            <Precinct name="SouthWest Franklin" votes="1" />
        </VoteType>
        <VoteType name="Number of Precincts Reporting" votes="7">
            <Precinct name="Carnesville" votes="1" />
            <Precinct name="West Franklin" votes="1" />
            <Precinct name="NorthEast Franklin" votes="1" />
            <Precinct name="Lavonia" votes="1" />
            <Precinct name="Canon" votes="1" />
            <Precinct name="Royston" votes="1" />
            <Precinct name="SouthWest Franklin" votes="1" />
        </VoteType>
        <Choice key="10" text="DOUG COLLINS (I)" totalVotes="7569">
            <VoteType name="Election Day" votes="3657">
                <Precinct name="Carnesville" votes="464" />
                <Precinct name="West Franklin" votes="415" />
                <Precinct name="NorthEast Franklin" votes="713" />
                <Precinct name="Lavonia" votes="545" />
                <Precinct name="Canon" votes="382" />
                <Precinct name="Royston" votes="518" />
                <Precinct name="SouthWest Franklin" votes="620" />
            </VoteType>
            <VoteType name="Absentee by Mail" votes="341">
                <Precinct name="Carnesville" votes="50" />
                <Precinct name="West Franklin" votes="33" />
                <Precinct name="NorthEast Franklin" votes="74" />
                <Precinct name="Lavonia" votes="44" />
                <Precinct name="Canon" votes="28" />
                <Precinct name="Royston" votes="55" />
                <Precinct name="SouthWest Franklin" votes="57" />
            </VoteType>
            <VoteType name="Advance in Person" votes="3571">
                <Precinct name="Carnesville" votes="745" />
                <Precinct name="West Franklin" votes="397" />
                <Precinct name="NorthEast Franklin" votes="609" />
                <Precinct name="Lavonia" votes="524" />
                <Precinct name="Canon" votes="212" />
                <Precinct name="Royston" votes="457" />
                <Precinct name="SouthWest Franklin" votes="627" />
            </VoteType>
            <VoteType name="Provisional" votes="0">
                <Precinct name="Carnesville" votes="0" />
                <Precinct name="West Franklin" votes="0" />
                <Precinct name="NorthEast Franklin" votes="0" />
                <Precinct name="Lavonia" votes="0" />
                <Precinct name="Canon" votes="0" />
                <Precinct name="Royston" votes="0" />
                <Precinct name="SouthWest Franklin" votes="0" />
            </VoteType>
        </Choice>
    </Contest>
    <Contest key="70" text="State Senator, District 50" isQuestion="false" precinctsReporting="7" precinctsReported="7">
        <VoteType name="Number of Precincts for Race" votes="7">
            <Precinct name="Carnesville" votes="1" />
            <Precinct name="West Franklin" votes="1" />
            <Precinct name="NorthEast Franklin" votes="1" />
            <Precinct name="Lavonia" votes="1" />
            <Precinct name="Canon" votes="1" />
            <Precinct name="Royston" votes="1" />
            <Precinct name="SouthWest Franklin" votes="1" />
        </VoteType>
        <VoteType name="Number of Precincts Reporting" votes="7">
            <Precinct name="Carnesville" votes="1" />
            <Precinct name="West Franklin" votes="1" />
            <Precinct name="NorthEast Franklin" votes="1" />
            <Precinct name="Lavonia" votes="1" />
            <Precinct name="Canon" votes="1" />
            <Precinct name="Royston" votes="1" />
            <Precinct name="SouthWest Franklin" votes="1" />
        </VoteType>
        <Choice key="10" text="JOHN K WILKINSON (I)" totalVotes="7527">
            <VoteType name="Election Day" votes="3651">
                <Precinct name="Carnesville" votes="461" />
                <Precinct name="West Franklin" votes="415" />
                <Precinct name="NorthEast Franklin" votes="716" />
                <Precinct name="Lavonia" votes="538" />
                <Precinct name="Canon" votes="381" />
                <Precinct name="Royston" votes="522" />
                <Precinct name="SouthWest Franklin" votes="618" />
            </VoteType>
            <VoteType name="Absentee by Mail" votes="336">
                <Precinct name="Carnesville" votes="48" />
                <Precinct name="West Franklin" votes="34" />
                <Precinct name="NorthEast Franklin" votes="73" />
                <Precinct name="Lavonia" votes="42" />
                <Precinct name="Canon" votes="27" />
                <Precinct name="Royston" votes="54" />
                <Precinct name="SouthWest Franklin" votes="58" />
            </VoteType>
            <VoteType name="Advance in Person" votes="3540">
                <Precinct name="Carnesville" votes="745" />
                <Precinct name="West Franklin" votes="398" />
                <Precinct name="NorthEast Franklin" votes="602" />
                <Precinct name="Lavonia" votes="514" />
                <Precinct name="Canon" votes="208" />
                <Precinct name="Royston" votes="453" />
                <Precinct name="SouthWest Franklin" votes="620" />
            </VoteType>
            <VoteType name="Provisional" votes="0">
                <Precinct name="Carnesville" votes="0" />
                <Precinct name="West Franklin" votes="0" />
                <Precinct name="NorthEast Franklin" votes="0" />
                <Precinct name="Lavonia" votes="0" />
                <Precinct name="Canon" votes="0" />
                <Precinct name="Royston" votes="0" />
                <Precinct name="SouthWest Franklin" votes="0" />
            </VoteType>
        </Choice>
    </Contest>
    <Contest key="90" text="State Representative, District 32" isQuestion="false" precinctsReporting="7" precinctsReported="7">
        <VoteType name="Number of Precincts for Race" votes="7">
            <Precinct name="Carnesville" votes="1" />
            <Precinct name="West Franklin" votes="1" />
            <Precinct name="NorthEast Franklin" votes="1" />
            <Precinct name="Lavonia" votes="1" />
            <Precinct name="Canon" votes="1" />
            <Precinct name="Royston" votes="1" />
            <Precinct name="SouthWest Franklin" votes="1" />
        </VoteType>
        <VoteType name="Number of Precincts Reporting" votes="7">
            <Precinct name="Carnesville" votes="1" />
            <Precinct name="West Franklin" votes="1" />
            <Precinct name="NorthEast Franklin" votes="1" />
            <Precinct name="Lavonia" votes="1" />
            <Precinct name="Canon" votes="1" />
            <Precinct name="Royston" votes="1" />
            <Precinct name="SouthWest Franklin" votes="1" />
        </VoteType>
        <Choice key="10" text="ALAN POWELL (I) (REP)" totalVotes="7627">
            <VoteType name="Election Day" votes="3693">
                <Precinct name="Carnesville" votes="462" />
                <Precinct name="West Franklin" votes="411" />
                <Precinct name="NorthEast Franklin" votes="722" />
                <Precinct name="Lavonia" votes="554" />
                <Precinct name="Canon" votes="387" />
                <Precinct name="Royston" votes="531" />
                <Precinct name="SouthWest Franklin" votes="626" />
            </VoteType>
            <VoteType name="Absentee by Mail" votes="343">
                <Precinct name="Carnesville" votes="51" />
                <Precinct name="West Franklin" votes="34" />
                <Precinct name="NorthEast Franklin" votes="75" />
                <Precinct name="Lavonia" votes="42" />
                <Precinct name="Canon" votes="27" />
                <Precinct name="Royston" votes="57" />
                <Precinct name="SouthWest Franklin" votes="57" />
            </VoteType>
            <VoteType name="Advance in Person" votes="3591">
                <Precinct name="Carnesville" votes="745" />
                <Precinct name="West Franklin" votes="399" />
                <Precinct name="NorthEast Franklin" votes="611" />
                <Precinct name="Lavonia" votes="534" />
                <Precinct name="Canon" votes="209" />
                <Precinct name="Royston" votes="466" />
                <Precinct name="SouthWest Franklin" votes="627" />
            </VoteType>
            <VoteType name="Provisional" votes="0">
                <Precinct name="Carnesville" votes="0" />
                <Precinct name="West Franklin" votes="0" />
                <Precinct name="NorthEast Franklin" votes="0" />
                <Precinct name="Lavonia" votes="0" />
                <Precinct name="Canon" votes="0" />
                <Precinct name="Royston" votes="0" />
                <Precinct name="SouthWest Franklin" votes="0" />
            </VoteType>
        </Choice>
    </Contest>
    <Contest key="110" text="District Attorney, Northern Circuit" isQuestion="false" precinctsReporting="7" precinctsReported="7">
        <VoteType name="Number of Precincts for Race" votes="7">
            <Precinct name="Carnesville" votes="1" />
            <Precinct name="West Franklin" votes="1" />
            <Precinct name="NorthEast Franklin" votes="1" />
            <Precinct name="Lavonia" votes="1" />
            <Precinct name="Canon" votes="1" />
            <Precinct name="Royston" votes="1" />
            <Precinct name="SouthWest Franklin" votes="1" />
        </VoteType>
        <VoteType name="Number of Precincts Reporting" votes="7">
            <Precinct name="Carnesville" votes="1" />
            <Precinct name="West Franklin" votes="1" />
            <Precinct name="NorthEast Franklin" votes="1" />
            <Precinct name="Lavonia" votes="1" />
            <Precinct name="Canon" votes="1" />
            <Precinct name="Royston" votes="1" />
            <Precinct name="SouthWest Franklin" votes="1" />
        </VoteType>
        <Choice key="10" text="PARKS WHITE (I)" totalVotes="7386">
            <VoteType name="Election Day" votes="3570">
                <Precinct name="Carnesville" votes="458" />
                <Precinct name="West Franklin" votes="404" />
                <Precinct name="NorthEast Franklin" votes="700" />
                <Precinct name="Lavonia" votes="531" />
                <Precinct name="Canon" votes="357" />
                <Precinct name="Royston" votes="506" />
                <Precinct name="SouthWest Franklin" votes="614" />
            </VoteType>
            <VoteType name="Absentee by Mail" votes="333">
                <Precinct name="Carnesville" votes="49" />
                <Precinct name="West Franklin" votes="33" />
                <Precinct name="NorthEast Franklin" votes="73" />
                <Precinct name="Lavonia" votes="40" />
                <Precinct name="Canon" votes="27" />
                <Precinct name="Royston" votes="56" />
                <Precinct name="SouthWest Franklin" votes="55" />
            </VoteType>
            <VoteType name="Advance in Person" votes="3483">
                <Precinct name="Carnesville" votes="731" />
                <Precinct name="West Franklin" votes="392" />
                <Precinct name="NorthEast Franklin" votes="596" />
                <Precinct name="Lavonia" votes="511" />
                <Precinct name="Canon" votes="206" />
                <Precinct name="Royston" votes="442" />
                <Precinct name="SouthWest Franklin" votes="605" />
            </VoteType>
            <VoteType name="Provisional" votes="0">
                <Precinct name="Carnesville" votes="0" />
                <Precinct name="West Franklin" votes="0" />
                <Precinct name="NorthEast Franklin" votes="0" />
                <Precinct name="Lavonia" votes="0" />
                <Precinct name="Canon" votes="0" />
                <Precinct name="Royston" votes="0" />
                <Precinct name="SouthWest Franklin" votes="0" />
            </VoteType>
        </Choice>
    </Contest>
    <Contest key="300" text="Superior Court Clerk" isQuestion="false" precinctsReporting="7" precinctsReported="7">
        <VoteType name="Number of Precincts for Race" votes="7">
            <Precinct name="Carnesville" votes="1" />
            <Precinct name="West Franklin" votes="1" />
            <Precinct name="NorthEast Franklin" votes="1" />
            <Precinct name="Lavonia" votes="1" />
            <Precinct name="Canon" votes="1" />
            <Precinct name="Royston" votes="1" />
            <Precinct name="SouthWest Franklin" votes="1" />
        </VoteType>
        <VoteType name="Number of Precincts Reporting" votes="7">
            <Precinct name="Carnesville" votes="1" />
            <Precinct name="West Franklin" votes="1" />
            <Precinct name="NorthEast Franklin" votes="1" />
            <Precinct name="Lavonia" votes="1" />
            <Precinct name="Canon" votes="1" />
            <Precinct name="Royston" votes="1" />
            <Precinct name="SouthWest Franklin" votes="1" />
        </VoteType>
        <Choice key="10" text="M. HOLBROOK (I)(R)" totalVotes="7679">
            <VoteType name="Election Day" votes="3716">
                <Precinct name="Carnesville" votes="462" />
                <Precinct name="West Franklin" votes="415" />
                <Precinct name="NorthEast Franklin" votes="724" />
                <Precinct name="Lavonia" votes="562" />
                <Precinct name="Canon" votes="386" />
                <Precinct name="Royston" votes="542" />
                <Precinct name="SouthWest Franklin" votes="625" />
            </VoteType>
            <VoteType name="Absentee by Mail" votes="350">
                <Precinct name="Carnesville" votes="50" />
                <Precinct name="West Franklin" votes="35" />
                <Precinct name="NorthEast Franklin" votes="76" />
                <Precinct name="Lavonia" votes="43" />
                <Precinct name="Canon" votes="30" />
                <Precinct name="Royston" votes="60" />
                <Precinct name="SouthWest Franklin" votes="56" />
            </VoteType>
            <VoteType name="Advance in Person" votes="3613">
                <Precinct name="Carnesville" votes="745" />
                <Precinct name="West Franklin" votes="414" />
                <Precinct name="NorthEast Franklin" votes="615" />
                <Precinct name="Lavonia" votes="540" />
                <Precinct name="Canon" votes="209" />
                <Precinct name="Royston" votes="463" />
                <Precinct name="SouthWest Franklin" votes="627" />
            </VoteType>
            <VoteType name="Provisional" votes="0">
                <Precinct name="Carnesville" votes="0" />
                <Precinct name="West Franklin" votes="0" />
                <Precinct name="NorthEast Franklin" votes="0" />
                <Precinct name="Lavonia" votes="0" />
                <Precinct name="Canon" votes="0" />
                <Precinct name="Royston" votes="0" />
                <Precinct name="SouthWest Franklin" votes="0" />
            </VoteType>
        </Choice>
    </Contest>
    <Contest key="320" text="Sheriff" isQuestion="false" precinctsReporting="7" precinctsReported="7">
        <VoteType name="Number of Precincts for Race" votes="7">
            <Precinct name="Carnesville" votes="1" />
            <Precinct name="West Franklin" votes="1" />
            <Precinct name="NorthEast Franklin" votes="1" />
            <Precinct name="Lavonia" votes="1" />
            <Precinct name="Canon" votes="1" />
            <Precinct name="Royston" votes="1" />
            <Precinct name="SouthWest Franklin" votes="1" />
        </VoteType>
        <VoteType name="Number of Precincts Reporting" votes="7">
            <Precinct name="Carnesville" votes="1" />
            <Precinct name="West Franklin" votes="1" />
            <Precinct name="NorthEast Franklin" votes="1" />
            <Precinct name="Lavonia" votes="1" />
            <Precinct name="Canon" votes="1" />
            <Precinct name="Royston" votes="1" />
            <Precinct name="SouthWest Franklin" votes="1" />
        </VoteType>
        <Choice key="10" text="S. D. THOMAS (I)(R)" totalVotes="7592">
            <VoteType name="Election Day" votes="3682">
                <Precinct name="Carnesville" votes="445" />
                <Precinct name="West Franklin" votes="407" />
                <Precinct name="NorthEast Franklin" votes="714" />
                <Precinct name="Lavonia" votes="565" />
                <Precinct name="Canon" votes="392" />
                <Precinct name="Royston" votes="541" />
                <Precinct name="SouthWest Franklin" votes="618" />
            </VoteType>
            <VoteType name="Absentee by Mail" votes="333">
                <Precinct name="Carnesville" votes="42" />
                <Precinct name="West Franklin" votes="31" />
                <Precinct name="NorthEast Franklin" votes="72" />
                <Precinct name="Lavonia" votes="39" />
                <Precinct name="Canon" votes="31" />
                <Precinct name="Royston" votes="62" />
                <Precinct name="SouthWest Franklin" votes="56" />
            </VoteType>
            <VoteType name="Advance in Person" votes="3577">
                <Precinct name="Carnesville" votes="736" />
                <Precinct name="West Franklin" votes="399" />
                <Precinct name="NorthEast Franklin" votes="605" />
                <Precinct name="Lavonia" votes="543" />
                <Precinct name="Canon" votes="219" />
                <Precinct name="Royston" votes="460" />
                <Precinct name="SouthWest Franklin" votes="615" />
            </VoteType>
            <VoteType name="Provisional" votes="0">
                <Precinct name="Carnesville" votes="0" />
                <Precinct name="West Franklin" votes="0" />
                <Precinct name="NorthEast Franklin" votes="0" />
                <Precinct name="Lavonia" votes="0" />
                <Precinct name="Canon" votes="0" />
                <Precinct name="Royston" votes="0" />
                <Precinct name="SouthWest Franklin" votes="0" />
            </VoteType>
        </Choice>
    </Contest>
    <Contest key="340" text="Tax Commissioner" isQuestion="false" precinctsReporting="7" precinctsReported="7">
        <VoteType name="Number of Precincts for Race" votes="7">
            <Precinct name="Carnesville" votes="1" />
            <Precinct name="West Franklin" votes="1" />
            <Precinct name="NorthEast Franklin" votes="1" />
            <Precinct name="Lavonia" votes="1" />
            <Precinct name="Canon" votes="1" />
            <Precinct name="Royston" votes="1" />
            <Precinct name="SouthWest Franklin" votes="1" />
        </VoteType>
        <VoteType name="Number of Precincts Reporting" votes="7">
            <Precinct name="Carnesville" votes="1" />
            <Precinct name="West Franklin" votes="1" />
            <Precinct name="NorthEast Franklin" votes="1" />
            <Precinct name="Lavonia" votes="1" />
            <Precinct name="Canon" votes="1" />
            <Precinct name="Royston" votes="1" />
            <Precinct name="SouthWest Franklin" votes="1" />
        </VoteType>
        <Choice key="10" text="C. R. MARTIN (I)(R)" totalVotes="7564">
            <VoteType name="Election Day" votes="3651">
                <Precinct name="Carnesville" votes="449" />
                <Precinct name="West Franklin" votes="418" />
                <Precinct name="NorthEast Franklin" votes="703" />
                <Precinct name="Lavonia" votes="555" />
                <Precinct name="Canon" votes="375" />
                <Precinct name="Royston" votes="537" />
                <Precinct name="SouthWest Franklin" votes="614" />
            </VoteType>
            <VoteType name="Absentee by Mail" votes="335">
                <Precinct name="Carnesville" votes="48" />
                <Precinct name="West Franklin" votes="34" />
                <Precinct name="NorthEast Franklin" votes="74" />
                <Precinct name="Lavonia" votes="41" />
                <Precinct name="Canon" votes="28" />
                <Precinct name="Royston" votes="55" />
                <Precinct name="SouthWest Franklin" votes="55" />
            </VoteType>
            <VoteType name="Advance in Person" votes="3578">
                <Precinct name="Carnesville" votes="747" />
                <Precinct name="West Franklin" votes="404" />
                <Precinct name="NorthEast Franklin" votes="603" />
                <Precinct name="Lavonia" votes="531" />
                <Precinct name="Canon" votes="208" />
                <Precinct name="Royston" votes="459" />
                <Precinct name="SouthWest Franklin" votes="626" />
            </VoteType>
            <VoteType name="Provisional" votes="0">
                <Precinct name="Carnesville" votes="0" />
                <Precinct name="West Franklin" votes="0" />
                <Precinct name="NorthEast Franklin" votes="0" />
                <Precinct name="Lavonia" votes="0" />
                <Precinct name="Canon" votes="0" />
                <Precinct name="Royston" votes="0" />
                <Precinct name="SouthWest Franklin" votes="0" />
            </VoteType>
        </Choice>
    </Contest>
    <Contest key="360" text="Coroner" isQuestion="false" precinctsReporting="7" precinctsReported="7">
        <VoteType name="Number of Precincts for Race" votes="7">
            <Precinct name="Carnesville" votes="1" />
            <Precinct name="West Franklin" votes="1" />
            <Precinct name="NorthEast Franklin" votes="1" />
            <Precinct name="Lavonia" votes="1" />
            <Precinct name="Canon" votes="1" />
            <Precinct name="Royston" votes="1" />
            <Precinct name="SouthWest Franklin" votes="1" />
        </VoteType>
        <VoteType name="Number of Precincts Reporting" votes="7">
            <Precinct name="Carnesville" votes="1" />
            <Precinct name="West Franklin" votes="1" />
            <Precinct name="NorthEast Franklin" votes="1" />
            <Precinct name="Lavonia" votes="1" />
            <Precinct name="Canon" votes="1" />
            <Precinct name="Royston" votes="1" />
            <Precinct name="SouthWest Franklin" votes="1" />
        </VoteType>
        <Choice key="10" text="S. H. O'BARR (R)" totalVotes="7502">
            <VoteType name="Election Day" votes="3637">
                <Precinct name="Carnesville" votes="454" />
                <Precinct name="West Franklin" votes="409" />
                <Precinct name="NorthEast Franklin" votes="709" />
                <Precinct name="Lavonia" votes="548" />
                <Precinct name="Canon" votes="379" />
                <Precinct name="Royston" votes="530" />
                <Precinct name="SouthWest Franklin" votes="608" />
            </VoteType>
            <VoteType name="Absentee by Mail" votes="330">
                <Precinct name="Carnesville" votes="46" />
                <Precinct name="West Franklin" votes="32" />
                <Precinct name="NorthEast Franklin" votes="73" />
                <Precinct name="Lavonia" votes="39" />
                <Precinct name="Canon" votes="29" />
                <Precinct name="Royston" votes="54" />
                <Precinct name="SouthWest Franklin" votes="57" />
            </VoteType>
            <VoteType name="Advance in Person" votes="3535">
                <Precinct name="Carnesville" votes="732" />
                <Precinct name="West Franklin" votes="397" />
                <Precinct name="NorthEast Franklin" votes="606" />
                <Precinct name="Lavonia" votes="522" />
                <Precinct name="Canon" votes="200" />
                <Precinct name="Royston" votes="455" />
                <Precinct name="SouthWest Franklin" votes="623" />
            </VoteType>
            <VoteType name="Provisional" votes="0">
                <Precinct name="Carnesville" votes="0" />
                <Precinct name="West Franklin" votes="0" />
                <Precinct name="NorthEast Franklin" votes="0" />
                <Precinct name="Lavonia" votes="0" />
                <Precinct name="Canon" votes="0" />
                <Precinct name="Royston" votes="0" />
                <Precinct name="SouthWest Franklin" votes="0" />
            </VoteType>
        </Choice>
    </Contest>
    <Contest key="380" text="County Comm Chair" isQuestion="false" precinctsReporting="7" precinctsReported="7">
        <VoteType name="Number of Precincts for Race" votes="7">
            <Precinct name="Carnesville" votes="1" />
            <Precinct name="West Franklin" votes="1" />
            <Precinct name="NorthEast Franklin" votes="1" />
            <Precinct name="Lavonia" votes="1" />
            <Precinct name="Canon" votes="1" />
            <Precinct name="Royston" votes="1" />
            <Precinct name="SouthWest Franklin" votes="1" />
        </VoteType>
        <VoteType name="Number of Precincts Reporting" votes="7">
            <Precinct name="Carnesville" votes="1" />
            <Precinct name="West Franklin" votes="1" />
            <Precinct name="NorthEast Franklin" votes="1" />
            <Precinct name="Lavonia" votes="1" />
            <Precinct name="Canon" votes="1" />
            <Precinct name="Royston" votes="1" />
            <Precinct name="SouthWest Franklin" votes="1" />
        </VoteType>
        <Choice key="10" text="J. T. BRIDGES (I)(R)" totalVotes="7410">
            <VoteType name="Election Day" votes="3591">
                <Precinct name="Carnesville" votes="445" />
                <Precinct name="West Franklin" votes="400" />
                <Precinct name="NorthEast Franklin" votes="699" />
                <Precinct name="Lavonia" votes="540" />
                <Precinct name="Canon" votes="377" />
                <Precinct name="Royston" votes="523" />
                <Precinct name="SouthWest Franklin" votes="607" />
            </VoteType>
            <VoteType name="Absentee by Mail" votes="325">
                <Precinct name="Carnesville" votes="42" />
                <Precinct name="West Franklin" votes="32" />
                <Precinct name="NorthEast Franklin" votes="73" />
                <Precinct name="Lavonia" votes="40" />
                <Precinct name="Canon" votes="28" />
                <Precinct name="Royston" votes="55" />
                <Precinct name="SouthWest Franklin" votes="55" />
            </VoteType>
            <VoteType name="Advance in Person" votes="3494">
                <Precinct name="Carnesville" votes="728" />
                <Precinct name="West Franklin" votes="395" />
                <Precinct name="NorthEast Franklin" votes="592" />
                <Precinct name="Lavonia" votes="516" />
                <Precinct name="Canon" votes="205" />
                <Precinct name="Royston" votes="440" />
                <Precinct name="SouthWest Franklin" votes="618" />
            </VoteType>
            <VoteType name="Provisional" votes="0">
                <Precinct name="Carnesville" votes="0" />
                <Precinct name="West Franklin" votes="0" />
                <Precinct name="NorthEast Franklin" votes="0" />
                <Precinct name="Lavonia" votes="0" />
                <Precinct name="Canon" votes="0" />
                <Precinct name="Royston" votes="0" />
                <Precinct name="SouthWest Franklin" votes="0" />
            </VoteType>
        </Choice>
    </Contest>
    <Contest key="400" text="County Comm 1" isQuestion="false" precinctsReporting="7" precinctsReported="7">
        <VoteType name="Number of Precincts for Race" votes="7">
            <Precinct name="Carnesville" votes="1" />
            <Precinct name="West Franklin" votes="1" />
            <Precinct name="NorthEast Franklin" votes="1" />
            <Precinct name="Lavonia" votes="1" />
            <Precinct name="Canon" votes="1" />
            <Precinct name="Royston" votes="1" />
            <Precinct name="SouthWest Franklin" votes="1" />
        </VoteType>
        <VoteType name="Number of Precincts Reporting" votes="7">
            <Precinct name="Carnesville" votes="1" />
            <Precinct name="West Franklin" votes="1" />
            <Precinct name="NorthEast Franklin" votes="1" />
            <Precinct name="Lavonia" votes="1" />
            <Precinct name="Canon" votes="1" />
            <Precinct name="Royston" votes="1" />
            <Precinct name="SouthWest Franklin" votes="1" />
        </VoteType>
        <Choice key="10" text="R. L. FRANKLIN (I)(R" totalVotes="7411">
            <VoteType name="Election Day" votes="3580">
                <Precinct name="Carnesville" votes="443" />
                <Precinct name="West Franklin" votes="405" />
                <Precinct name="NorthEast Franklin" votes="694" />
                <Precinct name="Lavonia" votes="539" />
                <Precinct name="Canon" votes="374" />
                <Precinct name="Royston" votes="516" />
                <Precinct name="SouthWest Franklin" votes="609" />
            </VoteType>
            <VoteType name="Absentee by Mail" votes="318">
                <Precinct name="Carnesville" votes="44" />
                <Precinct name="West Franklin" votes="31" />
                <Precinct name="NorthEast Franklin" votes="68" />
                <Precinct name="Lavonia" votes="41" />
                <Precinct name="Canon" votes="27" />
                <Precinct name="Royston" votes="54" />
                <Precinct name="SouthWest Franklin" votes="53" />
            </VoteType>
            <VoteType name="Advance in Person" votes="3513">
                <Precinct name="Carnesville" votes="745" />
                <Precinct name="West Franklin" votes="398" />
                <Precinct name="NorthEast Franklin" votes="599" />
                <Precinct name="Lavonia" votes="514" />
                <Precinct name="Canon" votes="202" />
                <Precinct name="Royston" votes="440" />
                <Precinct name="SouthWest Franklin" votes="615" />
            </VoteType>
            <VoteType name="Provisional" votes="0">
                <Precinct name="Carnesville" votes="0" />
                <Precinct name="West Franklin" votes="0" />
                <Precinct name="NorthEast Franklin" votes="0" />
                <Precinct name="Lavonia" votes="0" />
                <Precinct name="Canon" votes="0" />
                <Precinct name="Royston" votes="0" />
                <Precinct name="SouthWest Franklin" votes="0" />
            </VoteType>
        </Choice>
    </Contest>
    <Contest key="420" text="County Comm 2" isQuestion="false" precinctsReporting="7" precinctsReported="7">
        <VoteType name="Number of Precincts for Race" votes="7">
            <Precinct name="Carnesville" votes="1" />
            <Precinct name="West Franklin" votes="1" />
            <Precinct name="NorthEast Franklin" votes="1" />
            <Precinct name="Lavonia" votes="1" />
            <Precinct name="Canon" votes="1" />
            <Precinct name="Royston" votes="1" />
            <Precinct name="SouthWest Franklin" votes="1" />
        </VoteType>
        <VoteType name="Number of Precincts Reporting" votes="7">
            <Precinct name="Carnesville" votes="1" />
            <Precinct name="West Franklin" votes="1" />
            <Precinct name="NorthEast Franklin" votes="1" />
            <Precinct name="Lavonia" votes="1" />
            <Precinct name="Canon" votes="1" />
            <Precinct name="Royston" votes="1" />
            <Precinct name="SouthWest Franklin" votes="1" />
        </VoteType>
        <Choice key="10" text="J. K. MACOMSON (R)" totalVotes="7426">
            <VoteType name="Election Day" votes="3575">
                <Precinct name="Carnesville" votes="444" />
                <Precinct name="West Franklin" votes="404" />
                <Precinct name="NorthEast Franklin" votes="693" />
                <Precinct name="Lavonia" votes="549" />
                <Precinct name="Canon" votes="372" />
                <Precinct name="Royston" votes="515" />
                <Precinct name="SouthWest Franklin" votes="598" />
            </VoteType>
            <VoteType name="Absentee by Mail" votes="333">
                <Precinct name="Carnesville" votes="49" />
                <Precinct name="West Franklin" votes="33" />
                <Precinct name="NorthEast Franklin" votes="71" />
                <Precinct name="Lavonia" votes="40" />
                <Precinct name="Canon" votes="27" />
                <Precinct name="Royston" votes="55" />
                <Precinct name="SouthWest Franklin" votes="58" />
            </VoteType>
            <VoteType name="Advance in Person" votes="3518">
                <Precinct name="Carnesville" votes="738" />
                <Precinct name="West Franklin" votes="397" />
                <Precinct name="NorthEast Franklin" votes="592" />
                <Precinct name="Lavonia" votes="522" />
                <Precinct name="Canon" votes="201" />
                <Precinct name="Royston" votes="448" />
                <Precinct name="SouthWest Franklin" votes="620" />
            </VoteType>
            <VoteType name="Provisional" votes="0">
                <Precinct name="Carnesville" votes="0" />
                <Precinct name="West Franklin" votes="0" />
                <Precinct name="NorthEast Franklin" votes="0" />
                <Precinct name="Lavonia" votes="0" />
                <Precinct name="Canon" votes="0" />
                <Precinct name="Royston" votes="0" />
                <Precinct name="SouthWest Franklin" votes="0" />
            </VoteType>
        </Choice>
    </Contest>
    <Contest key="440" text="BOE 1" isQuestion="false" precinctsReporting="7" precinctsReported="7">
        <VoteType name="Number of Precincts for Race" votes="7">
            <Precinct name="Carnesville" votes="1" />
            <Precinct name="West Franklin" votes="1" />
            <Precinct name="NorthEast Franklin" votes="1" />
            <Precinct name="Lavonia" votes="1" />
            <Precinct name="Canon" votes="1" />
            <Precinct name="Royston" votes="1" />
            <Precinct name="SouthWest Franklin" votes="1" />
        </VoteType>
        <VoteType name="Number of Precincts Reporting" votes="7">
            <Precinct name="Carnesville" votes="1" />
            <Precinct name="West Franklin" votes="1" />
            <Precinct name="NorthEast Franklin" votes="1" />
            <Precinct name="Lavonia" votes="1" />
            <Precinct name="Canon" votes="1" />
            <Precinct name="Royston" votes="1" />
            <Precinct name="SouthWest Franklin" votes="1" />
        </VoteType>
        <Choice key="10" text="E. BURRELL (R)" totalVotes="7444">
            <VoteType name="Election Day" votes="3609">
                <Precinct name="Carnesville" votes="442" />
                <Precinct name="West Franklin" votes="403" />
                <Precinct name="NorthEast Franklin" votes="693" />
                <Precinct name="Lavonia" votes="544" />
                <Precinct name="Canon" votes="379" />
                <Precinct name="Royston" votes="536" />
                <Precinct name="SouthWest Franklin" votes="612" />
            </VoteType>
            <VoteType name="Absentee by Mail" votes="328">
                <Precinct name="Carnesville" votes="46" />
                <Precinct name="West Franklin" votes="31" />
                <Precinct name="NorthEast Franklin" votes="69" />
                <Precinct name="Lavonia" votes="39" />
                <Precinct name="Canon" votes="28" />
                <Precinct name="Royston" votes="57" />
                <Precinct name="SouthWest Franklin" votes="58" />
            </VoteType>
            <VoteType name="Advance in Person" votes="3507">
                <Precinct name="Carnesville" votes="729" />
                <Precinct name="West Franklin" votes="394" />
                <Precinct name="NorthEast Franklin" votes="591" />
                <Precinct name="Lavonia" votes="513" />
                <Precinct name="Canon" votes="202" />
                <Precinct name="Royston" votes="464" />
                <Precinct name="SouthWest Franklin" votes="614" />
            </VoteType>
            <VoteType name="Provisional" votes="0">
                <Precinct name="Carnesville" votes="0" />
                <Precinct name="West Franklin" votes="0" />
                <Precinct name="NorthEast Franklin" votes="0" />
                <Precinct name="Lavonia" votes="0" />
                <Precinct name="Canon" votes="0" />
                <Precinct name="Royston" votes="0" />
                <Precinct name="SouthWest Franklin" votes="0" />
            </VoteType>
        </Choice>
    </Contest>
    <Contest key="460" text="BOE 2" isQuestion="false" precinctsReporting="7" precinctsReported="7">
        <VoteType name="Number of Precincts for Race" votes="7">
            <Precinct name="Carnesville" votes="1" />
            <Precinct name="West Franklin" votes="1" />
            <Precinct name="NorthEast Franklin" votes="1" />
            <Precinct name="Lavonia" votes="1" />
            <Precinct name="Canon" votes="1" />
            <Precinct name="Royston" votes="1" />
            <Precinct name="SouthWest Franklin" votes="1" />
        </VoteType>
        <VoteType name="Number of Precincts Reporting" votes="7">
            <Precinct name="Carnesville" votes="1" />
            <Precinct name="West Franklin" votes="1" />
            <Precinct name="NorthEast Franklin" votes="1" />
            <Precinct name="Lavonia" votes="1" />
            <Precinct name="Canon" votes="1" />
            <Precinct name="Royston" votes="1" />
            <Precinct name="SouthWest Franklin" votes="1" />
        </VoteType>
        <Choice key="10" text="J. B. JAMES (R)" totalVotes="7491">
            <VoteType name="Election Day" votes="3640">
                <Precinct name="Carnesville" votes="446" />
                <Precinct name="West Franklin" votes="401" />
                <Precinct name="NorthEast Franklin" votes="708" />
                <Precinct name="Lavonia" votes="548" />
                <Precinct name="Canon" votes="380" />
                <Precinct name="Royston" votes="547" />
                <Precinct name="SouthWest Franklin" votes="610" />
            </VoteType>
            <VoteType name="Absentee by Mail" votes="326">
                <Precinct name="Carnesville" votes="43" />
                <Precinct name="West Franklin" votes="31" />
                <Precinct name="NorthEast Franklin" votes="71" />
                <Precinct name="Lavonia" votes="39" />
                <Precinct name="Canon" votes="27" />
                <Precinct name="Royston" votes="57" />
                <Precinct name="SouthWest Franklin" votes="58" />
            </VoteType>
            <VoteType name="Advance in Person" votes="3525">
                <Precinct name="Carnesville" votes="730" />
                <Precinct name="West Franklin" votes="398" />
                <Precinct name="NorthEast Franklin" votes="596" />
                <Precinct name="Lavonia" votes="518" />
                <Precinct name="Canon" votes="202" />
                <Precinct name="Royston" votes="470" />
                <Precinct name="SouthWest Franklin" votes="611" />
            </VoteType>
            <VoteType name="Provisional" votes="0">
                <Precinct name="Carnesville" votes="0" />
                <Precinct name="West Franklin" votes="0" />
                <Precinct name="NorthEast Franklin" votes="0" />
                <Precinct name="Lavonia" votes="0" />
                <Precinct name="Canon" votes="0" />
                <Precinct name="Royston" votes="0" />
                <Precinct name="SouthWest Franklin" votes="0" />
            </VoteType>
        </Choice>
    </Contest>
    <Contest key="470" text="Soil and Water" isQuestion="false" precinctsReporting="7" precinctsReported="7">
        <VoteType name="Number of Precincts for Race" votes="7">
            <Precinct name="Carnesville" votes="1" />
            <Precinct name="West Franklin" votes="1" />
            <Precinct name="NorthEast Franklin" votes="1" />
            <Precinct name="Lavonia" votes="1" />
            <Precinct name="Canon" votes="1" />
            <Precinct name="Royston" votes="1" />
            <Precinct name="SouthWest Franklin" votes="1" />
        </VoteType>
        <VoteType name="Number of Precincts Reporting" votes="7">
            <Precinct name="Carnesville" votes="1" />
            <Precinct name="West Franklin" votes="1" />
            <Precinct name="NorthEast Franklin" votes="1" />
            <Precinct name="Lavonia" votes="1" />
            <Precinct name="Canon" votes="1" />
            <Precinct name="Royston" votes="1" />
            <Precinct name="SouthWest Franklin" votes="1" />
        </VoteType>
        <Choice key="10" text="F. DILBECK" totalVotes="7151">
            <VoteType name="Election Day" votes="3467">
                <Precinct name="Carnesville" votes="428" />
                <Precinct name="West Franklin" votes="383" />
                <Precinct name="NorthEast Franklin" votes="686" />
                <Precinct name="Lavonia" votes="535" />
                <Precinct name="Canon" votes="355" />
                <Precinct name="Royston" votes="504" />
                <Precinct name="SouthWest Franklin" votes="576" />
            </VoteType>
            <VoteType name="Absentee by Mail" votes="317">
                <Precinct name="Carnesville" votes="45" />
                <Precinct name="West Franklin" votes="30" />
                <Precinct name="NorthEast Franklin" votes="65" />
                <Precinct name="Lavonia" votes="44" />
                <Precinct name="Canon" votes="26" />
                <Precinct name="Royston" votes="53" />
                <Precinct name="SouthWest Franklin" votes="54" />
            </VoteType>
            <VoteType name="Advance in Person" votes="3367">
                <Precinct name="Carnesville" votes="695" />
                <Precinct name="West Franklin" votes="384" />
                <Precinct name="NorthEast Franklin" votes="565" />
                <Precinct name="Lavonia" votes="503" />
                <Precinct name="Canon" votes="191" />
                <Precinct name="Royston" votes="427" />
                <Precinct name="SouthWest Franklin" votes="602" />
            </VoteType>
            <VoteType name="Provisional" votes="0">
                <Precinct name="Carnesville" votes="0" />
                <Precinct name="West Franklin" votes="0" />
                <Precinct name="NorthEast Franklin" votes="0" />
                <Precinct name="Lavonia" votes="0" />
                <Precinct name="Canon" votes="0" />
                <Precinct name="Royston" votes="0" />
                <Precinct name="SouthWest Franklin" votes="0" />
            </VoteType>
        </Choice>
    </Contest>
    <Contest key="480" text="Constitutional Amendment #1&lt;br&gt;Provides greater flexibility and state accountability to fix failing schools through increasing community involvement." isQuestion="false" precinctsReporting="7" precinctsReported="7">
        <VoteType name="Number of Precincts for Race" votes="7">
            <Precinct name="Carnesville" votes="1" />
            <Precinct name="West Franklin" votes="1" />
            <Precinct name="NorthEast Franklin" votes="1" />
            <Precinct name="Lavonia" votes="1" />
            <Precinct name="Canon" votes="1" />
            <Precinct name="Royston" votes="1" />
            <Precinct name="SouthWest Franklin" votes="1" />
        </VoteType>
        <VoteType name="Number of Precincts Reporting" votes="7">
            <Precinct name="Carnesville" votes="1" />
            <Precinct name="West Franklin" votes="1" />
            <Precinct name="NorthEast Franklin" votes="1" />
            <Precinct name="Lavonia" votes="1" />
            <Precinct name="Canon" votes="1" />
            <Precinct name="Royston" votes="1" />
            <Precinct name="SouthWest Franklin" votes="1" />
        </VoteType>
        <Choice key="10" text="YES" totalVotes="3186">
            <VoteType name="Election Day" votes="1547">
                <Precinct name="Carnesville" votes="186" />
                <Precinct name="West Franklin" votes="167" />
                <Precinct name="NorthEast Franklin" votes="288" />
                <Precinct name="Lavonia" votes="242" />
                <Precinct name="Canon" votes="177" />
                <Precinct name="Royston" votes="243" />
                <Precinct name="SouthWest Franklin" votes="244" />
            </VoteType>
            <VoteType name="Absentee by Mail" votes="190">
                <Precinct name="Carnesville" votes="36" />
                <Precinct name="West Franklin" votes="13" />
                <Precinct name="NorthEast Franklin" votes="33" />
                <Precinct name="Lavonia" votes="30" />
                <Precinct name="Canon" votes="19" />
                <Precinct name="Royston" votes="33" />
                <Precinct name="SouthWest Franklin" votes="26" />
            </VoteType>
            <VoteType name="Advance in Person" votes="1449">
                <Precinct name="Carnesville" votes="289" />
                <Precinct name="West Franklin" votes="170" />
                <Precinct name="NorthEast Franklin" votes="251" />
                <Precinct name="Lavonia" votes="216" />
                <Precinct name="Canon" votes="89" />
                <Precinct name="Royston" votes="179" />
                <Precinct name="SouthWest Franklin" votes="255" />
            </VoteType>
            <VoteType name="Provisional" votes="0">
                <Precinct name="Carnesville" votes="0" />
                <Precinct name="West Franklin" votes="0" />
                <Precinct name="NorthEast Franklin" votes="0" />
                <Precinct name="Lavonia" votes="0" />
                <Precinct name="Canon" votes="0" />
                <Precinct name="Royston" votes="0" />
                <Precinct name="SouthWest Franklin" votes="0" />
            </VoteType>
        </Choice>
        <Choice key="20" text="NO" totalVotes="5084">
            <VoteType name="Election Day" votes="2439">
                <Precinct name="Carnesville" votes="299" />
                <Precinct name="West Franklin" votes="285" />
                <Precinct name="NorthEast Franklin" votes="485" />
                <Precinct name="Lavonia" votes="368" />
                <Precinct name="Canon" votes="241" />
                <Precinct name="Royston" votes="349" />
                <Precinct name="SouthWest Franklin" votes="412" />
            </VoteType>
            <VoteType name="Absentee by Mail" votes="203">
                <Precinct name="Carnesville" votes="26" />
                <Precinct name="West Franklin" votes="25" />
                <Precinct name="NorthEast Franklin" votes="48" />
                <Precinct name="Lavonia" votes="29" />
                <Precinct name="Canon" votes="12" />
                <Precinct name="Royston" votes="27" />
                <Precinct name="SouthWest Franklin" votes="36" />
            </VoteType>
            <VoteType name="Advance in Person" votes="2442">
                <Precinct name="Carnesville" votes="508" />
                <Precinct name="West Franklin" votes="271" />
                <Precinct name="NorthEast Franklin" votes="394" />
                <Precinct name="Lavonia" votes="355" />
                <Precinct name="Canon" votes="149" />
                <Precinct name="Royston" votes="336" />
                <Precinct name="SouthWest Franklin" votes="429" />
            </VoteType>
            <VoteType name="Provisional" votes="0">
                <Precinct name="Carnesville" votes="0" />
                <Precinct name="West Franklin" votes="0" />
                <Precinct name="NorthEast Franklin" votes="0" />
                <Precinct name="Lavonia" votes="0" />
                <Precinct name="Canon" votes="0" />
                <Precinct name="Royston" votes="0" />
                <Precinct name="SouthWest Franklin" votes="0" />
            </VoteType>
        </Choice>
    </Contest>
    <Contest key="490" text="Constitutional Amendment #2&lt;br&gt;Authorizes penalties for sexual exploitation and assessments on adult entertainment to fund child victims' services." isQuestion="false" precinctsReporting="7" precinctsReported="7">
        <VoteType name="Number of Precincts for Race" votes="7">
            <Precinct name="Carnesville" votes="1" />
            <Precinct name="West Franklin" votes="1" />
            <Precinct name="NorthEast Franklin" votes="1" />
            <Precinct name="Lavonia" votes="1" />
            <Precinct name="Canon" votes="1" />
            <Precinct name="Royston" votes="1" />
            <Precinct name="SouthWest Franklin" votes="1" />
        </VoteType>
        <VoteType name="Number of Precincts Reporting" votes="7">
            <Precinct name="Carnesville" votes="1" />
            <Precinct name="West Franklin" votes="1" />
            <Precinct name="NorthEast Franklin" votes="1" />
            <Precinct name="Lavonia" votes="1" />
            <Precinct name="Canon" votes="1" />
            <Precinct name="Royston" votes="1" />
            <Precinct name="SouthWest Franklin" votes="1" />
        </VoteType>
        <Choice key="10" text="YES" totalVotes="6827">
            <VoteType name="Election Day" votes="3306">
                <Precinct name="Carnesville" votes="392" />
                <Precinct name="West Franklin" votes="349" />
                <Precinct name="NorthEast Franklin" votes="641" />
                <Precinct name="Lavonia" votes="525" />
                <Precinct name="Canon" votes="356" />
                <Precinct name="Royston" votes="486" />
                <Precinct name="SouthWest Franklin" votes="557" />
            </VoteType>
            <VoteType name="Absentee by Mail" votes="338">
                <Precinct name="Carnesville" votes="57" />
                <Precinct name="West Franklin" votes="30" />
                <Precinct name="NorthEast Franklin" votes="69" />
                <Precinct name="Lavonia" votes="48" />
                <Precinct name="Canon" votes="28" />
                <Precinct name="Royston" votes="52" />
                <Precinct name="SouthWest Franklin" votes="54" />
            </VoteType>
            <VoteType name="Advance in Person" votes="3183">
                <Precinct name="Carnesville" votes="644" />
                <Precinct name="West Franklin" votes="357" />
                <Precinct name="NorthEast Franklin" votes="531" />
                <Precinct name="Lavonia" votes="487" />
                <Precinct name="Canon" votes="177" />
                <Precinct name="Royston" votes="424" />
                <Precinct name="SouthWest Franklin" votes="563" />
            </VoteType>
            <VoteType name="Provisional" votes="0">
                <Precinct name="Carnesville" votes="0" />
                <Precinct name="West Franklin" votes="0" />
                <Precinct name="NorthEast Franklin" votes="0" />
                <Precinct name="Lavonia" votes="0" />
                <Precinct name="Canon" votes="0" />
                <Precinct name="Royston" votes="0" />
                <Precinct name="SouthWest Franklin" votes="0" />
            </VoteType>
        </Choice>
        <Choice key="20" text="NO" totalVotes="1352">
            <VoteType name="Election Day" votes="647">
                <Precinct name="Carnesville" votes="87" />
                <Precinct name="West Franklin" votes="105" />
                <Precinct name="NorthEast Franklin" votes="126" />
                <Precinct name="Lavonia" votes="78" />
                <Precinct name="Canon" votes="61" />
                <Precinct name="Royston" votes="105" />
                <Precinct name="SouthWest Franklin" votes="85" />
            </VoteType>
            <VoteType name="Absentee by Mail" votes="51">
                <Precinct name="Carnesville" votes="5" />
                <Precinct name="West Franklin" votes="9" />
                <Precinct name="NorthEast Franklin" votes="12" />
                <Precinct name="Lavonia" votes="10" />
                <Precinct name="Canon" votes="3" />
                <Precinct name="Royston" votes="6" />
                <Precinct name="SouthWest Franklin" votes="6" />
            </VoteType>
            <VoteType name="Advance in Person" votes="654">
                <Precinct name="Carnesville" votes="142" />
                <Precinct name="West Franklin" votes="78" />
                <Precinct name="NorthEast Franklin" votes="105" />
                <Precinct name="Lavonia" votes="80" />
                <Precinct name="Canon" votes="57" />
                <Precinct name="Royston" votes="79" />
                <Precinct name="SouthWest Franklin" votes="113" />
            </VoteType>
            <VoteType name="Provisional" votes="0">
                <Precinct name="Carnesville" votes="0" />
                <Precinct name="West Franklin" votes="0" />
                <Precinct name="NorthEast Franklin" votes="0" />
                <Precinct name="Lavonia" votes="0" />
                <Precinct name="Canon" votes="0" />
                <Precinct name="Royston" votes="0" />
                <Precinct name="SouthWest Franklin" votes="0" />
            </VoteType>
        </Choice>
    </Contest>
    <Contest key="500" text="Constitutional Amendment #3&lt;br&gt;Reforms and re-establishes the Judicial Qualifications Commission and provides for its composition, governance, and powers." isQuestion="false" precinctsReporting="7" precinctsReported="7">
        <VoteType name="Number of Precincts for Race" votes="7">
            <Precinct name="Carnesville" votes="1" />
            <Precinct name="West Franklin" votes="1" />
            <Precinct name="NorthEast Franklin" votes="1" />
            <Precinct name="Lavonia" votes="1" />
            <Precinct name="Canon" votes="1" />
            <Precinct name="Royston" votes="1" />
            <Precinct name="SouthWest Franklin" votes="1" />
        </VoteType>
        <VoteType name="Number of Precincts Reporting" votes="7">
            <Precinct name="Carnesville" votes="1" />
            <Precinct name="West Franklin" votes="1" />
            <Precinct name="NorthEast Franklin" votes="1" />
            <Precinct name="Lavonia" votes="1" />
            <Precinct name="Canon" votes="1" />
            <Precinct name="Royston" votes="1" />
            <Precinct name="SouthWest Franklin" votes="1" />
        </VoteType>
        <Choice key="10" text="YES" totalVotes="4907">
            <VoteType name="Election Day" votes="2391">
                <Precinct name="Carnesville" votes="288" />
                <Precinct name="West Franklin" votes="244" />
                <Precinct name="NorthEast Franklin" votes="475" />
                <Precinct name="Lavonia" votes="381" />
                <Precinct name="Canon" votes="251" />
                <Precinct name="Royston" votes="353" />
                <Precinct name="SouthWest Franklin" votes="399" />
            </VoteType>
            <VoteType name="Absentee by Mail" votes="245">
                <Precinct name="Carnesville" votes="40" />
                <Precinct name="West Franklin" votes="22" />
                <Precinct name="NorthEast Franklin" votes="55" />
                <Precinct name="Lavonia" votes="34" />
                <Precinct name="Canon" votes="22" />
                <Precinct name="Royston" votes="37" />
                <Precinct name="SouthWest Franklin" votes="35" />
            </VoteType>
            <VoteType name="Advance in Person" votes="2271">
                <Precinct name="Carnesville" votes="450" />
                <Precinct name="West Franklin" votes="248" />
                <Precinct name="NorthEast Franklin" votes="427" />
                <Precinct name="Lavonia" votes="355" />
                <Precinct name="Canon" votes="128" />
                <Precinct name="Royston" votes="283" />
                <Precinct name="SouthWest Franklin" votes="380" />
            </VoteType>
            <VoteType name="Provisional" votes="0">
                <Precinct name="Carnesville" votes="0" />
                <Precinct name="West Franklin" votes="0" />
                <Precinct name="NorthEast Franklin" votes="0" />
                <Precinct name="Lavonia" votes="0" />
                <Precinct name="Canon" votes="0" />
                <Precinct name="Royston" votes="0" />
                <Precinct name="SouthWest Franklin" votes="0" />
            </VoteType>
        </Choice>
        <Choice key="20" text="NO" totalVotes="2877">
            <VoteType name="Election Day" votes="1387">
                <Precinct name="Carnesville" votes="164" />
                <Precinct name="West Franklin" votes="191" />
                <Precinct name="NorthEast Franklin" votes="269" />
                <Precinct name="Lavonia" votes="194" />
                <Precinct name="Canon" votes="140" />
                <Precinct name="Royston" votes="208" />
                <Precinct name="SouthWest Franklin" votes="221" />
            </VoteType>
            <VoteType name="Absentee by Mail" votes="115">
                <Precinct name="Carnesville" votes="12" />
                <Precinct name="West Franklin" votes="14" />
                <Precinct name="NorthEast Franklin" votes="21" />
                <Precinct name="Lavonia" votes="19" />
                <Precinct name="Canon" votes="9" />
                <Precinct name="Royston" votes="19" />
                <Precinct name="SouthWest Franklin" votes="21" />
            </VoteType>
            <VoteType name="Advance in Person" votes="1375">
                <Precinct name="Carnesville" votes="298" />
                <Precinct name="West Franklin" votes="159" />
                <Precinct name="NorthEast Franklin" votes="186" />
                <Precinct name="Lavonia" votes="181" />
                <Precinct name="Canon" votes="95" />
                <Precinct name="Royston" votes="193" />
                <Precinct name="SouthWest Franklin" votes="263" />
            </VoteType>
            <VoteType name="Provisional" votes="0">
                <Precinct name="Carnesville" votes="0" />
                <Precinct name="West Franklin" votes="0" />
                <Precinct name="NorthEast Franklin" votes="0" />
                <Precinct name="Lavonia" votes="0" />
                <Precinct name="Canon" votes="0" />
                <Precinct name="Royston" votes="0" />
                <Precinct name="SouthWest Franklin" votes="0" />
            </VoteType>
        </Choice>
    </Contest>
    <Contest key="510" text="Constitutional Amendment #4&lt;br&gt;Dedicates revenue from existing taxes on fireworks to trauma care, fire services, and public safety." isQuestion="false" precinctsReporting="7" precinctsReported="7">
        <VoteType name="Number of Precincts for Race" votes="7">
            <Precinct name="Carnesville" votes="1" />
            <Precinct name="West Franklin" votes="1" />
            <Precinct name="NorthEast Franklin" votes="1" />
            <Precinct name="Lavonia" votes="1" />
            <Precinct name="Canon" votes="1" />
            <Precinct name="Royston" votes="1" />
            <Precinct name="SouthWest Franklin" votes="1" />
        </VoteType>
        <VoteType name="Number of Precincts Reporting" votes="7">
            <Precinct name="Carnesville" votes="1" />
            <Precinct name="West Franklin" votes="1" />
            <Precinct name="NorthEast Franklin" votes="1" />
            <Precinct name="Lavonia" votes="1" />
            <Precinct name="Canon" votes="1" />
            <Precinct name="Royston" votes="1" />
            <Precinct name="SouthWest Franklin" votes="1" />
        </VoteType>
        <Choice key="10" text="YES" totalVotes="6572">
            <VoteType name="Election Day" votes="3183">
                <Precinct name="Carnesville" votes="380" />
                <Precinct name="West Franklin" votes="356" />
                <Precinct name="NorthEast Franklin" votes="625" />
                <Precinct name="Lavonia" votes="493" />
                <Precinct name="Canon" votes="338" />
                <Precinct name="Royston" votes="465" />
                <Precinct name="SouthWest Franklin" votes="526" />
            </VoteType>
            <VoteType name="Absentee by Mail" votes="335">
                <Precinct name="Carnesville" votes="58" />
                <Precinct name="West Franklin" votes="29" />
                <Precinct name="NorthEast Franklin" votes="69" />
                <Precinct name="Lavonia" votes="48" />
                <Precinct name="Canon" votes="24" />
                <Precinct name="Royston" votes="48" />
                <Precinct name="SouthWest Franklin" votes="59" />
            </VoteType>
            <VoteType name="Advance in Person" votes="3054">
                <Precinct name="Carnesville" votes="629" />
                <Precinct name="West Franklin" votes="339" />
                <Precinct name="NorthEast Franklin" votes="515" />
                <Precinct name="Lavonia" votes="466" />
                <Precinct name="Canon" votes="176" />
                <Precinct name="Royston" votes="389" />
                <Precinct name="SouthWest Franklin" votes="540" />
            </VoteType>
            <VoteType name="Provisional" votes="0">
                <Precinct name="Carnesville" votes="0" />
                <Precinct name="West Franklin" votes="0" />
                <Precinct name="NorthEast Franklin" votes="0" />
                <Precinct name="Lavonia" votes="0" />
                <Precinct name="Canon" votes="0" />
                <Precinct name="Royston" votes="0" />
                <Precinct name="SouthWest Franklin" votes="0" />
            </VoteType>
        </Choice>
        <Choice key="20" text="NO" totalVotes="1606">
            <VoteType name="Election Day" votes="770">
                <Precinct name="Carnesville" votes="100" />
                <Precinct name="West Franklin" votes="100" />
                <Precinct name="NorthEast Franklin" votes="147" />
                <Precinct name="Lavonia" votes="109" />
                <Precinct name="Canon" votes="82" />
                <Precinct name="Royston" votes="116" />
                <Precinct name="SouthWest Franklin" votes="116" />
            </VoteType>
            <VoteType name="Absentee by Mail" votes="53">
                <Precinct name="Carnesville" votes="4" />
                <Precinct name="West Franklin" votes="8" />
                <Precinct name="NorthEast Franklin" votes="12" />
                <Precinct name="Lavonia" votes="10" />
                <Precinct name="Canon" votes="6" />
                <Precinct name="Royston" votes="10" />
                <Precinct name="SouthWest Franklin" votes="3" />
            </VoteType>
            <VoteType name="Advance in Person" votes="783">
                <Precinct name="Carnesville" votes="161" />
                <Precinct name="West Franklin" votes="89" />
                <Precinct name="NorthEast Franklin" votes="118" />
                <Precinct name="Lavonia" votes="108" />
                <Precinct name="Canon" votes="57" />
                <Precinct name="Royston" votes="115" />
                <Precinct name="SouthWest Franklin" votes="135" />
            </VoteType>
            <VoteType name="Provisional" votes="0">
                <Precinct name="Carnesville" votes="0" />
                <Precinct name="West Franklin" votes="0" />
                <Precinct name="NorthEast Franklin" votes="0" />
                <Precinct name="Lavonia" votes="0" />
                <Precinct name="Canon" votes="0" />
                <Precinct name="Royston" votes="0" />
                <Precinct name="SouthWest Franklin" votes="0" />
            </VoteType>
        </Choice>
    </Contest>
</ElectionResult>