<?xml version="1.0"?>
<!--Election result snapshot imported from Tabulation System
-->
<ElectionResult>
    <Timestamp>11/14/2016 7:37:53 PM EST</Timestamp>
    <ElectionName>November 8, 2016 - General Election</ElectionName>
    <ElectionDate>11/8/2016</ElectionDate>
    <Region>Lumpkin</Region>
    <VoterTurnout totalVoters="15618" ballotsCast="12560" voterTurnout="80.42">
        <Precincts>
            <Precinct name="Dahlonega" totalVoters="15618" ballotsCast="12560" voterTurnout="80.42" percentReporting="4" />
        </Precincts>
    </VoterTurnout>
    <Contest key="1" text="President of the United States" isQuestion="false" precinctsReporting="1" precinctsReported="1">
        <VoteType name="Number of Precincts for Race" votes="1">
            <Precinct name="Dahlonega" votes="1" />
        </VoteType>
        <VoteType name="Number of Precincts Reporting" votes="1">
            <Precinct name="Dahlonega" votes="1" />
        </VoteType>
        <Choice key="10" text="DONALD J. TRUMP" totalVotes="9619">
            <VoteType name="Election Day" votes="2163">
                <Precinct name="Dahlonega" votes="2163" />
            </VoteType>
            <VoteType name="Absentee by Mail" votes="395">
                <Precinct name="Dahlonega" votes="395" />
            </VoteType>
            <VoteType name="Advance in Person" votes="7056">
                <Precinct name="Dahlonega" votes="7056" />
            </VoteType>
            <VoteType name="Provisional" votes="5">
                <Precinct name="Dahlonega" votes="5" />
            </VoteType>
        </Choice>
        <Choice key="20" text="HILLARY CLINTON" totalVotes="2220">
            <VoteType name="Election Day" votes="502">
                <Precinct name="Dahlonega" votes="502" />
            </VoteType>
            <VoteType name="Absentee by Mail" votes="132">
                <Precinct name="Dahlonega" votes="132" />
            </VoteType>
            <VoteType name="Advance in Person" votes="1584">
                <Precinct name="Dahlonega" votes="1584" />
            </VoteType>
            <VoteType name="Provisional" votes="2">
                <Precinct name="Dahlonega" votes="2" />
            </VoteType>
        </Choice>
        <Choice key="30" text="GARY JOHNSON" totalVotes="495">
            <VoteType name="Election Day" votes="185">
                <Precinct name="Dahlonega" votes="185" />
            </VoteType>
            <VoteType name="Absentee by Mail" votes="18">
                <Precinct name="Dahlonega" votes="18" />
            </VoteType>
            <VoteType name="Advance in Person" votes="292">
                <Precinct name="Dahlonega" votes="292" />
            </VoteType>
            <VoteType name="Provisional" votes="0">
                <Precinct name="Dahlonega" votes="0" />
            </VoteType>
        </Choice>
    </Contest>
    <Contest key="10" text="United States Senator, Isakson" isQuestion="false" precinctsReporting="1" precinctsReported="1">
        <VoteType name="Number of Precincts for Race" votes="1">
            <Precinct name="Dahlonega" votes="1" />
        </VoteType>
        <VoteType name="Number of Precincts Reporting" votes="1">
            <Precinct name="Dahlonega" votes="1" />
        </VoteType>
        <Choice key="10" text="JOHNNY ISAKSON (I)" totalVotes="9197">
            <VoteType name="Election Day" votes="2069">
                <Precinct name="Dahlonega" votes="2069" />
            </VoteType>
            <VoteType name="Absentee by Mail" votes="398">
                <Precinct name="Dahlonega" votes="398" />
            </VoteType>
            <VoteType name="Advance in Person" votes="6724">
                <Precinct name="Dahlonega" votes="6724" />
            </VoteType>
            <VoteType name="Provisional" votes="6">
                <Precinct name="Dahlonega" votes="6" />
            </VoteType>
        </Choice>
        <Choice key="20" text="JIM BARKSDALE" totalVotes="1955">
            <VoteType name="Election Day" votes="443">
                <Precinct name="Dahlonega" votes="443" />
            </VoteType>
            <VoteType name="Absentee by Mail" votes="127">
                <Precinct name="Dahlonega" votes="127" />
            </VoteType>
            <VoteType name="Advance in Person" votes="1384">
                <Precinct name="Dahlonega" votes="1384" />
            </VoteType>
            <VoteType name="Provisional" votes="1">
                <Precinct name="Dahlonega" votes="1" />
            </VoteType>
        </Choice>
        <Choice key="30" text="ALLEN BUCKLEY" totalVotes="772">
            <VoteType name="Election Day" votes="252">
                <Precinct name="Dahlonega" votes="252" />
            </VoteType>
            <VoteType name="Absentee by Mail" votes="25">
                <Precinct name="Dahlonega" votes="25" />
            </VoteType>
            <VoteType name="Advance in Person" votes="495">
                <Precinct name="Dahlonega" votes="495" />
            </VoteType>
            <VoteType name="Provisional" votes="0">
                <Precinct name="Dahlonega" votes="0" />
            </VoteType>
        </Choice>
    </Contest>
    <Contest key="30" text="Public Service Commission, District 2 - Eastern" isQuestion="false" precinctsReporting="1" precinctsReported="1">
        <VoteType name="Number of Precincts for Race" votes="1">
            <Precinct name="Dahlonega" votes="1" />
        </VoteType>
        <VoteType name="Number of Precincts Reporting" votes="1">
            <Precinct name="Dahlonega" votes="1" />
        </VoteType>
        <Choice key="10" text="TIM ECHOLS (I)" totalVotes="9421">
            <VoteType name="Election Day" votes="2135">
                <Precinct name="Dahlonega" votes="2135" />
            </VoteType>
            <VoteType name="Absentee by Mail" votes="409">
                <Precinct name="Dahlonega" votes="409" />
            </VoteType>
            <VoteType name="Advance in Person" votes="6872">
                <Precinct name="Dahlonega" votes="6872" />
            </VoteType>
            <VoteType name="Provisional" votes="5">
                <Precinct name="Dahlonega" votes="5" />
            </VoteType>
        </Choice>
        <Choice key="20" text="ERIC HOSKINS" totalVotes="2136">
            <VoteType name="Election Day" votes="591">
                <Precinct name="Dahlonega" votes="591" />
            </VoteType>
            <VoteType name="Absentee by Mail" votes="107">
                <Precinct name="Dahlonega" votes="107" />
            </VoteType>
            <VoteType name="Advance in Person" votes="1436">
                <Precinct name="Dahlonega" votes="1436" />
            </VoteType>
            <VoteType name="Provisional" votes="2">
                <Precinct name="Dahlonega" votes="2" />
            </VoteType>
        </Choice>
    </Contest>
    <Contest key="50" text="U.S. Representative, District 9" isQuestion="false" precinctsReporting="1" precinctsReported="1">
        <VoteType name="Number of Precincts for Race" votes="1">
            <Precinct name="Dahlonega" votes="1" />
        </VoteType>
        <VoteType name="Number of Precincts Reporting" votes="1">
            <Precinct name="Dahlonega" votes="1" />
        </VoteType>
        <Choice key="10" text="DOUG COLLINS (I)" totalVotes="10696">
            <VoteType name="Election Day" votes="2540">
                <Precinct name="Dahlonega" votes="2540" />
            </VoteType>
            <VoteType name="Absentee by Mail" votes="446">
                <Precinct name="Dahlonega" votes="446" />
            </VoteType>
            <VoteType name="Advance in Person" votes="7704">
                <Precinct name="Dahlonega" votes="7704" />
            </VoteType>
            <VoteType name="Provisional" votes="6">
                <Precinct name="Dahlonega" votes="6" />
            </VoteType>
        </Choice>
    </Contest>
    <Contest key="70" text="State Senator, District 51" isQuestion="false" precinctsReporting="1" precinctsReported="1">
        <VoteType name="Number of Precincts for Race" votes="1">
            <Precinct name="Dahlonega" votes="1" />
        </VoteType>
        <VoteType name="Number of Precincts Reporting" votes="1">
            <Precinct name="Dahlonega" votes="1" />
        </VoteType>
        <Choice key="10" text="STEVE GOOCH (I)" totalVotes="10532">
            <VoteType name="Election Day" votes="2533">
                <Precinct name="Dahlonega" votes="2533" />
            </VoteType>
            <VoteType name="Absentee by Mail" votes="425">
                <Precinct name="Dahlonega" votes="425" />
            </VoteType>
            <VoteType name="Advance in Person" votes="7569">
                <Precinct name="Dahlonega" votes="7569" />
            </VoteType>
            <VoteType name="Provisional" votes="5">
                <Precinct name="Dahlonega" votes="5" />
            </VoteType>
        </Choice>
    </Contest>
    <Contest key="90" text="State Representative, District 9" isQuestion="false" precinctsReporting="1" precinctsReported="1">
        <VoteType name="Number of Precincts for Race" votes="1">
            <Precinct name="Dahlonega" votes="1" />
        </VoteType>
        <VoteType name="Number of Precincts Reporting" votes="1">
            <Precinct name="Dahlonega" votes="1" />
        </VoteType>
        <Choice key="10" text="KEVIN TANNER (I)" totalVotes="10685">
            <VoteType name="Election Day" votes="2533">
                <Precinct name="Dahlonega" votes="2533" />
            </VoteType>
            <VoteType name="Absentee by Mail" votes="442">
                <Precinct name="Dahlonega" votes="442" />
            </VoteType>
            <VoteType name="Advance in Person" votes="7704">
                <Precinct name="Dahlonega" votes="7704" />
            </VoteType>
            <VoteType name="Provisional" votes="6">
                <Precinct name="Dahlonega" votes="6" />
            </VoteType>
        </Choice>
    </Contest>
    <Contest key="300" text="Superior Court Clerk" isQuestion="false" precinctsReporting="1" precinctsReported="1">
        <VoteType name="Number of Precincts for Race" votes="1">
            <Precinct name="Dahlonega" votes="1" />
        </VoteType>
        <VoteType name="Number of Precincts Reporting" votes="1">
            <Precinct name="Dahlonega" votes="1" />
        </VoteType>
        <Choice key="10" text="R. HARKINS (I)(R)" totalVotes="10913">
            <VoteType name="Election Day" votes="2566">
                <Precinct name="Dahlonega" votes="2566" />
            </VoteType>
            <VoteType name="Absentee by Mail" votes="453">
                <Precinct name="Dahlonega" votes="453" />
            </VoteType>
            <VoteType name="Advance in Person" votes="7888">
                <Precinct name="Dahlonega" votes="7888" />
            </VoteType>
            <VoteType name="Provisional" votes="6">
                <Precinct name="Dahlonega" votes="6" />
            </VoteType>
        </Choice>
    </Contest>
    <Contest key="320" text="Sheriff" isQuestion="false" precinctsReporting="1" precinctsReported="1">
        <VoteType name="Number of Precincts for Race" votes="1">
            <Precinct name="Dahlonega" votes="1" />
        </VoteType>
        <VoteType name="Number of Precincts Reporting" votes="1">
            <Precinct name="Dahlonega" votes="1" />
        </VoteType>
        <Choice key="10" text="S. JARRARD (I)(R)" totalVotes="11364">
            <VoteType name="Election Day" votes="2654">
                <Precinct name="Dahlonega" votes="2654" />
            </VoteType>
            <VoteType name="Absentee by Mail" votes="481">
                <Precinct name="Dahlonega" votes="481" />
            </VoteType>
            <VoteType name="Advance in Person" votes="8223">
                <Precinct name="Dahlonega" votes="8223" />
            </VoteType>
            <VoteType name="Provisional" votes="6">
                <Precinct name="Dahlonega" votes="6" />
            </VoteType>
        </Choice>
    </Contest>
    <Contest key="340" text="Tax Commissioner" isQuestion="false" precinctsReporting="1" precinctsReported="1">
        <VoteType name="Number of Precincts for Race" votes="1">
            <Precinct name="Dahlonega" votes="1" />
        </VoteType>
        <VoteType name="Number of Precincts Reporting" votes="1">
            <Precinct name="Dahlonega" votes="1" />
        </VoteType>
        <Choice key="10" text="R. E. PRUITT (I)(R)" totalVotes="11045">
            <VoteType name="Election Day" votes="2576">
                <Precinct name="Dahlonega" votes="2576" />
            </VoteType>
            <VoteType name="Absentee by Mail" votes="467">
                <Precinct name="Dahlonega" votes="467" />
            </VoteType>
            <VoteType name="Advance in Person" votes="7996">
                <Precinct name="Dahlonega" votes="7996" />
            </VoteType>
            <VoteType name="Provisional" votes="6">
                <Precinct name="Dahlonega" votes="6" />
            </VoteType>
        </Choice>
    </Contest>
    <Contest key="360" text="Surveyor" isQuestion="false" precinctsReporting="1" precinctsReported="1">
        <VoteType name="Number of Precincts for Race" votes="1">
            <Precinct name="Dahlonega" votes="1" />
        </VoteType>
        <VoteType name="Number of Precincts Reporting" votes="1">
            <Precinct name="Dahlonega" votes="1" />
        </VoteType>
        <Choice key="10" text="J. GASTON (I)(R)" totalVotes="10734">
            <VoteType name="Election Day" votes="2528">
                <Precinct name="Dahlonega" votes="2528" />
            </VoteType>
            <VoteType name="Absentee by Mail" votes="438">
                <Precinct name="Dahlonega" votes="438" />
            </VoteType>
            <VoteType name="Advance in Person" votes="7762">
                <Precinct name="Dahlonega" votes="7762" />
            </VoteType>
            <VoteType name="Provisional" votes="6">
                <Precinct name="Dahlonega" votes="6" />
            </VoteType>
        </Choice>
    </Contest>
    <Contest key="380" text="Coroner" isQuestion="false" precinctsReporting="1" precinctsReported="1">
        <VoteType name="Number of Precincts for Race" votes="1">
            <Precinct name="Dahlonega" votes="1" />
        </VoteType>
        <VoteType name="Number of Precincts Reporting" votes="1">
            <Precinct name="Dahlonega" votes="1" />
        </VoteType>
        <Choice key="10" text="J. SHEPPARD (R)" totalVotes="10777">
            <VoteType name="Election Day" votes="2524">
                <Precinct name="Dahlonega" votes="2524" />
            </VoteType>
            <VoteType name="Absentee by Mail" votes="445">
                <Precinct name="Dahlonega" votes="445" />
            </VoteType>
            <VoteType name="Advance in Person" votes="7802">
                <Precinct name="Dahlonega" votes="7802" />
            </VoteType>
            <VoteType name="Provisional" votes="6">
                <Precinct name="Dahlonega" votes="6" />
            </VoteType>
        </Choice>
    </Contest>
    <Contest key="400" text="County Comm Chair" isQuestion="false" precinctsReporting="1" precinctsReported="1">
        <VoteType name="Number of Precincts for Race" votes="1">
            <Precinct name="Dahlonega" votes="1" />
        </VoteType>
        <VoteType name="Number of Precincts Reporting" votes="1">
            <Precinct name="Dahlonega" votes="1" />
        </VoteType>
        <Choice key="10" text="C. DOCKERY (I)(R)" totalVotes="10665">
            <VoteType name="Election Day" votes="2516">
                <Precinct name="Dahlonega" votes="2516" />
            </VoteType>
            <VoteType name="Absentee by Mail" votes="445">
                <Precinct name="Dahlonega" votes="445" />
            </VoteType>
            <VoteType name="Advance in Person" votes="7699">
                <Precinct name="Dahlonega" votes="7699" />
            </VoteType>
            <VoteType name="Provisional" votes="5">
                <Precinct name="Dahlonega" votes="5" />
            </VoteType>
        </Choice>
    </Contest>
    <Contest key="420" text="County Comm 1" isQuestion="false" precinctsReporting="1" precinctsReported="1">
        <VoteType name="Number of Precincts for Race" votes="1">
            <Precinct name="Dahlonega" votes="1" />
        </VoteType>
        <VoteType name="Number of Precincts Reporting" votes="1">
            <Precinct name="Dahlonega" votes="1" />
        </VoteType>
        <Choice key="10" text="D. MILLER (R)" totalVotes="10620">
            <VoteType name="Election Day" votes="2495">
                <Precinct name="Dahlonega" votes="2495" />
            </VoteType>
            <VoteType name="Absentee by Mail" votes="437">
                <Precinct name="Dahlonega" votes="437" />
            </VoteType>
            <VoteType name="Advance in Person" votes="7683">
                <Precinct name="Dahlonega" votes="7683" />
            </VoteType>
            <VoteType name="Provisional" votes="5">
                <Precinct name="Dahlonega" votes="5" />
            </VoteType>
        </Choice>
    </Contest>
    <Contest key="440" text="County Comm 2" isQuestion="false" precinctsReporting="1" precinctsReported="1">
        <VoteType name="Number of Precincts for Race" votes="1">
            <Precinct name="Dahlonega" votes="1" />
        </VoteType>
        <VoteType name="Number of Precincts Reporting" votes="1">
            <Precinct name="Dahlonega" votes="1" />
        </VoteType>
        <Choice key="10" text="B. MAYFIELD (R)" totalVotes="10722">
            <VoteType name="Election Day" votes="2528">
                <Precinct name="Dahlonega" votes="2528" />
            </VoteType>
            <VoteType name="Absentee by Mail" votes="417">
                <Precinct name="Dahlonega" votes="417" />
            </VoteType>
            <VoteType name="Advance in Person" votes="7771">
                <Precinct name="Dahlonega" votes="7771" />
            </VoteType>
            <VoteType name="Provisional" votes="6">
                <Precinct name="Dahlonega" votes="6" />
            </VoteType>
        </Choice>
    </Contest>
    <Contest key="500" text="Constitutional Amendment #1&lt;br&gt;Provides greater flexibility and state accountability to fix failing schools through increasing community involvement." isQuestion="false" precinctsReporting="1" precinctsReported="1">
        <VoteType name="Number of Precincts for Race" votes="1">
            <Precinct name="Dahlonega" votes="1" />
        </VoteType>
        <VoteType name="Number of Precincts Reporting" votes="1">
            <Precinct name="Dahlonega" votes="1" />
        </VoteType>
        <Choice key="10" text="YES" totalVotes="4306">
            <VoteType name="Election Day" votes="1127">
                <Precinct name="Dahlonega" votes="1127" />
            </VoteType>
            <VoteType name="Absentee by Mail" votes="207">
                <Precinct name="Dahlonega" votes="207" />
            </VoteType>
            <VoteType name="Advance in Person" votes="2971">
                <Precinct name="Dahlonega" votes="2971" />
            </VoteType>
            <VoteType name="Provisional" votes="1">
                <Precinct name="Dahlonega" votes="1" />
            </VoteType>
        </Choice>
        <Choice key="20" text="NO" totalVotes="7978">
            <VoteType name="Election Day" votes="1712">
                <Precinct name="Dahlonega" votes="1712" />
            </VoteType>
            <VoteType name="Absentee by Mail" votes="340">
                <Precinct name="Dahlonega" votes="340" />
            </VoteType>
            <VoteType name="Advance in Person" votes="5920">
                <Precinct name="Dahlonega" votes="5920" />
            </VoteType>
            <VoteType name="Provisional" votes="6">
                <Precinct name="Dahlonega" votes="6" />
            </VoteType>
        </Choice>
    </Contest>
    <Contest key="510" text="Constitutional Amendment #2&lt;br&gt;Authorizes penalties for sexual exploitation and assessments on adult entertainment to fund child victims' services." isQuestion="false" precinctsReporting="1" precinctsReported="1">
        <VoteType name="Number of Precincts for Race" votes="1">
            <Precinct name="Dahlonega" votes="1" />
        </VoteType>
        <VoteType name="Number of Precincts Reporting" votes="1">
            <Precinct name="Dahlonega" votes="1" />
        </VoteType>
        <Choice key="10" text="YES" totalVotes="9853">
            <VoteType name="Election Day" votes="2323">
                <Precinct name="Dahlonega" votes="2323" />
            </VoteType>
            <VoteType name="Absentee by Mail" votes="448">
                <Precinct name="Dahlonega" votes="448" />
            </VoteType>
            <VoteType name="Advance in Person" votes="7077">
                <Precinct name="Dahlonega" votes="7077" />
            </VoteType>
            <VoteType name="Provisional" votes="5">
                <Precinct name="Dahlonega" votes="5" />
            </VoteType>
        </Choice>
        <Choice key="20" text="NO" totalVotes="2276">
            <VoteType name="Election Day" votes="489">
                <Precinct name="Dahlonega" votes="489" />
            </VoteType>
            <VoteType name="Absentee by Mail" votes="91">
                <Precinct name="Dahlonega" votes="91" />
            </VoteType>
            <VoteType name="Advance in Person" votes="1694">
                <Precinct name="Dahlonega" votes="1694" />
            </VoteType>
            <VoteType name="Provisional" votes="2">
                <Precinct name="Dahlonega" votes="2" />
            </VoteType>
        </Choice>
    </Contest>
    <Contest key="520" text="Constitutional Amendment #3&lt;br&gt;Reforms and re-establishes the Judicial Qualifications Commission and provides for its composition, governance, and powers." isQuestion="false" precinctsReporting="1" precinctsReported="1">
        <VoteType name="Number of Precincts for Race" votes="1">
            <Precinct name="Dahlonega" votes="1" />
        </VoteType>
        <VoteType name="Number of Precincts Reporting" votes="1">
            <Precinct name="Dahlonega" votes="1" />
        </VoteType>
        <Choice key="10" text="YES" totalVotes="6897">
            <VoteType name="Election Day" votes="1638">
                <Precinct name="Dahlonega" votes="1638" />
            </VoteType>
            <VoteType name="Absentee by Mail" votes="320">
                <Precinct name="Dahlonega" votes="320" />
            </VoteType>
            <VoteType name="Advance in Person" votes="4934">
                <Precinct name="Dahlonega" votes="4934" />
            </VoteType>
            <VoteType name="Provisional" votes="5">
                <Precinct name="Dahlonega" votes="5" />
            </VoteType>
        </Choice>
        <Choice key="20" text="NO" totalVotes="4515">
            <VoteType name="Election Day" votes="998">
                <Precinct name="Dahlonega" votes="998" />
            </VoteType>
            <VoteType name="Absentee by Mail" votes="190">
                <Precinct name="Dahlonega" votes="190" />
            </VoteType>
            <VoteType name="Advance in Person" votes="3325">
                <Precinct name="Dahlonega" votes="3325" />
            </VoteType>
            <VoteType name="Provisional" votes="2">
                <Precinct name="Dahlonega" votes="2" />
            </VoteType>
        </Choice>
    </Contest>
    <Contest key="530" text="Constitutional Amendment #4&lt;br&gt;Dedicates revenue from existing taxes on fireworks to trauma care, fire services, and public safety." isQuestion="false" precinctsReporting="1" precinctsReported="1">
        <VoteType name="Number of Precincts for Race" votes="1">
            <Precinct name="Dahlonega" votes="1" />
        </VoteType>
        <VoteType name="Number of Precincts Reporting" votes="1">
            <Precinct name="Dahlonega" votes="1" />
        </VoteType>
        <Choice key="10" text="YES" totalVotes="9531">
            <VoteType name="Election Day" votes="2246">
                <Precinct name="Dahlonega" votes="2246" />
            </VoteType>
            <VoteType name="Absentee by Mail" votes="446">
                <Precinct name="Dahlonega" votes="446" />
            </VoteType>
            <VoteType name="Advance in Person" votes="6835">
                <Precinct name="Dahlonega" votes="6835" />
            </VoteType>
            <VoteType name="Provisional" votes="4">
                <Precinct name="Dahlonega" votes="4" />
            </VoteType>
        </Choice>
        <Choice key="20" text="NO" totalVotes="2496">
            <VoteType name="Election Day" votes="545">
                <Precinct name="Dahlonega" votes="545" />
            </VoteType>
            <VoteType name="Absentee by Mail" votes="94">
                <Precinct name="Dahlonega" votes="94" />
            </VoteType>
            <VoteType name="Advance in Person" votes="1854">
                <Precinct name="Dahlonega" votes="1854" />
            </VoteType>
            <VoteType name="Provisional" votes="3">
                <Precinct name="Dahlonega" votes="3" />
            </VoteType>
        </Choice>
    </Contest>
</ElectionResult>