<?xml version="1.0"?>
<!--Election result snapshot imported from Tabulation System
-->
<ElectionResult>
    <Timestamp>11/15/2016 10:04:05 AM EST</Timestamp>
    <ElectionName>November 8, 2016 - General Election</ElectionName>
    <ElectionDate>11/8/2016</ElectionDate>
    <Region>Jenkins</Region>
    <VoterTurnout totalVoters="4258" ballotsCast="3082" voterTurnout="72.38">
        <Precincts>
            <Precinct name="Jenkins Co Prim/Elem" totalVoters="835" ballotsCast="586" voterTurnout="70.18" percentReporting="4" />
            <Precinct name="Court House" totalVoters="931" ballotsCast="627" voterTurnout="67.35" percentReporting="4" />
            <Precinct name="Perkins" totalVoters="809" ballotsCast="619" voterTurnout="76.51" percentReporting="4" />
            <Precinct name="Senior Citizens Bld" totalVoters="861" ballotsCast="640" voterTurnout="74.33" percentReporting="4" />
            <Precinct name="Four Points" totalVoters="822" ballotsCast="610" voterTurnout="74.21" percentReporting="4" />
        </Precincts>
    </VoterTurnout>
    <Contest key="1" text="President of the United States" isQuestion="false" precinctsReporting="5" precinctsReported="5">
        <VoteType name="Number of Precincts for Race" votes="5">
            <Precinct name="Jenkins Co Prim/Elem" votes="1" />
            <Precinct name="Court House" votes="1" />
            <Precinct name="Perkins" votes="1" />
            <Precinct name="Senior Citizens Bld" votes="1" />
            <Precinct name="Four Points" votes="1" />
        </VoteType>
        <VoteType name="Number of Precincts Reporting" votes="5">
            <Precinct name="Jenkins Co Prim/Elem" votes="1" />
            <Precinct name="Court House" votes="1" />
            <Precinct name="Perkins" votes="1" />
            <Precinct name="Senior Citizens Bld" votes="1" />
            <Precinct name="Four Points" votes="1" />
        </VoteType>
        <Choice key="10" text="DONALD J. TRUMP" totalVotes="1895">
            <VoteType name="Election Day" votes="728">
                <Precinct name="Jenkins Co Prim/Elem" votes="77" />
                <Precinct name="Court House" votes="62" />
                <Precinct name="Perkins" votes="161" />
                <Precinct name="Senior Citizens Bld" votes="207" />
                <Precinct name="Four Points" votes="221" />
            </VoteType>
            <VoteType name="Absentee by Mail" votes="95">
                <Precinct name="Jenkins Co Prim/Elem" votes="12" />
                <Precinct name="Court House" votes="17" />
                <Precinct name="Perkins" votes="26" />
                <Precinct name="Senior Citizens Bld" votes="26" />
                <Precinct name="Four Points" votes="14" />
            </VoteType>
            <VoteType name="Advance in Person" votes="1069">
                <Precinct name="Jenkins Co Prim/Elem" votes="148" />
                <Precinct name="Court House" votes="192" />
                <Precinct name="Perkins" votes="261" />
                <Precinct name="Senior Citizens Bld" votes="304" />
                <Precinct name="Four Points" votes="164" />
            </VoteType>
            <VoteType name="Provisional" votes="3">
                <Precinct name="Jenkins Co Prim/Elem" votes="0" />
                <Precinct name="Court House" votes="0" />
                <Precinct name="Perkins" votes="2" />
                <Precinct name="Senior Citizens Bld" votes="0" />
                <Precinct name="Four Points" votes="1" />
            </VoteType>
        </Choice>
        <Choice key="20" text="HILLARY CLINTON" totalVotes="1123">
            <VoteType name="Election Day" votes="529">
                <Precinct name="Jenkins Co Prim/Elem" votes="176" />
                <Precinct name="Court House" votes="128" />
                <Precinct name="Perkins" votes="63" />
                <Precinct name="Senior Citizens Bld" votes="33" />
                <Precinct name="Four Points" votes="129" />
            </VoteType>
            <VoteType name="Absentee by Mail" votes="78">
                <Precinct name="Jenkins Co Prim/Elem" votes="29" />
                <Precinct name="Court House" votes="24" />
                <Precinct name="Perkins" votes="9" />
                <Precinct name="Senior Citizens Bld" votes="10" />
                <Precinct name="Four Points" votes="6" />
            </VoteType>
            <VoteType name="Advance in Person" votes="501">
                <Precinct name="Jenkins Co Prim/Elem" votes="130" />
                <Precinct name="Court House" votes="188" />
                <Precinct name="Perkins" votes="79" />
                <Precinct name="Senior Citizens Bld" votes="48" />
                <Precinct name="Four Points" votes="56" />
            </VoteType>
            <VoteType name="Provisional" votes="15">
                <Precinct name="Jenkins Co Prim/Elem" votes="2" />
                <Precinct name="Court House" votes="4" />
                <Precinct name="Perkins" votes="5" />
                <Precinct name="Senior Citizens Bld" votes="0" />
                <Precinct name="Four Points" votes="4" />
            </VoteType>
        </Choice>
        <Choice key="30" text="GARY JOHNSON" totalVotes="34">
            <VoteType name="Election Day" votes="12">
                <Precinct name="Jenkins Co Prim/Elem" votes="4" />
                <Precinct name="Court House" votes="2" />
                <Precinct name="Perkins" votes="1" />
                <Precinct name="Senior Citizens Bld" votes="2" />
                <Precinct name="Four Points" votes="3" />
            </VoteType>
            <VoteType name="Absentee by Mail" votes="2">
                <Precinct name="Jenkins Co Prim/Elem" votes="1" />
                <Precinct name="Court House" votes="0" />
                <Precinct name="Perkins" votes="1" />
                <Precinct name="Senior Citizens Bld" votes="0" />
                <Precinct name="Four Points" votes="0" />
            </VoteType>
            <VoteType name="Advance in Person" votes="20">
                <Precinct name="Jenkins Co Prim/Elem" votes="5" />
                <Precinct name="Court House" votes="4" />
                <Precinct name="Perkins" votes="5" />
                <Precinct name="Senior Citizens Bld" votes="4" />
                <Precinct name="Four Points" votes="2" />
            </VoteType>
            <VoteType name="Provisional" votes="0">
                <Precinct name="Jenkins Co Prim/Elem" votes="0" />
                <Precinct name="Court House" votes="0" />
                <Precinct name="Perkins" votes="0" />
                <Precinct name="Senior Citizens Bld" votes="0" />
                <Precinct name="Four Points" votes="0" />
            </VoteType>
        </Choice>
    </Contest>
    <Contest key="10" text="United States Senator, Isakson" isQuestion="false" precinctsReporting="5" precinctsReported="5">
        <VoteType name="Number of Precincts for Race" votes="5">
            <Precinct name="Jenkins Co Prim/Elem" votes="1" />
            <Precinct name="Court House" votes="1" />
            <Precinct name="Perkins" votes="1" />
            <Precinct name="Senior Citizens Bld" votes="1" />
            <Precinct name="Four Points" votes="1" />
        </VoteType>
        <VoteType name="Number of Precincts Reporting" votes="5">
            <Precinct name="Jenkins Co Prim/Elem" votes="1" />
            <Precinct name="Court House" votes="1" />
            <Precinct name="Perkins" votes="1" />
            <Precinct name="Senior Citizens Bld" votes="1" />
            <Precinct name="Four Points" votes="1" />
        </VoteType>
        <Choice key="10" text="JOHNNY ISAKSON (I)" totalVotes="1826">
            <VoteType name="Election Day" votes="701">
                <Precinct name="Jenkins Co Prim/Elem" votes="88" />
                <Precinct name="Court House" votes="64" />
                <Precinct name="Perkins" votes="151" />
                <Precinct name="Senior Citizens Bld" votes="187" />
                <Precinct name="Four Points" votes="211" />
            </VoteType>
            <VoteType name="Absentee by Mail" votes="93">
                <Precinct name="Jenkins Co Prim/Elem" votes="13" />
                <Precinct name="Court House" votes="14" />
                <Precinct name="Perkins" votes="27" />
                <Precinct name="Senior Citizens Bld" votes="24" />
                <Precinct name="Four Points" votes="15" />
            </VoteType>
            <VoteType name="Advance in Person" votes="1030">
                <Precinct name="Jenkins Co Prim/Elem" votes="137" />
                <Precinct name="Court House" votes="198" />
                <Precinct name="Perkins" votes="255" />
                <Precinct name="Senior Citizens Bld" votes="283" />
                <Precinct name="Four Points" votes="157" />
            </VoteType>
            <VoteType name="Provisional" votes="2">
                <Precinct name="Jenkins Co Prim/Elem" votes="0" />
                <Precinct name="Court House" votes="0" />
                <Precinct name="Perkins" votes="1" />
                <Precinct name="Senior Citizens Bld" votes="0" />
                <Precinct name="Four Points" votes="1" />
            </VoteType>
        </Choice>
        <Choice key="20" text="JIM BARKSDALE" totalVotes="934">
            <VoteType name="Election Day" votes="434">
                <Precinct name="Jenkins Co Prim/Elem" votes="143" />
                <Precinct name="Court House" votes="98" />
                <Precinct name="Perkins" votes="51" />
                <Precinct name="Senior Citizens Bld" votes="30" />
                <Precinct name="Four Points" votes="112" />
            </VoteType>
            <VoteType name="Absentee by Mail" votes="75">
                <Precinct name="Jenkins Co Prim/Elem" votes="27" />
                <Precinct name="Court House" votes="25" />
                <Precinct name="Perkins" votes="9" />
                <Precinct name="Senior Citizens Bld" votes="10" />
                <Precinct name="Four Points" votes="4" />
            </VoteType>
            <VoteType name="Advance in Person" votes="412">
                <Precinct name="Jenkins Co Prim/Elem" votes="110" />
                <Precinct name="Court House" votes="146" />
                <Precinct name="Perkins" votes="66" />
                <Precinct name="Senior Citizens Bld" votes="40" />
                <Precinct name="Four Points" votes="50" />
            </VoteType>
            <VoteType name="Provisional" votes="13">
                <Precinct name="Jenkins Co Prim/Elem" votes="2" />
                <Precinct name="Court House" votes="3" />
                <Precinct name="Perkins" votes="4" />
                <Precinct name="Senior Citizens Bld" votes="0" />
                <Precinct name="Four Points" votes="4" />
            </VoteType>
        </Choice>
        <Choice key="30" text="ALLEN BUCKLEY" totalVotes="61">
            <VoteType name="Election Day" votes="33">
                <Precinct name="Jenkins Co Prim/Elem" votes="4" />
                <Precinct name="Court House" votes="5" />
                <Precinct name="Perkins" votes="5" />
                <Precinct name="Senior Citizens Bld" votes="8" />
                <Precinct name="Four Points" votes="11" />
            </VoteType>
            <VoteType name="Absentee by Mail" votes="4">
                <Precinct name="Jenkins Co Prim/Elem" votes="1" />
                <Precinct name="Court House" votes="0" />
                <Precinct name="Perkins" votes="1" />
                <Precinct name="Senior Citizens Bld" votes="2" />
                <Precinct name="Four Points" votes="0" />
            </VoteType>
            <VoteType name="Advance in Person" votes="24">
                <Precinct name="Jenkins Co Prim/Elem" votes="6" />
                <Precinct name="Court House" votes="4" />
                <Precinct name="Perkins" votes="4" />
                <Precinct name="Senior Citizens Bld" votes="7" />
                <Precinct name="Four Points" votes="3" />
            </VoteType>
            <VoteType name="Provisional" votes="0">
                <Precinct name="Jenkins Co Prim/Elem" votes="0" />
                <Precinct name="Court House" votes="0" />
                <Precinct name="Perkins" votes="0" />
                <Precinct name="Senior Citizens Bld" votes="0" />
                <Precinct name="Four Points" votes="0" />
            </VoteType>
        </Choice>
    </Contest>
    <Contest key="30" text="Public Service Commission, District 2 - Eastern" isQuestion="false" precinctsReporting="5" precinctsReported="5">
        <VoteType name="Number of Precincts for Race" votes="5">
            <Precinct name="Jenkins Co Prim/Elem" votes="1" />
            <Precinct name="Court House" votes="1" />
            <Precinct name="Perkins" votes="1" />
            <Precinct name="Senior Citizens Bld" votes="1" />
            <Precinct name="Four Points" votes="1" />
        </VoteType>
        <VoteType name="Number of Precincts Reporting" votes="5">
            <Precinct name="Jenkins Co Prim/Elem" votes="1" />
            <Precinct name="Court House" votes="1" />
            <Precinct name="Perkins" votes="1" />
            <Precinct name="Senior Citizens Bld" votes="1" />
            <Precinct name="Four Points" votes="1" />
        </VoteType>
        <Choice key="10" text="TIM ECHOLS (I)" totalVotes="1983">
            <VoteType name="Election Day" votes="778">
                <Precinct name="Jenkins Co Prim/Elem" votes="113" />
                <Precinct name="Court House" votes="80" />
                <Precinct name="Perkins" votes="162" />
                <Precinct name="Senior Citizens Bld" votes="192" />
                <Precinct name="Four Points" votes="231" />
            </VoteType>
            <VoteType name="Absentee by Mail" votes="110">
                <Precinct name="Jenkins Co Prim/Elem" votes="17" />
                <Precinct name="Court House" votes="18" />
                <Precinct name="Perkins" votes="26" />
                <Precinct name="Senior Citizens Bld" votes="32" />
                <Precinct name="Four Points" votes="17" />
            </VoteType>
            <VoteType name="Advance in Person" votes="1090">
                <Precinct name="Jenkins Co Prim/Elem" votes="157" />
                <Precinct name="Court House" votes="228" />
                <Precinct name="Perkins" votes="257" />
                <Precinct name="Senior Citizens Bld" votes="287" />
                <Precinct name="Four Points" votes="161" />
            </VoteType>
            <VoteType name="Provisional" votes="5">
                <Precinct name="Jenkins Co Prim/Elem" votes="1" />
                <Precinct name="Court House" votes="0" />
                <Precinct name="Perkins" votes="2" />
                <Precinct name="Senior Citizens Bld" votes="0" />
                <Precinct name="Four Points" votes="2" />
            </VoteType>
        </Choice>
        <Choice key="20" text="ERIC HOSKINS" totalVotes="567">
            <VoteType name="Election Day" votes="276">
                <Precinct name="Jenkins Co Prim/Elem" votes="85" />
                <Precinct name="Court House" votes="61" />
                <Precinct name="Perkins" votes="39" />
                <Precinct name="Senior Citizens Bld" votes="22" />
                <Precinct name="Four Points" votes="69" />
            </VoteType>
            <VoteType name="Absentee by Mail" votes="34">
                <Precinct name="Jenkins Co Prim/Elem" votes="14" />
                <Precinct name="Court House" votes="10" />
                <Precinct name="Perkins" votes="5" />
                <Precinct name="Senior Citizens Bld" votes="4" />
                <Precinct name="Four Points" votes="1" />
            </VoteType>
            <VoteType name="Advance in Person" votes="251">
                <Precinct name="Jenkins Co Prim/Elem" votes="64" />
                <Precinct name="Court House" votes="84" />
                <Precinct name="Perkins" votes="43" />
                <Precinct name="Senior Citizens Bld" votes="23" />
                <Precinct name="Four Points" votes="37" />
            </VoteType>
            <VoteType name="Provisional" votes="6">
                <Precinct name="Jenkins Co Prim/Elem" votes="1" />
                <Precinct name="Court House" votes="1" />
                <Precinct name="Perkins" votes="2" />
                <Precinct name="Senior Citizens Bld" votes="0" />
                <Precinct name="Four Points" votes="2" />
            </VoteType>
        </Choice>
    </Contest>
    <Contest key="50" text="U.S. Representative, District 12" isQuestion="false" precinctsReporting="5" precinctsReported="5">
        <VoteType name="Number of Precincts for Race" votes="5">
            <Precinct name="Jenkins Co Prim/Elem" votes="1" />
            <Precinct name="Court House" votes="1" />
            <Precinct name="Perkins" votes="1" />
            <Precinct name="Senior Citizens Bld" votes="1" />
            <Precinct name="Four Points" votes="1" />
        </VoteType>
        <VoteType name="Number of Precincts Reporting" votes="5">
            <Precinct name="Jenkins Co Prim/Elem" votes="1" />
            <Precinct name="Court House" votes="1" />
            <Precinct name="Perkins" votes="1" />
            <Precinct name="Senior Citizens Bld" votes="1" />
            <Precinct name="Four Points" votes="1" />
        </VoteType>
        <Choice key="10" text="RICK ALLEN (I)" totalVotes="1910">
            <VoteType name="Election Day" votes="746">
                <Precinct name="Jenkins Co Prim/Elem" votes="85" />
                <Precinct name="Court House" votes="68" />
                <Precinct name="Perkins" votes="162" />
                <Precinct name="Senior Citizens Bld" votes="197" />
                <Precinct name="Four Points" votes="234" />
            </VoteType>
            <VoteType name="Absentee by Mail" votes="101">
                <Precinct name="Jenkins Co Prim/Elem" votes="13" />
                <Precinct name="Court House" votes="17" />
                <Precinct name="Perkins" votes="26" />
                <Precinct name="Senior Citizens Bld" votes="29" />
                <Precinct name="Four Points" votes="16" />
            </VoteType>
            <VoteType name="Advance in Person" votes="1060">
                <Precinct name="Jenkins Co Prim/Elem" votes="151" />
                <Precinct name="Court House" votes="201" />
                <Precinct name="Perkins" votes="260" />
                <Precinct name="Senior Citizens Bld" votes="290" />
                <Precinct name="Four Points" votes="158" />
            </VoteType>
            <VoteType name="Provisional" votes="3">
                <Precinct name="Jenkins Co Prim/Elem" votes="0" />
                <Precinct name="Court House" votes="1" />
                <Precinct name="Perkins" votes="1" />
                <Precinct name="Senior Citizens Bld" votes="0" />
                <Precinct name="Four Points" votes="1" />
            </VoteType>
        </Choice>
        <Choice key="20" text="PATRICIA C. MCCRACKEN" totalVotes="1001">
            <VoteType name="Election Day" votes="470">
                <Precinct name="Jenkins Co Prim/Elem" votes="162" />
                <Precinct name="Court House" votes="113" />
                <Precinct name="Perkins" votes="55" />
                <Precinct name="Senior Citizens Bld" votes="30" />
                <Precinct name="Four Points" votes="110" />
            </VoteType>
            <VoteType name="Absentee by Mail" votes="69">
                <Precinct name="Jenkins Co Prim/Elem" votes="27" />
                <Precinct name="Court House" votes="23" />
                <Precinct name="Perkins" votes="9" />
                <Precinct name="Senior Citizens Bld" votes="7" />
                <Precinct name="Four Points" votes="3" />
            </VoteType>
            <VoteType name="Advance in Person" votes="449">
                <Precinct name="Jenkins Co Prim/Elem" votes="111" />
                <Precinct name="Court House" votes="160" />
                <Precinct name="Perkins" votes="75" />
                <Precinct name="Senior Citizens Bld" votes="42" />
                <Precinct name="Four Points" votes="61" />
            </VoteType>
            <VoteType name="Provisional" votes="13">
                <Precinct name="Jenkins Co Prim/Elem" votes="2" />
                <Precinct name="Court House" votes="3" />
                <Precinct name="Perkins" votes="4" />
                <Precinct name="Senior Citizens Bld" votes="0" />
                <Precinct name="Four Points" votes="4" />
            </VoteType>
        </Choice>
    </Contest>
    <Contest key="70" text="State Senator, District 23" isQuestion="false" precinctsReporting="5" precinctsReported="5">
        <VoteType name="Number of Precincts for Race" votes="5">
            <Precinct name="Jenkins Co Prim/Elem" votes="1" />
            <Precinct name="Court House" votes="1" />
            <Precinct name="Perkins" votes="1" />
            <Precinct name="Senior Citizens Bld" votes="1" />
            <Precinct name="Four Points" votes="1" />
        </VoteType>
        <VoteType name="Number of Precincts Reporting" votes="5">
            <Precinct name="Jenkins Co Prim/Elem" votes="1" />
            <Precinct name="Court House" votes="1" />
            <Precinct name="Perkins" votes="1" />
            <Precinct name="Senior Citizens Bld" votes="1" />
            <Precinct name="Four Points" votes="1" />
        </VoteType>
        <Choice key="10" text="JESSE STONE (I)" totalVotes="2312">
            <VoteType name="Election Day" votes="943">
                <Precinct name="Jenkins Co Prim/Elem" votes="156" />
                <Precinct name="Court House" votes="116" />
                <Precinct name="Perkins" votes="186" />
                <Precinct name="Senior Citizens Bld" votes="210" />
                <Precinct name="Four Points" votes="275" />
            </VoteType>
            <VoteType name="Absentee by Mail" votes="131">
                <Precinct name="Jenkins Co Prim/Elem" votes="26" />
                <Precinct name="Court House" votes="27" />
                <Precinct name="Perkins" votes="29" />
                <Precinct name="Senior Citizens Bld" votes="32" />
                <Precinct name="Four Points" votes="17" />
            </VoteType>
            <VoteType name="Advance in Person" votes="1231">
                <Precinct name="Jenkins Co Prim/Elem" votes="190" />
                <Precinct name="Court House" votes="273" />
                <Precinct name="Perkins" votes="279" />
                <Precinct name="Senior Citizens Bld" votes="300" />
                <Precinct name="Four Points" votes="189" />
            </VoteType>
            <VoteType name="Provisional" votes="7">
                <Precinct name="Jenkins Co Prim/Elem" votes="0" />
                <Precinct name="Court House" votes="1" />
                <Precinct name="Perkins" votes="2" />
                <Precinct name="Senior Citizens Bld" votes="0" />
                <Precinct name="Four Points" votes="4" />
            </VoteType>
        </Choice>
    </Contest>
    <Contest key="90" text="State Representative, District 158" isQuestion="false" precinctsReporting="5" precinctsReported="5">
        <VoteType name="Number of Precincts for Race" votes="5">
            <Precinct name="Jenkins Co Prim/Elem" votes="1" />
            <Precinct name="Court House" votes="1" />
            <Precinct name="Perkins" votes="1" />
            <Precinct name="Senior Citizens Bld" votes="1" />
            <Precinct name="Four Points" votes="1" />
        </VoteType>
        <VoteType name="Number of Precincts Reporting" votes="5">
            <Precinct name="Jenkins Co Prim/Elem" votes="1" />
            <Precinct name="Court House" votes="1" />
            <Precinct name="Perkins" votes="1" />
            <Precinct name="Senior Citizens Bld" votes="1" />
            <Precinct name="Four Points" votes="1" />
        </VoteType>
        <Choice key="10" text="BUTCH PARRISH (I)" totalVotes="2288">
            <VoteType name="Election Day" votes="931">
                <Precinct name="Jenkins Co Prim/Elem" votes="154" />
                <Precinct name="Court House" votes="113" />
                <Precinct name="Perkins" votes="184" />
                <Precinct name="Senior Citizens Bld" votes="210" />
                <Precinct name="Four Points" votes="270" />
            </VoteType>
            <VoteType name="Absentee by Mail" votes="126">
                <Precinct name="Jenkins Co Prim/Elem" votes="26" />
                <Precinct name="Court House" votes="24" />
                <Precinct name="Perkins" votes="26" />
                <Precinct name="Senior Citizens Bld" votes="33" />
                <Precinct name="Four Points" votes="17" />
            </VoteType>
            <VoteType name="Advance in Person" votes="1224">
                <Precinct name="Jenkins Co Prim/Elem" votes="187" />
                <Precinct name="Court House" votes="273" />
                <Precinct name="Perkins" votes="282" />
                <Precinct name="Senior Citizens Bld" votes="297" />
                <Precinct name="Four Points" votes="185" />
            </VoteType>
            <VoteType name="Provisional" votes="7">
                <Precinct name="Jenkins Co Prim/Elem" votes="0" />
                <Precinct name="Court House" votes="1" />
                <Precinct name="Perkins" votes="2" />
                <Precinct name="Senior Citizens Bld" votes="0" />
                <Precinct name="Four Points" votes="4" />
            </VoteType>
        </Choice>
    </Contest>
    <Contest key="110" text="District Attorney, Ogeechee Circuit" isQuestion="false" precinctsReporting="5" precinctsReported="5">
        <VoteType name="Number of Precincts for Race" votes="5">
            <Precinct name="Jenkins Co Prim/Elem" votes="1" />
            <Precinct name="Court House" votes="1" />
            <Precinct name="Perkins" votes="1" />
            <Precinct name="Senior Citizens Bld" votes="1" />
            <Precinct name="Four Points" votes="1" />
        </VoteType>
        <VoteType name="Number of Precincts Reporting" votes="5">
            <Precinct name="Jenkins Co Prim/Elem" votes="1" />
            <Precinct name="Court House" votes="1" />
            <Precinct name="Perkins" votes="1" />
            <Precinct name="Senior Citizens Bld" votes="1" />
            <Precinct name="Four Points" votes="1" />
        </VoteType>
        <Choice key="10" text="RICHARD A MALLARD (I)" totalVotes="2299">
            <VoteType name="Election Day" votes="940">
                <Precinct name="Jenkins Co Prim/Elem" votes="157" />
                <Precinct name="Court House" votes="114" />
                <Precinct name="Perkins" votes="183" />
                <Precinct name="Senior Citizens Bld" votes="208" />
                <Precinct name="Four Points" votes="278" />
            </VoteType>
            <VoteType name="Absentee by Mail" votes="129">
                <Precinct name="Jenkins Co Prim/Elem" votes="29" />
                <Precinct name="Court House" votes="23" />
                <Precinct name="Perkins" votes="28" />
                <Precinct name="Senior Citizens Bld" votes="32" />
                <Precinct name="Four Points" votes="17" />
            </VoteType>
            <VoteType name="Advance in Person" votes="1223">
                <Precinct name="Jenkins Co Prim/Elem" votes="192" />
                <Precinct name="Court House" votes="273" />
                <Precinct name="Perkins" votes="274" />
                <Precinct name="Senior Citizens Bld" votes="298" />
                <Precinct name="Four Points" votes="186" />
            </VoteType>
            <VoteType name="Provisional" votes="7">
                <Precinct name="Jenkins Co Prim/Elem" votes="0" />
                <Precinct name="Court House" votes="1" />
                <Precinct name="Perkins" votes="2" />
                <Precinct name="Senior Citizens Bld" votes="0" />
                <Precinct name="Four Points" votes="4" />
            </VoteType>
        </Choice>
    </Contest>
    <Contest key="310" text="Probate Judge" isQuestion="false" precinctsReporting="5" precinctsReported="5">
        <VoteType name="Number of Precincts for Race" votes="5">
            <Precinct name="Jenkins Co Prim/Elem" votes="1" />
            <Precinct name="Court House" votes="1" />
            <Precinct name="Perkins" votes="1" />
            <Precinct name="Senior Citizens Bld" votes="1" />
            <Precinct name="Four Points" votes="1" />
        </VoteType>
        <VoteType name="Number of Precincts Reporting" votes="5">
            <Precinct name="Jenkins Co Prim/Elem" votes="1" />
            <Precinct name="Court House" votes="1" />
            <Precinct name="Perkins" votes="1" />
            <Precinct name="Senior Citizens Bld" votes="1" />
            <Precinct name="Four Points" votes="1" />
        </VoteType>
        <Choice key="10" text="W. P. BURKE (I)(D)" totalVotes="2754">
            <VoteType name="Election Day" votes="1151">
                <Precinct name="Jenkins Co Prim/Elem" votes="239" />
                <Precinct name="Court House" votes="176" />
                <Precinct name="Perkins" votes="206" />
                <Precinct name="Senior Citizens Bld" votes="225" />
                <Precinct name="Four Points" votes="305" />
            </VoteType>
            <VoteType name="Absentee by Mail" votes="160">
                <Precinct name="Jenkins Co Prim/Elem" votes="38" />
                <Precinct name="Court House" votes="41" />
                <Precinct name="Perkins" votes="31" />
                <Precinct name="Senior Citizens Bld" votes="33" />
                <Precinct name="Four Points" votes="17" />
            </VoteType>
            <VoteType name="Advance in Person" votes="1429">
                <Precinct name="Jenkins Co Prim/Elem" votes="251" />
                <Precinct name="Court House" votes="354" />
                <Precinct name="Perkins" votes="312" />
                <Precinct name="Senior Citizens Bld" votes="308" />
                <Precinct name="Four Points" votes="204" />
            </VoteType>
            <VoteType name="Provisional" votes="14">
                <Precinct name="Jenkins Co Prim/Elem" votes="2" />
                <Precinct name="Court House" votes="3" />
                <Precinct name="Perkins" votes="5" />
                <Precinct name="Senior Citizens Bld" votes="0" />
                <Precinct name="Four Points" votes="4" />
            </VoteType>
        </Choice>
    </Contest>
    <Contest key="330" text="Superior Court Clerk" isQuestion="false" precinctsReporting="5" precinctsReported="5">
        <VoteType name="Number of Precincts for Race" votes="5">
            <Precinct name="Jenkins Co Prim/Elem" votes="1" />
            <Precinct name="Court House" votes="1" />
            <Precinct name="Perkins" votes="1" />
            <Precinct name="Senior Citizens Bld" votes="1" />
            <Precinct name="Four Points" votes="1" />
        </VoteType>
        <VoteType name="Number of Precincts Reporting" votes="5">
            <Precinct name="Jenkins Co Prim/Elem" votes="1" />
            <Precinct name="Court House" votes="1" />
            <Precinct name="Perkins" votes="1" />
            <Precinct name="Senior Citizens Bld" votes="1" />
            <Precinct name="Four Points" votes="1" />
        </VoteType>
        <Choice key="10" text="E. T. LANDING (I)(D)" totalVotes="2736">
            <VoteType name="Election Day" votes="1145">
                <Precinct name="Jenkins Co Prim/Elem" votes="239" />
                <Precinct name="Court House" votes="177" />
                <Precinct name="Perkins" votes="201" />
                <Precinct name="Senior Citizens Bld" votes="223" />
                <Precinct name="Four Points" votes="305" />
            </VoteType>
            <VoteType name="Absentee by Mail" votes="159">
                <Precinct name="Jenkins Co Prim/Elem" votes="39" />
                <Precinct name="Court House" votes="40" />
                <Precinct name="Perkins" votes="30" />
                <Precinct name="Senior Citizens Bld" votes="33" />
                <Precinct name="Four Points" votes="17" />
            </VoteType>
            <VoteType name="Advance in Person" votes="1418">
                <Precinct name="Jenkins Co Prim/Elem" votes="248" />
                <Precinct name="Court House" votes="358" />
                <Precinct name="Perkins" votes="305" />
                <Precinct name="Senior Citizens Bld" votes="309" />
                <Precinct name="Four Points" votes="198" />
            </VoteType>
            <VoteType name="Provisional" votes="14">
                <Precinct name="Jenkins Co Prim/Elem" votes="2" />
                <Precinct name="Court House" votes="3" />
                <Precinct name="Perkins" votes="5" />
                <Precinct name="Senior Citizens Bld" votes="0" />
                <Precinct name="Four Points" votes="4" />
            </VoteType>
        </Choice>
    </Contest>
    <Contest key="350" text="Sheriff" isQuestion="false" precinctsReporting="5" precinctsReported="5">
        <VoteType name="Number of Precincts for Race" votes="5">
            <Precinct name="Jenkins Co Prim/Elem" votes="1" />
            <Precinct name="Court House" votes="1" />
            <Precinct name="Perkins" votes="1" />
            <Precinct name="Senior Citizens Bld" votes="1" />
            <Precinct name="Four Points" votes="1" />
        </VoteType>
        <VoteType name="Number of Precincts Reporting" votes="5">
            <Precinct name="Jenkins Co Prim/Elem" votes="1" />
            <Precinct name="Court House" votes="1" />
            <Precinct name="Perkins" votes="1" />
            <Precinct name="Senior Citizens Bld" votes="1" />
            <Precinct name="Four Points" votes="1" />
        </VoteType>
        <Choice key="10" text="R. L. OGLESBY (I)(D)" totalVotes="2699">
            <VoteType name="Election Day" votes="1120">
                <Precinct name="Jenkins Co Prim/Elem" votes="217" />
                <Precinct name="Court House" votes="170" />
                <Precinct name="Perkins" votes="208" />
                <Precinct name="Senior Citizens Bld" votes="222" />
                <Precinct name="Four Points" votes="303" />
            </VoteType>
            <VoteType name="Absentee by Mail" votes="161">
                <Precinct name="Jenkins Co Prim/Elem" votes="38" />
                <Precinct name="Court House" votes="39" />
                <Precinct name="Perkins" votes="32" />
                <Precinct name="Senior Citizens Bld" votes="33" />
                <Precinct name="Four Points" votes="19" />
            </VoteType>
            <VoteType name="Advance in Person" votes="1401">
                <Precinct name="Jenkins Co Prim/Elem" votes="244" />
                <Precinct name="Court House" votes="330" />
                <Precinct name="Perkins" votes="308" />
                <Precinct name="Senior Citizens Bld" votes="314" />
                <Precinct name="Four Points" votes="205" />
            </VoteType>
            <VoteType name="Provisional" votes="17">
                <Precinct name="Jenkins Co Prim/Elem" votes="2" />
                <Precinct name="Court House" votes="4" />
                <Precinct name="Perkins" votes="6" />
                <Precinct name="Senior Citizens Bld" votes="0" />
                <Precinct name="Four Points" votes="5" />
            </VoteType>
        </Choice>
    </Contest>
    <Contest key="370" text="Tax Commissioner" isQuestion="false" precinctsReporting="5" precinctsReported="5">
        <VoteType name="Number of Precincts for Race" votes="5">
            <Precinct name="Jenkins Co Prim/Elem" votes="1" />
            <Precinct name="Court House" votes="1" />
            <Precinct name="Perkins" votes="1" />
            <Precinct name="Senior Citizens Bld" votes="1" />
            <Precinct name="Four Points" votes="1" />
        </VoteType>
        <VoteType name="Number of Precincts Reporting" votes="5">
            <Precinct name="Jenkins Co Prim/Elem" votes="1" />
            <Precinct name="Court House" votes="1" />
            <Precinct name="Perkins" votes="1" />
            <Precinct name="Senior Citizens Bld" votes="1" />
            <Precinct name="Four Points" votes="1" />
        </VoteType>
        <Choice key="10" text="T. E. BURKE (I)(D)" totalVotes="2722">
            <VoteType name="Election Day" votes="1131">
                <Precinct name="Jenkins Co Prim/Elem" votes="233" />
                <Precinct name="Court House" votes="174" />
                <Precinct name="Perkins" votes="197" />
                <Precinct name="Senior Citizens Bld" votes="222" />
                <Precinct name="Four Points" votes="305" />
            </VoteType>
            <VoteType name="Absentee by Mail" votes="158">
                <Precinct name="Jenkins Co Prim/Elem" votes="39" />
                <Precinct name="Court House" votes="40" />
                <Precinct name="Perkins" votes="30" />
                <Precinct name="Senior Citizens Bld" votes="31" />
                <Precinct name="Four Points" votes="18" />
            </VoteType>
            <VoteType name="Advance in Person" votes="1418">
                <Precinct name="Jenkins Co Prim/Elem" votes="253" />
                <Precinct name="Court House" votes="349" />
                <Precinct name="Perkins" votes="308" />
                <Precinct name="Senior Citizens Bld" votes="306" />
                <Precinct name="Four Points" votes="202" />
            </VoteType>
            <VoteType name="Provisional" votes="15">
                <Precinct name="Jenkins Co Prim/Elem" votes="2" />
                <Precinct name="Court House" votes="4" />
                <Precinct name="Perkins" votes="5" />
                <Precinct name="Senior Citizens Bld" votes="0" />
                <Precinct name="Four Points" votes="4" />
            </VoteType>
        </Choice>
    </Contest>
    <Contest key="390" text="Coroner" isQuestion="false" precinctsReporting="5" precinctsReported="5">
        <VoteType name="Number of Precincts for Race" votes="5">
            <Precinct name="Jenkins Co Prim/Elem" votes="1" />
            <Precinct name="Court House" votes="1" />
            <Precinct name="Perkins" votes="1" />
            <Precinct name="Senior Citizens Bld" votes="1" />
            <Precinct name="Four Points" votes="1" />
        </VoteType>
        <VoteType name="Number of Precincts Reporting" votes="5">
            <Precinct name="Jenkins Co Prim/Elem" votes="1" />
            <Precinct name="Court House" votes="1" />
            <Precinct name="Perkins" votes="1" />
            <Precinct name="Senior Citizens Bld" votes="1" />
            <Precinct name="Four Points" votes="1" />
        </VoteType>
        <Choice key="10" text="H. YOUNG (I)(D)" totalVotes="2718">
            <VoteType name="Election Day" votes="1138">
                <Precinct name="Jenkins Co Prim/Elem" votes="241" />
                <Precinct name="Court House" votes="179" />
                <Precinct name="Perkins" votes="201" />
                <Precinct name="Senior Citizens Bld" votes="218" />
                <Precinct name="Four Points" votes="299" />
            </VoteType>
            <VoteType name="Absentee by Mail" votes="162">
                <Precinct name="Jenkins Co Prim/Elem" votes="40" />
                <Precinct name="Court House" votes="39" />
                <Precinct name="Perkins" votes="30" />
                <Precinct name="Senior Citizens Bld" votes="32" />
                <Precinct name="Four Points" votes="21" />
            </VoteType>
            <VoteType name="Advance in Person" votes="1404">
                <Precinct name="Jenkins Co Prim/Elem" votes="253" />
                <Precinct name="Court House" votes="346" />
                <Precinct name="Perkins" votes="301" />
                <Precinct name="Senior Citizens Bld" votes="310" />
                <Precinct name="Four Points" votes="194" />
            </VoteType>
            <VoteType name="Provisional" votes="14">
                <Precinct name="Jenkins Co Prim/Elem" votes="2" />
                <Precinct name="Court House" votes="3" />
                <Precinct name="Perkins" votes="5" />
                <Precinct name="Senior Citizens Bld" votes="0" />
                <Precinct name="Four Points" votes="4" />
            </VoteType>
        </Choice>
    </Contest>
    <Contest key="410" text="County Comm 1" isQuestion="false" precinctsReporting="1" precinctsReported="1">
        <VoteType name="Number of Precincts for Race" votes="1">
            <Precinct name="Jenkins Co Prim/Elem" votes="1" />
        </VoteType>
        <VoteType name="Number of Precincts Reporting" votes="1">
            <Precinct name="Jenkins Co Prim/Elem" votes="1" />
        </VoteType>
        <Choice key="10" text="C. G. MCNEELY (I)(D)" totalVotes="501">
            <VoteType name="Election Day" votes="226">
                <Precinct name="Jenkins Co Prim/Elem" votes="226" />
            </VoteType>
            <VoteType name="Absentee by Mail" votes="38">
                <Precinct name="Jenkins Co Prim/Elem" votes="38" />
            </VoteType>
            <VoteType name="Advance in Person" votes="235">
                <Precinct name="Jenkins Co Prim/Elem" votes="235" />
            </VoteType>
            <VoteType name="Provisional" votes="2">
                <Precinct name="Jenkins Co Prim/Elem" votes="2" />
            </VoteType>
        </Choice>
    </Contest>
    <Contest key="430" text="County Comm 3" isQuestion="false" precinctsReporting="1" precinctsReported="1">
        <VoteType name="Number of Precincts for Race" votes="1">
            <Precinct name="Perkins" votes="1" />
        </VoteType>
        <VoteType name="Number of Precincts Reporting" votes="1">
            <Precinct name="Perkins" votes="1" />
        </VoteType>
        <Choice key="10" text="J. OGLESBY (I)(D)" totalVotes="507">
            <VoteType name="Election Day" votes="186">
                <Precinct name="Perkins" votes="186" />
            </VoteType>
            <VoteType name="Absentee by Mail" votes="29">
                <Precinct name="Perkins" votes="29" />
            </VoteType>
            <VoteType name="Advance in Person" votes="291">
                <Precinct name="Perkins" votes="291" />
            </VoteType>
            <VoteType name="Provisional" votes="1">
                <Precinct name="Perkins" votes="1" />
            </VoteType>
        </Choice>
    </Contest>
    <Contest key="450" text="County Comm 4" isQuestion="false" precinctsReporting="1" precinctsReported="1">
        <VoteType name="Number of Precincts for Race" votes="1">
            <Precinct name="Senior Citizens Bld" votes="1" />
        </VoteType>
        <VoteType name="Number of Precincts Reporting" votes="1">
            <Precinct name="Senior Citizens Bld" votes="1" />
        </VoteType>
        <Choice key="10" text="H. SPANN (I)(D)" totalVotes="502">
            <VoteType name="Election Day" votes="208">
                <Precinct name="Senior Citizens Bld" votes="208" />
            </VoteType>
            <VoteType name="Absentee by Mail" votes="25">
                <Precinct name="Senior Citizens Bld" votes="25" />
            </VoteType>
            <VoteType name="Advance in Person" votes="269">
                <Precinct name="Senior Citizens Bld" votes="269" />
            </VoteType>
            <VoteType name="Provisional" votes="0">
                <Precinct name="Senior Citizens Bld" votes="0" />
            </VoteType>
        </Choice>
    </Contest>
    <Contest key="500" text="Constitutional Amendment #1&lt;br&gt;Provides greater flexibility and state accountability to fix failing schools through increasing community involvement." isQuestion="false" precinctsReporting="5" precinctsReported="5">
        <VoteType name="Number of Precincts for Race" votes="5">
            <Precinct name="Jenkins Co Prim/Elem" votes="1" />
            <Precinct name="Court House" votes="1" />
            <Precinct name="Perkins" votes="1" />
            <Precinct name="Senior Citizens Bld" votes="1" />
            <Precinct name="Four Points" votes="1" />
        </VoteType>
        <VoteType name="Number of Precincts Reporting" votes="5">
            <Precinct name="Jenkins Co Prim/Elem" votes="1" />
            <Precinct name="Court House" votes="1" />
            <Precinct name="Perkins" votes="1" />
            <Precinct name="Senior Citizens Bld" votes="1" />
            <Precinct name="Four Points" votes="1" />
        </VoteType>
        <Choice key="10" text="YES" totalVotes="1184">
            <VoteType name="Election Day" votes="494">
                <Precinct name="Jenkins Co Prim/Elem" votes="114" />
                <Precinct name="Court House" votes="98" />
                <Precinct name="Perkins" votes="79" />
                <Precinct name="Senior Citizens Bld" votes="74" />
                <Precinct name="Four Points" votes="129" />
            </VoteType>
            <VoteType name="Absentee by Mail" votes="89">
                <Precinct name="Jenkins Co Prim/Elem" votes="27" />
                <Precinct name="Court House" votes="16" />
                <Precinct name="Perkins" votes="18" />
                <Precinct name="Senior Citizens Bld" votes="18" />
                <Precinct name="Four Points" votes="10" />
            </VoteType>
            <VoteType name="Advance in Person" votes="594">
                <Precinct name="Jenkins Co Prim/Elem" votes="111" />
                <Precinct name="Court House" votes="160" />
                <Precinct name="Perkins" votes="131" />
                <Precinct name="Senior Citizens Bld" votes="111" />
                <Precinct name="Four Points" votes="81" />
            </VoteType>
            <VoteType name="Provisional" votes="7">
                <Precinct name="Jenkins Co Prim/Elem" votes="1" />
                <Precinct name="Court House" votes="2" />
                <Precinct name="Perkins" votes="1" />
                <Precinct name="Senior Citizens Bld" votes="0" />
                <Precinct name="Four Points" votes="3" />
            </VoteType>
        </Choice>
        <Choice key="20" text="NO" totalVotes="1705">
            <VoteType name="Election Day" votes="725">
                <Precinct name="Jenkins Co Prim/Elem" votes="135" />
                <Precinct name="Court House" votes="85" />
                <Precinct name="Perkins" votes="137" />
                <Precinct name="Senior Citizens Bld" votes="157" />
                <Precinct name="Four Points" votes="211" />
            </VoteType>
            <VoteType name="Absentee by Mail" votes="77">
                <Precinct name="Jenkins Co Prim/Elem" votes="13" />
                <Precinct name="Court House" votes="22" />
                <Precinct name="Perkins" votes="18" />
                <Precinct name="Senior Citizens Bld" votes="17" />
                <Precinct name="Four Points" votes="7" />
            </VoteType>
            <VoteType name="Advance in Person" votes="894">
                <Precinct name="Jenkins Co Prim/Elem" votes="154" />
                <Precinct name="Court House" votes="199" />
                <Precinct name="Perkins" votes="192" />
                <Precinct name="Senior Citizens Bld" votes="218" />
                <Precinct name="Four Points" votes="131" />
            </VoteType>
            <VoteType name="Provisional" votes="9">
                <Precinct name="Jenkins Co Prim/Elem" votes="1" />
                <Precinct name="Court House" votes="2" />
                <Precinct name="Perkins" votes="4" />
                <Precinct name="Senior Citizens Bld" votes="0" />
                <Precinct name="Four Points" votes="2" />
            </VoteType>
        </Choice>
    </Contest>
    <Contest key="510" text="Constitutional Amendment #2&lt;br&gt;Authorizes penalties for sexual exploitation and assessments on adult entertainment to fund child victims' services." isQuestion="false" precinctsReporting="5" precinctsReported="5">
        <VoteType name="Number of Precincts for Race" votes="5">
            <Precinct name="Jenkins Co Prim/Elem" votes="1" />
            <Precinct name="Court House" votes="1" />
            <Precinct name="Perkins" votes="1" />
            <Precinct name="Senior Citizens Bld" votes="1" />
            <Precinct name="Four Points" votes="1" />
        </VoteType>
        <VoteType name="Number of Precincts Reporting" votes="5">
            <Precinct name="Jenkins Co Prim/Elem" votes="1" />
            <Precinct name="Court House" votes="1" />
            <Precinct name="Perkins" votes="1" />
            <Precinct name="Senior Citizens Bld" votes="1" />
            <Precinct name="Four Points" votes="1" />
        </VoteType>
        <Choice key="10" text="YES" totalVotes="2324">
            <VoteType name="Election Day" votes="965">
                <Precinct name="Jenkins Co Prim/Elem" votes="186" />
                <Precinct name="Court House" votes="145" />
                <Precinct name="Perkins" votes="175" />
                <Precinct name="Senior Citizens Bld" votes="189" />
                <Precinct name="Four Points" votes="270" />
            </VoteType>
            <VoteType name="Absentee by Mail" votes="145">
                <Precinct name="Jenkins Co Prim/Elem" votes="34" />
                <Precinct name="Court House" votes="34" />
                <Precinct name="Perkins" votes="31" />
                <Precinct name="Senior Citizens Bld" votes="31" />
                <Precinct name="Four Points" votes="15" />
            </VoteType>
            <VoteType name="Advance in Person" votes="1202">
                <Precinct name="Jenkins Co Prim/Elem" votes="217" />
                <Precinct name="Court House" votes="289" />
                <Precinct name="Perkins" votes="257" />
                <Precinct name="Senior Citizens Bld" votes="274" />
                <Precinct name="Four Points" votes="165" />
            </VoteType>
            <VoteType name="Provisional" votes="12">
                <Precinct name="Jenkins Co Prim/Elem" votes="2" />
                <Precinct name="Court House" votes="3" />
                <Precinct name="Perkins" votes="3" />
                <Precinct name="Senior Citizens Bld" votes="0" />
                <Precinct name="Four Points" votes="4" />
            </VoteType>
        </Choice>
        <Choice key="20" text="NO" totalVotes="473">
            <VoteType name="Election Day" votes="208">
                <Precinct name="Jenkins Co Prim/Elem" votes="42" />
                <Precinct name="Court House" votes="30" />
                <Precinct name="Perkins" votes="36" />
                <Precinct name="Senior Citizens Bld" votes="35" />
                <Precinct name="Four Points" votes="65" />
            </VoteType>
            <VoteType name="Absentee by Mail" votes="18">
                <Precinct name="Jenkins Co Prim/Elem" votes="5" />
                <Precinct name="Court House" votes="6" />
                <Precinct name="Perkins" votes="4" />
                <Precinct name="Senior Citizens Bld" votes="2" />
                <Precinct name="Four Points" votes="1" />
            </VoteType>
            <VoteType name="Advance in Person" votes="243">
                <Precinct name="Jenkins Co Prim/Elem" votes="35" />
                <Precinct name="Court House" votes="57" />
                <Precinct name="Perkins" votes="59" />
                <Precinct name="Senior Citizens Bld" votes="51" />
                <Precinct name="Four Points" votes="41" />
            </VoteType>
            <VoteType name="Provisional" votes="4">
                <Precinct name="Jenkins Co Prim/Elem" votes="0" />
                <Precinct name="Court House" votes="1" />
                <Precinct name="Perkins" votes="2" />
                <Precinct name="Senior Citizens Bld" votes="0" />
                <Precinct name="Four Points" votes="1" />
            </VoteType>
        </Choice>
    </Contest>
    <Contest key="520" text="Constitutional Amendment #3&lt;br&gt;Reforms and re-establishes the Judicial Qualifications Commission and provides for its composition, governance, and powers." isQuestion="false" precinctsReporting="5" precinctsReported="5">
        <VoteType name="Number of Precincts for Race" votes="5">
            <Precinct name="Jenkins Co Prim/Elem" votes="1" />
            <Precinct name="Court House" votes="1" />
            <Precinct name="Perkins" votes="1" />
            <Precinct name="Senior Citizens Bld" votes="1" />
            <Precinct name="Four Points" votes="1" />
        </VoteType>
        <VoteType name="Number of Precincts Reporting" votes="5">
            <Precinct name="Jenkins Co Prim/Elem" votes="1" />
            <Precinct name="Court House" votes="1" />
            <Precinct name="Perkins" votes="1" />
            <Precinct name="Senior Citizens Bld" votes="1" />
            <Precinct name="Four Points" votes="1" />
        </VoteType>
        <Choice key="10" text="YES" totalVotes="1616">
            <VoteType name="Election Day" votes="699">
                <Precinct name="Jenkins Co Prim/Elem" votes="160" />
                <Precinct name="Court House" votes="116" />
                <Precinct name="Perkins" votes="117" />
                <Precinct name="Senior Citizens Bld" votes="113" />
                <Precinct name="Four Points" votes="193" />
            </VoteType>
            <VoteType name="Absentee by Mail" votes="94">
                <Precinct name="Jenkins Co Prim/Elem" votes="28" />
                <Precinct name="Court House" votes="28" />
                <Precinct name="Perkins" votes="14" />
                <Precinct name="Senior Citizens Bld" votes="17" />
                <Precinct name="Four Points" votes="7" />
            </VoteType>
            <VoteType name="Advance in Person" votes="813">
                <Precinct name="Jenkins Co Prim/Elem" votes="152" />
                <Precinct name="Court House" votes="189" />
                <Precinct name="Perkins" votes="181" />
                <Precinct name="Senior Citizens Bld" votes="172" />
                <Precinct name="Four Points" votes="119" />
            </VoteType>
            <VoteType name="Provisional" votes="10">
                <Precinct name="Jenkins Co Prim/Elem" votes="2" />
                <Precinct name="Court House" votes="2" />
                <Precinct name="Perkins" votes="2" />
                <Precinct name="Senior Citizens Bld" votes="0" />
                <Precinct name="Four Points" votes="4" />
            </VoteType>
        </Choice>
        <Choice key="20" text="NO" totalVotes="985">
            <VoteType name="Election Day" votes="402">
                <Precinct name="Jenkins Co Prim/Elem" votes="53" />
                <Precinct name="Court House" votes="48" />
                <Precinct name="Perkins" votes="84" />
                <Precinct name="Senior Citizens Bld" votes="91" />
                <Precinct name="Four Points" votes="126" />
            </VoteType>
            <VoteType name="Absentee by Mail" votes="61">
                <Precinct name="Jenkins Co Prim/Elem" votes="11" />
                <Precinct name="Court House" votes="12" />
                <Precinct name="Perkins" votes="17" />
                <Precinct name="Senior Citizens Bld" votes="14" />
                <Precinct name="Four Points" votes="7" />
            </VoteType>
            <VoteType name="Advance in Person" votes="517">
                <Precinct name="Jenkins Co Prim/Elem" votes="77" />
                <Precinct name="Court House" votes="128" />
                <Precinct name="Perkins" votes="114" />
                <Precinct name="Senior Citizens Bld" votes="119" />
                <Precinct name="Four Points" votes="79" />
            </VoteType>
            <VoteType name="Provisional" votes="5">
                <Precinct name="Jenkins Co Prim/Elem" votes="0" />
                <Precinct name="Court House" votes="1" />
                <Precinct name="Perkins" votes="3" />
                <Precinct name="Senior Citizens Bld" votes="0" />
                <Precinct name="Four Points" votes="1" />
            </VoteType>
        </Choice>
    </Contest>
    <Contest key="530" text="Constitutional Amendment #4&lt;br&gt;Dedicates revenue from existing taxes on fireworks to trauma care, fire services, and public safety." isQuestion="false" precinctsReporting="5" precinctsReported="5">
        <VoteType name="Number of Precincts for Race" votes="5">
            <Precinct name="Jenkins Co Prim/Elem" votes="1" />
            <Precinct name="Court House" votes="1" />
            <Precinct name="Perkins" votes="1" />
            <Precinct name="Senior Citizens Bld" votes="1" />
            <Precinct name="Four Points" votes="1" />
        </VoteType>
        <VoteType name="Number of Precincts Reporting" votes="5">
            <Precinct name="Jenkins Co Prim/Elem" votes="1" />
            <Precinct name="Court House" votes="1" />
            <Precinct name="Perkins" votes="1" />
            <Precinct name="Senior Citizens Bld" votes="1" />
            <Precinct name="Four Points" votes="1" />
        </VoteType>
        <Choice key="10" text="YES" totalVotes="2094">
            <VoteType name="Election Day" votes="861">
                <Precinct name="Jenkins Co Prim/Elem" votes="175" />
                <Precinct name="Court House" votes="124" />
                <Precinct name="Perkins" votes="158" />
                <Precinct name="Senior Citizens Bld" votes="160" />
                <Precinct name="Four Points" votes="244" />
            </VoteType>
            <VoteType name="Absentee by Mail" votes="130">
                <Precinct name="Jenkins Co Prim/Elem" votes="35" />
                <Precinct name="Court House" votes="28" />
                <Precinct name="Perkins" votes="28" />
                <Precinct name="Senior Citizens Bld" votes="30" />
                <Precinct name="Four Points" votes="9" />
            </VoteType>
            <VoteType name="Advance in Person" votes="1089">
                <Precinct name="Jenkins Co Prim/Elem" votes="193" />
                <Precinct name="Court House" votes="256" />
                <Precinct name="Perkins" votes="237" />
                <Precinct name="Senior Citizens Bld" votes="244" />
                <Precinct name="Four Points" votes="159" />
            </VoteType>
            <VoteType name="Provisional" votes="14">
                <Precinct name="Jenkins Co Prim/Elem" votes="2" />
                <Precinct name="Court House" votes="4" />
                <Precinct name="Perkins" votes="4" />
                <Precinct name="Senior Citizens Bld" votes="0" />
                <Precinct name="Four Points" votes="4" />
            </VoteType>
        </Choice>
        <Choice key="20" text="NO" totalVotes="645">
            <VoteType name="Election Day" votes="281">
                <Precinct name="Jenkins Co Prim/Elem" votes="45" />
                <Precinct name="Court House" votes="44" />
                <Precinct name="Perkins" votes="47" />
                <Precinct name="Senior Citizens Bld" votes="58" />
                <Precinct name="Four Points" votes="87" />
            </VoteType>
            <VoteType name="Absentee by Mail" votes="32">
                <Precinct name="Jenkins Co Prim/Elem" votes="4" />
                <Precinct name="Court House" votes="11" />
                <Precinct name="Perkins" votes="7" />
                <Precinct name="Senior Citizens Bld" votes="3" />
                <Precinct name="Four Points" votes="7" />
            </VoteType>
            <VoteType name="Advance in Person" votes="330">
                <Precinct name="Jenkins Co Prim/Elem" votes="53" />
                <Precinct name="Court House" votes="82" />
                <Precinct name="Perkins" votes="75" />
                <Precinct name="Senior Citizens Bld" votes="71" />
                <Precinct name="Four Points" votes="49" />
            </VoteType>
            <VoteType name="Provisional" votes="2">
                <Precinct name="Jenkins Co Prim/Elem" votes="0" />
                <Precinct name="Court House" votes="0" />
                <Precinct name="Perkins" votes="1" />
                <Precinct name="Senior Citizens Bld" votes="0" />
                <Precinct name="Four Points" votes="1" />
            </VoteType>
        </Choice>
    </Contest>
</ElectionResult>