"line number","contest name","choice name","party name","total votes","percent of votes","registered voters","ballots cast","num Precinct total","num Precinct rptg","over votes","under votes"
1,"President of the United States","DONALD J. TRUMP","",21512,63.06,44972,34583,20,20,"0","0"
2,"President of the United States","HILLARY CLINTON","",11775,34.52,44972,34583,20,20,"0","0"
3,"President of the United States","GARY JOHNSON","",825,2.42,44972,34583,20,20,"0","0"
4,"United States Senator, Isakson","JOHNNY ISAKSON (I)","",20887,66.32,44972,34583,20,20,"0","0"
5,"United States Senator, Isakson","JIM BARKSDALE","",9439,29.97,44972,34583,20,20,"0","0"
6,"United States Senator, Isakson","ALLEN BUCKLEY","",1169,3.71,44972,34583,20,20,"0","0"
7,"Public Service Commission, District 2 - Eastern","TIM ECHOLS (I)","",23005,77.54,44972,34583,20,20,"0","0"
8,"Public Service Commission, District 2 - Eastern","ERIC HOSKINS","",6664,22.46,44972,34583,20,20,"0","0"
9,"U.S. Representative, District 1","EARL �BUDDY� CARTER (I)","",26959,100.00,44972,34583,20,20,"0","0"
10,"State Senator, District 3","WILLIAM LIGON JR (I)","",27073,100.00,44972,34583,20,20,"0","0"
11,"State Representative, District 167","JEFF JONES (I) (REP)","",9488,100.00,14635,11523,6,6,"0","0"
12,"State Representative, District 179","DON HOGAN (REP)","",17055,100.00,30337,23060,14,14,"0","0"
13,"District Attorney, Brunswick Circuit","JACKIE JOHNSON (I)","",26567,100.00,44972,34583,20,20,"0","0"
14,"JUDGE, PROBATE COURT","D. G. HOWES (I) R","",27062,100.00,44972,34583,20,20,"0","0"
15,"CLERK, SUPERIOR COURT","R. M. ADAMS (R)","",26786,100.00,44972,34583,20,20,"0","0"
16,"SHERIFF","E. N. JUMP (I) R","",27544,100.00,44972,34583,20,20,"0","0"
17,"TAX COMMISSIONER","J. CHAPMAN (R)","",26802,100.00,44972,34583,20,20,"0","0"
18,"SURVEYOR","R. N. SHUPE (I) R","",26487,100.00,44972,34583,20,20,"0","0"
19,"CORONER","M. NEU (R)","",21767,67.34,44972,34583,20,20,"0","0"
20,"CORONER","L. SHAW (D)","",10558,32.66,44972,34583,20,20,"0","0"
21,"CHIEF MAGISTRATE","A. ATWOOD (R)","",26424,100.00,44972,34583,20,20,"0","0"
22,"CC, AT LARGE P2","R. COLEMAN (I) R","",21653,67.25,44972,34583,20,20,"0","0"
23,"CC, AT LARGE P2","J. SMITH (D)","",10545,32.75,44972,34583,20,20,"0","0"
24,"CC, D1","M. F. BROWNING (I) R","",6224,100.00,9300,7446,4,4,"0","0"
25,"CC, D2","J. P. MURPHY (R)","",8001,100.00,12797,10873,5,5,"0","0"
26,"CC, D5","A. BOOKER (I) D","",3040,100.00,6243,3939,4,4,"0","0"
27,"BOE, AT LARGE P2","J. A. MANCIL (I) R","",25992,100.00,44972,34583,20,20,"0","0"
28,"BOE, D1","M. EDGY (R)","",6184,100.00,9300,7446,4,4,"0","0"
29,"BOE, D3","J. MADALA (I) R","",5244,100.00,8636,6588,4,4,"0","0"
30,"BOE, D5","S. DEAN (R)","",920,25.41,6243,3939,4,4,"0","0"
31,"BOE, D5","L. D. BOBBITT (D)","",2700,74.59,6243,3939,4,4,"0","0"
32,"WATER AND SEWER P1","S. COPELAND","",8738,33.84,44972,34583,20,20,"0","0"
33,"WATER AND SEWER P1","R. G. DUNCAN","",4469,17.31,44972,34583,20,20,"0","0"
34,"WATER AND SEWER P1","Z. L. LYDE","",3432,13.29,44972,34583,20,20,"0","0"
35,"WATER AND SEWER P1","O. PUTNAM","",2638,10.22,44972,34583,20,20,"0","0"
36,"WATER AND SEWER P1","V. SCRIVEN","",5274,20.43,44972,34583,20,20,"0","0"
37,"WATER AND SEWER P1","T. TUBBS","",1270,4.92,44972,34583,20,20,"0","0"
38,"WATER AND SEWER P2","CLIFFORD ADAMS (I)","",24595,100.00,44972,34583,20,20,"0","0"
39,"SOIL AND WATER","R. E. SADOWSKI","",24597,100.00,44972,34583,20,20,"0","0"
40,"Constitutional Amendment #1<br>Provides greater flexibility and state accountability to fix failing schools through increasing community involvement.","YES","",14959,45.46,44972,34583,20,20,"0","0"
41,"Constitutional Amendment #1<br>Provides greater flexibility and state accountability to fix failing schools through increasing community involvement.","NO","",17946,54.54,44972,34583,20,20,"0","0"
42,"Constitutional Amendment #2<br>Authorizes penalties for sexual exploitation and assessments on adult entertainment to fund child victims' services.","YES","",27365,84.08,44972,34583,20,20,"0","0"
43,"Constitutional Amendment #2<br>Authorizes penalties for sexual exploitation and assessments on adult entertainment to fund child victims' services.","NO","",5183,15.92,44972,34583,20,20,"0","0"
44,"Constitutional Amendment #3<br>Reforms and re-establishes the Judicial Qualifications Commission and provides for its composition, governance, and powers.","YES","",18826,62.01,44972,34583,20,20,"0","0"
45,"Constitutional Amendment #3<br>Reforms and re-establishes the Judicial Qualifications Commission and provides for its composition, governance, and powers.","NO","",11535,37.99,44972,34583,20,20,"0","0"
46,"Constitutional Amendment #4<br>Dedicates revenue from existing taxes on fireworks to trauma care, fire services, and public safety.","YES","",25582,79.59,44972,34583,20,20,"0","0"
47,"Constitutional Amendment #4<br>Dedicates revenue from existing taxes on fireworks to trauma care, fire services, and public safety.","NO","",6562,20.41,44972,34583,20,20,"0","0"
48,"SPECIAL - Sales and Use Tax","YES","",18571,56.11,44972,34583,20,20,"0","0"
49,"SPECIAL - Sales and Use Tax","NO","",14525,43.89,44972,34583,20,20,"0","0"
