"line number","contest name","choice name","party name","total votes","percent of votes","registered voters","ballots cast","num Precinct total","num Precinct rptg","over votes","under votes"
1,"President of the United States","DONALD J. TRUMP","",5292,66.40,10200,8073,11,11,"0","0"
2,"President of the United States","HILLARY CLINTON","",2539,31.86,10200,8073,11,11,"0","0"
3,"President of the United States","GARY JOHNSON","",139,1.74,10200,8073,11,11,"0","0"
4,"United States Senator, Isakson","JOHNNY ISAKSON (I)","",4960,67.53,10200,8073,11,11,"0","0"
5,"United States Senator, Isakson","JIM BARKSDALE","",2154,29.33,10200,8073,11,11,"0","0"
6,"United States Senator, Isakson","ALLEN BUCKLEY","",231,3.14,10200,8073,11,11,"0","0"
7,"Public Service Commission, District 2 - Eastern","TIM ECHOLS (I)","",5565,80.05,10200,8073,11,11,"0","0"
8,"Public Service Commission, District 2 - Eastern","ERIC HOSKINS","",1387,19.95,10200,8073,11,11,"0","0"
9,"U.S. Representative, District 9","DOUG COLLINS (I)","",6500,100.00,10200,8073,11,11,"0","0"
10,"State Senator, District 24","LEE ANDERSON","",4987,65.33,10200,8073,11,11,"0","0"
11,"State Senator, District 24","BRENDA J. JORDAN","",2646,34.67,10200,8073,11,11,"0","0"
12,"State Representative, District 33","TOM MCCALL (I)","",6786,100.00,10200,8073,11,11,"0","0"
13,"District Attorney, Northern Circuit","PARKS WHITE (I) (REP)","",6219,100.00,10200,8073,11,11,"0","0"
14,"Superior Court Clerk","L. W. STARRETT(I)(R)","",6602,100.00,10200,8073,11,11,"0","0"
15,"Sheriff","J. CALLAWAY (R)","",3854,48.68,10200,8073,11,11,"0","0"
16,"Sheriff","M. T. ANDREWS (I)(D)","",4063,51.32,10200,8073,11,11,"0","0"
17,"Tax Commissioner","L. HIGGINBOTHAM(I)(R","",7036,100.00,10200,8073,11,11,"0","0"
18,"Coroner","C. N. ALMOND JR(I)(R","",6688,100.00,10200,8073,11,11,"0","0"
19,"Solicitor","J. W. WEBB (I)(R)","",6494,100.00,10200,8073,11,11,"0","0"
20,"County Comm 1","H. K. HARPER (I)(R)","",1178,100.00,1929,1474,1,1,"0","0"
21,"County Comm 3","C. A. ALEXANDER(I)(R","",1491,100.00,2167,1758,4,4,"0","0"
22,"BOE 1","K. HARPER (I)(R)","",1185,100.00,1929,1474,1,1,"0","0"
23,"BOE 4","F. JACKSON (Ind)","",582,37.84,2176,1772,3,3,"0","0"
24,"BOE 4","M. TURNER (Ind)","",956,62.16,2176,1772,3,3,"0","0"
25,"Soil and Water","D. CORDELL","",6441,100.00,10200,8073,11,11,"0","0"
26,"Constitutional Amendment #1<br>Provides greater flexibility and state accountability to fix failing schools through increasing community involvement.","YES","",2896,37.50,10200,8073,11,11,"0","0"
27,"Constitutional Amendment #1<br>Provides greater flexibility and state accountability to fix failing schools through increasing community involvement.","NO","",4826,62.50,10200,8073,11,11,"0","0"
28,"Constitutional Amendment #2<br>Authorizes penalties for sexual exploitation and assessments on adult entertainment to fund child victims' services.","YES","",6207,81.89,10200,8073,11,11,"0","0"
29,"Constitutional Amendment #2<br>Authorizes penalties for sexual exploitation and assessments on adult entertainment to fund child victims' services.","NO","",1373,18.11,10200,8073,11,11,"0","0"
30,"Constitutional Amendment #3<br>Reforms and re-establishes the Judicial Qualifications Commission and provides for its composition, governance, and powers.","YES","",4210,58.82,10200,8073,11,11,"0","0"
31,"Constitutional Amendment #3<br>Reforms and re-establishes the Judicial Qualifications Commission and provides for its composition, governance, and powers.","NO","",2947,41.18,10200,8073,11,11,"0","0"
32,"Constitutional Amendment #4<br>Dedicates revenue from existing taxes on fireworks to trauma care, fire services, and public safety.","YES","",5853,78.33,10200,8073,11,11,"0","0"
33,"Constitutional Amendment #4<br>Dedicates revenue from existing taxes on fireworks to trauma care, fire services, and public safety.","NO","",1619,21.67,10200,8073,11,11,"0","0"
