"line number","contest name","choice name","party name","total votes","percent of votes","registered voters","ballots cast","num Precinct total","num Precinct rptg","over votes","under votes"
1,"President of the United States","DONALD J. TRUMP","",4491,48.03,12481,9458,16,16,"0","0"
2,"President of the United States","HILLARY CLINTON","",4731,50.59,12481,9458,16,16,"0","0"
3,"President of the United States","GARY JOHNSON","",129,1.38,12481,9458,16,16,"0","0"
4,"United States Senator, Isakson","JOHNNY ISAKSON (I)","",4448,51.03,12481,9458,16,16,"0","0"
5,"United States Senator, Isakson","JIM BARKSDALE","",4068,46.67,12481,9458,16,16,"0","0"
6,"United States Senator, Isakson","ALLEN BUCKLEY","",200,2.29,12481,9458,16,16,"0","0"
7,"Public Service Commission, District 2 - Eastern","TIM ECHOLS (I)","",5202,69.66,12479,9457,16,16,"0","0"
8,"Public Service Commission, District 2 - Eastern","ERIC HOSKINS","",2266,30.34,12479,9457,16,16,"0","0"
9,"U.S. Representative, District 12","RICK ALLEN (I)","",4688,51.93,12481,9458,16,16,"0","0"
10,"U.S. Representative, District 12","PATRICIA C. MCCRACKEN","",4339,48.07,12481,9458,16,16,"0","0"
11,"State Senator, District 23","JESSE STONE (I) (REP)","",6888,100.00,12479,9457,16,16,"0","0"
12,"State Representative, District 126","GLORIA FRAZIER (I) (DEM)","",6989,100.00,12479,9457,16,16,"0","0"
13,"District Attorney, Augusta Circuit","ASHLEY WRIGHT (I) (REP)","",6744,100.00,12479,9457,16,16,"0","0"
14,"Probate Judge","P. B. LEWIS III(I)(D","",7600,100.00,12479,9457,16,16,"0","0"
15,"Superior Court Clerk","R. SMITH (D)","",7203,100.00,12479,9457,16,16,"0","0"
16,"Sheriff","F. YELTON (R)","",2471,26.68,12479,9457,16,16,"0","0"
17,"Sheriff","A. WILLIAMS (D)","",6792,73.32,12479,9457,16,16,"0","0"
18,"Tax Commissioner","M. JACKSON (I)(D)","",7507,100.00,12479,9457,16,16,"0","0"
19,"Coroner","S. SALEMI (I)(D)","",7484,100.00,12479,9457,16,16,"0","0"
20,"Chief Magistrate","R. O'BRIEN (R)","",3819,42.18,12479,9457,16,16,"0","0"
21,"Chief Magistrate","S. WIMBERLY (I)(D)","",5236,57.82,12479,9457,16,16,"0","0"
22,"County Comm 1","L. ABRAMS JR. (I)(D)","",1550,100.00,2596,1965,8,8,"0","0"
23,"County Comm 3","E. MARTIN (R)","",1141,63.14,2513,1865,2,2,"0","0"
24,"County Comm 3","G. WIMBERLY (D)","",666,36.86,2513,1865,2,2,"0","0"
25,"County Comm 5","G. DELOACH (I)(R)","",1494,100.00,2523,2014,1,1,"0","0"
26,"Constitutional Amendment #1<br>Provides greater flexibility and state accountability to fix failing schools through increasing community involvement.","YES","",3404,37.34,12479,9457,16,16,"0","0"
27,"Constitutional Amendment #1<br>Provides greater flexibility and state accountability to fix failing schools through increasing community involvement.","NO","",5713,62.66,12479,9457,16,16,"0","0"
28,"Constitutional Amendment #2<br>Authorizes penalties for sexual exploitation and assessments on adult entertainment to fund child victims' services.","YES","",7344,82.74,12479,9457,16,16,"0","0"
29,"Constitutional Amendment #2<br>Authorizes penalties for sexual exploitation and assessments on adult entertainment to fund child victims' services.","NO","",1532,17.26,12479,9457,16,16,"0","0"
30,"Constitutional Amendment #3<br>Reforms and re-establishes the Judicial Qualifications Commission and provides for its composition, governance, and powers.","YES","",4999,59.49,12479,9457,16,16,"0","0"
31,"Constitutional Amendment #3<br>Reforms and re-establishes the Judicial Qualifications Commission and provides for its composition, governance, and powers.","NO","",3404,40.51,12479,9457,16,16,"0","0"
32,"Constitutional Amendment #4<br>Dedicates revenue from existing taxes on fireworks to trauma care, fire services, and public safety.","YES","",6889,78.24,12479,9457,16,16,"0","0"
33,"Constitutional Amendment #4<br>Dedicates revenue from existing taxes on fireworks to trauma care, fire services, and public safety.","NO","",1916,21.76,12479,9457,16,16,"0","0"
34,"Special SPLOST","YES","",5699,63.43,12479,9457,16,16,"0","0"
35,"Special SPLOST","NO","",3286,36.57,12479,9457,16,16,"0","0"
