"line number","contest name","choice name","party name","total votes","percent of votes","registered voters","ballots cast","num Precinct total","num Precinct rptg","over votes","under votes"
1,"President of the United States","DONALD J. TRUMP","",9619,77.99,15618,12560,1,1,"0","0"
2,"President of the United States","HILLARY CLINTON","",2220,18.00,15618,12560,1,1,"0","0"
3,"President of the United States","GARY JOHNSON","",495,4.01,15618,12560,1,1,"0","0"
4,"United States Senator, Isakson","JOHNNY ISAKSON (I)","",9197,77.13,15618,12560,1,1,"0","0"
5,"United States Senator, Isakson","JIM BARKSDALE","",1955,16.40,15618,12560,1,1,"0","0"
6,"United States Senator, Isakson","ALLEN BUCKLEY","",772,6.47,15618,12560,1,1,"0","0"
7,"Public Service Commission, District 2 - Eastern","TIM ECHOLS (I)","",9421,81.52,15618,12559,1,1,"0","0"
8,"Public Service Commission, District 2 - Eastern","ERIC HOSKINS","",2136,18.48,15618,12559,1,1,"0","0"
9,"U.S. Representative, District 9","DOUG COLLINS (I)","",10696,100.00,15618,12560,1,1,"0","0"
10,"State Senator, District 51","STEVE GOOCH (I)","",10532,100.00,15618,12559,1,1,"0","0"
11,"State Representative, District 9","KEVIN TANNER (I)","",10685,100.00,15618,12559,1,1,"0","0"
12,"Superior Court Clerk","R. HARKINS (I)(R)","",10913,100.00,15618,12559,1,1,"0","0"
13,"Sheriff","S. JARRARD (I)(R)","",11364,100.00,15618,12559,1,1,"0","0"
14,"Tax Commissioner","R. E. PRUITT (I)(R)","",11045,100.00,15618,12559,1,1,"0","0"
15,"Surveyor","J. GASTON (I)(R)","",10734,100.00,15618,12559,1,1,"0","0"
16,"Coroner","J. SHEPPARD (R)","",10777,100.00,15618,12559,1,1,"0","0"
17,"County Comm Chair","C. DOCKERY (I)(R)","",10665,100.00,15618,12559,1,1,"0","0"
18,"County Comm 1","D. MILLER (R)","",10620,100.00,15618,12559,1,1,"0","0"
19,"County Comm 2","B. MAYFIELD (R)","",10722,100.00,15618,12559,1,1,"0","0"
20,"Constitutional Amendment #1<br>Provides greater flexibility and state accountability to fix failing schools through increasing community involvement.","YES","",4306,35.05,15618,12559,1,1,"0","0"
21,"Constitutional Amendment #1<br>Provides greater flexibility and state accountability to fix failing schools through increasing community involvement.","NO","",7978,64.95,15618,12559,1,1,"0","0"
22,"Constitutional Amendment #2<br>Authorizes penalties for sexual exploitation and assessments on adult entertainment to fund child victims' services.","YES","",9853,81.24,15618,12559,1,1,"0","0"
23,"Constitutional Amendment #2<br>Authorizes penalties for sexual exploitation and assessments on adult entertainment to fund child victims' services.","NO","",2276,18.76,15618,12559,1,1,"0","0"
24,"Constitutional Amendment #3<br>Reforms and re-establishes the Judicial Qualifications Commission and provides for its composition, governance, and powers.","YES","",6897,60.44,15618,12559,1,1,"0","0"
25,"Constitutional Amendment #3<br>Reforms and re-establishes the Judicial Qualifications Commission and provides for its composition, governance, and powers.","NO","",4515,39.56,15618,12559,1,1,"0","0"
26,"Constitutional Amendment #4<br>Dedicates revenue from existing taxes on fireworks to trauma care, fire services, and public safety.","YES","",9531,79.25,15618,12559,1,1,"0","0"
27,"Constitutional Amendment #4<br>Dedicates revenue from existing taxes on fireworks to trauma care, fire services, and public safety.","NO","",2496,20.75,15618,12559,1,1,"0","0"
