<?xml version="1.0"?>
<!--Election result snapshot imported from Tabulation System
-->
<ElectionResult>
    <Timestamp>11/9/2016 2:52:56 PM EST</Timestamp>
    <ElectionName>November 8, 2016 - General Election</ElectionName>
    <ElectionDate>11/8/2016</ElectionDate>
    <Region>Randolph</Region>
    <VoterTurnout totalVoters="3914" ballotsCast="2922" voterTurnout="74.66">
        <Precincts>
            <Precinct name="Coleman" totalVoters="217" ballotsCast="158" voterTurnout="72.81" percentReporting="4" />
            <Precinct name="Shellman" totalVoters="658" ballotsCast="494" voterTurnout="75.08" percentReporting="4" />
            <Precinct name="Benevolence" totalVoters="344" ballotsCast="258" voterTurnout="75.00" percentReporting="4" />
            <Precinct name="Cuthbert/Courthouse" totalVoters="1656" ballotsCast="1181" voterTurnout="71.32" percentReporting="4" />
            <Precinct name="Cuthbert" totalVoters="318" ballotsCast="247" voterTurnout="77.67" percentReporting="4" />
            <Precinct name="Carnegie" totalVoters="322" ballotsCast="247" voterTurnout="76.71" percentReporting="4" />
            <Precinct name="Fountain Bridge-4th" totalVoters="72" ballotsCast="83" voterTurnout="115.28" percentReporting="4" />
            <Precinct name="Springvale" totalVoters="226" ballotsCast="168" voterTurnout="74.34" percentReporting="4" />
            <Precinct name="4th District" totalVoters="101" ballotsCast="86" voterTurnout="85.15" percentReporting="4" />
        </Precincts>
    </VoterTurnout>
    <Contest key="1" text="President of the United States" isQuestion="false" precinctsReporting="9" precinctsReported="9">
        <VoteType name="Number of Precincts for Race" votes="9">
            <Precinct name="Coleman" votes="1" />
            <Precinct name="Shellman" votes="1" />
            <Precinct name="Benevolence" votes="1" />
            <Precinct name="Cuthbert/Courthouse" votes="1" />
            <Precinct name="Cuthbert" votes="1" />
            <Precinct name="Carnegie" votes="1" />
            <Precinct name="Fountain Bridge-4th" votes="1" />
            <Precinct name="Springvale" votes="1" />
            <Precinct name="4th District" votes="1" />
        </VoteType>
        <VoteType name="Number of Precincts Reporting" votes="9">
            <Precinct name="Coleman" votes="1" />
            <Precinct name="Shellman" votes="1" />
            <Precinct name="Benevolence" votes="1" />
            <Precinct name="Cuthbert/Courthouse" votes="1" />
            <Precinct name="Cuthbert" votes="1" />
            <Precinct name="Carnegie" votes="1" />
            <Precinct name="Fountain Bridge-4th" votes="1" />
            <Precinct name="Springvale" votes="1" />
            <Precinct name="4th District" votes="1" />
        </VoteType>
        <Choice key="10" text="DONALD J. TRUMP" totalVotes="1271">
            <VoteType name="Election Day" votes="655">
                <Precinct name="Coleman" votes="52" />
                <Precinct name="Shellman" votes="125" />
                <Precinct name="Benevolence" votes="86" />
                <Precinct name="Cuthbert/Courthouse" votes="108" />
                <Precinct name="Cuthbert" votes="3" />
                <Precinct name="Carnegie" votes="156" />
                <Precinct name="Fountain Bridge-4th" votes="35" />
                <Precinct name="Springvale" votes="29" />
                <Precinct name="4th District" votes="61" />
            </VoteType>
            <VoteType name="Absentee by Mail" votes="34">
                <Precinct name="Coleman" votes="3" />
                <Precinct name="Shellman" votes="5" />
                <Precinct name="Benevolence" votes="6" />
                <Precinct name="Cuthbert/Courthouse" votes="14" />
                <Precinct name="Cuthbert" votes="1" />
                <Precinct name="Carnegie" votes="3" />
                <Precinct name="Fountain Bridge-4th" votes="1" />
                <Precinct name="Springvale" votes="0" />
                <Precinct name="4th District" votes="1" />
            </VoteType>
            <VoteType name="Advance in Person" votes="581">
                <Precinct name="Coleman" votes="34" />
                <Precinct name="Shellman" votes="45" />
                <Precinct name="Benevolence" votes="79" />
                <Precinct name="Cuthbert/Courthouse" votes="304" />
                <Precinct name="Cuthbert" votes="1" />
                <Precinct name="Carnegie" votes="46" />
                <Precinct name="Fountain Bridge-4th" votes="34" />
                <Precinct name="Springvale" votes="26" />
                <Precinct name="4th District" votes="12" />
            </VoteType>
            <VoteType name="Provisional" votes="1">
                <Precinct name="Coleman" votes="0" />
                <Precinct name="Shellman" votes="0" />
                <Precinct name="Benevolence" votes="0" />
                <Precinct name="Cuthbert/Courthouse" votes="0" />
                <Precinct name="Cuthbert" votes="0" />
                <Precinct name="Carnegie" votes="1" />
                <Precinct name="Fountain Bridge-4th" votes="0" />
                <Precinct name="Springvale" votes="0" />
                <Precinct name="4th District" votes="0" />
            </VoteType>
        </Choice>
        <Choice key="20" text="HILLARY CLINTON" totalVotes="1598">
            <VoteType name="Election Day" votes="760">
                <Precinct name="Coleman" votes="46" />
                <Precinct name="Shellman" votes="207" />
                <Precinct name="Benevolence" votes="59" />
                <Precinct name="Cuthbert/Courthouse" votes="277" />
                <Precinct name="Cuthbert" votes="101" />
                <Precinct name="Carnegie" votes="16" />
                <Precinct name="Fountain Bridge-4th" votes="5" />
                <Precinct name="Springvale" votes="43" />
                <Precinct name="4th District" votes="6" />
            </VoteType>
            <VoteType name="Absentee by Mail" votes="152">
                <Precinct name="Coleman" votes="0" />
                <Precinct name="Shellman" votes="61" />
                <Precinct name="Benevolence" votes="2" />
                <Precinct name="Cuthbert/Courthouse" votes="25" />
                <Precinct name="Cuthbert" votes="55" />
                <Precinct name="Carnegie" votes="1" />
                <Precinct name="Fountain Bridge-4th" votes="1" />
                <Precinct name="Springvale" votes="6" />
                <Precinct name="4th District" votes="1" />
            </VoteType>
            <VoteType name="Advance in Person" votes="685">
                <Precinct name="Coleman" votes="15" />
                <Precinct name="Shellman" votes="46" />
                <Precinct name="Benevolence" votes="23" />
                <Precinct name="Cuthbert/Courthouse" votes="432" />
                <Precinct name="Cuthbert" votes="82" />
                <Precinct name="Carnegie" votes="13" />
                <Precinct name="Fountain Bridge-4th" votes="6" />
                <Precinct name="Springvale" votes="63" />
                <Precinct name="4th District" votes="5" />
            </VoteType>
            <VoteType name="Provisional" votes="1">
                <Precinct name="Coleman" votes="1" />
                <Precinct name="Shellman" votes="0" />
                <Precinct name="Benevolence" votes="0" />
                <Precinct name="Cuthbert/Courthouse" votes="0" />
                <Precinct name="Cuthbert" votes="0" />
                <Precinct name="Carnegie" votes="0" />
                <Precinct name="Fountain Bridge-4th" votes="0" />
                <Precinct name="Springvale" votes="0" />
                <Precinct name="4th District" votes="0" />
            </VoteType>
        </Choice>
        <Choice key="30" text="GARY JOHNSON" totalVotes="28">
            <VoteType name="Election Day" votes="17">
                <Precinct name="Coleman" votes="1" />
                <Precinct name="Shellman" votes="2" />
                <Precinct name="Benevolence" votes="1" />
                <Precinct name="Cuthbert/Courthouse" votes="6" />
                <Precinct name="Cuthbert" votes="1" />
                <Precinct name="Carnegie" votes="6" />
                <Precinct name="Fountain Bridge-4th" votes="0" />
                <Precinct name="Springvale" votes="0" />
                <Precinct name="4th District" votes="0" />
            </VoteType>
            <VoteType name="Absentee by Mail" votes="3">
                <Precinct name="Coleman" votes="1" />
                <Precinct name="Shellman" votes="0" />
                <Precinct name="Benevolence" votes="0" />
                <Precinct name="Cuthbert/Courthouse" votes="2" />
                <Precinct name="Cuthbert" votes="0" />
                <Precinct name="Carnegie" votes="0" />
                <Precinct name="Fountain Bridge-4th" votes="0" />
                <Precinct name="Springvale" votes="0" />
                <Precinct name="4th District" votes="0" />
            </VoteType>
            <VoteType name="Advance in Person" votes="8">
                <Precinct name="Coleman" votes="1" />
                <Precinct name="Shellman" votes="0" />
                <Precinct name="Benevolence" votes="1" />
                <Precinct name="Cuthbert/Courthouse" votes="4" />
                <Precinct name="Cuthbert" votes="1" />
                <Precinct name="Carnegie" votes="1" />
                <Precinct name="Fountain Bridge-4th" votes="0" />
                <Precinct name="Springvale" votes="0" />
                <Precinct name="4th District" votes="0" />
            </VoteType>
            <VoteType name="Provisional" votes="0">
                <Precinct name="Coleman" votes="0" />
                <Precinct name="Shellman" votes="0" />
                <Precinct name="Benevolence" votes="0" />
                <Precinct name="Cuthbert/Courthouse" votes="0" />
                <Precinct name="Cuthbert" votes="0" />
                <Precinct name="Carnegie" votes="0" />
                <Precinct name="Fountain Bridge-4th" votes="0" />
                <Precinct name="Springvale" votes="0" />
                <Precinct name="4th District" votes="0" />
            </VoteType>
        </Choice>
    </Contest>
    <Contest key="10" text="United States Senator, Isakson" isQuestion="false" precinctsReporting="9" precinctsReported="9">
        <VoteType name="Number of Precincts for Race" votes="9">
            <Precinct name="Coleman" votes="1" />
            <Precinct name="Shellman" votes="1" />
            <Precinct name="Benevolence" votes="1" />
            <Precinct name="Cuthbert/Courthouse" votes="1" />
            <Precinct name="Cuthbert" votes="1" />
            <Precinct name="Carnegie" votes="1" />
            <Precinct name="Fountain Bridge-4th" votes="1" />
            <Precinct name="Springvale" votes="1" />
            <Precinct name="4th District" votes="1" />
        </VoteType>
        <VoteType name="Number of Precincts Reporting" votes="9">
            <Precinct name="Coleman" votes="1" />
            <Precinct name="Shellman" votes="1" />
            <Precinct name="Benevolence" votes="1" />
            <Precinct name="Cuthbert/Courthouse" votes="1" />
            <Precinct name="Cuthbert" votes="1" />
            <Precinct name="Carnegie" votes="1" />
            <Precinct name="Fountain Bridge-4th" votes="1" />
            <Precinct name="Springvale" votes="1" />
            <Precinct name="4th District" votes="1" />
        </VoteType>
        <Choice key="30" text="JOHNNY ISAKSON (I)" totalVotes="1293">
            <VoteType name="Election Day" votes="671">
                <Precinct name="Coleman" votes="54" />
                <Precinct name="Shellman" votes="142" />
                <Precinct name="Benevolence" votes="83" />
                <Precinct name="Cuthbert/Courthouse" votes="115" />
                <Precinct name="Cuthbert" votes="14" />
                <Precinct name="Carnegie" votes="147" />
                <Precinct name="Fountain Bridge-4th" votes="30" />
                <Precinct name="Springvale" votes="28" />
                <Precinct name="4th District" votes="58" />
            </VoteType>
            <VoteType name="Absentee by Mail" votes="40">
                <Precinct name="Coleman" votes="3" />
                <Precinct name="Shellman" votes="6" />
                <Precinct name="Benevolence" votes="5" />
                <Precinct name="Cuthbert/Courthouse" votes="16" />
                <Precinct name="Cuthbert" votes="3" />
                <Precinct name="Carnegie" votes="3" />
                <Precinct name="Fountain Bridge-4th" votes="1" />
                <Precinct name="Springvale" votes="2" />
                <Precinct name="4th District" votes="1" />
            </VoteType>
            <VoteType name="Advance in Person" votes="581">
                <Precinct name="Coleman" votes="34" />
                <Precinct name="Shellman" votes="40" />
                <Precinct name="Benevolence" votes="78" />
                <Precinct name="Cuthbert/Courthouse" votes="308" />
                <Precinct name="Cuthbert" votes="7" />
                <Precinct name="Carnegie" votes="45" />
                <Precinct name="Fountain Bridge-4th" votes="30" />
                <Precinct name="Springvale" votes="28" />
                <Precinct name="4th District" votes="11" />
            </VoteType>
            <VoteType name="Provisional" votes="1">
                <Precinct name="Coleman" votes="0" />
                <Precinct name="Shellman" votes="0" />
                <Precinct name="Benevolence" votes="0" />
                <Precinct name="Cuthbert/Courthouse" votes="0" />
                <Precinct name="Cuthbert" votes="0" />
                <Precinct name="Carnegie" votes="1" />
                <Precinct name="Fountain Bridge-4th" votes="0" />
                <Precinct name="Springvale" votes="0" />
                <Precinct name="4th District" votes="0" />
            </VoteType>
        </Choice>
        <Choice key="40" text="JIM BARKSDALE" totalVotes="1275">
            <VoteType name="Election Day" votes="605">
                <Precinct name="Coleman" votes="37" />
                <Precinct name="Shellman" votes="157" />
                <Precinct name="Benevolence" votes="46" />
                <Precinct name="Cuthbert/Courthouse" votes="225" />
                <Precinct name="Cuthbert" votes="79" />
                <Precinct name="Carnegie" votes="13" />
                <Precinct name="Fountain Bridge-4th" votes="3" />
                <Precinct name="Springvale" votes="40" />
                <Precinct name="4th District" votes="5" />
            </VoteType>
            <VoteType name="Absentee by Mail" votes="142">
                <Precinct name="Coleman" votes="1" />
                <Precinct name="Shellman" votes="56" />
                <Precinct name="Benevolence" votes="3" />
                <Precinct name="Cuthbert/Courthouse" votes="25" />
                <Precinct name="Cuthbert" votes="51" />
                <Precinct name="Carnegie" votes="1" />
                <Precinct name="Fountain Bridge-4th" votes="1" />
                <Precinct name="Springvale" votes="3" />
                <Precinct name="4th District" votes="1" />
            </VoteType>
            <VoteType name="Advance in Person" votes="527">
                <Precinct name="Coleman" votes="14" />
                <Precinct name="Shellman" votes="41" />
                <Precinct name="Benevolence" votes="17" />
                <Precinct name="Cuthbert/Courthouse" votes="321" />
                <Precinct name="Cuthbert" votes="65" />
                <Precinct name="Carnegie" votes="11" />
                <Precinct name="Fountain Bridge-4th" votes="6" />
                <Precinct name="Springvale" votes="48" />
                <Precinct name="4th District" votes="4" />
            </VoteType>
            <VoteType name="Provisional" votes="1">
                <Precinct name="Coleman" votes="1" />
                <Precinct name="Shellman" votes="0" />
                <Precinct name="Benevolence" votes="0" />
                <Precinct name="Cuthbert/Courthouse" votes="0" />
                <Precinct name="Cuthbert" votes="0" />
                <Precinct name="Carnegie" votes="0" />
                <Precinct name="Fountain Bridge-4th" votes="0" />
                <Precinct name="Springvale" votes="0" />
                <Precinct name="4th District" votes="0" />
            </VoteType>
        </Choice>
        <Choice key="50" text="ALLEN BUCKLEY" totalVotes="41">
            <VoteType name="Election Day" votes="20">
                <Precinct name="Coleman" votes="1" />
                <Precinct name="Shellman" votes="6" />
                <Precinct name="Benevolence" votes="0" />
                <Precinct name="Cuthbert/Courthouse" votes="7" />
                <Precinct name="Cuthbert" votes="0" />
                <Precinct name="Carnegie" votes="6" />
                <Precinct name="Fountain Bridge-4th" votes="0" />
                <Precinct name="Springvale" votes="0" />
                <Precinct name="4th District" votes="0" />
            </VoteType>
            <VoteType name="Absentee by Mail" votes="2">
                <Precinct name="Coleman" votes="1" />
                <Precinct name="Shellman" votes="0" />
                <Precinct name="Benevolence" votes="0" />
                <Precinct name="Cuthbert/Courthouse" votes="0" />
                <Precinct name="Cuthbert" votes="1" />
                <Precinct name="Carnegie" votes="0" />
                <Precinct name="Fountain Bridge-4th" votes="0" />
                <Precinct name="Springvale" votes="0" />
                <Precinct name="4th District" votes="0" />
            </VoteType>
            <VoteType name="Advance in Person" votes="19">
                <Precinct name="Coleman" votes="0" />
                <Precinct name="Shellman" votes="1" />
                <Precinct name="Benevolence" votes="2" />
                <Precinct name="Cuthbert/Courthouse" votes="14" />
                <Precinct name="Cuthbert" votes="0" />
                <Precinct name="Carnegie" votes="0" />
                <Precinct name="Fountain Bridge-4th" votes="0" />
                <Precinct name="Springvale" votes="2" />
                <Precinct name="4th District" votes="0" />
            </VoteType>
            <VoteType name="Provisional" votes="0">
                <Precinct name="Coleman" votes="0" />
                <Precinct name="Shellman" votes="0" />
                <Precinct name="Benevolence" votes="0" />
                <Precinct name="Cuthbert/Courthouse" votes="0" />
                <Precinct name="Cuthbert" votes="0" />
                <Precinct name="Carnegie" votes="0" />
                <Precinct name="Fountain Bridge-4th" votes="0" />
                <Precinct name="Springvale" votes="0" />
                <Precinct name="4th District" votes="0" />
            </VoteType>
        </Choice>
    </Contest>
    <Contest key="30" text="Public Service Commission, District 2 - Eastern" isQuestion="false" precinctsReporting="9" precinctsReported="9">
        <VoteType name="Number of Precincts for Race" votes="9">
            <Precinct name="Coleman" votes="1" />
            <Precinct name="Shellman" votes="1" />
            <Precinct name="Benevolence" votes="1" />
            <Precinct name="Cuthbert/Courthouse" votes="1" />
            <Precinct name="Cuthbert" votes="1" />
            <Precinct name="Carnegie" votes="1" />
            <Precinct name="Fountain Bridge-4th" votes="1" />
            <Precinct name="Springvale" votes="1" />
            <Precinct name="4th District" votes="1" />
        </VoteType>
        <VoteType name="Number of Precincts Reporting" votes="9">
            <Precinct name="Coleman" votes="1" />
            <Precinct name="Shellman" votes="1" />
            <Precinct name="Benevolence" votes="1" />
            <Precinct name="Cuthbert/Courthouse" votes="1" />
            <Precinct name="Cuthbert" votes="1" />
            <Precinct name="Carnegie" votes="1" />
            <Precinct name="Fountain Bridge-4th" votes="1" />
            <Precinct name="Springvale" votes="1" />
            <Precinct name="4th District" votes="1" />
        </VoteType>
        <Choice key="20" text="TIM ECHOLS (I)" totalVotes="1452">
            <VoteType name="Election Day" votes="755">
                <Precinct name="Coleman" votes="56" />
                <Precinct name="Shellman" votes="148" />
                <Precinct name="Benevolence" votes="86" />
                <Precinct name="Cuthbert/Courthouse" votes="168" />
                <Precinct name="Cuthbert" votes="23" />
                <Precinct name="Carnegie" votes="152" />
                <Precinct name="Fountain Bridge-4th" votes="34" />
                <Precinct name="Springvale" votes="33" />
                <Precinct name="4th District" votes="55" />
            </VoteType>
            <VoteType name="Absentee by Mail" votes="58">
                <Precinct name="Coleman" votes="4" />
                <Precinct name="Shellman" votes="11" />
                <Precinct name="Benevolence" votes="6" />
                <Precinct name="Cuthbert/Courthouse" votes="21" />
                <Precinct name="Cuthbert" votes="9" />
                <Precinct name="Carnegie" votes="3" />
                <Precinct name="Fountain Bridge-4th" votes="1" />
                <Precinct name="Springvale" votes="2" />
                <Precinct name="4th District" votes="1" />
            </VoteType>
            <VoteType name="Advance in Person" votes="638">
                <Precinct name="Coleman" votes="33" />
                <Precinct name="Shellman" votes="48" />
                <Precinct name="Benevolence" votes="78" />
                <Precinct name="Cuthbert/Courthouse" votes="338" />
                <Precinct name="Cuthbert" votes="18" />
                <Precinct name="Carnegie" votes="46" />
                <Precinct name="Fountain Bridge-4th" votes="32" />
                <Precinct name="Springvale" votes="33" />
                <Precinct name="4th District" votes="12" />
            </VoteType>
            <VoteType name="Provisional" votes="1">
                <Precinct name="Coleman" votes="0" />
                <Precinct name="Shellman" votes="0" />
                <Precinct name="Benevolence" votes="0" />
                <Precinct name="Cuthbert/Courthouse" votes="0" />
                <Precinct name="Cuthbert" votes="0" />
                <Precinct name="Carnegie" votes="1" />
                <Precinct name="Fountain Bridge-4th" votes="0" />
                <Precinct name="Springvale" votes="0" />
                <Precinct name="4th District" votes="0" />
            </VoteType>
        </Choice>
        <Choice key="30" text="ERIC HOSKINS" totalVotes="796">
            <VoteType name="Election Day" votes="409">
                <Precinct name="Coleman" votes="25" />
                <Precinct name="Shellman" votes="113" />
                <Precinct name="Benevolence" votes="26" />
                <Precinct name="Cuthbert/Courthouse" votes="158" />
                <Precinct name="Cuthbert" votes="50" />
                <Precinct name="Carnegie" votes="11" />
                <Precinct name="Fountain Bridge-4th" votes="1" />
                <Precinct name="Springvale" votes="24" />
                <Precinct name="4th District" votes="1" />
            </VoteType>
            <VoteType name="Absentee by Mail" votes="75">
                <Precinct name="Coleman" votes="1" />
                <Precinct name="Shellman" votes="36" />
                <Precinct name="Benevolence" votes="1" />
                <Precinct name="Cuthbert/Courthouse" votes="9" />
                <Precinct name="Cuthbert" votes="24" />
                <Precinct name="Carnegie" votes="1" />
                <Precinct name="Fountain Bridge-4th" votes="1" />
                <Precinct name="Springvale" votes="1" />
                <Precinct name="4th District" votes="1" />
            </VoteType>
            <VoteType name="Advance in Person" votes="311">
                <Precinct name="Coleman" votes="9" />
                <Precinct name="Shellman" votes="20" />
                <Precinct name="Benevolence" votes="13" />
                <Precinct name="Cuthbert/Courthouse" votes="192" />
                <Precinct name="Cuthbert" votes="33" />
                <Precinct name="Carnegie" votes="9" />
                <Precinct name="Fountain Bridge-4th" votes="5" />
                <Precinct name="Springvale" votes="27" />
                <Precinct name="4th District" votes="3" />
            </VoteType>
            <VoteType name="Provisional" votes="1">
                <Precinct name="Coleman" votes="1" />
                <Precinct name="Shellman" votes="0" />
                <Precinct name="Benevolence" votes="0" />
                <Precinct name="Cuthbert/Courthouse" votes="0" />
                <Precinct name="Cuthbert" votes="0" />
                <Precinct name="Carnegie" votes="0" />
                <Precinct name="Fountain Bridge-4th" votes="0" />
                <Precinct name="Springvale" votes="0" />
                <Precinct name="4th District" votes="0" />
            </VoteType>
        </Choice>
    </Contest>
    <Contest key="50" text="U.S. Representative, District 2" isQuestion="false" precinctsReporting="9" precinctsReported="9">
        <VoteType name="Number of Precincts for Race" votes="9">
            <Precinct name="Coleman" votes="1" />
            <Precinct name="Shellman" votes="1" />
            <Precinct name="Benevolence" votes="1" />
            <Precinct name="Cuthbert/Courthouse" votes="1" />
            <Precinct name="Cuthbert" votes="1" />
            <Precinct name="Carnegie" votes="1" />
            <Precinct name="Fountain Bridge-4th" votes="1" />
            <Precinct name="Springvale" votes="1" />
            <Precinct name="4th District" votes="1" />
        </VoteType>
        <VoteType name="Number of Precincts Reporting" votes="9">
            <Precinct name="Coleman" votes="1" />
            <Precinct name="Shellman" votes="1" />
            <Precinct name="Benevolence" votes="1" />
            <Precinct name="Cuthbert/Courthouse" votes="1" />
            <Precinct name="Cuthbert" votes="1" />
            <Precinct name="Carnegie" votes="1" />
            <Precinct name="Fountain Bridge-4th" votes="1" />
            <Precinct name="Springvale" votes="1" />
            <Precinct name="4th District" votes="1" />
        </VoteType>
        <Choice key="10" text="GREG DUKE" totalVotes="925">
            <VoteType name="Election Day" votes="473">
                <Precinct name="Coleman" votes="47" />
                <Precinct name="Shellman" votes="88" />
                <Precinct name="Benevolence" votes="52" />
                <Precinct name="Cuthbert/Courthouse" votes="69" />
                <Precinct name="Cuthbert" votes="1" />
                <Precinct name="Carnegie" votes="130" />
                <Precinct name="Fountain Bridge-4th" votes="30" />
                <Precinct name="Springvale" votes="16" />
                <Precinct name="4th District" votes="40" />
            </VoteType>
            <VoteType name="Absentee by Mail" votes="27">
                <Precinct name="Coleman" votes="3" />
                <Precinct name="Shellman" votes="4" />
                <Precinct name="Benevolence" votes="5" />
                <Precinct name="Cuthbert/Courthouse" votes="10" />
                <Precinct name="Cuthbert" votes="1" />
                <Precinct name="Carnegie" votes="2" />
                <Precinct name="Fountain Bridge-4th" votes="1" />
                <Precinct name="Springvale" votes="0" />
                <Precinct name="4th District" votes="1" />
            </VoteType>
            <VoteType name="Advance in Person" votes="424">
                <Precinct name="Coleman" votes="30" />
                <Precinct name="Shellman" votes="29" />
                <Precinct name="Benevolence" votes="57" />
                <Precinct name="Cuthbert/Courthouse" votes="225" />
                <Precinct name="Cuthbert" votes="0" />
                <Precinct name="Carnegie" votes="35" />
                <Precinct name="Fountain Bridge-4th" votes="23" />
                <Precinct name="Springvale" votes="19" />
                <Precinct name="4th District" votes="6" />
            </VoteType>
            <VoteType name="Provisional" votes="1">
                <Precinct name="Coleman" votes="0" />
                <Precinct name="Shellman" votes="0" />
                <Precinct name="Benevolence" votes="0" />
                <Precinct name="Cuthbert/Courthouse" votes="0" />
                <Precinct name="Cuthbert" votes="0" />
                <Precinct name="Carnegie" votes="1" />
                <Precinct name="Fountain Bridge-4th" votes="0" />
                <Precinct name="Springvale" votes="0" />
                <Precinct name="4th District" votes="0" />
            </VoteType>
        </Choice>
        <Choice key="20" text="SANFORD BISHOP (I)" totalVotes="1898">
            <VoteType name="Election Day" votes="929">
                <Precinct name="Coleman" votes="53" />
                <Precinct name="Shellman" votes="237" />
                <Precinct name="Benevolence" votes="88" />
                <Precinct name="Cuthbert/Courthouse" votes="313" />
                <Precinct name="Cuthbert" votes="104" />
                <Precinct name="Carnegie" votes="45" />
                <Precinct name="Fountain Bridge-4th" votes="10" />
                <Precinct name="Springvale" votes="55" />
                <Precinct name="4th District" votes="24" />
            </VoteType>
            <VoteType name="Absentee by Mail" votes="162">
                <Precinct name="Coleman" votes="2" />
                <Precinct name="Shellman" votes="61" />
                <Precinct name="Benevolence" votes="3" />
                <Precinct name="Cuthbert/Courthouse" votes="31" />
                <Precinct name="Cuthbert" votes="55" />
                <Precinct name="Carnegie" votes="2" />
                <Precinct name="Fountain Bridge-4th" votes="1" />
                <Precinct name="Springvale" votes="6" />
                <Precinct name="4th District" votes="1" />
            </VoteType>
            <VoteType name="Advance in Person" votes="806">
                <Precinct name="Coleman" votes="19" />
                <Precinct name="Shellman" votes="58" />
                <Precinct name="Benevolence" votes="45" />
                <Precinct name="Cuthbert/Courthouse" votes="486" />
                <Precinct name="Cuthbert" votes="77" />
                <Precinct name="Carnegie" votes="25" />
                <Precinct name="Fountain Bridge-4th" votes="17" />
                <Precinct name="Springvale" votes="68" />
                <Precinct name="4th District" votes="11" />
            </VoteType>
            <VoteType name="Provisional" votes="1">
                <Precinct name="Coleman" votes="1" />
                <Precinct name="Shellman" votes="0" />
                <Precinct name="Benevolence" votes="0" />
                <Precinct name="Cuthbert/Courthouse" votes="0" />
                <Precinct name="Cuthbert" votes="0" />
                <Precinct name="Carnegie" votes="0" />
                <Precinct name="Fountain Bridge-4th" votes="0" />
                <Precinct name="Springvale" votes="0" />
                <Precinct name="4th District" votes="0" />
            </VoteType>
        </Choice>
    </Contest>
    <Contest key="80" text="State Senator, District 12" isQuestion="false" precinctsReporting="9" precinctsReported="9">
        <VoteType name="Number of Precincts for Race" votes="9">
            <Precinct name="Coleman" votes="1" />
            <Precinct name="Shellman" votes="1" />
            <Precinct name="Benevolence" votes="1" />
            <Precinct name="Cuthbert/Courthouse" votes="1" />
            <Precinct name="Cuthbert" votes="1" />
            <Precinct name="Carnegie" votes="1" />
            <Precinct name="Fountain Bridge-4th" votes="1" />
            <Precinct name="Springvale" votes="1" />
            <Precinct name="4th District" votes="1" />
        </VoteType>
        <VoteType name="Number of Precincts Reporting" votes="9">
            <Precinct name="Coleman" votes="1" />
            <Precinct name="Shellman" votes="1" />
            <Precinct name="Benevolence" votes="1" />
            <Precinct name="Cuthbert/Courthouse" votes="1" />
            <Precinct name="Cuthbert" votes="1" />
            <Precinct name="Carnegie" votes="1" />
            <Precinct name="Fountain Bridge-4th" votes="1" />
            <Precinct name="Springvale" votes="1" />
            <Precinct name="4th District" votes="1" />
        </VoteType>
        <Choice key="10" text="FREDDIE POWELL SIMS (I)" totalVotes="2212">
            <VoteType name="Election Day" votes="1092">
                <Precinct name="Coleman" votes="72" />
                <Precinct name="Shellman" votes="278" />
                <Precinct name="Benevolence" votes="103" />
                <Precinct name="Cuthbert/Courthouse" votes="320" />
                <Precinct name="Cuthbert" votes="84" />
                <Precinct name="Carnegie" votes="111" />
                <Precinct name="Fountain Bridge-4th" votes="23" />
                <Precinct name="Springvale" votes="58" />
                <Precinct name="4th District" votes="43" />
            </VoteType>
            <VoteType name="Absentee by Mail" votes="165">
                <Precinct name="Coleman" votes="3" />
                <Precinct name="Shellman" votes="57" />
                <Precinct name="Benevolence" votes="5" />
                <Precinct name="Cuthbert/Courthouse" votes="36" />
                <Precinct name="Cuthbert" votes="54" />
                <Precinct name="Carnegie" votes="3" />
                <Precinct name="Fountain Bridge-4th" votes="1" />
                <Precinct name="Springvale" votes="5" />
                <Precinct name="4th District" votes="1" />
            </VoteType>
            <VoteType name="Advance in Person" votes="954">
                <Precinct name="Coleman" votes="37" />
                <Precinct name="Shellman" votes="68" />
                <Precinct name="Benevolence" votes="71" />
                <Precinct name="Cuthbert/Courthouse" votes="558" />
                <Precinct name="Cuthbert" votes="71" />
                <Precinct name="Carnegie" votes="46" />
                <Precinct name="Fountain Bridge-4th" votes="24" />
                <Precinct name="Springvale" votes="69" />
                <Precinct name="4th District" votes="10" />
            </VoteType>
            <VoteType name="Provisional" votes="1">
                <Precinct name="Coleman" votes="1" />
                <Precinct name="Shellman" votes="0" />
                <Precinct name="Benevolence" votes="0" />
                <Precinct name="Cuthbert/Courthouse" votes="0" />
                <Precinct name="Cuthbert" votes="0" />
                <Precinct name="Carnegie" votes="0" />
                <Precinct name="Fountain Bridge-4th" votes="0" />
                <Precinct name="Springvale" votes="0" />
                <Precinct name="4th District" votes="0" />
            </VoteType>
        </Choice>
    </Contest>
    <Contest key="90" text="State Representative, District 151" isQuestion="false" precinctsReporting="9" precinctsReported="9">
        <VoteType name="Number of Precincts for Race" votes="9">
            <Precinct name="Coleman" votes="1" />
            <Precinct name="Shellman" votes="1" />
            <Precinct name="Benevolence" votes="1" />
            <Precinct name="Cuthbert/Courthouse" votes="1" />
            <Precinct name="Cuthbert" votes="1" />
            <Precinct name="Carnegie" votes="1" />
            <Precinct name="Fountain Bridge-4th" votes="1" />
            <Precinct name="Springvale" votes="1" />
            <Precinct name="4th District" votes="1" />
        </VoteType>
        <VoteType name="Number of Precincts Reporting" votes="9">
            <Precinct name="Coleman" votes="1" />
            <Precinct name="Shellman" votes="1" />
            <Precinct name="Benevolence" votes="1" />
            <Precinct name="Cuthbert/Courthouse" votes="1" />
            <Precinct name="Cuthbert" votes="1" />
            <Precinct name="Carnegie" votes="1" />
            <Precinct name="Fountain Bridge-4th" votes="1" />
            <Precinct name="Springvale" votes="1" />
            <Precinct name="4th District" votes="1" />
        </VoteType>
        <Choice key="10" text="GERALD GREENE (I)" totalVotes="1795">
            <VoteType name="Election Day" votes="906">
                <Precinct name="Coleman" votes="68" />
                <Precinct name="Shellman" votes="179" />
                <Precinct name="Benevolence" votes="104" />
                <Precinct name="Cuthbert/Courthouse" votes="217" />
                <Precinct name="Cuthbert" votes="40" />
                <Precinct name="Carnegie" votes="164" />
                <Precinct name="Fountain Bridge-4th" votes="33" />
                <Precinct name="Springvale" votes="40" />
                <Precinct name="4th District" votes="61" />
            </VoteType>
            <VoteType name="Absentee by Mail" votes="88">
                <Precinct name="Coleman" votes="4" />
                <Precinct name="Shellman" votes="12" />
                <Precinct name="Benevolence" votes="6" />
                <Precinct name="Cuthbert/Courthouse" votes="28" />
                <Precinct name="Cuthbert" votes="28" />
                <Precinct name="Carnegie" votes="3" />
                <Precinct name="Fountain Bridge-4th" votes="2" />
                <Precinct name="Springvale" votes="3" />
                <Precinct name="4th District" votes="2" />
            </VoteType>
            <VoteType name="Advance in Person" votes="799">
                <Precinct name="Coleman" votes="37" />
                <Precinct name="Shellman" votes="62" />
                <Precinct name="Benevolence" votes="84" />
                <Precinct name="Cuthbert/Courthouse" votes="444" />
                <Precinct name="Cuthbert" votes="25" />
                <Precinct name="Carnegie" votes="50" />
                <Precinct name="Fountain Bridge-4th" votes="38" />
                <Precinct name="Springvale" votes="46" />
                <Precinct name="4th District" votes="13" />
            </VoteType>
            <VoteType name="Provisional" votes="2">
                <Precinct name="Coleman" votes="1" />
                <Precinct name="Shellman" votes="0" />
                <Precinct name="Benevolence" votes="0" />
                <Precinct name="Cuthbert/Courthouse" votes="0" />
                <Precinct name="Cuthbert" votes="0" />
                <Precinct name="Carnegie" votes="1" />
                <Precinct name="Fountain Bridge-4th" votes="0" />
                <Precinct name="Springvale" votes="0" />
                <Precinct name="4th District" votes="0" />
            </VoteType>
        </Choice>
        <Choice key="20" text="KENNETH ZACHARY JR" totalVotes="971">
            <VoteType name="Election Day" votes="463">
                <Precinct name="Coleman" votes="25" />
                <Precinct name="Shellman" votes="138" />
                <Precinct name="Benevolence" votes="38" />
                <Precinct name="Cuthbert/Courthouse" votes="157" />
                <Precinct name="Cuthbert" votes="61" />
                <Precinct name="Carnegie" votes="9" />
                <Precinct name="Fountain Bridge-4th" votes="2" />
                <Precinct name="Springvale" votes="29" />
                <Precinct name="4th District" votes="4" />
            </VoteType>
            <VoteType name="Absentee by Mail" votes="91">
                <Precinct name="Coleman" votes="0" />
                <Precinct name="Shellman" votes="50" />
                <Precinct name="Benevolence" votes="1" />
                <Precinct name="Cuthbert/Courthouse" votes="9" />
                <Precinct name="Cuthbert" votes="27" />
                <Precinct name="Carnegie" votes="1" />
                <Precinct name="Fountain Bridge-4th" votes="0" />
                <Precinct name="Springvale" votes="3" />
                <Precinct name="4th District" votes="0" />
            </VoteType>
            <VoteType name="Advance in Person" votes="417">
                <Precinct name="Coleman" votes="12" />
                <Precinct name="Shellman" votes="25" />
                <Precinct name="Benevolence" votes="15" />
                <Precinct name="Cuthbert/Courthouse" votes="260" />
                <Precinct name="Cuthbert" votes="50" />
                <Precinct name="Carnegie" votes="10" />
                <Precinct name="Fountain Bridge-4th" votes="3" />
                <Precinct name="Springvale" votes="38" />
                <Precinct name="4th District" votes="4" />
            </VoteType>
            <VoteType name="Provisional" votes="0">
                <Precinct name="Coleman" votes="0" />
                <Precinct name="Shellman" votes="0" />
                <Precinct name="Benevolence" votes="0" />
                <Precinct name="Cuthbert/Courthouse" votes="0" />
                <Precinct name="Cuthbert" votes="0" />
                <Precinct name="Carnegie" votes="0" />
                <Precinct name="Fountain Bridge-4th" votes="0" />
                <Precinct name="Springvale" votes="0" />
                <Precinct name="4th District" votes="0" />
            </VoteType>
        </Choice>
    </Contest>
    <Contest key="120" text="DISTRICT ATTORNEY (Pataula)" isQuestion="false" precinctsReporting="9" precinctsReported="9">
        <VoteType name="Number of Precincts for Race" votes="9">
            <Precinct name="Coleman" votes="1" />
            <Precinct name="Shellman" votes="1" />
            <Precinct name="Benevolence" votes="1" />
            <Precinct name="Cuthbert/Courthouse" votes="1" />
            <Precinct name="Cuthbert" votes="1" />
            <Precinct name="Carnegie" votes="1" />
            <Precinct name="Fountain Bridge-4th" votes="1" />
            <Precinct name="Springvale" votes="1" />
            <Precinct name="4th District" votes="1" />
        </VoteType>
        <VoteType name="Number of Precincts Reporting" votes="9">
            <Precinct name="Coleman" votes="1" />
            <Precinct name="Shellman" votes="1" />
            <Precinct name="Benevolence" votes="1" />
            <Precinct name="Cuthbert/Courthouse" votes="1" />
            <Precinct name="Cuthbert" votes="1" />
            <Precinct name="Carnegie" votes="1" />
            <Precinct name="Fountain Bridge-4th" votes="1" />
            <Precinct name="Springvale" votes="1" />
            <Precinct name="4th District" votes="1" />
        </VoteType>
        <Choice key="10" text="T.CRAIG EARNEST (I)" totalVotes="2255">
            <VoteType name="Election Day" votes="1130">
                <Precinct name="Coleman" votes="76" />
                <Precinct name="Shellman" votes="268" />
                <Precinct name="Benevolence" votes="107" />
                <Precinct name="Cuthbert/Courthouse" votes="330" />
                <Precinct name="Cuthbert" votes="88" />
                <Precinct name="Carnegie" votes="128" />
                <Precinct name="Fountain Bridge-4th" votes="29" />
                <Precinct name="Springvale" votes="58" />
                <Precinct name="4th District" votes="46" />
            </VoteType>
            <VoteType name="Absentee by Mail" votes="164">
                <Precinct name="Coleman" votes="3" />
                <Precinct name="Shellman" votes="56" />
                <Precinct name="Benevolence" votes="7" />
                <Precinct name="Cuthbert/Courthouse" votes="37" />
                <Precinct name="Cuthbert" votes="52" />
                <Precinct name="Carnegie" votes="3" />
                <Precinct name="Fountain Bridge-4th" votes="1" />
                <Precinct name="Springvale" votes="4" />
                <Precinct name="4th District" votes="1" />
            </VoteType>
            <VoteType name="Advance in Person" votes="959">
                <Precinct name="Coleman" votes="37" />
                <Precinct name="Shellman" votes="66" />
                <Precinct name="Benevolence" votes="76" />
                <Precinct name="Cuthbert/Courthouse" votes="562" />
                <Precinct name="Cuthbert" votes="66" />
                <Precinct name="Carnegie" votes="45" />
                <Precinct name="Fountain Bridge-4th" votes="30" />
                <Precinct name="Springvale" votes="64" />
                <Precinct name="4th District" votes="13" />
            </VoteType>
            <VoteType name="Provisional" votes="2">
                <Precinct name="Coleman" votes="1" />
                <Precinct name="Shellman" votes="0" />
                <Precinct name="Benevolence" votes="0" />
                <Precinct name="Cuthbert/Courthouse" votes="0" />
                <Precinct name="Cuthbert" votes="0" />
                <Precinct name="Carnegie" votes="1" />
                <Precinct name="Fountain Bridge-4th" votes="0" />
                <Precinct name="Springvale" votes="0" />
                <Precinct name="4th District" votes="0" />
            </VoteType>
        </Choice>
    </Contest>
    <Contest key="140" text="CLERK, SUPERIOR COURT" isQuestion="false" precinctsReporting="9" precinctsReported="9">
        <VoteType name="Number of Precincts for Race" votes="9">
            <Precinct name="Coleman" votes="1" />
            <Precinct name="Shellman" votes="1" />
            <Precinct name="Benevolence" votes="1" />
            <Precinct name="Cuthbert/Courthouse" votes="1" />
            <Precinct name="Cuthbert" votes="1" />
            <Precinct name="Carnegie" votes="1" />
            <Precinct name="Fountain Bridge-4th" votes="1" />
            <Precinct name="Springvale" votes="1" />
            <Precinct name="4th District" votes="1" />
        </VoteType>
        <VoteType name="Number of Precincts Reporting" votes="9">
            <Precinct name="Coleman" votes="1" />
            <Precinct name="Shellman" votes="1" />
            <Precinct name="Benevolence" votes="1" />
            <Precinct name="Cuthbert/Courthouse" votes="1" />
            <Precinct name="Cuthbert" votes="1" />
            <Precinct name="Carnegie" votes="1" />
            <Precinct name="Fountain Bridge-4th" votes="1" />
            <Precinct name="Springvale" votes="1" />
            <Precinct name="4th District" votes="1" />
        </VoteType>
        <Choice key="10" text="K. ARNOLD (I) D" totalVotes="2509">
            <VoteType name="Election Day" votes="1241">
                <Precinct name="Coleman" votes="86" />
                <Precinct name="Shellman" votes="292" />
                <Precinct name="Benevolence" votes="127" />
                <Precinct name="Cuthbert/Courthouse" votes="351" />
                <Precinct name="Cuthbert" votes="85" />
                <Precinct name="Carnegie" votes="151" />
                <Precinct name="Fountain Bridge-4th" votes="31" />
                <Precinct name="Springvale" votes="62" />
                <Precinct name="4th District" votes="56" />
            </VoteType>
            <VoteType name="Absentee by Mail" votes="171">
                <Precinct name="Coleman" votes="3" />
                <Precinct name="Shellman" votes="56" />
                <Precinct name="Benevolence" votes="7" />
                <Precinct name="Cuthbert/Courthouse" votes="40" />
                <Precinct name="Cuthbert" votes="54" />
                <Precinct name="Carnegie" votes="3" />
                <Precinct name="Fountain Bridge-4th" votes="1" />
                <Precinct name="Springvale" votes="6" />
                <Precinct name="4th District" votes="1" />
            </VoteType>
            <VoteType name="Advance in Person" votes="1095">
                <Precinct name="Coleman" votes="45" />
                <Precinct name="Shellman" votes="74" />
                <Precinct name="Benevolence" votes="89" />
                <Precinct name="Cuthbert/Courthouse" votes="635" />
                <Precinct name="Cuthbert" votes="71" />
                <Precinct name="Carnegie" votes="55" />
                <Precinct name="Fountain Bridge-4th" votes="33" />
                <Precinct name="Springvale" votes="77" />
                <Precinct name="4th District" votes="16" />
            </VoteType>
            <VoteType name="Provisional" votes="2">
                <Precinct name="Coleman" votes="1" />
                <Precinct name="Shellman" votes="0" />
                <Precinct name="Benevolence" votes="0" />
                <Precinct name="Cuthbert/Courthouse" votes="0" />
                <Precinct name="Cuthbert" votes="0" />
                <Precinct name="Carnegie" votes="1" />
                <Precinct name="Fountain Bridge-4th" votes="0" />
                <Precinct name="Springvale" votes="0" />
                <Precinct name="4th District" votes="0" />
            </VoteType>
        </Choice>
    </Contest>
    <Contest key="160" text="SHERIFF" isQuestion="false" precinctsReporting="9" precinctsReported="9">
        <VoteType name="Number of Precincts for Race" votes="9">
            <Precinct name="Coleman" votes="1" />
            <Precinct name="Shellman" votes="1" />
            <Precinct name="Benevolence" votes="1" />
            <Precinct name="Cuthbert/Courthouse" votes="1" />
            <Precinct name="Cuthbert" votes="1" />
            <Precinct name="Carnegie" votes="1" />
            <Precinct name="Fountain Bridge-4th" votes="1" />
            <Precinct name="Springvale" votes="1" />
            <Precinct name="4th District" votes="1" />
        </VoteType>
        <VoteType name="Number of Precincts Reporting" votes="9">
            <Precinct name="Coleman" votes="1" />
            <Precinct name="Shellman" votes="1" />
            <Precinct name="Benevolence" votes="1" />
            <Precinct name="Cuthbert/Courthouse" votes="1" />
            <Precinct name="Cuthbert" votes="1" />
            <Precinct name="Carnegie" votes="1" />
            <Precinct name="Fountain Bridge-4th" votes="1" />
            <Precinct name="Springvale" votes="1" />
            <Precinct name="4th District" votes="1" />
        </VoteType>
        <Choice key="10" text="E. FAIRBANKS (I) D" totalVotes="2451">
            <VoteType name="Election Day" votes="1207">
                <Precinct name="Coleman" votes="84" />
                <Precinct name="Shellman" votes="287" />
                <Precinct name="Benevolence" votes="123" />
                <Precinct name="Cuthbert/Courthouse" votes="347" />
                <Precinct name="Cuthbert" votes="93" />
                <Precinct name="Carnegie" votes="130" />
                <Precinct name="Fountain Bridge-4th" votes="31" />
                <Precinct name="Springvale" votes="64" />
                <Precinct name="4th District" votes="48" />
            </VoteType>
            <VoteType name="Absentee by Mail" votes="171">
                <Precinct name="Coleman" votes="3" />
                <Precinct name="Shellman" votes="59" />
                <Precinct name="Benevolence" votes="7" />
                <Precinct name="Cuthbert/Courthouse" votes="36" />
                <Precinct name="Cuthbert" votes="55" />
                <Precinct name="Carnegie" votes="3" />
                <Precinct name="Fountain Bridge-4th" votes="1" />
                <Precinct name="Springvale" votes="6" />
                <Precinct name="4th District" votes="1" />
            </VoteType>
            <VoteType name="Advance in Person" votes="1071">
                <Precinct name="Coleman" votes="42" />
                <Precinct name="Shellman" votes="76" />
                <Precinct name="Benevolence" votes="82" />
                <Precinct name="Cuthbert/Courthouse" votes="622" />
                <Precinct name="Cuthbert" votes="76" />
                <Precinct name="Carnegie" votes="51" />
                <Precinct name="Fountain Bridge-4th" votes="31" />
                <Precinct name="Springvale" votes="77" />
                <Precinct name="4th District" votes="14" />
            </VoteType>
            <VoteType name="Provisional" votes="2">
                <Precinct name="Coleman" votes="1" />
                <Precinct name="Shellman" votes="0" />
                <Precinct name="Benevolence" votes="0" />
                <Precinct name="Cuthbert/Courthouse" votes="0" />
                <Precinct name="Cuthbert" votes="0" />
                <Precinct name="Carnegie" votes="1" />
                <Precinct name="Fountain Bridge-4th" votes="0" />
                <Precinct name="Springvale" votes="0" />
                <Precinct name="4th District" votes="0" />
            </VoteType>
        </Choice>
    </Contest>
    <Contest key="180" text="TAX COMMISSIONER" isQuestion="false" precinctsReporting="9" precinctsReported="9">
        <VoteType name="Number of Precincts for Race" votes="9">
            <Precinct name="Coleman" votes="1" />
            <Precinct name="Shellman" votes="1" />
            <Precinct name="Benevolence" votes="1" />
            <Precinct name="Cuthbert/Courthouse" votes="1" />
            <Precinct name="Cuthbert" votes="1" />
            <Precinct name="Carnegie" votes="1" />
            <Precinct name="Fountain Bridge-4th" votes="1" />
            <Precinct name="Springvale" votes="1" />
            <Precinct name="4th District" votes="1" />
        </VoteType>
        <VoteType name="Number of Precincts Reporting" votes="9">
            <Precinct name="Coleman" votes="1" />
            <Precinct name="Shellman" votes="1" />
            <Precinct name="Benevolence" votes="1" />
            <Precinct name="Cuthbert/Courthouse" votes="1" />
            <Precinct name="Cuthbert" votes="1" />
            <Precinct name="Carnegie" votes="1" />
            <Precinct name="Fountain Bridge-4th" votes="1" />
            <Precinct name="Springvale" votes="1" />
            <Precinct name="4th District" votes="1" />
        </VoteType>
        <Choice key="10" text="W. B. HIXON (I) D" totalVotes="2492">
            <VoteType name="Election Day" votes="1237">
                <Precinct name="Coleman" votes="87" />
                <Precinct name="Shellman" votes="294" />
                <Precinct name="Benevolence" votes="129" />
                <Precinct name="Cuthbert/Courthouse" votes="338" />
                <Precinct name="Cuthbert" votes="88" />
                <Precinct name="Carnegie" votes="152" />
                <Precinct name="Fountain Bridge-4th" votes="33" />
                <Precinct name="Springvale" votes="58" />
                <Precinct name="4th District" votes="58" />
            </VoteType>
            <VoteType name="Absentee by Mail" votes="166">
                <Precinct name="Coleman" votes="3" />
                <Precinct name="Shellman" votes="55" />
                <Precinct name="Benevolence" votes="7" />
                <Precinct name="Cuthbert/Courthouse" votes="37" />
                <Precinct name="Cuthbert" votes="53" />
                <Precinct name="Carnegie" votes="3" />
                <Precinct name="Fountain Bridge-4th" votes="1" />
                <Precinct name="Springvale" votes="6" />
                <Precinct name="4th District" votes="1" />
            </VoteType>
            <VoteType name="Advance in Person" votes="1087">
                <Precinct name="Coleman" votes="43" />
                <Precinct name="Shellman" votes="74" />
                <Precinct name="Benevolence" votes="91" />
                <Precinct name="Cuthbert/Courthouse" votes="626" />
                <Precinct name="Cuthbert" votes="69" />
                <Precinct name="Carnegie" votes="54" />
                <Precinct name="Fountain Bridge-4th" votes="35" />
                <Precinct name="Springvale" votes="79" />
                <Precinct name="4th District" votes="16" />
            </VoteType>
            <VoteType name="Provisional" votes="2">
                <Precinct name="Coleman" votes="1" />
                <Precinct name="Shellman" votes="0" />
                <Precinct name="Benevolence" votes="0" />
                <Precinct name="Cuthbert/Courthouse" votes="0" />
                <Precinct name="Cuthbert" votes="0" />
                <Precinct name="Carnegie" votes="1" />
                <Precinct name="Fountain Bridge-4th" votes="0" />
                <Precinct name="Springvale" votes="0" />
                <Precinct name="4th District" votes="0" />
            </VoteType>
        </Choice>
    </Contest>
    <Contest key="250" text="CC, D2" isQuestion="false" precinctsReporting="3" precinctsReported="3">
        <VoteType name="Number of Precincts for Race" votes="3">
            <Precinct name="Shellman" votes="1" />
            <Precinct name="Benevolence" votes="1" />
            <Precinct name="Cuthbert/Courthouse" votes="1" />
        </VoteType>
        <VoteType name="Number of Precincts Reporting" votes="3">
            <Precinct name="Shellman" votes="1" />
            <Precinct name="Benevolence" votes="1" />
            <Precinct name="Cuthbert/Courthouse" votes="1" />
        </VoteType>
        <Choice key="10" text="J. BRADLEY (I) R" totalVotes="522">
            <VoteType name="Election Day" votes="209">
                <Precinct name="Shellman" votes="7" />
                <Precinct name="Benevolence" votes="104" />
                <Precinct name="Cuthbert/Courthouse" votes="98" />
            </VoteType>
            <VoteType name="Absentee by Mail" votes="21">
                <Precinct name="Shellman" votes="1" />
                <Precinct name="Benevolence" votes="7" />
                <Precinct name="Cuthbert/Courthouse" votes="13" />
            </VoteType>
            <VoteType name="Advance in Person" votes="292">
                <Precinct name="Shellman" votes="6" />
                <Precinct name="Benevolence" votes="86" />
                <Precinct name="Cuthbert/Courthouse" votes="200" />
            </VoteType>
            <VoteType name="Provisional" votes="0">
                <Precinct name="Shellman" votes="0" />
                <Precinct name="Benevolence" votes="0" />
                <Precinct name="Cuthbert/Courthouse" votes="0" />
            </VoteType>
        </Choice>
    </Contest>
    <Contest key="280" text="CC, D3" isQuestion="false" precinctsReporting="2" precinctsReported="2">
        <VoteType name="Number of Precincts for Race" votes="2">
            <Precinct name="Cuthbert/Courthouse" votes="1" />
            <Precinct name="Cuthbert" votes="1" />
        </VoteType>
        <VoteType name="Number of Precincts Reporting" votes="2">
            <Precinct name="Cuthbert/Courthouse" votes="1" />
            <Precinct name="Cuthbert" votes="1" />
        </VoteType>
        <Choice key="10" text="W. WILLIAMS (I) D" totalVotes="338">
            <VoteType name="Election Day" votes="155">
                <Precinct name="Cuthbert/Courthouse" votes="61" />
                <Precinct name="Cuthbert" votes="94" />
            </VoteType>
            <VoteType name="Absentee by Mail" votes="32">
                <Precinct name="Cuthbert/Courthouse" votes="7" />
                <Precinct name="Cuthbert" votes="25" />
            </VoteType>
            <VoteType name="Advance in Person" votes="151">
                <Precinct name="Cuthbert/Courthouse" votes="87" />
                <Precinct name="Cuthbert" votes="64" />
            </VoteType>
            <VoteType name="Provisional" votes="0">
                <Precinct name="Cuthbert/Courthouse" votes="0" />
                <Precinct name="Cuthbert" votes="0" />
            </VoteType>
        </Choice>
    </Contest>
    <Contest key="290" text="CC, D4" isQuestion="false" precinctsReporting="6" precinctsReported="6">
        <VoteType name="Number of Precincts for Race" votes="6">
            <Precinct name="Coleman" votes="1" />
            <Precinct name="Shellman" votes="1" />
            <Precinct name="Cuthbert/Courthouse" votes="1" />
            <Precinct name="Carnegie" votes="1" />
            <Precinct name="Fountain Bridge-4th" votes="1" />
            <Precinct name="4th District" votes="1" />
        </VoteType>
        <VoteType name="Number of Precincts Reporting" votes="6">
            <Precinct name="Coleman" votes="1" />
            <Precinct name="Shellman" votes="1" />
            <Precinct name="Cuthbert/Courthouse" votes="1" />
            <Precinct name="Carnegie" votes="1" />
            <Precinct name="Fountain Bridge-4th" votes="1" />
            <Precinct name="4th District" votes="1" />
        </VoteType>
        <Choice key="10" text="L. WHITE (I) R" totalVotes="664">
            <VoteType name="Election Day" votes="408">
                <Precinct name="Coleman" votes="77" />
                <Precinct name="Shellman" votes="54" />
                <Precinct name="Cuthbert/Courthouse" votes="26" />
                <Precinct name="Carnegie" votes="159" />
                <Precinct name="Fountain Bridge-4th" votes="34" />
                <Precinct name="4th District" votes="58" />
            </VoteType>
            <VoteType name="Absentee by Mail" votes="21">
                <Precinct name="Coleman" votes="4" />
                <Precinct name="Shellman" votes="12" />
                <Precinct name="Cuthbert/Courthouse" votes="0" />
                <Precinct name="Carnegie" votes="2" />
                <Precinct name="Fountain Bridge-4th" votes="1" />
                <Precinct name="4th District" votes="2" />
            </VoteType>
            <VoteType name="Advance in Person" votes="234">
                <Precinct name="Coleman" votes="41" />
                <Precinct name="Shellman" votes="13" />
                <Precinct name="Cuthbert/Courthouse" votes="80" />
                <Precinct name="Carnegie" votes="52" />
                <Precinct name="Fountain Bridge-4th" votes="36" />
                <Precinct name="4th District" votes="12" />
            </VoteType>
            <VoteType name="Provisional" votes="1">
                <Precinct name="Coleman" votes="0" />
                <Precinct name="Shellman" votes="0" />
                <Precinct name="Cuthbert/Courthouse" votes="0" />
                <Precinct name="Carnegie" votes="1" />
                <Precinct name="Fountain Bridge-4th" votes="0" />
                <Precinct name="4th District" votes="0" />
            </VoteType>
        </Choice>
    </Contest>
    <Contest key="300" text="Constitutional Amendment #1&lt;br&gt;Provides greater flexibility and state accountability to fix failing schools through increasing community involvement." isQuestion="false" precinctsReporting="9" precinctsReported="9">
        <VoteType name="Number of Precincts for Race" votes="9">
            <Precinct name="Coleman" votes="1" />
            <Precinct name="Shellman" votes="1" />
            <Precinct name="Benevolence" votes="1" />
            <Precinct name="Cuthbert/Courthouse" votes="1" />
            <Precinct name="Cuthbert" votes="1" />
            <Precinct name="Carnegie" votes="1" />
            <Precinct name="Fountain Bridge-4th" votes="1" />
            <Precinct name="Springvale" votes="1" />
            <Precinct name="4th District" votes="1" />
        </VoteType>
        <VoteType name="Number of Precincts Reporting" votes="9">
            <Precinct name="Coleman" votes="1" />
            <Precinct name="Shellman" votes="1" />
            <Precinct name="Benevolence" votes="1" />
            <Precinct name="Cuthbert/Courthouse" votes="1" />
            <Precinct name="Cuthbert" votes="1" />
            <Precinct name="Carnegie" votes="1" />
            <Precinct name="Fountain Bridge-4th" votes="1" />
            <Precinct name="Springvale" votes="1" />
            <Precinct name="4th District" votes="1" />
        </VoteType>
        <Choice key="10" text="YES" totalVotes="1445">
            <VoteType name="Election Day" votes="676">
                <Precinct name="Coleman" votes="52" />
                <Precinct name="Shellman" votes="155" />
                <Precinct name="Benevolence" votes="72" />
                <Precinct name="Cuthbert/Courthouse" votes="186" />
                <Precinct name="Cuthbert" votes="36" />
                <Precinct name="Carnegie" votes="88" />
                <Precinct name="Fountain Bridge-4th" votes="25" />
                <Precinct name="Springvale" votes="24" />
                <Precinct name="4th District" votes="38" />
            </VoteType>
            <VoteType name="Absentee by Mail" votes="113">
                <Precinct name="Coleman" votes="4" />
                <Precinct name="Shellman" votes="32" />
                <Precinct name="Benevolence" votes="5" />
                <Precinct name="Cuthbert/Courthouse" votes="29" />
                <Precinct name="Cuthbert" votes="37" />
                <Precinct name="Carnegie" votes="3" />
                <Precinct name="Fountain Bridge-4th" votes="0" />
                <Precinct name="Springvale" votes="2" />
                <Precinct name="4th District" votes="1" />
            </VoteType>
            <VoteType name="Advance in Person" votes="655">
                <Precinct name="Coleman" votes="28" />
                <Precinct name="Shellman" votes="43" />
                <Precinct name="Benevolence" votes="54" />
                <Precinct name="Cuthbert/Courthouse" votes="377" />
                <Precinct name="Cuthbert" votes="34" />
                <Precinct name="Carnegie" votes="42" />
                <Precinct name="Fountain Bridge-4th" votes="21" />
                <Precinct name="Springvale" votes="47" />
                <Precinct name="4th District" votes="9" />
            </VoteType>
            <VoteType name="Provisional" votes="1">
                <Precinct name="Coleman" votes="0" />
                <Precinct name="Shellman" votes="0" />
                <Precinct name="Benevolence" votes="0" />
                <Precinct name="Cuthbert/Courthouse" votes="0" />
                <Precinct name="Cuthbert" votes="0" />
                <Precinct name="Carnegie" votes="1" />
                <Precinct name="Fountain Bridge-4th" votes="0" />
                <Precinct name="Springvale" votes="0" />
                <Precinct name="4th District" votes="0" />
            </VoteType>
        </Choice>
        <Choice key="20" text="NO" totalVotes="1286">
            <VoteType name="Election Day" votes="699">
                <Precinct name="Coleman" votes="41" />
                <Precinct name="Shellman" votes="176" />
                <Precinct name="Benevolence" votes="65" />
                <Precinct name="Cuthbert/Courthouse" votes="188" />
                <Precinct name="Cuthbert" votes="66" />
                <Precinct name="Carnegie" votes="81" />
                <Precinct name="Fountain Bridge-4th" votes="11" />
                <Precinct name="Springvale" votes="45" />
                <Precinct name="4th District" votes="26" />
            </VoteType>
            <VoteType name="Absentee by Mail" votes="59">
                <Precinct name="Coleman" votes="1" />
                <Precinct name="Shellman" votes="22" />
                <Precinct name="Benevolence" votes="3" />
                <Precinct name="Cuthbert/Courthouse" votes="10" />
                <Precinct name="Cuthbert" votes="18" />
                <Precinct name="Carnegie" votes="1" />
                <Precinct name="Fountain Bridge-4th" votes="1" />
                <Precinct name="Springvale" votes="2" />
                <Precinct name="4th District" votes="1" />
            </VoteType>
            <VoteType name="Advance in Person" votes="527">
                <Precinct name="Coleman" votes="20" />
                <Precinct name="Shellman" votes="39" />
                <Precinct name="Benevolence" votes="44" />
                <Precinct name="Cuthbert/Courthouse" votes="304" />
                <Precinct name="Cuthbert" votes="43" />
                <Precinct name="Carnegie" votes="17" />
                <Precinct name="Fountain Bridge-4th" votes="18" />
                <Precinct name="Springvale" votes="35" />
                <Precinct name="4th District" votes="7" />
            </VoteType>
            <VoteType name="Provisional" votes="1">
                <Precinct name="Coleman" votes="1" />
                <Precinct name="Shellman" votes="0" />
                <Precinct name="Benevolence" votes="0" />
                <Precinct name="Cuthbert/Courthouse" votes="0" />
                <Precinct name="Cuthbert" votes="0" />
                <Precinct name="Carnegie" votes="0" />
                <Precinct name="Fountain Bridge-4th" votes="0" />
                <Precinct name="Springvale" votes="0" />
                <Precinct name="4th District" votes="0" />
            </VoteType>
        </Choice>
    </Contest>
    <Contest key="310" text="Constitutional Amendment #2&lt;br&gt;Authorizes penalties for sexual exploitation and assessments on adult entertainment to fund child victims' services." isQuestion="false" precinctsReporting="9" precinctsReported="9">
        <VoteType name="Number of Precincts for Race" votes="9">
            <Precinct name="Coleman" votes="1" />
            <Precinct name="Shellman" votes="1" />
            <Precinct name="Benevolence" votes="1" />
            <Precinct name="Cuthbert/Courthouse" votes="1" />
            <Precinct name="Cuthbert" votes="1" />
            <Precinct name="Carnegie" votes="1" />
            <Precinct name="Fountain Bridge-4th" votes="1" />
            <Precinct name="Springvale" votes="1" />
            <Precinct name="4th District" votes="1" />
        </VoteType>
        <VoteType name="Number of Precincts Reporting" votes="9">
            <Precinct name="Coleman" votes="1" />
            <Precinct name="Shellman" votes="1" />
            <Precinct name="Benevolence" votes="1" />
            <Precinct name="Cuthbert/Courthouse" votes="1" />
            <Precinct name="Cuthbert" votes="1" />
            <Precinct name="Carnegie" votes="1" />
            <Precinct name="Fountain Bridge-4th" votes="1" />
            <Precinct name="Springvale" votes="1" />
            <Precinct name="4th District" votes="1" />
        </VoteType>
        <Choice key="10" text="YES" totalVotes="2182">
            <VoteType name="Election Day" votes="1084">
                <Precinct name="Coleman" votes="76" />
                <Precinct name="Shellman" votes="252" />
                <Precinct name="Benevolence" votes="104" />
                <Precinct name="Cuthbert/Courthouse" votes="307" />
                <Precinct name="Cuthbert" votes="69" />
                <Precinct name="Carnegie" votes="140" />
                <Precinct name="Fountain Bridge-4th" votes="31" />
                <Precinct name="Springvale" votes="52" />
                <Precinct name="4th District" votes="53" />
            </VoteType>
            <VoteType name="Absentee by Mail" votes="132">
                <Precinct name="Coleman" votes="4" />
                <Precinct name="Shellman" votes="35" />
                <Precinct name="Benevolence" votes="7" />
                <Precinct name="Cuthbert/Courthouse" votes="35" />
                <Precinct name="Cuthbert" votes="41" />
                <Precinct name="Carnegie" votes="4" />
                <Precinct name="Fountain Bridge-4th" votes="1" />
                <Precinct name="Springvale" votes="3" />
                <Precinct name="4th District" votes="2" />
            </VoteType>
            <VoteType name="Advance in Person" votes="965">
                <Precinct name="Coleman" votes="42" />
                <Precinct name="Shellman" votes="63" />
                <Precinct name="Benevolence" votes="84" />
                <Precinct name="Cuthbert/Courthouse" votes="551" />
                <Precinct name="Cuthbert" votes="59" />
                <Precinct name="Carnegie" votes="49" />
                <Precinct name="Fountain Bridge-4th" votes="37" />
                <Precinct name="Springvale" votes="66" />
                <Precinct name="4th District" votes="14" />
            </VoteType>
            <VoteType name="Provisional" votes="1">
                <Precinct name="Coleman" votes="0" />
                <Precinct name="Shellman" votes="0" />
                <Precinct name="Benevolence" votes="0" />
                <Precinct name="Cuthbert/Courthouse" votes="0" />
                <Precinct name="Cuthbert" votes="0" />
                <Precinct name="Carnegie" votes="1" />
                <Precinct name="Fountain Bridge-4th" votes="0" />
                <Precinct name="Springvale" votes="0" />
                <Precinct name="4th District" votes="0" />
            </VoteType>
        </Choice>
        <Choice key="20" text="NO" totalVotes="482">
            <VoteType name="Election Day" votes="254">
                <Precinct name="Coleman" votes="18" />
                <Precinct name="Shellman" votes="61" />
                <Precinct name="Benevolence" votes="29" />
                <Precinct name="Cuthbert/Courthouse" votes="68" />
                <Precinct name="Cuthbert" votes="26" />
                <Precinct name="Carnegie" votes="24" />
                <Precinct name="Fountain Bridge-4th" votes="3" />
                <Precinct name="Springvale" votes="16" />
                <Precinct name="4th District" votes="9" />
            </VoteType>
            <VoteType name="Absentee by Mail" votes="18">
                <Precinct name="Coleman" votes="1" />
                <Precinct name="Shellman" votes="3" />
                <Precinct name="Benevolence" votes="1" />
                <Precinct name="Cuthbert/Courthouse" votes="3" />
                <Precinct name="Cuthbert" votes="10" />
                <Precinct name="Carnegie" votes="0" />
                <Precinct name="Fountain Bridge-4th" votes="0" />
                <Precinct name="Springvale" votes="0" />
                <Precinct name="4th District" votes="0" />
            </VoteType>
            <VoteType name="Advance in Person" votes="209">
                <Precinct name="Coleman" votes="4" />
                <Precinct name="Shellman" votes="19" />
                <Precinct name="Benevolence" votes="13" />
                <Precinct name="Cuthbert/Courthouse" votes="132" />
                <Precinct name="Cuthbert" votes="19" />
                <Precinct name="Carnegie" votes="3" />
                <Precinct name="Fountain Bridge-4th" votes="3" />
                <Precinct name="Springvale" votes="14" />
                <Precinct name="4th District" votes="2" />
            </VoteType>
            <VoteType name="Provisional" votes="1">
                <Precinct name="Coleman" votes="1" />
                <Precinct name="Shellman" votes="0" />
                <Precinct name="Benevolence" votes="0" />
                <Precinct name="Cuthbert/Courthouse" votes="0" />
                <Precinct name="Cuthbert" votes="0" />
                <Precinct name="Carnegie" votes="0" />
                <Precinct name="Fountain Bridge-4th" votes="0" />
                <Precinct name="Springvale" votes="0" />
                <Precinct name="4th District" votes="0" />
            </VoteType>
        </Choice>
    </Contest>
    <Contest key="320" text="Constitutional Amendment #3&lt;br&gt;Reforms and re-establishes the Judicial Qualifications Commission and provides for its composition, governance, and powers." isQuestion="false" precinctsReporting="9" precinctsReported="9">
        <VoteType name="Number of Precincts for Race" votes="9">
            <Precinct name="Coleman" votes="1" />
            <Precinct name="Shellman" votes="1" />
            <Precinct name="Benevolence" votes="1" />
            <Precinct name="Cuthbert/Courthouse" votes="1" />
            <Precinct name="Cuthbert" votes="1" />
            <Precinct name="Carnegie" votes="1" />
            <Precinct name="Fountain Bridge-4th" votes="1" />
            <Precinct name="Springvale" votes="1" />
            <Precinct name="4th District" votes="1" />
        </VoteType>
        <VoteType name="Number of Precincts Reporting" votes="9">
            <Precinct name="Coleman" votes="1" />
            <Precinct name="Shellman" votes="1" />
            <Precinct name="Benevolence" votes="1" />
            <Precinct name="Cuthbert/Courthouse" votes="1" />
            <Precinct name="Cuthbert" votes="1" />
            <Precinct name="Carnegie" votes="1" />
            <Precinct name="Fountain Bridge-4th" votes="1" />
            <Precinct name="Springvale" votes="1" />
            <Precinct name="4th District" votes="1" />
        </VoteType>
        <Choice key="10" text="YES" totalVotes="1625">
            <VoteType name="Election Day" votes="805">
                <Precinct name="Coleman" votes="62" />
                <Precinct name="Shellman" votes="195" />
                <Precinct name="Benevolence" votes="71" />
                <Precinct name="Cuthbert/Courthouse" votes="230" />
                <Precinct name="Cuthbert" votes="57" />
                <Precinct name="Carnegie" votes="100" />
                <Precinct name="Fountain Bridge-4th" votes="24" />
                <Precinct name="Springvale" votes="32" />
                <Precinct name="4th District" votes="34" />
            </VoteType>
            <VoteType name="Absentee by Mail" votes="99">
                <Precinct name="Coleman" votes="4" />
                <Precinct name="Shellman" votes="22" />
                <Precinct name="Benevolence" votes="5" />
                <Precinct name="Cuthbert/Courthouse" votes="25" />
                <Precinct name="Cuthbert" votes="33" />
                <Precinct name="Carnegie" votes="4" />
                <Precinct name="Fountain Bridge-4th" votes="1" />
                <Precinct name="Springvale" votes="3" />
                <Precinct name="4th District" votes="2" />
            </VoteType>
            <VoteType name="Advance in Person" votes="720">
                <Precinct name="Coleman" votes="30" />
                <Precinct name="Shellman" votes="41" />
                <Precinct name="Benevolence" votes="56" />
                <Precinct name="Cuthbert/Courthouse" votes="414" />
                <Precinct name="Cuthbert" votes="44" />
                <Precinct name="Carnegie" votes="41" />
                <Precinct name="Fountain Bridge-4th" votes="27" />
                <Precinct name="Springvale" votes="59" />
                <Precinct name="4th District" votes="8" />
            </VoteType>
            <VoteType name="Provisional" votes="1">
                <Precinct name="Coleman" votes="0" />
                <Precinct name="Shellman" votes="0" />
                <Precinct name="Benevolence" votes="0" />
                <Precinct name="Cuthbert/Courthouse" votes="0" />
                <Precinct name="Cuthbert" votes="0" />
                <Precinct name="Carnegie" votes="1" />
                <Precinct name="Fountain Bridge-4th" votes="0" />
                <Precinct name="Springvale" votes="0" />
                <Precinct name="4th District" votes="0" />
            </VoteType>
        </Choice>
        <Choice key="20" text="NO" totalVotes="899">
            <VoteType name="Election Day" votes="477">
                <Precinct name="Coleman" votes="30" />
                <Precinct name="Shellman" votes="106" />
                <Precinct name="Benevolence" votes="58" />
                <Precinct name="Cuthbert/Courthouse" votes="131" />
                <Precinct name="Cuthbert" votes="38" />
                <Precinct name="Carnegie" votes="50" />
                <Precinct name="Fountain Bridge-4th" votes="10" />
                <Precinct name="Springvale" votes="34" />
                <Precinct name="4th District" votes="20" />
            </VoteType>
            <VoteType name="Absentee by Mail" votes="42">
                <Precinct name="Coleman" votes="1" />
                <Precinct name="Shellman" votes="10" />
                <Precinct name="Benevolence" votes="3" />
                <Precinct name="Cuthbert/Courthouse" votes="11" />
                <Precinct name="Cuthbert" votes="16" />
                <Precinct name="Carnegie" votes="0" />
                <Precinct name="Fountain Bridge-4th" votes="0" />
                <Precinct name="Springvale" votes="1" />
                <Precinct name="4th District" votes="0" />
            </VoteType>
            <VoteType name="Advance in Person" votes="379">
                <Precinct name="Coleman" votes="14" />
                <Precinct name="Shellman" votes="36" />
                <Precinct name="Benevolence" votes="29" />
                <Precinct name="Cuthbert/Courthouse" votes="226" />
                <Precinct name="Cuthbert" votes="31" />
                <Precinct name="Carnegie" votes="9" />
                <Precinct name="Fountain Bridge-4th" votes="10" />
                <Precinct name="Springvale" votes="17" />
                <Precinct name="4th District" votes="7" />
            </VoteType>
            <VoteType name="Provisional" votes="1">
                <Precinct name="Coleman" votes="1" />
                <Precinct name="Shellman" votes="0" />
                <Precinct name="Benevolence" votes="0" />
                <Precinct name="Cuthbert/Courthouse" votes="0" />
                <Precinct name="Cuthbert" votes="0" />
                <Precinct name="Carnegie" votes="0" />
                <Precinct name="Fountain Bridge-4th" votes="0" />
                <Precinct name="Springvale" votes="0" />
                <Precinct name="4th District" votes="0" />
            </VoteType>
        </Choice>
    </Contest>
    <Contest key="330" text="Constitutional Amendment #4&lt;br&gt;Dedicates revenue from existing taxes on fireworks to trauma care, fire services, and public safety." isQuestion="false" precinctsReporting="9" precinctsReported="9">
        <VoteType name="Number of Precincts for Race" votes="9">
            <Precinct name="Coleman" votes="1" />
            <Precinct name="Shellman" votes="1" />
            <Precinct name="Benevolence" votes="1" />
            <Precinct name="Cuthbert/Courthouse" votes="1" />
            <Precinct name="Cuthbert" votes="1" />
            <Precinct name="Carnegie" votes="1" />
            <Precinct name="Fountain Bridge-4th" votes="1" />
            <Precinct name="Springvale" votes="1" />
            <Precinct name="4th District" votes="1" />
        </VoteType>
        <VoteType name="Number of Precincts Reporting" votes="9">
            <Precinct name="Coleman" votes="1" />
            <Precinct name="Shellman" votes="1" />
            <Precinct name="Benevolence" votes="1" />
            <Precinct name="Cuthbert/Courthouse" votes="1" />
            <Precinct name="Cuthbert" votes="1" />
            <Precinct name="Carnegie" votes="1" />
            <Precinct name="Fountain Bridge-4th" votes="1" />
            <Precinct name="Springvale" votes="1" />
            <Precinct name="4th District" votes="1" />
        </VoteType>
        <Choice key="10" text="YES" totalVotes="2086">
            <VoteType name="Election Day" votes="1027">
                <Precinct name="Coleman" votes="70" />
                <Precinct name="Shellman" votes="239" />
                <Precinct name="Benevolence" votes="93" />
                <Precinct name="Cuthbert/Courthouse" votes="300" />
                <Precinct name="Cuthbert" votes="65" />
                <Precinct name="Carnegie" votes="130" />
                <Precinct name="Fountain Bridge-4th" votes="32" />
                <Precinct name="Springvale" votes="46" />
                <Precinct name="4th District" votes="52" />
            </VoteType>
            <VoteType name="Absentee by Mail" votes="124">
                <Precinct name="Coleman" votes="4" />
                <Precinct name="Shellman" votes="33" />
                <Precinct name="Benevolence" votes="6" />
                <Precinct name="Cuthbert/Courthouse" votes="29" />
                <Precinct name="Cuthbert" votes="43" />
                <Precinct name="Carnegie" votes="4" />
                <Precinct name="Fountain Bridge-4th" votes="0" />
                <Precinct name="Springvale" votes="3" />
                <Precinct name="4th District" votes="2" />
            </VoteType>
            <VoteType name="Advance in Person" votes="934">
                <Precinct name="Coleman" votes="35" />
                <Precinct name="Shellman" votes="65" />
                <Precinct name="Benevolence" votes="81" />
                <Precinct name="Cuthbert/Courthouse" votes="532" />
                <Precinct name="Cuthbert" votes="55" />
                <Precinct name="Carnegie" votes="52" />
                <Precinct name="Fountain Bridge-4th" votes="34" />
                <Precinct name="Springvale" votes="70" />
                <Precinct name="4th District" votes="10" />
            </VoteType>
            <VoteType name="Provisional" votes="1">
                <Precinct name="Coleman" votes="0" />
                <Precinct name="Shellman" votes="0" />
                <Precinct name="Benevolence" votes="0" />
                <Precinct name="Cuthbert/Courthouse" votes="0" />
                <Precinct name="Cuthbert" votes="0" />
                <Precinct name="Carnegie" votes="1" />
                <Precinct name="Fountain Bridge-4th" votes="0" />
                <Precinct name="Springvale" votes="0" />
                <Precinct name="4th District" votes="0" />
            </VoteType>
        </Choice>
        <Choice key="20" text="NO" totalVotes="571">
            <VoteType name="Election Day" votes="304">
                <Precinct name="Coleman" votes="20" />
                <Precinct name="Shellman" votes="68" />
                <Precinct name="Benevolence" votes="42" />
                <Precinct name="Cuthbert/Courthouse" votes="76" />
                <Precinct name="Cuthbert" votes="34" />
                <Precinct name="Carnegie" votes="30" />
                <Precinct name="Fountain Bridge-4th" votes="2" />
                <Precinct name="Springvale" votes="22" />
                <Precinct name="4th District" votes="10" />
            </VoteType>
            <VoteType name="Absentee by Mail" votes="27">
                <Precinct name="Coleman" votes="0" />
                <Precinct name="Shellman" votes="2" />
                <Precinct name="Benevolence" votes="2" />
                <Precinct name="Cuthbert/Courthouse" votes="10" />
                <Precinct name="Cuthbert" votes="11" />
                <Precinct name="Carnegie" votes="0" />
                <Precinct name="Fountain Bridge-4th" votes="1" />
                <Precinct name="Springvale" votes="1" />
                <Precinct name="4th District" votes="0" />
            </VoteType>
            <VoteType name="Advance in Person" votes="239">
                <Precinct name="Coleman" votes="10" />
                <Precinct name="Shellman" votes="16" />
                <Precinct name="Benevolence" votes="16" />
                <Precinct name="Cuthbert/Courthouse" votes="147" />
                <Precinct name="Cuthbert" votes="22" />
                <Precinct name="Carnegie" votes="5" />
                <Precinct name="Fountain Bridge-4th" votes="5" />
                <Precinct name="Springvale" votes="12" />
                <Precinct name="4th District" votes="6" />
            </VoteType>
            <VoteType name="Provisional" votes="1">
                <Precinct name="Coleman" votes="1" />
                <Precinct name="Shellman" votes="0" />
                <Precinct name="Benevolence" votes="0" />
                <Precinct name="Cuthbert/Courthouse" votes="0" />
                <Precinct name="Cuthbert" votes="0" />
                <Precinct name="Carnegie" votes="0" />
                <Precinct name="Fountain Bridge-4th" votes="0" />
                <Precinct name="Springvale" votes="0" />
                <Precinct name="4th District" votes="0" />
            </VoteType>
        </Choice>
    </Contest>
    <Contest key="340" text="SPLOST" isQuestion="false" precinctsReporting="9" precinctsReported="9">
        <VoteType name="Number of Precincts for Race" votes="9">
            <Precinct name="Coleman" votes="1" />
            <Precinct name="Shellman" votes="1" />
            <Precinct name="Benevolence" votes="1" />
            <Precinct name="Cuthbert/Courthouse" votes="1" />
            <Precinct name="Cuthbert" votes="1" />
            <Precinct name="Carnegie" votes="1" />
            <Precinct name="Fountain Bridge-4th" votes="1" />
            <Precinct name="Springvale" votes="1" />
            <Precinct name="4th District" votes="1" />
        </VoteType>
        <VoteType name="Number of Precincts Reporting" votes="9">
            <Precinct name="Coleman" votes="1" />
            <Precinct name="Shellman" votes="1" />
            <Precinct name="Benevolence" votes="1" />
            <Precinct name="Cuthbert/Courthouse" votes="1" />
            <Precinct name="Cuthbert" votes="1" />
            <Precinct name="Carnegie" votes="1" />
            <Precinct name="Fountain Bridge-4th" votes="1" />
            <Precinct name="Springvale" votes="1" />
            <Precinct name="4th District" votes="1" />
        </VoteType>
        <Choice key="10" text="YES" totalVotes="1575">
            <VoteType name="Election Day" votes="793">
                <Precinct name="Coleman" votes="53" />
                <Precinct name="Shellman" votes="179" />
                <Precinct name="Benevolence" votes="73" />
                <Precinct name="Cuthbert/Courthouse" votes="225" />
                <Precinct name="Cuthbert" votes="56" />
                <Precinct name="Carnegie" votes="108" />
                <Precinct name="Fountain Bridge-4th" votes="20" />
                <Precinct name="Springvale" votes="32" />
                <Precinct name="4th District" votes="47" />
            </VoteType>
            <VoteType name="Absentee by Mail" votes="102">
                <Precinct name="Coleman" votes="1" />
                <Precinct name="Shellman" votes="32" />
                <Precinct name="Benevolence" votes="4" />
                <Precinct name="Cuthbert/Courthouse" votes="28" />
                <Precinct name="Cuthbert" votes="28" />
                <Precinct name="Carnegie" votes="4" />
                <Precinct name="Fountain Bridge-4th" votes="1" />
                <Precinct name="Springvale" votes="3" />
                <Precinct name="4th District" votes="1" />
            </VoteType>
            <VoteType name="Advance in Person" votes="679">
                <Precinct name="Coleman" votes="25" />
                <Precinct name="Shellman" votes="47" />
                <Precinct name="Benevolence" votes="41" />
                <Precinct name="Cuthbert/Courthouse" votes="413" />
                <Precinct name="Cuthbert" votes="37" />
                <Precinct name="Carnegie" votes="37" />
                <Precinct name="Fountain Bridge-4th" votes="25" />
                <Precinct name="Springvale" votes="47" />
                <Precinct name="4th District" votes="7" />
            </VoteType>
            <VoteType name="Provisional" votes="1">
                <Precinct name="Coleman" votes="0" />
                <Precinct name="Shellman" votes="0" />
                <Precinct name="Benevolence" votes="0" />
                <Precinct name="Cuthbert/Courthouse" votes="0" />
                <Precinct name="Cuthbert" votes="0" />
                <Precinct name="Carnegie" votes="1" />
                <Precinct name="Fountain Bridge-4th" votes="0" />
                <Precinct name="Springvale" votes="0" />
                <Precinct name="4th District" votes="0" />
            </VoteType>
        </Choice>
        <Choice key="20" text="NO" totalVotes="1094">
            <VoteType name="Election Day" votes="549">
                <Precinct name="Coleman" votes="39" />
                <Precinct name="Shellman" votes="129" />
                <Precinct name="Benevolence" votes="65" />
                <Precinct name="Cuthbert/Courthouse" votes="148" />
                <Precinct name="Cuthbert" votes="44" />
                <Precinct name="Carnegie" votes="60" />
                <Precinct name="Fountain Bridge-4th" votes="14" />
                <Precinct name="Springvale" votes="35" />
                <Precinct name="4th District" votes="15" />
            </VoteType>
            <VoteType name="Absentee by Mail" votes="50">
                <Precinct name="Coleman" votes="4" />
                <Precinct name="Shellman" votes="7" />
                <Precinct name="Benevolence" votes="3" />
                <Precinct name="Cuthbert/Courthouse" votes="10" />
                <Precinct name="Cuthbert" votes="24" />
                <Precinct name="Carnegie" votes="0" />
                <Precinct name="Fountain Bridge-4th" votes="0" />
                <Precinct name="Springvale" votes="1" />
                <Precinct name="4th District" votes="1" />
            </VoteType>
            <VoteType name="Advance in Person" votes="494">
                <Precinct name="Coleman" votes="21" />
                <Precinct name="Shellman" votes="34" />
                <Precinct name="Benevolence" votes="58" />
                <Precinct name="Cuthbert/Courthouse" votes="263" />
                <Precinct name="Cuthbert" votes="40" />
                <Precinct name="Carnegie" votes="21" />
                <Precinct name="Fountain Bridge-4th" votes="13" />
                <Precinct name="Springvale" votes="35" />
                <Precinct name="4th District" votes="9" />
            </VoteType>
            <VoteType name="Provisional" votes="1">
                <Precinct name="Coleman" votes="1" />
                <Precinct name="Shellman" votes="0" />
                <Precinct name="Benevolence" votes="0" />
                <Precinct name="Cuthbert/Courthouse" votes="0" />
                <Precinct name="Cuthbert" votes="0" />
                <Precinct name="Carnegie" votes="0" />
                <Precinct name="Fountain Bridge-4th" votes="0" />
                <Precinct name="Springvale" votes="0" />
                <Precinct name="4th District" votes="0" />
            </VoteType>
        </Choice>
    </Contest>
</ElectionResult>