<?xml version="1.0"?>
<!--Election result snapshot imported from Tabulation System
-->
<ElectionResult>
    <Timestamp>11/15/2016 1:31:50 PM EST</Timestamp>
    <ElectionName>November 8, 2016 - General Election</ElectionName>
    <ElectionDate>11/8/2016</ElectionDate>
    <Region>Terrell</Region>
    <VoterTurnout totalVoters="5871" ballotsCast="4233" voterTurnout="72.10">
        <Precincts>
            <Precinct name="Dawson" totalVoters="2824" ballotsCast="1860" voterTurnout="65.86" percentReporting="4" />
            <Precinct name="Sasser" totalVoters="1153" ballotsCast="915" voterTurnout="79.36" percentReporting="4" />
            <Precinct name="Bronwood" totalVoters="740" ballotsCast="564" voterTurnout="76.22" percentReporting="4" />
            <Precinct name="Parrott" totalVoters="365" ballotsCast="305" voterTurnout="83.56" percentReporting="4" />
            <Precinct name="Graves" totalVoters="536" ballotsCast="395" voterTurnout="73.69" percentReporting="4" />
            <Precinct name="Herod-Dover" totalVoters="253" ballotsCast="194" voterTurnout="76.68" percentReporting="4" />
        </Precincts>
    </VoterTurnout>
    <Contest key="1" text="President of the United States" isQuestion="false" precinctsReporting="6" precinctsReported="6">
        <VoteType name="Number of Precincts for Race" votes="6">
            <Precinct name="Dawson" votes="1" />
            <Precinct name="Sasser" votes="1" />
            <Precinct name="Bronwood" votes="1" />
            <Precinct name="Parrott" votes="1" />
            <Precinct name="Graves" votes="1" />
            <Precinct name="Herod-Dover" votes="1" />
        </VoteType>
        <VoteType name="Number of Precincts Reporting" votes="6">
            <Precinct name="Dawson" votes="1" />
            <Precinct name="Sasser" votes="1" />
            <Precinct name="Bronwood" votes="1" />
            <Precinct name="Parrott" votes="1" />
            <Precinct name="Graves" votes="1" />
            <Precinct name="Herod-Dover" votes="1" />
        </VoteType>
        <Choice key="10" text="DONALD J. TRUMP" totalVotes="1874">
            <VoteType name="Election Day" votes="870">
                <Precinct name="Dawson" votes="125" />
                <Precinct name="Sasser" votes="285" />
                <Precinct name="Bronwood" votes="151" />
                <Precinct name="Parrott" votes="107" />
                <Precinct name="Graves" votes="139" />
                <Precinct name="Herod-Dover" votes="63" />
            </VoteType>
            <VoteType name="Absentee by Mail" votes="96">
                <Precinct name="Dawson" votes="44" />
                <Precinct name="Sasser" votes="18" />
                <Precinct name="Bronwood" votes="14" />
                <Precinct name="Parrott" votes="11" />
                <Precinct name="Graves" votes="6" />
                <Precinct name="Herod-Dover" votes="3" />
            </VoteType>
            <VoteType name="Advance in Person" votes="906">
                <Precinct name="Dawson" votes="258" />
                <Precinct name="Sasser" votes="305" />
                <Precinct name="Bronwood" votes="125" />
                <Precinct name="Parrott" votes="65" />
                <Precinct name="Graves" votes="113" />
                <Precinct name="Herod-Dover" votes="40" />
            </VoteType>
            <VoteType name="Provisional" votes="2">
                <Precinct name="Dawson" votes="0" />
                <Precinct name="Sasser" votes="2" />
                <Precinct name="Bronwood" votes="0" />
                <Precinct name="Parrott" votes="0" />
                <Precinct name="Graves" votes="0" />
                <Precinct name="Herod-Dover" votes="0" />
            </VoteType>
        </Choice>
        <Choice key="20" text="HILLARY CLINTON" totalVotes="2267">
            <VoteType name="Election Day" votes="1093">
                <Precinct name="Dawson" votes="624" />
                <Precinct name="Sasser" votes="144" />
                <Precinct name="Bronwood" votes="142" />
                <Precinct name="Parrott" votes="72" />
                <Precinct name="Graves" votes="56" />
                <Precinct name="Herod-Dover" votes="55" />
            </VoteType>
            <VoteType name="Absentee by Mail" votes="164">
                <Precinct name="Dawson" votes="105" />
                <Precinct name="Sasser" votes="13" />
                <Precinct name="Bronwood" votes="24" />
                <Precinct name="Parrott" votes="6" />
                <Precinct name="Graves" votes="10" />
                <Precinct name="Herod-Dover" votes="6" />
            </VoteType>
            <VoteType name="Advance in Person" votes="1010">
                <Precinct name="Dawson" votes="666" />
                <Precinct name="Sasser" votes="129" />
                <Precinct name="Bronwood" votes="92" />
                <Precinct name="Parrott" votes="38" />
                <Precinct name="Graves" votes="63" />
                <Precinct name="Herod-Dover" votes="22" />
            </VoteType>
            <VoteType name="Provisional" votes="0">
                <Precinct name="Dawson" votes="0" />
                <Precinct name="Sasser" votes="0" />
                <Precinct name="Bronwood" votes="0" />
                <Precinct name="Parrott" votes="0" />
                <Precinct name="Graves" votes="0" />
                <Precinct name="Herod-Dover" votes="0" />
            </VoteType>
        </Choice>
        <Choice key="30" text="GARY JOHNSON" totalVotes="40">
            <VoteType name="Election Day" votes="28">
                <Precinct name="Dawson" votes="9" />
                <Precinct name="Sasser" votes="7" />
                <Precinct name="Bronwood" votes="6" />
                <Precinct name="Parrott" votes="2" />
                <Precinct name="Graves" votes="2" />
                <Precinct name="Herod-Dover" votes="2" />
            </VoteType>
            <VoteType name="Absentee by Mail" votes="2">
                <Precinct name="Dawson" votes="1" />
                <Precinct name="Sasser" votes="1" />
                <Precinct name="Bronwood" votes="0" />
                <Precinct name="Parrott" votes="0" />
                <Precinct name="Graves" votes="0" />
                <Precinct name="Herod-Dover" votes="0" />
            </VoteType>
            <VoteType name="Advance in Person" votes="10">
                <Precinct name="Dawson" votes="4" />
                <Precinct name="Sasser" votes="3" />
                <Precinct name="Bronwood" votes="1" />
                <Precinct name="Parrott" votes="1" />
                <Precinct name="Graves" votes="0" />
                <Precinct name="Herod-Dover" votes="1" />
            </VoteType>
            <VoteType name="Provisional" votes="0">
                <Precinct name="Dawson" votes="0" />
                <Precinct name="Sasser" votes="0" />
                <Precinct name="Bronwood" votes="0" />
                <Precinct name="Parrott" votes="0" />
                <Precinct name="Graves" votes="0" />
                <Precinct name="Herod-Dover" votes="0" />
            </VoteType>
        </Choice>
    </Contest>
    <Contest key="10" text="United States Senator, Isakson" isQuestion="false" precinctsReporting="6" precinctsReported="6">
        <VoteType name="Number of Precincts for Race" votes="6">
            <Precinct name="Dawson" votes="1" />
            <Precinct name="Sasser" votes="1" />
            <Precinct name="Bronwood" votes="1" />
            <Precinct name="Parrott" votes="1" />
            <Precinct name="Graves" votes="1" />
            <Precinct name="Herod-Dover" votes="1" />
        </VoteType>
        <VoteType name="Number of Precincts Reporting" votes="6">
            <Precinct name="Dawson" votes="1" />
            <Precinct name="Sasser" votes="1" />
            <Precinct name="Bronwood" votes="1" />
            <Precinct name="Parrott" votes="1" />
            <Precinct name="Graves" votes="1" />
            <Precinct name="Herod-Dover" votes="1" />
        </VoteType>
        <Choice key="30" text="JOHNNY ISAKSON (I)" totalVotes="1997">
            <VoteType name="Election Day" votes="918">
                <Precinct name="Dawson" votes="165" />
                <Precinct name="Sasser" votes="284" />
                <Precinct name="Bronwood" votes="150" />
                <Precinct name="Parrott" votes="113" />
                <Precinct name="Graves" votes="140" />
                <Precinct name="Herod-Dover" votes="66" />
            </VoteType>
            <VoteType name="Absentee by Mail" votes="107">
                <Precinct name="Dawson" votes="50" />
                <Precinct name="Sasser" votes="20" />
                <Precinct name="Bronwood" votes="16" />
                <Precinct name="Parrott" votes="12" />
                <Precinct name="Graves" votes="6" />
                <Precinct name="Herod-Dover" votes="3" />
            </VoteType>
            <VoteType name="Advance in Person" votes="970">
                <Precinct name="Dawson" votes="315" />
                <Precinct name="Sasser" votes="307" />
                <Precinct name="Bronwood" votes="133" />
                <Precinct name="Parrott" votes="67" />
                <Precinct name="Graves" votes="112" />
                <Precinct name="Herod-Dover" votes="36" />
            </VoteType>
            <VoteType name="Provisional" votes="2">
                <Precinct name="Dawson" votes="0" />
                <Precinct name="Sasser" votes="2" />
                <Precinct name="Bronwood" votes="0" />
                <Precinct name="Parrott" votes="0" />
                <Precinct name="Graves" votes="0" />
                <Precinct name="Herod-Dover" votes="0" />
            </VoteType>
        </Choice>
        <Choice key="40" text="JIM BARKSDALE" totalVotes="1857">
            <VoteType name="Election Day" votes="895">
                <Precinct name="Dawson" votes="506" />
                <Precinct name="Sasser" votes="121" />
                <Precinct name="Bronwood" votes="120" />
                <Precinct name="Parrott" votes="52" />
                <Precinct name="Graves" votes="47" />
                <Precinct name="Herod-Dover" votes="49" />
            </VoteType>
            <VoteType name="Absentee by Mail" votes="151">
                <Precinct name="Dawson" votes="94" />
                <Precinct name="Sasser" votes="12" />
                <Precinct name="Bronwood" votes="24" />
                <Precinct name="Parrott" votes="5" />
                <Precinct name="Graves" votes="10" />
                <Precinct name="Herod-Dover" votes="6" />
            </VoteType>
            <VoteType name="Advance in Person" votes="811">
                <Precinct name="Dawson" votes="530" />
                <Precinct name="Sasser" votes="101" />
                <Precinct name="Bronwood" votes="76" />
                <Precinct name="Parrott" votes="33" />
                <Precinct name="Graves" votes="49" />
                <Precinct name="Herod-Dover" votes="22" />
            </VoteType>
            <VoteType name="Provisional" votes="0">
                <Precinct name="Dawson" votes="0" />
                <Precinct name="Sasser" votes="0" />
                <Precinct name="Bronwood" votes="0" />
                <Precinct name="Parrott" votes="0" />
                <Precinct name="Graves" votes="0" />
                <Precinct name="Herod-Dover" votes="0" />
            </VoteType>
        </Choice>
        <Choice key="50" text="ALLEN BUCKLEY" totalVotes="78">
            <VoteType name="Election Day" votes="46">
                <Precinct name="Dawson" votes="17" />
                <Precinct name="Sasser" votes="11" />
                <Precinct name="Bronwood" votes="9" />
                <Precinct name="Parrott" votes="3" />
                <Precinct name="Graves" votes="5" />
                <Precinct name="Herod-Dover" votes="1" />
            </VoteType>
            <VoteType name="Absentee by Mail" votes="3">
                <Precinct name="Dawson" votes="1" />
                <Precinct name="Sasser" votes="2" />
                <Precinct name="Bronwood" votes="0" />
                <Precinct name="Parrott" votes="0" />
                <Precinct name="Graves" votes="0" />
                <Precinct name="Herod-Dover" votes="0" />
            </VoteType>
            <VoteType name="Advance in Person" votes="29">
                <Precinct name="Dawson" votes="12" />
                <Precinct name="Sasser" votes="9" />
                <Precinct name="Bronwood" votes="1" />
                <Precinct name="Parrott" votes="1" />
                <Precinct name="Graves" votes="3" />
                <Precinct name="Herod-Dover" votes="3" />
            </VoteType>
            <VoteType name="Provisional" votes="0">
                <Precinct name="Dawson" votes="0" />
                <Precinct name="Sasser" votes="0" />
                <Precinct name="Bronwood" votes="0" />
                <Precinct name="Parrott" votes="0" />
                <Precinct name="Graves" votes="0" />
                <Precinct name="Herod-Dover" votes="0" />
            </VoteType>
        </Choice>
    </Contest>
    <Contest key="30" text="Public Service Commission, District 2 - Eastern" isQuestion="false" precinctsReporting="6" precinctsReported="6">
        <VoteType name="Number of Precincts for Race" votes="6">
            <Precinct name="Dawson" votes="1" />
            <Precinct name="Sasser" votes="1" />
            <Precinct name="Bronwood" votes="1" />
            <Precinct name="Parrott" votes="1" />
            <Precinct name="Graves" votes="1" />
            <Precinct name="Herod-Dover" votes="1" />
        </VoteType>
        <VoteType name="Number of Precincts Reporting" votes="6">
            <Precinct name="Dawson" votes="1" />
            <Precinct name="Sasser" votes="1" />
            <Precinct name="Bronwood" votes="1" />
            <Precinct name="Parrott" votes="1" />
            <Precinct name="Graves" votes="1" />
            <Precinct name="Herod-Dover" votes="1" />
        </VoteType>
        <Choice key="20" text="TIM ECHOLS (I)" totalVotes="2226">
            <VoteType name="Election Day" votes="1033">
                <Precinct name="Dawson" votes="226" />
                <Precinct name="Sasser" votes="305" />
                <Precinct name="Bronwood" votes="173" />
                <Precinct name="Parrott" votes="118" />
                <Precinct name="Graves" votes="141" />
                <Precinct name="Herod-Dover" votes="70" />
            </VoteType>
            <VoteType name="Absentee by Mail" votes="125">
                <Precinct name="Dawson" votes="65" />
                <Precinct name="Sasser" votes="19" />
                <Precinct name="Bronwood" votes="21" />
                <Precinct name="Parrott" votes="11" />
                <Precinct name="Graves" votes="6" />
                <Precinct name="Herod-Dover" votes="3" />
            </VoteType>
            <VoteType name="Advance in Person" votes="1066">
                <Precinct name="Dawson" votes="381" />
                <Precinct name="Sasser" votes="322" />
                <Precinct name="Bronwood" votes="141" />
                <Precinct name="Parrott" votes="70" />
                <Precinct name="Graves" votes="111" />
                <Precinct name="Herod-Dover" votes="41" />
            </VoteType>
            <VoteType name="Provisional" votes="2">
                <Precinct name="Dawson" votes="0" />
                <Precinct name="Sasser" votes="2" />
                <Precinct name="Bronwood" votes="0" />
                <Precinct name="Parrott" votes="0" />
                <Precinct name="Graves" votes="0" />
                <Precinct name="Herod-Dover" votes="0" />
            </VoteType>
        </Choice>
        <Choice key="30" text="ERIC HOSKINS" totalVotes="1221">
            <VoteType name="Election Day" votes="626">
                <Precinct name="Dawson" votes="347" />
                <Precinct name="Sasser" votes="92" />
                <Precinct name="Bronwood" votes="82" />
                <Precinct name="Parrott" votes="41" />
                <Precinct name="Graves" votes="31" />
                <Precinct name="Herod-Dover" votes="33" />
            </VoteType>
            <VoteType name="Absentee by Mail" votes="99">
                <Precinct name="Dawson" votes="57" />
                <Precinct name="Sasser" votes="11" />
                <Precinct name="Bronwood" votes="13" />
                <Precinct name="Parrott" votes="6" />
                <Precinct name="Graves" votes="6" />
                <Precinct name="Herod-Dover" votes="6" />
            </VoteType>
            <VoteType name="Advance in Person" votes="496">
                <Precinct name="Dawson" votes="319" />
                <Precinct name="Sasser" votes="65" />
                <Precinct name="Bronwood" votes="45" />
                <Precinct name="Parrott" votes="21" />
                <Precinct name="Graves" votes="30" />
                <Precinct name="Herod-Dover" votes="16" />
            </VoteType>
            <VoteType name="Provisional" votes="0">
                <Precinct name="Dawson" votes="0" />
                <Precinct name="Sasser" votes="0" />
                <Precinct name="Bronwood" votes="0" />
                <Precinct name="Parrott" votes="0" />
                <Precinct name="Graves" votes="0" />
                <Precinct name="Herod-Dover" votes="0" />
            </VoteType>
        </Choice>
    </Contest>
    <Contest key="40" text="U.S. Representative, District 2" isQuestion="false" precinctsReporting="6" precinctsReported="6">
        <VoteType name="Number of Precincts for Race" votes="6">
            <Precinct name="Dawson" votes="1" />
            <Precinct name="Sasser" votes="1" />
            <Precinct name="Bronwood" votes="1" />
            <Precinct name="Parrott" votes="1" />
            <Precinct name="Graves" votes="1" />
            <Precinct name="Herod-Dover" votes="1" />
        </VoteType>
        <VoteType name="Number of Precincts Reporting" votes="6">
            <Precinct name="Dawson" votes="1" />
            <Precinct name="Sasser" votes="1" />
            <Precinct name="Bronwood" votes="1" />
            <Precinct name="Parrott" votes="1" />
            <Precinct name="Graves" votes="1" />
            <Precinct name="Herod-Dover" votes="1" />
        </VoteType>
        <Choice key="10" text="GREG DUKE" totalVotes="1547">
            <VoteType name="Election Day" votes="726">
                <Precinct name="Dawson" votes="111" />
                <Precinct name="Sasser" votes="243" />
                <Precinct name="Bronwood" votes="124" />
                <Precinct name="Parrott" votes="85" />
                <Precinct name="Graves" votes="110" />
                <Precinct name="Herod-Dover" votes="53" />
            </VoteType>
            <VoteType name="Absentee by Mail" votes="72">
                <Precinct name="Dawson" votes="32" />
                <Precinct name="Sasser" votes="15" />
                <Precinct name="Bronwood" votes="12" />
                <Precinct name="Parrott" votes="5" />
                <Precinct name="Graves" votes="5" />
                <Precinct name="Herod-Dover" votes="3" />
            </VoteType>
            <VoteType name="Advance in Person" votes="747">
                <Precinct name="Dawson" votes="207" />
                <Precinct name="Sasser" votes="262" />
                <Precinct name="Bronwood" votes="104" />
                <Precinct name="Parrott" votes="56" />
                <Precinct name="Graves" votes="82" />
                <Precinct name="Herod-Dover" votes="36" />
            </VoteType>
            <VoteType name="Provisional" votes="2">
                <Precinct name="Dawson" votes="0" />
                <Precinct name="Sasser" votes="2" />
                <Precinct name="Bronwood" votes="0" />
                <Precinct name="Parrott" votes="0" />
                <Precinct name="Graves" votes="0" />
                <Precinct name="Herod-Dover" votes="0" />
            </VoteType>
        </Choice>
        <Choice key="20" text="SANFORD BISHOP (I)" totalVotes="2585">
            <VoteType name="Election Day" votes="1234">
                <Precinct name="Dawson" votes="632" />
                <Precinct name="Sasser" votes="189" />
                <Precinct name="Bronwood" votes="170" />
                <Precinct name="Parrott" votes="93" />
                <Precinct name="Graves" votes="84" />
                <Precinct name="Herod-Dover" votes="66" />
            </VoteType>
            <VoteType name="Absentee by Mail" votes="190">
                <Precinct name="Dawson" votes="115" />
                <Precinct name="Sasser" votes="19" />
                <Precinct name="Bronwood" votes="27" />
                <Precinct name="Parrott" votes="12" />
                <Precinct name="Graves" votes="12" />
                <Precinct name="Herod-Dover" votes="5" />
            </VoteType>
            <VoteType name="Advance in Person" votes="1161">
                <Precinct name="Dawson" votes="707" />
                <Precinct name="Sasser" votes="171" />
                <Precinct name="Bronwood" votes="113" />
                <Precinct name="Parrott" votes="49" />
                <Precinct name="Graves" votes="95" />
                <Precinct name="Herod-Dover" votes="26" />
            </VoteType>
            <VoteType name="Provisional" votes="0">
                <Precinct name="Dawson" votes="0" />
                <Precinct name="Sasser" votes="0" />
                <Precinct name="Bronwood" votes="0" />
                <Precinct name="Parrott" votes="0" />
                <Precinct name="Graves" votes="0" />
                <Precinct name="Herod-Dover" votes="0" />
            </VoteType>
        </Choice>
    </Contest>
    <Contest key="60" text="State Senator, District 12" isQuestion="false" precinctsReporting="6" precinctsReported="6">
        <VoteType name="Number of Precincts for Race" votes="6">
            <Precinct name="Dawson" votes="1" />
            <Precinct name="Sasser" votes="1" />
            <Precinct name="Bronwood" votes="1" />
            <Precinct name="Parrott" votes="1" />
            <Precinct name="Graves" votes="1" />
            <Precinct name="Herod-Dover" votes="1" />
        </VoteType>
        <VoteType name="Number of Precincts Reporting" votes="6">
            <Precinct name="Dawson" votes="1" />
            <Precinct name="Sasser" votes="1" />
            <Precinct name="Bronwood" votes="1" />
            <Precinct name="Parrott" votes="1" />
            <Precinct name="Graves" votes="1" />
            <Precinct name="Herod-Dover" votes="1" />
        </VoteType>
        <Choice key="10" text="FREDDIE POWELL SIMS (I)" totalVotes="3148">
            <VoteType name="Election Day" votes="1501">
                <Precinct name="Dawson" votes="628" />
                <Precinct name="Sasser" votes="307" />
                <Precinct name="Bronwood" votes="208" />
                <Precinct name="Parrott" votes="129" />
                <Precinct name="Graves" votes="137" />
                <Precinct name="Herod-Dover" votes="92" />
            </VoteType>
            <VoteType name="Absentee by Mail" votes="207">
                <Precinct name="Dawson" votes="124" />
                <Precinct name="Sasser" votes="23" />
                <Precinct name="Bronwood" votes="31" />
                <Precinct name="Parrott" votes="10" />
                <Precinct name="Graves" votes="13" />
                <Precinct name="Herod-Dover" votes="6" />
            </VoteType>
            <VoteType name="Advance in Person" votes="1438">
                <Precinct name="Dawson" votes="765" />
                <Precinct name="Sasser" votes="282" />
                <Precinct name="Bronwood" votes="165" />
                <Precinct name="Parrott" votes="77" />
                <Precinct name="Graves" votes="106" />
                <Precinct name="Herod-Dover" votes="43" />
            </VoteType>
            <VoteType name="Provisional" votes="2">
                <Precinct name="Dawson" votes="0" />
                <Precinct name="Sasser" votes="2" />
                <Precinct name="Bronwood" votes="0" />
                <Precinct name="Parrott" votes="0" />
                <Precinct name="Graves" votes="0" />
                <Precinct name="Herod-Dover" votes="0" />
            </VoteType>
        </Choice>
    </Contest>
    <Contest key="70" text="State Representative, District 151" isQuestion="false" precinctsReporting="6" precinctsReported="6">
        <VoteType name="Number of Precincts for Race" votes="6">
            <Precinct name="Dawson" votes="1" />
            <Precinct name="Sasser" votes="1" />
            <Precinct name="Bronwood" votes="1" />
            <Precinct name="Parrott" votes="1" />
            <Precinct name="Graves" votes="1" />
            <Precinct name="Herod-Dover" votes="1" />
        </VoteType>
        <VoteType name="Number of Precincts Reporting" votes="6">
            <Precinct name="Dawson" votes="1" />
            <Precinct name="Sasser" votes="1" />
            <Precinct name="Bronwood" votes="1" />
            <Precinct name="Parrott" votes="1" />
            <Precinct name="Graves" votes="1" />
            <Precinct name="Herod-Dover" votes="1" />
        </VoteType>
        <Choice key="10" text="GERALD GREENE (I)" totalVotes="2432">
            <VoteType name="Election Day" votes="1105">
                <Precinct name="Dawson" votes="253" />
                <Precinct name="Sasser" votes="301" />
                <Precinct name="Bronwood" votes="202" />
                <Precinct name="Parrott" votes="119" />
                <Precinct name="Graves" votes="157" />
                <Precinct name="Herod-Dover" votes="73" />
            </VoteType>
            <VoteType name="Absentee by Mail" votes="160">
                <Precinct name="Dawson" votes="75" />
                <Precinct name="Sasser" votes="27" />
                <Precinct name="Bronwood" votes="31" />
                <Precinct name="Parrott" votes="12" />
                <Precinct name="Graves" votes="11" />
                <Precinct name="Herod-Dover" votes="4" />
            </VoteType>
            <VoteType name="Advance in Person" votes="1165">
                <Precinct name="Dawson" votes="454" />
                <Precinct name="Sasser" votes="331" />
                <Precinct name="Bronwood" votes="148" />
                <Precinct name="Parrott" votes="67" />
                <Precinct name="Graves" votes="125" />
                <Precinct name="Herod-Dover" votes="40" />
            </VoteType>
            <VoteType name="Provisional" votes="2">
                <Precinct name="Dawson" votes="0" />
                <Precinct name="Sasser" votes="2" />
                <Precinct name="Bronwood" votes="0" />
                <Precinct name="Parrott" votes="0" />
                <Precinct name="Graves" votes="0" />
                <Precinct name="Herod-Dover" votes="0" />
            </VoteType>
        </Choice>
        <Choice key="20" text="KENNETH ZACHARY JR" totalVotes="1401">
            <VoteType name="Election Day" votes="714">
                <Precinct name="Dawson" votes="415" />
                <Precinct name="Sasser" votes="111" />
                <Precinct name="Bronwood" votes="69" />
                <Precinct name="Parrott" votes="51" />
                <Precinct name="Graves" votes="27" />
                <Precinct name="Herod-Dover" votes="41" />
            </VoteType>
            <VoteType name="Absentee by Mail" votes="91">
                <Precinct name="Dawson" votes="66" />
                <Precinct name="Sasser" votes="5" />
                <Precinct name="Bronwood" votes="5" />
                <Precinct name="Parrott" votes="5" />
                <Precinct name="Graves" votes="6" />
                <Precinct name="Herod-Dover" votes="4" />
            </VoteType>
            <VoteType name="Advance in Person" votes="596">
                <Precinct name="Dawson" votes="374" />
                <Precinct name="Sasser" votes="81" />
                <Precinct name="Bronwood" votes="56" />
                <Precinct name="Parrott" votes="31" />
                <Precinct name="Graves" votes="35" />
                <Precinct name="Herod-Dover" votes="19" />
            </VoteType>
            <VoteType name="Provisional" votes="0">
                <Precinct name="Dawson" votes="0" />
                <Precinct name="Sasser" votes="0" />
                <Precinct name="Bronwood" votes="0" />
                <Precinct name="Parrott" votes="0" />
                <Precinct name="Graves" votes="0" />
                <Precinct name="Herod-Dover" votes="0" />
            </VoteType>
        </Choice>
    </Contest>
    <Contest key="90" text="District Attorney, Pataula Circuit" isQuestion="false" precinctsReporting="6" precinctsReported="6">
        <VoteType name="Number of Precincts for Race" votes="6">
            <Precinct name="Dawson" votes="1" />
            <Precinct name="Sasser" votes="1" />
            <Precinct name="Bronwood" votes="1" />
            <Precinct name="Parrott" votes="1" />
            <Precinct name="Graves" votes="1" />
            <Precinct name="Herod-Dover" votes="1" />
        </VoteType>
        <VoteType name="Number of Precincts Reporting" votes="6">
            <Precinct name="Dawson" votes="1" />
            <Precinct name="Sasser" votes="1" />
            <Precinct name="Bronwood" votes="1" />
            <Precinct name="Parrott" votes="1" />
            <Precinct name="Graves" votes="1" />
            <Precinct name="Herod-Dover" votes="1" />
        </VoteType>
        <Choice key="10" text="T.CRAIG EARNEST (I)" totalVotes="3109">
            <VoteType name="Election Day" votes="1466">
                <Precinct name="Dawson" votes="618" />
                <Precinct name="Sasser" votes="295" />
                <Precinct name="Bronwood" votes="197" />
                <Precinct name="Parrott" votes="130" />
                <Precinct name="Graves" votes="137" />
                <Precinct name="Herod-Dover" votes="89" />
            </VoteType>
            <VoteType name="Absentee by Mail" votes="207">
                <Precinct name="Dawson" votes="121" />
                <Precinct name="Sasser" votes="25" />
                <Precinct name="Bronwood" votes="29" />
                <Precinct name="Parrott" votes="10" />
                <Precinct name="Graves" votes="14" />
                <Precinct name="Herod-Dover" votes="8" />
            </VoteType>
            <VoteType name="Advance in Person" votes="1434">
                <Precinct name="Dawson" votes="746" />
                <Precinct name="Sasser" votes="294" />
                <Precinct name="Bronwood" votes="158" />
                <Precinct name="Parrott" votes="74" />
                <Precinct name="Graves" votes="115" />
                <Precinct name="Herod-Dover" votes="47" />
            </VoteType>
            <VoteType name="Provisional" votes="2">
                <Precinct name="Dawson" votes="0" />
                <Precinct name="Sasser" votes="2" />
                <Precinct name="Bronwood" votes="0" />
                <Precinct name="Parrott" votes="0" />
                <Precinct name="Graves" votes="0" />
                <Precinct name="Herod-Dover" votes="0" />
            </VoteType>
        </Choice>
    </Contest>
    <Contest key="100" text="CLERK, SUPERIOR COURT" isQuestion="false" precinctsReporting="6" precinctsReported="6">
        <VoteType name="Number of Precincts for Race" votes="6">
            <Precinct name="Dawson" votes="1" />
            <Precinct name="Sasser" votes="1" />
            <Precinct name="Bronwood" votes="1" />
            <Precinct name="Parrott" votes="1" />
            <Precinct name="Graves" votes="1" />
            <Precinct name="Herod-Dover" votes="1" />
        </VoteType>
        <VoteType name="Number of Precincts Reporting" votes="6">
            <Precinct name="Dawson" votes="1" />
            <Precinct name="Sasser" votes="1" />
            <Precinct name="Bronwood" votes="1" />
            <Precinct name="Parrott" votes="1" />
            <Precinct name="Graves" votes="1" />
            <Precinct name="Herod-Dover" votes="1" />
        </VoteType>
        <Choice key="10" text="J. S. BRYANT (I) D" totalVotes="3380">
            <VoteType name="Election Day" votes="1603">
                <Precinct name="Dawson" votes="641" />
                <Precinct name="Sasser" votes="331" />
                <Precinct name="Bronwood" votes="224" />
                <Precinct name="Parrott" votes="143" />
                <Precinct name="Graves" votes="160" />
                <Precinct name="Herod-Dover" votes="104" />
            </VoteType>
            <VoteType name="Absentee by Mail" votes="217">
                <Precinct name="Dawson" votes="123" />
                <Precinct name="Sasser" votes="26" />
                <Precinct name="Bronwood" votes="32" />
                <Precinct name="Parrott" votes="13" />
                <Precinct name="Graves" votes="15" />
                <Precinct name="Herod-Dover" votes="8" />
            </VoteType>
            <VoteType name="Advance in Person" votes="1558">
                <Precinct name="Dawson" votes="791" />
                <Precinct name="Sasser" votes="322" />
                <Precinct name="Bronwood" votes="175" />
                <Precinct name="Parrott" votes="82" />
                <Precinct name="Graves" votes="136" />
                <Precinct name="Herod-Dover" votes="52" />
            </VoteType>
            <VoteType name="Provisional" votes="2">
                <Precinct name="Dawson" votes="0" />
                <Precinct name="Sasser" votes="2" />
                <Precinct name="Bronwood" votes="0" />
                <Precinct name="Parrott" votes="0" />
                <Precinct name="Graves" votes="0" />
                <Precinct name="Herod-Dover" votes="0" />
            </VoteType>
        </Choice>
    </Contest>
    <Contest key="110" text="SHERIFF" isQuestion="false" precinctsReporting="6" precinctsReported="6">
        <VoteType name="Number of Precincts for Race" votes="6">
            <Precinct name="Dawson" votes="1" />
            <Precinct name="Sasser" votes="1" />
            <Precinct name="Bronwood" votes="1" />
            <Precinct name="Parrott" votes="1" />
            <Precinct name="Graves" votes="1" />
            <Precinct name="Herod-Dover" votes="1" />
        </VoteType>
        <VoteType name="Number of Precincts Reporting" votes="6">
            <Precinct name="Dawson" votes="1" />
            <Precinct name="Sasser" votes="1" />
            <Precinct name="Bronwood" votes="1" />
            <Precinct name="Parrott" votes="1" />
            <Precinct name="Graves" votes="1" />
            <Precinct name="Herod-Dover" votes="1" />
        </VoteType>
        <Choice key="10" text="J. W. BOWENS (I) D" totalVotes="3426">
            <VoteType name="Election Day" votes="1642">
                <Precinct name="Dawson" votes="666" />
                <Precinct name="Sasser" votes="332" />
                <Precinct name="Bronwood" votes="236" />
                <Precinct name="Parrott" votes="144" />
                <Precinct name="Graves" votes="161" />
                <Precinct name="Herod-Dover" votes="103" />
            </VoteType>
            <VoteType name="Absentee by Mail" votes="221">
                <Precinct name="Dawson" votes="129" />
                <Precinct name="Sasser" votes="26" />
                <Precinct name="Bronwood" votes="31" />
                <Precinct name="Parrott" votes="11" />
                <Precinct name="Graves" votes="16" />
                <Precinct name="Herod-Dover" votes="8" />
            </VoteType>
            <VoteType name="Advance in Person" votes="1561">
                <Precinct name="Dawson" votes="818" />
                <Precinct name="Sasser" votes="320" />
                <Precinct name="Bronwood" votes="164" />
                <Precinct name="Parrott" votes="77" />
                <Precinct name="Graves" votes="132" />
                <Precinct name="Herod-Dover" votes="50" />
            </VoteType>
            <VoteType name="Provisional" votes="2">
                <Precinct name="Dawson" votes="0" />
                <Precinct name="Sasser" votes="2" />
                <Precinct name="Bronwood" votes="0" />
                <Precinct name="Parrott" votes="0" />
                <Precinct name="Graves" votes="0" />
                <Precinct name="Herod-Dover" votes="0" />
            </VoteType>
        </Choice>
    </Contest>
    <Contest key="120" text="TAX COMMISSIONER" isQuestion="false" precinctsReporting="6" precinctsReported="6">
        <VoteType name="Number of Precincts for Race" votes="6">
            <Precinct name="Dawson" votes="1" />
            <Precinct name="Sasser" votes="1" />
            <Precinct name="Bronwood" votes="1" />
            <Precinct name="Parrott" votes="1" />
            <Precinct name="Graves" votes="1" />
            <Precinct name="Herod-Dover" votes="1" />
        </VoteType>
        <VoteType name="Number of Precincts Reporting" votes="6">
            <Precinct name="Dawson" votes="1" />
            <Precinct name="Sasser" votes="1" />
            <Precinct name="Bronwood" votes="1" />
            <Precinct name="Parrott" votes="1" />
            <Precinct name="Graves" votes="1" />
            <Precinct name="Herod-Dover" votes="1" />
        </VoteType>
        <Choice key="30" text="M. E. HARNAGE (D)" totalVotes="3437">
            <VoteType name="Election Day" votes="1628">
                <Precinct name="Dawson" votes="658" />
                <Precinct name="Sasser" votes="329" />
                <Precinct name="Bronwood" votes="225" />
                <Precinct name="Parrott" votes="150" />
                <Precinct name="Graves" votes="164" />
                <Precinct name="Herod-Dover" votes="102" />
            </VoteType>
            <VoteType name="Absentee by Mail" votes="226">
                <Precinct name="Dawson" votes="130" />
                <Precinct name="Sasser" votes="28" />
                <Precinct name="Bronwood" votes="30" />
                <Precinct name="Parrott" votes="14" />
                <Precinct name="Graves" votes="16" />
                <Precinct name="Herod-Dover" votes="8" />
            </VoteType>
            <VoteType name="Advance in Person" votes="1581">
                <Precinct name="Dawson" votes="813" />
                <Precinct name="Sasser" votes="322" />
                <Precinct name="Bronwood" votes="178" />
                <Precinct name="Parrott" votes="85" />
                <Precinct name="Graves" votes="134" />
                <Precinct name="Herod-Dover" votes="49" />
            </VoteType>
            <VoteType name="Provisional" votes="2">
                <Precinct name="Dawson" votes="0" />
                <Precinct name="Sasser" votes="2" />
                <Precinct name="Bronwood" votes="0" />
                <Precinct name="Parrott" votes="0" />
                <Precinct name="Graves" votes="0" />
                <Precinct name="Herod-Dover" votes="0" />
            </VoteType>
        </Choice>
    </Contest>
    <Contest key="130" text="TREASURER" isQuestion="false" precinctsReporting="6" precinctsReported="6">
        <VoteType name="Number of Precincts for Race" votes="6">
            <Precinct name="Dawson" votes="1" />
            <Precinct name="Sasser" votes="1" />
            <Precinct name="Bronwood" votes="1" />
            <Precinct name="Parrott" votes="1" />
            <Precinct name="Graves" votes="1" />
            <Precinct name="Herod-Dover" votes="1" />
        </VoteType>
        <VoteType name="Number of Precincts Reporting" votes="6">
            <Precinct name="Dawson" votes="1" />
            <Precinct name="Sasser" votes="1" />
            <Precinct name="Bronwood" votes="1" />
            <Precinct name="Parrott" votes="1" />
            <Precinct name="Graves" votes="1" />
            <Precinct name="Herod-Dover" votes="1" />
        </VoteType>
        <Choice key="10" text="P. E DONALDSON (I) D" totalVotes="3292">
            <VoteType name="Election Day" votes="1561">
                <Precinct name="Dawson" votes="630" />
                <Precinct name="Sasser" votes="318" />
                <Precinct name="Bronwood" votes="215" />
                <Precinct name="Parrott" votes="143" />
                <Precinct name="Graves" votes="156" />
                <Precinct name="Herod-Dover" votes="99" />
            </VoteType>
            <VoteType name="Absentee by Mail" votes="206">
                <Precinct name="Dawson" votes="117" />
                <Precinct name="Sasser" votes="25" />
                <Precinct name="Bronwood" votes="31" />
                <Precinct name="Parrott" votes="11" />
                <Precinct name="Graves" votes="15" />
                <Precinct name="Herod-Dover" votes="7" />
            </VoteType>
            <VoteType name="Advance in Person" votes="1523">
                <Precinct name="Dawson" votes="783" />
                <Precinct name="Sasser" votes="312" />
                <Precinct name="Bronwood" votes="172" />
                <Precinct name="Parrott" votes="77" />
                <Precinct name="Graves" votes="127" />
                <Precinct name="Herod-Dover" votes="52" />
            </VoteType>
            <VoteType name="Provisional" votes="2">
                <Precinct name="Dawson" votes="0" />
                <Precinct name="Sasser" votes="2" />
                <Precinct name="Bronwood" votes="0" />
                <Precinct name="Parrott" votes="0" />
                <Precinct name="Graves" votes="0" />
                <Precinct name="Herod-Dover" votes="0" />
            </VoteType>
        </Choice>
    </Contest>
    <Contest key="150" text="CHAIR CC" isQuestion="false" precinctsReporting="6" precinctsReported="6">
        <VoteType name="Number of Precincts for Race" votes="6">
            <Precinct name="Dawson" votes="1" />
            <Precinct name="Sasser" votes="1" />
            <Precinct name="Bronwood" votes="1" />
            <Precinct name="Parrott" votes="1" />
            <Precinct name="Graves" votes="1" />
            <Precinct name="Herod-Dover" votes="1" />
        </VoteType>
        <VoteType name="Number of Precincts Reporting" votes="6">
            <Precinct name="Dawson" votes="1" />
            <Precinct name="Sasser" votes="1" />
            <Precinct name="Bronwood" votes="1" />
            <Precinct name="Parrott" votes="1" />
            <Precinct name="Graves" votes="1" />
            <Precinct name="Herod-Dover" votes="1" />
        </VoteType>
        <Choice key="10" text="L. K. FAUST, SR. (D)" totalVotes="1797">
            <VoteType name="Election Day" votes="857">
                <Precinct name="Dawson" votes="406" />
                <Precinct name="Sasser" votes="165" />
                <Precinct name="Bronwood" votes="126" />
                <Precinct name="Parrott" votes="62" />
                <Precinct name="Graves" votes="53" />
                <Precinct name="Herod-Dover" votes="45" />
            </VoteType>
            <VoteType name="Absentee by Mail" votes="136">
                <Precinct name="Dawson" votes="79" />
                <Precinct name="Sasser" votes="14" />
                <Precinct name="Bronwood" votes="19" />
                <Precinct name="Parrott" votes="8" />
                <Precinct name="Graves" votes="10" />
                <Precinct name="Herod-Dover" votes="6" />
            </VoteType>
            <VoteType name="Advance in Person" votes="803">
                <Precinct name="Dawson" votes="459" />
                <Precinct name="Sasser" votes="132" />
                <Precinct name="Bronwood" votes="87" />
                <Precinct name="Parrott" votes="38" />
                <Precinct name="Graves" votes="66" />
                <Precinct name="Herod-Dover" votes="21" />
            </VoteType>
            <VoteType name="Provisional" votes="1">
                <Precinct name="Dawson" votes="0" />
                <Precinct name="Sasser" votes="1" />
                <Precinct name="Bronwood" votes="0" />
                <Precinct name="Parrott" votes="0" />
                <Precinct name="Graves" votes="0" />
                <Precinct name="Herod-Dover" votes="0" />
            </VoteType>
        </Choice>
        <Choice key="20" text="W. T GAMBLE III (IN)" totalVotes="2198">
            <VoteType name="Election Day" votes="1042">
                <Precinct name="Dawson" votes="320" />
                <Precinct name="Sasser" votes="238" />
                <Precinct name="Bronwood" votes="158" />
                <Precinct name="Parrott" votes="113" />
                <Precinct name="Graves" votes="140" />
                <Precinct name="Herod-Dover" votes="73" />
            </VoteType>
            <VoteType name="Absentee by Mail" votes="127">
                <Precinct name="Dawson" votes="70" />
                <Precinct name="Sasser" votes="19" />
                <Precinct name="Bronwood" votes="19" />
                <Precinct name="Parrott" votes="9" />
                <Precinct name="Graves" votes="7" />
                <Precinct name="Herod-Dover" votes="3" />
            </VoteType>
            <VoteType name="Advance in Person" votes="1028">
                <Precinct name="Dawson" votes="431" />
                <Precinct name="Sasser" votes="266" />
                <Precinct name="Bronwood" votes="125" />
                <Precinct name="Parrott" votes="63" />
                <Precinct name="Graves" votes="101" />
                <Precinct name="Herod-Dover" votes="42" />
            </VoteType>
            <VoteType name="Provisional" votes="1">
                <Precinct name="Dawson" votes="0" />
                <Precinct name="Sasser" votes="1" />
                <Precinct name="Bronwood" votes="0" />
                <Precinct name="Parrott" votes="0" />
                <Precinct name="Graves" votes="0" />
                <Precinct name="Herod-Dover" votes="0" />
            </VoteType>
        </Choice>
    </Contest>
    <Contest key="170" text="Constitutional Amendment #1&lt;br&gt;Provides greater flexibility and state accountability to fix failing schools through increasing community involvement." isQuestion="false" precinctsReporting="6" precinctsReported="6">
        <VoteType name="Number of Precincts for Race" votes="6">
            <Precinct name="Dawson" votes="1" />
            <Precinct name="Sasser" votes="1" />
            <Precinct name="Bronwood" votes="1" />
            <Precinct name="Parrott" votes="1" />
            <Precinct name="Graves" votes="1" />
            <Precinct name="Herod-Dover" votes="1" />
        </VoteType>
        <VoteType name="Number of Precincts Reporting" votes="6">
            <Precinct name="Dawson" votes="1" />
            <Precinct name="Sasser" votes="1" />
            <Precinct name="Bronwood" votes="1" />
            <Precinct name="Parrott" votes="1" />
            <Precinct name="Graves" votes="1" />
            <Precinct name="Herod-Dover" votes="1" />
        </VoteType>
        <Choice key="10" text="YES" totalVotes="1609">
            <VoteType name="Election Day" votes="736">
                <Precinct name="Dawson" votes="278" />
                <Precinct name="Sasser" votes="164" />
                <Precinct name="Bronwood" votes="113" />
                <Precinct name="Parrott" votes="60" />
                <Precinct name="Graves" votes="64" />
                <Precinct name="Herod-Dover" votes="57" />
            </VoteType>
            <VoteType name="Absentee by Mail" votes="127">
                <Precinct name="Dawson" votes="79" />
                <Precinct name="Sasser" votes="14" />
                <Precinct name="Bronwood" votes="15" />
                <Precinct name="Parrott" votes="6" />
                <Precinct name="Graves" votes="10" />
                <Precinct name="Herod-Dover" votes="3" />
            </VoteType>
            <VoteType name="Advance in Person" votes="744">
                <Precinct name="Dawson" votes="360" />
                <Precinct name="Sasser" votes="176" />
                <Precinct name="Bronwood" votes="69" />
                <Precinct name="Parrott" votes="55" />
                <Precinct name="Graves" votes="64" />
                <Precinct name="Herod-Dover" votes="20" />
            </VoteType>
            <VoteType name="Provisional" votes="2">
                <Precinct name="Dawson" votes="0" />
                <Precinct name="Sasser" votes="2" />
                <Precinct name="Bronwood" votes="0" />
                <Precinct name="Parrott" votes="0" />
                <Precinct name="Graves" votes="0" />
                <Precinct name="Herod-Dover" votes="0" />
            </VoteType>
        </Choice>
        <Choice key="20" text="NO" totalVotes="2475">
            <VoteType name="Election Day" votes="1201">
                <Precinct name="Dawson" votes="445" />
                <Precinct name="Sasser" votes="265" />
                <Precinct name="Bronwood" votes="180" />
                <Precinct name="Parrott" votes="117" />
                <Precinct name="Graves" votes="132" />
                <Precinct name="Herod-Dover" votes="62" />
            </VoteType>
            <VoteType name="Absentee by Mail" votes="128">
                <Precinct name="Dawson" votes="63" />
                <Precinct name="Sasser" votes="19" />
                <Precinct name="Bronwood" votes="24" />
                <Precinct name="Parrott" votes="10" />
                <Precinct name="Graves" votes="6" />
                <Precinct name="Herod-Dover" votes="6" />
            </VoteType>
            <VoteType name="Advance in Person" votes="1146">
                <Precinct name="Dawson" votes="551" />
                <Precinct name="Sasser" votes="246" />
                <Precinct name="Bronwood" votes="148" />
                <Precinct name="Parrott" votes="49" />
                <Precinct name="Graves" votes="111" />
                <Precinct name="Herod-Dover" votes="41" />
            </VoteType>
            <VoteType name="Provisional" votes="0">
                <Precinct name="Dawson" votes="0" />
                <Precinct name="Sasser" votes="0" />
                <Precinct name="Bronwood" votes="0" />
                <Precinct name="Parrott" votes="0" />
                <Precinct name="Graves" votes="0" />
                <Precinct name="Herod-Dover" votes="0" />
            </VoteType>
        </Choice>
    </Contest>
    <Contest key="180" text="Constitutional Amendment #2&lt;br&gt;Authorizes penalties for sexual exploitation and assessments on adult entertainment to fund child victims' services." isQuestion="false" precinctsReporting="6" precinctsReported="6">
        <VoteType name="Number of Precincts for Race" votes="6">
            <Precinct name="Dawson" votes="1" />
            <Precinct name="Sasser" votes="1" />
            <Precinct name="Bronwood" votes="1" />
            <Precinct name="Parrott" votes="1" />
            <Precinct name="Graves" votes="1" />
            <Precinct name="Herod-Dover" votes="1" />
        </VoteType>
        <VoteType name="Number of Precincts Reporting" votes="6">
            <Precinct name="Dawson" votes="1" />
            <Precinct name="Sasser" votes="1" />
            <Precinct name="Bronwood" votes="1" />
            <Precinct name="Parrott" votes="1" />
            <Precinct name="Graves" votes="1" />
            <Precinct name="Herod-Dover" votes="1" />
        </VoteType>
        <Choice key="10" text="YES" totalVotes="3145">
            <VoteType name="Election Day" votes="1454">
                <Precinct name="Dawson" votes="536" />
                <Precinct name="Sasser" votes="348" />
                <Precinct name="Bronwood" votes="182" />
                <Precinct name="Parrott" votes="141" />
                <Precinct name="Graves" votes="157" />
                <Precinct name="Herod-Dover" votes="90" />
            </VoteType>
            <VoteType name="Absentee by Mail" votes="205">
                <Precinct name="Dawson" votes="114" />
                <Precinct name="Sasser" votes="29" />
                <Precinct name="Bronwood" votes="30" />
                <Precinct name="Parrott" votes="14" />
                <Precinct name="Graves" votes="12" />
                <Precinct name="Herod-Dover" votes="6" />
            </VoteType>
            <VoteType name="Advance in Person" votes="1485">
                <Precinct name="Dawson" votes="684" />
                <Precinct name="Sasser" votes="360" />
                <Precinct name="Bronwood" votes="171" />
                <Precinct name="Parrott" votes="86" />
                <Precinct name="Graves" votes="138" />
                <Precinct name="Herod-Dover" votes="46" />
            </VoteType>
            <VoteType name="Provisional" votes="1">
                <Precinct name="Dawson" votes="0" />
                <Precinct name="Sasser" votes="1" />
                <Precinct name="Bronwood" votes="0" />
                <Precinct name="Parrott" votes="0" />
                <Precinct name="Graves" votes="0" />
                <Precinct name="Herod-Dover" votes="0" />
            </VoteType>
        </Choice>
        <Choice key="20" text="NO" totalVotes="794">
            <VoteType name="Election Day" votes="414">
                <Precinct name="Dawson" votes="162" />
                <Precinct name="Sasser" votes="75" />
                <Precinct name="Bronwood" votes="86" />
                <Precinct name="Parrott" votes="29" />
                <Precinct name="Graves" votes="35" />
                <Precinct name="Herod-Dover" votes="27" />
            </VoteType>
            <VoteType name="Absentee by Mail" votes="39">
                <Precinct name="Dawson" votes="20" />
                <Precinct name="Sasser" votes="5" />
                <Precinct name="Bronwood" votes="6" />
                <Precinct name="Parrott" votes="2" />
                <Precinct name="Graves" votes="3" />
                <Precinct name="Herod-Dover" votes="3" />
            </VoteType>
            <VoteType name="Advance in Person" votes="340">
                <Precinct name="Dawson" votes="189" />
                <Precinct name="Sasser" votes="57" />
                <Precinct name="Bronwood" votes="35" />
                <Precinct name="Parrott" votes="16" />
                <Precinct name="Graves" votes="30" />
                <Precinct name="Herod-Dover" votes="13" />
            </VoteType>
            <VoteType name="Provisional" votes="1">
                <Precinct name="Dawson" votes="0" />
                <Precinct name="Sasser" votes="1" />
                <Precinct name="Bronwood" votes="0" />
                <Precinct name="Parrott" votes="0" />
                <Precinct name="Graves" votes="0" />
                <Precinct name="Herod-Dover" votes="0" />
            </VoteType>
        </Choice>
    </Contest>
    <Contest key="190" text="Constitutional Amendment #3&lt;br&gt;Reforms and re-establishes the Judicial Qualifications Commission and provides for its composition, governance, and powers." isQuestion="false" precinctsReporting="6" precinctsReported="6">
        <VoteType name="Number of Precincts for Race" votes="6">
            <Precinct name="Dawson" votes="1" />
            <Precinct name="Sasser" votes="1" />
            <Precinct name="Bronwood" votes="1" />
            <Precinct name="Parrott" votes="1" />
            <Precinct name="Graves" votes="1" />
            <Precinct name="Herod-Dover" votes="1" />
        </VoteType>
        <VoteType name="Number of Precincts Reporting" votes="6">
            <Precinct name="Dawson" votes="1" />
            <Precinct name="Sasser" votes="1" />
            <Precinct name="Bronwood" votes="1" />
            <Precinct name="Parrott" votes="1" />
            <Precinct name="Graves" votes="1" />
            <Precinct name="Herod-Dover" votes="1" />
        </VoteType>
        <Choice key="10" text="YES" totalVotes="2338">
            <VoteType name="Election Day" votes="1122">
                <Precinct name="Dawson" votes="443" />
                <Precinct name="Sasser" votes="237" />
                <Precinct name="Bronwood" votes="164" />
                <Precinct name="Parrott" votes="98" />
                <Precinct name="Graves" votes="102" />
                <Precinct name="Herod-Dover" votes="78" />
            </VoteType>
            <VoteType name="Absentee by Mail" votes="137">
                <Precinct name="Dawson" votes="76" />
                <Precinct name="Sasser" votes="14" />
                <Precinct name="Bronwood" votes="22" />
                <Precinct name="Parrott" votes="8" />
                <Precinct name="Graves" votes="12" />
                <Precinct name="Herod-Dover" votes="5" />
            </VoteType>
            <VoteType name="Advance in Person" votes="1077">
                <Precinct name="Dawson" votes="509" />
                <Precinct name="Sasser" votes="246" />
                <Precinct name="Bronwood" votes="118" />
                <Precinct name="Parrott" votes="70" />
                <Precinct name="Graves" votes="98" />
                <Precinct name="Herod-Dover" votes="36" />
            </VoteType>
            <VoteType name="Provisional" votes="2">
                <Precinct name="Dawson" votes="0" />
                <Precinct name="Sasser" votes="2" />
                <Precinct name="Bronwood" votes="0" />
                <Precinct name="Parrott" votes="0" />
                <Precinct name="Graves" votes="0" />
                <Precinct name="Herod-Dover" votes="0" />
            </VoteType>
        </Choice>
        <Choice key="20" text="NO" totalVotes="1351">
            <VoteType name="Election Day" votes="644">
                <Precinct name="Dawson" votes="206" />
                <Precinct name="Sasser" votes="155" />
                <Precinct name="Bronwood" votes="104" />
                <Precinct name="Parrott" votes="65" />
                <Precinct name="Graves" votes="81" />
                <Precinct name="Herod-Dover" votes="33" />
            </VoteType>
            <VoteType name="Absentee by Mail" votes="90">
                <Precinct name="Dawson" votes="47" />
                <Precinct name="Sasser" votes="19" />
                <Precinct name="Bronwood" votes="11" />
                <Precinct name="Parrott" votes="6" />
                <Precinct name="Graves" votes="3" />
                <Precinct name="Herod-Dover" votes="4" />
            </VoteType>
            <VoteType name="Advance in Person" votes="617">
                <Precinct name="Dawson" votes="305" />
                <Precinct name="Sasser" votes="136" />
                <Precinct name="Bronwood" votes="69" />
                <Precinct name="Parrott" votes="28" />
                <Precinct name="Graves" votes="59" />
                <Precinct name="Herod-Dover" votes="20" />
            </VoteType>
            <VoteType name="Provisional" votes="0">
                <Precinct name="Dawson" votes="0" />
                <Precinct name="Sasser" votes="0" />
                <Precinct name="Bronwood" votes="0" />
                <Precinct name="Parrott" votes="0" />
                <Precinct name="Graves" votes="0" />
                <Precinct name="Herod-Dover" votes="0" />
            </VoteType>
        </Choice>
    </Contest>
    <Contest key="200" text="Constitutional Amendment #4&lt;br&gt;Dedicates revenue from existing taxes on fireworks to trauma care, fire services, and public safety." isQuestion="false" precinctsReporting="6" precinctsReported="6">
        <VoteType name="Number of Precincts for Race" votes="6">
            <Precinct name="Dawson" votes="1" />
            <Precinct name="Sasser" votes="1" />
            <Precinct name="Bronwood" votes="1" />
            <Precinct name="Parrott" votes="1" />
            <Precinct name="Graves" votes="1" />
            <Precinct name="Herod-Dover" votes="1" />
        </VoteType>
        <VoteType name="Number of Precincts Reporting" votes="6">
            <Precinct name="Dawson" votes="1" />
            <Precinct name="Sasser" votes="1" />
            <Precinct name="Bronwood" votes="1" />
            <Precinct name="Parrott" votes="1" />
            <Precinct name="Graves" votes="1" />
            <Precinct name="Herod-Dover" votes="1" />
        </VoteType>
        <Choice key="10" text="YES" totalVotes="3020">
            <VoteType name="Election Day" votes="1393">
                <Precinct name="Dawson" votes="497" />
                <Precinct name="Sasser" votes="335" />
                <Precinct name="Bronwood" votes="198" />
                <Precinct name="Parrott" votes="134" />
                <Precinct name="Graves" votes="139" />
                <Precinct name="Herod-Dover" votes="90" />
            </VoteType>
            <VoteType name="Absentee by Mail" votes="219">
                <Precinct name="Dawson" votes="120" />
                <Precinct name="Sasser" votes="27" />
                <Precinct name="Bronwood" votes="38" />
                <Precinct name="Parrott" votes="12" />
                <Precinct name="Graves" votes="14" />
                <Precinct name="Herod-Dover" votes="8" />
            </VoteType>
            <VoteType name="Advance in Person" votes="1406">
                <Precinct name="Dawson" votes="653" />
                <Precinct name="Sasser" votes="332" />
                <Precinct name="Bronwood" votes="151" />
                <Precinct name="Parrott" votes="85" />
                <Precinct name="Graves" votes="138" />
                <Precinct name="Herod-Dover" votes="47" />
            </VoteType>
            <VoteType name="Provisional" votes="2">
                <Precinct name="Dawson" votes="0" />
                <Precinct name="Sasser" votes="2" />
                <Precinct name="Bronwood" votes="0" />
                <Precinct name="Parrott" votes="0" />
                <Precinct name="Graves" votes="0" />
                <Precinct name="Herod-Dover" votes="0" />
            </VoteType>
        </Choice>
        <Choice key="20" text="NO" totalVotes="824">
            <VoteType name="Election Day" votes="420">
                <Precinct name="Dawson" votes="170" />
                <Precinct name="Sasser" votes="75" />
                <Precinct name="Bronwood" votes="67" />
                <Precinct name="Parrott" votes="34" />
                <Precinct name="Graves" votes="50" />
                <Precinct name="Herod-Dover" votes="24" />
            </VoteType>
            <VoteType name="Absentee by Mail" votes="32">
                <Precinct name="Dawson" votes="18" />
                <Precinct name="Sasser" votes="7" />
                <Precinct name="Bronwood" votes="1" />
                <Precinct name="Parrott" votes="3" />
                <Precinct name="Graves" votes="2" />
                <Precinct name="Herod-Dover" votes="1" />
            </VoteType>
            <VoteType name="Advance in Person" votes="372">
                <Precinct name="Dawson" votes="189" />
                <Precinct name="Sasser" votes="76" />
                <Precinct name="Bronwood" votes="48" />
                <Precinct name="Parrott" votes="17" />
                <Precinct name="Graves" votes="29" />
                <Precinct name="Herod-Dover" votes="13" />
            </VoteType>
            <VoteType name="Provisional" votes="0">
                <Precinct name="Dawson" votes="0" />
                <Precinct name="Sasser" votes="0" />
                <Precinct name="Bronwood" votes="0" />
                <Precinct name="Parrott" votes="0" />
                <Precinct name="Graves" votes="0" />
                <Precinct name="Herod-Dover" votes="0" />
            </VoteType>
        </Choice>
    </Contest>
    <Contest key="510" text="MAYOR" isQuestion="false" precinctsReporting="1" precinctsReported="1">
        <VoteType name="Number of Precincts for Race" votes="1">
            <Precinct name="Dawson" votes="1" />
        </VoteType>
        <VoteType name="Number of Precincts Reporting" votes="1">
            <Precinct name="Dawson" votes="1" />
        </VoteType>
        <Choice key="10" text="R. L. ALBRITTEN" totalVotes="1067">
            <VoteType name="Election Day" votes="386">
                <Precinct name="Dawson" votes="386" />
            </VoteType>
            <VoteType name="Absentee by Mail" votes="99">
                <Precinct name="Dawson" votes="99" />
            </VoteType>
            <VoteType name="Advance in Person" votes="582">
                <Precinct name="Dawson" votes="582" />
            </VoteType>
            <VoteType name="Provisional" votes="0">
                <Precinct name="Dawson" votes="0" />
            </VoteType>
        </Choice>
        <Choice key="20" text="C. K. WRIGHT (I)" totalVotes="578">
            <VoteType name="Election Day" votes="305">
                <Precinct name="Dawson" votes="305" />
            </VoteType>
            <VoteType name="Absentee by Mail" votes="36">
                <Precinct name="Dawson" votes="36" />
            </VoteType>
            <VoteType name="Advance in Person" votes="237">
                <Precinct name="Dawson" votes="237" />
            </VoteType>
            <VoteType name="Provisional" votes="0">
                <Precinct name="Dawson" votes="0" />
            </VoteType>
        </Choice>
    </Contest>
    <Contest key="520" text="CITY COUNCIL, W1" isQuestion="false" precinctsReporting="1" precinctsReported="1">
        <VoteType name="Number of Precincts for Race" votes="1">
            <Precinct name="Dawson" votes="1" />
        </VoteType>
        <VoteType name="Number of Precincts Reporting" votes="1">
            <Precinct name="Dawson" votes="1" />
        </VoteType>
        <Choice key="10" text="A. GARDNER (I)" totalVotes="201">
            <VoteType name="Election Day" votes="109">
                <Precinct name="Dawson" votes="109" />
            </VoteType>
            <VoteType name="Absentee by Mail" votes="8">
                <Precinct name="Dawson" votes="8" />
            </VoteType>
            <VoteType name="Advance in Person" votes="84">
                <Precinct name="Dawson" votes="84" />
            </VoteType>
            <VoteType name="Provisional" votes="0">
                <Precinct name="Dawson" votes="0" />
            </VoteType>
        </Choice>
    </Contest>
    <Contest key="530" text="CITY COUNCIL, W3" isQuestion="false" precinctsReporting="1" precinctsReported="1">
        <VoteType name="Number of Precincts for Race" votes="1">
            <Precinct name="Dawson" votes="1" />
        </VoteType>
        <VoteType name="Number of Precincts Reporting" votes="1">
            <Precinct name="Dawson" votes="1" />
        </VoteType>
        <Choice key="10" text="C. A. STEPHENS (I)" totalVotes="246">
            <VoteType name="Election Day" votes="105">
                <Precinct name="Dawson" votes="105" />
            </VoteType>
            <VoteType name="Absentee by Mail" votes="12">
                <Precinct name="Dawson" votes="12" />
            </VoteType>
            <VoteType name="Advance in Person" votes="129">
                <Precinct name="Dawson" votes="129" />
            </VoteType>
            <VoteType name="Provisional" votes="0">
                <Precinct name="Dawson" votes="0" />
            </VoteType>
        </Choice>
    </Contest>
    <Contest key="540" text="CITY COUNCIL, W4" isQuestion="false" precinctsReporting="1" precinctsReported="1">
        <VoteType name="Number of Precincts for Race" votes="1">
            <Precinct name="Dawson" votes="1" />
        </VoteType>
        <VoteType name="Number of Precincts Reporting" votes="1">
            <Precinct name="Dawson" votes="1" />
        </VoteType>
        <Choice key="10" text="J. HARRIS (I)" totalVotes="291">
            <VoteType name="Election Day" votes="108">
                <Precinct name="Dawson" votes="108" />
            </VoteType>
            <VoteType name="Absentee by Mail" votes="25">
                <Precinct name="Dawson" votes="25" />
            </VoteType>
            <VoteType name="Advance in Person" votes="158">
                <Precinct name="Dawson" votes="158" />
            </VoteType>
            <VoteType name="Provisional" votes="0">
                <Precinct name="Dawson" votes="0" />
            </VoteType>
        </Choice>
    </Contest>
    <Contest key="600" text="SPECIAL- City of Dawson Referendum" isQuestion="false" precinctsReporting="1" precinctsReported="1">
        <VoteType name="Number of Precincts for Race" votes="1">
            <Precinct name="Dawson" votes="1" />
        </VoteType>
        <VoteType name="Number of Precincts Reporting" votes="1">
            <Precinct name="Dawson" votes="1" />
        </VoteType>
        <Choice key="10" text="YES" totalVotes="1126">
            <VoteType name="Election Day" votes="539">
                <Precinct name="Dawson" votes="539" />
            </VoteType>
            <VoteType name="Absentee by Mail" votes="67">
                <Precinct name="Dawson" votes="67" />
            </VoteType>
            <VoteType name="Advance in Person" votes="520">
                <Precinct name="Dawson" votes="520" />
            </VoteType>
            <VoteType name="Provisional" votes="0">
                <Precinct name="Dawson" votes="0" />
            </VoteType>
        </Choice>
        <Choice key="20" text="NO" totalVotes="546">
            <VoteType name="Election Day" votes="157">
                <Precinct name="Dawson" votes="157" />
            </VoteType>
            <VoteType name="Absentee by Mail" votes="72">
                <Precinct name="Dawson" votes="72" />
            </VoteType>
            <VoteType name="Advance in Person" votes="317">
                <Precinct name="Dawson" votes="317" />
            </VoteType>
            <VoteType name="Provisional" votes="0">
                <Precinct name="Dawson" votes="0" />
            </VoteType>
        </Choice>
    </Contest>
</ElectionResult>