<?xml version="1.0"?>
<!--Election result snapshot imported from Tabulation System
-->
<ElectionResult>
    <Timestamp>11/14/2016 1:59:25 PM EST</Timestamp>
    <ElectionName>November 8, 2016 - General Election</ElectionName>
    <ElectionDate>11/8/2016</ElectionDate>
    <Region>Peach</Region>
    <VoterTurnout totalVoters="14630" ballotsCast="10848" voterTurnout="74.15">
        <Precincts>
            <Precinct name="BYRON #1" totalVoters="2067" ballotsCast="1709" voterTurnout="82.68" percentReporting="4" />
            <Precinct name="BYRON #2" totalVoters="3657" ballotsCast="2885" voterTurnout="78.89" percentReporting="4" />
            <Precinct name="CLAUDE" totalVoters="686" ballotsCast="562" voterTurnout="81.92" percentReporting="4" />
            <Precinct name="FORT VALLEY #1" totalVoters="2182" ballotsCast="1553" voterTurnout="71.17" percentReporting="4" />
            <Precinct name="FORT VALLEY #2" totalVoters="2063" ballotsCast="1430" voterTurnout="69.32" percentReporting="4" />
            <Precinct name="FORT VALLEY #3" totalVoters="2912" ballotsCast="1826" voterTurnout="62.71" percentReporting="4" />
            <Precinct name="POWERSVILLE" totalVoters="1063" ballotsCast="883" voterTurnout="83.07" percentReporting="4" />
        </Precincts>
    </VoterTurnout>
    <Contest key="5" text="President of the United States" isQuestion="false" precinctsReporting="7" precinctsReported="7">
        <VoteType name="Number of Precincts for Race" votes="7">
            <Precinct name="BYRON #1" votes="1" />
            <Precinct name="BYRON #2" votes="1" />
            <Precinct name="CLAUDE" votes="1" />
            <Precinct name="FORT VALLEY #1" votes="1" />
            <Precinct name="FORT VALLEY #2" votes="1" />
            <Precinct name="FORT VALLEY #3" votes="1" />
            <Precinct name="POWERSVILLE" votes="1" />
        </VoteType>
        <VoteType name="Number of Precincts Reporting" votes="7">
            <Precinct name="BYRON #1" votes="1" />
            <Precinct name="BYRON #2" votes="1" />
            <Precinct name="CLAUDE" votes="1" />
            <Precinct name="FORT VALLEY #1" votes="1" />
            <Precinct name="FORT VALLEY #2" votes="1" />
            <Precinct name="FORT VALLEY #3" votes="1" />
            <Precinct name="POWERSVILLE" votes="1" />
        </VoteType>
        <Choice key="10" text="DONALD J. TRUMP" totalVotes="5413">
            <VoteType name="Election Day" votes="1481">
                <Precinct name="BYRON #1" votes="290" />
                <Precinct name="BYRON #2" votes="424" />
                <Precinct name="CLAUDE" votes="220" />
                <Precinct name="FORT VALLEY #1" votes="143" />
                <Precinct name="FORT VALLEY #2" votes="104" />
                <Precinct name="FORT VALLEY #3" votes="37" />
                <Precinct name="POWERSVILLE" votes="263" />
            </VoteType>
            <VoteType name="Absentee by Mail" votes="169">
                <Precinct name="BYRON #1" votes="19" />
                <Precinct name="BYRON #2" votes="48" />
                <Precinct name="CLAUDE" votes="13" />
                <Precinct name="FORT VALLEY #1" votes="45" />
                <Precinct name="FORT VALLEY #2" votes="17" />
                <Precinct name="FORT VALLEY #3" votes="8" />
                <Precinct name="POWERSVILLE" votes="19" />
            </VoteType>
            <VoteType name="Advance in Person" votes="3755">
                <Precinct name="BYRON #1" votes="903" />
                <Precinct name="BYRON #2" votes="1359" />
                <Precinct name="CLAUDE" votes="209" />
                <Precinct name="FORT VALLEY #1" votes="422" />
                <Precinct name="FORT VALLEY #2" votes="321" />
                <Precinct name="FORT VALLEY #3" votes="158" />
                <Precinct name="POWERSVILLE" votes="383" />
            </VoteType>
            <VoteType name="Provisional" votes="8">
                <Precinct name="BYRON #1" votes="4" />
                <Precinct name="BYRON #2" votes="3" />
                <Precinct name="CLAUDE" votes="0" />
                <Precinct name="FORT VALLEY #1" votes="0" />
                <Precinct name="FORT VALLEY #2" votes="0" />
                <Precinct name="FORT VALLEY #3" votes="1" />
                <Precinct name="POWERSVILLE" votes="0" />
            </VoteType>
        </Choice>
        <Choice key="20" text="HILLARY CLINTON" totalVotes="5100">
            <VoteType name="Election Day" votes="1669">
                <Precinct name="BYRON #1" votes="116" />
                <Precinct name="BYRON #2" votes="275" />
                <Precinct name="CLAUDE" votes="47" />
                <Precinct name="FORT VALLEY #1" votes="288" />
                <Precinct name="FORT VALLEY #2" votes="313" />
                <Precinct name="FORT VALLEY #3" votes="569" />
                <Precinct name="POWERSVILLE" votes="61" />
            </VoteType>
            <VoteType name="Absentee by Mail" votes="186">
                <Precinct name="BYRON #1" votes="10" />
                <Precinct name="BYRON #2" votes="21" />
                <Precinct name="CLAUDE" votes="4" />
                <Precinct name="FORT VALLEY #1" votes="28" />
                <Precinct name="FORT VALLEY #2" votes="50" />
                <Precinct name="FORT VALLEY #3" votes="66" />
                <Precinct name="POWERSVILLE" votes="7" />
            </VoteType>
            <VoteType name="Advance in Person" votes="3228">
                <Precinct name="BYRON #1" votes="316" />
                <Precinct name="BYRON #2" votes="650" />
                <Precinct name="CLAUDE" votes="48" />
                <Precinct name="FORT VALLEY #1" votes="568" />
                <Precinct name="FORT VALLEY #2" votes="585" />
                <Precinct name="FORT VALLEY #3" votes="937" />
                <Precinct name="POWERSVILLE" votes="124" />
            </VoteType>
            <VoteType name="Provisional" votes="17">
                <Precinct name="BYRON #1" votes="1" />
                <Precinct name="BYRON #2" votes="1" />
                <Precinct name="CLAUDE" votes="3" />
                <Precinct name="FORT VALLEY #1" votes="5" />
                <Precinct name="FORT VALLEY #2" votes="2" />
                <Precinct name="FORT VALLEY #3" votes="3" />
                <Precinct name="POWERSVILLE" votes="2" />
            </VoteType>
        </Choice>
        <Choice key="30" text="GARY JOHNSON" totalVotes="211">
            <VoteType name="Election Day" votes="98">
                <Precinct name="BYRON #1" votes="21" />
                <Precinct name="BYRON #2" votes="25" />
                <Precinct name="CLAUDE" votes="8" />
                <Precinct name="FORT VALLEY #1" votes="13" />
                <Precinct name="FORT VALLEY #2" votes="12" />
                <Precinct name="FORT VALLEY #3" votes="7" />
                <Precinct name="POWERSVILLE" votes="12" />
            </VoteType>
            <VoteType name="Absentee by Mail" votes="8">
                <Precinct name="BYRON #1" votes="0" />
                <Precinct name="BYRON #2" votes="4" />
                <Precinct name="CLAUDE" votes="0" />
                <Precinct name="FORT VALLEY #1" votes="2" />
                <Precinct name="FORT VALLEY #2" votes="1" />
                <Precinct name="FORT VALLEY #3" votes="1" />
                <Precinct name="POWERSVILLE" votes="0" />
            </VoteType>
            <VoteType name="Advance in Person" votes="105">
                <Precinct name="BYRON #1" votes="16" />
                <Precinct name="BYRON #2" votes="39" />
                <Precinct name="CLAUDE" votes="3" />
                <Precinct name="FORT VALLEY #1" votes="18" />
                <Precinct name="FORT VALLEY #2" votes="7" />
                <Precinct name="FORT VALLEY #3" votes="17" />
                <Precinct name="POWERSVILLE" votes="5" />
            </VoteType>
            <VoteType name="Provisional" votes="0">
                <Precinct name="BYRON #1" votes="0" />
                <Precinct name="BYRON #2" votes="0" />
                <Precinct name="CLAUDE" votes="0" />
                <Precinct name="FORT VALLEY #1" votes="0" />
                <Precinct name="FORT VALLEY #2" votes="0" />
                <Precinct name="FORT VALLEY #3" votes="0" />
                <Precinct name="POWERSVILLE" votes="0" />
            </VoteType>
        </Choice>
    </Contest>
    <Contest key="10" text="United States Senator, Isakson" isQuestion="false" precinctsReporting="7" precinctsReported="7">
        <VoteType name="Number of Precincts for Race" votes="7">
            <Precinct name="BYRON #1" votes="1" />
            <Precinct name="BYRON #2" votes="1" />
            <Precinct name="CLAUDE" votes="1" />
            <Precinct name="FORT VALLEY #1" votes="1" />
            <Precinct name="FORT VALLEY #2" votes="1" />
            <Precinct name="FORT VALLEY #3" votes="1" />
            <Precinct name="POWERSVILLE" votes="1" />
        </VoteType>
        <VoteType name="Number of Precincts Reporting" votes="7">
            <Precinct name="BYRON #1" votes="1" />
            <Precinct name="BYRON #2" votes="1" />
            <Precinct name="CLAUDE" votes="1" />
            <Precinct name="FORT VALLEY #1" votes="1" />
            <Precinct name="FORT VALLEY #2" votes="1" />
            <Precinct name="FORT VALLEY #3" votes="1" />
            <Precinct name="POWERSVILLE" votes="1" />
        </VoteType>
        <Choice key="10" text="JOHNNY ISAKSON (I)" totalVotes="5419">
            <VoteType name="Election Day" votes="1513">
                <Precinct name="BYRON #1" votes="282" />
                <Precinct name="BYRON #2" votes="429" />
                <Precinct name="CLAUDE" votes="220" />
                <Precinct name="FORT VALLEY #1" votes="154" />
                <Precinct name="FORT VALLEY #2" votes="122" />
                <Precinct name="FORT VALLEY #3" votes="50" />
                <Precinct name="POWERSVILLE" votes="256" />
            </VoteType>
            <VoteType name="Absentee by Mail" votes="173">
                <Precinct name="BYRON #1" votes="23" />
                <Precinct name="BYRON #2" votes="47" />
                <Precinct name="CLAUDE" votes="13" />
                <Precinct name="FORT VALLEY #1" votes="42" />
                <Precinct name="FORT VALLEY #2" votes="19" />
                <Precinct name="FORT VALLEY #3" votes="11" />
                <Precinct name="POWERSVILLE" votes="18" />
            </VoteType>
            <VoteType name="Advance in Person" votes="3723">
                <Precinct name="BYRON #1" votes="854" />
                <Precinct name="BYRON #2" votes="1296" />
                <Precinct name="CLAUDE" votes="195" />
                <Precinct name="FORT VALLEY #1" votes="452" />
                <Precinct name="FORT VALLEY #2" votes="345" />
                <Precinct name="FORT VALLEY #3" votes="211" />
                <Precinct name="POWERSVILLE" votes="370" />
            </VoteType>
            <VoteType name="Provisional" votes="10">
                <Precinct name="BYRON #1" votes="4" />
                <Precinct name="BYRON #2" votes="4" />
                <Precinct name="CLAUDE" votes="1" />
                <Precinct name="FORT VALLEY #1" votes="0" />
                <Precinct name="FORT VALLEY #2" votes="0" />
                <Precinct name="FORT VALLEY #3" votes="1" />
                <Precinct name="POWERSVILLE" votes="0" />
            </VoteType>
        </Choice>
        <Choice key="20" text="JIM BARKSDALE" totalVotes="4454">
            <VoteType name="Election Day" votes="1456">
                <Precinct name="BYRON #1" votes="100" />
                <Precinct name="BYRON #2" votes="235" />
                <Precinct name="CLAUDE" votes="32" />
                <Precinct name="FORT VALLEY #1" votes="252" />
                <Precinct name="FORT VALLEY #2" votes="272" />
                <Precinct name="FORT VALLEY #3" votes="511" />
                <Precinct name="POWERSVILLE" votes="54" />
            </VoteType>
            <VoteType name="Absentee by Mail" votes="178">
                <Precinct name="BYRON #1" votes="6" />
                <Precinct name="BYRON #2" votes="22" />
                <Precinct name="CLAUDE" votes="4" />
                <Precinct name="FORT VALLEY #1" votes="29" />
                <Precinct name="FORT VALLEY #2" votes="49" />
                <Precinct name="FORT VALLEY #3" votes="62" />
                <Precinct name="POWERSVILLE" votes="6" />
            </VoteType>
            <VoteType name="Advance in Person" votes="2803">
                <Precinct name="BYRON #1" votes="284" />
                <Precinct name="BYRON #2" votes="581" />
                <Precinct name="CLAUDE" votes="42" />
                <Precinct name="FORT VALLEY #1" votes="471" />
                <Precinct name="FORT VALLEY #2" votes="500" />
                <Precinct name="FORT VALLEY #3" votes="820" />
                <Precinct name="POWERSVILLE" votes="105" />
            </VoteType>
            <VoteType name="Provisional" votes="17">
                <Precinct name="BYRON #1" votes="2" />
                <Precinct name="BYRON #2" votes="1" />
                <Precinct name="CLAUDE" votes="2" />
                <Precinct name="FORT VALLEY #1" votes="5" />
                <Precinct name="FORT VALLEY #2" votes="2" />
                <Precinct name="FORT VALLEY #3" votes="3" />
                <Precinct name="POWERSVILLE" votes="2" />
            </VoteType>
        </Choice>
        <Choice key="30" text="ALLEN BUCKLEY" totalVotes="323">
            <VoteType name="Election Day" votes="124">
                <Precinct name="BYRON #1" votes="18" />
                <Precinct name="BYRON #2" votes="34" />
                <Precinct name="CLAUDE" votes="14" />
                <Precinct name="FORT VALLEY #1" votes="15" />
                <Precinct name="FORT VALLEY #2" votes="18" />
                <Precinct name="FORT VALLEY #3" votes="13" />
                <Precinct name="POWERSVILLE" votes="12" />
            </VoteType>
            <VoteType name="Absentee by Mail" votes="11">
                <Precinct name="BYRON #1" votes="0" />
                <Precinct name="BYRON #2" votes="3" />
                <Precinct name="CLAUDE" votes="0" />
                <Precinct name="FORT VALLEY #1" votes="4" />
                <Precinct name="FORT VALLEY #2" votes="0" />
                <Precinct name="FORT VALLEY #3" votes="2" />
                <Precinct name="POWERSVILLE" votes="2" />
            </VoteType>
            <VoteType name="Advance in Person" votes="188">
                <Precinct name="BYRON #1" votes="37" />
                <Precinct name="BYRON #2" votes="74" />
                <Precinct name="CLAUDE" votes="5" />
                <Precinct name="FORT VALLEY #1" votes="22" />
                <Precinct name="FORT VALLEY #2" votes="14" />
                <Precinct name="FORT VALLEY #3" votes="19" />
                <Precinct name="POWERSVILLE" votes="17" />
            </VoteType>
            <VoteType name="Provisional" votes="0">
                <Precinct name="BYRON #1" votes="0" />
                <Precinct name="BYRON #2" votes="0" />
                <Precinct name="CLAUDE" votes="0" />
                <Precinct name="FORT VALLEY #1" votes="0" />
                <Precinct name="FORT VALLEY #2" votes="0" />
                <Precinct name="FORT VALLEY #3" votes="0" />
                <Precinct name="POWERSVILLE" votes="0" />
            </VoteType>
        </Choice>
    </Contest>
    <Contest key="30" text="Public Service Commission, District 2 - Eastern" isQuestion="false" precinctsReporting="7" precinctsReported="7">
        <VoteType name="Number of Precincts for Race" votes="7">
            <Precinct name="BYRON #1" votes="1" />
            <Precinct name="BYRON #2" votes="1" />
            <Precinct name="CLAUDE" votes="1" />
            <Precinct name="FORT VALLEY #1" votes="1" />
            <Precinct name="FORT VALLEY #2" votes="1" />
            <Precinct name="FORT VALLEY #3" votes="1" />
            <Precinct name="POWERSVILLE" votes="1" />
        </VoteType>
        <VoteType name="Number of Precincts Reporting" votes="7">
            <Precinct name="BYRON #1" votes="1" />
            <Precinct name="BYRON #2" votes="1" />
            <Precinct name="CLAUDE" votes="1" />
            <Precinct name="FORT VALLEY #1" votes="1" />
            <Precinct name="FORT VALLEY #2" votes="1" />
            <Precinct name="FORT VALLEY #3" votes="1" />
            <Precinct name="POWERSVILLE" votes="1" />
        </VoteType>
        <Choice key="10" text="TIM ECHOLS (I)" totalVotes="6077">
            <VoteType name="Election Day" votes="1741">
                <Precinct name="BYRON #1" votes="300" />
                <Precinct name="BYRON #2" votes="471" />
                <Precinct name="CLAUDE" votes="227" />
                <Precinct name="FORT VALLEY #1" votes="184" />
                <Precinct name="FORT VALLEY #2" votes="158" />
                <Precinct name="FORT VALLEY #3" votes="139" />
                <Precinct name="POWERSVILLE" votes="262" />
            </VoteType>
            <VoteType name="Absentee by Mail" votes="207">
                <Precinct name="BYRON #1" votes="22" />
                <Precinct name="BYRON #2" votes="52" />
                <Precinct name="CLAUDE" votes="14" />
                <Precinct name="FORT VALLEY #1" votes="47" />
                <Precinct name="FORT VALLEY #2" votes="24" />
                <Precinct name="FORT VALLEY #3" votes="25" />
                <Precinct name="POWERSVILLE" votes="23" />
            </VoteType>
            <VoteType name="Advance in Person" votes="4115">
                <Precinct name="BYRON #1" votes="903" />
                <Precinct name="BYRON #2" votes="1381" />
                <Precinct name="CLAUDE" votes="207" />
                <Precinct name="FORT VALLEY #1" votes="500" />
                <Precinct name="FORT VALLEY #2" votes="396" />
                <Precinct name="FORT VALLEY #3" votes="333" />
                <Precinct name="POWERSVILLE" votes="395" />
            </VoteType>
            <VoteType name="Provisional" votes="14">
                <Precinct name="BYRON #1" votes="5" />
                <Precinct name="BYRON #2" votes="5" />
                <Precinct name="CLAUDE" votes="0" />
                <Precinct name="FORT VALLEY #1" votes="1" />
                <Precinct name="FORT VALLEY #2" votes="1" />
                <Precinct name="FORT VALLEY #3" votes="2" />
                <Precinct name="POWERSVILLE" votes="0" />
            </VoteType>
        </Choice>
        <Choice key="20" text="ERIC HOSKINS" totalVotes="3081">
            <VoteType name="Election Day" votes="1112">
                <Precinct name="BYRON #1" votes="95" />
                <Precinct name="BYRON #2" votes="191" />
                <Precinct name="CLAUDE" votes="29" />
                <Precinct name="FORT VALLEY #1" votes="184" />
                <Precinct name="FORT VALLEY #2" votes="201" />
                <Precinct name="FORT VALLEY #3" votes="359" />
                <Precinct name="POWERSVILLE" votes="53" />
            </VoteType>
            <VoteType name="Absentee by Mail" votes="101">
                <Precinct name="BYRON #1" votes="6" />
                <Precinct name="BYRON #2" votes="13" />
                <Precinct name="CLAUDE" votes="2" />
                <Precinct name="FORT VALLEY #1" votes="21" />
                <Precinct name="FORT VALLEY #2" votes="24" />
                <Precinct name="FORT VALLEY #3" votes="32" />
                <Precinct name="POWERSVILLE" votes="3" />
            </VoteType>
            <VoteType name="Advance in Person" votes="1861">
                <Precinct name="BYRON #1" votes="208" />
                <Precinct name="BYRON #2" votes="433" />
                <Precinct name="CLAUDE" votes="31" />
                <Precinct name="FORT VALLEY #1" votes="306" />
                <Precinct name="FORT VALLEY #2" votes="307" />
                <Precinct name="FORT VALLEY #3" votes="506" />
                <Precinct name="POWERSVILLE" votes="70" />
            </VoteType>
            <VoteType name="Provisional" votes="7">
                <Precinct name="BYRON #1" votes="1" />
                <Precinct name="BYRON #2" votes="0" />
                <Precinct name="CLAUDE" votes="2" />
                <Precinct name="FORT VALLEY #1" votes="2" />
                <Precinct name="FORT VALLEY #2" votes="1" />
                <Precinct name="FORT VALLEY #3" votes="0" />
                <Precinct name="POWERSVILLE" votes="1" />
            </VoteType>
        </Choice>
    </Contest>
    <Contest key="50" text="U.S. Representative, District 2" isQuestion="false" precinctsReporting="7" precinctsReported="7">
        <VoteType name="Number of Precincts for Race" votes="7">
            <Precinct name="BYRON #1" votes="1" />
            <Precinct name="BYRON #2" votes="1" />
            <Precinct name="CLAUDE" votes="1" />
            <Precinct name="FORT VALLEY #1" votes="1" />
            <Precinct name="FORT VALLEY #2" votes="1" />
            <Precinct name="FORT VALLEY #3" votes="1" />
            <Precinct name="POWERSVILLE" votes="1" />
        </VoteType>
        <VoteType name="Number of Precincts Reporting" votes="7">
            <Precinct name="BYRON #1" votes="1" />
            <Precinct name="BYRON #2" votes="1" />
            <Precinct name="CLAUDE" votes="1" />
            <Precinct name="FORT VALLEY #1" votes="1" />
            <Precinct name="FORT VALLEY #2" votes="1" />
            <Precinct name="FORT VALLEY #3" votes="1" />
            <Precinct name="POWERSVILLE" votes="1" />
        </VoteType>
        <Choice key="10" text="GREG DUKE" totalVotes="5012">
            <VoteType name="Election Day" votes="1412">
                <Precinct name="BYRON #1" votes="273" />
                <Precinct name="BYRON #2" votes="404" />
                <Precinct name="CLAUDE" votes="210" />
                <Precinct name="FORT VALLEY #1" votes="135" />
                <Precinct name="FORT VALLEY #2" votes="106" />
                <Precinct name="FORT VALLEY #3" votes="55" />
                <Precinct name="POWERSVILLE" votes="229" />
            </VoteType>
            <VoteType name="Absentee by Mail" votes="155">
                <Precinct name="BYRON #1" votes="16" />
                <Precinct name="BYRON #2" votes="46" />
                <Precinct name="CLAUDE" votes="13" />
                <Precinct name="FORT VALLEY #1" votes="40" />
                <Precinct name="FORT VALLEY #2" votes="18" />
                <Precinct name="FORT VALLEY #3" votes="6" />
                <Precinct name="POWERSVILLE" votes="16" />
            </VoteType>
            <VoteType name="Advance in Person" votes="3436">
                <Precinct name="BYRON #1" votes="807" />
                <Precinct name="BYRON #2" votes="1245" />
                <Precinct name="CLAUDE" votes="185" />
                <Precinct name="FORT VALLEY #1" votes="385" />
                <Precinct name="FORT VALLEY #2" votes="297" />
                <Precinct name="FORT VALLEY #3" votes="155" />
                <Precinct name="POWERSVILLE" votes="362" />
            </VoteType>
            <VoteType name="Provisional" votes="9">
                <Precinct name="BYRON #1" votes="3" />
                <Precinct name="BYRON #2" votes="4" />
                <Precinct name="CLAUDE" votes="2" />
                <Precinct name="FORT VALLEY #1" votes="0" />
                <Precinct name="FORT VALLEY #2" votes="0" />
                <Precinct name="FORT VALLEY #3" votes="0" />
                <Precinct name="POWERSVILLE" votes="0" />
            </VoteType>
        </Choice>
        <Choice key="20" text="SANFORD BISHOP (I)" totalVotes="5456">
            <VoteType name="Election Day" votes="1749">
                <Precinct name="BYRON #1" votes="137" />
                <Precinct name="BYRON #2" votes="300" />
                <Precinct name="CLAUDE" votes="63" />
                <Precinct name="FORT VALLEY #1" votes="300" />
                <Precinct name="FORT VALLEY #2" votes="306" />
                <Precinct name="FORT VALLEY #3" votes="549" />
                <Precinct name="POWERSVILLE" votes="94" />
            </VoteType>
            <VoteType name="Absentee by Mail" votes="205">
                <Precinct name="BYRON #1" votes="11" />
                <Precinct name="BYRON #2" votes="26" />
                <Precinct name="CLAUDE" votes="3" />
                <Precinct name="FORT VALLEY #1" votes="36" />
                <Precinct name="FORT VALLEY #2" votes="50" />
                <Precinct name="FORT VALLEY #3" votes="69" />
                <Precinct name="POWERSVILLE" votes="10" />
            </VoteType>
            <VoteType name="Advance in Person" votes="3484">
                <Precinct name="BYRON #1" votes="393" />
                <Precinct name="BYRON #2" votes="740" />
                <Precinct name="CLAUDE" votes="62" />
                <Precinct name="FORT VALLEY #1" votes="604" />
                <Precinct name="FORT VALLEY #2" votes="602" />
                <Precinct name="FORT VALLEY #3" votes="939" />
                <Precinct name="POWERSVILLE" votes="144" />
            </VoteType>
            <VoteType name="Provisional" votes="18">
                <Precinct name="BYRON #1" votes="3" />
                <Precinct name="BYRON #2" votes="1" />
                <Precinct name="CLAUDE" votes="1" />
                <Precinct name="FORT VALLEY #1" votes="5" />
                <Precinct name="FORT VALLEY #2" votes="2" />
                <Precinct name="FORT VALLEY #3" votes="4" />
                <Precinct name="POWERSVILLE" votes="2" />
            </VoteType>
        </Choice>
    </Contest>
    <Contest key="70" text="State Senator, District 18" isQuestion="false" precinctsReporting="7" precinctsReported="7">
        <VoteType name="Number of Precincts for Race" votes="7">
            <Precinct name="BYRON #1" votes="1" />
            <Precinct name="BYRON #2" votes="1" />
            <Precinct name="CLAUDE" votes="1" />
            <Precinct name="FORT VALLEY #1" votes="1" />
            <Precinct name="FORT VALLEY #2" votes="1" />
            <Precinct name="FORT VALLEY #3" votes="1" />
            <Precinct name="POWERSVILLE" votes="1" />
        </VoteType>
        <VoteType name="Number of Precincts Reporting" votes="7">
            <Precinct name="BYRON #1" votes="1" />
            <Precinct name="BYRON #2" votes="1" />
            <Precinct name="CLAUDE" votes="1" />
            <Precinct name="FORT VALLEY #1" votes="1" />
            <Precinct name="FORT VALLEY #2" votes="1" />
            <Precinct name="FORT VALLEY #3" votes="1" />
            <Precinct name="POWERSVILLE" votes="1" />
        </VoteType>
        <Choice key="10" text="JOHN F. KENNEDY (I)" totalVotes="7923">
            <VoteType name="Election Day" votes="2466">
                <Precinct name="BYRON #1" votes="365" />
                <Precinct name="BYRON #2" votes="590" />
                <Precinct name="CLAUDE" votes="243" />
                <Precinct name="FORT VALLEY #1" votes="294" />
                <Precinct name="FORT VALLEY #2" votes="285" />
                <Precinct name="FORT VALLEY #3" votes="399" />
                <Precinct name="POWERSVILLE" votes="290" />
            </VoteType>
            <VoteType name="Absentee by Mail" votes="252">
                <Precinct name="BYRON #1" votes="25" />
                <Precinct name="BYRON #2" votes="53" />
                <Precinct name="CLAUDE" votes="14" />
                <Precinct name="FORT VALLEY #1" votes="59" />
                <Precinct name="FORT VALLEY #2" votes="35" />
                <Precinct name="FORT VALLEY #3" votes="44" />
                <Precinct name="POWERSVILLE" votes="22" />
            </VoteType>
            <VoteType name="Advance in Person" votes="5186">
                <Precinct name="BYRON #1" votes="1028" />
                <Precinct name="BYRON #2" votes="1616" />
                <Precinct name="CLAUDE" votes="219" />
                <Precinct name="FORT VALLEY #1" votes="687" />
                <Precinct name="FORT VALLEY #2" votes="584" />
                <Precinct name="FORT VALLEY #3" votes="624" />
                <Precinct name="POWERSVILLE" votes="428" />
            </VoteType>
            <VoteType name="Provisional" votes="19">
                <Precinct name="BYRON #1" votes="5" />
                <Precinct name="BYRON #2" votes="5" />
                <Precinct name="CLAUDE" votes="1" />
                <Precinct name="FORT VALLEY #1" votes="3" />
                <Precinct name="FORT VALLEY #2" votes="2" />
                <Precinct name="FORT VALLEY #3" votes="2" />
                <Precinct name="POWERSVILLE" votes="1" />
            </VoteType>
        </Choice>
    </Contest>
    <Contest key="100" text="State Representative, District 139" isQuestion="false" precinctsReporting="3" precinctsReported="3">
        <VoteType name="Number of Precincts for Race" votes="3">
            <Precinct name="FORT VALLEY #1" votes="1" />
            <Precinct name="FORT VALLEY #2" votes="1" />
            <Precinct name="FORT VALLEY #3" votes="1" />
        </VoteType>
        <VoteType name="Number of Precincts Reporting" votes="3">
            <Precinct name="FORT VALLEY #1" votes="1" />
            <Precinct name="FORT VALLEY #2" votes="1" />
            <Precinct name="FORT VALLEY #3" votes="1" />
        </VoteType>
        <Choice key="10" text="PATTY J. BENTLEY (I)" totalVotes="4034">
            <VoteType name="Election Day" votes="1315">
                <Precinct name="FORT VALLEY #1" votes="379" />
                <Precinct name="FORT VALLEY #2" votes="361" />
                <Precinct name="FORT VALLEY #3" votes="575" />
            </VoteType>
            <VoteType name="Absentee by Mail" votes="179">
                <Precinct name="FORT VALLEY #1" votes="55" />
                <Precinct name="FORT VALLEY #2" votes="57" />
                <Precinct name="FORT VALLEY #3" votes="67" />
            </VoteType>
            <VoteType name="Advance in Person" votes="2530">
                <Precinct name="FORT VALLEY #1" votes="795" />
                <Precinct name="FORT VALLEY #2" votes="730" />
                <Precinct name="FORT VALLEY #3" votes="1005" />
            </VoteType>
            <VoteType name="Provisional" votes="10">
                <Precinct name="FORT VALLEY #1" votes="4" />
                <Precinct name="FORT VALLEY #2" votes="2" />
                <Precinct name="FORT VALLEY #3" votes="4" />
            </VoteType>
        </Choice>
    </Contest>
    <Contest key="110" text="State Representative, District 140" isQuestion="false" precinctsReporting="4" precinctsReported="4">
        <VoteType name="Number of Precincts for Race" votes="4">
            <Precinct name="BYRON #1" votes="1" />
            <Precinct name="BYRON #2" votes="1" />
            <Precinct name="CLAUDE" votes="1" />
            <Precinct name="POWERSVILLE" votes="1" />
        </VoteType>
        <VoteType name="Number of Precincts Reporting" votes="4">
            <Precinct name="BYRON #1" votes="1" />
            <Precinct name="BYRON #2" votes="1" />
            <Precinct name="CLAUDE" votes="1" />
            <Precinct name="POWERSVILLE" votes="1" />
        </VoteType>
        <Choice key="10" text="ROBERT DICKEY (I)" totalVotes="4918">
            <VoteType name="Election Day" votes="1488">
                <Precinct name="BYRON #1" votes="363" />
                <Precinct name="BYRON #2" votes="581" />
                <Precinct name="CLAUDE" votes="248" />
                <Precinct name="POWERSVILLE" votes="296" />
            </VoteType>
            <VoteType name="Absentee by Mail" votes="119">
                <Precinct name="BYRON #1" votes="26" />
                <Precinct name="BYRON #2" votes="55" />
                <Precinct name="CLAUDE" votes="14" />
                <Precinct name="POWERSVILLE" votes="24" />
            </VoteType>
            <VoteType name="Advance in Person" votes="3301">
                <Precinct name="BYRON #1" votes="1025" />
                <Precinct name="BYRON #2" votes="1624" />
                <Precinct name="CLAUDE" votes="220" />
                <Precinct name="POWERSVILLE" votes="432" />
            </VoteType>
            <VoteType name="Provisional" votes="10">
                <Precinct name="BYRON #1" votes="5" />
                <Precinct name="BYRON #2" votes="4" />
                <Precinct name="CLAUDE" votes="0" />
                <Precinct name="POWERSVILLE" votes="1" />
            </VoteType>
        </Choice>
    </Contest>
    <Contest key="140" text="District Attorney, Macon Circuit" isQuestion="false" precinctsReporting="7" precinctsReported="7">
        <VoteType name="Number of Precincts for Race" votes="7">
            <Precinct name="BYRON #1" votes="1" />
            <Precinct name="BYRON #2" votes="1" />
            <Precinct name="CLAUDE" votes="1" />
            <Precinct name="FORT VALLEY #1" votes="1" />
            <Precinct name="FORT VALLEY #2" votes="1" />
            <Precinct name="FORT VALLEY #3" votes="1" />
            <Precinct name="POWERSVILLE" votes="1" />
        </VoteType>
        <VoteType name="Number of Precincts Reporting" votes="7">
            <Precinct name="BYRON #1" votes="1" />
            <Precinct name="BYRON #2" votes="1" />
            <Precinct name="CLAUDE" votes="1" />
            <Precinct name="FORT VALLEY #1" votes="1" />
            <Precinct name="FORT VALLEY #2" votes="1" />
            <Precinct name="FORT VALLEY #3" votes="1" />
            <Precinct name="POWERSVILLE" votes="1" />
        </VoteType>
        <Choice key="10" text="DAVID COOKE (I)" totalVotes="8402">
            <VoteType name="Election Day" votes="2641">
                <Precinct name="BYRON #1" votes="322" />
                <Precinct name="BYRON #2" votes="575" />
                <Precinct name="CLAUDE" votes="194" />
                <Precinct name="FORT VALLEY #1" votes="378" />
                <Precinct name="FORT VALLEY #2" votes="361" />
                <Precinct name="FORT VALLEY #3" votes="567" />
                <Precinct name="POWERSVILLE" votes="244" />
            </VoteType>
            <VoteType name="Absentee by Mail" votes="281">
                <Precinct name="BYRON #1" votes="18" />
                <Precinct name="BYRON #2" votes="52" />
                <Precinct name="CLAUDE" votes="11" />
                <Precinct name="FORT VALLEY #1" votes="60" />
                <Precinct name="FORT VALLEY #2" votes="52" />
                <Precinct name="FORT VALLEY #3" votes="69" />
                <Precinct name="POWERSVILLE" votes="19" />
            </VoteType>
            <VoteType name="Advance in Person" votes="5459">
                <Precinct name="BYRON #1" votes="891" />
                <Precinct name="BYRON #2" votes="1487" />
                <Precinct name="CLAUDE" votes="181" />
                <Precinct name="FORT VALLEY #1" votes="811" />
                <Precinct name="FORT VALLEY #2" votes="732" />
                <Precinct name="FORT VALLEY #3" votes="992" />
                <Precinct name="POWERSVILLE" votes="365" />
            </VoteType>
            <VoteType name="Provisional" votes="21">
                <Precinct name="BYRON #1" votes="5" />
                <Precinct name="BYRON #2" votes="3" />
                <Precinct name="CLAUDE" votes="2" />
                <Precinct name="FORT VALLEY #1" votes="4" />
                <Precinct name="FORT VALLEY #2" votes="2" />
                <Precinct name="FORT VALLEY #3" votes="4" />
                <Precinct name="POWERSVILLE" votes="1" />
            </VoteType>
        </Choice>
    </Contest>
    <Contest key="160" text="CLERK SUPERIOR CT" isQuestion="false" precinctsReporting="7" precinctsReported="7">
        <VoteType name="Number of Precincts for Race" votes="7">
            <Precinct name="BYRON #1" votes="1" />
            <Precinct name="BYRON #2" votes="1" />
            <Precinct name="CLAUDE" votes="1" />
            <Precinct name="FORT VALLEY #1" votes="1" />
            <Precinct name="FORT VALLEY #2" votes="1" />
            <Precinct name="FORT VALLEY #3" votes="1" />
            <Precinct name="POWERSVILLE" votes="1" />
        </VoteType>
        <VoteType name="Number of Precincts Reporting" votes="7">
            <Precinct name="BYRON #1" votes="1" />
            <Precinct name="BYRON #2" votes="1" />
            <Precinct name="CLAUDE" votes="1" />
            <Precinct name="FORT VALLEY #1" votes="1" />
            <Precinct name="FORT VALLEY #2" votes="1" />
            <Precinct name="FORT VALLEY #3" votes="1" />
            <Precinct name="POWERSVILLE" votes="1" />
        </VoteType>
        <Choice key="10" text="J. WILDER (I) D" totalVotes="8733">
            <VoteType name="Election Day" votes="2706">
                <Precinct name="BYRON #1" votes="338" />
                <Precinct name="BYRON #2" votes="582" />
                <Precinct name="CLAUDE" votes="193" />
                <Precinct name="FORT VALLEY #1" votes="402" />
                <Precinct name="FORT VALLEY #2" votes="368" />
                <Precinct name="FORT VALLEY #3" votes="575" />
                <Precinct name="POWERSVILLE" votes="248" />
            </VoteType>
            <VoteType name="Absentee by Mail" votes="295">
                <Precinct name="BYRON #1" votes="21" />
                <Precinct name="BYRON #2" votes="51" />
                <Precinct name="CLAUDE" votes="11" />
                <Precinct name="FORT VALLEY #1" votes="66" />
                <Precinct name="FORT VALLEY #2" votes="55" />
                <Precinct name="FORT VALLEY #3" votes="69" />
                <Precinct name="POWERSVILLE" votes="22" />
            </VoteType>
            <VoteType name="Advance in Person" votes="5711">
                <Precinct name="BYRON #1" votes="947" />
                <Precinct name="BYRON #2" votes="1522" />
                <Precinct name="CLAUDE" votes="181" />
                <Precinct name="FORT VALLEY #1" votes="901" />
                <Precinct name="FORT VALLEY #2" votes="772" />
                <Precinct name="FORT VALLEY #3" votes="1003" />
                <Precinct name="POWERSVILLE" votes="385" />
            </VoteType>
            <VoteType name="Provisional" votes="21">
                <Precinct name="BYRON #1" votes="5" />
                <Precinct name="BYRON #2" votes="3" />
                <Precinct name="CLAUDE" votes="2" />
                <Precinct name="FORT VALLEY #1" votes="4" />
                <Precinct name="FORT VALLEY #2" votes="2" />
                <Precinct name="FORT VALLEY #3" votes="4" />
                <Precinct name="POWERSVILLE" votes="1" />
            </VoteType>
        </Choice>
    </Contest>
    <Contest key="180" text="SHERIFF" isQuestion="false" precinctsReporting="7" precinctsReported="7">
        <VoteType name="Number of Precincts for Race" votes="7">
            <Precinct name="BYRON #1" votes="1" />
            <Precinct name="BYRON #2" votes="1" />
            <Precinct name="CLAUDE" votes="1" />
            <Precinct name="FORT VALLEY #1" votes="1" />
            <Precinct name="FORT VALLEY #2" votes="1" />
            <Precinct name="FORT VALLEY #3" votes="1" />
            <Precinct name="POWERSVILLE" votes="1" />
        </VoteType>
        <VoteType name="Number of Precincts Reporting" votes="7">
            <Precinct name="BYRON #1" votes="1" />
            <Precinct name="BYRON #2" votes="1" />
            <Precinct name="CLAUDE" votes="1" />
            <Precinct name="FORT VALLEY #1" votes="1" />
            <Precinct name="FORT VALLEY #2" votes="1" />
            <Precinct name="FORT VALLEY #3" votes="1" />
            <Precinct name="POWERSVILLE" votes="1" />
        </VoteType>
        <Choice key="10" text="T. W. DEESE (I) D" totalVotes="9223">
            <VoteType name="Election Day" votes="2869">
                <Precinct name="BYRON #1" votes="360" />
                <Precinct name="BYRON #2" votes="620" />
                <Precinct name="CLAUDE" votes="218" />
                <Precinct name="FORT VALLEY #1" votes="413" />
                <Precinct name="FORT VALLEY #2" votes="388" />
                <Precinct name="FORT VALLEY #3" votes="590" />
                <Precinct name="POWERSVILLE" votes="280" />
            </VoteType>
            <VoteType name="Absentee by Mail" votes="305">
                <Precinct name="BYRON #1" votes="21" />
                <Precinct name="BYRON #2" votes="52" />
                <Precinct name="CLAUDE" votes="11" />
                <Precinct name="FORT VALLEY #1" votes="72" />
                <Precinct name="FORT VALLEY #2" votes="58" />
                <Precinct name="FORT VALLEY #3" votes="68" />
                <Precinct name="POWERSVILLE" votes="23" />
            </VoteType>
            <VoteType name="Advance in Person" votes="6028">
                <Precinct name="BYRON #1" votes="1022" />
                <Precinct name="BYRON #2" votes="1644" />
                <Precinct name="CLAUDE" votes="197" />
                <Precinct name="FORT VALLEY #1" votes="931" />
                <Precinct name="FORT VALLEY #2" votes="805" />
                <Precinct name="FORT VALLEY #3" votes="1018" />
                <Precinct name="POWERSVILLE" votes="411" />
            </VoteType>
            <VoteType name="Provisional" votes="21">
                <Precinct name="BYRON #1" votes="5" />
                <Precinct name="BYRON #2" votes="3" />
                <Precinct name="CLAUDE" votes="2" />
                <Precinct name="FORT VALLEY #1" votes="4" />
                <Precinct name="FORT VALLEY #2" votes="2" />
                <Precinct name="FORT VALLEY #3" votes="4" />
                <Precinct name="POWERSVILLE" votes="1" />
            </VoteType>
        </Choice>
    </Contest>
    <Contest key="200" text="TAX COMMISSIONER" isQuestion="false" precinctsReporting="7" precinctsReported="7">
        <VoteType name="Number of Precincts for Race" votes="7">
            <Precinct name="BYRON #1" votes="1" />
            <Precinct name="BYRON #2" votes="1" />
            <Precinct name="CLAUDE" votes="1" />
            <Precinct name="FORT VALLEY #1" votes="1" />
            <Precinct name="FORT VALLEY #2" votes="1" />
            <Precinct name="FORT VALLEY #3" votes="1" />
            <Precinct name="POWERSVILLE" votes="1" />
        </VoteType>
        <VoteType name="Number of Precincts Reporting" votes="7">
            <Precinct name="BYRON #1" votes="1" />
            <Precinct name="BYRON #2" votes="1" />
            <Precinct name="CLAUDE" votes="1" />
            <Precinct name="FORT VALLEY #1" votes="1" />
            <Precinct name="FORT VALLEY #2" votes="1" />
            <Precinct name="FORT VALLEY #3" votes="1" />
            <Precinct name="POWERSVILLE" votes="1" />
        </VoteType>
        <Choice key="10" text="W. L. BROWN (I) D" totalVotes="8897">
            <VoteType name="Election Day" votes="2768">
                <Precinct name="BYRON #1" votes="341" />
                <Precinct name="BYRON #2" votes="596" />
                <Precinct name="CLAUDE" votes="200" />
                <Precinct name="FORT VALLEY #1" votes="408" />
                <Precinct name="FORT VALLEY #2" votes="384" />
                <Precinct name="FORT VALLEY #3" votes="583" />
                <Precinct name="POWERSVILLE" votes="256" />
            </VoteType>
            <VoteType name="Absentee by Mail" votes="300">
                <Precinct name="BYRON #1" votes="22" />
                <Precinct name="BYRON #2" votes="48" />
                <Precinct name="CLAUDE" votes="11" />
                <Precinct name="FORT VALLEY #1" votes="71" />
                <Precinct name="FORT VALLEY #2" votes="58" />
                <Precinct name="FORT VALLEY #3" votes="67" />
                <Precinct name="POWERSVILLE" votes="23" />
            </VoteType>
            <VoteType name="Advance in Person" votes="5809">
                <Precinct name="BYRON #1" votes="962" />
                <Precinct name="BYRON #2" votes="1548" />
                <Precinct name="CLAUDE" votes="184" />
                <Precinct name="FORT VALLEY #1" votes="915" />
                <Precinct name="FORT VALLEY #2" votes="793" />
                <Precinct name="FORT VALLEY #3" votes="1015" />
                <Precinct name="POWERSVILLE" votes="392" />
            </VoteType>
            <VoteType name="Provisional" votes="20">
                <Precinct name="BYRON #1" votes="5" />
                <Precinct name="BYRON #2" votes="3" />
                <Precinct name="CLAUDE" votes="1" />
                <Precinct name="FORT VALLEY #1" votes="4" />
                <Precinct name="FORT VALLEY #2" votes="2" />
                <Precinct name="FORT VALLEY #3" votes="4" />
                <Precinct name="POWERSVILLE" votes="1" />
            </VoteType>
        </Choice>
    </Contest>
    <Contest key="210" text="CORONER" isQuestion="false" precinctsReporting="7" precinctsReported="7">
        <VoteType name="Number of Precincts for Race" votes="7">
            <Precinct name="BYRON #1" votes="1" />
            <Precinct name="BYRON #2" votes="1" />
            <Precinct name="CLAUDE" votes="1" />
            <Precinct name="FORT VALLEY #1" votes="1" />
            <Precinct name="FORT VALLEY #2" votes="1" />
            <Precinct name="FORT VALLEY #3" votes="1" />
            <Precinct name="POWERSVILLE" votes="1" />
        </VoteType>
        <VoteType name="Number of Precincts Reporting" votes="7">
            <Precinct name="BYRON #1" votes="1" />
            <Precinct name="BYRON #2" votes="1" />
            <Precinct name="CLAUDE" votes="1" />
            <Precinct name="FORT VALLEY #1" votes="1" />
            <Precinct name="FORT VALLEY #2" votes="1" />
            <Precinct name="FORT VALLEY #3" votes="1" />
            <Precinct name="POWERSVILLE" votes="1" />
        </VoteType>
        <Choice key="10" text="K. E. ROOKS (I) R" totalVotes="8442">
            <VoteType name="Election Day" votes="2607">
                <Precinct name="BYRON #1" votes="368" />
                <Precinct name="BYRON #2" votes="600" />
                <Precinct name="CLAUDE" votes="252" />
                <Precinct name="FORT VALLEY #1" votes="324" />
                <Precinct name="FORT VALLEY #2" votes="323" />
                <Precinct name="FORT VALLEY #3" votes="446" />
                <Precinct name="POWERSVILLE" votes="294" />
            </VoteType>
            <VoteType name="Absentee by Mail" votes="281">
                <Precinct name="BYRON #1" votes="25" />
                <Precinct name="BYRON #2" votes="57" />
                <Precinct name="CLAUDE" votes="14" />
                <Precinct name="FORT VALLEY #1" votes="66" />
                <Precinct name="FORT VALLEY #2" votes="42" />
                <Precinct name="FORT VALLEY #3" votes="53" />
                <Precinct name="POWERSVILLE" votes="24" />
            </VoteType>
            <VoteType name="Advance in Person" votes="5535">
                <Precinct name="BYRON #1" votes="1045" />
                <Precinct name="BYRON #2" votes="1656" />
                <Precinct name="CLAUDE" votes="224" />
                <Precinct name="FORT VALLEY #1" votes="772" />
                <Precinct name="FORT VALLEY #2" votes="662" />
                <Precinct name="FORT VALLEY #3" votes="739" />
                <Precinct name="POWERSVILLE" votes="437" />
            </VoteType>
            <VoteType name="Provisional" votes="19">
                <Precinct name="BYRON #1" votes="4" />
                <Precinct name="BYRON #2" votes="5" />
                <Precinct name="CLAUDE" votes="2" />
                <Precinct name="FORT VALLEY #1" votes="3" />
                <Precinct name="FORT VALLEY #2" votes="2" />
                <Precinct name="FORT VALLEY #3" votes="2" />
                <Precinct name="POWERSVILLE" votes="1" />
            </VoteType>
        </Choice>
    </Contest>
    <Contest key="230" text="CC P5 AT LARGE" isQuestion="false" precinctsReporting="7" precinctsReported="7">
        <VoteType name="Number of Precincts for Race" votes="7">
            <Precinct name="BYRON #1" votes="1" />
            <Precinct name="BYRON #2" votes="1" />
            <Precinct name="CLAUDE" votes="1" />
            <Precinct name="FORT VALLEY #1" votes="1" />
            <Precinct name="FORT VALLEY #2" votes="1" />
            <Precinct name="FORT VALLEY #3" votes="1" />
            <Precinct name="POWERSVILLE" votes="1" />
        </VoteType>
        <VoteType name="Number of Precincts Reporting" votes="7">
            <Precinct name="BYRON #1" votes="1" />
            <Precinct name="BYRON #2" votes="1" />
            <Precinct name="CLAUDE" votes="1" />
            <Precinct name="FORT VALLEY #1" votes="1" />
            <Precinct name="FORT VALLEY #2" votes="1" />
            <Precinct name="FORT VALLEY #3" votes="1" />
            <Precinct name="POWERSVILLE" votes="1" />
        </VoteType>
        <Choice key="10" text="W. YODER (R)" totalVotes="5830">
            <VoteType name="Election Day" votes="1657">
                <Precinct name="BYRON #1" votes="308" />
                <Precinct name="BYRON #2" votes="469" />
                <Precinct name="CLAUDE" votes="240" />
                <Precinct name="FORT VALLEY #1" votes="174" />
                <Precinct name="FORT VALLEY #2" votes="136" />
                <Precinct name="FORT VALLEY #3" votes="57" />
                <Precinct name="POWERSVILLE" votes="273" />
            </VoteType>
            <VoteType name="Absentee by Mail" votes="187">
                <Precinct name="BYRON #1" votes="20" />
                <Precinct name="BYRON #2" votes="53" />
                <Precinct name="CLAUDE" votes="14" />
                <Precinct name="FORT VALLEY #1" votes="50" />
                <Precinct name="FORT VALLEY #2" votes="22" />
                <Precinct name="FORT VALLEY #3" votes="8" />
                <Precinct name="POWERSVILLE" votes="20" />
            </VoteType>
            <VoteType name="Advance in Person" votes="3978">
                <Precinct name="BYRON #1" votes="924" />
                <Precinct name="BYRON #2" votes="1392" />
                <Precinct name="CLAUDE" votes="209" />
                <Precinct name="FORT VALLEY #1" votes="497" />
                <Precinct name="FORT VALLEY #2" votes="370" />
                <Precinct name="FORT VALLEY #3" votes="191" />
                <Precinct name="POWERSVILLE" votes="395" />
            </VoteType>
            <VoteType name="Provisional" votes="8">
                <Precinct name="BYRON #1" votes="4" />
                <Precinct name="BYRON #2" votes="4" />
                <Precinct name="CLAUDE" votes="0" />
                <Precinct name="FORT VALLEY #1" votes="0" />
                <Precinct name="FORT VALLEY #2" votes="0" />
                <Precinct name="FORT VALLEY #3" votes="0" />
                <Precinct name="POWERSVILLE" votes="0" />
            </VoteType>
        </Choice>
        <Choice key="20" text="K. V. KENDRICK (D)" totalVotes="4713">
            <VoteType name="Election Day" votes="1537">
                <Precinct name="BYRON #1" votes="111" />
                <Precinct name="BYRON #2" votes="238" />
                <Precinct name="CLAUDE" votes="30" />
                <Precinct name="FORT VALLEY #1" votes="269" />
                <Precinct name="FORT VALLEY #2" votes="287" />
                <Precinct name="FORT VALLEY #3" votes="545" />
                <Precinct name="POWERSVILLE" votes="57" />
            </VoteType>
            <VoteType name="Absentee by Mail" votes="176">
                <Precinct name="BYRON #1" votes="8" />
                <Precinct name="BYRON #2" votes="19" />
                <Precinct name="CLAUDE" votes="2" />
                <Precinct name="FORT VALLEY #1" votes="27" />
                <Precinct name="FORT VALLEY #2" votes="47" />
                <Precinct name="FORT VALLEY #3" votes="67" />
                <Precinct name="POWERSVILLE" votes="6" />
            </VoteType>
            <VoteType name="Advance in Person" votes="2984">
                <Precinct name="BYRON #1" votes="285" />
                <Precinct name="BYRON #2" votes="611" />
                <Precinct name="CLAUDE" votes="42" />
                <Precinct name="FORT VALLEY #1" votes="506" />
                <Precinct name="FORT VALLEY #2" votes="523" />
                <Precinct name="FORT VALLEY #3" votes="909" />
                <Precinct name="POWERSVILLE" votes="108" />
            </VoteType>
            <VoteType name="Provisional" votes="16">
                <Precinct name="BYRON #1" votes="1" />
                <Precinct name="BYRON #2" votes="1" />
                <Precinct name="CLAUDE" votes="2" />
                <Precinct name="FORT VALLEY #1" votes="5" />
                <Precinct name="FORT VALLEY #2" votes="2" />
                <Precinct name="FORT VALLEY #3" votes="4" />
                <Precinct name="POWERSVILLE" votes="1" />
            </VoteType>
        </Choice>
    </Contest>
    <Contest key="250" text="CC P1" isQuestion="false" precinctsReporting="3" precinctsReported="3">
        <VoteType name="Number of Precincts for Race" votes="3">
            <Precinct name="BYRON #2" votes="1" />
            <Precinct name="CLAUDE" votes="1" />
            <Precinct name="POWERSVILLE" votes="1" />
        </VoteType>
        <VoteType name="Number of Precincts Reporting" votes="3">
            <Precinct name="BYRON #2" votes="1" />
            <Precinct name="CLAUDE" votes="1" />
            <Precinct name="POWERSVILLE" votes="1" />
        </VoteType>
        <Choice key="10" text="R. LEWIS (I) R" totalVotes="2522">
            <VoteType name="Election Day" votes="708">
                <Precinct name="BYRON #2" votes="576" />
                <Precinct name="CLAUDE" votes="44" />
                <Precinct name="POWERSVILLE" votes="88" />
            </VoteType>
            <VoteType name="Absentee by Mail" votes="69">
                <Precinct name="BYRON #2" votes="58" />
                <Precinct name="CLAUDE" votes="3" />
                <Precinct name="POWERSVILLE" votes="8" />
            </VoteType>
            <VoteType name="Advance in Person" votes="1740">
                <Precinct name="BYRON #2" votes="1549" />
                <Precinct name="CLAUDE" votes="55" />
                <Precinct name="POWERSVILLE" votes="136" />
            </VoteType>
            <VoteType name="Provisional" votes="5">
                <Precinct name="BYRON #2" votes="5" />
                <Precinct name="CLAUDE" votes="0" />
                <Precinct name="POWERSVILLE" votes="0" />
            </VoteType>
        </Choice>
    </Contest>
    <Contest key="270" text="CC P3" isQuestion="false" precinctsReporting="4" precinctsReported="4">
        <VoteType name="Number of Precincts for Race" votes="4">
            <Precinct name="CLAUDE" votes="1" />
            <Precinct name="FORT VALLEY #1" votes="1" />
            <Precinct name="FORT VALLEY #2" votes="1" />
            <Precinct name="FORT VALLEY #3" votes="1" />
        </VoteType>
        <VoteType name="Number of Precincts Reporting" votes="4">
            <Precinct name="CLAUDE" votes="1" />
            <Precinct name="FORT VALLEY #1" votes="1" />
            <Precinct name="FORT VALLEY #2" votes="1" />
            <Precinct name="FORT VALLEY #3" votes="1" />
        </VoteType>
        <Choice key="10" text="B. J. CRUMP (R)" totalVotes="600">
            <VoteType name="Election Day" votes="182">
                <Precinct name="CLAUDE" votes="74" />
                <Precinct name="FORT VALLEY #1" votes="18" />
                <Precinct name="FORT VALLEY #2" votes="56" />
                <Precinct name="FORT VALLEY #3" votes="34" />
            </VoteType>
            <VoteType name="Absentee by Mail" votes="20">
                <Precinct name="CLAUDE" votes="4" />
                <Precinct name="FORT VALLEY #1" votes="2" />
                <Precinct name="FORT VALLEY #2" votes="8" />
                <Precinct name="FORT VALLEY #3" votes="6" />
            </VoteType>
            <VoteType name="Advance in Person" votes="398">
                <Precinct name="CLAUDE" votes="60" />
                <Precinct name="FORT VALLEY #1" votes="45" />
                <Precinct name="FORT VALLEY #2" votes="134" />
                <Precinct name="FORT VALLEY #3" votes="159" />
            </VoteType>
            <VoteType name="Provisional" votes="0">
                <Precinct name="CLAUDE" votes="0" />
                <Precinct name="FORT VALLEY #1" votes="0" />
                <Precinct name="FORT VALLEY #2" votes="0" />
                <Precinct name="FORT VALLEY #3" votes="0" />
            </VoteType>
        </Choice>
        <Choice key="20" text="B. C. HILL (I) D" totalVotes="1513">
            <VoteType name="Election Day" votes="516">
                <Precinct name="CLAUDE" votes="16" />
                <Precinct name="FORT VALLEY #1" votes="72" />
                <Precinct name="FORT VALLEY #2" votes="30" />
                <Precinct name="FORT VALLEY #3" votes="398" />
            </VoteType>
            <VoteType name="Absentee by Mail" votes="60">
                <Precinct name="CLAUDE" votes="3" />
                <Precinct name="FORT VALLEY #1" votes="7" />
                <Precinct name="FORT VALLEY #2" votes="6" />
                <Precinct name="FORT VALLEY #3" votes="44" />
            </VoteType>
            <VoteType name="Advance in Person" votes="929">
                <Precinct name="CLAUDE" votes="18" />
                <Precinct name="FORT VALLEY #1" votes="148" />
                <Precinct name="FORT VALLEY #2" votes="67" />
                <Precinct name="FORT VALLEY #3" votes="696" />
            </VoteType>
            <VoteType name="Provisional" votes="8">
                <Precinct name="CLAUDE" votes="1" />
                <Precinct name="FORT VALLEY #1" votes="1" />
                <Precinct name="FORT VALLEY #2" votes="2" />
                <Precinct name="FORT VALLEY #3" votes="4" />
            </VoteType>
        </Choice>
    </Contest>
    <Contest key="290" text="BOE P1" isQuestion="false" precinctsReporting="3" precinctsReported="3">
        <VoteType name="Number of Precincts for Race" votes="3">
            <Precinct name="BYRON #2" votes="1" />
            <Precinct name="CLAUDE" votes="1" />
            <Precinct name="POWERSVILLE" votes="1" />
        </VoteType>
        <VoteType name="Number of Precincts Reporting" votes="3">
            <Precinct name="BYRON #2" votes="1" />
            <Precinct name="CLAUDE" votes="1" />
            <Precinct name="POWERSVILLE" votes="1" />
        </VoteType>
        <Choice key="10" text="B. MCDANIEL (I) R" totalVotes="2148">
            <VoteType name="Election Day" votes="570">
                <Precinct name="BYRON #2" votes="448" />
                <Precinct name="CLAUDE" votes="44" />
                <Precinct name="POWERSVILLE" votes="78" />
            </VoteType>
            <VoteType name="Absentee by Mail" votes="63">
                <Precinct name="BYRON #2" votes="52" />
                <Precinct name="CLAUDE" votes="3" />
                <Precinct name="POWERSVILLE" votes="8" />
            </VoteType>
            <VoteType name="Advance in Person" votes="1511">
                <Precinct name="BYRON #2" votes="1337" />
                <Precinct name="CLAUDE" votes="47" />
                <Precinct name="POWERSVILLE" votes="127" />
            </VoteType>
            <VoteType name="Provisional" votes="4">
                <Precinct name="BYRON #2" votes="4" />
                <Precinct name="CLAUDE" votes="0" />
                <Precinct name="POWERSVILLE" votes="0" />
            </VoteType>
        </Choice>
        <Choice key="20" text="S. P. WILLIAMS (D)" totalVotes="971">
            <VoteType name="Election Day" votes="283">
                <Precinct name="BYRON #2" votes="252" />
                <Precinct name="CLAUDE" votes="9" />
                <Precinct name="POWERSVILLE" votes="22" />
            </VoteType>
            <VoteType name="Absentee by Mail" votes="20">
                <Precinct name="BYRON #2" votes="17" />
                <Precinct name="CLAUDE" votes="0" />
                <Precinct name="POWERSVILLE" votes="3" />
            </VoteType>
            <VoteType name="Advance in Person" votes="667">
                <Precinct name="BYRON #2" votes="617" />
                <Precinct name="CLAUDE" votes="20" />
                <Precinct name="POWERSVILLE" votes="30" />
            </VoteType>
            <VoteType name="Provisional" votes="1">
                <Precinct name="BYRON #2" votes="1" />
                <Precinct name="CLAUDE" votes="0" />
                <Precinct name="POWERSVILLE" votes="0" />
            </VoteType>
        </Choice>
    </Contest>
    <Contest key="320" text="BOE P3" isQuestion="false" precinctsReporting="4" precinctsReported="4">
        <VoteType name="Number of Precincts for Race" votes="4">
            <Precinct name="CLAUDE" votes="1" />
            <Precinct name="FORT VALLEY #1" votes="1" />
            <Precinct name="FORT VALLEY #2" votes="1" />
            <Precinct name="FORT VALLEY #3" votes="1" />
        </VoteType>
        <VoteType name="Number of Precincts Reporting" votes="4">
            <Precinct name="CLAUDE" votes="1" />
            <Precinct name="FORT VALLEY #1" votes="1" />
            <Precinct name="FORT VALLEY #2" votes="1" />
            <Precinct name="FORT VALLEY #3" votes="1" />
        </VoteType>
        <Choice key="10" text="B. M. JACKSON (D)" totalVotes="1829">
            <VoteType name="Election Day" votes="621">
                <Precinct name="CLAUDE" votes="56" />
                <Precinct name="FORT VALLEY #1" votes="87" />
                <Precinct name="FORT VALLEY #2" votes="65" />
                <Precinct name="FORT VALLEY #3" votes="413" />
            </VoteType>
            <VoteType name="Absentee by Mail" votes="68">
                <Precinct name="CLAUDE" votes="5" />
                <Precinct name="FORT VALLEY #1" votes="9" />
                <Precinct name="FORT VALLEY #2" votes="11" />
                <Precinct name="FORT VALLEY #3" votes="43" />
            </VoteType>
            <VoteType name="Advance in Person" votes="1132">
                <Precinct name="CLAUDE" votes="48" />
                <Precinct name="FORT VALLEY #1" votes="164" />
                <Precinct name="FORT VALLEY #2" votes="144" />
                <Precinct name="FORT VALLEY #3" votes="776" />
            </VoteType>
            <VoteType name="Provisional" votes="8">
                <Precinct name="CLAUDE" votes="1" />
                <Precinct name="FORT VALLEY #1" votes="1" />
                <Precinct name="FORT VALLEY #2" votes="2" />
                <Precinct name="FORT VALLEY #3" votes="4" />
            </VoteType>
        </Choice>
    </Contest>
    <Contest key="330" text="SOIL AND WATER" isQuestion="false" precinctsReporting="7" precinctsReported="7">
        <VoteType name="Number of Precincts for Race" votes="7">
            <Precinct name="BYRON #1" votes="1" />
            <Precinct name="BYRON #2" votes="1" />
            <Precinct name="CLAUDE" votes="1" />
            <Precinct name="FORT VALLEY #1" votes="1" />
            <Precinct name="FORT VALLEY #2" votes="1" />
            <Precinct name="FORT VALLEY #3" votes="1" />
            <Precinct name="POWERSVILLE" votes="1" />
        </VoteType>
        <VoteType name="Number of Precincts Reporting" votes="7">
            <Precinct name="BYRON #1" votes="1" />
            <Precinct name="BYRON #2" votes="1" />
            <Precinct name="CLAUDE" votes="1" />
            <Precinct name="FORT VALLEY #1" votes="1" />
            <Precinct name="FORT VALLEY #2" votes="1" />
            <Precinct name="FORT VALLEY #3" votes="1" />
            <Precinct name="POWERSVILLE" votes="1" />
        </VoteType>
        <Choice key="10" text="G. HANCOCK (I)" totalVotes="7964">
            <VoteType name="Election Day" votes="2513">
                <Precinct name="BYRON #1" votes="329" />
                <Precinct name="BYRON #2" votes="575" />
                <Precinct name="CLAUDE" votes="213" />
                <Precinct name="FORT VALLEY #1" votes="335" />
                <Precinct name="FORT VALLEY #2" votes="312" />
                <Precinct name="FORT VALLEY #3" votes="479" />
                <Precinct name="POWERSVILLE" votes="270" />
            </VoteType>
            <VoteType name="Absentee by Mail" votes="249">
                <Precinct name="BYRON #1" votes="20" />
                <Precinct name="BYRON #2" votes="47" />
                <Precinct name="CLAUDE" votes="11" />
                <Precinct name="FORT VALLEY #1" votes="55" />
                <Precinct name="FORT VALLEY #2" votes="40" />
                <Precinct name="FORT VALLEY #3" votes="56" />
                <Precinct name="POWERSVILLE" votes="20" />
            </VoteType>
            <VoteType name="Advance in Person" votes="5184">
                <Precinct name="BYRON #1" votes="897" />
                <Precinct name="BYRON #2" votes="1523" />
                <Precinct name="CLAUDE" votes="189" />
                <Precinct name="FORT VALLEY #1" votes="754" />
                <Precinct name="FORT VALLEY #2" votes="640" />
                <Precinct name="FORT VALLEY #3" votes="802" />
                <Precinct name="POWERSVILLE" votes="379" />
            </VoteType>
            <VoteType name="Provisional" votes="18">
                <Precinct name="BYRON #1" votes="4" />
                <Precinct name="BYRON #2" votes="4" />
                <Precinct name="CLAUDE" votes="2" />
                <Precinct name="FORT VALLEY #1" votes="3" />
                <Precinct name="FORT VALLEY #2" votes="2" />
                <Precinct name="FORT VALLEY #3" votes="3" />
                <Precinct name="POWERSVILLE" votes="0" />
            </VoteType>
        </Choice>
    </Contest>
    <Contest key="340" text="Constitutional Amendment #1&lt;br&gt;Provides greater flexibility and state accountability to fix failing schools through increasing community involvement." isQuestion="false" precinctsReporting="7" precinctsReported="7">
        <VoteType name="Number of Precincts for Race" votes="7">
            <Precinct name="BYRON #1" votes="1" />
            <Precinct name="BYRON #2" votes="1" />
            <Precinct name="CLAUDE" votes="1" />
            <Precinct name="FORT VALLEY #1" votes="1" />
            <Precinct name="FORT VALLEY #2" votes="1" />
            <Precinct name="FORT VALLEY #3" votes="1" />
            <Precinct name="POWERSVILLE" votes="1" />
        </VoteType>
        <VoteType name="Number of Precincts Reporting" votes="7">
            <Precinct name="BYRON #1" votes="1" />
            <Precinct name="BYRON #2" votes="1" />
            <Precinct name="CLAUDE" votes="1" />
            <Precinct name="FORT VALLEY #1" votes="1" />
            <Precinct name="FORT VALLEY #2" votes="1" />
            <Precinct name="FORT VALLEY #3" votes="1" />
            <Precinct name="POWERSVILLE" votes="1" />
        </VoteType>
        <Choice key="10" text="YES" totalVotes="4487">
            <VoteType name="Election Day" votes="1454">
                <Precinct name="BYRON #1" votes="195" />
                <Precinct name="BYRON #2" votes="317" />
                <Precinct name="CLAUDE" votes="110" />
                <Precinct name="FORT VALLEY #1" votes="183" />
                <Precinct name="FORT VALLEY #2" votes="229" />
                <Precinct name="FORT VALLEY #3" votes="283" />
                <Precinct name="POWERSVILLE" votes="137" />
            </VoteType>
            <VoteType name="Absentee by Mail" votes="162">
                <Precinct name="BYRON #1" votes="9" />
                <Precinct name="BYRON #2" votes="39" />
                <Precinct name="CLAUDE" votes="11" />
                <Precinct name="FORT VALLEY #1" votes="25" />
                <Precinct name="FORT VALLEY #2" votes="33" />
                <Precinct name="FORT VALLEY #3" votes="35" />
                <Precinct name="POWERSVILLE" votes="10" />
            </VoteType>
            <VoteType name="Advance in Person" votes="2859">
                <Precinct name="BYRON #1" votes="478" />
                <Precinct name="BYRON #2" votes="861" />
                <Precinct name="CLAUDE" votes="111" />
                <Precinct name="FORT VALLEY #1" votes="388" />
                <Precinct name="FORT VALLEY #2" votes="402" />
                <Precinct name="FORT VALLEY #3" votes="414" />
                <Precinct name="POWERSVILLE" votes="205" />
            </VoteType>
            <VoteType name="Provisional" votes="12">
                <Precinct name="BYRON #1" votes="2" />
                <Precinct name="BYRON #2" votes="2" />
                <Precinct name="CLAUDE" votes="2" />
                <Precinct name="FORT VALLEY #1" votes="3" />
                <Precinct name="FORT VALLEY #2" votes="0" />
                <Precinct name="FORT VALLEY #3" votes="3" />
                <Precinct name="POWERSVILLE" votes="0" />
            </VoteType>
        </Choice>
        <Choice key="20" text="NO" totalVotes="5988">
            <VoteType name="Election Day" votes="1728">
                <Precinct name="BYRON #1" votes="217" />
                <Precinct name="BYRON #2" votes="394" />
                <Precinct name="CLAUDE" votes="165" />
                <Precinct name="FORT VALLEY #1" votes="248" />
                <Precinct name="FORT VALLEY #2" votes="195" />
                <Precinct name="FORT VALLEY #3" votes="320" />
                <Precinct name="POWERSVILLE" votes="189" />
            </VoteType>
            <VoteType name="Absentee by Mail" votes="190">
                <Precinct name="BYRON #1" votes="17" />
                <Precinct name="BYRON #2" votes="32" />
                <Precinct name="CLAUDE" votes="4" />
                <Precinct name="FORT VALLEY #1" votes="49" />
                <Precinct name="FORT VALLEY #2" votes="34" />
                <Precinct name="FORT VALLEY #3" votes="38" />
                <Precinct name="POWERSVILLE" votes="16" />
            </VoteType>
            <VoteType name="Advance in Person" votes="4061">
                <Precinct name="BYRON #1" votes="727" />
                <Precinct name="BYRON #2" votes="1126" />
                <Precinct name="CLAUDE" votes="141" />
                <Precinct name="FORT VALLEY #1" votes="602" />
                <Precinct name="FORT VALLEY #2" votes="490" />
                <Precinct name="FORT VALLEY #3" votes="679" />
                <Precinct name="POWERSVILLE" votes="296" />
            </VoteType>
            <VoteType name="Provisional" votes="9">
                <Precinct name="BYRON #1" votes="2" />
                <Precinct name="BYRON #2" votes="1" />
                <Precinct name="CLAUDE" votes="0" />
                <Precinct name="FORT VALLEY #1" votes="2" />
                <Precinct name="FORT VALLEY #2" votes="2" />
                <Precinct name="FORT VALLEY #3" votes="1" />
                <Precinct name="POWERSVILLE" votes="1" />
            </VoteType>
        </Choice>
    </Contest>
    <Contest key="350" text="Constitutional Amendment #2&lt;br&gt;Authorizes penalties for sexual exploitation and assessments on adult entertainment to fund child victims' services." isQuestion="false" precinctsReporting="7" precinctsReported="7">
        <VoteType name="Number of Precincts for Race" votes="7">
            <Precinct name="BYRON #1" votes="1" />
            <Precinct name="BYRON #2" votes="1" />
            <Precinct name="CLAUDE" votes="1" />
            <Precinct name="FORT VALLEY #1" votes="1" />
            <Precinct name="FORT VALLEY #2" votes="1" />
            <Precinct name="FORT VALLEY #3" votes="1" />
            <Precinct name="POWERSVILLE" votes="1" />
        </VoteType>
        <VoteType name="Number of Precincts Reporting" votes="7">
            <Precinct name="BYRON #1" votes="1" />
            <Precinct name="BYRON #2" votes="1" />
            <Precinct name="CLAUDE" votes="1" />
            <Precinct name="FORT VALLEY #1" votes="1" />
            <Precinct name="FORT VALLEY #2" votes="1" />
            <Precinct name="FORT VALLEY #3" votes="1" />
            <Precinct name="POWERSVILLE" votes="1" />
        </VoteType>
        <Choice key="10" text="YES" totalVotes="8436">
            <VoteType name="Election Day" votes="2534">
                <Precinct name="BYRON #1" votes="346" />
                <Precinct name="BYRON #2" votes="572" />
                <Precinct name="CLAUDE" votes="220" />
                <Precinct name="FORT VALLEY #1" votes="331" />
                <Precinct name="FORT VALLEY #2" votes="329" />
                <Precinct name="FORT VALLEY #3" votes="461" />
                <Precinct name="POWERSVILLE" votes="275" />
            </VoteType>
            <VoteType name="Absentee by Mail" votes="297">
                <Precinct name="BYRON #1" votes="25" />
                <Precinct name="BYRON #2" votes="65" />
                <Precinct name="CLAUDE" votes="16" />
                <Precinct name="FORT VALLEY #1" votes="57" />
                <Precinct name="FORT VALLEY #2" votes="52" />
                <Precinct name="FORT VALLEY #3" votes="59" />
                <Precinct name="POWERSVILLE" votes="23" />
            </VoteType>
            <VoteType name="Advance in Person" votes="5587">
                <Precinct name="BYRON #1" votes="1036" />
                <Precinct name="BYRON #2" votes="1684" />
                <Precinct name="CLAUDE" votes="215" />
                <Precinct name="FORT VALLEY #1" votes="754" />
                <Precinct name="FORT VALLEY #2" votes="683" />
                <Precinct name="FORT VALLEY #3" votes="807" />
                <Precinct name="POWERSVILLE" votes="408" />
            </VoteType>
            <VoteType name="Provisional" votes="18">
                <Precinct name="BYRON #1" votes="2" />
                <Precinct name="BYRON #2" votes="4" />
                <Precinct name="CLAUDE" votes="0" />
                <Precinct name="FORT VALLEY #1" votes="5" />
                <Precinct name="FORT VALLEY #2" votes="2" />
                <Precinct name="FORT VALLEY #3" votes="4" />
                <Precinct name="POWERSVILLE" votes="1" />
            </VoteType>
        </Choice>
        <Choice key="20" text="NO" totalVotes="1888">
            <VoteType name="Election Day" votes="608">
                <Precinct name="BYRON #1" votes="67" />
                <Precinct name="BYRON #2" votes="130" />
                <Precinct name="CLAUDE" votes="50" />
                <Precinct name="FORT VALLEY #1" votes="92" />
                <Precinct name="FORT VALLEY #2" votes="91" />
                <Precinct name="FORT VALLEY #3" votes="129" />
                <Precinct name="POWERSVILLE" votes="49" />
            </VoteType>
            <VoteType name="Absentee by Mail" votes="54">
                <Precinct name="BYRON #1" votes="2" />
                <Precinct name="BYRON #2" votes="6" />
                <Precinct name="CLAUDE" votes="1" />
                <Precinct name="FORT VALLEY #1" votes="18" />
                <Precinct name="FORT VALLEY #2" votes="9" />
                <Precinct name="FORT VALLEY #3" votes="15" />
                <Precinct name="POWERSVILLE" votes="3" />
            </VoteType>
            <VoteType name="Advance in Person" votes="1222">
                <Precinct name="BYRON #1" votes="161" />
                <Precinct name="BYRON #2" votes="288" />
                <Precinct name="CLAUDE" votes="37" />
                <Precinct name="FORT VALLEY #1" votes="211" />
                <Precinct name="FORT VALLEY #2" votes="183" />
                <Precinct name="FORT VALLEY #3" votes="267" />
                <Precinct name="POWERSVILLE" votes="75" />
            </VoteType>
            <VoteType name="Provisional" votes="4">
                <Precinct name="BYRON #1" votes="2" />
                <Precinct name="BYRON #2" votes="1" />
                <Precinct name="CLAUDE" votes="1" />
                <Precinct name="FORT VALLEY #1" votes="0" />
                <Precinct name="FORT VALLEY #2" votes="0" />
                <Precinct name="FORT VALLEY #3" votes="0" />
                <Precinct name="POWERSVILLE" votes="0" />
            </VoteType>
        </Choice>
    </Contest>
    <Contest key="360" text="Constitutional Amendment #3&lt;br&gt;Reforms and re-establishes the Judicial Qualifications Commission and provides for its composition, governance, and powers." isQuestion="false" precinctsReporting="7" precinctsReported="7">
        <VoteType name="Number of Precincts for Race" votes="7">
            <Precinct name="BYRON #1" votes="1" />
            <Precinct name="BYRON #2" votes="1" />
            <Precinct name="CLAUDE" votes="1" />
            <Precinct name="FORT VALLEY #1" votes="1" />
            <Precinct name="FORT VALLEY #2" votes="1" />
            <Precinct name="FORT VALLEY #3" votes="1" />
            <Precinct name="POWERSVILLE" votes="1" />
        </VoteType>
        <VoteType name="Number of Precincts Reporting" votes="7">
            <Precinct name="BYRON #1" votes="1" />
            <Precinct name="BYRON #2" votes="1" />
            <Precinct name="CLAUDE" votes="1" />
            <Precinct name="FORT VALLEY #1" votes="1" />
            <Precinct name="FORT VALLEY #2" votes="1" />
            <Precinct name="FORT VALLEY #3" votes="1" />
            <Precinct name="POWERSVILLE" votes="1" />
        </VoteType>
        <Choice key="10" text="YES" totalVotes="6153">
            <VoteType name="Election Day" votes="1917">
                <Precinct name="BYRON #1" votes="258" />
                <Precinct name="BYRON #2" votes="430" />
                <Precinct name="CLAUDE" votes="142" />
                <Precinct name="FORT VALLEY #1" votes="259" />
                <Precinct name="FORT VALLEY #2" votes="270" />
                <Precinct name="FORT VALLEY #3" votes="373" />
                <Precinct name="POWERSVILLE" votes="185" />
            </VoteType>
            <VoteType name="Absentee by Mail" votes="212">
                <Precinct name="BYRON #1" votes="23" />
                <Precinct name="BYRON #2" votes="42" />
                <Precinct name="CLAUDE" votes="15" />
                <Precinct name="FORT VALLEY #1" votes="33" />
                <Precinct name="FORT VALLEY #2" votes="43" />
                <Precinct name="FORT VALLEY #3" votes="41" />
                <Precinct name="POWERSVILLE" votes="15" />
            </VoteType>
            <VoteType name="Advance in Person" votes="4012">
                <Precinct name="BYRON #1" votes="698" />
                <Precinct name="BYRON #2" votes="1205" />
                <Precinct name="CLAUDE" votes="150" />
                <Precinct name="FORT VALLEY #1" votes="536" />
                <Precinct name="FORT VALLEY #2" votes="545" />
                <Precinct name="FORT VALLEY #3" votes="605" />
                <Precinct name="POWERSVILLE" votes="273" />
            </VoteType>
            <VoteType name="Provisional" votes="12">
                <Precinct name="BYRON #1" votes="1" />
                <Precinct name="BYRON #2" votes="2" />
                <Precinct name="CLAUDE" votes="1" />
                <Precinct name="FORT VALLEY #1" votes="2" />
                <Precinct name="FORT VALLEY #2" votes="2" />
                <Precinct name="FORT VALLEY #3" votes="3" />
                <Precinct name="POWERSVILLE" votes="1" />
            </VoteType>
        </Choice>
        <Choice key="20" text="NO" totalVotes="3633">
            <VoteType name="Election Day" votes="1092">
                <Precinct name="BYRON #1" votes="133" />
                <Precinct name="BYRON #2" votes="231" />
                <Precinct name="CLAUDE" votes="116" />
                <Precinct name="FORT VALLEY #1" votes="150" />
                <Precinct name="FORT VALLEY #2" votes="139" />
                <Precinct name="FORT VALLEY #3" votes="203" />
                <Precinct name="POWERSVILLE" votes="120" />
            </VoteType>
            <VoteType name="Absentee by Mail" votes="122">
                <Precinct name="BYRON #1" votes="2" />
                <Precinct name="BYRON #2" votes="26" />
                <Precinct name="CLAUDE" votes="1" />
                <Precinct name="FORT VALLEY #1" votes="39" />
                <Precinct name="FORT VALLEY #2" votes="15" />
                <Precinct name="FORT VALLEY #3" votes="29" />
                <Precinct name="POWERSVILLE" votes="10" />
            </VoteType>
            <VoteType name="Advance in Person" votes="2412">
                <Precinct name="BYRON #1" votes="420" />
                <Precinct name="BYRON #2" votes="649" />
                <Precinct name="CLAUDE" votes="79" />
                <Precinct name="FORT VALLEY #1" votes="374" />
                <Precinct name="FORT VALLEY #2" votes="284" />
                <Precinct name="FORT VALLEY #3" votes="429" />
                <Precinct name="POWERSVILLE" votes="177" />
            </VoteType>
            <VoteType name="Provisional" votes="7">
                <Precinct name="BYRON #1" votes="3" />
                <Precinct name="BYRON #2" votes="1" />
                <Precinct name="CLAUDE" votes="0" />
                <Precinct name="FORT VALLEY #1" votes="2" />
                <Precinct name="FORT VALLEY #2" votes="0" />
                <Precinct name="FORT VALLEY #3" votes="1" />
                <Precinct name="POWERSVILLE" votes="0" />
            </VoteType>
        </Choice>
    </Contest>
    <Contest key="370" text="Constitutional Amendment #4&lt;br&gt;Dedicates revenue from existing taxes on fireworks to trauma care, fire services, and public safety." isQuestion="false" precinctsReporting="7" precinctsReported="7">
        <VoteType name="Number of Precincts for Race" votes="7">
            <Precinct name="BYRON #1" votes="1" />
            <Precinct name="BYRON #2" votes="1" />
            <Precinct name="CLAUDE" votes="1" />
            <Precinct name="FORT VALLEY #1" votes="1" />
            <Precinct name="FORT VALLEY #2" votes="1" />
            <Precinct name="FORT VALLEY #3" votes="1" />
            <Precinct name="POWERSVILLE" votes="1" />
        </VoteType>
        <VoteType name="Number of Precincts Reporting" votes="7">
            <Precinct name="BYRON #1" votes="1" />
            <Precinct name="BYRON #2" votes="1" />
            <Precinct name="CLAUDE" votes="1" />
            <Precinct name="FORT VALLEY #1" votes="1" />
            <Precinct name="FORT VALLEY #2" votes="1" />
            <Precinct name="FORT VALLEY #3" votes="1" />
            <Precinct name="POWERSVILLE" votes="1" />
        </VoteType>
        <Choice key="10" text="YES" totalVotes="8002">
            <VoteType name="Election Day" votes="2420">
                <Precinct name="BYRON #1" votes="329" />
                <Precinct name="BYRON #2" votes="558" />
                <Precinct name="CLAUDE" votes="195" />
                <Precinct name="FORT VALLEY #1" votes="315" />
                <Precinct name="FORT VALLEY #2" votes="313" />
                <Precinct name="FORT VALLEY #3" votes="454" />
                <Precinct name="POWERSVILLE" votes="256" />
            </VoteType>
            <VoteType name="Absentee by Mail" votes="292">
                <Precinct name="BYRON #1" votes="26" />
                <Precinct name="BYRON #2" votes="62" />
                <Precinct name="CLAUDE" votes="14" />
                <Precinct name="FORT VALLEY #1" votes="56" />
                <Precinct name="FORT VALLEY #2" votes="52" />
                <Precinct name="FORT VALLEY #3" votes="60" />
                <Precinct name="POWERSVILLE" votes="22" />
            </VoteType>
            <VoteType name="Advance in Person" votes="5269">
                <Precinct name="BYRON #1" votes="941" />
                <Precinct name="BYRON #2" votes="1594" />
                <Precinct name="CLAUDE" votes="189" />
                <Precinct name="FORT VALLEY #1" votes="733" />
                <Precinct name="FORT VALLEY #2" votes="651" />
                <Precinct name="FORT VALLEY #3" votes="792" />
                <Precinct name="POWERSVILLE" votes="369" />
            </VoteType>
            <VoteType name="Provisional" votes="21">
                <Precinct name="BYRON #1" votes="4" />
                <Precinct name="BYRON #2" votes="5" />
                <Precinct name="CLAUDE" votes="1" />
                <Precinct name="FORT VALLEY #1" votes="5" />
                <Precinct name="FORT VALLEY #2" votes="2" />
                <Precinct name="FORT VALLEY #3" votes="3" />
                <Precinct name="POWERSVILLE" votes="1" />
            </VoteType>
        </Choice>
        <Choice key="20" text="NO" totalVotes="2191">
            <VoteType name="Election Day" votes="706">
                <Precinct name="BYRON #1" votes="81" />
                <Precinct name="BYRON #2" votes="145" />
                <Precinct name="CLAUDE" votes="71" />
                <Precinct name="FORT VALLEY #1" votes="105" />
                <Precinct name="FORT VALLEY #2" votes="102" />
                <Precinct name="FORT VALLEY #3" votes="137" />
                <Precinct name="POWERSVILLE" votes="65" />
            </VoteType>
            <VoteType name="Absentee by Mail" votes="57">
                <Precinct name="BYRON #1" votes="0" />
                <Precinct name="BYRON #2" votes="9" />
                <Precinct name="CLAUDE" votes="3" />
                <Precinct name="FORT VALLEY #1" votes="19" />
                <Precinct name="FORT VALLEY #2" votes="9" />
                <Precinct name="FORT VALLEY #3" votes="13" />
                <Precinct name="POWERSVILLE" votes="4" />
            </VoteType>
            <VoteType name="Advance in Person" votes="1427">
                <Precinct name="BYRON #1" votes="232" />
                <Precinct name="BYRON #2" votes="337" />
                <Precinct name="CLAUDE" votes="54" />
                <Precinct name="FORT VALLEY #1" votes="217" />
                <Precinct name="FORT VALLEY #2" votes="205" />
                <Precinct name="FORT VALLEY #3" votes="274" />
                <Precinct name="POWERSVILLE" votes="108" />
            </VoteType>
            <VoteType name="Provisional" votes="1">
                <Precinct name="BYRON #1" votes="0" />
                <Precinct name="BYRON #2" votes="0" />
                <Precinct name="CLAUDE" votes="0" />
                <Precinct name="FORT VALLEY #1" votes="0" />
                <Precinct name="FORT VALLEY #2" votes="0" />
                <Precinct name="FORT VALLEY #3" votes="1" />
                <Precinct name="POWERSVILLE" votes="0" />
            </VoteType>
        </Choice>
    </Contest>
</ElectionResult>