"line number","contest name","choice name","party name","total votes","percent of votes","registered voters","ballots cast","num Precinct total","num Precinct rptg","over votes","under votes"
1,"President of the United States","DONALD J. TRUMP","",20913,47.74,58302,44357,24,24,"0","0"
2,"President of the United States","HILLARY CLINTON","",21943,50.09,58302,44357,24,24,"0","0"
3,"President of the United States","GARY JOHNSON","",947,2.16,58302,44357,24,24,"0","0"
4,"United States Senator, Isakson","JOHNNY ISAKSON (I)","",20584,49.20,58302,44357,24,24,"0","0"
5,"United States Senator, Isakson","JIM BARKSDALE","",19851,47.45,58302,44357,24,24,"0","0"
6,"United States Senator, Isakson","ALLEN BUCKLEY","",1401,3.35,58302,44357,24,24,"0","0"
7,"Public Service Commission, District 2 - Eastern","TIM ECHOLS (I)","",23261,62.18,58302,44357,24,24,"0","0"
8,"Public Service Commission, District 2 - Eastern","ERIC HOSKINS","",14148,37.82,58302,44357,24,24,"0","0"
9,"U.S. Representative, District 4","VICTOR ARMENDARIZ","",12611,38.91,46694,33947,17,17,"0","0"
10,"U.S. Representative, District 4","HENRY C �HANK� JOHNSON JR (I)","",19797,61.09,46694,33947,17,17,"0","0"
11,"U.S. Representative, District 10","JODY HICE (I)","",8800,100.00,11608,10410,8,8,"0","0"
12,"State Senator, District 17","RICHARD JEFFARES (I)","",11790,67.40,23029,18287,12,12,"0","0"
13,"State Senator, District 17","BILL BLACKMON","",5703,32.60,23029,18287,12,12,"0","0"
14,"State Senator, District 43","JANICE VAN NESS (I)","",9636,38.32,35273,26070,12,12,"0","0"
15,"State Senator, District 43","TONYA P. ANDERSON","",15513,61.68,35273,26070,12,12,"0","0"
16,"State Representative, District 109","DALE RUTLEDGE (I)","",833,53.47,2085,1625,1,1,"0","0"
17,"State Representative, District 109","JANE ASKEW RUTLEDGE","",725,46.53,2085,1625,1,1,"0","0"
18,"State Representative, District 110","ANDY WELCH (I)","",4009,100.00,7433,5622,5,5,"0","0"
19,"State Representative, District 112","DAVE BELTON (I)","",13854,100.00,21101,17085,12,12,"0","0"
20,"State Representative, District 113","PAMELA ""PAM"" DICKERSON (I) (DEM)","",16629,100.00,27683,20025,10,10,"0","0"
21,"District Attorney, Alcovy Circuit","LAYLA ZON (I) (REP)","",31277,100.00,58302,44357,24,24,"0","0"
22,"Probate Judge","M. M. BELL (R)","",31231,100.00,58302,44357,24,24,"0","0"
23,"Superior Court Clerk","L. D. HAYS (I)(R)","",32009,100.00,58302,44357,24,24,"0","0"
24,"Sheriff","E. BROWN (I)(D)","",36438,100.00,58302,44357,24,24,"0","0"
25,"Tax Commissioner","B. DINGLER (I)(R)","",22929,53.58,58302,44357,24,24,"0","0"
26,"Tax Commissioner","C. DUREN (D)","",19862,46.42,58302,44357,24,24,"0","0"
27,"Coroner","T. DAVIS (I)(R)","",22767,53.28,58302,44357,24,24,"0","0"
28,"Coroner","D. BAILEY-BUTTS (D)","",19962,46.72,58302,44357,24,24,"0","0"
29,"County Comm Chair","R. A. VARNER (R)","",21261,49.77,58302,44357,24,24,"0","0"
30,"County Comm Chair","M. BANES (D)","",21461,50.23,58302,44357,24,24,"0","0"
31,"County Comm 1","A. S. EDWARDS, JR.(R","",7753,100.00,11754,9422,8,8,"0","0"
32,"County Comm 3","N. SCHULZ (I)(D)","",8035,100.00,12964,9927,6,6,"0","0"
33,"County Comm 5","R. COWAN (R)","",7109,100.00,11998,9366,12,12,"0","0"
34,"BOE 2","E. JOHNSON (I)(D)","",6811,100.00,11718,8861,4,4,"0","0"
35,"BOE 4","A. TURNER (I)(D)","",5694,100.00,9868,6781,8,8,"0","0"
36,"Constitutional Amendment #1<br>Provides greater flexibility and state accountability to fix failing schools through increasing community involvement.","YES","",16092,37.29,58302,44357,24,24,"0","0"
37,"Constitutional Amendment #1<br>Provides greater flexibility and state accountability to fix failing schools through increasing community involvement.","NO","",27057,62.71,58302,44357,24,24,"0","0"
38,"Constitutional Amendment #2<br>Authorizes penalties for sexual exploitation and assessments on adult entertainment to fund child victims' services.","YES","",35835,84.39,58302,44357,24,24,"0","0"
39,"Constitutional Amendment #2<br>Authorizes penalties for sexual exploitation and assessments on adult entertainment to fund child victims' services.","NO","",6628,15.61,58302,44357,24,24,"0","0"
40,"Constitutional Amendment #3<br>Reforms and re-establishes the Judicial Qualifications Commission and provides for its composition, governance, and powers.","YES","",25336,62.84,58302,44357,24,24,"0","0"
41,"Constitutional Amendment #3<br>Reforms and re-establishes the Judicial Qualifications Commission and provides for its composition, governance, and powers.","NO","",14985,37.16,58302,44357,24,24,"0","0"
42,"Constitutional Amendment #4<br>Dedicates revenue from existing taxes on fireworks to trauma care, fire services, and public safety.","YES","",35112,82.55,58302,44357,24,24,"0","0"
43,"Constitutional Amendment #4<br>Dedicates revenue from existing taxes on fireworks to trauma care, fire services, and public safety.","NO","",7424,17.45,58302,44357,24,24,"0","0"
44,"Special - BOE D1","T. BAILEY (I)(R)","",7798,100.00,11754,9422,8,8,"0","0"
