"line number","contest name","choice name","party name","total votes","percent of votes","registered voters","ballots cast","num Precinct total","num Precinct rptg","over votes","under votes"
1,"President of the United States","DONALD J. TRUMP","",5190,68.42,9786,7671,6,6,"0","0"
2,"President of the United States","HILLARY CLINTON","",2270,29.92,9786,7671,6,6,"0","0"
3,"President of the United States","GARY JOHNSON","",126,1.66,9786,7671,6,6,"0","0"
4,"United States Senator, Isakson","JOHNNY ISAKSON (I)","",4929,68.63,9786,7671,6,6,"0","0"
5,"United States Senator, Isakson","JIM BARKSDALE","",2003,27.89,9786,7671,6,6,"0","0"
6,"United States Senator, Isakson","ALLEN BUCKLEY","",250,3.48,9786,7671,6,6,"0","0"
7,"Public Service Commission, District 2 - Eastern","TIM ECHOLS (I)","",5275,77.94,9786,7669,6,6,"0","0"
8,"Public Service Commission, District 2 - Eastern","ERIC HOSKINS","",1493,22.06,9786,7669,6,6,"0","0"
9,"U.S. Representative, District 3","DREW FERGUSON","",5150,70.30,9786,7671,6,6,"0","0"
10,"U.S. Representative, District 3","ANGELA PENDLEY","",2176,29.70,9786,7671,6,6,"0","0"
11,"State Senator, District 16","MARTY HARBIN (I)","",6028,100.00,9786,7669,6,6,"0","0"
12,"State Representative, District 130","DAVID KNIGHT (I)","",3421,100.00,5043,4069,3,3,"0","0"
13,"State Representative, District 131","JOHNNIE CALDWELL (I) (REP)","",2622,100.00,4743,3600,3,3,"0","0"
14,"District Attorney, Towaliga Circuit","JONATHAN ADAMS","",6110,100.00,9786,7669,6,6,"0","0"
15,"CLERK SUPERIOR COURT","C. TYSON (I) R","",6056,100.00,9786,7669,6,6,"0","0"
16,"SHERIFF","B. WHITE (I) R","",6011,80.07,9786,7669,6,6,"0","0"
17,"SHERIFF","F. USHER III (D)","",1496,19.93,9786,7669,6,6,"0","0"
18,"TAX COMMISSIONER","A. L. ANTHONY (I) R","",6253,100.00,9786,7669,6,6,"0","0"
19,"CORONER","J. F. SMITH (I) D","",6163,100.00,9786,7669,6,6,"0","0"
20,"CC D3","R. TRAYLOR (R)","",1498,100.00,2212,1795,1,1,"0","0"
21,"CC D4","N. THRASH (I) R","",2001,100.00,2844,2354,1,1,"0","0"
22,"BOE D1","H. HIGHTOWER (I) D","",1166,100.00,2012,1385,1,1,"0","0"
23,"BOE D3","S. W. BYARS (I) R","",1463,100.00,2212,1795,1,1,"0","0"
24,"SOIL AND WATER","L. H. PARKER (I)","",5188,56.01,9786,7669,6,6,"0","0"
25,"SOIL AND WATER","R. WALTERS (I)","",4074,43.99,9786,7669,6,6,"0","0"
26,"Constitutional Amendment #1<br>Provides greater flexibility and state accountability to fix failing schools through increasing community involvement.","YES","",2481,33.14,9786,7669,6,6,"0","0"
27,"Constitutional Amendment #1<br>Provides greater flexibility and state accountability to fix failing schools through increasing community involvement.","NO","",5006,66.86,9786,7669,6,6,"0","0"
28,"Constitutional Amendment #2<br>Authorizes penalties for sexual exploitation and assessments on adult entertainment to fund child victims' services.","YES","",5940,81.06,9786,7669,6,6,"0","0"
29,"Constitutional Amendment #2<br>Authorizes penalties for sexual exploitation and assessments on adult entertainment to fund child victims' services.","NO","",1388,18.94,9786,7669,6,6,"0","0"
30,"Constitutional Amendment #3<br>Reforms and re-establishes the Judicial Qualifications Commission and provides for its composition, governance, and powers.","YES","",4151,59.44,9786,7669,6,6,"0","0"
31,"Constitutional Amendment #3<br>Reforms and re-establishes the Judicial Qualifications Commission and provides for its composition, governance, and powers.","NO","",2832,40.56,9786,7669,6,6,"0","0"
32,"Constitutional Amendment #4<br>Dedicates revenue from existing taxes on fireworks to trauma care, fire services, and public safety.","YES","",5667,77.78,9786,7669,6,6,"0","0"
33,"Constitutional Amendment #4<br>Dedicates revenue from existing taxes on fireworks to trauma care, fire services, and public safety.","NO","",1619,22.22,9786,7669,6,6,"0","0"
34,"ESPLOST","YES","",4481,61.23,9786,7669,6,6,"0","0"
35,"ESPLOST","NO","",2837,38.77,9786,7669,6,6,"0","0"
