"line number","contest name","choice name","party name","total votes","percent of votes","registered voters","ballots cast","num Precinct total","num Precinct rptg","over votes","under votes"
1,"President of the United States","DONALD J. TRUMP","",1235,88.85,1733,1403,4,4,"0","0"
2,"President of the United States","HILLARY CLINTON","",138,9.93,1733,1403,4,4,"0","0"
3,"President of the United States","GARY JOHNSON","",17,1.22,1733,1403,4,4,"0","0"
4,"United States Senator, Isakson","JOHNNY ISAKSON (I)","",1101,86.02,1733,1403,4,4,"0","0"
5,"United States Senator, Isakson","JIM BARKSDALE","",142,11.09,1733,1403,4,4,"0","0"
6,"United States Senator, Isakson","ALLEN BUCKLEY","",37,2.89,1733,1403,4,4,"0","0"
7,"Public Service Commission, District 2 - Eastern","TIM ECHOLS (I)","",1076,89.59,1733,1403,4,4,"0","0"
8,"Public Service Commission, District 2 - Eastern","ERIC HOSKINS","",125,10.41,1733,1403,4,4,"0","0"
9,"U.S. Representative, District 10","JODY HICE (I)","",1131,100.00,1733,1403,4,4,"0","0"
10,"State Senator, District 23","JESSE STONE (I)","",1131,100.00,1733,1403,4,4,"0","0"
11,"State Representative, District 128","MACK JACKSON (I) (DEM)","",837,100.00,1733,1403,4,4,"0","0"
12,"District Attorney, Toombs Circuit","DURWOOD R. ""WOODY"" DAVIS (REP)","",891,70.94,1733,1403,4,4,"0","0"
13,"District Attorney, Toombs Circuit","BILL DOUPE (DEM)","",365,29.06,1733,1403,4,4,"0","0"
14,"Superior Court Clerk","R. USRY (R)","",601,44.85,1733,1403,4,4,"0","0"
15,"Superior Court Clerk","K. STEPHENS (D)","",739,55.15,1733,1403,4,4,"0","0"
16,"Sheriff","J. KELLEY (D)","",1117,100.00,1733,1403,4,4,"0","0"
17,"Tax Commissioner","S. LYONS (I)(D)","",1139,100.00,1733,1403,4,4,"0","0"
18,"Coroner","KITCHENS-JACKSON(I)D","",1137,100.00,1733,1403,4,4,"0","0"
19,"County Commision Chair","L. BOYEN (R)","",461,34.02,1733,1403,4,4,"0","0"
20,"County Commision Chair","L. NEWSOME (R)","",183,13.51,1733,1403,4,4,"0","0"
21,"County Commision Chair","J. CHALKER (D)","",179,13.21,1733,1403,4,4,"0","0"
22,"County Commision Chair","A. GRISWELL (D)","",439,32.40,1733,1403,4,4,"0","0"
23,"County Commision Chair","J. WOOD (D)","",93,6.86,1733,1403,4,4,"0","0"
24,"County Comm Mill","L. NEWSOME (R)","",604,47.56,1733,1403,4,4,"0","0"
25,"County Comm Mill","J. CHALKER (D)","",666,52.44,1733,1403,4,4,"0","0"
26,"County Comm Gibson","L. BOYEN (I)(R)","",821,63.59,1733,1403,4,4,"0","0"
27,"County Comm Gibson","J. WOOD (D)","",470,36.41,1733,1403,4,4,"0","0"
28,"County Comm Mitc/Edgh","E. PHILLIPS (R)","",578,43.75,1733,1403,4,4,"0","0"
29,"County Comm Mitc/Edgh","A. GRISWELL (D)","",743,56.25,1733,1403,4,4,"0","0"
30,"Constitutional Amendment #1<br>Provides greater flexibility and state accountability to fix failing schools through increasing community involvement.","YES","",479,37.05,1733,1403,4,4,"0","0"
31,"Constitutional Amendment #1<br>Provides greater flexibility and state accountability to fix failing schools through increasing community involvement.","NO","",814,62.95,1733,1403,4,4,"0","0"
32,"Constitutional Amendment #2<br>Authorizes penalties for sexual exploitation and assessments on adult entertainment to fund child victims' services.","YES","",1081,86.83,1733,1403,4,4,"0","0"
33,"Constitutional Amendment #2<br>Authorizes penalties for sexual exploitation and assessments on adult entertainment to fund child victims' services.","NO","",164,13.17,1733,1403,4,4,"0","0"
34,"Constitutional Amendment #3<br>Reforms and re-establishes the Judicial Qualifications Commission and provides for its composition, governance, and powers.","YES","",697,61.57,1733,1403,4,4,"0","0"
35,"Constitutional Amendment #3<br>Reforms and re-establishes the Judicial Qualifications Commission and provides for its composition, governance, and powers.","NO","",435,38.43,1733,1403,4,4,"0","0"
36,"Constitutional Amendment #4<br>Dedicates revenue from existing taxes on fireworks to trauma care, fire services, and public safety.","YES","",1020,82.19,1733,1403,4,4,"0","0"
37,"Constitutional Amendment #4<br>Dedicates revenue from existing taxes on fireworks to trauma care, fire services, and public safety.","NO","",221,17.81,1733,1403,4,4,"0","0"
