"line number","contest name","choice name","party name","total votes","percent of votes","registered voters","ballots cast","num Precinct total","num Precinct rptg","over votes","under votes"
1,"President of the United States","DONALD J. TRUMP","",10341,83.23,16466,12555,7,7,"0","0"
2,"President of the United States","HILLARY CLINTON","",1800,14.49,16466,12555,7,7,"0","0"
3,"President of the United States","GARY JOHNSON","",283,2.28,16466,12555,7,7,"0","0"
4,"United States Senator, Isakson","JOHNNY ISAKSON (I)","",8922,80.26,16466,12555,7,7,"0","0"
5,"United States Senator, Isakson","JIM BARKSDALE","",1741,15.66,16466,12555,7,7,"0","0"
6,"United States Senator, Isakson","ALLEN BUCKLEY","",453,4.08,16466,12555,7,7,"0","0"
7,"Public Service Commission, District 2 - Eastern","TIM ECHOLS (I)","",9323,84.36,16466,12555,7,7,"0","0"
8,"Public Service Commission, District 2 - Eastern","ERIC HOSKINS","",1729,15.64,16466,12555,7,7,"0","0"
9,"U.S. Representative, District 14","TOM GRAVES (I)","",10669,100.00,16466,12555,7,7,"0","0"
10,"State Senator, District 54","CHARLIE BETHEL (I)","",10356,100.00,16466,12555,7,7,"0","0"
11,"State Representative, District 5","JOHN MEADOWS (I)","",1350,100.00,2244,1640,1,1,"0","0"
12,"State Representative, District 6","JASON T. RIDLEY (REP)","",4640,100.00,7142,5469,4,4,"0","0"
13,"State Representative, District 11","RICK JASPERSE (I)","",3842,78.28,7080,5446,3,3,"0","0"
14,"State Representative, District 11","BRANDON D CRISP","",1066,21.72,7080,5446,3,3,"0","0"
15,"District Attorney, Conasauga Circuit","BERT POSTON (I) (REP)","",10185,100.00,16466,12555,7,7,"0","0"
16,"JUDGE PROBATE","J. WATERS (R)","",6338,52.52,16466,12555,7,7,"0","0"
17,"JUDGE PROBATE","D. ADAMS (I) D","",5729,47.48,16466,12555,7,7,"0","0"
18,"CLERK SUPERIOR CT","D. FLOOD (I) R","",10662,100.00,16466,12555,7,7,"0","0"
19,"SHERIFF","G. LANGFORD (I) R","",10498,100.00,16466,12555,7,7,"0","0"
20,"TAX COMMISSIONER","B. R. CHILDERS (R)","",10408,100.00,16466,12555,7,7,"0","0"
21,"CORONER","J. GIBSON (I) R","",10296,100.00,16466,12555,7,7,"0","0"
22,"SOLE COMMISSIONER","G. HOGAN (R)","",10030,100.00,16466,12555,7,7,"0","0"
23,"BOE D1","F. ADAMS (I) R","",10188,100.00,16466,12555,7,7,"0","0"
24,"BOE D2","R. BAGGETT (R)","",10247,100.00,16466,12555,7,7,"0","0"
25,"BOE D3","A. PHILLIPS (R)","",10046,100.00,16466,12555,7,7,"0","0"
26,"BOE D4","G. L. SHOEMAKER (I)R","",9956,100.00,16466,12555,7,7,"0","0"
27,"SOIL AND WATER","J. F. PETTY (I)","",9949,100.00,16466,12555,7,7,"0","0"
28,"Constitutional Amendment #1<br>Provides greater flexibility and state accountability to fix failing schools through increasing community involvement.","YES","",4358,36.77,16466,12555,7,7,"0","0"
29,"Constitutional Amendment #1<br>Provides greater flexibility and state accountability to fix failing schools through increasing community involvement.","NO","",7494,63.23,16466,12555,7,7,"0","0"
30,"Constitutional Amendment #2<br>Authorizes penalties for sexual exploitation and assessments on adult entertainment to fund child victims' services.","YES","",9714,84.34,16466,12555,7,7,"0","0"
31,"Constitutional Amendment #2<br>Authorizes penalties for sexual exploitation and assessments on adult entertainment to fund child victims' services.","NO","",1803,15.66,16466,12555,7,7,"0","0"
32,"Constitutional Amendment #3<br>Reforms and re-establishes the Judicial Qualifications Commission and provides for its composition, governance, and powers.","YES","",6869,64.09,16466,12555,7,7,"0","0"
33,"Constitutional Amendment #3<br>Reforms and re-establishes the Judicial Qualifications Commission and provides for its composition, governance, and powers.","NO","",3848,35.91,16466,12555,7,7,"0","0"
34,"Constitutional Amendment #4<br>Dedicates revenue from existing taxes on fireworks to trauma care, fire services, and public safety.","YES","",9248,79.83,16466,12555,7,7,"0","0"
35,"Constitutional Amendment #4<br>Dedicates revenue from existing taxes on fireworks to trauma care, fire services, and public safety.","NO","",2336,20.17,16466,12555,7,7,"0","0"
