<?xml version="1.0"?>
<!--Election result snapshot imported from Tabulation System
-->
<ElectionResult>
    <Timestamp>11/14/2016 5:08:05 PM EST</Timestamp>
    <ElectionName>November 8, 2016 - General Election</ElectionName>
    <ElectionDate>11/8/2016</ElectionDate>
    <Region>Dawson</Region>
    <VoterTurnout totalVoters="14591" ballotsCast="11860" voterTurnout="81.28">
        <Precincts>
            <Precinct name="West" totalVoters="1974" ballotsCast="1655" voterTurnout="83.84" percentReporting="4" />
            <Precinct name="Central" totalVoters="6605" ballotsCast="5358" voterTurnout="81.12" percentReporting="4" />
            <Precinct name="East" totalVoters="6012" ballotsCast="4847" voterTurnout="80.62" percentReporting="4" />
        </Precincts>
    </VoterTurnout>
    <Contest key="1" text="President of the United States" isQuestion="false" precinctsReporting="3" precinctsReported="3">
        <VoteType name="Number of Precincts for Race" votes="3">
            <Precinct name="West" votes="1" />
            <Precinct name="Central" votes="1" />
            <Precinct name="East" votes="1" />
        </VoteType>
        <VoteType name="Number of Precincts Reporting" votes="3">
            <Precinct name="West" votes="1" />
            <Precinct name="Central" votes="1" />
            <Precinct name="East" votes="1" />
        </VoteType>
        <Choice key="10" text="DONALD J. TRUMP" totalVotes="9900">
            <VoteType name="Election Day" votes="2423">
                <Precinct name="West" votes="411" />
                <Precinct name="Central" votes="941" />
                <Precinct name="East" votes="1071" />
            </VoteType>
            <VoteType name="Absentee by Mail" votes="422">
                <Precinct name="West" votes="80" />
                <Precinct name="Central" votes="184" />
                <Precinct name="East" votes="158" />
            </VoteType>
            <VoteType name="Advance in Person" votes="7039">
                <Precinct name="West" votes="742" />
                <Precinct name="Central" votes="3551" />
                <Precinct name="East" votes="2746" />
            </VoteType>
            <VoteType name="Provisional" votes="16">
                <Precinct name="West" votes="1" />
                <Precinct name="Central" votes="7" />
                <Precinct name="East" votes="8" />
            </VoteType>
        </Choice>
        <Choice key="20" text="HILLARY CLINTON" totalVotes="1448">
            <VoteType name="Election Day" votes="379">
                <Precinct name="West" votes="116" />
                <Precinct name="Central" votes="103" />
                <Precinct name="East" votes="160" />
            </VoteType>
            <VoteType name="Absentee by Mail" votes="107">
                <Precinct name="West" votes="31" />
                <Precinct name="Central" votes="23" />
                <Precinct name="East" votes="53" />
            </VoteType>
            <VoteType name="Advance in Person" votes="958">
                <Precinct name="West" votes="216" />
                <Precinct name="Central" votes="348" />
                <Precinct name="East" votes="394" />
            </VoteType>
            <VoteType name="Provisional" votes="4">
                <Precinct name="West" votes="0" />
                <Precinct name="Central" votes="2" />
                <Precinct name="East" votes="2" />
            </VoteType>
        </Choice>
        <Choice key="30" text="GARY JOHNSON" totalVotes="356">
            <VoteType name="Election Day" votes="157">
                <Precinct name="West" votes="22" />
                <Precinct name="Central" votes="54" />
                <Precinct name="East" votes="81" />
            </VoteType>
            <VoteType name="Absentee by Mail" votes="14">
                <Precinct name="West" votes="0" />
                <Precinct name="Central" votes="8" />
                <Precinct name="East" votes="6" />
            </VoteType>
            <VoteType name="Advance in Person" votes="185">
                <Precinct name="West" votes="16" />
                <Precinct name="Central" votes="83" />
                <Precinct name="East" votes="86" />
            </VoteType>
            <VoteType name="Provisional" votes="0">
                <Precinct name="West" votes="0" />
                <Precinct name="Central" votes="0" />
                <Precinct name="East" votes="0" />
            </VoteType>
        </Choice>
    </Contest>
    <Contest key="10" text="United States Senator, Isakson" isQuestion="false" precinctsReporting="3" precinctsReported="3">
        <VoteType name="Number of Precincts for Race" votes="3">
            <Precinct name="West" votes="1" />
            <Precinct name="Central" votes="1" />
            <Precinct name="East" votes="1" />
        </VoteType>
        <VoteType name="Number of Precincts Reporting" votes="3">
            <Precinct name="West" votes="1" />
            <Precinct name="Central" votes="1" />
            <Precinct name="East" votes="1" />
        </VoteType>
        <Choice key="10" text="JOHNNY ISAKSON (I)" totalVotes="9314">
            <VoteType name="Election Day" votes="2303">
                <Precinct name="West" votes="408" />
                <Precinct name="Central" votes="874" />
                <Precinct name="East" votes="1021" />
            </VoteType>
            <VoteType name="Absentee by Mail" votes="422">
                <Precinct name="West" votes="82" />
                <Precinct name="Central" votes="182" />
                <Precinct name="East" votes="158" />
            </VoteType>
            <VoteType name="Advance in Person" votes="6574">
                <Precinct name="West" votes="733" />
                <Precinct name="Central" votes="3249" />
                <Precinct name="East" votes="2592" />
            </VoteType>
            <VoteType name="Provisional" votes="15">
                <Precinct name="West" votes="1" />
                <Precinct name="Central" votes="6" />
                <Precinct name="East" votes="8" />
            </VoteType>
        </Choice>
        <Choice key="20" text="JIM BARKSDALE" totalVotes="1233">
            <VoteType name="Election Day" votes="318">
                <Precinct name="West" votes="86" />
                <Precinct name="Central" votes="89" />
                <Precinct name="East" votes="143" />
            </VoteType>
            <VoteType name="Absentee by Mail" votes="82">
                <Precinct name="West" votes="27" />
                <Precinct name="Central" votes="13" />
                <Precinct name="East" votes="42" />
            </VoteType>
            <VoteType name="Advance in Person" votes="831">
                <Precinct name="West" votes="168" />
                <Precinct name="Central" votes="317" />
                <Precinct name="East" votes="346" />
            </VoteType>
            <VoteType name="Provisional" votes="2">
                <Precinct name="West" votes="0" />
                <Precinct name="Central" votes="1" />
                <Precinct name="East" votes="1" />
            </VoteType>
        </Choice>
        <Choice key="30" text="ALLEN BUCKLEY" totalVotes="659">
            <VoteType name="Election Day" votes="230">
                <Precinct name="West" votes="25" />
                <Precinct name="Central" votes="96" />
                <Precinct name="East" votes="109" />
            </VoteType>
            <VoteType name="Absentee by Mail" votes="27">
                <Precinct name="West" votes="2" />
                <Precinct name="Central" votes="11" />
                <Precinct name="East" votes="14" />
            </VoteType>
            <VoteType name="Advance in Person" votes="401">
                <Precinct name="West" votes="45" />
                <Precinct name="Central" votes="204" />
                <Precinct name="East" votes="152" />
            </VoteType>
            <VoteType name="Provisional" votes="1">
                <Precinct name="West" votes="0" />
                <Precinct name="Central" votes="0" />
                <Precinct name="East" votes="1" />
            </VoteType>
        </Choice>
    </Contest>
    <Contest key="30" text="Public Service Commission, District 2 - Eastern" isQuestion="false" precinctsReporting="3" precinctsReported="3">
        <VoteType name="Number of Precincts for Race" votes="3">
            <Precinct name="West" votes="1" />
            <Precinct name="Central" votes="1" />
            <Precinct name="East" votes="1" />
        </VoteType>
        <VoteType name="Number of Precincts Reporting" votes="3">
            <Precinct name="West" votes="1" />
            <Precinct name="Central" votes="1" />
            <Precinct name="East" votes="1" />
        </VoteType>
        <Choice key="10" text="TIM ECHOLS (I)" totalVotes="9395">
            <VoteType name="Election Day" votes="2346">
                <Precinct name="West" votes="422" />
                <Precinct name="Central" votes="884" />
                <Precinct name="East" votes="1040" />
            </VoteType>
            <VoteType name="Absentee by Mail" votes="408">
                <Precinct name="West" votes="80" />
                <Precinct name="Central" votes="170" />
                <Precinct name="East" votes="158" />
            </VoteType>
            <VoteType name="Advance in Person" votes="6626">
                <Precinct name="West" votes="747" />
                <Precinct name="Central" votes="3220" />
                <Precinct name="East" votes="2659" />
            </VoteType>
            <VoteType name="Provisional" votes="15">
                <Precinct name="West" votes="1" />
                <Precinct name="Central" votes="7" />
                <Precinct name="East" votes="7" />
            </VoteType>
        </Choice>
        <Choice key="20" text="ERIC HOSKINS" totalVotes="1603">
            <VoteType name="Election Day" votes="479">
                <Precinct name="West" votes="80" />
                <Precinct name="Central" votes="183" />
                <Precinct name="East" votes="216" />
            </VoteType>
            <VoteType name="Absentee by Mail" votes="86">
                <Precinct name="West" votes="21" />
                <Precinct name="Central" votes="26" />
                <Precinct name="East" votes="39" />
            </VoteType>
            <VoteType name="Advance in Person" votes="1036">
                <Precinct name="West" votes="142" />
                <Precinct name="Central" votes="478" />
                <Precinct name="East" votes="416" />
            </VoteType>
            <VoteType name="Provisional" votes="2">
                <Precinct name="West" votes="0" />
                <Precinct name="Central" votes="0" />
                <Precinct name="East" votes="2" />
            </VoteType>
        </Choice>
    </Contest>
    <Contest key="50" text="U.S. Representative, District 9" isQuestion="false" precinctsReporting="3" precinctsReported="3">
        <VoteType name="Number of Precincts for Race" votes="3">
            <Precinct name="West" votes="1" />
            <Precinct name="Central" votes="1" />
            <Precinct name="East" votes="1" />
        </VoteType>
        <VoteType name="Number of Precincts Reporting" votes="3">
            <Precinct name="West" votes="1" />
            <Precinct name="Central" votes="1" />
            <Precinct name="East" votes="1" />
        </VoteType>
        <Choice key="10" text="DOUG COLLINS (I)" totalVotes="10364">
            <VoteType name="Election Day" votes="2676">
                <Precinct name="West" votes="466" />
                <Precinct name="Central" votes="1022" />
                <Precinct name="East" votes="1188" />
            </VoteType>
            <VoteType name="Absentee by Mail" votes="440">
                <Precinct name="West" votes="84" />
                <Precinct name="Central" votes="177" />
                <Precinct name="East" votes="179" />
            </VoteType>
            <VoteType name="Advance in Person" votes="7233">
                <Precinct name="West" votes="811" />
                <Precinct name="Central" votes="3514" />
                <Precinct name="East" votes="2908" />
            </VoteType>
            <VoteType name="Provisional" votes="15">
                <Precinct name="West" votes="0" />
                <Precinct name="Central" votes="7" />
                <Precinct name="East" votes="8" />
            </VoteType>
        </Choice>
    </Contest>
    <Contest key="70" text="State Senator, District 51" isQuestion="false" precinctsReporting="3" precinctsReported="3">
        <VoteType name="Number of Precincts for Race" votes="3">
            <Precinct name="West" votes="1" />
            <Precinct name="Central" votes="1" />
            <Precinct name="East" votes="1" />
        </VoteType>
        <VoteType name="Number of Precincts Reporting" votes="3">
            <Precinct name="West" votes="1" />
            <Precinct name="Central" votes="1" />
            <Precinct name="East" votes="1" />
        </VoteType>
        <Choice key="10" text="STEVE GOOCH (I) (REP)" totalVotes="10291">
            <VoteType name="Election Day" votes="2667">
                <Precinct name="West" votes="470" />
                <Precinct name="Central" votes="1017" />
                <Precinct name="East" votes="1180" />
            </VoteType>
            <VoteType name="Absentee by Mail" votes="434">
                <Precinct name="West" votes="87" />
                <Precinct name="Central" votes="175" />
                <Precinct name="East" votes="172" />
            </VoteType>
            <VoteType name="Advance in Person" votes="7175">
                <Precinct name="West" votes="815" />
                <Precinct name="Central" votes="3471" />
                <Precinct name="East" votes="2889" />
            </VoteType>
            <VoteType name="Provisional" votes="15">
                <Precinct name="West" votes="0" />
                <Precinct name="Central" votes="7" />
                <Precinct name="East" votes="8" />
            </VoteType>
        </Choice>
    </Contest>
    <Contest key="90" text="State Representative, District 7" isQuestion="false" precinctsReporting="1" precinctsReported="1">
        <VoteType name="Number of Precincts for Race" votes="1">
            <Precinct name="West" votes="1" />
        </VoteType>
        <VoteType name="Number of Precincts Reporting" votes="1">
            <Precinct name="West" votes="1" />
        </VoteType>
        <Choice key="10" text="DAVID RALSTON (I) (REP)" totalVotes="1333">
            <VoteType name="Election Day" votes="462">
                <Precinct name="West" votes="462" />
            </VoteType>
            <VoteType name="Absentee by Mail" votes="88">
                <Precinct name="West" votes="88" />
            </VoteType>
            <VoteType name="Advance in Person" votes="783">
                <Precinct name="West" votes="783" />
            </VoteType>
            <VoteType name="Provisional" votes="0">
                <Precinct name="West" votes="0" />
            </VoteType>
        </Choice>
    </Contest>
    <Contest key="110" text="State Representative, District 9" isQuestion="false" precinctsReporting="2" precinctsReported="2">
        <VoteType name="Number of Precincts for Race" votes="2">
            <Precinct name="Central" votes="1" />
            <Precinct name="East" votes="1" />
        </VoteType>
        <VoteType name="Number of Precincts Reporting" votes="2">
            <Precinct name="Central" votes="1" />
            <Precinct name="East" votes="1" />
        </VoteType>
        <Choice key="10" text="KEVIN TANNER (I) (REP)" totalVotes="8986">
            <VoteType name="Election Day" votes="2202">
                <Precinct name="Central" votes="1013" />
                <Precinct name="East" votes="1189" />
            </VoteType>
            <VoteType name="Absentee by Mail" votes="344">
                <Precinct name="Central" votes="176" />
                <Precinct name="East" votes="168" />
            </VoteType>
            <VoteType name="Advance in Person" votes="6425">
                <Precinct name="Central" votes="3517" />
                <Precinct name="East" votes="2908" />
            </VoteType>
            <VoteType name="Provisional" votes="15">
                <Precinct name="Central" votes="7" />
                <Precinct name="East" votes="8" />
            </VoteType>
        </Choice>
    </Contest>
    <Contest key="300" text="Probate Judge" isQuestion="false" precinctsReporting="3" precinctsReported="3">
        <VoteType name="Number of Precincts for Race" votes="3">
            <Precinct name="West" votes="1" />
            <Precinct name="Central" votes="1" />
            <Precinct name="East" votes="1" />
        </VoteType>
        <VoteType name="Number of Precincts Reporting" votes="3">
            <Precinct name="West" votes="1" />
            <Precinct name="Central" votes="1" />
            <Precinct name="East" votes="1" />
        </VoteType>
        <Choice key="10" text="J. E. BURT (I)(R)" totalVotes="10352">
            <VoteType name="Election Day" votes="2668">
                <Precinct name="West" votes="466" />
                <Precinct name="Central" votes="1018" />
                <Precinct name="East" votes="1184" />
            </VoteType>
            <VoteType name="Absentee by Mail" votes="430">
                <Precinct name="West" votes="89" />
                <Precinct name="Central" votes="167" />
                <Precinct name="East" votes="174" />
            </VoteType>
            <VoteType name="Advance in Person" votes="7238">
                <Precinct name="West" votes="819" />
                <Precinct name="Central" votes="3521" />
                <Precinct name="East" votes="2898" />
            </VoteType>
            <VoteType name="Provisional" votes="16">
                <Precinct name="West" votes="0" />
                <Precinct name="Central" votes="7" />
                <Precinct name="East" votes="9" />
            </VoteType>
        </Choice>
    </Contest>
    <Contest key="320" text="Superior Court Clerk" isQuestion="false" precinctsReporting="3" precinctsReported="3">
        <VoteType name="Number of Precincts for Race" votes="3">
            <Precinct name="West" votes="1" />
            <Precinct name="Central" votes="1" />
            <Precinct name="East" votes="1" />
        </VoteType>
        <VoteType name="Number of Precincts Reporting" votes="3">
            <Precinct name="West" votes="1" />
            <Precinct name="Central" votes="1" />
            <Precinct name="East" votes="1" />
        </VoteType>
        <Choice key="10" text="J. POWER (I)(R)" totalVotes="10461">
            <VoteType name="Election Day" votes="2675">
                <Precinct name="West" votes="469" />
                <Precinct name="Central" votes="1020" />
                <Precinct name="East" votes="1186" />
            </VoteType>
            <VoteType name="Absentee by Mail" votes="439">
                <Precinct name="West" votes="91" />
                <Precinct name="Central" votes="176" />
                <Precinct name="East" votes="172" />
            </VoteType>
            <VoteType name="Advance in Person" votes="7332">
                <Precinct name="West" votes="823" />
                <Precinct name="Central" votes="3568" />
                <Precinct name="East" votes="2941" />
            </VoteType>
            <VoteType name="Provisional" votes="15">
                <Precinct name="West" votes="0" />
                <Precinct name="Central" votes="7" />
                <Precinct name="East" votes="8" />
            </VoteType>
        </Choice>
    </Contest>
    <Contest key="340" text="Sheriff" isQuestion="false" precinctsReporting="3" precinctsReported="3">
        <VoteType name="Number of Precincts for Race" votes="3">
            <Precinct name="West" votes="1" />
            <Precinct name="Central" votes="1" />
            <Precinct name="East" votes="1" />
        </VoteType>
        <VoteType name="Number of Precincts Reporting" votes="3">
            <Precinct name="West" votes="1" />
            <Precinct name="Central" votes="1" />
            <Precinct name="East" votes="1" />
        </VoteType>
        <Choice key="10" text="J. JOHNSON (R)" totalVotes="10240">
            <VoteType name="Election Day" votes="2618">
                <Precinct name="West" votes="459" />
                <Precinct name="Central" votes="995" />
                <Precinct name="East" votes="1164" />
            </VoteType>
            <VoteType name="Absentee by Mail" votes="444">
                <Precinct name="West" votes="90" />
                <Precinct name="Central" votes="181" />
                <Precinct name="East" votes="173" />
            </VoteType>
            <VoteType name="Advance in Person" votes="7162">
                <Precinct name="West" votes="803" />
                <Precinct name="Central" votes="3487" />
                <Precinct name="East" votes="2872" />
            </VoteType>
            <VoteType name="Provisional" votes="16">
                <Precinct name="West" votes="0" />
                <Precinct name="Central" votes="7" />
                <Precinct name="East" votes="9" />
            </VoteType>
        </Choice>
    </Contest>
    <Contest key="360" text="Tax Commissioner" isQuestion="false" precinctsReporting="3" precinctsReported="3">
        <VoteType name="Number of Precincts for Race" votes="3">
            <Precinct name="West" votes="1" />
            <Precinct name="Central" votes="1" />
            <Precinct name="East" votes="1" />
        </VoteType>
        <VoteType name="Number of Precincts Reporting" votes="3">
            <Precinct name="West" votes="1" />
            <Precinct name="Central" votes="1" />
            <Precinct name="East" votes="1" />
        </VoteType>
        <Choice key="10" text="N. STEWART (R)" totalVotes="10259">
            <VoteType name="Election Day" votes="2627">
                <Precinct name="West" votes="459" />
                <Precinct name="Central" votes="999" />
                <Precinct name="East" votes="1169" />
            </VoteType>
            <VoteType name="Absentee by Mail" votes="438">
                <Precinct name="West" votes="91" />
                <Precinct name="Central" votes="174" />
                <Precinct name="East" votes="173" />
            </VoteType>
            <VoteType name="Advance in Person" votes="7178">
                <Precinct name="West" votes="811" />
                <Precinct name="Central" votes="3498" />
                <Precinct name="East" votes="2869" />
            </VoteType>
            <VoteType name="Provisional" votes="16">
                <Precinct name="West" votes="0" />
                <Precinct name="Central" votes="7" />
                <Precinct name="East" votes="9" />
            </VoteType>
        </Choice>
    </Contest>
    <Contest key="380" text="Surveyor" isQuestion="false" precinctsReporting="3" precinctsReported="3">
        <VoteType name="Number of Precincts for Race" votes="3">
            <Precinct name="West" votes="1" />
            <Precinct name="Central" votes="1" />
            <Precinct name="East" votes="1" />
        </VoteType>
        <VoteType name="Number of Precincts Reporting" votes="3">
            <Precinct name="West" votes="1" />
            <Precinct name="Central" votes="1" />
            <Precinct name="East" votes="1" />
        </VoteType>
        <Choice key="10" text="D. R. JONES (I)(R)" totalVotes="10118">
            <VoteType name="Election Day" votes="2617">
                <Precinct name="West" votes="455" />
                <Precinct name="Central" votes="995" />
                <Precinct name="East" votes="1167" />
            </VoteType>
            <VoteType name="Absentee by Mail" votes="430">
                <Precinct name="West" votes="88" />
                <Precinct name="Central" votes="172" />
                <Precinct name="East" votes="170" />
            </VoteType>
            <VoteType name="Advance in Person" votes="7055">
                <Precinct name="West" votes="794" />
                <Precinct name="Central" votes="3420" />
                <Precinct name="East" votes="2841" />
            </VoteType>
            <VoteType name="Provisional" votes="16">
                <Precinct name="West" votes="0" />
                <Precinct name="Central" votes="7" />
                <Precinct name="East" votes="9" />
            </VoteType>
        </Choice>
    </Contest>
    <Contest key="390" text="Coroner" isQuestion="false" precinctsReporting="3" precinctsReported="3">
        <VoteType name="Number of Precincts for Race" votes="3">
            <Precinct name="West" votes="1" />
            <Precinct name="Central" votes="1" />
            <Precinct name="East" votes="1" />
        </VoteType>
        <VoteType name="Number of Precincts Reporting" votes="3">
            <Precinct name="West" votes="1" />
            <Precinct name="Central" votes="1" />
            <Precinct name="East" votes="1" />
        </VoteType>
        <Choice key="10" text="TED BEARDEN (I)(Ind)" totalVotes="10354">
            <VoteType name="Election Day" votes="2651">
                <Precinct name="West" votes="456" />
                <Precinct name="Central" votes="1022" />
                <Precinct name="East" votes="1173" />
            </VoteType>
            <VoteType name="Absentee by Mail" votes="430">
                <Precinct name="West" votes="92" />
                <Precinct name="Central" votes="170" />
                <Precinct name="East" votes="168" />
            </VoteType>
            <VoteType name="Advance in Person" votes="7257">
                <Precinct name="West" votes="810" />
                <Precinct name="Central" votes="3555" />
                <Precinct name="East" votes="2892" />
            </VoteType>
            <VoteType name="Provisional" votes="16">
                <Precinct name="West" votes="0" />
                <Precinct name="Central" votes="8" />
                <Precinct name="East" votes="8" />
            </VoteType>
        </Choice>
    </Contest>
    <Contest key="400" text="Chief Magistrate" isQuestion="false" precinctsReporting="3" precinctsReported="3">
        <VoteType name="Number of Precincts for Race" votes="3">
            <Precinct name="West" votes="1" />
            <Precinct name="Central" votes="1" />
            <Precinct name="East" votes="1" />
        </VoteType>
        <VoteType name="Number of Precincts Reporting" votes="3">
            <Precinct name="West" votes="1" />
            <Precinct name="Central" votes="1" />
            <Precinct name="East" votes="1" />
        </VoteType>
        <Choice key="10" text="L. A. THURMOND(I)(R)" totalVotes="10170">
            <VoteType name="Election Day" votes="2614">
                <Precinct name="West" votes="456" />
                <Precinct name="Central" votes="989" />
                <Precinct name="East" votes="1169" />
            </VoteType>
            <VoteType name="Absentee by Mail" votes="433">
                <Precinct name="West" votes="89" />
                <Precinct name="Central" votes="173" />
                <Precinct name="East" votes="171" />
            </VoteType>
            <VoteType name="Advance in Person" votes="7109">
                <Precinct name="West" votes="800" />
                <Precinct name="Central" votes="3453" />
                <Precinct name="East" votes="2856" />
            </VoteType>
            <VoteType name="Provisional" votes="14">
                <Precinct name="West" votes="0" />
                <Precinct name="Central" votes="7" />
                <Precinct name="East" votes="7" />
            </VoteType>
        </Choice>
    </Contest>
    <Contest key="420" text="County Comm Chair" isQuestion="false" precinctsReporting="3" precinctsReported="3">
        <VoteType name="Number of Precincts for Race" votes="3">
            <Precinct name="West" votes="1" />
            <Precinct name="Central" votes="1" />
            <Precinct name="East" votes="1" />
        </VoteType>
        <VoteType name="Number of Precincts Reporting" votes="3">
            <Precinct name="West" votes="1" />
            <Precinct name="Central" votes="1" />
            <Precinct name="East" votes="1" />
        </VoteType>
        <Choice key="10" text="B. THURMOND (R)" totalVotes="10231">
            <VoteType name="Election Day" votes="2630">
                <Precinct name="West" votes="460" />
                <Precinct name="Central" votes="1003" />
                <Precinct name="East" votes="1167" />
            </VoteType>
            <VoteType name="Absentee by Mail" votes="432">
                <Precinct name="West" votes="85" />
                <Precinct name="Central" votes="175" />
                <Precinct name="East" votes="172" />
            </VoteType>
            <VoteType name="Advance in Person" votes="7154">
                <Precinct name="West" votes="798" />
                <Precinct name="Central" votes="3481" />
                <Precinct name="East" votes="2875" />
            </VoteType>
            <VoteType name="Provisional" votes="15">
                <Precinct name="West" votes="0" />
                <Precinct name="Central" votes="7" />
                <Precinct name="East" votes="8" />
            </VoteType>
        </Choice>
    </Contest>
    <Contest key="440" text="County Comm 2" isQuestion="false" precinctsReporting="3" precinctsReported="3">
        <VoteType name="Number of Precincts for Race" votes="3">
            <Precinct name="West" votes="1" />
            <Precinct name="Central" votes="1" />
            <Precinct name="East" votes="1" />
        </VoteType>
        <VoteType name="Number of Precincts Reporting" votes="3">
            <Precinct name="West" votes="1" />
            <Precinct name="Central" votes="1" />
            <Precinct name="East" votes="1" />
        </VoteType>
        <Choice key="10" text="C. GAINES (R)" totalVotes="8479">
            <VoteType name="Election Day" votes="2181">
                <Precinct name="West" votes="384" />
                <Precinct name="Central" votes="811" />
                <Precinct name="East" votes="986" />
            </VoteType>
            <VoteType name="Absentee by Mail" votes="355">
                <Precinct name="West" votes="76" />
                <Precinct name="Central" votes="135" />
                <Precinct name="East" votes="144" />
            </VoteType>
            <VoteType name="Advance in Person" votes="5929">
                <Precinct name="West" votes="670" />
                <Precinct name="Central" votes="2797" />
                <Precinct name="East" votes="2462" />
            </VoteType>
            <VoteType name="Provisional" votes="14">
                <Precinct name="West" votes="0" />
                <Precinct name="Central" votes="7" />
                <Precinct name="East" votes="7" />
            </VoteType>
        </Choice>
        <Choice key="20" text="R. WILEY (Ind)" totalVotes="2592">
            <VoteType name="Election Day" votes="642">
                <Precinct name="West" votes="113" />
                <Precinct name="Central" votes="252" />
                <Precinct name="East" votes="277" />
            </VoteType>
            <VoteType name="Absentee by Mail" votes="130">
                <Precinct name="West" votes="26" />
                <Precinct name="Central" votes="58" />
                <Precinct name="East" votes="46" />
            </VoteType>
            <VoteType name="Advance in Person" votes="1818">
                <Precinct name="West" votes="239" />
                <Precinct name="Central" votes="975" />
                <Precinct name="East" votes="604" />
            </VoteType>
            <VoteType name="Provisional" votes="2">
                <Precinct name="West" votes="0" />
                <Precinct name="Central" votes="0" />
                <Precinct name="East" votes="2" />
            </VoteType>
        </Choice>
    </Contest>
    <Contest key="460" text="County Comm 4" isQuestion="false" precinctsReporting="3" precinctsReported="3">
        <VoteType name="Number of Precincts for Race" votes="3">
            <Precinct name="West" votes="1" />
            <Precinct name="Central" votes="1" />
            <Precinct name="East" votes="1" />
        </VoteType>
        <VoteType name="Number of Precincts Reporting" votes="3">
            <Precinct name="West" votes="1" />
            <Precinct name="Central" votes="1" />
            <Precinct name="East" votes="1" />
        </VoteType>
        <Choice key="10" text="J. H. NIX (I)(R)" totalVotes="9995">
            <VoteType name="Election Day" votes="2600">
                <Precinct name="West" votes="463" />
                <Precinct name="Central" votes="988" />
                <Precinct name="East" votes="1149" />
            </VoteType>
            <VoteType name="Absentee by Mail" votes="425">
                <Precinct name="West" votes="81" />
                <Precinct name="Central" votes="173" />
                <Precinct name="East" votes="171" />
            </VoteType>
            <VoteType name="Advance in Person" votes="6955">
                <Precinct name="West" votes="792" />
                <Precinct name="Central" votes="3394" />
                <Precinct name="East" votes="2769" />
            </VoteType>
            <VoteType name="Provisional" votes="15">
                <Precinct name="West" votes="0" />
                <Precinct name="Central" votes="7" />
                <Precinct name="East" votes="8" />
            </VoteType>
        </Choice>
    </Contest>
    <Contest key="480" text="BOE 1" isQuestion="false" precinctsReporting="3" precinctsReported="3">
        <VoteType name="Number of Precincts for Race" votes="3">
            <Precinct name="West" votes="1" />
            <Precinct name="Central" votes="1" />
            <Precinct name="East" votes="1" />
        </VoteType>
        <VoteType name="Number of Precincts Reporting" votes="3">
            <Precinct name="West" votes="1" />
            <Precinct name="Central" votes="1" />
            <Precinct name="East" votes="1" />
        </VoteType>
        <Choice key="10" text="D. COOK (I)(R)" totalVotes="10050">
            <VoteType name="Election Day" votes="2608">
                <Precinct name="West" votes="455" />
                <Precinct name="Central" votes="991" />
                <Precinct name="East" votes="1162" />
            </VoteType>
            <VoteType name="Absentee by Mail" votes="426">
                <Precinct name="West" votes="81" />
                <Precinct name="Central" votes="172" />
                <Precinct name="East" votes="173" />
            </VoteType>
            <VoteType name="Advance in Person" votes="7001">
                <Precinct name="West" votes="793" />
                <Precinct name="Central" votes="3398" />
                <Precinct name="East" votes="2810" />
            </VoteType>
            <VoteType name="Provisional" votes="15">
                <Precinct name="West" votes="0" />
                <Precinct name="Central" votes="7" />
                <Precinct name="East" votes="8" />
            </VoteType>
        </Choice>
    </Contest>
    <Contest key="500" text="BOE 2" isQuestion="false" precinctsReporting="3" precinctsReported="3">
        <VoteType name="Number of Precincts for Race" votes="3">
            <Precinct name="West" votes="1" />
            <Precinct name="Central" votes="1" />
            <Precinct name="East" votes="1" />
        </VoteType>
        <VoteType name="Number of Precincts Reporting" votes="3">
            <Precinct name="West" votes="1" />
            <Precinct name="Central" votes="1" />
            <Precinct name="East" votes="1" />
        </VoteType>
        <Choice key="10" text="E. WILSON (I)(R)" totalVotes="10017">
            <VoteType name="Election Day" votes="2614">
                <Precinct name="West" votes="460" />
                <Precinct name="Central" votes="996" />
                <Precinct name="East" votes="1158" />
            </VoteType>
            <VoteType name="Absentee by Mail" votes="421">
                <Precinct name="West" votes="81" />
                <Precinct name="Central" votes="170" />
                <Precinct name="East" votes="170" />
            </VoteType>
            <VoteType name="Advance in Person" votes="6967">
                <Precinct name="West" votes="789" />
                <Precinct name="Central" votes="3374" />
                <Precinct name="East" votes="2804" />
            </VoteType>
            <VoteType name="Provisional" votes="15">
                <Precinct name="West" votes="0" />
                <Precinct name="Central" votes="7" />
                <Precinct name="East" votes="8" />
            </VoteType>
        </Choice>
    </Contest>
    <Contest key="520" text="BOE 4" isQuestion="false" precinctsReporting="3" precinctsReported="3">
        <VoteType name="Number of Precincts for Race" votes="3">
            <Precinct name="West" votes="1" />
            <Precinct name="Central" votes="1" />
            <Precinct name="East" votes="1" />
        </VoteType>
        <VoteType name="Number of Precincts Reporting" votes="3">
            <Precinct name="West" votes="1" />
            <Precinct name="Central" votes="1" />
            <Precinct name="East" votes="1" />
        </VoteType>
        <Choice key="10" text="R. D. SLATON (I)(R)" totalVotes="9940">
            <VoteType name="Election Day" votes="2582">
                <Precinct name="West" votes="450" />
                <Precinct name="Central" votes="989" />
                <Precinct name="East" votes="1143" />
            </VoteType>
            <VoteType name="Absentee by Mail" votes="423">
                <Precinct name="West" votes="82" />
                <Precinct name="Central" votes="171" />
                <Precinct name="East" votes="170" />
            </VoteType>
            <VoteType name="Advance in Person" votes="6920">
                <Precinct name="West" votes="776" />
                <Precinct name="Central" votes="3359" />
                <Precinct name="East" votes="2785" />
            </VoteType>
            <VoteType name="Provisional" votes="15">
                <Precinct name="West" votes="0" />
                <Precinct name="Central" votes="7" />
                <Precinct name="East" votes="8" />
            </VoteType>
        </Choice>
    </Contest>
    <Contest key="600" text="Constitutional Amendment #1&lt;br&gt;Provides greater flexibility and state accountability to fix failing schools through increasing community involvement." isQuestion="false" precinctsReporting="3" precinctsReported="3">
        <VoteType name="Number of Precincts for Race" votes="3">
            <Precinct name="West" votes="1" />
            <Precinct name="Central" votes="1" />
            <Precinct name="East" votes="1" />
        </VoteType>
        <VoteType name="Number of Precincts Reporting" votes="3">
            <Precinct name="West" votes="1" />
            <Precinct name="Central" votes="1" />
            <Precinct name="East" votes="1" />
        </VoteType>
        <Choice key="10" text="YES" totalVotes="4440">
            <VoteType name="Election Day" votes="1210">
                <Precinct name="West" votes="265" />
                <Precinct name="Central" votes="427" />
                <Precinct name="East" votes="518" />
            </VoteType>
            <VoteType name="Absentee by Mail" votes="262">
                <Precinct name="West" votes="58" />
                <Precinct name="Central" votes="94" />
                <Precinct name="East" votes="110" />
            </VoteType>
            <VoteType name="Advance in Person" votes="2959">
                <Precinct name="West" votes="445" />
                <Precinct name="Central" votes="1333" />
                <Precinct name="East" votes="1181" />
            </VoteType>
            <VoteType name="Provisional" votes="9">
                <Precinct name="West" votes="0" />
                <Precinct name="Central" votes="2" />
                <Precinct name="East" votes="7" />
            </VoteType>
        </Choice>
        <Choice key="20" text="NO" totalVotes="7031">
            <VoteType name="Election Day" votes="1726">
                <Precinct name="West" votes="275" />
                <Precinct name="Central" votes="668" />
                <Precinct name="East" votes="783" />
            </VoteType>
            <VoteType name="Absentee by Mail" votes="262">
                <Precinct name="West" votes="49" />
                <Precinct name="Central" votes="115" />
                <Precinct name="East" votes="98" />
            </VoteType>
            <VoteType name="Advance in Person" votes="5034">
                <Precinct name="West" votes="520" />
                <Precinct name="Central" votes="2525" />
                <Precinct name="East" votes="1989" />
            </VoteType>
            <VoteType name="Provisional" votes="9">
                <Precinct name="West" votes="0" />
                <Precinct name="Central" votes="7" />
                <Precinct name="East" votes="2" />
            </VoteType>
        </Choice>
    </Contest>
    <Contest key="610" text="Constitutional Amendment #2&lt;br&gt;Authorizes penalties for sexual exploitation and assessments on adult entertainment to fund child victims' services." isQuestion="false" precinctsReporting="3" precinctsReported="3">
        <VoteType name="Number of Precincts for Race" votes="3">
            <Precinct name="West" votes="1" />
            <Precinct name="Central" votes="1" />
            <Precinct name="East" votes="1" />
        </VoteType>
        <VoteType name="Number of Precincts Reporting" votes="3">
            <Precinct name="West" votes="1" />
            <Precinct name="Central" votes="1" />
            <Precinct name="East" votes="1" />
        </VoteType>
        <Choice key="10" text="YES" totalVotes="9465">
            <VoteType name="Election Day" votes="2407">
                <Precinct name="West" votes="440" />
                <Precinct name="Central" votes="902" />
                <Precinct name="East" votes="1065" />
            </VoteType>
            <VoteType name="Absentee by Mail" votes="435">
                <Precinct name="West" votes="97" />
                <Precinct name="Central" votes="164" />
                <Precinct name="East" votes="174" />
            </VoteType>
            <VoteType name="Advance in Person" votes="6607">
                <Precinct name="West" votes="821" />
                <Precinct name="Central" votes="3164" />
                <Precinct name="East" votes="2622" />
            </VoteType>
            <VoteType name="Provisional" votes="16">
                <Precinct name="West" votes="0" />
                <Precinct name="Central" votes="8" />
                <Precinct name="East" votes="8" />
            </VoteType>
        </Choice>
        <Choice key="20" text="NO" totalVotes="1854">
            <VoteType name="Election Day" votes="480">
                <Precinct name="West" votes="88" />
                <Precinct name="Central" votes="169" />
                <Precinct name="East" votes="223" />
            </VoteType>
            <VoteType name="Absentee by Mail" votes="81">
                <Precinct name="West" votes="10" />
                <Precinct name="Central" votes="38" />
                <Precinct name="East" votes="33" />
            </VoteType>
            <VoteType name="Advance in Person" votes="1293">
                <Precinct name="West" votes="140" />
                <Precinct name="Central" votes="644" />
                <Precinct name="East" votes="509" />
            </VoteType>
            <VoteType name="Provisional" votes="0">
                <Precinct name="West" votes="0" />
                <Precinct name="Central" votes="0" />
                <Precinct name="East" votes="0" />
            </VoteType>
        </Choice>
    </Contest>
    <Contest key="620" text="Constitutional Amendment #3&lt;br&gt;Reforms and re-establishes the Judicial Qualifications Commission and provides for its composition, governance, and powers." isQuestion="false" precinctsReporting="3" precinctsReported="3">
        <VoteType name="Number of Precincts for Race" votes="3">
            <Precinct name="West" votes="1" />
            <Precinct name="Central" votes="1" />
            <Precinct name="East" votes="1" />
        </VoteType>
        <VoteType name="Number of Precincts Reporting" votes="3">
            <Precinct name="West" votes="1" />
            <Precinct name="Central" votes="1" />
            <Precinct name="East" votes="1" />
        </VoteType>
        <Choice key="10" text="YES" totalVotes="6888">
            <VoteType name="Election Day" votes="1799">
                <Precinct name="West" votes="337" />
                <Precinct name="Central" votes="678" />
                <Precinct name="East" votes="784" />
            </VoteType>
            <VoteType name="Absentee by Mail" votes="297">
                <Precinct name="West" votes="67" />
                <Precinct name="Central" votes="120" />
                <Precinct name="East" votes="110" />
            </VoteType>
            <VoteType name="Advance in Person" votes="4779">
                <Precinct name="West" votes="614" />
                <Precinct name="Central" votes="2268" />
                <Precinct name="East" votes="1897" />
            </VoteType>
            <VoteType name="Provisional" votes="13">
                <Precinct name="West" votes="0" />
                <Precinct name="Central" votes="5" />
                <Precinct name="East" votes="8" />
            </VoteType>
        </Choice>
        <Choice key="20" text="NO" totalVotes="3748">
            <VoteType name="Election Day" votes="927">
                <Precinct name="West" votes="166" />
                <Precinct name="Central" votes="344" />
                <Precinct name="East" votes="417" />
            </VoteType>
            <VoteType name="Absentee by Mail" votes="179">
                <Precinct name="West" votes="35" />
                <Precinct name="Central" votes="67" />
                <Precinct name="East" votes="77" />
            </VoteType>
            <VoteType name="Advance in Person" votes="2640">
                <Precinct name="West" votes="286" />
                <Precinct name="Central" votes="1313" />
                <Precinct name="East" votes="1041" />
            </VoteType>
            <VoteType name="Provisional" votes="2">
                <Precinct name="West" votes="0" />
                <Precinct name="Central" votes="2" />
                <Precinct name="East" votes="0" />
            </VoteType>
        </Choice>
    </Contest>
    <Contest key="630" text="Constitutional Amendment #4&lt;br&gt;Dedicates revenue from existing taxes on fireworks to trauma care, fire services, and public safety." isQuestion="false" precinctsReporting="3" precinctsReported="3">
        <VoteType name="Number of Precincts for Race" votes="3">
            <Precinct name="West" votes="1" />
            <Precinct name="Central" votes="1" />
            <Precinct name="East" votes="1" />
        </VoteType>
        <VoteType name="Number of Precincts Reporting" votes="3">
            <Precinct name="West" votes="1" />
            <Precinct name="Central" votes="1" />
            <Precinct name="East" votes="1" />
        </VoteType>
        <Choice key="10" text="YES" totalVotes="9300">
            <VoteType name="Election Day" votes="2371">
                <Precinct name="West" votes="448" />
                <Precinct name="Central" votes="872" />
                <Precinct name="East" votes="1051" />
            </VoteType>
            <VoteType name="Absentee by Mail" votes="438">
                <Precinct name="West" votes="92" />
                <Precinct name="Central" votes="169" />
                <Precinct name="East" votes="177" />
            </VoteType>
            <VoteType name="Advance in Person" votes="6476">
                <Precinct name="West" votes="830" />
                <Precinct name="Central" votes="3051" />
                <Precinct name="East" votes="2595" />
            </VoteType>
            <VoteType name="Provisional" votes="15">
                <Precinct name="West" votes="0" />
                <Precinct name="Central" votes="8" />
                <Precinct name="East" votes="7" />
            </VoteType>
        </Choice>
        <Choice key="20" text="NO" totalVotes="2049">
            <VoteType name="Election Day" votes="528">
                <Precinct name="West" votes="85" />
                <Precinct name="Central" votes="206" />
                <Precinct name="East" votes="237" />
            </VoteType>
            <VoteType name="Absentee by Mail" votes="85">
                <Precinct name="West" votes="14" />
                <Precinct name="Central" votes="41" />
                <Precinct name="East" votes="30" />
            </VoteType>
            <VoteType name="Advance in Person" votes="1435">
                <Precinct name="West" votes="127" />
                <Precinct name="Central" votes="754" />
                <Precinct name="East" votes="554" />
            </VoteType>
            <VoteType name="Provisional" votes="1">
                <Precinct name="West" votes="0" />
                <Precinct name="Central" votes="0" />
                <Precinct name="East" votes="1" />
            </VoteType>
        </Choice>
    </Contest>
</ElectionResult>