"line number","contest name","choice name","party name","total votes","percent of votes","registered voters","ballots cast","num Precinct total","num Precinct rptg","over votes","under votes"
1,"President of the United States","DONALD J. TRUMP","",9898,72.77,18468,13745,19,19,"0","0"
2,"President of the United States","HILLARY CLINTON","",3463,25.46,18468,13745,19,19,"0","0"
3,"President of the United States","GARY JOHNSON","",240,1.76,18468,13745,19,19,"0","0"
4,"United States Senator, Isakson","JOHNNY ISAKSON (I)","",9618,75.85,18468,13745,19,19,"0","0"
5,"United States Senator, Isakson","JIM BARKSDALE","",2726,21.50,18468,13745,19,19,"0","0"
6,"United States Senator, Isakson","ALLEN BUCKLEY","",337,2.66,18468,13745,19,19,"0","0"
7,"Public Service Commission, District 2 - Eastern","TIM ECHOLS (I)","",9979,82.63,18468,13745,19,19,"0","0"
8,"Public Service Commission, District 2 - Eastern","ERIC HOSKINS","",2097,17.37,18468,13745,19,19,"0","0"
9,"U.S. Representative, District 8","AUSTIN SCOTT (I)","",10122,77.35,18468,13745,19,19,"0","0"
10,"U.S. Representative, District 8","JAMES NEAL HARRIS","",2964,22.65,18468,13745,19,19,"0","0"
11,"State Senator, District 11","DEAN BURKE (I) (REP)","",11054,100.00,18468,13745,19,19,"0","0"
12,"State Representative, District 171","JAY POWELL (I) (REP)","",3409,100.00,4872,3936,8,8,"0","0"
13,"State Representative, District 172","SAM WATSON (I) (REP)","",7898,100.00,13596,9809,11,11,"0","0"
14,"District Attorney, Southern Circuit","BRAD SHEALY","",11152,100.00,18468,13745,19,19,"0","0"
15,"CLERK, SUPERIOR COURT","L. G. PURVIS (I) R","",11344,100.00,18468,13745,19,19,"0","0"
16,"SHERIFF","R. HOWELL (R)","",10131,76.14,18468,13745,19,19,"0","0"
17,"SHERIFF","R. LINDSAY (D)","",3174,23.86,18468,13745,19,19,"0","0"
18,"TAX COMMISSIONER","C. S. HARVIN (I) R","",11788,100.00,18468,13745,19,19,"0","0"
19,"CORONER","C. V. BROCK (I) R","",11417,100.00,18468,13745,19,19,"0","0"
20,"SOLICITOR-GENERAL","K. F. ALLEN (I) R","",11308,100.00,18468,13745,19,19,"0","0"
21,"CC, D2","C. HUNNICUTT (R)","",1787,84.65,2857,2214,4,4,"0","0"
22,"CC, D2","R. MCMULLEN (D)","",324,15.35,2857,2214,4,4,"0","0"
23,"CC, D4","A. WHITTINGTON (R)","",1612,100.00,3022,2047,2,2,"0","0"
24,"CC, D6","J. HARDIN (I) R","",1865,100.00,2822,2148,4,4,"0","0"
25,"SOIL AND WATER","T. R. COLEMAN (I)","",11316,100.00,18468,13745,19,19,"0","0"
26,"Constitutional Amendment #1<br>Provides greater flexibility and state accountability to fix failing schools through increasing community involvement.","YES","",3648,27.48,18468,13745,19,19,"0","0"
27,"Constitutional Amendment #1<br>Provides greater flexibility and state accountability to fix failing schools through increasing community involvement.","NO","",9628,72.52,18468,13745,19,19,"0","0"
28,"Constitutional Amendment #2<br>Authorizes penalties for sexual exploitation and assessments on adult entertainment to fund child victims' services.","YES","",10930,84.26,18468,13745,19,19,"0","0"
29,"Constitutional Amendment #2<br>Authorizes penalties for sexual exploitation and assessments on adult entertainment to fund child victims' services.","NO","",2041,15.74,18468,13745,19,19,"0","0"
30,"Constitutional Amendment #3<br>Reforms and re-establishes the Judicial Qualifications Commission and provides for its composition, governance, and powers.","YES","",7189,58.91,18468,13745,19,19,"0","0"
31,"Constitutional Amendment #3<br>Reforms and re-establishes the Judicial Qualifications Commission and provides for its composition, governance, and powers.","NO","",5014,41.09,18468,13745,19,19,"0","0"
32,"Constitutional Amendment #4<br>Dedicates revenue from existing taxes on fireworks to trauma care, fire services, and public safety.","YES","",10062,78.99,18468,13745,19,19,"0","0"
33,"Constitutional Amendment #4<br>Dedicates revenue from existing taxes on fireworks to trauma care, fire services, and public safety.","NO","",2676,21.01,18468,13745,19,19,"0","0"
34,"SPECIAL - CC, D2","C. HUNNICUTT (R)","",1950,100.00,2857,2214,4,4,"0","0"
35,"SPECIAL - By the Drink","YES","",7456,56.59,18468,13745,19,19,"0","0"
36,"SPECIAL - By the Drink","NO","",5719,43.41,18468,13745,19,19,"0","0"
37,"SPECIAL - By Retailers","YES","",7479,57.08,18468,13745,19,19,"0","0"
38,"SPECIAL - By Retailers","NO","",5624,42.92,18468,13745,19,19,"0","0"
