"line number","contest name","choice name","party name","total votes","percent of votes","registered voters","ballots cast","num Precinct total","num Precinct rptg","over votes","under votes"
1,"President of the United States","DONALD J. TRUMP","",69851,71.71,119848,99323,20,20,"0","0"
2,"President of the United States","HILLARY CLINTON","",23462,24.09,119848,99323,20,20,"0","0"
3,"President of the United States","GARY JOHNSON","",4091,4.20,119848,99323,20,20,"0","0"
4,"United States Senator, Isakson","JOHNNY ISAKSON (I)","",70833,75.15,119848,99323,20,20,"0","0"
5,"United States Senator, Isakson","JIM BARKSDALE","",18169,19.28,119848,99323,20,20,"0","0"
6,"United States Senator, Isakson","ALLEN BUCKLEY","",5258,5.58,119848,99323,20,20,"0","0"
7,"Public Service Commission, District 2 - Eastern","TIM ECHOLS (I)","",74291,80.80,119848,99315,20,20,"0","0"
8,"Public Service Commission, District 2 - Eastern","ERIC HOSKINS","",17651,19.20,119848,99315,20,20,"0","0"
9,"U.S. Representative, District 7","ROB WOODALL (I) (REP)","",53884,78.42,86323,71700,12,12,"0","0"
10,"U.S. Representative, District 7","RASHID MALIK (DEM)","",14831,21.58,86323,71700,12,12,"0","0"
11,"U.S. Representative, District 9","DOUG COLLINS (I)","",24489,100.00,33525,27623,8,8,"0","0"
12,"State Senator, District 27","MICHAEL WILLIAMS (I) (REP)","",73417,78.46,118403,98215,20,20,"0","0"
13,"State Senator, District 27","DANIEL BLACKMAN (DEM)","",20153,21.54,118403,98215,20,20,"0","0"
14,"State Senator, District 51","STEVE GOOCH (I)","",951,100.00,1445,1100,1,1,"0","0"
15,"State Representative, District 9","KEVIN TANNER (I)","",1622,100.00,2153,1837,2,2,"0","0"
16,"State Representative, District 22","WES CANTRELL (I)","",6564,72.71,11629,9500,3,3,"0","0"
17,"State Representative, District 22","OSCAR ""ASGHAR"" HAJLOO","",2464,27.29,11629,9500,3,3,"0","0"
18,"State Representative, District 24","SHERI SMALLWOOD GILLIGAN (I) (REP)","",25996,100.00,36197,29951,9,9,"0","0"
19,"State Representative, District 25","TODD JONES (REP)","",23529,100.00,33216,27735,7,7,"0","0"
20,"State Representative, District 26","GEOFF DUNCAN (I) (REP)","",26386,100.00,36653,30292,11,11,"0","0"
21,"District Attorney, Bell Forsyth Circuit","PENNY A PENN (I) (REP)","",85206,100.00,119848,99315,20,20,"0","0"
22,"Probate Judge","L. JORDAN, JR.(I)(R)","",84956,100.00,119848,99315,20,20,"0","0"
23,"Superior Court Clerk","G. G. ALLEN (I)(R)","",85010,100.00,119848,99315,20,20,"0","0"
24,"Sheriff","R. FREEMAN (R)","",85590,100.00,119848,99315,20,20,"0","0"
25,"Tax Commissioner","M. C. LEDBETTER(I)(R","",85888,100.00,119848,99315,20,20,"0","0"
26,"Coroner","L. MCDONALD, III (R)","",84981,100.00,119848,99315,20,20,"0","0"
27,"County Comm 2","R. SWOPE (R)","",18339,100.00,26133,21835,5,5,"0","0"
28,"County Comm 4","C. J. MILLS (I)(R)","",15887,100.00,22657,18698,6,6,"0","0"
29,"County Comm 5","L. SEMANSON (R)","",17184,100.00,24416,20351,6,6,"0","0"
30,"BOE 3","T. CLEVELAND (I)(R)","",17434,100.00,25017,20769,4,4,"0","0"
31,"BOE 4","D. S. LIGHT (I)(R)","",16307,100.00,22657,18698,6,6,"0","0"
32,"BOE 5","N. ROCHE (I)(R)","",15307,79.79,24416,20351,6,6,"0","0"
33,"BOE 5","A. H. TUCKER (D)","",3878,20.21,24416,20351,6,6,"0","0"
34,"Constitutional Amendment #1<br>Provides greater flexibility and state accountability to fix failing schools through increasing community involvement.","YES","",46335,47.98,119848,99315,20,20,"0","0"
35,"Constitutional Amendment #1<br>Provides greater flexibility and state accountability to fix failing schools through increasing community involvement.","NO","",50231,52.02,119848,99315,20,20,"0","0"
36,"Constitutional Amendment #2<br>Authorizes penalties for sexual exploitation and assessments on adult entertainment to fund child victims' services.","YES","",82422,85.74,119848,99315,20,20,"0","0"
37,"Constitutional Amendment #2<br>Authorizes penalties for sexual exploitation and assessments on adult entertainment to fund child victims' services.","NO","",13705,14.26,119848,99315,20,20,"0","0"
38,"Constitutional Amendment #3<br>Reforms and re-establishes the Judicial Qualifications Commission and provides for its composition, governance, and powers.","YES","",59240,66.14,119848,99315,20,20,"0","0"
39,"Constitutional Amendment #3<br>Reforms and re-establishes the Judicial Qualifications Commission and provides for its composition, governance, and powers.","NO","",30322,33.86,119848,99315,20,20,"0","0"
40,"Constitutional Amendment #4<br>Dedicates revenue from existing taxes on fireworks to trauma care, fire services, and public safety.","YES","",78833,82.90,119848,99315,20,20,"0","0"
41,"Constitutional Amendment #4<br>Dedicates revenue from existing taxes on fireworks to trauma care, fire services, and public safety.","NO","",16259,17.10,119848,99315,20,20,"0","0"
42,"ESPLOST","YES","",59448,63.30,119848,99315,20,20,"0","0"
43,"ESPLOST","NO","",34465,36.70,119848,99315,20,20,"0","0"
44,"Homestead Exemption","YES","",56570,60.09,119848,99315,20,20,"0","0"
45,"Homestead Exemption","NO","",37571,39.91,119848,99315,20,20,"0","0"
