"line number","contest name","choice name","party name","total votes","percent of votes","registered voters","ballots cast","num Precinct total","num Precinct rptg","over votes","under votes"
1,"President of the United States","DONALD J. TRUMP","",5276,48.08,15181,11101,11,11,"0","0"
2,"President of the United States","HILLARY CLINTON","",5520,50.30,15181,11101,11,11,"0","0"
3,"President of the United States","GARY JOHNSON","",178,1.62,15181,11101,11,11,"0","0"
4,"United States Senator, Isakson","JOHNNY ISAKSON (I)","",5418,51.64,15181,11101,11,11,"0","0"
5,"United States Senator, Isakson","JIM BARKSDALE","",4876,46.48,15181,11101,11,11,"0","0"
6,"United States Senator, Isakson","ALLEN BUCKLEY","",197,1.88,15181,11101,11,11,"0","0"
7,"Public Service Commission, District 2 - Eastern","TIM ECHOLS (I)","",6076,66.46,15181,11098,11,11,"0","0"
8,"Public Service Commission, District 2 - Eastern","ERIC HOSKINS","",3067,33.54,15181,11098,11,11,"0","0"
9,"U.S. Representative, District 2","GREG DUKE","",4547,41.95,15181,11101,11,11,"0","0"
10,"U.S. Representative, District 2","SANFORD BISHOP (I)","",6292,58.05,15181,11101,11,11,"0","0"
11,"State Senator, District 12","FREDDIE POWELL SIMS (I)","",5579,100.00,10698,7599,7,7,"0","0"
12,"State Senator, District 13","GREG KIRK (I)","",2188,65.41,4483,3499,6,6,"0","0"
13,"State Senator, District 13","RUENETTE MELTON","",1157,34.59,4483,3499,6,6,"0","0"
14,"State Representative, District 138","MIKE CHEOKAS (I)","",3797,40.60,13151,9565,9,9,"0","0"
15,"State Representative, District 138","BILL MCGOWAN","",5556,59.40,13151,9565,9,9,"0","0"
16,"State Representative, District 152","ED RYNDERS (I)","",1069,100.00,2030,1533,2,2,"0","0"
17,"District Attorney, Southwestern Circuit","PLEZ H. HARDIN (I)","",8004,100.00,15181,11098,11,11,"0","0"
18,"CLERK, SUPERIOR COURT","C. BARTHELL (D)","",8473,100.00,15181,11098,11,11,"0","0"
19,"SHERIFF","P. SMITH (I) R","",8877,100.00,15181,11098,11,11,"0","0"
20,"TAX COMMISSIONER","W. SMITH III (I) D","",9337,100.00,15181,11098,11,11,"0","0"
21,"CORONER","S. ALDRIDGE (R)","",3365,31.40,15181,11098,11,11,"0","0"
22,"CORONER","G. HANCOCK (I) D","",7350,68.60,15181,11098,11,11,"0","0"
23,"CHIEF MAGISTRATE","C. JOHNSON (I) D","",8788,100.00,15181,11098,11,11,"0","0"
24,"CC, D1","H. CLAIBORNE SR (R)","",654,31.44,3120,2196,6,6,"0","0"
25,"CC, D1","C. JONES (I) D","",1426,68.56,3120,2196,6,6,"0","0"
26,"CC, D3","G. TORBERT (I) R","",1766,100.00,3235,2389,7,7,"0","0"
27,"CC, D5","T. JORDAN (I) D","",1619,100.00,2761,1954,3,3,"0","0"
28,"Constitutional Amendment #1<br>Provides greater flexibility and state accountability to fix failing schools through increasing community involvement.","YES","",4003,37.19,15181,11098,11,11,"0","0"
29,"Constitutional Amendment #1<br>Provides greater flexibility and state accountability to fix failing schools through increasing community involvement.","NO","",6760,62.81,15181,11098,11,11,"0","0"
30,"Constitutional Amendment #2<br>Authorizes penalties for sexual exploitation and assessments on adult entertainment to fund child victims' services.","YES","",8575,81.47,15181,11098,11,11,"0","0"
31,"Constitutional Amendment #2<br>Authorizes penalties for sexual exploitation and assessments on adult entertainment to fund child victims' services.","NO","",1950,18.53,15181,11098,11,11,"0","0"
32,"Constitutional Amendment #3<br>Reforms and re-establishes the Judicial Qualifications Commission and provides for its composition, governance, and powers.","YES","",5748,57.55,15181,11098,11,11,"0","0"
33,"Constitutional Amendment #3<br>Reforms and re-establishes the Judicial Qualifications Commission and provides for its composition, governance, and powers.","NO","",4239,42.45,15181,11098,11,11,"0","0"
34,"Constitutional Amendment #4<br>Dedicates revenue from existing taxes on fireworks to trauma care, fire services, and public safety.","YES","",8145,77.99,15181,11098,11,11,"0","0"
35,"Constitutional Amendment #4<br>Dedicates revenue from existing taxes on fireworks to trauma care, fire services, and public safety.","NO","",2298,22.01,15181,11098,11,11,"0","0"
