"line number","contest name","choice name","party name","total votes","percent of votes","registered voters","ballots cast","num Precinct total","num Precinct rptg","over votes","under votes"
1,"President of the United States","DONALD J. TRUMP","",51733,73.67,90807,71383,31,31,"0","0"
2,"President of the United States","HILLARY CLINTON","",16180,23.04,90807,71383,31,31,"0","0"
3,"President of the United States","GARY JOHNSON","",2307,3.29,90807,71383,31,31,"0","0"
4,"United States Senator, Isakson","JOHNNY ISAKSON (I)","",50124,74.51,90807,71383,31,31,"0","0"
5,"United States Senator, Isakson","JIM BARKSDALE","",13602,20.22,90807,71383,31,31,"0","0"
6,"United States Senator, Isakson","ALLEN BUCKLEY","",3547,5.27,90807,71383,31,31,"0","0"
7,"Public Service Commission, District 2 - Eastern","TIM ECHOLS (I)","",53944,81.86,90807,71370,31,31,"0","0"
8,"Public Service Commission, District 2 - Eastern","ERIC HOSKINS","",11950,18.14,90807,71370,31,31,"0","0"
9,"U.S. Representative, District 9","DOUG COLLINS (I)","",60542,100.00,90807,71383,31,31,"0","0"
10,"State Senator, District 49","CECIL T. BUTCH MILLER (I) (REP)","",59242,100.00,88592,69706,30,30,"0","0"
11,"State Senator, District 50","JOHN K WILKINSON (I)","",1378,100.00,2215,1664,2,2,"0","0"
12,"State Representative, District 27","LEE HAWKINS (I) (REP)","",18729,100.00,26392,21219,12,12,"0","0"
13,"State Representative, District 29","MATT DUBNIK (REP)","",12733,100.00,21516,16175,10,10,"0","0"
14,"State Representative, District 30","EMORY DUNAHOO JR (I) (REP)","",15115,74.03,27658,21450,14,14,"0","0"
15,"State Representative, District 30","MICHELLE JONES (DEM)","",5302,25.97,27658,21450,14,14,"0","0"
16,"State Representative, District 103","TIMOTHY BARR (I)","",10786,100.00,15241,12526,6,6,"0","0"
17,"Probate Judge","P. W. LAINE (I)(R)","",60357,100.00,90807,71370,31,31,"0","0"
18,"Superior Court Clerk","C. BAKER (I)(R)","",60555,100.00,90807,71370,31,31,"0","0"
19,"Sheriff","G. COUCH (I)(R)","",60726,100.00,90807,71370,31,31,"0","0"
20,"Tax Commissioner","D. EDEN (I)(R)","",60668,100.00,90807,71370,31,31,"0","0"
21,"Surveyor","C. M. PATTON (R)","",60058,100.00,90807,71370,31,31,"0","0"
22,"Coroner","M. G. MERCK (I)(R)","",60558,100.00,90807,71370,31,31,"0","0"
23,"Chief Magistrate","M. S. GREGORY (I)(R)","",59830,100.00,90807,71370,31,31,"0","0"
24,"County Comm at Large","R. HIGGINS (R)","",59624,100.00,90807,71370,31,31,"0","0"
25,"County Comm 2","B. POWELL (I)(R)","",16987,100.00,25707,20291,9,9,"0","0"
26,"County Comm 4","J. R. STOWE (I)(R)","",5769,58.26,15071,10611,10,10,"0","0"
27,"County Comm 4","A. T. MIDDLETON (D)","",4133,41.74,15071,10611,10,10,"0","0"
28,"BOE 3","C. HERRINGTON (I)(R)","",50662,100.00,75546,60054,31,31,"0","0"
29,"BOE 4","N. MORRIS (I)(R)","",50761,100.00,75546,60054,31,31,"0","0"
30,"Soil and Water","M. HAYNES (I)","",53039,55.43,90807,71370,31,31,"0","0"
31,"Soil and Water","T. NIX (I)","",42643,44.57,90807,71370,31,31,"0","0"
32,"Constitutional Amendment #1<br>Provides greater flexibility and state accountability to fix failing schools through increasing community involvement.","YES","",29436,42.49,90807,71370,31,31,"0","0"
33,"Constitutional Amendment #1<br>Provides greater flexibility and state accountability to fix failing schools through increasing community involvement.","NO","",39841,57.51,90807,71370,31,31,"0","0"
34,"Constitutional Amendment #2<br>Authorizes penalties for sexual exploitation and assessments on adult entertainment to fund child victims' services.","YES","",57634,84.02,90807,71370,31,31,"0","0"
35,"Constitutional Amendment #2<br>Authorizes penalties for sexual exploitation and assessments on adult entertainment to fund child victims' services.","NO","",10960,15.98,90807,71370,31,31,"0","0"
36,"Constitutional Amendment #3<br>Reforms and re-establishes the Judicial Qualifications Commission and provides for its composition, governance, and powers.","YES","",40928,63.24,90807,71370,31,31,"0","0"
37,"Constitutional Amendment #3<br>Reforms and re-establishes the Judicial Qualifications Commission and provides for its composition, governance, and powers.","NO","",23786,36.76,90807,71370,31,31,"0","0"
38,"Constitutional Amendment #4<br>Dedicates revenue from existing taxes on fireworks to trauma care, fire services, and public safety.","YES","",55321,81.32,90807,71370,31,31,"0","0"
39,"Constitutional Amendment #4<br>Dedicates revenue from existing taxes on fireworks to trauma care, fire services, and public safety.","NO","",12711,18.68,90807,71370,31,31,"0","0"
40,"Advisory Referendum","YES","",31178,48.04,90807,71370,31,31,"0","0"
41,"Advisory Referendum","NO","",33718,51.96,90807,71370,31,31,"0","0"
42,"Special - City of Lula Alcohol","YES","",462,57.89,1120,815,1,1,"0","0"
43,"Special - City of Lula Alcohol","NO","",336,42.11,1120,815,1,1,"0","0"
