"line number","contest name","choice name","party name","total votes","percent of votes","registered voters","ballots cast","num Precinct total","num Precinct rptg","over votes","under votes"
1,"President of the United States","DONALD J. TRUMP","",24817,43.22,74636,58300,25,25,"0","0"
2,"President of the United States","HILLARY CLINTON","",31005,54.00,74636,58300,25,25,"0","0"
3,"President of the United States","GARY JOHNSON","",1594,2.78,74636,58300,25,25,"0","0"
4,"United States Senator, Isakson","JOHNNY ISAKSON (I)","",25102,45.36,74636,58300,25,25,"0","0"
5,"United States Senator, Isakson","JIM BARKSDALE","",28166,50.90,74636,58300,25,25,"0","0"
6,"United States Senator, Isakson","ALLEN BUCKLEY","",2068,3.74,74636,58300,25,25,"0","0"
7,"Public Service Commission, District 2 - Eastern","TIM ECHOLS (I)","",29950,59.38,74636,58299,25,25,"0","0"
8,"Public Service Commission, District 2 - Eastern","ERIC HOSKINS","",20487,40.62,74636,58299,25,25,"0","0"
9,"U.S. Representative, District 13","DAVID SCOTT (I)","",44130,100.00,74636,58300,25,25,"0","0"
10,"State Senator, District 30","MICHAEL DUGAN (I)","",13448,100.00,20619,16886,6,6,"0","0"
11,"State Senator, District 35","DONZELLA JAMES (I) (DEM)","",32218,100.00,54017,41413,19,19,"0","0"
12,"State Representative, District 61","ROGER BRUCE (I)","",7004,100.00,11753,8675,4,4,"0","0"
13,"State Representative, District 62","WILLIAM K. BODDIE JR (DEM)","",6945,100.00,11579,9088,5,5,"0","0"
14,"State Representative, District 65","GORDON ROLLE JR (REP)","",1415,38.14,4909,3870,1,1,"0","0"
15,"State Representative, District 65","SHARON BEASLEY-TEAGUE (I) (DEM)","",2295,61.86,4909,3870,1,1,"0","0"
16,"State Representative, District 66","BRUCE EMORY (REP)","",6405,35.56,24400,18683,9,9,"0","0"
17,"State Representative, District 66","KIMBERLY ALEXANDER (I) (DEM)","",11608,64.44,24400,18683,9,9,"0","0"
18,"State Representative, District 67","MICAH GRAVLEY (I) (REP)","",11507,100.00,18274,14803,6,6,"0","0"
19,"State Representative, District 68","J. COLLINS","",2676,100.00,3721,3180,1,1,"0","0"
20,"JUDGE PROBATE","H. E. HAMRICK (I) R","",41368,100.00,74636,58299,25,25,"0","0"
21,"CLERK SUPERIOR CT","T. M. HOWARD (I) R","",41508,100.00,74636,58299,25,25,"0","0"
22,"SHERIFF","M. J. BARNHILL (R)","",25219,44.01,74636,58299,25,25,"0","0"
23,"SHERIFF","T. POUNDS (D)","",32086,55.99,74636,58299,25,25,"0","0"
24,"TAX COMMISSIONER","T.  COWAN (I) R","",27647,48.85,74636,58299,25,25,"0","0"
25,"TAX COMMISSIONER","G. BAKER (D)","",28943,51.15,74636,58299,25,25,"0","0"
26,"CORONER","R. DANIEL (I) (R)","",27192,48.08,74636,58299,25,25,"0","0"
27,"CORONER","R. B. GODWIN (D)","",29361,51.92,74636,58299,25,25,"0","0"
28,"CHAIR COMMISSIONER","T. WORTHAN (I) R","",25021,44.27,74636,58299,25,25,"0","0"
29,"CHAIR COMMISSIONER","R. J. JONES (D)","",31501,55.73,74636,58299,25,25,"0","0"
30,"CC D2","S. SUTTON (R)","",3416,25.20,18694,14126,6,6,"0","0"
31,"CC D2","K. ROBINSON (I) D","",10138,74.80,18694,14126,6,6,"0","0"
32,"BOE D1","C. LINDSTROM (I) R","",5098,47.08,14598,11252,9,9,"0","0"
33,"BOE D1","D. CALDWELL (D)","",5730,52.92,14598,11252,9,9,"0","0"
34,"BOE D5","J. MORRIS (I) R","",10750,100.00,15811,13127,9,9,"0","0"
35,"SOIL AND WATER","T. E. WALDROP (I)","",43725,100.00,74636,58299,25,25,"0","0"
36,"Constitutional Amendment #1<br>Provides greater flexibility and state accountability to fix failing schools through increasing community involvement.","YES","",22382,39.13,74636,58299,25,25,"0","0"
37,"Constitutional Amendment #1<br>Provides greater flexibility and state accountability to fix failing schools through increasing community involvement.","NO","",34812,60.87,74636,58299,25,25,"0","0"
38,"Constitutional Amendment #2<br>Authorizes penalties for sexual exploitation and assessments on adult entertainment to fund child victims' services.","YES","",47328,83.79,74636,58299,25,25,"0","0"
39,"Constitutional Amendment #2<br>Authorizes penalties for sexual exploitation and assessments on adult entertainment to fund child victims' services.","NO","",9153,16.21,74636,58299,25,25,"0","0"
40,"Constitutional Amendment #3<br>Reforms and re-establishes the Judicial Qualifications Commission and provides for its composition, governance, and powers.","YES","",34612,64.50,74636,58299,25,25,"0","0"
41,"Constitutional Amendment #3<br>Reforms and re-establishes the Judicial Qualifications Commission and provides for its composition, governance, and powers.","NO","",19049,35.50,74636,58299,25,25,"0","0"
42,"Constitutional Amendment #4<br>Dedicates revenue from existing taxes on fireworks to trauma care, fire services, and public safety.","YES","",45790,81.59,74636,58299,25,25,"0","0"
43,"Constitutional Amendment #4<br>Dedicates revenue from existing taxes on fireworks to trauma care, fire services, and public safety.","NO","",10330,18.41,74636,58299,25,25,"0","0"
44,"SPLOST","YES","",28756,51.41,74636,58299,25,25,"0","0"
45,"SPLOST","NO","",27177,48.59,74636,58299,25,25,"0","0"
46,"VILLA RICA MAYOR SPECIAL","S. T. DRAMMEH","",467,20.11,3347,2696,1,1,"0","0"
47,"VILLA RICA MAYOR SPECIAL","J. REESE","",1267,54.57,3347,2696,1,1,"0","0"
48,"VILLA RICA MAYOR SPECIAL","I. J. ROBINSON","",588,25.32,3347,2696,1,1,"0","0"
49,"VILLA RICA CITY COUNCIL W4 SPECIAL","M. N. DAY","",158,13.07,1799,1467,1,1,"0","0"
50,"VILLA RICA CITY COUNCIL W4 SPECIAL","J. KELLEY","",268,22.17,1799,1467,1,1,"0","0"
51,"VILLA RICA CITY COUNCIL W4 SPECIAL","G. MCDOUGAL","",382,31.60,1799,1467,1,1,"0","0"
52,"VILLA RICA CITY COUNCIL W4 SPECIAL","M. YOUNG","",401,33.17,1799,1467,1,1,"0","0"
