"line number","contest name","choice name","party name","total votes","percent of votes","registered voters","ballots cast","num Precinct total","num Precinct rptg","over votes","under votes"
1,"President of the United States","DONALD J. TRUMP (REP)","",5494,78.43,9242,7067,14,14,"0","0"
2,"President of the United States","HILLARY CLINTON (DEM)","",1434,20.47,9242,7067,14,14,"0","0"
3,"President of the United States","GARY JOHNSON (LIB)","",77,1.10,9242,7067,14,14,"0","0"
4,"United States Senator, Isakson","JOHNNY ISAKSON (I) (REP)","",5170,79.40,9242,7067,14,14,"0","0"
5,"United States Senator, Isakson","JIM BARKSDALE (DEM)","",1187,18.23,9242,7067,14,14,"0","0"
6,"United States Senator, Isakson","ALLEN BUCKLEY (LIB)","",154,2.37,9242,7067,14,14,"0","0"
7,"Public Service Commission, District 2 - Eastern","TIM ECHOLS (I) (REP)","",5420,87.08,9242,7067,14,14,"0","0"
8,"Public Service Commission, District 2 - Eastern","ERIC HOSKINS (LIB)","",804,12.92,9242,7067,14,14,"0","0"
9,"U.S. Representative, District 12","RICK ALLEN (I) (REP)","",5387,80.50,9242,7067,14,14,"0","0"
10,"U.S. Representative, District 12","PATRICIA C. MCCRACKEN (DEM)","",1305,19.50,9242,7067,14,14,"0","0"
11,"State Senator, District 19","BLAKE TILLERY (REP)","",5724,100.00,9242,7067,14,14,"0","0"
12,"State Representative, District 156","GREG MORRIS (I) (REP)","",4225,100.00,7022,5255,9,9,"0","0"
13,"State Representative, District 178","CHAD NIMMER (I) (REP)","",1525,100.00,2220,1812,5,5,"0","0"
14,"District Attorney, Brunswick Circuit","JACKIE JOHNSON (I) (REP)","",5769,100.00,9242,7067,14,14,"0","0"
15,"CLERK SUPERIOR COURT","M. THOMAS (I) R","",5907,100.00,9242,7067,14,14,"0","0"
16,"SHERIFF","M. W. MELTON (R)","",5858,100.00,9242,7067,14,14,"0","0"
17,"TAX COMMISSIONER","D. CARTER (I) R","",6001,100.00,9242,7067,14,14,"0","0"
18,"SURVEYOR","M. TOMBERLIN (I) R","",5830,100.00,9242,7067,14,14,"0","0"
19,"CORONER","J. MURPHY (I) R","",5796,100.00,9242,7067,14,14,"0","0"
20,"CC, D2","T. WILKERSON (I) D","",945,100.00,1808,1190,1,1,"0","0"
21,"CC, D4","R. RENTZ (I) R","",1402,100.00,1940,1609,4,4,"0","0"
22,"CC, D5","C. LEGGETT (I) R","",1065,100.00,1728,1318,3,3,"0","0"
23,"Constitutional Amendment #1<br>Provides greater flexibility and state accountability to fix failing schools through increasing community involvement.","YES","",1839,27.37,9242,7067,14,14,"0","0"
24,"Constitutional Amendment #1<br>Provides greater flexibility and state accountability to fix failing schools through increasing community involvement.","NO","",4880,72.63,9242,7067,14,14,"0","0"
25,"Constitutional Amendment #2<br>Authorizes penalties for sexual exploitation and assessments on adult entertainment to fund child victims' services.","YES","",5341,81.59,9242,7067,14,14,"0","0"
26,"Constitutional Amendment #2<br>Authorizes penalties for sexual exploitation and assessments on adult entertainment to fund child victims' services.","NO","",1205,18.41,9242,7067,14,14,"0","0"
27,"Constitutional Amendment #3<br>Reforms and re-establishes the Judicial Qualifications Commission and provides for its composition, governance, and powers.","YES","",3670,60.28,9242,7067,14,14,"0","0"
28,"Constitutional Amendment #3<br>Reforms and re-establishes the Judicial Qualifications Commission and provides for its composition, governance, and powers.","NO","",2418,39.72,9242,7067,14,14,"0","0"
29,"Constitutional Amendment #4<br>Dedicates revenue from existing taxes on fireworks to trauma care, fire services, and public safety.","YES","",4954,76.18,9242,7067,14,14,"0","0"
30,"Constitutional Amendment #4<br>Dedicates revenue from existing taxes on fireworks to trauma care, fire services, and public safety.","NO","",1549,23.82,9242,7067,14,14,"0","0"
