<?xml version="1.0"?>
<!--Election result snapshot imported from Tabulation System
-->
<ElectionResult>
    <Timestamp>11/14/2016 11:15:55 AM EST</Timestamp>
    <ElectionName>November 8, 2016 - General Election</ElectionName>
    <ElectionDate>11/8/2016</ElectionDate>
    <Region>Calhoun</Region>
    <VoterTurnout totalVoters="2694" ballotsCast="2043" voterTurnout="75.84">
        <Precincts>
            <Precinct name="Leary" totalVoters="610" ballotsCast="493" voterTurnout="80.82" percentReporting="4" />
            <Precinct name="Morgan" totalVoters="539" ballotsCast="445" voterTurnout="82.56" percentReporting="4" />
            <Precinct name="Edison" totalVoters="430" ballotsCast="291" voterTurnout="67.67" percentReporting="4" />
            <Precinct name="Edison-Arlington" totalVoters="528" ballotsCast="391" voterTurnout="74.05" percentReporting="4" />
            <Precinct name="Arlington" totalVoters="587" ballotsCast="423" voterTurnout="72.06" percentReporting="4" />
        </Precincts>
    </VoterTurnout>
    <Contest key="1" text="President of the United States" isQuestion="false" precinctsReporting="5" precinctsReported="5">
        <VoteType name="Number of Precincts for Race" votes="5">
            <Precinct name="Leary" votes="1" />
            <Precinct name="Morgan" votes="1" />
            <Precinct name="Edison" votes="1" />
            <Precinct name="Edison-Arlington" votes="1" />
            <Precinct name="Arlington" votes="1" />
        </VoteType>
        <VoteType name="Number of Precincts Reporting" votes="5">
            <Precinct name="Leary" votes="1" />
            <Precinct name="Morgan" votes="1" />
            <Precinct name="Edison" votes="1" />
            <Precinct name="Edison-Arlington" votes="1" />
            <Precinct name="Arlington" votes="1" />
        </VoteType>
        <Choice key="10" text="DONALD J. TRUMP" totalVotes="830">
            <VoteType name="Election Day" votes="445">
                <Precinct name="Leary" votes="120" />
                <Precinct name="Morgan" votes="128" />
                <Precinct name="Edison" votes="33" />
                <Precinct name="Edison-Arlington" votes="103" />
                <Precinct name="Arlington" votes="61" />
            </VoteType>
            <VoteType name="Absentee by Mail" votes="44">
                <Precinct name="Leary" votes="13" />
                <Precinct name="Morgan" votes="24" />
                <Precinct name="Edison" votes="1" />
                <Precinct name="Edison-Arlington" votes="3" />
                <Precinct name="Arlington" votes="3" />
            </VoteType>
            <VoteType name="Advance in Person" votes="340">
                <Precinct name="Leary" votes="79" />
                <Precinct name="Morgan" votes="151" />
                <Precinct name="Edison" votes="14" />
                <Precinct name="Edison-Arlington" votes="53" />
                <Precinct name="Arlington" votes="43" />
            </VoteType>
            <VoteType name="Provisional" votes="1">
                <Precinct name="Leary" votes="0" />
                <Precinct name="Morgan" votes="1" />
                <Precinct name="Edison" votes="0" />
                <Precinct name="Edison-Arlington" votes="0" />
                <Precinct name="Arlington" votes="0" />
            </VoteType>
        </Choice>
        <Choice key="20" text="HILLARY CLINTON" totalVotes="1179">
            <VoteType name="Election Day" votes="751">
                <Precinct name="Leary" votes="202" />
                <Precinct name="Morgan" votes="61" />
                <Precinct name="Edison" votes="167" />
                <Precinct name="Edison-Arlington" votes="121" />
                <Precinct name="Arlington" votes="200" />
            </VoteType>
            <VoteType name="Absentee by Mail" votes="106">
                <Precinct name="Leary" votes="18" />
                <Precinct name="Morgan" votes="16" />
                <Precinct name="Edison" votes="13" />
                <Precinct name="Edison-Arlington" votes="9" />
                <Precinct name="Arlington" votes="50" />
            </VoteType>
            <VoteType name="Advance in Person" votes="321">
                <Precinct name="Leary" votes="54" />
                <Precinct name="Morgan" votes="53" />
                <Precinct name="Edison" votes="60" />
                <Precinct name="Edison-Arlington" votes="98" />
                <Precinct name="Arlington" votes="56" />
            </VoteType>
            <VoteType name="Provisional" votes="1">
                <Precinct name="Leary" votes="0" />
                <Precinct name="Morgan" votes="0" />
                <Precinct name="Edison" votes="0" />
                <Precinct name="Edison-Arlington" votes="0" />
                <Precinct name="Arlington" votes="1" />
            </VoteType>
        </Choice>
        <Choice key="30" text="GARY JOHNSON" totalVotes="16">
            <VoteType name="Election Day" votes="13">
                <Precinct name="Leary" votes="4" />
                <Precinct name="Morgan" votes="2" />
                <Precinct name="Edison" votes="2" />
                <Precinct name="Edison-Arlington" votes="2" />
                <Precinct name="Arlington" votes="3" />
            </VoteType>
            <VoteType name="Absentee by Mail" votes="0">
                <Precinct name="Leary" votes="0" />
                <Precinct name="Morgan" votes="0" />
                <Precinct name="Edison" votes="0" />
                <Precinct name="Edison-Arlington" votes="0" />
                <Precinct name="Arlington" votes="0" />
            </VoteType>
            <VoteType name="Advance in Person" votes="3">
                <Precinct name="Leary" votes="1" />
                <Precinct name="Morgan" votes="2" />
                <Precinct name="Edison" votes="0" />
                <Precinct name="Edison-Arlington" votes="0" />
                <Precinct name="Arlington" votes="0" />
            </VoteType>
            <VoteType name="Provisional" votes="0">
                <Precinct name="Leary" votes="0" />
                <Precinct name="Morgan" votes="0" />
                <Precinct name="Edison" votes="0" />
                <Precinct name="Edison-Arlington" votes="0" />
                <Precinct name="Arlington" votes="0" />
            </VoteType>
        </Choice>
    </Contest>
    <Contest key="10" text="United States Senator, Isakson" isQuestion="false" precinctsReporting="5" precinctsReported="5">
        <VoteType name="Number of Precincts for Race" votes="5">
            <Precinct name="Leary" votes="1" />
            <Precinct name="Morgan" votes="1" />
            <Precinct name="Edison" votes="1" />
            <Precinct name="Edison-Arlington" votes="1" />
            <Precinct name="Arlington" votes="1" />
        </VoteType>
        <VoteType name="Number of Precincts Reporting" votes="5">
            <Precinct name="Leary" votes="1" />
            <Precinct name="Morgan" votes="1" />
            <Precinct name="Edison" votes="1" />
            <Precinct name="Edison-Arlington" votes="1" />
            <Precinct name="Arlington" votes="1" />
        </VoteType>
        <Choice key="30" text="JOHNNY ISAKSON (I)" totalVotes="862">
            <VoteType name="Election Day" votes="469">
                <Precinct name="Leary" votes="121" />
                <Precinct name="Morgan" votes="130" />
                <Precinct name="Edison" votes="40" />
                <Precinct name="Edison-Arlington" votes="105" />
                <Precinct name="Arlington" votes="73" />
            </VoteType>
            <VoteType name="Absentee by Mail" votes="48">
                <Precinct name="Leary" votes="15" />
                <Precinct name="Morgan" votes="24" />
                <Precinct name="Edison" votes="1" />
                <Precinct name="Edison-Arlington" votes="4" />
                <Precinct name="Arlington" votes="4" />
            </VoteType>
            <VoteType name="Advance in Person" votes="345">
                <Precinct name="Leary" votes="74" />
                <Precinct name="Morgan" votes="151" />
                <Precinct name="Edison" votes="18" />
                <Precinct name="Edison-Arlington" votes="57" />
                <Precinct name="Arlington" votes="45" />
            </VoteType>
            <VoteType name="Provisional" votes="0">
                <Precinct name="Leary" votes="0" />
                <Precinct name="Morgan" votes="0" />
                <Precinct name="Edison" votes="0" />
                <Precinct name="Edison-Arlington" votes="0" />
                <Precinct name="Arlington" votes="0" />
            </VoteType>
        </Choice>
        <Choice key="40" text="JIM BARKSDALE" totalVotes="1007">
            <VoteType name="Election Day" votes="627">
                <Precinct name="Leary" votes="175" />
                <Precinct name="Morgan" votes="50" />
                <Precinct name="Edison" votes="127" />
                <Precinct name="Edison-Arlington" votes="107" />
                <Precinct name="Arlington" votes="168" />
            </VoteType>
            <VoteType name="Absentee by Mail" votes="101">
                <Precinct name="Leary" votes="16" />
                <Precinct name="Morgan" votes="16" />
                <Precinct name="Edison" votes="12" />
                <Precinct name="Edison-Arlington" votes="8" />
                <Precinct name="Arlington" votes="49" />
            </VoteType>
            <VoteType name="Advance in Person" votes="277">
                <Precinct name="Leary" votes="54" />
                <Precinct name="Morgan" votes="41" />
                <Precinct name="Edison" votes="48" />
                <Precinct name="Edison-Arlington" votes="87" />
                <Precinct name="Arlington" votes="47" />
            </VoteType>
            <VoteType name="Provisional" votes="2">
                <Precinct name="Leary" votes="0" />
                <Precinct name="Morgan" votes="1" />
                <Precinct name="Edison" votes="0" />
                <Precinct name="Edison-Arlington" votes="0" />
                <Precinct name="Arlington" votes="1" />
            </VoteType>
        </Choice>
        <Choice key="50" text="ALLEN BUCKLEY" totalVotes="30">
            <VoteType name="Election Day" votes="20">
                <Precinct name="Leary" votes="2" />
                <Precinct name="Morgan" votes="6" />
                <Precinct name="Edison" votes="7" />
                <Precinct name="Edison-Arlington" votes="1" />
                <Precinct name="Arlington" votes="4" />
            </VoteType>
            <VoteType name="Absentee by Mail" votes="1">
                <Precinct name="Leary" votes="0" />
                <Precinct name="Morgan" votes="1" />
                <Precinct name="Edison" votes="0" />
                <Precinct name="Edison-Arlington" votes="0" />
                <Precinct name="Arlington" votes="0" />
            </VoteType>
            <VoteType name="Advance in Person" votes="9">
                <Precinct name="Leary" votes="1" />
                <Precinct name="Morgan" votes="5" />
                <Precinct name="Edison" votes="1" />
                <Precinct name="Edison-Arlington" votes="1" />
                <Precinct name="Arlington" votes="1" />
            </VoteType>
            <VoteType name="Provisional" votes="0">
                <Precinct name="Leary" votes="0" />
                <Precinct name="Morgan" votes="0" />
                <Precinct name="Edison" votes="0" />
                <Precinct name="Edison-Arlington" votes="0" />
                <Precinct name="Arlington" votes="0" />
            </VoteType>
        </Choice>
    </Contest>
    <Contest key="30" text="Public Service Commission, District 2 - Eastern" isQuestion="false" precinctsReporting="5" precinctsReported="5">
        <VoteType name="Number of Precincts for Race" votes="5">
            <Precinct name="Leary" votes="1" />
            <Precinct name="Morgan" votes="1" />
            <Precinct name="Edison" votes="1" />
            <Precinct name="Edison-Arlington" votes="1" />
            <Precinct name="Arlington" votes="1" />
        </VoteType>
        <VoteType name="Number of Precincts Reporting" votes="5">
            <Precinct name="Leary" votes="1" />
            <Precinct name="Morgan" votes="1" />
            <Precinct name="Edison" votes="1" />
            <Precinct name="Edison-Arlington" votes="1" />
            <Precinct name="Arlington" votes="1" />
        </VoteType>
        <Choice key="20" text="TIM ECHOLS (I)" totalVotes="988">
            <VoteType name="Election Day" votes="545">
                <Precinct name="Leary" votes="151" />
                <Precinct name="Morgan" votes="132" />
                <Precinct name="Edison" votes="55" />
                <Precinct name="Edison-Arlington" votes="112" />
                <Precinct name="Arlington" votes="95" />
            </VoteType>
            <VoteType name="Absentee by Mail" votes="66">
                <Precinct name="Leary" votes="20" />
                <Precinct name="Morgan" votes="27" />
                <Precinct name="Edison" votes="4" />
                <Precinct name="Edison-Arlington" votes="6" />
                <Precinct name="Arlington" votes="9" />
            </VoteType>
            <VoteType name="Advance in Person" votes="376">
                <Precinct name="Leary" votes="78" />
                <Precinct name="Morgan" votes="154" />
                <Precinct name="Edison" votes="28" />
                <Precinct name="Edison-Arlington" votes="65" />
                <Precinct name="Arlington" votes="51" />
            </VoteType>
            <VoteType name="Provisional" votes="1">
                <Precinct name="Leary" votes="0" />
                <Precinct name="Morgan" votes="1" />
                <Precinct name="Edison" votes="0" />
                <Precinct name="Edison-Arlington" votes="0" />
                <Precinct name="Arlington" votes="0" />
            </VoteType>
        </Choice>
        <Choice key="30" text="ERIC HOSKINS" totalVotes="656">
            <VoteType name="Election Day" votes="427">
                <Precinct name="Leary" votes="113" />
                <Precinct name="Morgan" votes="34" />
                <Precinct name="Edison" votes="96" />
                <Precinct name="Edison-Arlington" votes="69" />
                <Precinct name="Arlington" votes="115" />
            </VoteType>
            <VoteType name="Absentee by Mail" votes="56">
                <Precinct name="Leary" votes="10" />
                <Precinct name="Morgan" votes="8" />
                <Precinct name="Edison" votes="6" />
                <Precinct name="Edison-Arlington" votes="4" />
                <Precinct name="Arlington" votes="28" />
            </VoteType>
            <VoteType name="Advance in Person" votes="173">
                <Precinct name="Leary" votes="38" />
                <Precinct name="Morgan" votes="26" />
                <Precinct name="Edison" votes="30" />
                <Precinct name="Edison-Arlington" votes="49" />
                <Precinct name="Arlington" votes="30" />
            </VoteType>
            <VoteType name="Provisional" votes="0">
                <Precinct name="Leary" votes="0" />
                <Precinct name="Morgan" votes="0" />
                <Precinct name="Edison" votes="0" />
                <Precinct name="Edison-Arlington" votes="0" />
                <Precinct name="Arlington" votes="0" />
            </VoteType>
        </Choice>
    </Contest>
    <Contest key="50" text="U.S. Representative, District 2" isQuestion="false" precinctsReporting="5" precinctsReported="5">
        <VoteType name="Number of Precincts for Race" votes="5">
            <Precinct name="Leary" votes="1" />
            <Precinct name="Morgan" votes="1" />
            <Precinct name="Edison" votes="1" />
            <Precinct name="Edison-Arlington" votes="1" />
            <Precinct name="Arlington" votes="1" />
        </VoteType>
        <VoteType name="Number of Precincts Reporting" votes="5">
            <Precinct name="Leary" votes="1" />
            <Precinct name="Morgan" votes="1" />
            <Precinct name="Edison" votes="1" />
            <Precinct name="Edison-Arlington" votes="1" />
            <Precinct name="Arlington" votes="1" />
        </VoteType>
        <Choice key="10" text="GREG DUKE" totalVotes="629">
            <VoteType name="Election Day" votes="335">
                <Precinct name="Leary" votes="95" />
                <Precinct name="Morgan" votes="90" />
                <Precinct name="Edison" votes="27" />
                <Precinct name="Edison-Arlington" votes="74" />
                <Precinct name="Arlington" votes="49" />
            </VoteType>
            <VoteType name="Absentee by Mail" votes="34">
                <Precinct name="Leary" votes="9" />
                <Precinct name="Morgan" votes="19" />
                <Precinct name="Edison" votes="1" />
                <Precinct name="Edison-Arlington" votes="3" />
                <Precinct name="Arlington" votes="2" />
            </VoteType>
            <VoteType name="Advance in Person" votes="259">
                <Precinct name="Leary" votes="57" />
                <Precinct name="Morgan" votes="114" />
                <Precinct name="Edison" votes="11" />
                <Precinct name="Edison-Arlington" votes="41" />
                <Precinct name="Arlington" votes="36" />
            </VoteType>
            <VoteType name="Provisional" votes="1">
                <Precinct name="Leary" votes="0" />
                <Precinct name="Morgan" votes="1" />
                <Precinct name="Edison" votes="0" />
                <Precinct name="Edison-Arlington" votes="0" />
                <Precinct name="Arlington" votes="0" />
            </VoteType>
        </Choice>
        <Choice key="20" text="SANFORD BISHOP (I)" totalVotes="1368">
            <VoteType name="Election Day" votes="849">
                <Precinct name="Leary" votes="221" />
                <Precinct name="Morgan" votes="101" />
                <Precinct name="Edison" votes="167" />
                <Precinct name="Edison-Arlington" votes="148" />
                <Precinct name="Arlington" votes="212" />
            </VoteType>
            <VoteType name="Absentee by Mail" votes="118">
                <Precinct name="Leary" votes="22" />
                <Precinct name="Morgan" votes="22" />
                <Precinct name="Edison" votes="13" />
                <Precinct name="Edison-Arlington" votes="9" />
                <Precinct name="Arlington" votes="52" />
            </VoteType>
            <VoteType name="Advance in Person" votes="400">
                <Precinct name="Leary" votes="75" />
                <Precinct name="Morgan" votes="93" />
                <Precinct name="Edison" votes="63" />
                <Precinct name="Edison-Arlington" votes="106" />
                <Precinct name="Arlington" votes="63" />
            </VoteType>
            <VoteType name="Provisional" votes="1">
                <Precinct name="Leary" votes="0" />
                <Precinct name="Morgan" votes="0" />
                <Precinct name="Edison" votes="0" />
                <Precinct name="Edison-Arlington" votes="0" />
                <Precinct name="Arlington" votes="1" />
            </VoteType>
        </Choice>
    </Contest>
    <Contest key="80" text="State Senator, District 12" isQuestion="false" precinctsReporting="5" precinctsReported="5">
        <VoteType name="Number of Precincts for Race" votes="5">
            <Precinct name="Leary" votes="1" />
            <Precinct name="Morgan" votes="1" />
            <Precinct name="Edison" votes="1" />
            <Precinct name="Edison-Arlington" votes="1" />
            <Precinct name="Arlington" votes="1" />
        </VoteType>
        <VoteType name="Number of Precincts Reporting" votes="5">
            <Precinct name="Leary" votes="1" />
            <Precinct name="Morgan" votes="1" />
            <Precinct name="Edison" votes="1" />
            <Precinct name="Edison-Arlington" votes="1" />
            <Precinct name="Arlington" votes="1" />
        </VoteType>
        <Choice key="10" text="FREDDIE POWELL SIMS (I)" totalVotes="1581">
            <VoteType name="Election Day" votes="955">
                <Precinct name="Leary" votes="259" />
                <Precinct name="Morgan" votes="139" />
                <Precinct name="Edison" votes="165" />
                <Precinct name="Edison-Arlington" votes="179" />
                <Precinct name="Arlington" votes="213" />
            </VoteType>
            <VoteType name="Absentee by Mail" votes="125">
                <Precinct name="Leary" votes="27" />
                <Precinct name="Morgan" votes="30" />
                <Precinct name="Edison" votes="14" />
                <Precinct name="Edison-Arlington" votes="11" />
                <Precinct name="Arlington" votes="43" />
            </VoteType>
            <VoteType name="Advance in Person" votes="500">
                <Precinct name="Leary" votes="99" />
                <Precinct name="Morgan" votes="150" />
                <Precinct name="Edison" votes="62" />
                <Precinct name="Edison-Arlington" votes="116" />
                <Precinct name="Arlington" votes="73" />
            </VoteType>
            <VoteType name="Provisional" votes="1">
                <Precinct name="Leary" votes="0" />
                <Precinct name="Morgan" votes="1" />
                <Precinct name="Edison" votes="0" />
                <Precinct name="Edison-Arlington" votes="0" />
                <Precinct name="Arlington" votes="0" />
            </VoteType>
        </Choice>
    </Contest>
    <Contest key="90" text="State Representative, District 151" isQuestion="false" precinctsReporting="5" precinctsReported="5">
        <VoteType name="Number of Precincts for Race" votes="5">
            <Precinct name="Leary" votes="1" />
            <Precinct name="Morgan" votes="1" />
            <Precinct name="Edison" votes="1" />
            <Precinct name="Edison-Arlington" votes="1" />
            <Precinct name="Arlington" votes="1" />
        </VoteType>
        <VoteType name="Number of Precincts Reporting" votes="5">
            <Precinct name="Leary" votes="1" />
            <Precinct name="Morgan" votes="1" />
            <Precinct name="Edison" votes="1" />
            <Precinct name="Edison-Arlington" votes="1" />
            <Precinct name="Arlington" votes="1" />
        </VoteType>
        <Choice key="10" text="GERALD GREENE (I) (REP)" totalVotes="982">
            <VoteType name="Election Day" votes="520">
                <Precinct name="Leary" votes="134" />
                <Precinct name="Morgan" votes="141" />
                <Precinct name="Edison" votes="50" />
                <Precinct name="Edison-Arlington" votes="112" />
                <Precinct name="Arlington" votes="83" />
            </VoteType>
            <VoteType name="Absentee by Mail" votes="65">
                <Precinct name="Leary" votes="17" />
                <Precinct name="Morgan" votes="28" />
                <Precinct name="Edison" votes="3" />
                <Precinct name="Edison-Arlington" votes="3" />
                <Precinct name="Arlington" votes="14" />
            </VoteType>
            <VoteType name="Advance in Person" votes="396">
                <Precinct name="Leary" votes="78" />
                <Precinct name="Morgan" votes="168" />
                <Precinct name="Edison" votes="28" />
                <Precinct name="Edison-Arlington" votes="72" />
                <Precinct name="Arlington" votes="50" />
            </VoteType>
            <VoteType name="Provisional" votes="1">
                <Precinct name="Leary" votes="0" />
                <Precinct name="Morgan" votes="1" />
                <Precinct name="Edison" votes="0" />
                <Precinct name="Edison-Arlington" votes="0" />
                <Precinct name="Arlington" votes="0" />
            </VoteType>
        </Choice>
        <Choice key="30" text="KENNETH ZACHARY JR (IND)" totalVotes="998">
            <VoteType name="Election Day" votes="662">
                <Precinct name="Leary" votes="182" />
                <Precinct name="Morgan" votes="50" />
                <Precinct name="Edison" votes="149" />
                <Precinct name="Edison-Arlington" votes="106" />
                <Precinct name="Arlington" votes="175" />
            </VoteType>
            <VoteType name="Absentee by Mail" votes="82">
                <Precinct name="Leary" votes="13" />
                <Precinct name="Morgan" votes="13" />
                <Precinct name="Edison" votes="11" />
                <Precinct name="Edison-Arlington" votes="8" />
                <Precinct name="Arlington" votes="37" />
            </VoteType>
            <VoteType name="Advance in Person" votes="254">
                <Precinct name="Leary" votes="51" />
                <Precinct name="Morgan" votes="39" />
                <Precinct name="Edison" votes="45" />
                <Precinct name="Edison-Arlington" votes="71" />
                <Precinct name="Arlington" votes="48" />
            </VoteType>
            <VoteType name="Provisional" votes="0">
                <Precinct name="Leary" votes="0" />
                <Precinct name="Morgan" votes="0" />
                <Precinct name="Edison" votes="0" />
                <Precinct name="Edison-Arlington" votes="0" />
                <Precinct name="Arlington" votes="0" />
            </VoteType>
        </Choice>
    </Contest>
    <Contest key="120" text="District Attorney, South Georgia Circuit" isQuestion="false" precinctsReporting="5" precinctsReported="5">
        <VoteType name="Number of Precincts for Race" votes="5">
            <Precinct name="Leary" votes="1" />
            <Precinct name="Morgan" votes="1" />
            <Precinct name="Edison" votes="1" />
            <Precinct name="Edison-Arlington" votes="1" />
            <Precinct name="Arlington" votes="1" />
        </VoteType>
        <VoteType name="Number of Precincts Reporting" votes="5">
            <Precinct name="Leary" votes="1" />
            <Precinct name="Morgan" votes="1" />
            <Precinct name="Edison" votes="1" />
            <Precinct name="Edison-Arlington" votes="1" />
            <Precinct name="Arlington" votes="1" />
        </VoteType>
        <Choice key="10" text="JOE MULHOLLAND (I)" totalVotes="1643">
            <VoteType name="Election Day" votes="977">
                <Precinct name="Leary" votes="274" />
                <Precinct name="Morgan" votes="148" />
                <Precinct name="Edison" votes="160" />
                <Precinct name="Edison-Arlington" votes="178" />
                <Precinct name="Arlington" votes="217" />
            </VoteType>
            <VoteType name="Absentee by Mail" votes="124">
                <Precinct name="Leary" votes="27" />
                <Precinct name="Morgan" votes="33" />
                <Precinct name="Edison" votes="11" />
                <Precinct name="Edison-Arlington" votes="11" />
                <Precinct name="Arlington" votes="42" />
            </VoteType>
            <VoteType name="Advance in Person" votes="541">
                <Precinct name="Leary" votes="106" />
                <Precinct name="Morgan" votes="164" />
                <Precinct name="Edison" votes="68" />
                <Precinct name="Edison-Arlington" votes="125" />
                <Precinct name="Arlington" votes="78" />
            </VoteType>
            <VoteType name="Provisional" votes="1">
                <Precinct name="Leary" votes="0" />
                <Precinct name="Morgan" votes="1" />
                <Precinct name="Edison" votes="0" />
                <Precinct name="Edison-Arlington" votes="0" />
                <Precinct name="Arlington" votes="0" />
            </VoteType>
        </Choice>
    </Contest>
    <Contest key="140" text="CLERK, SUPERIOR COURT" isQuestion="false" precinctsReporting="5" precinctsReported="5">
        <VoteType name="Number of Precincts for Race" votes="5">
            <Precinct name="Leary" votes="1" />
            <Precinct name="Morgan" votes="1" />
            <Precinct name="Edison" votes="1" />
            <Precinct name="Edison-Arlington" votes="1" />
            <Precinct name="Arlington" votes="1" />
        </VoteType>
        <VoteType name="Number of Precincts Reporting" votes="5">
            <Precinct name="Leary" votes="1" />
            <Precinct name="Morgan" votes="1" />
            <Precinct name="Edison" votes="1" />
            <Precinct name="Edison-Arlington" votes="1" />
            <Precinct name="Arlington" votes="1" />
        </VoteType>
        <Choice key="10" text="K. F. TAYLOR (I) D" totalVotes="1766">
            <VoteType name="Election Day" votes="1065">
                <Precinct name="Leary" votes="286" />
                <Precinct name="Morgan" votes="164" />
                <Precinct name="Edison" votes="170" />
                <Precinct name="Edison-Arlington" votes="201" />
                <Precinct name="Arlington" votes="244" />
            </VoteType>
            <VoteType name="Absentee by Mail" votes="128">
                <Precinct name="Leary" votes="27" />
                <Precinct name="Morgan" votes="34" />
                <Precinct name="Edison" votes="13" />
                <Precinct name="Edison-Arlington" votes="11" />
                <Precinct name="Arlington" votes="43" />
            </VoteType>
            <VoteType name="Advance in Person" votes="572">
                <Precinct name="Leary" votes="110" />
                <Precinct name="Morgan" votes="182" />
                <Precinct name="Edison" votes="65" />
                <Precinct name="Edison-Arlington" votes="128" />
                <Precinct name="Arlington" votes="87" />
            </VoteType>
            <VoteType name="Provisional" votes="1">
                <Precinct name="Leary" votes="0" />
                <Precinct name="Morgan" votes="1" />
                <Precinct name="Edison" votes="0" />
                <Precinct name="Edison-Arlington" votes="0" />
                <Precinct name="Arlington" votes="0" />
            </VoteType>
        </Choice>
    </Contest>
    <Contest key="160" text="SHERIFF" isQuestion="false" precinctsReporting="5" precinctsReported="5">
        <VoteType name="Number of Precincts for Race" votes="5">
            <Precinct name="Leary" votes="1" />
            <Precinct name="Morgan" votes="1" />
            <Precinct name="Edison" votes="1" />
            <Precinct name="Edison-Arlington" votes="1" />
            <Precinct name="Arlington" votes="1" />
        </VoteType>
        <VoteType name="Number of Precincts Reporting" votes="5">
            <Precinct name="Leary" votes="1" />
            <Precinct name="Morgan" votes="1" />
            <Precinct name="Edison" votes="1" />
            <Precinct name="Edison-Arlington" votes="1" />
            <Precinct name="Arlington" votes="1" />
        </VoteType>
        <Choice key="10" text="J. HILTON (I) D" totalVotes="1793">
            <VoteType name="Election Day" votes="1087">
                <Precinct name="Leary" votes="301" />
                <Precinct name="Morgan" votes="171" />
                <Precinct name="Edison" votes="170" />
                <Precinct name="Edison-Arlington" votes="200" />
                <Precinct name="Arlington" votes="245" />
            </VoteType>
            <VoteType name="Absentee by Mail" votes="130">
                <Precinct name="Leary" votes="27" />
                <Precinct name="Morgan" votes="36" />
                <Precinct name="Edison" votes="11" />
                <Precinct name="Edison-Arlington" votes="11" />
                <Precinct name="Arlington" votes="45" />
            </VoteType>
            <VoteType name="Advance in Person" votes="574">
                <Precinct name="Leary" votes="110" />
                <Precinct name="Morgan" votes="181" />
                <Precinct name="Edison" votes="63" />
                <Precinct name="Edison-Arlington" votes="133" />
                <Precinct name="Arlington" votes="87" />
            </VoteType>
            <VoteType name="Provisional" votes="2">
                <Precinct name="Leary" votes="0" />
                <Precinct name="Morgan" votes="1" />
                <Precinct name="Edison" votes="0" />
                <Precinct name="Edison-Arlington" votes="0" />
                <Precinct name="Arlington" votes="1" />
            </VoteType>
        </Choice>
    </Contest>
    <Contest key="180" text="TAX COMMISSIONER" isQuestion="false" precinctsReporting="5" precinctsReported="5">
        <VoteType name="Number of Precincts for Race" votes="5">
            <Precinct name="Leary" votes="1" />
            <Precinct name="Morgan" votes="1" />
            <Precinct name="Edison" votes="1" />
            <Precinct name="Edison-Arlington" votes="1" />
            <Precinct name="Arlington" votes="1" />
        </VoteType>
        <VoteType name="Number of Precincts Reporting" votes="5">
            <Precinct name="Leary" votes="1" />
            <Precinct name="Morgan" votes="1" />
            <Precinct name="Edison" votes="1" />
            <Precinct name="Edison-Arlington" votes="1" />
            <Precinct name="Arlington" votes="1" />
        </VoteType>
        <Choice key="10" text="J. H. RAY (I) D" totalVotes="1784">
            <VoteType name="Election Day" votes="1072">
                <Precinct name="Leary" votes="298" />
                <Precinct name="Morgan" votes="159" />
                <Precinct name="Edison" votes="171" />
                <Precinct name="Edison-Arlington" votes="199" />
                <Precinct name="Arlington" votes="245" />
            </VoteType>
            <VoteType name="Absentee by Mail" votes="131">
                <Precinct name="Leary" votes="27" />
                <Precinct name="Morgan" votes="36" />
                <Precinct name="Edison" votes="13" />
                <Precinct name="Edison-Arlington" votes="11" />
                <Precinct name="Arlington" votes="44" />
            </VoteType>
            <VoteType name="Advance in Person" votes="580">
                <Precinct name="Leary" votes="114" />
                <Precinct name="Morgan" votes="183" />
                <Precinct name="Edison" votes="63" />
                <Precinct name="Edison-Arlington" votes="130" />
                <Precinct name="Arlington" votes="90" />
            </VoteType>
            <VoteType name="Provisional" votes="1">
                <Precinct name="Leary" votes="0" />
                <Precinct name="Morgan" votes="1" />
                <Precinct name="Edison" votes="0" />
                <Precinct name="Edison-Arlington" votes="0" />
                <Precinct name="Arlington" votes="0" />
            </VoteType>
        </Choice>
    </Contest>
    <Contest key="200" text="CORONER" isQuestion="false" precinctsReporting="5" precinctsReported="5">
        <VoteType name="Number of Precincts for Race" votes="5">
            <Precinct name="Leary" votes="1" />
            <Precinct name="Morgan" votes="1" />
            <Precinct name="Edison" votes="1" />
            <Precinct name="Edison-Arlington" votes="1" />
            <Precinct name="Arlington" votes="1" />
        </VoteType>
        <VoteType name="Number of Precincts Reporting" votes="5">
            <Precinct name="Leary" votes="1" />
            <Precinct name="Morgan" votes="1" />
            <Precinct name="Edison" votes="1" />
            <Precinct name="Edison-Arlington" votes="1" />
            <Precinct name="Arlington" votes="1" />
        </VoteType>
        <Choice key="40" text="B. M. WINNS (D)" totalVotes="1667">
            <VoteType name="Election Day" votes="1016">
                <Precinct name="Leary" votes="273" />
                <Precinct name="Morgan" votes="152" />
                <Precinct name="Edison" votes="169" />
                <Precinct name="Edison-Arlington" votes="188" />
                <Precinct name="Arlington" votes="234" />
            </VoteType>
            <VoteType name="Absentee by Mail" votes="127">
                <Precinct name="Leary" votes="27" />
                <Precinct name="Morgan" votes="31" />
                <Precinct name="Edison" votes="13" />
                <Precinct name="Edison-Arlington" votes="11" />
                <Precinct name="Arlington" votes="45" />
            </VoteType>
            <VoteType name="Advance in Person" votes="522">
                <Precinct name="Leary" votes="101" />
                <Precinct name="Morgan" votes="159" />
                <Precinct name="Edison" votes="65" />
                <Precinct name="Edison-Arlington" votes="121" />
                <Precinct name="Arlington" votes="76" />
            </VoteType>
            <VoteType name="Provisional" votes="2">
                <Precinct name="Leary" votes="0" />
                <Precinct name="Morgan" votes="1" />
                <Precinct name="Edison" votes="0" />
                <Precinct name="Edison-Arlington" votes="0" />
                <Precinct name="Arlington" votes="1" />
            </VoteType>
        </Choice>
    </Contest>
    <Contest key="220" text="CC, P2" isQuestion="false" precinctsReporting="1" precinctsReported="1">
        <VoteType name="Number of Precincts for Race" votes="1">
            <Precinct name="Morgan" votes="1" />
        </VoteType>
        <VoteType name="Number of Precincts Reporting" votes="1">
            <Precinct name="Morgan" votes="1" />
        </VoteType>
        <Choice key="10" text="B. M WEATHERSBY (I)D" totalVotes="350">
            <VoteType name="Election Day" votes="152">
                <Precinct name="Morgan" votes="152" />
            </VoteType>
            <VoteType name="Absentee by Mail" votes="35">
                <Precinct name="Morgan" votes="35" />
            </VoteType>
            <VoteType name="Advance in Person" votes="162">
                <Precinct name="Morgan" votes="162" />
            </VoteType>
            <VoteType name="Provisional" votes="1">
                <Precinct name="Morgan" votes="1" />
            </VoteType>
        </Choice>
    </Contest>
    <Contest key="240" text="CC, P4" isQuestion="false" precinctsReporting="1" precinctsReported="1">
        <VoteType name="Number of Precincts for Race" votes="1">
            <Precinct name="Edison-Arlington" votes="1" />
        </VoteType>
        <VoteType name="Number of Precincts Reporting" votes="1">
            <Precinct name="Edison-Arlington" votes="1" />
        </VoteType>
        <Choice key="10" text="T. MANRY JR (D)" totalVotes="334">
            <VoteType name="Election Day" votes="195">
                <Precinct name="Edison-Arlington" votes="195" />
            </VoteType>
            <VoteType name="Absentee by Mail" votes="11">
                <Precinct name="Edison-Arlington" votes="11" />
            </VoteType>
            <VoteType name="Advance in Person" votes="128">
                <Precinct name="Edison-Arlington" votes="128" />
            </VoteType>
            <VoteType name="Provisional" votes="0">
                <Precinct name="Edison-Arlington" votes="0" />
            </VoteType>
        </Choice>
    </Contest>
    <Contest key="260" text="BOE, AT LARGE" isQuestion="false" precinctsReporting="5" precinctsReported="5">
        <VoteType name="Number of Precincts for Race" votes="5">
            <Precinct name="Leary" votes="1" />
            <Precinct name="Morgan" votes="1" />
            <Precinct name="Edison" votes="1" />
            <Precinct name="Edison-Arlington" votes="1" />
            <Precinct name="Arlington" votes="1" />
        </VoteType>
        <VoteType name="Number of Precincts Reporting" votes="5">
            <Precinct name="Leary" votes="1" />
            <Precinct name="Morgan" votes="1" />
            <Precinct name="Edison" votes="1" />
            <Precinct name="Edison-Arlington" votes="1" />
            <Precinct name="Arlington" votes="1" />
        </VoteType>
        <Choice key="10" text="C. B. BUCK (D)" totalVotes="787">
            <VoteType name="Election Day" votes="451">
                <Precinct name="Leary" votes="128" />
                <Precinct name="Morgan" votes="62" />
                <Precinct name="Edison" votes="79" />
                <Precinct name="Edison-Arlington" votes="94" />
                <Precinct name="Arlington" votes="88" />
            </VoteType>
            <VoteType name="Absentee by Mail" votes="59">
                <Precinct name="Leary" votes="9" />
                <Precinct name="Morgan" votes="18" />
                <Precinct name="Edison" votes="7" />
                <Precinct name="Edison-Arlington" votes="3" />
                <Precinct name="Arlington" votes="22" />
            </VoteType>
            <VoteType name="Advance in Person" votes="276">
                <Precinct name="Leary" votes="47" />
                <Precinct name="Morgan" votes="89" />
                <Precinct name="Edison" votes="35" />
                <Precinct name="Edison-Arlington" votes="73" />
                <Precinct name="Arlington" votes="32" />
            </VoteType>
            <VoteType name="Provisional" votes="1">
                <Precinct name="Leary" votes="0" />
                <Precinct name="Morgan" votes="1" />
                <Precinct name="Edison" votes="0" />
                <Precinct name="Edison-Arlington" votes="0" />
                <Precinct name="Arlington" votes="0" />
            </VoteType>
        </Choice>
        <Choice key="20" text="J. HOLDER (I) D" totalVotes="1250">
            <VoteType name="Election Day" votes="758">
                <Precinct name="Leary" votes="219" />
                <Precinct name="Morgan" votes="104" />
                <Precinct name="Edison" votes="130" />
                <Precinct name="Edison-Arlington" votes="127" />
                <Precinct name="Arlington" votes="178" />
            </VoteType>
            <VoteType name="Absentee by Mail" votes="104">
                <Precinct name="Leary" votes="23" />
                <Precinct name="Morgan" votes="25" />
                <Precinct name="Edison" votes="11" />
                <Precinct name="Edison-Arlington" votes="7" />
                <Precinct name="Arlington" votes="38" />
            </VoteType>
            <VoteType name="Advance in Person" votes="388">
                <Precinct name="Leary" votes="83" />
                <Precinct name="Morgan" votes="112" />
                <Precinct name="Edison" votes="41" />
                <Precinct name="Edison-Arlington" votes="88" />
                <Precinct name="Arlington" votes="64" />
            </VoteType>
            <VoteType name="Provisional" votes="0">
                <Precinct name="Leary" votes="0" />
                <Precinct name="Morgan" votes="0" />
                <Precinct name="Edison" votes="0" />
                <Precinct name="Edison-Arlington" votes="0" />
                <Precinct name="Arlington" votes="0" />
            </VoteType>
        </Choice>
    </Contest>
    <Contest key="280" text="BOE, P1" isQuestion="false" precinctsReporting="1" precinctsReported="1">
        <VoteType name="Number of Precincts for Race" votes="1">
            <Precinct name="Leary" votes="1" />
        </VoteType>
        <VoteType name="Number of Precincts Reporting" votes="1">
            <Precinct name="Leary" votes="1" />
        </VoteType>
        <Choice key="10" text="D. L. BARNES (I) D" totalVotes="413">
            <VoteType name="Election Day" votes="287">
                <Precinct name="Leary" votes="287" />
            </VoteType>
            <VoteType name="Absentee by Mail" votes="26">
                <Precinct name="Leary" votes="26" />
            </VoteType>
            <VoteType name="Advance in Person" votes="100">
                <Precinct name="Leary" votes="100" />
            </VoteType>
            <VoteType name="Provisional" votes="0">
                <Precinct name="Leary" votes="0" />
            </VoteType>
        </Choice>
    </Contest>
    <Contest key="300" text="BOE, P2" isQuestion="false" precinctsReporting="1" precinctsReported="1">
        <VoteType name="Number of Precincts for Race" votes="1">
            <Precinct name="Morgan" votes="1" />
        </VoteType>
        <VoteType name="Number of Precincts Reporting" votes="1">
            <Precinct name="Morgan" votes="1" />
        </VoteType>
        <Choice key="10" text="B. E. PAUL (I) D" totalVotes="372">
            <VoteType name="Election Day" votes="160">
                <Precinct name="Morgan" votes="160" />
            </VoteType>
            <VoteType name="Absentee by Mail" votes="33">
                <Precinct name="Morgan" votes="33" />
            </VoteType>
            <VoteType name="Advance in Person" votes="178">
                <Precinct name="Morgan" votes="178" />
            </VoteType>
            <VoteType name="Provisional" votes="1">
                <Precinct name="Morgan" votes="1" />
            </VoteType>
        </Choice>
    </Contest>
    <Contest key="320" text="BOE, P3" isQuestion="false" precinctsReporting="1" precinctsReported="1">
        <VoteType name="Number of Precincts for Race" votes="1">
            <Precinct name="Edison" votes="1" />
        </VoteType>
        <VoteType name="Number of Precincts Reporting" votes="1">
            <Precinct name="Edison" votes="1" />
        </VoteType>
        <Choice key="20" text="J. A. SEVERSON (I) D" totalVotes="237">
            <VoteType name="Election Day" votes="164">
                <Precinct name="Edison" votes="164" />
            </VoteType>
            <VoteType name="Absentee by Mail" votes="11">
                <Precinct name="Edison" votes="11" />
            </VoteType>
            <VoteType name="Advance in Person" votes="62">
                <Precinct name="Edison" votes="62" />
            </VoteType>
            <VoteType name="Provisional" votes="0">
                <Precinct name="Edison" votes="0" />
            </VoteType>
        </Choice>
    </Contest>
    <Contest key="340" text="BOE, P4" isQuestion="false" precinctsReporting="1" precinctsReported="1">
        <VoteType name="Number of Precincts for Race" votes="1">
            <Precinct name="Edison-Arlington" votes="1" />
        </VoteType>
        <VoteType name="Number of Precincts Reporting" votes="1">
            <Precinct name="Edison-Arlington" votes="1" />
        </VoteType>
        <Choice key="10" text="R. WILLIAMS (D)" totalVotes="308">
            <VoteType name="Election Day" votes="181">
                <Precinct name="Edison-Arlington" votes="181" />
            </VoteType>
            <VoteType name="Absentee by Mail" votes="9">
                <Precinct name="Edison-Arlington" votes="9" />
            </VoteType>
            <VoteType name="Advance in Person" votes="118">
                <Precinct name="Edison-Arlington" votes="118" />
            </VoteType>
            <VoteType name="Provisional" votes="0">
                <Precinct name="Edison-Arlington" votes="0" />
            </VoteType>
        </Choice>
    </Contest>
    <Contest key="360" text="BOE, P5" isQuestion="false" precinctsReporting="1" precinctsReported="1">
        <VoteType name="Number of Precincts for Race" votes="1">
            <Precinct name="Arlington" votes="1" />
        </VoteType>
        <VoteType name="Number of Precincts Reporting" votes="1">
            <Precinct name="Arlington" votes="1" />
        </VoteType>
        <Choice key="10" text="L. HUTCHINS (I) D" totalVotes="357">
            <VoteType name="Election Day" votes="236">
                <Precinct name="Arlington" votes="236" />
            </VoteType>
            <VoteType name="Absentee by Mail" votes="42">
                <Precinct name="Arlington" votes="42" />
            </VoteType>
            <VoteType name="Advance in Person" votes="78">
                <Precinct name="Arlington" votes="78" />
            </VoteType>
            <VoteType name="Provisional" votes="1">
                <Precinct name="Arlington" votes="1" />
            </VoteType>
        </Choice>
    </Contest>
    <Contest key="380" text="Constitutional Amendment #1&lt;br&gt;Provides greater flexibility and state accountability to fix failing schools through increasing community involvement." isQuestion="false" precinctsReporting="5" precinctsReported="5">
        <VoteType name="Number of Precincts for Race" votes="5">
            <Precinct name="Leary" votes="1" />
            <Precinct name="Morgan" votes="1" />
            <Precinct name="Edison" votes="1" />
            <Precinct name="Edison-Arlington" votes="1" />
            <Precinct name="Arlington" votes="1" />
        </VoteType>
        <VoteType name="Number of Precincts Reporting" votes="5">
            <Precinct name="Leary" votes="1" />
            <Precinct name="Morgan" votes="1" />
            <Precinct name="Edison" votes="1" />
            <Precinct name="Edison-Arlington" votes="1" />
            <Precinct name="Arlington" votes="1" />
        </VoteType>
        <Choice key="10" text="YES" totalVotes="551">
            <VoteType name="Election Day" votes="304">
                <Precinct name="Leary" votes="81" />
                <Precinct name="Morgan" votes="55" />
                <Precinct name="Edison" votes="50" />
                <Precinct name="Edison-Arlington" votes="62" />
                <Precinct name="Arlington" votes="56" />
            </VoteType>
            <VoteType name="Absentee by Mail" votes="49">
                <Precinct name="Leary" votes="6" />
                <Precinct name="Morgan" votes="13" />
                <Precinct name="Edison" votes="4" />
                <Precinct name="Edison-Arlington" votes="7" />
                <Precinct name="Arlington" votes="19" />
            </VoteType>
            <VoteType name="Advance in Person" votes="197">
                <Precinct name="Leary" votes="45" />
                <Precinct name="Morgan" votes="69" />
                <Precinct name="Edison" votes="16" />
                <Precinct name="Edison-Arlington" votes="41" />
                <Precinct name="Arlington" votes="26" />
            </VoteType>
            <VoteType name="Provisional" votes="1">
                <Precinct name="Leary" votes="0" />
                <Precinct name="Morgan" votes="1" />
                <Precinct name="Edison" votes="0" />
                <Precinct name="Edison-Arlington" votes="0" />
                <Precinct name="Arlington" votes="0" />
            </VoteType>
        </Choice>
        <Choice key="20" text="NO" totalVotes="1440">
            <VoteType name="Election Day" votes="887">
                <Precinct name="Leary" votes="236" />
                <Precinct name="Morgan" votes="131" />
                <Precinct name="Edison" votes="151" />
                <Precinct name="Edison-Arlington" votes="163" />
                <Precinct name="Arlington" votes="206" />
            </VoteType>
            <VoteType name="Absentee by Mail" votes="98">
                <Precinct name="Leary" votes="23" />
                <Precinct name="Morgan" votes="28" />
                <Precinct name="Edison" votes="10" />
                <Precinct name="Edison-Arlington" votes="4" />
                <Precinct name="Arlington" votes="33" />
            </VoteType>
            <VoteType name="Advance in Person" votes="455">
                <Precinct name="Leary" votes="85" />
                <Precinct name="Morgan" votes="133" />
                <Precinct name="Edison" votes="58" />
                <Precinct name="Edison-Arlington" votes="107" />
                <Precinct name="Arlington" votes="72" />
            </VoteType>
            <VoteType name="Provisional" votes="0">
                <Precinct name="Leary" votes="0" />
                <Precinct name="Morgan" votes="0" />
                <Precinct name="Edison" votes="0" />
                <Precinct name="Edison-Arlington" votes="0" />
                <Precinct name="Arlington" votes="0" />
            </VoteType>
        </Choice>
    </Contest>
    <Contest key="390" text="Constitutional Amendment #2&lt;br&gt;Authorizes penalties for sexual exploitation and assessments on adult entertainment to fund child victims' services." isQuestion="false" precinctsReporting="5" precinctsReported="5">
        <VoteType name="Number of Precincts for Race" votes="5">
            <Precinct name="Leary" votes="1" />
            <Precinct name="Morgan" votes="1" />
            <Precinct name="Edison" votes="1" />
            <Precinct name="Edison-Arlington" votes="1" />
            <Precinct name="Arlington" votes="1" />
        </VoteType>
        <VoteType name="Number of Precincts Reporting" votes="5">
            <Precinct name="Leary" votes="1" />
            <Precinct name="Morgan" votes="1" />
            <Precinct name="Edison" votes="1" />
            <Precinct name="Edison-Arlington" votes="1" />
            <Precinct name="Arlington" votes="1" />
        </VoteType>
        <Choice key="10" text="YES" totalVotes="1421">
            <VoteType name="Election Day" votes="814">
                <Precinct name="Leary" votes="227" />
                <Precinct name="Morgan" votes="134" />
                <Precinct name="Edison" votes="125" />
                <Precinct name="Edison-Arlington" votes="153" />
                <Precinct name="Arlington" votes="175" />
            </VoteType>
            <VoteType name="Absentee by Mail" votes="112">
                <Precinct name="Leary" votes="23" />
                <Precinct name="Morgan" votes="29" />
                <Precinct name="Edison" votes="9" />
                <Precinct name="Edison-Arlington" votes="8" />
                <Precinct name="Arlington" votes="43" />
            </VoteType>
            <VoteType name="Advance in Person" votes="494">
                <Precinct name="Leary" votes="99" />
                <Precinct name="Morgan" votes="164" />
                <Precinct name="Edison" votes="57" />
                <Precinct name="Edison-Arlington" votes="99" />
                <Precinct name="Arlington" votes="75" />
            </VoteType>
            <VoteType name="Provisional" votes="1">
                <Precinct name="Leary" votes="0" />
                <Precinct name="Morgan" votes="1" />
                <Precinct name="Edison" votes="0" />
                <Precinct name="Edison-Arlington" votes="0" />
                <Precinct name="Arlington" votes="0" />
            </VoteType>
        </Choice>
        <Choice key="20" text="NO" totalVotes="498">
            <VoteType name="Election Day" votes="323">
                <Precinct name="Leary" votes="85" />
                <Precinct name="Morgan" votes="43" />
                <Precinct name="Edison" votes="63" />
                <Precinct name="Edison-Arlington" votes="60" />
                <Precinct name="Arlington" votes="72" />
            </VoteType>
            <VoteType name="Absentee by Mail" votes="33">
                <Precinct name="Leary" votes="6" />
                <Precinct name="Morgan" votes="12" />
                <Precinct name="Edison" votes="4" />
                <Precinct name="Edison-Arlington" votes="3" />
                <Precinct name="Arlington" votes="8" />
            </VoteType>
            <VoteType name="Advance in Person" votes="142">
                <Precinct name="Leary" votes="24" />
                <Precinct name="Morgan" votes="38" />
                <Precinct name="Edison" votes="13" />
                <Precinct name="Edison-Arlington" votes="46" />
                <Precinct name="Arlington" votes="21" />
            </VoteType>
            <VoteType name="Provisional" votes="0">
                <Precinct name="Leary" votes="0" />
                <Precinct name="Morgan" votes="0" />
                <Precinct name="Edison" votes="0" />
                <Precinct name="Edison-Arlington" votes="0" />
                <Precinct name="Arlington" votes="0" />
            </VoteType>
        </Choice>
    </Contest>
    <Contest key="400" text="Constitutional Amendment #3&lt;br&gt;Reforms and re-establishes the Judicial Qualifications Commission and provides for its composition, governance, and powers." isQuestion="false" precinctsReporting="5" precinctsReported="5">
        <VoteType name="Number of Precincts for Race" votes="5">
            <Precinct name="Leary" votes="1" />
            <Precinct name="Morgan" votes="1" />
            <Precinct name="Edison" votes="1" />
            <Precinct name="Edison-Arlington" votes="1" />
            <Precinct name="Arlington" votes="1" />
        </VoteType>
        <VoteType name="Number of Precincts Reporting" votes="5">
            <Precinct name="Leary" votes="1" />
            <Precinct name="Morgan" votes="1" />
            <Precinct name="Edison" votes="1" />
            <Precinct name="Edison-Arlington" votes="1" />
            <Precinct name="Arlington" votes="1" />
        </VoteType>
        <Choice key="10" text="YES" totalVotes="1011">
            <VoteType name="Election Day" votes="574">
                <Precinct name="Leary" votes="157" />
                <Precinct name="Morgan" votes="89" />
                <Precinct name="Edison" votes="114" />
                <Precinct name="Edison-Arlington" votes="97" />
                <Precinct name="Arlington" votes="117" />
            </VoteType>
            <VoteType name="Absentee by Mail" votes="87">
                <Precinct name="Leary" votes="17" />
                <Precinct name="Morgan" votes="25" />
                <Precinct name="Edison" votes="6" />
                <Precinct name="Edison-Arlington" votes="6" />
                <Precinct name="Arlington" votes="33" />
            </VoteType>
            <VoteType name="Advance in Person" votes="349">
                <Precinct name="Leary" votes="64" />
                <Precinct name="Morgan" votes="117" />
                <Precinct name="Edison" votes="47" />
                <Precinct name="Edison-Arlington" votes="71" />
                <Precinct name="Arlington" votes="50" />
            </VoteType>
            <VoteType name="Provisional" votes="1">
                <Precinct name="Leary" votes="0" />
                <Precinct name="Morgan" votes="1" />
                <Precinct name="Edison" votes="0" />
                <Precinct name="Edison-Arlington" votes="0" />
                <Precinct name="Arlington" votes="0" />
            </VoteType>
        </Choice>
        <Choice key="20" text="NO" totalVotes="827">
            <VoteType name="Election Day" votes="514">
                <Precinct name="Leary" votes="144" />
                <Precinct name="Morgan" votes="79" />
                <Precinct name="Edison" votes="70" />
                <Precinct name="Edison-Arlington" votes="99" />
                <Precinct name="Arlington" votes="122" />
            </VoteType>
            <VoteType name="Absentee by Mail" votes="51">
                <Precinct name="Leary" votes="12" />
                <Precinct name="Morgan" votes="16" />
                <Precinct name="Edison" votes="6" />
                <Precinct name="Edison-Arlington" votes="3" />
                <Precinct name="Arlington" votes="14" />
            </VoteType>
            <VoteType name="Advance in Person" votes="262">
                <Precinct name="Leary" votes="58" />
                <Precinct name="Morgan" votes="74" />
                <Precinct name="Edison" votes="24" />
                <Precinct name="Edison-Arlington" votes="65" />
                <Precinct name="Arlington" votes="41" />
            </VoteType>
            <VoteType name="Provisional" votes="0">
                <Precinct name="Leary" votes="0" />
                <Precinct name="Morgan" votes="0" />
                <Precinct name="Edison" votes="0" />
                <Precinct name="Edison-Arlington" votes="0" />
                <Precinct name="Arlington" votes="0" />
            </VoteType>
        </Choice>
    </Contest>
    <Contest key="410" text="Constitutional Amendment #4&lt;br&gt;Dedicates revenue from existing taxes on fireworks to trauma care, fire services, and public safety." isQuestion="false" precinctsReporting="5" precinctsReported="5">
        <VoteType name="Number of Precincts for Race" votes="5">
            <Precinct name="Leary" votes="1" />
            <Precinct name="Morgan" votes="1" />
            <Precinct name="Edison" votes="1" />
            <Precinct name="Edison-Arlington" votes="1" />
            <Precinct name="Arlington" votes="1" />
        </VoteType>
        <VoteType name="Number of Precincts Reporting" votes="5">
            <Precinct name="Leary" votes="1" />
            <Precinct name="Morgan" votes="1" />
            <Precinct name="Edison" votes="1" />
            <Precinct name="Edison-Arlington" votes="1" />
            <Precinct name="Arlington" votes="1" />
        </VoteType>
        <Choice key="10" text="YES" totalVotes="1370">
            <VoteType name="Election Day" votes="782">
                <Precinct name="Leary" votes="220" />
                <Precinct name="Morgan" votes="115" />
                <Precinct name="Edison" votes="130" />
                <Precinct name="Edison-Arlington" votes="151" />
                <Precinct name="Arlington" votes="166" />
            </VoteType>
            <VoteType name="Absentee by Mail" votes="114">
                <Precinct name="Leary" votes="24" />
                <Precinct name="Morgan" votes="28" />
                <Precinct name="Edison" votes="11" />
                <Precinct name="Edison-Arlington" votes="9" />
                <Precinct name="Arlington" votes="42" />
            </VoteType>
            <VoteType name="Advance in Person" votes="474">
                <Precinct name="Leary" votes="100" />
                <Precinct name="Morgan" votes="145" />
                <Precinct name="Edison" votes="54" />
                <Precinct name="Edison-Arlington" votes="104" />
                <Precinct name="Arlington" votes="71" />
            </VoteType>
            <VoteType name="Provisional" votes="0">
                <Precinct name="Leary" votes="0" />
                <Precinct name="Morgan" votes="0" />
                <Precinct name="Edison" votes="0" />
                <Precinct name="Edison-Arlington" votes="0" />
                <Precinct name="Arlington" votes="0" />
            </VoteType>
        </Choice>
        <Choice key="20" text="NO" totalVotes="532">
            <VoteType name="Election Day" votes="341">
                <Precinct name="Leary" votes="87" />
                <Precinct name="Morgan" votes="59" />
                <Precinct name="Edison" votes="59" />
                <Precinct name="Edison-Arlington" votes="56" />
                <Precinct name="Arlington" votes="80" />
            </VoteType>
            <VoteType name="Absentee by Mail" votes="30">
                <Precinct name="Leary" votes="5" />
                <Precinct name="Morgan" votes="13" />
                <Precinct name="Edison" votes="2" />
                <Precinct name="Edison-Arlington" votes="2" />
                <Precinct name="Arlington" votes="8" />
            </VoteType>
            <VoteType name="Advance in Person" votes="160">
                <Precinct name="Leary" votes="26" />
                <Precinct name="Morgan" votes="54" />
                <Precinct name="Edison" votes="19" />
                <Precinct name="Edison-Arlington" votes="39" />
                <Precinct name="Arlington" votes="22" />
            </VoteType>
            <VoteType name="Provisional" votes="1">
                <Precinct name="Leary" votes="0" />
                <Precinct name="Morgan" votes="1" />
                <Precinct name="Edison" votes="0" />
                <Precinct name="Edison-Arlington" votes="0" />
                <Precinct name="Arlington" votes="0" />
            </VoteType>
        </Choice>
    </Contest>
</ElectionResult>