<?xml version="1.0"?>
<!--Election result snapshot imported from Tabulation System
-->
<ElectionResult>
    <Timestamp>11/15/2016 2:51:18 PM EST</Timestamp>
    <ElectionName>November 8, 2016 - General Election</ElectionName>
    <ElectionDate>11/8/2016</ElectionDate>
    <Region>Upson</Region>
    <VoterTurnout totalVoters="14058" ballotsCast="11032" voterTurnout="78.47">
        <Precincts>
            <Precinct name="REDBONE" totalVoters="6297" ballotsCast="5106" voterTurnout="81.09" percentReporting="4" />
            <Precinct name="YATESVILLE" totalVoters="1078" ballotsCast="888" voterTurnout="82.37" percentReporting="4" />
            <Precinct name="SALEM" totalVoters="339" ballotsCast="279" voterTurnout="82.30" percentReporting="4" />
            <Precinct name="TOWN" totalVoters="6344" ballotsCast="4759" voterTurnout="75.02" percentReporting="4" />
        </Precincts>
    </VoterTurnout>
    <Contest key="5" text="President of the United States" isQuestion="false" precinctsReporting="4" precinctsReported="4">
        <VoteType name="Number of Precincts for Race" votes="4">
            <Precinct name="REDBONE" votes="1" />
            <Precinct name="YATESVILLE" votes="1" />
            <Precinct name="SALEM" votes="1" />
            <Precinct name="TOWN" votes="1" />
        </VoteType>
        <VoteType name="Number of Precincts Reporting" votes="4">
            <Precinct name="REDBONE" votes="1" />
            <Precinct name="YATESVILLE" votes="1" />
            <Precinct name="SALEM" votes="1" />
            <Precinct name="TOWN" votes="1" />
        </VoteType>
        <Choice key="10" text="DONALD J. TRUMP" totalVotes="7292">
            <VoteType name="Election Day" votes="1719">
                <Precinct name="REDBONE" votes="830" />
                <Precinct name="YATESVILLE" votes="393" />
                <Precinct name="SALEM" votes="19" />
                <Precinct name="TOWN" votes="477" />
            </VoteType>
            <VoteType name="Absentee by Mail" votes="308">
                <Precinct name="REDBONE" votes="138" />
                <Precinct name="YATESVILLE" votes="14" />
                <Precinct name="SALEM" votes="3" />
                <Precinct name="TOWN" votes="153" />
            </VoteType>
            <VoteType name="Advance in Person" votes="5261">
                <Precinct name="REDBONE" votes="2988" />
                <Precinct name="YATESVILLE" votes="242" />
                <Precinct name="SALEM" votes="10" />
                <Precinct name="TOWN" votes="2021" />
            </VoteType>
            <VoteType name="Provisional" votes="4">
                <Precinct name="REDBONE" votes="0" />
                <Precinct name="YATESVILLE" votes="2" />
                <Precinct name="SALEM" votes="0" />
                <Precinct name="TOWN" votes="2" />
            </VoteType>
        </Choice>
        <Choice key="20" text="HILLARY CLINTON" totalVotes="3475">
            <VoteType name="Election Day" votes="1246">
                <Precinct name="REDBONE" votes="277" />
                <Precinct name="YATESVILLE" votes="126" />
                <Precinct name="SALEM" votes="163" />
                <Precinct name="TOWN" votes="680" />
            </VoteType>
            <VoteType name="Absentee by Mail" votes="147">
                <Precinct name="REDBONE" votes="50" />
                <Precinct name="YATESVILLE" votes="7" />
                <Precinct name="SALEM" votes="8" />
                <Precinct name="TOWN" votes="82" />
            </VoteType>
            <VoteType name="Advance in Person" votes="2079">
                <Precinct name="REDBONE" votes="707" />
                <Precinct name="YATESVILLE" votes="89" />
                <Precinct name="SALEM" votes="69" />
                <Precinct name="TOWN" votes="1214" />
            </VoteType>
            <VoteType name="Provisional" votes="3">
                <Precinct name="REDBONE" votes="1" />
                <Precinct name="YATESVILLE" votes="1" />
                <Precinct name="SALEM" votes="0" />
                <Precinct name="TOWN" votes="1" />
            </VoteType>
        </Choice>
        <Choice key="30" text="GARY JOHNSON" totalVotes="167">
            <VoteType name="Election Day" votes="71">
                <Precinct name="REDBONE" votes="21" />
                <Precinct name="YATESVILLE" votes="9" />
                <Precinct name="SALEM" votes="2" />
                <Precinct name="TOWN" votes="39" />
            </VoteType>
            <VoteType name="Absentee by Mail" votes="10">
                <Precinct name="REDBONE" votes="8" />
                <Precinct name="YATESVILLE" votes="1" />
                <Precinct name="SALEM" votes="0" />
                <Precinct name="TOWN" votes="1" />
            </VoteType>
            <VoteType name="Advance in Person" votes="86">
                <Precinct name="REDBONE" votes="42" />
                <Precinct name="YATESVILLE" votes="2" />
                <Precinct name="SALEM" votes="2" />
                <Precinct name="TOWN" votes="40" />
            </VoteType>
            <VoteType name="Provisional" votes="0">
                <Precinct name="REDBONE" votes="0" />
                <Precinct name="YATESVILLE" votes="0" />
                <Precinct name="SALEM" votes="0" />
                <Precinct name="TOWN" votes="0" />
            </VoteType>
        </Choice>
    </Contest>
    <Contest key="10" text="United States Senator, Isakson" isQuestion="false" precinctsReporting="4" precinctsReported="4">
        <VoteType name="Number of Precincts for Race" votes="4">
            <Precinct name="REDBONE" votes="1" />
            <Precinct name="YATESVILLE" votes="1" />
            <Precinct name="SALEM" votes="1" />
            <Precinct name="TOWN" votes="1" />
        </VoteType>
        <VoteType name="Number of Precincts Reporting" votes="4">
            <Precinct name="REDBONE" votes="1" />
            <Precinct name="YATESVILLE" votes="1" />
            <Precinct name="SALEM" votes="1" />
            <Precinct name="TOWN" votes="1" />
        </VoteType>
        <Choice key="10" text="JOHNNY ISAKSON (I)" totalVotes="7063">
            <VoteType name="Election Day" votes="1651">
                <Precinct name="REDBONE" votes="771" />
                <Precinct name="YATESVILLE" votes="372" />
                <Precinct name="SALEM" votes="27" />
                <Precinct name="TOWN" votes="481" />
            </VoteType>
            <VoteType name="Absentee by Mail" votes="318">
                <Precinct name="REDBONE" votes="144" />
                <Precinct name="YATESVILLE" votes="17" />
                <Precinct name="SALEM" votes="3" />
                <Precinct name="TOWN" votes="154" />
            </VoteType>
            <VoteType name="Advance in Person" votes="5091">
                <Precinct name="REDBONE" votes="2845" />
                <Precinct name="YATESVILLE" votes="223" />
                <Precinct name="SALEM" votes="13" />
                <Precinct name="TOWN" votes="2010" />
            </VoteType>
            <VoteType name="Provisional" votes="3">
                <Precinct name="REDBONE" votes="0" />
                <Precinct name="YATESVILLE" votes="1" />
                <Precinct name="SALEM" votes="0" />
                <Precinct name="TOWN" votes="2" />
            </VoteType>
        </Choice>
        <Choice key="20" text="JIM BARKSDALE" totalVotes="2911">
            <VoteType name="Election Day" votes="1092">
                <Precinct name="REDBONE" votes="255" />
                <Precinct name="YATESVILLE" votes="111" />
                <Precinct name="SALEM" votes="142" />
                <Precinct name="TOWN" votes="584" />
            </VoteType>
            <VoteType name="Absentee by Mail" votes="126">
                <Precinct name="REDBONE" votes="38" />
                <Precinct name="YATESVILLE" votes="5" />
                <Precinct name="SALEM" votes="8" />
                <Precinct name="TOWN" votes="75" />
            </VoteType>
            <VoteType name="Advance in Person" votes="1689">
                <Precinct name="REDBONE" votes="594" />
                <Precinct name="YATESVILLE" votes="72" />
                <Precinct name="SALEM" votes="60" />
                <Precinct name="TOWN" votes="963" />
            </VoteType>
            <VoteType name="Provisional" votes="4">
                <Precinct name="REDBONE" votes="1" />
                <Precinct name="YATESVILLE" votes="2" />
                <Precinct name="SALEM" votes="0" />
                <Precinct name="TOWN" votes="1" />
            </VoteType>
        </Choice>
        <Choice key="30" text="ALLEN BUCKLEY" totalVotes="308">
            <VoteType name="Election Day" votes="106">
                <Precinct name="REDBONE" votes="42" />
                <Precinct name="YATESVILLE" votes="16" />
                <Precinct name="SALEM" votes="2" />
                <Precinct name="TOWN" votes="46" />
            </VoteType>
            <VoteType name="Absentee by Mail" votes="13">
                <Precinct name="REDBONE" votes="10" />
                <Precinct name="YATESVILLE" votes="0" />
                <Precinct name="SALEM" votes="0" />
                <Precinct name="TOWN" votes="3" />
            </VoteType>
            <VoteType name="Advance in Person" votes="189">
                <Precinct name="REDBONE" votes="97" />
                <Precinct name="YATESVILLE" votes="10" />
                <Precinct name="SALEM" votes="0" />
                <Precinct name="TOWN" votes="82" />
            </VoteType>
            <VoteType name="Provisional" votes="0">
                <Precinct name="REDBONE" votes="0" />
                <Precinct name="YATESVILLE" votes="0" />
                <Precinct name="SALEM" votes="0" />
                <Precinct name="TOWN" votes="0" />
            </VoteType>
        </Choice>
    </Contest>
    <Contest key="30" text="Public Service Commission, District 2 - Eastern" isQuestion="false" precinctsReporting="4" precinctsReported="4">
        <VoteType name="Number of Precincts for Race" votes="4">
            <Precinct name="REDBONE" votes="1" />
            <Precinct name="YATESVILLE" votes="1" />
            <Precinct name="SALEM" votes="1" />
            <Precinct name="TOWN" votes="1" />
        </VoteType>
        <VoteType name="Number of Precincts Reporting" votes="4">
            <Precinct name="REDBONE" votes="1" />
            <Precinct name="YATESVILLE" votes="1" />
            <Precinct name="SALEM" votes="1" />
            <Precinct name="TOWN" votes="1" />
        </VoteType>
        <Choice key="10" text="TIM ECHOLS (I)" totalVotes="7491">
            <VoteType name="Election Day" votes="1852">
                <Precinct name="REDBONE" votes="822" />
                <Precinct name="YATESVILLE" votes="387" />
                <Precinct name="SALEM" votes="64" />
                <Precinct name="TOWN" votes="579" />
            </VoteType>
            <VoteType name="Absentee by Mail" votes="346">
                <Precinct name="REDBONE" votes="152" />
                <Precinct name="YATESVILLE" votes="15" />
                <Precinct name="SALEM" votes="3" />
                <Precinct name="TOWN" votes="176" />
            </VoteType>
            <VoteType name="Advance in Person" votes="5290">
                <Precinct name="REDBONE" votes="2899" />
                <Precinct name="YATESVILLE" votes="240" />
                <Precinct name="SALEM" votes="18" />
                <Precinct name="TOWN" votes="2133" />
            </VoteType>
            <VoteType name="Provisional" votes="3">
                <Precinct name="REDBONE" votes="0" />
                <Precinct name="YATESVILLE" votes="1" />
                <Precinct name="SALEM" votes="0" />
                <Precinct name="TOWN" votes="2" />
            </VoteType>
        </Choice>
        <Choice key="20" text="ERIC HOSKINS" totalVotes="2093">
            <VoteType name="Election Day" votes="792">
                <Precinct name="REDBONE" votes="219" />
                <Precinct name="YATESVILLE" votes="89" />
                <Precinct name="SALEM" votes="57" />
                <Precinct name="TOWN" votes="427" />
            </VoteType>
            <VoteType name="Absentee by Mail" votes="76">
                <Precinct name="REDBONE" votes="29" />
                <Precinct name="YATESVILLE" votes="3" />
                <Precinct name="SALEM" votes="5" />
                <Precinct name="TOWN" votes="39" />
            </VoteType>
            <VoteType name="Advance in Person" votes="1223">
                <Precinct name="REDBONE" votes="486" />
                <Precinct name="YATESVILLE" votes="57" />
                <Precinct name="SALEM" votes="38" />
                <Precinct name="TOWN" votes="642" />
            </VoteType>
            <VoteType name="Provisional" votes="2">
                <Precinct name="REDBONE" votes="1" />
                <Precinct name="YATESVILLE" votes="1" />
                <Precinct name="SALEM" votes="0" />
                <Precinct name="TOWN" votes="0" />
            </VoteType>
        </Choice>
    </Contest>
    <Contest key="50" text="U.S. Representative, District 3" isQuestion="false" precinctsReporting="4" precinctsReported="4">
        <VoteType name="Number of Precincts for Race" votes="4">
            <Precinct name="REDBONE" votes="1" />
            <Precinct name="YATESVILLE" votes="1" />
            <Precinct name="SALEM" votes="1" />
            <Precinct name="TOWN" votes="1" />
        </VoteType>
        <VoteType name="Number of Precincts Reporting" votes="4">
            <Precinct name="REDBONE" votes="1" />
            <Precinct name="YATESVILLE" votes="1" />
            <Precinct name="SALEM" votes="1" />
            <Precinct name="TOWN" votes="1" />
        </VoteType>
        <Choice key="10" text="DREW FERGUSON" totalVotes="7224">
            <VoteType name="Election Day" votes="1755">
                <Precinct name="REDBONE" votes="818" />
                <Precinct name="YATESVILLE" votes="391" />
                <Precinct name="SALEM" votes="26" />
                <Precinct name="TOWN" votes="520" />
            </VoteType>
            <VoteType name="Absentee by Mail" votes="314">
                <Precinct name="REDBONE" votes="140" />
                <Precinct name="YATESVILLE" votes="15" />
                <Precinct name="SALEM" votes="3" />
                <Precinct name="TOWN" votes="156" />
            </VoteType>
            <VoteType name="Advance in Person" votes="5152">
                <Precinct name="REDBONE" votes="2898" />
                <Precinct name="YATESVILLE" votes="233" />
                <Precinct name="SALEM" votes="14" />
                <Precinct name="TOWN" votes="2007" />
            </VoteType>
            <VoteType name="Provisional" votes="3">
                <Precinct name="REDBONE" votes="0" />
                <Precinct name="YATESVILLE" votes="1" />
                <Precinct name="SALEM" votes="0" />
                <Precinct name="TOWN" votes="2" />
            </VoteType>
        </Choice>
        <Choice key="20" text="ANGELA PENDLEY" totalVotes="3206">
            <VoteType name="Election Day" votes="1147">
                <Precinct name="REDBONE" votes="266" />
                <Precinct name="YATESVILLE" votes="114" />
                <Precinct name="SALEM" votes="142" />
                <Precinct name="TOWN" votes="625" />
            </VoteType>
            <VoteType name="Absentee by Mail" votes="139">
                <Precinct name="REDBONE" votes="49" />
                <Precinct name="YATESVILLE" votes="7" />
                <Precinct name="SALEM" votes="8" />
                <Precinct name="TOWN" votes="75" />
            </VoteType>
            <VoteType name="Advance in Person" votes="1916">
                <Precinct name="REDBONE" votes="670" />
                <Precinct name="YATESVILLE" votes="84" />
                <Precinct name="SALEM" votes="60" />
                <Precinct name="TOWN" votes="1102" />
            </VoteType>
            <VoteType name="Provisional" votes="4">
                <Precinct name="REDBONE" votes="1" />
                <Precinct name="YATESVILLE" votes="2" />
                <Precinct name="SALEM" votes="0" />
                <Precinct name="TOWN" votes="1" />
            </VoteType>
        </Choice>
    </Contest>
    <Contest key="70" text="State Senator, District 18" isQuestion="false" precinctsReporting="4" precinctsReported="4">
        <VoteType name="Number of Precincts for Race" votes="4">
            <Precinct name="REDBONE" votes="1" />
            <Precinct name="YATESVILLE" votes="1" />
            <Precinct name="SALEM" votes="1" />
            <Precinct name="TOWN" votes="1" />
        </VoteType>
        <VoteType name="Number of Precincts Reporting" votes="4">
            <Precinct name="REDBONE" votes="1" />
            <Precinct name="YATESVILLE" votes="1" />
            <Precinct name="SALEM" votes="1" />
            <Precinct name="TOWN" votes="1" />
        </VoteType>
        <Choice key="10" text="JOHN F. KENNEDY (I)" totalVotes="8832">
            <VoteType name="Election Day" votes="2406">
                <Precinct name="REDBONE" votes="983" />
                <Precinct name="YATESVILLE" votes="440" />
                <Precinct name="SALEM" votes="96" />
                <Precinct name="TOWN" votes="887" />
            </VoteType>
            <VoteType name="Absentee by Mail" votes="379">
                <Precinct name="REDBONE" votes="164" />
                <Precinct name="YATESVILLE" votes="18" />
                <Precinct name="SALEM" votes="5" />
                <Precinct name="TOWN" votes="192" />
            </VoteType>
            <VoteType name="Advance in Person" votes="6043">
                <Precinct name="REDBONE" votes="3220" />
                <Precinct name="YATESVILLE" votes="275" />
                <Precinct name="SALEM" votes="48" />
                <Precinct name="TOWN" votes="2500" />
            </VoteType>
            <VoteType name="Provisional" votes="4">
                <Precinct name="REDBONE" votes="0" />
                <Precinct name="YATESVILLE" votes="2" />
                <Precinct name="SALEM" votes="0" />
                <Precinct name="TOWN" votes="2" />
            </VoteType>
        </Choice>
    </Contest>
    <Contest key="90" text="State Representative, District 131" isQuestion="false" precinctsReporting="4" precinctsReported="4">
        <VoteType name="Number of Precincts for Race" votes="4">
            <Precinct name="REDBONE" votes="1" />
            <Precinct name="YATESVILLE" votes="1" />
            <Precinct name="SALEM" votes="1" />
            <Precinct name="TOWN" votes="1" />
        </VoteType>
        <VoteType name="Number of Precincts Reporting" votes="4">
            <Precinct name="REDBONE" votes="1" />
            <Precinct name="YATESVILLE" votes="1" />
            <Precinct name="SALEM" votes="1" />
            <Precinct name="TOWN" votes="1" />
        </VoteType>
        <Choice key="10" text="JOHNNIE CALDWELL (I)" totalVotes="8528">
            <VoteType name="Election Day" votes="2352">
                <Precinct name="REDBONE" votes="971" />
                <Precinct name="YATESVILLE" votes="432" />
                <Precinct name="SALEM" votes="85" />
                <Precinct name="TOWN" votes="864" />
            </VoteType>
            <VoteType name="Absentee by Mail" votes="353">
                <Precinct name="REDBONE" votes="150" />
                <Precinct name="YATESVILLE" votes="17" />
                <Precinct name="SALEM" votes="7" />
                <Precinct name="TOWN" votes="179" />
            </VoteType>
            <VoteType name="Advance in Person" votes="5819">
                <Precinct name="REDBONE" votes="3067" />
                <Precinct name="YATESVILLE" votes="269" />
                <Precinct name="SALEM" votes="50" />
                <Precinct name="TOWN" votes="2433" />
            </VoteType>
            <VoteType name="Provisional" votes="4">
                <Precinct name="REDBONE" votes="0" />
                <Precinct name="YATESVILLE" votes="2" />
                <Precinct name="SALEM" votes="0" />
                <Precinct name="TOWN" votes="2" />
            </VoteType>
        </Choice>
    </Contest>
    <Contest key="110" text="District Attorney, Griffin Circuit" isQuestion="false" precinctsReporting="4" precinctsReported="4">
        <VoteType name="Number of Precincts for Race" votes="4">
            <Precinct name="REDBONE" votes="1" />
            <Precinct name="YATESVILLE" votes="1" />
            <Precinct name="SALEM" votes="1" />
            <Precinct name="TOWN" votes="1" />
        </VoteType>
        <VoteType name="Number of Precincts Reporting" votes="4">
            <Precinct name="REDBONE" votes="1" />
            <Precinct name="YATESVILLE" votes="1" />
            <Precinct name="SALEM" votes="1" />
            <Precinct name="TOWN" votes="1" />
        </VoteType>
        <Choice key="10" text="BEN COKER" totalVotes="9135">
            <VoteType name="Election Day" votes="2461">
                <Precinct name="REDBONE" votes="1006" />
                <Precinct name="YATESVILLE" votes="451" />
                <Precinct name="SALEM" votes="93" />
                <Precinct name="TOWN" votes="911" />
            </VoteType>
            <VoteType name="Absentee by Mail" votes="387">
                <Precinct name="REDBONE" votes="160" />
                <Precinct name="YATESVILLE" votes="20" />
                <Precinct name="SALEM" votes="7" />
                <Precinct name="TOWN" votes="200" />
            </VoteType>
            <VoteType name="Advance in Person" votes="6283">
                <Precinct name="REDBONE" votes="3310" />
                <Precinct name="YATESVILLE" votes="286" />
                <Precinct name="SALEM" votes="52" />
                <Precinct name="TOWN" votes="2635" />
            </VoteType>
            <VoteType name="Provisional" votes="4">
                <Precinct name="REDBONE" votes="0" />
                <Precinct name="YATESVILLE" votes="2" />
                <Precinct name="SALEM" votes="0" />
                <Precinct name="TOWN" votes="2" />
            </VoteType>
        </Choice>
    </Contest>
    <Contest key="130" text="CLERK SUPERIOR" isQuestion="false" precinctsReporting="4" precinctsReported="4">
        <VoteType name="Number of Precincts for Race" votes="4">
            <Precinct name="REDBONE" votes="1" />
            <Precinct name="YATESVILLE" votes="1" />
            <Precinct name="SALEM" votes="1" />
            <Precinct name="TOWN" votes="1" />
        </VoteType>
        <VoteType name="Number of Precincts Reporting" votes="4">
            <Precinct name="REDBONE" votes="1" />
            <Precinct name="YATESVILLE" votes="1" />
            <Precinct name="SALEM" votes="1" />
            <Precinct name="TOWN" votes="1" />
        </VoteType>
        <Choice key="10" text="T. S. HARPER (I) R" totalVotes="9312">
            <VoteType name="Election Day" votes="2533">
                <Precinct name="REDBONE" votes="1020" />
                <Precinct name="YATESVILLE" votes="460" />
                <Precinct name="SALEM" votes="105" />
                <Precinct name="TOWN" votes="948" />
            </VoteType>
            <VoteType name="Absentee by Mail" votes="388">
                <Precinct name="REDBONE" votes="165" />
                <Precinct name="YATESVILLE" votes="18" />
                <Precinct name="SALEM" votes="6" />
                <Precinct name="TOWN" votes="199" />
            </VoteType>
            <VoteType name="Advance in Person" votes="6385">
                <Precinct name="REDBONE" votes="3342" />
                <Precinct name="YATESVILLE" votes="292" />
                <Precinct name="SALEM" votes="59" />
                <Precinct name="TOWN" votes="2692" />
            </VoteType>
            <VoteType name="Provisional" votes="6">
                <Precinct name="REDBONE" votes="1" />
                <Precinct name="YATESVILLE" votes="2" />
                <Precinct name="SALEM" votes="0" />
                <Precinct name="TOWN" votes="3" />
            </VoteType>
        </Choice>
    </Contest>
    <Contest key="150" text="SHERIFF" isQuestion="false" precinctsReporting="4" precinctsReported="4">
        <VoteType name="Number of Precincts for Race" votes="4">
            <Precinct name="REDBONE" votes="1" />
            <Precinct name="YATESVILLE" votes="1" />
            <Precinct name="SALEM" votes="1" />
            <Precinct name="TOWN" votes="1" />
        </VoteType>
        <VoteType name="Number of Precincts Reporting" votes="4">
            <Precinct name="REDBONE" votes="1" />
            <Precinct name="YATESVILLE" votes="1" />
            <Precinct name="SALEM" votes="1" />
            <Precinct name="TOWN" votes="1" />
        </VoteType>
        <Choice key="10" text="D. KILGORE (I) R" totalVotes="9346">
            <VoteType name="Election Day" votes="2515">
                <Precinct name="REDBONE" votes="1014" />
                <Precinct name="YATESVILLE" votes="460" />
                <Precinct name="SALEM" votes="111" />
                <Precinct name="TOWN" votes="930" />
            </VoteType>
            <VoteType name="Absentee by Mail" votes="389">
                <Precinct name="REDBONE" votes="166" />
                <Precinct name="YATESVILLE" votes="20" />
                <Precinct name="SALEM" votes="6" />
                <Precinct name="TOWN" votes="197" />
            </VoteType>
            <VoteType name="Advance in Person" votes="6437">
                <Precinct name="REDBONE" votes="3367" />
                <Precinct name="YATESVILLE" votes="297" />
                <Precinct name="SALEM" votes="58" />
                <Precinct name="TOWN" votes="2715" />
            </VoteType>
            <VoteType name="Provisional" votes="5">
                <Precinct name="REDBONE" votes="0" />
                <Precinct name="YATESVILLE" votes="2" />
                <Precinct name="SALEM" votes="0" />
                <Precinct name="TOWN" votes="3" />
            </VoteType>
        </Choice>
    </Contest>
    <Contest key="170" text="TAX COMMISSIONER" isQuestion="false" precinctsReporting="4" precinctsReported="4">
        <VoteType name="Number of Precincts for Race" votes="4">
            <Precinct name="REDBONE" votes="1" />
            <Precinct name="YATESVILLE" votes="1" />
            <Precinct name="SALEM" votes="1" />
            <Precinct name="TOWN" votes="1" />
        </VoteType>
        <VoteType name="Number of Precincts Reporting" votes="4">
            <Precinct name="REDBONE" votes="1" />
            <Precinct name="YATESVILLE" votes="1" />
            <Precinct name="SALEM" votes="1" />
            <Precinct name="TOWN" votes="1" />
        </VoteType>
        <Choice key="10" text="D. CHASTAIN (R)" totalVotes="8977">
            <VoteType name="Election Day" votes="2433">
                <Precinct name="REDBONE" votes="990" />
                <Precinct name="YATESVILLE" votes="452" />
                <Precinct name="SALEM" votes="93" />
                <Precinct name="TOWN" votes="898" />
            </VoteType>
            <VoteType name="Absentee by Mail" votes="371">
                <Precinct name="REDBONE" votes="155" />
                <Precinct name="YATESVILLE" votes="19" />
                <Precinct name="SALEM" votes="6" />
                <Precinct name="TOWN" votes="191" />
            </VoteType>
            <VoteType name="Advance in Person" votes="6169">
                <Precinct name="REDBONE" votes="3251" />
                <Precinct name="YATESVILLE" votes="280" />
                <Precinct name="SALEM" votes="52" />
                <Precinct name="TOWN" votes="2586" />
            </VoteType>
            <VoteType name="Provisional" votes="4">
                <Precinct name="REDBONE" votes="0" />
                <Precinct name="YATESVILLE" votes="2" />
                <Precinct name="SALEM" votes="0" />
                <Precinct name="TOWN" votes="2" />
            </VoteType>
        </Choice>
    </Contest>
    <Contest key="190" text="CORONER" isQuestion="false" precinctsReporting="4" precinctsReported="4">
        <VoteType name="Number of Precincts for Race" votes="4">
            <Precinct name="REDBONE" votes="1" />
            <Precinct name="YATESVILLE" votes="1" />
            <Precinct name="SALEM" votes="1" />
            <Precinct name="TOWN" votes="1" />
        </VoteType>
        <VoteType name="Number of Precincts Reporting" votes="4">
            <Precinct name="REDBONE" votes="1" />
            <Precinct name="YATESVILLE" votes="1" />
            <Precinct name="SALEM" votes="1" />
            <Precinct name="TOWN" votes="1" />
        </VoteType>
        <Choice key="10" text="J. M. GEORGE (I) R" totalVotes="9028">
            <VoteType name="Election Day" votes="2423">
                <Precinct name="REDBONE" votes="986" />
                <Precinct name="YATESVILLE" votes="443" />
                <Precinct name="SALEM" votes="92" />
                <Precinct name="TOWN" votes="902" />
            </VoteType>
            <VoteType name="Absentee by Mail" votes="384">
                <Precinct name="REDBONE" votes="160" />
                <Precinct name="YATESVILLE" votes="18" />
                <Precinct name="SALEM" votes="6" />
                <Precinct name="TOWN" votes="200" />
            </VoteType>
            <VoteType name="Advance in Person" votes="6217">
                <Precinct name="REDBONE" votes="3282" />
                <Precinct name="YATESVILLE" votes="283" />
                <Precinct name="SALEM" votes="51" />
                <Precinct name="TOWN" votes="2601" />
            </VoteType>
            <VoteType name="Provisional" votes="4">
                <Precinct name="REDBONE" votes="0" />
                <Precinct name="YATESVILLE" votes="2" />
                <Precinct name="SALEM" votes="0" />
                <Precinct name="TOWN" votes="2" />
            </VoteType>
        </Choice>
    </Contest>
    <Contest key="210" text="CHAIR COMMISSIONER" isQuestion="false" precinctsReporting="4" precinctsReported="4">
        <VoteType name="Number of Precincts for Race" votes="4">
            <Precinct name="REDBONE" votes="1" />
            <Precinct name="YATESVILLE" votes="1" />
            <Precinct name="SALEM" votes="1" />
            <Precinct name="TOWN" votes="1" />
        </VoteType>
        <VoteType name="Number of Precincts Reporting" votes="4">
            <Precinct name="REDBONE" votes="1" />
            <Precinct name="YATESVILLE" votes="1" />
            <Precinct name="SALEM" votes="1" />
            <Precinct name="TOWN" votes="1" />
        </VoteType>
        <Choice key="10" text="N. ALLEN (R)" totalVotes="8836">
            <VoteType name="Election Day" votes="2388">
                <Precinct name="REDBONE" votes="976" />
                <Precinct name="YATESVILLE" votes="440" />
                <Precinct name="SALEM" votes="90" />
                <Precinct name="TOWN" votes="882" />
            </VoteType>
            <VoteType name="Absentee by Mail" votes="381">
                <Precinct name="REDBONE" votes="160" />
                <Precinct name="YATESVILLE" votes="18" />
                <Precinct name="SALEM" votes="6" />
                <Precinct name="TOWN" votes="197" />
            </VoteType>
            <VoteType name="Advance in Person" votes="6063">
                <Precinct name="REDBONE" votes="3218" />
                <Precinct name="YATESVILLE" votes="276" />
                <Precinct name="SALEM" votes="43" />
                <Precinct name="TOWN" votes="2526" />
            </VoteType>
            <VoteType name="Provisional" votes="4">
                <Precinct name="REDBONE" votes="0" />
                <Precinct name="YATESVILLE" votes="2" />
                <Precinct name="SALEM" votes="0" />
                <Precinct name="TOWN" votes="2" />
            </VoteType>
        </Choice>
    </Contest>
    <Contest key="240" text="CC D1" isQuestion="false" precinctsReporting="3" precinctsReported="3">
        <VoteType name="Number of Precincts for Race" votes="3">
            <Precinct name="YATESVILLE" votes="1" />
            <Precinct name="SALEM" votes="1" />
            <Precinct name="TOWN" votes="1" />
        </VoteType>
        <VoteType name="Number of Precincts Reporting" votes="3">
            <Precinct name="YATESVILLE" votes="1" />
            <Precinct name="SALEM" votes="1" />
            <Precinct name="TOWN" votes="1" />
        </VoteType>
        <Choice key="10" text="L. WILDER (I) D" totalVotes="2091">
            <VoteType name="Election Day" votes="798">
                <Precinct name="YATESVILLE" votes="126" />
                <Precinct name="SALEM" votes="168" />
                <Precinct name="TOWN" votes="504" />
            </VoteType>
            <VoteType name="Absentee by Mail" votes="80">
                <Precinct name="YATESVILLE" votes="2" />
                <Precinct name="SALEM" votes="9" />
                <Precinct name="TOWN" votes="69" />
            </VoteType>
            <VoteType name="Advance in Person" votes="1211">
                <Precinct name="YATESVILLE" votes="131" />
                <Precinct name="SALEM" votes="69" />
                <Precinct name="TOWN" votes="1011" />
            </VoteType>
            <VoteType name="Provisional" votes="2">
                <Precinct name="YATESVILLE" votes="1" />
                <Precinct name="SALEM" votes="0" />
                <Precinct name="TOWN" votes="1" />
            </VoteType>
        </Choice>
    </Contest>
    <Contest key="250" text="CC D2" isQuestion="false" precinctsReporting="2" precinctsReported="2">
        <VoteType name="Number of Precincts for Race" votes="2">
            <Precinct name="REDBONE" votes="1" />
            <Precinct name="TOWN" votes="1" />
        </VoteType>
        <VoteType name="Number of Precincts Reporting" votes="2">
            <Precinct name="REDBONE" votes="1" />
            <Precinct name="TOWN" votes="1" />
        </VoteType>
        <Choice key="10" text="J. G. ELLINGTON (R)" totalVotes="2806">
            <VoteType name="Election Day" votes="622">
                <Precinct name="REDBONE" votes="449" />
                <Precinct name="TOWN" votes="173" />
            </VoteType>
            <VoteType name="Absentee by Mail" votes="133">
                <Precinct name="REDBONE" votes="77" />
                <Precinct name="TOWN" votes="56" />
            </VoteType>
            <VoteType name="Advance in Person" votes="2051">
                <Precinct name="REDBONE" votes="1337" />
                <Precinct name="TOWN" votes="714" />
            </VoteType>
            <VoteType name="Provisional" votes="0">
                <Precinct name="REDBONE" votes="0" />
                <Precinct name="TOWN" votes="0" />
            </VoteType>
        </Choice>
    </Contest>
    <Contest key="260" text="SOIL AND WATER" isQuestion="false" precinctsReporting="4" precinctsReported="4">
        <VoteType name="Number of Precincts for Race" votes="4">
            <Precinct name="REDBONE" votes="1" />
            <Precinct name="YATESVILLE" votes="1" />
            <Precinct name="SALEM" votes="1" />
            <Precinct name="TOWN" votes="1" />
        </VoteType>
        <VoteType name="Number of Precincts Reporting" votes="4">
            <Precinct name="REDBONE" votes="1" />
            <Precinct name="YATESVILLE" votes="1" />
            <Precinct name="SALEM" votes="1" />
            <Precinct name="TOWN" votes="1" />
        </VoteType>
        <Choice key="10" text="S. L. BEACH (I)" totalVotes="8711">
            <VoteType name="Election Day" votes="2414">
                <Precinct name="REDBONE" votes="966" />
                <Precinct name="YATESVILLE" votes="422" />
                <Precinct name="SALEM" votes="112" />
                <Precinct name="TOWN" votes="914" />
            </VoteType>
            <VoteType name="Absentee by Mail" votes="364">
                <Precinct name="REDBONE" votes="148" />
                <Precinct name="YATESVILLE" votes="18" />
                <Precinct name="SALEM" votes="7" />
                <Precinct name="TOWN" votes="191" />
            </VoteType>
            <VoteType name="Advance in Person" votes="5928">
                <Precinct name="REDBONE" votes="3101" />
                <Precinct name="YATESVILLE" votes="264" />
                <Precinct name="SALEM" votes="57" />
                <Precinct name="TOWN" votes="2506" />
            </VoteType>
            <VoteType name="Provisional" votes="5">
                <Precinct name="REDBONE" votes="1" />
                <Precinct name="YATESVILLE" votes="2" />
                <Precinct name="SALEM" votes="0" />
                <Precinct name="TOWN" votes="2" />
            </VoteType>
        </Choice>
    </Contest>
    <Contest key="270" text="Constitutional Amendment #1&lt;br&gt;Provides greater flexibility and state accountability to fix failing schools through increasing community involvement." isQuestion="false" precinctsReporting="4" precinctsReported="4">
        <VoteType name="Number of Precincts for Race" votes="4">
            <Precinct name="REDBONE" votes="1" />
            <Precinct name="YATESVILLE" votes="1" />
            <Precinct name="SALEM" votes="1" />
            <Precinct name="TOWN" votes="1" />
        </VoteType>
        <VoteType name="Number of Precincts Reporting" votes="4">
            <Precinct name="REDBONE" votes="1" />
            <Precinct name="YATESVILLE" votes="1" />
            <Precinct name="SALEM" votes="1" />
            <Precinct name="TOWN" votes="1" />
        </VoteType>
        <Choice key="10" text="YES" totalVotes="4009">
            <VoteType name="Election Day" votes="1174">
                <Precinct name="REDBONE" votes="451" />
                <Precinct name="YATESVILLE" votes="162" />
                <Precinct name="SALEM" votes="44" />
                <Precinct name="TOWN" votes="517" />
            </VoteType>
            <VoteType name="Absentee by Mail" votes="182">
                <Precinct name="REDBONE" votes="74" />
                <Precinct name="YATESVILLE" votes="10" />
                <Precinct name="SALEM" votes="3" />
                <Precinct name="TOWN" votes="95" />
            </VoteType>
            <VoteType name="Advance in Person" votes="2653">
                <Precinct name="REDBONE" votes="1248" />
                <Precinct name="YATESVILLE" votes="109" />
                <Precinct name="SALEM" votes="26" />
                <Precinct name="TOWN" votes="1270" />
            </VoteType>
            <VoteType name="Provisional" votes="0">
                <Precinct name="REDBONE" votes="0" />
                <Precinct name="YATESVILLE" votes="0" />
                <Precinct name="SALEM" votes="0" />
                <Precinct name="TOWN" votes="0" />
            </VoteType>
        </Choice>
        <Choice key="20" text="NO" totalVotes="6648">
            <VoteType name="Election Day" votes="1784">
                <Precinct name="REDBONE" votes="656" />
                <Precinct name="YATESVILLE" votes="355" />
                <Precinct name="SALEM" votes="133" />
                <Precinct name="TOWN" votes="640" />
            </VoteType>
            <VoteType name="Absentee by Mail" votes="260">
                <Precinct name="REDBONE" votes="112" />
                <Precinct name="YATESVILLE" votes="11" />
                <Precinct name="SALEM" votes="7" />
                <Precinct name="TOWN" votes="130" />
            </VoteType>
            <VoteType name="Advance in Person" votes="4597">
                <Precinct name="REDBONE" votes="2399" />
                <Precinct name="YATESVILLE" votes="212" />
                <Precinct name="SALEM" votes="52" />
                <Precinct name="TOWN" votes="1934" />
            </VoteType>
            <VoteType name="Provisional" votes="7">
                <Precinct name="REDBONE" votes="1" />
                <Precinct name="YATESVILLE" votes="3" />
                <Precinct name="SALEM" votes="0" />
                <Precinct name="TOWN" votes="3" />
            </VoteType>
        </Choice>
    </Contest>
    <Contest key="280" text="Constitutional Amendment #2&lt;br&gt;Authorizes penalties for sexual exploitation and assessments on adult entertainment to fund child victims' services." isQuestion="false" precinctsReporting="4" precinctsReported="4">
        <VoteType name="Number of Precincts for Race" votes="4">
            <Precinct name="REDBONE" votes="1" />
            <Precinct name="YATESVILLE" votes="1" />
            <Precinct name="SALEM" votes="1" />
            <Precinct name="TOWN" votes="1" />
        </VoteType>
        <VoteType name="Number of Precincts Reporting" votes="4">
            <Precinct name="REDBONE" votes="1" />
            <Precinct name="YATESVILLE" votes="1" />
            <Precinct name="SALEM" votes="1" />
            <Precinct name="TOWN" votes="1" />
        </VoteType>
        <Choice key="10" text="YES" totalVotes="8560">
            <VoteType name="Election Day" votes="2357">
                <Precinct name="REDBONE" votes="945" />
                <Precinct name="YATESVILLE" votes="409" />
                <Precinct name="SALEM" votes="121" />
                <Precinct name="TOWN" votes="882" />
            </VoteType>
            <VoteType name="Absentee by Mail" votes="395">
                <Precinct name="REDBONE" votes="167" />
                <Precinct name="YATESVILLE" votes="19" />
                <Precinct name="SALEM" votes="11" />
                <Precinct name="TOWN" votes="198" />
            </VoteType>
            <VoteType name="Advance in Person" votes="5803">
                <Precinct name="REDBONE" votes="2998" />
                <Precinct name="YATESVILLE" votes="244" />
                <Precinct name="SALEM" votes="55" />
                <Precinct name="TOWN" votes="2506" />
            </VoteType>
            <VoteType name="Provisional" votes="5">
                <Precinct name="REDBONE" votes="0" />
                <Precinct name="YATESVILLE" votes="3" />
                <Precinct name="SALEM" votes="0" />
                <Precinct name="TOWN" votes="2" />
            </VoteType>
        </Choice>
        <Choice key="20" text="NO" totalVotes="1866">
            <VoteType name="Election Day" votes="544">
                <Precinct name="REDBONE" votes="154" />
                <Precinct name="YATESVILLE" votes="96" />
                <Precinct name="SALEM" votes="53" />
                <Precinct name="TOWN" votes="241" />
            </VoteType>
            <VoteType name="Absentee by Mail" votes="52">
                <Precinct name="REDBONE" votes="21" />
                <Precinct name="YATESVILLE" votes="2" />
                <Precinct name="SALEM" votes="0" />
                <Precinct name="TOWN" votes="29" />
            </VoteType>
            <VoteType name="Advance in Person" votes="1268">
                <Precinct name="REDBONE" votes="584" />
                <Precinct name="YATESVILLE" votes="69" />
                <Precinct name="SALEM" votes="16" />
                <Precinct name="TOWN" votes="599" />
            </VoteType>
            <VoteType name="Provisional" votes="2">
                <Precinct name="REDBONE" votes="1" />
                <Precinct name="YATESVILLE" votes="0" />
                <Precinct name="SALEM" votes="0" />
                <Precinct name="TOWN" votes="1" />
            </VoteType>
        </Choice>
    </Contest>
    <Contest key="290" text="Constitutional Amendment #3&lt;br&gt;Reforms and re-establishes the Judicial Qualifications Commission and provides for its composition, governance, and powers." isQuestion="false" precinctsReporting="4" precinctsReported="4">
        <VoteType name="Number of Precincts for Race" votes="4">
            <Precinct name="REDBONE" votes="1" />
            <Precinct name="YATESVILLE" votes="1" />
            <Precinct name="SALEM" votes="1" />
            <Precinct name="TOWN" votes="1" />
        </VoteType>
        <VoteType name="Number of Precincts Reporting" votes="4">
            <Precinct name="REDBONE" votes="1" />
            <Precinct name="YATESVILLE" votes="1" />
            <Precinct name="SALEM" votes="1" />
            <Precinct name="TOWN" votes="1" />
        </VoteType>
        <Choice key="10" text="YES" totalVotes="5793">
            <VoteType name="Election Day" votes="1681">
                <Precinct name="REDBONE" votes="657" />
                <Precinct name="YATESVILLE" votes="272" />
                <Precinct name="SALEM" votes="76" />
                <Precinct name="TOWN" votes="676" />
            </VoteType>
            <VoteType name="Absentee by Mail" votes="268">
                <Precinct name="REDBONE" votes="117" />
                <Precinct name="YATESVILLE" votes="15" />
                <Precinct name="SALEM" votes="7" />
                <Precinct name="TOWN" votes="129" />
            </VoteType>
            <VoteType name="Advance in Person" votes="3842">
                <Precinct name="REDBONE" votes="1958" />
                <Precinct name="YATESVILLE" votes="148" />
                <Precinct name="SALEM" votes="34" />
                <Precinct name="TOWN" votes="1702" />
            </VoteType>
            <VoteType name="Provisional" votes="2">
                <Precinct name="REDBONE" votes="0" />
                <Precinct name="YATESVILLE" votes="1" />
                <Precinct name="SALEM" votes="0" />
                <Precinct name="TOWN" votes="1" />
            </VoteType>
        </Choice>
        <Choice key="20" text="NO" totalVotes="4165">
            <VoteType name="Election Day" votes="1106">
                <Precinct name="REDBONE" votes="402" />
                <Precinct name="YATESVILLE" votes="208" />
                <Precinct name="SALEM" votes="94" />
                <Precinct name="TOWN" votes="402" />
            </VoteType>
            <VoteType name="Absentee by Mail" votes="150">
                <Precinct name="REDBONE" votes="64" />
                <Precinct name="YATESVILLE" votes="4" />
                <Precinct name="SALEM" votes="1" />
                <Precinct name="TOWN" votes="81" />
            </VoteType>
            <VoteType name="Advance in Person" votes="2904">
                <Precinct name="REDBONE" votes="1461" />
                <Precinct name="YATESVILLE" votes="144" />
                <Precinct name="SALEM" votes="40" />
                <Precinct name="TOWN" votes="1259" />
            </VoteType>
            <VoteType name="Provisional" votes="5">
                <Precinct name="REDBONE" votes="1" />
                <Precinct name="YATESVILLE" votes="2" />
                <Precinct name="SALEM" votes="0" />
                <Precinct name="TOWN" votes="2" />
            </VoteType>
        </Choice>
    </Contest>
    <Contest key="300" text="Constitutional Amendment #4&lt;br&gt;Dedicates revenue from existing taxes on fireworks to trauma care, fire services, and public safety." isQuestion="false" precinctsReporting="4" precinctsReported="4">
        <VoteType name="Number of Precincts for Race" votes="4">
            <Precinct name="REDBONE" votes="1" />
            <Precinct name="YATESVILLE" votes="1" />
            <Precinct name="SALEM" votes="1" />
            <Precinct name="TOWN" votes="1" />
        </VoteType>
        <VoteType name="Number of Precincts Reporting" votes="4">
            <Precinct name="REDBONE" votes="1" />
            <Precinct name="YATESVILLE" votes="1" />
            <Precinct name="SALEM" votes="1" />
            <Precinct name="TOWN" votes="1" />
        </VoteType>
        <Choice key="10" text="YES" totalVotes="7986">
            <VoteType name="Election Day" votes="2177">
                <Precinct name="REDBONE" votes="871" />
                <Precinct name="YATESVILLE" votes="373" />
                <Precinct name="SALEM" votes="106" />
                <Precinct name="TOWN" votes="827" />
            </VoteType>
            <VoteType name="Absentee by Mail" votes="378">
                <Precinct name="REDBONE" votes="156" />
                <Precinct name="YATESVILLE" votes="18" />
                <Precinct name="SALEM" votes="9" />
                <Precinct name="TOWN" votes="195" />
            </VoteType>
            <VoteType name="Advance in Person" votes="5426">
                <Precinct name="REDBONE" votes="2777" />
                <Precinct name="YATESVILLE" votes="233" />
                <Precinct name="SALEM" votes="56" />
                <Precinct name="TOWN" votes="2360" />
            </VoteType>
            <VoteType name="Provisional" votes="5">
                <Precinct name="REDBONE" votes="0" />
                <Precinct name="YATESVILLE" votes="2" />
                <Precinct name="SALEM" votes="0" />
                <Precinct name="TOWN" votes="3" />
            </VoteType>
        </Choice>
        <Choice key="20" text="NO" totalVotes="2319">
            <VoteType name="Election Day" votes="677">
                <Precinct name="REDBONE" votes="212" />
                <Precinct name="YATESVILLE" votes="121" />
                <Precinct name="SALEM" votes="68" />
                <Precinct name="TOWN" votes="276" />
            </VoteType>
            <VoteType name="Absentee by Mail" votes="65">
                <Precinct name="REDBONE" votes="28" />
                <Precinct name="YATESVILLE" votes="4" />
                <Precinct name="SALEM" votes="1" />
                <Precinct name="TOWN" votes="32" />
            </VoteType>
            <VoteType name="Advance in Person" votes="1575">
                <Precinct name="REDBONE" votes="771" />
                <Precinct name="YATESVILLE" votes="78" />
                <Precinct name="SALEM" votes="18" />
                <Precinct name="TOWN" votes="708" />
            </VoteType>
            <VoteType name="Provisional" votes="2">
                <Precinct name="REDBONE" votes="1" />
                <Precinct name="YATESVILLE" votes="1" />
                <Precinct name="SALEM" votes="0" />
                <Precinct name="TOWN" votes="0" />
            </VoteType>
        </Choice>
    </Contest>
</ElectionResult>