"line number","contest name","choice name","party name","total votes","percent of votes","registered voters","ballots cast","num Precinct total","num Precinct rptg","over votes","under votes"
1,"President of the United States","DONALD J. TRUMP","",9588,68.90,18897,14083,6,6,"0","0"
2,"President of the United States","HILLARY CLINTON","",4094,29.42,18897,14083,6,6,"0","0"
3,"President of the United States","GARY JOHNSON","",233,1.67,18897,14083,6,6,"0","0"
4,"United States Senator, Isakson","JOHNNY ISAKSON (I)","",8883,69.74,18897,14083,6,6,"0","0"
5,"United States Senator, Isakson","JIM BARKSDALE","",3494,27.43,18897,14083,6,6,"0","0"
6,"United States Senator, Isakson","ALLEN BUCKLEY","",361,2.83,18897,14083,6,6,"0","0"
7,"Public Service Commission, District 2 - Eastern","TIM ECHOLS (I)","",9403,80.16,18897,14083,6,6,"0","0"
8,"Public Service Commission, District 2 - Eastern","ERIC HOSKINS","",2327,19.84,18897,14083,6,6,"0","0"
9,"U.S. Representative, District 12","RICK ALLEN (I)","",9176,70.88,18897,14083,6,6,"0","0"
10,"U.S. Representative, District 12","PATRICIA C. MCCRACKEN","",3769,29.12,18897,14083,6,6,"0","0"
11,"State Senator, District 7","TYLER HARPER (I)","",10992,100.00,18897,14083,6,6,"0","0"
12,"State Representative, District 155","CLAY PIRKLE (I)","",1675,100.00,2789,2229,2,2,"0","0"
13,"State Representative, District 169","DOMINIC LARICCIA (I)","",8923,100.00,16108,11854,5,5,"0","0"
14,"CLERK, SUPERIOR COURT","A. C SPELL-HUT (I) R","",11319,100.00,18897,14083,6,6,"0","0"
15,"SHERIFF","R. HARPER (R)","",6101,44.14,18897,14083,6,6,"0","0"
16,"SHERIFF","D. T. WOOTEN (I) D","",7721,55.86,18897,14083,6,6,"0","0"
17,"TAX COMMISSIONER","S. R HENDERSON (I) R","",10061,73.87,18897,14083,6,6,"0","0"
18,"TAX COMMISSIONER","T.  PAULK (D)","",3559,26.13,18897,14083,6,6,"0","0"
19,"SURVEYOR","A. H. EVANS (R)","",10757,100.00,18897,14083,6,6,"0","0"
20,"CORONER","B. K. MUSGROVE (R)","",8516,64.33,18897,14083,6,6,"0","0"
21,"CORONER","T. GRIFFIN (D)","",4723,35.67,18897,14083,6,6,"0","0"
22,"CC, D2","J. KITCHENS (I) R","",2024,100.00,3199,2423,3,3,"0","0"
23,"CC, D4","J. W. JOWERS (I) R","",2686,100.00,4119,3212,3,3,"0","0"
24,"CC, D5","C. H. DEEN (I) R","",2522,100.00,3990,3161,5,5,"0","0"
25,"Constitutional Amendment #1<br>Provides greater flexibility and state accountability to fix failing schools through increasing community involvement.","YES","",5099,37.85,18897,14083,6,6,"0","0"
26,"Constitutional Amendment #1<br>Provides greater flexibility and state accountability to fix failing schools through increasing community involvement.","NO","",8372,62.15,18897,14083,6,6,"0","0"
27,"Constitutional Amendment #2<br>Authorizes penalties for sexual exploitation and assessments on adult entertainment to fund child victims' services.","YES","",10647,81.41,18897,14083,6,6,"0","0"
28,"Constitutional Amendment #2<br>Authorizes penalties for sexual exploitation and assessments on adult entertainment to fund child victims' services.","NO","",2432,18.59,18897,14083,6,6,"0","0"
29,"Constitutional Amendment #3<br>Reforms and re-establishes the Judicial Qualifications Commission and provides for its composition, governance, and powers.","YES","",7434,61.66,18897,14083,6,6,"0","0"
30,"Constitutional Amendment #3<br>Reforms and re-establishes the Judicial Qualifications Commission and provides for its composition, governance, and powers.","NO","",4622,38.34,18897,14083,6,6,"0","0"
31,"Constitutional Amendment #4<br>Dedicates revenue from existing taxes on fireworks to trauma care, fire services, and public safety.","YES","",9874,76.75,18897,14083,6,6,"0","0"
32,"Constitutional Amendment #4<br>Dedicates revenue from existing taxes on fireworks to trauma care, fire services, and public safety.","NO","",2991,23.25,18897,14083,6,6,"0","0"
33,"SPECIAL - Alcohol Consumption","YES","",1952,51.22,5736,3933,1,1,"0","0"
34,"SPECIAL - Alcohol Consumption","NO","",1859,48.78,5736,3933,1,1,"0","0"
35,"SPECIAL - Alcohol Sales","YES","",1929,50.87,5736,3933,1,1,"0","0"
36,"SPECIAL - Alcohol Sales","NO","",1863,49.13,5736,3933,1,1,"0","0"
