"line number","contest name","choice name","party name","total votes","percent of votes","registered voters","ballots cast","num Precinct total","num Precinct rptg","over votes","under votes"
1,"President of the United States","DONALD J. TRUMP","",12645,13.67,134164,93843,58,58,"0","0"
2,"President of the United States","HILLARY CLINTON","",78220,84.55,134164,93843,58,58,"0","0"
3,"President of the United States","GARY JOHNSON","",1647,1.78,134164,93843,58,58,"0","0"
4,"United States Senator, Isakson","JOHNNY ISAKSON (I)","",14918,17.20,134164,93843,58,58,"0","0"
5,"United States Senator, Isakson","JIM BARKSDALE","",69400,80.00,134164,93843,58,58,"0","0"
6,"United States Senator, Isakson","ALLEN BUCKLEY","",2428,2.80,134164,93843,58,58,"0","0"
7,"Public Service Commission, District 2 - Eastern","TIM ECHOLS (I)","",23384,30.70,134164,93810,58,58,"0","0"
8,"Public Service Commission, District 2 - Eastern","ERIC HOSKINS","",52777,69.30,134164,93810,58,58,"0","0"
9,"U.S. Representative, District 5","DOUGLAS BELL (REP)","",4314,13.80,47638,32564,23,23,"0","0"
10,"U.S. Representative, District 5","JOHN R. LEWIS (I) (DEM)","",26941,86.20,47638,32564,23,23,"0","0"
11,"U.S. Representative, District 13","DAVID SCOTT (I) (DEM)","",54998,100.00,86526,61279,36,36,"0","0"
12,"State Senator, District 34","VALENCIA SEAY (I) (DEM)","",39804,100.00,67010,44241,31,31,"0","0"
13,"State Senator, District 44","GAIL DAVENPORT (I) (DEM)","",43360,100.00,67154,49569,27,27,"0","0"
14,"State Representative, District 60","RALPH NOBLES (REP)","",544,13.00,7159,4435,4,4,"0","0"
15,"State Representative, District 60","KEISHA WAITES (I) (DEM)","",3642,87.00,7159,4435,4,4,"0","0"
16,"State Representative, District 63","DEBRA BAZEMORE (DEM)","",3051,100.00,4481,3538,2,2,"0","0"
17,"State Representative, District 74","VALENCIA STOVALL (I) (DEM)","",14995,100.00,25126,16905,13,13,"0","0"
18,"State Representative, District 75","MIKE GLANTON (I) (DEM)","",18063,100.00,28836,20338,13,13,"0","0"
19,"State Representative, District 76","SANDRA SCOTT (I) (DEM)","",12544,100.00,18901,13922,7,7,"0","0"
20,"State Representative, District 77","RHONDA BURNOUGH (DEM)","",15848,100.00,26440,17468,12,12,"0","0"
21,"State Representative, District 78","DEMETRIUS DOUGLAS (I) (DEM)","",14345,100.00,23221,17204,12,12,"0","0"
22,"District Attorney, Clayton Circuit","TRACY GRAHAM-LAWSON (I) (DEM)","",83904,100.00,134164,93810,58,58,"0","0"
23,"JUDGE PROBATE","P. P. FERGUSON (I) D","",83704,100.00,134164,93810,58,58,"0","0"
24,"CLERK SUPERIOR CT","J. D. WILLS (I) D","",82788,100.00,134164,93810,58,58,"0","0"
25,"SHERIFF","V. HILL (I) D","",75910,100.00,134164,93810,58,58,"0","0"
26,"TAX COMMISSIONER","T. L. BASKIN (I) D","",83830,100.00,134164,93810,58,58,"0","0"
27,"MAGISTRATE JUDGE","W. L. DALLAS (I) D","",81970,100.00,134164,93810,58,58,"0","0"
28,"SOLICITOR","T. M. MOSLEY (I) D","",82444,100.00,134164,93810,58,58,"0","0"
29,"CHAIR COMMISSIONER","J. E. TURNER (I) D","",83315,100.00,134164,93810,58,58,"0","0"
30,"CC D2","G. HAMBRICK (I) D","",18396,100.00,30772,20401,16,16,"0","0"
31,"CC D3","F. F. WARNER (D)","",23317,100.00,35947,25946,15,15,"0","0"
32,"BOE D2","M. CHRISTMAS (I) D","",9957,100.00,16139,11071,7,7,"0","0"
33,"BOE D3","J. GOREE (I) D","",9630,100.00,15425,10668,9,9,"0","0"
34,"BOE D5","O. BURROUGHS (I) D","",9130,100.00,15429,10684,11,11,"0","0"
35,"BOE D6","M. BAKER (I) D","",10994,100.00,17412,13182,9,9,"0","0"
36,"BOE D7","J. JOHNSON (I) D","",6021,100.00,11084,7038,7,7,"0","0"
37,"Constitutional Amendment #1<br>Provides greater flexibility and state accountability to fix failing schools through increasing community involvement.","YES","",35509,38.90,134164,93810,58,58,"0","0"
38,"Constitutional Amendment #1<br>Provides greater flexibility and state accountability to fix failing schools through increasing community involvement.","NO","",55780,61.10,134164,93810,58,58,"0","0"
39,"Constitutional Amendment #2<br>Authorizes penalties for sexual exploitation and assessments on adult entertainment to fund child victims' services.","YES","",76984,85.39,134164,93810,58,58,"0","0"
40,"Constitutional Amendment #2<br>Authorizes penalties for sexual exploitation and assessments on adult entertainment to fund child victims' services.","NO","",13177,14.61,134164,93810,58,58,"0","0"
41,"Constitutional Amendment #3<br>Reforms and re-establishes the Judicial Qualifications Commission and provides for its composition, governance, and powers.","YES","",60323,69.69,134164,93810,58,58,"0","0"
42,"Constitutional Amendment #3<br>Reforms and re-establishes the Judicial Qualifications Commission and provides for its composition, governance, and powers.","NO","",26240,30.31,134164,93810,58,58,"0","0"
43,"Constitutional Amendment #4<br>Dedicates revenue from existing taxes on fireworks to trauma care, fire services, and public safety.","YES","",74649,82.82,134164,93810,58,58,"0","0"
44,"Constitutional Amendment #4<br>Dedicates revenue from existing taxes on fireworks to trauma care, fire services, and public safety.","NO","",15480,17.18,134164,93810,58,58,"0","0"
45,"COLLEGE PARK NOISE INSULATION","YES","",107,72.79,293,155,1,1,"0","0"
46,"COLLEGE PARK NOISE INSULATION","NO","",40,27.21,293,155,1,1,"0","0"
47,"JONESBORO COUNCILMAN SPECIAL","A. CHARLES","",160,17.19,1485,1050,4,4,"0","0"
48,"JONESBORO COUNCILMAN SPECIAL","A. DIXON","",344,36.95,1485,1050,4,4,"0","0"
49,"JONESBORO COUNCILMAN SPECIAL","B. LESTER","",184,19.76,1485,1050,4,4,"0","0"
50,"JONESBORO COUNCILMAN SPECIAL","K. NORRINGTON","",243,26.10,1485,1050,4,4,"0","0"
