<?xml version="1.0"?>
<!--Election result snapshot imported from Tabulation System
-->
<ElectionResult>
    <Timestamp>11/14/2016 11:35:01 AM EST</Timestamp>
    <ElectionName>November 8, 2016 - General Election</ElectionName>
    <ElectionDate>11/8/2016</ElectionDate>
    <Region>Wilcox</Region>
    <VoterTurnout totalVoters="3934" ballotsCast="3003" voterTurnout="76.33">
        <Precincts>
            <Precinct name="Rochelle North 1" totalVoters="518" ballotsCast="325" voterTurnout="62.74" percentReporting="4" />
            <Precinct name="Abbeville North 2" totalVoters="373" ballotsCast="272" voterTurnout="72.92" percentReporting="4" />
            <Precinct name="Pineview 2" totalVoters="524" ballotsCast="414" voterTurnout="79.01" percentReporting="4" />
            <Precinct name="Pitts 3" totalVoters="702" ballotsCast="561" voterTurnout="79.91" percentReporting="4" />
            <Precinct name="Rochelle South 4" totalVoters="871" ballotsCast="695" voterTurnout="79.79" percentReporting="4" />
            <Precinct name="Abbeville South 5" totalVoters="946" ballotsCast="736" voterTurnout="77.80" percentReporting="4" />
        </Precincts>
    </VoterTurnout>
    <Contest key="1" text="President of the United States" isQuestion="false" precinctsReporting="6" precinctsReported="6">
        <VoteType name="Number of Precincts for Race" votes="6">
            <Precinct name="Rochelle North 1" votes="1" />
            <Precinct name="Abbeville North 2" votes="1" />
            <Precinct name="Pineview 2" votes="1" />
            <Precinct name="Pitts 3" votes="1" />
            <Precinct name="Rochelle South 4" votes="1" />
            <Precinct name="Abbeville South 5" votes="1" />
        </VoteType>
        <VoteType name="Number of Precincts Reporting" votes="6">
            <Precinct name="Rochelle North 1" votes="1" />
            <Precinct name="Abbeville North 2" votes="1" />
            <Precinct name="Pineview 2" votes="1" />
            <Precinct name="Pitts 3" votes="1" />
            <Precinct name="Rochelle South 4" votes="1" />
            <Precinct name="Abbeville South 5" votes="1" />
        </VoteType>
        <Choice key="10" text="DONALD J. TRUMP" totalVotes="2096">
            <VoteType name="Election Day" votes="993">
                <Precinct name="Rochelle North 1" votes="33" />
                <Precinct name="Abbeville North 2" votes="45" />
                <Precinct name="Pineview 2" votes="161" />
                <Precinct name="Pitts 3" votes="312" />
                <Precinct name="Rochelle South 4" votes="312" />
                <Precinct name="Abbeville South 5" votes="130" />
            </VoteType>
            <VoteType name="Absentee by Mail" votes="164">
                <Precinct name="Rochelle North 1" votes="6" />
                <Precinct name="Abbeville North 2" votes="12" />
                <Precinct name="Pineview 2" votes="16" />
                <Precinct name="Pitts 3" votes="28" />
                <Precinct name="Rochelle South 4" votes="44" />
                <Precinct name="Abbeville South 5" votes="58" />
            </VoteType>
            <VoteType name="Advance in Person" votes="939">
                <Precinct name="Rochelle North 1" votes="20" />
                <Precinct name="Abbeville North 2" votes="98" />
                <Precinct name="Pineview 2" votes="63" />
                <Precinct name="Pitts 3" votes="139" />
                <Precinct name="Rochelle South 4" votes="235" />
                <Precinct name="Abbeville South 5" votes="384" />
            </VoteType>
            <VoteType name="Provisional" votes="0">
                <Precinct name="Rochelle North 1" votes="0" />
                <Precinct name="Abbeville North 2" votes="0" />
                <Precinct name="Pineview 2" votes="0" />
                <Precinct name="Pitts 3" votes="0" />
                <Precinct name="Rochelle South 4" votes="0" />
                <Precinct name="Abbeville South 5" votes="0" />
            </VoteType>
        </Choice>
        <Choice key="20" text="HILLARY CLINTON" totalVotes="852">
            <VoteType name="Election Day" votes="573">
                <Precinct name="Rochelle North 1" votes="227" />
                <Precinct name="Abbeville North 2" votes="42" />
                <Precinct name="Pineview 2" votes="134" />
                <Precinct name="Pitts 3" votes="51" />
                <Precinct name="Rochelle South 4" votes="59" />
                <Precinct name="Abbeville South 5" votes="60" />
            </VoteType>
            <VoteType name="Absentee by Mail" votes="46">
                <Precinct name="Rochelle North 1" votes="8" />
                <Precinct name="Abbeville North 2" votes="6" />
                <Precinct name="Pineview 2" votes="8" />
                <Precinct name="Pitts 3" votes="4" />
                <Precinct name="Rochelle South 4" votes="10" />
                <Precinct name="Abbeville South 5" votes="10" />
            </VoteType>
            <VoteType name="Advance in Person" votes="233">
                <Precinct name="Rochelle North 1" votes="27" />
                <Precinct name="Abbeville North 2" votes="64" />
                <Precinct name="Pineview 2" votes="23" />
                <Precinct name="Pitts 3" votes="14" />
                <Precinct name="Rochelle South 4" votes="30" />
                <Precinct name="Abbeville South 5" votes="75" />
            </VoteType>
            <VoteType name="Provisional" votes="0">
                <Precinct name="Rochelle North 1" votes="0" />
                <Precinct name="Abbeville North 2" votes="0" />
                <Precinct name="Pineview 2" votes="0" />
                <Precinct name="Pitts 3" votes="0" />
                <Precinct name="Rochelle South 4" votes="0" />
                <Precinct name="Abbeville South 5" votes="0" />
            </VoteType>
        </Choice>
        <Choice key="30" text="GARY JOHNSON" totalVotes="25">
            <VoteType name="Election Day" votes="15">
                <Precinct name="Rochelle North 1" votes="0" />
                <Precinct name="Abbeville North 2" votes="2" />
                <Precinct name="Pineview 2" votes="3" />
                <Precinct name="Pitts 3" votes="5" />
                <Precinct name="Rochelle South 4" votes="3" />
                <Precinct name="Abbeville South 5" votes="2" />
            </VoteType>
            <VoteType name="Absentee by Mail" votes="3">
                <Precinct name="Rochelle North 1" votes="0" />
                <Precinct name="Abbeville North 2" votes="1" />
                <Precinct name="Pineview 2" votes="0" />
                <Precinct name="Pitts 3" votes="2" />
                <Precinct name="Rochelle South 4" votes="0" />
                <Precinct name="Abbeville South 5" votes="0" />
            </VoteType>
            <VoteType name="Advance in Person" votes="7">
                <Precinct name="Rochelle North 1" votes="0" />
                <Precinct name="Abbeville North 2" votes="0" />
                <Precinct name="Pineview 2" votes="2" />
                <Precinct name="Pitts 3" votes="1" />
                <Precinct name="Rochelle South 4" votes="0" />
                <Precinct name="Abbeville South 5" votes="4" />
            </VoteType>
            <VoteType name="Provisional" votes="0">
                <Precinct name="Rochelle North 1" votes="0" />
                <Precinct name="Abbeville North 2" votes="0" />
                <Precinct name="Pineview 2" votes="0" />
                <Precinct name="Pitts 3" votes="0" />
                <Precinct name="Rochelle South 4" votes="0" />
                <Precinct name="Abbeville South 5" votes="0" />
            </VoteType>
        </Choice>
    </Contest>
    <Contest key="10" text="United States Senator, Isakson" isQuestion="false" precinctsReporting="6" precinctsReported="6">
        <VoteType name="Number of Precincts for Race" votes="6">
            <Precinct name="Rochelle North 1" votes="1" />
            <Precinct name="Abbeville North 2" votes="1" />
            <Precinct name="Pineview 2" votes="1" />
            <Precinct name="Pitts 3" votes="1" />
            <Precinct name="Rochelle South 4" votes="1" />
            <Precinct name="Abbeville South 5" votes="1" />
        </VoteType>
        <VoteType name="Number of Precincts Reporting" votes="6">
            <Precinct name="Rochelle North 1" votes="1" />
            <Precinct name="Abbeville North 2" votes="1" />
            <Precinct name="Pineview 2" votes="1" />
            <Precinct name="Pitts 3" votes="1" />
            <Precinct name="Rochelle South 4" votes="1" />
            <Precinct name="Abbeville South 5" votes="1" />
        </VoteType>
        <Choice key="30" text="JOHNNY ISAKSON (I)" totalVotes="2036">
            <VoteType name="Election Day" votes="964">
                <Precinct name="Rochelle North 1" votes="52" />
                <Precinct name="Abbeville North 2" votes="41" />
                <Precinct name="Pineview 2" votes="152" />
                <Precinct name="Pitts 3" votes="299" />
                <Precinct name="Rochelle South 4" votes="296" />
                <Precinct name="Abbeville South 5" votes="124" />
            </VoteType>
            <VoteType name="Absentee by Mail" votes="173">
                <Precinct name="Rochelle North 1" votes="6" />
                <Precinct name="Abbeville North 2" votes="14" />
                <Precinct name="Pineview 2" votes="16" />
                <Precinct name="Pitts 3" votes="30" />
                <Precinct name="Rochelle South 4" votes="46" />
                <Precinct name="Abbeville South 5" votes="61" />
            </VoteType>
            <VoteType name="Advance in Person" votes="899">
                <Precinct name="Rochelle North 1" votes="22" />
                <Precinct name="Abbeville North 2" votes="94" />
                <Precinct name="Pineview 2" votes="66" />
                <Precinct name="Pitts 3" votes="126" />
                <Precinct name="Rochelle South 4" votes="216" />
                <Precinct name="Abbeville South 5" votes="375" />
            </VoteType>
            <VoteType name="Provisional" votes="0">
                <Precinct name="Rochelle North 1" votes="0" />
                <Precinct name="Abbeville North 2" votes="0" />
                <Precinct name="Pineview 2" votes="0" />
                <Precinct name="Pitts 3" votes="0" />
                <Precinct name="Rochelle South 4" votes="0" />
                <Precinct name="Abbeville South 5" votes="0" />
            </VoteType>
        </Choice>
        <Choice key="40" text="JIM BARKSDALE" totalVotes="669">
            <VoteType name="Election Day" votes="434">
                <Precinct name="Rochelle North 1" votes="167" />
                <Precinct name="Abbeville North 2" votes="36" />
                <Precinct name="Pineview 2" votes="98" />
                <Precinct name="Pitts 3" votes="41" />
                <Precinct name="Rochelle South 4" votes="46" />
                <Precinct name="Abbeville South 5" votes="46" />
            </VoteType>
            <VoteType name="Absentee by Mail" votes="35">
                <Precinct name="Rochelle North 1" votes="8" />
                <Precinct name="Abbeville North 2" votes="4" />
                <Precinct name="Pineview 2" votes="7" />
                <Precinct name="Pitts 3" votes="4" />
                <Precinct name="Rochelle South 4" votes="6" />
                <Precinct name="Abbeville South 5" votes="6" />
            </VoteType>
            <VoteType name="Advance in Person" votes="200">
                <Precinct name="Rochelle North 1" votes="20" />
                <Precinct name="Abbeville North 2" votes="52" />
                <Precinct name="Pineview 2" votes="18" />
                <Precinct name="Pitts 3" votes="11" />
                <Precinct name="Rochelle South 4" votes="32" />
                <Precinct name="Abbeville South 5" votes="67" />
            </VoteType>
            <VoteType name="Provisional" votes="0">
                <Precinct name="Rochelle North 1" votes="0" />
                <Precinct name="Abbeville North 2" votes="0" />
                <Precinct name="Pineview 2" votes="0" />
                <Precinct name="Pitts 3" votes="0" />
                <Precinct name="Rochelle South 4" votes="0" />
                <Precinct name="Abbeville South 5" votes="0" />
            </VoteType>
        </Choice>
        <Choice key="50" text="ALLEN BUCKLEY" totalVotes="70">
            <VoteType name="Election Day" votes="39">
                <Precinct name="Rochelle North 1" votes="7" />
                <Precinct name="Abbeville North 2" votes="1" />
                <Precinct name="Pineview 2" votes="11" />
                <Precinct name="Pitts 3" votes="5" />
                <Precinct name="Rochelle South 4" votes="9" />
                <Precinct name="Abbeville South 5" votes="6" />
            </VoteType>
            <VoteType name="Absentee by Mail" votes="5">
                <Precinct name="Rochelle North 1" votes="0" />
                <Precinct name="Abbeville North 2" votes="1" />
                <Precinct name="Pineview 2" votes="1" />
                <Precinct name="Pitts 3" votes="0" />
                <Precinct name="Rochelle South 4" votes="2" />
                <Precinct name="Abbeville South 5" votes="1" />
            </VoteType>
            <VoteType name="Advance in Person" votes="26">
                <Precinct name="Rochelle North 1" votes="1" />
                <Precinct name="Abbeville North 2" votes="4" />
                <Precinct name="Pineview 2" votes="2" />
                <Precinct name="Pitts 3" votes="4" />
                <Precinct name="Rochelle South 4" votes="5" />
                <Precinct name="Abbeville South 5" votes="10" />
            </VoteType>
            <VoteType name="Provisional" votes="0">
                <Precinct name="Rochelle North 1" votes="0" />
                <Precinct name="Abbeville North 2" votes="0" />
                <Precinct name="Pineview 2" votes="0" />
                <Precinct name="Pitts 3" votes="0" />
                <Precinct name="Rochelle South 4" votes="0" />
                <Precinct name="Abbeville South 5" votes="0" />
            </VoteType>
        </Choice>
    </Contest>
    <Contest key="30" text="Public Service Commission, District 2 - Eastern" isQuestion="false" precinctsReporting="6" precinctsReported="6">
        <VoteType name="Number of Precincts for Race" votes="6">
            <Precinct name="Rochelle North 1" votes="1" />
            <Precinct name="Abbeville North 2" votes="1" />
            <Precinct name="Pineview 2" votes="1" />
            <Precinct name="Pitts 3" votes="1" />
            <Precinct name="Rochelle South 4" votes="1" />
            <Precinct name="Abbeville South 5" votes="1" />
        </VoteType>
        <VoteType name="Number of Precincts Reporting" votes="6">
            <Precinct name="Rochelle North 1" votes="1" />
            <Precinct name="Abbeville North 2" votes="1" />
            <Precinct name="Pineview 2" votes="1" />
            <Precinct name="Pitts 3" votes="1" />
            <Precinct name="Rochelle South 4" votes="1" />
            <Precinct name="Abbeville South 5" votes="1" />
        </VoteType>
        <Choice key="20" text="TIM ECHOLS (I)" totalVotes="2111">
            <VoteType name="Election Day" votes="1002">
                <Precinct name="Rochelle North 1" votes="66" />
                <Precinct name="Abbeville North 2" votes="45" />
                <Precinct name="Pineview 2" votes="157" />
                <Precinct name="Pitts 3" votes="301" />
                <Precinct name="Rochelle South 4" votes="302" />
                <Precinct name="Abbeville South 5" votes="131" />
            </VoteType>
            <VoteType name="Absentee by Mail" votes="176">
                <Precinct name="Rochelle North 1" votes="10" />
                <Precinct name="Abbeville North 2" votes="14" />
                <Precinct name="Pineview 2" votes="17" />
                <Precinct name="Pitts 3" votes="30" />
                <Precinct name="Rochelle South 4" votes="46" />
                <Precinct name="Abbeville South 5" votes="59" />
            </VoteType>
            <VoteType name="Advance in Person" votes="933">
                <Precinct name="Rochelle North 1" votes="25" />
                <Precinct name="Abbeville North 2" votes="103" />
                <Precinct name="Pineview 2" votes="67" />
                <Precinct name="Pitts 3" votes="132" />
                <Precinct name="Rochelle South 4" votes="217" />
                <Precinct name="Abbeville South 5" votes="389" />
            </VoteType>
            <VoteType name="Provisional" votes="0">
                <Precinct name="Rochelle North 1" votes="0" />
                <Precinct name="Abbeville North 2" votes="0" />
                <Precinct name="Pineview 2" votes="0" />
                <Precinct name="Pitts 3" votes="0" />
                <Precinct name="Rochelle South 4" votes="0" />
                <Precinct name="Abbeville South 5" votes="0" />
            </VoteType>
        </Choice>
        <Choice key="30" text="ERIC HOSKINS" totalVotes="448">
            <VoteType name="Election Day" votes="289">
                <Precinct name="Rochelle North 1" votes="106" />
                <Precinct name="Abbeville North 2" votes="18" />
                <Precinct name="Pineview 2" votes="65" />
                <Precinct name="Pitts 3" votes="31" />
                <Precinct name="Rochelle South 4" votes="38" />
                <Precinct name="Abbeville South 5" votes="31" />
            </VoteType>
            <VoteType name="Absentee by Mail" votes="28">
                <Precinct name="Rochelle North 1" votes="3" />
                <Precinct name="Abbeville North 2" votes="3" />
                <Precinct name="Pineview 2" votes="7" />
                <Precinct name="Pitts 3" votes="1" />
                <Precinct name="Rochelle South 4" votes="5" />
                <Precinct name="Abbeville South 5" votes="9" />
            </VoteType>
            <VoteType name="Advance in Person" votes="131">
                <Precinct name="Rochelle North 1" votes="10" />
                <Precinct name="Abbeville North 2" votes="33" />
                <Precinct name="Pineview 2" votes="11" />
                <Precinct name="Pitts 3" votes="10" />
                <Precinct name="Rochelle South 4" votes="27" />
                <Precinct name="Abbeville South 5" votes="40" />
            </VoteType>
            <VoteType name="Provisional" votes="0">
                <Precinct name="Rochelle North 1" votes="0" />
                <Precinct name="Abbeville North 2" votes="0" />
                <Precinct name="Pineview 2" votes="0" />
                <Precinct name="Pitts 3" votes="0" />
                <Precinct name="Rochelle South 4" votes="0" />
                <Precinct name="Abbeville South 5" votes="0" />
            </VoteType>
        </Choice>
    </Contest>
    <Contest key="50" text="U.S. Representative, District 8" isQuestion="false" precinctsReporting="6" precinctsReported="6">
        <VoteType name="Number of Precincts for Race" votes="6">
            <Precinct name="Rochelle North 1" votes="1" />
            <Precinct name="Abbeville North 2" votes="1" />
            <Precinct name="Pineview 2" votes="1" />
            <Precinct name="Pitts 3" votes="1" />
            <Precinct name="Rochelle South 4" votes="1" />
            <Precinct name="Abbeville South 5" votes="1" />
        </VoteType>
        <VoteType name="Number of Precincts Reporting" votes="6">
            <Precinct name="Rochelle North 1" votes="1" />
            <Precinct name="Abbeville North 2" votes="1" />
            <Precinct name="Pineview 2" votes="1" />
            <Precinct name="Pitts 3" votes="1" />
            <Precinct name="Rochelle South 4" votes="1" />
            <Precinct name="Abbeville South 5" votes="1" />
        </VoteType>
        <Choice key="20" text="AUSTIN SCOTT (I)" totalVotes="2114">
            <VoteType name="Election Day" votes="1001">
                <Precinct name="Rochelle North 1" votes="47" />
                <Precinct name="Abbeville North 2" votes="42" />
                <Precinct name="Pineview 2" votes="155" />
                <Precinct name="Pitts 3" votes="318" />
                <Precinct name="Rochelle South 4" votes="307" />
                <Precinct name="Abbeville South 5" votes="132" />
            </VoteType>
            <VoteType name="Absentee by Mail" votes="177">
                <Precinct name="Rochelle North 1" votes="6" />
                <Precinct name="Abbeville North 2" votes="15" />
                <Precinct name="Pineview 2" votes="16" />
                <Precinct name="Pitts 3" votes="30" />
                <Precinct name="Rochelle South 4" votes="48" />
                <Precinct name="Abbeville South 5" votes="62" />
            </VoteType>
            <VoteType name="Advance in Person" votes="936">
                <Precinct name="Rochelle North 1" votes="25" />
                <Precinct name="Abbeville North 2" votes="97" />
                <Precinct name="Pineview 2" votes="68" />
                <Precinct name="Pitts 3" votes="136" />
                <Precinct name="Rochelle South 4" votes="222" />
                <Precinct name="Abbeville South 5" votes="388" />
            </VoteType>
            <VoteType name="Provisional" votes="0">
                <Precinct name="Rochelle North 1" votes="0" />
                <Precinct name="Abbeville North 2" votes="0" />
                <Precinct name="Pineview 2" votes="0" />
                <Precinct name="Pitts 3" votes="0" />
                <Precinct name="Rochelle South 4" votes="0" />
                <Precinct name="Abbeville South 5" votes="0" />
            </VoteType>
        </Choice>
        <Choice key="30" text="JAMES NEAL HARRIS" totalVotes="719">
            <VoteType name="Election Day" votes="471">
                <Precinct name="Rochelle North 1" votes="183" />
                <Precinct name="Abbeville North 2" votes="39" />
                <Precinct name="Pineview 2" votes="110" />
                <Precinct name="Pitts 3" votes="40" />
                <Precinct name="Rochelle South 4" votes="53" />
                <Precinct name="Abbeville South 5" votes="46" />
            </VoteType>
            <VoteType name="Absentee by Mail" votes="33">
                <Precinct name="Rochelle North 1" votes="7" />
                <Precinct name="Abbeville North 2" votes="4" />
                <Precinct name="Pineview 2" votes="8" />
                <Precinct name="Pitts 3" votes="4" />
                <Precinct name="Rochelle South 4" votes="4" />
                <Precinct name="Abbeville South 5" votes="6" />
            </VoteType>
            <VoteType name="Advance in Person" votes="215">
                <Precinct name="Rochelle North 1" votes="19" />
                <Precinct name="Abbeville North 2" votes="57" />
                <Precinct name="Pineview 2" votes="22" />
                <Precinct name="Pitts 3" votes="15" />
                <Precinct name="Rochelle South 4" votes="29" />
                <Precinct name="Abbeville South 5" votes="73" />
            </VoteType>
            <VoteType name="Provisional" votes="0">
                <Precinct name="Rochelle North 1" votes="0" />
                <Precinct name="Abbeville North 2" votes="0" />
                <Precinct name="Pineview 2" votes="0" />
                <Precinct name="Pitts 3" votes="0" />
                <Precinct name="Rochelle South 4" votes="0" />
                <Precinct name="Abbeville South 5" votes="0" />
            </VoteType>
        </Choice>
    </Contest>
    <Contest key="61" text="State Senator, District 7" isQuestion="false" precinctsReporting="3" precinctsReported="3">
        <VoteType name="Number of Precincts for Race" votes="3">
            <Precinct name="Abbeville North 2" votes="1" />
            <Precinct name="Rochelle South 4" votes="1" />
            <Precinct name="Abbeville South 5" votes="1" />
        </VoteType>
        <VoteType name="Number of Precincts Reporting" votes="3">
            <Precinct name="Abbeville North 2" votes="1" />
            <Precinct name="Rochelle South 4" votes="1" />
            <Precinct name="Abbeville South 5" votes="1" />
        </VoteType>
        <Choice key="10" text="TYLER HARPER (I)" totalVotes="1054">
            <VoteType name="Election Day" votes="384">
                <Precinct name="Abbeville North 2" votes="0" />
                <Precinct name="Rochelle South 4" votes="234" />
                <Precinct name="Abbeville South 5" votes="150" />
            </VoteType>
            <VoteType name="Absentee by Mail" votes="97">
                <Precinct name="Abbeville North 2" votes="2" />
                <Precinct name="Rochelle South 4" votes="31" />
                <Precinct name="Abbeville South 5" votes="64" />
            </VoteType>
            <VoteType name="Advance in Person" votes="573">
                <Precinct name="Abbeville North 2" votes="4" />
                <Precinct name="Rochelle South 4" votes="163" />
                <Precinct name="Abbeville South 5" votes="406" />
            </VoteType>
            <VoteType name="Provisional" votes="0">
                <Precinct name="Abbeville North 2" votes="0" />
                <Precinct name="Rochelle South 4" votes="0" />
                <Precinct name="Abbeville South 5" votes="0" />
            </VoteType>
        </Choice>
    </Contest>
    <Contest key="70" text="State Senator, District 13" isQuestion="false" precinctsReporting="5" precinctsReported="5">
        <VoteType name="Number of Precincts for Race" votes="5">
            <Precinct name="Rochelle North 1" votes="1" />
            <Precinct name="Abbeville North 2" votes="1" />
            <Precinct name="Pineview 2" votes="1" />
            <Precinct name="Pitts 3" votes="1" />
            <Precinct name="Rochelle South 4" votes="1" />
        </VoteType>
        <VoteType name="Number of Precincts Reporting" votes="5">
            <Precinct name="Rochelle North 1" votes="1" />
            <Precinct name="Abbeville North 2" votes="1" />
            <Precinct name="Pineview 2" votes="1" />
            <Precinct name="Pitts 3" votes="1" />
            <Precinct name="Rochelle South 4" votes="1" />
        </VoteType>
        <Choice key="10" text="GREG KIRK (I)" totalVotes="1081">
            <VoteType name="Election Day" votes="623">
                <Precinct name="Rochelle North 1" votes="42" />
                <Precinct name="Abbeville North 2" votes="43" />
                <Precinct name="Pineview 2" votes="146" />
                <Precinct name="Pitts 3" votes="307" />
                <Precinct name="Rochelle South 4" votes="85" />
            </VoteType>
            <VoteType name="Absentee by Mail" votes="82">
                <Precinct name="Rochelle North 1" votes="5" />
                <Precinct name="Abbeville North 2" votes="14" />
                <Precinct name="Pineview 2" votes="16" />
                <Precinct name="Pitts 3" votes="29" />
                <Precinct name="Rochelle South 4" votes="18" />
            </VoteType>
            <VoteType name="Advance in Person" votes="376">
                <Precinct name="Rochelle North 1" votes="22" />
                <Precinct name="Abbeville North 2" votes="83" />
                <Precinct name="Pineview 2" votes="65" />
                <Precinct name="Pitts 3" votes="137" />
                <Precinct name="Rochelle South 4" votes="69" />
            </VoteType>
            <VoteType name="Provisional" votes="0">
                <Precinct name="Rochelle North 1" votes="0" />
                <Precinct name="Abbeville North 2" votes="0" />
                <Precinct name="Pineview 2" votes="0" />
                <Precinct name="Pitts 3" votes="0" />
                <Precinct name="Rochelle South 4" votes="0" />
            </VoteType>
        </Choice>
        <Choice key="20" text="RUENETTE MELTON" totalVotes="540">
            <VoteType name="Election Day" votes="392">
                <Precinct name="Rochelle North 1" votes="179" />
                <Precinct name="Abbeville North 2" votes="41" />
                <Precinct name="Pineview 2" votes="116" />
                <Precinct name="Pitts 3" votes="47" />
                <Precinct name="Rochelle South 4" votes="9" />
            </VoteType>
            <VoteType name="Absentee by Mail" votes="25">
                <Precinct name="Rochelle North 1" votes="7" />
                <Precinct name="Abbeville North 2" votes="3" />
                <Precinct name="Pineview 2" votes="8" />
                <Precinct name="Pitts 3" votes="5" />
                <Precinct name="Rochelle South 4" votes="2" />
            </VoteType>
            <VoteType name="Advance in Person" votes="123">
                <Precinct name="Rochelle North 1" votes="22" />
                <Precinct name="Abbeville North 2" votes="65" />
                <Precinct name="Pineview 2" votes="22" />
                <Precinct name="Pitts 3" votes="13" />
                <Precinct name="Rochelle South 4" votes="1" />
            </VoteType>
            <VoteType name="Provisional" votes="0">
                <Precinct name="Rochelle North 1" votes="0" />
                <Precinct name="Abbeville North 2" votes="0" />
                <Precinct name="Pineview 2" votes="0" />
                <Precinct name="Pitts 3" votes="0" />
                <Precinct name="Rochelle South 4" votes="0" />
            </VoteType>
        </Choice>
    </Contest>
    <Contest key="90" text="State Representative, District 148" isQuestion="false" precinctsReporting="6" precinctsReported="6">
        <VoteType name="Number of Precincts for Race" votes="6">
            <Precinct name="Rochelle North 1" votes="1" />
            <Precinct name="Abbeville North 2" votes="1" />
            <Precinct name="Pineview 2" votes="1" />
            <Precinct name="Pitts 3" votes="1" />
            <Precinct name="Rochelle South 4" votes="1" />
            <Precinct name="Abbeville South 5" votes="1" />
        </VoteType>
        <VoteType name="Number of Precincts Reporting" votes="6">
            <Precinct name="Rochelle North 1" votes="1" />
            <Precinct name="Abbeville North 2" votes="1" />
            <Precinct name="Pineview 2" votes="1" />
            <Precinct name="Pitts 3" votes="1" />
            <Precinct name="Rochelle South 4" votes="1" />
            <Precinct name="Abbeville South 5" votes="1" />
        </VoteType>
        <Choice key="10" text="BUDDY HARDEN (I)" totalVotes="2363">
            <VoteType name="Election Day" votes="1170">
                <Precinct name="Rochelle North 1" votes="125" />
                <Precinct name="Abbeville North 2" votes="56" />
                <Precinct name="Pineview 2" votes="200" />
                <Precinct name="Pitts 3" votes="320" />
                <Precinct name="Rochelle South 4" votes="317" />
                <Precinct name="Abbeville South 5" votes="152" />
            </VoteType>
            <VoteType name="Absentee by Mail" votes="188">
                <Precinct name="Rochelle North 1" votes="11" />
                <Precinct name="Abbeville North 2" votes="14" />
                <Precinct name="Pineview 2" votes="20" />
                <Precinct name="Pitts 3" votes="30" />
                <Precinct name="Rochelle South 4" votes="50" />
                <Precinct name="Abbeville South 5" votes="63" />
            </VoteType>
            <VoteType name="Advance in Person" votes="1005">
                <Precinct name="Rochelle North 1" votes="31" />
                <Precinct name="Abbeville North 2" votes="117" />
                <Precinct name="Pineview 2" votes="73" />
                <Precinct name="Pitts 3" votes="139" />
                <Precinct name="Rochelle South 4" votes="235" />
                <Precinct name="Abbeville South 5" votes="410" />
            </VoteType>
            <VoteType name="Provisional" votes="0">
                <Precinct name="Rochelle North 1" votes="0" />
                <Precinct name="Abbeville North 2" votes="0" />
                <Precinct name="Pineview 2" votes="0" />
                <Precinct name="Pitts 3" votes="0" />
                <Precinct name="Rochelle South 4" votes="0" />
                <Precinct name="Abbeville South 5" votes="0" />
            </VoteType>
        </Choice>
    </Contest>
    <Contest key="95" text="District Attorney, Cordele Circuit" isQuestion="false" precinctsReporting="6" precinctsReported="6">
        <VoteType name="Number of Precincts for Race" votes="6">
            <Precinct name="Rochelle North 1" votes="1" />
            <Precinct name="Abbeville North 2" votes="1" />
            <Precinct name="Pineview 2" votes="1" />
            <Precinct name="Pitts 3" votes="1" />
            <Precinct name="Rochelle South 4" votes="1" />
            <Precinct name="Abbeville South 5" votes="1" />
        </VoteType>
        <VoteType name="Number of Precincts Reporting" votes="6">
            <Precinct name="Rochelle North 1" votes="1" />
            <Precinct name="Abbeville North 2" votes="1" />
            <Precinct name="Pineview 2" votes="1" />
            <Precinct name="Pitts 3" votes="1" />
            <Precinct name="Rochelle South 4" votes="1" />
            <Precinct name="Abbeville South 5" votes="1" />
        </VoteType>
        <Choice key="10" text="BRADFORD L RIGBY" totalVotes="2302">
            <VoteType name="Election Day" votes="1164">
                <Precinct name="Rochelle North 1" votes="154" />
                <Precinct name="Abbeville North 2" votes="60" />
                <Precinct name="Pineview 2" votes="201" />
                <Precinct name="Pitts 3" votes="297" />
                <Precinct name="Rochelle South 4" votes="294" />
                <Precinct name="Abbeville South 5" votes="158" />
            </VoteType>
            <VoteType name="Absentee by Mail" votes="182">
                <Precinct name="Rochelle North 1" votes="10" />
                <Precinct name="Abbeville North 2" votes="16" />
                <Precinct name="Pineview 2" votes="22" />
                <Precinct name="Pitts 3" votes="27" />
                <Precinct name="Rochelle South 4" votes="44" />
                <Precinct name="Abbeville South 5" votes="63" />
            </VoteType>
            <VoteType name="Advance in Person" votes="956">
                <Precinct name="Rochelle North 1" votes="32" />
                <Precinct name="Abbeville North 2" votes="115" />
                <Precinct name="Pineview 2" votes="67" />
                <Precinct name="Pitts 3" votes="124" />
                <Precinct name="Rochelle South 4" votes="224" />
                <Precinct name="Abbeville South 5" votes="394" />
            </VoteType>
            <VoteType name="Provisional" votes="0">
                <Precinct name="Rochelle North 1" votes="0" />
                <Precinct name="Abbeville North 2" votes="0" />
                <Precinct name="Pineview 2" votes="0" />
                <Precinct name="Pitts 3" votes="0" />
                <Precinct name="Rochelle South 4" votes="0" />
                <Precinct name="Abbeville South 5" votes="0" />
            </VoteType>
        </Choice>
    </Contest>
    <Contest key="110" text="JUDGE, PROBATE/MAGISTRATE" isQuestion="false" precinctsReporting="6" precinctsReported="6">
        <VoteType name="Number of Precincts for Race" votes="6">
            <Precinct name="Rochelle North 1" votes="1" />
            <Precinct name="Abbeville North 2" votes="1" />
            <Precinct name="Pineview 2" votes="1" />
            <Precinct name="Pitts 3" votes="1" />
            <Precinct name="Rochelle South 4" votes="1" />
            <Precinct name="Abbeville South 5" votes="1" />
        </VoteType>
        <VoteType name="Number of Precincts Reporting" votes="6">
            <Precinct name="Rochelle North 1" votes="1" />
            <Precinct name="Abbeville North 2" votes="1" />
            <Precinct name="Pineview 2" votes="1" />
            <Precinct name="Pitts 3" votes="1" />
            <Precinct name="Rochelle South 4" votes="1" />
            <Precinct name="Abbeville South 5" votes="1" />
        </VoteType>
        <Choice key="10" text="B. S. RHODES (I) R" totalVotes="2472">
            <VoteType name="Election Day" votes="1249">
                <Precinct name="Rochelle North 1" votes="146" />
                <Precinct name="Abbeville North 2" votes="62" />
                <Precinct name="Pineview 2" votes="218" />
                <Precinct name="Pitts 3" votes="334" />
                <Precinct name="Rochelle South 4" votes="327" />
                <Precinct name="Abbeville South 5" votes="162" />
            </VoteType>
            <VoteType name="Absentee by Mail" votes="189">
                <Precinct name="Rochelle North 1" votes="11" />
                <Precinct name="Abbeville North 2" votes="16" />
                <Precinct name="Pineview 2" votes="20" />
                <Precinct name="Pitts 3" votes="29" />
                <Precinct name="Rochelle South 4" votes="50" />
                <Precinct name="Abbeville South 5" votes="63" />
            </VoteType>
            <VoteType name="Advance in Person" votes="1034">
                <Precinct name="Rochelle North 1" votes="32" />
                <Precinct name="Abbeville North 2" votes="123" />
                <Precinct name="Pineview 2" votes="72" />
                <Precinct name="Pitts 3" votes="149" />
                <Precinct name="Rochelle South 4" votes="244" />
                <Precinct name="Abbeville South 5" votes="414" />
            </VoteType>
            <VoteType name="Provisional" votes="0">
                <Precinct name="Rochelle North 1" votes="0" />
                <Precinct name="Abbeville North 2" votes="0" />
                <Precinct name="Pineview 2" votes="0" />
                <Precinct name="Pitts 3" votes="0" />
                <Precinct name="Rochelle South 4" votes="0" />
                <Precinct name="Abbeville South 5" votes="0" />
            </VoteType>
        </Choice>
    </Contest>
    <Contest key="130" text="CLERK, SUPERIOR COURT" isQuestion="false" precinctsReporting="6" precinctsReported="6">
        <VoteType name="Number of Precincts for Race" votes="6">
            <Precinct name="Rochelle North 1" votes="1" />
            <Precinct name="Abbeville North 2" votes="1" />
            <Precinct name="Pineview 2" votes="1" />
            <Precinct name="Pitts 3" votes="1" />
            <Precinct name="Rochelle South 4" votes="1" />
            <Precinct name="Abbeville South 5" votes="1" />
        </VoteType>
        <VoteType name="Number of Precincts Reporting" votes="6">
            <Precinct name="Rochelle North 1" votes="1" />
            <Precinct name="Abbeville North 2" votes="1" />
            <Precinct name="Pineview 2" votes="1" />
            <Precinct name="Pitts 3" votes="1" />
            <Precinct name="Rochelle South 4" votes="1" />
            <Precinct name="Abbeville South 5" votes="1" />
        </VoteType>
        <Choice key="10" text="J. A. MAULDIN (R)" totalVotes="2415">
            <VoteType name="Election Day" votes="1211">
                <Precinct name="Rochelle North 1" votes="140" />
                <Precinct name="Abbeville North 2" votes="60" />
                <Precinct name="Pineview 2" votes="206" />
                <Precinct name="Pitts 3" votes="324" />
                <Precinct name="Rochelle South 4" votes="321" />
                <Precinct name="Abbeville South 5" votes="160" />
            </VoteType>
            <VoteType name="Absentee by Mail" votes="188">
                <Precinct name="Rochelle North 1" votes="9" />
                <Precinct name="Abbeville North 2" votes="16" />
                <Precinct name="Pineview 2" votes="21" />
                <Precinct name="Pitts 3" votes="29" />
                <Precinct name="Rochelle South 4" votes="51" />
                <Precinct name="Abbeville South 5" votes="62" />
            </VoteType>
            <VoteType name="Advance in Person" votes="1016">
                <Precinct name="Rochelle North 1" votes="28" />
                <Precinct name="Abbeville North 2" votes="122" />
                <Precinct name="Pineview 2" votes="73" />
                <Precinct name="Pitts 3" votes="137" />
                <Precinct name="Rochelle South 4" votes="235" />
                <Precinct name="Abbeville South 5" votes="421" />
            </VoteType>
            <VoteType name="Provisional" votes="0">
                <Precinct name="Rochelle North 1" votes="0" />
                <Precinct name="Abbeville North 2" votes="0" />
                <Precinct name="Pineview 2" votes="0" />
                <Precinct name="Pitts 3" votes="0" />
                <Precinct name="Rochelle South 4" votes="0" />
                <Precinct name="Abbeville South 5" votes="0" />
            </VoteType>
        </Choice>
    </Contest>
    <Contest key="150" text="SHERIFF" isQuestion="false" precinctsReporting="6" precinctsReported="6">
        <VoteType name="Number of Precincts for Race" votes="6">
            <Precinct name="Rochelle North 1" votes="1" />
            <Precinct name="Abbeville North 2" votes="1" />
            <Precinct name="Pineview 2" votes="1" />
            <Precinct name="Pitts 3" votes="1" />
            <Precinct name="Rochelle South 4" votes="1" />
            <Precinct name="Abbeville South 5" votes="1" />
        </VoteType>
        <VoteType name="Number of Precincts Reporting" votes="6">
            <Precinct name="Rochelle North 1" votes="1" />
            <Precinct name="Abbeville North 2" votes="1" />
            <Precinct name="Pineview 2" votes="1" />
            <Precinct name="Pitts 3" votes="1" />
            <Precinct name="Rochelle South 4" votes="1" />
            <Precinct name="Abbeville South 5" votes="1" />
        </VoteType>
        <Choice key="30" text="R. RODGERS (R)" totalVotes="2119">
            <VoteType name="Election Day" votes="1021">
                <Precinct name="Rochelle North 1" votes="59" />
                <Precinct name="Abbeville North 2" votes="41" />
                <Precinct name="Pineview 2" votes="177" />
                <Precinct name="Pitts 3" votes="309" />
                <Precinct name="Rochelle South 4" votes="309" />
                <Precinct name="Abbeville South 5" votes="126" />
            </VoteType>
            <VoteType name="Absentee by Mail" votes="177">
                <Precinct name="Rochelle North 1" votes="8" />
                <Precinct name="Abbeville North 2" votes="15" />
                <Precinct name="Pineview 2" votes="17" />
                <Precinct name="Pitts 3" votes="29" />
                <Precinct name="Rochelle South 4" votes="49" />
                <Precinct name="Abbeville South 5" votes="59" />
            </VoteType>
            <VoteType name="Advance in Person" votes="921">
                <Precinct name="Rochelle North 1" votes="24" />
                <Precinct name="Abbeville North 2" votes="94" />
                <Precinct name="Pineview 2" votes="67" />
                <Precinct name="Pitts 3" votes="134" />
                <Precinct name="Rochelle South 4" votes="229" />
                <Precinct name="Abbeville South 5" votes="373" />
            </VoteType>
            <VoteType name="Provisional" votes="0">
                <Precinct name="Rochelle North 1" votes="0" />
                <Precinct name="Abbeville North 2" votes="0" />
                <Precinct name="Pineview 2" votes="0" />
                <Precinct name="Pitts 3" votes="0" />
                <Precinct name="Rochelle South 4" votes="0" />
                <Precinct name="Abbeville South 5" votes="0" />
            </VoteType>
        </Choice>
        <Choice key="40" text="C. E. THOMPSON (D)" totalVotes="817">
            <VoteType name="Election Day" votes="531">
                <Precinct name="Rochelle North 1" votes="196" />
                <Precinct name="Abbeville North 2" votes="46" />
                <Precinct name="Pineview 2" votes="114" />
                <Precinct name="Pitts 3" votes="58" />
                <Precinct name="Rochelle South 4" votes="58" />
                <Precinct name="Abbeville South 5" votes="59" />
            </VoteType>
            <VoteType name="Absentee by Mail" votes="32">
                <Precinct name="Rochelle North 1" votes="6" />
                <Precinct name="Abbeville North 2" votes="4" />
                <Precinct name="Pineview 2" votes="7" />
                <Precinct name="Pitts 3" votes="5" />
                <Precinct name="Rochelle South 4" votes="4" />
                <Precinct name="Abbeville South 5" votes="6" />
            </VoteType>
            <VoteType name="Advance in Person" votes="254">
                <Precinct name="Rochelle North 1" votes="23" />
                <Precinct name="Abbeville North 2" votes="62" />
                <Precinct name="Pineview 2" votes="24" />
                <Precinct name="Pitts 3" votes="20" />
                <Precinct name="Rochelle South 4" votes="31" />
                <Precinct name="Abbeville South 5" votes="94" />
            </VoteType>
            <VoteType name="Provisional" votes="0">
                <Precinct name="Rochelle North 1" votes="0" />
                <Precinct name="Abbeville North 2" votes="0" />
                <Precinct name="Pineview 2" votes="0" />
                <Precinct name="Pitts 3" votes="0" />
                <Precinct name="Rochelle South 4" votes="0" />
                <Precinct name="Abbeville South 5" votes="0" />
            </VoteType>
        </Choice>
    </Contest>
    <Contest key="170" text="TAX COMMISSIONER" isQuestion="false" precinctsReporting="6" precinctsReported="6">
        <VoteType name="Number of Precincts for Race" votes="6">
            <Precinct name="Rochelle North 1" votes="1" />
            <Precinct name="Abbeville North 2" votes="1" />
            <Precinct name="Pineview 2" votes="1" />
            <Precinct name="Pitts 3" votes="1" />
            <Precinct name="Rochelle South 4" votes="1" />
            <Precinct name="Abbeville South 5" votes="1" />
        </VoteType>
        <VoteType name="Number of Precincts Reporting" votes="6">
            <Precinct name="Rochelle North 1" votes="1" />
            <Precinct name="Abbeville North 2" votes="1" />
            <Precinct name="Pineview 2" votes="1" />
            <Precinct name="Pitts 3" votes="1" />
            <Precinct name="Rochelle South 4" votes="1" />
            <Precinct name="Abbeville South 5" votes="1" />
        </VoteType>
        <Choice key="20" text="C. T. ELSBERRY (R)" totalVotes="2464">
            <VoteType name="Election Day" votes="1236">
                <Precinct name="Rochelle North 1" votes="148" />
                <Precinct name="Abbeville North 2" votes="56" />
                <Precinct name="Pineview 2" votes="216" />
                <Precinct name="Pitts 3" votes="329" />
                <Precinct name="Rochelle South 4" votes="324" />
                <Precinct name="Abbeville South 5" votes="163" />
            </VoteType>
            <VoteType name="Absentee by Mail" votes="189">
                <Precinct name="Rochelle North 1" votes="11" />
                <Precinct name="Abbeville North 2" votes="16" />
                <Precinct name="Pineview 2" votes="20" />
                <Precinct name="Pitts 3" votes="30" />
                <Precinct name="Rochelle South 4" votes="49" />
                <Precinct name="Abbeville South 5" votes="63" />
            </VoteType>
            <VoteType name="Advance in Person" votes="1039">
                <Precinct name="Rochelle North 1" votes="32" />
                <Precinct name="Abbeville North 2" votes="124" />
                <Precinct name="Pineview 2" votes="72" />
                <Precinct name="Pitts 3" votes="144" />
                <Precinct name="Rochelle South 4" votes="240" />
                <Precinct name="Abbeville South 5" votes="427" />
            </VoteType>
            <VoteType name="Provisional" votes="0">
                <Precinct name="Rochelle North 1" votes="0" />
                <Precinct name="Abbeville North 2" votes="0" />
                <Precinct name="Pineview 2" votes="0" />
                <Precinct name="Pitts 3" votes="0" />
                <Precinct name="Rochelle South 4" votes="0" />
                <Precinct name="Abbeville South 5" votes="0" />
            </VoteType>
        </Choice>
    </Contest>
    <Contest key="190" text="CORONER" isQuestion="false" precinctsReporting="6" precinctsReported="6">
        <VoteType name="Number of Precincts for Race" votes="6">
            <Precinct name="Rochelle North 1" votes="1" />
            <Precinct name="Abbeville North 2" votes="1" />
            <Precinct name="Pineview 2" votes="1" />
            <Precinct name="Pitts 3" votes="1" />
            <Precinct name="Rochelle South 4" votes="1" />
            <Precinct name="Abbeville South 5" votes="1" />
        </VoteType>
        <VoteType name="Number of Precincts Reporting" votes="6">
            <Precinct name="Rochelle North 1" votes="1" />
            <Precinct name="Abbeville North 2" votes="1" />
            <Precinct name="Pineview 2" votes="1" />
            <Precinct name="Pitts 3" votes="1" />
            <Precinct name="Rochelle South 4" votes="1" />
            <Precinct name="Abbeville South 5" votes="1" />
        </VoteType>
        <Choice key="10" text="J. B. BROWN (I) R" totalVotes="2457">
            <VoteType name="Election Day" votes="1234">
                <Precinct name="Rochelle North 1" votes="162" />
                <Precinct name="Abbeville North 2" votes="60" />
                <Precinct name="Pineview 2" votes="210" />
                <Precinct name="Pitts 3" votes="330" />
                <Precinct name="Rochelle South 4" votes="315" />
                <Precinct name="Abbeville South 5" votes="157" />
            </VoteType>
            <VoteType name="Absentee by Mail" votes="188">
                <Precinct name="Rochelle North 1" votes="11" />
                <Precinct name="Abbeville North 2" votes="16" />
                <Precinct name="Pineview 2" votes="22" />
                <Precinct name="Pitts 3" votes="29" />
                <Precinct name="Rochelle South 4" votes="47" />
                <Precinct name="Abbeville South 5" votes="63" />
            </VoteType>
            <VoteType name="Advance in Person" votes="1035">
                <Precinct name="Rochelle North 1" votes="33" />
                <Precinct name="Abbeville North 2" votes="123" />
                <Precinct name="Pineview 2" votes="73" />
                <Precinct name="Pitts 3" votes="142" />
                <Precinct name="Rochelle South 4" votes="236" />
                <Precinct name="Abbeville South 5" votes="428" />
            </VoteType>
            <VoteType name="Provisional" votes="0">
                <Precinct name="Rochelle North 1" votes="0" />
                <Precinct name="Abbeville North 2" votes="0" />
                <Precinct name="Pineview 2" votes="0" />
                <Precinct name="Pitts 3" votes="0" />
                <Precinct name="Rochelle South 4" votes="0" />
                <Precinct name="Abbeville South 5" votes="0" />
            </VoteType>
        </Choice>
    </Contest>
    <Contest key="201" text="CC, D2" isQuestion="false" precinctsReporting="3" precinctsReported="3">
        <VoteType name="Number of Precincts for Race" votes="3">
            <Precinct name="Abbeville North 2" votes="1" />
            <Precinct name="Pineview 2" votes="1" />
            <Precinct name="Abbeville South 5" votes="1" />
        </VoteType>
        <VoteType name="Number of Precincts Reporting" votes="3">
            <Precinct name="Abbeville North 2" votes="1" />
            <Precinct name="Pineview 2" votes="1" />
            <Precinct name="Abbeville South 5" votes="1" />
        </VoteType>
        <Choice key="10" text="D. M. BROWN (I) R" totalVotes="215">
            <VoteType name="Election Day" votes="78">
                <Precinct name="Abbeville North 2" votes="23" />
                <Precinct name="Pineview 2" votes="39" />
                <Precinct name="Abbeville South 5" votes="16" />
            </VoteType>
            <VoteType name="Absentee by Mail" votes="20">
                <Precinct name="Abbeville North 2" votes="5" />
                <Precinct name="Pineview 2" votes="6" />
                <Precinct name="Abbeville South 5" votes="9" />
            </VoteType>
            <VoteType name="Advance in Person" votes="117">
                <Precinct name="Abbeville North 2" votes="56" />
                <Precinct name="Pineview 2" votes="15" />
                <Precinct name="Abbeville South 5" votes="46" />
            </VoteType>
            <VoteType name="Provisional" votes="0">
                <Precinct name="Abbeville North 2" votes="0" />
                <Precinct name="Pineview 2" votes="0" />
                <Precinct name="Abbeville South 5" votes="0" />
            </VoteType>
        </Choice>
        <Choice key="20" text="A. HALL (D)" totalVotes="271">
            <VoteType name="Election Day" votes="124">
                <Precinct name="Abbeville North 2" votes="50" />
                <Precinct name="Pineview 2" votes="39" />
                <Precinct name="Abbeville South 5" votes="35" />
            </VoteType>
            <VoteType name="Absentee by Mail" votes="11">
                <Precinct name="Abbeville North 2" votes="6" />
                <Precinct name="Pineview 2" votes="2" />
                <Precinct name="Abbeville South 5" votes="3" />
            </VoteType>
            <VoteType name="Advance in Person" votes="136">
                <Precinct name="Abbeville North 2" votes="62" />
                <Precinct name="Pineview 2" votes="12" />
                <Precinct name="Abbeville South 5" votes="62" />
            </VoteType>
            <VoteType name="Provisional" votes="0">
                <Precinct name="Abbeville North 2" votes="0" />
                <Precinct name="Pineview 2" votes="0" />
                <Precinct name="Abbeville South 5" votes="0" />
            </VoteType>
        </Choice>
    </Contest>
    <Contest key="203" text="CC, D4" isQuestion="false" precinctsReporting="4" precinctsReported="4">
        <VoteType name="Number of Precincts for Race" votes="4">
            <Precinct name="Abbeville North 2" votes="1" />
            <Precinct name="Pineview 2" votes="1" />
            <Precinct name="Pitts 3" votes="1" />
            <Precinct name="Rochelle South 4" votes="1" />
        </VoteType>
        <VoteType name="Number of Precincts Reporting" votes="4">
            <Precinct name="Abbeville North 2" votes="1" />
            <Precinct name="Pineview 2" votes="1" />
            <Precinct name="Pitts 3" votes="1" />
            <Precinct name="Rochelle South 4" votes="1" />
        </VoteType>
        <Choice key="30" text="C. REID (R)" totalVotes="580">
            <VoteType name="Election Day" votes="301">
                <Precinct name="Abbeville North 2" votes="8" />
                <Precinct name="Pineview 2" votes="5" />
                <Precinct name="Pitts 3" votes="0" />
                <Precinct name="Rochelle South 4" votes="288" />
            </VoteType>
            <VoteType name="Absentee by Mail" votes="50">
                <Precinct name="Abbeville North 2" votes="5" />
                <Precinct name="Pineview 2" votes="0" />
                <Precinct name="Pitts 3" votes="0" />
                <Precinct name="Rochelle South 4" votes="45" />
            </VoteType>
            <VoteType name="Advance in Person" votes="229">
                <Precinct name="Abbeville North 2" votes="12" />
                <Precinct name="Pineview 2" votes="5" />
                <Precinct name="Pitts 3" votes="3" />
                <Precinct name="Rochelle South 4" votes="209" />
            </VoteType>
            <VoteType name="Provisional" votes="0">
                <Precinct name="Abbeville North 2" votes="0" />
                <Precinct name="Pineview 2" votes="0" />
                <Precinct name="Pitts 3" votes="0" />
                <Precinct name="Rochelle South 4" votes="0" />
            </VoteType>
        </Choice>
    </Contest>
    <Contest key="205" text="BOE, D2" isQuestion="false" precinctsReporting="3" precinctsReported="3">
        <VoteType name="Number of Precincts for Race" votes="3">
            <Precinct name="Abbeville North 2" votes="1" />
            <Precinct name="Pineview 2" votes="1" />
            <Precinct name="Abbeville South 5" votes="1" />
        </VoteType>
        <VoteType name="Number of Precincts Reporting" votes="3">
            <Precinct name="Abbeville North 2" votes="1" />
            <Precinct name="Pineview 2" votes="1" />
            <Precinct name="Abbeville South 5" votes="1" />
        </VoteType>
        <Choice key="10" text="W. H. DOZIER (I) D" totalVotes="411">
            <VoteType name="Election Day" votes="174">
                <Precinct name="Abbeville North 2" votes="57" />
                <Precinct name="Pineview 2" votes="74" />
                <Precinct name="Abbeville South 5" votes="43" />
            </VoteType>
            <VoteType name="Absentee by Mail" votes="26">
                <Precinct name="Abbeville North 2" votes="10" />
                <Precinct name="Pineview 2" votes="7" />
                <Precinct name="Abbeville South 5" votes="9" />
            </VoteType>
            <VoteType name="Advance in Person" votes="211">
                <Precinct name="Abbeville North 2" votes="92" />
                <Precinct name="Pineview 2" votes="24" />
                <Precinct name="Abbeville South 5" votes="95" />
            </VoteType>
            <VoteType name="Provisional" votes="0">
                <Precinct name="Abbeville North 2" votes="0" />
                <Precinct name="Pineview 2" votes="0" />
                <Precinct name="Abbeville South 5" votes="0" />
            </VoteType>
        </Choice>
    </Contest>
    <Contest key="206" text="BOE, D4" isQuestion="false" precinctsReporting="4" precinctsReported="4">
        <VoteType name="Number of Precincts for Race" votes="4">
            <Precinct name="Abbeville North 2" votes="1" />
            <Precinct name="Pineview 2" votes="1" />
            <Precinct name="Pitts 3" votes="1" />
            <Precinct name="Rochelle South 4" votes="1" />
        </VoteType>
        <VoteType name="Number of Precincts Reporting" votes="4">
            <Precinct name="Abbeville North 2" votes="1" />
            <Precinct name="Pineview 2" votes="1" />
            <Precinct name="Pitts 3" votes="1" />
            <Precinct name="Rochelle South 4" votes="1" />
        </VoteType>
        <Choice key="10" text="B. COLLIER (I) R" totalVotes="558">
            <VoteType name="Election Day" votes="291">
                <Precinct name="Abbeville North 2" votes="8" />
                <Precinct name="Pineview 2" votes="5" />
                <Precinct name="Pitts 3" votes="0" />
                <Precinct name="Rochelle South 4" votes="278" />
            </VoteType>
            <VoteType name="Absentee by Mail" votes="46">
                <Precinct name="Abbeville North 2" votes="5" />
                <Precinct name="Pineview 2" votes="0" />
                <Precinct name="Pitts 3" votes="0" />
                <Precinct name="Rochelle South 4" votes="41" />
            </VoteType>
            <VoteType name="Advance in Person" votes="221">
                <Precinct name="Abbeville North 2" votes="11" />
                <Precinct name="Pineview 2" votes="5" />
                <Precinct name="Pitts 3" votes="3" />
                <Precinct name="Rochelle South 4" votes="202" />
            </VoteType>
            <VoteType name="Provisional" votes="0">
                <Precinct name="Abbeville North 2" votes="0" />
                <Precinct name="Pineview 2" votes="0" />
                <Precinct name="Pitts 3" votes="0" />
                <Precinct name="Rochelle South 4" votes="0" />
            </VoteType>
        </Choice>
    </Contest>
    <Contest key="300" text="Constitutional Amendment #1&lt;br&gt;Provides greater flexibility and state accountability to fix failing schools through increasing community involvement." isQuestion="false" precinctsReporting="6" precinctsReported="6">
        <VoteType name="Number of Precincts for Race" votes="6">
            <Precinct name="Rochelle North 1" votes="1" />
            <Precinct name="Abbeville North 2" votes="1" />
            <Precinct name="Pineview 2" votes="1" />
            <Precinct name="Pitts 3" votes="1" />
            <Precinct name="Rochelle South 4" votes="1" />
            <Precinct name="Abbeville South 5" votes="1" />
        </VoteType>
        <VoteType name="Number of Precincts Reporting" votes="6">
            <Precinct name="Rochelle North 1" votes="1" />
            <Precinct name="Abbeville North 2" votes="1" />
            <Precinct name="Pineview 2" votes="1" />
            <Precinct name="Pitts 3" votes="1" />
            <Precinct name="Rochelle South 4" votes="1" />
            <Precinct name="Abbeville South 5" votes="1" />
        </VoteType>
        <Choice key="10" text="YES" totalVotes="869">
            <VoteType name="Election Day" votes="448">
                <Precinct name="Rochelle North 1" votes="93" />
                <Precinct name="Abbeville North 2" votes="25" />
                <Precinct name="Pineview 2" votes="104" />
                <Precinct name="Pitts 3" votes="86" />
                <Precinct name="Rochelle South 4" votes="78" />
                <Precinct name="Abbeville South 5" votes="62" />
            </VoteType>
            <VoteType name="Absentee by Mail" votes="81">
                <Precinct name="Rochelle North 1" votes="10" />
                <Precinct name="Abbeville North 2" votes="4" />
                <Precinct name="Pineview 2" votes="10" />
                <Precinct name="Pitts 3" votes="10" />
                <Precinct name="Rochelle South 4" votes="23" />
                <Precinct name="Abbeville South 5" votes="24" />
            </VoteType>
            <VoteType name="Advance in Person" votes="340">
                <Precinct name="Rochelle North 1" votes="12" />
                <Precinct name="Abbeville North 2" votes="63" />
                <Precinct name="Pineview 2" votes="25" />
                <Precinct name="Pitts 3" votes="42" />
                <Precinct name="Rochelle South 4" votes="63" />
                <Precinct name="Abbeville South 5" votes="135" />
            </VoteType>
            <VoteType name="Provisional" votes="0">
                <Precinct name="Rochelle North 1" votes="0" />
                <Precinct name="Abbeville North 2" votes="0" />
                <Precinct name="Pineview 2" votes="0" />
                <Precinct name="Pitts 3" votes="0" />
                <Precinct name="Rochelle South 4" votes="0" />
                <Precinct name="Abbeville South 5" votes="0" />
            </VoteType>
        </Choice>
        <Choice key="20" text="NO" totalVotes="1983">
            <VoteType name="Election Day" votes="1053">
                <Precinct name="Rochelle North 1" votes="149" />
                <Precinct name="Abbeville North 2" votes="57" />
                <Precinct name="Pineview 2" votes="177" />
                <Precinct name="Pitts 3" votes="270" />
                <Precinct name="Rochelle South 4" votes="279" />
                <Precinct name="Abbeville South 5" votes="121" />
            </VoteType>
            <VoteType name="Absentee by Mail" votes="119">
                <Precinct name="Rochelle North 1" votes="2" />
                <Precinct name="Abbeville North 2" votes="14" />
                <Precinct name="Pineview 2" votes="14" />
                <Precinct name="Pitts 3" votes="20" />
                <Precinct name="Rochelle South 4" votes="27" />
                <Precinct name="Abbeville South 5" votes="42" />
            </VoteType>
            <VoteType name="Advance in Person" votes="811">
                <Precinct name="Rochelle North 1" votes="32" />
                <Precinct name="Abbeville North 2" votes="84" />
                <Precinct name="Pineview 2" votes="59" />
                <Precinct name="Pitts 3" votes="113" />
                <Precinct name="Rochelle South 4" votes="193" />
                <Precinct name="Abbeville South 5" votes="330" />
            </VoteType>
            <VoteType name="Provisional" votes="0">
                <Precinct name="Rochelle North 1" votes="0" />
                <Precinct name="Abbeville North 2" votes="0" />
                <Precinct name="Pineview 2" votes="0" />
                <Precinct name="Pitts 3" votes="0" />
                <Precinct name="Rochelle South 4" votes="0" />
                <Precinct name="Abbeville South 5" votes="0" />
            </VoteType>
        </Choice>
    </Contest>
    <Contest key="310" text="Constitutional Amendment #2&lt;br&gt;Authorizes penalties for sexual exploitation and assessments on adult entertainment to fund child victims' services." isQuestion="false" precinctsReporting="6" precinctsReported="6">
        <VoteType name="Number of Precincts for Race" votes="6">
            <Precinct name="Rochelle North 1" votes="1" />
            <Precinct name="Abbeville North 2" votes="1" />
            <Precinct name="Pineview 2" votes="1" />
            <Precinct name="Pitts 3" votes="1" />
            <Precinct name="Rochelle South 4" votes="1" />
            <Precinct name="Abbeville South 5" votes="1" />
        </VoteType>
        <VoteType name="Number of Precincts Reporting" votes="6">
            <Precinct name="Rochelle North 1" votes="1" />
            <Precinct name="Abbeville North 2" votes="1" />
            <Precinct name="Pineview 2" votes="1" />
            <Precinct name="Pitts 3" votes="1" />
            <Precinct name="Rochelle South 4" votes="1" />
            <Precinct name="Abbeville South 5" votes="1" />
        </VoteType>
        <Choice key="10" text="YES" totalVotes="2226">
            <VoteType name="Election Day" votes="1129">
                <Precinct name="Rochelle North 1" votes="146" />
                <Precinct name="Abbeville North 2" votes="59" />
                <Precinct name="Pineview 2" votes="212" />
                <Precinct name="Pitts 3" votes="298" />
                <Precinct name="Rochelle South 4" votes="271" />
                <Precinct name="Abbeville South 5" votes="143" />
            </VoteType>
            <VoteType name="Absentee by Mail" votes="173">
                <Precinct name="Rochelle North 1" votes="13" />
                <Precinct name="Abbeville North 2" votes="13" />
                <Precinct name="Pineview 2" votes="19" />
                <Precinct name="Pitts 3" votes="28" />
                <Precinct name="Rochelle South 4" votes="43" />
                <Precinct name="Abbeville South 5" votes="57" />
            </VoteType>
            <VoteType name="Advance in Person" votes="924">
                <Precinct name="Rochelle North 1" votes="33" />
                <Precinct name="Abbeville North 2" votes="116" />
                <Precinct name="Pineview 2" votes="75" />
                <Precinct name="Pitts 3" votes="124" />
                <Precinct name="Rochelle South 4" votes="202" />
                <Precinct name="Abbeville South 5" votes="374" />
            </VoteType>
            <VoteType name="Provisional" votes="0">
                <Precinct name="Rochelle North 1" votes="0" />
                <Precinct name="Abbeville North 2" votes="0" />
                <Precinct name="Pineview 2" votes="0" />
                <Precinct name="Pitts 3" votes="0" />
                <Precinct name="Rochelle South 4" votes="0" />
                <Precinct name="Abbeville South 5" votes="0" />
            </VoteType>
        </Choice>
        <Choice key="20" text="NO" totalVotes="537">
            <VoteType name="Election Day" votes="317">
                <Precinct name="Rochelle North 1" votes="84" />
                <Precinct name="Abbeville North 2" votes="22" />
                <Precinct name="Pineview 2" votes="55" />
                <Precinct name="Pitts 3" votes="43" />
                <Precinct name="Rochelle South 4" votes="77" />
                <Precinct name="Abbeville South 5" votes="36" />
            </VoteType>
            <VoteType name="Absentee by Mail" votes="30">
                <Precinct name="Rochelle North 1" votes="0" />
                <Precinct name="Abbeville North 2" votes="5" />
                <Precinct name="Pineview 2" votes="5" />
                <Precinct name="Pitts 3" votes="3" />
                <Precinct name="Rochelle South 4" votes="8" />
                <Precinct name="Abbeville South 5" votes="9" />
            </VoteType>
            <VoteType name="Advance in Person" votes="190">
                <Precinct name="Rochelle North 1" votes="7" />
                <Precinct name="Abbeville North 2" votes="30" />
                <Precinct name="Pineview 2" votes="5" />
                <Precinct name="Pitts 3" votes="25" />
                <Precinct name="Rochelle South 4" votes="42" />
                <Precinct name="Abbeville South 5" votes="81" />
            </VoteType>
            <VoteType name="Provisional" votes="0">
                <Precinct name="Rochelle North 1" votes="0" />
                <Precinct name="Abbeville North 2" votes="0" />
                <Precinct name="Pineview 2" votes="0" />
                <Precinct name="Pitts 3" votes="0" />
                <Precinct name="Rochelle South 4" votes="0" />
                <Precinct name="Abbeville South 5" votes="0" />
            </VoteType>
        </Choice>
    </Contest>
    <Contest key="320" text="Constitutional Amendment #3&lt;br&gt;Reforms and re-establishes the Judicial Qualifications Commission and provides for its composition, governance, and powers." isQuestion="false" precinctsReporting="6" precinctsReported="6">
        <VoteType name="Number of Precincts for Race" votes="6">
            <Precinct name="Rochelle North 1" votes="1" />
            <Precinct name="Abbeville North 2" votes="1" />
            <Precinct name="Pineview 2" votes="1" />
            <Precinct name="Pitts 3" votes="1" />
            <Precinct name="Rochelle South 4" votes="1" />
            <Precinct name="Abbeville South 5" votes="1" />
        </VoteType>
        <VoteType name="Number of Precincts Reporting" votes="6">
            <Precinct name="Rochelle North 1" votes="1" />
            <Precinct name="Abbeville North 2" votes="1" />
            <Precinct name="Pineview 2" votes="1" />
            <Precinct name="Pitts 3" votes="1" />
            <Precinct name="Rochelle South 4" votes="1" />
            <Precinct name="Abbeville South 5" votes="1" />
        </VoteType>
        <Choice key="10" text="YES" totalVotes="1485">
            <VoteType name="Election Day" votes="757">
                <Precinct name="Rochelle North 1" votes="119" />
                <Precinct name="Abbeville North 2" votes="44" />
                <Precinct name="Pineview 2" votes="146" />
                <Precinct name="Pitts 3" votes="186" />
                <Precinct name="Rochelle South 4" votes="165" />
                <Precinct name="Abbeville South 5" votes="97" />
            </VoteType>
            <VoteType name="Absentee by Mail" votes="118">
                <Precinct name="Rochelle North 1" votes="11" />
                <Precinct name="Abbeville North 2" votes="9" />
                <Precinct name="Pineview 2" votes="17" />
                <Precinct name="Pitts 3" votes="17" />
                <Precinct name="Rochelle South 4" votes="25" />
                <Precinct name="Abbeville South 5" votes="39" />
            </VoteType>
            <VoteType name="Advance in Person" votes="610">
                <Precinct name="Rochelle North 1" votes="24" />
                <Precinct name="Abbeville North 2" votes="84" />
                <Precinct name="Pineview 2" votes="45" />
                <Precinct name="Pitts 3" votes="88" />
                <Precinct name="Rochelle South 4" votes="131" />
                <Precinct name="Abbeville South 5" votes="238" />
            </VoteType>
            <VoteType name="Provisional" votes="0">
                <Precinct name="Rochelle North 1" votes="0" />
                <Precinct name="Abbeville North 2" votes="0" />
                <Precinct name="Pineview 2" votes="0" />
                <Precinct name="Pitts 3" votes="0" />
                <Precinct name="Rochelle South 4" votes="0" />
                <Precinct name="Abbeville South 5" votes="0" />
            </VoteType>
        </Choice>
        <Choice key="20" text="NO" totalVotes="1123">
            <VoteType name="Election Day" votes="611">
                <Precinct name="Rochelle North 1" votes="100" />
                <Precinct name="Abbeville North 2" votes="32" />
                <Precinct name="Pineview 2" votes="105" />
                <Precinct name="Pitts 3" votes="140" />
                <Precinct name="Rochelle South 4" votes="163" />
                <Precinct name="Abbeville South 5" votes="71" />
            </VoteType>
            <VoteType name="Absentee by Mail" votes="74">
                <Precinct name="Rochelle North 1" votes="2" />
                <Precinct name="Abbeville North 2" votes="7" />
                <Precinct name="Pineview 2" votes="7" />
                <Precinct name="Pitts 3" votes="9" />
                <Precinct name="Rochelle South 4" votes="24" />
                <Precinct name="Abbeville South 5" votes="25" />
            </VoteType>
            <VoteType name="Advance in Person" votes="438">
                <Precinct name="Rochelle North 1" votes="15" />
                <Precinct name="Abbeville North 2" votes="51" />
                <Precinct name="Pineview 2" votes="31" />
                <Precinct name="Pitts 3" votes="51" />
                <Precinct name="Rochelle South 4" votes="107" />
                <Precinct name="Abbeville South 5" votes="183" />
            </VoteType>
            <VoteType name="Provisional" votes="0">
                <Precinct name="Rochelle North 1" votes="0" />
                <Precinct name="Abbeville North 2" votes="0" />
                <Precinct name="Pineview 2" votes="0" />
                <Precinct name="Pitts 3" votes="0" />
                <Precinct name="Rochelle South 4" votes="0" />
                <Precinct name="Abbeville South 5" votes="0" />
            </VoteType>
        </Choice>
    </Contest>
    <Contest key="330" text="Constitutional Amendment #4&lt;br&gt;Dedicates revenue from existing taxes on fireworks to trauma care, fire services, and public safety." isQuestion="false" precinctsReporting="6" precinctsReported="6">
        <VoteType name="Number of Precincts for Race" votes="6">
            <Precinct name="Rochelle North 1" votes="1" />
            <Precinct name="Abbeville North 2" votes="1" />
            <Precinct name="Pineview 2" votes="1" />
            <Precinct name="Pitts 3" votes="1" />
            <Precinct name="Rochelle South 4" votes="1" />
            <Precinct name="Abbeville South 5" votes="1" />
        </VoteType>
        <VoteType name="Number of Precincts Reporting" votes="6">
            <Precinct name="Rochelle North 1" votes="1" />
            <Precinct name="Abbeville North 2" votes="1" />
            <Precinct name="Pineview 2" votes="1" />
            <Precinct name="Pitts 3" votes="1" />
            <Precinct name="Rochelle South 4" votes="1" />
            <Precinct name="Abbeville South 5" votes="1" />
        </VoteType>
        <Choice key="10" text="YES" totalVotes="2069">
            <VoteType name="Election Day" votes="1060">
                <Precinct name="Rochelle North 1" votes="159" />
                <Precinct name="Abbeville North 2" votes="57" />
                <Precinct name="Pineview 2" votes="187" />
                <Precinct name="Pitts 3" votes="266" />
                <Precinct name="Rochelle South 4" votes="254" />
                <Precinct name="Abbeville South 5" votes="137" />
            </VoteType>
            <VoteType name="Absentee by Mail" votes="159">
                <Precinct name="Rochelle North 1" votes="12" />
                <Precinct name="Abbeville North 2" votes="11" />
                <Precinct name="Pineview 2" votes="16" />
                <Precinct name="Pitts 3" votes="26" />
                <Precinct name="Rochelle South 4" votes="41" />
                <Precinct name="Abbeville South 5" votes="53" />
            </VoteType>
            <VoteType name="Advance in Person" votes="850">
                <Precinct name="Rochelle North 1" votes="32" />
                <Precinct name="Abbeville North 2" votes="103" />
                <Precinct name="Pineview 2" votes="66" />
                <Precinct name="Pitts 3" votes="110" />
                <Precinct name="Rochelle South 4" votes="197" />
                <Precinct name="Abbeville South 5" votes="342" />
            </VoteType>
            <VoteType name="Provisional" votes="0">
                <Precinct name="Rochelle North 1" votes="0" />
                <Precinct name="Abbeville North 2" votes="0" />
                <Precinct name="Pineview 2" votes="0" />
                <Precinct name="Pitts 3" votes="0" />
                <Precinct name="Rochelle South 4" votes="0" />
                <Precinct name="Abbeville South 5" votes="0" />
            </VoteType>
        </Choice>
        <Choice key="20" text="NO" totalVotes="647">
            <VoteType name="Election Day" votes="354">
                <Precinct name="Rochelle North 1" votes="71" />
                <Precinct name="Abbeville North 2" votes="19" />
                <Precinct name="Pineview 2" votes="69" />
                <Precinct name="Pitts 3" votes="70" />
                <Precinct name="Rochelle South 4" votes="88" />
                <Precinct name="Abbeville South 5" votes="37" />
            </VoteType>
            <VoteType name="Absentee by Mail" votes="42">
                <Precinct name="Rochelle North 1" votes="1" />
                <Precinct name="Abbeville North 2" votes="7" />
                <Precinct name="Pineview 2" votes="8" />
                <Precinct name="Pitts 3" votes="3" />
                <Precinct name="Rochelle South 4" votes="11" />
                <Precinct name="Abbeville South 5" votes="12" />
            </VoteType>
            <VoteType name="Advance in Person" votes="251">
                <Precinct name="Rochelle North 1" votes="9" />
                <Precinct name="Abbeville North 2" votes="40" />
                <Precinct name="Pineview 2" votes="13" />
                <Precinct name="Pitts 3" votes="37" />
                <Precinct name="Rochelle South 4" votes="50" />
                <Precinct name="Abbeville South 5" votes="102" />
            </VoteType>
            <VoteType name="Provisional" votes="0">
                <Precinct name="Rochelle North 1" votes="0" />
                <Precinct name="Abbeville North 2" votes="0" />
                <Precinct name="Pineview 2" votes="0" />
                <Precinct name="Pitts 3" votes="0" />
                <Precinct name="Rochelle South 4" votes="0" />
                <Precinct name="Abbeville South 5" votes="0" />
            </VoteType>
        </Choice>
    </Contest>
    <Contest key="500" text="SPECIAL ELECTION- Sales &amp; Use" isQuestion="false" precinctsReporting="6" precinctsReported="6">
        <VoteType name="Number of Precincts for Race" votes="6">
            <Precinct name="Rochelle North 1" votes="1" />
            <Precinct name="Abbeville North 2" votes="1" />
            <Precinct name="Pineview 2" votes="1" />
            <Precinct name="Pitts 3" votes="1" />
            <Precinct name="Rochelle South 4" votes="1" />
            <Precinct name="Abbeville South 5" votes="1" />
        </VoteType>
        <VoteType name="Number of Precincts Reporting" votes="6">
            <Precinct name="Rochelle North 1" votes="1" />
            <Precinct name="Abbeville North 2" votes="1" />
            <Precinct name="Pineview 2" votes="1" />
            <Precinct name="Pitts 3" votes="1" />
            <Precinct name="Rochelle South 4" votes="1" />
            <Precinct name="Abbeville South 5" votes="1" />
        </VoteType>
        <Choice key="10" text="YES" totalVotes="2134">
            <VoteType name="Election Day" votes="1123">
                <Precinct name="Rochelle North 1" votes="173" />
                <Precinct name="Abbeville North 2" votes="60" />
                <Precinct name="Pineview 2" votes="195" />
                <Precinct name="Pitts 3" votes="278" />
                <Precinct name="Rochelle South 4" votes="276" />
                <Precinct name="Abbeville South 5" votes="141" />
            </VoteType>
            <VoteType name="Absentee by Mail" votes="134">
                <Precinct name="Rochelle North 1" votes="8" />
                <Precinct name="Abbeville North 2" votes="11" />
                <Precinct name="Pineview 2" votes="12" />
                <Precinct name="Pitts 3" votes="27" />
                <Precinct name="Rochelle South 4" votes="36" />
                <Precinct name="Abbeville South 5" votes="40" />
            </VoteType>
            <VoteType name="Advance in Person" votes="877">
                <Precinct name="Rochelle North 1" votes="37" />
                <Precinct name="Abbeville North 2" votes="108" />
                <Precinct name="Pineview 2" votes="60" />
                <Precinct name="Pitts 3" votes="120" />
                <Precinct name="Rochelle South 4" votes="197" />
                <Precinct name="Abbeville South 5" votes="355" />
            </VoteType>
            <VoteType name="Provisional" votes="0">
                <Precinct name="Rochelle North 1" votes="0" />
                <Precinct name="Abbeville North 2" votes="0" />
                <Precinct name="Pineview 2" votes="0" />
                <Precinct name="Pitts 3" votes="0" />
                <Precinct name="Rochelle South 4" votes="0" />
                <Precinct name="Abbeville South 5" votes="0" />
            </VoteType>
        </Choice>
        <Choice key="20" text="NO" totalVotes="655">
            <VoteType name="Election Day" votes="335">
                <Precinct name="Rochelle North 1" votes="64" />
                <Precinct name="Abbeville North 2" votes="20" />
                <Precinct name="Pineview 2" votes="73" />
                <Precinct name="Pitts 3" votes="69" />
                <Precinct name="Rochelle South 4" votes="69" />
                <Precinct name="Abbeville South 5" votes="40" />
            </VoteType>
            <VoteType name="Absentee by Mail" votes="65">
                <Precinct name="Rochelle North 1" votes="5" />
                <Precinct name="Abbeville North 2" votes="7" />
                <Precinct name="Pineview 2" votes="12" />
                <Precinct name="Pitts 3" votes="5" />
                <Precinct name="Rochelle South 4" votes="13" />
                <Precinct name="Abbeville South 5" votes="23" />
            </VoteType>
            <VoteType name="Advance in Person" votes="255">
                <Precinct name="Rochelle North 1" votes="6" />
                <Precinct name="Abbeville North 2" votes="43" />
                <Precinct name="Pineview 2" votes="21" />
                <Precinct name="Pitts 3" votes="33" />
                <Precinct name="Rochelle South 4" votes="54" />
                <Precinct name="Abbeville South 5" votes="98" />
            </VoteType>
            <VoteType name="Provisional" votes="0">
                <Precinct name="Rochelle North 1" votes="0" />
                <Precinct name="Abbeville North 2" votes="0" />
                <Precinct name="Pineview 2" votes="0" />
                <Precinct name="Pitts 3" votes="0" />
                <Precinct name="Rochelle South 4" votes="0" />
                <Precinct name="Abbeville South 5" votes="0" />
            </VoteType>
        </Choice>
    </Contest>
</ElectionResult>