"line number","contest name","choice name","party name","total votes","percent of votes","registered voters","ballots cast","num Precinct total","num Precinct rptg","over votes","under votes"
1,"President of the United States","DONALD J. TRUMP","",31125,76.91,51318,40986,21,21,"0","0"
2,"President of the United States","HILLARY CLINTON","",8292,20.49,51318,40986,21,21,"0","0"
3,"President of the United States","GARY JOHNSON","",1055,2.61,51318,40986,21,21,"0","0"
4,"United States Senator, Isakson","JOHNNY ISAKSON (I)","",29723,77.15,51318,40986,21,21,"0","0"
5,"United States Senator, Isakson","JIM BARKSDALE","",7183,18.64,51318,40986,21,21,"0","0"
6,"United States Senator, Isakson","ALLEN BUCKLEY","",1622,4.21,51318,40986,21,21,"0","0"
7,"Public Service Commission, District 2 - Eastern","TIM ECHOLS (I)","",30686,82.39,51318,40986,21,21,"0","0"
8,"Public Service Commission, District 2 - Eastern","ERIC HOSKINS","",6559,17.61,51318,40986,21,21,"0","0"
9,"U.S. Representative, District 10","JODY HICE (I)","",34727,100.00,51318,40986,21,21,"0","0"
10,"State Senator, District 25","BURT JONES (I)","",5290,100.00,7662,6234,4,4,"0","0"
11,"State Senator, District 46","BILL COWSERT (I)","",28931,100.00,43656,34752,17,17,"0","0"
12,"State Representative, District 114","TOM KIRBY (I)","",13887,100.00,19895,16253,7,7,"0","0"
13,"State Representative, District 115","BRUCE WILLIAMSON (I) (REP)","",20644,100.00,31423,24733,16,16,"0","0"
14,"District Attorney, Alcovy Circuit","LAYLA ZON (I)","",33823,100.00,51318,40986,21,21,"0","0"
15,"Probate Judge","B. E. WRIGHT (I)(R)","",34599,100.00,51318,40986,21,21,"0","0"
16,"Superior Court Clerk","K. K. TROST (I)(R)","",34537,100.00,51318,40986,21,21,"0","0"
17,"Sheriff","J. CHAPMAN (I)(R)","",33154,100.00,51318,40986,21,21,"0","0"
18,"Tax Commissioner","D. M. BOYD (I)(R)","",34261,100.00,51318,40986,21,21,"0","0"
19,"Surveyor","J. F. BREWER, III(R)","",34179,100.00,51318,40986,21,21,"0","0"
20,"Coroner","J. PAGE (I)(R)","",34181,100.00,51318,40986,21,21,"0","0"
21,"Chief Magistrate","M. BURKE (I)(R)","",34178,100.00,51318,40986,21,21,"0","0"
22,"County Comm Chair","K. W. LITTLE (I)(R)","",34203,100.00,51318,40986,21,21,"0","0"
23,"County Comm 2","M. C. BANKS (I)(R)","",5643,100.00,8980,7074,4,4,"0","0"
24,"County Comm 3","T. SHELNUTT (I)(R)","",6550,100.00,8869,7369,6,6,"0","0"
25,"County Comm 6","L. GARRETT (D)","",2052,47.85,6933,4696,8,8,"0","0"
26,"County Comm 6","K. L. DIXON (I)(Ind)","",2236,52.15,6933,4696,8,8,"0","0"
27,"BOE 3","D. M. TURNER (I)(R)","",5148,100.00,7641,6214,3,3,"0","0"
28,"BOE 4","C. A. LANDERS (I)(R)","",5070,100.00,7276,6001,4,4,"0","0"
29,"BOE 6","G. CANTRELL (I)(R)","",4801,82.21,7568,6137,4,4,"0","0"
30,"BOE 6","M. M. WALD (D)","",1039,17.79,7568,6137,4,4,"0","0"
31,"BOE 7","D. BREEDLOVE (I)(R)","",5225,100.00,7295,6041,5,5,"0","0"
32,"Constitutional Amendment #1<br>Provides greater flexibility and state accountability to fix failing schools through increasing community involvement.","YES","",16034,40.29,51318,40986,21,21,"0","0"
33,"Constitutional Amendment #1<br>Provides greater flexibility and state accountability to fix failing schools through increasing community involvement.","NO","",23759,59.71,51318,40986,21,21,"0","0"
34,"Constitutional Amendment #2<br>Authorizes penalties for sexual exploitation and assessments on adult entertainment to fund child victims' services.","YES","",33253,84.86,51318,40986,21,21,"0","0"
35,"Constitutional Amendment #2<br>Authorizes penalties for sexual exploitation and assessments on adult entertainment to fund child victims' services.","NO","",5934,15.14,51318,40986,21,21,"0","0"
36,"Constitutional Amendment #3<br>Reforms and re-establishes the Judicial Qualifications Commission and provides for its composition, governance, and powers.","YES","",23810,64.49,51318,40986,21,21,"0","0"
37,"Constitutional Amendment #3<br>Reforms and re-establishes the Judicial Qualifications Commission and provides for its composition, governance, and powers.","NO","",13110,35.51,51318,40986,21,21,"0","0"
38,"Constitutional Amendment #4<br>Dedicates revenue from existing taxes on fireworks to trauma care, fire services, and public safety.","YES","",32076,82.30,51318,40986,21,21,"0","0"
39,"Constitutional Amendment #4<br>Dedicates revenue from existing taxes on fireworks to trauma care, fire services, and public safety.","NO","",6899,17.70,51318,40986,21,21,"0","0"
40,"Good Hope - Mayor","J. GUTHRIE (I)","",137,100.00,179,154,1,1,"0","0"
41,"Good Hope - Council P1","K. PRATHER","",117,82.98,179,154,1,1,"0","0"
42,"Good Hope - Council P1","B. STUDDARD","",24,17.02,179,154,1,1,"0","0"
43,"Good Hope - Council P2","E. SHEPPARD (I)","",129,100.00,179,154,1,1,"0","0"
44,"Good Hope - Council P3","W. MALCOM (I)","",133,100.00,179,154,1,1,"0","0"
45,"Good Hope - Council P4","J. JAMESON (I)","",131,100.00,179,154,1,1,"0","0"
46,"Good Hope - Council P5","D. MULLIS, JR. (I)","",129,100.00,179,154,1,1,"0","0"
