<?xml version="1.0"?>
<!--Election result snapshot imported from Tabulation System
-->
<ElectionResult>
    <Timestamp>11/16/2016 11:36:43 AM EST</Timestamp>
    <ElectionName>November 8, 2016 - General Election</ElectionName>
    <ElectionDate>11/8/2016</ElectionDate>
    <Region>Ben Hill</Region>
    <VoterTurnout totalVoters="7899" ballotsCast="5994" voterTurnout="75.88">
        <Precincts>
            <Precinct name="East" totalVoters="3155" ballotsCast="2263" voterTurnout="71.73" percentReporting="4" />
            <Precinct name="West" totalVoters="4744" ballotsCast="3731" voterTurnout="78.65" percentReporting="4" />
        </Precincts>
    </VoterTurnout>
    <Contest key="1" text="President of the United States" isQuestion="false" precinctsReporting="2" precinctsReported="2">
        <VoteType name="Number of Precincts for Race" votes="2">
            <Precinct name="East" votes="1" />
            <Precinct name="West" votes="1" />
        </VoteType>
        <VoteType name="Number of Precincts Reporting" votes="2">
            <Precinct name="East" votes="1" />
            <Precinct name="West" votes="1" />
        </VoteType>
        <Choice key="10" text="DONALD J. TRUMP" totalVotes="3739">
            <VoteType name="Election Day" votes="907">
                <Precinct name="East" votes="233" />
                <Precinct name="West" votes="674" />
            </VoteType>
            <VoteType name="Absentee by Mail" votes="115">
                <Precinct name="East" votes="28" />
                <Precinct name="West" votes="87" />
            </VoteType>
            <VoteType name="Advance in Person" votes="2712">
                <Precinct name="East" votes="827" />
                <Precinct name="West" votes="1885" />
            </VoteType>
            <VoteType name="Provisional" votes="5">
                <Precinct name="East" votes="2" />
                <Precinct name="West" votes="3" />
            </VoteType>
        </Choice>
        <Choice key="20" text="HILLARY CLINTON" totalVotes="2101">
            <VoteType name="Election Day" votes="670">
                <Precinct name="East" votes="378" />
                <Precinct name="West" votes="292" />
            </VoteType>
            <VoteType name="Absentee by Mail" votes="117">
                <Precinct name="East" votes="67" />
                <Precinct name="West" votes="50" />
            </VoteType>
            <VoteType name="Advance in Person" votes="1311">
                <Precinct name="East" votes="669" />
                <Precinct name="West" votes="642" />
            </VoteType>
            <VoteType name="Provisional" votes="3">
                <Precinct name="East" votes="0" />
                <Precinct name="West" votes="3" />
            </VoteType>
        </Choice>
        <Choice key="30" text="GARY JOHNSON" totalVotes="91">
            <VoteType name="Election Day" votes="33">
                <Precinct name="East" votes="7" />
                <Precinct name="West" votes="26" />
            </VoteType>
            <VoteType name="Absentee by Mail" votes="11">
                <Precinct name="East" votes="3" />
                <Precinct name="West" votes="8" />
            </VoteType>
            <VoteType name="Advance in Person" votes="47">
                <Precinct name="East" votes="18" />
                <Precinct name="West" votes="29" />
            </VoteType>
            <VoteType name="Provisional" votes="0">
                <Precinct name="East" votes="0" />
                <Precinct name="West" votes="0" />
            </VoteType>
        </Choice>
    </Contest>
    <Contest key="5" text="United States Senator, Isakson" isQuestion="false" precinctsReporting="2" precinctsReported="2">
        <VoteType name="Number of Precincts for Race" votes="2">
            <Precinct name="East" votes="1" />
            <Precinct name="West" votes="1" />
        </VoteType>
        <VoteType name="Number of Precincts Reporting" votes="2">
            <Precinct name="East" votes="1" />
            <Precinct name="West" votes="1" />
        </VoteType>
        <Choice key="30" text="JOHNNY ISAKSON (I)" totalVotes="3589">
            <VoteType name="Election Day" votes="873">
                <Precinct name="East" votes="238" />
                <Precinct name="West" votes="635" />
            </VoteType>
            <VoteType name="Absentee by Mail" votes="122">
                <Precinct name="East" votes="30" />
                <Precinct name="West" votes="92" />
            </VoteType>
            <VoteType name="Advance in Person" votes="2589">
                <Precinct name="East" votes="790" />
                <Precinct name="West" votes="1799" />
            </VoteType>
            <VoteType name="Provisional" votes="5">
                <Precinct name="East" votes="2" />
                <Precinct name="West" votes="3" />
            </VoteType>
        </Choice>
        <Choice key="40" text="JIM BARKSDALE" totalVotes="1739">
            <VoteType name="Election Day" votes="556">
                <Precinct name="East" votes="308" />
                <Precinct name="West" votes="248" />
            </VoteType>
            <VoteType name="Absentee by Mail" votes="112">
                <Precinct name="East" votes="68" />
                <Precinct name="West" votes="44" />
            </VoteType>
            <VoteType name="Advance in Person" votes="1069">
                <Precinct name="East" votes="533" />
                <Precinct name="West" votes="536" />
            </VoteType>
            <VoteType name="Provisional" votes="2">
                <Precinct name="East" votes="0" />
                <Precinct name="West" votes="2" />
            </VoteType>
        </Choice>
        <Choice key="50" text="ALLEN BUCKLEY" totalVotes="135">
            <VoteType name="Election Day" votes="48">
                <Precinct name="East" votes="11" />
                <Precinct name="West" votes="37" />
            </VoteType>
            <VoteType name="Absentee by Mail" votes="8">
                <Precinct name="East" votes="1" />
                <Precinct name="West" votes="7" />
            </VoteType>
            <VoteType name="Advance in Person" votes="79">
                <Precinct name="East" votes="35" />
                <Precinct name="West" votes="44" />
            </VoteType>
            <VoteType name="Provisional" votes="0">
                <Precinct name="East" votes="0" />
                <Precinct name="West" votes="0" />
            </VoteType>
        </Choice>
    </Contest>
    <Contest key="15" text="Public Service Commission, District 2 - Eastern" isQuestion="false" precinctsReporting="2" precinctsReported="2">
        <VoteType name="Number of Precincts for Race" votes="2">
            <Precinct name="East" votes="1" />
            <Precinct name="West" votes="1" />
        </VoteType>
        <VoteType name="Number of Precincts Reporting" votes="2">
            <Precinct name="East" votes="1" />
            <Precinct name="West" votes="1" />
        </VoteType>
        <Choice key="20" text="TIM ECHOLS (I)" totalVotes="3877">
            <VoteType name="Election Day" votes="998">
                <Precinct name="East" votes="314" />
                <Precinct name="West" votes="684" />
            </VoteType>
            <VoteType name="Absentee by Mail" votes="136">
                <Precinct name="East" votes="42" />
                <Precinct name="West" votes="94" />
            </VoteType>
            <VoteType name="Advance in Person" votes="2738">
                <Precinct name="East" votes="854" />
                <Precinct name="West" votes="1884" />
            </VoteType>
            <VoteType name="Provisional" votes="5">
                <Precinct name="East" votes="2" />
                <Precinct name="West" votes="3" />
            </VoteType>
        </Choice>
        <Choice key="30" text="ERIC HOSKINS" totalVotes="1216">
            <VoteType name="Election Day" votes="382">
                <Precinct name="East" votes="183" />
                <Precinct name="West" votes="199" />
            </VoteType>
            <VoteType name="Absentee by Mail" votes="74">
                <Precinct name="East" votes="41" />
                <Precinct name="West" votes="33" />
            </VoteType>
            <VoteType name="Advance in Person" votes="759">
                <Precinct name="East" votes="363" />
                <Precinct name="West" votes="396" />
            </VoteType>
            <VoteType name="Provisional" votes="1">
                <Precinct name="East" votes="0" />
                <Precinct name="West" votes="1" />
            </VoteType>
        </Choice>
    </Contest>
    <Contest key="25" text="U.S. Representative, District 8" isQuestion="false" precinctsReporting="2" precinctsReported="2">
        <VoteType name="Number of Precincts for Race" votes="2">
            <Precinct name="East" votes="1" />
            <Precinct name="West" votes="1" />
        </VoteType>
        <VoteType name="Number of Precincts Reporting" votes="2">
            <Precinct name="East" votes="1" />
            <Precinct name="West" votes="1" />
        </VoteType>
        <Choice key="20" text="AUSTIN SCOTT (I)" totalVotes="3807">
            <VoteType name="Election Day" votes="938">
                <Precinct name="East" votes="261" />
                <Precinct name="West" votes="677" />
            </VoteType>
            <VoteType name="Absentee by Mail" votes="129">
                <Precinct name="East" votes="35" />
                <Precinct name="West" votes="94" />
            </VoteType>
            <VoteType name="Advance in Person" votes="2735">
                <Precinct name="East" votes="835" />
                <Precinct name="West" votes="1900" />
            </VoteType>
            <VoteType name="Provisional" votes="5">
                <Precinct name="East" votes="2" />
                <Precinct name="West" votes="3" />
            </VoteType>
        </Choice>
        <Choice key="30" text="JAMES NEAL HARRIS" totalVotes="1890">
            <VoteType name="Election Day" votes="600">
                <Precinct name="East" votes="320" />
                <Precinct name="West" votes="280" />
            </VoteType>
            <VoteType name="Absentee by Mail" votes="111">
                <Precinct name="East" votes="65" />
                <Precinct name="West" votes="46" />
            </VoteType>
            <VoteType name="Advance in Person" votes="1176">
                <Precinct name="East" votes="607" />
                <Precinct name="West" votes="569" />
            </VoteType>
            <VoteType name="Provisional" votes="3">
                <Precinct name="East" votes="0" />
                <Precinct name="West" votes="3" />
            </VoteType>
        </Choice>
    </Contest>
    <Contest key="35" text="State Senator, District 7" isQuestion="false" precinctsReporting="2" precinctsReported="2">
        <VoteType name="Number of Precincts for Race" votes="2">
            <Precinct name="East" votes="1" />
            <Precinct name="West" votes="1" />
        </VoteType>
        <VoteType name="Number of Precincts Reporting" votes="2">
            <Precinct name="East" votes="1" />
            <Precinct name="West" votes="1" />
        </VoteType>
        <Choice key="10" text="TYLER HARPER (I)" totalVotes="4622">
            <VoteType name="Election Day" votes="1253">
                <Precinct name="East" votes="438" />
                <Precinct name="West" votes="815" />
            </VoteType>
            <VoteType name="Absentee by Mail" votes="170">
                <Precinct name="East" votes="63" />
                <Precinct name="West" votes="107" />
            </VoteType>
            <VoteType name="Advance in Person" votes="3193">
                <Precinct name="East" votes="1066" />
                <Precinct name="West" votes="2127" />
            </VoteType>
            <VoteType name="Provisional" votes="6">
                <Precinct name="East" votes="2" />
                <Precinct name="West" votes="4" />
            </VoteType>
        </Choice>
    </Contest>
    <Contest key="45" text="State Representative, District 155" isQuestion="false" precinctsReporting="2" precinctsReported="2">
        <VoteType name="Number of Precincts for Race" votes="2">
            <Precinct name="East" votes="1" />
            <Precinct name="West" votes="1" />
        </VoteType>
        <VoteType name="Number of Precincts Reporting" votes="2">
            <Precinct name="East" votes="1" />
            <Precinct name="West" votes="1" />
        </VoteType>
        <Choice key="10" text="CLAY PIRKLE (I) (REP)" totalVotes="4562">
            <VoteType name="Election Day" votes="1232">
                <Precinct name="East" votes="424" />
                <Precinct name="West" votes="808" />
            </VoteType>
            <VoteType name="Absentee by Mail" votes="168">
                <Precinct name="East" votes="61" />
                <Precinct name="West" votes="107" />
            </VoteType>
            <VoteType name="Advance in Person" votes="3155">
                <Precinct name="East" votes="1049" />
                <Precinct name="West" votes="2106" />
            </VoteType>
            <VoteType name="Provisional" votes="7">
                <Precinct name="East" votes="2" />
                <Precinct name="West" votes="5" />
            </VoteType>
        </Choice>
    </Contest>
    <Contest key="50" text="District Attorney, Cordele Circuit" isQuestion="false" precinctsReporting="2" precinctsReported="2">
        <VoteType name="Number of Precincts for Race" votes="2">
            <Precinct name="East" votes="1" />
            <Precinct name="West" votes="1" />
        </VoteType>
        <VoteType name="Number of Precincts Reporting" votes="2">
            <Precinct name="East" votes="1" />
            <Precinct name="West" votes="1" />
        </VoteType>
        <Choice key="10" text="BRADFORD L RIGBY" totalVotes="4639">
            <VoteType name="Election Day" votes="1259">
                <Precinct name="East" votes="449" />
                <Precinct name="West" votes="810" />
            </VoteType>
            <VoteType name="Absentee by Mail" votes="183">
                <Precinct name="East" votes="71" />
                <Precinct name="West" votes="112" />
            </VoteType>
            <VoteType name="Advance in Person" votes="3191">
                <Precinct name="East" votes="1108" />
                <Precinct name="West" votes="2083" />
            </VoteType>
            <VoteType name="Provisional" votes="6">
                <Precinct name="East" votes="2" />
                <Precinct name="West" votes="4" />
            </VoteType>
        </Choice>
    </Contest>
    <Contest key="100" text="JUDGE, PROBATE COURT" isQuestion="false" precinctsReporting="2" precinctsReported="2">
        <VoteType name="Number of Precincts for Race" votes="2">
            <Precinct name="East" votes="1" />
            <Precinct name="West" votes="1" />
        </VoteType>
        <VoteType name="Number of Precincts Reporting" votes="2">
            <Precinct name="East" votes="1" />
            <Precinct name="West" votes="1" />
        </VoteType>
        <Choice key="10" text="D. HOBBY (I) D" totalVotes="5254">
            <VoteType name="Election Day" votes="1423">
                <Precinct name="East" votes="541" />
                <Precinct name="West" votes="882" />
            </VoteType>
            <VoteType name="Absentee by Mail" votes="228">
                <Precinct name="East" votes="92" />
                <Precinct name="West" votes="136" />
            </VoteType>
            <VoteType name="Advance in Person" votes="3596">
                <Precinct name="East" votes="1293" />
                <Precinct name="West" votes="2303" />
            </VoteType>
            <VoteType name="Provisional" votes="7">
                <Precinct name="East" votes="2" />
                <Precinct name="West" votes="5" />
            </VoteType>
        </Choice>
    </Contest>
    <Contest key="400" text="CLERK, SUPERIOR COURT" isQuestion="false" precinctsReporting="2" precinctsReported="2">
        <VoteType name="Number of Precincts for Race" votes="2">
            <Precinct name="East" votes="1" />
            <Precinct name="West" votes="1" />
        </VoteType>
        <VoteType name="Number of Precincts Reporting" votes="2">
            <Precinct name="East" votes="1" />
            <Precinct name="West" votes="1" />
        </VoteType>
        <Choice key="10" text="B. L. JOHNSON (I) D" totalVotes="5097">
            <VoteType name="Election Day" votes="1377">
                <Precinct name="East" votes="520" />
                <Precinct name="West" votes="857" />
            </VoteType>
            <VoteType name="Absentee by Mail" votes="217">
                <Precinct name="East" votes="87" />
                <Precinct name="West" votes="130" />
            </VoteType>
            <VoteType name="Advance in Person" votes="3497">
                <Precinct name="East" votes="1256" />
                <Precinct name="West" votes="2241" />
            </VoteType>
            <VoteType name="Provisional" votes="6">
                <Precinct name="East" votes="2" />
                <Precinct name="West" votes="4" />
            </VoteType>
        </Choice>
    </Contest>
    <Contest key="410" text="SHERIFF" isQuestion="false" precinctsReporting="2" precinctsReported="2">
        <VoteType name="Number of Precincts for Race" votes="2">
            <Precinct name="East" votes="1" />
            <Precinct name="West" votes="1" />
        </VoteType>
        <VoteType name="Number of Precincts Reporting" votes="2">
            <Precinct name="East" votes="1" />
            <Precinct name="West" votes="1" />
        </VoteType>
        <Choice key="10" text="L. CONE (R)" totalVotes="3228">
            <VoteType name="Election Day" votes="1010">
                <Precinct name="East" votes="359" />
                <Precinct name="West" votes="651" />
            </VoteType>
            <VoteType name="Absentee by Mail" votes="95">
                <Precinct name="East" votes="32" />
                <Precinct name="West" votes="63" />
            </VoteType>
            <VoteType name="Advance in Person" votes="2121">
                <Precinct name="East" votes="722" />
                <Precinct name="West" votes="1399" />
            </VoteType>
            <VoteType name="Provisional" votes="2">
                <Precinct name="East" votes="2" />
                <Precinct name="West" votes="0" />
            </VoteType>
        </Choice>
        <Choice key="20" text="B. MCLEMORE (I) D" totalVotes="2629">
            <VoteType name="Election Day" votes="592">
                <Precinct name="East" votes="254" />
                <Precinct name="West" votes="338" />
            </VoteType>
            <VoteType name="Absentee by Mail" votes="142">
                <Precinct name="East" votes="62" />
                <Precinct name="West" votes="80" />
            </VoteType>
            <VoteType name="Advance in Person" votes="1890">
                <Precinct name="East" votes="757" />
                <Precinct name="West" votes="1133" />
            </VoteType>
            <VoteType name="Provisional" votes="5">
                <Precinct name="East" votes="0" />
                <Precinct name="West" votes="5" />
            </VoteType>
        </Choice>
    </Contest>
    <Contest key="425" text="TAX COMMISSIONER" isQuestion="false" precinctsReporting="2" precinctsReported="2">
        <VoteType name="Number of Precincts for Race" votes="2">
            <Precinct name="East" votes="1" />
            <Precinct name="West" votes="1" />
        </VoteType>
        <VoteType name="Number of Precincts Reporting" votes="2">
            <Precinct name="East" votes="1" />
            <Precinct name="West" votes="1" />
        </VoteType>
        <Choice key="10" text="B. FOSTER (R)" totalVotes="3474">
            <VoteType name="Election Day" votes="829">
                <Precinct name="East" votes="212" />
                <Precinct name="West" votes="617" />
            </VoteType>
            <VoteType name="Absentee by Mail" votes="123">
                <Precinct name="East" votes="34" />
                <Precinct name="West" votes="89" />
            </VoteType>
            <VoteType name="Advance in Person" votes="2518">
                <Precinct name="East" votes="749" />
                <Precinct name="West" votes="1769" />
            </VoteType>
            <VoteType name="Provisional" votes="4">
                <Precinct name="East" votes="2" />
                <Precinct name="West" votes="2" />
            </VoteType>
        </Choice>
        <Choice key="20" text="O. D. NETTER (D)" totalVotes="2300">
            <VoteType name="Election Day" votes="729">
                <Precinct name="East" votes="382" />
                <Precinct name="West" votes="347" />
            </VoteType>
            <VoteType name="Absentee by Mail" votes="117">
                <Precinct name="East" votes="66" />
                <Precinct name="West" votes="51" />
            </VoteType>
            <VoteType name="Advance in Person" votes="1451">
                <Precinct name="East" votes="722" />
                <Precinct name="West" votes="729" />
            </VoteType>
            <VoteType name="Provisional" votes="3">
                <Precinct name="East" votes="0" />
                <Precinct name="West" votes="3" />
            </VoteType>
        </Choice>
    </Contest>
    <Contest key="460" text="CORONER" isQuestion="false" precinctsReporting="2" precinctsReported="2">
        <VoteType name="Number of Precincts for Race" votes="2">
            <Precinct name="East" votes="1" />
            <Precinct name="West" votes="1" />
        </VoteType>
        <VoteType name="Number of Precincts Reporting" votes="2">
            <Precinct name="East" votes="1" />
            <Precinct name="West" votes="1" />
        </VoteType>
        <Choice key="10" text="J. B. BURCH (I) R" totalVotes="4782">
            <VoteType name="Election Day" votes="1282">
                <Precinct name="East" votes="445" />
                <Precinct name="West" votes="837" />
            </VoteType>
            <VoteType name="Absentee by Mail" votes="172">
                <Precinct name="East" votes="61" />
                <Precinct name="West" votes="111" />
            </VoteType>
            <VoteType name="Advance in Person" votes="3322">
                <Precinct name="East" votes="1110" />
                <Precinct name="West" votes="2212" />
            </VoteType>
            <VoteType name="Provisional" votes="6">
                <Precinct name="East" votes="2" />
                <Precinct name="West" votes="4" />
            </VoteType>
        </Choice>
    </Contest>
    <Contest key="480" text="CHIEF MAGISTRATE" isQuestion="false" precinctsReporting="2" precinctsReported="2">
        <VoteType name="Number of Precincts for Race" votes="2">
            <Precinct name="East" votes="1" />
            <Precinct name="West" votes="1" />
        </VoteType>
        <VoteType name="Number of Precincts Reporting" votes="2">
            <Precinct name="East" votes="1" />
            <Precinct name="West" votes="1" />
        </VoteType>
        <Choice key="10" text="L. H. MCCARD (I) R" totalVotes="3387">
            <VoteType name="Election Day" votes="859">
                <Precinct name="East" votes="260" />
                <Precinct name="West" votes="599" />
            </VoteType>
            <VoteType name="Absentee by Mail" votes="99">
                <Precinct name="East" votes="29" />
                <Precinct name="West" votes="70" />
            </VoteType>
            <VoteType name="Advance in Person" votes="2425">
                <Precinct name="East" votes="751" />
                <Precinct name="West" votes="1674" />
            </VoteType>
            <VoteType name="Provisional" votes="4">
                <Precinct name="East" votes="2" />
                <Precinct name="West" votes="2" />
            </VoteType>
        </Choice>
        <Choice key="20" text="A. CLEGHORN (D)" totalVotes="2316">
            <VoteType name="Election Day" votes="678">
                <Precinct name="East" votes="323" />
                <Precinct name="West" votes="355" />
            </VoteType>
            <VoteType name="Absentee by Mail" votes="130">
                <Precinct name="East" votes="67" />
                <Precinct name="West" votes="63" />
            </VoteType>
            <VoteType name="Advance in Person" votes="1505">
                <Precinct name="East" votes="688" />
                <Precinct name="West" votes="817" />
            </VoteType>
            <VoteType name="Provisional" votes="3">
                <Precinct name="East" votes="0" />
                <Precinct name="West" votes="3" />
            </VoteType>
        </Choice>
    </Contest>
    <Contest key="500" text="CC, AT LARGE" isQuestion="false" precinctsReporting="2" precinctsReported="2">
        <VoteType name="Number of Precincts for Race" votes="2">
            <Precinct name="East" votes="1" />
            <Precinct name="West" votes="1" />
        </VoteType>
        <VoteType name="Number of Precincts Reporting" votes="2">
            <Precinct name="East" votes="1" />
            <Precinct name="West" votes="1" />
        </VoteType>
        <Choice key="10" text="S. TAYLOR (R)" totalVotes="4697">
            <VoteType name="Election Day" votes="1250">
                <Precinct name="East" votes="426" />
                <Precinct name="West" votes="824" />
            </VoteType>
            <VoteType name="Absentee by Mail" votes="182">
                <Precinct name="East" votes="64" />
                <Precinct name="West" votes="118" />
            </VoteType>
            <VoteType name="Advance in Person" votes="3259">
                <Precinct name="East" votes="1079" />
                <Precinct name="West" votes="2180" />
            </VoteType>
            <VoteType name="Provisional" votes="6">
                <Precinct name="East" votes="2" />
                <Precinct name="West" votes="4" />
            </VoteType>
        </Choice>
    </Contest>
    <Contest key="853" text="CC, D2 P1" isQuestion="false" precinctsReporting="2" precinctsReported="2">
        <VoteType name="Number of Precincts for Race" votes="2">
            <Precinct name="East" votes="1" />
            <Precinct name="West" votes="1" />
        </VoteType>
        <VoteType name="Number of Precincts Reporting" votes="2">
            <Precinct name="East" votes="1" />
            <Precinct name="West" votes="1" />
        </VoteType>
        <Choice key="10" text="B. CALLOWAY (I) D" totalVotes="2166">
            <VoteType name="Election Day" votes="652">
                <Precinct name="East" votes="467" />
                <Precinct name="West" votes="185" />
            </VoteType>
            <VoteType name="Absentee by Mail" votes="96">
                <Precinct name="East" votes="71" />
                <Precinct name="West" votes="25" />
            </VoteType>
            <VoteType name="Advance in Person" votes="1418">
                <Precinct name="East" votes="1015" />
                <Precinct name="West" votes="403" />
            </VoteType>
            <VoteType name="Provisional" votes="0">
                <Precinct name="East" votes="0" />
                <Precinct name="West" votes="0" />
            </VoteType>
        </Choice>
    </Contest>
    <Contest key="870" text="CC, D3 P2" isQuestion="false" precinctsReporting="2" precinctsReported="2">
        <VoteType name="Number of Precincts for Race" votes="2">
            <Precinct name="East" votes="1" />
            <Precinct name="West" votes="1" />
        </VoteType>
        <VoteType name="Number of Precincts Reporting" votes="2">
            <Precinct name="East" votes="1" />
            <Precinct name="West" votes="1" />
        </VoteType>
        <Choice key="10" text="D. COWAN (I) R" totalVotes="2918">
            <VoteType name="Election Day" votes="740">
                <Precinct name="East" votes="68" />
                <Precinct name="West" votes="672" />
            </VoteType>
            <VoteType name="Absentee by Mail" votes="105">
                <Precinct name="East" votes="14" />
                <Precinct name="West" votes="91" />
            </VoteType>
            <VoteType name="Advance in Person" votes="2068">
                <Precinct name="East" votes="251" />
                <Precinct name="West" votes="1817" />
            </VoteType>
            <VoteType name="Provisional" votes="5">
                <Precinct name="East" votes="1" />
                <Precinct name="West" votes="4" />
            </VoteType>
        </Choice>
    </Contest>
    <Contest key="890" text="Constitutional Amendment #1&lt;br&gt;Provides greater flexibility and state accountability to fix failing schools through increasing community involvement." isQuestion="false" precinctsReporting="2" precinctsReported="2">
        <VoteType name="Number of Precincts for Race" votes="2">
            <Precinct name="East" votes="1" />
            <Precinct name="West" votes="1" />
        </VoteType>
        <VoteType name="Number of Precincts Reporting" votes="2">
            <Precinct name="East" votes="1" />
            <Precinct name="West" votes="1" />
        </VoteType>
        <Choice key="10" text="YES" totalVotes="1798">
            <VoteType name="Election Day" votes="485">
                <Precinct name="East" votes="225" />
                <Precinct name="West" votes="260" />
            </VoteType>
            <VoteType name="Absentee by Mail" votes="81">
                <Precinct name="East" votes="37" />
                <Precinct name="West" votes="44" />
            </VoteType>
            <VoteType name="Advance in Person" votes="1228">
                <Precinct name="East" votes="521" />
                <Precinct name="West" votes="707" />
            </VoteType>
            <VoteType name="Provisional" votes="4">
                <Precinct name="East" votes="2" />
                <Precinct name="West" votes="2" />
            </VoteType>
        </Choice>
        <Choice key="20" text="NO" totalVotes="3939">
            <VoteType name="Election Day" votes="1080">
                <Precinct name="East" votes="366" />
                <Precinct name="West" votes="714" />
            </VoteType>
            <VoteType name="Absentee by Mail" votes="153">
                <Precinct name="East" votes="59" />
                <Precinct name="West" votes="94" />
            </VoteType>
            <VoteType name="Advance in Person" votes="2702">
                <Precinct name="East" votes="917" />
                <Precinct name="West" votes="1785" />
            </VoteType>
            <VoteType name="Provisional" votes="4">
                <Precinct name="East" votes="0" />
                <Precinct name="West" votes="4" />
            </VoteType>
        </Choice>
    </Contest>
    <Contest key="900" text="Constitutional Amendment #2&lt;br&gt;Authorizes penalties for sexual exploitation and assessments on adult entertainment to fund child victims' services." isQuestion="false" precinctsReporting="2" precinctsReported="2">
        <VoteType name="Number of Precincts for Race" votes="2">
            <Precinct name="East" votes="1" />
            <Precinct name="West" votes="1" />
        </VoteType>
        <VoteType name="Number of Precincts Reporting" votes="2">
            <Precinct name="East" votes="1" />
            <Precinct name="West" votes="1" />
        </VoteType>
        <Choice key="10" text="YES" totalVotes="4458">
            <VoteType name="Election Day" votes="1221">
                <Precinct name="East" votes="451" />
                <Precinct name="West" votes="770" />
            </VoteType>
            <VoteType name="Absentee by Mail" votes="188">
                <Precinct name="East" votes="79" />
                <Precinct name="West" votes="109" />
            </VoteType>
            <VoteType name="Advance in Person" votes="3043">
                <Precinct name="East" votes="1095" />
                <Precinct name="West" votes="1948" />
            </VoteType>
            <VoteType name="Provisional" votes="6">
                <Precinct name="East" votes="2" />
                <Precinct name="West" votes="4" />
            </VoteType>
        </Choice>
        <Choice key="20" text="NO" totalVotes="1174">
            <VoteType name="Election Day" votes="311">
                <Precinct name="East" votes="126" />
                <Precinct name="West" votes="185" />
            </VoteType>
            <VoteType name="Absentee by Mail" votes="43">
                <Precinct name="East" votes="17" />
                <Precinct name="West" votes="26" />
            </VoteType>
            <VoteType name="Advance in Person" votes="819">
                <Precinct name="East" votes="311" />
                <Precinct name="West" votes="508" />
            </VoteType>
            <VoteType name="Provisional" votes="1">
                <Precinct name="East" votes="0" />
                <Precinct name="West" votes="1" />
            </VoteType>
        </Choice>
    </Contest>
    <Contest key="910" text="Constitutional Amendment #3&lt;br&gt;Reforms and re-establishes the Judicial Qualifications Commission and provides for its composition, governance, and powers." isQuestion="false" precinctsReporting="2" precinctsReported="2">
        <VoteType name="Number of Precincts for Race" votes="2">
            <Precinct name="East" votes="1" />
            <Precinct name="West" votes="1" />
        </VoteType>
        <VoteType name="Number of Precincts Reporting" votes="2">
            <Precinct name="East" votes="1" />
            <Precinct name="West" votes="1" />
        </VoteType>
        <Choice key="10" text="YES" totalVotes="3136">
            <VoteType name="Election Day" votes="892">
                <Precinct name="East" votes="350" />
                <Precinct name="West" votes="542" />
            </VoteType>
            <VoteType name="Absentee by Mail" votes="149">
                <Precinct name="East" votes="67" />
                <Precinct name="West" votes="82" />
            </VoteType>
            <VoteType name="Advance in Person" votes="2090">
                <Precinct name="East" votes="776" />
                <Precinct name="West" votes="1314" />
            </VoteType>
            <VoteType name="Provisional" votes="5">
                <Precinct name="East" votes="2" />
                <Precinct name="West" votes="3" />
            </VoteType>
        </Choice>
        <Choice key="20" text="NO" totalVotes="2228">
            <VoteType name="Election Day" votes="562">
                <Precinct name="East" votes="198" />
                <Precinct name="West" votes="364" />
            </VoteType>
            <VoteType name="Absentee by Mail" votes="69">
                <Precinct name="East" votes="26" />
                <Precinct name="West" votes="43" />
            </VoteType>
            <VoteType name="Advance in Person" votes="1596">
                <Precinct name="East" votes="567" />
                <Precinct name="West" votes="1029" />
            </VoteType>
            <VoteType name="Provisional" votes="1">
                <Precinct name="East" votes="0" />
                <Precinct name="West" votes="1" />
            </VoteType>
        </Choice>
    </Contest>
    <Contest key="920" text="Constitutional Amendment #4&lt;br&gt;Dedicates revenue from existing taxes on fireworks to trauma care, fire services, and public safety." isQuestion="false" precinctsReporting="2" precinctsReported="2">
        <VoteType name="Number of Precincts for Race" votes="2">
            <Precinct name="East" votes="1" />
            <Precinct name="West" votes="1" />
        </VoteType>
        <VoteType name="Number of Precincts Reporting" votes="2">
            <Precinct name="East" votes="1" />
            <Precinct name="West" votes="1" />
        </VoteType>
        <Choice key="10" text="YES" totalVotes="4270">
            <VoteType name="Election Day" votes="1155">
                <Precinct name="East" votes="427" />
                <Precinct name="West" votes="728" />
            </VoteType>
            <VoteType name="Absentee by Mail" votes="200">
                <Precinct name="East" votes="83" />
                <Precinct name="West" votes="117" />
            </VoteType>
            <VoteType name="Advance in Person" votes="2909">
                <Precinct name="East" votes="1042" />
                <Precinct name="West" votes="1867" />
            </VoteType>
            <VoteType name="Provisional" votes="6">
                <Precinct name="East" votes="2" />
                <Precinct name="West" votes="4" />
            </VoteType>
        </Choice>
        <Choice key="20" text="NO" totalVotes="1356">
            <VoteType name="Election Day" votes="369">
                <Precinct name="East" votes="147" />
                <Precinct name="West" votes="222" />
            </VoteType>
            <VoteType name="Absentee by Mail" votes="33">
                <Precinct name="East" votes="14" />
                <Precinct name="West" votes="19" />
            </VoteType>
            <VoteType name="Advance in Person" votes="954">
                <Precinct name="East" votes="376" />
                <Precinct name="West" votes="578" />
            </VoteType>
            <VoteType name="Provisional" votes="0">
                <Precinct name="East" votes="0" />
                <Precinct name="West" votes="0" />
            </VoteType>
        </Choice>
    </Contest>
</ElectionResult>