"line number","contest name","choice name","party name","total votes","percent of votes","registered voters","ballots cast","num Precinct total","num Precinct rptg","over votes","under votes"
1,"President of the United States","DONALD J. TRUMP","",775,53.82,1974,1453,5,5,"0","0"
2,"President of the United States","HILLARY CLINTON","",650,45.14,1974,1453,5,5,"0","0"
3,"President of the United States","GARY JOHNSON","",15,1.04,1974,1453,5,5,"0","0"
4,"United States Senator, Isakson","JOHNNY ISAKSON (I)","",763,57.67,1974,1453,5,5,"0","0"
5,"United States Senator, Isakson","JIM BARKSDALE","",531,40.14,1974,1453,5,5,"0","0"
6,"United States Senator, Isakson","ALLEN BUCKLEY","",29,2.19,1974,1453,5,5,"0","0"
7,"Public Service Commission, District 2 - Eastern","TIM ECHOLS (I)","",816,70.53,1974,1453,5,5,"0","0"
8,"Public Service Commission, District 2 - Eastern","ERIC HOSKINS","",341,29.47,1974,1453,5,5,"0","0"
9,"U.S. Representative, District 2","GREG DUKE (REP)","",627,44.66,1974,1453,5,5,"0","0"
10,"U.S. Representative, District 2","SANFORD BISHOP (I) (DEM)","",777,55.34,1974,1453,5,5,"0","0"
11,"State Senator, District 12","FREDDIE POWELL SIMS (I) (DEM)","",968,100.00,1974,1453,5,5,"0","0"
12,"State Representative, District 154","WINFRED DUKES (I) (DEM)","",1010,100.00,1974,1453,5,5,"0","0"
13,"District Attorney, South Georgia Circuit","JOE MULHOLLAND (I) (DEM)","",1026,100.00,1974,1453,5,5,"0","0"
14,"PROBATE JUDGE","A. HENDRICKS (I) D","",1171,100.00,1974,1453,5,5,"0","0"
15,"CLERK SUPERIOR COURT","B. BUSH (I) D","",1181,100.00,1974,1453,5,5,"0","0"
16,"SHERIFF","D. MEADE (I) D","",1106,100.00,1974,1453,5,5,"0","0"
17,"TAX COMMISSIONER","M. SMITH (I) D","",1140,100.00,1974,1453,5,5,"0","0"
18,"CORONER","A. LOFTON (D)","",1055,100.00,1974,1453,5,5,"0","0"
19,"CC ANNA","C. BRYAN (I) D ","",1047,100.00,1974,1453,5,5,"0","0"
20,"CC ELMODEL","C. HOBBS (I) D","",1038,100.00,1974,1453,5,5,"0","0"
21,"CC HOGGARDS MILL","C. MOORE (I) D","",1036,100.00,1974,1453,5,5,"0","0"
22,"CC MILFORD","T. RENTZ (I) D","",1033,100.00,1974,1453,5,5,"0","0"
23,"CC NEWTON","V. IRVIN (I) D","",1093,100.00,1974,1453,5,5,"0","0"
24,"BOE ANNA","L. BURCH (I) D","",1041,100.00,1974,1453,5,5,"0","0"
25,"BOE ELMODEL","B. WILLIAMS (D)","",973,100.00,1974,1453,5,5,"0","0"
26,"BOE HOGGARDS","J. M. ANDERSON (D)","",984,100.00,1974,1453,5,5,"0","0"
27,"BOE MILFORD","B. HUDSON (I) D","",1006,100.00,1974,1453,5,5,"0","0"
28,"BOE NEWTON","M. PARKER (D)","",1036,100.00,1974,1453,5,5,"0","0"
29,"Constitutional Amendment #1<br>Provides greater flexibility and state accountability to fix failing schools through increasing community involvement.","YES","",515,37.84,1974,1453,5,5,"0","0"
30,"Constitutional Amendment #1<br>Provides greater flexibility and state accountability to fix failing schools through increasing community involvement.","NO","",846,62.16,1974,1453,5,5,"0","0"
31,"Constitutional Amendment #2<br>Authorizes penalties for sexual exploitation and assessments on adult entertainment to fund child victims' services.","YES","",991,76.29,1974,1453,5,5,"0","0"
32,"Constitutional Amendment #2<br>Authorizes penalties for sexual exploitation and assessments on adult entertainment to fund child victims' services.","NO","",308,23.71,1974,1453,5,5,"0","0"
33,"Constitutional Amendment #3<br>Reforms and re-establishes the Judicial Qualifications Commission and provides for its composition, governance, and powers.","YES","",686,56.37,1974,1453,5,5,"0","0"
34,"Constitutional Amendment #3<br>Reforms and re-establishes the Judicial Qualifications Commission and provides for its composition, governance, and powers.","NO","",531,43.63,1974,1453,5,5,"0","0"
35,"Constitutional Amendment #4<br>Dedicates revenue from existing taxes on fireworks to trauma care, fire services, and public safety.","YES","",977,75.04,1974,1453,5,5,"0","0"
36,"Constitutional Amendment #4<br>Dedicates revenue from existing taxes on fireworks to trauma care, fire services, and public safety.","NO","",325,24.96,1974,1453,5,5,"0","0"
