<?xml version="1.0"?>
<!--Election result snapshot imported from Tabulation System
-->
<ElectionResult>
    <Timestamp>11/14/2016 11:09:55 AM EST</Timestamp>
    <ElectionName>November 8, 2016 - General Election</ElectionName>
    <ElectionDate>11/8/2016</ElectionDate>
    <Region>Glascock</Region>
    <VoterTurnout totalVoters="1733" ballotsCast="1403" voterTurnout="80.96">
        <Precincts>
            <Precinct name="Edgehill" totalVoters="107" ballotsCast="96" voterTurnout="89.72" percentReporting="4" />
            <Precinct name="Gibson" totalVoters="598" ballotsCast="470" voterTurnout="78.60" percentReporting="4" />
            <Precinct name="Mill" totalVoters="644" ballotsCast="517" voterTurnout="80.28" percentReporting="4" />
            <Precinct name="Mitchell" totalVoters="384" ballotsCast="320" voterTurnout="83.33" percentReporting="4" />
        </Precincts>
    </VoterTurnout>
    <Contest key="1" text="President of the United States" isQuestion="false" precinctsReporting="4" precinctsReported="4">
        <VoteType name="Number of Precincts for Race" votes="4">
            <Precinct name="Edgehill" votes="1" />
            <Precinct name="Gibson" votes="1" />
            <Precinct name="Mill" votes="1" />
            <Precinct name="Mitchell" votes="1" />
        </VoteType>
        <VoteType name="Number of Precincts Reporting" votes="4">
            <Precinct name="Edgehill" votes="1" />
            <Precinct name="Gibson" votes="1" />
            <Precinct name="Mill" votes="1" />
            <Precinct name="Mitchell" votes="1" />
        </VoteType>
        <Choice key="10" text="DONALD J. TRUMP" totalVotes="1235">
            <VoteType name="Election Day" votes="532">
                <Precinct name="Edgehill" votes="53" />
                <Precinct name="Gibson" votes="147" />
                <Precinct name="Mill" votes="192" />
                <Precinct name="Mitchell" votes="140" />
            </VoteType>
            <VoteType name="Absentee by Mail" votes="59">
                <Precinct name="Edgehill" votes="4" />
                <Precinct name="Gibson" votes="26" />
                <Precinct name="Mill" votes="22" />
                <Precinct name="Mitchell" votes="7" />
            </VoteType>
            <VoteType name="Advance in Person" votes="644">
                <Precinct name="Edgehill" votes="33" />
                <Precinct name="Gibson" votes="237" />
                <Precinct name="Mill" votes="259" />
                <Precinct name="Mitchell" votes="115" />
            </VoteType>
            <VoteType name="Provisional" votes="0">
                <Precinct name="Edgehill" votes="0" />
                <Precinct name="Gibson" votes="0" />
                <Precinct name="Mill" votes="0" />
                <Precinct name="Mitchell" votes="0" />
            </VoteType>
        </Choice>
        <Choice key="20" text="HILLARY CLINTON" totalVotes="138">
            <VoteType name="Election Day" votes="75">
                <Precinct name="Edgehill" votes="4" />
                <Precinct name="Gibson" votes="22" />
                <Precinct name="Mill" votes="15" />
                <Precinct name="Mitchell" votes="34" />
            </VoteType>
            <VoteType name="Absentee by Mail" votes="15">
                <Precinct name="Edgehill" votes="0" />
                <Precinct name="Gibson" votes="5" />
                <Precinct name="Mill" votes="3" />
                <Precinct name="Mitchell" votes="7" />
            </VoteType>
            <VoteType name="Advance in Person" votes="48">
                <Precinct name="Edgehill" votes="2" />
                <Precinct name="Gibson" votes="19" />
                <Precinct name="Mill" votes="15" />
                <Precinct name="Mitchell" votes="12" />
            </VoteType>
            <VoteType name="Provisional" votes="0">
                <Precinct name="Edgehill" votes="0" />
                <Precinct name="Gibson" votes="0" />
                <Precinct name="Mill" votes="0" />
                <Precinct name="Mitchell" votes="0" />
            </VoteType>
        </Choice>
        <Choice key="30" text="GARY JOHNSON" totalVotes="17">
            <VoteType name="Election Day" votes="10">
                <Precinct name="Edgehill" votes="0" />
                <Precinct name="Gibson" votes="6" />
                <Precinct name="Mill" votes="2" />
                <Precinct name="Mitchell" votes="2" />
            </VoteType>
            <VoteType name="Absentee by Mail" votes="1">
                <Precinct name="Edgehill" votes="0" />
                <Precinct name="Gibson" votes="1" />
                <Precinct name="Mill" votes="0" />
                <Precinct name="Mitchell" votes="0" />
            </VoteType>
            <VoteType name="Advance in Person" votes="6">
                <Precinct name="Edgehill" votes="0" />
                <Precinct name="Gibson" votes="2" />
                <Precinct name="Mill" votes="3" />
                <Precinct name="Mitchell" votes="1" />
            </VoteType>
            <VoteType name="Provisional" votes="0">
                <Precinct name="Edgehill" votes="0" />
                <Precinct name="Gibson" votes="0" />
                <Precinct name="Mill" votes="0" />
                <Precinct name="Mitchell" votes="0" />
            </VoteType>
        </Choice>
    </Contest>
    <Contest key="10" text="United States Senator, Isakson" isQuestion="false" precinctsReporting="4" precinctsReported="4">
        <VoteType name="Number of Precincts for Race" votes="4">
            <Precinct name="Edgehill" votes="1" />
            <Precinct name="Gibson" votes="1" />
            <Precinct name="Mill" votes="1" />
            <Precinct name="Mitchell" votes="1" />
        </VoteType>
        <VoteType name="Number of Precincts Reporting" votes="4">
            <Precinct name="Edgehill" votes="1" />
            <Precinct name="Gibson" votes="1" />
            <Precinct name="Mill" votes="1" />
            <Precinct name="Mitchell" votes="1" />
        </VoteType>
        <Choice key="10" text="JOHNNY ISAKSON (I)" totalVotes="1101">
            <VoteType name="Election Day" votes="475">
                <Precinct name="Edgehill" votes="46" />
                <Precinct name="Gibson" votes="127" />
                <Precinct name="Mill" votes="174" />
                <Precinct name="Mitchell" votes="128" />
            </VoteType>
            <VoteType name="Absentee by Mail" votes="57">
                <Precinct name="Edgehill" votes="3" />
                <Precinct name="Gibson" votes="21" />
                <Precinct name="Mill" votes="23" />
                <Precinct name="Mitchell" votes="10" />
            </VoteType>
            <VoteType name="Advance in Person" votes="569">
                <Precinct name="Edgehill" votes="25" />
                <Precinct name="Gibson" votes="211" />
                <Precinct name="Mill" votes="228" />
                <Precinct name="Mitchell" votes="105" />
            </VoteType>
            <VoteType name="Provisional" votes="0">
                <Precinct name="Edgehill" votes="0" />
                <Precinct name="Gibson" votes="0" />
                <Precinct name="Mill" votes="0" />
                <Precinct name="Mitchell" votes="0" />
            </VoteType>
        </Choice>
        <Choice key="20" text="JIM BARKSDALE" totalVotes="142">
            <VoteType name="Election Day" votes="71">
                <Precinct name="Edgehill" votes="7" />
                <Precinct name="Gibson" votes="23" />
                <Precinct name="Mill" votes="12" />
                <Precinct name="Mitchell" votes="29" />
            </VoteType>
            <VoteType name="Absentee by Mail" votes="11">
                <Precinct name="Edgehill" votes="1" />
                <Precinct name="Gibson" votes="5" />
                <Precinct name="Mill" votes="2" />
                <Precinct name="Mitchell" votes="3" />
            </VoteType>
            <VoteType name="Advance in Person" votes="60">
                <Precinct name="Edgehill" votes="6" />
                <Precinct name="Gibson" votes="21" />
                <Precinct name="Mill" votes="22" />
                <Precinct name="Mitchell" votes="11" />
            </VoteType>
            <VoteType name="Provisional" votes="0">
                <Precinct name="Edgehill" votes="0" />
                <Precinct name="Gibson" votes="0" />
                <Precinct name="Mill" votes="0" />
                <Precinct name="Mitchell" votes="0" />
            </VoteType>
        </Choice>
        <Choice key="30" text="ALLEN BUCKLEY" totalVotes="37">
            <VoteType name="Election Day" votes="19">
                <Precinct name="Edgehill" votes="1" />
                <Precinct name="Gibson" votes="11" />
                <Precinct name="Mill" votes="4" />
                <Precinct name="Mitchell" votes="3" />
            </VoteType>
            <VoteType name="Absentee by Mail" votes="3">
                <Precinct name="Edgehill" votes="0" />
                <Precinct name="Gibson" votes="3" />
                <Precinct name="Mill" votes="0" />
                <Precinct name="Mitchell" votes="0" />
            </VoteType>
            <VoteType name="Advance in Person" votes="15">
                <Precinct name="Edgehill" votes="0" />
                <Precinct name="Gibson" votes="5" />
                <Precinct name="Mill" votes="10" />
                <Precinct name="Mitchell" votes="0" />
            </VoteType>
            <VoteType name="Provisional" votes="0">
                <Precinct name="Edgehill" votes="0" />
                <Precinct name="Gibson" votes="0" />
                <Precinct name="Mill" votes="0" />
                <Precinct name="Mitchell" votes="0" />
            </VoteType>
        </Choice>
    </Contest>
    <Contest key="30" text="Public Service Commission, District 2 - Eastern" isQuestion="false" precinctsReporting="4" precinctsReported="4">
        <VoteType name="Number of Precincts for Race" votes="4">
            <Precinct name="Edgehill" votes="1" />
            <Precinct name="Gibson" votes="1" />
            <Precinct name="Mill" votes="1" />
            <Precinct name="Mitchell" votes="1" />
        </VoteType>
        <VoteType name="Number of Precincts Reporting" votes="4">
            <Precinct name="Edgehill" votes="1" />
            <Precinct name="Gibson" votes="1" />
            <Precinct name="Mill" votes="1" />
            <Precinct name="Mitchell" votes="1" />
        </VoteType>
        <Choice key="10" text="TIM ECHOLS (I)" totalVotes="1076">
            <VoteType name="Election Day" votes="466">
                <Precinct name="Edgehill" votes="42" />
                <Precinct name="Gibson" votes="129" />
                <Precinct name="Mill" votes="175" />
                <Precinct name="Mitchell" votes="120" />
            </VoteType>
            <VoteType name="Absentee by Mail" votes="52">
                <Precinct name="Edgehill" votes="4" />
                <Precinct name="Gibson" votes="18" />
                <Precinct name="Mill" votes="21" />
                <Precinct name="Mitchell" votes="9" />
            </VoteType>
            <VoteType name="Advance in Person" votes="558">
                <Precinct name="Edgehill" votes="27" />
                <Precinct name="Gibson" votes="197" />
                <Precinct name="Mill" votes="231" />
                <Precinct name="Mitchell" votes="103" />
            </VoteType>
            <VoteType name="Provisional" votes="0">
                <Precinct name="Edgehill" votes="0" />
                <Precinct name="Gibson" votes="0" />
                <Precinct name="Mill" votes="0" />
                <Precinct name="Mitchell" votes="0" />
            </VoteType>
        </Choice>
        <Choice key="20" text="ERIC HOSKINS" totalVotes="125">
            <VoteType name="Election Day" votes="69">
                <Precinct name="Edgehill" votes="4" />
                <Precinct name="Gibson" votes="24" />
                <Precinct name="Mill" votes="15" />
                <Precinct name="Mitchell" votes="26" />
            </VoteType>
            <VoteType name="Absentee by Mail" votes="7">
                <Precinct name="Edgehill" votes="0" />
                <Precinct name="Gibson" votes="6" />
                <Precinct name="Mill" votes="1" />
                <Precinct name="Mitchell" votes="0" />
            </VoteType>
            <VoteType name="Advance in Person" votes="49">
                <Precinct name="Edgehill" votes="1" />
                <Precinct name="Gibson" votes="20" />
                <Precinct name="Mill" votes="21" />
                <Precinct name="Mitchell" votes="7" />
            </VoteType>
            <VoteType name="Provisional" votes="0">
                <Precinct name="Edgehill" votes="0" />
                <Precinct name="Gibson" votes="0" />
                <Precinct name="Mill" votes="0" />
                <Precinct name="Mitchell" votes="0" />
            </VoteType>
        </Choice>
    </Contest>
    <Contest key="50" text="U.S. Representative, District 10" isQuestion="false" precinctsReporting="4" precinctsReported="4">
        <VoteType name="Number of Precincts for Race" votes="4">
            <Precinct name="Edgehill" votes="1" />
            <Precinct name="Gibson" votes="1" />
            <Precinct name="Mill" votes="1" />
            <Precinct name="Mitchell" votes="1" />
        </VoteType>
        <VoteType name="Number of Precincts Reporting" votes="4">
            <Precinct name="Edgehill" votes="1" />
            <Precinct name="Gibson" votes="1" />
            <Precinct name="Mill" votes="1" />
            <Precinct name="Mitchell" votes="1" />
        </VoteType>
        <Choice key="10" text="JODY HICE (I)" totalVotes="1131">
            <VoteType name="Election Day" votes="506">
                <Precinct name="Edgehill" votes="45" />
                <Precinct name="Gibson" votes="145" />
                <Precinct name="Mill" votes="179" />
                <Precinct name="Mitchell" votes="137" />
            </VoteType>
            <VoteType name="Absentee by Mail" votes="48">
                <Precinct name="Edgehill" votes="4" />
                <Precinct name="Gibson" votes="20" />
                <Precinct name="Mill" votes="14" />
                <Precinct name="Mitchell" votes="10" />
            </VoteType>
            <VoteType name="Advance in Person" votes="577">
                <Precinct name="Edgehill" votes="26" />
                <Precinct name="Gibson" votes="207" />
                <Precinct name="Mill" votes="238" />
                <Precinct name="Mitchell" votes="106" />
            </VoteType>
            <VoteType name="Provisional" votes="0">
                <Precinct name="Edgehill" votes="0" />
                <Precinct name="Gibson" votes="0" />
                <Precinct name="Mill" votes="0" />
                <Precinct name="Mitchell" votes="0" />
            </VoteType>
        </Choice>
    </Contest>
    <Contest key="70" text="State Senator, District 23" isQuestion="false" precinctsReporting="4" precinctsReported="4">
        <VoteType name="Number of Precincts for Race" votes="4">
            <Precinct name="Edgehill" votes="1" />
            <Precinct name="Gibson" votes="1" />
            <Precinct name="Mill" votes="1" />
            <Precinct name="Mitchell" votes="1" />
        </VoteType>
        <VoteType name="Number of Precincts Reporting" votes="4">
            <Precinct name="Edgehill" votes="1" />
            <Precinct name="Gibson" votes="1" />
            <Precinct name="Mill" votes="1" />
            <Precinct name="Mitchell" votes="1" />
        </VoteType>
        <Choice key="10" text="JESSE STONE (I)" totalVotes="1131">
            <VoteType name="Election Day" votes="506">
                <Precinct name="Edgehill" votes="45" />
                <Precinct name="Gibson" votes="148" />
                <Precinct name="Mill" votes="177" />
                <Precinct name="Mitchell" votes="136" />
            </VoteType>
            <VoteType name="Absentee by Mail" votes="52">
                <Precinct name="Edgehill" votes="4" />
                <Precinct name="Gibson" votes="22" />
                <Precinct name="Mill" votes="15" />
                <Precinct name="Mitchell" votes="11" />
            </VoteType>
            <VoteType name="Advance in Person" votes="573">
                <Precinct name="Edgehill" votes="26" />
                <Precinct name="Gibson" votes="204" />
                <Precinct name="Mill" votes="237" />
                <Precinct name="Mitchell" votes="106" />
            </VoteType>
            <VoteType name="Provisional" votes="0">
                <Precinct name="Edgehill" votes="0" />
                <Precinct name="Gibson" votes="0" />
                <Precinct name="Mill" votes="0" />
                <Precinct name="Mitchell" votes="0" />
            </VoteType>
        </Choice>
    </Contest>
    <Contest key="100" text="State Representative, District 128" isQuestion="false" precinctsReporting="4" precinctsReported="4">
        <VoteType name="Number of Precincts for Race" votes="4">
            <Precinct name="Edgehill" votes="1" />
            <Precinct name="Gibson" votes="1" />
            <Precinct name="Mill" votes="1" />
            <Precinct name="Mitchell" votes="1" />
        </VoteType>
        <VoteType name="Number of Precincts Reporting" votes="4">
            <Precinct name="Edgehill" votes="1" />
            <Precinct name="Gibson" votes="1" />
            <Precinct name="Mill" votes="1" />
            <Precinct name="Mitchell" votes="1" />
        </VoteType>
        <Choice key="10" text="MACK JACKSON (I) (DEM)" totalVotes="837">
            <VoteType name="Election Day" votes="388">
                <Precinct name="Edgehill" votes="34" />
                <Precinct name="Gibson" votes="114" />
                <Precinct name="Mill" votes="129" />
                <Precinct name="Mitchell" votes="111" />
            </VoteType>
            <VoteType name="Absentee by Mail" votes="40">
                <Precinct name="Edgehill" votes="4" />
                <Precinct name="Gibson" votes="16" />
                <Precinct name="Mill" votes="10" />
                <Precinct name="Mitchell" votes="10" />
            </VoteType>
            <VoteType name="Advance in Person" votes="409">
                <Precinct name="Edgehill" votes="23" />
                <Precinct name="Gibson" votes="147" />
                <Precinct name="Mill" votes="170" />
                <Precinct name="Mitchell" votes="69" />
            </VoteType>
            <VoteType name="Provisional" votes="0">
                <Precinct name="Edgehill" votes="0" />
                <Precinct name="Gibson" votes="0" />
                <Precinct name="Mill" votes="0" />
                <Precinct name="Mitchell" votes="0" />
            </VoteType>
        </Choice>
    </Contest>
    <Contest key="110" text="District Attorney, Toombs Circuit" isQuestion="false" precinctsReporting="4" precinctsReported="4">
        <VoteType name="Number of Precincts for Race" votes="4">
            <Precinct name="Edgehill" votes="1" />
            <Precinct name="Gibson" votes="1" />
            <Precinct name="Mill" votes="1" />
            <Precinct name="Mitchell" votes="1" />
        </VoteType>
        <VoteType name="Number of Precincts Reporting" votes="4">
            <Precinct name="Edgehill" votes="1" />
            <Precinct name="Gibson" votes="1" />
            <Precinct name="Mill" votes="1" />
            <Precinct name="Mitchell" votes="1" />
        </VoteType>
        <Choice key="10" text="DURWOOD R. &quot;WOODY&quot; DAVIS (REP)" totalVotes="891">
            <VoteType name="Election Day" votes="392">
                <Precinct name="Edgehill" votes="34" />
                <Precinct name="Gibson" votes="110" />
                <Precinct name="Mill" votes="141" />
                <Precinct name="Mitchell" votes="107" />
            </VoteType>
            <VoteType name="Absentee by Mail" votes="36">
                <Precinct name="Edgehill" votes="2" />
                <Precinct name="Gibson" votes="17" />
                <Precinct name="Mill" votes="13" />
                <Precinct name="Mitchell" votes="4" />
            </VoteType>
            <VoteType name="Advance in Person" votes="463">
                <Precinct name="Edgehill" votes="22" />
                <Precinct name="Gibson" votes="160" />
                <Precinct name="Mill" votes="198" />
                <Precinct name="Mitchell" votes="83" />
            </VoteType>
            <VoteType name="Provisional" votes="0">
                <Precinct name="Edgehill" votes="0" />
                <Precinct name="Gibson" votes="0" />
                <Precinct name="Mill" votes="0" />
                <Precinct name="Mitchell" votes="0" />
            </VoteType>
        </Choice>
        <Choice key="20" text="BILL DOUPE (DEM)" totalVotes="365">
            <VoteType name="Election Day" votes="164">
                <Precinct name="Edgehill" votes="14" />
                <Precinct name="Gibson" votes="51" />
                <Precinct name="Mill" votes="48" />
                <Precinct name="Mitchell" votes="51" />
            </VoteType>
            <VoteType name="Absentee by Mail" votes="33">
                <Precinct name="Edgehill" votes="2" />
                <Precinct name="Gibson" votes="13" />
                <Precinct name="Mill" votes="9" />
                <Precinct name="Mitchell" votes="9" />
            </VoteType>
            <VoteType name="Advance in Person" votes="168">
                <Precinct name="Edgehill" votes="8" />
                <Precinct name="Gibson" votes="73" />
                <Precinct name="Mill" votes="56" />
                <Precinct name="Mitchell" votes="31" />
            </VoteType>
            <VoteType name="Provisional" votes="0">
                <Precinct name="Edgehill" votes="0" />
                <Precinct name="Gibson" votes="0" />
                <Precinct name="Mill" votes="0" />
                <Precinct name="Mitchell" votes="0" />
            </VoteType>
        </Choice>
    </Contest>
    <Contest key="310" text="Superior Court Clerk" isQuestion="false" precinctsReporting="4" precinctsReported="4">
        <VoteType name="Number of Precincts for Race" votes="4">
            <Precinct name="Edgehill" votes="1" />
            <Precinct name="Gibson" votes="1" />
            <Precinct name="Mill" votes="1" />
            <Precinct name="Mitchell" votes="1" />
        </VoteType>
        <VoteType name="Number of Precincts Reporting" votes="4">
            <Precinct name="Edgehill" votes="1" />
            <Precinct name="Gibson" votes="1" />
            <Precinct name="Mill" votes="1" />
            <Precinct name="Mitchell" votes="1" />
        </VoteType>
        <Choice key="10" text="R. USRY (R)" totalVotes="601">
            <VoteType name="Election Day" votes="264">
                <Precinct name="Edgehill" votes="19" />
                <Precinct name="Gibson" votes="70" />
                <Precinct name="Mill" votes="105" />
                <Precinct name="Mitchell" votes="70" />
            </VoteType>
            <VoteType name="Absentee by Mail" votes="28">
                <Precinct name="Edgehill" votes="0" />
                <Precinct name="Gibson" votes="11" />
                <Precinct name="Mill" votes="13" />
                <Precinct name="Mitchell" votes="4" />
            </VoteType>
            <VoteType name="Advance in Person" votes="309">
                <Precinct name="Edgehill" votes="16" />
                <Precinct name="Gibson" votes="109" />
                <Precinct name="Mill" votes="135" />
                <Precinct name="Mitchell" votes="49" />
            </VoteType>
            <VoteType name="Provisional" votes="0">
                <Precinct name="Edgehill" votes="0" />
                <Precinct name="Gibson" votes="0" />
                <Precinct name="Mill" votes="0" />
                <Precinct name="Mitchell" votes="0" />
            </VoteType>
        </Choice>
        <Choice key="20" text="K. STEPHENS (D)" totalVotes="739">
            <VoteType name="Election Day" votes="326">
                <Precinct name="Edgehill" votes="34" />
                <Precinct name="Gibson" votes="98" />
                <Precinct name="Mill" votes="95" />
                <Precinct name="Mitchell" votes="99" />
            </VoteType>
            <VoteType name="Absentee by Mail" votes="42">
                <Precinct name="Edgehill" votes="4" />
                <Precinct name="Gibson" votes="16" />
                <Precinct name="Mill" votes="11" />
                <Precinct name="Mitchell" votes="11" />
            </VoteType>
            <VoteType name="Advance in Person" votes="371">
                <Precinct name="Edgehill" votes="16" />
                <Precinct name="Gibson" votes="145" />
                <Precinct name="Mill" votes="134" />
                <Precinct name="Mitchell" votes="76" />
            </VoteType>
            <VoteType name="Provisional" votes="0">
                <Precinct name="Edgehill" votes="0" />
                <Precinct name="Gibson" votes="0" />
                <Precinct name="Mill" votes="0" />
                <Precinct name="Mitchell" votes="0" />
            </VoteType>
        </Choice>
    </Contest>
    <Contest key="330" text="Sheriff" isQuestion="false" precinctsReporting="4" precinctsReported="4">
        <VoteType name="Number of Precincts for Race" votes="4">
            <Precinct name="Edgehill" votes="1" />
            <Precinct name="Gibson" votes="1" />
            <Precinct name="Mill" votes="1" />
            <Precinct name="Mitchell" votes="1" />
        </VoteType>
        <VoteType name="Number of Precincts Reporting" votes="4">
            <Precinct name="Edgehill" votes="1" />
            <Precinct name="Gibson" votes="1" />
            <Precinct name="Mill" votes="1" />
            <Precinct name="Mitchell" votes="1" />
        </VoteType>
        <Choice key="10" text="J. KELLEY (D)" totalVotes="1117">
            <VoteType name="Election Day" votes="508">
                <Precinct name="Edgehill" votes="47" />
                <Precinct name="Gibson" votes="136" />
                <Precinct name="Mill" votes="177" />
                <Precinct name="Mitchell" votes="148" />
            </VoteType>
            <VoteType name="Absentee by Mail" votes="52">
                <Precinct name="Edgehill" votes="4" />
                <Precinct name="Gibson" votes="21" />
                <Precinct name="Mill" votes="15" />
                <Precinct name="Mitchell" votes="12" />
            </VoteType>
            <VoteType name="Advance in Person" votes="557">
                <Precinct name="Edgehill" votes="30" />
                <Precinct name="Gibson" votes="187" />
                <Precinct name="Mill" votes="236" />
                <Precinct name="Mitchell" votes="104" />
            </VoteType>
            <VoteType name="Provisional" votes="0">
                <Precinct name="Edgehill" votes="0" />
                <Precinct name="Gibson" votes="0" />
                <Precinct name="Mill" votes="0" />
                <Precinct name="Mitchell" votes="0" />
            </VoteType>
        </Choice>
    </Contest>
    <Contest key="350" text="Tax Commissioner" isQuestion="false" precinctsReporting="4" precinctsReported="4">
        <VoteType name="Number of Precincts for Race" votes="4">
            <Precinct name="Edgehill" votes="1" />
            <Precinct name="Gibson" votes="1" />
            <Precinct name="Mill" votes="1" />
            <Precinct name="Mitchell" votes="1" />
        </VoteType>
        <VoteType name="Number of Precincts Reporting" votes="4">
            <Precinct name="Edgehill" votes="1" />
            <Precinct name="Gibson" votes="1" />
            <Precinct name="Mill" votes="1" />
            <Precinct name="Mitchell" votes="1" />
        </VoteType>
        <Choice key="10" text="S. LYONS (I)(D)" totalVotes="1139">
            <VoteType name="Election Day" votes="523">
                <Precinct name="Edgehill" votes="46" />
                <Precinct name="Gibson" votes="151" />
                <Precinct name="Mill" votes="176" />
                <Precinct name="Mitchell" votes="150" />
            </VoteType>
            <VoteType name="Absentee by Mail" votes="54">
                <Precinct name="Edgehill" votes="4" />
                <Precinct name="Gibson" votes="22" />
                <Precinct name="Mill" votes="16" />
                <Precinct name="Mitchell" votes="12" />
            </VoteType>
            <VoteType name="Advance in Person" votes="562">
                <Precinct name="Edgehill" votes="31" />
                <Precinct name="Gibson" votes="193" />
                <Precinct name="Mill" votes="234" />
                <Precinct name="Mitchell" votes="104" />
            </VoteType>
            <VoteType name="Provisional" votes="0">
                <Precinct name="Edgehill" votes="0" />
                <Precinct name="Gibson" votes="0" />
                <Precinct name="Mill" votes="0" />
                <Precinct name="Mitchell" votes="0" />
            </VoteType>
        </Choice>
    </Contest>
    <Contest key="390" text="Coroner" isQuestion="false" precinctsReporting="4" precinctsReported="4">
        <VoteType name="Number of Precincts for Race" votes="4">
            <Precinct name="Edgehill" votes="1" />
            <Precinct name="Gibson" votes="1" />
            <Precinct name="Mill" votes="1" />
            <Precinct name="Mitchell" votes="1" />
        </VoteType>
        <VoteType name="Number of Precincts Reporting" votes="4">
            <Precinct name="Edgehill" votes="1" />
            <Precinct name="Gibson" votes="1" />
            <Precinct name="Mill" votes="1" />
            <Precinct name="Mitchell" votes="1" />
        </VoteType>
        <Choice key="10" text="KITCHENS-JACKSON(I)D" totalVotes="1137">
            <VoteType name="Election Day" votes="510">
                <Precinct name="Edgehill" votes="47" />
                <Precinct name="Gibson" votes="147" />
                <Precinct name="Mill" votes="169" />
                <Precinct name="Mitchell" votes="147" />
            </VoteType>
            <VoteType name="Absentee by Mail" votes="51">
                <Precinct name="Edgehill" votes="4" />
                <Precinct name="Gibson" votes="21" />
                <Precinct name="Mill" votes="14" />
                <Precinct name="Mitchell" votes="12" />
            </VoteType>
            <VoteType name="Advance in Person" votes="576">
                <Precinct name="Edgehill" votes="30" />
                <Precinct name="Gibson" votes="208" />
                <Precinct name="Mill" votes="233" />
                <Precinct name="Mitchell" votes="105" />
            </VoteType>
            <VoteType name="Provisional" votes="0">
                <Precinct name="Edgehill" votes="0" />
                <Precinct name="Gibson" votes="0" />
                <Precinct name="Mill" votes="0" />
                <Precinct name="Mitchell" votes="0" />
            </VoteType>
        </Choice>
    </Contest>
    <Contest key="395" text="County Commision Chair" isQuestion="false" precinctsReporting="4" precinctsReported="4">
        <VoteType name="Number of Precincts for Race" votes="4">
            <Precinct name="Edgehill" votes="1" />
            <Precinct name="Gibson" votes="1" />
            <Precinct name="Mill" votes="1" />
            <Precinct name="Mitchell" votes="1" />
        </VoteType>
        <VoteType name="Number of Precincts Reporting" votes="4">
            <Precinct name="Edgehill" votes="1" />
            <Precinct name="Gibson" votes="1" />
            <Precinct name="Mill" votes="1" />
            <Precinct name="Mitchell" votes="1" />
        </VoteType>
        <Choice key="10" text="L. BOYEN (R)" totalVotes="461">
            <VoteType name="Election Day" votes="208">
                <Precinct name="Edgehill" votes="15" />
                <Precinct name="Gibson" votes="60" />
                <Precinct name="Mill" votes="83" />
                <Precinct name="Mitchell" votes="50" />
            </VoteType>
            <VoteType name="Absentee by Mail" votes="23">
                <Precinct name="Edgehill" votes="0" />
                <Precinct name="Gibson" votes="9" />
                <Precinct name="Mill" votes="13" />
                <Precinct name="Mitchell" votes="1" />
            </VoteType>
            <VoteType name="Advance in Person" votes="230">
                <Precinct name="Edgehill" votes="12" />
                <Precinct name="Gibson" votes="92" />
                <Precinct name="Mill" votes="95" />
                <Precinct name="Mitchell" votes="31" />
            </VoteType>
            <VoteType name="Provisional" votes="0">
                <Precinct name="Edgehill" votes="0" />
                <Precinct name="Gibson" votes="0" />
                <Precinct name="Mill" votes="0" />
                <Precinct name="Mitchell" votes="0" />
            </VoteType>
        </Choice>
        <Choice key="20" text="L. NEWSOME (R)" totalVotes="183">
            <VoteType name="Election Day" votes="88">
                <Precinct name="Edgehill" votes="8" />
                <Precinct name="Gibson" votes="19" />
                <Precinct name="Mill" votes="45" />
                <Precinct name="Mitchell" votes="16" />
            </VoteType>
            <VoteType name="Absentee by Mail" votes="7">
                <Precinct name="Edgehill" votes="0" />
                <Precinct name="Gibson" votes="2" />
                <Precinct name="Mill" votes="4" />
                <Precinct name="Mitchell" votes="1" />
            </VoteType>
            <VoteType name="Advance in Person" votes="88">
                <Precinct name="Edgehill" votes="4" />
                <Precinct name="Gibson" votes="24" />
                <Precinct name="Mill" votes="51" />
                <Precinct name="Mitchell" votes="9" />
            </VoteType>
            <VoteType name="Provisional" votes="0">
                <Precinct name="Edgehill" votes="0" />
                <Precinct name="Gibson" votes="0" />
                <Precinct name="Mill" votes="0" />
                <Precinct name="Mitchell" votes="0" />
            </VoteType>
        </Choice>
        <Choice key="30" text="J. CHALKER (D)" totalVotes="179">
            <VoteType name="Election Day" votes="74">
                <Precinct name="Edgehill" votes="6" />
                <Precinct name="Gibson" votes="23" />
                <Precinct name="Mill" votes="26" />
                <Precinct name="Mitchell" votes="19" />
            </VoteType>
            <VoteType name="Absentee by Mail" votes="9">
                <Precinct name="Edgehill" votes="0" />
                <Precinct name="Gibson" votes="5" />
                <Precinct name="Mill" votes="3" />
                <Precinct name="Mitchell" votes="1" />
            </VoteType>
            <VoteType name="Advance in Person" votes="96">
                <Precinct name="Edgehill" votes="2" />
                <Precinct name="Gibson" votes="42" />
                <Precinct name="Mill" votes="41" />
                <Precinct name="Mitchell" votes="11" />
            </VoteType>
            <VoteType name="Provisional" votes="0">
                <Precinct name="Edgehill" votes="0" />
                <Precinct name="Gibson" votes="0" />
                <Precinct name="Mill" votes="0" />
                <Precinct name="Mitchell" votes="0" />
            </VoteType>
        </Choice>
        <Choice key="40" text="A. GRISWELL (D)" totalVotes="439">
            <VoteType name="Election Day" votes="182">
                <Precinct name="Edgehill" votes="22" />
                <Precinct name="Gibson" votes="49" />
                <Precinct name="Mill" votes="33" />
                <Precinct name="Mitchell" votes="78" />
            </VoteType>
            <VoteType name="Absentee by Mail" votes="26">
                <Precinct name="Edgehill" votes="2" />
                <Precinct name="Gibson" votes="11" />
                <Precinct name="Mill" votes="5" />
                <Precinct name="Mitchell" votes="8" />
            </VoteType>
            <VoteType name="Advance in Person" votes="231">
                <Precinct name="Edgehill" votes="12" />
                <Precinct name="Gibson" votes="80" />
                <Precinct name="Mill" votes="74" />
                <Precinct name="Mitchell" votes="65" />
            </VoteType>
            <VoteType name="Provisional" votes="0">
                <Precinct name="Edgehill" votes="0" />
                <Precinct name="Gibson" votes="0" />
                <Precinct name="Mill" votes="0" />
                <Precinct name="Mitchell" votes="0" />
            </VoteType>
        </Choice>
        <Choice key="50" text="J. WOOD (D)" totalVotes="93">
            <VoteType name="Election Day" votes="42">
                <Precinct name="Edgehill" votes="5" />
                <Precinct name="Gibson" votes="15" />
                <Precinct name="Mill" votes="11" />
                <Precinct name="Mitchell" votes="11" />
            </VoteType>
            <VoteType name="Absentee by Mail" votes="7">
                <Precinct name="Edgehill" votes="0" />
                <Precinct name="Gibson" votes="3" />
                <Precinct name="Mill" votes="0" />
                <Precinct name="Mitchell" votes="4" />
            </VoteType>
            <VoteType name="Advance in Person" votes="44">
                <Precinct name="Edgehill" votes="4" />
                <Precinct name="Gibson" votes="20" />
                <Precinct name="Mill" votes="13" />
                <Precinct name="Mitchell" votes="7" />
            </VoteType>
            <VoteType name="Provisional" votes="0">
                <Precinct name="Edgehill" votes="0" />
                <Precinct name="Gibson" votes="0" />
                <Precinct name="Mill" votes="0" />
                <Precinct name="Mitchell" votes="0" />
            </VoteType>
        </Choice>
    </Contest>
    <Contest key="400" text="County Comm Mill" isQuestion="false" precinctsReporting="4" precinctsReported="4">
        <VoteType name="Number of Precincts for Race" votes="4">
            <Precinct name="Edgehill" votes="1" />
            <Precinct name="Gibson" votes="1" />
            <Precinct name="Mill" votes="1" />
            <Precinct name="Mitchell" votes="1" />
        </VoteType>
        <VoteType name="Number of Precincts Reporting" votes="4">
            <Precinct name="Edgehill" votes="1" />
            <Precinct name="Gibson" votes="1" />
            <Precinct name="Mill" votes="1" />
            <Precinct name="Mitchell" votes="1" />
        </VoteType>
        <Choice key="10" text="L. NEWSOME (R)" totalVotes="604">
            <VoteType name="Election Day" votes="278">
                <Precinct name="Edgehill" votes="25" />
                <Precinct name="Gibson" votes="78" />
                <Precinct name="Mill" votes="103" />
                <Precinct name="Mitchell" votes="72" />
            </VoteType>
            <VoteType name="Absentee by Mail" votes="31">
                <Precinct name="Edgehill" votes="1" />
                <Precinct name="Gibson" votes="11" />
                <Precinct name="Mill" votes="11" />
                <Precinct name="Mitchell" votes="8" />
            </VoteType>
            <VoteType name="Advance in Person" votes="295">
                <Precinct name="Edgehill" votes="17" />
                <Precinct name="Gibson" votes="111" />
                <Precinct name="Mill" votes="119" />
                <Precinct name="Mitchell" votes="48" />
            </VoteType>
            <VoteType name="Provisional" votes="0">
                <Precinct name="Edgehill" votes="0" />
                <Precinct name="Gibson" votes="0" />
                <Precinct name="Mill" votes="0" />
                <Precinct name="Mitchell" votes="0" />
            </VoteType>
        </Choice>
        <Choice key="20" text="J. CHALKER (D)" totalVotes="666">
            <VoteType name="Election Day" votes="282">
                <Precinct name="Edgehill" votes="27" />
                <Precinct name="Gibson" votes="79" />
                <Precinct name="Mill" votes="90" />
                <Precinct name="Mitchell" votes="86" />
            </VoteType>
            <VoteType name="Absentee by Mail" votes="35">
                <Precinct name="Edgehill" votes="3" />
                <Precinct name="Gibson" votes="15" />
                <Precinct name="Mill" votes="12" />
                <Precinct name="Mitchell" votes="5" />
            </VoteType>
            <VoteType name="Advance in Person" votes="349">
                <Precinct name="Edgehill" votes="15" />
                <Precinct name="Gibson" votes="127" />
                <Precinct name="Mill" votes="140" />
                <Precinct name="Mitchell" votes="67" />
            </VoteType>
            <VoteType name="Provisional" votes="0">
                <Precinct name="Edgehill" votes="0" />
                <Precinct name="Gibson" votes="0" />
                <Precinct name="Mill" votes="0" />
                <Precinct name="Mitchell" votes="0" />
            </VoteType>
        </Choice>
    </Contest>
    <Contest key="420" text="County Comm Gibson" isQuestion="false" precinctsReporting="4" precinctsReported="4">
        <VoteType name="Number of Precincts for Race" votes="4">
            <Precinct name="Edgehill" votes="1" />
            <Precinct name="Gibson" votes="1" />
            <Precinct name="Mill" votes="1" />
            <Precinct name="Mitchell" votes="1" />
        </VoteType>
        <VoteType name="Number of Precincts Reporting" votes="4">
            <Precinct name="Edgehill" votes="1" />
            <Precinct name="Gibson" votes="1" />
            <Precinct name="Mill" votes="1" />
            <Precinct name="Mitchell" votes="1" />
        </VoteType>
        <Choice key="10" text="L. BOYEN (I)(R)" totalVotes="821">
            <VoteType name="Election Day" votes="373">
                <Precinct name="Edgehill" votes="32" />
                <Precinct name="Gibson" votes="101" />
                <Precinct name="Mill" votes="147" />
                <Precinct name="Mitchell" votes="93" />
            </VoteType>
            <VoteType name="Absentee by Mail" votes="39">
                <Precinct name="Edgehill" votes="1" />
                <Precinct name="Gibson" votes="20" />
                <Precinct name="Mill" votes="14" />
                <Precinct name="Mitchell" votes="4" />
            </VoteType>
            <VoteType name="Advance in Person" votes="409">
                <Precinct name="Edgehill" votes="23" />
                <Precinct name="Gibson" votes="148" />
                <Precinct name="Mill" votes="164" />
                <Precinct name="Mitchell" votes="74" />
            </VoteType>
            <VoteType name="Provisional" votes="0">
                <Precinct name="Edgehill" votes="0" />
                <Precinct name="Gibson" votes="0" />
                <Precinct name="Mill" votes="0" />
                <Precinct name="Mitchell" votes="0" />
            </VoteType>
        </Choice>
        <Choice key="20" text="J. WOOD (D)" totalVotes="470">
            <VoteType name="Election Day" votes="187">
                <Precinct name="Edgehill" votes="21" />
                <Precinct name="Gibson" votes="59" />
                <Precinct name="Mill" votes="41" />
                <Precinct name="Mitchell" votes="66" />
            </VoteType>
            <VoteType name="Absentee by Mail" votes="34">
                <Precinct name="Edgehill" votes="3" />
                <Precinct name="Gibson" votes="9" />
                <Precinct name="Mill" votes="11" />
                <Precinct name="Mitchell" votes="11" />
            </VoteType>
            <VoteType name="Advance in Person" votes="249">
                <Precinct name="Edgehill" votes="10" />
                <Precinct name="Gibson" votes="98" />
                <Precinct name="Mill" votes="94" />
                <Precinct name="Mitchell" votes="47" />
            </VoteType>
            <VoteType name="Provisional" votes="0">
                <Precinct name="Edgehill" votes="0" />
                <Precinct name="Gibson" votes="0" />
                <Precinct name="Mill" votes="0" />
                <Precinct name="Mitchell" votes="0" />
            </VoteType>
        </Choice>
    </Contest>
    <Contest key="440" text="County Comm Mitc/Edgh" isQuestion="false" precinctsReporting="4" precinctsReported="4">
        <VoteType name="Number of Precincts for Race" votes="4">
            <Precinct name="Edgehill" votes="1" />
            <Precinct name="Gibson" votes="1" />
            <Precinct name="Mill" votes="1" />
            <Precinct name="Mitchell" votes="1" />
        </VoteType>
        <VoteType name="Number of Precincts Reporting" votes="4">
            <Precinct name="Edgehill" votes="1" />
            <Precinct name="Gibson" votes="1" />
            <Precinct name="Mill" votes="1" />
            <Precinct name="Mitchell" votes="1" />
        </VoteType>
        <Choice key="10" text="E. PHILLIPS (R)" totalVotes="578">
            <VoteType name="Election Day" votes="266">
                <Precinct name="Edgehill" votes="25" />
                <Precinct name="Gibson" votes="75" />
                <Precinct name="Mill" votes="111" />
                <Precinct name="Mitchell" votes="55" />
            </VoteType>
            <VoteType name="Absentee by Mail" votes="29">
                <Precinct name="Edgehill" votes="2" />
                <Precinct name="Gibson" votes="10" />
                <Precinct name="Mill" votes="12" />
                <Precinct name="Mitchell" votes="5" />
            </VoteType>
            <VoteType name="Advance in Person" votes="283">
                <Precinct name="Edgehill" votes="14" />
                <Precinct name="Gibson" votes="94" />
                <Precinct name="Mill" votes="132" />
                <Precinct name="Mitchell" votes="43" />
            </VoteType>
            <VoteType name="Provisional" votes="0">
                <Precinct name="Edgehill" votes="0" />
                <Precinct name="Gibson" votes="0" />
                <Precinct name="Mill" votes="0" />
                <Precinct name="Mitchell" votes="0" />
            </VoteType>
        </Choice>
        <Choice key="20" text="A. GRISWELL (D)" totalVotes="743">
            <VoteType name="Election Day" votes="314">
                <Precinct name="Edgehill" votes="30" />
                <Precinct name="Gibson" votes="86" />
                <Precinct name="Mill" votes="81" />
                <Precinct name="Mitchell" votes="117" />
            </VoteType>
            <VoteType name="Absentee by Mail" votes="43">
                <Precinct name="Edgehill" votes="2" />
                <Precinct name="Gibson" votes="19" />
                <Precinct name="Mill" votes="12" />
                <Precinct name="Mitchell" votes="10" />
            </VoteType>
            <VoteType name="Advance in Person" votes="386">
                <Precinct name="Edgehill" votes="21" />
                <Precinct name="Gibson" votes="154" />
                <Precinct name="Mill" votes="129" />
                <Precinct name="Mitchell" votes="82" />
            </VoteType>
            <VoteType name="Provisional" votes="0">
                <Precinct name="Edgehill" votes="0" />
                <Precinct name="Gibson" votes="0" />
                <Precinct name="Mill" votes="0" />
                <Precinct name="Mitchell" votes="0" />
            </VoteType>
        </Choice>
    </Contest>
    <Contest key="500" text="Constitutional Amendment #1&lt;br&gt;Provides greater flexibility and state accountability to fix failing schools through increasing community involvement." isQuestion="false" precinctsReporting="4" precinctsReported="4">
        <VoteType name="Number of Precincts for Race" votes="4">
            <Precinct name="Edgehill" votes="1" />
            <Precinct name="Gibson" votes="1" />
            <Precinct name="Mill" votes="1" />
            <Precinct name="Mitchell" votes="1" />
        </VoteType>
        <VoteType name="Number of Precincts Reporting" votes="4">
            <Precinct name="Edgehill" votes="1" />
            <Precinct name="Gibson" votes="1" />
            <Precinct name="Mill" votes="1" />
            <Precinct name="Mitchell" votes="1" />
        </VoteType>
        <Choice key="10" text="YES" totalVotes="479">
            <VoteType name="Election Day" votes="214">
                <Precinct name="Edgehill" votes="16" />
                <Precinct name="Gibson" votes="60" />
                <Precinct name="Mill" votes="68" />
                <Precinct name="Mitchell" votes="70" />
            </VoteType>
            <VoteType name="Absentee by Mail" votes="23">
                <Precinct name="Edgehill" votes="0" />
                <Precinct name="Gibson" votes="11" />
                <Precinct name="Mill" votes="9" />
                <Precinct name="Mitchell" votes="3" />
            </VoteType>
            <VoteType name="Advance in Person" votes="242">
                <Precinct name="Edgehill" votes="8" />
                <Precinct name="Gibson" votes="99" />
                <Precinct name="Mill" votes="100" />
                <Precinct name="Mitchell" votes="35" />
            </VoteType>
            <VoteType name="Provisional" votes="0">
                <Precinct name="Edgehill" votes="0" />
                <Precinct name="Gibson" votes="0" />
                <Precinct name="Mill" votes="0" />
                <Precinct name="Mitchell" votes="0" />
            </VoteType>
        </Choice>
        <Choice key="20" text="NO" totalVotes="814">
            <VoteType name="Election Day" votes="367">
                <Precinct name="Edgehill" votes="39" />
                <Precinct name="Gibson" votes="104" />
                <Precinct name="Mill" votes="125" />
                <Precinct name="Mitchell" votes="99" />
            </VoteType>
            <VoteType name="Absentee by Mail" votes="45">
                <Precinct name="Edgehill" votes="4" />
                <Precinct name="Gibson" votes="17" />
                <Precinct name="Mill" votes="13" />
                <Precinct name="Mitchell" votes="11" />
            </VoteType>
            <VoteType name="Advance in Person" votes="402">
                <Precinct name="Edgehill" votes="26" />
                <Precinct name="Gibson" votes="137" />
                <Precinct name="Mill" votes="156" />
                <Precinct name="Mitchell" votes="83" />
            </VoteType>
            <VoteType name="Provisional" votes="0">
                <Precinct name="Edgehill" votes="0" />
                <Precinct name="Gibson" votes="0" />
                <Precinct name="Mill" votes="0" />
                <Precinct name="Mitchell" votes="0" />
            </VoteType>
        </Choice>
    </Contest>
    <Contest key="510" text="Constitutional Amendment #2&lt;br&gt;Authorizes penalties for sexual exploitation and assessments on adult entertainment to fund child victims' services." isQuestion="false" precinctsReporting="4" precinctsReported="4">
        <VoteType name="Number of Precincts for Race" votes="4">
            <Precinct name="Edgehill" votes="1" />
            <Precinct name="Gibson" votes="1" />
            <Precinct name="Mill" votes="1" />
            <Precinct name="Mitchell" votes="1" />
        </VoteType>
        <VoteType name="Number of Precincts Reporting" votes="4">
            <Precinct name="Edgehill" votes="1" />
            <Precinct name="Gibson" votes="1" />
            <Precinct name="Mill" votes="1" />
            <Precinct name="Mitchell" votes="1" />
        </VoteType>
        <Choice key="10" text="YES" totalVotes="1081">
            <VoteType name="Election Day" votes="478">
                <Precinct name="Edgehill" votes="43" />
                <Precinct name="Gibson" votes="143" />
                <Precinct name="Mill" votes="156" />
                <Precinct name="Mitchell" votes="136" />
            </VoteType>
            <VoteType name="Absentee by Mail" votes="59">
                <Precinct name="Edgehill" votes="4" />
                <Precinct name="Gibson" votes="25" />
                <Precinct name="Mill" votes="23" />
                <Precinct name="Mitchell" votes="7" />
            </VoteType>
            <VoteType name="Advance in Person" votes="544">
                <Precinct name="Edgehill" votes="26" />
                <Precinct name="Gibson" votes="201" />
                <Precinct name="Mill" votes="225" />
                <Precinct name="Mitchell" votes="92" />
            </VoteType>
            <VoteType name="Provisional" votes="0">
                <Precinct name="Edgehill" votes="0" />
                <Precinct name="Gibson" votes="0" />
                <Precinct name="Mill" votes="0" />
                <Precinct name="Mitchell" votes="0" />
            </VoteType>
        </Choice>
        <Choice key="20" text="NO" totalVotes="164">
            <VoteType name="Election Day" votes="83">
                <Precinct name="Edgehill" votes="9" />
                <Precinct name="Gibson" votes="20" />
                <Precinct name="Mill" votes="31" />
                <Precinct name="Mitchell" votes="23" />
            </VoteType>
            <VoteType name="Absentee by Mail" votes="9">
                <Precinct name="Edgehill" votes="0" />
                <Precinct name="Gibson" votes="3" />
                <Precinct name="Mill" votes="1" />
                <Precinct name="Mitchell" votes="5" />
            </VoteType>
            <VoteType name="Advance in Person" votes="72">
                <Precinct name="Edgehill" votes="4" />
                <Precinct name="Gibson" votes="24" />
                <Precinct name="Mill" votes="23" />
                <Precinct name="Mitchell" votes="21" />
            </VoteType>
            <VoteType name="Provisional" votes="0">
                <Precinct name="Edgehill" votes="0" />
                <Precinct name="Gibson" votes="0" />
                <Precinct name="Mill" votes="0" />
                <Precinct name="Mitchell" votes="0" />
            </VoteType>
        </Choice>
    </Contest>
    <Contest key="520" text="Constitutional Amendment #3&lt;br&gt;Reforms and re-establishes the Judicial Qualifications Commission and provides for its composition, governance, and powers." isQuestion="false" precinctsReporting="4" precinctsReported="4">
        <VoteType name="Number of Precincts for Race" votes="4">
            <Precinct name="Edgehill" votes="1" />
            <Precinct name="Gibson" votes="1" />
            <Precinct name="Mill" votes="1" />
            <Precinct name="Mitchell" votes="1" />
        </VoteType>
        <VoteType name="Number of Precincts Reporting" votes="4">
            <Precinct name="Edgehill" votes="1" />
            <Precinct name="Gibson" votes="1" />
            <Precinct name="Mill" votes="1" />
            <Precinct name="Mitchell" votes="1" />
        </VoteType>
        <Choice key="10" text="YES" totalVotes="697">
            <VoteType name="Election Day" votes="320">
                <Precinct name="Edgehill" votes="19" />
                <Precinct name="Gibson" votes="100" />
                <Precinct name="Mill" votes="108" />
                <Precinct name="Mitchell" votes="93" />
            </VoteType>
            <VoteType name="Absentee by Mail" votes="26">
                <Precinct name="Edgehill" votes="1" />
                <Precinct name="Gibson" votes="9" />
                <Precinct name="Mill" votes="13" />
                <Precinct name="Mitchell" votes="3" />
            </VoteType>
            <VoteType name="Advance in Person" votes="351">
                <Precinct name="Edgehill" votes="14" />
                <Precinct name="Gibson" votes="129" />
                <Precinct name="Mill" votes="150" />
                <Precinct name="Mitchell" votes="58" />
            </VoteType>
            <VoteType name="Provisional" votes="0">
                <Precinct name="Edgehill" votes="0" />
                <Precinct name="Gibson" votes="0" />
                <Precinct name="Mill" votes="0" />
                <Precinct name="Mitchell" votes="0" />
            </VoteType>
        </Choice>
        <Choice key="20" text="NO" totalVotes="435">
            <VoteType name="Election Day" votes="190">
                <Precinct name="Edgehill" votes="25" />
                <Precinct name="Gibson" votes="52" />
                <Precinct name="Mill" votes="63" />
                <Precinct name="Mitchell" votes="50" />
            </VoteType>
            <VoteType name="Absentee by Mail" votes="31">
                <Precinct name="Edgehill" votes="3" />
                <Precinct name="Gibson" votes="13" />
                <Precinct name="Mill" votes="9" />
                <Precinct name="Mitchell" votes="6" />
            </VoteType>
            <VoteType name="Advance in Person" votes="214">
                <Precinct name="Edgehill" votes="13" />
                <Precinct name="Gibson" votes="74" />
                <Precinct name="Mill" votes="78" />
                <Precinct name="Mitchell" votes="49" />
            </VoteType>
            <VoteType name="Provisional" votes="0">
                <Precinct name="Edgehill" votes="0" />
                <Precinct name="Gibson" votes="0" />
                <Precinct name="Mill" votes="0" />
                <Precinct name="Mitchell" votes="0" />
            </VoteType>
        </Choice>
    </Contest>
    <Contest key="530" text="Constitutional Amendment #4&lt;br&gt;Dedicates revenue from existing taxes on fireworks to trauma care, fire services, and public safety." isQuestion="false" precinctsReporting="4" precinctsReported="4">
        <VoteType name="Number of Precincts for Race" votes="4">
            <Precinct name="Edgehill" votes="1" />
            <Precinct name="Gibson" votes="1" />
            <Precinct name="Mill" votes="1" />
            <Precinct name="Mitchell" votes="1" />
        </VoteType>
        <VoteType name="Number of Precincts Reporting" votes="4">
            <Precinct name="Edgehill" votes="1" />
            <Precinct name="Gibson" votes="1" />
            <Precinct name="Mill" votes="1" />
            <Precinct name="Mitchell" votes="1" />
        </VoteType>
        <Choice key="10" text="YES" totalVotes="1020">
            <VoteType name="Election Day" votes="453">
                <Precinct name="Edgehill" votes="44" />
                <Precinct name="Gibson" votes="137" />
                <Precinct name="Mill" votes="148" />
                <Precinct name="Mitchell" votes="124" />
            </VoteType>
            <VoteType name="Absentee by Mail" votes="57">
                <Precinct name="Edgehill" votes="4" />
                <Precinct name="Gibson" votes="25" />
                <Precinct name="Mill" votes="19" />
                <Precinct name="Mitchell" votes="9" />
            </VoteType>
            <VoteType name="Advance in Person" votes="510">
                <Precinct name="Edgehill" votes="22" />
                <Precinct name="Gibson" votes="186" />
                <Precinct name="Mill" votes="209" />
                <Precinct name="Mitchell" votes="93" />
            </VoteType>
            <VoteType name="Provisional" votes="0">
                <Precinct name="Edgehill" votes="0" />
                <Precinct name="Gibson" votes="0" />
                <Precinct name="Mill" votes="0" />
                <Precinct name="Mitchell" votes="0" />
            </VoteType>
        </Choice>
        <Choice key="20" text="NO" totalVotes="221">
            <VoteType name="Election Day" votes="99">
                <Precinct name="Edgehill" votes="7" />
                <Precinct name="Gibson" votes="21" />
                <Precinct name="Mill" votes="41" />
                <Precinct name="Mitchell" votes="30" />
            </VoteType>
            <VoteType name="Absentee by Mail" votes="12">
                <Precinct name="Edgehill" votes="0" />
                <Precinct name="Gibson" votes="4" />
                <Precinct name="Mill" votes="4" />
                <Precinct name="Mitchell" votes="4" />
            </VoteType>
            <VoteType name="Advance in Person" votes="110">
                <Precinct name="Edgehill" votes="8" />
                <Precinct name="Gibson" votes="37" />
                <Precinct name="Mill" votes="44" />
                <Precinct name="Mitchell" votes="21" />
            </VoteType>
            <VoteType name="Provisional" votes="0">
                <Precinct name="Edgehill" votes="0" />
                <Precinct name="Gibson" votes="0" />
                <Precinct name="Mill" votes="0" />
                <Precinct name="Mitchell" votes="0" />
            </VoteType>
        </Choice>
    </Contest>
</ElectionResult>