"line number","contest name","choice name","party name","total votes","percent of votes","registered voters","ballots cast","num Precinct total","num Precinct rptg","over votes","under votes"
1,"President of the United States","DONALD J. TRUMP","",6544,69.09,13964,9573,5,5,"0","0"
2,"President of the United States","HILLARY CLINTON","",2758,29.12,13964,9573,5,5,"0","0"
3,"President of the United States","GARY JOHNSON","",170,1.79,13964,9573,5,5,"0","0"
4,"United States Senator, Isakson","JOHNNY ISAKSON (I)","",6435,71.14,13964,9573,5,5,"0","0"
5,"United States Senator, Isakson","JIM BARKSDALE","",2334,25.80,13964,9573,5,5,"0","0"
6,"United States Senator, Isakson","ALLEN BUCKLEY","",277,3.06,13964,9573,5,5,"0","0"
7,"Public Service Commission, District 2 - Eastern","TIM ECHOLS (I)","",6746,79.90,13964,9570,5,5,"0","0"
8,"Public Service Commission, District 2 - Eastern","ERIC HOSKINS","",1697,20.10,13964,9570,5,5,"0","0"
9,"U.S. Representative, District 10","JODY HICE (I)","",7705,100.00,13964,9573,5,5,"0","0"
10,"State Senator, District 25","BURT JONES (I)","",7622,100.00,13964,9570,5,5,"0","0"
11,"State Representative, District 120","TREY RHODES (I)","",5065,100.00,8992,6249,4,4,"0","0"
12,"State Representative, District 145","RICKY A WILLIAMS","",2219,68.85,4972,3321,3,3,"0","0"
13,"State Representative, District 145","FLOYD GRIFFIN","",1004,31.15,4972,3321,3,3,"0","0"
14,"District Attorney, Ocmulgee Circuit","STEPHEN BRADLEY (I)","",7683,100.00,13964,9570,5,5,"0","0"
15,"Superior Court Clerk","S. PERRY (I)(R)","",7901,100.00,13964,9570,5,5,"0","0"
16,"Sheriff","H. SILLS (I)(R)","",7981,100.00,13964,9570,5,5,"0","0"
17,"Tax Commissioner","P. LANCASTER (I)(R)","",7935,100.00,13964,9570,5,5,"0","0"
18,"Coroner","G. MCELHENNEY (I)(R)","",7967,100.00,13964,9570,5,5,"0","0"
19,"County Comm Chair","S. HERSEY (I)(R)","",7462,100.00,13964,9570,5,5,"0","0"
20,"County Comm 1","K. IRVIN (R)","",920,50.47,2884,1912,1,1,"0","0"
21,"County Comm 1","F. WARD (I)(D)","",903,49.53,2884,1912,1,1,"0","0"
22,"County Comm 2","D. W. BROWN (R)","",1072,53.82,3069,2047,1,1,"0","0"
23,"County Comm 2","J. B. REID (I)(D)","",920,46.18,3069,2047,1,1,"0","0"
24,"County Comm 3","A. FOSTER (I)(R)","",2726,100.00,4408,3149,2,2,"0","0"
25,"County Comm 4","T. ADDISON (R)","",2121,100.00,3603,2462,1,1,"0","0"
26,"BOE 3","S. WEINER (I)(R)","",2283,100.00,3683,2649,3,3,"0","0"
27,"BOE 4","T. LAWRENCE (I)(R)","",1739,100.00,2916,1991,1,1,"0","0"
28,"BOE 5","L. GILPIN (R)","",1590,100.00,2699,1887,3,3,"0","0"
29,"Constitutional Amendment #1<br>Provides greater flexibility and state accountability to fix failing schools through increasing community involvement.","YES","",3555,38.33,13964,9570,5,5,"0","0"
30,"Constitutional Amendment #1<br>Provides greater flexibility and state accountability to fix failing schools through increasing community involvement.","NO","",5719,61.67,13964,9570,5,5,"0","0"
31,"Constitutional Amendment #2<br>Authorizes penalties for sexual exploitation and assessments on adult entertainment to fund child victims' services.","YES","",7307,80.20,13964,9570,5,5,"0","0"
32,"Constitutional Amendment #2<br>Authorizes penalties for sexual exploitation and assessments on adult entertainment to fund child victims' services.","NO","",1804,19.80,13964,9570,5,5,"0","0"
33,"Constitutional Amendment #3<br>Reforms and re-establishes the Judicial Qualifications Commission and provides for its composition, governance, and powers.","YES","",5300,61.39,13964,9570,5,5,"0","0"
34,"Constitutional Amendment #3<br>Reforms and re-establishes the Judicial Qualifications Commission and provides for its composition, governance, and powers.","NO","",3334,38.61,13964,9570,5,5,"0","0"
35,"Constitutional Amendment #4<br>Dedicates revenue from existing taxes on fireworks to trauma care, fire services, and public safety.","YES","",7039,78.12,13964,9570,5,5,"0","0"
36,"Constitutional Amendment #4<br>Dedicates revenue from existing taxes on fireworks to trauma care, fire services, and public safety.","NO","",1971,21.88,13964,9570,5,5,"0","0"
37,"Special - Freeport Referendum","YES","",4967,56.92,13964,9570,5,5,"0","0"
38,"Special - Freeport Referendum","NO","",3760,43.08,13964,9570,5,5,"0","0"
