<?xml version="1.0"?>
<!--Election result snapshot imported from Tabulation System
-->
<ElectionResult>
    <Timestamp>11/14/2016 2:45:36 PM EST</Timestamp>
    <ElectionName>November 8, 2016 - General Election</ElectionName>
    <ElectionDate>11/8/2016</ElectionDate>
    <Region>Dade</Region>
    <VoterTurnout totalVoters="8588" ballotsCast="6402" voterTurnout="74.55">
        <Precincts>
            <Precinct name="SOUTH DADE" totalVoters="727" ballotsCast="567" voterTurnout="77.99" percentReporting="4" />
            <Precinct name="NEW SALEM" totalVoters="925" ballotsCast="770" voterTurnout="83.24" percentReporting="4" />
            <Precinct name="DAVIS" totalVoters="1506" ballotsCast="1132" voterTurnout="75.17" percentReporting="4" />
            <Precinct name="NEW HOME" totalVoters="545" ballotsCast="415" voterTurnout="76.15" percentReporting="4" />
            <Precinct name="WEST BROW" totalVoters="1035" ballotsCast="778" voterTurnout="75.17" percentReporting="4" />
            <Precinct name="TRENTON" totalVoters="2352" ballotsCast="1639" voterTurnout="69.69" percentReporting="4" />
            <Precinct name="NORTH DADE" totalVoters="1498" ballotsCast="1101" voterTurnout="73.50" percentReporting="4" />
        </Precincts>
    </VoterTurnout>
    <Contest key="5" text="President of the United States" isQuestion="false" precinctsReporting="7" precinctsReported="7">
        <VoteType name="Number of Precincts for Race" votes="7">
            <Precinct name="SOUTH DADE" votes="1" />
            <Precinct name="NEW SALEM" votes="1" />
            <Precinct name="DAVIS" votes="1" />
            <Precinct name="NEW HOME" votes="1" />
            <Precinct name="WEST BROW" votes="1" />
            <Precinct name="TRENTON" votes="1" />
            <Precinct name="NORTH DADE" votes="1" />
        </VoteType>
        <VoteType name="Number of Precincts Reporting" votes="7">
            <Precinct name="SOUTH DADE" votes="1" />
            <Precinct name="NEW SALEM" votes="1" />
            <Precinct name="DAVIS" votes="1" />
            <Precinct name="NEW HOME" votes="1" />
            <Precinct name="WEST BROW" votes="1" />
            <Precinct name="TRENTON" votes="1" />
            <Precinct name="NORTH DADE" votes="1" />
        </VoteType>
        <Choice key="10" text="DONALD J. TRUMP" totalVotes="5051">
            <VoteType name="Election Day" votes="2547">
                <Precinct name="SOUTH DADE" votes="254" />
                <Precinct name="NEW SALEM" votes="346" />
                <Precinct name="DAVIS" votes="521" />
                <Precinct name="NEW HOME" votes="247" />
                <Precinct name="WEST BROW" votes="366" />
                <Precinct name="TRENTON" votes="450" />
                <Precinct name="NORTH DADE" votes="363" />
            </VoteType>
            <VoteType name="Absentee by Mail" votes="115">
                <Precinct name="SOUTH DADE" votes="12" />
                <Precinct name="NEW SALEM" votes="18" />
                <Precinct name="DAVIS" votes="16" />
                <Precinct name="NEW HOME" votes="0" />
                <Precinct name="WEST BROW" votes="12" />
                <Precinct name="TRENTON" votes="38" />
                <Precinct name="NORTH DADE" votes="19" />
            </VoteType>
            <VoteType name="Advance in Person" votes="2385">
                <Precinct name="SOUTH DADE" votes="179" />
                <Precinct name="NEW SALEM" votes="226" />
                <Precinct name="DAVIS" votes="430" />
                <Precinct name="NEW HOME" votes="101" />
                <Precinct name="WEST BROW" votes="159" />
                <Precinct name="TRENTON" votes="857" />
                <Precinct name="NORTH DADE" votes="433" />
            </VoteType>
            <VoteType name="Provisional" votes="4">
                <Precinct name="SOUTH DADE" votes="0" />
                <Precinct name="NEW SALEM" votes="0" />
                <Precinct name="DAVIS" votes="0" />
                <Precinct name="NEW HOME" votes="0" />
                <Precinct name="WEST BROW" votes="1" />
                <Precinct name="TRENTON" votes="3" />
                <Precinct name="NORTH DADE" votes="0" />
            </VoteType>
        </Choice>
        <Choice key="20" text="HILLARY CLINTON" totalVotes="965">
            <VoteType name="Election Day" votes="434">
                <Precinct name="SOUTH DADE" votes="39" />
                <Precinct name="NEW SALEM" votes="68" />
                <Precinct name="DAVIS" votes="64" />
                <Precinct name="NEW HOME" votes="28" />
                <Precinct name="WEST BROW" votes="74" />
                <Precinct name="TRENTON" votes="65" />
                <Precinct name="NORTH DADE" votes="96" />
            </VoteType>
            <VoteType name="Absentee by Mail" votes="54">
                <Precinct name="SOUTH DADE" votes="1" />
                <Precinct name="NEW SALEM" votes="5" />
                <Precinct name="DAVIS" votes="11" />
                <Precinct name="NEW HOME" votes="2" />
                <Precinct name="WEST BROW" votes="11" />
                <Precinct name="TRENTON" votes="12" />
                <Precinct name="NORTH DADE" votes="12" />
            </VoteType>
            <VoteType name="Advance in Person" votes="477">
                <Precinct name="SOUTH DADE" votes="54" />
                <Precinct name="NEW SALEM" votes="67" />
                <Precinct name="DAVIS" votes="44" />
                <Precinct name="NEW HOME" votes="15" />
                <Precinct name="WEST BROW" votes="46" />
                <Precinct name="TRENTON" votes="133" />
                <Precinct name="NORTH DADE" votes="118" />
            </VoteType>
            <VoteType name="Provisional" votes="0">
                <Precinct name="SOUTH DADE" votes="0" />
                <Precinct name="NEW SALEM" votes="0" />
                <Precinct name="DAVIS" votes="0" />
                <Precinct name="NEW HOME" votes="0" />
                <Precinct name="WEST BROW" votes="0" />
                <Precinct name="TRENTON" votes="0" />
                <Precinct name="NORTH DADE" votes="0" />
            </VoteType>
        </Choice>
        <Choice key="30" text="GARY JOHNSON" totalVotes="226">
            <VoteType name="Election Day" votes="145">
                <Precinct name="SOUTH DADE" votes="7" />
                <Precinct name="NEW SALEM" votes="19" />
                <Precinct name="DAVIS" votes="21" />
                <Precinct name="NEW HOME" votes="10" />
                <Precinct name="WEST BROW" votes="42" />
                <Precinct name="TRENTON" votes="26" />
                <Precinct name="NORTH DADE" votes="20" />
            </VoteType>
            <VoteType name="Absentee by Mail" votes="7">
                <Precinct name="SOUTH DADE" votes="0" />
                <Precinct name="NEW SALEM" votes="2" />
                <Precinct name="DAVIS" votes="0" />
                <Precinct name="NEW HOME" votes="0" />
                <Precinct name="WEST BROW" votes="3" />
                <Precinct name="TRENTON" votes="1" />
                <Precinct name="NORTH DADE" votes="1" />
            </VoteType>
            <VoteType name="Advance in Person" votes="74">
                <Precinct name="SOUTH DADE" votes="8" />
                <Precinct name="NEW SALEM" votes="6" />
                <Precinct name="DAVIS" votes="8" />
                <Precinct name="NEW HOME" votes="3" />
                <Precinct name="WEST BROW" votes="8" />
                <Precinct name="TRENTON" votes="28" />
                <Precinct name="NORTH DADE" votes="13" />
            </VoteType>
            <VoteType name="Provisional" votes="0">
                <Precinct name="SOUTH DADE" votes="0" />
                <Precinct name="NEW SALEM" votes="0" />
                <Precinct name="DAVIS" votes="0" />
                <Precinct name="NEW HOME" votes="0" />
                <Precinct name="WEST BROW" votes="0" />
                <Precinct name="TRENTON" votes="0" />
                <Precinct name="NORTH DADE" votes="0" />
            </VoteType>
        </Choice>
    </Contest>
    <Contest key="10" text="United States Senator, Isakson" isQuestion="false" precinctsReporting="7" precinctsReported="7">
        <VoteType name="Number of Precincts for Race" votes="7">
            <Precinct name="SOUTH DADE" votes="1" />
            <Precinct name="NEW SALEM" votes="1" />
            <Precinct name="DAVIS" votes="1" />
            <Precinct name="NEW HOME" votes="1" />
            <Precinct name="WEST BROW" votes="1" />
            <Precinct name="TRENTON" votes="1" />
            <Precinct name="NORTH DADE" votes="1" />
        </VoteType>
        <VoteType name="Number of Precincts Reporting" votes="7">
            <Precinct name="SOUTH DADE" votes="1" />
            <Precinct name="NEW SALEM" votes="1" />
            <Precinct name="DAVIS" votes="1" />
            <Precinct name="NEW HOME" votes="1" />
            <Precinct name="WEST BROW" votes="1" />
            <Precinct name="TRENTON" votes="1" />
            <Precinct name="NORTH DADE" votes="1" />
        </VoteType>
        <Choice key="10" text="JOHNNY ISAKSON (I)" totalVotes="4448">
            <VoteType name="Election Day" votes="2241">
                <Precinct name="SOUTH DADE" votes="203" />
                <Precinct name="NEW SALEM" votes="304" />
                <Precinct name="DAVIS" votes="412" />
                <Precinct name="NEW HOME" votes="205" />
                <Precinct name="WEST BROW" votes="405" />
                <Precinct name="TRENTON" votes="393" />
                <Precinct name="NORTH DADE" votes="319" />
            </VoteType>
            <VoteType name="Absentee by Mail" votes="114">
                <Precinct name="SOUTH DADE" votes="12" />
                <Precinct name="NEW SALEM" votes="17" />
                <Precinct name="DAVIS" votes="13" />
                <Precinct name="NEW HOME" votes="0" />
                <Precinct name="WEST BROW" votes="16" />
                <Precinct name="TRENTON" votes="37" />
                <Precinct name="NORTH DADE" votes="19" />
            </VoteType>
            <VoteType name="Advance in Person" votes="2091">
                <Precinct name="SOUTH DADE" votes="157" />
                <Precinct name="NEW SALEM" votes="210" />
                <Precinct name="DAVIS" votes="353" />
                <Precinct name="NEW HOME" votes="95" />
                <Precinct name="WEST BROW" votes="150" />
                <Precinct name="TRENTON" votes="743" />
                <Precinct name="NORTH DADE" votes="383" />
            </VoteType>
            <VoteType name="Provisional" votes="2">
                <Precinct name="SOUTH DADE" votes="0" />
                <Precinct name="NEW SALEM" votes="0" />
                <Precinct name="DAVIS" votes="0" />
                <Precinct name="NEW HOME" votes="0" />
                <Precinct name="WEST BROW" votes="0" />
                <Precinct name="TRENTON" votes="2" />
                <Precinct name="NORTH DADE" votes="0" />
            </VoteType>
        </Choice>
        <Choice key="20" text="JIM BARKSDALE" totalVotes="880">
            <VoteType name="Election Day" votes="417">
                <Precinct name="SOUTH DADE" votes="36" />
                <Precinct name="NEW SALEM" votes="67" />
                <Precinct name="DAVIS" votes="77" />
                <Precinct name="NEW HOME" votes="35" />
                <Precinct name="WEST BROW" votes="55" />
                <Precinct name="TRENTON" votes="54" />
                <Precinct name="NORTH DADE" votes="93" />
            </VoteType>
            <VoteType name="Absentee by Mail" votes="45">
                <Precinct name="SOUTH DADE" votes="1" />
                <Precinct name="NEW SALEM" votes="4" />
                <Precinct name="DAVIS" votes="9" />
                <Precinct name="NEW HOME" votes="1" />
                <Precinct name="WEST BROW" votes="9" />
                <Precinct name="TRENTON" votes="11" />
                <Precinct name="NORTH DADE" votes="10" />
            </VoteType>
            <VoteType name="Advance in Person" votes="418">
                <Precinct name="SOUTH DADE" votes="47" />
                <Precinct name="NEW SALEM" votes="55" />
                <Precinct name="DAVIS" votes="44" />
                <Precinct name="NEW HOME" votes="12" />
                <Precinct name="WEST BROW" votes="38" />
                <Precinct name="TRENTON" votes="121" />
                <Precinct name="NORTH DADE" votes="101" />
            </VoteType>
            <VoteType name="Provisional" votes="0">
                <Precinct name="SOUTH DADE" votes="0" />
                <Precinct name="NEW SALEM" votes="0" />
                <Precinct name="DAVIS" votes="0" />
                <Precinct name="NEW HOME" votes="0" />
                <Precinct name="WEST BROW" votes="0" />
                <Precinct name="TRENTON" votes="0" />
                <Precinct name="NORTH DADE" votes="0" />
            </VoteType>
        </Choice>
        <Choice key="30" text="ALLEN BUCKLEY" totalVotes="347">
            <VoteType name="Election Day" votes="196">
                <Precinct name="SOUTH DADE" votes="18" />
                <Precinct name="NEW SALEM" votes="28" />
                <Precinct name="DAVIS" votes="36" />
                <Precinct name="NEW HOME" votes="18" />
                <Precinct name="WEST BROW" votes="34" />
                <Precinct name="TRENTON" votes="39" />
                <Precinct name="NORTH DADE" votes="23" />
            </VoteType>
            <VoteType name="Absentee by Mail" votes="5">
                <Precinct name="SOUTH DADE" votes="0" />
                <Precinct name="NEW SALEM" votes="1" />
                <Precinct name="DAVIS" votes="0" />
                <Precinct name="NEW HOME" votes="0" />
                <Precinct name="WEST BROW" votes="1" />
                <Precinct name="TRENTON" votes="0" />
                <Precinct name="NORTH DADE" votes="3" />
            </VoteType>
            <VoteType name="Advance in Person" votes="146">
                <Precinct name="SOUTH DADE" votes="12" />
                <Precinct name="NEW SALEM" votes="14" />
                <Precinct name="DAVIS" votes="19" />
                <Precinct name="NEW HOME" votes="8" />
                <Precinct name="WEST BROW" votes="10" />
                <Precinct name="TRENTON" votes="57" />
                <Precinct name="NORTH DADE" votes="26" />
            </VoteType>
            <VoteType name="Provisional" votes="0">
                <Precinct name="SOUTH DADE" votes="0" />
                <Precinct name="NEW SALEM" votes="0" />
                <Precinct name="DAVIS" votes="0" />
                <Precinct name="NEW HOME" votes="0" />
                <Precinct name="WEST BROW" votes="0" />
                <Precinct name="TRENTON" votes="0" />
                <Precinct name="NORTH DADE" votes="0" />
            </VoteType>
        </Choice>
    </Contest>
    <Contest key="30" text="Public Service Commission, District 2 - Eastern" isQuestion="false" precinctsReporting="7" precinctsReported="7">
        <VoteType name="Number of Precincts for Race" votes="7">
            <Precinct name="SOUTH DADE" votes="1" />
            <Precinct name="NEW SALEM" votes="1" />
            <Precinct name="DAVIS" votes="1" />
            <Precinct name="NEW HOME" votes="1" />
            <Precinct name="WEST BROW" votes="1" />
            <Precinct name="TRENTON" votes="1" />
            <Precinct name="NORTH DADE" votes="1" />
        </VoteType>
        <VoteType name="Number of Precincts Reporting" votes="7">
            <Precinct name="SOUTH DADE" votes="1" />
            <Precinct name="NEW SALEM" votes="1" />
            <Precinct name="DAVIS" votes="1" />
            <Precinct name="NEW HOME" votes="1" />
            <Precinct name="WEST BROW" votes="1" />
            <Precinct name="TRENTON" votes="1" />
            <Precinct name="NORTH DADE" votes="1" />
        </VoteType>
        <Choice key="10" text="TIM ECHOLS (I)" totalVotes="4682">
            <VoteType name="Election Day" votes="2394">
                <Precinct name="SOUTH DADE" votes="220" />
                <Precinct name="NEW SALEM" votes="323" />
                <Precinct name="DAVIS" votes="449" />
                <Precinct name="NEW HOME" votes="212" />
                <Precinct name="WEST BROW" votes="427" />
                <Precinct name="TRENTON" votes="416" />
                <Precinct name="NORTH DADE" votes="347" />
            </VoteType>
            <VoteType name="Absentee by Mail" votes="112">
                <Precinct name="SOUTH DADE" votes="11" />
                <Precinct name="NEW SALEM" votes="17" />
                <Precinct name="DAVIS" votes="14" />
                <Precinct name="NEW HOME" votes="0" />
                <Precinct name="WEST BROW" votes="18" />
                <Precinct name="TRENTON" votes="33" />
                <Precinct name="NORTH DADE" votes="19" />
            </VoteType>
            <VoteType name="Advance in Person" votes="2174">
                <Precinct name="SOUTH DADE" votes="168" />
                <Precinct name="NEW SALEM" votes="220" />
                <Precinct name="DAVIS" votes="361" />
                <Precinct name="NEW HOME" votes="94" />
                <Precinct name="WEST BROW" votes="159" />
                <Precinct name="TRENTON" votes="771" />
                <Precinct name="NORTH DADE" votes="401" />
            </VoteType>
            <VoteType name="Provisional" votes="2">
                <Precinct name="SOUTH DADE" votes="0" />
                <Precinct name="NEW SALEM" votes="0" />
                <Precinct name="DAVIS" votes="0" />
                <Precinct name="NEW HOME" votes="0" />
                <Precinct name="WEST BROW" votes="0" />
                <Precinct name="TRENTON" votes="2" />
                <Precinct name="NORTH DADE" votes="0" />
            </VoteType>
        </Choice>
        <Choice key="20" text="ERIC HOSKINS" totalVotes="904">
            <VoteType name="Election Day" votes="469">
                <Precinct name="SOUTH DADE" votes="36" />
                <Precinct name="NEW SALEM" votes="68" />
                <Precinct name="DAVIS" votes="86" />
                <Precinct name="NEW HOME" votes="43" />
                <Precinct name="WEST BROW" votes="71" />
                <Precinct name="TRENTON" votes="80" />
                <Precinct name="NORTH DADE" votes="85" />
            </VoteType>
            <VoteType name="Absentee by Mail" votes="30">
                <Precinct name="SOUTH DADE" votes="2" />
                <Precinct name="NEW SALEM" votes="5" />
                <Precinct name="DAVIS" votes="6" />
                <Precinct name="NEW HOME" votes="1" />
                <Precinct name="WEST BROW" votes="3" />
                <Precinct name="TRENTON" votes="8" />
                <Precinct name="NORTH DADE" votes="5" />
            </VoteType>
            <VoteType name="Advance in Person" votes="405">
                <Precinct name="SOUTH DADE" votes="34" />
                <Precinct name="NEW SALEM" votes="50" />
                <Precinct name="DAVIS" votes="48" />
                <Precinct name="NEW HOME" votes="16" />
                <Precinct name="WEST BROW" votes="36" />
                <Precinct name="TRENTON" votes="132" />
                <Precinct name="NORTH DADE" votes="89" />
            </VoteType>
            <VoteType name="Provisional" votes="0">
                <Precinct name="SOUTH DADE" votes="0" />
                <Precinct name="NEW SALEM" votes="0" />
                <Precinct name="DAVIS" votes="0" />
                <Precinct name="NEW HOME" votes="0" />
                <Precinct name="WEST BROW" votes="0" />
                <Precinct name="TRENTON" votes="0" />
                <Precinct name="NORTH DADE" votes="0" />
            </VoteType>
        </Choice>
    </Contest>
    <Contest key="50" text="U.S. Representative, District 14" isQuestion="false" precinctsReporting="7" precinctsReported="7">
        <VoteType name="Number of Precincts for Race" votes="7">
            <Precinct name="SOUTH DADE" votes="1" />
            <Precinct name="NEW SALEM" votes="1" />
            <Precinct name="DAVIS" votes="1" />
            <Precinct name="NEW HOME" votes="1" />
            <Precinct name="WEST BROW" votes="1" />
            <Precinct name="TRENTON" votes="1" />
            <Precinct name="NORTH DADE" votes="1" />
        </VoteType>
        <VoteType name="Number of Precincts Reporting" votes="7">
            <Precinct name="SOUTH DADE" votes="1" />
            <Precinct name="NEW SALEM" votes="1" />
            <Precinct name="DAVIS" votes="1" />
            <Precinct name="NEW HOME" votes="1" />
            <Precinct name="WEST BROW" votes="1" />
            <Precinct name="TRENTON" votes="1" />
            <Precinct name="NORTH DADE" votes="1" />
        </VoteType>
        <Choice key="10" text="TOM GRAVES (I)" totalVotes="5291">
            <VoteType name="Election Day" votes="2734">
                <Precinct name="SOUTH DADE" votes="244" />
                <Precinct name="NEW SALEM" votes="367" />
                <Precinct name="DAVIS" votes="522" />
                <Precinct name="NEW HOME" votes="236" />
                <Precinct name="WEST BROW" votes="474" />
                <Precinct name="TRENTON" votes="481" />
                <Precinct name="NORTH DADE" votes="410" />
            </VoteType>
            <VoteType name="Absentee by Mail" votes="120">
                <Precinct name="SOUTH DADE" votes="10" />
                <Precinct name="NEW SALEM" votes="19" />
                <Precinct name="DAVIS" votes="15" />
                <Precinct name="NEW HOME" votes="2" />
                <Precinct name="WEST BROW" votes="19" />
                <Precinct name="TRENTON" votes="32" />
                <Precinct name="NORTH DADE" votes="23" />
            </VoteType>
            <VoteType name="Advance in Person" votes="2436">
                <Precinct name="SOUTH DADE" votes="193" />
                <Precinct name="NEW SALEM" votes="254" />
                <Precinct name="DAVIS" votes="411" />
                <Precinct name="NEW HOME" votes="107" />
                <Precinct name="WEST BROW" votes="178" />
                <Precinct name="TRENTON" votes="841" />
                <Precinct name="NORTH DADE" votes="452" />
            </VoteType>
            <VoteType name="Provisional" votes="1">
                <Precinct name="SOUTH DADE" votes="0" />
                <Precinct name="NEW SALEM" votes="0" />
                <Precinct name="DAVIS" votes="0" />
                <Precinct name="NEW HOME" votes="0" />
                <Precinct name="WEST BROW" votes="0" />
                <Precinct name="TRENTON" votes="1" />
                <Precinct name="NORTH DADE" votes="0" />
            </VoteType>
        </Choice>
    </Contest>
    <Contest key="70" text="State Senator, District 53" isQuestion="false" precinctsReporting="7" precinctsReported="7">
        <VoteType name="Number of Precincts for Race" votes="7">
            <Precinct name="SOUTH DADE" votes="1" />
            <Precinct name="NEW SALEM" votes="1" />
            <Precinct name="DAVIS" votes="1" />
            <Precinct name="NEW HOME" votes="1" />
            <Precinct name="WEST BROW" votes="1" />
            <Precinct name="TRENTON" votes="1" />
            <Precinct name="NORTH DADE" votes="1" />
        </VoteType>
        <VoteType name="Number of Precincts Reporting" votes="7">
            <Precinct name="SOUTH DADE" votes="1" />
            <Precinct name="NEW SALEM" votes="1" />
            <Precinct name="DAVIS" votes="1" />
            <Precinct name="NEW HOME" votes="1" />
            <Precinct name="WEST BROW" votes="1" />
            <Precinct name="TRENTON" votes="1" />
            <Precinct name="NORTH DADE" votes="1" />
        </VoteType>
        <Choice key="10" text="JEFF MULLIS (I)" totalVotes="5240">
            <VoteType name="Election Day" votes="2705">
                <Precinct name="SOUTH DADE" votes="245" />
                <Precinct name="NEW SALEM" votes="352" />
                <Precinct name="DAVIS" votes="513" />
                <Precinct name="NEW HOME" votes="230" />
                <Precinct name="WEST BROW" votes="475" />
                <Precinct name="TRENTON" votes="475" />
                <Precinct name="NORTH DADE" votes="415" />
            </VoteType>
            <VoteType name="Absentee by Mail" votes="117">
                <Precinct name="SOUTH DADE" votes="11" />
                <Precinct name="NEW SALEM" votes="20" />
                <Precinct name="DAVIS" votes="15" />
                <Precinct name="NEW HOME" votes="1" />
                <Precinct name="WEST BROW" votes="15" />
                <Precinct name="TRENTON" votes="34" />
                <Precinct name="NORTH DADE" votes="21" />
            </VoteType>
            <VoteType name="Advance in Person" votes="2416">
                <Precinct name="SOUTH DADE" votes="193" />
                <Precinct name="NEW SALEM" votes="245" />
                <Precinct name="DAVIS" votes="405" />
                <Precinct name="NEW HOME" votes="108" />
                <Precinct name="WEST BROW" votes="177" />
                <Precinct name="TRENTON" votes="841" />
                <Precinct name="NORTH DADE" votes="447" />
            </VoteType>
            <VoteType name="Provisional" votes="2">
                <Precinct name="SOUTH DADE" votes="0" />
                <Precinct name="NEW SALEM" votes="0" />
                <Precinct name="DAVIS" votes="0" />
                <Precinct name="NEW HOME" votes="0" />
                <Precinct name="WEST BROW" votes="0" />
                <Precinct name="TRENTON" votes="2" />
                <Precinct name="NORTH DADE" votes="0" />
            </VoteType>
        </Choice>
    </Contest>
    <Contest key="90" text="State Representative, District 1" isQuestion="false" precinctsReporting="7" precinctsReported="7">
        <VoteType name="Number of Precincts for Race" votes="7">
            <Precinct name="SOUTH DADE" votes="1" />
            <Precinct name="NEW SALEM" votes="1" />
            <Precinct name="DAVIS" votes="1" />
            <Precinct name="NEW HOME" votes="1" />
            <Precinct name="WEST BROW" votes="1" />
            <Precinct name="TRENTON" votes="1" />
            <Precinct name="NORTH DADE" votes="1" />
        </VoteType>
        <VoteType name="Number of Precincts Reporting" votes="7">
            <Precinct name="SOUTH DADE" votes="1" />
            <Precinct name="NEW SALEM" votes="1" />
            <Precinct name="DAVIS" votes="1" />
            <Precinct name="NEW HOME" votes="1" />
            <Precinct name="WEST BROW" votes="1" />
            <Precinct name="TRENTON" votes="1" />
            <Precinct name="NORTH DADE" votes="1" />
        </VoteType>
        <Choice key="10" text="JOHN DEFFENBAUGH (I) (REP)" totalVotes="5150">
            <VoteType name="Election Day" votes="2665">
                <Precinct name="SOUTH DADE" votes="234" />
                <Precinct name="NEW SALEM" votes="349" />
                <Precinct name="DAVIS" votes="503" />
                <Precinct name="NEW HOME" votes="231" />
                <Precinct name="WEST BROW" votes="478" />
                <Precinct name="TRENTON" votes="464" />
                <Precinct name="NORTH DADE" votes="406" />
            </VoteType>
            <VoteType name="Absentee by Mail" votes="117">
                <Precinct name="SOUTH DADE" votes="10" />
                <Precinct name="NEW SALEM" votes="20" />
                <Precinct name="DAVIS" votes="15" />
                <Precinct name="NEW HOME" votes="1" />
                <Precinct name="WEST BROW" votes="18" />
                <Precinct name="TRENTON" votes="32" />
                <Precinct name="NORTH DADE" votes="21" />
            </VoteType>
            <VoteType name="Advance in Person" votes="2366">
                <Precinct name="SOUTH DADE" votes="184" />
                <Precinct name="NEW SALEM" votes="242" />
                <Precinct name="DAVIS" votes="398" />
                <Precinct name="NEW HOME" votes="104" />
                <Precinct name="WEST BROW" votes="173" />
                <Precinct name="TRENTON" votes="820" />
                <Precinct name="NORTH DADE" votes="445" />
            </VoteType>
            <VoteType name="Provisional" votes="2">
                <Precinct name="SOUTH DADE" votes="0" />
                <Precinct name="NEW SALEM" votes="0" />
                <Precinct name="DAVIS" votes="0" />
                <Precinct name="NEW HOME" votes="0" />
                <Precinct name="WEST BROW" votes="0" />
                <Precinct name="TRENTON" votes="2" />
                <Precinct name="NORTH DADE" votes="0" />
            </VoteType>
        </Choice>
    </Contest>
    <Contest key="110" text="District Attorney, Lookout Mountain Circuit" isQuestion="false" precinctsReporting="7" precinctsReported="7">
        <VoteType name="Number of Precincts for Race" votes="7">
            <Precinct name="SOUTH DADE" votes="1" />
            <Precinct name="NEW SALEM" votes="1" />
            <Precinct name="DAVIS" votes="1" />
            <Precinct name="NEW HOME" votes="1" />
            <Precinct name="WEST BROW" votes="1" />
            <Precinct name="TRENTON" votes="1" />
            <Precinct name="NORTH DADE" votes="1" />
        </VoteType>
        <VoteType name="Number of Precincts Reporting" votes="7">
            <Precinct name="SOUTH DADE" votes="1" />
            <Precinct name="NEW SALEM" votes="1" />
            <Precinct name="DAVIS" votes="1" />
            <Precinct name="NEW HOME" votes="1" />
            <Precinct name="WEST BROW" votes="1" />
            <Precinct name="TRENTON" votes="1" />
            <Precinct name="NORTH DADE" votes="1" />
        </VoteType>
        <Choice key="10" text="HERBERT (BUZZ) FRANKLIN (I)" totalVotes="5334">
            <VoteType name="Election Day" votes="2725">
                <Precinct name="SOUTH DADE" votes="244" />
                <Precinct name="NEW SALEM" votes="368" />
                <Precinct name="DAVIS" votes="505" />
                <Precinct name="NEW HOME" votes="232" />
                <Precinct name="WEST BROW" votes="481" />
                <Precinct name="TRENTON" votes="477" />
                <Precinct name="NORTH DADE" votes="418" />
            </VoteType>
            <VoteType name="Absentee by Mail" votes="122">
                <Precinct name="SOUTH DADE" votes="11" />
                <Precinct name="NEW SALEM" votes="19" />
                <Precinct name="DAVIS" votes="17" />
                <Precinct name="NEW HOME" votes="1" />
                <Precinct name="WEST BROW" votes="19" />
                <Precinct name="TRENTON" votes="33" />
                <Precinct name="NORTH DADE" votes="22" />
            </VoteType>
            <VoteType name="Advance in Person" votes="2485">
                <Precinct name="SOUTH DADE" votes="210" />
                <Precinct name="NEW SALEM" votes="260" />
                <Precinct name="DAVIS" votes="399" />
                <Precinct name="NEW HOME" votes="110" />
                <Precinct name="WEST BROW" votes="183" />
                <Precinct name="TRENTON" votes="857" />
                <Precinct name="NORTH DADE" votes="466" />
            </VoteType>
            <VoteType name="Provisional" votes="2">
                <Precinct name="SOUTH DADE" votes="0" />
                <Precinct name="NEW SALEM" votes="0" />
                <Precinct name="DAVIS" votes="0" />
                <Precinct name="NEW HOME" votes="0" />
                <Precinct name="WEST BROW" votes="0" />
                <Precinct name="TRENTON" votes="2" />
                <Precinct name="NORTH DADE" votes="0" />
            </VoteType>
        </Choice>
    </Contest>
    <Contest key="130" text="CLERK, SUPERIOR COURT" isQuestion="false" precinctsReporting="7" precinctsReported="7">
        <VoteType name="Number of Precincts for Race" votes="7">
            <Precinct name="SOUTH DADE" votes="1" />
            <Precinct name="NEW SALEM" votes="1" />
            <Precinct name="DAVIS" votes="1" />
            <Precinct name="NEW HOME" votes="1" />
            <Precinct name="WEST BROW" votes="1" />
            <Precinct name="TRENTON" votes="1" />
            <Precinct name="NORTH DADE" votes="1" />
        </VoteType>
        <VoteType name="Number of Precincts Reporting" votes="7">
            <Precinct name="SOUTH DADE" votes="1" />
            <Precinct name="NEW SALEM" votes="1" />
            <Precinct name="DAVIS" votes="1" />
            <Precinct name="NEW HOME" votes="1" />
            <Precinct name="WEST BROW" votes="1" />
            <Precinct name="TRENTON" votes="1" />
            <Precinct name="NORTH DADE" votes="1" />
        </VoteType>
        <Choice key="10" text="K. D. PAGE (I) R" totalVotes="5454">
            <VoteType name="Election Day" votes="2799">
                <Precinct name="SOUTH DADE" votes="251" />
                <Precinct name="NEW SALEM" votes="371" />
                <Precinct name="DAVIS" votes="527" />
                <Precinct name="NEW HOME" votes="239" />
                <Precinct name="WEST BROW" votes="498" />
                <Precinct name="TRENTON" votes="479" />
                <Precinct name="NORTH DADE" votes="434" />
            </VoteType>
            <VoteType name="Absentee by Mail" votes="117">
                <Precinct name="SOUTH DADE" votes="11" />
                <Precinct name="NEW SALEM" votes="18" />
                <Precinct name="DAVIS" votes="17" />
                <Precinct name="NEW HOME" votes="1" />
                <Precinct name="WEST BROW" votes="18" />
                <Precinct name="TRENTON" votes="32" />
                <Precinct name="NORTH DADE" votes="20" />
            </VoteType>
            <VoteType name="Advance in Person" votes="2537">
                <Precinct name="SOUTH DADE" votes="211" />
                <Precinct name="NEW SALEM" votes="264" />
                <Precinct name="DAVIS" votes="409" />
                <Precinct name="NEW HOME" votes="111" />
                <Precinct name="WEST BROW" votes="185" />
                <Precinct name="TRENTON" votes="877" />
                <Precinct name="NORTH DADE" votes="480" />
            </VoteType>
            <VoteType name="Provisional" votes="1">
                <Precinct name="SOUTH DADE" votes="0" />
                <Precinct name="NEW SALEM" votes="0" />
                <Precinct name="DAVIS" votes="0" />
                <Precinct name="NEW HOME" votes="0" />
                <Precinct name="WEST BROW" votes="0" />
                <Precinct name="TRENTON" votes="1" />
                <Precinct name="NORTH DADE" votes="0" />
            </VoteType>
        </Choice>
    </Contest>
    <Contest key="150" text="SHERIFF" isQuestion="false" precinctsReporting="7" precinctsReported="7">
        <VoteType name="Number of Precincts for Race" votes="7">
            <Precinct name="SOUTH DADE" votes="1" />
            <Precinct name="NEW SALEM" votes="1" />
            <Precinct name="DAVIS" votes="1" />
            <Precinct name="NEW HOME" votes="1" />
            <Precinct name="WEST BROW" votes="1" />
            <Precinct name="TRENTON" votes="1" />
            <Precinct name="NORTH DADE" votes="1" />
        </VoteType>
        <VoteType name="Number of Precincts Reporting" votes="7">
            <Precinct name="SOUTH DADE" votes="1" />
            <Precinct name="NEW SALEM" votes="1" />
            <Precinct name="DAVIS" votes="1" />
            <Precinct name="NEW HOME" votes="1" />
            <Precinct name="WEST BROW" votes="1" />
            <Precinct name="TRENTON" votes="1" />
            <Precinct name="NORTH DADE" votes="1" />
        </VoteType>
        <Choice key="10" text="R. G. CROSS (I) R" totalVotes="5484">
            <VoteType name="Election Day" votes="2800">
                <Precinct name="SOUTH DADE" votes="261" />
                <Precinct name="NEW SALEM" votes="389" />
                <Precinct name="DAVIS" votes="515" />
                <Precinct name="NEW HOME" votes="237" />
                <Precinct name="WEST BROW" votes="481" />
                <Precinct name="TRENTON" votes="484" />
                <Precinct name="NORTH DADE" votes="433" />
            </VoteType>
            <VoteType name="Absentee by Mail" votes="124">
                <Precinct name="SOUTH DADE" votes="11" />
                <Precinct name="NEW SALEM" votes="18" />
                <Precinct name="DAVIS" votes="17" />
                <Precinct name="NEW HOME" votes="2" />
                <Precinct name="WEST BROW" votes="19" />
                <Precinct name="TRENTON" votes="37" />
                <Precinct name="NORTH DADE" votes="20" />
            </VoteType>
            <VoteType name="Advance in Person" votes="2559">
                <Precinct name="SOUTH DADE" votes="204" />
                <Precinct name="NEW SALEM" votes="268" />
                <Precinct name="DAVIS" votes="417" />
                <Precinct name="NEW HOME" votes="114" />
                <Precinct name="WEST BROW" votes="188" />
                <Precinct name="TRENTON" votes="889" />
                <Precinct name="NORTH DADE" votes="479" />
            </VoteType>
            <VoteType name="Provisional" votes="1">
                <Precinct name="SOUTH DADE" votes="0" />
                <Precinct name="NEW SALEM" votes="0" />
                <Precinct name="DAVIS" votes="0" />
                <Precinct name="NEW HOME" votes="0" />
                <Precinct name="WEST BROW" votes="0" />
                <Precinct name="TRENTON" votes="1" />
                <Precinct name="NORTH DADE" votes="0" />
            </VoteType>
        </Choice>
    </Contest>
    <Contest key="180" text="TAX COMMISSIONER" isQuestion="false" precinctsReporting="7" precinctsReported="7">
        <VoteType name="Number of Precincts for Race" votes="7">
            <Precinct name="SOUTH DADE" votes="1" />
            <Precinct name="NEW SALEM" votes="1" />
            <Precinct name="DAVIS" votes="1" />
            <Precinct name="NEW HOME" votes="1" />
            <Precinct name="WEST BROW" votes="1" />
            <Precinct name="TRENTON" votes="1" />
            <Precinct name="NORTH DADE" votes="1" />
        </VoteType>
        <VoteType name="Number of Precincts Reporting" votes="7">
            <Precinct name="SOUTH DADE" votes="1" />
            <Precinct name="NEW SALEM" votes="1" />
            <Precinct name="DAVIS" votes="1" />
            <Precinct name="NEW HOME" votes="1" />
            <Precinct name="WEST BROW" votes="1" />
            <Precinct name="TRENTON" votes="1" />
            <Precinct name="NORTH DADE" votes="1" />
        </VoteType>
        <Choice key="10" text="J. I. MORELAND (I) D" totalVotes="5153">
            <VoteType name="Election Day" votes="2600">
                <Precinct name="SOUTH DADE" votes="229" />
                <Precinct name="NEW SALEM" votes="357" />
                <Precinct name="DAVIS" votes="487" />
                <Precinct name="NEW HOME" votes="234" />
                <Precinct name="WEST BROW" votes="425" />
                <Precinct name="TRENTON" votes="461" />
                <Precinct name="NORTH DADE" votes="407" />
            </VoteType>
            <VoteType name="Absentee by Mail" votes="120">
                <Precinct name="SOUTH DADE" votes="9" />
                <Precinct name="NEW SALEM" votes="15" />
                <Precinct name="DAVIS" votes="19" />
                <Precinct name="NEW HOME" votes="2" />
                <Precinct name="WEST BROW" votes="21" />
                <Precinct name="TRENTON" votes="30" />
                <Precinct name="NORTH DADE" votes="24" />
            </VoteType>
            <VoteType name="Advance in Person" votes="2432">
                <Precinct name="SOUTH DADE" votes="201" />
                <Precinct name="NEW SALEM" votes="247" />
                <Precinct name="DAVIS" votes="383" />
                <Precinct name="NEW HOME" votes="108" />
                <Precinct name="WEST BROW" votes="166" />
                <Precinct name="TRENTON" votes="853" />
                <Precinct name="NORTH DADE" votes="474" />
            </VoteType>
            <VoteType name="Provisional" votes="1">
                <Precinct name="SOUTH DADE" votes="0" />
                <Precinct name="NEW SALEM" votes="0" />
                <Precinct name="DAVIS" votes="0" />
                <Precinct name="NEW HOME" votes="0" />
                <Precinct name="WEST BROW" votes="0" />
                <Precinct name="TRENTON" votes="1" />
                <Precinct name="NORTH DADE" votes="0" />
            </VoteType>
        </Choice>
    </Contest>
    <Contest key="190" text="CORONER" isQuestion="false" precinctsReporting="7" precinctsReported="7">
        <VoteType name="Number of Precincts for Race" votes="7">
            <Precinct name="SOUTH DADE" votes="1" />
            <Precinct name="NEW SALEM" votes="1" />
            <Precinct name="DAVIS" votes="1" />
            <Precinct name="NEW HOME" votes="1" />
            <Precinct name="WEST BROW" votes="1" />
            <Precinct name="TRENTON" votes="1" />
            <Precinct name="NORTH DADE" votes="1" />
        </VoteType>
        <VoteType name="Number of Precincts Reporting" votes="7">
            <Precinct name="SOUTH DADE" votes="1" />
            <Precinct name="NEW SALEM" votes="1" />
            <Precinct name="DAVIS" votes="1" />
            <Precinct name="NEW HOME" votes="1" />
            <Precinct name="WEST BROW" votes="1" />
            <Precinct name="TRENTON" votes="1" />
            <Precinct name="NORTH DADE" votes="1" />
        </VoteType>
        <Choice key="10" text="J. R. GRAY (I) R" totalVotes="5415">
            <VoteType name="Election Day" votes="2777">
                <Precinct name="SOUTH DADE" votes="252" />
                <Precinct name="NEW SALEM" votes="377" />
                <Precinct name="DAVIS" votes="516" />
                <Precinct name="NEW HOME" votes="246" />
                <Precinct name="WEST BROW" votes="480" />
                <Precinct name="TRENTON" votes="480" />
                <Precinct name="NORTH DADE" votes="426" />
            </VoteType>
            <VoteType name="Absentee by Mail" votes="119">
                <Precinct name="SOUTH DADE" votes="10" />
                <Precinct name="NEW SALEM" votes="19" />
                <Precinct name="DAVIS" votes="17" />
                <Precinct name="NEW HOME" votes="2" />
                <Precinct name="WEST BROW" votes="18" />
                <Precinct name="TRENTON" votes="32" />
                <Precinct name="NORTH DADE" votes="21" />
            </VoteType>
            <VoteType name="Advance in Person" votes="2518">
                <Precinct name="SOUTH DADE" votes="204" />
                <Precinct name="NEW SALEM" votes="265" />
                <Precinct name="DAVIS" votes="411" />
                <Precinct name="NEW HOME" votes="111" />
                <Precinct name="WEST BROW" votes="181" />
                <Precinct name="TRENTON" votes="875" />
                <Precinct name="NORTH DADE" votes="471" />
            </VoteType>
            <VoteType name="Provisional" votes="1">
                <Precinct name="SOUTH DADE" votes="0" />
                <Precinct name="NEW SALEM" votes="0" />
                <Precinct name="DAVIS" votes="0" />
                <Precinct name="NEW HOME" votes="0" />
                <Precinct name="WEST BROW" votes="0" />
                <Precinct name="TRENTON" votes="1" />
                <Precinct name="NORTH DADE" votes="0" />
            </VoteType>
        </Choice>
    </Contest>
    <Contest key="210" text="CC, CHAIR/COUNTY EXEC" isQuestion="false" precinctsReporting="7" precinctsReported="7">
        <VoteType name="Number of Precincts for Race" votes="7">
            <Precinct name="SOUTH DADE" votes="1" />
            <Precinct name="NEW SALEM" votes="1" />
            <Precinct name="DAVIS" votes="1" />
            <Precinct name="NEW HOME" votes="1" />
            <Precinct name="WEST BROW" votes="1" />
            <Precinct name="TRENTON" votes="1" />
            <Precinct name="NORTH DADE" votes="1" />
        </VoteType>
        <VoteType name="Number of Precincts Reporting" votes="7">
            <Precinct name="SOUTH DADE" votes="1" />
            <Precinct name="NEW SALEM" votes="1" />
            <Precinct name="DAVIS" votes="1" />
            <Precinct name="NEW HOME" votes="1" />
            <Precinct name="WEST BROW" votes="1" />
            <Precinct name="TRENTON" votes="1" />
            <Precinct name="NORTH DADE" votes="1" />
        </VoteType>
        <Choice key="10" text="T. M. RUMLEY SR (I)R" totalVotes="5258">
            <VoteType name="Election Day" votes="2691">
                <Precinct name="SOUTH DADE" votes="236" />
                <Precinct name="NEW SALEM" votes="365" />
                <Precinct name="DAVIS" votes="507" />
                <Precinct name="NEW HOME" votes="227" />
                <Precinct name="WEST BROW" votes="477" />
                <Precinct name="TRENTON" votes="461" />
                <Precinct name="NORTH DADE" votes="418" />
            </VoteType>
            <VoteType name="Absentee by Mail" votes="124">
                <Precinct name="SOUTH DADE" votes="12" />
                <Precinct name="NEW SALEM" votes="19" />
                <Precinct name="DAVIS" votes="19" />
                <Precinct name="NEW HOME" votes="1" />
                <Precinct name="WEST BROW" votes="18" />
                <Precinct name="TRENTON" votes="33" />
                <Precinct name="NORTH DADE" votes="22" />
            </VoteType>
            <VoteType name="Advance in Person" votes="2442">
                <Precinct name="SOUTH DADE" votes="206" />
                <Precinct name="NEW SALEM" votes="257" />
                <Precinct name="DAVIS" votes="389" />
                <Precinct name="NEW HOME" votes="107" />
                <Precinct name="WEST BROW" votes="178" />
                <Precinct name="TRENTON" votes="842" />
                <Precinct name="NORTH DADE" votes="463" />
            </VoteType>
            <VoteType name="Provisional" votes="1">
                <Precinct name="SOUTH DADE" votes="0" />
                <Precinct name="NEW SALEM" votes="0" />
                <Precinct name="DAVIS" votes="0" />
                <Precinct name="NEW HOME" votes="0" />
                <Precinct name="WEST BROW" votes="0" />
                <Precinct name="TRENTON" votes="1" />
                <Precinct name="NORTH DADE" votes="0" />
            </VoteType>
        </Choice>
    </Contest>
    <Contest key="230" text="CC, D3" isQuestion="false" precinctsReporting="7" precinctsReported="7">
        <VoteType name="Number of Precincts for Race" votes="7">
            <Precinct name="SOUTH DADE" votes="1" />
            <Precinct name="NEW SALEM" votes="1" />
            <Precinct name="DAVIS" votes="1" />
            <Precinct name="NEW HOME" votes="1" />
            <Precinct name="WEST BROW" votes="1" />
            <Precinct name="TRENTON" votes="1" />
            <Precinct name="NORTH DADE" votes="1" />
        </VoteType>
        <VoteType name="Number of Precincts Reporting" votes="7">
            <Precinct name="SOUTH DADE" votes="1" />
            <Precinct name="NEW SALEM" votes="1" />
            <Precinct name="DAVIS" votes="1" />
            <Precinct name="NEW HOME" votes="1" />
            <Precinct name="WEST BROW" votes="1" />
            <Precinct name="TRENTON" votes="1" />
            <Precinct name="NORTH DADE" votes="1" />
        </VoteType>
        <Choice key="10" text="R. GOFF (I) R" totalVotes="5147">
            <VoteType name="Election Day" votes="2665">
                <Precinct name="SOUTH DADE" votes="239" />
                <Precinct name="NEW SALEM" votes="357" />
                <Precinct name="DAVIS" votes="504" />
                <Precinct name="NEW HOME" votes="234" />
                <Precinct name="WEST BROW" votes="465" />
                <Precinct name="TRENTON" votes="454" />
                <Precinct name="NORTH DADE" votes="412" />
            </VoteType>
            <VoteType name="Absentee by Mail" votes="117">
                <Precinct name="SOUTH DADE" votes="11" />
                <Precinct name="NEW SALEM" votes="18" />
                <Precinct name="DAVIS" votes="17" />
                <Precinct name="NEW HOME" votes="1" />
                <Precinct name="WEST BROW" votes="18" />
                <Precinct name="TRENTON" votes="31" />
                <Precinct name="NORTH DADE" votes="21" />
            </VoteType>
            <VoteType name="Advance in Person" votes="2364">
                <Precinct name="SOUTH DADE" votes="195" />
                <Precinct name="NEW SALEM" votes="245" />
                <Precinct name="DAVIS" votes="380" />
                <Precinct name="NEW HOME" votes="109" />
                <Precinct name="WEST BROW" votes="174" />
                <Precinct name="TRENTON" votes="827" />
                <Precinct name="NORTH DADE" votes="434" />
            </VoteType>
            <VoteType name="Provisional" votes="1">
                <Precinct name="SOUTH DADE" votes="0" />
                <Precinct name="NEW SALEM" votes="0" />
                <Precinct name="DAVIS" votes="0" />
                <Precinct name="NEW HOME" votes="0" />
                <Precinct name="WEST BROW" votes="0" />
                <Precinct name="TRENTON" votes="1" />
                <Precinct name="NORTH DADE" votes="0" />
            </VoteType>
        </Choice>
    </Contest>
    <Contest key="250" text="CC, D4" isQuestion="false" precinctsReporting="7" precinctsReported="7">
        <VoteType name="Number of Precincts for Race" votes="7">
            <Precinct name="SOUTH DADE" votes="1" />
            <Precinct name="NEW SALEM" votes="1" />
            <Precinct name="DAVIS" votes="1" />
            <Precinct name="NEW HOME" votes="1" />
            <Precinct name="WEST BROW" votes="1" />
            <Precinct name="TRENTON" votes="1" />
            <Precinct name="NORTH DADE" votes="1" />
        </VoteType>
        <VoteType name="Number of Precincts Reporting" votes="7">
            <Precinct name="SOUTH DADE" votes="1" />
            <Precinct name="NEW SALEM" votes="1" />
            <Precinct name="DAVIS" votes="1" />
            <Precinct name="NEW HOME" votes="1" />
            <Precinct name="WEST BROW" votes="1" />
            <Precinct name="TRENTON" votes="1" />
            <Precinct name="NORTH DADE" votes="1" />
        </VoteType>
        <Choice key="20" text="A. L. BRADFORD (I) R" totalVotes="5334">
            <VoteType name="Election Day" votes="2730">
                <Precinct name="SOUTH DADE" votes="245" />
                <Precinct name="NEW SALEM" votes="369" />
                <Precinct name="DAVIS" votes="511" />
                <Precinct name="NEW HOME" votes="235" />
                <Precinct name="WEST BROW" votes="479" />
                <Precinct name="TRENTON" votes="475" />
                <Precinct name="NORTH DADE" votes="416" />
            </VoteType>
            <VoteType name="Absentee by Mail" votes="117">
                <Precinct name="SOUTH DADE" votes="10" />
                <Precinct name="NEW SALEM" votes="17" />
                <Precinct name="DAVIS" votes="18" />
                <Precinct name="NEW HOME" votes="2" />
                <Precinct name="WEST BROW" votes="18" />
                <Precinct name="TRENTON" votes="32" />
                <Precinct name="NORTH DADE" votes="20" />
            </VoteType>
            <VoteType name="Advance in Person" votes="2486">
                <Precinct name="SOUTH DADE" votes="202" />
                <Precinct name="NEW SALEM" votes="258" />
                <Precinct name="DAVIS" votes="399" />
                <Precinct name="NEW HOME" votes="109" />
                <Precinct name="WEST BROW" votes="188" />
                <Precinct name="TRENTON" votes="870" />
                <Precinct name="NORTH DADE" votes="460" />
            </VoteType>
            <VoteType name="Provisional" votes="1">
                <Precinct name="SOUTH DADE" votes="0" />
                <Precinct name="NEW SALEM" votes="0" />
                <Precinct name="DAVIS" votes="0" />
                <Precinct name="NEW HOME" votes="0" />
                <Precinct name="WEST BROW" votes="0" />
                <Precinct name="TRENTON" votes="1" />
                <Precinct name="NORTH DADE" votes="0" />
            </VoteType>
        </Choice>
    </Contest>
    <Contest key="270" text="BOE, D3" isQuestion="false" precinctsReporting="7" precinctsReported="7">
        <VoteType name="Number of Precincts for Race" votes="7">
            <Precinct name="SOUTH DADE" votes="1" />
            <Precinct name="NEW SALEM" votes="1" />
            <Precinct name="DAVIS" votes="1" />
            <Precinct name="NEW HOME" votes="1" />
            <Precinct name="WEST BROW" votes="1" />
            <Precinct name="TRENTON" votes="1" />
            <Precinct name="NORTH DADE" votes="1" />
        </VoteType>
        <VoteType name="Number of Precincts Reporting" votes="7">
            <Precinct name="SOUTH DADE" votes="1" />
            <Precinct name="NEW SALEM" votes="1" />
            <Precinct name="DAVIS" votes="1" />
            <Precinct name="NEW HOME" votes="1" />
            <Precinct name="WEST BROW" votes="1" />
            <Precinct name="TRENTON" votes="1" />
            <Precinct name="NORTH DADE" votes="1" />
        </VoteType>
        <Choice key="20" text="J. WARREN (I) R" totalVotes="5113">
            <VoteType name="Election Day" votes="2622">
                <Precinct name="SOUTH DADE" votes="239" />
                <Precinct name="NEW SALEM" votes="348" />
                <Precinct name="DAVIS" votes="494" />
                <Precinct name="NEW HOME" votes="230" />
                <Precinct name="WEST BROW" votes="466" />
                <Precinct name="TRENTON" votes="447" />
                <Precinct name="NORTH DADE" votes="398" />
            </VoteType>
            <VoteType name="Absentee by Mail" votes="114">
                <Precinct name="SOUTH DADE" votes="8" />
                <Precinct name="NEW SALEM" votes="19" />
                <Precinct name="DAVIS" votes="17" />
                <Precinct name="NEW HOME" votes="2" />
                <Precinct name="WEST BROW" votes="18" />
                <Precinct name="TRENTON" votes="28" />
                <Precinct name="NORTH DADE" votes="22" />
            </VoteType>
            <VoteType name="Advance in Person" votes="2376">
                <Precinct name="SOUTH DADE" votes="200" />
                <Precinct name="NEW SALEM" votes="255" />
                <Precinct name="DAVIS" votes="371" />
                <Precinct name="NEW HOME" votes="105" />
                <Precinct name="WEST BROW" votes="179" />
                <Precinct name="TRENTON" votes="818" />
                <Precinct name="NORTH DADE" votes="448" />
            </VoteType>
            <VoteType name="Provisional" votes="1">
                <Precinct name="SOUTH DADE" votes="0" />
                <Precinct name="NEW SALEM" votes="0" />
                <Precinct name="DAVIS" votes="0" />
                <Precinct name="NEW HOME" votes="0" />
                <Precinct name="WEST BROW" votes="0" />
                <Precinct name="TRENTON" votes="1" />
                <Precinct name="NORTH DADE" votes="0" />
            </VoteType>
        </Choice>
    </Contest>
    <Contest key="290" text="BOE, D4" isQuestion="false" precinctsReporting="7" precinctsReported="7">
        <VoteType name="Number of Precincts for Race" votes="7">
            <Precinct name="SOUTH DADE" votes="1" />
            <Precinct name="NEW SALEM" votes="1" />
            <Precinct name="DAVIS" votes="1" />
            <Precinct name="NEW HOME" votes="1" />
            <Precinct name="WEST BROW" votes="1" />
            <Precinct name="TRENTON" votes="1" />
            <Precinct name="NORTH DADE" votes="1" />
        </VoteType>
        <VoteType name="Number of Precincts Reporting" votes="7">
            <Precinct name="SOUTH DADE" votes="1" />
            <Precinct name="NEW SALEM" votes="1" />
            <Precinct name="DAVIS" votes="1" />
            <Precinct name="NEW HOME" votes="1" />
            <Precinct name="WEST BROW" votes="1" />
            <Precinct name="TRENTON" votes="1" />
            <Precinct name="NORTH DADE" votes="1" />
        </VoteType>
        <Choice key="10" text="C. A. BRADFORD (I) R" totalVotes="5112">
            <VoteType name="Election Day" votes="2652">
                <Precinct name="SOUTH DADE" votes="231" />
                <Precinct name="NEW SALEM" votes="361" />
                <Precinct name="DAVIS" votes="507" />
                <Precinct name="NEW HOME" votes="234" />
                <Precinct name="WEST BROW" votes="463" />
                <Precinct name="TRENTON" votes="451" />
                <Precinct name="NORTH DADE" votes="405" />
            </VoteType>
            <VoteType name="Absentee by Mail" votes="114">
                <Precinct name="SOUTH DADE" votes="9" />
                <Precinct name="NEW SALEM" votes="16" />
                <Precinct name="DAVIS" votes="16" />
                <Precinct name="NEW HOME" votes="1" />
                <Precinct name="WEST BROW" votes="18" />
                <Precinct name="TRENTON" votes="31" />
                <Precinct name="NORTH DADE" votes="23" />
            </VoteType>
            <VoteType name="Advance in Person" votes="2345">
                <Precinct name="SOUTH DADE" votes="188" />
                <Precinct name="NEW SALEM" votes="240" />
                <Precinct name="DAVIS" votes="376" />
                <Precinct name="NEW HOME" votes="109" />
                <Precinct name="WEST BROW" votes="178" />
                <Precinct name="TRENTON" votes="811" />
                <Precinct name="NORTH DADE" votes="443" />
            </VoteType>
            <VoteType name="Provisional" votes="1">
                <Precinct name="SOUTH DADE" votes="0" />
                <Precinct name="NEW SALEM" votes="0" />
                <Precinct name="DAVIS" votes="0" />
                <Precinct name="NEW HOME" votes="0" />
                <Precinct name="WEST BROW" votes="0" />
                <Precinct name="TRENTON" votes="1" />
                <Precinct name="NORTH DADE" votes="0" />
            </VoteType>
        </Choice>
    </Contest>
    <Contest key="310" text="BOE D5 AT LARGE" isQuestion="false" precinctsReporting="7" precinctsReported="7">
        <VoteType name="Number of Precincts for Race" votes="7">
            <Precinct name="SOUTH DADE" votes="1" />
            <Precinct name="NEW SALEM" votes="1" />
            <Precinct name="DAVIS" votes="1" />
            <Precinct name="NEW HOME" votes="1" />
            <Precinct name="WEST BROW" votes="1" />
            <Precinct name="TRENTON" votes="1" />
            <Precinct name="NORTH DADE" votes="1" />
        </VoteType>
        <VoteType name="Number of Precincts Reporting" votes="7">
            <Precinct name="SOUTH DADE" votes="1" />
            <Precinct name="NEW SALEM" votes="1" />
            <Precinct name="DAVIS" votes="1" />
            <Precinct name="NEW HOME" votes="1" />
            <Precinct name="WEST BROW" votes="1" />
            <Precinct name="TRENTON" votes="1" />
            <Precinct name="NORTH DADE" votes="1" />
        </VoteType>
        <Choice key="10" text="B. WOODS (R)" totalVotes="5136">
            <VoteType name="Election Day" votes="2649">
                <Precinct name="SOUTH DADE" votes="242" />
                <Precinct name="NEW SALEM" votes="362" />
                <Precinct name="DAVIS" votes="498" />
                <Precinct name="NEW HOME" votes="234" />
                <Precinct name="WEST BROW" votes="464" />
                <Precinct name="TRENTON" votes="450" />
                <Precinct name="NORTH DADE" votes="399" />
            </VoteType>
            <VoteType name="Absentee by Mail" votes="115">
                <Precinct name="SOUTH DADE" votes="10" />
                <Precinct name="NEW SALEM" votes="17" />
                <Precinct name="DAVIS" votes="16" />
                <Precinct name="NEW HOME" votes="1" />
                <Precinct name="WEST BROW" votes="18" />
                <Precinct name="TRENTON" votes="31" />
                <Precinct name="NORTH DADE" votes="22" />
            </VoteType>
            <VoteType name="Advance in Person" votes="2371">
                <Precinct name="SOUTH DADE" votes="193" />
                <Precinct name="NEW SALEM" votes="244" />
                <Precinct name="DAVIS" votes="381" />
                <Precinct name="NEW HOME" votes="103" />
                <Precinct name="WEST BROW" votes="178" />
                <Precinct name="TRENTON" votes="828" />
                <Precinct name="NORTH DADE" votes="444" />
            </VoteType>
            <VoteType name="Provisional" votes="1">
                <Precinct name="SOUTH DADE" votes="0" />
                <Precinct name="NEW SALEM" votes="0" />
                <Precinct name="DAVIS" votes="0" />
                <Precinct name="NEW HOME" votes="0" />
                <Precinct name="WEST BROW" votes="0" />
                <Precinct name="TRENTON" votes="1" />
                <Precinct name="NORTH DADE" votes="0" />
            </VoteType>
        </Choice>
    </Contest>
    <Contest key="320" text="SOIL AND WATER" isQuestion="false" precinctsReporting="7" precinctsReported="7">
        <VoteType name="Number of Precincts for Race" votes="7">
            <Precinct name="SOUTH DADE" votes="1" />
            <Precinct name="NEW SALEM" votes="1" />
            <Precinct name="DAVIS" votes="1" />
            <Precinct name="NEW HOME" votes="1" />
            <Precinct name="WEST BROW" votes="1" />
            <Precinct name="TRENTON" votes="1" />
            <Precinct name="NORTH DADE" votes="1" />
        </VoteType>
        <VoteType name="Number of Precincts Reporting" votes="7">
            <Precinct name="SOUTH DADE" votes="1" />
            <Precinct name="NEW SALEM" votes="1" />
            <Precinct name="DAVIS" votes="1" />
            <Precinct name="NEW HOME" votes="1" />
            <Precinct name="WEST BROW" votes="1" />
            <Precinct name="TRENTON" votes="1" />
            <Precinct name="NORTH DADE" votes="1" />
        </VoteType>
        <Choice key="10" text="L. C. GASS (I)" totalVotes="5094">
            <VoteType name="Election Day" votes="2614">
                <Precinct name="SOUTH DADE" votes="235" />
                <Precinct name="NEW SALEM" votes="349" />
                <Precinct name="DAVIS" votes="493" />
                <Precinct name="NEW HOME" votes="233" />
                <Precinct name="WEST BROW" votes="441" />
                <Precinct name="TRENTON" votes="458" />
                <Precinct name="NORTH DADE" votes="405" />
            </VoteType>
            <VoteType name="Absentee by Mail" votes="116">
                <Precinct name="SOUTH DADE" votes="10" />
                <Precinct name="NEW SALEM" votes="18" />
                <Precinct name="DAVIS" votes="21" />
                <Precinct name="NEW HOME" votes="1" />
                <Precinct name="WEST BROW" votes="17" />
                <Precinct name="TRENTON" votes="29" />
                <Precinct name="NORTH DADE" votes="20" />
            </VoteType>
            <VoteType name="Advance in Person" votes="2363">
                <Precinct name="SOUTH DADE" votes="195" />
                <Precinct name="NEW SALEM" votes="247" />
                <Precinct name="DAVIS" votes="381" />
                <Precinct name="NEW HOME" votes="106" />
                <Precinct name="WEST BROW" votes="170" />
                <Precinct name="TRENTON" votes="825" />
                <Precinct name="NORTH DADE" votes="439" />
            </VoteType>
            <VoteType name="Provisional" votes="1">
                <Precinct name="SOUTH DADE" votes="0" />
                <Precinct name="NEW SALEM" votes="0" />
                <Precinct name="DAVIS" votes="0" />
                <Precinct name="NEW HOME" votes="0" />
                <Precinct name="WEST BROW" votes="0" />
                <Precinct name="TRENTON" votes="1" />
                <Precinct name="NORTH DADE" votes="0" />
            </VoteType>
        </Choice>
    </Contest>
    <Contest key="321" text="Constitutional Amendment #1&lt;br&gt;Provides greater flexibility and state accountability to fix failing schools through increasing community involvement." isQuestion="false" precinctsReporting="7" precinctsReported="7">
        <VoteType name="Number of Precincts for Race" votes="7">
            <Precinct name="SOUTH DADE" votes="1" />
            <Precinct name="NEW SALEM" votes="1" />
            <Precinct name="DAVIS" votes="1" />
            <Precinct name="NEW HOME" votes="1" />
            <Precinct name="WEST BROW" votes="1" />
            <Precinct name="TRENTON" votes="1" />
            <Precinct name="NORTH DADE" votes="1" />
        </VoteType>
        <VoteType name="Number of Precincts Reporting" votes="7">
            <Precinct name="SOUTH DADE" votes="1" />
            <Precinct name="NEW SALEM" votes="1" />
            <Precinct name="DAVIS" votes="1" />
            <Precinct name="NEW HOME" votes="1" />
            <Precinct name="WEST BROW" votes="1" />
            <Precinct name="TRENTON" votes="1" />
            <Precinct name="NORTH DADE" votes="1" />
        </VoteType>
        <Choice key="10" text="YES" totalVotes="2716">
            <VoteType name="Election Day" votes="1337">
                <Precinct name="SOUTH DADE" votes="106" />
                <Precinct name="NEW SALEM" votes="132" />
                <Precinct name="DAVIS" votes="247" />
                <Precinct name="NEW HOME" votes="114" />
                <Precinct name="WEST BROW" votes="254" />
                <Precinct name="TRENTON" votes="265" />
                <Precinct name="NORTH DADE" votes="219" />
            </VoteType>
            <VoteType name="Absentee by Mail" votes="92">
                <Precinct name="SOUTH DADE" votes="6" />
                <Precinct name="NEW SALEM" votes="16" />
                <Precinct name="DAVIS" votes="9" />
                <Precinct name="NEW HOME" votes="1" />
                <Precinct name="WEST BROW" votes="19" />
                <Precinct name="TRENTON" votes="24" />
                <Precinct name="NORTH DADE" votes="17" />
            </VoteType>
            <VoteType name="Advance in Person" votes="1286">
                <Precinct name="SOUTH DADE" votes="99" />
                <Precinct name="NEW SALEM" votes="122" />
                <Precinct name="DAVIS" votes="169" />
                <Precinct name="NEW HOME" votes="55" />
                <Precinct name="WEST BROW" votes="100" />
                <Precinct name="TRENTON" votes="468" />
                <Precinct name="NORTH DADE" votes="273" />
            </VoteType>
            <VoteType name="Provisional" votes="1">
                <Precinct name="SOUTH DADE" votes="0" />
                <Precinct name="NEW SALEM" votes="0" />
                <Precinct name="DAVIS" votes="0" />
                <Precinct name="NEW HOME" votes="0" />
                <Precinct name="WEST BROW" votes="0" />
                <Precinct name="TRENTON" votes="1" />
                <Precinct name="NORTH DADE" votes="0" />
            </VoteType>
        </Choice>
        <Choice key="20" text="NO" totalVotes="3348">
            <VoteType name="Election Day" votes="1761">
                <Precinct name="SOUTH DADE" votes="182" />
                <Precinct name="NEW SALEM" votes="291" />
                <Precinct name="DAVIS" votes="341" />
                <Precinct name="NEW HOME" votes="164" />
                <Precinct name="WEST BROW" votes="258" />
                <Precinct name="TRENTON" votes="270" />
                <Precinct name="NORTH DADE" votes="255" />
            </VoteType>
            <VoteType name="Absentee by Mail" votes="69">
                <Precinct name="SOUTH DADE" votes="7" />
                <Precinct name="NEW SALEM" votes="8" />
                <Precinct name="DAVIS" votes="13" />
                <Precinct name="NEW HOME" votes="1" />
                <Precinct name="WEST BROW" votes="4" />
                <Precinct name="TRENTON" votes="24" />
                <Precinct name="NORTH DADE" votes="12" />
            </VoteType>
            <VoteType name="Advance in Person" votes="1518">
                <Precinct name="SOUTH DADE" votes="129" />
                <Precinct name="NEW SALEM" votes="173" />
                <Precinct name="DAVIS" votes="272" />
                <Precinct name="NEW HOME" votes="65" />
                <Precinct name="WEST BROW" votes="101" />
                <Precinct name="TRENTON" votes="507" />
                <Precinct name="NORTH DADE" votes="271" />
            </VoteType>
            <VoteType name="Provisional" votes="0">
                <Precinct name="SOUTH DADE" votes="0" />
                <Precinct name="NEW SALEM" votes="0" />
                <Precinct name="DAVIS" votes="0" />
                <Precinct name="NEW HOME" votes="0" />
                <Precinct name="WEST BROW" votes="0" />
                <Precinct name="TRENTON" votes="0" />
                <Precinct name="NORTH DADE" votes="0" />
            </VoteType>
        </Choice>
    </Contest>
    <Contest key="322" text="Constitutional Amendment #2&lt;br&gt;Authorizes penalties for sexual exploitation and assessments on adult entertainment to fund child victims' services." isQuestion="false" precinctsReporting="7" precinctsReported="7">
        <VoteType name="Number of Precincts for Race" votes="7">
            <Precinct name="SOUTH DADE" votes="1" />
            <Precinct name="NEW SALEM" votes="1" />
            <Precinct name="DAVIS" votes="1" />
            <Precinct name="NEW HOME" votes="1" />
            <Precinct name="WEST BROW" votes="1" />
            <Precinct name="TRENTON" votes="1" />
            <Precinct name="NORTH DADE" votes="1" />
        </VoteType>
        <VoteType name="Number of Precincts Reporting" votes="7">
            <Precinct name="SOUTH DADE" votes="1" />
            <Precinct name="NEW SALEM" votes="1" />
            <Precinct name="DAVIS" votes="1" />
            <Precinct name="NEW HOME" votes="1" />
            <Precinct name="WEST BROW" votes="1" />
            <Precinct name="TRENTON" votes="1" />
            <Precinct name="NORTH DADE" votes="1" />
        </VoteType>
        <Choice key="10" text="YES" totalVotes="5104">
            <VoteType name="Election Day" votes="2609">
                <Precinct name="SOUTH DADE" votes="230" />
                <Precinct name="NEW SALEM" votes="358" />
                <Precinct name="DAVIS" votes="479" />
                <Precinct name="NEW HOME" votes="233" />
                <Precinct name="WEST BROW" votes="450" />
                <Precinct name="TRENTON" votes="457" />
                <Precinct name="NORTH DADE" votes="402" />
            </VoteType>
            <VoteType name="Absentee by Mail" votes="142">
                <Precinct name="SOUTH DADE" votes="13" />
                <Precinct name="NEW SALEM" votes="20" />
                <Precinct name="DAVIS" votes="21" />
                <Precinct name="NEW HOME" votes="2" />
                <Precinct name="WEST BROW" votes="22" />
                <Precinct name="TRENTON" votes="39" />
                <Precinct name="NORTH DADE" votes="25" />
            </VoteType>
            <VoteType name="Advance in Person" votes="2352">
                <Precinct name="SOUTH DADE" votes="182" />
                <Precinct name="NEW SALEM" votes="244" />
                <Precinct name="DAVIS" votes="369" />
                <Precinct name="NEW HOME" votes="99" />
                <Precinct name="WEST BROW" votes="173" />
                <Precinct name="TRENTON" votes="830" />
                <Precinct name="NORTH DADE" votes="455" />
            </VoteType>
            <VoteType name="Provisional" votes="1">
                <Precinct name="SOUTH DADE" votes="0" />
                <Precinct name="NEW SALEM" votes="0" />
                <Precinct name="DAVIS" votes="0" />
                <Precinct name="NEW HOME" votes="0" />
                <Precinct name="WEST BROW" votes="0" />
                <Precinct name="TRENTON" votes="1" />
                <Precinct name="NORTH DADE" votes="0" />
            </VoteType>
        </Choice>
        <Choice key="20" text="NO" totalVotes="828">
            <VoteType name="Election Day" votes="417">
                <Precinct name="SOUTH DADE" votes="47" />
                <Precinct name="NEW SALEM" votes="59" />
                <Precinct name="DAVIS" votes="92" />
                <Precinct name="NEW HOME" votes="36" />
                <Precinct name="WEST BROW" votes="59" />
                <Precinct name="TRENTON" votes="68" />
                <Precinct name="NORTH DADE" votes="56" />
            </VoteType>
            <VoteType name="Absentee by Mail" votes="17">
                <Precinct name="SOUTH DADE" votes="0" />
                <Precinct name="NEW SALEM" votes="1" />
                <Precinct name="DAVIS" votes="2" />
                <Precinct name="NEW HOME" votes="0" />
                <Precinct name="WEST BROW" votes="2" />
                <Precinct name="TRENTON" votes="9" />
                <Precinct name="NORTH DADE" votes="3" />
            </VoteType>
            <VoteType name="Advance in Person" votes="394">
                <Precinct name="SOUTH DADE" votes="41" />
                <Precinct name="NEW SALEM" votes="45" />
                <Precinct name="DAVIS" votes="62" />
                <Precinct name="NEW HOME" votes="17" />
                <Precinct name="WEST BROW" votes="27" />
                <Precinct name="TRENTON" votes="126" />
                <Precinct name="NORTH DADE" votes="76" />
            </VoteType>
            <VoteType name="Provisional" votes="0">
                <Precinct name="SOUTH DADE" votes="0" />
                <Precinct name="NEW SALEM" votes="0" />
                <Precinct name="DAVIS" votes="0" />
                <Precinct name="NEW HOME" votes="0" />
                <Precinct name="WEST BROW" votes="0" />
                <Precinct name="TRENTON" votes="0" />
                <Precinct name="NORTH DADE" votes="0" />
            </VoteType>
        </Choice>
    </Contest>
    <Contest key="323" text="Constitutional Amendment #3&lt;br&gt;Reforms and re-establishes the Judicial Qualifications Commission and provides for its composition, governance, and powers." isQuestion="false" precinctsReporting="7" precinctsReported="7">
        <VoteType name="Number of Precincts for Race" votes="7">
            <Precinct name="SOUTH DADE" votes="1" />
            <Precinct name="NEW SALEM" votes="1" />
            <Precinct name="DAVIS" votes="1" />
            <Precinct name="NEW HOME" votes="1" />
            <Precinct name="WEST BROW" votes="1" />
            <Precinct name="TRENTON" votes="1" />
            <Precinct name="NORTH DADE" votes="1" />
        </VoteType>
        <VoteType name="Number of Precincts Reporting" votes="7">
            <Precinct name="SOUTH DADE" votes="1" />
            <Precinct name="NEW SALEM" votes="1" />
            <Precinct name="DAVIS" votes="1" />
            <Precinct name="NEW HOME" votes="1" />
            <Precinct name="WEST BROW" votes="1" />
            <Precinct name="TRENTON" votes="1" />
            <Precinct name="NORTH DADE" votes="1" />
        </VoteType>
        <Choice key="10" text="YES" totalVotes="3630">
            <VoteType name="Election Day" votes="1831">
                <Precinct name="SOUTH DADE" votes="156" />
                <Precinct name="NEW SALEM" votes="231" />
                <Precinct name="DAVIS" votes="328" />
                <Precinct name="NEW HOME" votes="176" />
                <Precinct name="WEST BROW" votes="305" />
                <Precinct name="TRENTON" votes="339" />
                <Precinct name="NORTH DADE" votes="296" />
            </VoteType>
            <VoteType name="Absentee by Mail" votes="97">
                <Precinct name="SOUTH DADE" votes="10" />
                <Precinct name="NEW SALEM" votes="17" />
                <Precinct name="DAVIS" votes="14" />
                <Precinct name="NEW HOME" votes="0" />
                <Precinct name="WEST BROW" votes="16" />
                <Precinct name="TRENTON" votes="26" />
                <Precinct name="NORTH DADE" votes="14" />
            </VoteType>
            <VoteType name="Advance in Person" votes="1702">
                <Precinct name="SOUTH DADE" votes="124" />
                <Precinct name="NEW SALEM" votes="176" />
                <Precinct name="DAVIS" votes="256" />
                <Precinct name="NEW HOME" votes="84" />
                <Precinct name="WEST BROW" votes="120" />
                <Precinct name="TRENTON" votes="606" />
                <Precinct name="NORTH DADE" votes="336" />
            </VoteType>
            <VoteType name="Provisional" votes="0">
                <Precinct name="SOUTH DADE" votes="0" />
                <Precinct name="NEW SALEM" votes="0" />
                <Precinct name="DAVIS" votes="0" />
                <Precinct name="NEW HOME" votes="0" />
                <Precinct name="WEST BROW" votes="0" />
                <Precinct name="TRENTON" votes="0" />
                <Precinct name="NORTH DADE" votes="0" />
            </VoteType>
        </Choice>
        <Choice key="20" text="NO" totalVotes="1802">
            <VoteType name="Election Day" votes="935">
                <Precinct name="SOUTH DADE" votes="89" />
                <Precinct name="NEW SALEM" votes="149" />
                <Precinct name="DAVIS" votes="200" />
                <Precinct name="NEW HOME" votes="69" />
                <Precinct name="WEST BROW" votes="165" />
                <Precinct name="TRENTON" votes="141" />
                <Precinct name="NORTH DADE" votes="122" />
            </VoteType>
            <VoteType name="Absentee by Mail" votes="36">
                <Precinct name="SOUTH DADE" votes="3" />
                <Precinct name="NEW SALEM" votes="3" />
                <Precinct name="DAVIS" votes="7" />
                <Precinct name="NEW HOME" votes="1" />
                <Precinct name="WEST BROW" votes="4" />
                <Precinct name="TRENTON" votes="11" />
                <Precinct name="NORTH DADE" votes="7" />
            </VoteType>
            <VoteType name="Advance in Person" votes="830">
                <Precinct name="SOUTH DADE" votes="75" />
                <Precinct name="NEW SALEM" votes="97" />
                <Precinct name="DAVIS" votes="132" />
                <Precinct name="NEW HOME" votes="28" />
                <Precinct name="WEST BROW" votes="62" />
                <Precinct name="TRENTON" votes="274" />
                <Precinct name="NORTH DADE" votes="162" />
            </VoteType>
            <VoteType name="Provisional" votes="1">
                <Precinct name="SOUTH DADE" votes="0" />
                <Precinct name="NEW SALEM" votes="0" />
                <Precinct name="DAVIS" votes="0" />
                <Precinct name="NEW HOME" votes="0" />
                <Precinct name="WEST BROW" votes="0" />
                <Precinct name="TRENTON" votes="1" />
                <Precinct name="NORTH DADE" votes="0" />
            </VoteType>
        </Choice>
    </Contest>
    <Contest key="324" text="Constitutional Amendment #4&lt;br&gt;Dedicates revenue from existing taxes on fireworks to trauma care, fire services, and public safety." isQuestion="false" precinctsReporting="7" precinctsReported="7">
        <VoteType name="Number of Precincts for Race" votes="7">
            <Precinct name="SOUTH DADE" votes="1" />
            <Precinct name="NEW SALEM" votes="1" />
            <Precinct name="DAVIS" votes="1" />
            <Precinct name="NEW HOME" votes="1" />
            <Precinct name="WEST BROW" votes="1" />
            <Precinct name="TRENTON" votes="1" />
            <Precinct name="NORTH DADE" votes="1" />
        </VoteType>
        <VoteType name="Number of Precincts Reporting" votes="7">
            <Precinct name="SOUTH DADE" votes="1" />
            <Precinct name="NEW SALEM" votes="1" />
            <Precinct name="DAVIS" votes="1" />
            <Precinct name="NEW HOME" votes="1" />
            <Precinct name="WEST BROW" votes="1" />
            <Precinct name="TRENTON" votes="1" />
            <Precinct name="NORTH DADE" votes="1" />
        </VoteType>
        <Choice key="10" text="YES" totalVotes="4697">
            <VoteType name="Election Day" votes="2377">
                <Precinct name="SOUTH DADE" votes="212" />
                <Precinct name="NEW SALEM" votes="328" />
                <Precinct name="DAVIS" votes="438" />
                <Precinct name="NEW HOME" votes="221" />
                <Precinct name="WEST BROW" votes="385" />
                <Precinct name="TRENTON" votes="416" />
                <Precinct name="NORTH DADE" votes="377" />
            </VoteType>
            <VoteType name="Absentee by Mail" votes="134">
                <Precinct name="SOUTH DADE" votes="11" />
                <Precinct name="NEW SALEM" votes="17" />
                <Precinct name="DAVIS" votes="23" />
                <Precinct name="NEW HOME" votes="2" />
                <Precinct name="WEST BROW" votes="23" />
                <Precinct name="TRENTON" votes="38" />
                <Precinct name="NORTH DADE" votes="20" />
            </VoteType>
            <VoteType name="Advance in Person" votes="2186">
                <Precinct name="SOUTH DADE" votes="164" />
                <Precinct name="NEW SALEM" votes="234" />
                <Precinct name="DAVIS" votes="321" />
                <Precinct name="NEW HOME" votes="86" />
                <Precinct name="WEST BROW" votes="166" />
                <Precinct name="TRENTON" votes="778" />
                <Precinct name="NORTH DADE" votes="437" />
            </VoteType>
            <VoteType name="Provisional" votes="0">
                <Precinct name="SOUTH DADE" votes="0" />
                <Precinct name="NEW SALEM" votes="0" />
                <Precinct name="DAVIS" votes="0" />
                <Precinct name="NEW HOME" votes="0" />
                <Precinct name="WEST BROW" votes="0" />
                <Precinct name="TRENTON" votes="0" />
                <Precinct name="NORTH DADE" votes="0" />
            </VoteType>
        </Choice>
        <Choice key="20" text="NO" totalVotes="1176">
            <VoteType name="Election Day" votes="612">
                <Precinct name="SOUTH DADE" votes="61" />
                <Precinct name="NEW SALEM" votes="84" />
                <Precinct name="DAVIS" votes="123" />
                <Precinct name="NEW HOME" votes="46" />
                <Precinct name="WEST BROW" votes="117" />
                <Precinct name="TRENTON" votes="98" />
                <Precinct name="NORTH DADE" votes="83" />
            </VoteType>
            <VoteType name="Absentee by Mail" votes="24">
                <Precinct name="SOUTH DADE" votes="1" />
                <Precinct name="NEW SALEM" votes="4" />
                <Precinct name="DAVIS" votes="1" />
                <Precinct name="NEW HOME" votes="0" />
                <Precinct name="WEST BROW" votes="1" />
                <Precinct name="TRENTON" votes="10" />
                <Precinct name="NORTH DADE" votes="7" />
            </VoteType>
            <VoteType name="Advance in Person" votes="539">
                <Precinct name="SOUTH DADE" votes="53" />
                <Precinct name="NEW SALEM" votes="53" />
                <Precinct name="DAVIS" votes="102" />
                <Precinct name="NEW HOME" votes="28" />
                <Precinct name="WEST BROW" votes="36" />
                <Precinct name="TRENTON" votes="174" />
                <Precinct name="NORTH DADE" votes="93" />
            </VoteType>
            <VoteType name="Provisional" votes="1">
                <Precinct name="SOUTH DADE" votes="0" />
                <Precinct name="NEW SALEM" votes="0" />
                <Precinct name="DAVIS" votes="0" />
                <Precinct name="NEW HOME" votes="0" />
                <Precinct name="WEST BROW" votes="0" />
                <Precinct name="TRENTON" votes="1" />
                <Precinct name="NORTH DADE" votes="0" />
            </VoteType>
        </Choice>
    </Contest>
    <Contest key="330" text="REFERENDUM SELL DISTRILLED SPIRITS" isQuestion="false" precinctsReporting="7" precinctsReported="7">
        <VoteType name="Number of Precincts for Race" votes="7">
            <Precinct name="SOUTH DADE" votes="1" />
            <Precinct name="NEW SALEM" votes="1" />
            <Precinct name="DAVIS" votes="1" />
            <Precinct name="NEW HOME" votes="1" />
            <Precinct name="WEST BROW" votes="1" />
            <Precinct name="TRENTON" votes="1" />
            <Precinct name="NORTH DADE" votes="1" />
        </VoteType>
        <VoteType name="Number of Precincts Reporting" votes="7">
            <Precinct name="SOUTH DADE" votes="1" />
            <Precinct name="NEW SALEM" votes="1" />
            <Precinct name="DAVIS" votes="1" />
            <Precinct name="NEW HOME" votes="1" />
            <Precinct name="WEST BROW" votes="1" />
            <Precinct name="TRENTON" votes="1" />
            <Precinct name="NORTH DADE" votes="1" />
        </VoteType>
        <Choice key="10" text="YES" totalVotes="3655">
            <VoteType name="Election Day" votes="1914">
                <Precinct name="SOUTH DADE" votes="173" />
                <Precinct name="NEW SALEM" votes="281" />
                <Precinct name="DAVIS" votes="329" />
                <Precinct name="NEW HOME" votes="143" />
                <Precinct name="WEST BROW" votes="355" />
                <Precinct name="TRENTON" votes="337" />
                <Precinct name="NORTH DADE" votes="296" />
            </VoteType>
            <VoteType name="Absentee by Mail" votes="90">
                <Precinct name="SOUTH DADE" votes="4" />
                <Precinct name="NEW SALEM" votes="17" />
                <Precinct name="DAVIS" votes="10" />
                <Precinct name="NEW HOME" votes="1" />
                <Precinct name="WEST BROW" votes="17" />
                <Precinct name="TRENTON" votes="22" />
                <Precinct name="NORTH DADE" votes="19" />
            </VoteType>
            <VoteType name="Advance in Person" votes="1650">
                <Precinct name="SOUTH DADE" votes="137" />
                <Precinct name="NEW SALEM" votes="201" />
                <Precinct name="DAVIS" votes="224" />
                <Precinct name="NEW HOME" votes="71" />
                <Precinct name="WEST BROW" votes="144" />
                <Precinct name="TRENTON" votes="559" />
                <Precinct name="NORTH DADE" votes="314" />
            </VoteType>
            <VoteType name="Provisional" votes="1">
                <Precinct name="SOUTH DADE" votes="0" />
                <Precinct name="NEW SALEM" votes="0" />
                <Precinct name="DAVIS" votes="0" />
                <Precinct name="NEW HOME" votes="0" />
                <Precinct name="WEST BROW" votes="0" />
                <Precinct name="TRENTON" votes="1" />
                <Precinct name="NORTH DADE" votes="0" />
            </VoteType>
        </Choice>
        <Choice key="20" text="NO" totalVotes="2500">
            <VoteType name="Election Day" votes="1226">
                <Precinct name="SOUTH DADE" votes="124" />
                <Precinct name="NEW SALEM" votes="148" />
                <Precinct name="DAVIS" votes="268" />
                <Precinct name="NEW HOME" votes="138" />
                <Precinct name="WEST BROW" votes="155" />
                <Precinct name="TRENTON" votes="210" />
                <Precinct name="NORTH DADE" votes="183" />
            </VoteType>
            <VoteType name="Absentee by Mail" votes="73">
                <Precinct name="SOUTH DADE" votes="9" />
                <Precinct name="NEW SALEM" votes="7" />
                <Precinct name="DAVIS" votes="13" />
                <Precinct name="NEW HOME" votes="1" />
                <Precinct name="WEST BROW" votes="6" />
                <Precinct name="TRENTON" votes="25" />
                <Precinct name="NORTH DADE" votes="12" />
            </VoteType>
            <VoteType name="Advance in Person" votes="1201">
                <Precinct name="SOUTH DADE" votes="92" />
                <Precinct name="NEW SALEM" votes="97" />
                <Precinct name="DAVIS" votes="229" />
                <Precinct name="NEW HOME" votes="48" />
                <Precinct name="WEST BROW" votes="62" />
                <Precinct name="TRENTON" votes="434" />
                <Precinct name="NORTH DADE" votes="239" />
            </VoteType>
            <VoteType name="Provisional" votes="0">
                <Precinct name="SOUTH DADE" votes="0" />
                <Precinct name="NEW SALEM" votes="0" />
                <Precinct name="DAVIS" votes="0" />
                <Precinct name="NEW HOME" votes="0" />
                <Precinct name="WEST BROW" votes="0" />
                <Precinct name="TRENTON" votes="0" />
                <Precinct name="NORTH DADE" votes="0" />
            </VoteType>
        </Choice>
    </Contest>
</ElectionResult>