<?xml version="1.0"?>
<!--Election result snapshot imported from Tabulation System
-->
<ElectionResult>
    <Timestamp>11/14/2016 3:07:50 PM EST</Timestamp>
    <ElectionName>November 8, 2016 - General Election</ElectionName>
    <ElectionDate>11/8/2016</ElectionDate>
    <Region>Webster</Region>
    <VoterTurnout totalVoters="1433" ballotsCast="1124" voterTurnout="78.44">
        <Precincts>
            <Precinct name="Preston 1" totalVoters="1433" ballotsCast="1124" voterTurnout="78.44" percentReporting="4" />
        </Precincts>
    </VoterTurnout>
    <Contest key="1" text="President of the United States" isQuestion="false" precinctsReporting="1" precinctsReported="1">
        <VoteType name="Number of Precincts for Race" votes="1">
            <Precinct name="Preston 1" votes="1" />
        </VoteType>
        <VoteType name="Number of Precincts Reporting" votes="1">
            <Precinct name="Preston 1" votes="1" />
        </VoteType>
        <Choice key="10" text="DONALD J. TRUMP" totalVotes="630">
            <VoteType name="Election Day" votes="241">
                <Precinct name="Preston 1" votes="241" />
            </VoteType>
            <VoteType name="Absentee by Mail" votes="66">
                <Precinct name="Preston 1" votes="66" />
            </VoteType>
            <VoteType name="Advance in Person" votes="323">
                <Precinct name="Preston 1" votes="323" />
            </VoteType>
            <VoteType name="Provisional" votes="0">
                <Precinct name="Preston 1" votes="0" />
            </VoteType>
        </Choice>
        <Choice key="20" text="HILLARY CLINTON" totalVotes="473">
            <VoteType name="Election Day" votes="241">
                <Precinct name="Preston 1" votes="241" />
            </VoteType>
            <VoteType name="Absentee by Mail" votes="61">
                <Precinct name="Preston 1" votes="61" />
            </VoteType>
            <VoteType name="Advance in Person" votes="169">
                <Precinct name="Preston 1" votes="169" />
            </VoteType>
            <VoteType name="Provisional" votes="2">
                <Precinct name="Preston 1" votes="2" />
            </VoteType>
        </Choice>
        <Choice key="30" text="GARY JOHNSON" totalVotes="13">
            <VoteType name="Election Day" votes="6">
                <Precinct name="Preston 1" votes="6" />
            </VoteType>
            <VoteType name="Absentee by Mail" votes="0">
                <Precinct name="Preston 1" votes="0" />
            </VoteType>
            <VoteType name="Advance in Person" votes="7">
                <Precinct name="Preston 1" votes="7" />
            </VoteType>
            <VoteType name="Provisional" votes="0">
                <Precinct name="Preston 1" votes="0" />
            </VoteType>
        </Choice>
    </Contest>
    <Contest key="10" text="United States Senator, Isakson" isQuestion="false" precinctsReporting="1" precinctsReported="1">
        <VoteType name="Number of Precincts for Race" votes="1">
            <Precinct name="Preston 1" votes="1" />
        </VoteType>
        <VoteType name="Number of Precincts Reporting" votes="1">
            <Precinct name="Preston 1" votes="1" />
        </VoteType>
        <Choice key="30" text="JOHNNY ISAKSON (I)" totalVotes="649">
            <VoteType name="Election Day" votes="251">
                <Precinct name="Preston 1" votes="251" />
            </VoteType>
            <VoteType name="Absentee by Mail" votes="67">
                <Precinct name="Preston 1" votes="67" />
            </VoteType>
            <VoteType name="Advance in Person" votes="331">
                <Precinct name="Preston 1" votes="331" />
            </VoteType>
            <VoteType name="Provisional" votes="0">
                <Precinct name="Preston 1" votes="0" />
            </VoteType>
        </Choice>
        <Choice key="40" text="JIM BARKSDALE" totalVotes="387">
            <VoteType name="Election Day" votes="187">
                <Precinct name="Preston 1" votes="187" />
            </VoteType>
            <VoteType name="Absentee by Mail" votes="59">
                <Precinct name="Preston 1" votes="59" />
            </VoteType>
            <VoteType name="Advance in Person" votes="140">
                <Precinct name="Preston 1" votes="140" />
            </VoteType>
            <VoteType name="Provisional" votes="1">
                <Precinct name="Preston 1" votes="1" />
            </VoteType>
        </Choice>
        <Choice key="50" text="ALLEN BUCKLEY" totalVotes="15">
            <VoteType name="Election Day" votes="11">
                <Precinct name="Preston 1" votes="11" />
            </VoteType>
            <VoteType name="Absentee by Mail" votes="0">
                <Precinct name="Preston 1" votes="0" />
            </VoteType>
            <VoteType name="Advance in Person" votes="4">
                <Precinct name="Preston 1" votes="4" />
            </VoteType>
            <VoteType name="Provisional" votes="0">
                <Precinct name="Preston 1" votes="0" />
            </VoteType>
        </Choice>
    </Contest>
    <Contest key="30" text="Public Service Commission, District 2 - Eastern" isQuestion="false" precinctsReporting="1" precinctsReported="1">
        <VoteType name="Number of Precincts for Race" votes="1">
            <Precinct name="Preston 1" votes="1" />
        </VoteType>
        <VoteType name="Number of Precincts Reporting" votes="1">
            <Precinct name="Preston 1" votes="1" />
        </VoteType>
        <Choice key="20" text="TIM ECHOLS (I)" totalVotes="656">
            <VoteType name="Election Day" votes="265">
                <Precinct name="Preston 1" votes="265" />
            </VoteType>
            <VoteType name="Absentee by Mail" votes="71">
                <Precinct name="Preston 1" votes="71" />
            </VoteType>
            <VoteType name="Advance in Person" votes="320">
                <Precinct name="Preston 1" votes="320" />
            </VoteType>
            <VoteType name="Provisional" votes="0">
                <Precinct name="Preston 1" votes="0" />
            </VoteType>
        </Choice>
        <Choice key="30" text="ERIC HOSKINS" totalVotes="244">
            <VoteType name="Election Day" votes="128">
                <Precinct name="Preston 1" votes="128" />
            </VoteType>
            <VoteType name="Absentee by Mail" votes="34">
                <Precinct name="Preston 1" votes="34" />
            </VoteType>
            <VoteType name="Advance in Person" votes="81">
                <Precinct name="Preston 1" votes="81" />
            </VoteType>
            <VoteType name="Provisional" votes="1">
                <Precinct name="Preston 1" votes="1" />
            </VoteType>
        </Choice>
    </Contest>
    <Contest key="50" text="U.S. Representative, District 2" isQuestion="false" precinctsReporting="1" precinctsReported="1">
        <VoteType name="Number of Precincts for Race" votes="1">
            <Precinct name="Preston 1" votes="1" />
        </VoteType>
        <VoteType name="Number of Precincts Reporting" votes="1">
            <Precinct name="Preston 1" votes="1" />
        </VoteType>
        <Choice key="10" text="GREG DUKE" totalVotes="515">
            <VoteType name="Election Day" votes="189">
                <Precinct name="Preston 1" votes="189" />
            </VoteType>
            <VoteType name="Absentee by Mail" votes="51">
                <Precinct name="Preston 1" votes="51" />
            </VoteType>
            <VoteType name="Advance in Person" votes="275">
                <Precinct name="Preston 1" votes="275" />
            </VoteType>
            <VoteType name="Provisional" votes="0">
                <Precinct name="Preston 1" votes="0" />
            </VoteType>
        </Choice>
        <Choice key="20" text="SANFORD BISHOP (I)" totalVotes="580">
            <VoteType name="Election Day" votes="290">
                <Precinct name="Preston 1" votes="290" />
            </VoteType>
            <VoteType name="Absentee by Mail" votes="76">
                <Precinct name="Preston 1" votes="76" />
            </VoteType>
            <VoteType name="Advance in Person" votes="213">
                <Precinct name="Preston 1" votes="213" />
            </VoteType>
            <VoteType name="Provisional" votes="1">
                <Precinct name="Preston 1" votes="1" />
            </VoteType>
        </Choice>
    </Contest>
    <Contest key="80" text="State Senator, District 12" isQuestion="false" precinctsReporting="1" precinctsReported="1">
        <VoteType name="Number of Precincts for Race" votes="1">
            <Precinct name="Preston 1" votes="1" />
        </VoteType>
        <VoteType name="Number of Precincts Reporting" votes="1">
            <Precinct name="Preston 1" votes="1" />
        </VoteType>
        <Choice key="10" text="FREDDIE POWELL SIMS (I)" totalVotes="734">
            <VoteType name="Election Day" votes="346">
                <Precinct name="Preston 1" votes="346" />
            </VoteType>
            <VoteType name="Absentee by Mail" votes="84">
                <Precinct name="Preston 1" votes="84" />
            </VoteType>
            <VoteType name="Advance in Person" votes="303">
                <Precinct name="Preston 1" votes="303" />
            </VoteType>
            <VoteType name="Provisional" votes="1">
                <Precinct name="Preston 1" votes="1" />
            </VoteType>
        </Choice>
    </Contest>
    <Contest key="90" text="State Representative, District 151" isQuestion="false" precinctsReporting="1" precinctsReported="1">
        <VoteType name="Number of Precincts for Race" votes="1">
            <Precinct name="Preston 1" votes="1" />
        </VoteType>
        <VoteType name="Number of Precincts Reporting" votes="1">
            <Precinct name="Preston 1" votes="1" />
        </VoteType>
        <Choice key="10" text="GERALD GREENE (I)" totalVotes="726">
            <VoteType name="Election Day" votes="300">
                <Precinct name="Preston 1" votes="300" />
            </VoteType>
            <VoteType name="Absentee by Mail" votes="77">
                <Precinct name="Preston 1" votes="77" />
            </VoteType>
            <VoteType name="Advance in Person" votes="349">
                <Precinct name="Preston 1" votes="349" />
            </VoteType>
            <VoteType name="Provisional" votes="0">
                <Precinct name="Preston 1" votes="0" />
            </VoteType>
        </Choice>
        <Choice key="20" text="KENNETH ZACHARY JR" totalVotes="294">
            <VoteType name="Election Day" votes="151">
                <Precinct name="Preston 1" votes="151" />
            </VoteType>
            <VoteType name="Absentee by Mail" votes="36">
                <Precinct name="Preston 1" votes="36" />
            </VoteType>
            <VoteType name="Advance in Person" votes="106">
                <Precinct name="Preston 1" votes="106" />
            </VoteType>
            <VoteType name="Provisional" votes="1">
                <Precinct name="Preston 1" votes="1" />
            </VoteType>
        </Choice>
    </Contest>
    <Contest key="110" text="District Attorney, Southwestern Circuit" isQuestion="false" precinctsReporting="1" precinctsReported="1">
        <VoteType name="Number of Precincts for Race" votes="1">
            <Precinct name="Preston 1" votes="1" />
        </VoteType>
        <VoteType name="Number of Precincts Reporting" votes="1">
            <Precinct name="Preston 1" votes="1" />
        </VoteType>
        <Choice key="10" text="PLEZ H. HARDIN (I)" totalVotes="756">
            <VoteType name="Election Day" votes="341">
                <Precinct name="Preston 1" votes="341" />
            </VoteType>
            <VoteType name="Absentee by Mail" votes="75">
                <Precinct name="Preston 1" votes="75" />
            </VoteType>
            <VoteType name="Advance in Person" votes="340">
                <Precinct name="Preston 1" votes="340" />
            </VoteType>
            <VoteType name="Provisional" votes="0">
                <Precinct name="Preston 1" votes="0" />
            </VoteType>
        </Choice>
    </Contest>
    <Contest key="140" text="JUDGE, PROBATE/MAGISTRATE " isQuestion="false" precinctsReporting="1" precinctsReported="1">
        <VoteType name="Number of Precincts for Race" votes="1">
            <Precinct name="Preston 1" votes="1" />
        </VoteType>
        <VoteType name="Number of Precincts Reporting" votes="1">
            <Precinct name="Preston 1" votes="1" />
        </VoteType>
        <Choice key="10" text="J H J BANKSTON (I) D" totalVotes="939">
            <VoteType name="Election Day" votes="411">
                <Precinct name="Preston 1" votes="411" />
            </VoteType>
            <VoteType name="Absentee by Mail" votes="104">
                <Precinct name="Preston 1" votes="104" />
            </VoteType>
            <VoteType name="Advance in Person" votes="423">
                <Precinct name="Preston 1" votes="423" />
            </VoteType>
            <VoteType name="Provisional" votes="1">
                <Precinct name="Preston 1" votes="1" />
            </VoteType>
        </Choice>
    </Contest>
    <Contest key="150" text="CLERK, SUPERIOR COURT" isQuestion="false" precinctsReporting="1" precinctsReported="1">
        <VoteType name="Number of Precincts for Race" votes="1">
            <Precinct name="Preston 1" votes="1" />
        </VoteType>
        <VoteType name="Number of Precincts Reporting" votes="1">
            <Precinct name="Preston 1" votes="1" />
        </VoteType>
        <Choice key="10" text="T G BLANKENSHIP(I) R" totalVotes="903">
            <VoteType name="Election Day" votes="391">
                <Precinct name="Preston 1" votes="391" />
            </VoteType>
            <VoteType name="Absentee by Mail" votes="98">
                <Precinct name="Preston 1" votes="98" />
            </VoteType>
            <VoteType name="Advance in Person" votes="414">
                <Precinct name="Preston 1" votes="414" />
            </VoteType>
            <VoteType name="Provisional" votes="0">
                <Precinct name="Preston 1" votes="0" />
            </VoteType>
        </Choice>
    </Contest>
    <Contest key="180" text="SHERIFF" isQuestion="false" precinctsReporting="1" precinctsReported="1">
        <VoteType name="Number of Precincts for Race" votes="1">
            <Precinct name="Preston 1" votes="1" />
        </VoteType>
        <VoteType name="Number of Precincts Reporting" votes="1">
            <Precinct name="Preston 1" votes="1" />
        </VoteType>
        <Choice key="10" text="R. DELY (I) D" totalVotes="979">
            <VoteType name="Election Day" votes="425">
                <Precinct name="Preston 1" votes="425" />
            </VoteType>
            <VoteType name="Absentee by Mail" votes="109">
                <Precinct name="Preston 1" votes="109" />
            </VoteType>
            <VoteType name="Advance in Person" votes="443">
                <Precinct name="Preston 1" votes="443" />
            </VoteType>
            <VoteType name="Provisional" votes="2">
                <Precinct name="Preston 1" votes="2" />
            </VoteType>
        </Choice>
    </Contest>
    <Contest key="200" text="TAX COMMISSIONER" isQuestion="false" precinctsReporting="1" precinctsReported="1">
        <VoteType name="Number of Precincts for Race" votes="1">
            <Precinct name="Preston 1" votes="1" />
        </VoteType>
        <VoteType name="Number of Precincts Reporting" votes="1">
            <Precinct name="Preston 1" votes="1" />
        </VoteType>
        <Choice key="10" text="M. R. HINE (D)" totalVotes="922">
            <VoteType name="Election Day" votes="408">
                <Precinct name="Preston 1" votes="408" />
            </VoteType>
            <VoteType name="Absentee by Mail" votes="102">
                <Precinct name="Preston 1" votes="102" />
            </VoteType>
            <VoteType name="Advance in Person" votes="411">
                <Precinct name="Preston 1" votes="411" />
            </VoteType>
            <VoteType name="Provisional" votes="1">
                <Precinct name="Preston 1" votes="1" />
            </VoteType>
        </Choice>
    </Contest>
    <Contest key="240" text="CC CHAIRMAN" isQuestion="false" precinctsReporting="1" precinctsReported="1">
        <VoteType name="Number of Precincts for Race" votes="1">
            <Precinct name="Preston 1" votes="1" />
        </VoteType>
        <VoteType name="Number of Precincts Reporting" votes="1">
            <Precinct name="Preston 1" votes="1" />
        </VoteType>
        <Choice key="20" text="T. KENNEDY (D)" totalVotes="939">
            <VoteType name="Election Day" votes="415">
                <Precinct name="Preston 1" votes="415" />
            </VoteType>
            <VoteType name="Absentee by Mail" votes="105">
                <Precinct name="Preston 1" votes="105" />
            </VoteType>
            <VoteType name="Advance in Person" votes="418">
                <Precinct name="Preston 1" votes="418" />
            </VoteType>
            <VoteType name="Provisional" votes="1">
                <Precinct name="Preston 1" votes="1" />
            </VoteType>
        </Choice>
    </Contest>
    <Contest key="260" text="CC D1" isQuestion="false" precinctsReporting="1" precinctsReported="1">
        <VoteType name="Number of Precincts for Race" votes="1">
            <Precinct name="Preston 1" votes="1" />
        </VoteType>
        <VoteType name="Number of Precincts Reporting" votes="1">
            <Precinct name="Preston 1" votes="1" />
        </VoteType>
        <Choice key="20" text="J. MCCLUSTER (I) D" totalVotes="217">
            <VoteType name="Election Day" votes="107">
                <Precinct name="Preston 1" votes="107" />
            </VoteType>
            <VoteType name="Absentee by Mail" votes="22">
                <Precinct name="Preston 1" votes="22" />
            </VoteType>
            <VoteType name="Advance in Person" votes="87">
                <Precinct name="Preston 1" votes="87" />
            </VoteType>
            <VoteType name="Provisional" votes="1">
                <Precinct name="Preston 1" votes="1" />
            </VoteType>
        </Choice>
    </Contest>
    <Contest key="280" text="CC D4" isQuestion="false" precinctsReporting="1" precinctsReported="1">
        <VoteType name="Number of Precincts for Race" votes="1">
            <Precinct name="Preston 1" votes="1" />
        </VoteType>
        <VoteType name="Number of Precincts Reporting" votes="1">
            <Precinct name="Preston 1" votes="1" />
        </VoteType>
        <Choice key="10" text="J. HOLBROOK (I) D" totalVotes="264">
            <VoteType name="Election Day" votes="109">
                <Precinct name="Preston 1" votes="109" />
            </VoteType>
            <VoteType name="Absentee by Mail" votes="27">
                <Precinct name="Preston 1" votes="27" />
            </VoteType>
            <VoteType name="Advance in Person" votes="128">
                <Precinct name="Preston 1" votes="128" />
            </VoteType>
            <VoteType name="Provisional" votes="0">
                <Precinct name="Preston 1" votes="0" />
            </VoteType>
        </Choice>
    </Contest>
    <Contest key="300" text="Constitutional Amendment #1&lt;br&gt;Provides greater flexibility and state accountability to fix failing schools through increasing community involvement." isQuestion="false" precinctsReporting="1" precinctsReported="1">
        <VoteType name="Number of Precincts for Race" votes="1">
            <Precinct name="Preston 1" votes="1" />
        </VoteType>
        <VoteType name="Number of Precincts Reporting" votes="1">
            <Precinct name="Preston 1" votes="1" />
        </VoteType>
        <Choice key="10" text="YES" totalVotes="406">
            <VoteType name="Election Day" votes="179">
                <Precinct name="Preston 1" votes="179" />
            </VoteType>
            <VoteType name="Absentee by Mail" votes="53">
                <Precinct name="Preston 1" votes="53" />
            </VoteType>
            <VoteType name="Advance in Person" votes="174">
                <Precinct name="Preston 1" votes="174" />
            </VoteType>
            <VoteType name="Provisional" votes="0">
                <Precinct name="Preston 1" votes="0" />
            </VoteType>
        </Choice>
        <Choice key="20" text="NO" totalVotes="642">
            <VoteType name="Election Day" votes="281">
                <Precinct name="Preston 1" votes="281" />
            </VoteType>
            <VoteType name="Absentee by Mail" votes="63">
                <Precinct name="Preston 1" votes="63" />
            </VoteType>
            <VoteType name="Advance in Person" votes="297">
                <Precinct name="Preston 1" votes="297" />
            </VoteType>
            <VoteType name="Provisional" votes="1">
                <Precinct name="Preston 1" votes="1" />
            </VoteType>
        </Choice>
    </Contest>
    <Contest key="310" text="Constitutional Amendment #2&lt;br&gt;Authorizes penalties for sexual exploitation and assessments on adult entertainment to fund child victims' services." isQuestion="false" precinctsReporting="1" precinctsReported="1">
        <VoteType name="Number of Precincts for Race" votes="1">
            <Precinct name="Preston 1" votes="1" />
        </VoteType>
        <VoteType name="Number of Precincts Reporting" votes="1">
            <Precinct name="Preston 1" votes="1" />
        </VoteType>
        <Choice key="10" text="YES" totalVotes="832">
            <VoteType name="Election Day" votes="355">
                <Precinct name="Preston 1" votes="355" />
            </VoteType>
            <VoteType name="Absentee by Mail" votes="94">
                <Precinct name="Preston 1" votes="94" />
            </VoteType>
            <VoteType name="Advance in Person" votes="383">
                <Precinct name="Preston 1" votes="383" />
            </VoteType>
            <VoteType name="Provisional" votes="0">
                <Precinct name="Preston 1" votes="0" />
            </VoteType>
        </Choice>
        <Choice key="20" text="NO" totalVotes="190">
            <VoteType name="Election Day" votes="92">
                <Precinct name="Preston 1" votes="92" />
            </VoteType>
            <VoteType name="Absentee by Mail" votes="17">
                <Precinct name="Preston 1" votes="17" />
            </VoteType>
            <VoteType name="Advance in Person" votes="80">
                <Precinct name="Preston 1" votes="80" />
            </VoteType>
            <VoteType name="Provisional" votes="1">
                <Precinct name="Preston 1" votes="1" />
            </VoteType>
        </Choice>
    </Contest>
    <Contest key="320" text="Constitutional Amendment #3&lt;br&gt;Reforms and re-establishes the Judicial Qualifications Commission and provides for its composition, governance, and powers." isQuestion="false" precinctsReporting="1" precinctsReported="1">
        <VoteType name="Number of Precincts for Race" votes="1">
            <Precinct name="Preston 1" votes="1" />
        </VoteType>
        <VoteType name="Number of Precincts Reporting" votes="1">
            <Precinct name="Preston 1" votes="1" />
        </VoteType>
        <Choice key="10" text="YES" totalVotes="571">
            <VoteType name="Election Day" votes="261">
                <Precinct name="Preston 1" votes="261" />
            </VoteType>
            <VoteType name="Absentee by Mail" votes="66">
                <Precinct name="Preston 1" votes="66" />
            </VoteType>
            <VoteType name="Advance in Person" votes="244">
                <Precinct name="Preston 1" votes="244" />
            </VoteType>
            <VoteType name="Provisional" votes="0">
                <Precinct name="Preston 1" votes="0" />
            </VoteType>
        </Choice>
        <Choice key="20" text="NO" totalVotes="363">
            <VoteType name="Election Day" votes="150">
                <Precinct name="Preston 1" votes="150" />
            </VoteType>
            <VoteType name="Absentee by Mail" votes="33">
                <Precinct name="Preston 1" votes="33" />
            </VoteType>
            <VoteType name="Advance in Person" votes="179">
                <Precinct name="Preston 1" votes="179" />
            </VoteType>
            <VoteType name="Provisional" votes="1">
                <Precinct name="Preston 1" votes="1" />
            </VoteType>
        </Choice>
    </Contest>
    <Contest key="340" text="Constitutional Amendment #4&lt;br&gt;Dedicates revenue from existing taxes on fireworks to trauma care, fire services, and public safety." isQuestion="false" precinctsReporting="1" precinctsReported="1">
        <VoteType name="Number of Precincts for Race" votes="1">
            <Precinct name="Preston 1" votes="1" />
        </VoteType>
        <VoteType name="Number of Precincts Reporting" votes="1">
            <Precinct name="Preston 1" votes="1" />
        </VoteType>
        <Choice key="10" text="YES" totalVotes="790">
            <VoteType name="Election Day" votes="336">
                <Precinct name="Preston 1" votes="336" />
            </VoteType>
            <VoteType name="Absentee by Mail" votes="98">
                <Precinct name="Preston 1" votes="98" />
            </VoteType>
            <VoteType name="Advance in Person" votes="355">
                <Precinct name="Preston 1" votes="355" />
            </VoteType>
            <VoteType name="Provisional" votes="1">
                <Precinct name="Preston 1" votes="1" />
            </VoteType>
        </Choice>
        <Choice key="20" text="NO" totalVotes="210">
            <VoteType name="Election Day" votes="95">
                <Precinct name="Preston 1" votes="95" />
            </VoteType>
            <VoteType name="Absentee by Mail" votes="13">
                <Precinct name="Preston 1" votes="13" />
            </VoteType>
            <VoteType name="Advance in Person" votes="102">
                <Precinct name="Preston 1" votes="102" />
            </VoteType>
            <VoteType name="Provisional" votes="0">
                <Precinct name="Preston 1" votes="0" />
            </VoteType>
        </Choice>
    </Contest>
    <Contest key="500" text="SPECIAL- Beer Sales" isQuestion="false" precinctsReporting="1" precinctsReported="1">
        <VoteType name="Number of Precincts for Race" votes="1">
            <Precinct name="Preston 1" votes="1" />
        </VoteType>
        <VoteType name="Number of Precincts Reporting" votes="1">
            <Precinct name="Preston 1" votes="1" />
        </VoteType>
        <Choice key="10" text="YES" totalVotes="701">
            <VoteType name="Election Day" votes="309">
                <Precinct name="Preston 1" votes="309" />
            </VoteType>
            <VoteType name="Absentee by Mail" votes="75">
                <Precinct name="Preston 1" votes="75" />
            </VoteType>
            <VoteType name="Advance in Person" votes="316">
                <Precinct name="Preston 1" votes="316" />
            </VoteType>
            <VoteType name="Provisional" votes="1">
                <Precinct name="Preston 1" votes="1" />
            </VoteType>
        </Choice>
        <Choice key="20" text="NO" totalVotes="359">
            <VoteType name="Election Day" votes="149">
                <Precinct name="Preston 1" votes="149" />
            </VoteType>
            <VoteType name="Absentee by Mail" votes="43">
                <Precinct name="Preston 1" votes="43" />
            </VoteType>
            <VoteType name="Advance in Person" votes="167">
                <Precinct name="Preston 1" votes="167" />
            </VoteType>
            <VoteType name="Provisional" votes="0">
                <Precinct name="Preston 1" votes="0" />
            </VoteType>
        </Choice>
    </Contest>
    <Contest key="510" text="SPECIAL - ESPLOST" isQuestion="false" precinctsReporting="1" precinctsReported="1">
        <VoteType name="Number of Precincts for Race" votes="1">
            <Precinct name="Preston 1" votes="1" />
        </VoteType>
        <VoteType name="Number of Precincts Reporting" votes="1">
            <Precinct name="Preston 1" votes="1" />
        </VoteType>
        <Choice key="10" text="YES" totalVotes="719">
            <VoteType name="Election Day" votes="291">
                <Precinct name="Preston 1" votes="291" />
            </VoteType>
            <VoteType name="Absentee by Mail" votes="85">
                <Precinct name="Preston 1" votes="85" />
            </VoteType>
            <VoteType name="Advance in Person" votes="342">
                <Precinct name="Preston 1" votes="342" />
            </VoteType>
            <VoteType name="Provisional" votes="1">
                <Precinct name="Preston 1" votes="1" />
            </VoteType>
        </Choice>
        <Choice key="20" text="NO" totalVotes="314">
            <VoteType name="Election Day" votes="153">
                <Precinct name="Preston 1" votes="153" />
            </VoteType>
            <VoteType name="Absentee by Mail" votes="28">
                <Precinct name="Preston 1" votes="28" />
            </VoteType>
            <VoteType name="Advance in Person" votes="133">
                <Precinct name="Preston 1" votes="133" />
            </VoteType>
            <VoteType name="Provisional" votes="0">
                <Precinct name="Preston 1" votes="0" />
            </VoteType>
        </Choice>
    </Contest>
</ElectionResult>