"line number","contest name","choice name","party name","total votes","percent of votes","registered voters","ballots cast","num Precinct total","num Precinct rptg","over votes","under votes"
1,"President of the United States","DONALD J. TRUMP","",24043,38.61,86854,63152,33,33,"0","0"
2,"President of the United States","HILLARY CLINTON","",36787,59.07,86854,63152,33,33,"0","0"
3,"President of the United States","GARY JOHNSON","",1447,2.32,86854,63152,33,33,"0","0"
4,"United States Senator, Isakson","JOHNNY ISAKSON (I)","",25601,43.53,86854,63152,33,33,"0","0"
5,"United States Senator, Isakson","JIM BARKSDALE","",31533,53.62,86854,63152,33,33,"0","0"
6,"United States Senator, Isakson","ALLEN BUCKLEY","",1677,2.85,86854,63152,33,33,"0","0"
7,"Public Service Commission, District 2 - Eastern","TIM ECHOLS (I)","",30782,59.14,86854,63151,33,33,"0","0"
8,"Public Service Commission, District 2 - Eastern","ERIC HOSKINS","",21263,40.86,86854,63151,33,33,"0","0"
9,"U.S. Representative, District 2","GREG DUKE","",10738,27.25,59155,41221,22,22,"0","0"
10,"U.S. Representative, District 2","SANFORD BISHOP (I)","",28664,72.75,59155,41221,22,22,"0","0"
11,"U.S. Representative, District 8","AUSTIN SCOTT (I)","",13422,63.49,27699,21931,12,12,"0","0"
12,"U.S. Representative, District 8","JAMES NEAL HARRIS","",7719,36.51,27699,21931,12,12,"0","0"
13,"State Senator, District 18","JOHN F. KENNEDY (I) (REP)","",21382,100.00,33654,27497,15,15,"0","0"
14,"State Senator, District 25","BURT JONES (I)","",3992,100.00,7123,5419,3,3,"0","0"
15,"State Senator, District 26","DAVID LUCAS SR (I) (DEM)","",26128,100.00,46077,30235,17,17,"0","0"
16,"State Representative, District 140","ROBERT DICKEY (I) (REP)","",1329,100.00,2072,1730,1,1,"0","0"
17,"State Representative, District 141","ALLEN PEAKE (I) (REP)","",15895,100.00,25708,20304,11,11,"0","0"
18,"State Representative, District 142","MIRIAM PARIS (DEM)","",16124,100.00,28441,20115,9,9,"0","0"
19,"State Representative, District 143","JAMES BEVERLY (I) (DEM)","",15528,100.00,28020,18919,13,13,"0","0"
20,"State Representative, District 144","JAMES BUBBER EPPS (I) (REP)","",1347,68.31,2613,2083,1,1,"0","0"
21,"State Representative, District 144","JOYCE DENSON (DEM)","",625,31.69,2613,2083,1,1,"0","0"
22,"District Attorney, Macon Circuit","DAVID COOKE (I) (DEM)","",51486,100.00,86854,63151,33,33,"0","0"
23,"CLERK, SUPERIOR COURT","E. L. WOODFORD (I) D","",50376,100.00,86854,63151,33,33,"0","0"
24,"SHERIFF","D. DAVIS (I) D","",53893,100.00,86854,63151,33,33,"0","0"
25,"TAX COMMISSIONER","S. W. MCCORD (D)","",52363,100.00,86854,63151,33,33,"0","0"
26,"SOLICITOR","R. L. GRIST (I) D","",50108,100.00,86854,63151,33,33,"0","0"
27,"SOIL AND WATER","L. HOLLIDAY (I)","",46219,100.00,86854,63151,33,33,"0","0"
28,"Constitutional Amendment #1<br>Provides greater flexibility and state accountability to fix failing schools through increasing community involvement.","YES","",23473,38.78,86854,63151,33,33,"0","0"
29,"Constitutional Amendment #1<br>Provides greater flexibility and state accountability to fix failing schools through increasing community involvement.","NO","",37050,61.22,86854,63151,33,33,"0","0"
30,"Constitutional Amendment #2<br>Authorizes penalties for sexual exploitation and assessments on adult entertainment to fund child victims' services.","YES","",49434,81.80,86854,63151,33,33,"0","0"
31,"Constitutional Amendment #2<br>Authorizes penalties for sexual exploitation and assessments on adult entertainment to fund child victims' services.","NO","",10999,18.20,86854,63151,33,33,"0","0"
32,"Constitutional Amendment #3<br>Reforms and re-establishes the Judicial Qualifications Commission and provides for its composition, governance, and powers.","YES","",34225,59.60,86854,63151,33,33,"0","0"
33,"Constitutional Amendment #3<br>Reforms and re-establishes the Judicial Qualifications Commission and provides for its composition, governance, and powers.","NO","",23195,40.40,86854,63151,33,33,"0","0"
34,"Constitutional Amendment #4<br>Dedicates revenue from existing taxes on fireworks to trauma care, fire services, and public safety.","YES","",48767,80.59,86854,63151,33,33,"0","0"
35,"Constitutional Amendment #4<br>Dedicates revenue from existing taxes on fireworks to trauma care, fire services, and public safety.","NO","",11744,19.41,86854,63151,33,33,"0","0"
36,"SPLOST","YES","",37230,61.40,86854,63151,33,33,"0","0"
37,"SPLOST","NO","",23403,38.60,86854,63151,33,33,"0","0"
