<?xml version="1.0"?>
<!--Election result snapshot imported from Tabulation System
-->
<ElectionResult>
    <Timestamp>11/15/2016 5:05:01 PM EST</Timestamp>
    <ElectionName>November 8, 2016 - General Election</ElectionName>
    <ElectionDate>11/8/2016</ElectionDate>
    <Region>Butts</Region>
    <VoterTurnout totalVoters="12556" ballotsCast="9587" voterTurnout="76.35">
        <Precincts>
            <Precinct name="BUTTS CO COMM CENTER" totalVoters="3509" ballotsCast="2455" voterTurnout="69.96" percentReporting="4" />
            <Precinct name="JENKINSBURG" totalVoters="2078" ballotsCast="1608" voterTurnout="77.38" percentReporting="4" />
            <Precinct name="STARK" totalVoters="2269" ballotsCast="1855" voterTurnout="81.75" percentReporting="4" />
            <Precinct name="TOWALIGA" totalVoters="3135" ballotsCast="2408" voterTurnout="76.81" percentReporting="4" />
            <Precinct name="WORTHVILLE" totalVoters="1565" ballotsCast="1261" voterTurnout="80.58" percentReporting="4" />
        </Precincts>
    </VoterTurnout>
    <Contest key="5" text="President of the United States" isQuestion="false" precinctsReporting="5" precinctsReported="5">
        <VoteType name="Number of Precincts for Race" votes="5">
            <Precinct name="BUTTS CO COMM CENTER" votes="1" />
            <Precinct name="JENKINSBURG" votes="1" />
            <Precinct name="STARK" votes="1" />
            <Precinct name="TOWALIGA" votes="1" />
            <Precinct name="WORTHVILLE" votes="1" />
        </VoteType>
        <VoteType name="Number of Precincts Reporting" votes="5">
            <Precinct name="BUTTS CO COMM CENTER" votes="1" />
            <Precinct name="JENKINSBURG" votes="1" />
            <Precinct name="STARK" votes="1" />
            <Precinct name="TOWALIGA" votes="1" />
            <Precinct name="WORTHVILLE" votes="1" />
        </VoteType>
        <Choice key="10" text="DONALD J. TRUMP" totalVotes="6717">
            <VoteType name="Election Day" votes="1769">
                <Precinct name="BUTTS CO COMM CENTER" votes="231" />
                <Precinct name="JENKINSBURG" votes="301" />
                <Precinct name="STARK" votes="501" />
                <Precinct name="TOWALIGA" votes="411" />
                <Precinct name="WORTHVILLE" votes="325" />
            </VoteType>
            <VoteType name="Absentee by Mail" votes="186">
                <Precinct name="BUTTS CO COMM CENTER" votes="34" />
                <Precinct name="JENKINSBURG" votes="18" />
                <Precinct name="STARK" votes="44" />
                <Precinct name="TOWALIGA" votes="64" />
                <Precinct name="WORTHVILLE" votes="26" />
            </VoteType>
            <VoteType name="Advance in Person" votes="4762">
                <Precinct name="BUTTS CO COMM CENTER" votes="865" />
                <Precinct name="JENKINSBURG" votes="720" />
                <Precinct name="STARK" votes="1112" />
                <Precinct name="TOWALIGA" votes="1341" />
                <Precinct name="WORTHVILLE" votes="724" />
            </VoteType>
            <VoteType name="Provisional" votes="0">
                <Precinct name="BUTTS CO COMM CENTER" votes="0" />
                <Precinct name="JENKINSBURG" votes="0" />
                <Precinct name="STARK" votes="0" />
                <Precinct name="TOWALIGA" votes="0" />
                <Precinct name="WORTHVILLE" votes="0" />
            </VoteType>
        </Choice>
        <Choice key="20" text="HILLARY CLINTON" totalVotes="2566">
            <VoteType name="Election Day" votes="814">
                <Precinct name="BUTTS CO COMM CENTER" votes="400" />
                <Precinct name="JENKINSBURG" votes="181" />
                <Precinct name="STARK" votes="63" />
                <Precinct name="TOWALIGA" votes="124" />
                <Precinct name="WORTHVILLE" votes="46" />
            </VoteType>
            <VoteType name="Absentee by Mail" votes="88">
                <Precinct name="BUTTS CO COMM CENTER" votes="47" />
                <Precinct name="JENKINSBURG" votes="17" />
                <Precinct name="STARK" votes="3" />
                <Precinct name="TOWALIGA" votes="16" />
                <Precinct name="WORTHVILLE" votes="5" />
            </VoteType>
            <VoteType name="Advance in Person" votes="1664">
                <Precinct name="BUTTS CO COMM CENTER" votes="778" />
                <Precinct name="JENKINSBURG" votes="339" />
                <Precinct name="STARK" votes="97" />
                <Precinct name="TOWALIGA" votes="357" />
                <Precinct name="WORTHVILLE" votes="93" />
            </VoteType>
            <VoteType name="Provisional" votes="0">
                <Precinct name="BUTTS CO COMM CENTER" votes="0" />
                <Precinct name="JENKINSBURG" votes="0" />
                <Precinct name="STARK" votes="0" />
                <Precinct name="TOWALIGA" votes="0" />
                <Precinct name="WORTHVILLE" votes="0" />
            </VoteType>
        </Choice>
        <Choice key="30" text="GARY JOHNSON" totalVotes="194">
            <VoteType name="Election Day" votes="70">
                <Precinct name="BUTTS CO COMM CENTER" votes="23" />
                <Precinct name="JENKINSBURG" votes="15" />
                <Precinct name="STARK" votes="8" />
                <Precinct name="TOWALIGA" votes="21" />
                <Precinct name="WORTHVILLE" votes="3" />
            </VoteType>
            <VoteType name="Absentee by Mail" votes="6">
                <Precinct name="BUTTS CO COMM CENTER" votes="3" />
                <Precinct name="JENKINSBURG" votes="0" />
                <Precinct name="STARK" votes="0" />
                <Precinct name="TOWALIGA" votes="2" />
                <Precinct name="WORTHVILLE" votes="1" />
            </VoteType>
            <VoteType name="Advance in Person" votes="118">
                <Precinct name="BUTTS CO COMM CENTER" votes="32" />
                <Precinct name="JENKINSBURG" votes="10" />
                <Precinct name="STARK" votes="17" />
                <Precinct name="TOWALIGA" votes="41" />
                <Precinct name="WORTHVILLE" votes="18" />
            </VoteType>
            <VoteType name="Provisional" votes="0">
                <Precinct name="BUTTS CO COMM CENTER" votes="0" />
                <Precinct name="JENKINSBURG" votes="0" />
                <Precinct name="STARK" votes="0" />
                <Precinct name="TOWALIGA" votes="0" />
                <Precinct name="WORTHVILLE" votes="0" />
            </VoteType>
        </Choice>
    </Contest>
    <Contest key="10" text="United States Senator, Isakson" isQuestion="false" precinctsReporting="5" precinctsReported="5">
        <VoteType name="Number of Precincts for Race" votes="5">
            <Precinct name="BUTTS CO COMM CENTER" votes="1" />
            <Precinct name="JENKINSBURG" votes="1" />
            <Precinct name="STARK" votes="1" />
            <Precinct name="TOWALIGA" votes="1" />
            <Precinct name="WORTHVILLE" votes="1" />
        </VoteType>
        <VoteType name="Number of Precincts Reporting" votes="5">
            <Precinct name="BUTTS CO COMM CENTER" votes="1" />
            <Precinct name="JENKINSBURG" votes="1" />
            <Precinct name="STARK" votes="1" />
            <Precinct name="TOWALIGA" votes="1" />
            <Precinct name="WORTHVILLE" votes="1" />
        </VoteType>
        <Choice key="10" text="JOHNNY ISAKSON (I)" totalVotes="6320">
            <VoteType name="Election Day" votes="1653">
                <Precinct name="BUTTS CO COMM CENTER" votes="223" />
                <Precinct name="JENKINSBURG" votes="285" />
                <Precinct name="STARK" votes="461" />
                <Precinct name="TOWALIGA" votes="378" />
                <Precinct name="WORTHVILLE" votes="306" />
            </VoteType>
            <VoteType name="Absentee by Mail" votes="195">
                <Precinct name="BUTTS CO COMM CENTER" votes="39" />
                <Precinct name="JENKINSBURG" votes="20" />
                <Precinct name="STARK" votes="43" />
                <Precinct name="TOWALIGA" votes="68" />
                <Precinct name="WORTHVILLE" votes="25" />
            </VoteType>
            <VoteType name="Advance in Person" votes="4472">
                <Precinct name="BUTTS CO COMM CENTER" votes="864" />
                <Precinct name="JENKINSBURG" votes="657" />
                <Precinct name="STARK" votes="1003" />
                <Precinct name="TOWALIGA" votes="1271" />
                <Precinct name="WORTHVILLE" votes="677" />
            </VoteType>
            <VoteType name="Provisional" votes="0">
                <Precinct name="BUTTS CO COMM CENTER" votes="0" />
                <Precinct name="JENKINSBURG" votes="0" />
                <Precinct name="STARK" votes="0" />
                <Precinct name="TOWALIGA" votes="0" />
                <Precinct name="WORTHVILLE" votes="0" />
            </VoteType>
        </Choice>
        <Choice key="20" text="JIM BARKSDALE" totalVotes="2167">
            <VoteType name="Election Day" votes="716">
                <Precinct name="BUTTS CO COMM CENTER" votes="348" />
                <Precinct name="JENKINSBURG" votes="151" />
                <Precinct name="STARK" votes="54" />
                <Precinct name="TOWALIGA" votes="122" />
                <Precinct name="WORTHVILLE" votes="41" />
            </VoteType>
            <VoteType name="Absentee by Mail" votes="76">
                <Precinct name="BUTTS CO COMM CENTER" votes="42" />
                <Precinct name="JENKINSBURG" votes="15" />
                <Precinct name="STARK" votes="2" />
                <Precinct name="TOWALIGA" votes="11" />
                <Precinct name="WORTHVILLE" votes="6" />
            </VoteType>
            <VoteType name="Advance in Person" votes="1375">
                <Precinct name="BUTTS CO COMM CENTER" votes="606" />
                <Precinct name="JENKINSBURG" votes="293" />
                <Precinct name="STARK" votes="91" />
                <Precinct name="TOWALIGA" votes="294" />
                <Precinct name="WORTHVILLE" votes="91" />
            </VoteType>
            <VoteType name="Provisional" votes="0">
                <Precinct name="BUTTS CO COMM CENTER" votes="0" />
                <Precinct name="JENKINSBURG" votes="0" />
                <Precinct name="STARK" votes="0" />
                <Precinct name="TOWALIGA" votes="0" />
                <Precinct name="WORTHVILLE" votes="0" />
            </VoteType>
        </Choice>
        <Choice key="30" text="ALLEN BUCKLEY" totalVotes="346">
            <VoteType name="Election Day" votes="126">
                <Precinct name="BUTTS CO COMM CENTER" votes="32" />
                <Precinct name="JENKINSBURG" votes="15" />
                <Precinct name="STARK" votes="27" />
                <Precinct name="TOWALIGA" votes="30" />
                <Precinct name="WORTHVILLE" votes="22" />
            </VoteType>
            <VoteType name="Absentee by Mail" votes="9">
                <Precinct name="BUTTS CO COMM CENTER" votes="2" />
                <Precinct name="JENKINSBURG" votes="1" />
                <Precinct name="STARK" votes="2" />
                <Precinct name="TOWALIGA" votes="3" />
                <Precinct name="WORTHVILLE" votes="1" />
            </VoteType>
            <VoteType name="Advance in Person" votes="211">
                <Precinct name="BUTTS CO COMM CENTER" votes="58" />
                <Precinct name="JENKINSBURG" votes="32" />
                <Precinct name="STARK" votes="44" />
                <Precinct name="TOWALIGA" votes="55" />
                <Precinct name="WORTHVILLE" votes="22" />
            </VoteType>
            <VoteType name="Provisional" votes="0">
                <Precinct name="BUTTS CO COMM CENTER" votes="0" />
                <Precinct name="JENKINSBURG" votes="0" />
                <Precinct name="STARK" votes="0" />
                <Precinct name="TOWALIGA" votes="0" />
                <Precinct name="WORTHVILLE" votes="0" />
            </VoteType>
        </Choice>
    </Contest>
    <Contest key="30" text="Public Service Commission, District 2 - Eastern" isQuestion="false" precinctsReporting="5" precinctsReported="5">
        <VoteType name="Number of Precincts for Race" votes="5">
            <Precinct name="BUTTS CO COMM CENTER" votes="1" />
            <Precinct name="JENKINSBURG" votes="1" />
            <Precinct name="STARK" votes="1" />
            <Precinct name="TOWALIGA" votes="1" />
            <Precinct name="WORTHVILLE" votes="1" />
        </VoteType>
        <VoteType name="Number of Precincts Reporting" votes="5">
            <Precinct name="BUTTS CO COMM CENTER" votes="1" />
            <Precinct name="JENKINSBURG" votes="1" />
            <Precinct name="STARK" votes="1" />
            <Precinct name="TOWALIGA" votes="1" />
            <Precinct name="WORTHVILLE" votes="1" />
        </VoteType>
        <Choice key="10" text="TIM ECHOLS (I)" totalVotes="6866">
            <VoteType name="Election Day" votes="1846">
                <Precinct name="BUTTS CO COMM CENTER" votes="303" />
                <Precinct name="JENKINSBURG" votes="318" />
                <Precinct name="STARK" votes="482" />
                <Precinct name="TOWALIGA" votes="424" />
                <Precinct name="WORTHVILLE" votes="319" />
            </VoteType>
            <VoteType name="Absentee by Mail" votes="201">
                <Precinct name="BUTTS CO COMM CENTER" votes="50" />
                <Precinct name="JENKINSBURG" votes="21" />
                <Precinct name="STARK" votes="40" />
                <Precinct name="TOWALIGA" votes="64" />
                <Precinct name="WORTHVILLE" votes="26" />
            </VoteType>
            <VoteType name="Advance in Person" votes="4819">
                <Precinct name="BUTTS CO COMM CENTER" votes="974" />
                <Precinct name="JENKINSBURG" votes="732" />
                <Precinct name="STARK" votes="1050" />
                <Precinct name="TOWALIGA" votes="1352" />
                <Precinct name="WORTHVILLE" votes="711" />
            </VoteType>
            <VoteType name="Provisional" votes="0">
                <Precinct name="BUTTS CO COMM CENTER" votes="0" />
                <Precinct name="JENKINSBURG" votes="0" />
                <Precinct name="STARK" votes="0" />
                <Precinct name="TOWALIGA" votes="0" />
                <Precinct name="WORTHVILLE" votes="0" />
            </VoteType>
        </Choice>
        <Choice key="20" text="ERIC HOSKINS" totalVotes="1616">
            <VoteType name="Election Day" votes="536">
                <Precinct name="BUTTS CO COMM CENTER" votes="217" />
                <Precinct name="JENKINSBURG" votes="117" />
                <Precinct name="STARK" votes="65" />
                <Precinct name="TOWALIGA" votes="92" />
                <Precinct name="WORTHVILLE" votes="45" />
            </VoteType>
            <VoteType name="Absentee by Mail" votes="48">
                <Precinct name="BUTTS CO COMM CENTER" votes="21" />
                <Precinct name="JENKINSBURG" votes="8" />
                <Precinct name="STARK" votes="4" />
                <Precinct name="TOWALIGA" votes="14" />
                <Precinct name="WORTHVILLE" votes="1" />
            </VoteType>
            <VoteType name="Advance in Person" votes="1032">
                <Precinct name="BUTTS CO COMM CENTER" votes="408" />
                <Precinct name="JENKINSBURG" votes="200" />
                <Precinct name="STARK" votes="108" />
                <Precinct name="TOWALIGA" votes="243" />
                <Precinct name="WORTHVILLE" votes="73" />
            </VoteType>
            <VoteType name="Provisional" votes="0">
                <Precinct name="BUTTS CO COMM CENTER" votes="0" />
                <Precinct name="JENKINSBURG" votes="0" />
                <Precinct name="STARK" votes="0" />
                <Precinct name="TOWALIGA" votes="0" />
                <Precinct name="WORTHVILLE" votes="0" />
            </VoteType>
        </Choice>
    </Contest>
    <Contest key="50" text="U.S. Representative, District 10" isQuestion="false" precinctsReporting="5" precinctsReported="5">
        <VoteType name="Number of Precincts for Race" votes="5">
            <Precinct name="BUTTS CO COMM CENTER" votes="1" />
            <Precinct name="JENKINSBURG" votes="1" />
            <Precinct name="STARK" votes="1" />
            <Precinct name="TOWALIGA" votes="1" />
            <Precinct name="WORTHVILLE" votes="1" />
        </VoteType>
        <VoteType name="Number of Precincts Reporting" votes="5">
            <Precinct name="BUTTS CO COMM CENTER" votes="1" />
            <Precinct name="JENKINSBURG" votes="1" />
            <Precinct name="STARK" votes="1" />
            <Precinct name="TOWALIGA" votes="1" />
            <Precinct name="WORTHVILLE" votes="1" />
        </VoteType>
        <Choice key="10" text="JODY HICE (I)" totalVotes="7778">
            <VoteType name="Election Day" votes="2157">
                <Precinct name="BUTTS CO COMM CENTER" votes="435" />
                <Precinct name="JENKINSBURG" votes="383" />
                <Precinct name="STARK" votes="519" />
                <Precinct name="TOWALIGA" votes="480" />
                <Precinct name="WORTHVILLE" votes="340" />
            </VoteType>
            <VoteType name="Absentee by Mail" votes="223">
                <Precinct name="BUTTS CO COMM CENTER" votes="58" />
                <Precinct name="JENKINSBURG" votes="27" />
                <Precinct name="STARK" votes="42" />
                <Precinct name="TOWALIGA" votes="68" />
                <Precinct name="WORTHVILLE" votes="28" />
            </VoteType>
            <VoteType name="Advance in Person" votes="5398">
                <Precinct name="BUTTS CO COMM CENTER" votes="1222" />
                <Precinct name="JENKINSBURG" votes="838" />
                <Precinct name="STARK" votes="1112" />
                <Precinct name="TOWALIGA" votes="1471" />
                <Precinct name="WORTHVILLE" votes="755" />
            </VoteType>
            <VoteType name="Provisional" votes="0">
                <Precinct name="BUTTS CO COMM CENTER" votes="0" />
                <Precinct name="JENKINSBURG" votes="0" />
                <Precinct name="STARK" votes="0" />
                <Precinct name="TOWALIGA" votes="0" />
                <Precinct name="WORTHVILLE" votes="0" />
            </VoteType>
        </Choice>
    </Contest>
    <Contest key="70" text="State Senator, District 25" isQuestion="false" precinctsReporting="5" precinctsReported="5">
        <VoteType name="Number of Precincts for Race" votes="5">
            <Precinct name="BUTTS CO COMM CENTER" votes="1" />
            <Precinct name="JENKINSBURG" votes="1" />
            <Precinct name="STARK" votes="1" />
            <Precinct name="TOWALIGA" votes="1" />
            <Precinct name="WORTHVILLE" votes="1" />
        </VoteType>
        <VoteType name="Number of Precincts Reporting" votes="5">
            <Precinct name="BUTTS CO COMM CENTER" votes="1" />
            <Precinct name="JENKINSBURG" votes="1" />
            <Precinct name="STARK" votes="1" />
            <Precinct name="TOWALIGA" votes="1" />
            <Precinct name="WORTHVILLE" votes="1" />
        </VoteType>
        <Choice key="10" text="BURT JONES (I)" totalVotes="7911">
            <VoteType name="Election Day" votes="2190">
                <Precinct name="BUTTS CO COMM CENTER" votes="447" />
                <Precinct name="JENKINSBURG" votes="390" />
                <Precinct name="STARK" votes="532" />
                <Precinct name="TOWALIGA" votes="486" />
                <Precinct name="WORTHVILLE" votes="335" />
            </VoteType>
            <VoteType name="Absentee by Mail" votes="227">
                <Precinct name="BUTTS CO COMM CENTER" votes="58" />
                <Precinct name="JENKINSBURG" votes="27" />
                <Precinct name="STARK" votes="42" />
                <Precinct name="TOWALIGA" votes="72" />
                <Precinct name="WORTHVILLE" votes="28" />
            </VoteType>
            <VoteType name="Advance in Person" votes="5494">
                <Precinct name="BUTTS CO COMM CENTER" votes="1258" />
                <Precinct name="JENKINSBURG" votes="849" />
                <Precinct name="STARK" votes="1125" />
                <Precinct name="TOWALIGA" votes="1487" />
                <Precinct name="WORTHVILLE" votes="775" />
            </VoteType>
            <VoteType name="Provisional" votes="0">
                <Precinct name="BUTTS CO COMM CENTER" votes="0" />
                <Precinct name="JENKINSBURG" votes="0" />
                <Precinct name="STARK" votes="0" />
                <Precinct name="TOWALIGA" votes="0" />
                <Precinct name="WORTHVILLE" votes="0" />
            </VoteType>
        </Choice>
    </Contest>
    <Contest key="90" text="State Representative, District 110" isQuestion="false" precinctsReporting="4" precinctsReported="4">
        <VoteType name="Number of Precincts for Race" votes="4">
            <Precinct name="BUTTS CO COMM CENTER" votes="1" />
            <Precinct name="JENKINSBURG" votes="1" />
            <Precinct name="STARK" votes="1" />
            <Precinct name="WORTHVILLE" votes="1" />
        </VoteType>
        <VoteType name="Number of Precincts Reporting" votes="4">
            <Precinct name="BUTTS CO COMM CENTER" votes="1" />
            <Precinct name="JENKINSBURG" votes="1" />
            <Precinct name="STARK" votes="1" />
            <Precinct name="WORTHVILLE" votes="1" />
        </VoteType>
        <Choice key="10" text="ANDY WELCH (I) (REP)" totalVotes="4139">
            <VoteType name="Election Day" votes="1279">
                <Precinct name="BUTTS CO COMM CENTER" votes="17" />
                <Precinct name="JENKINSBURG" votes="383" />
                <Precinct name="STARK" votes="531" />
                <Precinct name="WORTHVILLE" votes="348" />
            </VoteType>
            <VoteType name="Absentee by Mail" votes="102">
                <Precinct name="BUTTS CO COMM CENTER" votes="4" />
                <Precinct name="JENKINSBURG" votes="26" />
                <Precinct name="STARK" votes="44" />
                <Precinct name="WORTHVILLE" votes="28" />
            </VoteType>
            <VoteType name="Advance in Person" votes="2758">
                <Precinct name="BUTTS CO COMM CENTER" votes="49" />
                <Precinct name="JENKINSBURG" votes="838" />
                <Precinct name="STARK" votes="1113" />
                <Precinct name="WORTHVILLE" votes="758" />
            </VoteType>
            <VoteType name="Provisional" votes="0">
                <Precinct name="BUTTS CO COMM CENTER" votes="0" />
                <Precinct name="JENKINSBURG" votes="0" />
                <Precinct name="STARK" votes="0" />
                <Precinct name="WORTHVILLE" votes="0" />
            </VoteType>
        </Choice>
    </Contest>
    <Contest key="110" text="State Representative, District 129" isQuestion="false" precinctsReporting="3" precinctsReported="3">
        <VoteType name="Number of Precincts for Race" votes="3">
            <Precinct name="BUTTS CO COMM CENTER" votes="1" />
            <Precinct name="JENKINSBURG" votes="1" />
            <Precinct name="TOWALIGA" votes="1" />
        </VoteType>
        <VoteType name="Number of Precincts Reporting" votes="3">
            <Precinct name="BUTTS CO COMM CENTER" votes="1" />
            <Precinct name="JENKINSBURG" votes="1" />
            <Precinct name="TOWALIGA" votes="1" />
        </VoteType>
        <Choice key="10" text="SUSAN HOLMES (I) (REP)" totalVotes="3680">
            <VoteType name="Election Day" votes="901">
                <Precinct name="BUTTS CO COMM CENTER" votes="420" />
                <Precinct name="JENKINSBURG" votes="2" />
                <Precinct name="TOWALIGA" votes="479" />
            </VoteType>
            <VoteType name="Absentee by Mail" votes="122">
                <Precinct name="BUTTS CO COMM CENTER" votes="54" />
                <Precinct name="JENKINSBURG" votes="0" />
                <Precinct name="TOWALIGA" votes="68" />
            </VoteType>
            <VoteType name="Advance in Person" votes="2657">
                <Precinct name="BUTTS CO COMM CENTER" votes="1178" />
                <Precinct name="JENKINSBURG" votes="6" />
                <Precinct name="TOWALIGA" votes="1473" />
            </VoteType>
            <VoteType name="Provisional" votes="0">
                <Precinct name="BUTTS CO COMM CENTER" votes="0" />
                <Precinct name="JENKINSBURG" votes="0" />
                <Precinct name="TOWALIGA" votes="0" />
            </VoteType>
        </Choice>
    </Contest>
    <Contest key="130" text="District Attorney, Towaliga Circuit" isQuestion="false" precinctsReporting="5" precinctsReported="5">
        <VoteType name="Number of Precincts for Race" votes="5">
            <Precinct name="BUTTS CO COMM CENTER" votes="1" />
            <Precinct name="JENKINSBURG" votes="1" />
            <Precinct name="STARK" votes="1" />
            <Precinct name="TOWALIGA" votes="1" />
            <Precinct name="WORTHVILLE" votes="1" />
        </VoteType>
        <VoteType name="Number of Precincts Reporting" votes="5">
            <Precinct name="BUTTS CO COMM CENTER" votes="1" />
            <Precinct name="JENKINSBURG" votes="1" />
            <Precinct name="STARK" votes="1" />
            <Precinct name="TOWALIGA" votes="1" />
            <Precinct name="WORTHVILLE" votes="1" />
        </VoteType>
        <Choice key="10" text="JONATHAN ADAMS (REP)" totalVotes="7760">
            <VoteType name="Election Day" votes="2161">
                <Precinct name="BUTTS CO COMM CENTER" votes="430" />
                <Precinct name="JENKINSBURG" votes="385" />
                <Precinct name="STARK" votes="525" />
                <Precinct name="TOWALIGA" votes="478" />
                <Precinct name="WORTHVILLE" votes="343" />
            </VoteType>
            <VoteType name="Absentee by Mail" votes="223">
                <Precinct name="BUTTS CO COMM CENTER" votes="58" />
                <Precinct name="JENKINSBURG" votes="27" />
                <Precinct name="STARK" votes="40" />
                <Precinct name="TOWALIGA" votes="70" />
                <Precinct name="WORTHVILLE" votes="28" />
            </VoteType>
            <VoteType name="Advance in Person" votes="5376">
                <Precinct name="BUTTS CO COMM CENTER" votes="1226" />
                <Precinct name="JENKINSBURG" votes="837" />
                <Precinct name="STARK" votes="1103" />
                <Precinct name="TOWALIGA" votes="1464" />
                <Precinct name="WORTHVILLE" votes="746" />
            </VoteType>
            <VoteType name="Provisional" votes="0">
                <Precinct name="BUTTS CO COMM CENTER" votes="0" />
                <Precinct name="JENKINSBURG" votes="0" />
                <Precinct name="STARK" votes="0" />
                <Precinct name="TOWALIGA" votes="0" />
                <Precinct name="WORTHVILLE" votes="0" />
            </VoteType>
        </Choice>
    </Contest>
    <Contest key="150" text="CLERK, SUPERIOR COURT" isQuestion="false" precinctsReporting="5" precinctsReported="5">
        <VoteType name="Number of Precincts for Race" votes="5">
            <Precinct name="BUTTS CO COMM CENTER" votes="1" />
            <Precinct name="JENKINSBURG" votes="1" />
            <Precinct name="STARK" votes="1" />
            <Precinct name="TOWALIGA" votes="1" />
            <Precinct name="WORTHVILLE" votes="1" />
        </VoteType>
        <VoteType name="Number of Precincts Reporting" votes="5">
            <Precinct name="BUTTS CO COMM CENTER" votes="1" />
            <Precinct name="JENKINSBURG" votes="1" />
            <Precinct name="STARK" votes="1" />
            <Precinct name="TOWALIGA" votes="1" />
            <Precinct name="WORTHVILLE" votes="1" />
        </VoteType>
        <Choice key="10" text="R. W. SMITH (I) R" totalVotes="8070">
            <VoteType name="Election Day" votes="2242">
                <Precinct name="BUTTS CO COMM CENTER" votes="462" />
                <Precinct name="JENKINSBURG" votes="402" />
                <Precinct name="STARK" votes="536" />
                <Precinct name="TOWALIGA" votes="496" />
                <Precinct name="WORTHVILLE" votes="346" />
            </VoteType>
            <VoteType name="Absentee by Mail" votes="229">
                <Precinct name="BUTTS CO COMM CENTER" votes="62" />
                <Precinct name="JENKINSBURG" votes="26" />
                <Precinct name="STARK" votes="43" />
                <Precinct name="TOWALIGA" votes="70" />
                <Precinct name="WORTHVILLE" votes="28" />
            </VoteType>
            <VoteType name="Advance in Person" votes="5599">
                <Precinct name="BUTTS CO COMM CENTER" votes="1307" />
                <Precinct name="JENKINSBURG" votes="874" />
                <Precinct name="STARK" votes="1124" />
                <Precinct name="TOWALIGA" votes="1529" />
                <Precinct name="WORTHVILLE" votes="765" />
            </VoteType>
            <VoteType name="Provisional" votes="0">
                <Precinct name="BUTTS CO COMM CENTER" votes="0" />
                <Precinct name="JENKINSBURG" votes="0" />
                <Precinct name="STARK" votes="0" />
                <Precinct name="TOWALIGA" votes="0" />
                <Precinct name="WORTHVILLE" votes="0" />
            </VoteType>
        </Choice>
    </Contest>
    <Contest key="170" text="SHERIFF" isQuestion="false" precinctsReporting="5" precinctsReported="5">
        <VoteType name="Number of Precincts for Race" votes="5">
            <Precinct name="BUTTS CO COMM CENTER" votes="1" />
            <Precinct name="JENKINSBURG" votes="1" />
            <Precinct name="STARK" votes="1" />
            <Precinct name="TOWALIGA" votes="1" />
            <Precinct name="WORTHVILLE" votes="1" />
        </VoteType>
        <VoteType name="Number of Precincts Reporting" votes="5">
            <Precinct name="BUTTS CO COMM CENTER" votes="1" />
            <Precinct name="JENKINSBURG" votes="1" />
            <Precinct name="STARK" votes="1" />
            <Precinct name="TOWALIGA" votes="1" />
            <Precinct name="WORTHVILLE" votes="1" />
        </VoteType>
        <Choice key="10" text="G. LONG (I) R" totalVotes="8457">
            <VoteType name="Election Day" votes="2365">
                <Precinct name="BUTTS CO COMM CENTER" votes="518" />
                <Precinct name="JENKINSBURG" votes="427" />
                <Precinct name="STARK" votes="546" />
                <Precinct name="TOWALIGA" votes="509" />
                <Precinct name="WORTHVILLE" votes="365" />
            </VoteType>
            <VoteType name="Absentee by Mail" votes="237">
                <Precinct name="BUTTS CO COMM CENTER" votes="68" />
                <Precinct name="JENKINSBURG" votes="27" />
                <Precinct name="STARK" votes="46" />
                <Precinct name="TOWALIGA" votes="70" />
                <Precinct name="WORTHVILLE" votes="26" />
            </VoteType>
            <VoteType name="Advance in Person" votes="5855">
                <Precinct name="BUTTS CO COMM CENTER" votes="1454" />
                <Precinct name="JENKINSBURG" votes="933" />
                <Precinct name="STARK" votes="1143" />
                <Precinct name="TOWALIGA" votes="1555" />
                <Precinct name="WORTHVILLE" votes="770" />
            </VoteType>
            <VoteType name="Provisional" votes="0">
                <Precinct name="BUTTS CO COMM CENTER" votes="0" />
                <Precinct name="JENKINSBURG" votes="0" />
                <Precinct name="STARK" votes="0" />
                <Precinct name="TOWALIGA" votes="0" />
                <Precinct name="WORTHVILLE" votes="0" />
            </VoteType>
        </Choice>
    </Contest>
    <Contest key="190" text="TAX COMMISSIONER" isQuestion="false" precinctsReporting="5" precinctsReported="5">
        <VoteType name="Number of Precincts for Race" votes="5">
            <Precinct name="BUTTS CO COMM CENTER" votes="1" />
            <Precinct name="JENKINSBURG" votes="1" />
            <Precinct name="STARK" votes="1" />
            <Precinct name="TOWALIGA" votes="1" />
            <Precinct name="WORTHVILLE" votes="1" />
        </VoteType>
        <VoteType name="Number of Precincts Reporting" votes="5">
            <Precinct name="BUTTS CO COMM CENTER" votes="1" />
            <Precinct name="JENKINSBURG" votes="1" />
            <Precinct name="STARK" votes="1" />
            <Precinct name="TOWALIGA" votes="1" />
            <Precinct name="WORTHVILLE" votes="1" />
        </VoteType>
        <Choice key="10" text="N.J. WASHINGTON (I)R" totalVotes="8271">
            <VoteType name="Election Day" votes="2286">
                <Precinct name="BUTTS CO COMM CENTER" votes="485" />
                <Precinct name="JENKINSBURG" votes="410" />
                <Precinct name="STARK" votes="537" />
                <Precinct name="TOWALIGA" votes="501" />
                <Precinct name="WORTHVILLE" votes="353" />
            </VoteType>
            <VoteType name="Absentee by Mail" votes="232">
                <Precinct name="BUTTS CO COMM CENTER" votes="66" />
                <Precinct name="JENKINSBURG" votes="27" />
                <Precinct name="STARK" votes="42" />
                <Precinct name="TOWALIGA" votes="70" />
                <Precinct name="WORTHVILLE" votes="27" />
            </VoteType>
            <VoteType name="Advance in Person" votes="5753">
                <Precinct name="BUTTS CO COMM CENTER" votes="1387" />
                <Precinct name="JENKINSBURG" votes="905" />
                <Precinct name="STARK" votes="1130" />
                <Precinct name="TOWALIGA" votes="1548" />
                <Precinct name="WORTHVILLE" votes="783" />
            </VoteType>
            <VoteType name="Provisional" votes="0">
                <Precinct name="BUTTS CO COMM CENTER" votes="0" />
                <Precinct name="JENKINSBURG" votes="0" />
                <Precinct name="STARK" votes="0" />
                <Precinct name="TOWALIGA" votes="0" />
                <Precinct name="WORTHVILLE" votes="0" />
            </VoteType>
        </Choice>
    </Contest>
    <Contest key="210" text="SURVEYOR" isQuestion="false" precinctsReporting="5" precinctsReported="5">
        <VoteType name="Number of Precincts for Race" votes="5">
            <Precinct name="BUTTS CO COMM CENTER" votes="1" />
            <Precinct name="JENKINSBURG" votes="1" />
            <Precinct name="STARK" votes="1" />
            <Precinct name="TOWALIGA" votes="1" />
            <Precinct name="WORTHVILLE" votes="1" />
        </VoteType>
        <VoteType name="Number of Precincts Reporting" votes="5">
            <Precinct name="BUTTS CO COMM CENTER" votes="1" />
            <Precinct name="JENKINSBURG" votes="1" />
            <Precinct name="STARK" votes="1" />
            <Precinct name="TOWALIGA" votes="1" />
            <Precinct name="WORTHVILLE" votes="1" />
        </VoteType>
        <Choice key="10" text="A. WILLIAMS (I) R" totalVotes="7998">
            <VoteType name="Election Day" votes="2217">
                <Precinct name="BUTTS CO COMM CENTER" votes="456" />
                <Precinct name="JENKINSBURG" votes="392" />
                <Precinct name="STARK" votes="533" />
                <Precinct name="TOWALIGA" votes="492" />
                <Precinct name="WORTHVILLE" votes="344" />
            </VoteType>
            <VoteType name="Absentee by Mail" votes="227">
                <Precinct name="BUTTS CO COMM CENTER" votes="61" />
                <Precinct name="JENKINSBURG" votes="27" />
                <Precinct name="STARK" votes="43" />
                <Precinct name="TOWALIGA" votes="68" />
                <Precinct name="WORTHVILLE" votes="28" />
            </VoteType>
            <VoteType name="Advance in Person" votes="5554">
                <Precinct name="BUTTS CO COMM CENTER" votes="1288" />
                <Precinct name="JENKINSBURG" votes="864" />
                <Precinct name="STARK" votes="1121" />
                <Precinct name="TOWALIGA" votes="1514" />
                <Precinct name="WORTHVILLE" votes="767" />
            </VoteType>
            <VoteType name="Provisional" votes="0">
                <Precinct name="BUTTS CO COMM CENTER" votes="0" />
                <Precinct name="JENKINSBURG" votes="0" />
                <Precinct name="STARK" votes="0" />
                <Precinct name="TOWALIGA" votes="0" />
                <Precinct name="WORTHVILLE" votes="0" />
            </VoteType>
        </Choice>
    </Contest>
    <Contest key="230" text="CORONER" isQuestion="false" precinctsReporting="5" precinctsReported="5">
        <VoteType name="Number of Precincts for Race" votes="5">
            <Precinct name="BUTTS CO COMM CENTER" votes="1" />
            <Precinct name="JENKINSBURG" votes="1" />
            <Precinct name="STARK" votes="1" />
            <Precinct name="TOWALIGA" votes="1" />
            <Precinct name="WORTHVILLE" votes="1" />
        </VoteType>
        <VoteType name="Number of Precincts Reporting" votes="5">
            <Precinct name="BUTTS CO COMM CENTER" votes="1" />
            <Precinct name="JENKINSBURG" votes="1" />
            <Precinct name="STARK" votes="1" />
            <Precinct name="TOWALIGA" votes="1" />
            <Precinct name="WORTHVILLE" votes="1" />
        </VoteType>
        <Choice key="10" text="R. B. WILSON (I) R" totalVotes="8244">
            <VoteType name="Election Day" votes="2294">
                <Precinct name="BUTTS CO COMM CENTER" votes="494" />
                <Precinct name="JENKINSBURG" votes="405" />
                <Precinct name="STARK" votes="536" />
                <Precinct name="TOWALIGA" votes="507" />
                <Precinct name="WORTHVILLE" votes="352" />
            </VoteType>
            <VoteType name="Absentee by Mail" votes="233">
                <Precinct name="BUTTS CO COMM CENTER" votes="65" />
                <Precinct name="JENKINSBURG" votes="27" />
                <Precinct name="STARK" votes="43" />
                <Precinct name="TOWALIGA" votes="70" />
                <Precinct name="WORTHVILLE" votes="28" />
            </VoteType>
            <VoteType name="Advance in Person" votes="5717">
                <Precinct name="BUTTS CO COMM CENTER" votes="1379" />
                <Precinct name="JENKINSBURG" votes="896" />
                <Precinct name="STARK" votes="1129" />
                <Precinct name="TOWALIGA" votes="1536" />
                <Precinct name="WORTHVILLE" votes="777" />
            </VoteType>
            <VoteType name="Provisional" votes="0">
                <Precinct name="BUTTS CO COMM CENTER" votes="0" />
                <Precinct name="JENKINSBURG" votes="0" />
                <Precinct name="STARK" votes="0" />
                <Precinct name="TOWALIGA" votes="0" />
                <Precinct name="WORTHVILLE" votes="0" />
            </VoteType>
        </Choice>
    </Contest>
    <Contest key="250" text="CC D1" isQuestion="false" precinctsReporting="3" precinctsReported="3">
        <VoteType name="Number of Precincts for Race" votes="3">
            <Precinct name="BUTTS CO COMM CENTER" votes="1" />
            <Precinct name="STARK" votes="1" />
            <Precinct name="WORTHVILLE" votes="1" />
        </VoteType>
        <VoteType name="Number of Precincts Reporting" votes="3">
            <Precinct name="BUTTS CO COMM CENTER" votes="1" />
            <Precinct name="STARK" votes="1" />
            <Precinct name="WORTHVILLE" votes="1" />
        </VoteType>
        <Choice key="10" text="K. RIVERS (R)" totalVotes="2018">
            <VoteType name="Election Day" votes="620">
                <Precinct name="BUTTS CO COMM CENTER" votes="38" />
                <Precinct name="STARK" votes="525" />
                <Precinct name="WORTHVILLE" votes="57" />
            </VoteType>
            <VoteType name="Absentee by Mail" votes="48">
                <Precinct name="BUTTS CO COMM CENTER" votes="3" />
                <Precinct name="STARK" votes="42" />
                <Precinct name="WORTHVILLE" votes="3" />
            </VoteType>
            <VoteType name="Advance in Person" votes="1350">
                <Precinct name="BUTTS CO COMM CENTER" votes="155" />
                <Precinct name="STARK" votes="1100" />
                <Precinct name="WORTHVILLE" votes="95" />
            </VoteType>
            <VoteType name="Provisional" votes="0">
                <Precinct name="BUTTS CO COMM CENTER" votes="0" />
                <Precinct name="STARK" votes="0" />
                <Precinct name="WORTHVILLE" votes="0" />
            </VoteType>
        </Choice>
    </Contest>
    <Contest key="270" text="CC D2" isQuestion="false" precinctsReporting="1" precinctsReported="1">
        <VoteType name="Number of Precincts for Race" votes="1">
            <Precinct name="BUTTS CO COMM CENTER" votes="1" />
        </VoteType>
        <VoteType name="Number of Precincts Reporting" votes="1">
            <Precinct name="BUTTS CO COMM CENTER" votes="1" />
        </VoteType>
        <Choice key="10" text="W. WARD (R)" totalVotes="676">
            <VoteType name="Election Day" votes="139">
                <Precinct name="BUTTS CO COMM CENTER" votes="139" />
            </VoteType>
            <VoteType name="Absentee by Mail" votes="20">
                <Precinct name="BUTTS CO COMM CENTER" votes="20" />
            </VoteType>
            <VoteType name="Advance in Person" votes="517">
                <Precinct name="BUTTS CO COMM CENTER" votes="517" />
            </VoteType>
            <VoteType name="Provisional" votes="0">
                <Precinct name="BUTTS CO COMM CENTER" votes="0" />
            </VoteType>
        </Choice>
        <Choice key="20" text="R. HENDERSON SR (I)D" totalVotes="822">
            <VoteType name="Election Day" votes="272">
                <Precinct name="BUTTS CO COMM CENTER" votes="272" />
            </VoteType>
            <VoteType name="Absentee by Mail" votes="31">
                <Precinct name="BUTTS CO COMM CENTER" votes="31" />
            </VoteType>
            <VoteType name="Advance in Person" votes="519">
                <Precinct name="BUTTS CO COMM CENTER" votes="519" />
            </VoteType>
            <VoteType name="Provisional" votes="0">
                <Precinct name="BUTTS CO COMM CENTER" votes="0" />
            </VoteType>
        </Choice>
    </Contest>
    <Contest key="290" text="CC D5" isQuestion="false" precinctsReporting="3" precinctsReported="3">
        <VoteType name="Number of Precincts for Race" votes="3">
            <Precinct name="JENKINSBURG" votes="1" />
            <Precinct name="TOWALIGA" votes="1" />
            <Precinct name="WORTHVILLE" votes="1" />
        </VoteType>
        <VoteType name="Number of Precincts Reporting" votes="3">
            <Precinct name="JENKINSBURG" votes="1" />
            <Precinct name="TOWALIGA" votes="1" />
            <Precinct name="WORTHVILLE" votes="1" />
        </VoteType>
        <Choice key="10" text="R.  CRUMBLEY (R)" totalVotes="1794">
            <VoteType name="Election Day" votes="549">
                <Precinct name="JENKINSBURG" votes="252" />
                <Precinct name="TOWALIGA" votes="8" />
                <Precinct name="WORTHVILLE" votes="289" />
            </VoteType>
            <VoteType name="Absentee by Mail" votes="42">
                <Precinct name="JENKINSBURG" votes="17" />
                <Precinct name="TOWALIGA" votes="0" />
                <Precinct name="WORTHVILLE" votes="25" />
            </VoteType>
            <VoteType name="Advance in Person" votes="1203">
                <Precinct name="JENKINSBURG" votes="526" />
                <Precinct name="TOWALIGA" votes="3" />
                <Precinct name="WORTHVILLE" votes="674" />
            </VoteType>
            <VoteType name="Provisional" votes="0">
                <Precinct name="JENKINSBURG" votes="0" />
                <Precinct name="TOWALIGA" votes="0" />
                <Precinct name="WORTHVILLE" votes="0" />
            </VoteType>
        </Choice>
    </Contest>
    <Contest key="310" text="Constitutional Amendment #1&lt;br&gt;Provides greater flexibility and state accountability to fix failing schools through increasing community involvement." isQuestion="false" precinctsReporting="5" precinctsReported="5">
        <VoteType name="Number of Precincts for Race" votes="5">
            <Precinct name="BUTTS CO COMM CENTER" votes="1" />
            <Precinct name="JENKINSBURG" votes="1" />
            <Precinct name="STARK" votes="1" />
            <Precinct name="TOWALIGA" votes="1" />
            <Precinct name="WORTHVILLE" votes="1" />
        </VoteType>
        <VoteType name="Number of Precincts Reporting" votes="5">
            <Precinct name="BUTTS CO COMM CENTER" votes="1" />
            <Precinct name="JENKINSBURG" votes="1" />
            <Precinct name="STARK" votes="1" />
            <Precinct name="TOWALIGA" votes="1" />
            <Precinct name="WORTHVILLE" votes="1" />
        </VoteType>
        <Choice key="10" text="YES" totalVotes="3487">
            <VoteType name="Election Day" votes="1016">
                <Precinct name="BUTTS CO COMM CENTER" votes="227" />
                <Precinct name="JENKINSBURG" votes="185" />
                <Precinct name="STARK" votes="243" />
                <Precinct name="TOWALIGA" votes="192" />
                <Precinct name="WORTHVILLE" votes="169" />
            </VoteType>
            <VoteType name="Absentee by Mail" votes="112">
                <Precinct name="BUTTS CO COMM CENTER" votes="36" />
                <Precinct name="JENKINSBURG" votes="17" />
                <Precinct name="STARK" votes="25" />
                <Precinct name="TOWALIGA" votes="24" />
                <Precinct name="WORTHVILLE" votes="10" />
            </VoteType>
            <VoteType name="Advance in Person" votes="2359">
                <Precinct name="BUTTS CO COMM CENTER" votes="584" />
                <Precinct name="JENKINSBURG" votes="376" />
                <Precinct name="STARK" votes="473" />
                <Precinct name="TOWALIGA" votes="614" />
                <Precinct name="WORTHVILLE" votes="312" />
            </VoteType>
            <VoteType name="Provisional" votes="0">
                <Precinct name="BUTTS CO COMM CENTER" votes="0" />
                <Precinct name="JENKINSBURG" votes="0" />
                <Precinct name="STARK" votes="0" />
                <Precinct name="TOWALIGA" votes="0" />
                <Precinct name="WORTHVILLE" votes="0" />
            </VoteType>
        </Choice>
        <Choice key="20" text="NO" totalVotes="5764">
            <VoteType name="Election Day" votes="1579">
                <Precinct name="BUTTS CO COMM CENTER" votes="396" />
                <Precinct name="JENKINSBURG" votes="298" />
                <Precinct name="STARK" votes="320" />
                <Precinct name="TOWALIGA" votes="353" />
                <Precinct name="WORTHVILLE" votes="212" />
            </VoteType>
            <VoteType name="Absentee by Mail" votes="160">
                <Precinct name="BUTTS CO COMM CENTER" votes="43" />
                <Precinct name="JENKINSBURG" votes="18" />
                <Precinct name="STARK" votes="21" />
                <Precinct name="TOWALIGA" votes="58" />
                <Precinct name="WORTHVILLE" votes="20" />
            </VoteType>
            <VoteType name="Advance in Person" votes="4025">
                <Precinct name="BUTTS CO COMM CENTER" votes="1031" />
                <Precinct name="JENKINSBURG" votes="654" />
                <Precinct name="STARK" votes="732" />
                <Precinct name="TOWALIGA" votes="1092" />
                <Precinct name="WORTHVILLE" votes="516" />
            </VoteType>
            <VoteType name="Provisional" votes="0">
                <Precinct name="BUTTS CO COMM CENTER" votes="0" />
                <Precinct name="JENKINSBURG" votes="0" />
                <Precinct name="STARK" votes="0" />
                <Precinct name="TOWALIGA" votes="0" />
                <Precinct name="WORTHVILLE" votes="0" />
            </VoteType>
        </Choice>
    </Contest>
    <Contest key="320" text="Constitutional Amendment #2&lt;br&gt;Authorizes penalties for sexual exploitation and assessments on adult entertainment to fund child victims' services." isQuestion="false" precinctsReporting="5" precinctsReported="5">
        <VoteType name="Number of Precincts for Race" votes="5">
            <Precinct name="BUTTS CO COMM CENTER" votes="1" />
            <Precinct name="JENKINSBURG" votes="1" />
            <Precinct name="STARK" votes="1" />
            <Precinct name="TOWALIGA" votes="1" />
            <Precinct name="WORTHVILLE" votes="1" />
        </VoteType>
        <VoteType name="Number of Precincts Reporting" votes="5">
            <Precinct name="BUTTS CO COMM CENTER" votes="1" />
            <Precinct name="JENKINSBURG" votes="1" />
            <Precinct name="STARK" votes="1" />
            <Precinct name="TOWALIGA" votes="1" />
            <Precinct name="WORTHVILLE" votes="1" />
        </VoteType>
        <Choice key="10" text="YES" totalVotes="7659">
            <VoteType name="Election Day" votes="2166">
                <Precinct name="BUTTS CO COMM CENTER" votes="492" />
                <Precinct name="JENKINSBURG" votes="406" />
                <Precinct name="STARK" votes="471" />
                <Precinct name="TOWALIGA" votes="478" />
                <Precinct name="WORTHVILLE" votes="319" />
            </VoteType>
            <VoteType name="Absentee by Mail" votes="239">
                <Precinct name="BUTTS CO COMM CENTER" votes="68" />
                <Precinct name="JENKINSBURG" votes="30" />
                <Precinct name="STARK" votes="44" />
                <Precinct name="TOWALIGA" votes="72" />
                <Precinct name="WORTHVILLE" votes="25" />
            </VoteType>
            <VoteType name="Advance in Person" votes="5254">
                <Precinct name="BUTTS CO COMM CENTER" votes="1270" />
                <Precinct name="JENKINSBURG" votes="837" />
                <Precinct name="STARK" votes="1005" />
                <Precinct name="TOWALIGA" votes="1439" />
                <Precinct name="WORTHVILLE" votes="703" />
            </VoteType>
            <VoteType name="Provisional" votes="0">
                <Precinct name="BUTTS CO COMM CENTER" votes="0" />
                <Precinct name="JENKINSBURG" votes="0" />
                <Precinct name="STARK" votes="0" />
                <Precinct name="TOWALIGA" votes="0" />
                <Precinct name="WORTHVILLE" votes="0" />
            </VoteType>
        </Choice>
        <Choice key="20" text="NO" totalVotes="1450">
            <VoteType name="Election Day" votes="400">
                <Precinct name="BUTTS CO COMM CENTER" votes="123" />
                <Precinct name="JENKINSBURG" votes="72" />
                <Precinct name="STARK" votes="85" />
                <Precinct name="TOWALIGA" votes="69" />
                <Precinct name="WORTHVILLE" votes="51" />
            </VoteType>
            <VoteType name="Absentee by Mail" votes="29">
                <Precinct name="BUTTS CO COMM CENTER" votes="9" />
                <Precinct name="JENKINSBURG" votes="4" />
                <Precinct name="STARK" votes="1" />
                <Precinct name="TOWALIGA" votes="10" />
                <Precinct name="WORTHVILLE" votes="5" />
            </VoteType>
            <VoteType name="Advance in Person" votes="1021">
                <Precinct name="BUTTS CO COMM CENTER" votes="322" />
                <Precinct name="JENKINSBURG" votes="173" />
                <Precinct name="STARK" votes="178" />
                <Precinct name="TOWALIGA" votes="240" />
                <Precinct name="WORTHVILLE" votes="108" />
            </VoteType>
            <VoteType name="Provisional" votes="0">
                <Precinct name="BUTTS CO COMM CENTER" votes="0" />
                <Precinct name="JENKINSBURG" votes="0" />
                <Precinct name="STARK" votes="0" />
                <Precinct name="TOWALIGA" votes="0" />
                <Precinct name="WORTHVILLE" votes="0" />
            </VoteType>
        </Choice>
    </Contest>
    <Contest key="330" text="Constitutional Amendment #3&lt;br&gt;Reforms and re-establishes the Judicial Qualifications Commission and provides for its composition, governance, and powers." isQuestion="false" precinctsReporting="5" precinctsReported="5">
        <VoteType name="Number of Precincts for Race" votes="5">
            <Precinct name="BUTTS CO COMM CENTER" votes="1" />
            <Precinct name="JENKINSBURG" votes="1" />
            <Precinct name="STARK" votes="1" />
            <Precinct name="TOWALIGA" votes="1" />
            <Precinct name="WORTHVILLE" votes="1" />
        </VoteType>
        <VoteType name="Number of Precincts Reporting" votes="5">
            <Precinct name="BUTTS CO COMM CENTER" votes="1" />
            <Precinct name="JENKINSBURG" votes="1" />
            <Precinct name="STARK" votes="1" />
            <Precinct name="TOWALIGA" votes="1" />
            <Precinct name="WORTHVILLE" votes="1" />
        </VoteType>
        <Choice key="10" text="YES" totalVotes="5606">
            <VoteType name="Election Day" votes="1590">
                <Precinct name="BUTTS CO COMM CENTER" votes="375" />
                <Precinct name="JENKINSBURG" votes="275" />
                <Precinct name="STARK" votes="363" />
                <Precinct name="TOWALIGA" votes="352" />
                <Precinct name="WORTHVILLE" votes="225" />
            </VoteType>
            <VoteType name="Absentee by Mail" votes="166">
                <Precinct name="BUTTS CO COMM CENTER" votes="53" />
                <Precinct name="JENKINSBURG" votes="20" />
                <Precinct name="STARK" votes="31" />
                <Precinct name="TOWALIGA" votes="46" />
                <Precinct name="WORTHVILLE" votes="16" />
            </VoteType>
            <VoteType name="Advance in Person" votes="3850">
                <Precinct name="BUTTS CO COMM CENTER" votes="1008" />
                <Precinct name="JENKINSBURG" votes="609" />
                <Precinct name="STARK" votes="731" />
                <Precinct name="TOWALIGA" votes="1024" />
                <Precinct name="WORTHVILLE" votes="478" />
            </VoteType>
            <VoteType name="Provisional" votes="0">
                <Precinct name="BUTTS CO COMM CENTER" votes="0" />
                <Precinct name="JENKINSBURG" votes="0" />
                <Precinct name="STARK" votes="0" />
                <Precinct name="TOWALIGA" votes="0" />
                <Precinct name="WORTHVILLE" votes="0" />
            </VoteType>
        </Choice>
        <Choice key="20" text="NO" totalVotes="3019">
            <VoteType name="Election Day" votes="848">
                <Precinct name="BUTTS CO COMM CENTER" votes="214" />
                <Precinct name="JENKINSBURG" votes="172" />
                <Precinct name="STARK" votes="165" />
                <Precinct name="TOWALIGA" votes="169" />
                <Precinct name="WORTHVILLE" votes="128" />
            </VoteType>
            <VoteType name="Absentee by Mail" votes="91">
                <Precinct name="BUTTS CO COMM CENTER" votes="22" />
                <Precinct name="JENKINSBURG" votes="12" />
                <Precinct name="STARK" votes="14" />
                <Precinct name="TOWALIGA" votes="30" />
                <Precinct name="WORTHVILLE" votes="13" />
            </VoteType>
            <VoteType name="Advance in Person" votes="2080">
                <Precinct name="BUTTS CO COMM CENTER" votes="514" />
                <Precinct name="JENKINSBURG" votes="344" />
                <Precinct name="STARK" votes="388" />
                <Precinct name="TOWALIGA" votes="557" />
                <Precinct name="WORTHVILLE" votes="277" />
            </VoteType>
            <VoteType name="Provisional" votes="0">
                <Precinct name="BUTTS CO COMM CENTER" votes="0" />
                <Precinct name="JENKINSBURG" votes="0" />
                <Precinct name="STARK" votes="0" />
                <Precinct name="TOWALIGA" votes="0" />
                <Precinct name="WORTHVILLE" votes="0" />
            </VoteType>
        </Choice>
    </Contest>
    <Contest key="340" text="Constitutional Amendment #4&lt;br&gt;Dedicates revenue from existing taxes on fireworks to trauma care, fire services, and public safety." isQuestion="false" precinctsReporting="5" precinctsReported="5">
        <VoteType name="Number of Precincts for Race" votes="5">
            <Precinct name="BUTTS CO COMM CENTER" votes="1" />
            <Precinct name="JENKINSBURG" votes="1" />
            <Precinct name="STARK" votes="1" />
            <Precinct name="TOWALIGA" votes="1" />
            <Precinct name="WORTHVILLE" votes="1" />
        </VoteType>
        <VoteType name="Number of Precincts Reporting" votes="5">
            <Precinct name="BUTTS CO COMM CENTER" votes="1" />
            <Precinct name="JENKINSBURG" votes="1" />
            <Precinct name="STARK" votes="1" />
            <Precinct name="TOWALIGA" votes="1" />
            <Precinct name="WORTHVILLE" votes="1" />
        </VoteType>
        <Choice key="10" text="YES" totalVotes="7353">
            <VoteType name="Election Day" votes="2064">
                <Precinct name="BUTTS CO COMM CENTER" votes="470" />
                <Precinct name="JENKINSBURG" votes="378" />
                <Precinct name="STARK" votes="461" />
                <Precinct name="TOWALIGA" votes="457" />
                <Precinct name="WORTHVILLE" votes="298" />
            </VoteType>
            <VoteType name="Absentee by Mail" votes="236">
                <Precinct name="BUTTS CO COMM CENTER" votes="71" />
                <Precinct name="JENKINSBURG" votes="30" />
                <Precinct name="STARK" votes="43" />
                <Precinct name="TOWALIGA" votes="67" />
                <Precinct name="WORTHVILLE" votes="25" />
            </VoteType>
            <VoteType name="Advance in Person" votes="5053">
                <Precinct name="BUTTS CO COMM CENTER" votes="1248" />
                <Precinct name="JENKINSBURG" votes="807" />
                <Precinct name="STARK" votes="945" />
                <Precinct name="TOWALIGA" votes="1406" />
                <Precinct name="WORTHVILLE" votes="647" />
            </VoteType>
            <VoteType name="Provisional" votes="0">
                <Precinct name="BUTTS CO COMM CENTER" votes="0" />
                <Precinct name="JENKINSBURG" votes="0" />
                <Precinct name="STARK" votes="0" />
                <Precinct name="TOWALIGA" votes="0" />
                <Precinct name="WORTHVILLE" votes="0" />
            </VoteType>
        </Choice>
        <Choice key="20" text="NO" totalVotes="1738">
            <VoteType name="Election Day" votes="483">
                <Precinct name="BUTTS CO COMM CENTER" votes="147" />
                <Precinct name="JENKINSBURG" votes="88" />
                <Precinct name="STARK" votes="93" />
                <Precinct name="TOWALIGA" votes="85" />
                <Precinct name="WORTHVILLE" votes="70" />
            </VoteType>
            <VoteType name="Absentee by Mail" votes="34">
                <Precinct name="BUTTS CO COMM CENTER" votes="9" />
                <Precinct name="JENKINSBURG" votes="4" />
                <Precinct name="STARK" votes="3" />
                <Precinct name="TOWALIGA" votes="14" />
                <Precinct name="WORTHVILLE" votes="4" />
            </VoteType>
            <VoteType name="Advance in Person" votes="1221">
                <Precinct name="BUTTS CO COMM CENTER" votes="347" />
                <Precinct name="JENKINSBURG" votes="208" />
                <Precinct name="STARK" votes="233" />
                <Precinct name="TOWALIGA" votes="285" />
                <Precinct name="WORTHVILLE" votes="148" />
            </VoteType>
            <VoteType name="Provisional" votes="0">
                <Precinct name="BUTTS CO COMM CENTER" votes="0" />
                <Precinct name="JENKINSBURG" votes="0" />
                <Precinct name="STARK" votes="0" />
                <Precinct name="TOWALIGA" votes="0" />
                <Precinct name="WORTHVILLE" votes="0" />
            </VoteType>
        </Choice>
    </Contest>
</ElectionResult>