"line number","contest name","choice name","party name","total votes","percent of votes","registered voters","ballots cast","num Precinct total","num Precinct rptg","over votes","under votes"
1,"President of the United States","DONALD J. TRUMP","",2064,60.62,4372,3432,3,3,"0","0"
2,"President of the United States","HILLARY CLINTON","",1296,38.06,4372,3432,3,3,"0","0"
3,"President of the United States","GARY JOHNSON","",45,1.32,4372,3432,3,3,"0","0"
4,"United States Senator, Isakson","JOHNNY ISAKSON (I)","",1974,62.75,4372,3432,3,3,"0","0"
5,"United States Senator, Isakson","JIM BARKSDALE","",1091,34.68,4372,3432,3,3,"0","0"
6,"United States Senator, Isakson","ALLEN BUCKLEY","",81,2.57,4372,3432,3,3,"0","0"
7,"Public Service Commission, District 2 - Eastern","TIM ECHOLS (I)","",2161,74.29,4372,3430,3,3,"0","0"
8,"Public Service Commission, District 2 - Eastern","ERIC HOSKINS","",748,25.71,4372,3430,3,3,"0","0"
9,"U.S. Representative, District 2","GREG DUKE","",1705,51.43,4372,3432,3,3,"0","0"
10,"U.S. Representative, District 2","SANFORD BISHOP (I)","",1610,48.57,4372,3432,3,3,"0","0"
11,"State Senator, District 15","ED HARBISON (I)","",2479,100.00,4372,3430,3,3,"0","0"
12,"State Representative, District 139","PATTY J. BENTLEY (I)","",2625,100.00,4372,3430,3,3,"0","0"
13,"District Attorney, Chattahoochee Circuit","JULIA  SLATER (I)","",2536,100.00,4372,3430,3,3,"0","0"
14,"JUDGE PROBATE","D. C. RENFROE (I) D","",2945,100.00,4372,3430,3,3,"0","0"
15,"CLERK SUPERIOR CT","R.E. TAUNTON JR (I)D","",2923,100.00,4372,3430,3,3,"0","0"
16,"SHERIFF","J. WATSON (I) R","",2878,100.00,4372,3430,3,3,"0","0"
17,"TAX COMMISSIONER","S. GRAHAM (I) D","",2929,100.00,4372,3430,3,3,"0","0"
18,"CORONER","G. LOWE (I) D","",2941,100.00,4372,3430,3,3,"0","0"
19,"CC D1","C. LATIMORE (I) D","",564,100.00,957,664,1,1,"0","0"
20,"CC D2","T. HARRIS (D)","",532,100.00,816,648,1,1,"0","0"
21,"CC D3","J. K. WELDON (I) R","",337,51.85,830,681,1,1,"0","0"
22,"CC D3","P. KENDRICK","",313,48.15,830,681,1,1,"0","0"
23,"CC D4","D. HUDGENS (R)","",304,42.70,879,741,1,1,"0","0"
24,"CC D4","W. R. PEACOCK (D)","",408,57.30,879,741,1,1,"0","0"
25,"CC D5","R. NELSON (I) D","",560,100.00,890,696,1,1,"0","0"
26,"BOE D1","G. LATIMORE (D)","",579,100.00,957,664,1,1,"0","0"
27,"BOE D2","M. N. BENTLEY (I) D","",551,100.00,816,648,1,1,"0","0"
28,"BOE D3","H. HOLMAN (R)","",272,40.90,830,681,1,1,"0","0"
29,"BOE D3","G. BROWN (D)","",393,59.10,830,681,1,1,"0","0"
30,"BOE D4","R. S. HARRIS (I) R","",394,53.61,879,741,1,1,"0","0"
31,"BOE D4","S. WESTBROOK (D)","",341,46.39,879,741,1,1,"0","0"
32,"BOE D5","J. W. PATTERSON (I)R","",394,58.81,890,696,1,1,"0","0"
33,"BOE D5","C. B. HANCOCK (D)","",276,41.19,890,696,1,1,"0","0"
34,"Constitutional Amendment #1<br>Provides greater flexibility and state accountability to fix failing schools through increasing community involvement.","YES","",1183,35.83,4372,3430,3,3,"0","0"
35,"Constitutional Amendment #1<br>Provides greater flexibility and state accountability to fix failing schools through increasing community involvement.","NO","",2119,64.17,4372,3430,3,3,"0","0"
36,"Constitutional Amendment #2<br>Authorizes penalties for sexual exploitation and assessments on adult entertainment to fund child victims' services.","YES","",2492,78.24,4372,3430,3,3,"0","0"
37,"Constitutional Amendment #2<br>Authorizes penalties for sexual exploitation and assessments on adult entertainment to fund child victims' services.","NO","",693,21.76,4372,3430,3,3,"0","0"
38,"Constitutional Amendment #3<br>Reforms and re-establishes the Judicial Qualifications Commission and provides for its composition, governance, and powers.","YES","",1822,59.45,4372,3430,3,3,"0","0"
39,"Constitutional Amendment #3<br>Reforms and re-establishes the Judicial Qualifications Commission and provides for its composition, governance, and powers.","NO","",1243,40.55,4372,3430,3,3,"0","0"
40,"Constitutional Amendment #4<br>Dedicates revenue from existing taxes on fireworks to trauma care, fire services, and public safety.","YES","",2498,78.65,4372,3430,3,3,"0","0"
41,"Constitutional Amendment #4<br>Dedicates revenue from existing taxes on fireworks to trauma care, fire services, and public safety.","NO","",678,21.35,4372,3430,3,3,"0","0"
