<?xml version="1.0"?>
<!--Election result snapshot imported from Tabulation System
-->
<ElectionResult>
    <Timestamp>11/14/2016 12:01:10 PM EST</Timestamp>
    <ElectionName>November 8, 2016 - General Election</ElectionName>
    <ElectionDate>11/8/2016</ElectionDate>
    <Region>Taylor</Region>
    <VoterTurnout totalVoters="4372" ballotsCast="3432" voterTurnout="78.50">
        <Precincts>
            <Precinct name="#1 BUTLER FIRE DEPT." totalVoters="957" ballotsCast="664" voterTurnout="69.38" percentReporting="4" />
            <Precinct name="#5 COURTHOUSE" totalVoters="1709" ballotsCast="1422" voterTurnout="83.21" percentReporting="4" />
            <Precinct name="#6 REYNOLDS" totalVoters="1706" ballotsCast="1346" voterTurnout="78.90" percentReporting="4" />
        </Precincts>
    </VoterTurnout>
    <Contest key="5" text="President of the United States" isQuestion="false" precinctsReporting="3" precinctsReported="3">
        <VoteType name="Number of Precincts for Race" votes="3">
            <Precinct name="#1 BUTLER FIRE DEPT." votes="1" />
            <Precinct name="#5 COURTHOUSE" votes="1" />
            <Precinct name="#6 REYNOLDS" votes="1" />
        </VoteType>
        <VoteType name="Number of Precincts Reporting" votes="3">
            <Precinct name="#1 BUTLER FIRE DEPT." votes="1" />
            <Precinct name="#5 COURTHOUSE" votes="1" />
            <Precinct name="#6 REYNOLDS" votes="1" />
        </VoteType>
        <Choice key="10" text="DONALD J. TRUMP" totalVotes="2064">
            <VoteType name="Election Day" votes="677">
                <Precinct name="#1 BUTLER FIRE DEPT." votes="23" />
                <Precinct name="#5 COURTHOUSE" votes="320" />
                <Precinct name="#6 REYNOLDS" votes="334" />
            </VoteType>
            <VoteType name="Absentee by Mail" votes="119">
                <Precinct name="#1 BUTLER FIRE DEPT." votes="7" />
                <Precinct name="#5 COURTHOUSE" votes="80" />
                <Precinct name="#6 REYNOLDS" votes="32" />
            </VoteType>
            <VoteType name="Advance in Person" votes="1268">
                <Precinct name="#1 BUTLER FIRE DEPT." votes="69" />
                <Precinct name="#5 COURTHOUSE" votes="786" />
                <Precinct name="#6 REYNOLDS" votes="413" />
            </VoteType>
            <VoteType name="Provisional" votes="0">
                <Precinct name="#1 BUTLER FIRE DEPT." votes="0" />
                <Precinct name="#5 COURTHOUSE" votes="0" />
                <Precinct name="#6 REYNOLDS" votes="0" />
            </VoteType>
        </Choice>
        <Choice key="20" text="HILLARY CLINTON" totalVotes="1296">
            <VoteType name="Election Day" votes="655">
                <Precinct name="#1 BUTLER FIRE DEPT." votes="292" />
                <Precinct name="#5 COURTHOUSE" votes="74" />
                <Precinct name="#6 REYNOLDS" votes="289" />
            </VoteType>
            <VoteType name="Absentee by Mail" votes="176">
                <Precinct name="#1 BUTLER FIRE DEPT." votes="44" />
                <Precinct name="#5 COURTHOUSE" votes="27" />
                <Precinct name="#6 REYNOLDS" votes="105" />
            </VoteType>
            <VoteType name="Advance in Person" votes="465">
                <Precinct name="#1 BUTLER FIRE DEPT." votes="213" />
                <Precinct name="#5 COURTHOUSE" votes="103" />
                <Precinct name="#6 REYNOLDS" votes="149" />
            </VoteType>
            <VoteType name="Provisional" votes="0">
                <Precinct name="#1 BUTLER FIRE DEPT." votes="0" />
                <Precinct name="#5 COURTHOUSE" votes="0" />
                <Precinct name="#6 REYNOLDS" votes="0" />
            </VoteType>
        </Choice>
        <Choice key="30" text="GARY JOHNSON" totalVotes="45">
            <VoteType name="Election Day" votes="18">
                <Precinct name="#1 BUTLER FIRE DEPT." votes="5" />
                <Precinct name="#5 COURTHOUSE" votes="5" />
                <Precinct name="#6 REYNOLDS" votes="8" />
            </VoteType>
            <VoteType name="Absentee by Mail" votes="4">
                <Precinct name="#1 BUTLER FIRE DEPT." votes="0" />
                <Precinct name="#5 COURTHOUSE" votes="2" />
                <Precinct name="#6 REYNOLDS" votes="2" />
            </VoteType>
            <VoteType name="Advance in Person" votes="23">
                <Precinct name="#1 BUTLER FIRE DEPT." votes="6" />
                <Precinct name="#5 COURTHOUSE" votes="12" />
                <Precinct name="#6 REYNOLDS" votes="5" />
            </VoteType>
            <VoteType name="Provisional" votes="0">
                <Precinct name="#1 BUTLER FIRE DEPT." votes="0" />
                <Precinct name="#5 COURTHOUSE" votes="0" />
                <Precinct name="#6 REYNOLDS" votes="0" />
            </VoteType>
        </Choice>
    </Contest>
    <Contest key="10" text="United States Senator, Isakson" isQuestion="false" precinctsReporting="3" precinctsReported="3">
        <VoteType name="Number of Precincts for Race" votes="3">
            <Precinct name="#1 BUTLER FIRE DEPT." votes="1" />
            <Precinct name="#5 COURTHOUSE" votes="1" />
            <Precinct name="#6 REYNOLDS" votes="1" />
        </VoteType>
        <VoteType name="Number of Precincts Reporting" votes="3">
            <Precinct name="#1 BUTLER FIRE DEPT." votes="1" />
            <Precinct name="#5 COURTHOUSE" votes="1" />
            <Precinct name="#6 REYNOLDS" votes="1" />
        </VoteType>
        <Choice key="10" text="JOHNNY ISAKSON (I)" totalVotes="1974">
            <VoteType name="Election Day" votes="665">
                <Precinct name="#1 BUTLER FIRE DEPT." votes="43" />
                <Precinct name="#5 COURTHOUSE" votes="296" />
                <Precinct name="#6 REYNOLDS" votes="326" />
            </VoteType>
            <VoteType name="Absentee by Mail" votes="112">
                <Precinct name="#1 BUTLER FIRE DEPT." votes="9" />
                <Precinct name="#5 COURTHOUSE" votes="73" />
                <Precinct name="#6 REYNOLDS" votes="30" />
            </VoteType>
            <VoteType name="Advance in Person" votes="1197">
                <Precinct name="#1 BUTLER FIRE DEPT." votes="77" />
                <Precinct name="#5 COURTHOUSE" votes="719" />
                <Precinct name="#6 REYNOLDS" votes="401" />
            </VoteType>
            <VoteType name="Provisional" votes="0">
                <Precinct name="#1 BUTLER FIRE DEPT." votes="0" />
                <Precinct name="#5 COURTHOUSE" votes="0" />
                <Precinct name="#6 REYNOLDS" votes="0" />
            </VoteType>
        </Choice>
        <Choice key="20" text="JIM BARKSDALE" totalVotes="1091">
            <VoteType name="Election Day" votes="543">
                <Precinct name="#1 BUTLER FIRE DEPT." votes="234" />
                <Precinct name="#5 COURTHOUSE" votes="68" />
                <Precinct name="#6 REYNOLDS" votes="241" />
            </VoteType>
            <VoteType name="Absentee by Mail" votes="172">
                <Precinct name="#1 BUTLER FIRE DEPT." votes="40" />
                <Precinct name="#5 COURTHOUSE" votes="33" />
                <Precinct name="#6 REYNOLDS" votes="99" />
            </VoteType>
            <VoteType name="Advance in Person" votes="376">
                <Precinct name="#1 BUTLER FIRE DEPT." votes="171" />
                <Precinct name="#5 COURTHOUSE" votes="91" />
                <Precinct name="#6 REYNOLDS" votes="114" />
            </VoteType>
            <VoteType name="Provisional" votes="0">
                <Precinct name="#1 BUTLER FIRE DEPT." votes="0" />
                <Precinct name="#5 COURTHOUSE" votes="0" />
                <Precinct name="#6 REYNOLDS" votes="0" />
            </VoteType>
        </Choice>
        <Choice key="30" text="ALLEN BUCKLEY" totalVotes="81">
            <VoteType name="Election Day" votes="36">
                <Precinct name="#1 BUTLER FIRE DEPT." votes="3" />
                <Precinct name="#5 COURTHOUSE" votes="16" />
                <Precinct name="#6 REYNOLDS" votes="17" />
            </VoteType>
            <VoteType name="Absentee by Mail" votes="7">
                <Precinct name="#1 BUTLER FIRE DEPT." votes="0" />
                <Precinct name="#5 COURTHOUSE" votes="3" />
                <Precinct name="#6 REYNOLDS" votes="4" />
            </VoteType>
            <VoteType name="Advance in Person" votes="38">
                <Precinct name="#1 BUTLER FIRE DEPT." votes="2" />
                <Precinct name="#5 COURTHOUSE" votes="23" />
                <Precinct name="#6 REYNOLDS" votes="13" />
            </VoteType>
            <VoteType name="Provisional" votes="0">
                <Precinct name="#1 BUTLER FIRE DEPT." votes="0" />
                <Precinct name="#5 COURTHOUSE" votes="0" />
                <Precinct name="#6 REYNOLDS" votes="0" />
            </VoteType>
        </Choice>
    </Contest>
    <Contest key="30" text="Public Service Commission, District 2 - Eastern" isQuestion="false" precinctsReporting="3" precinctsReported="3">
        <VoteType name="Number of Precincts for Race" votes="3">
            <Precinct name="#1 BUTLER FIRE DEPT." votes="1" />
            <Precinct name="#5 COURTHOUSE" votes="1" />
            <Precinct name="#6 REYNOLDS" votes="1" />
        </VoteType>
        <VoteType name="Number of Precincts Reporting" votes="3">
            <Precinct name="#1 BUTLER FIRE DEPT." votes="1" />
            <Precinct name="#5 COURTHOUSE" votes="1" />
            <Precinct name="#6 REYNOLDS" votes="1" />
        </VoteType>
        <Choice key="10" text="TIM ECHOLS (I)" totalVotes="2161">
            <VoteType name="Election Day" votes="746">
                <Precinct name="#1 BUTLER FIRE DEPT." votes="74" />
                <Precinct name="#5 COURTHOUSE" votes="301" />
                <Precinct name="#6 REYNOLDS" votes="371" />
            </VoteType>
            <VoteType name="Absentee by Mail" votes="139">
                <Precinct name="#1 BUTLER FIRE DEPT." votes="19" />
                <Precinct name="#5 COURTHOUSE" votes="75" />
                <Precinct name="#6 REYNOLDS" votes="45" />
            </VoteType>
            <VoteType name="Advance in Person" votes="1276">
                <Precinct name="#1 BUTLER FIRE DEPT." votes="104" />
                <Precinct name="#5 COURTHOUSE" votes="743" />
                <Precinct name="#6 REYNOLDS" votes="429" />
            </VoteType>
            <VoteType name="Provisional" votes="0">
                <Precinct name="#1 BUTLER FIRE DEPT." votes="0" />
                <Precinct name="#5 COURTHOUSE" votes="0" />
                <Precinct name="#6 REYNOLDS" votes="0" />
            </VoteType>
        </Choice>
        <Choice key="20" text="ERIC HOSKINS" totalVotes="748">
            <VoteType name="Election Day" votes="379">
                <Precinct name="#1 BUTLER FIRE DEPT." votes="154" />
                <Precinct name="#5 COURTHOUSE" votes="62" />
                <Precinct name="#6 REYNOLDS" votes="163" />
            </VoteType>
            <VoteType name="Absentee by Mail" votes="81">
                <Precinct name="#1 BUTLER FIRE DEPT." votes="26" />
                <Precinct name="#5 COURTHOUSE" votes="20" />
                <Precinct name="#6 REYNOLDS" votes="35" />
            </VoteType>
            <VoteType name="Advance in Person" votes="288">
                <Precinct name="#1 BUTLER FIRE DEPT." votes="120" />
                <Precinct name="#5 COURTHOUSE" votes="87" />
                <Precinct name="#6 REYNOLDS" votes="81" />
            </VoteType>
            <VoteType name="Provisional" votes="0">
                <Precinct name="#1 BUTLER FIRE DEPT." votes="0" />
                <Precinct name="#5 COURTHOUSE" votes="0" />
                <Precinct name="#6 REYNOLDS" votes="0" />
            </VoteType>
        </Choice>
    </Contest>
    <Contest key="50" text="U.S. Representative, District 2" isQuestion="false" precinctsReporting="3" precinctsReported="3">
        <VoteType name="Number of Precincts for Race" votes="3">
            <Precinct name="#1 BUTLER FIRE DEPT." votes="1" />
            <Precinct name="#5 COURTHOUSE" votes="1" />
            <Precinct name="#6 REYNOLDS" votes="1" />
        </VoteType>
        <VoteType name="Number of Precincts Reporting" votes="3">
            <Precinct name="#1 BUTLER FIRE DEPT." votes="1" />
            <Precinct name="#5 COURTHOUSE" votes="1" />
            <Precinct name="#6 REYNOLDS" votes="1" />
        </VoteType>
        <Choice key="10" text="GREG DUKE" totalVotes="1705">
            <VoteType name="Election Day" votes="562">
                <Precinct name="#1 BUTLER FIRE DEPT." votes="24" />
                <Precinct name="#5 COURTHOUSE" votes="247" />
                <Precinct name="#6 REYNOLDS" votes="291" />
            </VoteType>
            <VoteType name="Absentee by Mail" votes="92">
                <Precinct name="#1 BUTLER FIRE DEPT." votes="7" />
                <Precinct name="#5 COURTHOUSE" votes="58" />
                <Precinct name="#6 REYNOLDS" votes="27" />
            </VoteType>
            <VoteType name="Advance in Person" votes="1051">
                <Precinct name="#1 BUTLER FIRE DEPT." votes="58" />
                <Precinct name="#5 COURTHOUSE" votes="649" />
                <Precinct name="#6 REYNOLDS" votes="344" />
            </VoteType>
            <VoteType name="Provisional" votes="0">
                <Precinct name="#1 BUTLER FIRE DEPT." votes="0" />
                <Precinct name="#5 COURTHOUSE" votes="0" />
                <Precinct name="#6 REYNOLDS" votes="0" />
            </VoteType>
        </Choice>
        <Choice key="20" text="SANFORD BISHOP (I)" totalVotes="1610">
            <VoteType name="Election Day" votes="752">
                <Precinct name="#1 BUTLER FIRE DEPT." votes="285" />
                <Precinct name="#5 COURTHOUSE" votes="140" />
                <Precinct name="#6 REYNOLDS" votes="327" />
            </VoteType>
            <VoteType name="Absentee by Mail" votes="194">
                <Precinct name="#1 BUTLER FIRE DEPT." votes="43" />
                <Precinct name="#5 COURTHOUSE" votes="45" />
                <Precinct name="#6 REYNOLDS" votes="106" />
            </VoteType>
            <VoteType name="Advance in Person" votes="664">
                <Precinct name="#1 BUTLER FIRE DEPT." votes="224" />
                <Precinct name="#5 COURTHOUSE" votes="230" />
                <Precinct name="#6 REYNOLDS" votes="210" />
            </VoteType>
            <VoteType name="Provisional" votes="0">
                <Precinct name="#1 BUTLER FIRE DEPT." votes="0" />
                <Precinct name="#5 COURTHOUSE" votes="0" />
                <Precinct name="#6 REYNOLDS" votes="0" />
            </VoteType>
        </Choice>
    </Contest>
    <Contest key="80" text="State Senator, District 15" isQuestion="false" precinctsReporting="3" precinctsReported="3">
        <VoteType name="Number of Precincts for Race" votes="3">
            <Precinct name="#1 BUTLER FIRE DEPT." votes="1" />
            <Precinct name="#5 COURTHOUSE" votes="1" />
            <Precinct name="#6 REYNOLDS" votes="1" />
        </VoteType>
        <VoteType name="Number of Precincts Reporting" votes="3">
            <Precinct name="#1 BUTLER FIRE DEPT." votes="1" />
            <Precinct name="#5 COURTHOUSE" votes="1" />
            <Precinct name="#6 REYNOLDS" votes="1" />
        </VoteType>
        <Choice key="10" text="ED HARBISON (I)" totalVotes="2479">
            <VoteType name="Election Day" votes="1024">
                <Precinct name="#1 BUTLER FIRE DEPT." votes="261" />
                <Precinct name="#5 COURTHOUSE" votes="275" />
                <Precinct name="#6 REYNOLDS" votes="488" />
            </VoteType>
            <VoteType name="Absentee by Mail" votes="209">
                <Precinct name="#1 BUTLER FIRE DEPT." votes="35" />
                <Precinct name="#5 COURTHOUSE" votes="67" />
                <Precinct name="#6 REYNOLDS" votes="107" />
            </VoteType>
            <VoteType name="Advance in Person" votes="1246">
                <Precinct name="#1 BUTLER FIRE DEPT." votes="230" />
                <Precinct name="#5 COURTHOUSE" votes="606" />
                <Precinct name="#6 REYNOLDS" votes="410" />
            </VoteType>
            <VoteType name="Provisional" votes="0">
                <Precinct name="#1 BUTLER FIRE DEPT." votes="0" />
                <Precinct name="#5 COURTHOUSE" votes="0" />
                <Precinct name="#6 REYNOLDS" votes="0" />
            </VoteType>
        </Choice>
    </Contest>
    <Contest key="100" text="State Representative, District 139" isQuestion="false" precinctsReporting="3" precinctsReported="3">
        <VoteType name="Number of Precincts for Race" votes="3">
            <Precinct name="#1 BUTLER FIRE DEPT." votes="1" />
            <Precinct name="#5 COURTHOUSE" votes="1" />
            <Precinct name="#6 REYNOLDS" votes="1" />
        </VoteType>
        <VoteType name="Number of Precincts Reporting" votes="3">
            <Precinct name="#1 BUTLER FIRE DEPT." votes="1" />
            <Precinct name="#5 COURTHOUSE" votes="1" />
            <Precinct name="#6 REYNOLDS" votes="1" />
        </VoteType>
        <Choice key="10" text="PATTY J. BENTLEY (I)" totalVotes="2625">
            <VoteType name="Election Day" votes="1089">
                <Precinct name="#1 BUTLER FIRE DEPT." votes="296" />
                <Precinct name="#5 COURTHOUSE" votes="294" />
                <Precinct name="#6 REYNOLDS" votes="499" />
            </VoteType>
            <VoteType name="Absentee by Mail" votes="228">
                <Precinct name="#1 BUTLER FIRE DEPT." votes="35" />
                <Precinct name="#5 COURTHOUSE" votes="74" />
                <Precinct name="#6 REYNOLDS" votes="119" />
            </VoteType>
            <VoteType name="Advance in Person" votes="1308">
                <Precinct name="#1 BUTLER FIRE DEPT." votes="253" />
                <Precinct name="#5 COURTHOUSE" votes="629" />
                <Precinct name="#6 REYNOLDS" votes="426" />
            </VoteType>
            <VoteType name="Provisional" votes="0">
                <Precinct name="#1 BUTLER FIRE DEPT." votes="0" />
                <Precinct name="#5 COURTHOUSE" votes="0" />
                <Precinct name="#6 REYNOLDS" votes="0" />
            </VoteType>
        </Choice>
    </Contest>
    <Contest key="110" text="District Attorney, Chattahoochee Circuit" isQuestion="false" precinctsReporting="3" precinctsReported="3">
        <VoteType name="Number of Precincts for Race" votes="3">
            <Precinct name="#1 BUTLER FIRE DEPT." votes="1" />
            <Precinct name="#5 COURTHOUSE" votes="1" />
            <Precinct name="#6 REYNOLDS" votes="1" />
        </VoteType>
        <VoteType name="Number of Precincts Reporting" votes="3">
            <Precinct name="#1 BUTLER FIRE DEPT." votes="1" />
            <Precinct name="#5 COURTHOUSE" votes="1" />
            <Precinct name="#6 REYNOLDS" votes="1" />
        </VoteType>
        <Choice key="10" text="JULIA  SLATER (I)" totalVotes="2536">
            <VoteType name="Election Day" votes="1047">
                <Precinct name="#1 BUTLER FIRE DEPT." votes="270" />
                <Precinct name="#5 COURTHOUSE" votes="286" />
                <Precinct name="#6 REYNOLDS" votes="491" />
            </VoteType>
            <VoteType name="Absentee by Mail" votes="214">
                <Precinct name="#1 BUTLER FIRE DEPT." votes="35" />
                <Precinct name="#5 COURTHOUSE" votes="69" />
                <Precinct name="#6 REYNOLDS" votes="110" />
            </VoteType>
            <VoteType name="Advance in Person" votes="1275">
                <Precinct name="#1 BUTLER FIRE DEPT." votes="242" />
                <Precinct name="#5 COURTHOUSE" votes="619" />
                <Precinct name="#6 REYNOLDS" votes="414" />
            </VoteType>
            <VoteType name="Provisional" votes="0">
                <Precinct name="#1 BUTLER FIRE DEPT." votes="0" />
                <Precinct name="#5 COURTHOUSE" votes="0" />
                <Precinct name="#6 REYNOLDS" votes="0" />
            </VoteType>
        </Choice>
    </Contest>
    <Contest key="140" text="JUDGE PROBATE" isQuestion="false" precinctsReporting="3" precinctsReported="3">
        <VoteType name="Number of Precincts for Race" votes="3">
            <Precinct name="#1 BUTLER FIRE DEPT." votes="1" />
            <Precinct name="#5 COURTHOUSE" votes="1" />
            <Precinct name="#6 REYNOLDS" votes="1" />
        </VoteType>
        <VoteType name="Number of Precincts Reporting" votes="3">
            <Precinct name="#1 BUTLER FIRE DEPT." votes="1" />
            <Precinct name="#5 COURTHOUSE" votes="1" />
            <Precinct name="#6 REYNOLDS" votes="1" />
        </VoteType>
        <Choice key="10" text="D. C. RENFROE (I) D" totalVotes="2945">
            <VoteType name="Election Day" votes="1173">
                <Precinct name="#1 BUTLER FIRE DEPT." votes="295" />
                <Precinct name="#5 COURTHOUSE" votes="338" />
                <Precinct name="#6 REYNOLDS" votes="540" />
            </VoteType>
            <VoteType name="Absentee by Mail" votes="239">
                <Precinct name="#1 BUTLER FIRE DEPT." votes="36" />
                <Precinct name="#5 COURTHOUSE" votes="85" />
                <Precinct name="#6 REYNOLDS" votes="118" />
            </VoteType>
            <VoteType name="Advance in Person" votes="1533">
                <Precinct name="#1 BUTLER FIRE DEPT." votes="263" />
                <Precinct name="#5 COURTHOUSE" votes="773" />
                <Precinct name="#6 REYNOLDS" votes="497" />
            </VoteType>
            <VoteType name="Provisional" votes="0">
                <Precinct name="#1 BUTLER FIRE DEPT." votes="0" />
                <Precinct name="#5 COURTHOUSE" votes="0" />
                <Precinct name="#6 REYNOLDS" votes="0" />
            </VoteType>
        </Choice>
    </Contest>
    <Contest key="160" text="CLERK SUPERIOR CT" isQuestion="false" precinctsReporting="3" precinctsReported="3">
        <VoteType name="Number of Precincts for Race" votes="3">
            <Precinct name="#1 BUTLER FIRE DEPT." votes="1" />
            <Precinct name="#5 COURTHOUSE" votes="1" />
            <Precinct name="#6 REYNOLDS" votes="1" />
        </VoteType>
        <VoteType name="Number of Precincts Reporting" votes="3">
            <Precinct name="#1 BUTLER FIRE DEPT." votes="1" />
            <Precinct name="#5 COURTHOUSE" votes="1" />
            <Precinct name="#6 REYNOLDS" votes="1" />
        </VoteType>
        <Choice key="10" text="R.E. TAUNTON JR (I)D" totalVotes="2923">
            <VoteType name="Election Day" votes="1178">
                <Precinct name="#1 BUTLER FIRE DEPT." votes="292" />
                <Precinct name="#5 COURTHOUSE" votes="337" />
                <Precinct name="#6 REYNOLDS" votes="549" />
            </VoteType>
            <VoteType name="Absentee by Mail" votes="236">
                <Precinct name="#1 BUTLER FIRE DEPT." votes="35" />
                <Precinct name="#5 COURTHOUSE" votes="86" />
                <Precinct name="#6 REYNOLDS" votes="115" />
            </VoteType>
            <VoteType name="Advance in Person" votes="1509">
                <Precinct name="#1 BUTLER FIRE DEPT." votes="265" />
                <Precinct name="#5 COURTHOUSE" votes="753" />
                <Precinct name="#6 REYNOLDS" votes="491" />
            </VoteType>
            <VoteType name="Provisional" votes="0">
                <Precinct name="#1 BUTLER FIRE DEPT." votes="0" />
                <Precinct name="#5 COURTHOUSE" votes="0" />
                <Precinct name="#6 REYNOLDS" votes="0" />
            </VoteType>
        </Choice>
    </Contest>
    <Contest key="170" text="SHERIFF" isQuestion="false" precinctsReporting="3" precinctsReported="3">
        <VoteType name="Number of Precincts for Race" votes="3">
            <Precinct name="#1 BUTLER FIRE DEPT." votes="1" />
            <Precinct name="#5 COURTHOUSE" votes="1" />
            <Precinct name="#6 REYNOLDS" votes="1" />
        </VoteType>
        <VoteType name="Number of Precincts Reporting" votes="3">
            <Precinct name="#1 BUTLER FIRE DEPT." votes="1" />
            <Precinct name="#5 COURTHOUSE" votes="1" />
            <Precinct name="#6 REYNOLDS" votes="1" />
        </VoteType>
        <Choice key="10" text="J. WATSON (I) R" totalVotes="2878">
            <VoteType name="Election Day" votes="1116">
                <Precinct name="#1 BUTLER FIRE DEPT." votes="230" />
                <Precinct name="#5 COURTHOUSE" votes="351" />
                <Precinct name="#6 REYNOLDS" votes="535" />
            </VoteType>
            <VoteType name="Absentee by Mail" votes="210">
                <Precinct name="#1 BUTLER FIRE DEPT." votes="27" />
                <Precinct name="#5 COURTHOUSE" votes="86" />
                <Precinct name="#6 REYNOLDS" votes="97" />
            </VoteType>
            <VoteType name="Advance in Person" votes="1552">
                <Precinct name="#1 BUTLER FIRE DEPT." votes="224" />
                <Precinct name="#5 COURTHOUSE" votes="813" />
                <Precinct name="#6 REYNOLDS" votes="515" />
            </VoteType>
            <VoteType name="Provisional" votes="0">
                <Precinct name="#1 BUTLER FIRE DEPT." votes="0" />
                <Precinct name="#5 COURTHOUSE" votes="0" />
                <Precinct name="#6 REYNOLDS" votes="0" />
            </VoteType>
        </Choice>
    </Contest>
    <Contest key="200" text="TAX COMMISSIONER" isQuestion="false" precinctsReporting="3" precinctsReported="3">
        <VoteType name="Number of Precincts for Race" votes="3">
            <Precinct name="#1 BUTLER FIRE DEPT." votes="1" />
            <Precinct name="#5 COURTHOUSE" votes="1" />
            <Precinct name="#6 REYNOLDS" votes="1" />
        </VoteType>
        <VoteType name="Number of Precincts Reporting" votes="3">
            <Precinct name="#1 BUTLER FIRE DEPT." votes="1" />
            <Precinct name="#5 COURTHOUSE" votes="1" />
            <Precinct name="#6 REYNOLDS" votes="1" />
        </VoteType>
        <Choice key="10" text="S. GRAHAM (I) D" totalVotes="2929">
            <VoteType name="Election Day" votes="1163">
                <Precinct name="#1 BUTLER FIRE DEPT." votes="287" />
                <Precinct name="#5 COURTHOUSE" votes="335" />
                <Precinct name="#6 REYNOLDS" votes="541" />
            </VoteType>
            <VoteType name="Absentee by Mail" votes="240">
                <Precinct name="#1 BUTLER FIRE DEPT." votes="37" />
                <Precinct name="#5 COURTHOUSE" votes="86" />
                <Precinct name="#6 REYNOLDS" votes="117" />
            </VoteType>
            <VoteType name="Advance in Person" votes="1526">
                <Precinct name="#1 BUTLER FIRE DEPT." votes="263" />
                <Precinct name="#5 COURTHOUSE" votes="768" />
                <Precinct name="#6 REYNOLDS" votes="495" />
            </VoteType>
            <VoteType name="Provisional" votes="0">
                <Precinct name="#1 BUTLER FIRE DEPT." votes="0" />
                <Precinct name="#5 COURTHOUSE" votes="0" />
                <Precinct name="#6 REYNOLDS" votes="0" />
            </VoteType>
        </Choice>
    </Contest>
    <Contest key="220" text="CORONER" isQuestion="false" precinctsReporting="3" precinctsReported="3">
        <VoteType name="Number of Precincts for Race" votes="3">
            <Precinct name="#1 BUTLER FIRE DEPT." votes="1" />
            <Precinct name="#5 COURTHOUSE" votes="1" />
            <Precinct name="#6 REYNOLDS" votes="1" />
        </VoteType>
        <VoteType name="Number of Precincts Reporting" votes="3">
            <Precinct name="#1 BUTLER FIRE DEPT." votes="1" />
            <Precinct name="#5 COURTHOUSE" votes="1" />
            <Precinct name="#6 REYNOLDS" votes="1" />
        </VoteType>
        <Choice key="10" text="G. LOWE (I) D" totalVotes="2941">
            <VoteType name="Election Day" votes="1176">
                <Precinct name="#1 BUTLER FIRE DEPT." votes="280" />
                <Precinct name="#5 COURTHOUSE" votes="340" />
                <Precinct name="#6 REYNOLDS" votes="556" />
            </VoteType>
            <VoteType name="Absentee by Mail" votes="241">
                <Precinct name="#1 BUTLER FIRE DEPT." votes="37" />
                <Precinct name="#5 COURTHOUSE" votes="85" />
                <Precinct name="#6 REYNOLDS" votes="119" />
            </VoteType>
            <VoteType name="Advance in Person" votes="1524">
                <Precinct name="#1 BUTLER FIRE DEPT." votes="260" />
                <Precinct name="#5 COURTHOUSE" votes="759" />
                <Precinct name="#6 REYNOLDS" votes="505" />
            </VoteType>
            <VoteType name="Provisional" votes="0">
                <Precinct name="#1 BUTLER FIRE DEPT." votes="0" />
                <Precinct name="#5 COURTHOUSE" votes="0" />
                <Precinct name="#6 REYNOLDS" votes="0" />
            </VoteType>
        </Choice>
    </Contest>
    <Contest key="240" text="CC D1" isQuestion="false" precinctsReporting="1" precinctsReported="1">
        <VoteType name="Number of Precincts for Race" votes="1">
            <Precinct name="#1 BUTLER FIRE DEPT." votes="1" />
        </VoteType>
        <VoteType name="Number of Precincts Reporting" votes="1">
            <Precinct name="#1 BUTLER FIRE DEPT." votes="1" />
        </VoteType>
        <Choice key="10" text="C. LATIMORE (I) D" totalVotes="564">
            <VoteType name="Election Day" votes="272">
                <Precinct name="#1 BUTLER FIRE DEPT." votes="272" />
            </VoteType>
            <VoteType name="Absentee by Mail" votes="43">
                <Precinct name="#1 BUTLER FIRE DEPT." votes="43" />
            </VoteType>
            <VoteType name="Advance in Person" votes="249">
                <Precinct name="#1 BUTLER FIRE DEPT." votes="249" />
            </VoteType>
            <VoteType name="Provisional" votes="0">
                <Precinct name="#1 BUTLER FIRE DEPT." votes="0" />
            </VoteType>
        </Choice>
    </Contest>
    <Contest key="260" text="CC D2" isQuestion="false" precinctsReporting="1" precinctsReported="1">
        <VoteType name="Number of Precincts for Race" votes="1">
            <Precinct name="#6 REYNOLDS" votes="1" />
        </VoteType>
        <VoteType name="Number of Precincts Reporting" votes="1">
            <Precinct name="#6 REYNOLDS" votes="1" />
        </VoteType>
        <Choice key="10" text="T. HARRIS (D)" totalVotes="532">
            <VoteType name="Election Day" votes="267">
                <Precinct name="#6 REYNOLDS" votes="267" />
            </VoteType>
            <VoteType name="Absentee by Mail" votes="76">
                <Precinct name="#6 REYNOLDS" votes="76" />
            </VoteType>
            <VoteType name="Advance in Person" votes="189">
                <Precinct name="#6 REYNOLDS" votes="189" />
            </VoteType>
            <VoteType name="Provisional" votes="0">
                <Precinct name="#6 REYNOLDS" votes="0" />
            </VoteType>
        </Choice>
    </Contest>
    <Contest key="270" text="CC D3" isQuestion="false" precinctsReporting="1" precinctsReported="1">
        <VoteType name="Number of Precincts for Race" votes="1">
            <Precinct name="#5 COURTHOUSE" votes="1" />
        </VoteType>
        <VoteType name="Number of Precincts Reporting" votes="1">
            <Precinct name="#5 COURTHOUSE" votes="1" />
        </VoteType>
        <Choice key="10" text="J. K. WELDON (I) R" totalVotes="337">
            <VoteType name="Election Day" votes="79">
                <Precinct name="#5 COURTHOUSE" votes="79" />
            </VoteType>
            <VoteType name="Absentee by Mail" votes="39">
                <Precinct name="#5 COURTHOUSE" votes="39" />
            </VoteType>
            <VoteType name="Advance in Person" votes="219">
                <Precinct name="#5 COURTHOUSE" votes="219" />
            </VoteType>
            <VoteType name="Provisional" votes="0">
                <Precinct name="#5 COURTHOUSE" votes="0" />
            </VoteType>
        </Choice>
        <Choice key="20" text="P. KENDRICK" totalVotes="313">
            <VoteType name="Election Day" votes="97">
                <Precinct name="#5 COURTHOUSE" votes="97" />
            </VoteType>
            <VoteType name="Absentee by Mail" votes="19">
                <Precinct name="#5 COURTHOUSE" votes="19" />
            </VoteType>
            <VoteType name="Advance in Person" votes="197">
                <Precinct name="#5 COURTHOUSE" votes="197" />
            </VoteType>
            <VoteType name="Provisional" votes="0">
                <Precinct name="#5 COURTHOUSE" votes="0" />
            </VoteType>
        </Choice>
    </Contest>
    <Contest key="290" text="CC D4" isQuestion="false" precinctsReporting="1" precinctsReported="1">
        <VoteType name="Number of Precincts for Race" votes="1">
            <Precinct name="#5 COURTHOUSE" votes="1" />
        </VoteType>
        <VoteType name="Number of Precincts Reporting" votes="1">
            <Precinct name="#5 COURTHOUSE" votes="1" />
        </VoteType>
        <Choice key="10" text="D. HUDGENS (R)" totalVotes="304">
            <VoteType name="Election Day" votes="99">
                <Precinct name="#5 COURTHOUSE" votes="99" />
            </VoteType>
            <VoteType name="Absentee by Mail" votes="15">
                <Precinct name="#5 COURTHOUSE" votes="15" />
            </VoteType>
            <VoteType name="Advance in Person" votes="190">
                <Precinct name="#5 COURTHOUSE" votes="190" />
            </VoteType>
            <VoteType name="Provisional" votes="0">
                <Precinct name="#5 COURTHOUSE" votes="0" />
            </VoteType>
        </Choice>
        <Choice key="20" text="W. R. PEACOCK (D)" totalVotes="408">
            <VoteType name="Election Day" votes="109">
                <Precinct name="#5 COURTHOUSE" votes="109" />
            </VoteType>
            <VoteType name="Absentee by Mail" votes="33">
                <Precinct name="#5 COURTHOUSE" votes="33" />
            </VoteType>
            <VoteType name="Advance in Person" votes="266">
                <Precinct name="#5 COURTHOUSE" votes="266" />
            </VoteType>
            <VoteType name="Provisional" votes="0">
                <Precinct name="#5 COURTHOUSE" votes="0" />
            </VoteType>
        </Choice>
    </Contest>
    <Contest key="320" text="CC D5" isQuestion="false" precinctsReporting="1" precinctsReported="1">
        <VoteType name="Number of Precincts for Race" votes="1">
            <Precinct name="#6 REYNOLDS" votes="1" />
        </VoteType>
        <VoteType name="Number of Precincts Reporting" votes="1">
            <Precinct name="#6 REYNOLDS" votes="1" />
        </VoteType>
        <Choice key="10" text="R. NELSON (I) D" totalVotes="560">
            <VoteType name="Election Day" votes="259">
                <Precinct name="#6 REYNOLDS" votes="259" />
            </VoteType>
            <VoteType name="Absentee by Mail" votes="41">
                <Precinct name="#6 REYNOLDS" votes="41" />
            </VoteType>
            <VoteType name="Advance in Person" votes="260">
                <Precinct name="#6 REYNOLDS" votes="260" />
            </VoteType>
            <VoteType name="Provisional" votes="0">
                <Precinct name="#6 REYNOLDS" votes="0" />
            </VoteType>
        </Choice>
    </Contest>
    <Contest key="340" text="BOE D1" isQuestion="false" precinctsReporting="1" precinctsReported="1">
        <VoteType name="Number of Precincts for Race" votes="1">
            <Precinct name="#1 BUTLER FIRE DEPT." votes="1" />
        </VoteType>
        <VoteType name="Number of Precincts Reporting" votes="1">
            <Precinct name="#1 BUTLER FIRE DEPT." votes="1" />
        </VoteType>
        <Choice key="10" text="G. LATIMORE (D)" totalVotes="579">
            <VoteType name="Election Day" votes="282">
                <Precinct name="#1 BUTLER FIRE DEPT." votes="282" />
            </VoteType>
            <VoteType name="Absentee by Mail" votes="41">
                <Precinct name="#1 BUTLER FIRE DEPT." votes="41" />
            </VoteType>
            <VoteType name="Advance in Person" votes="256">
                <Precinct name="#1 BUTLER FIRE DEPT." votes="256" />
            </VoteType>
            <VoteType name="Provisional" votes="0">
                <Precinct name="#1 BUTLER FIRE DEPT." votes="0" />
            </VoteType>
        </Choice>
    </Contest>
    <Contest key="360" text="BOE D2" isQuestion="false" precinctsReporting="1" precinctsReported="1">
        <VoteType name="Number of Precincts for Race" votes="1">
            <Precinct name="#6 REYNOLDS" votes="1" />
        </VoteType>
        <VoteType name="Number of Precincts Reporting" votes="1">
            <Precinct name="#6 REYNOLDS" votes="1" />
        </VoteType>
        <Choice key="10" text="M. N. BENTLEY (I) D" totalVotes="551">
            <VoteType name="Election Day" votes="279">
                <Precinct name="#6 REYNOLDS" votes="279" />
            </VoteType>
            <VoteType name="Absentee by Mail" votes="74">
                <Precinct name="#6 REYNOLDS" votes="74" />
            </VoteType>
            <VoteType name="Advance in Person" votes="198">
                <Precinct name="#6 REYNOLDS" votes="198" />
            </VoteType>
            <VoteType name="Provisional" votes="0">
                <Precinct name="#6 REYNOLDS" votes="0" />
            </VoteType>
        </Choice>
    </Contest>
    <Contest key="370" text="BOE D3" isQuestion="false" precinctsReporting="1" precinctsReported="1">
        <VoteType name="Number of Precincts for Race" votes="1">
            <Precinct name="#5 COURTHOUSE" votes="1" />
        </VoteType>
        <VoteType name="Number of Precincts Reporting" votes="1">
            <Precinct name="#5 COURTHOUSE" votes="1" />
        </VoteType>
        <Choice key="10" text="H. HOLMAN (R)" totalVotes="272">
            <VoteType name="Election Day" votes="70">
                <Precinct name="#5 COURTHOUSE" votes="70" />
            </VoteType>
            <VoteType name="Absentee by Mail" votes="35">
                <Precinct name="#5 COURTHOUSE" votes="35" />
            </VoteType>
            <VoteType name="Advance in Person" votes="167">
                <Precinct name="#5 COURTHOUSE" votes="167" />
            </VoteType>
            <VoteType name="Provisional" votes="0">
                <Precinct name="#5 COURTHOUSE" votes="0" />
            </VoteType>
        </Choice>
        <Choice key="20" text="G. BROWN (D)" totalVotes="393">
            <VoteType name="Election Day" votes="111">
                <Precinct name="#5 COURTHOUSE" votes="111" />
            </VoteType>
            <VoteType name="Absentee by Mail" votes="24">
                <Precinct name="#5 COURTHOUSE" votes="24" />
            </VoteType>
            <VoteType name="Advance in Person" votes="258">
                <Precinct name="#5 COURTHOUSE" votes="258" />
            </VoteType>
            <VoteType name="Provisional" votes="0">
                <Precinct name="#5 COURTHOUSE" votes="0" />
            </VoteType>
        </Choice>
    </Contest>
    <Contest key="390" text="BOE D4" isQuestion="false" precinctsReporting="1" precinctsReported="1">
        <VoteType name="Number of Precincts for Race" votes="1">
            <Precinct name="#5 COURTHOUSE" votes="1" />
        </VoteType>
        <VoteType name="Number of Precincts Reporting" votes="1">
            <Precinct name="#5 COURTHOUSE" votes="1" />
        </VoteType>
        <Choice key="10" text="R. S. HARRIS (I) R" totalVotes="394">
            <VoteType name="Election Day" votes="93">
                <Precinct name="#5 COURTHOUSE" votes="93" />
            </VoteType>
            <VoteType name="Absentee by Mail" votes="28">
                <Precinct name="#5 COURTHOUSE" votes="28" />
            </VoteType>
            <VoteType name="Advance in Person" votes="273">
                <Precinct name="#5 COURTHOUSE" votes="273" />
            </VoteType>
            <VoteType name="Provisional" votes="0">
                <Precinct name="#5 COURTHOUSE" votes="0" />
            </VoteType>
        </Choice>
        <Choice key="20" text="S. WESTBROOK (D)" totalVotes="341">
            <VoteType name="Election Day" votes="120">
                <Precinct name="#5 COURTHOUSE" votes="120" />
            </VoteType>
            <VoteType name="Absentee by Mail" votes="23">
                <Precinct name="#5 COURTHOUSE" votes="23" />
            </VoteType>
            <VoteType name="Advance in Person" votes="198">
                <Precinct name="#5 COURTHOUSE" votes="198" />
            </VoteType>
            <VoteType name="Provisional" votes="0">
                <Precinct name="#5 COURTHOUSE" votes="0" />
            </VoteType>
        </Choice>
    </Contest>
    <Contest key="410" text="BOE D5" isQuestion="false" precinctsReporting="1" precinctsReported="1">
        <VoteType name="Number of Precincts for Race" votes="1">
            <Precinct name="#6 REYNOLDS" votes="1" />
        </VoteType>
        <VoteType name="Number of Precincts Reporting" votes="1">
            <Precinct name="#6 REYNOLDS" votes="1" />
        </VoteType>
        <Choice key="10" text="J. W. PATTERSON (I)R" totalVotes="394">
            <VoteType name="Election Day" votes="178">
                <Precinct name="#6 REYNOLDS" votes="178" />
            </VoteType>
            <VoteType name="Absentee by Mail" votes="39">
                <Precinct name="#6 REYNOLDS" votes="39" />
            </VoteType>
            <VoteType name="Advance in Person" votes="177">
                <Precinct name="#6 REYNOLDS" votes="177" />
            </VoteType>
            <VoteType name="Provisional" votes="0">
                <Precinct name="#6 REYNOLDS" votes="0" />
            </VoteType>
        </Choice>
        <Choice key="20" text="C. B. HANCOCK (D)" totalVotes="276">
            <VoteType name="Election Day" votes="132">
                <Precinct name="#6 REYNOLDS" votes="132" />
            </VoteType>
            <VoteType name="Absentee by Mail" votes="12">
                <Precinct name="#6 REYNOLDS" votes="12" />
            </VoteType>
            <VoteType name="Advance in Person" votes="132">
                <Precinct name="#6 REYNOLDS" votes="132" />
            </VoteType>
            <VoteType name="Provisional" votes="0">
                <Precinct name="#6 REYNOLDS" votes="0" />
            </VoteType>
        </Choice>
    </Contest>
    <Contest key="420" text="Constitutional Amendment #1&lt;br&gt;Provides greater flexibility and state accountability to fix failing schools through increasing community involvement." isQuestion="false" precinctsReporting="3" precinctsReported="3">
        <VoteType name="Number of Precincts for Race" votes="3">
            <Precinct name="#1 BUTLER FIRE DEPT." votes="1" />
            <Precinct name="#5 COURTHOUSE" votes="1" />
            <Precinct name="#6 REYNOLDS" votes="1" />
        </VoteType>
        <VoteType name="Number of Precincts Reporting" votes="3">
            <Precinct name="#1 BUTLER FIRE DEPT." votes="1" />
            <Precinct name="#5 COURTHOUSE" votes="1" />
            <Precinct name="#6 REYNOLDS" votes="1" />
        </VoteType>
        <Choice key="10" text="YES" totalVotes="1183">
            <VoteType name="Election Day" votes="519">
                <Precinct name="#1 BUTLER FIRE DEPT." votes="157" />
                <Precinct name="#5 COURTHOUSE" votes="134" />
                <Precinct name="#6 REYNOLDS" votes="228" />
            </VoteType>
            <VoteType name="Absentee by Mail" votes="125">
                <Precinct name="#1 BUTLER FIRE DEPT." votes="18" />
                <Precinct name="#5 COURTHOUSE" votes="47" />
                <Precinct name="#6 REYNOLDS" votes="60" />
            </VoteType>
            <VoteType name="Advance in Person" votes="539">
                <Precinct name="#1 BUTLER FIRE DEPT." votes="118" />
                <Precinct name="#5 COURTHOUSE" votes="254" />
                <Precinct name="#6 REYNOLDS" votes="167" />
            </VoteType>
            <VoteType name="Provisional" votes="0">
                <Precinct name="#1 BUTLER FIRE DEPT." votes="0" />
                <Precinct name="#5 COURTHOUSE" votes="0" />
                <Precinct name="#6 REYNOLDS" votes="0" />
            </VoteType>
        </Choice>
        <Choice key="20" text="NO" totalVotes="2119">
            <VoteType name="Election Day" votes="792">
                <Precinct name="#1 BUTLER FIRE DEPT." votes="148" />
                <Precinct name="#5 COURTHOUSE" votes="257" />
                <Precinct name="#6 REYNOLDS" votes="387" />
            </VoteType>
            <VoteType name="Absentee by Mail" votes="150">
                <Precinct name="#1 BUTLER FIRE DEPT." votes="31" />
                <Precinct name="#5 COURTHOUSE" votes="54" />
                <Precinct name="#6 REYNOLDS" votes="65" />
            </VoteType>
            <VoteType name="Advance in Person" votes="1177">
                <Precinct name="#1 BUTLER FIRE DEPT." votes="161" />
                <Precinct name="#5 COURTHOUSE" votes="625" />
                <Precinct name="#6 REYNOLDS" votes="391" />
            </VoteType>
            <VoteType name="Provisional" votes="0">
                <Precinct name="#1 BUTLER FIRE DEPT." votes="0" />
                <Precinct name="#5 COURTHOUSE" votes="0" />
                <Precinct name="#6 REYNOLDS" votes="0" />
            </VoteType>
        </Choice>
    </Contest>
    <Contest key="430" text="Constitutional Amendment #2&lt;br&gt;Authorizes penalties for sexual exploitation and assessments on adult entertainment to fund child victims' services." isQuestion="false" precinctsReporting="3" precinctsReported="3">
        <VoteType name="Number of Precincts for Race" votes="3">
            <Precinct name="#1 BUTLER FIRE DEPT." votes="1" />
            <Precinct name="#5 COURTHOUSE" votes="1" />
            <Precinct name="#6 REYNOLDS" votes="1" />
        </VoteType>
        <VoteType name="Number of Precincts Reporting" votes="3">
            <Precinct name="#1 BUTLER FIRE DEPT." votes="1" />
            <Precinct name="#5 COURTHOUSE" votes="1" />
            <Precinct name="#6 REYNOLDS" votes="1" />
        </VoteType>
        <Choice key="10" text="YES" totalVotes="2492">
            <VoteType name="Election Day" votes="951">
                <Precinct name="#1 BUTLER FIRE DEPT." votes="211" />
                <Precinct name="#5 COURTHOUSE" votes="298" />
                <Precinct name="#6 REYNOLDS" votes="442" />
            </VoteType>
            <VoteType name="Absentee by Mail" votes="217">
                <Precinct name="#1 BUTLER FIRE DEPT." votes="33" />
                <Precinct name="#5 COURTHOUSE" votes="89" />
                <Precinct name="#6 REYNOLDS" votes="95" />
            </VoteType>
            <VoteType name="Advance in Person" votes="1324">
                <Precinct name="#1 BUTLER FIRE DEPT." votes="192" />
                <Precinct name="#5 COURTHOUSE" votes="706" />
                <Precinct name="#6 REYNOLDS" votes="426" />
            </VoteType>
            <VoteType name="Provisional" votes="0">
                <Precinct name="#1 BUTLER FIRE DEPT." votes="0" />
                <Precinct name="#5 COURTHOUSE" votes="0" />
                <Precinct name="#6 REYNOLDS" votes="0" />
            </VoteType>
        </Choice>
        <Choice key="20" text="NO" totalVotes="693">
            <VoteType name="Election Day" votes="325">
                <Precinct name="#1 BUTLER FIRE DEPT." votes="88" />
                <Precinct name="#5 COURTHOUSE" votes="80" />
                <Precinct name="#6 REYNOLDS" votes="157" />
            </VoteType>
            <VoteType name="Absentee by Mail" votes="37">
                <Precinct name="#1 BUTLER FIRE DEPT." votes="14" />
                <Precinct name="#5 COURTHOUSE" votes="12" />
                <Precinct name="#6 REYNOLDS" votes="11" />
            </VoteType>
            <VoteType name="Advance in Person" votes="331">
                <Precinct name="#1 BUTLER FIRE DEPT." votes="72" />
                <Precinct name="#5 COURTHOUSE" votes="148" />
                <Precinct name="#6 REYNOLDS" votes="111" />
            </VoteType>
            <VoteType name="Provisional" votes="0">
                <Precinct name="#1 BUTLER FIRE DEPT." votes="0" />
                <Precinct name="#5 COURTHOUSE" votes="0" />
                <Precinct name="#6 REYNOLDS" votes="0" />
            </VoteType>
        </Choice>
    </Contest>
    <Contest key="440" text="Constitutional Amendment #3&lt;br&gt;Reforms and re-establishes the Judicial Qualifications Commission and provides for its composition, governance, and powers." isQuestion="false" precinctsReporting="3" precinctsReported="3">
        <VoteType name="Number of Precincts for Race" votes="3">
            <Precinct name="#1 BUTLER FIRE DEPT." votes="1" />
            <Precinct name="#5 COURTHOUSE" votes="1" />
            <Precinct name="#6 REYNOLDS" votes="1" />
        </VoteType>
        <VoteType name="Number of Precincts Reporting" votes="3">
            <Precinct name="#1 BUTLER FIRE DEPT." votes="1" />
            <Precinct name="#5 COURTHOUSE" votes="1" />
            <Precinct name="#6 REYNOLDS" votes="1" />
        </VoteType>
        <Choice key="10" text="YES" totalVotes="1822">
            <VoteType name="Election Day" votes="750">
                <Precinct name="#1 BUTLER FIRE DEPT." votes="195" />
                <Precinct name="#5 COURTHOUSE" votes="215" />
                <Precinct name="#6 REYNOLDS" votes="340" />
            </VoteType>
            <VoteType name="Absentee by Mail" votes="175">
                <Precinct name="#1 BUTLER FIRE DEPT." votes="26" />
                <Precinct name="#5 COURTHOUSE" votes="67" />
                <Precinct name="#6 REYNOLDS" votes="82" />
            </VoteType>
            <VoteType name="Advance in Person" votes="897">
                <Precinct name="#1 BUTLER FIRE DEPT." votes="168" />
                <Precinct name="#5 COURTHOUSE" votes="434" />
                <Precinct name="#6 REYNOLDS" votes="295" />
            </VoteType>
            <VoteType name="Provisional" votes="0">
                <Precinct name="#1 BUTLER FIRE DEPT." votes="0" />
                <Precinct name="#5 COURTHOUSE" votes="0" />
                <Precinct name="#6 REYNOLDS" votes="0" />
            </VoteType>
        </Choice>
        <Choice key="20" text="NO" totalVotes="1243">
            <VoteType name="Election Day" votes="490">
                <Precinct name="#1 BUTLER FIRE DEPT." votes="94" />
                <Precinct name="#5 COURTHOUSE" votes="155" />
                <Precinct name="#6 REYNOLDS" votes="241" />
            </VoteType>
            <VoteType name="Absentee by Mail" votes="64">
                <Precinct name="#1 BUTLER FIRE DEPT." votes="19" />
                <Precinct name="#5 COURTHOUSE" votes="28" />
                <Precinct name="#6 REYNOLDS" votes="17" />
            </VoteType>
            <VoteType name="Advance in Person" votes="689">
                <Precinct name="#1 BUTLER FIRE DEPT." votes="94" />
                <Precinct name="#5 COURTHOUSE" votes="374" />
                <Precinct name="#6 REYNOLDS" votes="221" />
            </VoteType>
            <VoteType name="Provisional" votes="0">
                <Precinct name="#1 BUTLER FIRE DEPT." votes="0" />
                <Precinct name="#5 COURTHOUSE" votes="0" />
                <Precinct name="#6 REYNOLDS" votes="0" />
            </VoteType>
        </Choice>
    </Contest>
    <Contest key="450" text="Constitutional Amendment #4&lt;br&gt;Dedicates revenue from existing taxes on fireworks to trauma care, fire services, and public safety." isQuestion="false" precinctsReporting="3" precinctsReported="3">
        <VoteType name="Number of Precincts for Race" votes="3">
            <Precinct name="#1 BUTLER FIRE DEPT." votes="1" />
            <Precinct name="#5 COURTHOUSE" votes="1" />
            <Precinct name="#6 REYNOLDS" votes="1" />
        </VoteType>
        <VoteType name="Number of Precincts Reporting" votes="3">
            <Precinct name="#1 BUTLER FIRE DEPT." votes="1" />
            <Precinct name="#5 COURTHOUSE" votes="1" />
            <Precinct name="#6 REYNOLDS" votes="1" />
        </VoteType>
        <Choice key="10" text="YES" totalVotes="2498">
            <VoteType name="Election Day" votes="958">
                <Precinct name="#1 BUTLER FIRE DEPT." votes="217" />
                <Precinct name="#5 COURTHOUSE" votes="287" />
                <Precinct name="#6 REYNOLDS" votes="454" />
            </VoteType>
            <VoteType name="Absentee by Mail" votes="230">
                <Precinct name="#1 BUTLER FIRE DEPT." votes="43" />
                <Precinct name="#5 COURTHOUSE" votes="88" />
                <Precinct name="#6 REYNOLDS" votes="99" />
            </VoteType>
            <VoteType name="Advance in Person" votes="1310">
                <Precinct name="#1 BUTLER FIRE DEPT." votes="215" />
                <Precinct name="#5 COURTHOUSE" votes="661" />
                <Precinct name="#6 REYNOLDS" votes="434" />
            </VoteType>
            <VoteType name="Provisional" votes="0">
                <Precinct name="#1 BUTLER FIRE DEPT." votes="0" />
                <Precinct name="#5 COURTHOUSE" votes="0" />
                <Precinct name="#6 REYNOLDS" votes="0" />
            </VoteType>
        </Choice>
        <Choice key="20" text="NO" totalVotes="678">
            <VoteType name="Election Day" votes="310">
                <Precinct name="#1 BUTLER FIRE DEPT." votes="75" />
                <Precinct name="#5 COURTHOUSE" votes="97" />
                <Precinct name="#6 REYNOLDS" votes="138" />
            </VoteType>
            <VoteType name="Absentee by Mail" votes="29">
                <Precinct name="#1 BUTLER FIRE DEPT." votes="6" />
                <Precinct name="#5 COURTHOUSE" votes="15" />
                <Precinct name="#6 REYNOLDS" votes="8" />
            </VoteType>
            <VoteType name="Advance in Person" votes="339">
                <Precinct name="#1 BUTLER FIRE DEPT." votes="55" />
                <Precinct name="#5 COURTHOUSE" votes="187" />
                <Precinct name="#6 REYNOLDS" votes="97" />
            </VoteType>
            <VoteType name="Provisional" votes="0">
                <Precinct name="#1 BUTLER FIRE DEPT." votes="0" />
                <Precinct name="#5 COURTHOUSE" votes="0" />
                <Precinct name="#6 REYNOLDS" votes="0" />
            </VoteType>
        </Choice>
    </Contest>
</ElectionResult>