<?xml version="1.0"?>
<!--Election result snapshot imported from Tabulation System
-->
<ElectionResult>
    <Timestamp>11/14/2016 12:19:03 PM EST</Timestamp>
    <ElectionName>November 8, 2016 - General Election</ElectionName>
    <ElectionDate>11/8/2016</ElectionDate>
    <Region>Warren</Region>
    <VoterTurnout totalVoters="3105" ballotsCast="2357" voterTurnout="75.91">
        <Precincts>
            <Precinct name="Warrenton" totalVoters="3105" ballotsCast="2357" voterTurnout="75.91" percentReporting="4" />
        </Precincts>
    </VoterTurnout>
    <Contest key="1" text="President of the United States" isQuestion="false" precinctsReporting="1" precinctsReported="1">
        <VoteType name="Number of Precincts for Race" votes="1">
            <Precinct name="Warrenton" votes="1" />
        </VoteType>
        <VoteType name="Number of Precincts Reporting" votes="1">
            <Precinct name="Warrenton" votes="1" />
        </VoteType>
        <Choice key="10" text="DONALD J. TRUMP" totalVotes="991">
            <VoteType name="Election Day" votes="303">
                <Precinct name="Warrenton" votes="303" />
            </VoteType>
            <VoteType name="Absentee by Mail" votes="75">
                <Precinct name="Warrenton" votes="75" />
            </VoteType>
            <VoteType name="Advance in Person" votes="613">
                <Precinct name="Warrenton" votes="613" />
            </VoteType>
            <VoteType name="Provisional" votes="0">
                <Precinct name="Warrenton" votes="0" />
            </VoteType>
        </Choice>
        <Choice key="20" text="HILLARY CLINTON" totalVotes="1314">
            <VoteType name="Election Day" votes="654">
                <Precinct name="Warrenton" votes="654" />
            </VoteType>
            <VoteType name="Absentee by Mail" votes="62">
                <Precinct name="Warrenton" votes="62" />
            </VoteType>
            <VoteType name="Advance in Person" votes="597">
                <Precinct name="Warrenton" votes="597" />
            </VoteType>
            <VoteType name="Provisional" votes="1">
                <Precinct name="Warrenton" votes="1" />
            </VoteType>
        </Choice>
        <Choice key="30" text="GARY JOHNSON" totalVotes="28">
            <VoteType name="Election Day" votes="10">
                <Precinct name="Warrenton" votes="10" />
            </VoteType>
            <VoteType name="Absentee by Mail" votes="2">
                <Precinct name="Warrenton" votes="2" />
            </VoteType>
            <VoteType name="Advance in Person" votes="16">
                <Precinct name="Warrenton" votes="16" />
            </VoteType>
            <VoteType name="Provisional" votes="0">
                <Precinct name="Warrenton" votes="0" />
            </VoteType>
        </Choice>
    </Contest>
    <Contest key="10" text="United States Senator, Isakson" isQuestion="false" precinctsReporting="1" precinctsReported="1">
        <VoteType name="Number of Precincts for Race" votes="1">
            <Precinct name="Warrenton" votes="1" />
        </VoteType>
        <VoteType name="Number of Precincts Reporting" votes="1">
            <Precinct name="Warrenton" votes="1" />
        </VoteType>
        <Choice key="10" text="JOHNNY ISAKSON (I)" totalVotes="993">
            <VoteType name="Election Day" votes="311">
                <Precinct name="Warrenton" votes="311" />
            </VoteType>
            <VoteType name="Absentee by Mail" votes="69">
                <Precinct name="Warrenton" votes="69" />
            </VoteType>
            <VoteType name="Advance in Person" votes="613">
                <Precinct name="Warrenton" votes="613" />
            </VoteType>
            <VoteType name="Provisional" votes="0">
                <Precinct name="Warrenton" votes="0" />
            </VoteType>
        </Choice>
        <Choice key="20" text="JIM BARKSDALE" totalVotes="1110">
            <VoteType name="Election Day" votes="566">
                <Precinct name="Warrenton" votes="566" />
            </VoteType>
            <VoteType name="Absentee by Mail" votes="58">
                <Precinct name="Warrenton" votes="58" />
            </VoteType>
            <VoteType name="Advance in Person" votes="485">
                <Precinct name="Warrenton" votes="485" />
            </VoteType>
            <VoteType name="Provisional" votes="1">
                <Precinct name="Warrenton" votes="1" />
            </VoteType>
        </Choice>
        <Choice key="30" text="ALLEN BUCKLEY" totalVotes="45">
            <VoteType name="Election Day" votes="16">
                <Precinct name="Warrenton" votes="16" />
            </VoteType>
            <VoteType name="Absentee by Mail" votes="4">
                <Precinct name="Warrenton" votes="4" />
            </VoteType>
            <VoteType name="Advance in Person" votes="25">
                <Precinct name="Warrenton" votes="25" />
            </VoteType>
            <VoteType name="Provisional" votes="0">
                <Precinct name="Warrenton" votes="0" />
            </VoteType>
        </Choice>
    </Contest>
    <Contest key="30" text="Public Service Commission, District 2 - Eastern" isQuestion="false" precinctsReporting="1" precinctsReported="1">
        <VoteType name="Number of Precincts for Race" votes="1">
            <Precinct name="Warrenton" votes="1" />
        </VoteType>
        <VoteType name="Number of Precincts Reporting" votes="1">
            <Precinct name="Warrenton" votes="1" />
        </VoteType>
        <Choice key="10" text="TIM ECHOLS (I)" totalVotes="1146">
            <VoteType name="Election Day" votes="409">
                <Precinct name="Warrenton" votes="409" />
            </VoteType>
            <VoteType name="Absentee by Mail" votes="78">
                <Precinct name="Warrenton" votes="78" />
            </VoteType>
            <VoteType name="Advance in Person" votes="659">
                <Precinct name="Warrenton" votes="659" />
            </VoteType>
            <VoteType name="Provisional" votes="0">
                <Precinct name="Warrenton" votes="0" />
            </VoteType>
        </Choice>
        <Choice key="20" text="ERIC HOSKINS" totalVotes="597">
            <VoteType name="Election Day" votes="306">
                <Precinct name="Warrenton" votes="306" />
            </VoteType>
            <VoteType name="Absentee by Mail" votes="23">
                <Precinct name="Warrenton" votes="23" />
            </VoteType>
            <VoteType name="Advance in Person" votes="267">
                <Precinct name="Warrenton" votes="267" />
            </VoteType>
            <VoteType name="Provisional" votes="1">
                <Precinct name="Warrenton" votes="1" />
            </VoteType>
        </Choice>
    </Contest>
    <Contest key="50" text="U.S. Representative, District 10" isQuestion="false" precinctsReporting="1" precinctsReported="1">
        <VoteType name="Number of Precincts for Race" votes="1">
            <Precinct name="Warrenton" votes="1" />
        </VoteType>
        <VoteType name="Number of Precincts Reporting" votes="1">
            <Precinct name="Warrenton" votes="1" />
        </VoteType>
        <Choice key="10" text="JODY HICE (I)" totalVotes="1483">
            <VoteType name="Election Day" votes="588">
                <Precinct name="Warrenton" votes="588" />
            </VoteType>
            <VoteType name="Absentee by Mail" votes="97">
                <Precinct name="Warrenton" votes="97" />
            </VoteType>
            <VoteType name="Advance in Person" votes="797">
                <Precinct name="Warrenton" votes="797" />
            </VoteType>
            <VoteType name="Provisional" votes="1">
                <Precinct name="Warrenton" votes="1" />
            </VoteType>
        </Choice>
    </Contest>
    <Contest key="70" text="State Senator, District 23" isQuestion="false" precinctsReporting="1" precinctsReported="1">
        <VoteType name="Number of Precincts for Race" votes="1">
            <Precinct name="Warrenton" votes="1" />
        </VoteType>
        <VoteType name="Number of Precincts Reporting" votes="1">
            <Precinct name="Warrenton" votes="1" />
        </VoteType>
        <Choice key="10" text="JESSE STONE (I)" totalVotes="1470">
            <VoteType name="Election Day" votes="583">
                <Precinct name="Warrenton" votes="583" />
            </VoteType>
            <VoteType name="Absentee by Mail" votes="92">
                <Precinct name="Warrenton" votes="92" />
            </VoteType>
            <VoteType name="Advance in Person" votes="794">
                <Precinct name="Warrenton" votes="794" />
            </VoteType>
            <VoteType name="Provisional" votes="1">
                <Precinct name="Warrenton" votes="1" />
            </VoteType>
        </Choice>
    </Contest>
    <Contest key="100" text="State Representative, District 128" isQuestion="false" precinctsReporting="1" precinctsReported="1">
        <VoteType name="Number of Precincts for Race" votes="1">
            <Precinct name="Warrenton" votes="1" />
        </VoteType>
        <VoteType name="Number of Precincts Reporting" votes="1">
            <Precinct name="Warrenton" votes="1" />
        </VoteType>
        <Choice key="10" text="MACK JACKSON (I)" totalVotes="1653">
            <VoteType name="Election Day" votes="720">
                <Precinct name="Warrenton" votes="720" />
            </VoteType>
            <VoteType name="Absentee by Mail" votes="100">
                <Precinct name="Warrenton" votes="100" />
            </VoteType>
            <VoteType name="Advance in Person" votes="832">
                <Precinct name="Warrenton" votes="832" />
            </VoteType>
            <VoteType name="Provisional" votes="1">
                <Precinct name="Warrenton" votes="1" />
            </VoteType>
        </Choice>
    </Contest>
    <Contest key="110" text="District Attorney, Toombs Circuit" isQuestion="false" precinctsReporting="1" precinctsReported="1">
        <VoteType name="Number of Precincts for Race" votes="1">
            <Precinct name="Warrenton" votes="1" />
        </VoteType>
        <VoteType name="Number of Precincts Reporting" votes="1">
            <Precinct name="Warrenton" votes="1" />
        </VoteType>
        <Choice key="10" text="DURWOOD R. &quot;WOODY&quot; DAVIS" totalVotes="687">
            <VoteType name="Election Day" votes="232">
                <Precinct name="Warrenton" votes="232" />
            </VoteType>
            <VoteType name="Absentee by Mail" votes="51">
                <Precinct name="Warrenton" votes="51" />
            </VoteType>
            <VoteType name="Advance in Person" votes="404">
                <Precinct name="Warrenton" votes="404" />
            </VoteType>
            <VoteType name="Provisional" votes="0">
                <Precinct name="Warrenton" votes="0" />
            </VoteType>
        </Choice>
        <Choice key="20" text="BILL DOUPE" totalVotes="1497">
            <VoteType name="Election Day" votes="685">
                <Precinct name="Warrenton" votes="685" />
            </VoteType>
            <VoteType name="Absentee by Mail" votes="81">
                <Precinct name="Warrenton" votes="81" />
            </VoteType>
            <VoteType name="Advance in Person" votes="730">
                <Precinct name="Warrenton" votes="730" />
            </VoteType>
            <VoteType name="Provisional" votes="1">
                <Precinct name="Warrenton" votes="1" />
            </VoteType>
        </Choice>
    </Contest>
    <Contest key="140" text="Superior Court Clerk" isQuestion="false" precinctsReporting="1" precinctsReported="1">
        <VoteType name="Number of Precincts for Race" votes="1">
            <Precinct name="Warrenton" votes="1" />
        </VoteType>
        <VoteType name="Number of Precincts Reporting" votes="1">
            <Precinct name="Warrenton" votes="1" />
        </VoteType>
        <Choice key="10" text="C. CHEELEY-LAZENBY(D" totalVotes="1898">
            <VoteType name="Election Day" votes="805">
                <Precinct name="Warrenton" votes="805" />
            </VoteType>
            <VoteType name="Absentee by Mail" votes="118">
                <Precinct name="Warrenton" votes="118" />
            </VoteType>
            <VoteType name="Advance in Person" votes="974">
                <Precinct name="Warrenton" votes="974" />
            </VoteType>
            <VoteType name="Provisional" votes="1">
                <Precinct name="Warrenton" votes="1" />
            </VoteType>
        </Choice>
    </Contest>
    <Contest key="160" text="Sheriff" isQuestion="false" precinctsReporting="1" precinctsReported="1">
        <VoteType name="Number of Precincts for Race" votes="1">
            <Precinct name="Warrenton" votes="1" />
        </VoteType>
        <VoteType name="Number of Precincts Reporting" votes="1">
            <Precinct name="Warrenton" votes="1" />
        </VoteType>
        <Choice key="10" text="J. PEEBLES (I)(D)" totalVotes="2013">
            <VoteType name="Election Day" votes="828">
                <Precinct name="Warrenton" votes="828" />
            </VoteType>
            <VoteType name="Absentee by Mail" votes="120">
                <Precinct name="Warrenton" votes="120" />
            </VoteType>
            <VoteType name="Advance in Person" votes="1064">
                <Precinct name="Warrenton" votes="1064" />
            </VoteType>
            <VoteType name="Provisional" votes="1">
                <Precinct name="Warrenton" votes="1" />
            </VoteType>
        </Choice>
    </Contest>
    <Contest key="180" text="Tax Commissioner" isQuestion="false" precinctsReporting="1" precinctsReported="1">
        <VoteType name="Number of Precincts for Race" votes="1">
            <Precinct name="Warrenton" votes="1" />
        </VoteType>
        <VoteType name="Number of Precincts Reporting" votes="1">
            <Precinct name="Warrenton" votes="1" />
        </VoteType>
        <Choice key="10" text="L. JOHNSON (I)(D)" totalVotes="2036">
            <VoteType name="Election Day" votes="830">
                <Precinct name="Warrenton" votes="830" />
            </VoteType>
            <VoteType name="Absentee by Mail" votes="118">
                <Precinct name="Warrenton" votes="118" />
            </VoteType>
            <VoteType name="Advance in Person" votes="1087">
                <Precinct name="Warrenton" votes="1087" />
            </VoteType>
            <VoteType name="Provisional" votes="1">
                <Precinct name="Warrenton" votes="1" />
            </VoteType>
        </Choice>
    </Contest>
    <Contest key="220" text="Coroner" isQuestion="false" precinctsReporting="1" precinctsReported="1">
        <VoteType name="Number of Precincts for Race" votes="1">
            <Precinct name="Warrenton" votes="1" />
        </VoteType>
        <VoteType name="Number of Precincts Reporting" votes="1">
            <Precinct name="Warrenton" votes="1" />
        </VoteType>
        <Choice key="10" text="P. LOWE (I)(D)" totalVotes="1969">
            <VoteType name="Election Day" votes="813">
                <Precinct name="Warrenton" votes="813" />
            </VoteType>
            <VoteType name="Absentee by Mail" votes="120">
                <Precinct name="Warrenton" votes="120" />
            </VoteType>
            <VoteType name="Advance in Person" votes="1035">
                <Precinct name="Warrenton" votes="1035" />
            </VoteType>
            <VoteType name="Provisional" votes="1">
                <Precinct name="Warrenton" votes="1" />
            </VoteType>
        </Choice>
    </Contest>
    <Contest key="240" text="County Comm Chair" isQuestion="false" precinctsReporting="1" precinctsReported="1">
        <VoteType name="Number of Precincts for Race" votes="1">
            <Precinct name="Warrenton" votes="1" />
        </VoteType>
        <VoteType name="Number of Precincts Reporting" votes="1">
            <Precinct name="Warrenton" votes="1" />
        </VoteType>
        <Choice key="10" text="J. R. GRAHAM (I)(D)" totalVotes="1967">
            <VoteType name="Election Day" votes="805">
                <Precinct name="Warrenton" votes="805" />
            </VoteType>
            <VoteType name="Absentee by Mail" votes="116">
                <Precinct name="Warrenton" votes="116" />
            </VoteType>
            <VoteType name="Advance in Person" votes="1045">
                <Precinct name="Warrenton" votes="1045" />
            </VoteType>
            <VoteType name="Provisional" votes="1">
                <Precinct name="Warrenton" votes="1" />
            </VoteType>
        </Choice>
    </Contest>
    <Contest key="260" text="County Comm 1" isQuestion="false" precinctsReporting="1" precinctsReported="1">
        <VoteType name="Number of Precincts for Race" votes="1">
            <Precinct name="Warrenton" votes="1" />
        </VoteType>
        <VoteType name="Number of Precincts Reporting" votes="1">
            <Precinct name="Warrenton" votes="1" />
        </VoteType>
        <Choice key="10" text="R. BURLEY JR. (I)(D)" totalVotes="930">
            <VoteType name="Election Day" votes="388">
                <Precinct name="Warrenton" votes="388" />
            </VoteType>
            <VoteType name="Absentee by Mail" votes="68">
                <Precinct name="Warrenton" votes="68" />
            </VoteType>
            <VoteType name="Advance in Person" votes="473">
                <Precinct name="Warrenton" votes="473" />
            </VoteType>
            <VoteType name="Provisional" votes="1">
                <Precinct name="Warrenton" votes="1" />
            </VoteType>
        </Choice>
    </Contest>
    <Contest key="280" text="County Comm 2" isQuestion="false" precinctsReporting="1" precinctsReported="1">
        <VoteType name="Number of Precincts for Race" votes="1">
            <Precinct name="Warrenton" votes="1" />
        </VoteType>
        <VoteType name="Number of Precincts Reporting" votes="1">
            <Precinct name="Warrenton" votes="1" />
        </VoteType>
        <Choice key="10" text="R. JOHNSON (I)(D)" totalVotes="953">
            <VoteType name="Election Day" votes="404">
                <Precinct name="Warrenton" votes="404" />
            </VoteType>
            <VoteType name="Absentee by Mail" votes="42">
                <Precinct name="Warrenton" votes="42" />
            </VoteType>
            <VoteType name="Advance in Person" votes="507">
                <Precinct name="Warrenton" votes="507" />
            </VoteType>
            <VoteType name="Provisional" votes="0">
                <Precinct name="Warrenton" votes="0" />
            </VoteType>
        </Choice>
    </Contest>
    <Contest key="290" text="Soil and Water" isQuestion="false" precinctsReporting="1" precinctsReported="1">
        <VoteType name="Number of Precincts for Race" votes="1">
            <Precinct name="Warrenton" votes="1" />
        </VoteType>
        <VoteType name="Number of Precincts Reporting" votes="1">
            <Precinct name="Warrenton" votes="1" />
        </VoteType>
        <Choice key="10" text="D. CRUMPTON (I)" totalVotes="1345">
            <VoteType name="Election Day" votes="509">
                <Precinct name="Warrenton" votes="509" />
            </VoteType>
            <VoteType name="Absentee by Mail" votes="99">
                <Precinct name="Warrenton" votes="99" />
            </VoteType>
            <VoteType name="Advance in Person" votes="737">
                <Precinct name="Warrenton" votes="737" />
            </VoteType>
            <VoteType name="Provisional" votes="0">
                <Precinct name="Warrenton" votes="0" />
            </VoteType>
        </Choice>
        <Choice key="20" text="J. MCMICHAEL (I)" totalVotes="1283">
            <VoteType name="Election Day" votes="506">
                <Precinct name="Warrenton" votes="506" />
            </VoteType>
            <VoteType name="Absentee by Mail" votes="93">
                <Precinct name="Warrenton" votes="93" />
            </VoteType>
            <VoteType name="Advance in Person" votes="683">
                <Precinct name="Warrenton" votes="683" />
            </VoteType>
            <VoteType name="Provisional" votes="1">
                <Precinct name="Warrenton" votes="1" />
            </VoteType>
        </Choice>
    </Contest>
    <Contest key="500" text="Constitutional Amendment #1&lt;br&gt;Provides greater flexibility and state accountability to fix failing schools through increasing community involvement." isQuestion="false" precinctsReporting="1" precinctsReported="1">
        <VoteType name="Number of Precincts for Race" votes="1">
            <Precinct name="Warrenton" votes="1" />
        </VoteType>
        <VoteType name="Number of Precincts Reporting" votes="1">
            <Precinct name="Warrenton" votes="1" />
        </VoteType>
        <Choice key="10" text="YES" totalVotes="887">
            <VoteType name="Election Day" votes="378">
                <Precinct name="Warrenton" votes="378" />
            </VoteType>
            <VoteType name="Absentee by Mail" votes="58">
                <Precinct name="Warrenton" votes="58" />
            </VoteType>
            <VoteType name="Advance in Person" votes="451">
                <Precinct name="Warrenton" votes="451" />
            </VoteType>
            <VoteType name="Provisional" votes="0">
                <Precinct name="Warrenton" votes="0" />
            </VoteType>
        </Choice>
        <Choice key="20" text="NO" totalVotes="1316">
            <VoteType name="Election Day" votes="558">
                <Precinct name="Warrenton" votes="558" />
            </VoteType>
            <VoteType name="Absentee by Mail" votes="62">
                <Precinct name="Warrenton" votes="62" />
            </VoteType>
            <VoteType name="Advance in Person" votes="695">
                <Precinct name="Warrenton" votes="695" />
            </VoteType>
            <VoteType name="Provisional" votes="1">
                <Precinct name="Warrenton" votes="1" />
            </VoteType>
        </Choice>
    </Contest>
    <Contest key="510" text="Constitutional Amendment #2&lt;br&gt;Authorizes penalties for sexual exploitation and assessments on adult entertainment to fund child victims' services." isQuestion="false" precinctsReporting="1" precinctsReported="1">
        <VoteType name="Number of Precincts for Race" votes="1">
            <Precinct name="Warrenton" votes="1" />
        </VoteType>
        <VoteType name="Number of Precincts Reporting" votes="1">
            <Precinct name="Warrenton" votes="1" />
        </VoteType>
        <Choice key="10" text="YES" totalVotes="1606">
            <VoteType name="Election Day" votes="665">
                <Precinct name="Warrenton" votes="665" />
            </VoteType>
            <VoteType name="Absentee by Mail" votes="107">
                <Precinct name="Warrenton" votes="107" />
            </VoteType>
            <VoteType name="Advance in Person" votes="833">
                <Precinct name="Warrenton" votes="833" />
            </VoteType>
            <VoteType name="Provisional" votes="1">
                <Precinct name="Warrenton" votes="1" />
            </VoteType>
        </Choice>
        <Choice key="20" text="NO" totalVotes="520">
            <VoteType name="Election Day" votes="239">
                <Precinct name="Warrenton" votes="239" />
            </VoteType>
            <VoteType name="Absentee by Mail" votes="15">
                <Precinct name="Warrenton" votes="15" />
            </VoteType>
            <VoteType name="Advance in Person" votes="266">
                <Precinct name="Warrenton" votes="266" />
            </VoteType>
            <VoteType name="Provisional" votes="0">
                <Precinct name="Warrenton" votes="0" />
            </VoteType>
        </Choice>
    </Contest>
    <Contest key="520" text="Constitutional Amendment #3&lt;br&gt;Reforms and re-establishes the Judicial Qualifications Commission and provides for its composition, governance, and powers." isQuestion="false" precinctsReporting="1" precinctsReported="1">
        <VoteType name="Number of Precincts for Race" votes="1">
            <Precinct name="Warrenton" votes="1" />
        </VoteType>
        <VoteType name="Number of Precincts Reporting" votes="1">
            <Precinct name="Warrenton" votes="1" />
        </VoteType>
        <Choice key="10" text="YES" totalVotes="1180">
            <VoteType name="Election Day" votes="517">
                <Precinct name="Warrenton" votes="517" />
            </VoteType>
            <VoteType name="Absentee by Mail" votes="78">
                <Precinct name="Warrenton" votes="78" />
            </VoteType>
            <VoteType name="Advance in Person" votes="584">
                <Precinct name="Warrenton" votes="584" />
            </VoteType>
            <VoteType name="Provisional" votes="1">
                <Precinct name="Warrenton" votes="1" />
            </VoteType>
        </Choice>
        <Choice key="20" text="NO" totalVotes="808">
            <VoteType name="Election Day" votes="342">
                <Precinct name="Warrenton" votes="342" />
            </VoteType>
            <VoteType name="Absentee by Mail" votes="30">
                <Precinct name="Warrenton" votes="30" />
            </VoteType>
            <VoteType name="Advance in Person" votes="436">
                <Precinct name="Warrenton" votes="436" />
            </VoteType>
            <VoteType name="Provisional" votes="0">
                <Precinct name="Warrenton" votes="0" />
            </VoteType>
        </Choice>
    </Contest>
    <Contest key="530" text="Constitutional Amendment #4&lt;br&gt;Dedicates revenue from existing taxes on fireworks to trauma care, fire services, and public safety." isQuestion="false" precinctsReporting="1" precinctsReported="1">
        <VoteType name="Number of Precincts for Race" votes="1">
            <Precinct name="Warrenton" votes="1" />
        </VoteType>
        <VoteType name="Number of Precincts Reporting" votes="1">
            <Precinct name="Warrenton" votes="1" />
        </VoteType>
        <Choice key="10" text="YES" totalVotes="1511">
            <VoteType name="Election Day" votes="623">
                <Precinct name="Warrenton" votes="623" />
            </VoteType>
            <VoteType name="Absentee by Mail" votes="104">
                <Precinct name="Warrenton" votes="104" />
            </VoteType>
            <VoteType name="Advance in Person" votes="783">
                <Precinct name="Warrenton" votes="783" />
            </VoteType>
            <VoteType name="Provisional" votes="1">
                <Precinct name="Warrenton" votes="1" />
            </VoteType>
        </Choice>
        <Choice key="20" text="NO" totalVotes="579">
            <VoteType name="Election Day" votes="263">
                <Precinct name="Warrenton" votes="263" />
            </VoteType>
            <VoteType name="Absentee by Mail" votes="15">
                <Precinct name="Warrenton" votes="15" />
            </VoteType>
            <VoteType name="Advance in Person" votes="301">
                <Precinct name="Warrenton" votes="301" />
            </VoteType>
            <VoteType name="Provisional" votes="0">
                <Precinct name="Warrenton" votes="0" />
            </VoteType>
        </Choice>
    </Contest>
    <Contest key="600" text="Special - Referendum" isQuestion="false" precinctsReporting="1" precinctsReported="1">
        <VoteType name="Number of Precincts for Race" votes="1">
            <Precinct name="Warrenton" votes="1" />
        </VoteType>
        <VoteType name="Number of Precincts Reporting" votes="1">
            <Precinct name="Warrenton" votes="1" />
        </VoteType>
        <Choice key="10" text="YES" totalVotes="1392">
            <VoteType name="Election Day" votes="563">
                <Precinct name="Warrenton" votes="563" />
            </VoteType>
            <VoteType name="Absentee by Mail" votes="99">
                <Precinct name="Warrenton" votes="99" />
            </VoteType>
            <VoteType name="Advance in Person" votes="729">
                <Precinct name="Warrenton" votes="729" />
            </VoteType>
            <VoteType name="Provisional" votes="1">
                <Precinct name="Warrenton" votes="1" />
            </VoteType>
        </Choice>
        <Choice key="20" text="NO" totalVotes="774">
            <VoteType name="Election Day" votes="342">
                <Precinct name="Warrenton" votes="342" />
            </VoteType>
            <VoteType name="Absentee by Mail" votes="24">
                <Precinct name="Warrenton" votes="24" />
            </VoteType>
            <VoteType name="Advance in Person" votes="408">
                <Precinct name="Warrenton" votes="408" />
            </VoteType>
            <VoteType name="Provisional" votes="0">
                <Precinct name="Warrenton" votes="0" />
            </VoteType>
        </Choice>
    </Contest>
</ElectionResult>