"line number","contest name","choice name","party name","total votes","percent of votes","registered voters","ballots cast","num Precinct total","num Precinct rptg","over votes","under votes"
1,"President of the United States","DONALD J. TRUMP","",6287,79.08,9884,8110,1,1,"0","0"
2,"President of the United States","HILLARY CLINTON","",1444,18.16,9884,8110,1,1,"0","0"
3,"President of the United States","GARY JOHNSON","",219,2.75,9884,8110,1,1,"0","0"
4,"United States Senator, Isakson","JOHNNY ISAKSON (I)","",5977,79.03,9884,8110,1,1,"0","0"
5,"United States Senator, Isakson","JIM BARKSDALE","",1256,16.61,9884,8110,1,1,"0","0"
6,"United States Senator, Isakson","ALLEN BUCKLEY","",330,4.36,9884,8110,1,1,"0","0"
7,"Public Service Commission, District 2 - Eastern","TIM ECHOLS (I)","",6196,85.40,9884,8110,1,1,"0","0"
8,"Public Service Commission, District 2 - Eastern","ERIC HOSKINS","",1059,14.60,9884,8110,1,1,"0","0"
9,"U.S. Representative, District 9","DOUG COLLINS (I)","",6708,100.00,9884,8110,1,1,"0","0"
10,"State Senator, District 50","JOHN K WILKINSON (I)","",6636,100.00,9884,8110,1,1,"0","0"
11,"State Representative, District 8","MATT GURTLER (REP)","",6679,100.00,9884,8110,1,1,"0","0"
12,"District Attorney, Mountain Circuit","GEORGE R. CHRISTIAN (I)","",6637,100.00,9884,8110,1,1,"0","0"
13,"Superior Court Clerk","H. HENRY-PERRY(I)(R)","",7074,100.00,9884,8110,1,1,"0","0"
14,"Sheriff","C. K. NICHOLS (R)","",6694,86.90,9884,8110,1,1,"0","0"
15,"Sheriff","J. V. BLALOCK (D)","",1009,13.10,9884,8110,1,1,"0","0"
16,"Tax Commissioner","S. SMITH (I)(R)","",7099,100.00,9884,8110,1,1,"0","0"
17,"Surveyor","J. ROLADER (I)(R)","",6813,100.00,9884,8110,1,1,"0","0"
18,"Coroner","S. BECK (I)(R)","",7013,100.00,9884,8110,1,1,"0","0"
19,"County Comm 1","W. H. NICHOLS (I)(R)","",6700,100.00,9884,8110,1,1,"0","0"
20,"County Comm 2","S. M. ARBITTER (I)(R","",6844,100.00,9884,8110,1,1,"0","0"
21,"County Comm 3","G. JAMES (I)(R)","",6600,100.00,9884,8110,1,1,"0","0"
22,"BOE 2","T. W. STEPHENS(I)(R)","",6493,100.00,9884,8110,1,1,"0","0"
23,"BOE 4","S. CABE (I)(D)","",5868,100.00,9884,8110,1,1,"0","0"
24,"BOE 5","M. LIMA (R)","",4339,56.04,9884,8110,1,1,"0","0"
25,"BOE 5","J. D. SMITH (I)(D)","",3403,43.96,9884,8110,1,1,"0","0"
26,"Soil and Water","R. GODFREY (I)","",6357,100.00,9884,8110,1,1,"0","0"
27,"Constitutional Amendment #1<br>Provides greater flexibility and state accountability to fix failing schools through increasing community involvement.","YES","",3016,39.13,9884,8110,1,1,"0","0"
28,"Constitutional Amendment #1<br>Provides greater flexibility and state accountability to fix failing schools through increasing community involvement.","NO","",4692,60.87,9884,8110,1,1,"0","0"
29,"Constitutional Amendment #2<br>Authorizes penalties for sexual exploitation and assessments on adult entertainment to fund child victims' services.","YES","",6331,83.15,9884,8110,1,1,"0","0"
30,"Constitutional Amendment #2<br>Authorizes penalties for sexual exploitation and assessments on adult entertainment to fund child victims' services.","NO","",1283,16.85,9884,8110,1,1,"0","0"
31,"Constitutional Amendment #3<br>Reforms and re-establishes the Judicial Qualifications Commission and provides for its composition, governance, and powers.","YES","",4488,63.42,9884,8110,1,1,"0","0"
32,"Constitutional Amendment #3<br>Reforms and re-establishes the Judicial Qualifications Commission and provides for its composition, governance, and powers.","NO","",2589,36.58,9884,8110,1,1,"0","0"
33,"Constitutional Amendment #4<br>Dedicates revenue from existing taxes on fireworks to trauma care, fire services, and public safety.","YES","",6216,81.03,9884,8110,1,1,"0","0"
34,"Constitutional Amendment #4<br>Dedicates revenue from existing taxes on fireworks to trauma care, fire services, and public safety.","NO","",1455,18.97,9884,8110,1,1,"0","0"
