"line number","contest name","choice name","party name","total votes","percent of votes","registered voters","ballots cast","num Precinct total","num Precinct rptg","over votes","under votes"
1,"President of the United States","DONALD J. TRUMP","",5222,56.82,12166,9283,14,14,"0","0"
2,"President of the United States","HILLARY CLINTON","",3804,41.39,12166,9283,14,14,"0","0"
3,"President of the United States","GARY JOHNSON","",165,1.80,12166,9283,14,14,"0","0"
4,"United States Senator, Isakson","JOHNNY ISAKSON (I)","",5158,59.81,12166,9283,14,14,"0","0"
5,"United States Senator, Isakson","JIM BARKSDALE","",3194,37.04,12166,9283,14,14,"0","0"
6,"United States Senator, Isakson","ALLEN BUCKLEY","",272,3.15,12166,9283,14,14,"0","0"
7,"Public Service Commission, District 2 - Eastern","TIM ECHOLS (I)","",5770,71.78,12166,9280,14,14,"0","0"
8,"Public Service Commission, District 2 - Eastern","ERIC HOSKINS","",2269,28.22,12166,9280,14,14,"0","0"
9,"U.S. Representative, District 3","DREW FERGUSON","",5234,59.69,12166,9283,14,14,"0","0"
10,"U.S. Representative, District 3","ANGELA PENDLEY","",3534,40.31,12166,9283,14,14,"0","0"
11,"State Senator, District 29","JOSH MCKOON (I)","",5146,59.02,12166,9280,14,14,"0","0"
12,"State Senator, District 29","BEN ANDERSON","",3573,40.98,12166,9280,14,14,"0","0"
13,"State Representative, District 132","GENE KING","",1422,44.16,4419,3340,4,4,"0","0"
14,"State Representative, District 132","BOB TRAMMELL JR (I)","",1798,55.84,4419,3340,4,4,"0","0"
15,"State Representative, District 137","DEBBIE G.  BUCKNER (I)","",4703,100.00,7747,5940,10,10,"0","0"
16,"District Attorney, Coweta Circuit","PETE SKANDALAKIS (I)","",7187,100.00,12166,9280,14,14,"0","0"
17,"CLERK SUPERIOR COURT","K. T. GIBSON (I) D","",7248,100.00,12166,9280,14,14,"0","0"
18,"SHERIFF","K. KNOX (D)","",1920,21.29,12166,9280,14,14,"0","0"
19,"SHERIFF","C. SMITH (I) IN","",4553,50.49,12166,9280,14,14,"0","0"
20,"SHERIFF","S. WHITLOCK (IN)","",2544,28.21,12166,9280,14,14,"0","0"
21,"TAX COMMISSIONER","A. D. PEACOCK (I) R","",5427,60.77,12166,9280,14,14,"0","0"
22,"TAX COMMISSIONER","C. HUDSON (D)","",3503,39.23,12166,9280,14,14,"0","0"
23,"CORONER","J. WORLEY (I) D","",7515,100.00,12166,9280,14,14,"0","0"
24,"CC D2","R. G. PLANT (I) R","",903,47.40,2664,1971,5,5,"0","0"
25,"CC D2","M. BRAY (D)","",1002,52.60,2664,1971,5,5,"0","0"
26,"CC D4","B. THREADGILL (I) D","",1369,100.00,2151,1642,4,4,"0","0"
27,"BOE D2","L. COVERSON (I) D","",1575,100.00,2664,1971,5,5,"0","0"
28,"BOE D4","B. SMITH (I) R","",1229,100.00,2151,1642,4,4,"0","0"
29,"SOIL & WATER","W. I. NASH","",3899,52.43,12166,9280,14,14,"0","0"
30,"SOIL & WATER","D. L. STEPHENS","",3537,47.57,12166,9280,14,14,"0","0"
31,"Constitutional Amendment #1<br>Provides greater flexibility and state accountability to fix failing schools through increasing community involvement.","YES","",3363,37.47,12166,9280,14,14,"0","0"
32,"Constitutional Amendment #1<br>Provides greater flexibility and state accountability to fix failing schools through increasing community involvement.","NO","",5613,62.53,12166,9280,14,14,"0","0"
33,"Constitutional Amendment #2<br>Authorizes penalties for sexual exploitation and assessments on adult entertainment to fund child victims' services.","YES","",7006,80.05,12166,9280,14,14,"0","0"
34,"Constitutional Amendment #2<br>Authorizes penalties for sexual exploitation and assessments on adult entertainment to fund child victims' services.","NO","",1746,19.95,12166,9280,14,14,"0","0"
35,"Constitutional Amendment #3<br>Reforms and re-establishes the Judicial Qualifications Commission and provides for its composition, governance, and powers.","YES","",5203,62.63,12166,9280,14,14,"0","0"
36,"Constitutional Amendment #3<br>Reforms and re-establishes the Judicial Qualifications Commission and provides for its composition, governance, and powers.","NO","",3105,37.37,12166,9280,14,14,"0","0"
37,"Constitutional Amendment #4<br>Dedicates revenue from existing taxes on fireworks to trauma care, fire services, and public safety.","YES","",6723,77.36,12166,9280,14,14,"0","0"
38,"Constitutional Amendment #4<br>Dedicates revenue from existing taxes on fireworks to trauma care, fire services, and public safety.","NO","",1967,22.64,12166,9280,14,14,"0","0"
39,"ESTABLISHMENT OF FIRE DISTRICT","YES","",5542,74.06,10345,7946,14,14,"0","0"
40,"ESTABLISHMENT OF FIRE DISTRICT","NO","",1941,25.94,10345,7946,14,14,"0","0"
41,"FIRE DISTRICT BONDS","YES","",5229,71.16,10345,7946,14,14,"0","0"
42,"FIRE DISTRICT BONDS","NO","",2119,28.84,10345,7946,14,14,"0","0"
