<?xml version="1.0"?>
<!--Election result snapshot imported from Tabulation System
-->
<ElectionResult>
    <Timestamp>11/11/2016 12:47:52 PM EST</Timestamp>
    <ElectionName>November 8, 2016 - General Election</ElectionName>
    <ElectionDate>11/8/2016</ElectionDate>
    <Region>Atkinson</Region>
    <VoterTurnout totalVoters="3695" ballotsCast="2623" voterTurnout="70.99">
        <Precincts>
            <Precinct name="Pearson County" totalVoters="1339" ballotsCast="994" voterTurnout="74.23" percentReporting="4" />
            <Precinct name="Axson" totalVoters="561" ballotsCast="411" voterTurnout="73.26" percentReporting="4" />
            <Precinct name="Willacoochee" totalVoters="1064" ballotsCast="766" voterTurnout="71.99" percentReporting="4" />
            <Precinct name="Pearson City" totalVoters="731" ballotsCast="452" voterTurnout="61.83" percentReporting="4" />
        </Precincts>
    </VoterTurnout>
    <Contest key="1" text="President of the United States" isQuestion="false" precinctsReporting="4" precinctsReported="4">
        <VoteType name="Number of Precincts for Race" votes="4">
            <Precinct name="Pearson County" votes="1" />
            <Precinct name="Axson" votes="1" />
            <Precinct name="Willacoochee" votes="1" />
            <Precinct name="Pearson City" votes="1" />
        </VoteType>
        <VoteType name="Number of Precincts Reporting" votes="4">
            <Precinct name="Pearson County" votes="1" />
            <Precinct name="Axson" votes="1" />
            <Precinct name="Willacoochee" votes="1" />
            <Precinct name="Pearson City" votes="1" />
        </VoteType>
        <Choice key="10" text="DONALD J. TRUMP" totalVotes="1878">
            <VoteType name="Election Day" votes="843">
                <Precinct name="Pearson County" votes="271" />
                <Precinct name="Axson" votes="221" />
                <Precinct name="Willacoochee" votes="283" />
                <Precinct name="Pearson City" votes="68" />
            </VoteType>
            <VoteType name="Absentee by Mail" votes="58">
                <Precinct name="Pearson County" votes="25" />
                <Precinct name="Axson" votes="10" />
                <Precinct name="Willacoochee" votes="14" />
                <Precinct name="Pearson City" votes="9" />
            </VoteType>
            <VoteType name="Advance in Person" votes="972">
                <Precinct name="Pearson County" votes="550" />
                <Precinct name="Axson" votes="144" />
                <Precinct name="Willacoochee" votes="191" />
                <Precinct name="Pearson City" votes="87" />
            </VoteType>
            <VoteType name="Provisional" votes="5">
                <Precinct name="Pearson County" votes="4" />
                <Precinct name="Axson" votes="0" />
                <Precinct name="Willacoochee" votes="1" />
                <Precinct name="Pearson City" votes="0" />
            </VoteType>
        </Choice>
        <Choice key="20" text="HILLARY CLINTON" totalVotes="697">
            <VoteType name="Election Day" votes="367">
                <Precinct name="Pearson County" votes="59" />
                <Precinct name="Axson" votes="15" />
                <Precinct name="Willacoochee" votes="179" />
                <Precinct name="Pearson City" votes="114" />
            </VoteType>
            <VoteType name="Absentee by Mail" votes="30">
                <Precinct name="Pearson County" votes="10" />
                <Precinct name="Axson" votes="2" />
                <Precinct name="Willacoochee" votes="4" />
                <Precinct name="Pearson City" votes="14" />
            </VoteType>
            <VoteType name="Advance in Person" votes="299">
                <Precinct name="Pearson County" votes="66" />
                <Precinct name="Axson" votes="12" />
                <Precinct name="Willacoochee" votes="74" />
                <Precinct name="Pearson City" votes="147" />
            </VoteType>
            <VoteType name="Provisional" votes="1">
                <Precinct name="Pearson County" votes="1" />
                <Precinct name="Axson" votes="0" />
                <Precinct name="Willacoochee" votes="0" />
                <Precinct name="Pearson City" votes="0" />
            </VoteType>
        </Choice>
        <Choice key="30" text="GARY JOHNSON" totalVotes="35">
            <VoteType name="Election Day" votes="24">
                <Precinct name="Pearson County" votes="5" />
                <Precinct name="Axson" votes="3" />
                <Precinct name="Willacoochee" votes="12" />
                <Precinct name="Pearson City" votes="4" />
            </VoteType>
            <VoteType name="Absentee by Mail" votes="1">
                <Precinct name="Pearson County" votes="0" />
                <Precinct name="Axson" votes="0" />
                <Precinct name="Willacoochee" votes="1" />
                <Precinct name="Pearson City" votes="0" />
            </VoteType>
            <VoteType name="Advance in Person" votes="10">
                <Precinct name="Pearson County" votes="1" />
                <Precinct name="Axson" votes="1" />
                <Precinct name="Willacoochee" votes="3" />
                <Precinct name="Pearson City" votes="5" />
            </VoteType>
            <VoteType name="Provisional" votes="0">
                <Precinct name="Pearson County" votes="0" />
                <Precinct name="Axson" votes="0" />
                <Precinct name="Willacoochee" votes="0" />
                <Precinct name="Pearson City" votes="0" />
            </VoteType>
        </Choice>
    </Contest>
    <Contest key="10" text="United States Senator, Isakson" isQuestion="false" precinctsReporting="4" precinctsReported="4">
        <VoteType name="Number of Precincts for Race" votes="4">
            <Precinct name="Pearson County" votes="1" />
            <Precinct name="Axson" votes="1" />
            <Precinct name="Willacoochee" votes="1" />
            <Precinct name="Pearson City" votes="1" />
        </VoteType>
        <VoteType name="Number of Precincts Reporting" votes="4">
            <Precinct name="Pearson County" votes="1" />
            <Precinct name="Axson" votes="1" />
            <Precinct name="Willacoochee" votes="1" />
            <Precinct name="Pearson City" votes="1" />
        </VoteType>
        <Choice key="30" text="JOHNNY ISAKSON (I)" totalVotes="1678">
            <VoteType name="Election Day" votes="738">
                <Precinct name="Pearson County" votes="242" />
                <Precinct name="Axson" votes="185" />
                <Precinct name="Willacoochee" votes="254" />
                <Precinct name="Pearson City" votes="57" />
            </VoteType>
            <VoteType name="Absentee by Mail" votes="61">
                <Precinct name="Pearson County" votes="28" />
                <Precinct name="Axson" votes="10" />
                <Precinct name="Willacoochee" votes="14" />
                <Precinct name="Pearson City" votes="9" />
            </VoteType>
            <VoteType name="Advance in Person" votes="874">
                <Precinct name="Pearson County" votes="484" />
                <Precinct name="Axson" votes="126" />
                <Precinct name="Willacoochee" votes="176" />
                <Precinct name="Pearson City" votes="88" />
            </VoteType>
            <VoteType name="Provisional" votes="5">
                <Precinct name="Pearson County" votes="4" />
                <Precinct name="Axson" votes="0" />
                <Precinct name="Willacoochee" votes="1" />
                <Precinct name="Pearson City" votes="0" />
            </VoteType>
        </Choice>
        <Choice key="40" text="JIM BARKSDALE" totalVotes="596">
            <VoteType name="Election Day" votes="307">
                <Precinct name="Pearson County" votes="49" />
                <Precinct name="Axson" votes="19" />
                <Precinct name="Willacoochee" votes="153" />
                <Precinct name="Pearson City" votes="86" />
            </VoteType>
            <VoteType name="Absentee by Mail" votes="25">
                <Precinct name="Pearson County" votes="6" />
                <Precinct name="Axson" votes="2" />
                <Precinct name="Willacoochee" votes="5" />
                <Precinct name="Pearson City" votes="12" />
            </VoteType>
            <VoteType name="Advance in Person" votes="263">
                <Precinct name="Pearson County" votes="61" />
                <Precinct name="Axson" votes="13" />
                <Precinct name="Willacoochee" votes="68" />
                <Precinct name="Pearson City" votes="121" />
            </VoteType>
            <VoteType name="Provisional" votes="1">
                <Precinct name="Pearson County" votes="1" />
                <Precinct name="Axson" votes="0" />
                <Precinct name="Willacoochee" votes="0" />
                <Precinct name="Pearson City" votes="0" />
            </VoteType>
        </Choice>
        <Choice key="50" text="ALLEN BUCKLEY" totalVotes="65">
            <VoteType name="Election Day" votes="37">
                <Precinct name="Pearson County" votes="10" />
                <Precinct name="Axson" votes="7" />
                <Precinct name="Willacoochee" votes="13" />
                <Precinct name="Pearson City" votes="7" />
            </VoteType>
            <VoteType name="Absentee by Mail" votes="1">
                <Precinct name="Pearson County" votes="0" />
                <Precinct name="Axson" votes="0" />
                <Precinct name="Willacoochee" votes="0" />
                <Precinct name="Pearson City" votes="1" />
            </VoteType>
            <VoteType name="Advance in Person" votes="27">
                <Precinct name="Pearson County" votes="14" />
                <Precinct name="Axson" votes="4" />
                <Precinct name="Willacoochee" votes="3" />
                <Precinct name="Pearson City" votes="6" />
            </VoteType>
            <VoteType name="Provisional" votes="0">
                <Precinct name="Pearson County" votes="0" />
                <Precinct name="Axson" votes="0" />
                <Precinct name="Willacoochee" votes="0" />
                <Precinct name="Pearson City" votes="0" />
            </VoteType>
        </Choice>
    </Contest>
    <Contest key="30" text="Public Service Commission, District 2 - Eastern" isQuestion="false" precinctsReporting="4" precinctsReported="4">
        <VoteType name="Number of Precincts for Race" votes="4">
            <Precinct name="Pearson County" votes="1" />
            <Precinct name="Axson" votes="1" />
            <Precinct name="Willacoochee" votes="1" />
            <Precinct name="Pearson City" votes="1" />
        </VoteType>
        <VoteType name="Number of Precincts Reporting" votes="4">
            <Precinct name="Pearson County" votes="1" />
            <Precinct name="Axson" votes="1" />
            <Precinct name="Willacoochee" votes="1" />
            <Precinct name="Pearson City" votes="1" />
        </VoteType>
        <Choice key="20" text="TIM ECHOLS (I)" totalVotes="1777">
            <VoteType name="Election Day" votes="800">
                <Precinct name="Pearson County" votes="251" />
                <Precinct name="Axson" votes="188" />
                <Precinct name="Willacoochee" votes="280" />
                <Precinct name="Pearson City" votes="81" />
            </VoteType>
            <VoteType name="Absentee by Mail" votes="70">
                <Precinct name="Pearson County" votes="27" />
                <Precinct name="Axson" votes="11" />
                <Precinct name="Willacoochee" votes="16" />
                <Precinct name="Pearson City" votes="16" />
            </VoteType>
            <VoteType name="Advance in Person" votes="906">
                <Precinct name="Pearson County" votes="485" />
                <Precinct name="Axson" votes="130" />
                <Precinct name="Willacoochee" votes="190" />
                <Precinct name="Pearson City" votes="101" />
            </VoteType>
            <VoteType name="Provisional" votes="1">
                <Precinct name="Pearson County" votes="0" />
                <Precinct name="Axson" votes="0" />
                <Precinct name="Willacoochee" votes="1" />
                <Precinct name="Pearson City" votes="0" />
            </VoteType>
        </Choice>
        <Choice key="30" text="ERIC HOSKINS" totalVotes="398">
            <VoteType name="Election Day" votes="212">
                <Precinct name="Pearson County" votes="51" />
                <Precinct name="Axson" votes="15" />
                <Precinct name="Willacoochee" votes="96" />
                <Precinct name="Pearson City" votes="50" />
            </VoteType>
            <VoteType name="Absentee by Mail" votes="12">
                <Precinct name="Pearson County" votes="7" />
                <Precinct name="Axson" votes="0" />
                <Precinct name="Willacoochee" votes="3" />
                <Precinct name="Pearson City" votes="2" />
            </VoteType>
            <VoteType name="Advance in Person" votes="174">
                <Precinct name="Pearson County" votes="48" />
                <Precinct name="Axson" votes="11" />
                <Precinct name="Willacoochee" votes="44" />
                <Precinct name="Pearson City" votes="71" />
            </VoteType>
            <VoteType name="Provisional" votes="0">
                <Precinct name="Pearson County" votes="0" />
                <Precinct name="Axson" votes="0" />
                <Precinct name="Willacoochee" votes="0" />
                <Precinct name="Pearson City" votes="0" />
            </VoteType>
        </Choice>
    </Contest>
    <Contest key="50" text="U.S. Representative, District 8" isQuestion="false" precinctsReporting="4" precinctsReported="4">
        <VoteType name="Number of Precincts for Race" votes="4">
            <Precinct name="Pearson County" votes="1" />
            <Precinct name="Axson" votes="1" />
            <Precinct name="Willacoochee" votes="1" />
            <Precinct name="Pearson City" votes="1" />
        </VoteType>
        <VoteType name="Number of Precincts Reporting" votes="4">
            <Precinct name="Pearson County" votes="1" />
            <Precinct name="Axson" votes="1" />
            <Precinct name="Willacoochee" votes="1" />
            <Precinct name="Pearson City" votes="1" />
        </VoteType>
        <Choice key="20" text="AUSTIN SCOTT (I) (REP)" totalVotes="1718">
            <VoteType name="Election Day" votes="760">
                <Precinct name="Pearson County" votes="248" />
                <Precinct name="Axson" votes="182" />
                <Precinct name="Willacoochee" votes="266" />
                <Precinct name="Pearson City" votes="64" />
            </VoteType>
            <VoteType name="Absentee by Mail" votes="65">
                <Precinct name="Pearson County" votes="29" />
                <Precinct name="Axson" votes="10" />
                <Precinct name="Willacoochee" votes="16" />
                <Precinct name="Pearson City" votes="10" />
            </VoteType>
            <VoteType name="Advance in Person" votes="887">
                <Precinct name="Pearson County" votes="488" />
                <Precinct name="Axson" votes="133" />
                <Precinct name="Willacoochee" votes="179" />
                <Precinct name="Pearson City" votes="87" />
            </VoteType>
            <VoteType name="Provisional" votes="6">
                <Precinct name="Pearson County" votes="5" />
                <Precinct name="Axson" votes="0" />
                <Precinct name="Willacoochee" votes="1" />
                <Precinct name="Pearson City" votes="0" />
            </VoteType>
        </Choice>
        <Choice key="30" text="JAMES NEAL HARRIS (DEM)" totalVotes="638">
            <VoteType name="Election Day" votes="340">
                <Precinct name="Pearson County" votes="61" />
                <Precinct name="Axson" votes="29" />
                <Precinct name="Willacoochee" votes="160" />
                <Precinct name="Pearson City" votes="90" />
            </VoteType>
            <VoteType name="Absentee by Mail" votes="21">
                <Precinct name="Pearson County" votes="5" />
                <Precinct name="Axson" votes="2" />
                <Precinct name="Willacoochee" votes="3" />
                <Precinct name="Pearson City" votes="11" />
            </VoteType>
            <VoteType name="Advance in Person" votes="277">
                <Precinct name="Pearson County" votes="68" />
                <Precinct name="Axson" votes="16" />
                <Precinct name="Willacoochee" votes="71" />
                <Precinct name="Pearson City" votes="122" />
            </VoteType>
            <VoteType name="Provisional" votes="0">
                <Precinct name="Pearson County" votes="0" />
                <Precinct name="Axson" votes="0" />
                <Precinct name="Willacoochee" votes="0" />
                <Precinct name="Pearson City" votes="0" />
            </VoteType>
        </Choice>
    </Contest>
    <Contest key="70" text="State Senator, District 7" isQuestion="false" precinctsReporting="4" precinctsReported="4">
        <VoteType name="Number of Precincts for Race" votes="4">
            <Precinct name="Pearson County" votes="1" />
            <Precinct name="Axson" votes="1" />
            <Precinct name="Willacoochee" votes="1" />
            <Precinct name="Pearson City" votes="1" />
        </VoteType>
        <VoteType name="Number of Precincts Reporting" votes="4">
            <Precinct name="Pearson County" votes="1" />
            <Precinct name="Axson" votes="1" />
            <Precinct name="Willacoochee" votes="1" />
            <Precinct name="Pearson City" votes="1" />
        </VoteType>
        <Choice key="10" text="TYLER HARPER (I) (REP)" totalVotes="2028">
            <VoteType name="Election Day" votes="933">
                <Precinct name="Pearson County" votes="288" />
                <Precinct name="Axson" votes="198" />
                <Precinct name="Willacoochee" votes="335" />
                <Precinct name="Pearson City" votes="112" />
            </VoteType>
            <VoteType name="Absentee by Mail" votes="80">
                <Precinct name="Pearson County" votes="32" />
                <Precinct name="Axson" votes="12" />
                <Precinct name="Willacoochee" votes="18" />
                <Precinct name="Pearson City" votes="18" />
            </VoteType>
            <VoteType name="Advance in Person" votes="1014">
                <Precinct name="Pearson County" votes="514" />
                <Precinct name="Axson" votes="139" />
                <Precinct name="Willacoochee" votes="213" />
                <Precinct name="Pearson City" votes="148" />
            </VoteType>
            <VoteType name="Provisional" votes="1">
                <Precinct name="Pearson County" votes="0" />
                <Precinct name="Axson" votes="0" />
                <Precinct name="Willacoochee" votes="1" />
                <Precinct name="Pearson City" votes="0" />
            </VoteType>
        </Choice>
    </Contest>
    <Contest key="90" text="State Representative, District 176" isQuestion="false" precinctsReporting="4" precinctsReported="4">
        <VoteType name="Number of Precincts for Race" votes="4">
            <Precinct name="Pearson County" votes="1" />
            <Precinct name="Axson" votes="1" />
            <Precinct name="Willacoochee" votes="1" />
            <Precinct name="Pearson City" votes="1" />
        </VoteType>
        <VoteType name="Number of Precincts Reporting" votes="4">
            <Precinct name="Pearson County" votes="1" />
            <Precinct name="Axson" votes="1" />
            <Precinct name="Willacoochee" votes="1" />
            <Precinct name="Pearson City" votes="1" />
        </VoteType>
        <Choice key="10" text="JASON SHAW (I) (REP)" totalVotes="1991">
            <VoteType name="Election Day" votes="919">
                <Precinct name="Pearson County" votes="281" />
                <Precinct name="Axson" votes="199" />
                <Precinct name="Willacoochee" votes="327" />
                <Precinct name="Pearson City" votes="112" />
            </VoteType>
            <VoteType name="Absentee by Mail" votes="79">
                <Precinct name="Pearson County" votes="31" />
                <Precinct name="Axson" votes="12" />
                <Precinct name="Willacoochee" votes="18" />
                <Precinct name="Pearson City" votes="18" />
            </VoteType>
            <VoteType name="Advance in Person" votes="992">
                <Precinct name="Pearson County" votes="505" />
                <Precinct name="Axson" votes="136" />
                <Precinct name="Willacoochee" votes="206" />
                <Precinct name="Pearson City" votes="145" />
            </VoteType>
            <VoteType name="Provisional" votes="1">
                <Precinct name="Pearson County" votes="0" />
                <Precinct name="Axson" votes="0" />
                <Precinct name="Willacoochee" votes="1" />
                <Precinct name="Pearson City" votes="0" />
            </VoteType>
        </Choice>
    </Contest>
    <Contest key="100" text="District Attorney, Alapaha Circuit" isQuestion="false" precinctsReporting="4" precinctsReported="4">
        <VoteType name="Number of Precincts for Race" votes="4">
            <Precinct name="Pearson County" votes="1" />
            <Precinct name="Axson" votes="1" />
            <Precinct name="Willacoochee" votes="1" />
            <Precinct name="Pearson City" votes="1" />
        </VoteType>
        <VoteType name="Number of Precincts Reporting" votes="4">
            <Precinct name="Pearson County" votes="1" />
            <Precinct name="Axson" votes="1" />
            <Precinct name="Willacoochee" votes="1" />
            <Precinct name="Pearson City" votes="1" />
        </VoteType>
        <Choice key="10" text="DICK PERRYMAN (I) (REP)" totalVotes="1994">
            <VoteType name="Election Day" votes="928">
                <Precinct name="Pearson County" votes="283" />
                <Precinct name="Axson" votes="197" />
                <Precinct name="Willacoochee" votes="335" />
                <Precinct name="Pearson City" votes="113" />
            </VoteType>
            <VoteType name="Absentee by Mail" votes="74">
                <Precinct name="Pearson County" votes="28" />
                <Precinct name="Axson" votes="11" />
                <Precinct name="Willacoochee" votes="17" />
                <Precinct name="Pearson City" votes="18" />
            </VoteType>
            <VoteType name="Advance in Person" votes="991">
                <Precinct name="Pearson County" votes="500" />
                <Precinct name="Axson" votes="135" />
                <Precinct name="Willacoochee" votes="204" />
                <Precinct name="Pearson City" votes="152" />
            </VoteType>
            <VoteType name="Provisional" votes="1">
                <Precinct name="Pearson County" votes="0" />
                <Precinct name="Axson" votes="0" />
                <Precinct name="Willacoochee" votes="1" />
                <Precinct name="Pearson City" votes="0" />
            </VoteType>
        </Choice>
    </Contest>
    <Contest key="150" text="CLERK, SUPERIOR COURT" isQuestion="false" precinctsReporting="4" precinctsReported="4">
        <VoteType name="Number of Precincts for Race" votes="4">
            <Precinct name="Pearson County" votes="1" />
            <Precinct name="Axson" votes="1" />
            <Precinct name="Willacoochee" votes="1" />
            <Precinct name="Pearson City" votes="1" />
        </VoteType>
        <VoteType name="Number of Precincts Reporting" votes="4">
            <Precinct name="Pearson County" votes="1" />
            <Precinct name="Axson" votes="1" />
            <Precinct name="Willacoochee" votes="1" />
            <Precinct name="Pearson City" votes="1" />
        </VoteType>
        <Choice key="10" text="C. G DILLINGHAM(I) R" totalVotes="2119">
            <VoteType name="Election Day" votes="990">
                <Precinct name="Pearson County" votes="284" />
                <Precinct name="Axson" votes="209" />
                <Precinct name="Willacoochee" votes="362" />
                <Precinct name="Pearson City" votes="135" />
            </VoteType>
            <VoteType name="Absentee by Mail" votes="80">
                <Precinct name="Pearson County" votes="30" />
                <Precinct name="Axson" votes="13" />
                <Precinct name="Willacoochee" votes="18" />
                <Precinct name="Pearson City" votes="19" />
            </VoteType>
            <VoteType name="Advance in Person" votes="1048">
                <Precinct name="Pearson County" votes="519" />
                <Precinct name="Axson" votes="139" />
                <Precinct name="Willacoochee" votes="223" />
                <Precinct name="Pearson City" votes="167" />
            </VoteType>
            <VoteType name="Provisional" votes="1">
                <Precinct name="Pearson County" votes="0" />
                <Precinct name="Axson" votes="0" />
                <Precinct name="Willacoochee" votes="1" />
                <Precinct name="Pearson City" votes="0" />
            </VoteType>
        </Choice>
    </Contest>
    <Contest key="160" text="SHERIFF" isQuestion="false" precinctsReporting="4" precinctsReported="4">
        <VoteType name="Number of Precincts for Race" votes="4">
            <Precinct name="Pearson County" votes="1" />
            <Precinct name="Axson" votes="1" />
            <Precinct name="Willacoochee" votes="1" />
            <Precinct name="Pearson City" votes="1" />
        </VoteType>
        <VoteType name="Number of Precincts Reporting" votes="4">
            <Precinct name="Pearson County" votes="1" />
            <Precinct name="Axson" votes="1" />
            <Precinct name="Willacoochee" votes="1" />
            <Precinct name="Pearson City" votes="1" />
        </VoteType>
        <Choice key="10" text="D. MOORE (I) IN" totalVotes="2088">
            <VoteType name="Election Day" votes="972">
                <Precinct name="Pearson County" votes="274" />
                <Precinct name="Axson" votes="202" />
                <Precinct name="Willacoochee" votes="356" />
                <Precinct name="Pearson City" votes="140" />
            </VoteType>
            <VoteType name="Absentee by Mail" votes="80">
                <Precinct name="Pearson County" votes="31" />
                <Precinct name="Axson" votes="12" />
                <Precinct name="Willacoochee" votes="17" />
                <Precinct name="Pearson City" votes="20" />
            </VoteType>
            <VoteType name="Advance in Person" votes="1035">
                <Precinct name="Pearson County" votes="507" />
                <Precinct name="Axson" votes="131" />
                <Precinct name="Willacoochee" votes="217" />
                <Precinct name="Pearson City" votes="180" />
            </VoteType>
            <VoteType name="Provisional" votes="1">
                <Precinct name="Pearson County" votes="0" />
                <Precinct name="Axson" votes="0" />
                <Precinct name="Willacoochee" votes="1" />
                <Precinct name="Pearson City" votes="0" />
            </VoteType>
        </Choice>
    </Contest>
    <Contest key="190" text="TAX COMMISSIONER" isQuestion="false" precinctsReporting="4" precinctsReported="4">
        <VoteType name="Number of Precincts for Race" votes="4">
            <Precinct name="Pearson County" votes="1" />
            <Precinct name="Axson" votes="1" />
            <Precinct name="Willacoochee" votes="1" />
            <Precinct name="Pearson City" votes="1" />
        </VoteType>
        <VoteType name="Number of Precincts Reporting" votes="4">
            <Precinct name="Pearson County" votes="1" />
            <Precinct name="Axson" votes="1" />
            <Precinct name="Willacoochee" votes="1" />
            <Precinct name="Pearson City" votes="1" />
        </VoteType>
        <Choice key="10" text="F. H. LEE (I) R" totalVotes="2127">
            <VoteType name="Election Day" votes="992">
                <Precinct name="Pearson County" votes="294" />
                <Precinct name="Axson" votes="207" />
                <Precinct name="Willacoochee" votes="357" />
                <Precinct name="Pearson City" votes="134" />
            </VoteType>
            <VoteType name="Absentee by Mail" votes="80">
                <Precinct name="Pearson County" votes="30" />
                <Precinct name="Axson" votes="12" />
                <Precinct name="Willacoochee" votes="18" />
                <Precinct name="Pearson City" votes="20" />
            </VoteType>
            <VoteType name="Advance in Person" votes="1055">
                <Precinct name="Pearson County" votes="531" />
                <Precinct name="Axson" votes="137" />
                <Precinct name="Willacoochee" votes="221" />
                <Precinct name="Pearson City" votes="166" />
            </VoteType>
            <VoteType name="Provisional" votes="0">
                <Precinct name="Pearson County" votes="0" />
                <Precinct name="Axson" votes="0" />
                <Precinct name="Willacoochee" votes="0" />
                <Precinct name="Pearson City" votes="0" />
            </VoteType>
        </Choice>
    </Contest>
    <Contest key="220" text="SURVEYOR" isQuestion="false" precinctsReporting="4" precinctsReported="4">
        <VoteType name="Number of Precincts for Race" votes="4">
            <Precinct name="Pearson County" votes="1" />
            <Precinct name="Axson" votes="1" />
            <Precinct name="Willacoochee" votes="1" />
            <Precinct name="Pearson City" votes="1" />
        </VoteType>
        <VoteType name="Number of Precincts Reporting" votes="4">
            <Precinct name="Pearson County" votes="1" />
            <Precinct name="Axson" votes="1" />
            <Precinct name="Willacoochee" votes="1" />
            <Precinct name="Pearson City" votes="1" />
        </VoteType>
        <Choice key="10" text="C. WHITE JR (I) D" totalVotes="2083">
            <VoteType name="Election Day" votes="967">
                <Precinct name="Pearson County" votes="282" />
                <Precinct name="Axson" votes="187" />
                <Precinct name="Willacoochee" votes="360" />
                <Precinct name="Pearson City" votes="138" />
            </VoteType>
            <VoteType name="Absentee by Mail" votes="74">
                <Precinct name="Pearson County" votes="26" />
                <Precinct name="Axson" votes="12" />
                <Precinct name="Willacoochee" votes="17" />
                <Precinct name="Pearson City" votes="19" />
            </VoteType>
            <VoteType name="Advance in Person" votes="1042">
                <Precinct name="Pearson County" votes="502" />
                <Precinct name="Axson" votes="130" />
                <Precinct name="Willacoochee" votes="220" />
                <Precinct name="Pearson City" votes="190" />
            </VoteType>
            <VoteType name="Provisional" votes="0">
                <Precinct name="Pearson County" votes="0" />
                <Precinct name="Axson" votes="0" />
                <Precinct name="Willacoochee" votes="0" />
                <Precinct name="Pearson City" votes="0" />
            </VoteType>
        </Choice>
    </Contest>
    <Contest key="230" text="CORONER" isQuestion="false" precinctsReporting="4" precinctsReported="4">
        <VoteType name="Number of Precincts for Race" votes="4">
            <Precinct name="Pearson County" votes="1" />
            <Precinct name="Axson" votes="1" />
            <Precinct name="Willacoochee" votes="1" />
            <Precinct name="Pearson City" votes="1" />
        </VoteType>
        <VoteType name="Number of Precincts Reporting" votes="4">
            <Precinct name="Pearson County" votes="1" />
            <Precinct name="Axson" votes="1" />
            <Precinct name="Willacoochee" votes="1" />
            <Precinct name="Pearson City" votes="1" />
        </VoteType>
        <Choice key="10" text="J. RELIHAN (R)" totalVotes="2138">
            <VoteType name="Election Day" votes="987">
                <Precinct name="Pearson County" votes="296" />
                <Precinct name="Axson" votes="208" />
                <Precinct name="Willacoochee" votes="353" />
                <Precinct name="Pearson City" votes="130" />
            </VoteType>
            <VoteType name="Absentee by Mail" votes="80">
                <Precinct name="Pearson County" votes="29" />
                <Precinct name="Axson" votes="13" />
                <Precinct name="Willacoochee" votes="18" />
                <Precinct name="Pearson City" votes="20" />
            </VoteType>
            <VoteType name="Advance in Person" votes="1071">
                <Precinct name="Pearson County" votes="550" />
                <Precinct name="Axson" votes="141" />
                <Precinct name="Willacoochee" votes="217" />
                <Precinct name="Pearson City" votes="163" />
            </VoteType>
            <VoteType name="Provisional" votes="0">
                <Precinct name="Pearson County" votes="0" />
                <Precinct name="Axson" votes="0" />
                <Precinct name="Willacoochee" votes="0" />
                <Precinct name="Pearson City" votes="0" />
            </VoteType>
        </Choice>
    </Contest>
    <Contest key="260" text="CHIEF MAGISTRATE" isQuestion="false" precinctsReporting="4" precinctsReported="4">
        <VoteType name="Number of Precincts for Race" votes="4">
            <Precinct name="Pearson County" votes="1" />
            <Precinct name="Axson" votes="1" />
            <Precinct name="Willacoochee" votes="1" />
            <Precinct name="Pearson City" votes="1" />
        </VoteType>
        <VoteType name="Number of Precincts Reporting" votes="4">
            <Precinct name="Pearson County" votes="1" />
            <Precinct name="Axson" votes="1" />
            <Precinct name="Willacoochee" votes="1" />
            <Precinct name="Pearson City" votes="1" />
        </VoteType>
        <Choice key="10" text="H. F. JAMES (I) D" totalVotes="2071">
            <VoteType name="Election Day" votes="985">
                <Precinct name="Pearson County" votes="275" />
                <Precinct name="Axson" votes="187" />
                <Precinct name="Willacoochee" votes="372" />
                <Precinct name="Pearson City" votes="151" />
            </VoteType>
            <VoteType name="Absentee by Mail" votes="74">
                <Precinct name="Pearson County" votes="26" />
                <Precinct name="Axson" votes="12" />
                <Precinct name="Willacoochee" votes="17" />
                <Precinct name="Pearson City" votes="19" />
            </VoteType>
            <VoteType name="Advance in Person" votes="1012">
                <Precinct name="Pearson County" votes="478" />
                <Precinct name="Axson" votes="122" />
                <Precinct name="Willacoochee" votes="221" />
                <Precinct name="Pearson City" votes="191" />
            </VoteType>
            <VoteType name="Provisional" votes="0">
                <Precinct name="Pearson County" votes="0" />
                <Precinct name="Axson" votes="0" />
                <Precinct name="Willacoochee" votes="0" />
                <Precinct name="Pearson City" votes="0" />
            </VoteType>
        </Choice>
    </Contest>
    <Contest key="290" text="CC, D1" isQuestion="false" precinctsReporting="1" precinctsReported="1">
        <VoteType name="Number of Precincts for Race" votes="1">
            <Precinct name="Willacoochee" votes="1" />
        </VoteType>
        <VoteType name="Number of Precincts Reporting" votes="1">
            <Precinct name="Willacoochee" votes="1" />
        </VoteType>
        <Choice key="10" text="G. JOINER (R)" totalVotes="263">
            <VoteType name="Election Day" votes="168">
                <Precinct name="Willacoochee" votes="168" />
            </VoteType>
            <VoteType name="Absentee by Mail" votes="8">
                <Precinct name="Willacoochee" votes="8" />
            </VoteType>
            <VoteType name="Advance in Person" votes="87">
                <Precinct name="Willacoochee" votes="87" />
            </VoteType>
            <VoteType name="Provisional" votes="0">
                <Precinct name="Willacoochee" votes="0" />
            </VoteType>
        </Choice>
        <Choice key="20" text="J. ROBERTS JR (I) D" totalVotes="277">
            <VoteType name="Election Day" votes="180">
                <Precinct name="Willacoochee" votes="180" />
            </VoteType>
            <VoteType name="Absentee by Mail" votes="6">
                <Precinct name="Willacoochee" votes="6" />
            </VoteType>
            <VoteType name="Advance in Person" votes="91">
                <Precinct name="Willacoochee" votes="91" />
            </VoteType>
            <VoteType name="Provisional" votes="0">
                <Precinct name="Willacoochee" votes="0" />
            </VoteType>
        </Choice>
    </Contest>
    <Contest key="330" text="CC, D3" isQuestion="false" precinctsReporting="2" precinctsReported="2">
        <VoteType name="Number of Precincts for Race" votes="2">
            <Precinct name="Pearson County" votes="1" />
            <Precinct name="Willacoochee" votes="1" />
        </VoteType>
        <VoteType name="Number of Precincts Reporting" votes="2">
            <Precinct name="Pearson County" votes="1" />
            <Precinct name="Willacoochee" votes="1" />
        </VoteType>
        <Choice key="10" text="C.  GILLIS (I) R" totalVotes="505">
            <VoteType name="Election Day" votes="199">
                <Precinct name="Pearson County" votes="114" />
                <Precinct name="Willacoochee" votes="85" />
            </VoteType>
            <VoteType name="Absentee by Mail" votes="18">
                <Precinct name="Pearson County" votes="13" />
                <Precinct name="Willacoochee" votes="5" />
            </VoteType>
            <VoteType name="Advance in Person" votes="287">
                <Precinct name="Pearson County" votes="225" />
                <Precinct name="Willacoochee" votes="62" />
            </VoteType>
            <VoteType name="Provisional" votes="1">
                <Precinct name="Pearson County" votes="0" />
                <Precinct name="Willacoochee" votes="1" />
            </VoteType>
        </Choice>
    </Contest>
    <Contest key="370" text="CC, D5" isQuestion="false" precinctsReporting="2" precinctsReported="2">
        <VoteType name="Number of Precincts for Race" votes="2">
            <Precinct name="Pearson County" votes="1" />
            <Precinct name="Axson" votes="1" />
        </VoteType>
        <VoteType name="Number of Precincts Reporting" votes="2">
            <Precinct name="Pearson County" votes="1" />
            <Precinct name="Axson" votes="1" />
        </VoteType>
        <Choice key="10" text="T. E. URSREY (I) R" totalVotes="477">
            <VoteType name="Election Day" votes="246">
                <Precinct name="Pearson County" votes="49" />
                <Precinct name="Axson" votes="197" />
            </VoteType>
            <VoteType name="Absentee by Mail" votes="13">
                <Precinct name="Pearson County" votes="2" />
                <Precinct name="Axson" votes="11" />
            </VoteType>
            <VoteType name="Advance in Person" votes="218">
                <Precinct name="Pearson County" votes="95" />
                <Precinct name="Axson" votes="123" />
            </VoteType>
            <VoteType name="Provisional" votes="0">
                <Precinct name="Pearson County" votes="0" />
                <Precinct name="Axson" votes="0" />
            </VoteType>
        </Choice>
    </Contest>
    <Contest key="400" text="BOE, D2" isQuestion="false" precinctsReporting="2" precinctsReported="2">
        <VoteType name="Number of Precincts for Race" votes="2">
            <Precinct name="Pearson County" votes="1" />
            <Precinct name="Pearson City" votes="1" />
        </VoteType>
        <VoteType name="Number of Precincts Reporting" votes="2">
            <Precinct name="Pearson County" votes="1" />
            <Precinct name="Pearson City" votes="1" />
        </VoteType>
        <Choice key="10" text="S. F. COOP (I) D" totalVotes="299">
            <VoteType name="Election Day" votes="128">
                <Precinct name="Pearson County" votes="11" />
                <Precinct name="Pearson City" votes="117" />
            </VoteType>
            <VoteType name="Absentee by Mail" votes="14">
                <Precinct name="Pearson County" votes="1" />
                <Precinct name="Pearson City" votes="13" />
            </VoteType>
            <VoteType name="Advance in Person" votes="157">
                <Precinct name="Pearson County" votes="31" />
                <Precinct name="Pearson City" votes="126" />
            </VoteType>
            <VoteType name="Provisional" votes="0">
                <Precinct name="Pearson County" votes="0" />
                <Precinct name="Pearson City" votes="0" />
            </VoteType>
        </Choice>
    </Contest>
    <Contest key="410" text="BOE, D4" isQuestion="false" precinctsReporting="2" precinctsReported="2">
        <VoteType name="Number of Precincts for Race" votes="2">
            <Precinct name="Pearson County" votes="1" />
            <Precinct name="Pearson City" votes="1" />
        </VoteType>
        <VoteType name="Number of Precincts Reporting" votes="2">
            <Precinct name="Pearson County" votes="1" />
            <Precinct name="Pearson City" votes="1" />
        </VoteType>
        <Choice key="10" text="D. R. SMITH (R)" totalVotes="354">
            <VoteType name="Election Day" votes="134">
                <Precinct name="Pearson County" votes="111" />
                <Precinct name="Pearson City" votes="23" />
            </VoteType>
            <VoteType name="Absentee by Mail" votes="19">
                <Precinct name="Pearson County" votes="12" />
                <Precinct name="Pearson City" votes="7" />
            </VoteType>
            <VoteType name="Advance in Person" votes="201">
                <Precinct name="Pearson County" votes="159" />
                <Precinct name="Pearson City" votes="42" />
            </VoteType>
            <VoteType name="Provisional" votes="0">
                <Precinct name="Pearson County" votes="0" />
                <Precinct name="Pearson City" votes="0" />
            </VoteType>
        </Choice>
    </Contest>
    <Contest key="440" text="SOIL AND WATER" isQuestion="false" precinctsReporting="4" precinctsReported="4">
        <VoteType name="Number of Precincts for Race" votes="4">
            <Precinct name="Pearson County" votes="1" />
            <Precinct name="Axson" votes="1" />
            <Precinct name="Willacoochee" votes="1" />
            <Precinct name="Pearson City" votes="1" />
        </VoteType>
        <VoteType name="Number of Precincts Reporting" votes="4">
            <Precinct name="Pearson County" votes="1" />
            <Precinct name="Axson" votes="1" />
            <Precinct name="Willacoochee" votes="1" />
            <Precinct name="Pearson City" votes="1" />
        </VoteType>
        <Choice key="10" text="M. H. GIDDENS JR (I)" totalVotes="2030">
            <VoteType name="Election Day" votes="945">
                <Precinct name="Pearson County" votes="281" />
                <Precinct name="Axson" votes="189" />
                <Precinct name="Willacoochee" votes="350" />
                <Precinct name="Pearson City" votes="125" />
            </VoteType>
            <VoteType name="Absentee by Mail" votes="81">
                <Precinct name="Pearson County" votes="31" />
                <Precinct name="Axson" votes="13" />
                <Precinct name="Willacoochee" votes="17" />
                <Precinct name="Pearson City" votes="20" />
            </VoteType>
            <VoteType name="Advance in Person" votes="1003">
                <Precinct name="Pearson County" votes="491" />
                <Precinct name="Axson" votes="131" />
                <Precinct name="Willacoochee" votes="214" />
                <Precinct name="Pearson City" votes="167" />
            </VoteType>
            <VoteType name="Provisional" votes="1">
                <Precinct name="Pearson County" votes="0" />
                <Precinct name="Axson" votes="0" />
                <Precinct name="Willacoochee" votes="1" />
                <Precinct name="Pearson City" votes="0" />
            </VoteType>
        </Choice>
    </Contest>
    <Contest key="460" text="Constitutional Amendment #1&lt;br&gt;Provides greater flexibility and state accountability to fix failing schools through increasing community involvement." isQuestion="false" precinctsReporting="4" precinctsReported="4">
        <VoteType name="Number of Precincts for Race" votes="4">
            <Precinct name="Pearson County" votes="1" />
            <Precinct name="Axson" votes="1" />
            <Precinct name="Willacoochee" votes="1" />
            <Precinct name="Pearson City" votes="1" />
        </VoteType>
        <VoteType name="Number of Precincts Reporting" votes="4">
            <Precinct name="Pearson County" votes="1" />
            <Precinct name="Axson" votes="1" />
            <Precinct name="Willacoochee" votes="1" />
            <Precinct name="Pearson City" votes="1" />
        </VoteType>
        <Choice key="10" text="YES" totalVotes="839">
            <VoteType name="Election Day" votes="439">
                <Precinct name="Pearson County" votes="122" />
                <Precinct name="Axson" votes="81" />
                <Precinct name="Willacoochee" votes="158" />
                <Precinct name="Pearson City" votes="78" />
            </VoteType>
            <VoteType name="Absentee by Mail" votes="36">
                <Precinct name="Pearson County" votes="9" />
                <Precinct name="Axson" votes="2" />
                <Precinct name="Willacoochee" votes="12" />
                <Precinct name="Pearson City" votes="13" />
            </VoteType>
            <VoteType name="Advance in Person" votes="364">
                <Precinct name="Pearson County" votes="147" />
                <Precinct name="Axson" votes="42" />
                <Precinct name="Willacoochee" votes="73" />
                <Precinct name="Pearson City" votes="102" />
            </VoteType>
            <VoteType name="Provisional" votes="0">
                <Precinct name="Pearson County" votes="0" />
                <Precinct name="Axson" votes="0" />
                <Precinct name="Willacoochee" votes="0" />
                <Precinct name="Pearson City" votes="0" />
            </VoteType>
        </Choice>
        <Choice key="20" text="NO" totalVotes="1591">
            <VoteType name="Election Day" votes="698">
                <Precinct name="Pearson County" votes="199" />
                <Precinct name="Axson" votes="144" />
                <Precinct name="Willacoochee" votes="271" />
                <Precinct name="Pearson City" votes="84" />
            </VoteType>
            <VoteType name="Absentee by Mail" votes="50">
                <Precinct name="Pearson County" votes="25" />
                <Precinct name="Axson" votes="10" />
                <Precinct name="Willacoochee" votes="6" />
                <Precinct name="Pearson City" votes="9" />
            </VoteType>
            <VoteType name="Advance in Person" votes="842">
                <Precinct name="Pearson County" votes="436" />
                <Precinct name="Axson" votes="111" />
                <Precinct name="Willacoochee" votes="183" />
                <Precinct name="Pearson City" votes="112" />
            </VoteType>
            <VoteType name="Provisional" votes="1">
                <Precinct name="Pearson County" votes="0" />
                <Precinct name="Axson" votes="0" />
                <Precinct name="Willacoochee" votes="1" />
                <Precinct name="Pearson City" votes="0" />
            </VoteType>
        </Choice>
    </Contest>
    <Contest key="470" text="Constitutional Amendment #2&lt;br&gt;Authorizes penalties for sexual exploitation and assessments on adult entertainment to fund child victims' services." isQuestion="false" precinctsReporting="4" precinctsReported="4">
        <VoteType name="Number of Precincts for Race" votes="4">
            <Precinct name="Pearson County" votes="1" />
            <Precinct name="Axson" votes="1" />
            <Precinct name="Willacoochee" votes="1" />
            <Precinct name="Pearson City" votes="1" />
        </VoteType>
        <VoteType name="Number of Precincts Reporting" votes="4">
            <Precinct name="Pearson County" votes="1" />
            <Precinct name="Axson" votes="1" />
            <Precinct name="Willacoochee" votes="1" />
            <Precinct name="Pearson City" votes="1" />
        </VoteType>
        <Choice key="10" text="YES" totalVotes="1869">
            <VoteType name="Election Day" votes="885">
                <Precinct name="Pearson County" votes="255" />
                <Precinct name="Axson" votes="186" />
                <Precinct name="Willacoochee" votes="326" />
                <Precinct name="Pearson City" votes="118" />
            </VoteType>
            <VoteType name="Absentee by Mail" votes="71">
                <Precinct name="Pearson County" votes="29" />
                <Precinct name="Axson" votes="10" />
                <Precinct name="Willacoochee" votes="16" />
                <Precinct name="Pearson City" votes="16" />
            </VoteType>
            <VoteType name="Advance in Person" votes="912">
                <Precinct name="Pearson County" votes="441" />
                <Precinct name="Axson" votes="114" />
                <Precinct name="Willacoochee" votes="193" />
                <Precinct name="Pearson City" votes="164" />
            </VoteType>
            <VoteType name="Provisional" votes="1">
                <Precinct name="Pearson County" votes="0" />
                <Precinct name="Axson" votes="0" />
                <Precinct name="Willacoochee" votes="1" />
                <Precinct name="Pearson City" votes="0" />
            </VoteType>
        </Choice>
        <Choice key="20" text="NO" totalVotes="485">
            <VoteType name="Election Day" votes="216">
                <Precinct name="Pearson County" votes="59" />
                <Precinct name="Axson" votes="31" />
                <Precinct name="Willacoochee" votes="92" />
                <Precinct name="Pearson City" votes="34" />
            </VoteType>
            <VoteType name="Absentee by Mail" votes="9">
                <Precinct name="Pearson County" votes="1" />
                <Precinct name="Axson" votes="2" />
                <Precinct name="Willacoochee" votes="2" />
                <Precinct name="Pearson City" votes="4" />
            </VoteType>
            <VoteType name="Advance in Person" votes="260">
                <Precinct name="Pearson County" votes="124" />
                <Precinct name="Axson" votes="29" />
                <Precinct name="Willacoochee" votes="59" />
                <Precinct name="Pearson City" votes="48" />
            </VoteType>
            <VoteType name="Provisional" votes="0">
                <Precinct name="Pearson County" votes="0" />
                <Precinct name="Axson" votes="0" />
                <Precinct name="Willacoochee" votes="0" />
                <Precinct name="Pearson City" votes="0" />
            </VoteType>
        </Choice>
    </Contest>
    <Contest key="480" text="Constitutional Amendment #3&lt;br&gt;Reforms and re-establishes the Judicial Qualifications Commission and provides for its composition, governance, and powers." isQuestion="false" precinctsReporting="4" precinctsReported="4">
        <VoteType name="Number of Precincts for Race" votes="4">
            <Precinct name="Pearson County" votes="1" />
            <Precinct name="Axson" votes="1" />
            <Precinct name="Willacoochee" votes="1" />
            <Precinct name="Pearson City" votes="1" />
        </VoteType>
        <VoteType name="Number of Precincts Reporting" votes="4">
            <Precinct name="Pearson County" votes="1" />
            <Precinct name="Axson" votes="1" />
            <Precinct name="Willacoochee" votes="1" />
            <Precinct name="Pearson City" votes="1" />
        </VoteType>
        <Choice key="10" text="YES" totalVotes="1314">
            <VoteType name="Election Day" votes="643">
                <Precinct name="Pearson County" votes="176" />
                <Precinct name="Axson" votes="121" />
                <Precinct name="Willacoochee" votes="253" />
                <Precinct name="Pearson City" votes="93" />
            </VoteType>
            <VoteType name="Absentee by Mail" votes="48">
                <Precinct name="Pearson County" votes="18" />
                <Precinct name="Axson" votes="4" />
                <Precinct name="Willacoochee" votes="11" />
                <Precinct name="Pearson City" votes="15" />
            </VoteType>
            <VoteType name="Advance in Person" votes="623">
                <Precinct name="Pearson County" votes="295" />
                <Precinct name="Axson" votes="71" />
                <Precinct name="Willacoochee" votes="135" />
                <Precinct name="Pearson City" votes="122" />
            </VoteType>
            <VoteType name="Provisional" votes="0">
                <Precinct name="Pearson County" votes="0" />
                <Precinct name="Axson" votes="0" />
                <Precinct name="Willacoochee" votes="0" />
                <Precinct name="Pearson City" votes="0" />
            </VoteType>
        </Choice>
        <Choice key="20" text="NO" totalVotes="914">
            <VoteType name="Election Day" votes="409">
                <Precinct name="Pearson County" votes="119" />
                <Precinct name="Axson" votes="81" />
                <Precinct name="Willacoochee" votes="158" />
                <Precinct name="Pearson City" votes="51" />
            </VoteType>
            <VoteType name="Absentee by Mail" votes="30">
                <Precinct name="Pearson County" votes="11" />
                <Precinct name="Axson" votes="8" />
                <Precinct name="Willacoochee" votes="6" />
                <Precinct name="Pearson City" votes="5" />
            </VoteType>
            <VoteType name="Advance in Person" votes="475">
                <Precinct name="Pearson County" votes="229" />
                <Precinct name="Axson" votes="59" />
                <Precinct name="Willacoochee" votes="106" />
                <Precinct name="Pearson City" votes="81" />
            </VoteType>
            <VoteType name="Provisional" votes="0">
                <Precinct name="Pearson County" votes="0" />
                <Precinct name="Axson" votes="0" />
                <Precinct name="Willacoochee" votes="0" />
                <Precinct name="Pearson City" votes="0" />
            </VoteType>
        </Choice>
    </Contest>
    <Contest key="490" text="Constitutional Amendment #4&lt;br&gt;Dedicates revenue from existing taxes on fireworks to trauma care, fire services, and public safety." isQuestion="false" precinctsReporting="4" precinctsReported="4">
        <VoteType name="Number of Precincts for Race" votes="4">
            <Precinct name="Pearson County" votes="1" />
            <Precinct name="Axson" votes="1" />
            <Precinct name="Willacoochee" votes="1" />
            <Precinct name="Pearson City" votes="1" />
        </VoteType>
        <VoteType name="Number of Precincts Reporting" votes="4">
            <Precinct name="Pearson County" votes="1" />
            <Precinct name="Axson" votes="1" />
            <Precinct name="Willacoochee" votes="1" />
            <Precinct name="Pearson City" votes="1" />
        </VoteType>
        <Choice key="10" text="YES" totalVotes="1690">
            <VoteType name="Election Day" votes="820">
                <Precinct name="Pearson County" votes="228" />
                <Precinct name="Axson" votes="164" />
                <Precinct name="Willacoochee" votes="315" />
                <Precinct name="Pearson City" votes="113" />
            </VoteType>
            <VoteType name="Absentee by Mail" votes="65">
                <Precinct name="Pearson County" votes="23" />
                <Precinct name="Axson" votes="12" />
                <Precinct name="Willacoochee" votes="15" />
                <Precinct name="Pearson City" votes="15" />
            </VoteType>
            <VoteType name="Advance in Person" votes="804">
                <Precinct name="Pearson County" votes="389" />
                <Precinct name="Axson" votes="99" />
                <Precinct name="Willacoochee" votes="170" />
                <Precinct name="Pearson City" votes="146" />
            </VoteType>
            <VoteType name="Provisional" votes="1">
                <Precinct name="Pearson County" votes="0" />
                <Precinct name="Axson" votes="0" />
                <Precinct name="Willacoochee" votes="1" />
                <Precinct name="Pearson City" votes="0" />
            </VoteType>
        </Choice>
        <Choice key="20" text="NO" totalVotes="631">
            <VoteType name="Election Day" votes="269">
                <Precinct name="Pearson County" votes="82" />
                <Precinct name="Axson" votes="45" />
                <Precinct name="Willacoochee" votes="106" />
                <Precinct name="Pearson City" votes="36" />
            </VoteType>
            <VoteType name="Absentee by Mail" votes="16">
                <Precinct name="Pearson County" votes="8" />
                <Precinct name="Axson" votes="0" />
                <Precinct name="Willacoochee" votes="3" />
                <Precinct name="Pearson City" votes="5" />
            </VoteType>
            <VoteType name="Advance in Person" votes="346">
                <Precinct name="Pearson County" votes="165" />
                <Precinct name="Axson" votes="35" />
                <Precinct name="Willacoochee" votes="80" />
                <Precinct name="Pearson City" votes="66" />
            </VoteType>
            <VoteType name="Provisional" votes="0">
                <Precinct name="Pearson County" votes="0" />
                <Precinct name="Axson" votes="0" />
                <Precinct name="Willacoochee" votes="0" />
                <Precinct name="Pearson City" votes="0" />
            </VoteType>
        </Choice>
    </Contest>
    <Contest key="590" text="SPECIAL - BOE, D5" isQuestion="false" precinctsReporting="2" precinctsReported="2">
        <VoteType name="Number of Precincts for Race" votes="2">
            <Precinct name="Pearson County" votes="1" />
            <Precinct name="Axson" votes="1" />
        </VoteType>
        <VoteType name="Number of Precincts Reporting" votes="2">
            <Precinct name="Pearson County" votes="1" />
            <Precinct name="Axson" votes="1" />
        </VoteType>
        <Choice key="10" text="D. L. WHITE (R)" totalVotes="484">
            <VoteType name="Election Day" votes="245">
                <Precinct name="Pearson County" votes="48" />
                <Precinct name="Axson" votes="197" />
            </VoteType>
            <VoteType name="Absentee by Mail" votes="14">
                <Precinct name="Pearson County" votes="2" />
                <Precinct name="Axson" votes="12" />
            </VoteType>
            <VoteType name="Advance in Person" votes="225">
                <Precinct name="Pearson County" votes="95" />
                <Precinct name="Axson" votes="130" />
            </VoteType>
            <VoteType name="Provisional" votes="0">
                <Precinct name="Pearson County" votes="0" />
                <Precinct name="Axson" votes="0" />
            </VoteType>
        </Choice>
    </Contest>
    <Contest key="600" text="SPLOST" isQuestion="false" precinctsReporting="4" precinctsReported="4">
        <VoteType name="Number of Precincts for Race" votes="4">
            <Precinct name="Pearson County" votes="1" />
            <Precinct name="Axson" votes="1" />
            <Precinct name="Willacoochee" votes="1" />
            <Precinct name="Pearson City" votes="1" />
        </VoteType>
        <VoteType name="Number of Precincts Reporting" votes="4">
            <Precinct name="Pearson County" votes="1" />
            <Precinct name="Axson" votes="1" />
            <Precinct name="Willacoochee" votes="1" />
            <Precinct name="Pearson City" votes="1" />
        </VoteType>
        <Choice key="10" text="YES" totalVotes="1517">
            <VoteType name="Election Day" votes="722">
                <Precinct name="Pearson County" votes="195" />
                <Precinct name="Axson" votes="150" />
                <Precinct name="Willacoochee" votes="286" />
                <Precinct name="Pearson City" votes="91" />
            </VoteType>
            <VoteType name="Absentee by Mail" votes="57">
                <Precinct name="Pearson County" votes="22" />
                <Precinct name="Axson" votes="9" />
                <Precinct name="Willacoochee" votes="13" />
                <Precinct name="Pearson City" votes="13" />
            </VoteType>
            <VoteType name="Advance in Person" votes="737">
                <Precinct name="Pearson County" votes="356" />
                <Precinct name="Axson" votes="92" />
                <Precinct name="Willacoochee" votes="164" />
                <Precinct name="Pearson City" votes="125" />
            </VoteType>
            <VoteType name="Provisional" votes="1">
                <Precinct name="Pearson County" votes="0" />
                <Precinct name="Axson" votes="0" />
                <Precinct name="Willacoochee" votes="1" />
                <Precinct name="Pearson City" votes="0" />
            </VoteType>
        </Choice>
        <Choice key="20" text="NO" totalVotes="915">
            <VoteType name="Election Day" votes="427">
                <Precinct name="Pearson County" votes="125" />
                <Precinct name="Axson" votes="77" />
                <Precinct name="Willacoochee" votes="157" />
                <Precinct name="Pearson City" votes="68" />
            </VoteType>
            <VoteType name="Absentee by Mail" votes="27">
                <Precinct name="Pearson County" votes="11" />
                <Precinct name="Axson" votes="3" />
                <Precinct name="Willacoochee" votes="5" />
                <Precinct name="Pearson City" votes="8" />
            </VoteType>
            <VoteType name="Advance in Person" votes="461">
                <Precinct name="Pearson County" votes="226" />
                <Precinct name="Axson" votes="53" />
                <Precinct name="Willacoochee" votes="85" />
                <Precinct name="Pearson City" votes="97" />
            </VoteType>
            <VoteType name="Provisional" votes="0">
                <Precinct name="Pearson County" votes="0" />
                <Precinct name="Axson" votes="0" />
                <Precinct name="Willacoochee" votes="0" />
                <Precinct name="Pearson City" votes="0" />
            </VoteType>
        </Choice>
    </Contest>
</ElectionResult>