"line number","contest name","choice name","party name","total votes","percent of votes","registered voters","ballots cast","num Precinct total","num Precinct rptg","over votes","under votes"
1,"President of the United States","DONALD J. TRUMP","",51468,16.47,419871,319285,192,192,"0","0"
2,"President of the United States","HILLARY CLINTON","",251370,80.44,419871,319285,192,192,"0","0"
3,"President of the United States","GARY JOHNSON","",9666,3.09,419871,319285,192,192,"0","0"
4,"United States Senator, Isakson","JOHNNY ISAKSON (I)","",70994,23.58,419871,319285,192,192,"0","0"
5,"United States Senator, Isakson","JIM BARKSDALE","",218383,72.52,419871,319285,192,192,"0","0"
6,"United States Senator, Isakson","ALLEN BUCKLEY","",11761,3.91,419871,319285,192,192,"0","0"
7,"Public Service Commission, District 2 - Eastern","TIM ECHOLS (I)","",103738,40.19,419871,318806,192,192,"0","0"
8,"Public Service Commission, District 2 - Eastern","ERIC HOSKINS","",154359,59.81,419871,318806,192,192,"0","0"
9,"U.S. Representative, District 4","VICTOR ARMENDARIZ (REP)","",18771,12.07,219721,162423,100,100,"0","0"
10,"U.S. Representative, District 4","HENRY C �HANK� JOHNSON JR (I) (DEM)","",136742,87.93,219721,162423,100,100,"0","0"
11,"U.S. Representative, District 5","DOUGLAS BELL","",10448,13.44,106001,80762,49,49,"0","0"
12,"U.S. Representative, District 5","JOHN R. LEWIS (I)","",67295,86.56,106001,80762,49,49,"0","0"
13,"U.S. Representative, District 6","TOM PRICE (I)","",37879,52.46,94149,76100,43,43,"0","0"
14,"U.S. Representative, District 6","RODNEY STOOKSBURY","",34326,47.54,94149,76100,43,43,"0","0"
15,"State Senator, District 10","EMANUEL JONES (I) (DEM)","",38448,100.00,56646,41299,24,24,"0","0"
16,"State Senator, District 40","FRAN MILLAR (I) (REP)","",31747,55.13,75173,60760,36,36,"0","0"
17,"State Senator, District 40","TAMARA JOHNSON-SHEALEY (DEM)","",25842,44.87,75173,60760,36,36,"0","0"
18,"State Senator, District 41","STEVE HENSON (I) (DEM)","",41728,100.00,69653,50016,35,35,"0","0"
19,"State Senator, District 42","KENNETH BRETT QUARTERMAN (REP)","",18687,23.12,107083,85724,50,50,"0","0"
20,"State Senator, District 42","ELENA PARENT (I) (DEM)","",62146,76.88,107083,85724,50,50,"0","0"
21,"State Senator, District 43","JANICE VAN NESS (I) (REP)","",1054,5.74,26020,18981,11,11,"0","0"
22,"State Senator, District 43","TONYA P. ANDERSON (DEM)","",17305,94.26,26020,18981,11,11,"0","0"
23,"State Senator, District 44","GAIL DAVENPORT (I)","",22690,100.00,34775,24956,16,16,"0","0"
24,"State Senator, District 55","ANNETTE  DAVIS JACKSON (REP)","",2060,5.78,50521,37070,22,22,"0","0"
25,"State Senator, District 55","GLORIA BUTLER (I) (DEM)","",33600,94.22,50521,37070,22,22,"0","0"
26,"State Representative, District 79","TOM TAYLOR (I) (REP)","",18108,100.00,30870,25074,15,15,"0","0"
27,"State Representative, District 80","MEAGAN HANSON (REP)","",8860,49.63,22761,18598,11,11,"0","0"
28,"State Representative, District 80","TAYLOR BENNETT (I) (DEM)","",8993,50.37,22761,18598,11,11,"0","0"
29,"State Representative, District 81","LANE FLYNN (REP)","",6610,41.70,20721,16765,15,15,"0","0"
30,"State Representative, District 81","SCOTT HOLCOMB (I) (DEM)","",9242,58.30,20721,16765,15,15,"0","0"
31,"State Representative, District 82","MARY MARGARET OLIVER (I) (DEM)","",18185,100.00,28544,22734,14,14,"0","0"
32,"State Representative, District 83","HOWARD MOSBY (I) (DEM)","",24122,100.00,36684,27990,17,17,"0","0"
33,"State Representative, District 84","RENITTA SHANNON (DEM)","",25287,100.00,37481,28903,19,19,"0","0"
34,"State Representative, District 85","KARLA DRENNER (I) (DEM)","",17927,100.00,29614,20911,18,18,"0","0"
35,"State Representative, District 86","MICHELE HENSON (I) (DEM)","",19124,100.00,31444,23119,17,17,"0","0"
36,"State Representative, District 87","EARNEST ""COACH"" WILLIAMS (I) (DEM)","",21595,100.00,34628,25366,20,20,"0","0"
37,"State Representative, District 88","BILLY MITCHELL (I) (DEM)","",19003,100.00,31351,22806,17,17,"0","0"
38,"State Representative, District 89","STACEY Y ABRAMS (I) (DEM)","",26039,100.00,38150,29289,14,14,"0","0"
39,"State Representative, District 90","PAM STEPHENSON (I) (DEM)","",15065,100.00,21035,16250,9,9,"0","0"
40,"State Representative, District 91","CARL ANUSZCZYK (REP)","",585,6.44,13387,9456,4,4,"0","0"
41,"State Representative, District 91","VERNON JONES (DEM)","",8499,93.56,13387,9456,4,4,"0","0"
42,"State Representative, District 92","DOREEN CARTER (I) (DEM)","",8823,100.00,13955,9519,7,7,"0","0"
43,"State Representative, District 93","DARSHUN KENDRICK (I) (DEM)","",7582,100.00,10725,8179,4,4,"0","0"
44,"State Representative, District 94","KAREN BENNETT (I) (DEM)","",12889,100.00,18521,13847,7,7,"0","0"
45,"District Attorney, Stone Mountain Circuit","SHERRY BOSTON (DEM)","",267824,100.00,419871,318806,192,192,"0","0"
46,"Clerk of Superior Ct","D. DEBERRY (I)(D)","",266015,100.00,419871,318806,192,192,"0","0"
47,"Sheriff","H. DENNIS (R)","",59246,19.84,419871,318806,192,192,"0","0"
48,"Sheriff","J. MANN (I)(D)","",239379,80.16,419871,318806,192,192,"0","0"
49,"Tax Commissioner","I. JOHNSON (I)(D)","",267275,100.00,419871,318806,192,192,"0","0"
50,"Chief Magistrate","B. ANDERSON (I)(D)","",263326,100.00,419871,318806,192,192,"0","0"
51,"Solicitor General","COLEMAN-STRIBLING(D)","",264602,100.00,419871,318806,192,192,"0","0"
52,"CEO","J. LOVELACE (R)","",60621,20.05,419871,318806,192,192,"0","0"
53,"CEO","M. THURMOND (D)","",241773,79.95,419871,318806,192,192,"0","0"
54,"CC-D1","N. JESTER (I)(R)","",44630,100.00,77071,62422,39,39,"0","0"
55,"CC D4","W. WILLIS (R)","",6423,11.90,78704,56847,38,38,"0","0"
56,"CC D4","S. BRADSHAW (D)","",47550,88.10,78704,56847,38,38,"0","0"
57,"CC D5","M. JOHNSON (I)(D)","",56768,100.00,84473,60918,36,36,"0","0"
58,"CC D6","K. GANNON (I)(D)","",128744,100.00,207224,162531,98,98,"0","0"
59,"Soil and Water","D. DENTON (I)","",195524,51.98,419871,318806,192,192,"0","0"
60,"Soil and Water","D. MACREGOR (I)","",180602,48.02,419871,318806,192,192,"0","0"
61,"Constitutional Amendment #1<br>Provides greater flexibility and state accountability to fix failing schools through increasing community involvement.","YES","",110793,35.73,419871,318806,192,192,"0","0"
62,"Constitutional Amendment #1<br>Provides greater flexibility and state accountability to fix failing schools through increasing community involvement.","NO","",199332,64.27,419871,318806,192,192,"0","0"
63,"Constitutional Amendment #2<br>Authorizes penalties for sexual exploitation and assessments on adult entertainment to fund child victims' services.","YES","",250959,81.92,419871,318806,192,192,"0","0"
64,"Constitutional Amendment #2<br>Authorizes penalties for sexual exploitation and assessments on adult entertainment to fund child victims' services.","NO","",55371,18.08,419871,318806,192,192,"0","0"
65,"Constitutional Amendment #3<br>Reforms and re-establishes the Judicial Qualifications Commission and provides for its composition, governance, and powers.","YES","",171293,59.18,419871,318806,192,192,"0","0"
66,"Constitutional Amendment #3<br>Reforms and re-establishes the Judicial Qualifications Commission and provides for its composition, governance, and powers.","NO","",118133,40.82,419871,318806,192,192,"0","0"
67,"Constitutional Amendment #4<br>Dedicates revenue from existing taxes on fireworks to trauma care, fire services, and public safety.","YES","",253889,83.31,419871,318806,192,192,"0","0"
68,"Constitutional Amendment #4<br>Dedicates revenue from existing taxes on fireworks to trauma care, fire services, and public safety.","NO","",50849,16.69,419871,318806,192,192,"0","0"
69,"CC - D7","G. ADAMS (D)","",34533,26.02,212647,156275,101,101,"0","0"
70,"CC - D7","D. ADOMA (D)","",20438,15.40,212647,156275,101,101,"0","0"
71,"CC - D7","G. CHIDI (D)","",6412,4.83,212647,156275,101,101,"0","0"
72,"CC - D7","F. COFFIELD (D)","",14635,11.03,212647,156275,101,101,"0","0"
73,"CC - D7","J. EDMONDSON (D)","",6854,5.17,212647,156275,101,101,"0","0"
74,"CC - D7","R. MANGHAM (D)","",21664,16.33,212647,156275,101,101,"0","0"
75,"CC - D7","E. PATTON (D)","",6235,4.70,212647,156275,101,101,"0","0"
76,"CC - D7","R. ROBINZINE (D)","",11480,8.65,212647,156275,101,101,"0","0"
77,"CC - D7","J. TOLBERT JR (D)","",10441,7.87,212647,156275,101,101,"0","0"
78,"Homestead HB 596","YES","",192908,69.13,419871,318806,192,192,"0","0"
79,"Homestead HB 596","NO","",86143,30.87,419871,318806,192,192,"0","0"
80,"Stonecrest SB 208","YES","",12849,59.33,30921,22554,19,19,"0","0"
81,"Stonecrest SB 208","NO","",8808,40.67,30921,22554,19,19,"0","0"
82,"Atlanta - T-SPLOST","YES","",13494,76.01,22739,18373,14,14,"0","0"
83,"Atlanta - T-SPLOST","NO","",4260,23.99,22739,18373,14,14,"0","0"
84,"Atlanta - Marta - Referendum","YES","",14182,79.29,22739,18373,14,14,"0","0"
85,"Atlanta - Marta - Referendum","NO","",3704,20.71,22739,18373,14,14,"0","0"
86,"Decatur Homestead SB 339","YES","",10275,85.64,15452,13251,8,8,"0","0"
87,"Decatur Homestead SB 339","NO","",1723,14.36,15452,13251,8,8,"0","0"
88,"Decatur Homestead SB 340","YES","",10126,83.21,15452,13251,8,8,"0","0"
89,"Decatur Homestead SB 340","NO","",2043,16.79,15452,13251,8,8,"0","0"
90,"Decatur Homestead SB 341","YES","",9663,83.29,15452,13251,8,8,"0","0"
91,"Decatur Homestead SB 341","NO","",1938,16.71,15452,13251,8,8,"0","0"
92,"Decatur Homestead SB 342","YES","",9683,82.19,15452,13251,8,8,"0","0"
93,"Decatur Homestead SB 342","NO","",2098,17.81,15452,13251,8,8,"0","0"
94,"Decatur Homestead SB 343","YES","",8957,75.33,15452,13251,8,8,"0","0"
95,"Decatur Homestead SB 343","NO","",2933,24.67,15452,13251,8,8,"0","0"
96,"Pine Lake Package Sales","YES","",374,89.05,512,429,1,1,"0","0"
97,"Pine Lake Package Sales","NO","",46,10.95,512,429,1,1,"0","0"
