<?xml version="1.0"?>
<!--Election result snapshot imported from Tabulation System
-->
<ElectionResult>
    <Timestamp>11/15/2016 8:45:26 AM EST</Timestamp>
    <ElectionName>November 8, 2016 - General Election</ElectionName>
    <ElectionDate>11/8/2016</ElectionDate>
    <Region>Montgomery</Region>
    <VoterTurnout totalVoters="4681" ballotsCast="3595" voterTurnout="76.80">
        <Precincts>
            <Precinct name="Ailey" totalVoters="382" ballotsCast="313" voterTurnout="81.94" percentReporting="4" />
            <Precinct name="Alston" totalVoters="397" ballotsCast="336" voterTurnout="84.63" percentReporting="4" />
            <Precinct name="Higgston" totalVoters="1075" ballotsCast="872" voterTurnout="81.12" percentReporting="4" />
            <Precinct name="Kibbee" totalVoters="417" ballotsCast="345" voterTurnout="82.73" percentReporting="4" />
            <Precinct name="Mount Vernon" totalVoters="1276" ballotsCast="892" voterTurnout="69.91" percentReporting="4" />
            <Precinct name="Tarrytown" totalVoters="278" ballotsCast="226" voterTurnout="81.29" percentReporting="4" />
            <Precinct name="Uvalda" totalVoters="856" ballotsCast="611" voterTurnout="71.38" percentReporting="4" />
        </Precincts>
    </VoterTurnout>
    <Contest key="1" text="President of the United States" isQuestion="false" precinctsReporting="7" precinctsReported="7">
        <VoteType name="Number of Precincts for Race" votes="7">
            <Precinct name="Ailey" votes="1" />
            <Precinct name="Alston" votes="1" />
            <Precinct name="Higgston" votes="1" />
            <Precinct name="Kibbee" votes="1" />
            <Precinct name="Mount Vernon" votes="1" />
            <Precinct name="Tarrytown" votes="1" />
            <Precinct name="Uvalda" votes="1" />
        </VoteType>
        <VoteType name="Number of Precincts Reporting" votes="7">
            <Precinct name="Ailey" votes="1" />
            <Precinct name="Alston" votes="1" />
            <Precinct name="Higgston" votes="1" />
            <Precinct name="Kibbee" votes="1" />
            <Precinct name="Mount Vernon" votes="1" />
            <Precinct name="Tarrytown" votes="1" />
            <Precinct name="Uvalda" votes="1" />
        </VoteType>
        <Choice key="10" text="DONALD J. TRUMP" totalVotes="2670">
            <VoteType name="Election Day" votes="1592">
                <Precinct name="Ailey" votes="90" />
                <Precinct name="Alston" votes="187" />
                <Precinct name="Higgston" votes="430" />
                <Precinct name="Kibbee" votes="216" />
                <Precinct name="Mount Vernon" votes="223" />
                <Precinct name="Tarrytown" votes="162" />
                <Precinct name="Uvalda" votes="284" />
            </VoteType>
            <VoteType name="Absentee by Mail" votes="83">
                <Precinct name="Ailey" votes="9" />
                <Precinct name="Alston" votes="5" />
                <Precinct name="Higgston" votes="16" />
                <Precinct name="Kibbee" votes="14" />
                <Precinct name="Mount Vernon" votes="18" />
                <Precinct name="Tarrytown" votes="4" />
                <Precinct name="Uvalda" votes="17" />
            </VoteType>
            <VoteType name="Advance in Person" votes="995">
                <Precinct name="Ailey" votes="120" />
                <Precinct name="Alston" votes="101" />
                <Precinct name="Higgston" votes="244" />
                <Precinct name="Kibbee" votes="77" />
                <Precinct name="Mount Vernon" votes="259" />
                <Precinct name="Tarrytown" votes="41" />
                <Precinct name="Uvalda" votes="153" />
            </VoteType>
            <VoteType name="Provisional" votes="0">
                <Precinct name="Ailey" votes="0" />
                <Precinct name="Alston" votes="0" />
                <Precinct name="Higgston" votes="0" />
                <Precinct name="Kibbee" votes="0" />
                <Precinct name="Mount Vernon" votes="0" />
                <Precinct name="Tarrytown" votes="0" />
                <Precinct name="Uvalda" votes="0" />
            </VoteType>
        </Choice>
        <Choice key="20" text="HILLARY CLINTON" totalVotes="847">
            <VoteType name="Election Day" votes="520">
                <Precinct name="Ailey" votes="65" />
                <Precinct name="Alston" votes="24" />
                <Precinct name="Higgston" votes="97" />
                <Precinct name="Kibbee" votes="15" />
                <Precinct name="Mount Vernon" votes="195" />
                <Precinct name="Tarrytown" votes="15" />
                <Precinct name="Uvalda" votes="109" />
            </VoteType>
            <VoteType name="Absentee by Mail" votes="43">
                <Precinct name="Ailey" votes="3" />
                <Precinct name="Alston" votes="2" />
                <Precinct name="Higgston" votes="9" />
                <Precinct name="Kibbee" votes="2" />
                <Precinct name="Mount Vernon" votes="24" />
                <Precinct name="Tarrytown" votes="0" />
                <Precinct name="Uvalda" votes="3" />
            </VoteType>
            <VoteType name="Advance in Person" votes="284">
                <Precinct name="Ailey" votes="21" />
                <Precinct name="Alston" votes="10" />
                <Precinct name="Higgston" votes="51" />
                <Precinct name="Kibbee" votes="16" />
                <Precinct name="Mount Vernon" votes="149" />
                <Precinct name="Tarrytown" votes="1" />
                <Precinct name="Uvalda" votes="36" />
            </VoteType>
            <VoteType name="Provisional" votes="0">
                <Precinct name="Ailey" votes="0" />
                <Precinct name="Alston" votes="0" />
                <Precinct name="Higgston" votes="0" />
                <Precinct name="Kibbee" votes="0" />
                <Precinct name="Mount Vernon" votes="0" />
                <Precinct name="Tarrytown" votes="0" />
                <Precinct name="Uvalda" votes="0" />
            </VoteType>
        </Choice>
        <Choice key="30" text="GARY JOHNSON" totalVotes="45">
            <VoteType name="Election Day" votes="27">
                <Precinct name="Ailey" votes="0" />
                <Precinct name="Alston" votes="3" />
                <Precinct name="Higgston" votes="8" />
                <Precinct name="Kibbee" votes="4" />
                <Precinct name="Mount Vernon" votes="7" />
                <Precinct name="Tarrytown" votes="1" />
                <Precinct name="Uvalda" votes="4" />
            </VoteType>
            <VoteType name="Absentee by Mail" votes="2">
                <Precinct name="Ailey" votes="0" />
                <Precinct name="Alston" votes="0" />
                <Precinct name="Higgston" votes="1" />
                <Precinct name="Kibbee" votes="0" />
                <Precinct name="Mount Vernon" votes="1" />
                <Precinct name="Tarrytown" votes="0" />
                <Precinct name="Uvalda" votes="0" />
            </VoteType>
            <VoteType name="Advance in Person" votes="16">
                <Precinct name="Ailey" votes="1" />
                <Precinct name="Alston" votes="1" />
                <Precinct name="Higgston" votes="6" />
                <Precinct name="Kibbee" votes="1" />
                <Precinct name="Mount Vernon" votes="5" />
                <Precinct name="Tarrytown" votes="0" />
                <Precinct name="Uvalda" votes="2" />
            </VoteType>
            <VoteType name="Provisional" votes="0">
                <Precinct name="Ailey" votes="0" />
                <Precinct name="Alston" votes="0" />
                <Precinct name="Higgston" votes="0" />
                <Precinct name="Kibbee" votes="0" />
                <Precinct name="Mount Vernon" votes="0" />
                <Precinct name="Tarrytown" votes="0" />
                <Precinct name="Uvalda" votes="0" />
            </VoteType>
        </Choice>
    </Contest>
    <Contest key="10" text="United States Senator, Isakson" isQuestion="false" precinctsReporting="7" precinctsReported="7">
        <VoteType name="Number of Precincts for Race" votes="7">
            <Precinct name="Ailey" votes="1" />
            <Precinct name="Alston" votes="1" />
            <Precinct name="Higgston" votes="1" />
            <Precinct name="Kibbee" votes="1" />
            <Precinct name="Mount Vernon" votes="1" />
            <Precinct name="Tarrytown" votes="1" />
            <Precinct name="Uvalda" votes="1" />
        </VoteType>
        <VoteType name="Number of Precincts Reporting" votes="7">
            <Precinct name="Ailey" votes="1" />
            <Precinct name="Alston" votes="1" />
            <Precinct name="Higgston" votes="1" />
            <Precinct name="Kibbee" votes="1" />
            <Precinct name="Mount Vernon" votes="1" />
            <Precinct name="Tarrytown" votes="1" />
            <Precinct name="Uvalda" votes="1" />
        </VoteType>
        <Choice key="30" text="JOHNNY ISAKSON (I)" totalVotes="2532">
            <VoteType name="Election Day" votes="1500">
                <Precinct name="Ailey" votes="96" />
                <Precinct name="Alston" votes="180" />
                <Precinct name="Higgston" votes="411" />
                <Precinct name="Kibbee" votes="197" />
                <Precinct name="Mount Vernon" votes="217" />
                <Precinct name="Tarrytown" votes="147" />
                <Precinct name="Uvalda" votes="252" />
            </VoteType>
            <VoteType name="Absentee by Mail" votes="88">
                <Precinct name="Ailey" votes="9" />
                <Precinct name="Alston" votes="5" />
                <Precinct name="Higgston" votes="19" />
                <Precinct name="Kibbee" votes="14" />
                <Precinct name="Mount Vernon" votes="21" />
                <Precinct name="Tarrytown" votes="5" />
                <Precinct name="Uvalda" votes="15" />
            </VoteType>
            <VoteType name="Advance in Person" votes="944">
                <Precinct name="Ailey" votes="118" />
                <Precinct name="Alston" votes="93" />
                <Precinct name="Higgston" votes="224" />
                <Precinct name="Kibbee" votes="78" />
                <Precinct name="Mount Vernon" votes="258" />
                <Precinct name="Tarrytown" votes="37" />
                <Precinct name="Uvalda" votes="136" />
            </VoteType>
            <VoteType name="Provisional" votes="0">
                <Precinct name="Ailey" votes="0" />
                <Precinct name="Alston" votes="0" />
                <Precinct name="Higgston" votes="0" />
                <Precinct name="Kibbee" votes="0" />
                <Precinct name="Mount Vernon" votes="0" />
                <Precinct name="Tarrytown" votes="0" />
                <Precinct name="Uvalda" votes="0" />
            </VoteType>
        </Choice>
        <Choice key="40" text="JIM BARKSDALE" totalVotes="676">
            <VoteType name="Election Day" votes="403">
                <Precinct name="Ailey" votes="40" />
                <Precinct name="Alston" votes="20" />
                <Precinct name="Higgston" votes="78" />
                <Precinct name="Kibbee" votes="13" />
                <Precinct name="Mount Vernon" votes="158" />
                <Precinct name="Tarrytown" votes="14" />
                <Precinct name="Uvalda" votes="80" />
            </VoteType>
            <VoteType name="Absentee by Mail" votes="37">
                <Precinct name="Ailey" votes="3" />
                <Precinct name="Alston" votes="2" />
                <Precinct name="Higgston" votes="7" />
                <Precinct name="Kibbee" votes="1" />
                <Precinct name="Mount Vernon" votes="21" />
                <Precinct name="Tarrytown" votes="0" />
                <Precinct name="Uvalda" votes="3" />
            </VoteType>
            <VoteType name="Advance in Person" votes="236">
                <Precinct name="Ailey" votes="21" />
                <Precinct name="Alston" votes="8" />
                <Precinct name="Higgston" votes="45" />
                <Precinct name="Kibbee" votes="10" />
                <Precinct name="Mount Vernon" votes="120" />
                <Precinct name="Tarrytown" votes="2" />
                <Precinct name="Uvalda" votes="30" />
            </VoteType>
            <VoteType name="Provisional" votes="0">
                <Precinct name="Ailey" votes="0" />
                <Precinct name="Alston" votes="0" />
                <Precinct name="Higgston" votes="0" />
                <Precinct name="Kibbee" votes="0" />
                <Precinct name="Mount Vernon" votes="0" />
                <Precinct name="Tarrytown" votes="0" />
                <Precinct name="Uvalda" votes="0" />
            </VoteType>
        </Choice>
        <Choice key="50" text="ALLEN BUCKLEY" totalVotes="93">
            <VoteType name="Election Day" votes="57">
                <Precinct name="Ailey" votes="4" />
                <Precinct name="Alston" votes="1" />
                <Precinct name="Higgston" votes="14" />
                <Precinct name="Kibbee" votes="4" />
                <Precinct name="Mount Vernon" votes="14" />
                <Precinct name="Tarrytown" votes="9" />
                <Precinct name="Uvalda" votes="11" />
            </VoteType>
            <VoteType name="Absentee by Mail" votes="0">
                <Precinct name="Ailey" votes="0" />
                <Precinct name="Alston" votes="0" />
                <Precinct name="Higgston" votes="0" />
                <Precinct name="Kibbee" votes="0" />
                <Precinct name="Mount Vernon" votes="0" />
                <Precinct name="Tarrytown" votes="0" />
                <Precinct name="Uvalda" votes="0" />
            </VoteType>
            <VoteType name="Advance in Person" votes="36">
                <Precinct name="Ailey" votes="2" />
                <Precinct name="Alston" votes="2" />
                <Precinct name="Higgston" votes="16" />
                <Precinct name="Kibbee" votes="1" />
                <Precinct name="Mount Vernon" votes="7" />
                <Precinct name="Tarrytown" votes="1" />
                <Precinct name="Uvalda" votes="7" />
            </VoteType>
            <VoteType name="Provisional" votes="0">
                <Precinct name="Ailey" votes="0" />
                <Precinct name="Alston" votes="0" />
                <Precinct name="Higgston" votes="0" />
                <Precinct name="Kibbee" votes="0" />
                <Precinct name="Mount Vernon" votes="0" />
                <Precinct name="Tarrytown" votes="0" />
                <Precinct name="Uvalda" votes="0" />
            </VoteType>
        </Choice>
    </Contest>
    <Contest key="30" text="Public Service Commission, District 2 - Eastern" isQuestion="false" precinctsReporting="7" precinctsReported="7">
        <VoteType name="Number of Precincts for Race" votes="7">
            <Precinct name="Ailey" votes="1" />
            <Precinct name="Alston" votes="1" />
            <Precinct name="Higgston" votes="1" />
            <Precinct name="Kibbee" votes="1" />
            <Precinct name="Mount Vernon" votes="1" />
            <Precinct name="Tarrytown" votes="1" />
            <Precinct name="Uvalda" votes="1" />
        </VoteType>
        <VoteType name="Number of Precincts Reporting" votes="7">
            <Precinct name="Ailey" votes="1" />
            <Precinct name="Alston" votes="1" />
            <Precinct name="Higgston" votes="1" />
            <Precinct name="Kibbee" votes="1" />
            <Precinct name="Mount Vernon" votes="1" />
            <Precinct name="Tarrytown" votes="1" />
            <Precinct name="Uvalda" votes="1" />
        </VoteType>
        <Choice key="20" text="TIM ECHOLS (I)" totalVotes="2589">
            <VoteType name="Election Day" votes="1536">
                <Precinct name="Ailey" votes="93" />
                <Precinct name="Alston" votes="178" />
                <Precinct name="Higgston" votes="426" />
                <Precinct name="Kibbee" votes="194" />
                <Precinct name="Mount Vernon" votes="243" />
                <Precinct name="Tarrytown" votes="148" />
                <Precinct name="Uvalda" votes="254" />
            </VoteType>
            <VoteType name="Absentee by Mail" votes="92">
                <Precinct name="Ailey" votes="11" />
                <Precinct name="Alston" votes="5" />
                <Precinct name="Higgston" votes="18" />
                <Precinct name="Kibbee" votes="15" />
                <Precinct name="Mount Vernon" votes="26" />
                <Precinct name="Tarrytown" votes="4" />
                <Precinct name="Uvalda" votes="13" />
            </VoteType>
            <VoteType name="Advance in Person" votes="961">
                <Precinct name="Ailey" votes="115" />
                <Precinct name="Alston" votes="89" />
                <Precinct name="Higgston" votes="229" />
                <Precinct name="Kibbee" votes="79" />
                <Precinct name="Mount Vernon" votes="278" />
                <Precinct name="Tarrytown" votes="37" />
                <Precinct name="Uvalda" votes="134" />
            </VoteType>
            <VoteType name="Provisional" votes="0">
                <Precinct name="Ailey" votes="0" />
                <Precinct name="Alston" votes="0" />
                <Precinct name="Higgston" votes="0" />
                <Precinct name="Kibbee" votes="0" />
                <Precinct name="Mount Vernon" votes="0" />
                <Precinct name="Tarrytown" votes="0" />
                <Precinct name="Uvalda" votes="0" />
            </VoteType>
        </Choice>
        <Choice key="30" text="ERIC HOSKINS" totalVotes="481">
            <VoteType name="Election Day" votes="292">
                <Precinct name="Ailey" votes="24" />
                <Precinct name="Alston" votes="14" />
                <Precinct name="Higgston" votes="63" />
                <Precinct name="Kibbee" votes="13" />
                <Precinct name="Mount Vernon" votes="97" />
                <Precinct name="Tarrytown" votes="13" />
                <Precinct name="Uvalda" votes="68" />
            </VoteType>
            <VoteType name="Absentee by Mail" votes="24">
                <Precinct name="Ailey" votes="1" />
                <Precinct name="Alston" votes="1" />
                <Precinct name="Higgston" votes="5" />
                <Precinct name="Kibbee" votes="0" />
                <Precinct name="Mount Vernon" votes="13" />
                <Precinct name="Tarrytown" votes="1" />
                <Precinct name="Uvalda" votes="3" />
            </VoteType>
            <VoteType name="Advance in Person" votes="165">
                <Precinct name="Ailey" votes="13" />
                <Precinct name="Alston" votes="11" />
                <Precinct name="Higgston" votes="38" />
                <Precinct name="Kibbee" votes="10" />
                <Precinct name="Mount Vernon" votes="65" />
                <Precinct name="Tarrytown" votes="4" />
                <Precinct name="Uvalda" votes="24" />
            </VoteType>
            <VoteType name="Provisional" votes="0">
                <Precinct name="Ailey" votes="0" />
                <Precinct name="Alston" votes="0" />
                <Precinct name="Higgston" votes="0" />
                <Precinct name="Kibbee" votes="0" />
                <Precinct name="Mount Vernon" votes="0" />
                <Precinct name="Tarrytown" votes="0" />
                <Precinct name="Uvalda" votes="0" />
            </VoteType>
        </Choice>
    </Contest>
    <Contest key="50" text="U.S. Representative, District 12" isQuestion="false" precinctsReporting="7" precinctsReported="7">
        <VoteType name="Number of Precincts for Race" votes="7">
            <Precinct name="Ailey" votes="1" />
            <Precinct name="Alston" votes="1" />
            <Precinct name="Higgston" votes="1" />
            <Precinct name="Kibbee" votes="1" />
            <Precinct name="Mount Vernon" votes="1" />
            <Precinct name="Tarrytown" votes="1" />
            <Precinct name="Uvalda" votes="1" />
        </VoteType>
        <VoteType name="Number of Precincts Reporting" votes="7">
            <Precinct name="Ailey" votes="1" />
            <Precinct name="Alston" votes="1" />
            <Precinct name="Higgston" votes="1" />
            <Precinct name="Kibbee" votes="1" />
            <Precinct name="Mount Vernon" votes="1" />
            <Precinct name="Tarrytown" votes="1" />
            <Precinct name="Uvalda" votes="1" />
        </VoteType>
        <Choice key="10" text="RICK ALLEN (I)" totalVotes="2623">
            <VoteType name="Election Day" votes="1563">
                <Precinct name="Ailey" votes="89" />
                <Precinct name="Alston" votes="180" />
                <Precinct name="Higgston" votes="425" />
                <Precinct name="Kibbee" votes="202" />
                <Precinct name="Mount Vernon" votes="237" />
                <Precinct name="Tarrytown" votes="159" />
                <Precinct name="Uvalda" votes="271" />
            </VoteType>
            <VoteType name="Absentee by Mail" votes="86">
                <Precinct name="Ailey" votes="9" />
                <Precinct name="Alston" votes="5" />
                <Precinct name="Higgston" votes="19" />
                <Precinct name="Kibbee" votes="14" />
                <Precinct name="Mount Vernon" votes="19" />
                <Precinct name="Tarrytown" votes="5" />
                <Precinct name="Uvalda" votes="15" />
            </VoteType>
            <VoteType name="Advance in Person" votes="974">
                <Precinct name="Ailey" votes="117" />
                <Precinct name="Alston" votes="97" />
                <Precinct name="Higgston" votes="241" />
                <Precinct name="Kibbee" votes="79" />
                <Precinct name="Mount Vernon" votes="259" />
                <Precinct name="Tarrytown" votes="41" />
                <Precinct name="Uvalda" votes="140" />
            </VoteType>
            <VoteType name="Provisional" votes="0">
                <Precinct name="Ailey" votes="0" />
                <Precinct name="Alston" votes="0" />
                <Precinct name="Higgston" votes="0" />
                <Precinct name="Kibbee" votes="0" />
                <Precinct name="Mount Vernon" votes="0" />
                <Precinct name="Tarrytown" votes="0" />
                <Precinct name="Uvalda" votes="0" />
            </VoteType>
        </Choice>
        <Choice key="20" text="PATRICIA C. MCCRACKEN" totalVotes="731">
            <VoteType name="Election Day" votes="431">
                <Precinct name="Ailey" votes="43" />
                <Precinct name="Alston" votes="22" />
                <Precinct name="Higgston" votes="89" />
                <Precinct name="Kibbee" votes="16" />
                <Precinct name="Mount Vernon" votes="158" />
                <Precinct name="Tarrytown" votes="13" />
                <Precinct name="Uvalda" votes="90" />
            </VoteType>
            <VoteType name="Absentee by Mail" votes="38">
                <Precinct name="Ailey" votes="3" />
                <Precinct name="Alston" votes="2" />
                <Precinct name="Higgston" votes="6" />
                <Precinct name="Kibbee" votes="1" />
                <Precinct name="Mount Vernon" votes="23" />
                <Precinct name="Tarrytown" votes="0" />
                <Precinct name="Uvalda" votes="3" />
            </VoteType>
            <VoteType name="Advance in Person" votes="262">
                <Precinct name="Ailey" votes="21" />
                <Precinct name="Alston" votes="9" />
                <Precinct name="Higgston" votes="50" />
                <Precinct name="Kibbee" votes="13" />
                <Precinct name="Mount Vernon" votes="130" />
                <Precinct name="Tarrytown" votes="0" />
                <Precinct name="Uvalda" votes="39" />
            </VoteType>
            <VoteType name="Provisional" votes="0">
                <Precinct name="Ailey" votes="0" />
                <Precinct name="Alston" votes="0" />
                <Precinct name="Higgston" votes="0" />
                <Precinct name="Kibbee" votes="0" />
                <Precinct name="Mount Vernon" votes="0" />
                <Precinct name="Tarrytown" votes="0" />
                <Precinct name="Uvalda" votes="0" />
            </VoteType>
        </Choice>
    </Contest>
    <Contest key="70" text="State Senator, District 19" isQuestion="false" precinctsReporting="7" precinctsReported="7">
        <VoteType name="Number of Precincts for Race" votes="7">
            <Precinct name="Ailey" votes="1" />
            <Precinct name="Alston" votes="1" />
            <Precinct name="Higgston" votes="1" />
            <Precinct name="Kibbee" votes="1" />
            <Precinct name="Mount Vernon" votes="1" />
            <Precinct name="Tarrytown" votes="1" />
            <Precinct name="Uvalda" votes="1" />
        </VoteType>
        <VoteType name="Number of Precincts Reporting" votes="7">
            <Precinct name="Ailey" votes="1" />
            <Precinct name="Alston" votes="1" />
            <Precinct name="Higgston" votes="1" />
            <Precinct name="Kibbee" votes="1" />
            <Precinct name="Mount Vernon" votes="1" />
            <Precinct name="Tarrytown" votes="1" />
            <Precinct name="Uvalda" votes="1" />
        </VoteType>
        <Choice key="30" text="BLAKE TILLERY" totalVotes="2821">
            <VoteType name="Election Day" votes="1688">
                <Precinct name="Ailey" votes="106" />
                <Precinct name="Alston" votes="187" />
                <Precinct name="Higgston" votes="454" />
                <Precinct name="Kibbee" votes="199" />
                <Precinct name="Mount Vernon" votes="293" />
                <Precinct name="Tarrytown" votes="152" />
                <Precinct name="Uvalda" votes="297" />
            </VoteType>
            <VoteType name="Absentee by Mail" votes="92">
                <Precinct name="Ailey" votes="8" />
                <Precinct name="Alston" votes="6" />
                <Precinct name="Higgston" votes="18" />
                <Precinct name="Kibbee" votes="13" />
                <Precinct name="Mount Vernon" votes="29" />
                <Precinct name="Tarrytown" votes="5" />
                <Precinct name="Uvalda" votes="13" />
            </VoteType>
            <VoteType name="Advance in Person" votes="1041">
                <Precinct name="Ailey" votes="116" />
                <Precinct name="Alston" votes="97" />
                <Precinct name="Higgston" votes="254" />
                <Precinct name="Kibbee" votes="81" />
                <Precinct name="Mount Vernon" votes="303" />
                <Precinct name="Tarrytown" votes="40" />
                <Precinct name="Uvalda" votes="150" />
            </VoteType>
            <VoteType name="Provisional" votes="0">
                <Precinct name="Ailey" votes="0" />
                <Precinct name="Alston" votes="0" />
                <Precinct name="Higgston" votes="0" />
                <Precinct name="Kibbee" votes="0" />
                <Precinct name="Mount Vernon" votes="0" />
                <Precinct name="Tarrytown" votes="0" />
                <Precinct name="Uvalda" votes="0" />
            </VoteType>
        </Choice>
    </Contest>
    <Contest key="90" text="State Representative, District 156" isQuestion="false" precinctsReporting="7" precinctsReported="7">
        <VoteType name="Number of Precincts for Race" votes="7">
            <Precinct name="Ailey" votes="1" />
            <Precinct name="Alston" votes="1" />
            <Precinct name="Higgston" votes="1" />
            <Precinct name="Kibbee" votes="1" />
            <Precinct name="Mount Vernon" votes="1" />
            <Precinct name="Tarrytown" votes="1" />
            <Precinct name="Uvalda" votes="1" />
        </VoteType>
        <VoteType name="Number of Precincts Reporting" votes="7">
            <Precinct name="Ailey" votes="1" />
            <Precinct name="Alston" votes="1" />
            <Precinct name="Higgston" votes="1" />
            <Precinct name="Kibbee" votes="1" />
            <Precinct name="Mount Vernon" votes="1" />
            <Precinct name="Tarrytown" votes="1" />
            <Precinct name="Uvalda" votes="1" />
        </VoteType>
        <Choice key="20" text="GREG MORRIS (I)" totalVotes="2893">
            <VoteType name="Election Day" votes="1749">
                <Precinct name="Ailey" votes="112" />
                <Precinct name="Alston" votes="187" />
                <Precinct name="Higgston" votes="457" />
                <Precinct name="Kibbee" votes="200" />
                <Precinct name="Mount Vernon" votes="318" />
                <Precinct name="Tarrytown" votes="155" />
                <Precinct name="Uvalda" votes="320" />
            </VoteType>
            <VoteType name="Absentee by Mail" votes="94">
                <Precinct name="Ailey" votes="8" />
                <Precinct name="Alston" votes="7" />
                <Precinct name="Higgston" votes="18" />
                <Precinct name="Kibbee" votes="13" />
                <Precinct name="Mount Vernon" votes="29" />
                <Precinct name="Tarrytown" votes="4" />
                <Precinct name="Uvalda" votes="15" />
            </VoteType>
            <VoteType name="Advance in Person" votes="1050">
                <Precinct name="Ailey" votes="118" />
                <Precinct name="Alston" votes="92" />
                <Precinct name="Higgston" votes="251" />
                <Precinct name="Kibbee" votes="85" />
                <Precinct name="Mount Vernon" votes="318" />
                <Precinct name="Tarrytown" votes="39" />
                <Precinct name="Uvalda" votes="147" />
            </VoteType>
            <VoteType name="Provisional" votes="0">
                <Precinct name="Ailey" votes="0" />
                <Precinct name="Alston" votes="0" />
                <Precinct name="Higgston" votes="0" />
                <Precinct name="Kibbee" votes="0" />
                <Precinct name="Mount Vernon" votes="0" />
                <Precinct name="Tarrytown" votes="0" />
                <Precinct name="Uvalda" votes="0" />
            </VoteType>
        </Choice>
    </Contest>
    <Contest key="100" text="District Attorney, Oconee Circuit" isQuestion="false" precinctsReporting="7" precinctsReported="7">
        <VoteType name="Number of Precincts for Race" votes="7">
            <Precinct name="Ailey" votes="1" />
            <Precinct name="Alston" votes="1" />
            <Precinct name="Higgston" votes="1" />
            <Precinct name="Kibbee" votes="1" />
            <Precinct name="Mount Vernon" votes="1" />
            <Precinct name="Tarrytown" votes="1" />
            <Precinct name="Uvalda" votes="1" />
        </VoteType>
        <VoteType name="Number of Precincts Reporting" votes="7">
            <Precinct name="Ailey" votes="1" />
            <Precinct name="Alston" votes="1" />
            <Precinct name="Higgston" votes="1" />
            <Precinct name="Kibbee" votes="1" />
            <Precinct name="Mount Vernon" votes="1" />
            <Precinct name="Tarrytown" votes="1" />
            <Precinct name="Uvalda" votes="1" />
        </VoteType>
        <Choice key="10" text="TIMOTHY G. VAUGHN (I)" totalVotes="2427">
            <VoteType name="Election Day" votes="1466">
                <Precinct name="Ailey" votes="105" />
                <Precinct name="Alston" votes="162" />
                <Precinct name="Higgston" votes="378" />
                <Precinct name="Kibbee" votes="157" />
                <Precinct name="Mount Vernon" votes="296" />
                <Precinct name="Tarrytown" votes="114" />
                <Precinct name="Uvalda" votes="254" />
            </VoteType>
            <VoteType name="Absentee by Mail" votes="87">
                <Precinct name="Ailey" votes="9" />
                <Precinct name="Alston" votes="5" />
                <Precinct name="Higgston" votes="18" />
                <Precinct name="Kibbee" votes="8" />
                <Precinct name="Mount Vernon" votes="31" />
                <Precinct name="Tarrytown" votes="4" />
                <Precinct name="Uvalda" votes="12" />
            </VoteType>
            <VoteType name="Advance in Person" votes="874">
                <Precinct name="Ailey" votes="95" />
                <Precinct name="Alston" votes="63" />
                <Precinct name="Higgston" votes="211" />
                <Precinct name="Kibbee" votes="59" />
                <Precinct name="Mount Vernon" votes="297" />
                <Precinct name="Tarrytown" votes="30" />
                <Precinct name="Uvalda" votes="119" />
            </VoteType>
            <VoteType name="Provisional" votes="0">
                <Precinct name="Ailey" votes="0" />
                <Precinct name="Alston" votes="0" />
                <Precinct name="Higgston" votes="0" />
                <Precinct name="Kibbee" votes="0" />
                <Precinct name="Mount Vernon" votes="0" />
                <Precinct name="Tarrytown" votes="0" />
                <Precinct name="Uvalda" votes="0" />
            </VoteType>
        </Choice>
    </Contest>
    <Contest key="110" text="JUDGE, PROBATE COURT" isQuestion="false" precinctsReporting="7" precinctsReported="7">
        <VoteType name="Number of Precincts for Race" votes="7">
            <Precinct name="Ailey" votes="1" />
            <Precinct name="Alston" votes="1" />
            <Precinct name="Higgston" votes="1" />
            <Precinct name="Kibbee" votes="1" />
            <Precinct name="Mount Vernon" votes="1" />
            <Precinct name="Tarrytown" votes="1" />
            <Precinct name="Uvalda" votes="1" />
        </VoteType>
        <VoteType name="Number of Precincts Reporting" votes="7">
            <Precinct name="Ailey" votes="1" />
            <Precinct name="Alston" votes="1" />
            <Precinct name="Higgston" votes="1" />
            <Precinct name="Kibbee" votes="1" />
            <Precinct name="Mount Vernon" votes="1" />
            <Precinct name="Tarrytown" votes="1" />
            <Precinct name="Uvalda" votes="1" />
        </VoteType>
        <Choice key="20" text="R. N. SANDERS (I) R" totalVotes="3010">
            <VoteType name="Election Day" votes="1816">
                <Precinct name="Ailey" votes="130" />
                <Precinct name="Alston" votes="198" />
                <Precinct name="Higgston" votes="465" />
                <Precinct name="Kibbee" votes="202" />
                <Precinct name="Mount Vernon" votes="339" />
                <Precinct name="Tarrytown" votes="156" />
                <Precinct name="Uvalda" votes="326" />
            </VoteType>
            <VoteType name="Absentee by Mail" votes="110">
                <Precinct name="Ailey" votes="9" />
                <Precinct name="Alston" votes="6" />
                <Precinct name="Higgston" votes="23" />
                <Precinct name="Kibbee" votes="14" />
                <Precinct name="Mount Vernon" votes="35" />
                <Precinct name="Tarrytown" votes="5" />
                <Precinct name="Uvalda" votes="18" />
            </VoteType>
            <VoteType name="Advance in Person" votes="1084">
                <Precinct name="Ailey" votes="122" />
                <Precinct name="Alston" votes="97" />
                <Precinct name="Higgston" votes="258" />
                <Precinct name="Kibbee" votes="82" />
                <Precinct name="Mount Vernon" votes="339" />
                <Precinct name="Tarrytown" votes="38" />
                <Precinct name="Uvalda" votes="148" />
            </VoteType>
            <VoteType name="Provisional" votes="0">
                <Precinct name="Ailey" votes="0" />
                <Precinct name="Alston" votes="0" />
                <Precinct name="Higgston" votes="0" />
                <Precinct name="Kibbee" votes="0" />
                <Precinct name="Mount Vernon" votes="0" />
                <Precinct name="Tarrytown" votes="0" />
                <Precinct name="Uvalda" votes="0" />
            </VoteType>
        </Choice>
    </Contest>
    <Contest key="130" text="CLERK, SUPERIOR COURT" isQuestion="false" precinctsReporting="7" precinctsReported="7">
        <VoteType name="Number of Precincts for Race" votes="7">
            <Precinct name="Ailey" votes="1" />
            <Precinct name="Alston" votes="1" />
            <Precinct name="Higgston" votes="1" />
            <Precinct name="Kibbee" votes="1" />
            <Precinct name="Mount Vernon" votes="1" />
            <Precinct name="Tarrytown" votes="1" />
            <Precinct name="Uvalda" votes="1" />
        </VoteType>
        <VoteType name="Number of Precincts Reporting" votes="7">
            <Precinct name="Ailey" votes="1" />
            <Precinct name="Alston" votes="1" />
            <Precinct name="Higgston" votes="1" />
            <Precinct name="Kibbee" votes="1" />
            <Precinct name="Mount Vernon" votes="1" />
            <Precinct name="Tarrytown" votes="1" />
            <Precinct name="Uvalda" votes="1" />
        </VoteType>
        <Choice key="10" text="K. HAMILTON (I) R" totalVotes="2938">
            <VoteType name="Election Day" votes="1762">
                <Precinct name="Ailey" votes="115" />
                <Precinct name="Alston" votes="193" />
                <Precinct name="Higgston" votes="462" />
                <Precinct name="Kibbee" votes="201" />
                <Precinct name="Mount Vernon" votes="311" />
                <Precinct name="Tarrytown" votes="165" />
                <Precinct name="Uvalda" votes="315" />
            </VoteType>
            <VoteType name="Absentee by Mail" votes="106">
                <Precinct name="Ailey" votes="8" />
                <Precinct name="Alston" votes="7" />
                <Precinct name="Higgston" votes="22" />
                <Precinct name="Kibbee" votes="14" />
                <Precinct name="Mount Vernon" votes="34" />
                <Precinct name="Tarrytown" votes="5" />
                <Precinct name="Uvalda" votes="16" />
            </VoteType>
            <VoteType name="Advance in Person" votes="1070">
                <Precinct name="Ailey" votes="117" />
                <Precinct name="Alston" votes="92" />
                <Precinct name="Higgston" votes="260" />
                <Precinct name="Kibbee" votes="81" />
                <Precinct name="Mount Vernon" votes="332" />
                <Precinct name="Tarrytown" votes="40" />
                <Precinct name="Uvalda" votes="148" />
            </VoteType>
            <VoteType name="Provisional" votes="0">
                <Precinct name="Ailey" votes="0" />
                <Precinct name="Alston" votes="0" />
                <Precinct name="Higgston" votes="0" />
                <Precinct name="Kibbee" votes="0" />
                <Precinct name="Mount Vernon" votes="0" />
                <Precinct name="Tarrytown" votes="0" />
                <Precinct name="Uvalda" votes="0" />
            </VoteType>
        </Choice>
    </Contest>
    <Contest key="150" text="SHERIFF" isQuestion="false" precinctsReporting="7" precinctsReported="7">
        <VoteType name="Number of Precincts for Race" votes="7">
            <Precinct name="Ailey" votes="1" />
            <Precinct name="Alston" votes="1" />
            <Precinct name="Higgston" votes="1" />
            <Precinct name="Kibbee" votes="1" />
            <Precinct name="Mount Vernon" votes="1" />
            <Precinct name="Tarrytown" votes="1" />
            <Precinct name="Uvalda" votes="1" />
        </VoteType>
        <VoteType name="Number of Precincts Reporting" votes="7">
            <Precinct name="Ailey" votes="1" />
            <Precinct name="Alston" votes="1" />
            <Precinct name="Higgston" votes="1" />
            <Precinct name="Kibbee" votes="1" />
            <Precinct name="Mount Vernon" votes="1" />
            <Precinct name="Tarrytown" votes="1" />
            <Precinct name="Uvalda" votes="1" />
        </VoteType>
        <Choice key="10" text="D. MAYBIN (I) R" totalVotes="3044">
            <VoteType name="Election Day" votes="1826">
                <Precinct name="Ailey" votes="125" />
                <Precinct name="Alston" votes="200" />
                <Precinct name="Higgston" votes="474" />
                <Precinct name="Kibbee" votes="207" />
                <Precinct name="Mount Vernon" votes="331" />
                <Precinct name="Tarrytown" votes="160" />
                <Precinct name="Uvalda" votes="329" />
            </VoteType>
            <VoteType name="Absentee by Mail" votes="110">
                <Precinct name="Ailey" votes="9" />
                <Precinct name="Alston" votes="7" />
                <Precinct name="Higgston" votes="22" />
                <Precinct name="Kibbee" votes="14" />
                <Precinct name="Mount Vernon" votes="35" />
                <Precinct name="Tarrytown" votes="5" />
                <Precinct name="Uvalda" votes="18" />
            </VoteType>
            <VoteType name="Advance in Person" votes="1108">
                <Precinct name="Ailey" votes="123" />
                <Precinct name="Alston" votes="100" />
                <Precinct name="Higgston" votes="263" />
                <Precinct name="Kibbee" votes="81" />
                <Precinct name="Mount Vernon" votes="345" />
                <Precinct name="Tarrytown" votes="39" />
                <Precinct name="Uvalda" votes="157" />
            </VoteType>
            <VoteType name="Provisional" votes="0">
                <Precinct name="Ailey" votes="0" />
                <Precinct name="Alston" votes="0" />
                <Precinct name="Higgston" votes="0" />
                <Precinct name="Kibbee" votes="0" />
                <Precinct name="Mount Vernon" votes="0" />
                <Precinct name="Tarrytown" votes="0" />
                <Precinct name="Uvalda" votes="0" />
            </VoteType>
        </Choice>
    </Contest>
    <Contest key="180" text="TAX COMMISSIONER" isQuestion="false" precinctsReporting="7" precinctsReported="7">
        <VoteType name="Number of Precincts for Race" votes="7">
            <Precinct name="Ailey" votes="1" />
            <Precinct name="Alston" votes="1" />
            <Precinct name="Higgston" votes="1" />
            <Precinct name="Kibbee" votes="1" />
            <Precinct name="Mount Vernon" votes="1" />
            <Precinct name="Tarrytown" votes="1" />
            <Precinct name="Uvalda" votes="1" />
        </VoteType>
        <VoteType name="Number of Precincts Reporting" votes="7">
            <Precinct name="Ailey" votes="1" />
            <Precinct name="Alston" votes="1" />
            <Precinct name="Higgston" votes="1" />
            <Precinct name="Kibbee" votes="1" />
            <Precinct name="Mount Vernon" votes="1" />
            <Precinct name="Tarrytown" votes="1" />
            <Precinct name="Uvalda" votes="1" />
        </VoteType>
        <Choice key="10" text="L. LANE (I) D" totalVotes="2821">
            <VoteType name="Election Day" votes="1701">
                <Precinct name="Ailey" votes="123" />
                <Precinct name="Alston" votes="177" />
                <Precinct name="Higgston" votes="425" />
                <Precinct name="Kibbee" votes="177" />
                <Precinct name="Mount Vernon" votes="342" />
                <Precinct name="Tarrytown" votes="147" />
                <Precinct name="Uvalda" votes="310" />
            </VoteType>
            <VoteType name="Absentee by Mail" votes="103">
                <Precinct name="Ailey" votes="10" />
                <Precinct name="Alston" votes="5" />
                <Precinct name="Higgston" votes="23" />
                <Precinct name="Kibbee" votes="10" />
                <Precinct name="Mount Vernon" votes="35" />
                <Precinct name="Tarrytown" votes="4" />
                <Precinct name="Uvalda" votes="16" />
            </VoteType>
            <VoteType name="Advance in Person" votes="1017">
                <Precinct name="Ailey" votes="109" />
                <Precinct name="Alston" votes="75" />
                <Precinct name="Higgston" votes="237" />
                <Precinct name="Kibbee" votes="72" />
                <Precinct name="Mount Vernon" votes="345" />
                <Precinct name="Tarrytown" votes="32" />
                <Precinct name="Uvalda" votes="147" />
            </VoteType>
            <VoteType name="Provisional" votes="0">
                <Precinct name="Ailey" votes="0" />
                <Precinct name="Alston" votes="0" />
                <Precinct name="Higgston" votes="0" />
                <Precinct name="Kibbee" votes="0" />
                <Precinct name="Mount Vernon" votes="0" />
                <Precinct name="Tarrytown" votes="0" />
                <Precinct name="Uvalda" votes="0" />
            </VoteType>
        </Choice>
    </Contest>
    <Contest key="190" text="CORONER" isQuestion="false" precinctsReporting="7" precinctsReported="7">
        <VoteType name="Number of Precincts for Race" votes="7">
            <Precinct name="Ailey" votes="1" />
            <Precinct name="Alston" votes="1" />
            <Precinct name="Higgston" votes="1" />
            <Precinct name="Kibbee" votes="1" />
            <Precinct name="Mount Vernon" votes="1" />
            <Precinct name="Tarrytown" votes="1" />
            <Precinct name="Uvalda" votes="1" />
        </VoteType>
        <VoteType name="Number of Precincts Reporting" votes="7">
            <Precinct name="Ailey" votes="1" />
            <Precinct name="Alston" votes="1" />
            <Precinct name="Higgston" votes="1" />
            <Precinct name="Kibbee" votes="1" />
            <Precinct name="Mount Vernon" votes="1" />
            <Precinct name="Tarrytown" votes="1" />
            <Precinct name="Uvalda" votes="1" />
        </VoteType>
        <Choice key="10" text="J. SHARPTON (R)" totalVotes="2864">
            <VoteType name="Election Day" votes="1724">
                <Precinct name="Ailey" votes="110" />
                <Precinct name="Alston" votes="183" />
                <Precinct name="Higgston" votes="455" />
                <Precinct name="Kibbee" votes="193" />
                <Precinct name="Mount Vernon" votes="315" />
                <Precinct name="Tarrytown" votes="155" />
                <Precinct name="Uvalda" votes="313" />
            </VoteType>
            <VoteType name="Absentee by Mail" votes="98">
                <Precinct name="Ailey" votes="8" />
                <Precinct name="Alston" votes="5" />
                <Precinct name="Higgston" votes="21" />
                <Precinct name="Kibbee" votes="13" />
                <Precinct name="Mount Vernon" votes="30" />
                <Precinct name="Tarrytown" votes="5" />
                <Precinct name="Uvalda" votes="16" />
            </VoteType>
            <VoteType name="Advance in Person" votes="1042">
                <Precinct name="Ailey" votes="115" />
                <Precinct name="Alston" votes="91" />
                <Precinct name="Higgston" votes="247" />
                <Precinct name="Kibbee" votes="80" />
                <Precinct name="Mount Vernon" votes="320" />
                <Precinct name="Tarrytown" votes="38" />
                <Precinct name="Uvalda" votes="151" />
            </VoteType>
            <VoteType name="Provisional" votes="0">
                <Precinct name="Ailey" votes="0" />
                <Precinct name="Alston" votes="0" />
                <Precinct name="Higgston" votes="0" />
                <Precinct name="Kibbee" votes="0" />
                <Precinct name="Mount Vernon" votes="0" />
                <Precinct name="Tarrytown" votes="0" />
                <Precinct name="Uvalda" votes="0" />
            </VoteType>
        </Choice>
    </Contest>
    <Contest key="210" text="CC, D1" isQuestion="false" precinctsReporting="5" precinctsReported="5">
        <VoteType name="Number of Precincts for Race" votes="5">
            <Precinct name="Ailey" votes="1" />
            <Precinct name="Higgston" votes="1" />
            <Precinct name="Kibbee" votes="1" />
            <Precinct name="Mount Vernon" votes="1" />
            <Precinct name="Tarrytown" votes="1" />
        </VoteType>
        <VoteType name="Number of Precincts Reporting" votes="5">
            <Precinct name="Ailey" votes="1" />
            <Precinct name="Higgston" votes="1" />
            <Precinct name="Kibbee" votes="1" />
            <Precinct name="Mount Vernon" votes="1" />
            <Precinct name="Tarrytown" votes="1" />
        </VoteType>
        <Choice key="20" text="C. KENNEY (R)" totalVotes="736">
            <VoteType name="Election Day" votes="502">
                <Precinct name="Ailey" votes="9" />
                <Precinct name="Higgston" votes="139" />
                <Precinct name="Kibbee" votes="196" />
                <Precinct name="Mount Vernon" votes="7" />
                <Precinct name="Tarrytown" votes="151" />
            </VoteType>
            <VoteType name="Absentee by Mail" votes="33">
                <Precinct name="Ailey" votes="4" />
                <Precinct name="Higgston" votes="10" />
                <Precinct name="Kibbee" votes="14" />
                <Precinct name="Mount Vernon" votes="0" />
                <Precinct name="Tarrytown" votes="5" />
            </VoteType>
            <VoteType name="Advance in Person" votes="201">
                <Precinct name="Ailey" votes="18" />
                <Precinct name="Higgston" votes="62" />
                <Precinct name="Kibbee" votes="77" />
                <Precinct name="Mount Vernon" votes="7" />
                <Precinct name="Tarrytown" votes="37" />
            </VoteType>
            <VoteType name="Provisional" votes="0">
                <Precinct name="Ailey" votes="0" />
                <Precinct name="Higgston" votes="0" />
                <Precinct name="Kibbee" votes="0" />
                <Precinct name="Mount Vernon" votes="0" />
                <Precinct name="Tarrytown" votes="0" />
            </VoteType>
        </Choice>
    </Contest>
    <Contest key="230" text="CC, D2" isQuestion="false" precinctsReporting="2" precinctsReported="2">
        <VoteType name="Number of Precincts for Race" votes="2">
            <Precinct name="Alston" votes="1" />
            <Precinct name="Higgston" votes="1" />
        </VoteType>
        <VoteType name="Number of Precincts Reporting" votes="2">
            <Precinct name="Alston" votes="1" />
            <Precinct name="Higgston" votes="1" />
        </VoteType>
        <Choice key="30" text="T. WILLIAMSON (I) R" totalVotes="767">
            <VoteType name="Election Day" votes="482">
                <Precinct name="Alston" votes="168" />
                <Precinct name="Higgston" votes="314" />
            </VoteType>
            <VoteType name="Absentee by Mail" votes="16">
                <Precinct name="Alston" votes="6" />
                <Precinct name="Higgston" votes="10" />
            </VoteType>
            <VoteType name="Advance in Person" votes="269">
                <Precinct name="Alston" votes="87" />
                <Precinct name="Higgston" votes="182" />
            </VoteType>
            <VoteType name="Provisional" votes="0">
                <Precinct name="Alston" votes="0" />
                <Precinct name="Higgston" votes="0" />
            </VoteType>
        </Choice>
    </Contest>
    <Contest key="250" text="CC, D3 P1" isQuestion="false" precinctsReporting="2" precinctsReported="2">
        <VoteType name="Number of Precincts for Race" votes="2">
            <Precinct name="Ailey" votes="1" />
            <Precinct name="Mount Vernon" votes="1" />
        </VoteType>
        <VoteType name="Number of Precincts Reporting" votes="2">
            <Precinct name="Ailey" votes="1" />
            <Precinct name="Mount Vernon" votes="1" />
        </VoteType>
        <Choice key="20" text="C. G. PALMER (R)" totalVotes="773">
            <VoteType name="Election Day" votes="371">
                <Precinct name="Ailey" votes="96" />
                <Precinct name="Mount Vernon" votes="275" />
            </VoteType>
            <VoteType name="Absentee by Mail" votes="33">
                <Precinct name="Ailey" votes="4" />
                <Precinct name="Mount Vernon" votes="29" />
            </VoteType>
            <VoteType name="Advance in Person" votes="369">
                <Precinct name="Ailey" votes="90" />
                <Precinct name="Mount Vernon" votes="279" />
            </VoteType>
            <VoteType name="Provisional" votes="0">
                <Precinct name="Ailey" votes="0" />
                <Precinct name="Mount Vernon" votes="0" />
            </VoteType>
        </Choice>
    </Contest>
    <Contest key="270" text="Constitutional Amendment #1&lt;br&gt;Provides greater flexibility and state accountability to fix failing schools through increasing community involvement." isQuestion="false" precinctsReporting="7" precinctsReported="7">
        <VoteType name="Number of Precincts for Race" votes="7">
            <Precinct name="Ailey" votes="1" />
            <Precinct name="Alston" votes="1" />
            <Precinct name="Higgston" votes="1" />
            <Precinct name="Kibbee" votes="1" />
            <Precinct name="Mount Vernon" votes="1" />
            <Precinct name="Tarrytown" votes="1" />
            <Precinct name="Uvalda" votes="1" />
        </VoteType>
        <VoteType name="Number of Precincts Reporting" votes="7">
            <Precinct name="Ailey" votes="1" />
            <Precinct name="Alston" votes="1" />
            <Precinct name="Higgston" votes="1" />
            <Precinct name="Kibbee" votes="1" />
            <Precinct name="Mount Vernon" votes="1" />
            <Precinct name="Tarrytown" votes="1" />
            <Precinct name="Uvalda" votes="1" />
        </VoteType>
        <Choice key="10" text="YES" totalVotes="1052">
            <VoteType name="Election Day" votes="594">
                <Precinct name="Ailey" votes="47" />
                <Precinct name="Alston" votes="47" />
                <Precinct name="Higgston" votes="152" />
                <Precinct name="Kibbee" votes="67" />
                <Precinct name="Mount Vernon" votes="137" />
                <Precinct name="Tarrytown" votes="36" />
                <Precinct name="Uvalda" votes="108" />
            </VoteType>
            <VoteType name="Absentee by Mail" votes="51">
                <Precinct name="Ailey" votes="5" />
                <Precinct name="Alston" votes="3" />
                <Precinct name="Higgston" votes="9" />
                <Precinct name="Kibbee" votes="4" />
                <Precinct name="Mount Vernon" votes="18" />
                <Precinct name="Tarrytown" votes="4" />
                <Precinct name="Uvalda" votes="8" />
            </VoteType>
            <VoteType name="Advance in Person" votes="407">
                <Precinct name="Ailey" votes="46" />
                <Precinct name="Alston" votes="33" />
                <Precinct name="Higgston" votes="96" />
                <Precinct name="Kibbee" votes="24" />
                <Precinct name="Mount Vernon" votes="140" />
                <Precinct name="Tarrytown" votes="17" />
                <Precinct name="Uvalda" votes="51" />
            </VoteType>
            <VoteType name="Provisional" votes="0">
                <Precinct name="Ailey" votes="0" />
                <Precinct name="Alston" votes="0" />
                <Precinct name="Higgston" votes="0" />
                <Precinct name="Kibbee" votes="0" />
                <Precinct name="Mount Vernon" votes="0" />
                <Precinct name="Tarrytown" votes="0" />
                <Precinct name="Uvalda" votes="0" />
            </VoteType>
        </Choice>
        <Choice key="20" text="NO" totalVotes="2409">
            <VoteType name="Election Day" votes="1486">
                <Precinct name="Ailey" votes="104" />
                <Precinct name="Alston" votes="163" />
                <Precinct name="Higgston" votes="376" />
                <Precinct name="Kibbee" votes="158" />
                <Precinct name="Mount Vernon" votes="274" />
                <Precinct name="Tarrytown" votes="140" />
                <Precinct name="Uvalda" votes="271" />
            </VoteType>
            <VoteType name="Absentee by Mail" votes="69">
                <Precinct name="Ailey" votes="7" />
                <Precinct name="Alston" votes="4" />
                <Precinct name="Higgston" votes="16" />
                <Precinct name="Kibbee" votes="11" />
                <Precinct name="Mount Vernon" votes="22" />
                <Precinct name="Tarrytown" votes="1" />
                <Precinct name="Uvalda" votes="8" />
            </VoteType>
            <VoteType name="Advance in Person" votes="854">
                <Precinct name="Ailey" votes="96" />
                <Precinct name="Alston" votes="75" />
                <Precinct name="Higgston" votes="199" />
                <Precinct name="Kibbee" votes="65" />
                <Precinct name="Mount Vernon" votes="262" />
                <Precinct name="Tarrytown" votes="24" />
                <Precinct name="Uvalda" votes="133" />
            </VoteType>
            <VoteType name="Provisional" votes="0">
                <Precinct name="Ailey" votes="0" />
                <Precinct name="Alston" votes="0" />
                <Precinct name="Higgston" votes="0" />
                <Precinct name="Kibbee" votes="0" />
                <Precinct name="Mount Vernon" votes="0" />
                <Precinct name="Tarrytown" votes="0" />
                <Precinct name="Uvalda" votes="0" />
            </VoteType>
        </Choice>
    </Contest>
    <Contest key="280" text="Constitutional Amendment #2&lt;br&gt;Authorizes penalties for sexual exploitation and assessments on adult entertainment to fund child victims' services." isQuestion="false" precinctsReporting="7" precinctsReported="7">
        <VoteType name="Number of Precincts for Race" votes="7">
            <Precinct name="Ailey" votes="1" />
            <Precinct name="Alston" votes="1" />
            <Precinct name="Higgston" votes="1" />
            <Precinct name="Kibbee" votes="1" />
            <Precinct name="Mount Vernon" votes="1" />
            <Precinct name="Tarrytown" votes="1" />
            <Precinct name="Uvalda" votes="1" />
        </VoteType>
        <VoteType name="Number of Precincts Reporting" votes="7">
            <Precinct name="Ailey" votes="1" />
            <Precinct name="Alston" votes="1" />
            <Precinct name="Higgston" votes="1" />
            <Precinct name="Kibbee" votes="1" />
            <Precinct name="Mount Vernon" votes="1" />
            <Precinct name="Tarrytown" votes="1" />
            <Precinct name="Uvalda" votes="1" />
        </VoteType>
        <Choice key="10" text="YES" totalVotes="2683">
            <VoteType name="Election Day" votes="1601">
                <Precinct name="Ailey" votes="100" />
                <Precinct name="Alston" votes="164" />
                <Precinct name="Higgston" votes="452" />
                <Precinct name="Kibbee" votes="185" />
                <Precinct name="Mount Vernon" votes="300" />
                <Precinct name="Tarrytown" votes="137" />
                <Precinct name="Uvalda" votes="263" />
            </VoteType>
            <VoteType name="Absentee by Mail" votes="99">
                <Precinct name="Ailey" votes="9" />
                <Precinct name="Alston" votes="5" />
                <Precinct name="Higgston" votes="23" />
                <Precinct name="Kibbee" votes="7" />
                <Precinct name="Mount Vernon" votes="33" />
                <Precinct name="Tarrytown" votes="5" />
                <Precinct name="Uvalda" votes="17" />
            </VoteType>
            <VoteType name="Advance in Person" votes="983">
                <Precinct name="Ailey" votes="113" />
                <Precinct name="Alston" votes="80" />
                <Precinct name="Higgston" votes="239" />
                <Precinct name="Kibbee" votes="64" />
                <Precinct name="Mount Vernon" votes="313" />
                <Precinct name="Tarrytown" votes="38" />
                <Precinct name="Uvalda" votes="136" />
            </VoteType>
            <VoteType name="Provisional" votes="0">
                <Precinct name="Ailey" votes="0" />
                <Precinct name="Alston" votes="0" />
                <Precinct name="Higgston" votes="0" />
                <Precinct name="Kibbee" votes="0" />
                <Precinct name="Mount Vernon" votes="0" />
                <Precinct name="Tarrytown" votes="0" />
                <Precinct name="Uvalda" votes="0" />
            </VoteType>
        </Choice>
        <Choice key="20" text="NO" totalVotes="653">
            <VoteType name="Election Day" votes="394">
                <Precinct name="Ailey" votes="43" />
                <Precinct name="Alston" votes="37" />
                <Precinct name="Higgston" votes="65" />
                <Precinct name="Kibbee" votes="36" />
                <Precinct name="Mount Vernon" votes="82" />
                <Precinct name="Tarrytown" votes="34" />
                <Precinct name="Uvalda" votes="97" />
            </VoteType>
            <VoteType name="Absentee by Mail" votes="18">
                <Precinct name="Ailey" votes="3" />
                <Precinct name="Alston" votes="1" />
                <Precinct name="Higgston" votes="1" />
                <Precinct name="Kibbee" votes="6" />
                <Precinct name="Mount Vernon" votes="6" />
                <Precinct name="Tarrytown" votes="0" />
                <Precinct name="Uvalda" votes="1" />
            </VoteType>
            <VoteType name="Advance in Person" votes="241">
                <Precinct name="Ailey" votes="28" />
                <Precinct name="Alston" votes="26" />
                <Precinct name="Higgston" votes="46" />
                <Precinct name="Kibbee" votes="28" />
                <Precinct name="Mount Vernon" votes="78" />
                <Precinct name="Tarrytown" votes="2" />
                <Precinct name="Uvalda" votes="33" />
            </VoteType>
            <VoteType name="Provisional" votes="0">
                <Precinct name="Ailey" votes="0" />
                <Precinct name="Alston" votes="0" />
                <Precinct name="Higgston" votes="0" />
                <Precinct name="Kibbee" votes="0" />
                <Precinct name="Mount Vernon" votes="0" />
                <Precinct name="Tarrytown" votes="0" />
                <Precinct name="Uvalda" votes="0" />
            </VoteType>
        </Choice>
    </Contest>
    <Contest key="290" text="Constitutional Amendment #3&lt;br&gt;Reforms and re-establishes the Judicial Qualifications Commission and provides for its composition, governance, and powers." isQuestion="false" precinctsReporting="7" precinctsReported="7">
        <VoteType name="Number of Precincts for Race" votes="7">
            <Precinct name="Ailey" votes="1" />
            <Precinct name="Alston" votes="1" />
            <Precinct name="Higgston" votes="1" />
            <Precinct name="Kibbee" votes="1" />
            <Precinct name="Mount Vernon" votes="1" />
            <Precinct name="Tarrytown" votes="1" />
            <Precinct name="Uvalda" votes="1" />
        </VoteType>
        <VoteType name="Number of Precincts Reporting" votes="7">
            <Precinct name="Ailey" votes="1" />
            <Precinct name="Alston" votes="1" />
            <Precinct name="Higgston" votes="1" />
            <Precinct name="Kibbee" votes="1" />
            <Precinct name="Mount Vernon" votes="1" />
            <Precinct name="Tarrytown" votes="1" />
            <Precinct name="Uvalda" votes="1" />
        </VoteType>
        <Choice key="10" text="YES" totalVotes="1808">
            <VoteType name="Election Day" votes="1056">
                <Precinct name="Ailey" votes="74" />
                <Precinct name="Alston" votes="111" />
                <Precinct name="Higgston" votes="297" />
                <Precinct name="Kibbee" votes="103" />
                <Precinct name="Mount Vernon" votes="198" />
                <Precinct name="Tarrytown" votes="100" />
                <Precinct name="Uvalda" votes="173" />
            </VoteType>
            <VoteType name="Absentee by Mail" votes="65">
                <Precinct name="Ailey" votes="4" />
                <Precinct name="Alston" votes="2" />
                <Precinct name="Higgston" votes="11" />
                <Precinct name="Kibbee" votes="7" />
                <Precinct name="Mount Vernon" votes="27" />
                <Precinct name="Tarrytown" votes="3" />
                <Precinct name="Uvalda" votes="11" />
            </VoteType>
            <VoteType name="Advance in Person" votes="687">
                <Precinct name="Ailey" votes="74" />
                <Precinct name="Alston" votes="66" />
                <Precinct name="Higgston" votes="180" />
                <Precinct name="Kibbee" votes="47" />
                <Precinct name="Mount Vernon" votes="206" />
                <Precinct name="Tarrytown" votes="29" />
                <Precinct name="Uvalda" votes="85" />
            </VoteType>
            <VoteType name="Provisional" votes="0">
                <Precinct name="Ailey" votes="0" />
                <Precinct name="Alston" votes="0" />
                <Precinct name="Higgston" votes="0" />
                <Precinct name="Kibbee" votes="0" />
                <Precinct name="Mount Vernon" votes="0" />
                <Precinct name="Tarrytown" votes="0" />
                <Precinct name="Uvalda" votes="0" />
            </VoteType>
        </Choice>
        <Choice key="20" text="NO" totalVotes="1291">
            <VoteType name="Election Day" votes="798">
                <Precinct name="Ailey" votes="61" />
                <Precinct name="Alston" votes="78" />
                <Precinct name="Higgston" votes="172" />
                <Precinct name="Kibbee" votes="94" />
                <Precinct name="Mount Vernon" votes="165" />
                <Precinct name="Tarrytown" votes="64" />
                <Precinct name="Uvalda" votes="164" />
            </VoteType>
            <VoteType name="Absentee by Mail" votes="44">
                <Precinct name="Ailey" votes="7" />
                <Precinct name="Alston" votes="4" />
                <Precinct name="Higgston" votes="9" />
                <Precinct name="Kibbee" votes="6" />
                <Precinct name="Mount Vernon" votes="11" />
                <Precinct name="Tarrytown" votes="1" />
                <Precinct name="Uvalda" votes="6" />
            </VoteType>
            <VoteType name="Advance in Person" votes="449">
                <Precinct name="Ailey" votes="54" />
                <Precinct name="Alston" votes="33" />
                <Precinct name="Higgston" votes="93" />
                <Precinct name="Kibbee" votes="32" />
                <Precinct name="Mount Vernon" votes="159" />
                <Precinct name="Tarrytown" votes="10" />
                <Precinct name="Uvalda" votes="68" />
            </VoteType>
            <VoteType name="Provisional" votes="0">
                <Precinct name="Ailey" votes="0" />
                <Precinct name="Alston" votes="0" />
                <Precinct name="Higgston" votes="0" />
                <Precinct name="Kibbee" votes="0" />
                <Precinct name="Mount Vernon" votes="0" />
                <Precinct name="Tarrytown" votes="0" />
                <Precinct name="Uvalda" votes="0" />
            </VoteType>
        </Choice>
    </Contest>
    <Contest key="300" text="Constitutional Amendment #4&lt;br&gt;Dedicates revenue from existing taxes on fireworks to trauma care, fire services, and public safety." isQuestion="false" precinctsReporting="7" precinctsReported="7">
        <VoteType name="Number of Precincts for Race" votes="7">
            <Precinct name="Ailey" votes="1" />
            <Precinct name="Alston" votes="1" />
            <Precinct name="Higgston" votes="1" />
            <Precinct name="Kibbee" votes="1" />
            <Precinct name="Mount Vernon" votes="1" />
            <Precinct name="Tarrytown" votes="1" />
            <Precinct name="Uvalda" votes="1" />
        </VoteType>
        <VoteType name="Number of Precincts Reporting" votes="7">
            <Precinct name="Ailey" votes="1" />
            <Precinct name="Alston" votes="1" />
            <Precinct name="Higgston" votes="1" />
            <Precinct name="Kibbee" votes="1" />
            <Precinct name="Mount Vernon" votes="1" />
            <Precinct name="Tarrytown" votes="1" />
            <Precinct name="Uvalda" votes="1" />
        </VoteType>
        <Choice key="10" text="YES" totalVotes="2494">
            <VoteType name="Election Day" votes="1485">
                <Precinct name="Ailey" votes="108" />
                <Precinct name="Alston" votes="158" />
                <Precinct name="Higgston" votes="390" />
                <Precinct name="Kibbee" votes="174" />
                <Precinct name="Mount Vernon" votes="292" />
                <Precinct name="Tarrytown" votes="137" />
                <Precinct name="Uvalda" votes="226" />
            </VoteType>
            <VoteType name="Absentee by Mail" votes="97">
                <Precinct name="Ailey" votes="7" />
                <Precinct name="Alston" votes="7" />
                <Precinct name="Higgston" votes="19" />
                <Precinct name="Kibbee" votes="10" />
                <Precinct name="Mount Vernon" votes="32" />
                <Precinct name="Tarrytown" votes="5" />
                <Precinct name="Uvalda" votes="17" />
            </VoteType>
            <VoteType name="Advance in Person" votes="912">
                <Precinct name="Ailey" votes="104" />
                <Precinct name="Alston" votes="74" />
                <Precinct name="Higgston" votes="226" />
                <Precinct name="Kibbee" votes="63" />
                <Precinct name="Mount Vernon" votes="288" />
                <Precinct name="Tarrytown" votes="30" />
                <Precinct name="Uvalda" votes="127" />
            </VoteType>
            <VoteType name="Provisional" votes="0">
                <Precinct name="Ailey" votes="0" />
                <Precinct name="Alston" votes="0" />
                <Precinct name="Higgston" votes="0" />
                <Precinct name="Kibbee" votes="0" />
                <Precinct name="Mount Vernon" votes="0" />
                <Precinct name="Tarrytown" votes="0" />
                <Precinct name="Uvalda" votes="0" />
            </VoteType>
        </Choice>
        <Choice key="20" text="NO" totalVotes="793">
            <VoteType name="Election Day" votes="478">
                <Precinct name="Ailey" votes="39" />
                <Precinct name="Alston" votes="39" />
                <Precinct name="Higgston" votes="114" />
                <Precinct name="Kibbee" votes="38" />
                <Precinct name="Mount Vernon" votes="88" />
                <Precinct name="Tarrytown" votes="34" />
                <Precinct name="Uvalda" votes="126" />
            </VoteType>
            <VoteType name="Absentee by Mail" votes="23">
                <Precinct name="Ailey" votes="5" />
                <Precinct name="Alston" votes="0" />
                <Precinct name="Higgston" votes="4" />
                <Precinct name="Kibbee" votes="5" />
                <Precinct name="Mount Vernon" votes="8" />
                <Precinct name="Tarrytown" votes="0" />
                <Precinct name="Uvalda" votes="1" />
            </VoteType>
            <VoteType name="Advance in Person" votes="292">
                <Precinct name="Ailey" votes="30" />
                <Precinct name="Alston" votes="28" />
                <Precinct name="Higgston" votes="61" />
                <Precinct name="Kibbee" votes="26" />
                <Precinct name="Mount Vernon" votes="98" />
                <Precinct name="Tarrytown" votes="10" />
                <Precinct name="Uvalda" votes="39" />
            </VoteType>
            <VoteType name="Provisional" votes="0">
                <Precinct name="Ailey" votes="0" />
                <Precinct name="Alston" votes="0" />
                <Precinct name="Higgston" votes="0" />
                <Precinct name="Kibbee" votes="0" />
                <Precinct name="Mount Vernon" votes="0" />
                <Precinct name="Tarrytown" votes="0" />
                <Precinct name="Uvalda" votes="0" />
            </VoteType>
        </Choice>
    </Contest>
</ElectionResult>