<?xml version="1.0"?>
<!--Election result snapshot imported from Tabulation System
-->
<ElectionResult>
    <Timestamp>11/14/2016 12:08:39 PM EST</Timestamp>
    <ElectionName>November 8, 2016 - General Election</ElectionName>
    <ElectionDate>11/8/2016</ElectionDate>
    <Region>Murray</Region>
    <VoterTurnout totalVoters="16466" ballotsCast="12555" voterTurnout="76.25">
        <Precincts>
            <Precinct name="MCDONALD" totalVoters="1836" ballotsCast="1337" voterTurnout="72.82" percentReporting="4" />
            <Precinct name="SHUCK PEN" totalVoters="2127" ballotsCast="1641" voterTurnout="77.15" percentReporting="4" />
            <Precinct name="SOUTHWEST" totalVoters="2244" ballotsCast="1640" voterTurnout="73.08" percentReporting="4" />
            <Precinct name="SPRING PLACE" totalVoters="2715" ballotsCast="2093" voterTurnout="77.09" percentReporting="4" />
            <Precinct name="TOWN" totalVoters="4378" ballotsCast="3413" voterTurnout="77.96" percentReporting="4" />
            <Precinct name="CARTERS-DOOLITTLE" totalVoters="1585" ballotsCast="1171" voterTurnout="73.88" percentReporting="4" />
            <Precinct name="NORTH" totalVoters="1581" ballotsCast="1260" voterTurnout="79.70" percentReporting="4" />
        </Precincts>
    </VoterTurnout>
    <Contest key="5" text="President of the United States" isQuestion="false" precinctsReporting="7" precinctsReported="7">
        <VoteType name="Number of Precincts for Race" votes="7">
            <Precinct name="MCDONALD" votes="1" />
            <Precinct name="SHUCK PEN" votes="1" />
            <Precinct name="SOUTHWEST" votes="1" />
            <Precinct name="SPRING PLACE" votes="1" />
            <Precinct name="TOWN" votes="1" />
            <Precinct name="CARTERS-DOOLITTLE" votes="1" />
            <Precinct name="NORTH" votes="1" />
        </VoteType>
        <VoteType name="Number of Precincts Reporting" votes="7">
            <Precinct name="MCDONALD" votes="1" />
            <Precinct name="SHUCK PEN" votes="1" />
            <Precinct name="SOUTHWEST" votes="1" />
            <Precinct name="SPRING PLACE" votes="1" />
            <Precinct name="TOWN" votes="1" />
            <Precinct name="CARTERS-DOOLITTLE" votes="1" />
            <Precinct name="NORTH" votes="1" />
        </VoteType>
        <Choice key="10" text="DONALD J. TRUMP" totalVotes="10341">
            <VoteType name="Election Day" votes="5212">
                <Precinct name="MCDONALD" votes="598" />
                <Precinct name="SHUCK PEN" votes="752" />
                <Precinct name="SOUTHWEST" votes="754" />
                <Precinct name="SPRING PLACE" votes="755" />
                <Precinct name="TOWN" votes="1126" />
                <Precinct name="CARTERS-DOOLITTLE" votes="561" />
                <Precinct name="NORTH" votes="666" />
            </VoteType>
            <VoteType name="Absentee by Mail" votes="258">
                <Precinct name="MCDONALD" votes="15" />
                <Precinct name="SHUCK PEN" votes="22" />
                <Precinct name="SOUTHWEST" votes="28" />
                <Precinct name="SPRING PLACE" votes="55" />
                <Precinct name="TOWN" votes="90" />
                <Precinct name="CARTERS-DOOLITTLE" votes="21" />
                <Precinct name="NORTH" votes="27" />
            </VoteType>
            <VoteType name="Advance in Person" votes="4871">
                <Precinct name="MCDONALD" votes="510" />
                <Precinct name="SHUCK PEN" votes="559" />
                <Precinct name="SOUTHWEST" votes="586" />
                <Precinct name="SPRING PLACE" votes="890" />
                <Precinct name="TOWN" votes="1538" />
                <Precinct name="CARTERS-DOOLITTLE" votes="397" />
                <Precinct name="NORTH" votes="391" />
            </VoteType>
            <VoteType name="Provisional" votes="0">
                <Precinct name="MCDONALD" votes="0" />
                <Precinct name="SHUCK PEN" votes="0" />
                <Precinct name="SOUTHWEST" votes="0" />
                <Precinct name="SPRING PLACE" votes="0" />
                <Precinct name="TOWN" votes="0" />
                <Precinct name="CARTERS-DOOLITTLE" votes="0" />
                <Precinct name="NORTH" votes="0" />
            </VoteType>
        </Choice>
        <Choice key="20" text="HILLARY CLINTON" totalVotes="1800">
            <VoteType name="Election Day" votes="938">
                <Precinct name="MCDONALD" votes="84" />
                <Precinct name="SHUCK PEN" votes="171" />
                <Precinct name="SOUTHWEST" votes="116" />
                <Precinct name="SPRING PLACE" votes="181" />
                <Precinct name="TOWN" votes="223" />
                <Precinct name="CARTERS-DOOLITTLE" votes="77" />
                <Precinct name="NORTH" votes="86" />
            </VoteType>
            <VoteType name="Absentee by Mail" votes="96">
                <Precinct name="MCDONALD" votes="6" />
                <Precinct name="SHUCK PEN" votes="10" />
                <Precinct name="SOUTHWEST" votes="13" />
                <Precinct name="SPRING PLACE" votes="8" />
                <Precinct name="TOWN" votes="38" />
                <Precinct name="CARTERS-DOOLITTLE" votes="12" />
                <Precinct name="NORTH" votes="9" />
            </VoteType>
            <VoteType name="Advance in Person" votes="766">
                <Precinct name="MCDONALD" votes="85" />
                <Precinct name="SHUCK PEN" votes="76" />
                <Precinct name="SOUTHWEST" votes="85" />
                <Precinct name="SPRING PLACE" votes="137" />
                <Precinct name="TOWN" votes="282" />
                <Precinct name="CARTERS-DOOLITTLE" votes="62" />
                <Precinct name="NORTH" votes="39" />
            </VoteType>
            <VoteType name="Provisional" votes="0">
                <Precinct name="MCDONALD" votes="0" />
                <Precinct name="SHUCK PEN" votes="0" />
                <Precinct name="SOUTHWEST" votes="0" />
                <Precinct name="SPRING PLACE" votes="0" />
                <Precinct name="TOWN" votes="0" />
                <Precinct name="CARTERS-DOOLITTLE" votes="0" />
                <Precinct name="NORTH" votes="0" />
            </VoteType>
        </Choice>
        <Choice key="30" text="GARY JOHNSON" totalVotes="283">
            <VoteType name="Election Day" votes="180">
                <Precinct name="MCDONALD" votes="19" />
                <Precinct name="SHUCK PEN" votes="28" />
                <Precinct name="SOUTHWEST" votes="32" />
                <Precinct name="SPRING PLACE" votes="31" />
                <Precinct name="TOWN" votes="33" />
                <Precinct name="CARTERS-DOOLITTLE" votes="18" />
                <Precinct name="NORTH" votes="19" />
            </VoteType>
            <VoteType name="Absentee by Mail" votes="16">
                <Precinct name="MCDONALD" votes="2" />
                <Precinct name="SHUCK PEN" votes="0" />
                <Precinct name="SOUTHWEST" votes="3" />
                <Precinct name="SPRING PLACE" votes="3" />
                <Precinct name="TOWN" votes="5" />
                <Precinct name="CARTERS-DOOLITTLE" votes="2" />
                <Precinct name="NORTH" votes="1" />
            </VoteType>
            <VoteType name="Advance in Person" votes="87">
                <Precinct name="MCDONALD" votes="8" />
                <Precinct name="SHUCK PEN" votes="10" />
                <Precinct name="SOUTHWEST" votes="9" />
                <Precinct name="SPRING PLACE" votes="16" />
                <Precinct name="TOWN" votes="32" />
                <Precinct name="CARTERS-DOOLITTLE" votes="3" />
                <Precinct name="NORTH" votes="9" />
            </VoteType>
            <VoteType name="Provisional" votes="0">
                <Precinct name="MCDONALD" votes="0" />
                <Precinct name="SHUCK PEN" votes="0" />
                <Precinct name="SOUTHWEST" votes="0" />
                <Precinct name="SPRING PLACE" votes="0" />
                <Precinct name="TOWN" votes="0" />
                <Precinct name="CARTERS-DOOLITTLE" votes="0" />
                <Precinct name="NORTH" votes="0" />
            </VoteType>
        </Choice>
    </Contest>
    <Contest key="10" text="United States Senator, Isakson" isQuestion="false" precinctsReporting="7" precinctsReported="7">
        <VoteType name="Number of Precincts for Race" votes="7">
            <Precinct name="MCDONALD" votes="1" />
            <Precinct name="SHUCK PEN" votes="1" />
            <Precinct name="SOUTHWEST" votes="1" />
            <Precinct name="SPRING PLACE" votes="1" />
            <Precinct name="TOWN" votes="1" />
            <Precinct name="CARTERS-DOOLITTLE" votes="1" />
            <Precinct name="NORTH" votes="1" />
        </VoteType>
        <VoteType name="Number of Precincts Reporting" votes="7">
            <Precinct name="MCDONALD" votes="1" />
            <Precinct name="SHUCK PEN" votes="1" />
            <Precinct name="SOUTHWEST" votes="1" />
            <Precinct name="SPRING PLACE" votes="1" />
            <Precinct name="TOWN" votes="1" />
            <Precinct name="CARTERS-DOOLITTLE" votes="1" />
            <Precinct name="NORTH" votes="1" />
        </VoteType>
        <Choice key="10" text="JOHNNY ISAKSON (I)" totalVotes="8922">
            <VoteType name="Election Day" votes="4546">
                <Precinct name="MCDONALD" votes="515" />
                <Precinct name="SHUCK PEN" votes="656" />
                <Precinct name="SOUTHWEST" votes="653" />
                <Precinct name="SPRING PLACE" votes="682" />
                <Precinct name="TOWN" votes="1001" />
                <Precinct name="CARTERS-DOOLITTLE" votes="469" />
                <Precinct name="NORTH" votes="570" />
            </VoteType>
            <VoteType name="Absentee by Mail" votes="244">
                <Precinct name="MCDONALD" votes="15" />
                <Precinct name="SHUCK PEN" votes="21" />
                <Precinct name="SOUTHWEST" votes="30" />
                <Precinct name="SPRING PLACE" votes="51" />
                <Precinct name="TOWN" votes="83" />
                <Precinct name="CARTERS-DOOLITTLE" votes="20" />
                <Precinct name="NORTH" votes="24" />
            </VoteType>
            <VoteType name="Advance in Person" votes="4132">
                <Precinct name="MCDONALD" votes="432" />
                <Precinct name="SHUCK PEN" votes="491" />
                <Precinct name="SOUTHWEST" votes="485" />
                <Precinct name="SPRING PLACE" votes="764" />
                <Precinct name="TOWN" votes="1302" />
                <Precinct name="CARTERS-DOOLITTLE" votes="330" />
                <Precinct name="NORTH" votes="328" />
            </VoteType>
            <VoteType name="Provisional" votes="0">
                <Precinct name="MCDONALD" votes="0" />
                <Precinct name="SHUCK PEN" votes="0" />
                <Precinct name="SOUTHWEST" votes="0" />
                <Precinct name="SPRING PLACE" votes="0" />
                <Precinct name="TOWN" votes="0" />
                <Precinct name="CARTERS-DOOLITTLE" votes="0" />
                <Precinct name="NORTH" votes="0" />
            </VoteType>
        </Choice>
        <Choice key="20" text="JIM BARKSDALE" totalVotes="1741">
            <VoteType name="Election Day" votes="925">
                <Precinct name="MCDONALD" votes="96" />
                <Precinct name="SHUCK PEN" votes="163" />
                <Precinct name="SOUTHWEST" votes="132" />
                <Precinct name="SPRING PLACE" votes="169" />
                <Precinct name="TOWN" votes="203" />
                <Precinct name="CARTERS-DOOLITTLE" votes="81" />
                <Precinct name="NORTH" votes="81" />
            </VoteType>
            <VoteType name="Absentee by Mail" votes="94">
                <Precinct name="MCDONALD" votes="6" />
                <Precinct name="SHUCK PEN" votes="10" />
                <Precinct name="SOUTHWEST" votes="13" />
                <Precinct name="SPRING PLACE" votes="7" />
                <Precinct name="TOWN" votes="35" />
                <Precinct name="CARTERS-DOOLITTLE" votes="11" />
                <Precinct name="NORTH" votes="12" />
            </VoteType>
            <VoteType name="Advance in Person" votes="722">
                <Precinct name="MCDONALD" votes="92" />
                <Precinct name="SHUCK PEN" votes="75" />
                <Precinct name="SOUTHWEST" votes="76" />
                <Precinct name="SPRING PLACE" votes="123" />
                <Precinct name="TOWN" votes="250" />
                <Precinct name="CARTERS-DOOLITTLE" votes="59" />
                <Precinct name="NORTH" votes="47" />
            </VoteType>
            <VoteType name="Provisional" votes="0">
                <Precinct name="MCDONALD" votes="0" />
                <Precinct name="SHUCK PEN" votes="0" />
                <Precinct name="SOUTHWEST" votes="0" />
                <Precinct name="SPRING PLACE" votes="0" />
                <Precinct name="TOWN" votes="0" />
                <Precinct name="CARTERS-DOOLITTLE" votes="0" />
                <Precinct name="NORTH" votes="0" />
            </VoteType>
        </Choice>
        <Choice key="30" text="ALLEN BUCKLEY" totalVotes="453">
            <VoteType name="Election Day" votes="255">
                <Precinct name="MCDONALD" votes="16" />
                <Precinct name="SHUCK PEN" votes="47" />
                <Precinct name="SOUTHWEST" votes="30" />
                <Precinct name="SPRING PLACE" votes="34" />
                <Precinct name="TOWN" votes="58" />
                <Precinct name="CARTERS-DOOLITTLE" votes="36" />
                <Precinct name="NORTH" votes="34" />
            </VoteType>
            <VoteType name="Absentee by Mail" votes="16">
                <Precinct name="MCDONALD" votes="1" />
                <Precinct name="SHUCK PEN" votes="0" />
                <Precinct name="SOUTHWEST" votes="0" />
                <Precinct name="SPRING PLACE" votes="7" />
                <Precinct name="TOWN" votes="5" />
                <Precinct name="CARTERS-DOOLITTLE" votes="3" />
                <Precinct name="NORTH" votes="0" />
            </VoteType>
            <VoteType name="Advance in Person" votes="182">
                <Precinct name="MCDONALD" votes="16" />
                <Precinct name="SHUCK PEN" votes="19" />
                <Precinct name="SOUTHWEST" votes="11" />
                <Precinct name="SPRING PLACE" votes="35" />
                <Precinct name="TOWN" votes="70" />
                <Precinct name="CARTERS-DOOLITTLE" votes="18" />
                <Precinct name="NORTH" votes="13" />
            </VoteType>
            <VoteType name="Provisional" votes="0">
                <Precinct name="MCDONALD" votes="0" />
                <Precinct name="SHUCK PEN" votes="0" />
                <Precinct name="SOUTHWEST" votes="0" />
                <Precinct name="SPRING PLACE" votes="0" />
                <Precinct name="TOWN" votes="0" />
                <Precinct name="CARTERS-DOOLITTLE" votes="0" />
                <Precinct name="NORTH" votes="0" />
            </VoteType>
        </Choice>
    </Contest>
    <Contest key="30" text="Public Service Commission, District 2 - Eastern" isQuestion="false" precinctsReporting="7" precinctsReported="7">
        <VoteType name="Number of Precincts for Race" votes="7">
            <Precinct name="MCDONALD" votes="1" />
            <Precinct name="SHUCK PEN" votes="1" />
            <Precinct name="SOUTHWEST" votes="1" />
            <Precinct name="SPRING PLACE" votes="1" />
            <Precinct name="TOWN" votes="1" />
            <Precinct name="CARTERS-DOOLITTLE" votes="1" />
            <Precinct name="NORTH" votes="1" />
        </VoteType>
        <VoteType name="Number of Precincts Reporting" votes="7">
            <Precinct name="MCDONALD" votes="1" />
            <Precinct name="SHUCK PEN" votes="1" />
            <Precinct name="SOUTHWEST" votes="1" />
            <Precinct name="SPRING PLACE" votes="1" />
            <Precinct name="TOWN" votes="1" />
            <Precinct name="CARTERS-DOOLITTLE" votes="1" />
            <Precinct name="NORTH" votes="1" />
        </VoteType>
        <Choice key="10" text="TIM ECHOLS (I)" totalVotes="9323">
            <VoteType name="Election Day" votes="4769">
                <Precinct name="MCDONALD" votes="531" />
                <Precinct name="SHUCK PEN" votes="692" />
                <Precinct name="SOUTHWEST" votes="688" />
                <Precinct name="SPRING PLACE" votes="730" />
                <Precinct name="TOWN" votes="1038" />
                <Precinct name="CARTERS-DOOLITTLE" votes="491" />
                <Precinct name="NORTH" votes="599" />
            </VoteType>
            <VoteType name="Absentee by Mail" votes="255">
                <Precinct name="MCDONALD" votes="18" />
                <Precinct name="SHUCK PEN" votes="23" />
                <Precinct name="SOUTHWEST" votes="29" />
                <Precinct name="SPRING PLACE" votes="52" />
                <Precinct name="TOWN" votes="83" />
                <Precinct name="CARTERS-DOOLITTLE" votes="23" />
                <Precinct name="NORTH" votes="27" />
            </VoteType>
            <VoteType name="Advance in Person" votes="4299">
                <Precinct name="MCDONALD" votes="456" />
                <Precinct name="SHUCK PEN" votes="502" />
                <Precinct name="SOUTHWEST" votes="497" />
                <Precinct name="SPRING PLACE" votes="798" />
                <Precinct name="TOWN" votes="1363" />
                <Precinct name="CARTERS-DOOLITTLE" votes="338" />
                <Precinct name="NORTH" votes="345" />
            </VoteType>
            <VoteType name="Provisional" votes="0">
                <Precinct name="MCDONALD" votes="0" />
                <Precinct name="SHUCK PEN" votes="0" />
                <Precinct name="SOUTHWEST" votes="0" />
                <Precinct name="SPRING PLACE" votes="0" />
                <Precinct name="TOWN" votes="0" />
                <Precinct name="CARTERS-DOOLITTLE" votes="0" />
                <Precinct name="NORTH" votes="0" />
            </VoteType>
        </Choice>
        <Choice key="20" text="ERIC HOSKINS" totalVotes="1729">
            <VoteType name="Election Day" votes="937">
                <Precinct name="MCDONALD" votes="96" />
                <Precinct name="SHUCK PEN" votes="165" />
                <Precinct name="SOUTHWEST" votes="129" />
                <Precinct name="SPRING PLACE" votes="150" />
                <Precinct name="TOWN" votes="216" />
                <Precinct name="CARTERS-DOOLITTLE" votes="95" />
                <Precinct name="NORTH" votes="86" />
            </VoteType>
            <VoteType name="Absentee by Mail" votes="70">
                <Precinct name="MCDONALD" votes="2" />
                <Precinct name="SHUCK PEN" votes="7" />
                <Precinct name="SOUTHWEST" votes="9" />
                <Precinct name="SPRING PLACE" votes="9" />
                <Precinct name="TOWN" votes="29" />
                <Precinct name="CARTERS-DOOLITTLE" votes="9" />
                <Precinct name="NORTH" votes="5" />
            </VoteType>
            <VoteType name="Advance in Person" votes="722">
                <Precinct name="MCDONALD" votes="76" />
                <Precinct name="SHUCK PEN" votes="78" />
                <Precinct name="SOUTHWEST" votes="75" />
                <Precinct name="SPRING PLACE" votes="128" />
                <Precinct name="TOWN" votes="245" />
                <Precinct name="CARTERS-DOOLITTLE" votes="67" />
                <Precinct name="NORTH" votes="53" />
            </VoteType>
            <VoteType name="Provisional" votes="0">
                <Precinct name="MCDONALD" votes="0" />
                <Precinct name="SHUCK PEN" votes="0" />
                <Precinct name="SOUTHWEST" votes="0" />
                <Precinct name="SPRING PLACE" votes="0" />
                <Precinct name="TOWN" votes="0" />
                <Precinct name="CARTERS-DOOLITTLE" votes="0" />
                <Precinct name="NORTH" votes="0" />
            </VoteType>
        </Choice>
    </Contest>
    <Contest key="50" text="U.S. Representative, District 14" isQuestion="false" precinctsReporting="7" precinctsReported="7">
        <VoteType name="Number of Precincts for Race" votes="7">
            <Precinct name="MCDONALD" votes="1" />
            <Precinct name="SHUCK PEN" votes="1" />
            <Precinct name="SOUTHWEST" votes="1" />
            <Precinct name="SPRING PLACE" votes="1" />
            <Precinct name="TOWN" votes="1" />
            <Precinct name="CARTERS-DOOLITTLE" votes="1" />
            <Precinct name="NORTH" votes="1" />
        </VoteType>
        <VoteType name="Number of Precincts Reporting" votes="7">
            <Precinct name="MCDONALD" votes="1" />
            <Precinct name="SHUCK PEN" votes="1" />
            <Precinct name="SOUTHWEST" votes="1" />
            <Precinct name="SPRING PLACE" votes="1" />
            <Precinct name="TOWN" votes="1" />
            <Precinct name="CARTERS-DOOLITTLE" votes="1" />
            <Precinct name="NORTH" votes="1" />
        </VoteType>
        <Choice key="10" text="TOM GRAVES (I)" totalVotes="10669">
            <VoteType name="Election Day" votes="5500">
                <Precinct name="MCDONALD" votes="609" />
                <Precinct name="SHUCK PEN" votes="816" />
                <Precinct name="SOUTHWEST" votes="796" />
                <Precinct name="SPRING PLACE" votes="834" />
                <Precinct name="TOWN" votes="1210" />
                <Precinct name="CARTERS-DOOLITTLE" votes="567" />
                <Precinct name="NORTH" votes="668" />
            </VoteType>
            <VoteType name="Absentee by Mail" votes="297">
                <Precinct name="MCDONALD" votes="20" />
                <Precinct name="SHUCK PEN" votes="28" />
                <Precinct name="SOUTHWEST" votes="30" />
                <Precinct name="SPRING PLACE" votes="57" />
                <Precinct name="TOWN" votes="106" />
                <Precinct name="CARTERS-DOOLITTLE" votes="26" />
                <Precinct name="NORTH" votes="30" />
            </VoteType>
            <VoteType name="Advance in Person" votes="4872">
                <Precinct name="MCDONALD" votes="505" />
                <Precinct name="SHUCK PEN" votes="557" />
                <Precinct name="SOUTHWEST" votes="559" />
                <Precinct name="SPRING PLACE" votes="909" />
                <Precinct name="TOWN" votes="1568" />
                <Precinct name="CARTERS-DOOLITTLE" votes="391" />
                <Precinct name="NORTH" votes="383" />
            </VoteType>
            <VoteType name="Provisional" votes="0">
                <Precinct name="MCDONALD" votes="0" />
                <Precinct name="SHUCK PEN" votes="0" />
                <Precinct name="SOUTHWEST" votes="0" />
                <Precinct name="SPRING PLACE" votes="0" />
                <Precinct name="TOWN" votes="0" />
                <Precinct name="CARTERS-DOOLITTLE" votes="0" />
                <Precinct name="NORTH" votes="0" />
            </VoteType>
        </Choice>
    </Contest>
    <Contest key="70" text="State Senator, District 54" isQuestion="false" precinctsReporting="7" precinctsReported="7">
        <VoteType name="Number of Precincts for Race" votes="7">
            <Precinct name="MCDONALD" votes="1" />
            <Precinct name="SHUCK PEN" votes="1" />
            <Precinct name="SOUTHWEST" votes="1" />
            <Precinct name="SPRING PLACE" votes="1" />
            <Precinct name="TOWN" votes="1" />
            <Precinct name="CARTERS-DOOLITTLE" votes="1" />
            <Precinct name="NORTH" votes="1" />
        </VoteType>
        <VoteType name="Number of Precincts Reporting" votes="7">
            <Precinct name="MCDONALD" votes="1" />
            <Precinct name="SHUCK PEN" votes="1" />
            <Precinct name="SOUTHWEST" votes="1" />
            <Precinct name="SPRING PLACE" votes="1" />
            <Precinct name="TOWN" votes="1" />
            <Precinct name="CARTERS-DOOLITTLE" votes="1" />
            <Precinct name="NORTH" votes="1" />
        </VoteType>
        <Choice key="10" text="CHARLIE BETHEL (I)" totalVotes="10356">
            <VoteType name="Election Day" votes="5368">
                <Precinct name="MCDONALD" votes="585" />
                <Precinct name="SHUCK PEN" votes="790" />
                <Precinct name="SOUTHWEST" votes="786" />
                <Precinct name="SPRING PLACE" votes="825" />
                <Precinct name="TOWN" votes="1176" />
                <Precinct name="CARTERS-DOOLITTLE" votes="554" />
                <Precinct name="NORTH" votes="652" />
            </VoteType>
            <VoteType name="Absentee by Mail" votes="290">
                <Precinct name="MCDONALD" votes="17" />
                <Precinct name="SHUCK PEN" votes="26" />
                <Precinct name="SOUTHWEST" votes="31" />
                <Precinct name="SPRING PLACE" votes="55" />
                <Precinct name="TOWN" votes="106" />
                <Precinct name="CARTERS-DOOLITTLE" votes="24" />
                <Precinct name="NORTH" votes="31" />
            </VoteType>
            <VoteType name="Advance in Person" votes="4698">
                <Precinct name="MCDONALD" votes="497" />
                <Precinct name="SHUCK PEN" votes="538" />
                <Precinct name="SOUTHWEST" votes="533" />
                <Precinct name="SPRING PLACE" votes="884" />
                <Precinct name="TOWN" votes="1509" />
                <Precinct name="CARTERS-DOOLITTLE" votes="368" />
                <Precinct name="NORTH" votes="369" />
            </VoteType>
            <VoteType name="Provisional" votes="0">
                <Precinct name="MCDONALD" votes="0" />
                <Precinct name="SHUCK PEN" votes="0" />
                <Precinct name="SOUTHWEST" votes="0" />
                <Precinct name="SPRING PLACE" votes="0" />
                <Precinct name="TOWN" votes="0" />
                <Precinct name="CARTERS-DOOLITTLE" votes="0" />
                <Precinct name="NORTH" votes="0" />
            </VoteType>
        </Choice>
    </Contest>
    <Contest key="90" text="State Representative, District 5" isQuestion="false" precinctsReporting="1" precinctsReported="1">
        <VoteType name="Number of Precincts for Race" votes="1">
            <Precinct name="SOUTHWEST" votes="1" />
        </VoteType>
        <VoteType name="Number of Precincts Reporting" votes="1">
            <Precinct name="SOUTHWEST" votes="1" />
        </VoteType>
        <Choice key="10" text="JOHN MEADOWS (I)" totalVotes="1350">
            <VoteType name="Election Day" votes="786">
                <Precinct name="SOUTHWEST" votes="786" />
            </VoteType>
            <VoteType name="Absentee by Mail" votes="31">
                <Precinct name="SOUTHWEST" votes="31" />
            </VoteType>
            <VoteType name="Advance in Person" votes="533">
                <Precinct name="SOUTHWEST" votes="533" />
            </VoteType>
            <VoteType name="Provisional" votes="0">
                <Precinct name="SOUTHWEST" votes="0" />
            </VoteType>
        </Choice>
    </Contest>
    <Contest key="110" text="State Representative, District 6" isQuestion="false" precinctsReporting="4" precinctsReported="4">
        <VoteType name="Number of Precincts for Race" votes="4">
            <Precinct name="MCDONALD" votes="1" />
            <Precinct name="SHUCK PEN" votes="1" />
            <Precinct name="TOWN" votes="1" />
            <Precinct name="NORTH" votes="1" />
        </VoteType>
        <VoteType name="Number of Precincts Reporting" votes="4">
            <Precinct name="MCDONALD" votes="1" />
            <Precinct name="SHUCK PEN" votes="1" />
            <Precinct name="TOWN" votes="1" />
            <Precinct name="NORTH" votes="1" />
        </VoteType>
        <Choice key="10" text="JASON T. RIDLEY (REP)" totalVotes="4640">
            <VoteType name="Election Day" votes="2543">
                <Precinct name="MCDONALD" votes="602" />
                <Precinct name="SHUCK PEN" votes="810" />
                <Precinct name="TOWN" votes="463" />
                <Precinct name="NORTH" votes="668" />
            </VoteType>
            <VoteType name="Absentee by Mail" votes="114">
                <Precinct name="MCDONALD" votes="21" />
                <Precinct name="SHUCK PEN" votes="28" />
                <Precinct name="TOWN" votes="34" />
                <Precinct name="NORTH" votes="31" />
            </VoteType>
            <VoteType name="Advance in Person" votes="1983">
                <Precinct name="MCDONALD" votes="512" />
                <Precinct name="SHUCK PEN" votes="546" />
                <Precinct name="TOWN" votes="540" />
                <Precinct name="NORTH" votes="385" />
            </VoteType>
            <VoteType name="Provisional" votes="0">
                <Precinct name="MCDONALD" votes="0" />
                <Precinct name="SHUCK PEN" votes="0" />
                <Precinct name="TOWN" votes="0" />
                <Precinct name="NORTH" votes="0" />
            </VoteType>
        </Choice>
    </Contest>
    <Contest key="130" text="State Representative, District 11" isQuestion="false" precinctsReporting="3" precinctsReported="3">
        <VoteType name="Number of Precincts for Race" votes="3">
            <Precinct name="SPRING PLACE" votes="1" />
            <Precinct name="TOWN" votes="1" />
            <Precinct name="CARTERS-DOOLITTLE" votes="1" />
        </VoteType>
        <VoteType name="Number of Precincts Reporting" votes="3">
            <Precinct name="SPRING PLACE" votes="1" />
            <Precinct name="TOWN" votes="1" />
            <Precinct name="CARTERS-DOOLITTLE" votes="1" />
        </VoteType>
        <Choice key="10" text="RICK JASPERSE (I)" totalVotes="3842">
            <VoteType name="Election Day" votes="1778">
                <Precinct name="SPRING PLACE" votes="679" />
                <Precinct name="TOWN" votes="620" />
                <Precinct name="CARTERS-DOOLITTLE" votes="479" />
            </VoteType>
            <VoteType name="Absentee by Mail" votes="126">
                <Precinct name="SPRING PLACE" votes="55" />
                <Precinct name="TOWN" votes="55" />
                <Precinct name="CARTERS-DOOLITTLE" votes="16" />
            </VoteType>
            <VoteType name="Advance in Person" votes="1938">
                <Precinct name="SPRING PLACE" votes="759" />
                <Precinct name="TOWN" votes="848" />
                <Precinct name="CARTERS-DOOLITTLE" votes="331" />
            </VoteType>
            <VoteType name="Provisional" votes="0">
                <Precinct name="SPRING PLACE" votes="0" />
                <Precinct name="TOWN" votes="0" />
                <Precinct name="CARTERS-DOOLITTLE" votes="0" />
            </VoteType>
        </Choice>
        <Choice key="20" text="BRANDON D CRISP" totalVotes="1066">
            <VoteType name="Election Day" votes="514">
                <Precinct name="SPRING PLACE" votes="217" />
                <Precinct name="TOWN" votes="175" />
                <Precinct name="CARTERS-DOOLITTLE" votes="122" />
            </VoteType>
            <VoteType name="Absentee by Mail" votes="52">
                <Precinct name="SPRING PLACE" votes="9" />
                <Precinct name="TOWN" votes="25" />
                <Precinct name="CARTERS-DOOLITTLE" votes="18" />
            </VoteType>
            <VoteType name="Advance in Person" votes="500">
                <Precinct name="SPRING PLACE" votes="190" />
                <Precinct name="TOWN" votes="231" />
                <Precinct name="CARTERS-DOOLITTLE" votes="79" />
            </VoteType>
            <VoteType name="Provisional" votes="0">
                <Precinct name="SPRING PLACE" votes="0" />
                <Precinct name="TOWN" votes="0" />
                <Precinct name="CARTERS-DOOLITTLE" votes="0" />
            </VoteType>
        </Choice>
    </Contest>
    <Contest key="150" text="District Attorney, Conasauga Circuit" isQuestion="false" precinctsReporting="7" precinctsReported="7">
        <VoteType name="Number of Precincts for Race" votes="7">
            <Precinct name="MCDONALD" votes="1" />
            <Precinct name="SHUCK PEN" votes="1" />
            <Precinct name="SOUTHWEST" votes="1" />
            <Precinct name="SPRING PLACE" votes="1" />
            <Precinct name="TOWN" votes="1" />
            <Precinct name="CARTERS-DOOLITTLE" votes="1" />
            <Precinct name="NORTH" votes="1" />
        </VoteType>
        <VoteType name="Number of Precincts Reporting" votes="7">
            <Precinct name="MCDONALD" votes="1" />
            <Precinct name="SHUCK PEN" votes="1" />
            <Precinct name="SOUTHWEST" votes="1" />
            <Precinct name="SPRING PLACE" votes="1" />
            <Precinct name="TOWN" votes="1" />
            <Precinct name="CARTERS-DOOLITTLE" votes="1" />
            <Precinct name="NORTH" votes="1" />
        </VoteType>
        <Choice key="10" text="BERT POSTON (I) (REP)" totalVotes="10185">
            <VoteType name="Election Day" votes="5294">
                <Precinct name="MCDONALD" votes="587" />
                <Precinct name="SHUCK PEN" votes="781" />
                <Precinct name="SOUTHWEST" votes="782" />
                <Precinct name="SPRING PLACE" votes="817" />
                <Precinct name="TOWN" votes="1146" />
                <Precinct name="CARTERS-DOOLITTLE" votes="548" />
                <Precinct name="NORTH" votes="633" />
            </VoteType>
            <VoteType name="Absentee by Mail" votes="287">
                <Precinct name="MCDONALD" votes="18" />
                <Precinct name="SHUCK PEN" votes="28" />
                <Precinct name="SOUTHWEST" votes="31" />
                <Precinct name="SPRING PLACE" votes="57" />
                <Precinct name="TOWN" votes="102" />
                <Precinct name="CARTERS-DOOLITTLE" votes="24" />
                <Precinct name="NORTH" votes="27" />
            </VoteType>
            <VoteType name="Advance in Person" votes="4604">
                <Precinct name="MCDONALD" votes="486" />
                <Precinct name="SHUCK PEN" votes="530" />
                <Precinct name="SOUTHWEST" votes="519" />
                <Precinct name="SPRING PLACE" votes="864" />
                <Precinct name="TOWN" votes="1471" />
                <Precinct name="CARTERS-DOOLITTLE" votes="371" />
                <Precinct name="NORTH" votes="363" />
            </VoteType>
            <VoteType name="Provisional" votes="0">
                <Precinct name="MCDONALD" votes="0" />
                <Precinct name="SHUCK PEN" votes="0" />
                <Precinct name="SOUTHWEST" votes="0" />
                <Precinct name="SPRING PLACE" votes="0" />
                <Precinct name="TOWN" votes="0" />
                <Precinct name="CARTERS-DOOLITTLE" votes="0" />
                <Precinct name="NORTH" votes="0" />
            </VoteType>
        </Choice>
    </Contest>
    <Contest key="170" text="JUDGE PROBATE" isQuestion="false" precinctsReporting="7" precinctsReported="7">
        <VoteType name="Number of Precincts for Race" votes="7">
            <Precinct name="MCDONALD" votes="1" />
            <Precinct name="SHUCK PEN" votes="1" />
            <Precinct name="SOUTHWEST" votes="1" />
            <Precinct name="SPRING PLACE" votes="1" />
            <Precinct name="TOWN" votes="1" />
            <Precinct name="CARTERS-DOOLITTLE" votes="1" />
            <Precinct name="NORTH" votes="1" />
        </VoteType>
        <VoteType name="Number of Precincts Reporting" votes="7">
            <Precinct name="MCDONALD" votes="1" />
            <Precinct name="SHUCK PEN" votes="1" />
            <Precinct name="SOUTHWEST" votes="1" />
            <Precinct name="SPRING PLACE" votes="1" />
            <Precinct name="TOWN" votes="1" />
            <Precinct name="CARTERS-DOOLITTLE" votes="1" />
            <Precinct name="NORTH" votes="1" />
        </VoteType>
        <Choice key="10" text="J. WATERS (R)" totalVotes="6338">
            <VoteType name="Election Day" votes="3387">
                <Precinct name="MCDONALD" votes="358" />
                <Precinct name="SHUCK PEN" votes="508" />
                <Precinct name="SOUTHWEST" votes="543" />
                <Precinct name="SPRING PLACE" votes="511" />
                <Precinct name="TOWN" votes="724" />
                <Precinct name="CARTERS-DOOLITTLE" votes="317" />
                <Precinct name="NORTH" votes="426" />
            </VoteType>
            <VoteType name="Absentee by Mail" votes="173">
                <Precinct name="MCDONALD" votes="11" />
                <Precinct name="SHUCK PEN" votes="14" />
                <Precinct name="SOUTHWEST" votes="22" />
                <Precinct name="SPRING PLACE" votes="38" />
                <Precinct name="TOWN" votes="61" />
                <Precinct name="CARTERS-DOOLITTLE" votes="11" />
                <Precinct name="NORTH" votes="16" />
            </VoteType>
            <VoteType name="Advance in Person" votes="2778">
                <Precinct name="MCDONALD" votes="281" />
                <Precinct name="SHUCK PEN" votes="360" />
                <Precinct name="SOUTHWEST" votes="345" />
                <Precinct name="SPRING PLACE" votes="537" />
                <Precinct name="TOWN" votes="815" />
                <Precinct name="CARTERS-DOOLITTLE" votes="216" />
                <Precinct name="NORTH" votes="224" />
            </VoteType>
            <VoteType name="Provisional" votes="0">
                <Precinct name="MCDONALD" votes="0" />
                <Precinct name="SHUCK PEN" votes="0" />
                <Precinct name="SOUTHWEST" votes="0" />
                <Precinct name="SPRING PLACE" votes="0" />
                <Precinct name="TOWN" votes="0" />
                <Precinct name="CARTERS-DOOLITTLE" votes="0" />
                <Precinct name="NORTH" votes="0" />
            </VoteType>
        </Choice>
        <Choice key="20" text="D. ADAMS (I) D" totalVotes="5729">
            <VoteType name="Election Day" votes="2779">
                <Precinct name="MCDONALD" votes="327" />
                <Precinct name="SHUCK PEN" votes="403" />
                <Precinct name="SOUTHWEST" votes="331" />
                <Precinct name="SPRING PLACE" votes="429" />
                <Precinct name="TOWN" votes="632" />
                <Precinct name="CARTERS-DOOLITTLE" votes="332" />
                <Precinct name="NORTH" votes="325" />
            </VoteType>
            <VoteType name="Absentee by Mail" votes="192">
                <Precinct name="MCDONALD" votes="12" />
                <Precinct name="SHUCK PEN" votes="18" />
                <Precinct name="SOUTHWEST" votes="20" />
                <Precinct name="SPRING PLACE" votes="26" />
                <Precinct name="TOWN" votes="67" />
                <Precinct name="CARTERS-DOOLITTLE" votes="26" />
                <Precinct name="NORTH" votes="23" />
            </VoteType>
            <VoteType name="Advance in Person" votes="2758">
                <Precinct name="MCDONALD" votes="305" />
                <Precinct name="SHUCK PEN" votes="261" />
                <Precinct name="SOUTHWEST" votes="289" />
                <Precinct name="SPRING PLACE" votes="474" />
                <Precinct name="TOWN" votes="994" />
                <Precinct name="CARTERS-DOOLITTLE" votes="236" />
                <Precinct name="NORTH" votes="199" />
            </VoteType>
            <VoteType name="Provisional" votes="0">
                <Precinct name="MCDONALD" votes="0" />
                <Precinct name="SHUCK PEN" votes="0" />
                <Precinct name="SOUTHWEST" votes="0" />
                <Precinct name="SPRING PLACE" votes="0" />
                <Precinct name="TOWN" votes="0" />
                <Precinct name="CARTERS-DOOLITTLE" votes="0" />
                <Precinct name="NORTH" votes="0" />
            </VoteType>
        </Choice>
    </Contest>
    <Contest key="190" text="CLERK SUPERIOR CT" isQuestion="false" precinctsReporting="7" precinctsReported="7">
        <VoteType name="Number of Precincts for Race" votes="7">
            <Precinct name="MCDONALD" votes="1" />
            <Precinct name="SHUCK PEN" votes="1" />
            <Precinct name="SOUTHWEST" votes="1" />
            <Precinct name="SPRING PLACE" votes="1" />
            <Precinct name="TOWN" votes="1" />
            <Precinct name="CARTERS-DOOLITTLE" votes="1" />
            <Precinct name="NORTH" votes="1" />
        </VoteType>
        <VoteType name="Number of Precincts Reporting" votes="7">
            <Precinct name="MCDONALD" votes="1" />
            <Precinct name="SHUCK PEN" votes="1" />
            <Precinct name="SOUTHWEST" votes="1" />
            <Precinct name="SPRING PLACE" votes="1" />
            <Precinct name="TOWN" votes="1" />
            <Precinct name="CARTERS-DOOLITTLE" votes="1" />
            <Precinct name="NORTH" votes="1" />
        </VoteType>
        <Choice key="10" text="D. FLOOD (I) R" totalVotes="10662">
            <VoteType name="Election Day" votes="5507">
                <Precinct name="MCDONALD" votes="610" />
                <Precinct name="SHUCK PEN" votes="820" />
                <Precinct name="SOUTHWEST" votes="808" />
                <Precinct name="SPRING PLACE" votes="840" />
                <Precinct name="TOWN" votes="1203" />
                <Precinct name="CARTERS-DOOLITTLE" votes="570" />
                <Precinct name="NORTH" votes="656" />
            </VoteType>
            <VoteType name="Absentee by Mail" votes="298">
                <Precinct name="MCDONALD" votes="18" />
                <Precinct name="SHUCK PEN" votes="28" />
                <Precinct name="SOUTHWEST" votes="32" />
                <Precinct name="SPRING PLACE" votes="58" />
                <Precinct name="TOWN" votes="107" />
                <Precinct name="CARTERS-DOOLITTLE" votes="25" />
                <Precinct name="NORTH" votes="30" />
            </VoteType>
            <VoteType name="Advance in Person" votes="4857">
                <Precinct name="MCDONALD" votes="518" />
                <Precinct name="SHUCK PEN" votes="552" />
                <Precinct name="SOUTHWEST" votes="551" />
                <Precinct name="SPRING PLACE" votes="906" />
                <Precinct name="TOWN" votes="1558" />
                <Precinct name="CARTERS-DOOLITTLE" votes="390" />
                <Precinct name="NORTH" votes="382" />
            </VoteType>
            <VoteType name="Provisional" votes="0">
                <Precinct name="MCDONALD" votes="0" />
                <Precinct name="SHUCK PEN" votes="0" />
                <Precinct name="SOUTHWEST" votes="0" />
                <Precinct name="SPRING PLACE" votes="0" />
                <Precinct name="TOWN" votes="0" />
                <Precinct name="CARTERS-DOOLITTLE" votes="0" />
                <Precinct name="NORTH" votes="0" />
            </VoteType>
        </Choice>
    </Contest>
    <Contest key="210" text="SHERIFF" isQuestion="false" precinctsReporting="7" precinctsReported="7">
        <VoteType name="Number of Precincts for Race" votes="7">
            <Precinct name="MCDONALD" votes="1" />
            <Precinct name="SHUCK PEN" votes="1" />
            <Precinct name="SOUTHWEST" votes="1" />
            <Precinct name="SPRING PLACE" votes="1" />
            <Precinct name="TOWN" votes="1" />
            <Precinct name="CARTERS-DOOLITTLE" votes="1" />
            <Precinct name="NORTH" votes="1" />
        </VoteType>
        <VoteType name="Number of Precincts Reporting" votes="7">
            <Precinct name="MCDONALD" votes="1" />
            <Precinct name="SHUCK PEN" votes="1" />
            <Precinct name="SOUTHWEST" votes="1" />
            <Precinct name="SPRING PLACE" votes="1" />
            <Precinct name="TOWN" votes="1" />
            <Precinct name="CARTERS-DOOLITTLE" votes="1" />
            <Precinct name="NORTH" votes="1" />
        </VoteType>
        <Choice key="10" text="G. LANGFORD (I) R" totalVotes="10498">
            <VoteType name="Election Day" votes="5431">
                <Precinct name="MCDONALD" votes="605" />
                <Precinct name="SHUCK PEN" votes="806" />
                <Precinct name="SOUTHWEST" votes="795" />
                <Precinct name="SPRING PLACE" votes="826" />
                <Precinct name="TOWN" votes="1167" />
                <Precinct name="CARTERS-DOOLITTLE" votes="585" />
                <Precinct name="NORTH" votes="647" />
            </VoteType>
            <VoteType name="Absentee by Mail" votes="291">
                <Precinct name="MCDONALD" votes="17" />
                <Precinct name="SHUCK PEN" votes="26" />
                <Precinct name="SOUTHWEST" votes="33" />
                <Precinct name="SPRING PLACE" votes="57" />
                <Precinct name="TOWN" votes="106" />
                <Precinct name="CARTERS-DOOLITTLE" votes="21" />
                <Precinct name="NORTH" votes="31" />
            </VoteType>
            <VoteType name="Advance in Person" votes="4776">
                <Precinct name="MCDONALD" votes="505" />
                <Precinct name="SHUCK PEN" votes="542" />
                <Precinct name="SOUTHWEST" votes="540" />
                <Precinct name="SPRING PLACE" votes="879" />
                <Precinct name="TOWN" votes="1543" />
                <Precinct name="CARTERS-DOOLITTLE" votes="385" />
                <Precinct name="NORTH" votes="382" />
            </VoteType>
            <VoteType name="Provisional" votes="0">
                <Precinct name="MCDONALD" votes="0" />
                <Precinct name="SHUCK PEN" votes="0" />
                <Precinct name="SOUTHWEST" votes="0" />
                <Precinct name="SPRING PLACE" votes="0" />
                <Precinct name="TOWN" votes="0" />
                <Precinct name="CARTERS-DOOLITTLE" votes="0" />
                <Precinct name="NORTH" votes="0" />
            </VoteType>
        </Choice>
    </Contest>
    <Contest key="230" text="TAX COMMISSIONER" isQuestion="false" precinctsReporting="7" precinctsReported="7">
        <VoteType name="Number of Precincts for Race" votes="7">
            <Precinct name="MCDONALD" votes="1" />
            <Precinct name="SHUCK PEN" votes="1" />
            <Precinct name="SOUTHWEST" votes="1" />
            <Precinct name="SPRING PLACE" votes="1" />
            <Precinct name="TOWN" votes="1" />
            <Precinct name="CARTERS-DOOLITTLE" votes="1" />
            <Precinct name="NORTH" votes="1" />
        </VoteType>
        <VoteType name="Number of Precincts Reporting" votes="7">
            <Precinct name="MCDONALD" votes="1" />
            <Precinct name="SHUCK PEN" votes="1" />
            <Precinct name="SOUTHWEST" votes="1" />
            <Precinct name="SPRING PLACE" votes="1" />
            <Precinct name="TOWN" votes="1" />
            <Precinct name="CARTERS-DOOLITTLE" votes="1" />
            <Precinct name="NORTH" votes="1" />
        </VoteType>
        <Choice key="10" text="B. R. CHILDERS (R)" totalVotes="10408">
            <VoteType name="Election Day" votes="5387">
                <Precinct name="MCDONALD" votes="604" />
                <Precinct name="SHUCK PEN" votes="797" />
                <Precinct name="SOUTHWEST" votes="788" />
                <Precinct name="SPRING PLACE" votes="822" />
                <Precinct name="TOWN" votes="1175" />
                <Precinct name="CARTERS-DOOLITTLE" votes="548" />
                <Precinct name="NORTH" votes="653" />
            </VoteType>
            <VoteType name="Absentee by Mail" votes="308">
                <Precinct name="MCDONALD" votes="21" />
                <Precinct name="SHUCK PEN" votes="29" />
                <Precinct name="SOUTHWEST" votes="32" />
                <Precinct name="SPRING PLACE" votes="58" />
                <Precinct name="TOWN" votes="108" />
                <Precinct name="CARTERS-DOOLITTLE" votes="26" />
                <Precinct name="NORTH" votes="34" />
            </VoteType>
            <VoteType name="Advance in Person" votes="4713">
                <Precinct name="MCDONALD" votes="498" />
                <Precinct name="SHUCK PEN" votes="538" />
                <Precinct name="SOUTHWEST" votes="540" />
                <Precinct name="SPRING PLACE" votes="864" />
                <Precinct name="TOWN" votes="1526" />
                <Precinct name="CARTERS-DOOLITTLE" votes="375" />
                <Precinct name="NORTH" votes="372" />
            </VoteType>
            <VoteType name="Provisional" votes="0">
                <Precinct name="MCDONALD" votes="0" />
                <Precinct name="SHUCK PEN" votes="0" />
                <Precinct name="SOUTHWEST" votes="0" />
                <Precinct name="SPRING PLACE" votes="0" />
                <Precinct name="TOWN" votes="0" />
                <Precinct name="CARTERS-DOOLITTLE" votes="0" />
                <Precinct name="NORTH" votes="0" />
            </VoteType>
        </Choice>
    </Contest>
    <Contest key="270" text="CORONER" isQuestion="false" precinctsReporting="7" precinctsReported="7">
        <VoteType name="Number of Precincts for Race" votes="7">
            <Precinct name="MCDONALD" votes="1" />
            <Precinct name="SHUCK PEN" votes="1" />
            <Precinct name="SOUTHWEST" votes="1" />
            <Precinct name="SPRING PLACE" votes="1" />
            <Precinct name="TOWN" votes="1" />
            <Precinct name="CARTERS-DOOLITTLE" votes="1" />
            <Precinct name="NORTH" votes="1" />
        </VoteType>
        <VoteType name="Number of Precincts Reporting" votes="7">
            <Precinct name="MCDONALD" votes="1" />
            <Precinct name="SHUCK PEN" votes="1" />
            <Precinct name="SOUTHWEST" votes="1" />
            <Precinct name="SPRING PLACE" votes="1" />
            <Precinct name="TOWN" votes="1" />
            <Precinct name="CARTERS-DOOLITTLE" votes="1" />
            <Precinct name="NORTH" votes="1" />
        </VoteType>
        <Choice key="10" text="J. GIBSON (I) R" totalVotes="10296">
            <VoteType name="Election Day" votes="5347">
                <Precinct name="MCDONALD" votes="592" />
                <Precinct name="SHUCK PEN" votes="794" />
                <Precinct name="SOUTHWEST" votes="789" />
                <Precinct name="SPRING PLACE" votes="814" />
                <Precinct name="TOWN" votes="1156" />
                <Precinct name="CARTERS-DOOLITTLE" votes="556" />
                <Precinct name="NORTH" votes="646" />
            </VoteType>
            <VoteType name="Absentee by Mail" votes="297">
                <Precinct name="MCDONALD" votes="19" />
                <Precinct name="SHUCK PEN" votes="27" />
                <Precinct name="SOUTHWEST" votes="32" />
                <Precinct name="SPRING PLACE" votes="59" />
                <Precinct name="TOWN" votes="105" />
                <Precinct name="CARTERS-DOOLITTLE" votes="26" />
                <Precinct name="NORTH" votes="29" />
            </VoteType>
            <VoteType name="Advance in Person" votes="4652">
                <Precinct name="MCDONALD" votes="489" />
                <Precinct name="SHUCK PEN" votes="521" />
                <Precinct name="SOUTHWEST" votes="539" />
                <Precinct name="SPRING PLACE" votes="872" />
                <Precinct name="TOWN" votes="1489" />
                <Precinct name="CARTERS-DOOLITTLE" votes="369" />
                <Precinct name="NORTH" votes="373" />
            </VoteType>
            <VoteType name="Provisional" votes="0">
                <Precinct name="MCDONALD" votes="0" />
                <Precinct name="SHUCK PEN" votes="0" />
                <Precinct name="SOUTHWEST" votes="0" />
                <Precinct name="SPRING PLACE" votes="0" />
                <Precinct name="TOWN" votes="0" />
                <Precinct name="CARTERS-DOOLITTLE" votes="0" />
                <Precinct name="NORTH" votes="0" />
            </VoteType>
        </Choice>
    </Contest>
    <Contest key="290" text="SOLE COMMISSIONER" isQuestion="false" precinctsReporting="7" precinctsReported="7">
        <VoteType name="Number of Precincts for Race" votes="7">
            <Precinct name="MCDONALD" votes="1" />
            <Precinct name="SHUCK PEN" votes="1" />
            <Precinct name="SOUTHWEST" votes="1" />
            <Precinct name="SPRING PLACE" votes="1" />
            <Precinct name="TOWN" votes="1" />
            <Precinct name="CARTERS-DOOLITTLE" votes="1" />
            <Precinct name="NORTH" votes="1" />
        </VoteType>
        <VoteType name="Number of Precincts Reporting" votes="7">
            <Precinct name="MCDONALD" votes="1" />
            <Precinct name="SHUCK PEN" votes="1" />
            <Precinct name="SOUTHWEST" votes="1" />
            <Precinct name="SPRING PLACE" votes="1" />
            <Precinct name="TOWN" votes="1" />
            <Precinct name="CARTERS-DOOLITTLE" votes="1" />
            <Precinct name="NORTH" votes="1" />
        </VoteType>
        <Choice key="10" text="G. HOGAN (R)" totalVotes="10030">
            <VoteType name="Election Day" votes="5216">
                <Precinct name="MCDONALD" votes="586" />
                <Precinct name="SHUCK PEN" votes="779" />
                <Precinct name="SOUTHWEST" votes="776" />
                <Precinct name="SPRING PLACE" votes="784" />
                <Precinct name="TOWN" votes="1111" />
                <Precinct name="CARTERS-DOOLITTLE" votes="555" />
                <Precinct name="NORTH" votes="625" />
            </VoteType>
            <VoteType name="Absentee by Mail" votes="270">
                <Precinct name="MCDONALD" votes="17" />
                <Precinct name="SHUCK PEN" votes="25" />
                <Precinct name="SOUTHWEST" votes="32" />
                <Precinct name="SPRING PLACE" votes="58" />
                <Precinct name="TOWN" votes="87" />
                <Precinct name="CARTERS-DOOLITTLE" votes="21" />
                <Precinct name="NORTH" votes="30" />
            </VoteType>
            <VoteType name="Advance in Person" votes="4544">
                <Precinct name="MCDONALD" votes="492" />
                <Precinct name="SHUCK PEN" votes="525" />
                <Precinct name="SOUTHWEST" votes="521" />
                <Precinct name="SPRING PLACE" votes="838" />
                <Precinct name="TOWN" votes="1426" />
                <Precinct name="CARTERS-DOOLITTLE" votes="367" />
                <Precinct name="NORTH" votes="375" />
            </VoteType>
            <VoteType name="Provisional" votes="0">
                <Precinct name="MCDONALD" votes="0" />
                <Precinct name="SHUCK PEN" votes="0" />
                <Precinct name="SOUTHWEST" votes="0" />
                <Precinct name="SPRING PLACE" votes="0" />
                <Precinct name="TOWN" votes="0" />
                <Precinct name="CARTERS-DOOLITTLE" votes="0" />
                <Precinct name="NORTH" votes="0" />
            </VoteType>
        </Choice>
    </Contest>
    <Contest key="310" text="BOE D1" isQuestion="false" precinctsReporting="7" precinctsReported="7">
        <VoteType name="Number of Precincts for Race" votes="7">
            <Precinct name="MCDONALD" votes="1" />
            <Precinct name="SHUCK PEN" votes="1" />
            <Precinct name="SOUTHWEST" votes="1" />
            <Precinct name="SPRING PLACE" votes="1" />
            <Precinct name="TOWN" votes="1" />
            <Precinct name="CARTERS-DOOLITTLE" votes="1" />
            <Precinct name="NORTH" votes="1" />
        </VoteType>
        <VoteType name="Number of Precincts Reporting" votes="7">
            <Precinct name="MCDONALD" votes="1" />
            <Precinct name="SHUCK PEN" votes="1" />
            <Precinct name="SOUTHWEST" votes="1" />
            <Precinct name="SPRING PLACE" votes="1" />
            <Precinct name="TOWN" votes="1" />
            <Precinct name="CARTERS-DOOLITTLE" votes="1" />
            <Precinct name="NORTH" votes="1" />
        </VoteType>
        <Choice key="10" text="F. ADAMS (I) R" totalVotes="10188">
            <VoteType name="Election Day" votes="5286">
                <Precinct name="MCDONALD" votes="591" />
                <Precinct name="SHUCK PEN" votes="784" />
                <Precinct name="SOUTHWEST" votes="780" />
                <Precinct name="SPRING PLACE" votes="809" />
                <Precinct name="TOWN" votes="1143" />
                <Precinct name="CARTERS-DOOLITTLE" votes="551" />
                <Precinct name="NORTH" votes="628" />
            </VoteType>
            <VoteType name="Absentee by Mail" votes="288">
                <Precinct name="MCDONALD" votes="16" />
                <Precinct name="SHUCK PEN" votes="28" />
                <Precinct name="SOUTHWEST" votes="32" />
                <Precinct name="SPRING PLACE" votes="58" />
                <Precinct name="TOWN" votes="100" />
                <Precinct name="CARTERS-DOOLITTLE" votes="26" />
                <Precinct name="NORTH" votes="28" />
            </VoteType>
            <VoteType name="Advance in Person" votes="4614">
                <Precinct name="MCDONALD" votes="489" />
                <Precinct name="SHUCK PEN" votes="514" />
                <Precinct name="SOUTHWEST" votes="535" />
                <Precinct name="SPRING PLACE" votes="850" />
                <Precinct name="TOWN" votes="1483" />
                <Precinct name="CARTERS-DOOLITTLE" votes="377" />
                <Precinct name="NORTH" votes="366" />
            </VoteType>
            <VoteType name="Provisional" votes="0">
                <Precinct name="MCDONALD" votes="0" />
                <Precinct name="SHUCK PEN" votes="0" />
                <Precinct name="SOUTHWEST" votes="0" />
                <Precinct name="SPRING PLACE" votes="0" />
                <Precinct name="TOWN" votes="0" />
                <Precinct name="CARTERS-DOOLITTLE" votes="0" />
                <Precinct name="NORTH" votes="0" />
            </VoteType>
        </Choice>
    </Contest>
    <Contest key="330" text="BOE D2" isQuestion="false" precinctsReporting="7" precinctsReported="7">
        <VoteType name="Number of Precincts for Race" votes="7">
            <Precinct name="MCDONALD" votes="1" />
            <Precinct name="SHUCK PEN" votes="1" />
            <Precinct name="SOUTHWEST" votes="1" />
            <Precinct name="SPRING PLACE" votes="1" />
            <Precinct name="TOWN" votes="1" />
            <Precinct name="CARTERS-DOOLITTLE" votes="1" />
            <Precinct name="NORTH" votes="1" />
        </VoteType>
        <VoteType name="Number of Precincts Reporting" votes="7">
            <Precinct name="MCDONALD" votes="1" />
            <Precinct name="SHUCK PEN" votes="1" />
            <Precinct name="SOUTHWEST" votes="1" />
            <Precinct name="SPRING PLACE" votes="1" />
            <Precinct name="TOWN" votes="1" />
            <Precinct name="CARTERS-DOOLITTLE" votes="1" />
            <Precinct name="NORTH" votes="1" />
        </VoteType>
        <Choice key="10" text="R. BAGGETT (R)" totalVotes="10247">
            <VoteType name="Election Day" votes="5312">
                <Precinct name="MCDONALD" votes="583" />
                <Precinct name="SHUCK PEN" votes="786" />
                <Precinct name="SOUTHWEST" votes="778" />
                <Precinct name="SPRING PLACE" votes="814" />
                <Precinct name="TOWN" votes="1153" />
                <Precinct name="CARTERS-DOOLITTLE" votes="559" />
                <Precinct name="NORTH" votes="639" />
            </VoteType>
            <VoteType name="Absentee by Mail" votes="293">
                <Precinct name="MCDONALD" votes="19" />
                <Precinct name="SHUCK PEN" votes="24" />
                <Precinct name="SOUTHWEST" votes="32" />
                <Precinct name="SPRING PLACE" votes="58" />
                <Precinct name="TOWN" votes="104" />
                <Precinct name="CARTERS-DOOLITTLE" votes="22" />
                <Precinct name="NORTH" votes="34" />
            </VoteType>
            <VoteType name="Advance in Person" votes="4642">
                <Precinct name="MCDONALD" votes="486" />
                <Precinct name="SHUCK PEN" votes="528" />
                <Precinct name="SOUTHWEST" votes="527" />
                <Precinct name="SPRING PLACE" votes="861" />
                <Precinct name="TOWN" votes="1505" />
                <Precinct name="CARTERS-DOOLITTLE" votes="373" />
                <Precinct name="NORTH" votes="362" />
            </VoteType>
            <VoteType name="Provisional" votes="0">
                <Precinct name="MCDONALD" votes="0" />
                <Precinct name="SHUCK PEN" votes="0" />
                <Precinct name="SOUTHWEST" votes="0" />
                <Precinct name="SPRING PLACE" votes="0" />
                <Precinct name="TOWN" votes="0" />
                <Precinct name="CARTERS-DOOLITTLE" votes="0" />
                <Precinct name="NORTH" votes="0" />
            </VoteType>
        </Choice>
    </Contest>
    <Contest key="350" text="BOE D3" isQuestion="false" precinctsReporting="7" precinctsReported="7">
        <VoteType name="Number of Precincts for Race" votes="7">
            <Precinct name="MCDONALD" votes="1" />
            <Precinct name="SHUCK PEN" votes="1" />
            <Precinct name="SOUTHWEST" votes="1" />
            <Precinct name="SPRING PLACE" votes="1" />
            <Precinct name="TOWN" votes="1" />
            <Precinct name="CARTERS-DOOLITTLE" votes="1" />
            <Precinct name="NORTH" votes="1" />
        </VoteType>
        <VoteType name="Number of Precincts Reporting" votes="7">
            <Precinct name="MCDONALD" votes="1" />
            <Precinct name="SHUCK PEN" votes="1" />
            <Precinct name="SOUTHWEST" votes="1" />
            <Precinct name="SPRING PLACE" votes="1" />
            <Precinct name="TOWN" votes="1" />
            <Precinct name="CARTERS-DOOLITTLE" votes="1" />
            <Precinct name="NORTH" votes="1" />
        </VoteType>
        <Choice key="10" text="A. PHILLIPS (R)" totalVotes="10046">
            <VoteType name="Election Day" votes="5226">
                <Precinct name="MCDONALD" votes="576" />
                <Precinct name="SHUCK PEN" votes="787" />
                <Precinct name="SOUTHWEST" votes="768" />
                <Precinct name="SPRING PLACE" votes="795" />
                <Precinct name="TOWN" votes="1125" />
                <Precinct name="CARTERS-DOOLITTLE" votes="544" />
                <Precinct name="NORTH" votes="631" />
            </VoteType>
            <VoteType name="Absentee by Mail" votes="282">
                <Precinct name="MCDONALD" votes="18" />
                <Precinct name="SHUCK PEN" votes="24" />
                <Precinct name="SOUTHWEST" votes="32" />
                <Precinct name="SPRING PLACE" votes="55" />
                <Precinct name="TOWN" votes="99" />
                <Precinct name="CARTERS-DOOLITTLE" votes="24" />
                <Precinct name="NORTH" votes="30" />
            </VoteType>
            <VoteType name="Advance in Person" votes="4538">
                <Precinct name="MCDONALD" votes="484" />
                <Precinct name="SHUCK PEN" votes="524" />
                <Precinct name="SOUTHWEST" votes="513" />
                <Precinct name="SPRING PLACE" votes="837" />
                <Precinct name="TOWN" votes="1449" />
                <Precinct name="CARTERS-DOOLITTLE" votes="363" />
                <Precinct name="NORTH" votes="368" />
            </VoteType>
            <VoteType name="Provisional" votes="0">
                <Precinct name="MCDONALD" votes="0" />
                <Precinct name="SHUCK PEN" votes="0" />
                <Precinct name="SOUTHWEST" votes="0" />
                <Precinct name="SPRING PLACE" votes="0" />
                <Precinct name="TOWN" votes="0" />
                <Precinct name="CARTERS-DOOLITTLE" votes="0" />
                <Precinct name="NORTH" votes="0" />
            </VoteType>
        </Choice>
    </Contest>
    <Contest key="370" text="BOE D4" isQuestion="false" precinctsReporting="7" precinctsReported="7">
        <VoteType name="Number of Precincts for Race" votes="7">
            <Precinct name="MCDONALD" votes="1" />
            <Precinct name="SHUCK PEN" votes="1" />
            <Precinct name="SOUTHWEST" votes="1" />
            <Precinct name="SPRING PLACE" votes="1" />
            <Precinct name="TOWN" votes="1" />
            <Precinct name="CARTERS-DOOLITTLE" votes="1" />
            <Precinct name="NORTH" votes="1" />
        </VoteType>
        <VoteType name="Number of Precincts Reporting" votes="7">
            <Precinct name="MCDONALD" votes="1" />
            <Precinct name="SHUCK PEN" votes="1" />
            <Precinct name="SOUTHWEST" votes="1" />
            <Precinct name="SPRING PLACE" votes="1" />
            <Precinct name="TOWN" votes="1" />
            <Precinct name="CARTERS-DOOLITTLE" votes="1" />
            <Precinct name="NORTH" votes="1" />
        </VoteType>
        <Choice key="10" text="G. L. SHOEMAKER (I)R" totalVotes="9956">
            <VoteType name="Election Day" votes="5189">
                <Precinct name="MCDONALD" votes="573" />
                <Precinct name="SHUCK PEN" votes="779" />
                <Precinct name="SOUTHWEST" votes="774" />
                <Precinct name="SPRING PLACE" votes="784" />
                <Precinct name="TOWN" votes="1113" />
                <Precinct name="CARTERS-DOOLITTLE" votes="536" />
                <Precinct name="NORTH" votes="630" />
            </VoteType>
            <VoteType name="Absentee by Mail" votes="278">
                <Precinct name="MCDONALD" votes="18" />
                <Precinct name="SHUCK PEN" votes="23" />
                <Precinct name="SOUTHWEST" votes="32" />
                <Precinct name="SPRING PLACE" votes="58" />
                <Precinct name="TOWN" votes="97" />
                <Precinct name="CARTERS-DOOLITTLE" votes="23" />
                <Precinct name="NORTH" votes="27" />
            </VoteType>
            <VoteType name="Advance in Person" votes="4489">
                <Precinct name="MCDONALD" votes="477" />
                <Precinct name="SHUCK PEN" votes="515" />
                <Precinct name="SOUTHWEST" votes="512" />
                <Precinct name="SPRING PLACE" votes="841" />
                <Precinct name="TOWN" votes="1428" />
                <Precinct name="CARTERS-DOOLITTLE" votes="358" />
                <Precinct name="NORTH" votes="358" />
            </VoteType>
            <VoteType name="Provisional" votes="0">
                <Precinct name="MCDONALD" votes="0" />
                <Precinct name="SHUCK PEN" votes="0" />
                <Precinct name="SOUTHWEST" votes="0" />
                <Precinct name="SPRING PLACE" votes="0" />
                <Precinct name="TOWN" votes="0" />
                <Precinct name="CARTERS-DOOLITTLE" votes="0" />
                <Precinct name="NORTH" votes="0" />
            </VoteType>
        </Choice>
    </Contest>
    <Contest key="380" text="SOIL AND WATER" isQuestion="false" precinctsReporting="7" precinctsReported="7">
        <VoteType name="Number of Precincts for Race" votes="7">
            <Precinct name="MCDONALD" votes="1" />
            <Precinct name="SHUCK PEN" votes="1" />
            <Precinct name="SOUTHWEST" votes="1" />
            <Precinct name="SPRING PLACE" votes="1" />
            <Precinct name="TOWN" votes="1" />
            <Precinct name="CARTERS-DOOLITTLE" votes="1" />
            <Precinct name="NORTH" votes="1" />
        </VoteType>
        <VoteType name="Number of Precincts Reporting" votes="7">
            <Precinct name="MCDONALD" votes="1" />
            <Precinct name="SHUCK PEN" votes="1" />
            <Precinct name="SOUTHWEST" votes="1" />
            <Precinct name="SPRING PLACE" votes="1" />
            <Precinct name="TOWN" votes="1" />
            <Precinct name="CARTERS-DOOLITTLE" votes="1" />
            <Precinct name="NORTH" votes="1" />
        </VoteType>
        <Choice key="10" text="J. F. PETTY (I)" totalVotes="9949">
            <VoteType name="Election Day" votes="5196">
                <Precinct name="MCDONALD" votes="588" />
                <Precinct name="SHUCK PEN" votes="775" />
                <Precinct name="SOUTHWEST" votes="752" />
                <Precinct name="SPRING PLACE" votes="774" />
                <Precinct name="TOWN" votes="1118" />
                <Precinct name="CARTERS-DOOLITTLE" votes="538" />
                <Precinct name="NORTH" votes="651" />
            </VoteType>
            <VoteType name="Absentee by Mail" votes="292">
                <Precinct name="MCDONALD" votes="19" />
                <Precinct name="SHUCK PEN" votes="27" />
                <Precinct name="SOUTHWEST" votes="33" />
                <Precinct name="SPRING PLACE" votes="55" />
                <Precinct name="TOWN" votes="102" />
                <Precinct name="CARTERS-DOOLITTLE" votes="25" />
                <Precinct name="NORTH" votes="31" />
            </VoteType>
            <VoteType name="Advance in Person" votes="4461">
                <Precinct name="MCDONALD" votes="470" />
                <Precinct name="SHUCK PEN" votes="514" />
                <Precinct name="SOUTHWEST" votes="498" />
                <Precinct name="SPRING PLACE" votes="829" />
                <Precinct name="TOWN" votes="1427" />
                <Precinct name="CARTERS-DOOLITTLE" votes="356" />
                <Precinct name="NORTH" votes="367" />
            </VoteType>
            <VoteType name="Provisional" votes="0">
                <Precinct name="MCDONALD" votes="0" />
                <Precinct name="SHUCK PEN" votes="0" />
                <Precinct name="SOUTHWEST" votes="0" />
                <Precinct name="SPRING PLACE" votes="0" />
                <Precinct name="TOWN" votes="0" />
                <Precinct name="CARTERS-DOOLITTLE" votes="0" />
                <Precinct name="NORTH" votes="0" />
            </VoteType>
        </Choice>
    </Contest>
    <Contest key="390" text="Constitutional Amendment #1&lt;br&gt;Provides greater flexibility and state accountability to fix failing schools through increasing community involvement." isQuestion="false" precinctsReporting="7" precinctsReported="7">
        <VoteType name="Number of Precincts for Race" votes="7">
            <Precinct name="MCDONALD" votes="1" />
            <Precinct name="SHUCK PEN" votes="1" />
            <Precinct name="SOUTHWEST" votes="1" />
            <Precinct name="SPRING PLACE" votes="1" />
            <Precinct name="TOWN" votes="1" />
            <Precinct name="CARTERS-DOOLITTLE" votes="1" />
            <Precinct name="NORTH" votes="1" />
        </VoteType>
        <VoteType name="Number of Precincts Reporting" votes="7">
            <Precinct name="MCDONALD" votes="1" />
            <Precinct name="SHUCK PEN" votes="1" />
            <Precinct name="SOUTHWEST" votes="1" />
            <Precinct name="SPRING PLACE" votes="1" />
            <Precinct name="TOWN" votes="1" />
            <Precinct name="CARTERS-DOOLITTLE" votes="1" />
            <Precinct name="NORTH" votes="1" />
        </VoteType>
        <Choice key="10" text="YES" totalVotes="4358">
            <VoteType name="Election Day" votes="2205">
                <Precinct name="MCDONALD" votes="242" />
                <Precinct name="SHUCK PEN" votes="338" />
                <Precinct name="SOUTHWEST" votes="377" />
                <Precinct name="SPRING PLACE" votes="324" />
                <Precinct name="TOWN" votes="449" />
                <Precinct name="CARTERS-DOOLITTLE" votes="223" />
                <Precinct name="NORTH" votes="252" />
            </VoteType>
            <VoteType name="Absentee by Mail" votes="164">
                <Precinct name="MCDONALD" votes="9" />
                <Precinct name="SHUCK PEN" votes="15" />
                <Precinct name="SOUTHWEST" votes="24" />
                <Precinct name="SPRING PLACE" votes="26" />
                <Precinct name="TOWN" votes="57" />
                <Precinct name="CARTERS-DOOLITTLE" votes="20" />
                <Precinct name="NORTH" votes="13" />
            </VoteType>
            <VoteType name="Advance in Person" votes="1989">
                <Precinct name="MCDONALD" votes="204" />
                <Precinct name="SHUCK PEN" votes="240" />
                <Precinct name="SOUTHWEST" votes="240" />
                <Precinct name="SPRING PLACE" votes="401" />
                <Precinct name="TOWN" votes="578" />
                <Precinct name="CARTERS-DOOLITTLE" votes="168" />
                <Precinct name="NORTH" votes="158" />
            </VoteType>
            <VoteType name="Provisional" votes="0">
                <Precinct name="MCDONALD" votes="0" />
                <Precinct name="SHUCK PEN" votes="0" />
                <Precinct name="SOUTHWEST" votes="0" />
                <Precinct name="SPRING PLACE" votes="0" />
                <Precinct name="TOWN" votes="0" />
                <Precinct name="CARTERS-DOOLITTLE" votes="0" />
                <Precinct name="NORTH" votes="0" />
            </VoteType>
        </Choice>
        <Choice key="20" text="NO" totalVotes="7494">
            <VoteType name="Election Day" votes="3908">
                <Precinct name="MCDONALD" votes="431" />
                <Precinct name="SHUCK PEN" votes="578" />
                <Precinct name="SOUTHWEST" votes="494" />
                <Precinct name="SPRING PLACE" votes="604" />
                <Precinct name="TOWN" votes="901" />
                <Precinct name="CARTERS-DOOLITTLE" votes="414" />
                <Precinct name="NORTH" votes="486" />
            </VoteType>
            <VoteType name="Absentee by Mail" votes="177">
                <Precinct name="MCDONALD" votes="10" />
                <Precinct name="SHUCK PEN" votes="17" />
                <Precinct name="SOUTHWEST" votes="18" />
                <Precinct name="SPRING PLACE" votes="35" />
                <Precinct name="TOWN" votes="64" />
                <Precinct name="CARTERS-DOOLITTLE" votes="11" />
                <Precinct name="NORTH" votes="22" />
            </VoteType>
            <VoteType name="Advance in Person" votes="3409">
                <Precinct name="MCDONALD" votes="370" />
                <Precinct name="SHUCK PEN" votes="377" />
                <Precinct name="SOUTHWEST" votes="376" />
                <Precinct name="SPRING PLACE" votes="587" />
                <Precinct name="TOWN" votes="1184" />
                <Precinct name="CARTERS-DOOLITTLE" votes="258" />
                <Precinct name="NORTH" votes="257" />
            </VoteType>
            <VoteType name="Provisional" votes="0">
                <Precinct name="MCDONALD" votes="0" />
                <Precinct name="SHUCK PEN" votes="0" />
                <Precinct name="SOUTHWEST" votes="0" />
                <Precinct name="SPRING PLACE" votes="0" />
                <Precinct name="TOWN" votes="0" />
                <Precinct name="CARTERS-DOOLITTLE" votes="0" />
                <Precinct name="NORTH" votes="0" />
            </VoteType>
        </Choice>
    </Contest>
    <Contest key="400" text="Constitutional Amendment #2&lt;br&gt;Authorizes penalties for sexual exploitation and assessments on adult entertainment to fund child victims' services." isQuestion="false" precinctsReporting="7" precinctsReported="7">
        <VoteType name="Number of Precincts for Race" votes="7">
            <Precinct name="MCDONALD" votes="1" />
            <Precinct name="SHUCK PEN" votes="1" />
            <Precinct name="SOUTHWEST" votes="1" />
            <Precinct name="SPRING PLACE" votes="1" />
            <Precinct name="TOWN" votes="1" />
            <Precinct name="CARTERS-DOOLITTLE" votes="1" />
            <Precinct name="NORTH" votes="1" />
        </VoteType>
        <VoteType name="Number of Precincts Reporting" votes="7">
            <Precinct name="MCDONALD" votes="1" />
            <Precinct name="SHUCK PEN" votes="1" />
            <Precinct name="SOUTHWEST" votes="1" />
            <Precinct name="SPRING PLACE" votes="1" />
            <Precinct name="TOWN" votes="1" />
            <Precinct name="CARTERS-DOOLITTLE" votes="1" />
            <Precinct name="NORTH" votes="1" />
        </VoteType>
        <Choice key="10" text="YES" totalVotes="9714">
            <VoteType name="Election Day" votes="5024">
                <Precinct name="MCDONALD" votes="559" />
                <Precinct name="SHUCK PEN" votes="747" />
                <Precinct name="SOUTHWEST" votes="727" />
                <Precinct name="SPRING PLACE" votes="765" />
                <Precinct name="TOWN" votes="1107" />
                <Precinct name="CARTERS-DOOLITTLE" votes="518" />
                <Precinct name="NORTH" votes="601" />
            </VoteType>
            <VoteType name="Absentee by Mail" votes="300">
                <Precinct name="MCDONALD" votes="18" />
                <Precinct name="SHUCK PEN" votes="30" />
                <Precinct name="SOUTHWEST" votes="36" />
                <Precinct name="SPRING PLACE" votes="55" />
                <Precinct name="TOWN" votes="107" />
                <Precinct name="CARTERS-DOOLITTLE" votes="24" />
                <Precinct name="NORTH" votes="30" />
            </VoteType>
            <VoteType name="Advance in Person" votes="4390">
                <Precinct name="MCDONALD" votes="461" />
                <Precinct name="SHUCK PEN" votes="503" />
                <Precinct name="SOUTHWEST" votes="495" />
                <Precinct name="SPRING PLACE" votes="827" />
                <Precinct name="TOWN" votes="1417" />
                <Precinct name="CARTERS-DOOLITTLE" votes="347" />
                <Precinct name="NORTH" votes="340" />
            </VoteType>
            <VoteType name="Provisional" votes="0">
                <Precinct name="MCDONALD" votes="0" />
                <Precinct name="SHUCK PEN" votes="0" />
                <Precinct name="SOUTHWEST" votes="0" />
                <Precinct name="SPRING PLACE" votes="0" />
                <Precinct name="TOWN" votes="0" />
                <Precinct name="CARTERS-DOOLITTLE" votes="0" />
                <Precinct name="NORTH" votes="0" />
            </VoteType>
        </Choice>
        <Choice key="20" text="NO" totalVotes="1803">
            <VoteType name="Election Day" votes="942">
                <Precinct name="MCDONALD" votes="91" />
                <Precinct name="SHUCK PEN" votes="131" />
                <Precinct name="SOUTHWEST" votes="132" />
                <Precinct name="SPRING PLACE" votes="147" />
                <Precinct name="TOWN" votes="211" />
                <Precinct name="CARTERS-DOOLITTLE" votes="105" />
                <Precinct name="NORTH" votes="125" />
            </VoteType>
            <VoteType name="Absentee by Mail" votes="39">
                <Precinct name="MCDONALD" votes="1" />
                <Precinct name="SHUCK PEN" votes="2" />
                <Precinct name="SOUTHWEST" votes="6" />
                <Precinct name="SPRING PLACE" votes="6" />
                <Precinct name="TOWN" votes="15" />
                <Precinct name="CARTERS-DOOLITTLE" votes="7" />
                <Precinct name="NORTH" votes="2" />
            </VoteType>
            <VoteType name="Advance in Person" votes="822">
                <Precinct name="MCDONALD" votes="91" />
                <Precinct name="SHUCK PEN" votes="91" />
                <Precinct name="SOUTHWEST" votes="101" />
                <Precinct name="SPRING PLACE" votes="132" />
                <Precinct name="TOWN" votes="280" />
                <Precinct name="CARTERS-DOOLITTLE" votes="69" />
                <Precinct name="NORTH" votes="58" />
            </VoteType>
            <VoteType name="Provisional" votes="0">
                <Precinct name="MCDONALD" votes="0" />
                <Precinct name="SHUCK PEN" votes="0" />
                <Precinct name="SOUTHWEST" votes="0" />
                <Precinct name="SPRING PLACE" votes="0" />
                <Precinct name="TOWN" votes="0" />
                <Precinct name="CARTERS-DOOLITTLE" votes="0" />
                <Precinct name="NORTH" votes="0" />
            </VoteType>
        </Choice>
    </Contest>
    <Contest key="410" text="Constitutional Amendment #3&lt;br&gt;Reforms and re-establishes the Judicial Qualifications Commission and provides for its composition, governance, and powers." isQuestion="false" precinctsReporting="7" precinctsReported="7">
        <VoteType name="Number of Precincts for Race" votes="7">
            <Precinct name="MCDONALD" votes="1" />
            <Precinct name="SHUCK PEN" votes="1" />
            <Precinct name="SOUTHWEST" votes="1" />
            <Precinct name="SPRING PLACE" votes="1" />
            <Precinct name="TOWN" votes="1" />
            <Precinct name="CARTERS-DOOLITTLE" votes="1" />
            <Precinct name="NORTH" votes="1" />
        </VoteType>
        <VoteType name="Number of Precincts Reporting" votes="7">
            <Precinct name="MCDONALD" votes="1" />
            <Precinct name="SHUCK PEN" votes="1" />
            <Precinct name="SOUTHWEST" votes="1" />
            <Precinct name="SPRING PLACE" votes="1" />
            <Precinct name="TOWN" votes="1" />
            <Precinct name="CARTERS-DOOLITTLE" votes="1" />
            <Precinct name="NORTH" votes="1" />
        </VoteType>
        <Choice key="10" text="YES" totalVotes="6869">
            <VoteType name="Election Day" votes="3537">
                <Precinct name="MCDONALD" votes="381" />
                <Precinct name="SHUCK PEN" votes="514" />
                <Precinct name="SOUTHWEST" votes="537" />
                <Precinct name="SPRING PLACE" votes="549" />
                <Precinct name="TOWN" votes="787" />
                <Precinct name="CARTERS-DOOLITTLE" votes="345" />
                <Precinct name="NORTH" votes="424" />
            </VoteType>
            <VoteType name="Absentee by Mail" votes="230">
                <Precinct name="MCDONALD" votes="13" />
                <Precinct name="SHUCK PEN" votes="28" />
                <Precinct name="SOUTHWEST" votes="29" />
                <Precinct name="SPRING PLACE" votes="42" />
                <Precinct name="TOWN" votes="81" />
                <Precinct name="CARTERS-DOOLITTLE" votes="22" />
                <Precinct name="NORTH" votes="15" />
            </VoteType>
            <VoteType name="Advance in Person" votes="3102">
                <Precinct name="MCDONALD" votes="324" />
                <Precinct name="SHUCK PEN" votes="357" />
                <Precinct name="SOUTHWEST" votes="375" />
                <Precinct name="SPRING PLACE" votes="579" />
                <Precinct name="TOWN" votes="972" />
                <Precinct name="CARTERS-DOOLITTLE" votes="252" />
                <Precinct name="NORTH" votes="243" />
            </VoteType>
            <VoteType name="Provisional" votes="0">
                <Precinct name="MCDONALD" votes="0" />
                <Precinct name="SHUCK PEN" votes="0" />
                <Precinct name="SOUTHWEST" votes="0" />
                <Precinct name="SPRING PLACE" votes="0" />
                <Precinct name="TOWN" votes="0" />
                <Precinct name="CARTERS-DOOLITTLE" votes="0" />
                <Precinct name="NORTH" votes="0" />
            </VoteType>
        </Choice>
        <Choice key="20" text="NO" totalVotes="3848">
            <VoteType name="Election Day" votes="2066">
                <Precinct name="MCDONALD" votes="217" />
                <Precinct name="SHUCK PEN" votes="316" />
                <Precinct name="SOUTHWEST" votes="278" />
                <Precinct name="SPRING PLACE" votes="312" />
                <Precinct name="TOWN" votes="447" />
                <Precinct name="CARTERS-DOOLITTLE" votes="238" />
                <Precinct name="NORTH" votes="258" />
            </VoteType>
            <VoteType name="Absentee by Mail" votes="85">
                <Precinct name="MCDONALD" votes="6" />
                <Precinct name="SHUCK PEN" votes="4" />
                <Precinct name="SOUTHWEST" votes="10" />
                <Precinct name="SPRING PLACE" votes="16" />
                <Precinct name="TOWN" votes="28" />
                <Precinct name="CARTERS-DOOLITTLE" votes="8" />
                <Precinct name="NORTH" votes="13" />
            </VoteType>
            <VoteType name="Advance in Person" votes="1697">
                <Precinct name="MCDONALD" votes="187" />
                <Precinct name="SHUCK PEN" votes="199" />
                <Precinct name="SOUTHWEST" votes="173" />
                <Precinct name="SPRING PLACE" votes="315" />
                <Precinct name="TOWN" votes="574" />
                <Precinct name="CARTERS-DOOLITTLE" votes="128" />
                <Precinct name="NORTH" votes="121" />
            </VoteType>
            <VoteType name="Provisional" votes="0">
                <Precinct name="MCDONALD" votes="0" />
                <Precinct name="SHUCK PEN" votes="0" />
                <Precinct name="SOUTHWEST" votes="0" />
                <Precinct name="SPRING PLACE" votes="0" />
                <Precinct name="TOWN" votes="0" />
                <Precinct name="CARTERS-DOOLITTLE" votes="0" />
                <Precinct name="NORTH" votes="0" />
            </VoteType>
        </Choice>
    </Contest>
    <Contest key="420" text="Constitutional Amendment #4&lt;br&gt;Dedicates revenue from existing taxes on fireworks to trauma care, fire services, and public safety." isQuestion="false" precinctsReporting="7" precinctsReported="7">
        <VoteType name="Number of Precincts for Race" votes="7">
            <Precinct name="MCDONALD" votes="1" />
            <Precinct name="SHUCK PEN" votes="1" />
            <Precinct name="SOUTHWEST" votes="1" />
            <Precinct name="SPRING PLACE" votes="1" />
            <Precinct name="TOWN" votes="1" />
            <Precinct name="CARTERS-DOOLITTLE" votes="1" />
            <Precinct name="NORTH" votes="1" />
        </VoteType>
        <VoteType name="Number of Precincts Reporting" votes="7">
            <Precinct name="MCDONALD" votes="1" />
            <Precinct name="SHUCK PEN" votes="1" />
            <Precinct name="SOUTHWEST" votes="1" />
            <Precinct name="SPRING PLACE" votes="1" />
            <Precinct name="TOWN" votes="1" />
            <Precinct name="CARTERS-DOOLITTLE" votes="1" />
            <Precinct name="NORTH" votes="1" />
        </VoteType>
        <Choice key="10" text="YES" totalVotes="9248">
            <VoteType name="Election Day" votes="4769">
                <Precinct name="MCDONALD" votes="508" />
                <Precinct name="SHUCK PEN" votes="711" />
                <Precinct name="SOUTHWEST" votes="700" />
                <Precinct name="SPRING PLACE" votes="742" />
                <Precinct name="TOWN" votes="1039" />
                <Precinct name="CARTERS-DOOLITTLE" votes="480" />
                <Precinct name="NORTH" votes="589" />
            </VoteType>
            <VoteType name="Absentee by Mail" votes="301">
                <Precinct name="MCDONALD" votes="19" />
                <Precinct name="SHUCK PEN" votes="28" />
                <Precinct name="SOUTHWEST" votes="37" />
                <Precinct name="SPRING PLACE" votes="56" />
                <Precinct name="TOWN" votes="105" />
                <Precinct name="CARTERS-DOOLITTLE" votes="24" />
                <Precinct name="NORTH" votes="32" />
            </VoteType>
            <VoteType name="Advance in Person" votes="4178">
                <Precinct name="MCDONALD" votes="431" />
                <Precinct name="SHUCK PEN" votes="477" />
                <Precinct name="SOUTHWEST" votes="500" />
                <Precinct name="SPRING PLACE" votes="769" />
                <Precinct name="TOWN" votes="1349" />
                <Precinct name="CARTERS-DOOLITTLE" votes="331" />
                <Precinct name="NORTH" votes="321" />
            </VoteType>
            <VoteType name="Provisional" votes="0">
                <Precinct name="MCDONALD" votes="0" />
                <Precinct name="SHUCK PEN" votes="0" />
                <Precinct name="SOUTHWEST" votes="0" />
                <Precinct name="SPRING PLACE" votes="0" />
                <Precinct name="TOWN" votes="0" />
                <Precinct name="CARTERS-DOOLITTLE" votes="0" />
                <Precinct name="NORTH" votes="0" />
            </VoteType>
        </Choice>
        <Choice key="20" text="NO" totalVotes="2336">
            <VoteType name="Election Day" votes="1222">
                <Precinct name="MCDONALD" votes="144" />
                <Precinct name="SHUCK PEN" votes="182" />
                <Precinct name="SOUTHWEST" votes="163" />
                <Precinct name="SPRING PLACE" votes="170" />
                <Precinct name="TOWN" votes="277" />
                <Precinct name="CARTERS-DOOLITTLE" votes="144" />
                <Precinct name="NORTH" votes="142" />
            </VoteType>
            <VoteType name="Absentee by Mail" votes="42">
                <Precinct name="MCDONALD" votes="1" />
                <Precinct name="SHUCK PEN" votes="4" />
                <Precinct name="SOUTHWEST" votes="4" />
                <Precinct name="SPRING PLACE" votes="6" />
                <Precinct name="TOWN" votes="16" />
                <Precinct name="CARTERS-DOOLITTLE" votes="9" />
                <Precinct name="NORTH" votes="2" />
            </VoteType>
            <VoteType name="Advance in Person" votes="1072">
                <Precinct name="MCDONALD" votes="128" />
                <Precinct name="SHUCK PEN" votes="115" />
                <Precinct name="SOUTHWEST" votes="112" />
                <Precinct name="SPRING PLACE" votes="195" />
                <Precinct name="TOWN" votes="348" />
                <Precinct name="CARTERS-DOOLITTLE" votes="88" />
                <Precinct name="NORTH" votes="86" />
            </VoteType>
            <VoteType name="Provisional" votes="0">
                <Precinct name="MCDONALD" votes="0" />
                <Precinct name="SHUCK PEN" votes="0" />
                <Precinct name="SOUTHWEST" votes="0" />
                <Precinct name="SPRING PLACE" votes="0" />
                <Precinct name="TOWN" votes="0" />
                <Precinct name="CARTERS-DOOLITTLE" votes="0" />
                <Precinct name="NORTH" votes="0" />
            </VoteType>
        </Choice>
    </Contest>
</ElectionResult>