"line number","contest name","choice name","party name","total votes","percent of votes","registered voters","ballots cast","num Precinct total","num Precinct rptg","over votes","under votes"
1,"President of the United States","DONALD J. TRUMP","",11651,83.32,17319,14174,13,13,"0","0"
2,"President of the United States","HILLARY CLINTON","",1979,14.15,17319,14174,13,13,"0","0"
3,"President of the United States","GARY JOHNSON","",354,2.53,17319,14174,13,13,"0","0"
4,"United States Senator, Isakson","JOHNNY ISAKSON (I)","",11001,82.02,17319,14174,13,13,"0","0"
5,"United States Senator, Isakson","JIM BARKSDALE","",1739,12.97,17319,14174,13,13,"0","0"
6,"United States Senator, Isakson","ALLEN BUCKLEY","",673,5.02,17319,14174,13,13,"0","0"
7,"Public Service Commission, District 2 - Eastern","TIM ECHOLS (I)","",10956,84.83,17319,14173,13,13,"0","0"
8,"Public Service Commission, District 2 - Eastern","ERIC HOSKINS","",1959,15.17,17319,14173,13,13,"0","0"
9,"U.S. Representative, District 9","DOUG COLLINS (I)","",7907,100.00,11411,9419,7,7,"0","0"
10,"U.S. Representative, District 14","TOM GRAVES (I)","",4193,100.00,5908,4755,6,6,"0","0"
11,"State Senator, District 51","STEVE GOOCH (I)","",7422,100.00,10779,8909,6,6,"0","0"
12,"State Senator, District 54","CHARLIE BETHEL (I)","",4489,100.00,6540,5264,8,8,"0","0"
13,"State Representative, District 11","RICK JASPERSE (I)","",11705,86.52,17319,14173,13,13,"0","0"
14,"State Representative, District 11","BRANDON D CRISP","",1823,13.48,17319,14173,13,13,"0","0"
15,"District Attorney, Appalachian Circuit","B ALISON SOSEBEE (I)","",11941,100.00,17319,14173,13,13,"0","0"
16,"JUDGE PROBATE COURT","D. W. LINDSEY (I) R","",12231,100.00,17319,14173,13,13,"0","0"
17,"CLERK SUPERIOR CT","J. E. JORDAN (R)","",12010,100.00,17319,14173,13,13,"0","0"
18,"SHERIFF","D. E. CRAIG (I) R","",12213,100.00,17319,14173,13,13,"0","0"
19,"TAX COMMISSIONER","D. SATTERFIELD (R)","",11973,100.00,17319,14173,13,13,"0","0"
20,"CORONER","M. GODFREY (R)","",12050,100.00,17319,14173,13,13,"0","0"
21,"CHIEF MAGISTRATE","W. A. WIGINGTON (I)R","",11906,100.00,17319,14173,13,13,"0","0"
22,"CC CHAIRMAN","R. P. JONES (I) R","",11381,100.00,17319,14173,13,13,"0","0"
23,"CC D2","B. DENNEY (I) R","",6250,100.00,9112,7551,8,8,"0","0"
24,"BOE P1","K. WHITE (R)","",11899,100.00,17319,14173,13,13,"0","0"
25,"BOE P4","S. FINLEY (R)","",11777,100.00,17319,14173,13,13,"0","0"
26,"Constitutional Amendment #1<br>Provides greater flexibility and state accountability to fix failing schools through increasing community involvement.","YES","",5010,36.53,17319,14173,13,13,"0","0"
27,"Constitutional Amendment #1<br>Provides greater flexibility and state accountability to fix failing schools through increasing community involvement.","NO","",8703,63.47,17319,14173,13,13,"0","0"
28,"Constitutional Amendment #2<br>Authorizes penalties for sexual exploitation and assessments on adult entertainment to fund child victims' services.","YES","",10988,81.93,17319,14173,13,13,"0","0"
29,"Constitutional Amendment #2<br>Authorizes penalties for sexual exploitation and assessments on adult entertainment to fund child victims' services.","NO","",2423,18.07,17319,14173,13,13,"0","0"
30,"Constitutional Amendment #3<br>Reforms and re-establishes the Judicial Qualifications Commission and provides for its composition, governance, and powers.","YES","",7826,62.20,17319,14173,13,13,"0","0"
31,"Constitutional Amendment #3<br>Reforms and re-establishes the Judicial Qualifications Commission and provides for its composition, governance, and powers.","NO","",4756,37.80,17319,14173,13,13,"0","0"
32,"Constitutional Amendment #4<br>Dedicates revenue from existing taxes on fireworks to trauma care, fire services, and public safety.","YES","",10554,78.53,17319,14173,13,13,"0","0"
33,"Constitutional Amendment #4<br>Dedicates revenue from existing taxes on fireworks to trauma care, fire services, and public safety.","NO","",2885,21.47,17319,14173,13,13,"0","0"
34,"CITY OF JASPER - CTY COUNCIL SPECIAL","S. H. PIANTEDOSI","",537,44.71,1711,1338,1,1,"0","0"
35,"CITY OF JASPER - CTY COUNCIL SPECIAL","S. PROCTOR","",664,55.29,1711,1338,1,1,"0","0"
36,"CITY OF NELSON - CTY COUNCIL SPECIAL","L. KELLETT","",111,31.99,643,264,1,1,"0","0"
37,"CITY OF NELSON - CTY COUNCIL SPECIAL","J. QUEEN","",120,34.58,643,264,1,1,"0","0"
38,"CITY OF NELSON - CTY COUNCIL SPECIAL","K. RIEHL","",116,33.43,643,264,1,1,"0","0"
