"line number","contest name","choice name","party name","total votes","percent of votes","registered voters","ballots cast","num Precinct total","num Precinct rptg","over votes","under votes"
1,"President of the United States","DONALD J. TRUMP","",4279,54.41,10761,7930,11,11,"0","0"
2,"President of the United States","HILLARY CLINTON","",3493,44.41,10761,7930,11,11,"0","0"
3,"President of the United States","GARY JOHNSON","",93,1.18,10761,7930,11,11,"0","0"
4,"United States Senator, Isakson","JOHNNY ISAKSON (I)","",4243,57.75,10761,7930,11,11,"0","0"
5,"United States Senator, Isakson","JIM BARKSDALE","",2977,40.52,10761,7930,11,11,"0","0"
6,"United States Senator, Isakson","ALLEN BUCKLEY","",127,1.73,10761,7930,11,11,"0","0"
7,"Public Service Commission, District 2 - Eastern","TIM ECHOLS (I)","",4798,71.51,10761,7930,11,11,"0","0"
8,"Public Service Commission, District 2 - Eastern","ERIC HOSKINS","",1912,28.49,10761,7930,11,11,"0","0"
9,"U.S. Representative, District 2","GREG DUKE","",3502,45.23,10761,7930,11,11,"0","0"
10,"U.S. Representative, District 2","SANFORD BISHOP (I)","",4240,54.77,10761,7930,11,11,"0","0"
11,"State Senator, District 11","DEAN BURKE (I)","",3082,100.00,5364,3988,8,8,"0","0"
12,"State Senator, District 12","FREDDIE POWELL SIMS (I)","",3255,100.00,5397,3942,4,4,"0","0"
13,"State Representative, District 171","JAY POWELL (I)","",6072,100.00,10761,7930,11,11,"0","0"
14,"District Attorney, South Georgia Circuit","JOE MULHOLLAND (I)","",6542,100.00,10761,7930,11,11,"0","0"
15,"CLERK, SUPERIOR COURT","A. B. BROOME (I) D","",6892,100.00,10761,7930,11,11,"0","0"
16,"SHERIFF","W. E. BOZEMAN (I) D","",6988,100.00,10761,7930,11,11,"0","0"
17,"TAX COMMISSIONER","J. B BATCHELOR (I) D","",6967,100.00,10761,7930,11,11,"0","0"
18,"CORONER","S. THOMAS (I) D","",6773,100.00,10761,7930,11,11,"0","0"
19,"CHIEF MAGISTRATE","R. E. CHEW (I) D","",6864,100.00,10761,7930,11,11,"0","0"
20,"SOLICITOR","M. C. CHASON (I) R","",5882,100.00,10761,7930,11,11,"0","0"
21,"CC, D2","B. K. JONES (I) D","",1476,100.00,2366,1617,2,2,"0","0"
22,"CC, D4","J. C. HATCHER (I) R","",877,59.82,2086,1529,4,4,"0","0"
23,"CC, D4","E. CURLES (D)","",589,40.18,2086,1529,4,4,"0","0"
24,"CC, D5","D. SULLIVAN (I) R","",1106,100.00,1611,1290,4,4,"0","0"
25,"Constitutional Amendment #1<br>Provides greater flexibility and state accountability to fix failing schools through increasing community involvement.","YES","",2574,33.25,10761,7930,11,11,"0","0"
26,"Constitutional Amendment #1<br>Provides greater flexibility and state accountability to fix failing schools through increasing community involvement.","NO","",5168,66.75,10761,7930,11,11,"0","0"
27,"Constitutional Amendment #2<br>Authorizes penalties for sexual exploitation and assessments on adult entertainment to fund child victims' services.","YES","",6138,80.55,10761,7930,11,11,"0","0"
28,"Constitutional Amendment #2<br>Authorizes penalties for sexual exploitation and assessments on adult entertainment to fund child victims' services.","NO","",1482,19.45,10761,7930,11,11,"0","0"
29,"Constitutional Amendment #3<br>Reforms and re-establishes the Judicial Qualifications Commission and provides for its composition, governance, and powers.","YES","",4419,60.39,10761,7930,11,11,"0","0"
30,"Constitutional Amendment #3<br>Reforms and re-establishes the Judicial Qualifications Commission and provides for its composition, governance, and powers.","NO","",2899,39.61,10761,7930,11,11,"0","0"
31,"Constitutional Amendment #4<br>Dedicates revenue from existing taxes on fireworks to trauma care, fire services, and public safety.","YES","",5823,77.02,10761,7930,11,11,"0","0"
32,"Constitutional Amendment #4<br>Dedicates revenue from existing taxes on fireworks to trauma care, fire services, and public safety.","NO","",1737,22.98,10761,7930,11,11,"0","0"
33,"SPLOST","YES","",4503,59.30,10761,7930,11,11,"0","0"
34,"SPLOST","NO","",3090,40.70,10761,7930,11,11,"0","0"
35,"2012 MODIFICATION","YES","",5128,67.83,10761,7930,11,11,"0","0"
36,"2012 MODIFICATION","NO","",2432,32.17,10761,7930,11,11,"0","0"
37,"CAMILLA - Distilled Spirits by the Drink","YES","",1326,69.57,2805,1969,2,2,"0","0"
38,"CAMILLA - Distilled Spirits by the Drink","NO","",580,30.43,2805,1969,2,2,"0","0"
39,"CAMILLA- Sunday Sales","YES","",1297,67.62,2805,1969,2,2,"0","0"
40,"CAMILLA- Sunday Sales","NO","",621,32.38,2805,1969,2,2,"0","0"
