<?xml version="1.0"?>
<!--Election result snapshot imported from Tabulation System
-->
<ElectionResult>
    <Timestamp>11/14/2016 3:41:00 PM EST</Timestamp>
    <ElectionName>November 8, 2016 - General Election</ElectionName>
    <ElectionDate>11/8/2016</ElectionDate>
    <Region>Heard</Region>
    <VoterTurnout totalVoters="5555" ballotsCast="4258" voterTurnout="76.65">
        <Precincts>
            <Precinct name="CENTRALHATCHEE" totalVoters="1284" ballotsCast="1068" voterTurnout="83.18" percentReporting="4" />
            <Precinct name="COOKSVILLE - CORINTH" totalVoters="421" ballotsCast="306" voterTurnout="72.68" percentReporting="4" />
            <Precinct name="ENON GROVE" totalVoters="795" ballotsCast="577" voterTurnout="72.58" percentReporting="4" />
            <Precinct name="EPHESUS" totalVoters="928" ballotsCast="740" voterTurnout="79.74" percentReporting="4" />
            <Precinct name="FRANKLIN" totalVoters="1649" ballotsCast="1195" voterTurnout="72.47" percentReporting="4" />
            <Precinct name="SOUTHWEST" totalVoters="478" ballotsCast="372" voterTurnout="77.82" percentReporting="4" />
        </Precincts>
    </VoterTurnout>
    <Contest key="5" text="President of the United States" isQuestion="false" precinctsReporting="6" precinctsReported="6">
        <VoteType name="Number of Precincts for Race" votes="6">
            <Precinct name="CENTRALHATCHEE" votes="1" />
            <Precinct name="COOKSVILLE - CORINTH" votes="1" />
            <Precinct name="ENON GROVE" votes="1" />
            <Precinct name="EPHESUS" votes="1" />
            <Precinct name="FRANKLIN" votes="1" />
            <Precinct name="SOUTHWEST" votes="1" />
        </VoteType>
        <VoteType name="Number of Precincts Reporting" votes="6">
            <Precinct name="CENTRALHATCHEE" votes="1" />
            <Precinct name="COOKSVILLE - CORINTH" votes="1" />
            <Precinct name="ENON GROVE" votes="1" />
            <Precinct name="EPHESUS" votes="1" />
            <Precinct name="FRANKLIN" votes="1" />
            <Precinct name="SOUTHWEST" votes="1" />
        </VoteType>
        <Choice key="10" text="DONALD J. TRUMP" totalVotes="3370">
            <VoteType name="Election Day" votes="1818">
                <Precinct name="CENTRALHATCHEE" votes="496" />
                <Precinct name="COOKSVILLE - CORINTH" votes="135" />
                <Precinct name="ENON GROVE" votes="267" />
                <Precinct name="EPHESUS" votes="428" />
                <Precinct name="FRANKLIN" votes="311" />
                <Precinct name="SOUTHWEST" votes="181" />
            </VoteType>
            <VoteType name="Absentee by Mail" votes="196">
                <Precinct name="CENTRALHATCHEE" votes="54" />
                <Precinct name="COOKSVILLE - CORINTH" votes="5" />
                <Precinct name="ENON GROVE" votes="27" />
                <Precinct name="EPHESUS" votes="43" />
                <Precinct name="FRANKLIN" votes="57" />
                <Precinct name="SOUTHWEST" votes="10" />
            </VoteType>
            <VoteType name="Advance in Person" votes="1355">
                <Precinct name="CENTRALHATCHEE" votes="341" />
                <Precinct name="COOKSVILLE - CORINTH" votes="116" />
                <Precinct name="ENON GROVE" votes="177" />
                <Precinct name="EPHESUS" votes="160" />
                <Precinct name="FRANKLIN" votes="479" />
                <Precinct name="SOUTHWEST" votes="82" />
            </VoteType>
            <VoteType name="Provisional" votes="1">
                <Precinct name="CENTRALHATCHEE" votes="0" />
                <Precinct name="COOKSVILLE - CORINTH" votes="0" />
                <Precinct name="ENON GROVE" votes="0" />
                <Precinct name="EPHESUS" votes="0" />
                <Precinct name="FRANKLIN" votes="1" />
                <Precinct name="SOUTHWEST" votes="0" />
            </VoteType>
        </Choice>
        <Choice key="20" text="HILLARY CLINTON" totalVotes="743">
            <VoteType name="Election Day" votes="351">
                <Precinct name="CENTRALHATCHEE" votes="68" />
                <Precinct name="COOKSVILLE - CORINTH" votes="21" />
                <Precinct name="ENON GROVE" votes="46" />
                <Precinct name="EPHESUS" votes="48" />
                <Precinct name="FRANKLIN" votes="107" />
                <Precinct name="SOUTHWEST" votes="61" />
            </VoteType>
            <VoteType name="Absentee by Mail" votes="70">
                <Precinct name="CENTRALHATCHEE" votes="15" />
                <Precinct name="COOKSVILLE - CORINTH" votes="0" />
                <Precinct name="ENON GROVE" votes="6" />
                <Precinct name="EPHESUS" votes="11" />
                <Precinct name="FRANKLIN" votes="31" />
                <Precinct name="SOUTHWEST" votes="7" />
            </VoteType>
            <VoteType name="Advance in Person" votes="321">
                <Precinct name="CENTRALHATCHEE" votes="57" />
                <Precinct name="COOKSVILLE - CORINTH" votes="12" />
                <Precinct name="ENON GROVE" votes="32" />
                <Precinct name="EPHESUS" votes="26" />
                <Precinct name="FRANKLIN" votes="167" />
                <Precinct name="SOUTHWEST" votes="27" />
            </VoteType>
            <VoteType name="Provisional" votes="1">
                <Precinct name="CENTRALHATCHEE" votes="0" />
                <Precinct name="COOKSVILLE - CORINTH" votes="0" />
                <Precinct name="ENON GROVE" votes="0" />
                <Precinct name="EPHESUS" votes="0" />
                <Precinct name="FRANKLIN" votes="0" />
                <Precinct name="SOUTHWEST" votes="1" />
            </VoteType>
        </Choice>
        <Choice key="30" text="GARY JOHNSON" totalVotes="93">
            <VoteType name="Election Day" votes="60">
                <Precinct name="CENTRALHATCHEE" votes="20" />
                <Precinct name="COOKSVILLE - CORINTH" votes="6" />
                <Precinct name="ENON GROVE" votes="11" />
                <Precinct name="EPHESUS" votes="13" />
                <Precinct name="FRANKLIN" votes="8" />
                <Precinct name="SOUTHWEST" votes="2" />
            </VoteType>
            <VoteType name="Absentee by Mail" votes="6">
                <Precinct name="CENTRALHATCHEE" votes="1" />
                <Precinct name="COOKSVILLE - CORINTH" votes="0" />
                <Precinct name="ENON GROVE" votes="0" />
                <Precinct name="EPHESUS" votes="1" />
                <Precinct name="FRANKLIN" votes="4" />
                <Precinct name="SOUTHWEST" votes="0" />
            </VoteType>
            <VoteType name="Advance in Person" votes="27">
                <Precinct name="CENTRALHATCHEE" votes="5" />
                <Precinct name="COOKSVILLE - CORINTH" votes="1" />
                <Precinct name="ENON GROVE" votes="3" />
                <Precinct name="EPHESUS" votes="5" />
                <Precinct name="FRANKLIN" votes="13" />
                <Precinct name="SOUTHWEST" votes="0" />
            </VoteType>
            <VoteType name="Provisional" votes="0">
                <Precinct name="CENTRALHATCHEE" votes="0" />
                <Precinct name="COOKSVILLE - CORINTH" votes="0" />
                <Precinct name="ENON GROVE" votes="0" />
                <Precinct name="EPHESUS" votes="0" />
                <Precinct name="FRANKLIN" votes="0" />
                <Precinct name="SOUTHWEST" votes="0" />
            </VoteType>
        </Choice>
    </Contest>
    <Contest key="10" text="United States Senator, Isakson" isQuestion="false" precinctsReporting="6" precinctsReported="6">
        <VoteType name="Number of Precincts for Race" votes="6">
            <Precinct name="CENTRALHATCHEE" votes="1" />
            <Precinct name="COOKSVILLE - CORINTH" votes="1" />
            <Precinct name="ENON GROVE" votes="1" />
            <Precinct name="EPHESUS" votes="1" />
            <Precinct name="FRANKLIN" votes="1" />
            <Precinct name="SOUTHWEST" votes="1" />
        </VoteType>
        <VoteType name="Number of Precincts Reporting" votes="6">
            <Precinct name="CENTRALHATCHEE" votes="1" />
            <Precinct name="COOKSVILLE - CORINTH" votes="1" />
            <Precinct name="ENON GROVE" votes="1" />
            <Precinct name="EPHESUS" votes="1" />
            <Precinct name="FRANKLIN" votes="1" />
            <Precinct name="SOUTHWEST" votes="1" />
        </VoteType>
        <Choice key="10" text="JOHNNY ISAKSON (I)" totalVotes="3099">
            <VoteType name="Election Day" votes="1683">
                <Precinct name="CENTRALHATCHEE" votes="459" />
                <Precinct name="COOKSVILLE - CORINTH" votes="122" />
                <Precinct name="ENON GROVE" votes="249" />
                <Precinct name="EPHESUS" votes="388" />
                <Precinct name="FRANKLIN" votes="299" />
                <Precinct name="SOUTHWEST" votes="166" />
            </VoteType>
            <VoteType name="Absentee by Mail" votes="189">
                <Precinct name="CENTRALHATCHEE" votes="46" />
                <Precinct name="COOKSVILLE - CORINTH" votes="5" />
                <Precinct name="ENON GROVE" votes="26" />
                <Precinct name="EPHESUS" votes="39" />
                <Precinct name="FRANKLIN" votes="61" />
                <Precinct name="SOUTHWEST" votes="12" />
            </VoteType>
            <VoteType name="Advance in Person" votes="1226">
                <Precinct name="CENTRALHATCHEE" votes="309" />
                <Precinct name="COOKSVILLE - CORINTH" votes="105" />
                <Precinct name="ENON GROVE" votes="151" />
                <Precinct name="EPHESUS" votes="144" />
                <Precinct name="FRANKLIN" votes="440" />
                <Precinct name="SOUTHWEST" votes="77" />
            </VoteType>
            <VoteType name="Provisional" votes="1">
                <Precinct name="CENTRALHATCHEE" votes="0" />
                <Precinct name="COOKSVILLE - CORINTH" votes="0" />
                <Precinct name="ENON GROVE" votes="0" />
                <Precinct name="EPHESUS" votes="0" />
                <Precinct name="FRANKLIN" votes="1" />
                <Precinct name="SOUTHWEST" votes="0" />
            </VoteType>
        </Choice>
        <Choice key="20" text="JIM BARKSDALE" totalVotes="679">
            <VoteType name="Election Day" votes="331">
                <Precinct name="CENTRALHATCHEE" votes="68" />
                <Precinct name="COOKSVILLE - CORINTH" votes="23" />
                <Precinct name="ENON GROVE" votes="41" />
                <Precinct name="EPHESUS" votes="57" />
                <Precinct name="FRANKLIN" votes="94" />
                <Precinct name="SOUTHWEST" votes="48" />
            </VoteType>
            <VoteType name="Absentee by Mail" votes="62">
                <Precinct name="CENTRALHATCHEE" votes="16" />
                <Precinct name="COOKSVILLE - CORINTH" votes="0" />
                <Precinct name="ENON GROVE" votes="4" />
                <Precinct name="EPHESUS" votes="10" />
                <Precinct name="FRANKLIN" votes="26" />
                <Precinct name="SOUTHWEST" votes="6" />
            </VoteType>
            <VoteType name="Advance in Person" votes="285">
                <Precinct name="CENTRALHATCHEE" votes="57" />
                <Precinct name="COOKSVILLE - CORINTH" votes="15" />
                <Precinct name="ENON GROVE" votes="29" />
                <Precinct name="EPHESUS" votes="20" />
                <Precinct name="FRANKLIN" votes="142" />
                <Precinct name="SOUTHWEST" votes="22" />
            </VoteType>
            <VoteType name="Provisional" votes="1">
                <Precinct name="CENTRALHATCHEE" votes="0" />
                <Precinct name="COOKSVILLE - CORINTH" votes="0" />
                <Precinct name="ENON GROVE" votes="0" />
                <Precinct name="EPHESUS" votes="0" />
                <Precinct name="FRANKLIN" votes="0" />
                <Precinct name="SOUTHWEST" votes="1" />
            </VoteType>
        </Choice>
        <Choice key="30" text="ALLEN BUCKLEY" totalVotes="172">
            <VoteType name="Election Day" votes="98">
                <Precinct name="CENTRALHATCHEE" votes="29" />
                <Precinct name="COOKSVILLE - CORINTH" votes="10" />
                <Precinct name="ENON GROVE" votes="15" />
                <Precinct name="EPHESUS" votes="17" />
                <Precinct name="FRANKLIN" votes="15" />
                <Precinct name="SOUTHWEST" votes="12" />
            </VoteType>
            <VoteType name="Absentee by Mail" votes="16">
                <Precinct name="CENTRALHATCHEE" votes="4" />
                <Precinct name="COOKSVILLE - CORINTH" votes="0" />
                <Precinct name="ENON GROVE" votes="2" />
                <Precinct name="EPHESUS" votes="5" />
                <Precinct name="FRANKLIN" votes="5" />
                <Precinct name="SOUTHWEST" votes="0" />
            </VoteType>
            <VoteType name="Advance in Person" votes="58">
                <Precinct name="CENTRALHATCHEE" votes="15" />
                <Precinct name="COOKSVILLE - CORINTH" votes="0" />
                <Precinct name="ENON GROVE" votes="13" />
                <Precinct name="EPHESUS" votes="9" />
                <Precinct name="FRANKLIN" votes="18" />
                <Precinct name="SOUTHWEST" votes="3" />
            </VoteType>
            <VoteType name="Provisional" votes="0">
                <Precinct name="CENTRALHATCHEE" votes="0" />
                <Precinct name="COOKSVILLE - CORINTH" votes="0" />
                <Precinct name="ENON GROVE" votes="0" />
                <Precinct name="EPHESUS" votes="0" />
                <Precinct name="FRANKLIN" votes="0" />
                <Precinct name="SOUTHWEST" votes="0" />
            </VoteType>
        </Choice>
    </Contest>
    <Contest key="30" text="Public Service Commission, District 2 - Eastern" isQuestion="false" precinctsReporting="6" precinctsReported="6">
        <VoteType name="Number of Precincts for Race" votes="6">
            <Precinct name="CENTRALHATCHEE" votes="1" />
            <Precinct name="COOKSVILLE - CORINTH" votes="1" />
            <Precinct name="ENON GROVE" votes="1" />
            <Precinct name="EPHESUS" votes="1" />
            <Precinct name="FRANKLIN" votes="1" />
            <Precinct name="SOUTHWEST" votes="1" />
        </VoteType>
        <VoteType name="Number of Precincts Reporting" votes="6">
            <Precinct name="CENTRALHATCHEE" votes="1" />
            <Precinct name="COOKSVILLE - CORINTH" votes="1" />
            <Precinct name="ENON GROVE" votes="1" />
            <Precinct name="EPHESUS" votes="1" />
            <Precinct name="FRANKLIN" votes="1" />
            <Precinct name="SOUTHWEST" votes="1" />
        </VoteType>
        <Choice key="10" text="TIM ECHOLS (I)" totalVotes="3268">
            <VoteType name="Election Day" votes="1777">
                <Precinct name="CENTRALHATCHEE" votes="476" />
                <Precinct name="COOKSVILLE - CORINTH" votes="135" />
                <Precinct name="ENON GROVE" votes="260" />
                <Precinct name="EPHESUS" votes="403" />
                <Precinct name="FRANKLIN" votes="324" />
                <Precinct name="SOUTHWEST" votes="179" />
            </VoteType>
            <VoteType name="Absentee by Mail" votes="196">
                <Precinct name="CENTRALHATCHEE" votes="51" />
                <Precinct name="COOKSVILLE - CORINTH" votes="5" />
                <Precinct name="ENON GROVE" votes="26" />
                <Precinct name="EPHESUS" votes="39" />
                <Precinct name="FRANKLIN" votes="61" />
                <Precinct name="SOUTHWEST" votes="14" />
            </VoteType>
            <VoteType name="Advance in Person" votes="1294">
                <Precinct name="CENTRALHATCHEE" votes="324" />
                <Precinct name="COOKSVILLE - CORINTH" votes="113" />
                <Precinct name="ENON GROVE" votes="161" />
                <Precinct name="EPHESUS" votes="145" />
                <Precinct name="FRANKLIN" votes="469" />
                <Precinct name="SOUTHWEST" votes="82" />
            </VoteType>
            <VoteType name="Provisional" votes="1">
                <Precinct name="CENTRALHATCHEE" votes="0" />
                <Precinct name="COOKSVILLE - CORINTH" votes="0" />
                <Precinct name="ENON GROVE" votes="0" />
                <Precinct name="EPHESUS" votes="0" />
                <Precinct name="FRANKLIN" votes="1" />
                <Precinct name="SOUTHWEST" votes="0" />
            </VoteType>
        </Choice>
        <Choice key="20" text="ERIC HOSKINS" totalVotes="571">
            <VoteType name="Election Day" votes="299">
                <Precinct name="CENTRALHATCHEE" votes="71" />
                <Precinct name="COOKSVILLE - CORINTH" votes="28" />
                <Precinct name="ENON GROVE" votes="43" />
                <Precinct name="EPHESUS" votes="51" />
                <Precinct name="FRANKLIN" votes="68" />
                <Precinct name="SOUTHWEST" votes="38" />
            </VoteType>
            <VoteType name="Absentee by Mail" votes="41">
                <Precinct name="CENTRALHATCHEE" votes="11" />
                <Precinct name="COOKSVILLE - CORINTH" votes="0" />
                <Precinct name="ENON GROVE" votes="5" />
                <Precinct name="EPHESUS" votes="10" />
                <Precinct name="FRANKLIN" votes="13" />
                <Precinct name="SOUTHWEST" votes="2" />
            </VoteType>
            <VoteType name="Advance in Person" votes="230">
                <Precinct name="CENTRALHATCHEE" votes="51" />
                <Precinct name="COOKSVILLE - CORINTH" votes="10" />
                <Precinct name="ENON GROVE" votes="35" />
                <Precinct name="EPHESUS" votes="28" />
                <Precinct name="FRANKLIN" votes="94" />
                <Precinct name="SOUTHWEST" votes="12" />
            </VoteType>
            <VoteType name="Provisional" votes="1">
                <Precinct name="CENTRALHATCHEE" votes="0" />
                <Precinct name="COOKSVILLE - CORINTH" votes="0" />
                <Precinct name="ENON GROVE" votes="0" />
                <Precinct name="EPHESUS" votes="0" />
                <Precinct name="FRANKLIN" votes="0" />
                <Precinct name="SOUTHWEST" votes="1" />
            </VoteType>
        </Choice>
    </Contest>
    <Contest key="50" text="U.S. Representative, District 3" isQuestion="false" precinctsReporting="6" precinctsReported="6">
        <VoteType name="Number of Precincts for Race" votes="6">
            <Precinct name="CENTRALHATCHEE" votes="1" />
            <Precinct name="COOKSVILLE - CORINTH" votes="1" />
            <Precinct name="ENON GROVE" votes="1" />
            <Precinct name="EPHESUS" votes="1" />
            <Precinct name="FRANKLIN" votes="1" />
            <Precinct name="SOUTHWEST" votes="1" />
        </VoteType>
        <VoteType name="Number of Precincts Reporting" votes="6">
            <Precinct name="CENTRALHATCHEE" votes="1" />
            <Precinct name="COOKSVILLE - CORINTH" votes="1" />
            <Precinct name="ENON GROVE" votes="1" />
            <Precinct name="EPHESUS" votes="1" />
            <Precinct name="FRANKLIN" votes="1" />
            <Precinct name="SOUTHWEST" votes="1" />
        </VoteType>
        <Choice key="10" text="DREW FERGUSON" totalVotes="3287">
            <VoteType name="Election Day" votes="1783">
                <Precinct name="CENTRALHATCHEE" votes="486" />
                <Precinct name="COOKSVILLE - CORINTH" votes="135" />
                <Precinct name="ENON GROVE" votes="266" />
                <Precinct name="EPHESUS" votes="401" />
                <Precinct name="FRANKLIN" votes="311" />
                <Precinct name="SOUTHWEST" votes="184" />
            </VoteType>
            <VoteType name="Absentee by Mail" votes="194">
                <Precinct name="CENTRALHATCHEE" votes="47" />
                <Precinct name="COOKSVILLE - CORINTH" votes="5" />
                <Precinct name="ENON GROVE" votes="27" />
                <Precinct name="EPHESUS" votes="45" />
                <Precinct name="FRANKLIN" votes="59" />
                <Precinct name="SOUTHWEST" votes="11" />
            </VoteType>
            <VoteType name="Advance in Person" votes="1309">
                <Precinct name="CENTRALHATCHEE" votes="334" />
                <Precinct name="COOKSVILLE - CORINTH" votes="116" />
                <Precinct name="ENON GROVE" votes="161" />
                <Precinct name="EPHESUS" votes="151" />
                <Precinct name="FRANKLIN" votes="463" />
                <Precinct name="SOUTHWEST" votes="84" />
            </VoteType>
            <VoteType name="Provisional" votes="1">
                <Precinct name="CENTRALHATCHEE" votes="0" />
                <Precinct name="COOKSVILLE - CORINTH" votes="0" />
                <Precinct name="ENON GROVE" votes="0" />
                <Precinct name="EPHESUS" votes="0" />
                <Precinct name="FRANKLIN" votes="1" />
                <Precinct name="SOUTHWEST" votes="0" />
            </VoteType>
        </Choice>
        <Choice key="20" text="ANGELA PENDLEY" totalVotes="741">
            <VoteType name="Election Day" votes="355">
                <Precinct name="CENTRALHATCHEE" votes="71" />
                <Precinct name="COOKSVILLE - CORINTH" votes="29" />
                <Precinct name="ENON GROVE" votes="46" />
                <Precinct name="EPHESUS" votes="57" />
                <Precinct name="FRANKLIN" votes="101" />
                <Precinct name="SOUTHWEST" votes="51" />
            </VoteType>
            <VoteType name="Absentee by Mail" votes="70">
                <Precinct name="CENTRALHATCHEE" votes="21" />
                <Precinct name="COOKSVILLE - CORINTH" votes="0" />
                <Precinct name="ENON GROVE" votes="5" />
                <Precinct name="EPHESUS" votes="8" />
                <Precinct name="FRANKLIN" votes="30" />
                <Precinct name="SOUTHWEST" votes="6" />
            </VoteType>
            <VoteType name="Advance in Person" votes="315">
                <Precinct name="CENTRALHATCHEE" votes="58" />
                <Precinct name="COOKSVILLE - CORINTH" votes="13" />
                <Precinct name="ENON GROVE" votes="37" />
                <Precinct name="EPHESUS" votes="25" />
                <Precinct name="FRANKLIN" votes="162" />
                <Precinct name="SOUTHWEST" votes="20" />
            </VoteType>
            <VoteType name="Provisional" votes="1">
                <Precinct name="CENTRALHATCHEE" votes="0" />
                <Precinct name="COOKSVILLE - CORINTH" votes="0" />
                <Precinct name="ENON GROVE" votes="0" />
                <Precinct name="EPHESUS" votes="0" />
                <Precinct name="FRANKLIN" votes="0" />
                <Precinct name="SOUTHWEST" votes="1" />
            </VoteType>
        </Choice>
    </Contest>
    <Contest key="70" text="State Senator, District 28" isQuestion="false" precinctsReporting="6" precinctsReported="6">
        <VoteType name="Number of Precincts for Race" votes="6">
            <Precinct name="CENTRALHATCHEE" votes="1" />
            <Precinct name="COOKSVILLE - CORINTH" votes="1" />
            <Precinct name="ENON GROVE" votes="1" />
            <Precinct name="EPHESUS" votes="1" />
            <Precinct name="FRANKLIN" votes="1" />
            <Precinct name="SOUTHWEST" votes="1" />
        </VoteType>
        <VoteType name="Number of Precincts Reporting" votes="6">
            <Precinct name="CENTRALHATCHEE" votes="1" />
            <Precinct name="COOKSVILLE - CORINTH" votes="1" />
            <Precinct name="ENON GROVE" votes="1" />
            <Precinct name="EPHESUS" votes="1" />
            <Precinct name="FRANKLIN" votes="1" />
            <Precinct name="SOUTHWEST" votes="1" />
        </VoteType>
        <Choice key="10" text="MATT BRASS" totalVotes="3571">
            <VoteType name="Election Day" votes="1966">
                <Precinct name="CENTRALHATCHEE" votes="520" />
                <Precinct name="COOKSVILLE - CORINTH" votes="158" />
                <Precinct name="ENON GROVE" votes="290" />
                <Precinct name="EPHESUS" votes="437" />
                <Precinct name="FRANKLIN" votes="362" />
                <Precinct name="SOUTHWEST" votes="199" />
            </VoteType>
            <VoteType name="Absentee by Mail" votes="211">
                <Precinct name="CENTRALHATCHEE" votes="58" />
                <Precinct name="COOKSVILLE - CORINTH" votes="4" />
                <Precinct name="ENON GROVE" votes="28" />
                <Precinct name="EPHESUS" votes="44" />
                <Precinct name="FRANKLIN" votes="65" />
                <Precinct name="SOUTHWEST" votes="12" />
            </VoteType>
            <VoteType name="Advance in Person" votes="1392">
                <Precinct name="CENTRALHATCHEE" votes="352" />
                <Precinct name="COOKSVILLE - CORINTH" votes="119" />
                <Precinct name="ENON GROVE" votes="171" />
                <Precinct name="EPHESUS" votes="161" />
                <Precinct name="FRANKLIN" votes="503" />
                <Precinct name="SOUTHWEST" votes="86" />
            </VoteType>
            <VoteType name="Provisional" votes="2">
                <Precinct name="CENTRALHATCHEE" votes="0" />
                <Precinct name="COOKSVILLE - CORINTH" votes="0" />
                <Precinct name="ENON GROVE" votes="0" />
                <Precinct name="EPHESUS" votes="0" />
                <Precinct name="FRANKLIN" votes="1" />
                <Precinct name="SOUTHWEST" votes="1" />
            </VoteType>
        </Choice>
    </Contest>
    <Contest key="90" text="State Representative, District 69" isQuestion="false" precinctsReporting="6" precinctsReported="6">
        <VoteType name="Number of Precincts for Race" votes="6">
            <Precinct name="CENTRALHATCHEE" votes="1" />
            <Precinct name="COOKSVILLE - CORINTH" votes="1" />
            <Precinct name="ENON GROVE" votes="1" />
            <Precinct name="EPHESUS" votes="1" />
            <Precinct name="FRANKLIN" votes="1" />
            <Precinct name="SOUTHWEST" votes="1" />
        </VoteType>
        <VoteType name="Number of Precincts Reporting" votes="6">
            <Precinct name="CENTRALHATCHEE" votes="1" />
            <Precinct name="COOKSVILLE - CORINTH" votes="1" />
            <Precinct name="ENON GROVE" votes="1" />
            <Precinct name="EPHESUS" votes="1" />
            <Precinct name="FRANKLIN" votes="1" />
            <Precinct name="SOUTHWEST" votes="1" />
        </VoteType>
        <Choice key="10" text="RANDY NIX (I)" totalVotes="3565">
            <VoteType name="Election Day" votes="1956">
                <Precinct name="CENTRALHATCHEE" votes="514" />
                <Precinct name="COOKSVILLE - CORINTH" votes="155" />
                <Precinct name="ENON GROVE" votes="291" />
                <Precinct name="EPHESUS" votes="436" />
                <Precinct name="FRANKLIN" votes="358" />
                <Precinct name="SOUTHWEST" votes="202" />
            </VoteType>
            <VoteType name="Absentee by Mail" votes="213">
                <Precinct name="CENTRALHATCHEE" votes="60" />
                <Precinct name="COOKSVILLE - CORINTH" votes="4" />
                <Precinct name="ENON GROVE" votes="27" />
                <Precinct name="EPHESUS" votes="43" />
                <Precinct name="FRANKLIN" votes="67" />
                <Precinct name="SOUTHWEST" votes="12" />
            </VoteType>
            <VoteType name="Advance in Person" votes="1394">
                <Precinct name="CENTRALHATCHEE" votes="351" />
                <Precinct name="COOKSVILLE - CORINTH" votes="119" />
                <Precinct name="ENON GROVE" votes="171" />
                <Precinct name="EPHESUS" votes="158" />
                <Precinct name="FRANKLIN" votes="504" />
                <Precinct name="SOUTHWEST" votes="91" />
            </VoteType>
            <VoteType name="Provisional" votes="2">
                <Precinct name="CENTRALHATCHEE" votes="0" />
                <Precinct name="COOKSVILLE - CORINTH" votes="0" />
                <Precinct name="ENON GROVE" votes="0" />
                <Precinct name="EPHESUS" votes="0" />
                <Precinct name="FRANKLIN" votes="1" />
                <Precinct name="SOUTHWEST" votes="1" />
            </VoteType>
        </Choice>
    </Contest>
    <Contest key="110" text="District Attorney, Coweta Circuit" isQuestion="false" precinctsReporting="6" precinctsReported="6">
        <VoteType name="Number of Precincts for Race" votes="6">
            <Precinct name="CENTRALHATCHEE" votes="1" />
            <Precinct name="COOKSVILLE - CORINTH" votes="1" />
            <Precinct name="ENON GROVE" votes="1" />
            <Precinct name="EPHESUS" votes="1" />
            <Precinct name="FRANKLIN" votes="1" />
            <Precinct name="SOUTHWEST" votes="1" />
        </VoteType>
        <VoteType name="Number of Precincts Reporting" votes="6">
            <Precinct name="CENTRALHATCHEE" votes="1" />
            <Precinct name="COOKSVILLE - CORINTH" votes="1" />
            <Precinct name="ENON GROVE" votes="1" />
            <Precinct name="EPHESUS" votes="1" />
            <Precinct name="FRANKLIN" votes="1" />
            <Precinct name="SOUTHWEST" votes="1" />
        </VoteType>
        <Choice key="10" text="PETE SKANDALAKIS (I)" totalVotes="3644">
            <VoteType name="Election Day" votes="2001">
                <Precinct name="CENTRALHATCHEE" votes="530" />
                <Precinct name="COOKSVILLE - CORINTH" votes="156" />
                <Precinct name="ENON GROVE" votes="292" />
                <Precinct name="EPHESUS" votes="440" />
                <Precinct name="FRANKLIN" votes="371" />
                <Precinct name="SOUTHWEST" votes="212" />
            </VoteType>
            <VoteType name="Absentee by Mail" votes="215">
                <Precinct name="CENTRALHATCHEE" votes="59" />
                <Precinct name="COOKSVILLE - CORINTH" votes="4" />
                <Precinct name="ENON GROVE" votes="28" />
                <Precinct name="EPHESUS" votes="40" />
                <Precinct name="FRANKLIN" votes="70" />
                <Precinct name="SOUTHWEST" votes="14" />
            </VoteType>
            <VoteType name="Advance in Person" votes="1426">
                <Precinct name="CENTRALHATCHEE" votes="351" />
                <Precinct name="COOKSVILLE - CORINTH" votes="120" />
                <Precinct name="ENON GROVE" votes="177" />
                <Precinct name="EPHESUS" votes="157" />
                <Precinct name="FRANKLIN" votes="526" />
                <Precinct name="SOUTHWEST" votes="95" />
            </VoteType>
            <VoteType name="Provisional" votes="2">
                <Precinct name="CENTRALHATCHEE" votes="0" />
                <Precinct name="COOKSVILLE - CORINTH" votes="0" />
                <Precinct name="ENON GROVE" votes="0" />
                <Precinct name="EPHESUS" votes="0" />
                <Precinct name="FRANKLIN" votes="1" />
                <Precinct name="SOUTHWEST" votes="1" />
            </VoteType>
        </Choice>
    </Contest>
    <Contest key="130" text="CLERK SUPERIOR COURT" isQuestion="false" precinctsReporting="6" precinctsReported="6">
        <VoteType name="Number of Precincts for Race" votes="6">
            <Precinct name="CENTRALHATCHEE" votes="1" />
            <Precinct name="COOKSVILLE - CORINTH" votes="1" />
            <Precinct name="ENON GROVE" votes="1" />
            <Precinct name="EPHESUS" votes="1" />
            <Precinct name="FRANKLIN" votes="1" />
            <Precinct name="SOUTHWEST" votes="1" />
        </VoteType>
        <VoteType name="Number of Precincts Reporting" votes="6">
            <Precinct name="CENTRALHATCHEE" votes="1" />
            <Precinct name="COOKSVILLE - CORINTH" votes="1" />
            <Precinct name="ENON GROVE" votes="1" />
            <Precinct name="EPHESUS" votes="1" />
            <Precinct name="FRANKLIN" votes="1" />
            <Precinct name="SOUTHWEST" votes="1" />
        </VoteType>
        <Choice key="10" text="T. TEAL (R)" totalVotes="3687">
            <VoteType name="Election Day" votes="2012">
                <Precinct name="CENTRALHATCHEE" votes="537" />
                <Precinct name="COOKSVILLE - CORINTH" votes="158" />
                <Precinct name="ENON GROVE" votes="295" />
                <Precinct name="EPHESUS" votes="450" />
                <Precinct name="FRANKLIN" votes="365" />
                <Precinct name="SOUTHWEST" votes="207" />
            </VoteType>
            <VoteType name="Absentee by Mail" votes="217">
                <Precinct name="CENTRALHATCHEE" votes="61" />
                <Precinct name="COOKSVILLE - CORINTH" votes="4" />
                <Precinct name="ENON GROVE" votes="29" />
                <Precinct name="EPHESUS" votes="43" />
                <Precinct name="FRANKLIN" votes="66" />
                <Precinct name="SOUTHWEST" votes="14" />
            </VoteType>
            <VoteType name="Advance in Person" votes="1456">
                <Precinct name="CENTRALHATCHEE" votes="364" />
                <Precinct name="COOKSVILLE - CORINTH" votes="124" />
                <Precinct name="ENON GROVE" votes="185" />
                <Precinct name="EPHESUS" votes="160" />
                <Precinct name="FRANKLIN" votes="529" />
                <Precinct name="SOUTHWEST" votes="94" />
            </VoteType>
            <VoteType name="Provisional" votes="2">
                <Precinct name="CENTRALHATCHEE" votes="0" />
                <Precinct name="COOKSVILLE - CORINTH" votes="0" />
                <Precinct name="ENON GROVE" votes="0" />
                <Precinct name="EPHESUS" votes="0" />
                <Precinct name="FRANKLIN" votes="1" />
                <Precinct name="SOUTHWEST" votes="1" />
            </VoteType>
        </Choice>
    </Contest>
    <Contest key="150" text="SHERIFF" isQuestion="false" precinctsReporting="6" precinctsReported="6">
        <VoteType name="Number of Precincts for Race" votes="6">
            <Precinct name="CENTRALHATCHEE" votes="1" />
            <Precinct name="COOKSVILLE - CORINTH" votes="1" />
            <Precinct name="ENON GROVE" votes="1" />
            <Precinct name="EPHESUS" votes="1" />
            <Precinct name="FRANKLIN" votes="1" />
            <Precinct name="SOUTHWEST" votes="1" />
        </VoteType>
        <VoteType name="Number of Precincts Reporting" votes="6">
            <Precinct name="CENTRALHATCHEE" votes="1" />
            <Precinct name="COOKSVILLE - CORINTH" votes="1" />
            <Precinct name="ENON GROVE" votes="1" />
            <Precinct name="EPHESUS" votes="1" />
            <Precinct name="FRANKLIN" votes="1" />
            <Precinct name="SOUTHWEST" votes="1" />
        </VoteType>
        <Choice key="10" text="R. HENRY (I) R" totalVotes="3778">
            <VoteType name="Election Day" votes="2056">
                <Precinct name="CENTRALHATCHEE" votes="533" />
                <Precinct name="COOKSVILLE - CORINTH" votes="157" />
                <Precinct name="ENON GROVE" votes="308" />
                <Precinct name="EPHESUS" votes="450" />
                <Precinct name="FRANKLIN" votes="390" />
                <Precinct name="SOUTHWEST" votes="218" />
            </VoteType>
            <VoteType name="Absentee by Mail" votes="228">
                <Precinct name="CENTRALHATCHEE" votes="59" />
                <Precinct name="COOKSVILLE - CORINTH" votes="4" />
                <Precinct name="ENON GROVE" votes="30" />
                <Precinct name="EPHESUS" votes="44" />
                <Precinct name="FRANKLIN" votes="76" />
                <Precinct name="SOUTHWEST" votes="15" />
            </VoteType>
            <VoteType name="Advance in Person" votes="1492">
                <Precinct name="CENTRALHATCHEE" votes="367" />
                <Precinct name="COOKSVILLE - CORINTH" votes="124" />
                <Precinct name="ENON GROVE" votes="188" />
                <Precinct name="EPHESUS" votes="164" />
                <Precinct name="FRANKLIN" votes="558" />
                <Precinct name="SOUTHWEST" votes="91" />
            </VoteType>
            <VoteType name="Provisional" votes="2">
                <Precinct name="CENTRALHATCHEE" votes="0" />
                <Precinct name="COOKSVILLE - CORINTH" votes="0" />
                <Precinct name="ENON GROVE" votes="0" />
                <Precinct name="EPHESUS" votes="0" />
                <Precinct name="FRANKLIN" votes="1" />
                <Precinct name="SOUTHWEST" votes="1" />
            </VoteType>
        </Choice>
    </Contest>
    <Contest key="170" text="TAX COMMISSIONER" isQuestion="false" precinctsReporting="6" precinctsReported="6">
        <VoteType name="Number of Precincts for Race" votes="6">
            <Precinct name="CENTRALHATCHEE" votes="1" />
            <Precinct name="COOKSVILLE - CORINTH" votes="1" />
            <Precinct name="ENON GROVE" votes="1" />
            <Precinct name="EPHESUS" votes="1" />
            <Precinct name="FRANKLIN" votes="1" />
            <Precinct name="SOUTHWEST" votes="1" />
        </VoteType>
        <VoteType name="Number of Precincts Reporting" votes="6">
            <Precinct name="CENTRALHATCHEE" votes="1" />
            <Precinct name="COOKSVILLE - CORINTH" votes="1" />
            <Precinct name="ENON GROVE" votes="1" />
            <Precinct name="EPHESUS" votes="1" />
            <Precinct name="FRANKLIN" votes="1" />
            <Precinct name="SOUTHWEST" votes="1" />
        </VoteType>
        <Choice key="10" text="D. WATSON (R)" totalVotes="3693">
            <VoteType name="Election Day" votes="2026">
                <Precinct name="CENTRALHATCHEE" votes="538" />
                <Precinct name="COOKSVILLE - CORINTH" votes="159" />
                <Precinct name="ENON GROVE" votes="299" />
                <Precinct name="EPHESUS" votes="445" />
                <Precinct name="FRANKLIN" votes="374" />
                <Precinct name="SOUTHWEST" votes="211" />
            </VoteType>
            <VoteType name="Absentee by Mail" votes="218">
                <Precinct name="CENTRALHATCHEE" votes="59" />
                <Precinct name="COOKSVILLE - CORINTH" votes="4" />
                <Precinct name="ENON GROVE" votes="28" />
                <Precinct name="EPHESUS" votes="45" />
                <Precinct name="FRANKLIN" votes="67" />
                <Precinct name="SOUTHWEST" votes="15" />
            </VoteType>
            <VoteType name="Advance in Person" votes="1447">
                <Precinct name="CENTRALHATCHEE" votes="366" />
                <Precinct name="COOKSVILLE - CORINTH" votes="123" />
                <Precinct name="ENON GROVE" votes="183" />
                <Precinct name="EPHESUS" votes="160" />
                <Precinct name="FRANKLIN" votes="523" />
                <Precinct name="SOUTHWEST" votes="92" />
            </VoteType>
            <VoteType name="Provisional" votes="2">
                <Precinct name="CENTRALHATCHEE" votes="0" />
                <Precinct name="COOKSVILLE - CORINTH" votes="0" />
                <Precinct name="ENON GROVE" votes="0" />
                <Precinct name="EPHESUS" votes="0" />
                <Precinct name="FRANKLIN" votes="1" />
                <Precinct name="SOUTHWEST" votes="1" />
            </VoteType>
        </Choice>
    </Contest>
    <Contest key="200" text="CORONER" isQuestion="false" precinctsReporting="6" precinctsReported="6">
        <VoteType name="Number of Precincts for Race" votes="6">
            <Precinct name="CENTRALHATCHEE" votes="1" />
            <Precinct name="COOKSVILLE - CORINTH" votes="1" />
            <Precinct name="ENON GROVE" votes="1" />
            <Precinct name="EPHESUS" votes="1" />
            <Precinct name="FRANKLIN" votes="1" />
            <Precinct name="SOUTHWEST" votes="1" />
        </VoteType>
        <VoteType name="Number of Precincts Reporting" votes="6">
            <Precinct name="CENTRALHATCHEE" votes="1" />
            <Precinct name="COOKSVILLE - CORINTH" votes="1" />
            <Precinct name="ENON GROVE" votes="1" />
            <Precinct name="EPHESUS" votes="1" />
            <Precinct name="FRANKLIN" votes="1" />
            <Precinct name="SOUTHWEST" votes="1" />
        </VoteType>
        <Choice key="10" text="K. BUCHANAN (I) D" totalVotes="3589">
            <VoteType name="Election Day" votes="1931">
                <Precinct name="CENTRALHATCHEE" votes="512" />
                <Precinct name="COOKSVILLE - CORINTH" votes="145" />
                <Precinct name="ENON GROVE" votes="282" />
                <Precinct name="EPHESUS" votes="414" />
                <Precinct name="FRANKLIN" votes="376" />
                <Precinct name="SOUTHWEST" votes="202" />
            </VoteType>
            <VoteType name="Absentee by Mail" votes="221">
                <Precinct name="CENTRALHATCHEE" votes="57" />
                <Precinct name="COOKSVILLE - CORINTH" votes="3" />
                <Precinct name="ENON GROVE" votes="28" />
                <Precinct name="EPHESUS" votes="42" />
                <Precinct name="FRANKLIN" votes="75" />
                <Precinct name="SOUTHWEST" votes="16" />
            </VoteType>
            <VoteType name="Advance in Person" votes="1435">
                <Precinct name="CENTRALHATCHEE" votes="344" />
                <Precinct name="COOKSVILLE - CORINTH" votes="109" />
                <Precinct name="ENON GROVE" votes="183" />
                <Precinct name="EPHESUS" votes="153" />
                <Precinct name="FRANKLIN" votes="560" />
                <Precinct name="SOUTHWEST" votes="86" />
            </VoteType>
            <VoteType name="Provisional" votes="2">
                <Precinct name="CENTRALHATCHEE" votes="0" />
                <Precinct name="COOKSVILLE - CORINTH" votes="0" />
                <Precinct name="ENON GROVE" votes="0" />
                <Precinct name="EPHESUS" votes="0" />
                <Precinct name="FRANKLIN" votes="1" />
                <Precinct name="SOUTHWEST" votes="1" />
            </VoteType>
        </Choice>
    </Contest>
    <Contest key="210" text="CHIEF MAGISTRATE" isQuestion="false" precinctsReporting="6" precinctsReported="6">
        <VoteType name="Number of Precincts for Race" votes="6">
            <Precinct name="CENTRALHATCHEE" votes="1" />
            <Precinct name="COOKSVILLE - CORINTH" votes="1" />
            <Precinct name="ENON GROVE" votes="1" />
            <Precinct name="EPHESUS" votes="1" />
            <Precinct name="FRANKLIN" votes="1" />
            <Precinct name="SOUTHWEST" votes="1" />
        </VoteType>
        <VoteType name="Number of Precincts Reporting" votes="6">
            <Precinct name="CENTRALHATCHEE" votes="1" />
            <Precinct name="COOKSVILLE - CORINTH" votes="1" />
            <Precinct name="ENON GROVE" votes="1" />
            <Precinct name="EPHESUS" votes="1" />
            <Precinct name="FRANKLIN" votes="1" />
            <Precinct name="SOUTHWEST" votes="1" />
        </VoteType>
        <Choice key="10" text="B. JENNINGS (I) R" totalVotes="3656">
            <VoteType name="Election Day" votes="2012">
                <Precinct name="CENTRALHATCHEE" votes="533" />
                <Precinct name="COOKSVILLE - CORINTH" votes="158" />
                <Precinct name="ENON GROVE" votes="301" />
                <Precinct name="EPHESUS" votes="439" />
                <Precinct name="FRANKLIN" votes="372" />
                <Precinct name="SOUTHWEST" votes="209" />
            </VoteType>
            <VoteType name="Absentee by Mail" votes="214">
                <Precinct name="CENTRALHATCHEE" votes="58" />
                <Precinct name="COOKSVILLE - CORINTH" votes="4" />
                <Precinct name="ENON GROVE" votes="29" />
                <Precinct name="EPHESUS" votes="41" />
                <Precinct name="FRANKLIN" votes="67" />
                <Precinct name="SOUTHWEST" votes="15" />
            </VoteType>
            <VoteType name="Advance in Person" votes="1428">
                <Precinct name="CENTRALHATCHEE" votes="359" />
                <Precinct name="COOKSVILLE - CORINTH" votes="125" />
                <Precinct name="ENON GROVE" votes="183" />
                <Precinct name="EPHESUS" votes="148" />
                <Precinct name="FRANKLIN" votes="524" />
                <Precinct name="SOUTHWEST" votes="89" />
            </VoteType>
            <VoteType name="Provisional" votes="2">
                <Precinct name="CENTRALHATCHEE" votes="0" />
                <Precinct name="COOKSVILLE - CORINTH" votes="0" />
                <Precinct name="ENON GROVE" votes="0" />
                <Precinct name="EPHESUS" votes="0" />
                <Precinct name="FRANKLIN" votes="1" />
                <Precinct name="SOUTHWEST" votes="1" />
            </VoteType>
        </Choice>
    </Contest>
    <Contest key="230" text="CHAIR COUNTY COMMISSION" isQuestion="false" precinctsReporting="6" precinctsReported="6">
        <VoteType name="Number of Precincts for Race" votes="6">
            <Precinct name="CENTRALHATCHEE" votes="1" />
            <Precinct name="COOKSVILLE - CORINTH" votes="1" />
            <Precinct name="ENON GROVE" votes="1" />
            <Precinct name="EPHESUS" votes="1" />
            <Precinct name="FRANKLIN" votes="1" />
            <Precinct name="SOUTHWEST" votes="1" />
        </VoteType>
        <VoteType name="Number of Precincts Reporting" votes="6">
            <Precinct name="CENTRALHATCHEE" votes="1" />
            <Precinct name="COOKSVILLE - CORINTH" votes="1" />
            <Precinct name="ENON GROVE" votes="1" />
            <Precinct name="EPHESUS" votes="1" />
            <Precinct name="FRANKLIN" votes="1" />
            <Precinct name="SOUTHWEST" votes="1" />
        </VoteType>
        <Choice key="10" text="LEE BOONE (I) R" totalVotes="3585">
            <VoteType name="Election Day" votes="1956">
                <Precinct name="CENTRALHATCHEE" votes="516" />
                <Precinct name="COOKSVILLE - CORINTH" votes="154" />
                <Precinct name="ENON GROVE" votes="294" />
                <Precinct name="EPHESUS" votes="434" />
                <Precinct name="FRANKLIN" votes="358" />
                <Precinct name="SOUTHWEST" votes="200" />
            </VoteType>
            <VoteType name="Absentee by Mail" votes="207">
                <Precinct name="CENTRALHATCHEE" votes="55" />
                <Precinct name="COOKSVILLE - CORINTH" votes="4" />
                <Precinct name="ENON GROVE" votes="27" />
                <Precinct name="EPHESUS" votes="46" />
                <Precinct name="FRANKLIN" votes="65" />
                <Precinct name="SOUTHWEST" votes="10" />
            </VoteType>
            <VoteType name="Advance in Person" votes="1420">
                <Precinct name="CENTRALHATCHEE" votes="353" />
                <Precinct name="COOKSVILLE - CORINTH" votes="123" />
                <Precinct name="ENON GROVE" votes="178" />
                <Precinct name="EPHESUS" votes="157" />
                <Precinct name="FRANKLIN" votes="518" />
                <Precinct name="SOUTHWEST" votes="91" />
            </VoteType>
            <VoteType name="Provisional" votes="2">
                <Precinct name="CENTRALHATCHEE" votes="0" />
                <Precinct name="COOKSVILLE - CORINTH" votes="0" />
                <Precinct name="ENON GROVE" votes="0" />
                <Precinct name="EPHESUS" votes="0" />
                <Precinct name="FRANKLIN" votes="1" />
                <Precinct name="SOUTHWEST" votes="1" />
            </VoteType>
        </Choice>
    </Contest>
    <Contest key="250" text="CC D1" isQuestion="false" precinctsReporting="2" precinctsReported="2">
        <VoteType name="Number of Precincts for Race" votes="2">
            <Precinct name="COOKSVILLE - CORINTH" votes="1" />
            <Precinct name="ENON GROVE" votes="1" />
        </VoteType>
        <VoteType name="Number of Precincts Reporting" votes="2">
            <Precinct name="COOKSVILLE - CORINTH" votes="1" />
            <Precinct name="ENON GROVE" votes="1" />
        </VoteType>
        <Choice key="10" text="L. HOOKS (I) R" totalVotes="676">
            <VoteType name="Election Day" votes="397">
                <Precinct name="COOKSVILLE - CORINTH" votes="133" />
                <Precinct name="ENON GROVE" votes="264" />
            </VoteType>
            <VoteType name="Absentee by Mail" votes="23">
                <Precinct name="COOKSVILLE - CORINTH" votes="2" />
                <Precinct name="ENON GROVE" votes="21" />
            </VoteType>
            <VoteType name="Advance in Person" votes="256">
                <Precinct name="COOKSVILLE - CORINTH" votes="103" />
                <Precinct name="ENON GROVE" votes="153" />
            </VoteType>
            <VoteType name="Provisional" votes="0">
                <Precinct name="COOKSVILLE - CORINTH" votes="0" />
                <Precinct name="ENON GROVE" votes="0" />
            </VoteType>
        </Choice>
    </Contest>
    <Contest key="270" text="CC D3" isQuestion="false" precinctsReporting="4" precinctsReported="4">
        <VoteType name="Number of Precincts for Race" votes="4">
            <Precinct name="CENTRALHATCHEE" votes="1" />
            <Precinct name="EPHESUS" votes="1" />
            <Precinct name="FRANKLIN" votes="1" />
            <Precinct name="SOUTHWEST" votes="1" />
        </VoteType>
        <VoteType name="Number of Precincts Reporting" votes="4">
            <Precinct name="CENTRALHATCHEE" votes="1" />
            <Precinct name="EPHESUS" votes="1" />
            <Precinct name="FRANKLIN" votes="1" />
            <Precinct name="SOUTHWEST" votes="1" />
        </VoteType>
        <Choice key="10" text="G. CALDWELL (I) R" totalVotes="759">
            <VoteType name="Election Day" votes="496">
                <Precinct name="CENTRALHATCHEE" votes="28" />
                <Precinct name="EPHESUS" votes="442" />
                <Precinct name="FRANKLIN" votes="17" />
                <Precinct name="SOUTHWEST" votes="9" />
            </VoteType>
            <VoteType name="Absentee by Mail" votes="48">
                <Precinct name="CENTRALHATCHEE" votes="6" />
                <Precinct name="EPHESUS" votes="40" />
                <Precinct name="FRANKLIN" votes="1" />
                <Precinct name="SOUTHWEST" votes="1" />
            </VoteType>
            <VoteType name="Advance in Person" votes="215">
                <Precinct name="CENTRALHATCHEE" votes="31" />
                <Precinct name="EPHESUS" votes="156" />
                <Precinct name="FRANKLIN" votes="22" />
                <Precinct name="SOUTHWEST" votes="6" />
            </VoteType>
            <VoteType name="Provisional" votes="0">
                <Precinct name="CENTRALHATCHEE" votes="0" />
                <Precinct name="EPHESUS" votes="0" />
                <Precinct name="FRANKLIN" votes="0" />
                <Precinct name="SOUTHWEST" votes="0" />
            </VoteType>
        </Choice>
    </Contest>
    <Contest key="280" text="Constitutional Amendment #1&lt;br&gt;Provides greater flexibility and state accountability to fix failing schools through increasing community involvement." isQuestion="false" precinctsReporting="6" precinctsReported="6">
        <VoteType name="Number of Precincts for Race" votes="6">
            <Precinct name="CENTRALHATCHEE" votes="1" />
            <Precinct name="COOKSVILLE - CORINTH" votes="1" />
            <Precinct name="ENON GROVE" votes="1" />
            <Precinct name="EPHESUS" votes="1" />
            <Precinct name="FRANKLIN" votes="1" />
            <Precinct name="SOUTHWEST" votes="1" />
        </VoteType>
        <VoteType name="Number of Precincts Reporting" votes="6">
            <Precinct name="CENTRALHATCHEE" votes="1" />
            <Precinct name="COOKSVILLE - CORINTH" votes="1" />
            <Precinct name="ENON GROVE" votes="1" />
            <Precinct name="EPHESUS" votes="1" />
            <Precinct name="FRANKLIN" votes="1" />
            <Precinct name="SOUTHWEST" votes="1" />
        </VoteType>
        <Choice key="10" text="YES" totalVotes="1463">
            <VoteType name="Election Day" votes="737">
                <Precinct name="CENTRALHATCHEE" votes="165" />
                <Precinct name="COOKSVILLE - CORINTH" votes="58" />
                <Precinct name="ENON GROVE" votes="121" />
                <Precinct name="EPHESUS" votes="147" />
                <Precinct name="FRANKLIN" votes="166" />
                <Precinct name="SOUTHWEST" votes="80" />
            </VoteType>
            <VoteType name="Absentee by Mail" votes="116">
                <Precinct name="CENTRALHATCHEE" votes="27" />
                <Precinct name="COOKSVILLE - CORINTH" votes="3" />
                <Precinct name="ENON GROVE" votes="16" />
                <Precinct name="EPHESUS" votes="20" />
                <Precinct name="FRANKLIN" votes="44" />
                <Precinct name="SOUTHWEST" votes="6" />
            </VoteType>
            <VoteType name="Advance in Person" votes="609">
                <Precinct name="CENTRALHATCHEE" votes="133" />
                <Precinct name="COOKSVILLE - CORINTH" votes="49" />
                <Precinct name="ENON GROVE" votes="89" />
                <Precinct name="EPHESUS" votes="61" />
                <Precinct name="FRANKLIN" votes="229" />
                <Precinct name="SOUTHWEST" votes="48" />
            </VoteType>
            <VoteType name="Provisional" votes="1">
                <Precinct name="CENTRALHATCHEE" votes="0" />
                <Precinct name="COOKSVILLE - CORINTH" votes="0" />
                <Precinct name="ENON GROVE" votes="0" />
                <Precinct name="EPHESUS" votes="0" />
                <Precinct name="FRANKLIN" votes="0" />
                <Precinct name="SOUTHWEST" votes="1" />
            </VoteType>
        </Choice>
        <Choice key="20" text="NO" totalVotes="2669">
            <VoteType name="Election Day" votes="1479">
                <Precinct name="CENTRALHATCHEE" votes="420" />
                <Precinct name="COOKSVILLE - CORINTH" votes="110" />
                <Precinct name="ENON GROVE" votes="201" />
                <Precinct name="EPHESUS" votes="332" />
                <Precinct name="FRANKLIN" votes="258" />
                <Precinct name="SOUTHWEST" votes="158" />
            </VoteType>
            <VoteType name="Absentee by Mail" votes="149">
                <Precinct name="CENTRALHATCHEE" votes="42" />
                <Precinct name="COOKSVILLE - CORINTH" votes="2" />
                <Precinct name="ENON GROVE" votes="15" />
                <Precinct name="EPHESUS" votes="34" />
                <Precinct name="FRANKLIN" votes="44" />
                <Precinct name="SOUTHWEST" votes="12" />
            </VoteType>
            <VoteType name="Advance in Person" votes="1040">
                <Precinct name="CENTRALHATCHEE" votes="260" />
                <Precinct name="COOKSVILLE - CORINTH" votes="79" />
                <Precinct name="ENON GROVE" votes="119" />
                <Precinct name="EPHESUS" votes="119" />
                <Precinct name="FRANKLIN" votes="404" />
                <Precinct name="SOUTHWEST" votes="59" />
            </VoteType>
            <VoteType name="Provisional" votes="1">
                <Precinct name="CENTRALHATCHEE" votes="0" />
                <Precinct name="COOKSVILLE - CORINTH" votes="0" />
                <Precinct name="ENON GROVE" votes="0" />
                <Precinct name="EPHESUS" votes="0" />
                <Precinct name="FRANKLIN" votes="1" />
                <Precinct name="SOUTHWEST" votes="0" />
            </VoteType>
        </Choice>
    </Contest>
    <Contest key="290" text="Constitutional Amendment #2&lt;br&gt;Authorizes penalties for sexual exploitation and assessments on adult entertainment to fund child victims' services." isQuestion="false" precinctsReporting="6" precinctsReported="6">
        <VoteType name="Number of Precincts for Race" votes="6">
            <Precinct name="CENTRALHATCHEE" votes="1" />
            <Precinct name="COOKSVILLE - CORINTH" votes="1" />
            <Precinct name="ENON GROVE" votes="1" />
            <Precinct name="EPHESUS" votes="1" />
            <Precinct name="FRANKLIN" votes="1" />
            <Precinct name="SOUTHWEST" votes="1" />
        </VoteType>
        <VoteType name="Number of Precincts Reporting" votes="6">
            <Precinct name="CENTRALHATCHEE" votes="1" />
            <Precinct name="COOKSVILLE - CORINTH" votes="1" />
            <Precinct name="ENON GROVE" votes="1" />
            <Precinct name="EPHESUS" votes="1" />
            <Precinct name="FRANKLIN" votes="1" />
            <Precinct name="SOUTHWEST" votes="1" />
        </VoteType>
        <Choice key="10" text="YES" totalVotes="3333">
            <VoteType name="Election Day" votes="1780">
                <Precinct name="CENTRALHATCHEE" votes="458" />
                <Precinct name="COOKSVILLE - CORINTH" votes="134" />
                <Precinct name="ENON GROVE" votes="260" />
                <Precinct name="EPHESUS" votes="382" />
                <Precinct name="FRANKLIN" votes="357" />
                <Precinct name="SOUTHWEST" votes="189" />
            </VoteType>
            <VoteType name="Absentee by Mail" votes="217">
                <Precinct name="CENTRALHATCHEE" votes="56" />
                <Precinct name="COOKSVILLE - CORINTH" votes="5" />
                <Precinct name="ENON GROVE" votes="25" />
                <Precinct name="EPHESUS" votes="46" />
                <Precinct name="FRANKLIN" votes="70" />
                <Precinct name="SOUTHWEST" votes="15" />
            </VoteType>
            <VoteType name="Advance in Person" votes="1334">
                <Precinct name="CENTRALHATCHEE" votes="321" />
                <Precinct name="COOKSVILLE - CORINTH" votes="109" />
                <Precinct name="ENON GROVE" votes="160" />
                <Precinct name="EPHESUS" votes="144" />
                <Precinct name="FRANKLIN" votes="515" />
                <Precinct name="SOUTHWEST" votes="85" />
            </VoteType>
            <VoteType name="Provisional" votes="2">
                <Precinct name="CENTRALHATCHEE" votes="0" />
                <Precinct name="COOKSVILLE - CORINTH" votes="0" />
                <Precinct name="ENON GROVE" votes="0" />
                <Precinct name="EPHESUS" votes="0" />
                <Precinct name="FRANKLIN" votes="1" />
                <Precinct name="SOUTHWEST" votes="1" />
            </VoteType>
        </Choice>
        <Choice key="20" text="NO" totalVotes="698">
            <VoteType name="Election Day" votes="378">
                <Precinct name="CENTRALHATCHEE" votes="113" />
                <Precinct name="COOKSVILLE - CORINTH" votes="31" />
                <Precinct name="ENON GROVE" votes="53" />
                <Precinct name="EPHESUS" votes="81" />
                <Precinct name="FRANKLIN" votes="57" />
                <Precinct name="SOUTHWEST" votes="43" />
            </VoteType>
            <VoteType name="Absentee by Mail" votes="45">
                <Precinct name="CENTRALHATCHEE" votes="11" />
                <Precinct name="COOKSVILLE - CORINTH" votes="0" />
                <Precinct name="ENON GROVE" votes="5" />
                <Precinct name="EPHESUS" votes="8" />
                <Precinct name="FRANKLIN" votes="18" />
                <Precinct name="SOUTHWEST" votes="3" />
            </VoteType>
            <VoteType name="Advance in Person" votes="275">
                <Precinct name="CENTRALHATCHEE" votes="65" />
                <Precinct name="COOKSVILLE - CORINTH" votes="16" />
                <Precinct name="ENON GROVE" votes="41" />
                <Precinct name="EPHESUS" votes="31" />
                <Precinct name="FRANKLIN" votes="105" />
                <Precinct name="SOUTHWEST" votes="17" />
            </VoteType>
            <VoteType name="Provisional" votes="0">
                <Precinct name="CENTRALHATCHEE" votes="0" />
                <Precinct name="COOKSVILLE - CORINTH" votes="0" />
                <Precinct name="ENON GROVE" votes="0" />
                <Precinct name="EPHESUS" votes="0" />
                <Precinct name="FRANKLIN" votes="0" />
                <Precinct name="SOUTHWEST" votes="0" />
            </VoteType>
        </Choice>
    </Contest>
    <Contest key="300" text="Constitutional Amendment #3&lt;br&gt;Reforms and re-establishes the Judicial Qualifications Commission and provides for its composition, governance, and powers." isQuestion="false" precinctsReporting="6" precinctsReported="6">
        <VoteType name="Number of Precincts for Race" votes="6">
            <Precinct name="CENTRALHATCHEE" votes="1" />
            <Precinct name="COOKSVILLE - CORINTH" votes="1" />
            <Precinct name="ENON GROVE" votes="1" />
            <Precinct name="EPHESUS" votes="1" />
            <Precinct name="FRANKLIN" votes="1" />
            <Precinct name="SOUTHWEST" votes="1" />
        </VoteType>
        <VoteType name="Number of Precincts Reporting" votes="6">
            <Precinct name="CENTRALHATCHEE" votes="1" />
            <Precinct name="COOKSVILLE - CORINTH" votes="1" />
            <Precinct name="ENON GROVE" votes="1" />
            <Precinct name="EPHESUS" votes="1" />
            <Precinct name="FRANKLIN" votes="1" />
            <Precinct name="SOUTHWEST" votes="1" />
        </VoteType>
        <Choice key="10" text="YES" totalVotes="2449">
            <VoteType name="Election Day" votes="1277">
                <Precinct name="CENTRALHATCHEE" votes="294" />
                <Precinct name="COOKSVILLE - CORINTH" votes="97" />
                <Precinct name="ENON GROVE" votes="199" />
                <Precinct name="EPHESUS" votes="270" />
                <Precinct name="FRANKLIN" votes="274" />
                <Precinct name="SOUTHWEST" votes="143" />
            </VoteType>
            <VoteType name="Absentee by Mail" votes="171">
                <Precinct name="CENTRALHATCHEE" votes="40" />
                <Precinct name="COOKSVILLE - CORINTH" votes="4" />
                <Precinct name="ENON GROVE" votes="22" />
                <Precinct name="EPHESUS" votes="39" />
                <Precinct name="FRANKLIN" votes="58" />
                <Precinct name="SOUTHWEST" votes="8" />
            </VoteType>
            <VoteType name="Advance in Person" votes="999">
                <Precinct name="CENTRALHATCHEE" votes="240" />
                <Precinct name="COOKSVILLE - CORINTH" votes="79" />
                <Precinct name="ENON GROVE" votes="138" />
                <Precinct name="EPHESUS" votes="108" />
                <Precinct name="FRANKLIN" votes="375" />
                <Precinct name="SOUTHWEST" votes="59" />
            </VoteType>
            <VoteType name="Provisional" votes="2">
                <Precinct name="CENTRALHATCHEE" votes="0" />
                <Precinct name="COOKSVILLE - CORINTH" votes="0" />
                <Precinct name="ENON GROVE" votes="0" />
                <Precinct name="EPHESUS" votes="0" />
                <Precinct name="FRANKLIN" votes="1" />
                <Precinct name="SOUTHWEST" votes="1" />
            </VoteType>
        </Choice>
        <Choice key="20" text="NO" totalVotes="1388">
            <VoteType name="Election Day" votes="780">
                <Precinct name="CENTRALHATCHEE" votes="249" />
                <Precinct name="COOKSVILLE - CORINTH" votes="63" />
                <Precinct name="ENON GROVE" votes="102" />
                <Precinct name="EPHESUS" votes="165" />
                <Precinct name="FRANKLIN" votes="123" />
                <Precinct name="SOUTHWEST" votes="78" />
            </VoteType>
            <VoteType name="Absentee by Mail" votes="77">
                <Precinct name="CENTRALHATCHEE" votes="23" />
                <Precinct name="COOKSVILLE - CORINTH" votes="1" />
                <Precinct name="ENON GROVE" votes="9" />
                <Precinct name="EPHESUS" votes="11" />
                <Precinct name="FRANKLIN" votes="23" />
                <Precinct name="SOUTHWEST" votes="10" />
            </VoteType>
            <VoteType name="Advance in Person" votes="531">
                <Precinct name="CENTRALHATCHEE" votes="125" />
                <Precinct name="COOKSVILLE - CORINTH" votes="43" />
                <Precinct name="ENON GROVE" votes="60" />
                <Precinct name="EPHESUS" votes="58" />
                <Precinct name="FRANKLIN" votes="211" />
                <Precinct name="SOUTHWEST" votes="34" />
            </VoteType>
            <VoteType name="Provisional" votes="0">
                <Precinct name="CENTRALHATCHEE" votes="0" />
                <Precinct name="COOKSVILLE - CORINTH" votes="0" />
                <Precinct name="ENON GROVE" votes="0" />
                <Precinct name="EPHESUS" votes="0" />
                <Precinct name="FRANKLIN" votes="0" />
                <Precinct name="SOUTHWEST" votes="0" />
            </VoteType>
        </Choice>
    </Contest>
    <Contest key="310" text="Constitutional Amendment #4&lt;br&gt;Dedicates revenue from existing taxes on fireworks to trauma care, fire services, and public safety." isQuestion="false" precinctsReporting="6" precinctsReported="6">
        <VoteType name="Number of Precincts for Race" votes="6">
            <Precinct name="CENTRALHATCHEE" votes="1" />
            <Precinct name="COOKSVILLE - CORINTH" votes="1" />
            <Precinct name="ENON GROVE" votes="1" />
            <Precinct name="EPHESUS" votes="1" />
            <Precinct name="FRANKLIN" votes="1" />
            <Precinct name="SOUTHWEST" votes="1" />
        </VoteType>
        <VoteType name="Number of Precincts Reporting" votes="6">
            <Precinct name="CENTRALHATCHEE" votes="1" />
            <Precinct name="COOKSVILLE - CORINTH" votes="1" />
            <Precinct name="ENON GROVE" votes="1" />
            <Precinct name="EPHESUS" votes="1" />
            <Precinct name="FRANKLIN" votes="1" />
            <Precinct name="SOUTHWEST" votes="1" />
        </VoteType>
        <Choice key="10" text="YES" totalVotes="3142">
            <VoteType name="Election Day" votes="1674">
                <Precinct name="CENTRALHATCHEE" votes="420" />
                <Precinct name="COOKSVILLE - CORINTH" votes="133" />
                <Precinct name="ENON GROVE" votes="260" />
                <Precinct name="EPHESUS" votes="356" />
                <Precinct name="FRANKLIN" votes="325" />
                <Precinct name="SOUTHWEST" votes="180" />
            </VoteType>
            <VoteType name="Absentee by Mail" votes="226">
                <Precinct name="CENTRALHATCHEE" votes="62" />
                <Precinct name="COOKSVILLE - CORINTH" votes="2" />
                <Precinct name="ENON GROVE" votes="28" />
                <Precinct name="EPHESUS" votes="42" />
                <Precinct name="FRANKLIN" votes="76" />
                <Precinct name="SOUTHWEST" votes="16" />
            </VoteType>
            <VoteType name="Advance in Person" votes="1240">
                <Precinct name="CENTRALHATCHEE" votes="302" />
                <Precinct name="COOKSVILLE - CORINTH" votes="103" />
                <Precinct name="ENON GROVE" votes="157" />
                <Precinct name="EPHESUS" votes="134" />
                <Precinct name="FRANKLIN" votes="471" />
                <Precinct name="SOUTHWEST" votes="73" />
            </VoteType>
            <VoteType name="Provisional" votes="2">
                <Precinct name="CENTRALHATCHEE" votes="0" />
                <Precinct name="COOKSVILLE - CORINTH" votes="0" />
                <Precinct name="ENON GROVE" votes="0" />
                <Precinct name="EPHESUS" votes="0" />
                <Precinct name="FRANKLIN" votes="1" />
                <Precinct name="SOUTHWEST" votes="1" />
            </VoteType>
        </Choice>
        <Choice key="20" text="NO" totalVotes="849">
            <VoteType name="Election Day" votes="466">
                <Precinct name="CENTRALHATCHEE" votes="144" />
                <Precinct name="COOKSVILLE - CORINTH" votes="33" />
                <Precinct name="ENON GROVE" votes="51" />
                <Precinct name="EPHESUS" votes="103" />
                <Precinct name="FRANKLIN" votes="87" />
                <Precinct name="SOUTHWEST" votes="48" />
            </VoteType>
            <VoteType name="Absentee by Mail" votes="36">
                <Precinct name="CENTRALHATCHEE" votes="6" />
                <Precinct name="COOKSVILLE - CORINTH" votes="3" />
                <Precinct name="ENON GROVE" votes="2" />
                <Precinct name="EPHESUS" votes="11" />
                <Precinct name="FRANKLIN" votes="12" />
                <Precinct name="SOUTHWEST" votes="2" />
            </VoteType>
            <VoteType name="Advance in Person" votes="347">
                <Precinct name="CENTRALHATCHEE" votes="79" />
                <Precinct name="COOKSVILLE - CORINTH" votes="23" />
                <Precinct name="ENON GROVE" votes="45" />
                <Precinct name="EPHESUS" votes="38" />
                <Precinct name="FRANKLIN" votes="139" />
                <Precinct name="SOUTHWEST" votes="23" />
            </VoteType>
            <VoteType name="Provisional" votes="0">
                <Precinct name="CENTRALHATCHEE" votes="0" />
                <Precinct name="COOKSVILLE - CORINTH" votes="0" />
                <Precinct name="ENON GROVE" votes="0" />
                <Precinct name="EPHESUS" votes="0" />
                <Precinct name="FRANKLIN" votes="0" />
                <Precinct name="SOUTHWEST" votes="0" />
            </VoteType>
        </Choice>
    </Contest>
</ElectionResult>