<?xml version="1.0"?>
<!--Election result snapshot imported from Tabulation System
-->
<ElectionResult>
    <Timestamp>11/8/2016 9:04:29 PM EST</Timestamp>
    <ElectionName>November 8, 2016 - General Election</ElectionName>
    <ElectionDate>11/8/2016</ElectionDate>
    <Region>Baker</Region>
    <VoterTurnout totalVoters="1974" ballotsCast="1453" voterTurnout="73.61">
        <Precincts>
            <Precinct name="Anna" totalVoters="146" ballotsCast="105" voterTurnout="71.92" percentReporting="4" />
            <Precinct name="Elmodel" totalVoters="369" ballotsCast="262" voterTurnout="71.00" percentReporting="4" />
            <Precinct name="Hoggard Mill" totalVoters="285" ballotsCast="201" voterTurnout="70.53" percentReporting="4" />
            <Precinct name="Milford" totalVoters="256" ballotsCast="211" voterTurnout="82.42" percentReporting="4" />
            <Precinct name="Newton" totalVoters="918" ballotsCast="674" voterTurnout="73.42" percentReporting="4" />
        </Precincts>
    </VoterTurnout>
    <Contest key="1" text="President of the United States" isQuestion="false" precinctsReporting="5" precinctsReported="5">
        <VoteType name="Number of Precincts for Race" votes="5">
            <Precinct name="Anna" votes="1" />
            <Precinct name="Elmodel" votes="1" />
            <Precinct name="Hoggard Mill" votes="1" />
            <Precinct name="Milford" votes="1" />
            <Precinct name="Newton" votes="1" />
        </VoteType>
        <VoteType name="Number of Precincts Reporting" votes="5">
            <Precinct name="Anna" votes="1" />
            <Precinct name="Elmodel" votes="1" />
            <Precinct name="Hoggard Mill" votes="1" />
            <Precinct name="Milford" votes="1" />
            <Precinct name="Newton" votes="1" />
        </VoteType>
        <Choice key="10" text="DONALD J. TRUMP" totalVotes="775">
            <VoteType name="Election Day" votes="396">
                <Precinct name="Anna" votes="59" />
                <Precinct name="Elmodel" votes="67" />
                <Precinct name="Hoggard Mill" votes="57" />
                <Precinct name="Milford" votes="90" />
                <Precinct name="Newton" votes="123" />
            </VoteType>
            <VoteType name="Absentee by Mail" votes="76">
                <Precinct name="Anna" votes="2" />
                <Precinct name="Elmodel" votes="7" />
                <Precinct name="Hoggard Mill" votes="5" />
                <Precinct name="Milford" votes="16" />
                <Precinct name="Newton" votes="46" />
            </VoteType>
            <VoteType name="Advance in Person" votes="302">
                <Precinct name="Anna" votes="12" />
                <Precinct name="Elmodel" votes="50" />
                <Precinct name="Hoggard Mill" votes="30" />
                <Precinct name="Milford" votes="27" />
                <Precinct name="Newton" votes="183" />
            </VoteType>
            <VoteType name="Provisional" votes="1">
                <Precinct name="Anna" votes="0" />
                <Precinct name="Elmodel" votes="0" />
                <Precinct name="Hoggard Mill" votes="0" />
                <Precinct name="Milford" votes="0" />
                <Precinct name="Newton" votes="1" />
            </VoteType>
        </Choice>
        <Choice key="20" text="HILLARY CLINTON" totalVotes="650">
            <VoteType name="Election Day" votes="319">
                <Precinct name="Anna" votes="24" />
                <Precinct name="Elmodel" votes="50" />
                <Precinct name="Hoggard Mill" votes="63" />
                <Precinct name="Milford" votes="55" />
                <Precinct name="Newton" votes="127" />
            </VoteType>
            <VoteType name="Absentee by Mail" votes="69">
                <Precinct name="Anna" votes="2" />
                <Precinct name="Elmodel" votes="15" />
                <Precinct name="Hoggard Mill" votes="15" />
                <Precinct name="Milford" votes="4" />
                <Precinct name="Newton" votes="33" />
            </VoteType>
            <VoteType name="Advance in Person" votes="261">
                <Precinct name="Anna" votes="6" />
                <Precinct name="Elmodel" votes="68" />
                <Precinct name="Hoggard Mill" votes="26" />
                <Precinct name="Milford" votes="15" />
                <Precinct name="Newton" votes="146" />
            </VoteType>
            <VoteType name="Provisional" votes="1">
                <Precinct name="Anna" votes="0" />
                <Precinct name="Elmodel" votes="0" />
                <Precinct name="Hoggard Mill" votes="1" />
                <Precinct name="Milford" votes="0" />
                <Precinct name="Newton" votes="0" />
            </VoteType>
        </Choice>
        <Choice key="30" text="GARY JOHNSON" totalVotes="15">
            <VoteType name="Election Day" votes="11">
                <Precinct name="Anna" votes="0" />
                <Precinct name="Elmodel" votes="1" />
                <Precinct name="Hoggard Mill" votes="3" />
                <Precinct name="Milford" votes="2" />
                <Precinct name="Newton" votes="5" />
            </VoteType>
            <VoteType name="Absentee by Mail" votes="1">
                <Precinct name="Anna" votes="0" />
                <Precinct name="Elmodel" votes="1" />
                <Precinct name="Hoggard Mill" votes="0" />
                <Precinct name="Milford" votes="0" />
                <Precinct name="Newton" votes="0" />
            </VoteType>
            <VoteType name="Advance in Person" votes="3">
                <Precinct name="Anna" votes="0" />
                <Precinct name="Elmodel" votes="2" />
                <Precinct name="Hoggard Mill" votes="0" />
                <Precinct name="Milford" votes="0" />
                <Precinct name="Newton" votes="1" />
            </VoteType>
            <VoteType name="Provisional" votes="0">
                <Precinct name="Anna" votes="0" />
                <Precinct name="Elmodel" votes="0" />
                <Precinct name="Hoggard Mill" votes="0" />
                <Precinct name="Milford" votes="0" />
                <Precinct name="Newton" votes="0" />
            </VoteType>
        </Choice>
    </Contest>
    <Contest key="10" text="United States Senator, Isakson" isQuestion="false" precinctsReporting="5" precinctsReported="5">
        <VoteType name="Number of Precincts for Race" votes="5">
            <Precinct name="Anna" votes="1" />
            <Precinct name="Elmodel" votes="1" />
            <Precinct name="Hoggard Mill" votes="1" />
            <Precinct name="Milford" votes="1" />
            <Precinct name="Newton" votes="1" />
        </VoteType>
        <VoteType name="Number of Precincts Reporting" votes="5">
            <Precinct name="Anna" votes="1" />
            <Precinct name="Elmodel" votes="1" />
            <Precinct name="Hoggard Mill" votes="1" />
            <Precinct name="Milford" votes="1" />
            <Precinct name="Newton" votes="1" />
        </VoteType>
        <Choice key="30" text="JOHNNY ISAKSON (I)" totalVotes="763">
            <VoteType name="Election Day" votes="388">
                <Precinct name="Anna" votes="58" />
                <Precinct name="Elmodel" votes="62" />
                <Precinct name="Hoggard Mill" votes="57" />
                <Precinct name="Milford" votes="86" />
                <Precinct name="Newton" votes="125" />
            </VoteType>
            <VoteType name="Absentee by Mail" votes="75">
                <Precinct name="Anna" votes="3" />
                <Precinct name="Elmodel" votes="7" />
                <Precinct name="Hoggard Mill" votes="9" />
                <Precinct name="Milford" votes="15" />
                <Precinct name="Newton" votes="41" />
            </VoteType>
            <VoteType name="Advance in Person" votes="299">
                <Precinct name="Anna" votes="10" />
                <Precinct name="Elmodel" votes="50" />
                <Precinct name="Hoggard Mill" votes="27" />
                <Precinct name="Milford" votes="29" />
                <Precinct name="Newton" votes="183" />
            </VoteType>
            <VoteType name="Provisional" votes="1">
                <Precinct name="Anna" votes="0" />
                <Precinct name="Elmodel" votes="0" />
                <Precinct name="Hoggard Mill" votes="0" />
                <Precinct name="Milford" votes="0" />
                <Precinct name="Newton" votes="1" />
            </VoteType>
        </Choice>
        <Choice key="40" text="JIM BARKSDALE" totalVotes="531">
            <VoteType name="Election Day" votes="259">
                <Precinct name="Anna" votes="11" />
                <Precinct name="Elmodel" votes="36" />
                <Precinct name="Hoggard Mill" votes="54" />
                <Precinct name="Milford" votes="49" />
                <Precinct name="Newton" votes="109" />
            </VoteType>
            <VoteType name="Absentee by Mail" votes="66">
                <Precinct name="Anna" votes="1" />
                <Precinct name="Elmodel" votes="15" />
                <Precinct name="Hoggard Mill" votes="11" />
                <Precinct name="Milford" votes="3" />
                <Precinct name="Newton" votes="36" />
            </VoteType>
            <VoteType name="Advance in Person" votes="205">
                <Precinct name="Anna" votes="5" />
                <Precinct name="Elmodel" votes="56" />
                <Precinct name="Hoggard Mill" votes="22" />
                <Precinct name="Milford" votes="12" />
                <Precinct name="Newton" votes="110" />
            </VoteType>
            <VoteType name="Provisional" votes="1">
                <Precinct name="Anna" votes="0" />
                <Precinct name="Elmodel" votes="0" />
                <Precinct name="Hoggard Mill" votes="1" />
                <Precinct name="Milford" votes="0" />
                <Precinct name="Newton" votes="0" />
            </VoteType>
        </Choice>
        <Choice key="50" text="ALLEN BUCKLEY" totalVotes="29">
            <VoteType name="Election Day" votes="16">
                <Precinct name="Anna" votes="2" />
                <Precinct name="Elmodel" votes="2" />
                <Precinct name="Hoggard Mill" votes="2" />
                <Precinct name="Milford" votes="2" />
                <Precinct name="Newton" votes="8" />
            </VoteType>
            <VoteType name="Absentee by Mail" votes="3">
                <Precinct name="Anna" votes="0" />
                <Precinct name="Elmodel" votes="1" />
                <Precinct name="Hoggard Mill" votes="0" />
                <Precinct name="Milford" votes="0" />
                <Precinct name="Newton" votes="2" />
            </VoteType>
            <VoteType name="Advance in Person" votes="10">
                <Precinct name="Anna" votes="1" />
                <Precinct name="Elmodel" votes="3" />
                <Precinct name="Hoggard Mill" votes="0" />
                <Precinct name="Milford" votes="0" />
                <Precinct name="Newton" votes="6" />
            </VoteType>
            <VoteType name="Provisional" votes="0">
                <Precinct name="Anna" votes="0" />
                <Precinct name="Elmodel" votes="0" />
                <Precinct name="Hoggard Mill" votes="0" />
                <Precinct name="Milford" votes="0" />
                <Precinct name="Newton" votes="0" />
            </VoteType>
        </Choice>
    </Contest>
    <Contest key="30" text="Public Service Commission, District 2 - Eastern" isQuestion="false" precinctsReporting="5" precinctsReported="5">
        <VoteType name="Number of Precincts for Race" votes="5">
            <Precinct name="Anna" votes="1" />
            <Precinct name="Elmodel" votes="1" />
            <Precinct name="Hoggard Mill" votes="1" />
            <Precinct name="Milford" votes="1" />
            <Precinct name="Newton" votes="1" />
        </VoteType>
        <VoteType name="Number of Precincts Reporting" votes="5">
            <Precinct name="Anna" votes="1" />
            <Precinct name="Elmodel" votes="1" />
            <Precinct name="Hoggard Mill" votes="1" />
            <Precinct name="Milford" votes="1" />
            <Precinct name="Newton" votes="1" />
        </VoteType>
        <Choice key="20" text="TIM ECHOLS (I)" totalVotes="816">
            <VoteType name="Election Day" votes="412">
                <Precinct name="Anna" votes="51" />
                <Precinct name="Elmodel" votes="65" />
                <Precinct name="Hoggard Mill" votes="73" />
                <Precinct name="Milford" votes="92" />
                <Precinct name="Newton" votes="131" />
            </VoteType>
            <VoteType name="Absentee by Mail" votes="92">
                <Precinct name="Anna" votes="3" />
                <Precinct name="Elmodel" votes="10" />
                <Precinct name="Hoggard Mill" votes="9" />
                <Precinct name="Milford" votes="14" />
                <Precinct name="Newton" votes="56" />
            </VoteType>
            <VoteType name="Advance in Person" votes="312">
                <Precinct name="Anna" votes="12" />
                <Precinct name="Elmodel" votes="58" />
                <Precinct name="Hoggard Mill" votes="26" />
                <Precinct name="Milford" votes="31" />
                <Precinct name="Newton" votes="185" />
            </VoteType>
            <VoteType name="Provisional" votes="0">
                <Precinct name="Anna" votes="0" />
                <Precinct name="Elmodel" votes="0" />
                <Precinct name="Hoggard Mill" votes="0" />
                <Precinct name="Milford" votes="0" />
                <Precinct name="Newton" votes="0" />
            </VoteType>
        </Choice>
        <Choice key="30" text="ERIC HOSKINS" totalVotes="341">
            <VoteType name="Election Day" votes="173">
                <Precinct name="Anna" votes="9" />
                <Precinct name="Elmodel" votes="21" />
                <Precinct name="Hoggard Mill" votes="34" />
                <Precinct name="Milford" votes="29" />
                <Precinct name="Newton" votes="80" />
            </VoteType>
            <VoteType name="Absentee by Mail" votes="37">
                <Precinct name="Anna" votes="0" />
                <Precinct name="Elmodel" votes="9" />
                <Precinct name="Hoggard Mill" votes="8" />
                <Precinct name="Milford" votes="3" />
                <Precinct name="Newton" votes="17" />
            </VoteType>
            <VoteType name="Advance in Person" votes="130">
                <Precinct name="Anna" votes="3" />
                <Precinct name="Elmodel" votes="36" />
                <Precinct name="Hoggard Mill" votes="15" />
                <Precinct name="Milford" votes="6" />
                <Precinct name="Newton" votes="70" />
            </VoteType>
            <VoteType name="Provisional" votes="1">
                <Precinct name="Anna" votes="0" />
                <Precinct name="Elmodel" votes="0" />
                <Precinct name="Hoggard Mill" votes="1" />
                <Precinct name="Milford" votes="0" />
                <Precinct name="Newton" votes="0" />
            </VoteType>
        </Choice>
    </Contest>
    <Contest key="50" text="U.S. Representative, District 2" isQuestion="false" precinctsReporting="5" precinctsReported="5">
        <VoteType name="Number of Precincts for Race" votes="5">
            <Precinct name="Anna" votes="1" />
            <Precinct name="Elmodel" votes="1" />
            <Precinct name="Hoggard Mill" votes="1" />
            <Precinct name="Milford" votes="1" />
            <Precinct name="Newton" votes="1" />
        </VoteType>
        <VoteType name="Number of Precincts Reporting" votes="5">
            <Precinct name="Anna" votes="1" />
            <Precinct name="Elmodel" votes="1" />
            <Precinct name="Hoggard Mill" votes="1" />
            <Precinct name="Milford" votes="1" />
            <Precinct name="Newton" votes="1" />
        </VoteType>
        <Choice key="10" text="GREG DUKE (REP)" totalVotes="627">
            <VoteType name="Election Day" votes="313">
                <Precinct name="Anna" votes="48" />
                <Precinct name="Elmodel" votes="48" />
                <Precinct name="Hoggard Mill" votes="47" />
                <Precinct name="Milford" votes="75" />
                <Precinct name="Newton" votes="95" />
            </VoteType>
            <VoteType name="Absentee by Mail" votes="61">
                <Precinct name="Anna" votes="1" />
                <Precinct name="Elmodel" votes="8" />
                <Precinct name="Hoggard Mill" votes="3" />
                <Precinct name="Milford" votes="14" />
                <Precinct name="Newton" votes="35" />
            </VoteType>
            <VoteType name="Advance in Person" votes="253">
                <Precinct name="Anna" votes="10" />
                <Precinct name="Elmodel" votes="41" />
                <Precinct name="Hoggard Mill" votes="27" />
                <Precinct name="Milford" votes="24" />
                <Precinct name="Newton" votes="151" />
            </VoteType>
            <VoteType name="Provisional" votes="0">
                <Precinct name="Anna" votes="0" />
                <Precinct name="Elmodel" votes="0" />
                <Precinct name="Hoggard Mill" votes="0" />
                <Precinct name="Milford" votes="0" />
                <Precinct name="Newton" votes="0" />
            </VoteType>
        </Choice>
        <Choice key="20" text="SANFORD BISHOP (I) (DEM)" totalVotes="777">
            <VoteType name="Election Day" votes="389">
                <Precinct name="Anna" votes="28" />
                <Precinct name="Elmodel" votes="63" />
                <Precinct name="Hoggard Mill" votes="73" />
                <Precinct name="Milford" votes="66" />
                <Precinct name="Newton" votes="159" />
            </VoteType>
            <VoteType name="Absentee by Mail" votes="86">
                <Precinct name="Anna" votes="3" />
                <Precinct name="Elmodel" votes="14" />
                <Precinct name="Hoggard Mill" votes="17" />
                <Precinct name="Milford" votes="5" />
                <Precinct name="Newton" votes="47" />
            </VoteType>
            <VoteType name="Advance in Person" votes="300">
                <Precinct name="Anna" votes="8" />
                <Precinct name="Elmodel" votes="76" />
                <Precinct name="Hoggard Mill" votes="28" />
                <Precinct name="Milford" votes="17" />
                <Precinct name="Newton" votes="171" />
            </VoteType>
            <VoteType name="Provisional" votes="2">
                <Precinct name="Anna" votes="0" />
                <Precinct name="Elmodel" votes="0" />
                <Precinct name="Hoggard Mill" votes="1" />
                <Precinct name="Milford" votes="0" />
                <Precinct name="Newton" votes="1" />
            </VoteType>
        </Choice>
    </Contest>
    <Contest key="80" text="State Senator, District 12" isQuestion="false" precinctsReporting="5" precinctsReported="5">
        <VoteType name="Number of Precincts for Race" votes="5">
            <Precinct name="Anna" votes="1" />
            <Precinct name="Elmodel" votes="1" />
            <Precinct name="Hoggard Mill" votes="1" />
            <Precinct name="Milford" votes="1" />
            <Precinct name="Newton" votes="1" />
        </VoteType>
        <VoteType name="Number of Precincts Reporting" votes="5">
            <Precinct name="Anna" votes="1" />
            <Precinct name="Elmodel" votes="1" />
            <Precinct name="Hoggard Mill" votes="1" />
            <Precinct name="Milford" votes="1" />
            <Precinct name="Newton" votes="1" />
        </VoteType>
        <Choice key="10" text="FREDDIE POWELL SIMS (I) (DEM)" totalVotes="968">
            <VoteType name="Election Day" votes="492">
                <Precinct name="Anna" votes="35" />
                <Precinct name="Elmodel" votes="74" />
                <Precinct name="Hoggard Mill" votes="94" />
                <Precinct name="Milford" votes="93" />
                <Precinct name="Newton" votes="196" />
            </VoteType>
            <VoteType name="Absentee by Mail" votes="94">
                <Precinct name="Anna" votes="2" />
                <Precinct name="Elmodel" votes="15" />
                <Precinct name="Hoggard Mill" votes="17" />
                <Precinct name="Milford" votes="6" />
                <Precinct name="Newton" votes="54" />
            </VoteType>
            <VoteType name="Advance in Person" votes="381">
                <Precinct name="Anna" votes="7" />
                <Precinct name="Elmodel" votes="90" />
                <Precinct name="Hoggard Mill" votes="39" />
                <Precinct name="Milford" votes="32" />
                <Precinct name="Newton" votes="213" />
            </VoteType>
            <VoteType name="Provisional" votes="1">
                <Precinct name="Anna" votes="0" />
                <Precinct name="Elmodel" votes="0" />
                <Precinct name="Hoggard Mill" votes="0" />
                <Precinct name="Milford" votes="0" />
                <Precinct name="Newton" votes="1" />
            </VoteType>
        </Choice>
    </Contest>
    <Contest key="100" text="State Representative, District 154" isQuestion="false" precinctsReporting="5" precinctsReported="5">
        <VoteType name="Number of Precincts for Race" votes="5">
            <Precinct name="Anna" votes="1" />
            <Precinct name="Elmodel" votes="1" />
            <Precinct name="Hoggard Mill" votes="1" />
            <Precinct name="Milford" votes="1" />
            <Precinct name="Newton" votes="1" />
        </VoteType>
        <VoteType name="Number of Precincts Reporting" votes="5">
            <Precinct name="Anna" votes="1" />
            <Precinct name="Elmodel" votes="1" />
            <Precinct name="Hoggard Mill" votes="1" />
            <Precinct name="Milford" votes="1" />
            <Precinct name="Newton" votes="1" />
        </VoteType>
        <Choice key="10" text="WINFRED DUKES (I) (DEM)" totalVotes="1010">
            <VoteType name="Election Day" votes="514">
                <Precinct name="Anna" votes="39" />
                <Precinct name="Elmodel" votes="75" />
                <Precinct name="Hoggard Mill" votes="89" />
                <Precinct name="Milford" votes="102" />
                <Precinct name="Newton" votes="209" />
            </VoteType>
            <VoteType name="Absentee by Mail" votes="95">
                <Precinct name="Anna" votes="2" />
                <Precinct name="Elmodel" votes="15" />
                <Precinct name="Hoggard Mill" votes="18" />
                <Precinct name="Milford" votes="6" />
                <Precinct name="Newton" votes="54" />
            </VoteType>
            <VoteType name="Advance in Person" votes="399">
                <Precinct name="Anna" votes="8" />
                <Precinct name="Elmodel" votes="89" />
                <Precinct name="Hoggard Mill" votes="42" />
                <Precinct name="Milford" votes="31" />
                <Precinct name="Newton" votes="229" />
            </VoteType>
            <VoteType name="Provisional" votes="2">
                <Precinct name="Anna" votes="0" />
                <Precinct name="Elmodel" votes="0" />
                <Precinct name="Hoggard Mill" votes="1" />
                <Precinct name="Milford" votes="0" />
                <Precinct name="Newton" votes="1" />
            </VoteType>
        </Choice>
    </Contest>
    <Contest key="102" text="District Attorney, South Georgia Circuit" isQuestion="false" precinctsReporting="5" precinctsReported="5">
        <VoteType name="Number of Precincts for Race" votes="5">
            <Precinct name="Anna" votes="1" />
            <Precinct name="Elmodel" votes="1" />
            <Precinct name="Hoggard Mill" votes="1" />
            <Precinct name="Milford" votes="1" />
            <Precinct name="Newton" votes="1" />
        </VoteType>
        <VoteType name="Number of Precincts Reporting" votes="5">
            <Precinct name="Anna" votes="1" />
            <Precinct name="Elmodel" votes="1" />
            <Precinct name="Hoggard Mill" votes="1" />
            <Precinct name="Milford" votes="1" />
            <Precinct name="Newton" votes="1" />
        </VoteType>
        <Choice key="10" text="JOE MULHOLLAND (I) (DEM)" totalVotes="1026">
            <VoteType name="Election Day" votes="525">
                <Precinct name="Anna" votes="42" />
                <Precinct name="Elmodel" votes="80" />
                <Precinct name="Hoggard Mill" votes="93" />
                <Precinct name="Milford" votes="103" />
                <Precinct name="Newton" votes="207" />
            </VoteType>
            <VoteType name="Absentee by Mail" votes="99">
                <Precinct name="Anna" votes="2" />
                <Precinct name="Elmodel" votes="14" />
                <Precinct name="Hoggard Mill" votes="15" />
                <Precinct name="Milford" votes="11" />
                <Precinct name="Newton" votes="57" />
            </VoteType>
            <VoteType name="Advance in Person" votes="400">
                <Precinct name="Anna" votes="9" />
                <Precinct name="Elmodel" votes="91" />
                <Precinct name="Hoggard Mill" votes="43" />
                <Precinct name="Milford" votes="33" />
                <Precinct name="Newton" votes="224" />
            </VoteType>
            <VoteType name="Provisional" votes="2">
                <Precinct name="Anna" votes="0" />
                <Precinct name="Elmodel" votes="0" />
                <Precinct name="Hoggard Mill" votes="1" />
                <Precinct name="Milford" votes="0" />
                <Precinct name="Newton" votes="1" />
            </VoteType>
        </Choice>
    </Contest>
    <Contest key="120" text="PROBATE JUDGE" isQuestion="false" precinctsReporting="5" precinctsReported="5">
        <VoteType name="Number of Precincts for Race" votes="5">
            <Precinct name="Anna" votes="1" />
            <Precinct name="Elmodel" votes="1" />
            <Precinct name="Hoggard Mill" votes="1" />
            <Precinct name="Milford" votes="1" />
            <Precinct name="Newton" votes="1" />
        </VoteType>
        <VoteType name="Number of Precincts Reporting" votes="5">
            <Precinct name="Anna" votes="1" />
            <Precinct name="Elmodel" votes="1" />
            <Precinct name="Hoggard Mill" votes="1" />
            <Precinct name="Milford" votes="1" />
            <Precinct name="Newton" votes="1" />
        </VoteType>
        <Choice key="10" text="A. HENDRICKS (I) D" totalVotes="1171">
            <VoteType name="Election Day" votes="584">
                <Precinct name="Anna" votes="53" />
                <Precinct name="Elmodel" votes="91" />
                <Precinct name="Hoggard Mill" votes="101" />
                <Precinct name="Milford" votes="113" />
                <Precinct name="Newton" votes="226" />
            </VoteType>
            <VoteType name="Absentee by Mail" votes="118">
                <Precinct name="Anna" votes="2" />
                <Precinct name="Elmodel" votes="18" />
                <Precinct name="Hoggard Mill" votes="18" />
                <Precinct name="Milford" votes="14" />
                <Precinct name="Newton" votes="66" />
            </VoteType>
            <VoteType name="Advance in Person" votes="467">
                <Precinct name="Anna" votes="12" />
                <Precinct name="Elmodel" votes="95" />
                <Precinct name="Hoggard Mill" votes="48" />
                <Precinct name="Milford" votes="38" />
                <Precinct name="Newton" votes="274" />
            </VoteType>
            <VoteType name="Provisional" votes="2">
                <Precinct name="Anna" votes="0" />
                <Precinct name="Elmodel" votes="0" />
                <Precinct name="Hoggard Mill" votes="1" />
                <Precinct name="Milford" votes="0" />
                <Precinct name="Newton" votes="1" />
            </VoteType>
        </Choice>
    </Contest>
    <Contest key="140" text="CLERK SUPERIOR COURT" isQuestion="false" precinctsReporting="5" precinctsReported="5">
        <VoteType name="Number of Precincts for Race" votes="5">
            <Precinct name="Anna" votes="1" />
            <Precinct name="Elmodel" votes="1" />
            <Precinct name="Hoggard Mill" votes="1" />
            <Precinct name="Milford" votes="1" />
            <Precinct name="Newton" votes="1" />
        </VoteType>
        <VoteType name="Number of Precincts Reporting" votes="5">
            <Precinct name="Anna" votes="1" />
            <Precinct name="Elmodel" votes="1" />
            <Precinct name="Hoggard Mill" votes="1" />
            <Precinct name="Milford" votes="1" />
            <Precinct name="Newton" votes="1" />
        </VoteType>
        <Choice key="10" text="B. BUSH (I) D" totalVotes="1181">
            <VoteType name="Election Day" votes="609">
                <Precinct name="Anna" votes="60" />
                <Precinct name="Elmodel" votes="89" />
                <Precinct name="Hoggard Mill" votes="109" />
                <Precinct name="Milford" votes="124" />
                <Precinct name="Newton" votes="227" />
            </VoteType>
            <VoteType name="Absentee by Mail" votes="114">
                <Precinct name="Anna" votes="2" />
                <Precinct name="Elmodel" votes="16" />
                <Precinct name="Hoggard Mill" votes="19" />
                <Precinct name="Milford" votes="14" />
                <Precinct name="Newton" votes="63" />
            </VoteType>
            <VoteType name="Advance in Person" votes="456">
                <Precinct name="Anna" votes="13" />
                <Precinct name="Elmodel" votes="95" />
                <Precinct name="Hoggard Mill" votes="44" />
                <Precinct name="Milford" votes="41" />
                <Precinct name="Newton" votes="263" />
            </VoteType>
            <VoteType name="Provisional" votes="2">
                <Precinct name="Anna" votes="0" />
                <Precinct name="Elmodel" votes="0" />
                <Precinct name="Hoggard Mill" votes="1" />
                <Precinct name="Milford" votes="0" />
                <Precinct name="Newton" votes="1" />
            </VoteType>
        </Choice>
    </Contest>
    <Contest key="160" text="SHERIFF" isQuestion="false" precinctsReporting="5" precinctsReported="5">
        <VoteType name="Number of Precincts for Race" votes="5">
            <Precinct name="Anna" votes="1" />
            <Precinct name="Elmodel" votes="1" />
            <Precinct name="Hoggard Mill" votes="1" />
            <Precinct name="Milford" votes="1" />
            <Precinct name="Newton" votes="1" />
        </VoteType>
        <VoteType name="Number of Precincts Reporting" votes="5">
            <Precinct name="Anna" votes="1" />
            <Precinct name="Elmodel" votes="1" />
            <Precinct name="Hoggard Mill" votes="1" />
            <Precinct name="Milford" votes="1" />
            <Precinct name="Newton" votes="1" />
        </VoteType>
        <Choice key="10" text="D. MEADE (I) D" totalVotes="1106">
            <VoteType name="Election Day" votes="560">
                <Precinct name="Anna" votes="51" />
                <Precinct name="Elmodel" votes="84" />
                <Precinct name="Hoggard Mill" votes="97" />
                <Precinct name="Milford" votes="117" />
                <Precinct name="Newton" votes="211" />
            </VoteType>
            <VoteType name="Absentee by Mail" votes="120">
                <Precinct name="Anna" votes="2" />
                <Precinct name="Elmodel" votes="17" />
                <Precinct name="Hoggard Mill" votes="16" />
                <Precinct name="Milford" votes="16" />
                <Precinct name="Newton" votes="69" />
            </VoteType>
            <VoteType name="Advance in Person" votes="424">
                <Precinct name="Anna" votes="9" />
                <Precinct name="Elmodel" votes="89" />
                <Precinct name="Hoggard Mill" votes="40" />
                <Precinct name="Milford" votes="30" />
                <Precinct name="Newton" votes="256" />
            </VoteType>
            <VoteType name="Provisional" votes="2">
                <Precinct name="Anna" votes="0" />
                <Precinct name="Elmodel" votes="0" />
                <Precinct name="Hoggard Mill" votes="1" />
                <Precinct name="Milford" votes="0" />
                <Precinct name="Newton" votes="1" />
            </VoteType>
        </Choice>
    </Contest>
    <Contest key="180" text="TAX COMMISSIONER" isQuestion="false" precinctsReporting="5" precinctsReported="5">
        <VoteType name="Number of Precincts for Race" votes="5">
            <Precinct name="Anna" votes="1" />
            <Precinct name="Elmodel" votes="1" />
            <Precinct name="Hoggard Mill" votes="1" />
            <Precinct name="Milford" votes="1" />
            <Precinct name="Newton" votes="1" />
        </VoteType>
        <VoteType name="Number of Precincts Reporting" votes="5">
            <Precinct name="Anna" votes="1" />
            <Precinct name="Elmodel" votes="1" />
            <Precinct name="Hoggard Mill" votes="1" />
            <Precinct name="Milford" votes="1" />
            <Precinct name="Newton" votes="1" />
        </VoteType>
        <Choice key="10" text="M. SMITH (I) D" totalVotes="1140">
            <VoteType name="Election Day" votes="575">
                <Precinct name="Anna" votes="54" />
                <Precinct name="Elmodel" votes="87" />
                <Precinct name="Hoggard Mill" votes="104" />
                <Precinct name="Milford" votes="114" />
                <Precinct name="Newton" votes="216" />
            </VoteType>
            <VoteType name="Absentee by Mail" votes="112">
                <Precinct name="Anna" votes="2" />
                <Precinct name="Elmodel" votes="17" />
                <Precinct name="Hoggard Mill" votes="19" />
                <Precinct name="Milford" votes="14" />
                <Precinct name="Newton" votes="60" />
            </VoteType>
            <VoteType name="Advance in Person" votes="451">
                <Precinct name="Anna" votes="11" />
                <Precinct name="Elmodel" votes="91" />
                <Precinct name="Hoggard Mill" votes="49" />
                <Precinct name="Milford" votes="38" />
                <Precinct name="Newton" votes="262" />
            </VoteType>
            <VoteType name="Provisional" votes="2">
                <Precinct name="Anna" votes="0" />
                <Precinct name="Elmodel" votes="0" />
                <Precinct name="Hoggard Mill" votes="1" />
                <Precinct name="Milford" votes="0" />
                <Precinct name="Newton" votes="1" />
            </VoteType>
        </Choice>
    </Contest>
    <Contest key="200" text="CORONER" isQuestion="false" precinctsReporting="5" precinctsReported="5">
        <VoteType name="Number of Precincts for Race" votes="5">
            <Precinct name="Anna" votes="1" />
            <Precinct name="Elmodel" votes="1" />
            <Precinct name="Hoggard Mill" votes="1" />
            <Precinct name="Milford" votes="1" />
            <Precinct name="Newton" votes="1" />
        </VoteType>
        <VoteType name="Number of Precincts Reporting" votes="5">
            <Precinct name="Anna" votes="1" />
            <Precinct name="Elmodel" votes="1" />
            <Precinct name="Hoggard Mill" votes="1" />
            <Precinct name="Milford" votes="1" />
            <Precinct name="Newton" votes="1" />
        </VoteType>
        <Choice key="20" text="A. LOFTON (D)" totalVotes="1055">
            <VoteType name="Election Day" votes="541">
                <Precinct name="Anna" votes="44" />
                <Precinct name="Elmodel" votes="87" />
                <Precinct name="Hoggard Mill" votes="95" />
                <Precinct name="Milford" votes="107" />
                <Precinct name="Newton" votes="208" />
            </VoteType>
            <VoteType name="Absentee by Mail" votes="104">
                <Precinct name="Anna" votes="2" />
                <Precinct name="Elmodel" votes="17" />
                <Precinct name="Hoggard Mill" votes="17" />
                <Precinct name="Milford" votes="9" />
                <Precinct name="Newton" votes="59" />
            </VoteType>
            <VoteType name="Advance in Person" votes="408">
                <Precinct name="Anna" votes="8" />
                <Precinct name="Elmodel" votes="88" />
                <Precinct name="Hoggard Mill" votes="38" />
                <Precinct name="Milford" votes="32" />
                <Precinct name="Newton" votes="242" />
            </VoteType>
            <VoteType name="Provisional" votes="2">
                <Precinct name="Anna" votes="0" />
                <Precinct name="Elmodel" votes="0" />
                <Precinct name="Hoggard Mill" votes="1" />
                <Precinct name="Milford" votes="0" />
                <Precinct name="Newton" votes="1" />
            </VoteType>
        </Choice>
    </Contest>
    <Contest key="230" text="CC ANNA" isQuestion="false" precinctsReporting="5" precinctsReported="5">
        <VoteType name="Number of Precincts for Race" votes="5">
            <Precinct name="Anna" votes="1" />
            <Precinct name="Elmodel" votes="1" />
            <Precinct name="Hoggard Mill" votes="1" />
            <Precinct name="Milford" votes="1" />
            <Precinct name="Newton" votes="1" />
        </VoteType>
        <VoteType name="Number of Precincts Reporting" votes="5">
            <Precinct name="Anna" votes="1" />
            <Precinct name="Elmodel" votes="1" />
            <Precinct name="Hoggard Mill" votes="1" />
            <Precinct name="Milford" votes="1" />
            <Precinct name="Newton" votes="1" />
        </VoteType>
        <Choice key="10" text="C. BRYAN (I) D " totalVotes="1047">
            <VoteType name="Election Day" votes="533">
                <Precinct name="Anna" votes="52" />
                <Precinct name="Elmodel" votes="76" />
                <Precinct name="Hoggard Mill" votes="93" />
                <Precinct name="Milford" votes="109" />
                <Precinct name="Newton" votes="203" />
            </VoteType>
            <VoteType name="Absentee by Mail" votes="105">
                <Precinct name="Anna" votes="2" />
                <Precinct name="Elmodel" votes="17" />
                <Precinct name="Hoggard Mill" votes="18" />
                <Precinct name="Milford" votes="11" />
                <Precinct name="Newton" votes="57" />
            </VoteType>
            <VoteType name="Advance in Person" votes="407">
                <Precinct name="Anna" votes="11" />
                <Precinct name="Elmodel" votes="88" />
                <Precinct name="Hoggard Mill" votes="39" />
                <Precinct name="Milford" votes="35" />
                <Precinct name="Newton" votes="234" />
            </VoteType>
            <VoteType name="Provisional" votes="2">
                <Precinct name="Anna" votes="0" />
                <Precinct name="Elmodel" votes="0" />
                <Precinct name="Hoggard Mill" votes="1" />
                <Precinct name="Milford" votes="0" />
                <Precinct name="Newton" votes="1" />
            </VoteType>
        </Choice>
    </Contest>
    <Contest key="240" text="CC ELMODEL" isQuestion="false" precinctsReporting="5" precinctsReported="5">
        <VoteType name="Number of Precincts for Race" votes="5">
            <Precinct name="Anna" votes="1" />
            <Precinct name="Elmodel" votes="1" />
            <Precinct name="Hoggard Mill" votes="1" />
            <Precinct name="Milford" votes="1" />
            <Precinct name="Newton" votes="1" />
        </VoteType>
        <VoteType name="Number of Precincts Reporting" votes="5">
            <Precinct name="Anna" votes="1" />
            <Precinct name="Elmodel" votes="1" />
            <Precinct name="Hoggard Mill" votes="1" />
            <Precinct name="Milford" votes="1" />
            <Precinct name="Newton" votes="1" />
        </VoteType>
        <Choice key="10" text="C. HOBBS (I) D" totalVotes="1038">
            <VoteType name="Election Day" votes="531">
                <Precinct name="Anna" votes="46" />
                <Precinct name="Elmodel" votes="79" />
                <Precinct name="Hoggard Mill" votes="93" />
                <Precinct name="Milford" votes="109" />
                <Precinct name="Newton" votes="204" />
            </VoteType>
            <VoteType name="Absentee by Mail" votes="97">
                <Precinct name="Anna" votes="2" />
                <Precinct name="Elmodel" votes="15" />
                <Precinct name="Hoggard Mill" votes="15" />
                <Precinct name="Milford" votes="12" />
                <Precinct name="Newton" votes="53" />
            </VoteType>
            <VoteType name="Advance in Person" votes="408">
                <Precinct name="Anna" votes="12" />
                <Precinct name="Elmodel" votes="86" />
                <Precinct name="Hoggard Mill" votes="39" />
                <Precinct name="Milford" votes="34" />
                <Precinct name="Newton" votes="237" />
            </VoteType>
            <VoteType name="Provisional" votes="2">
                <Precinct name="Anna" votes="0" />
                <Precinct name="Elmodel" votes="0" />
                <Precinct name="Hoggard Mill" votes="1" />
                <Precinct name="Milford" votes="0" />
                <Precinct name="Newton" votes="1" />
            </VoteType>
        </Choice>
    </Contest>
    <Contest key="260" text="CC HOGGARDS MILL" isQuestion="false" precinctsReporting="5" precinctsReported="5">
        <VoteType name="Number of Precincts for Race" votes="5">
            <Precinct name="Anna" votes="1" />
            <Precinct name="Elmodel" votes="1" />
            <Precinct name="Hoggard Mill" votes="1" />
            <Precinct name="Milford" votes="1" />
            <Precinct name="Newton" votes="1" />
        </VoteType>
        <VoteType name="Number of Precincts Reporting" votes="5">
            <Precinct name="Anna" votes="1" />
            <Precinct name="Elmodel" votes="1" />
            <Precinct name="Hoggard Mill" votes="1" />
            <Precinct name="Milford" votes="1" />
            <Precinct name="Newton" votes="1" />
        </VoteType>
        <Choice key="10" text="C. MOORE (I) D" totalVotes="1036">
            <VoteType name="Election Day" votes="537">
                <Precinct name="Anna" votes="50" />
                <Precinct name="Elmodel" votes="79" />
                <Precinct name="Hoggard Mill" votes="102" />
                <Precinct name="Milford" votes="104" />
                <Precinct name="Newton" votes="202" />
            </VoteType>
            <VoteType name="Absentee by Mail" votes="101">
                <Precinct name="Anna" votes="2" />
                <Precinct name="Elmodel" votes="15" />
                <Precinct name="Hoggard Mill" votes="18" />
                <Precinct name="Milford" votes="12" />
                <Precinct name="Newton" votes="54" />
            </VoteType>
            <VoteType name="Advance in Person" votes="397">
                <Precinct name="Anna" votes="9" />
                <Precinct name="Elmodel" votes="82" />
                <Precinct name="Hoggard Mill" votes="43" />
                <Precinct name="Milford" votes="34" />
                <Precinct name="Newton" votes="229" />
            </VoteType>
            <VoteType name="Provisional" votes="1">
                <Precinct name="Anna" votes="0" />
                <Precinct name="Elmodel" votes="0" />
                <Precinct name="Hoggard Mill" votes="0" />
                <Precinct name="Milford" votes="0" />
                <Precinct name="Newton" votes="1" />
            </VoteType>
        </Choice>
    </Contest>
    <Contest key="280" text="CC MILFORD" isQuestion="false" precinctsReporting="5" precinctsReported="5">
        <VoteType name="Number of Precincts for Race" votes="5">
            <Precinct name="Anna" votes="1" />
            <Precinct name="Elmodel" votes="1" />
            <Precinct name="Hoggard Mill" votes="1" />
            <Precinct name="Milford" votes="1" />
            <Precinct name="Newton" votes="1" />
        </VoteType>
        <VoteType name="Number of Precincts Reporting" votes="5">
            <Precinct name="Anna" votes="1" />
            <Precinct name="Elmodel" votes="1" />
            <Precinct name="Hoggard Mill" votes="1" />
            <Precinct name="Milford" votes="1" />
            <Precinct name="Newton" votes="1" />
        </VoteType>
        <Choice key="10" text="T. RENTZ (I) D" totalVotes="1033">
            <VoteType name="Election Day" votes="543">
                <Precinct name="Anna" votes="51" />
                <Precinct name="Elmodel" votes="84" />
                <Precinct name="Hoggard Mill" votes="97" />
                <Precinct name="Milford" votes="111" />
                <Precinct name="Newton" votes="200" />
            </VoteType>
            <VoteType name="Absentee by Mail" votes="98">
                <Precinct name="Anna" votes="2" />
                <Precinct name="Elmodel" votes="16" />
                <Precinct name="Hoggard Mill" votes="15" />
                <Precinct name="Milford" votes="13" />
                <Precinct name="Newton" votes="52" />
            </VoteType>
            <VoteType name="Advance in Person" votes="391">
                <Precinct name="Anna" votes="9" />
                <Precinct name="Elmodel" votes="82" />
                <Precinct name="Hoggard Mill" votes="39" />
                <Precinct name="Milford" votes="36" />
                <Precinct name="Newton" votes="225" />
            </VoteType>
            <VoteType name="Provisional" votes="1">
                <Precinct name="Anna" votes="0" />
                <Precinct name="Elmodel" votes="0" />
                <Precinct name="Hoggard Mill" votes="0" />
                <Precinct name="Milford" votes="0" />
                <Precinct name="Newton" votes="1" />
            </VoteType>
        </Choice>
    </Contest>
    <Contest key="300" text="CC NEWTON" isQuestion="false" precinctsReporting="5" precinctsReported="5">
        <VoteType name="Number of Precincts for Race" votes="5">
            <Precinct name="Anna" votes="1" />
            <Precinct name="Elmodel" votes="1" />
            <Precinct name="Hoggard Mill" votes="1" />
            <Precinct name="Milford" votes="1" />
            <Precinct name="Newton" votes="1" />
        </VoteType>
        <VoteType name="Number of Precincts Reporting" votes="5">
            <Precinct name="Anna" votes="1" />
            <Precinct name="Elmodel" votes="1" />
            <Precinct name="Hoggard Mill" votes="1" />
            <Precinct name="Milford" votes="1" />
            <Precinct name="Newton" votes="1" />
        </VoteType>
        <Choice key="10" text="V. IRVIN (I) D" totalVotes="1093">
            <VoteType name="Election Day" votes="563">
                <Precinct name="Anna" votes="53" />
                <Precinct name="Elmodel" votes="87" />
                <Precinct name="Hoggard Mill" votes="98" />
                <Precinct name="Milford" votes="109" />
                <Precinct name="Newton" votes="216" />
            </VoteType>
            <VoteType name="Absentee by Mail" votes="111">
                <Precinct name="Anna" votes="2" />
                <Precinct name="Elmodel" votes="16" />
                <Precinct name="Hoggard Mill" votes="17" />
                <Precinct name="Milford" votes="13" />
                <Precinct name="Newton" votes="63" />
            </VoteType>
            <VoteType name="Advance in Person" votes="418">
                <Precinct name="Anna" votes="10" />
                <Precinct name="Elmodel" votes="87" />
                <Precinct name="Hoggard Mill" votes="41" />
                <Precinct name="Milford" votes="35" />
                <Precinct name="Newton" votes="245" />
            </VoteType>
            <VoteType name="Provisional" votes="1">
                <Precinct name="Anna" votes="0" />
                <Precinct name="Elmodel" votes="0" />
                <Precinct name="Hoggard Mill" votes="0" />
                <Precinct name="Milford" votes="0" />
                <Precinct name="Newton" votes="1" />
            </VoteType>
        </Choice>
    </Contest>
    <Contest key="320" text="BOE ANNA" isQuestion="false" precinctsReporting="5" precinctsReported="5">
        <VoteType name="Number of Precincts for Race" votes="5">
            <Precinct name="Anna" votes="1" />
            <Precinct name="Elmodel" votes="1" />
            <Precinct name="Hoggard Mill" votes="1" />
            <Precinct name="Milford" votes="1" />
            <Precinct name="Newton" votes="1" />
        </VoteType>
        <VoteType name="Number of Precincts Reporting" votes="5">
            <Precinct name="Anna" votes="1" />
            <Precinct name="Elmodel" votes="1" />
            <Precinct name="Hoggard Mill" votes="1" />
            <Precinct name="Milford" votes="1" />
            <Precinct name="Newton" votes="1" />
        </VoteType>
        <Choice key="20" text="L. BURCH (I) D" totalVotes="1041">
            <VoteType name="Election Day" votes="542">
                <Precinct name="Anna" votes="50" />
                <Precinct name="Elmodel" votes="82" />
                <Precinct name="Hoggard Mill" votes="95" />
                <Precinct name="Milford" votes="108" />
                <Precinct name="Newton" votes="207" />
            </VoteType>
            <VoteType name="Absentee by Mail" votes="100">
                <Precinct name="Anna" votes="3" />
                <Precinct name="Elmodel" votes="15" />
                <Precinct name="Hoggard Mill" votes="15" />
                <Precinct name="Milford" votes="12" />
                <Precinct name="Newton" votes="55" />
            </VoteType>
            <VoteType name="Advance in Person" votes="397">
                <Precinct name="Anna" votes="11" />
                <Precinct name="Elmodel" votes="85" />
                <Precinct name="Hoggard Mill" votes="35" />
                <Precinct name="Milford" votes="35" />
                <Precinct name="Newton" votes="231" />
            </VoteType>
            <VoteType name="Provisional" votes="2">
                <Precinct name="Anna" votes="0" />
                <Precinct name="Elmodel" votes="0" />
                <Precinct name="Hoggard Mill" votes="1" />
                <Precinct name="Milford" votes="0" />
                <Precinct name="Newton" votes="1" />
            </VoteType>
        </Choice>
    </Contest>
    <Contest key="340" text="BOE ELMODEL" isQuestion="false" precinctsReporting="5" precinctsReported="5">
        <VoteType name="Number of Precincts for Race" votes="5">
            <Precinct name="Anna" votes="1" />
            <Precinct name="Elmodel" votes="1" />
            <Precinct name="Hoggard Mill" votes="1" />
            <Precinct name="Milford" votes="1" />
            <Precinct name="Newton" votes="1" />
        </VoteType>
        <VoteType name="Number of Precincts Reporting" votes="5">
            <Precinct name="Anna" votes="1" />
            <Precinct name="Elmodel" votes="1" />
            <Precinct name="Hoggard Mill" votes="1" />
            <Precinct name="Milford" votes="1" />
            <Precinct name="Newton" votes="1" />
        </VoteType>
        <Choice key="20" text="B. WILLIAMS (D)" totalVotes="973">
            <VoteType name="Election Day" votes="504">
                <Precinct name="Anna" votes="44" />
                <Precinct name="Elmodel" votes="82" />
                <Precinct name="Hoggard Mill" votes="87" />
                <Precinct name="Milford" votes="99" />
                <Precinct name="Newton" votes="192" />
            </VoteType>
            <VoteType name="Absentee by Mail" votes="92">
                <Precinct name="Anna" votes="2" />
                <Precinct name="Elmodel" votes="15" />
                <Precinct name="Hoggard Mill" votes="13" />
                <Precinct name="Milford" votes="10" />
                <Precinct name="Newton" votes="52" />
            </VoteType>
            <VoteType name="Advance in Person" votes="375">
                <Precinct name="Anna" votes="7" />
                <Precinct name="Elmodel" votes="84" />
                <Precinct name="Hoggard Mill" votes="38" />
                <Precinct name="Milford" votes="32" />
                <Precinct name="Newton" votes="214" />
            </VoteType>
            <VoteType name="Provisional" votes="2">
                <Precinct name="Anna" votes="0" />
                <Precinct name="Elmodel" votes="0" />
                <Precinct name="Hoggard Mill" votes="1" />
                <Precinct name="Milford" votes="0" />
                <Precinct name="Newton" votes="1" />
            </VoteType>
        </Choice>
    </Contest>
    <Contest key="360" text="BOE HOGGARDS" isQuestion="false" precinctsReporting="5" precinctsReported="5">
        <VoteType name="Number of Precincts for Race" votes="5">
            <Precinct name="Anna" votes="1" />
            <Precinct name="Elmodel" votes="1" />
            <Precinct name="Hoggard Mill" votes="1" />
            <Precinct name="Milford" votes="1" />
            <Precinct name="Newton" votes="1" />
        </VoteType>
        <VoteType name="Number of Precincts Reporting" votes="5">
            <Precinct name="Anna" votes="1" />
            <Precinct name="Elmodel" votes="1" />
            <Precinct name="Hoggard Mill" votes="1" />
            <Precinct name="Milford" votes="1" />
            <Precinct name="Newton" votes="1" />
        </VoteType>
        <Choice key="10" text="J. M. ANDERSON (D)" totalVotes="984">
            <VoteType name="Election Day" votes="513">
                <Precinct name="Anna" votes="45" />
                <Precinct name="Elmodel" votes="81" />
                <Precinct name="Hoggard Mill" votes="94" />
                <Precinct name="Milford" votes="99" />
                <Precinct name="Newton" votes="194" />
            </VoteType>
            <VoteType name="Absentee by Mail" votes="94">
                <Precinct name="Anna" votes="2" />
                <Precinct name="Elmodel" votes="15" />
                <Precinct name="Hoggard Mill" votes="15" />
                <Precinct name="Milford" votes="10" />
                <Precinct name="Newton" votes="52" />
            </VoteType>
            <VoteType name="Advance in Person" votes="375">
                <Precinct name="Anna" votes="8" />
                <Precinct name="Elmodel" votes="82" />
                <Precinct name="Hoggard Mill" votes="38" />
                <Precinct name="Milford" votes="32" />
                <Precinct name="Newton" votes="215" />
            </VoteType>
            <VoteType name="Provisional" votes="2">
                <Precinct name="Anna" votes="0" />
                <Precinct name="Elmodel" votes="0" />
                <Precinct name="Hoggard Mill" votes="1" />
                <Precinct name="Milford" votes="0" />
                <Precinct name="Newton" votes="1" />
            </VoteType>
        </Choice>
    </Contest>
    <Contest key="380" text="BOE MILFORD" isQuestion="false" precinctsReporting="5" precinctsReported="5">
        <VoteType name="Number of Precincts for Race" votes="5">
            <Precinct name="Anna" votes="1" />
            <Precinct name="Elmodel" votes="1" />
            <Precinct name="Hoggard Mill" votes="1" />
            <Precinct name="Milford" votes="1" />
            <Precinct name="Newton" votes="1" />
        </VoteType>
        <VoteType name="Number of Precincts Reporting" votes="5">
            <Precinct name="Anna" votes="1" />
            <Precinct name="Elmodel" votes="1" />
            <Precinct name="Hoggard Mill" votes="1" />
            <Precinct name="Milford" votes="1" />
            <Precinct name="Newton" votes="1" />
        </VoteType>
        <Choice key="10" text="B. HUDSON (I) D" totalVotes="1006">
            <VoteType name="Election Day" votes="523">
                <Precinct name="Anna" votes="46" />
                <Precinct name="Elmodel" votes="84" />
                <Precinct name="Hoggard Mill" votes="93" />
                <Precinct name="Milford" votes="103" />
                <Precinct name="Newton" votes="197" />
            </VoteType>
            <VoteType name="Absentee by Mail" votes="96">
                <Precinct name="Anna" votes="2" />
                <Precinct name="Elmodel" votes="15" />
                <Precinct name="Hoggard Mill" votes="16" />
                <Precinct name="Milford" votes="11" />
                <Precinct name="Newton" votes="52" />
            </VoteType>
            <VoteType name="Advance in Person" votes="385">
                <Precinct name="Anna" votes="9" />
                <Precinct name="Elmodel" votes="84" />
                <Precinct name="Hoggard Mill" votes="37" />
                <Precinct name="Milford" votes="32" />
                <Precinct name="Newton" votes="223" />
            </VoteType>
            <VoteType name="Provisional" votes="2">
                <Precinct name="Anna" votes="0" />
                <Precinct name="Elmodel" votes="0" />
                <Precinct name="Hoggard Mill" votes="1" />
                <Precinct name="Milford" votes="0" />
                <Precinct name="Newton" votes="1" />
            </VoteType>
        </Choice>
    </Contest>
    <Contest key="400" text="BOE NEWTON" isQuestion="false" precinctsReporting="5" precinctsReported="5">
        <VoteType name="Number of Precincts for Race" votes="5">
            <Precinct name="Anna" votes="1" />
            <Precinct name="Elmodel" votes="1" />
            <Precinct name="Hoggard Mill" votes="1" />
            <Precinct name="Milford" votes="1" />
            <Precinct name="Newton" votes="1" />
        </VoteType>
        <VoteType name="Number of Precincts Reporting" votes="5">
            <Precinct name="Anna" votes="1" />
            <Precinct name="Elmodel" votes="1" />
            <Precinct name="Hoggard Mill" votes="1" />
            <Precinct name="Milford" votes="1" />
            <Precinct name="Newton" votes="1" />
        </VoteType>
        <Choice key="20" text="M. PARKER (D)" totalVotes="1036">
            <VoteType name="Election Day" votes="533">
                <Precinct name="Anna" votes="42" />
                <Precinct name="Elmodel" votes="83" />
                <Precinct name="Hoggard Mill" votes="90" />
                <Precinct name="Milford" votes="102" />
                <Precinct name="Newton" votes="216" />
            </VoteType>
            <VoteType name="Absentee by Mail" votes="102">
                <Precinct name="Anna" votes="3" />
                <Precinct name="Elmodel" votes="16" />
                <Precinct name="Hoggard Mill" votes="15" />
                <Precinct name="Milford" votes="10" />
                <Precinct name="Newton" votes="58" />
            </VoteType>
            <VoteType name="Advance in Person" votes="399">
                <Precinct name="Anna" votes="10" />
                <Precinct name="Elmodel" votes="86" />
                <Precinct name="Hoggard Mill" votes="39" />
                <Precinct name="Milford" votes="31" />
                <Precinct name="Newton" votes="233" />
            </VoteType>
            <VoteType name="Provisional" votes="2">
                <Precinct name="Anna" votes="0" />
                <Precinct name="Elmodel" votes="0" />
                <Precinct name="Hoggard Mill" votes="1" />
                <Precinct name="Milford" votes="0" />
                <Precinct name="Newton" votes="1" />
            </VoteType>
        </Choice>
    </Contest>
    <Contest key="410" text="Constitutional Amendment #1&lt;br&gt;Provides greater flexibility and state accountability to fix failing schools through increasing community involvement." isQuestion="false" precinctsReporting="5" precinctsReported="5">
        <VoteType name="Number of Precincts for Race" votes="5">
            <Precinct name="Anna" votes="1" />
            <Precinct name="Elmodel" votes="1" />
            <Precinct name="Hoggard Mill" votes="1" />
            <Precinct name="Milford" votes="1" />
            <Precinct name="Newton" votes="1" />
        </VoteType>
        <VoteType name="Number of Precincts Reporting" votes="5">
            <Precinct name="Anna" votes="1" />
            <Precinct name="Elmodel" votes="1" />
            <Precinct name="Hoggard Mill" votes="1" />
            <Precinct name="Milford" votes="1" />
            <Precinct name="Newton" votes="1" />
        </VoteType>
        <Choice key="10" text="YES" totalVotes="515">
            <VoteType name="Election Day" votes="243">
                <Precinct name="Anna" votes="33" />
                <Precinct name="Elmodel" votes="42" />
                <Precinct name="Hoggard Mill" votes="41" />
                <Precinct name="Milford" votes="48" />
                <Precinct name="Newton" votes="79" />
            </VoteType>
            <VoteType name="Absentee by Mail" votes="61">
                <Precinct name="Anna" votes="2" />
                <Precinct name="Elmodel" votes="8" />
                <Precinct name="Hoggard Mill" votes="4" />
                <Precinct name="Milford" votes="8" />
                <Precinct name="Newton" votes="39" />
            </VoteType>
            <VoteType name="Advance in Person" votes="211">
                <Precinct name="Anna" votes="6" />
                <Precinct name="Elmodel" votes="49" />
                <Precinct name="Hoggard Mill" votes="26" />
                <Precinct name="Milford" votes="15" />
                <Precinct name="Newton" votes="115" />
            </VoteType>
            <VoteType name="Provisional" votes="0">
                <Precinct name="Anna" votes="0" />
                <Precinct name="Elmodel" votes="0" />
                <Precinct name="Hoggard Mill" votes="0" />
                <Precinct name="Milford" votes="0" />
                <Precinct name="Newton" votes="0" />
            </VoteType>
        </Choice>
        <Choice key="20" text="NO" totalVotes="846">
            <VoteType name="Election Day" votes="450">
                <Precinct name="Anna" votes="40" />
                <Precinct name="Elmodel" votes="71" />
                <Precinct name="Hoggard Mill" votes="76" />
                <Precinct name="Milford" votes="92" />
                <Precinct name="Newton" votes="171" />
            </VoteType>
            <VoteType name="Absentee by Mail" votes="77">
                <Precinct name="Anna" votes="2" />
                <Precinct name="Elmodel" votes="12" />
                <Precinct name="Hoggard Mill" votes="11" />
                <Precinct name="Milford" votes="11" />
                <Precinct name="Newton" votes="41" />
            </VoteType>
            <VoteType name="Advance in Person" votes="317">
                <Precinct name="Anna" votes="11" />
                <Precinct name="Elmodel" votes="58" />
                <Precinct name="Hoggard Mill" votes="27" />
                <Precinct name="Milford" votes="26" />
                <Precinct name="Newton" votes="195" />
            </VoteType>
            <VoteType name="Provisional" votes="2">
                <Precinct name="Anna" votes="0" />
                <Precinct name="Elmodel" votes="0" />
                <Precinct name="Hoggard Mill" votes="1" />
                <Precinct name="Milford" votes="0" />
                <Precinct name="Newton" votes="1" />
            </VoteType>
        </Choice>
    </Contest>
    <Contest key="420" text="Constitutional Amendment #2&lt;br&gt;Authorizes penalties for sexual exploitation and assessments on adult entertainment to fund child victims' services." isQuestion="false" precinctsReporting="5" precinctsReported="5">
        <VoteType name="Number of Precincts for Race" votes="5">
            <Precinct name="Anna" votes="1" />
            <Precinct name="Elmodel" votes="1" />
            <Precinct name="Hoggard Mill" votes="1" />
            <Precinct name="Milford" votes="1" />
            <Precinct name="Newton" votes="1" />
        </VoteType>
        <VoteType name="Number of Precincts Reporting" votes="5">
            <Precinct name="Anna" votes="1" />
            <Precinct name="Elmodel" votes="1" />
            <Precinct name="Hoggard Mill" votes="1" />
            <Precinct name="Milford" votes="1" />
            <Precinct name="Newton" votes="1" />
        </VoteType>
        <Choice key="10" text="YES" totalVotes="991">
            <VoteType name="Election Day" votes="489">
                <Precinct name="Anna" votes="51" />
                <Precinct name="Elmodel" votes="76" />
                <Precinct name="Hoggard Mill" votes="86" />
                <Precinct name="Milford" votes="93" />
                <Precinct name="Newton" votes="183" />
            </VoteType>
            <VoteType name="Absentee by Mail" votes="109">
                <Precinct name="Anna" votes="4" />
                <Precinct name="Elmodel" votes="14" />
                <Precinct name="Hoggard Mill" votes="13" />
                <Precinct name="Milford" votes="15" />
                <Precinct name="Newton" votes="63" />
            </VoteType>
            <VoteType name="Advance in Person" votes="392">
                <Precinct name="Anna" votes="11" />
                <Precinct name="Elmodel" votes="81" />
                <Precinct name="Hoggard Mill" votes="39" />
                <Precinct name="Milford" votes="29" />
                <Precinct name="Newton" votes="232" />
            </VoteType>
            <VoteType name="Provisional" votes="1">
                <Precinct name="Anna" votes="0" />
                <Precinct name="Elmodel" votes="0" />
                <Precinct name="Hoggard Mill" votes="0" />
                <Precinct name="Milford" votes="0" />
                <Precinct name="Newton" votes="1" />
            </VoteType>
        </Choice>
        <Choice key="20" text="NO" totalVotes="308">
            <VoteType name="Election Day" votes="164">
                <Precinct name="Anna" votes="18" />
                <Precinct name="Elmodel" votes="22" />
                <Precinct name="Hoggard Mill" votes="27" />
                <Precinct name="Milford" votes="35" />
                <Precinct name="Newton" votes="62" />
            </VoteType>
            <VoteType name="Absentee by Mail" votes="27">
                <Precinct name="Anna" votes="0" />
                <Precinct name="Elmodel" votes="8" />
                <Precinct name="Hoggard Mill" votes="1" />
                <Precinct name="Milford" votes="3" />
                <Precinct name="Newton" votes="15" />
            </VoteType>
            <VoteType name="Advance in Person" votes="117">
                <Precinct name="Anna" votes="5" />
                <Precinct name="Elmodel" votes="23" />
                <Precinct name="Hoggard Mill" votes="11" />
                <Precinct name="Milford" votes="12" />
                <Precinct name="Newton" votes="66" />
            </VoteType>
            <VoteType name="Provisional" votes="0">
                <Precinct name="Anna" votes="0" />
                <Precinct name="Elmodel" votes="0" />
                <Precinct name="Hoggard Mill" votes="0" />
                <Precinct name="Milford" votes="0" />
                <Precinct name="Newton" votes="0" />
            </VoteType>
        </Choice>
    </Contest>
    <Contest key="430" text="Constitutional Amendment #3&lt;br&gt;Reforms and re-establishes the Judicial Qualifications Commission and provides for its composition, governance, and powers." isQuestion="false" precinctsReporting="5" precinctsReported="5">
        <VoteType name="Number of Precincts for Race" votes="5">
            <Precinct name="Anna" votes="1" />
            <Precinct name="Elmodel" votes="1" />
            <Precinct name="Hoggard Mill" votes="1" />
            <Precinct name="Milford" votes="1" />
            <Precinct name="Newton" votes="1" />
        </VoteType>
        <VoteType name="Number of Precincts Reporting" votes="5">
            <Precinct name="Anna" votes="1" />
            <Precinct name="Elmodel" votes="1" />
            <Precinct name="Hoggard Mill" votes="1" />
            <Precinct name="Milford" votes="1" />
            <Precinct name="Newton" votes="1" />
        </VoteType>
        <Choice key="10" text="YES" totalVotes="686">
            <VoteType name="Election Day" votes="345">
                <Precinct name="Anna" votes="32" />
                <Precinct name="Elmodel" votes="57" />
                <Precinct name="Hoggard Mill" votes="63" />
                <Precinct name="Milford" votes="62" />
                <Precinct name="Newton" votes="131" />
            </VoteType>
            <VoteType name="Absentee by Mail" votes="76">
                <Precinct name="Anna" votes="2" />
                <Precinct name="Elmodel" votes="17" />
                <Precinct name="Hoggard Mill" votes="9" />
                <Precinct name="Milford" votes="11" />
                <Precinct name="Newton" votes="37" />
            </VoteType>
            <VoteType name="Advance in Person" votes="264">
                <Precinct name="Anna" votes="5" />
                <Precinct name="Elmodel" votes="51" />
                <Precinct name="Hoggard Mill" votes="22" />
                <Precinct name="Milford" votes="27" />
                <Precinct name="Newton" votes="159" />
            </VoteType>
            <VoteType name="Provisional" votes="1">
                <Precinct name="Anna" votes="0" />
                <Precinct name="Elmodel" votes="0" />
                <Precinct name="Hoggard Mill" votes="0" />
                <Precinct name="Milford" votes="0" />
                <Precinct name="Newton" votes="1" />
            </VoteType>
        </Choice>
        <Choice key="20" text="NO" totalVotes="531">
            <VoteType name="Election Day" votes="263">
                <Precinct name="Anna" votes="33" />
                <Precinct name="Elmodel" votes="32" />
                <Precinct name="Hoggard Mill" votes="43" />
                <Precinct name="Milford" votes="56" />
                <Precinct name="Newton" votes="99" />
            </VoteType>
            <VoteType name="Absentee by Mail" votes="53">
                <Precinct name="Anna" votes="2" />
                <Precinct name="Elmodel" votes="4" />
                <Precinct name="Hoggard Mill" votes="4" />
                <Precinct name="Milford" votes="6" />
                <Precinct name="Newton" votes="37" />
            </VoteType>
            <VoteType name="Advance in Person" votes="215">
                <Precinct name="Anna" votes="10" />
                <Precinct name="Elmodel" votes="50" />
                <Precinct name="Hoggard Mill" votes="22" />
                <Precinct name="Milford" votes="13" />
                <Precinct name="Newton" votes="120" />
            </VoteType>
            <VoteType name="Provisional" votes="0">
                <Precinct name="Anna" votes="0" />
                <Precinct name="Elmodel" votes="0" />
                <Precinct name="Hoggard Mill" votes="0" />
                <Precinct name="Milford" votes="0" />
                <Precinct name="Newton" votes="0" />
            </VoteType>
        </Choice>
    </Contest>
    <Contest key="440" text="Constitutional Amendment #4&lt;br&gt;Dedicates revenue from existing taxes on fireworks to trauma care, fire services, and public safety." isQuestion="false" precinctsReporting="5" precinctsReported="5">
        <VoteType name="Number of Precincts for Race" votes="5">
            <Precinct name="Anna" votes="1" />
            <Precinct name="Elmodel" votes="1" />
            <Precinct name="Hoggard Mill" votes="1" />
            <Precinct name="Milford" votes="1" />
            <Precinct name="Newton" votes="1" />
        </VoteType>
        <VoteType name="Number of Precincts Reporting" votes="5">
            <Precinct name="Anna" votes="1" />
            <Precinct name="Elmodel" votes="1" />
            <Precinct name="Hoggard Mill" votes="1" />
            <Precinct name="Milford" votes="1" />
            <Precinct name="Newton" votes="1" />
        </VoteType>
        <Choice key="10" text="YES" totalVotes="977">
            <VoteType name="Election Day" votes="476">
                <Precinct name="Anna" votes="46" />
                <Precinct name="Elmodel" votes="73" />
                <Precinct name="Hoggard Mill" votes="89" />
                <Precinct name="Milford" votes="88" />
                <Precinct name="Newton" votes="180" />
            </VoteType>
            <VoteType name="Absentee by Mail" votes="110">
                <Precinct name="Anna" votes="4" />
                <Precinct name="Elmodel" votes="17" />
                <Precinct name="Hoggard Mill" votes="14" />
                <Precinct name="Milford" votes="17" />
                <Precinct name="Newton" votes="58" />
            </VoteType>
            <VoteType name="Advance in Person" votes="390">
                <Precinct name="Anna" votes="11" />
                <Precinct name="Elmodel" votes="91" />
                <Precinct name="Hoggard Mill" votes="39" />
                <Precinct name="Milford" votes="31" />
                <Precinct name="Newton" votes="218" />
            </VoteType>
            <VoteType name="Provisional" votes="1">
                <Precinct name="Anna" votes="0" />
                <Precinct name="Elmodel" votes="0" />
                <Precinct name="Hoggard Mill" votes="0" />
                <Precinct name="Milford" votes="0" />
                <Precinct name="Newton" votes="1" />
            </VoteType>
        </Choice>
        <Choice key="20" text="NO" totalVotes="325">
            <VoteType name="Election Day" votes="172">
                <Precinct name="Anna" votes="22" />
                <Precinct name="Elmodel" votes="28" />
                <Precinct name="Hoggard Mill" votes="21" />
                <Precinct name="Milford" votes="38" />
                <Precinct name="Newton" votes="63" />
            </VoteType>
            <VoteType name="Absentee by Mail" votes="27">
                <Precinct name="Anna" votes="0" />
                <Precinct name="Elmodel" votes="4" />
                <Precinct name="Hoggard Mill" votes="2" />
                <Precinct name="Milford" votes="1" />
                <Precinct name="Newton" votes="20" />
            </VoteType>
            <VoteType name="Advance in Person" votes="126">
                <Precinct name="Anna" votes="5" />
                <Precinct name="Elmodel" votes="18" />
                <Precinct name="Hoggard Mill" votes="12" />
                <Precinct name="Milford" votes="10" />
                <Precinct name="Newton" votes="81" />
            </VoteType>
            <VoteType name="Provisional" votes="0">
                <Precinct name="Anna" votes="0" />
                <Precinct name="Elmodel" votes="0" />
                <Precinct name="Hoggard Mill" votes="0" />
                <Precinct name="Milford" votes="0" />
                <Precinct name="Newton" votes="0" />
            </VoteType>
        </Choice>
    </Contest>
</ElectionResult>