"line number","contest name","choice name","party name","total votes","percent of votes","registered voters","ballots cast","num Precinct total","num Precinct rptg","over votes","under votes"
1,"President of the United States","DONALD J. TRUMP","",3370,80.12,5555,4258,6,6,"0","0"
2,"President of the United States","HILLARY CLINTON","",743,17.67,5555,4258,6,6,"0","0"
3,"President of the United States","GARY JOHNSON","",93,2.21,5555,4258,6,6,"0","0"
4,"United States Senator, Isakson","JOHNNY ISAKSON (I)","",3099,78.46,5555,4258,6,6,"0","0"
5,"United States Senator, Isakson","JIM BARKSDALE","",679,17.19,5555,4258,6,6,"0","0"
6,"United States Senator, Isakson","ALLEN BUCKLEY","",172,4.35,5555,4258,6,6,"0","0"
7,"Public Service Commission, District 2 - Eastern","TIM ECHOLS (I)","",3268,85.13,5555,4258,6,6,"0","0"
8,"Public Service Commission, District 2 - Eastern","ERIC HOSKINS","",571,14.87,5555,4258,6,6,"0","0"
9,"U.S. Representative, District 3","DREW FERGUSON","",3287,81.60,5555,4258,6,6,"0","0"
10,"U.S. Representative, District 3","ANGELA PENDLEY","",741,18.40,5555,4258,6,6,"0","0"
11,"State Senator, District 28","MATT BRASS","",3571,100.00,5555,4258,6,6,"0","0"
12,"State Representative, District 69","RANDY NIX (I)","",3565,100.00,5555,4258,6,6,"0","0"
13,"District Attorney, Coweta Circuit","PETE SKANDALAKIS (I)","",3644,100.00,5555,4258,6,6,"0","0"
14,"CLERK SUPERIOR COURT","T. TEAL (R)","",3687,100.00,5555,4258,6,6,"0","0"
15,"SHERIFF","R. HENRY (I) R","",3778,100.00,5555,4258,6,6,"0","0"
16,"TAX COMMISSIONER","D. WATSON (R)","",3693,100.00,5555,4258,6,6,"0","0"
17,"CORONER","K. BUCHANAN (I) D","",3589,100.00,5555,4258,6,6,"0","0"
18,"CHIEF MAGISTRATE","B. JENNINGS (I) R","",3656,100.00,5555,4258,6,6,"0","0"
19,"CHAIR COUNTY COMMISSION","LEE BOONE (I) R","",3585,100.00,5555,4258,6,6,"0","0"
20,"CC D1","L. HOOKS (I) R","",676,100.00,1025,756,2,2,"0","0"
21,"CC D3","G. CALDWELL (I) R","",759,100.00,1130,895,4,4,"0","0"
22,"Constitutional Amendment #1<br>Provides greater flexibility and state accountability to fix failing schools through increasing community involvement.","YES","",1463,35.41,5555,4258,6,6,"0","0"
23,"Constitutional Amendment #1<br>Provides greater flexibility and state accountability to fix failing schools through increasing community involvement.","NO","",2669,64.59,5555,4258,6,6,"0","0"
24,"Constitutional Amendment #2<br>Authorizes penalties for sexual exploitation and assessments on adult entertainment to fund child victims' services.","YES","",3333,82.68,5555,4258,6,6,"0","0"
25,"Constitutional Amendment #2<br>Authorizes penalties for sexual exploitation and assessments on adult entertainment to fund child victims' services.","NO","",698,17.32,5555,4258,6,6,"0","0"
26,"Constitutional Amendment #3<br>Reforms and re-establishes the Judicial Qualifications Commission and provides for its composition, governance, and powers.","YES","",2449,63.83,5555,4258,6,6,"0","0"
27,"Constitutional Amendment #3<br>Reforms and re-establishes the Judicial Qualifications Commission and provides for its composition, governance, and powers.","NO","",1388,36.17,5555,4258,6,6,"0","0"
28,"Constitutional Amendment #4<br>Dedicates revenue from existing taxes on fireworks to trauma care, fire services, and public safety.","YES","",3142,78.73,5555,4258,6,6,"0","0"
29,"Constitutional Amendment #4<br>Dedicates revenue from existing taxes on fireworks to trauma care, fire services, and public safety.","NO","",849,21.27,5555,4258,6,6,"0","0"
