<?xml version="1.0"?>
<!--Election result snapshot imported from Tabulation System
-->
<ElectionResult>
    <Timestamp>11/15/2016 12:24:42 PM EST</Timestamp>
    <ElectionName>November 8, 2016 - General Election</ElectionName>
    <ElectionDate>11/8/2016</ElectionDate>
    <Region>Telfair</Region>
    <VoterTurnout totalVoters="5029" ballotsCast="3827" voterTurnout="76.10">
        <Precincts>
            <Precinct name="Helena" totalVoters="828" ballotsCast="606" voterTurnout="73.19" percentReporting="4" />
            <Precinct name="Jacksonville" totalVoters="530" ballotsCast="427" voterTurnout="80.57" percentReporting="4" />
            <Precinct name="Lumber-City" totalVoters="831" ballotsCast="635" voterTurnout="76.41" percentReporting="4" />
            <Precinct name="McRae" totalVoters="1852" ballotsCast="1404" voterTurnout="75.81" percentReporting="4" />
            <Precinct name="Milan" totalVoters="706" ballotsCast="545" voterTurnout="77.20" percentReporting="4" />
            <Precinct name="Scotland" totalVoters="282" ballotsCast="210" voterTurnout="74.47" percentReporting="4" />
        </Precincts>
    </VoterTurnout>
    <Contest key="1" text="President of the United States" isQuestion="false" precinctsReporting="6" precinctsReported="6">
        <VoteType name="Number of Precincts for Race" votes="6">
            <Precinct name="Helena" votes="1" />
            <Precinct name="Jacksonville" votes="1" />
            <Precinct name="Lumber-City" votes="1" />
            <Precinct name="McRae" votes="1" />
            <Precinct name="Milan" votes="1" />
            <Precinct name="Scotland" votes="1" />
        </VoteType>
        <VoteType name="Number of Precincts Reporting" votes="6">
            <Precinct name="Helena" votes="1" />
            <Precinct name="Jacksonville" votes="1" />
            <Precinct name="Lumber-City" votes="1" />
            <Precinct name="McRae" votes="1" />
            <Precinct name="Milan" votes="1" />
            <Precinct name="Scotland" votes="1" />
        </VoteType>
        <Choice key="10" text="DONALD J. TRUMP" totalVotes="2450">
            <VoteType name="Election Day" votes="1303">
                <Precinct name="Helena" votes="201" />
                <Precinct name="Jacksonville" votes="188" />
                <Precinct name="Lumber-City" votes="234" />
                <Precinct name="McRae" votes="260" />
                <Precinct name="Milan" votes="305" />
                <Precinct name="Scotland" votes="115" />
            </VoteType>
            <VoteType name="Absentee by Mail" votes="109">
                <Precinct name="Helena" votes="13" />
                <Precinct name="Jacksonville" votes="11" />
                <Precinct name="Lumber-City" votes="10" />
                <Precinct name="McRae" votes="47" />
                <Precinct name="Milan" votes="27" />
                <Precinct name="Scotland" votes="1" />
            </VoteType>
            <VoteType name="Advance in Person" votes="1037">
                <Precinct name="Helena" votes="187" />
                <Precinct name="Jacksonville" votes="108" />
                <Precinct name="Lumber-City" votes="104" />
                <Precinct name="McRae" votes="454" />
                <Precinct name="Milan" votes="142" />
                <Precinct name="Scotland" votes="42" />
            </VoteType>
            <VoteType name="Provisional" votes="1">
                <Precinct name="Helena" votes="0" />
                <Precinct name="Jacksonville" votes="0" />
                <Precinct name="Lumber-City" votes="0" />
                <Precinct name="McRae" votes="1" />
                <Precinct name="Milan" votes="0" />
                <Precinct name="Scotland" votes="0" />
            </VoteType>
        </Choice>
        <Choice key="20" text="HILLARY CLINTON" totalVotes="1313">
            <VoteType name="Election Day" votes="657">
                <Precinct name="Helena" votes="118" />
                <Precinct name="Jacksonville" votes="64" />
                <Precinct name="Lumber-City" votes="130" />
                <Precinct name="McRae" votes="270" />
                <Precinct name="Milan" votes="44" />
                <Precinct name="Scotland" votes="31" />
            </VoteType>
            <VoteType name="Absentee by Mail" votes="225">
                <Precinct name="Helena" votes="9" />
                <Precinct name="Jacksonville" votes="24" />
                <Precinct name="Lumber-City" votes="114" />
                <Precinct name="McRae" votes="72" />
                <Precinct name="Milan" votes="4" />
                <Precinct name="Scotland" votes="2" />
            </VoteType>
            <VoteType name="Advance in Person" votes="431">
                <Precinct name="Helena" votes="68" />
                <Precinct name="Jacksonville" votes="28" />
                <Precinct name="Lumber-City" votes="39" />
                <Precinct name="McRae" votes="270" />
                <Precinct name="Milan" votes="14" />
                <Precinct name="Scotland" votes="12" />
            </VoteType>
            <VoteType name="Provisional" votes="0">
                <Precinct name="Helena" votes="0" />
                <Precinct name="Jacksonville" votes="0" />
                <Precinct name="Lumber-City" votes="0" />
                <Precinct name="McRae" votes="0" />
                <Precinct name="Milan" votes="0" />
                <Precinct name="Scotland" votes="0" />
            </VoteType>
        </Choice>
        <Choice key="30" text="GARY JOHNSON" totalVotes="32">
            <VoteType name="Election Day" votes="20">
                <Precinct name="Helena" votes="3" />
                <Precinct name="Jacksonville" votes="0" />
                <Precinct name="Lumber-City" votes="1" />
                <Precinct name="McRae" votes="8" />
                <Precinct name="Milan" votes="4" />
                <Precinct name="Scotland" votes="4" />
            </VoteType>
            <VoteType name="Absentee by Mail" votes="3">
                <Precinct name="Helena" votes="3" />
                <Precinct name="Jacksonville" votes="0" />
                <Precinct name="Lumber-City" votes="0" />
                <Precinct name="McRae" votes="0" />
                <Precinct name="Milan" votes="0" />
                <Precinct name="Scotland" votes="0" />
            </VoteType>
            <VoteType name="Advance in Person" votes="9">
                <Precinct name="Helena" votes="1" />
                <Precinct name="Jacksonville" votes="0" />
                <Precinct name="Lumber-City" votes="0" />
                <Precinct name="McRae" votes="6" />
                <Precinct name="Milan" votes="1" />
                <Precinct name="Scotland" votes="1" />
            </VoteType>
            <VoteType name="Provisional" votes="0">
                <Precinct name="Helena" votes="0" />
                <Precinct name="Jacksonville" votes="0" />
                <Precinct name="Lumber-City" votes="0" />
                <Precinct name="McRae" votes="0" />
                <Precinct name="Milan" votes="0" />
                <Precinct name="Scotland" votes="0" />
            </VoteType>
        </Choice>
    </Contest>
    <Contest key="10" text="United States Senator, Isakson" isQuestion="false" precinctsReporting="6" precinctsReported="6">
        <VoteType name="Number of Precincts for Race" votes="6">
            <Precinct name="Helena" votes="1" />
            <Precinct name="Jacksonville" votes="1" />
            <Precinct name="Lumber-City" votes="1" />
            <Precinct name="McRae" votes="1" />
            <Precinct name="Milan" votes="1" />
            <Precinct name="Scotland" votes="1" />
        </VoteType>
        <VoteType name="Number of Precincts Reporting" votes="6">
            <Precinct name="Helena" votes="1" />
            <Precinct name="Jacksonville" votes="1" />
            <Precinct name="Lumber-City" votes="1" />
            <Precinct name="McRae" votes="1" />
            <Precinct name="Milan" votes="1" />
            <Precinct name="Scotland" votes="1" />
        </VoteType>
        <Choice key="30" text="JOHNNY ISAKSON (I)" totalVotes="2327">
            <VoteType name="Election Day" votes="1241">
                <Precinct name="Helena" votes="190" />
                <Precinct name="Jacksonville" votes="177" />
                <Precinct name="Lumber-City" votes="214" />
                <Precinct name="McRae" votes="264" />
                <Precinct name="Milan" votes="277" />
                <Precinct name="Scotland" votes="119" />
            </VoteType>
            <VoteType name="Absentee by Mail" votes="119">
                <Precinct name="Helena" votes="16" />
                <Precinct name="Jacksonville" votes="12" />
                <Precinct name="Lumber-City" votes="15" />
                <Precinct name="McRae" votes="47" />
                <Precinct name="Milan" votes="28" />
                <Precinct name="Scotland" votes="1" />
            </VoteType>
            <VoteType name="Advance in Person" votes="966">
                <Precinct name="Helena" votes="161" />
                <Precinct name="Jacksonville" votes="96" />
                <Precinct name="Lumber-City" votes="93" />
                <Precinct name="McRae" votes="442" />
                <Precinct name="Milan" votes="135" />
                <Precinct name="Scotland" votes="39" />
            </VoteType>
            <VoteType name="Provisional" votes="1">
                <Precinct name="Helena" votes="0" />
                <Precinct name="Jacksonville" votes="0" />
                <Precinct name="Lumber-City" votes="0" />
                <Precinct name="McRae" votes="1" />
                <Precinct name="Milan" votes="0" />
                <Precinct name="Scotland" votes="0" />
            </VoteType>
        </Choice>
        <Choice key="40" text="JIM BARKSDALE" totalVotes="1120">
            <VoteType name="Election Day" votes="545">
                <Precinct name="Helena" votes="94" />
                <Precinct name="Jacksonville" votes="52" />
                <Precinct name="Lumber-City" votes="117" />
                <Precinct name="McRae" votes="216" />
                <Precinct name="Milan" votes="44" />
                <Precinct name="Scotland" votes="22" />
            </VoteType>
            <VoteType name="Absentee by Mail" votes="211">
                <Precinct name="Helena" votes="9" />
                <Precinct name="Jacksonville" votes="23" />
                <Precinct name="Lumber-City" votes="105" />
                <Precinct name="McRae" votes="69" />
                <Precinct name="Milan" votes="3" />
                <Precinct name="Scotland" votes="2" />
            </VoteType>
            <VoteType name="Advance in Person" votes="364">
                <Precinct name="Helena" votes="63" />
                <Precinct name="Jacksonville" votes="24" />
                <Precinct name="Lumber-City" votes="37" />
                <Precinct name="McRae" votes="219" />
                <Precinct name="Milan" votes="11" />
                <Precinct name="Scotland" votes="10" />
            </VoteType>
            <VoteType name="Provisional" votes="0">
                <Precinct name="Helena" votes="0" />
                <Precinct name="Jacksonville" votes="0" />
                <Precinct name="Lumber-City" votes="0" />
                <Precinct name="McRae" votes="0" />
                <Precinct name="Milan" votes="0" />
                <Precinct name="Scotland" votes="0" />
            </VoteType>
        </Choice>
        <Choice key="50" text="ALLEN BUCKLEY" totalVotes="59">
            <VoteType name="Election Day" votes="31">
                <Precinct name="Helena" votes="6" />
                <Precinct name="Jacksonville" votes="1" />
                <Precinct name="Lumber-City" votes="5" />
                <Precinct name="McRae" votes="10" />
                <Precinct name="Milan" votes="5" />
                <Precinct name="Scotland" votes="4" />
            </VoteType>
            <VoteType name="Absentee by Mail" votes="3">
                <Precinct name="Helena" votes="0" />
                <Precinct name="Jacksonville" votes="0" />
                <Precinct name="Lumber-City" votes="1" />
                <Precinct name="McRae" votes="2" />
                <Precinct name="Milan" votes="0" />
                <Precinct name="Scotland" votes="0" />
            </VoteType>
            <VoteType name="Advance in Person" votes="25">
                <Precinct name="Helena" votes="4" />
                <Precinct name="Jacksonville" votes="3" />
                <Precinct name="Lumber-City" votes="2" />
                <Precinct name="McRae" votes="11" />
                <Precinct name="Milan" votes="2" />
                <Precinct name="Scotland" votes="3" />
            </VoteType>
            <VoteType name="Provisional" votes="0">
                <Precinct name="Helena" votes="0" />
                <Precinct name="Jacksonville" votes="0" />
                <Precinct name="Lumber-City" votes="0" />
                <Precinct name="McRae" votes="0" />
                <Precinct name="Milan" votes="0" />
                <Precinct name="Scotland" votes="0" />
            </VoteType>
        </Choice>
    </Contest>
    <Contest key="30" text="Public Service Commission, District 2 - Eastern" isQuestion="false" precinctsReporting="6" precinctsReported="6">
        <VoteType name="Number of Precincts for Race" votes="6">
            <Precinct name="Helena" votes="1" />
            <Precinct name="Jacksonville" votes="1" />
            <Precinct name="Lumber-City" votes="1" />
            <Precinct name="McRae" votes="1" />
            <Precinct name="Milan" votes="1" />
            <Precinct name="Scotland" votes="1" />
        </VoteType>
        <VoteType name="Number of Precincts Reporting" votes="6">
            <Precinct name="Helena" votes="1" />
            <Precinct name="Jacksonville" votes="1" />
            <Precinct name="Lumber-City" votes="1" />
            <Precinct name="McRae" votes="1" />
            <Precinct name="Milan" votes="1" />
            <Precinct name="Scotland" votes="1" />
        </VoteType>
        <Choice key="20" text="TIM ECHOLS (I)" totalVotes="2354">
            <VoteType name="Election Day" votes="1271">
                <Precinct name="Helena" votes="201" />
                <Precinct name="Jacksonville" votes="165" />
                <Precinct name="Lumber-City" votes="220" />
                <Precinct name="McRae" votes="294" />
                <Precinct name="Milan" votes="273" />
                <Precinct name="Scotland" votes="118" />
            </VoteType>
            <VoteType name="Absentee by Mail" votes="120">
                <Precinct name="Helena" votes="18" />
                <Precinct name="Jacksonville" votes="13" />
                <Precinct name="Lumber-City" votes="12" />
                <Precinct name="McRae" votes="51" />
                <Precinct name="Milan" votes="25" />
                <Precinct name="Scotland" votes="1" />
            </VoteType>
            <VoteType name="Advance in Person" votes="962">
                <Precinct name="Helena" votes="163" />
                <Precinct name="Jacksonville" votes="104" />
                <Precinct name="Lumber-City" votes="96" />
                <Precinct name="McRae" votes="434" />
                <Precinct name="Milan" votes="124" />
                <Precinct name="Scotland" votes="41" />
            </VoteType>
            <VoteType name="Provisional" votes="1">
                <Precinct name="Helena" votes="0" />
                <Precinct name="Jacksonville" votes="0" />
                <Precinct name="Lumber-City" votes="0" />
                <Precinct name="McRae" votes="1" />
                <Precinct name="Milan" votes="0" />
                <Precinct name="Scotland" votes="0" />
            </VoteType>
        </Choice>
        <Choice key="30" text="ERIC HOSKINS" totalVotes="607">
            <VoteType name="Election Day" votes="355">
                <Precinct name="Helena" votes="58" />
                <Precinct name="Jacksonville" votes="36" />
                <Precinct name="Lumber-City" votes="78" />
                <Precinct name="McRae" votes="135" />
                <Precinct name="Milan" votes="30" />
                <Precinct name="Scotland" votes="18" />
            </VoteType>
            <VoteType name="Absentee by Mail" votes="53">
                <Precinct name="Helena" votes="4" />
                <Precinct name="Jacksonville" votes="14" />
                <Precinct name="Lumber-City" votes="12" />
                <Precinct name="McRae" votes="19" />
                <Precinct name="Milan" votes="3" />
                <Precinct name="Scotland" votes="1" />
            </VoteType>
            <VoteType name="Advance in Person" votes="199">
                <Precinct name="Helena" votes="30" />
                <Precinct name="Jacksonville" votes="9" />
                <Precinct name="Lumber-City" votes="15" />
                <Precinct name="McRae" votes="125" />
                <Precinct name="Milan" votes="10" />
                <Precinct name="Scotland" votes="10" />
            </VoteType>
            <VoteType name="Provisional" votes="0">
                <Precinct name="Helena" votes="0" />
                <Precinct name="Jacksonville" votes="0" />
                <Precinct name="Lumber-City" votes="0" />
                <Precinct name="McRae" votes="0" />
                <Precinct name="Milan" votes="0" />
                <Precinct name="Scotland" votes="0" />
            </VoteType>
        </Choice>
    </Contest>
    <Contest key="50" text="U.S. Representative, District 8" isQuestion="false" precinctsReporting="6" precinctsReported="6">
        <VoteType name="Number of Precincts for Race" votes="6">
            <Precinct name="Helena" votes="1" />
            <Precinct name="Jacksonville" votes="1" />
            <Precinct name="Lumber-City" votes="1" />
            <Precinct name="McRae" votes="1" />
            <Precinct name="Milan" votes="1" />
            <Precinct name="Scotland" votes="1" />
        </VoteType>
        <VoteType name="Number of Precincts Reporting" votes="6">
            <Precinct name="Helena" votes="1" />
            <Precinct name="Jacksonville" votes="1" />
            <Precinct name="Lumber-City" votes="1" />
            <Precinct name="McRae" votes="1" />
            <Precinct name="Milan" votes="1" />
            <Precinct name="Scotland" votes="1" />
        </VoteType>
        <Choice key="20" text="AUSTIN SCOTT (I)" totalVotes="2304">
            <VoteType name="Election Day" votes="1221">
                <Precinct name="Helena" votes="189" />
                <Precinct name="Jacksonville" votes="173" />
                <Precinct name="Lumber-City" votes="206" />
                <Precinct name="McRae" votes="256" />
                <Precinct name="Milan" votes="286" />
                <Precinct name="Scotland" votes="111" />
            </VoteType>
            <VoteType name="Absentee by Mail" votes="117">
                <Precinct name="Helena" votes="15" />
                <Precinct name="Jacksonville" votes="12" />
                <Precinct name="Lumber-City" votes="13" />
                <Precinct name="McRae" votes="48" />
                <Precinct name="Milan" votes="28" />
                <Precinct name="Scotland" votes="1" />
            </VoteType>
            <VoteType name="Advance in Person" votes="965">
                <Precinct name="Helena" votes="163" />
                <Precinct name="Jacksonville" votes="105" />
                <Precinct name="Lumber-City" votes="94" />
                <Precinct name="McRae" votes="430" />
                <Precinct name="Milan" votes="132" />
                <Precinct name="Scotland" votes="41" />
            </VoteType>
            <VoteType name="Provisional" votes="1">
                <Precinct name="Helena" votes="0" />
                <Precinct name="Jacksonville" votes="0" />
                <Precinct name="Lumber-City" votes="0" />
                <Precinct name="McRae" votes="1" />
                <Precinct name="Milan" votes="0" />
                <Precinct name="Scotland" votes="0" />
            </VoteType>
        </Choice>
        <Choice key="30" text="JAMES NEAL HARRIS" totalVotes="1214">
            <VoteType name="Election Day" votes="609">
                <Precinct name="Helena" votes="103" />
                <Precinct name="Jacksonville" votes="58" />
                <Precinct name="Lumber-City" votes="128" />
                <Precinct name="McRae" votes="244" />
                <Precinct name="Milan" votes="46" />
                <Precinct name="Scotland" votes="30" />
            </VoteType>
            <VoteType name="Absentee by Mail" votes="211">
                <Precinct name="Helena" votes="10" />
                <Precinct name="Jacksonville" votes="23" />
                <Precinct name="Lumber-City" votes="105" />
                <Precinct name="McRae" votes="68" />
                <Precinct name="Milan" votes="3" />
                <Precinct name="Scotland" votes="2" />
            </VoteType>
            <VoteType name="Advance in Person" votes="394">
                <Precinct name="Helena" votes="61" />
                <Precinct name="Jacksonville" votes="25" />
                <Precinct name="Lumber-City" votes="35" />
                <Precinct name="McRae" votes="247" />
                <Precinct name="Milan" votes="12" />
                <Precinct name="Scotland" votes="14" />
            </VoteType>
            <VoteType name="Provisional" votes="0">
                <Precinct name="Helena" votes="0" />
                <Precinct name="Jacksonville" votes="0" />
                <Precinct name="Lumber-City" votes="0" />
                <Precinct name="McRae" votes="0" />
                <Precinct name="Milan" votes="0" />
                <Precinct name="Scotland" votes="0" />
            </VoteType>
        </Choice>
    </Contest>
    <Contest key="70" text="State Senator, District 19" isQuestion="false" precinctsReporting="6" precinctsReported="6">
        <VoteType name="Number of Precincts for Race" votes="6">
            <Precinct name="Helena" votes="1" />
            <Precinct name="Jacksonville" votes="1" />
            <Precinct name="Lumber-City" votes="1" />
            <Precinct name="McRae" votes="1" />
            <Precinct name="Milan" votes="1" />
            <Precinct name="Scotland" votes="1" />
        </VoteType>
        <VoteType name="Number of Precincts Reporting" votes="6">
            <Precinct name="Helena" votes="1" />
            <Precinct name="Jacksonville" votes="1" />
            <Precinct name="Lumber-City" votes="1" />
            <Precinct name="McRae" votes="1" />
            <Precinct name="Milan" votes="1" />
            <Precinct name="Scotland" votes="1" />
        </VoteType>
        <Choice key="30" text="BLAKE TILLERY" totalVotes="2543">
            <VoteType name="Election Day" votes="1406">
                <Precinct name="Helena" votes="225" />
                <Precinct name="Jacksonville" votes="181" />
                <Precinct name="Lumber-City" votes="254" />
                <Precinct name="McRae" votes="346" />
                <Precinct name="Milan" votes="278" />
                <Precinct name="Scotland" votes="122" />
            </VoteType>
            <VoteType name="Absentee by Mail" votes="113">
                <Precinct name="Helena" votes="15" />
                <Precinct name="Jacksonville" votes="16" />
                <Precinct name="Lumber-City" votes="14" />
                <Precinct name="McRae" votes="44" />
                <Precinct name="Milan" votes="22" />
                <Precinct name="Scotland" votes="2" />
            </VoteType>
            <VoteType name="Advance in Person" votes="1023">
                <Precinct name="Helena" votes="170" />
                <Precinct name="Jacksonville" votes="107" />
                <Precinct name="Lumber-City" votes="103" />
                <Precinct name="McRae" votes="473" />
                <Precinct name="Milan" votes="127" />
                <Precinct name="Scotland" votes="43" />
            </VoteType>
            <VoteType name="Provisional" votes="1">
                <Precinct name="Helena" votes="0" />
                <Precinct name="Jacksonville" votes="0" />
                <Precinct name="Lumber-City" votes="0" />
                <Precinct name="McRae" votes="1" />
                <Precinct name="Milan" votes="0" />
                <Precinct name="Scotland" votes="0" />
            </VoteType>
        </Choice>
    </Contest>
    <Contest key="90" text="State Representative, District 149" isQuestion="false" precinctsReporting="6" precinctsReported="6">
        <VoteType name="Number of Precincts for Race" votes="6">
            <Precinct name="Helena" votes="1" />
            <Precinct name="Jacksonville" votes="1" />
            <Precinct name="Lumber-City" votes="1" />
            <Precinct name="McRae" votes="1" />
            <Precinct name="Milan" votes="1" />
            <Precinct name="Scotland" votes="1" />
        </VoteType>
        <VoteType name="Number of Precincts Reporting" votes="6">
            <Precinct name="Helena" votes="1" />
            <Precinct name="Jacksonville" votes="1" />
            <Precinct name="Lumber-City" votes="1" />
            <Precinct name="McRae" votes="1" />
            <Precinct name="Milan" votes="1" />
            <Precinct name="Scotland" votes="1" />
        </VoteType>
        <Choice key="20" text="JIMMY PRUETT (I)" totalVotes="2659">
            <VoteType name="Election Day" votes="1478">
                <Precinct name="Helena" votes="231" />
                <Precinct name="Jacksonville" votes="197" />
                <Precinct name="Lumber-City" votes="261" />
                <Precinct name="McRae" votes="363" />
                <Precinct name="Milan" votes="296" />
                <Precinct name="Scotland" votes="130" />
            </VoteType>
            <VoteType name="Absentee by Mail" votes="121">
                <Precinct name="Helena" votes="15" />
                <Precinct name="Jacksonville" votes="16" />
                <Precinct name="Lumber-City" votes="14" />
                <Precinct name="McRae" votes="50" />
                <Precinct name="Milan" votes="24" />
                <Precinct name="Scotland" votes="2" />
            </VoteType>
            <VoteType name="Advance in Person" votes="1059">
                <Precinct name="Helena" votes="180" />
                <Precinct name="Jacksonville" votes="104" />
                <Precinct name="Lumber-City" votes="103" />
                <Precinct name="McRae" votes="493" />
                <Precinct name="Milan" votes="135" />
                <Precinct name="Scotland" votes="44" />
            </VoteType>
            <VoteType name="Provisional" votes="1">
                <Precinct name="Helena" votes="0" />
                <Precinct name="Jacksonville" votes="0" />
                <Precinct name="Lumber-City" votes="0" />
                <Precinct name="McRae" votes="1" />
                <Precinct name="Milan" votes="0" />
                <Precinct name="Scotland" votes="0" />
            </VoteType>
        </Choice>
    </Contest>
    <Contest key="110" text="District Attorney, Oconee Circuit" isQuestion="false" precinctsReporting="6" precinctsReported="6">
        <VoteType name="Number of Precincts for Race" votes="6">
            <Precinct name="Helena" votes="1" />
            <Precinct name="Jacksonville" votes="1" />
            <Precinct name="Lumber-City" votes="1" />
            <Precinct name="McRae" votes="1" />
            <Precinct name="Milan" votes="1" />
            <Precinct name="Scotland" votes="1" />
        </VoteType>
        <VoteType name="Number of Precincts Reporting" votes="6">
            <Precinct name="Helena" votes="1" />
            <Precinct name="Jacksonville" votes="1" />
            <Precinct name="Lumber-City" votes="1" />
            <Precinct name="McRae" votes="1" />
            <Precinct name="Milan" votes="1" />
            <Precinct name="Scotland" votes="1" />
        </VoteType>
        <Choice key="10" text="TIMOTHY G. VAUGHN (I)" totalVotes="2784">
            <VoteType name="Election Day" votes="1530">
                <Precinct name="Helena" votes="253" />
                <Precinct name="Jacksonville" votes="179" />
                <Precinct name="Lumber-City" votes="260" />
                <Precinct name="McRae" votes="438" />
                <Precinct name="Milan" votes="275" />
                <Precinct name="Scotland" votes="125" />
            </VoteType>
            <VoteType name="Absentee by Mail" votes="151">
                <Precinct name="Helena" votes="16" />
                <Precinct name="Jacksonville" votes="18" />
                <Precinct name="Lumber-City" votes="25" />
                <Precinct name="McRae" votes="64" />
                <Precinct name="Milan" votes="25" />
                <Precinct name="Scotland" votes="3" />
            </VoteType>
            <VoteType name="Advance in Person" votes="1102">
                <Precinct name="Helena" votes="184" />
                <Precinct name="Jacksonville" votes="95" />
                <Precinct name="Lumber-City" votes="100" />
                <Precinct name="McRae" votes="559" />
                <Precinct name="Milan" votes="121" />
                <Precinct name="Scotland" votes="43" />
            </VoteType>
            <VoteType name="Provisional" votes="1">
                <Precinct name="Helena" votes="0" />
                <Precinct name="Jacksonville" votes="0" />
                <Precinct name="Lumber-City" votes="0" />
                <Precinct name="McRae" votes="1" />
                <Precinct name="Milan" votes="0" />
                <Precinct name="Scotland" votes="0" />
            </VoteType>
        </Choice>
    </Contest>
    <Contest key="140" text="JUDGE, PROBATE COURT" isQuestion="false" precinctsReporting="6" precinctsReported="6">
        <VoteType name="Number of Precincts for Race" votes="6">
            <Precinct name="Helena" votes="1" />
            <Precinct name="Jacksonville" votes="1" />
            <Precinct name="Lumber-City" votes="1" />
            <Precinct name="McRae" votes="1" />
            <Precinct name="Milan" votes="1" />
            <Precinct name="Scotland" votes="1" />
        </VoteType>
        <VoteType name="Number of Precincts Reporting" votes="6">
            <Precinct name="Helena" votes="1" />
            <Precinct name="Jacksonville" votes="1" />
            <Precinct name="Lumber-City" votes="1" />
            <Precinct name="McRae" votes="1" />
            <Precinct name="Milan" votes="1" />
            <Precinct name="Scotland" votes="1" />
        </VoteType>
        <Choice key="10" text="D. M. WALKER (I) D" totalVotes="2962">
            <VoteType name="Election Day" votes="1627">
                <Precinct name="Helena" votes="265" />
                <Precinct name="Jacksonville" votes="200" />
                <Precinct name="Lumber-City" votes="286" />
                <Precinct name="McRae" votes="452" />
                <Precinct name="Milan" votes="292" />
                <Precinct name="Scotland" votes="132" />
            </VoteType>
            <VoteType name="Absentee by Mail" votes="149">
                <Precinct name="Helena" votes="16" />
                <Precinct name="Jacksonville" votes="20" />
                <Precinct name="Lumber-City" votes="20" />
                <Precinct name="McRae" votes="64" />
                <Precinct name="Milan" votes="26" />
                <Precinct name="Scotland" votes="3" />
            </VoteType>
            <VoteType name="Advance in Person" votes="1185">
                <Precinct name="Helena" votes="207" />
                <Precinct name="Jacksonville" votes="108" />
                <Precinct name="Lumber-City" votes="106" />
                <Precinct name="McRae" votes="585" />
                <Precinct name="Milan" votes="132" />
                <Precinct name="Scotland" votes="47" />
            </VoteType>
            <VoteType name="Provisional" votes="1">
                <Precinct name="Helena" votes="0" />
                <Precinct name="Jacksonville" votes="0" />
                <Precinct name="Lumber-City" votes="0" />
                <Precinct name="McRae" votes="1" />
                <Precinct name="Milan" votes="0" />
                <Precinct name="Scotland" votes="0" />
            </VoteType>
        </Choice>
    </Contest>
    <Contest key="160" text="CLERK, SUPERIOR COURT" isQuestion="false" precinctsReporting="6" precinctsReported="6">
        <VoteType name="Number of Precincts for Race" votes="6">
            <Precinct name="Helena" votes="1" />
            <Precinct name="Jacksonville" votes="1" />
            <Precinct name="Lumber-City" votes="1" />
            <Precinct name="McRae" votes="1" />
            <Precinct name="Milan" votes="1" />
            <Precinct name="Scotland" votes="1" />
        </VoteType>
        <VoteType name="Number of Precincts Reporting" votes="6">
            <Precinct name="Helena" votes="1" />
            <Precinct name="Jacksonville" votes="1" />
            <Precinct name="Lumber-City" votes="1" />
            <Precinct name="McRae" votes="1" />
            <Precinct name="Milan" votes="1" />
            <Precinct name="Scotland" votes="1" />
        </VoteType>
        <Choice key="10" text="B. THOMAS (I) D" totalVotes="2952">
            <VoteType name="Election Day" votes="1618">
                <Precinct name="Helena" votes="263" />
                <Precinct name="Jacksonville" votes="198" />
                <Precinct name="Lumber-City" votes="280" />
                <Precinct name="McRae" votes="456" />
                <Precinct name="Milan" votes="287" />
                <Precinct name="Scotland" votes="134" />
            </VoteType>
            <VoteType name="Absentee by Mail" votes="149">
                <Precinct name="Helena" votes="18" />
                <Precinct name="Jacksonville" votes="18" />
                <Precinct name="Lumber-City" votes="22" />
                <Precinct name="McRae" votes="64" />
                <Precinct name="Milan" votes="24" />
                <Precinct name="Scotland" votes="3" />
            </VoteType>
            <VoteType name="Advance in Person" votes="1184">
                <Precinct name="Helena" votes="207" />
                <Precinct name="Jacksonville" votes="108" />
                <Precinct name="Lumber-City" votes="100" />
                <Precinct name="McRae" votes="593" />
                <Precinct name="Milan" votes="129" />
                <Precinct name="Scotland" votes="47" />
            </VoteType>
            <VoteType name="Provisional" votes="1">
                <Precinct name="Helena" votes="0" />
                <Precinct name="Jacksonville" votes="0" />
                <Precinct name="Lumber-City" votes="0" />
                <Precinct name="McRae" votes="1" />
                <Precinct name="Milan" votes="0" />
                <Precinct name="Scotland" votes="0" />
            </VoteType>
        </Choice>
    </Contest>
    <Contest key="180" text="SHERIFF" isQuestion="false" precinctsReporting="6" precinctsReported="6">
        <VoteType name="Number of Precincts for Race" votes="6">
            <Precinct name="Helena" votes="1" />
            <Precinct name="Jacksonville" votes="1" />
            <Precinct name="Lumber-City" votes="1" />
            <Precinct name="McRae" votes="1" />
            <Precinct name="Milan" votes="1" />
            <Precinct name="Scotland" votes="1" />
        </VoteType>
        <VoteType name="Number of Precincts Reporting" votes="6">
            <Precinct name="Helena" votes="1" />
            <Precinct name="Jacksonville" votes="1" />
            <Precinct name="Lumber-City" votes="1" />
            <Precinct name="McRae" votes="1" />
            <Precinct name="Milan" votes="1" />
            <Precinct name="Scotland" votes="1" />
        </VoteType>
        <Choice key="10" text="C. W STEVERSON (I) D" totalVotes="2805">
            <VoteType name="Election Day" votes="1508">
                <Precinct name="Helena" votes="247" />
                <Precinct name="Jacksonville" votes="184" />
                <Precinct name="Lumber-City" votes="262" />
                <Precinct name="McRae" votes="414" />
                <Precinct name="Milan" votes="277" />
                <Precinct name="Scotland" votes="124" />
            </VoteType>
            <VoteType name="Absentee by Mail" votes="145">
                <Precinct name="Helena" votes="18" />
                <Precinct name="Jacksonville" votes="18" />
                <Precinct name="Lumber-City" votes="19" />
                <Precinct name="McRae" votes="64" />
                <Precinct name="Milan" votes="23" />
                <Precinct name="Scotland" votes="3" />
            </VoteType>
            <VoteType name="Advance in Person" votes="1151">
                <Precinct name="Helena" votes="194" />
                <Precinct name="Jacksonville" votes="109" />
                <Precinct name="Lumber-City" votes="96" />
                <Precinct name="McRae" votes="581" />
                <Precinct name="Milan" votes="126" />
                <Precinct name="Scotland" votes="45" />
            </VoteType>
            <VoteType name="Provisional" votes="1">
                <Precinct name="Helena" votes="0" />
                <Precinct name="Jacksonville" votes="0" />
                <Precinct name="Lumber-City" votes="0" />
                <Precinct name="McRae" votes="1" />
                <Precinct name="Milan" votes="0" />
                <Precinct name="Scotland" votes="0" />
            </VoteType>
        </Choice>
    </Contest>
    <Contest key="200" text="TAX COMMISSIONER" isQuestion="false" precinctsReporting="6" precinctsReported="6">
        <VoteType name="Number of Precincts for Race" votes="6">
            <Precinct name="Helena" votes="1" />
            <Precinct name="Jacksonville" votes="1" />
            <Precinct name="Lumber-City" votes="1" />
            <Precinct name="McRae" votes="1" />
            <Precinct name="Milan" votes="1" />
            <Precinct name="Scotland" votes="1" />
        </VoteType>
        <VoteType name="Number of Precincts Reporting" votes="6">
            <Precinct name="Helena" votes="1" />
            <Precinct name="Jacksonville" votes="1" />
            <Precinct name="Lumber-City" votes="1" />
            <Precinct name="McRae" votes="1" />
            <Precinct name="Milan" votes="1" />
            <Precinct name="Scotland" votes="1" />
        </VoteType>
        <Choice key="10" text="S. SMITH (I) D" totalVotes="2855">
            <VoteType name="Election Day" votes="1575">
                <Precinct name="Helena" votes="253" />
                <Precinct name="Jacksonville" votes="194" />
                <Precinct name="Lumber-City" votes="279" />
                <Precinct name="McRae" votes="453" />
                <Precinct name="Milan" votes="270" />
                <Precinct name="Scotland" votes="126" />
            </VoteType>
            <VoteType name="Absentee by Mail" votes="149">
                <Precinct name="Helena" votes="16" />
                <Precinct name="Jacksonville" votes="18" />
                <Precinct name="Lumber-City" votes="25" />
                <Precinct name="McRae" votes="66" />
                <Precinct name="Milan" votes="21" />
                <Precinct name="Scotland" votes="3" />
            </VoteType>
            <VoteType name="Advance in Person" votes="1130">
                <Precinct name="Helena" votes="195" />
                <Precinct name="Jacksonville" votes="94" />
                <Precinct name="Lumber-City" votes="107" />
                <Precinct name="McRae" votes="564" />
                <Precinct name="Milan" votes="123" />
                <Precinct name="Scotland" votes="47" />
            </VoteType>
            <VoteType name="Provisional" votes="1">
                <Precinct name="Helena" votes="0" />
                <Precinct name="Jacksonville" votes="0" />
                <Precinct name="Lumber-City" votes="0" />
                <Precinct name="McRae" votes="1" />
                <Precinct name="Milan" votes="0" />
                <Precinct name="Scotland" votes="0" />
            </VoteType>
        </Choice>
    </Contest>
    <Contest key="220" text="SURVEYOR" isQuestion="false" precinctsReporting="6" precinctsReported="6">
        <VoteType name="Number of Precincts for Race" votes="6">
            <Precinct name="Helena" votes="1" />
            <Precinct name="Jacksonville" votes="1" />
            <Precinct name="Lumber-City" votes="1" />
            <Precinct name="McRae" votes="1" />
            <Precinct name="Milan" votes="1" />
            <Precinct name="Scotland" votes="1" />
        </VoteType>
        <VoteType name="Number of Precincts Reporting" votes="6">
            <Precinct name="Helena" votes="1" />
            <Precinct name="Jacksonville" votes="1" />
            <Precinct name="Lumber-City" votes="1" />
            <Precinct name="McRae" votes="1" />
            <Precinct name="Milan" votes="1" />
            <Precinct name="Scotland" votes="1" />
        </VoteType>
        <Choice key="10" text="J. BONEY (D)" totalVotes="2868">
            <VoteType name="Election Day" votes="1560">
                <Precinct name="Helena" votes="246" />
                <Precinct name="Jacksonville" votes="198" />
                <Precinct name="Lumber-City" votes="267" />
                <Precinct name="McRae" votes="434" />
                <Precinct name="Milan" votes="288" />
                <Precinct name="Scotland" votes="127" />
            </VoteType>
            <VoteType name="Absentee by Mail" votes="153">
                <Precinct name="Helena" votes="17" />
                <Precinct name="Jacksonville" votes="19" />
                <Precinct name="Lumber-City" votes="24" />
                <Precinct name="McRae" votes="62" />
                <Precinct name="Milan" votes="28" />
                <Precinct name="Scotland" votes="3" />
            </VoteType>
            <VoteType name="Advance in Person" votes="1154">
                <Precinct name="Helena" votes="199" />
                <Precinct name="Jacksonville" votes="107" />
                <Precinct name="Lumber-City" votes="98" />
                <Precinct name="McRae" votes="571" />
                <Precinct name="Milan" votes="133" />
                <Precinct name="Scotland" votes="46" />
            </VoteType>
            <VoteType name="Provisional" votes="1">
                <Precinct name="Helena" votes="0" />
                <Precinct name="Jacksonville" votes="0" />
                <Precinct name="Lumber-City" votes="0" />
                <Precinct name="McRae" votes="1" />
                <Precinct name="Milan" votes="0" />
                <Precinct name="Scotland" votes="0" />
            </VoteType>
        </Choice>
    </Contest>
    <Contest key="240" text="CORONER" isQuestion="false" precinctsReporting="6" precinctsReported="6">
        <VoteType name="Number of Precincts for Race" votes="6">
            <Precinct name="Helena" votes="1" />
            <Precinct name="Jacksonville" votes="1" />
            <Precinct name="Lumber-City" votes="1" />
            <Precinct name="McRae" votes="1" />
            <Precinct name="Milan" votes="1" />
            <Precinct name="Scotland" votes="1" />
        </VoteType>
        <VoteType name="Number of Precincts Reporting" votes="6">
            <Precinct name="Helena" votes="1" />
            <Precinct name="Jacksonville" votes="1" />
            <Precinct name="Lumber-City" votes="1" />
            <Precinct name="McRae" votes="1" />
            <Precinct name="Milan" votes="1" />
            <Precinct name="Scotland" votes="1" />
        </VoteType>
        <Choice key="10" text="J. W. BARNES (D)" totalVotes="2658">
            <VoteType name="Election Day" votes="1469">
                <Precinct name="Helena" votes="248" />
                <Precinct name="Jacksonville" votes="171" />
                <Precinct name="Lumber-City" votes="257" />
                <Precinct name="McRae" votes="423" />
                <Precinct name="Milan" votes="249" />
                <Precinct name="Scotland" votes="121" />
            </VoteType>
            <VoteType name="Absentee by Mail" votes="140">
                <Precinct name="Helena" votes="14" />
                <Precinct name="Jacksonville" votes="17" />
                <Precinct name="Lumber-City" votes="20" />
                <Precinct name="McRae" votes="64" />
                <Precinct name="Milan" votes="22" />
                <Precinct name="Scotland" votes="3" />
            </VoteType>
            <VoteType name="Advance in Person" votes="1049">
                <Precinct name="Helena" votes="186" />
                <Precinct name="Jacksonville" votes="90" />
                <Precinct name="Lumber-City" votes="92" />
                <Precinct name="McRae" votes="527" />
                <Precinct name="Milan" votes="111" />
                <Precinct name="Scotland" votes="43" />
            </VoteType>
            <VoteType name="Provisional" votes="0">
                <Precinct name="Helena" votes="0" />
                <Precinct name="Jacksonville" votes="0" />
                <Precinct name="Lumber-City" votes="0" />
                <Precinct name="McRae" votes="0" />
                <Precinct name="Milan" votes="0" />
                <Precinct name="Scotland" votes="0" />
            </VoteType>
        </Choice>
    </Contest>
    <Contest key="260" text="CHIEF MAGISTRATE" isQuestion="false" precinctsReporting="6" precinctsReported="6">
        <VoteType name="Number of Precincts for Race" votes="6">
            <Precinct name="Helena" votes="1" />
            <Precinct name="Jacksonville" votes="1" />
            <Precinct name="Lumber-City" votes="1" />
            <Precinct name="McRae" votes="1" />
            <Precinct name="Milan" votes="1" />
            <Precinct name="Scotland" votes="1" />
        </VoteType>
        <VoteType name="Number of Precincts Reporting" votes="6">
            <Precinct name="Helena" votes="1" />
            <Precinct name="Jacksonville" votes="1" />
            <Precinct name="Lumber-City" votes="1" />
            <Precinct name="McRae" votes="1" />
            <Precinct name="Milan" votes="1" />
            <Precinct name="Scotland" votes="1" />
        </VoteType>
        <Choice key="10" text="B. O. SELPH (I) D" totalVotes="2763">
            <VoteType name="Election Day" votes="1519">
                <Precinct name="Helena" votes="246" />
                <Precinct name="Jacksonville" votes="185" />
                <Precinct name="Lumber-City" votes="261" />
                <Precinct name="McRae" votes="431" />
                <Precinct name="Milan" votes="275" />
                <Precinct name="Scotland" votes="121" />
            </VoteType>
            <VoteType name="Absentee by Mail" votes="147">
                <Precinct name="Helena" votes="15" />
                <Precinct name="Jacksonville" votes="20" />
                <Precinct name="Lumber-City" votes="19" />
                <Precinct name="McRae" votes="67" />
                <Precinct name="Milan" votes="23" />
                <Precinct name="Scotland" votes="3" />
            </VoteType>
            <VoteType name="Advance in Person" votes="1096">
                <Precinct name="Helena" votes="191" />
                <Precinct name="Jacksonville" votes="99" />
                <Precinct name="Lumber-City" votes="96" />
                <Precinct name="McRae" votes="544" />
                <Precinct name="Milan" votes="120" />
                <Precinct name="Scotland" votes="46" />
            </VoteType>
            <VoteType name="Provisional" votes="1">
                <Precinct name="Helena" votes="0" />
                <Precinct name="Jacksonville" votes="0" />
                <Precinct name="Lumber-City" votes="0" />
                <Precinct name="McRae" votes="1" />
                <Precinct name="Milan" votes="0" />
                <Precinct name="Scotland" votes="0" />
            </VoteType>
        </Choice>
    </Contest>
    <Contest key="280" text="CC, D2" isQuestion="false" precinctsReporting="3" precinctsReported="3">
        <VoteType name="Number of Precincts for Race" votes="3">
            <Precinct name="Lumber-City" votes="1" />
            <Precinct name="McRae" votes="1" />
            <Precinct name="Scotland" votes="1" />
        </VoteType>
        <VoteType name="Number of Precincts Reporting" votes="3">
            <Precinct name="Lumber-City" votes="1" />
            <Precinct name="McRae" votes="1" />
            <Precinct name="Scotland" votes="1" />
        </VoteType>
        <Choice key="10" text="A. MOORE (I) D" totalVotes="475">
            <VoteType name="Election Day" votes="358">
                <Precinct name="Lumber-City" votes="196" />
                <Precinct name="McRae" votes="39" />
                <Precinct name="Scotland" votes="123" />
            </VoteType>
            <VoteType name="Absentee by Mail" votes="21">
                <Precinct name="Lumber-City" votes="12" />
                <Precinct name="McRae" votes="6" />
                <Precinct name="Scotland" votes="3" />
            </VoteType>
            <VoteType name="Advance in Person" votes="96">
                <Precinct name="Lumber-City" votes="43" />
                <Precinct name="McRae" votes="9" />
                <Precinct name="Scotland" votes="44" />
            </VoteType>
            <VoteType name="Provisional" votes="0">
                <Precinct name="Lumber-City" votes="0" />
                <Precinct name="McRae" votes="0" />
                <Precinct name="Scotland" votes="0" />
            </VoteType>
        </Choice>
    </Contest>
    <Contest key="290" text="CC, D3" isQuestion="false" precinctsReporting="4" precinctsReported="4">
        <VoteType name="Number of Precincts for Race" votes="4">
            <Precinct name="Jacksonville" votes="1" />
            <Precinct name="Lumber-City" votes="1" />
            <Precinct name="McRae" votes="1" />
            <Precinct name="Milan" votes="1" />
        </VoteType>
        <VoteType name="Number of Precincts Reporting" votes="4">
            <Precinct name="Jacksonville" votes="1" />
            <Precinct name="Lumber-City" votes="1" />
            <Precinct name="McRae" votes="1" />
            <Precinct name="Milan" votes="1" />
        </VoteType>
        <Choice key="10" text="P. E. RAY (I) R" totalVotes="364">
            <VoteType name="Election Day" votes="190">
                <Precinct name="Jacksonville" votes="74" />
                <Precinct name="Lumber-City" votes="69" />
                <Precinct name="McRae" votes="28" />
                <Precinct name="Milan" votes="19" />
            </VoteType>
            <VoteType name="Absentee by Mail" votes="21">
                <Precinct name="Jacksonville" votes="5" />
                <Precinct name="Lumber-City" votes="7" />
                <Precinct name="McRae" votes="3" />
                <Precinct name="Milan" votes="6" />
            </VoteType>
            <VoteType name="Advance in Person" votes="153">
                <Precinct name="Jacksonville" votes="59" />
                <Precinct name="Lumber-City" votes="37" />
                <Precinct name="McRae" votes="48" />
                <Precinct name="Milan" votes="9" />
            </VoteType>
            <VoteType name="Provisional" votes="0">
                <Precinct name="Jacksonville" votes="0" />
                <Precinct name="Lumber-City" votes="0" />
                <Precinct name="McRae" votes="0" />
                <Precinct name="Milan" votes="0" />
            </VoteType>
        </Choice>
        <Choice key="20" text="J. D. BOONE (D)" totalVotes="511">
            <VoteType name="Election Day" votes="282">
                <Precinct name="Jacksonville" votes="173" />
                <Precinct name="Lumber-City" votes="29" />
                <Precinct name="McRae" votes="34" />
                <Precinct name="Milan" votes="46" />
            </VoteType>
            <VoteType name="Absentee by Mail" votes="39">
                <Precinct name="Jacksonville" votes="31" />
                <Precinct name="Lumber-City" votes="4" />
                <Precinct name="McRae" votes="3" />
                <Precinct name="Milan" votes="1" />
            </VoteType>
            <VoteType name="Advance in Person" votes="189">
                <Precinct name="Jacksonville" votes="75" />
                <Precinct name="Lumber-City" votes="39" />
                <Precinct name="McRae" votes="52" />
                <Precinct name="Milan" votes="23" />
            </VoteType>
            <VoteType name="Provisional" votes="1">
                <Precinct name="Jacksonville" votes="0" />
                <Precinct name="Lumber-City" votes="0" />
                <Precinct name="McRae" votes="1" />
                <Precinct name="Milan" votes="0" />
            </VoteType>
        </Choice>
    </Contest>
    <Contest key="320" text="CC, D4" isQuestion="false" precinctsReporting="3" precinctsReported="3">
        <VoteType name="Number of Precincts for Race" votes="3">
            <Precinct name="Helena" votes="1" />
            <Precinct name="McRae" votes="1" />
            <Precinct name="Milan" votes="1" />
        </VoteType>
        <VoteType name="Number of Precincts Reporting" votes="3">
            <Precinct name="Helena" votes="1" />
            <Precinct name="McRae" votes="1" />
            <Precinct name="Milan" votes="1" />
        </VoteType>
        <Choice key="40" text="N. STANLEY (D)" totalVotes="703">
            <VoteType name="Election Day" votes="396">
                <Precinct name="Helena" votes="153" />
                <Precinct name="McRae" votes="15" />
                <Precinct name="Milan" votes="228" />
            </VoteType>
            <VoteType name="Absentee by Mail" votes="31">
                <Precinct name="Helena" votes="9" />
                <Precinct name="McRae" votes="2" />
                <Precinct name="Milan" votes="20" />
            </VoteType>
            <VoteType name="Advance in Person" votes="276">
                <Precinct name="Helena" votes="133" />
                <Precinct name="McRae" votes="42" />
                <Precinct name="Milan" votes="101" />
            </VoteType>
            <VoteType name="Provisional" votes="0">
                <Precinct name="Helena" votes="0" />
                <Precinct name="McRae" votes="0" />
                <Precinct name="Milan" votes="0" />
            </VoteType>
        </Choice>
    </Contest>
    <Contest key="340" text="BOE, D3" isQuestion="false" precinctsReporting="3" precinctsReported="3">
        <VoteType name="Number of Precincts for Race" votes="3">
            <Precinct name="Lumber-City" votes="1" />
            <Precinct name="McRae" votes="1" />
            <Precinct name="Scotland" votes="1" />
        </VoteType>
        <VoteType name="Number of Precincts Reporting" votes="3">
            <Precinct name="Lumber-City" votes="1" />
            <Precinct name="McRae" votes="1" />
            <Precinct name="Scotland" votes="1" />
        </VoteType>
        <Choice key="10" text="L. NEAL (I)" totalVotes="434">
            <VoteType name="Election Day" votes="267">
                <Precinct name="Lumber-City" votes="6" />
                <Precinct name="McRae" votes="138" />
                <Precinct name="Scotland" votes="123" />
            </VoteType>
            <VoteType name="Absentee by Mail" votes="16">
                <Precinct name="Lumber-City" votes="0" />
                <Precinct name="McRae" votes="13" />
                <Precinct name="Scotland" votes="3" />
            </VoteType>
            <VoteType name="Advance in Person" votes="151">
                <Precinct name="Lumber-City" votes="7" />
                <Precinct name="McRae" votes="104" />
                <Precinct name="Scotland" votes="40" />
            </VoteType>
            <VoteType name="Provisional" votes="0">
                <Precinct name="Lumber-City" votes="0" />
                <Precinct name="McRae" votes="0" />
                <Precinct name="Scotland" votes="0" />
            </VoteType>
        </Choice>
    </Contest>
    <Contest key="360" text="BOE, D5" isQuestion="false" precinctsReporting="1" precinctsReported="1">
        <VoteType name="Number of Precincts for Race" votes="1">
            <Precinct name="McRae" votes="1" />
        </VoteType>
        <VoteType name="Number of Precincts Reporting" votes="1">
            <Precinct name="McRae" votes="1" />
        </VoteType>
        <Choice key="10" text="C. A. CLARK (I) D" totalVotes="492">
            <VoteType name="Election Day" votes="173">
                <Precinct name="McRae" votes="173" />
            </VoteType>
            <VoteType name="Absentee by Mail" votes="34">
                <Precinct name="McRae" votes="34" />
            </VoteType>
            <VoteType name="Advance in Person" votes="285">
                <Precinct name="McRae" votes="285" />
            </VoteType>
            <VoteType name="Provisional" votes="0">
                <Precinct name="McRae" votes="0" />
            </VoteType>
        </Choice>
    </Contest>
    <Contest key="380" text="BOE, D6" isQuestion="false" precinctsReporting="3" precinctsReported="3">
        <VoteType name="Number of Precincts for Race" votes="3">
            <Precinct name="Jacksonville" votes="1" />
            <Precinct name="Lumber-City" votes="1" />
            <Precinct name="Milan" votes="1" />
        </VoteType>
        <VoteType name="Number of Precincts Reporting" votes="3">
            <Precinct name="Jacksonville" votes="1" />
            <Precinct name="Lumber-City" votes="1" />
            <Precinct name="Milan" votes="1" />
        </VoteType>
        <Choice key="10" text="L. R. BONEY (I) D" totalVotes="484">
            <VoteType name="Election Day" votes="288">
                <Precinct name="Jacksonville" votes="188" />
                <Precinct name="Lumber-City" votes="34" />
                <Precinct name="Milan" votes="66" />
            </VoteType>
            <VoteType name="Absentee by Mail" votes="28">
                <Precinct name="Jacksonville" votes="18" />
                <Precinct name="Lumber-City" votes="2" />
                <Precinct name="Milan" votes="8" />
            </VoteType>
            <VoteType name="Advance in Person" votes="168">
                <Precinct name="Jacksonville" votes="101" />
                <Precinct name="Lumber-City" votes="34" />
                <Precinct name="Milan" votes="33" />
            </VoteType>
            <VoteType name="Provisional" votes="0">
                <Precinct name="Jacksonville" votes="0" />
                <Precinct name="Lumber-City" votes="0" />
                <Precinct name="Milan" votes="0" />
            </VoteType>
        </Choice>
    </Contest>
    <Contest key="400" text="SOIL AND WATER" isQuestion="false" precinctsReporting="6" precinctsReported="6">
        <VoteType name="Number of Precincts for Race" votes="6">
            <Precinct name="Helena" votes="1" />
            <Precinct name="Jacksonville" votes="1" />
            <Precinct name="Lumber-City" votes="1" />
            <Precinct name="McRae" votes="1" />
            <Precinct name="Milan" votes="1" />
            <Precinct name="Scotland" votes="1" />
        </VoteType>
        <VoteType name="Number of Precincts Reporting" votes="6">
            <Precinct name="Helena" votes="1" />
            <Precinct name="Jacksonville" votes="1" />
            <Precinct name="Lumber-City" votes="1" />
            <Precinct name="McRae" votes="1" />
            <Precinct name="Milan" votes="1" />
            <Precinct name="Scotland" votes="1" />
        </VoteType>
        <Choice key="10" text="G. R. SPIRES (I)" totalVotes="2643">
            <VoteType name="Election Day" votes="1458">
                <Precinct name="Helena" votes="237" />
                <Precinct name="Jacksonville" votes="179" />
                <Precinct name="Lumber-City" votes="258" />
                <Precinct name="McRae" votes="396" />
                <Precinct name="Milan" votes="266" />
                <Precinct name="Scotland" votes="122" />
            </VoteType>
            <VoteType name="Absentee by Mail" votes="116">
                <Precinct name="Helena" votes="12" />
                <Precinct name="Jacksonville" votes="17" />
                <Precinct name="Lumber-City" votes="14" />
                <Precinct name="McRae" votes="49" />
                <Precinct name="Milan" votes="22" />
                <Precinct name="Scotland" votes="2" />
            </VoteType>
            <VoteType name="Advance in Person" votes="1068">
                <Precinct name="Helena" votes="184" />
                <Precinct name="Jacksonville" votes="103" />
                <Precinct name="Lumber-City" votes="101" />
                <Precinct name="McRae" votes="517" />
                <Precinct name="Milan" votes="121" />
                <Precinct name="Scotland" votes="42" />
            </VoteType>
            <VoteType name="Provisional" votes="1">
                <Precinct name="Helena" votes="0" />
                <Precinct name="Jacksonville" votes="0" />
                <Precinct name="Lumber-City" votes="0" />
                <Precinct name="McRae" votes="1" />
                <Precinct name="Milan" votes="0" />
                <Precinct name="Scotland" votes="0" />
            </VoteType>
        </Choice>
    </Contest>
    <Contest key="410" text="Constitutional Amendment #1&lt;br&gt;Provides greater flexibility and state accountability to fix failing schools through increasing community involvement." isQuestion="false" precinctsReporting="6" precinctsReported="6">
        <VoteType name="Number of Precincts for Race" votes="6">
            <Precinct name="Helena" votes="1" />
            <Precinct name="Jacksonville" votes="1" />
            <Precinct name="Lumber-City" votes="1" />
            <Precinct name="McRae" votes="1" />
            <Precinct name="Milan" votes="1" />
            <Precinct name="Scotland" votes="1" />
        </VoteType>
        <VoteType name="Number of Precincts Reporting" votes="6">
            <Precinct name="Helena" votes="1" />
            <Precinct name="Jacksonville" votes="1" />
            <Precinct name="Lumber-City" votes="1" />
            <Precinct name="McRae" votes="1" />
            <Precinct name="Milan" votes="1" />
            <Precinct name="Scotland" votes="1" />
        </VoteType>
        <Choice key="10" text="YES" totalVotes="1050">
            <VoteType name="Election Day" votes="622">
                <Precinct name="Helena" votes="113" />
                <Precinct name="Jacksonville" votes="76" />
                <Precinct name="Lumber-City" votes="114" />
                <Precinct name="McRae" votes="181" />
                <Precinct name="Milan" votes="92" />
                <Precinct name="Scotland" votes="46" />
            </VoteType>
            <VoteType name="Absentee by Mail" votes="54">
                <Precinct name="Helena" votes="5" />
                <Precinct name="Jacksonville" votes="6" />
                <Precinct name="Lumber-City" votes="8" />
                <Precinct name="McRae" votes="29" />
                <Precinct name="Milan" votes="3" />
                <Precinct name="Scotland" votes="3" />
            </VoteType>
            <VoteType name="Advance in Person" votes="374">
                <Precinct name="Helena" votes="87" />
                <Precinct name="Jacksonville" votes="36" />
                <Precinct name="Lumber-City" votes="29" />
                <Precinct name="McRae" votes="185" />
                <Precinct name="Milan" votes="25" />
                <Precinct name="Scotland" votes="12" />
            </VoteType>
            <VoteType name="Provisional" votes="0">
                <Precinct name="Helena" votes="0" />
                <Precinct name="Jacksonville" votes="0" />
                <Precinct name="Lumber-City" votes="0" />
                <Precinct name="McRae" votes="0" />
                <Precinct name="Milan" votes="0" />
                <Precinct name="Scotland" votes="0" />
            </VoteType>
        </Choice>
        <Choice key="20" text="NO" totalVotes="2565">
            <VoteType name="Election Day" votes="1262">
                <Precinct name="Helena" votes="196" />
                <Precinct name="Jacksonville" votes="157" />
                <Precinct name="Lumber-City" votes="223" />
                <Precinct name="McRae" votes="342" />
                <Precinct name="Milan" votes="244" />
                <Precinct name="Scotland" votes="100" />
            </VoteType>
            <VoteType name="Absentee by Mail" votes="270">
                <Precinct name="Helena" votes="19" />
                <Precinct name="Jacksonville" votes="30" />
                <Precinct name="Lumber-City" votes="112" />
                <Precinct name="McRae" votes="81" />
                <Precinct name="Milan" votes="28" />
                <Precinct name="Scotland" votes="0" />
            </VoteType>
            <VoteType name="Advance in Person" votes="1032">
                <Precinct name="Helena" votes="153" />
                <Precinct name="Jacksonville" votes="92" />
                <Precinct name="Lumber-City" votes="106" />
                <Precinct name="McRae" votes="514" />
                <Precinct name="Milan" votes="127" />
                <Precinct name="Scotland" votes="40" />
            </VoteType>
            <VoteType name="Provisional" votes="1">
                <Precinct name="Helena" votes="0" />
                <Precinct name="Jacksonville" votes="0" />
                <Precinct name="Lumber-City" votes="0" />
                <Precinct name="McRae" votes="1" />
                <Precinct name="Milan" votes="0" />
                <Precinct name="Scotland" votes="0" />
            </VoteType>
        </Choice>
    </Contest>
    <Contest key="420" text="Constitutional Amendment #2&lt;br&gt;Authorizes penalties for sexual exploitation and assessments on adult entertainment to fund child victims' services." isQuestion="false" precinctsReporting="6" precinctsReported="6">
        <VoteType name="Number of Precincts for Race" votes="6">
            <Precinct name="Helena" votes="1" />
            <Precinct name="Jacksonville" votes="1" />
            <Precinct name="Lumber-City" votes="1" />
            <Precinct name="McRae" votes="1" />
            <Precinct name="Milan" votes="1" />
            <Precinct name="Scotland" votes="1" />
        </VoteType>
        <VoteType name="Number of Precincts Reporting" votes="6">
            <Precinct name="Helena" votes="1" />
            <Precinct name="Jacksonville" votes="1" />
            <Precinct name="Lumber-City" votes="1" />
            <Precinct name="McRae" votes="1" />
            <Precinct name="Milan" votes="1" />
            <Precinct name="Scotland" votes="1" />
        </VoteType>
        <Choice key="10" text="YES" totalVotes="2641">
            <VoteType name="Election Day" votes="1392">
                <Precinct name="Helena" votes="231" />
                <Precinct name="Jacksonville" votes="166" />
                <Precinct name="Lumber-City" votes="255" />
                <Precinct name="McRae" votes="372" />
                <Precinct name="Milan" votes="250" />
                <Precinct name="Scotland" votes="118" />
            </VoteType>
            <VoteType name="Absentee by Mail" votes="189">
                <Precinct name="Helena" votes="20" />
                <Precinct name="Jacksonville" votes="21" />
                <Precinct name="Lumber-City" votes="40" />
                <Precinct name="McRae" votes="79" />
                <Precinct name="Milan" votes="28" />
                <Precinct name="Scotland" votes="1" />
            </VoteType>
            <VoteType name="Advance in Person" votes="1060">
                <Precinct name="Helena" votes="184" />
                <Precinct name="Jacksonville" votes="92" />
                <Precinct name="Lumber-City" votes="97" />
                <Precinct name="McRae" votes="532" />
                <Precinct name="Milan" votes="114" />
                <Precinct name="Scotland" votes="41" />
            </VoteType>
            <VoteType name="Provisional" votes="0">
                <Precinct name="Helena" votes="0" />
                <Precinct name="Jacksonville" votes="0" />
                <Precinct name="Lumber-City" votes="0" />
                <Precinct name="McRae" votes="0" />
                <Precinct name="Milan" votes="0" />
                <Precinct name="Scotland" votes="0" />
            </VoteType>
        </Choice>
        <Choice key="20" text="NO" totalVotes="767">
            <VoteType name="Election Day" votes="413">
                <Precinct name="Helena" votes="63" />
                <Precinct name="Jacksonville" votes="59" />
                <Precinct name="Lumber-City" votes="66" />
                <Precinct name="McRae" votes="134" />
                <Precinct name="Milan" votes="66" />
                <Precinct name="Scotland" votes="25" />
            </VoteType>
            <VoteType name="Absentee by Mail" votes="61">
                <Precinct name="Helena" votes="5" />
                <Precinct name="Jacksonville" votes="13" />
                <Precinct name="Lumber-City" votes="8" />
                <Precinct name="McRae" votes="32" />
                <Precinct name="Milan" votes="1" />
                <Precinct name="Scotland" votes="2" />
            </VoteType>
            <VoteType name="Advance in Person" votes="292">
                <Precinct name="Helena" votes="47" />
                <Precinct name="Jacksonville" votes="31" />
                <Precinct name="Lumber-City" votes="32" />
                <Precinct name="McRae" votes="141" />
                <Precinct name="Milan" votes="34" />
                <Precinct name="Scotland" votes="7" />
            </VoteType>
            <VoteType name="Provisional" votes="1">
                <Precinct name="Helena" votes="0" />
                <Precinct name="Jacksonville" votes="0" />
                <Precinct name="Lumber-City" votes="0" />
                <Precinct name="McRae" votes="1" />
                <Precinct name="Milan" votes="0" />
                <Precinct name="Scotland" votes="0" />
            </VoteType>
        </Choice>
    </Contest>
    <Contest key="430" text="Constitutional Amendment #3&lt;br&gt;Reforms and re-establishes the Judicial Qualifications Commission and provides for its composition, governance, and powers." isQuestion="false" precinctsReporting="6" precinctsReported="6">
        <VoteType name="Number of Precincts for Race" votes="6">
            <Precinct name="Helena" votes="1" />
            <Precinct name="Jacksonville" votes="1" />
            <Precinct name="Lumber-City" votes="1" />
            <Precinct name="McRae" votes="1" />
            <Precinct name="Milan" votes="1" />
            <Precinct name="Scotland" votes="1" />
        </VoteType>
        <VoteType name="Number of Precincts Reporting" votes="6">
            <Precinct name="Helena" votes="1" />
            <Precinct name="Jacksonville" votes="1" />
            <Precinct name="Lumber-City" votes="1" />
            <Precinct name="McRae" votes="1" />
            <Precinct name="Milan" votes="1" />
            <Precinct name="Scotland" votes="1" />
        </VoteType>
        <Choice key="10" text="YES" totalVotes="1769">
            <VoteType name="Election Day" votes="979">
                <Precinct name="Helena" votes="167" />
                <Precinct name="Jacksonville" votes="121" />
                <Precinct name="Lumber-City" votes="174" />
                <Precinct name="McRae" votes="264" />
                <Precinct name="Milan" votes="178" />
                <Precinct name="Scotland" votes="75" />
            </VoteType>
            <VoteType name="Absentee by Mail" votes="131">
                <Precinct name="Helena" votes="17" />
                <Precinct name="Jacksonville" votes="8" />
                <Precinct name="Lumber-City" votes="38" />
                <Precinct name="McRae" votes="55" />
                <Precinct name="Milan" votes="11" />
                <Precinct name="Scotland" votes="2" />
            </VoteType>
            <VoteType name="Advance in Person" votes="659">
                <Precinct name="Helena" votes="120" />
                <Precinct name="Jacksonville" votes="61" />
                <Precinct name="Lumber-City" votes="64" />
                <Precinct name="McRae" votes="317" />
                <Precinct name="Milan" votes="64" />
                <Precinct name="Scotland" votes="33" />
            </VoteType>
            <VoteType name="Provisional" votes="0">
                <Precinct name="Helena" votes="0" />
                <Precinct name="Jacksonville" votes="0" />
                <Precinct name="Lumber-City" votes="0" />
                <Precinct name="McRae" votes="0" />
                <Precinct name="Milan" votes="0" />
                <Precinct name="Scotland" votes="0" />
            </VoteType>
        </Choice>
        <Choice key="20" text="NO" totalVotes="1425">
            <VoteType name="Election Day" votes="720">
                <Precinct name="Helena" votes="113" />
                <Precinct name="Jacksonville" votes="95" />
                <Precinct name="Lumber-City" votes="126" />
                <Precinct name="McRae" votes="203" />
                <Precinct name="Milan" votes="125" />
                <Precinct name="Scotland" votes="58" />
            </VoteType>
            <VoteType name="Absentee by Mail" votes="115">
                <Precinct name="Helena" votes="7" />
                <Precinct name="Jacksonville" votes="26" />
                <Precinct name="Lumber-City" votes="13" />
                <Precinct name="McRae" votes="50" />
                <Precinct name="Milan" votes="19" />
                <Precinct name="Scotland" votes="0" />
            </VoteType>
            <VoteType name="Advance in Person" votes="589">
                <Precinct name="Helena" votes="90" />
                <Precinct name="Jacksonville" votes="56" />
                <Precinct name="Lumber-City" votes="55" />
                <Precinct name="McRae" votes="303" />
                <Precinct name="Milan" votes="72" />
                <Precinct name="Scotland" votes="13" />
            </VoteType>
            <VoteType name="Provisional" votes="1">
                <Precinct name="Helena" votes="0" />
                <Precinct name="Jacksonville" votes="0" />
                <Precinct name="Lumber-City" votes="0" />
                <Precinct name="McRae" votes="1" />
                <Precinct name="Milan" votes="0" />
                <Precinct name="Scotland" votes="0" />
            </VoteType>
        </Choice>
    </Contest>
    <Contest key="440" text="Constitutional Amendment #4&lt;br&gt;Dedicates revenue from existing taxes on fireworks to trauma care, fire services, and public safety." isQuestion="false" precinctsReporting="6" precinctsReported="6">
        <VoteType name="Number of Precincts for Race" votes="6">
            <Precinct name="Helena" votes="1" />
            <Precinct name="Jacksonville" votes="1" />
            <Precinct name="Lumber-City" votes="1" />
            <Precinct name="McRae" votes="1" />
            <Precinct name="Milan" votes="1" />
            <Precinct name="Scotland" votes="1" />
        </VoteType>
        <VoteType name="Number of Precincts Reporting" votes="6">
            <Precinct name="Helena" votes="1" />
            <Precinct name="Jacksonville" votes="1" />
            <Precinct name="Lumber-City" votes="1" />
            <Precinct name="McRae" votes="1" />
            <Precinct name="Milan" votes="1" />
            <Precinct name="Scotland" votes="1" />
        </VoteType>
        <Choice key="10" text="YES" totalVotes="2561">
            <VoteType name="Election Day" votes="1322">
                <Precinct name="Helena" votes="226" />
                <Precinct name="Jacksonville" votes="157" />
                <Precinct name="Lumber-City" votes="235" />
                <Precinct name="McRae" votes="342" />
                <Precinct name="Milan" votes="240" />
                <Precinct name="Scotland" votes="122" />
            </VoteType>
            <VoteType name="Absentee by Mail" votes="244">
                <Precinct name="Helena" votes="17" />
                <Precinct name="Jacksonville" votes="14" />
                <Precinct name="Lumber-City" votes="103" />
                <Precinct name="McRae" votes="82" />
                <Precinct name="Milan" votes="25" />
                <Precinct name="Scotland" votes="3" />
            </VoteType>
            <VoteType name="Advance in Person" votes="994">
                <Precinct name="Helena" votes="161" />
                <Precinct name="Jacksonville" votes="87" />
                <Precinct name="Lumber-City" votes="95" />
                <Precinct name="McRae" votes="505" />
                <Precinct name="Milan" votes="104" />
                <Precinct name="Scotland" votes="42" />
            </VoteType>
            <VoteType name="Provisional" votes="1">
                <Precinct name="Helena" votes="0" />
                <Precinct name="Jacksonville" votes="0" />
                <Precinct name="Lumber-City" votes="0" />
                <Precinct name="McRae" votes="1" />
                <Precinct name="Milan" votes="0" />
                <Precinct name="Scotland" votes="0" />
            </VoteType>
        </Choice>
        <Choice key="20" text="NO" totalVotes="887">
            <VoteType name="Election Day" votes="471">
                <Precinct name="Helena" votes="67" />
                <Precinct name="Jacksonville" votes="73" />
                <Precinct name="Lumber-City" votes="81" />
                <Precinct name="McRae" votes="150" />
                <Precinct name="Milan" votes="78" />
                <Precinct name="Scotland" votes="22" />
            </VoteType>
            <VoteType name="Absentee by Mail" votes="69">
                <Precinct name="Helena" votes="7" />
                <Precinct name="Jacksonville" votes="21" />
                <Precinct name="Lumber-City" votes="7" />
                <Precinct name="McRae" votes="29" />
                <Precinct name="Milan" votes="5" />
                <Precinct name="Scotland" votes="0" />
            </VoteType>
            <VoteType name="Advance in Person" votes="347">
                <Precinct name="Helena" votes="66" />
                <Precinct name="Jacksonville" votes="39" />
                <Precinct name="Lumber-City" votes="32" />
                <Precinct name="McRae" votes="162" />
                <Precinct name="Milan" votes="39" />
                <Precinct name="Scotland" votes="9" />
            </VoteType>
            <VoteType name="Provisional" votes="0">
                <Precinct name="Helena" votes="0" />
                <Precinct name="Jacksonville" votes="0" />
                <Precinct name="Lumber-City" votes="0" />
                <Precinct name="McRae" votes="0" />
                <Precinct name="Milan" votes="0" />
                <Precinct name="Scotland" votes="0" />
            </VoteType>
        </Choice>
    </Contest>
    <Contest key="500" text="SPECIAL - Senate Bill 438" isQuestion="false" precinctsReporting="6" precinctsReported="6">
        <VoteType name="Number of Precincts for Race" votes="6">
            <Precinct name="Helena" votes="1" />
            <Precinct name="Jacksonville" votes="1" />
            <Precinct name="Lumber-City" votes="1" />
            <Precinct name="McRae" votes="1" />
            <Precinct name="Milan" votes="1" />
            <Precinct name="Scotland" votes="1" />
        </VoteType>
        <VoteType name="Number of Precincts Reporting" votes="6">
            <Precinct name="Helena" votes="1" />
            <Precinct name="Jacksonville" votes="1" />
            <Precinct name="Lumber-City" votes="1" />
            <Precinct name="McRae" votes="1" />
            <Precinct name="Milan" votes="1" />
            <Precinct name="Scotland" votes="1" />
        </VoteType>
        <Choice key="10" text="YES" totalVotes="1792">
            <VoteType name="Election Day" votes="991">
                <Precinct name="Helena" votes="171" />
                <Precinct name="Jacksonville" votes="106" />
                <Precinct name="Lumber-City" votes="168" />
                <Precinct name="McRae" votes="278" />
                <Precinct name="Milan" votes="190" />
                <Precinct name="Scotland" votes="78" />
            </VoteType>
            <VoteType name="Absentee by Mail" votes="77">
                <Precinct name="Helena" votes="8" />
                <Precinct name="Jacksonville" votes="12" />
                <Precinct name="Lumber-City" votes="7" />
                <Precinct name="McRae" votes="36" />
                <Precinct name="Milan" votes="13" />
                <Precinct name="Scotland" votes="1" />
            </VoteType>
            <VoteType name="Advance in Person" votes="724">
                <Precinct name="Helena" votes="132" />
                <Precinct name="Jacksonville" votes="64" />
                <Precinct name="Lumber-City" votes="58" />
                <Precinct name="McRae" votes="365" />
                <Precinct name="Milan" votes="80" />
                <Precinct name="Scotland" votes="25" />
            </VoteType>
            <VoteType name="Provisional" votes="0">
                <Precinct name="Helena" votes="0" />
                <Precinct name="Jacksonville" votes="0" />
                <Precinct name="Lumber-City" votes="0" />
                <Precinct name="McRae" votes="0" />
                <Precinct name="Milan" votes="0" />
                <Precinct name="Scotland" votes="0" />
            </VoteType>
        </Choice>
        <Choice key="20" text="NO" totalVotes="1893">
            <VoteType name="Election Day" votes="929">
                <Precinct name="Helena" votes="139" />
                <Precinct name="Jacksonville" votes="136" />
                <Precinct name="Lumber-City" votes="181" />
                <Precinct name="McRae" votes="250" />
                <Precinct name="Milan" votes="154" />
                <Precinct name="Scotland" votes="69" />
            </VoteType>
            <VoteType name="Absentee by Mail" votes="249">
                <Precinct name="Helena" votes="16" />
                <Precinct name="Jacksonville" votes="23" />
                <Precinct name="Lumber-City" votes="110" />
                <Precinct name="McRae" votes="80" />
                <Precinct name="Milan" votes="18" />
                <Precinct name="Scotland" votes="2" />
            </VoteType>
            <VoteType name="Advance in Person" votes="714">
                <Precinct name="Helena" votes="115" />
                <Precinct name="Jacksonville" votes="69" />
                <Precinct name="Lumber-City" votes="81" />
                <Precinct name="McRae" votes="342" />
                <Precinct name="Milan" votes="78" />
                <Precinct name="Scotland" votes="29" />
            </VoteType>
            <VoteType name="Provisional" votes="1">
                <Precinct name="Helena" votes="0" />
                <Precinct name="Jacksonville" votes="0" />
                <Precinct name="Lumber-City" votes="0" />
                <Precinct name="McRae" votes="1" />
                <Precinct name="Milan" votes="0" />
                <Precinct name="Scotland" votes="0" />
            </VoteType>
        </Choice>
    </Contest>
</ElectionResult>