"line number","contest name","choice name","party name","total votes","percent of votes","registered voters","ballots cast","num Precinct total","num Precinct rptg","over votes","under votes"
1,"President of the United States","DONALD J. TRUMP","",21784,80.36,33719,27491,16,16,"0","0"
2,"President of the United States","HILLARY CLINTON","",4491,16.57,33719,27491,16,16,"0","0"
3,"President of the United States","GARY JOHNSON","",834,3.08,33719,27491,16,16,"0","0"
4,"United States Senator, Isakson","JOHNNY ISAKSON (I)","",20965,80.36,33719,27491,16,16,"0","0"
5,"United States Senator, Isakson","JIM BARKSDALE","",3906,14.97,33719,27491,16,16,"0","0"
6,"United States Senator, Isakson","ALLEN BUCKLEY","",1217,4.66,33719,27491,16,16,"0","0"
7,"Public Service Commission, District 2 - Eastern","TIM ECHOLS (I)","",21813,84.76,33719,27485,16,16,"0","0"
8,"Public Service Commission, District 2 - Eastern","ERIC HOSKINS","",3923,15.24,33719,27485,16,16,"0","0"
9,"U.S. Representative, District 9","DOUG COLLINS (I)","",24254,100.00,33719,27491,16,16,"0","0"
10,"State Senator, District 47","FRANK GINN (I)","",12989,100.00,18225,14869,8,8,"0","0"
11,"State Senator, District 50","JOHN K WILKINSON (I)","",11119,100.00,15494,12616,8,8,"0","0"
12,"State Representative, District 31","TOMMY BENTON (I) (REP)","",21810,100.00,30179,24695,13,13,"0","0"
13,"State Representative, District 117","REGINA QUICK (I)","",2328,100.00,3540,2790,3,3,"0","0"
14,"District Attorney, Piedmont Circuit","BRAD SMITH (I)","",24002,100.00,33719,27485,16,16,"0","0"
15,"Superior Court Clerk","C. W. THOMAS (I)(R)","",24301,100.00,33719,27485,16,16,"0","0"
16,"Sheriff","J. G. MANGUM (I)(R)","",23131,86.32,33719,27485,16,16,"0","0"
17,"Sheriff","R. MOORE (D)","",3667,13.68,33719,27485,16,16,"0","0"
18,"Tax Commissioner","C. L. TAYLOR (I)(R)","",24298,100.00,33719,27485,16,16,"0","0"
19,"Surveyor","W. S. WOOD (R)","",24089,100.00,33719,27485,16,16,"0","0"
20,"Coroner","K. WHITFIELD (I)(R)","",24292,100.00,33719,27485,16,16,"0","0"
21,"Solicitor","D. E. MOORE (I)(R)","",24103,100.00,33719,27485,16,16,"0","0"
22,"County Comm Chair","T. CROW (I)(R)","",23597,100.00,33719,27485,16,16,"0","0"
23,"County Comm 1","J. HIX (I)(R)","",6532,100.00,9017,7439,4,4,"0","0"
24,"County Comm 2","C. HARDY III (I)(R)","",4936,100.00,7140,5672,5,5,"0","0"
25,"BOE 1","M. B. CRONIC (I)(R)","",4260,100.00,5846,4861,3,3,"0","0"
26,"BOE 4","L. M. WHEELER (I)(R)","",3325,100.00,4776,3845,4,4,"0","0"
27,"Soil and Water","W. JOHNSON (I)","",23620,100.00,33719,27485,16,16,"0","0"
28,"Fire Board - Arcade 2","D. MARTIN (I)","",1074,100.00,1568,1238,2,2,"0","0"
29,"Fire Board - Harrisburg 6","J. WATSON (I)","",1258,100.00,1798,1449,4,4,"0","0"
30,"Fire Board - Harrisburg 8","W. TRAMMELL","",1255,100.00,1798,1449,4,4,"0","0"
31,"Fire Board - Harrisburg 9","D. SAILORS (I)","",1265,100.00,1798,1449,4,4,"0","0"
32,"Fire Board - East Jackson 4","A. MCCOOK (I)","",3083,100.00,4630,3614,2,2,"0","0"
33,"Fire Board - Jackson Trail 1","W. STEPHENS (I)","",3483,100.00,4667,3997,4,4,"0","0"
34,"Fire Board - Jackson Trail 2","J. LEBLANC","",3465,100.00,4667,3997,4,4,"0","0"
35,"Fire Board - Jackson Trail 3","M. GLOVER (I)","",3484,100.00,4667,3997,4,4,"0","0"
36,"Fire Board - Maysville 3","G. BAKER","",586,100.00,807,652,4,4,"0","0"
37,"Fire Board - Nicholson 4","M. SEAGRAVES (I)","",1906,100.00,2724,2136,2,2,"0","0"
38,"Fire Board - Nicholson 5","R. BROCK (I)","",1894,100.00,2724,2136,2,2,"0","0"
39,"Fire Board - North Jackson 5","R. MCEVER (I)","",2287,100.00,3110,2574,5,5,"0","0"
40,"Fire Board - North Jackson 6","C. MCEVER (I)","",2294,100.00,3110,2574,5,5,"0","0"
41,"Fire Board - North Jackson 7","L. MADDOX (I)","",2292,100.00,3110,2574,5,5,"0","0"
42,"Fire Board - North Jackson 8","D. ELROD (I)","",2307,100.00,3110,2574,5,5,"0","0"
43,"Fire Board - Plainview 2","D. LANGFORD (I)","",860,100.00,1193,969,2,2,"0","0"
44,"Fire Board - Plainview 3","C. SEWELL (I)","",838,100.00,1193,969,2,2,"0","0"
45,"Fire Board - South Jackson 4","H. EDWARDS (I)","",1367,100.00,2016,1623,2,2,"0","0"
46,"Fire Board - South Jackson 5","K. ROSSER (I)","",1370,100.00,2016,1623,2,2,"0","0"
47,"Fire Board - West Jackson 3","T. SWEAT (I)","",3813,100.00,5362,4422,3,3,"0","0"
48,"Fire Board - West Jackson 4","R. BICKNELL","",3740,100.00,5362,4422,3,3,"0","0"
49,"Constitutional Amendment #1<br>Provides greater flexibility and state accountability to fix failing schools through increasing community involvement.","YES","",9311,34.73,33719,27485,16,16,"0","0"
50,"Constitutional Amendment #1<br>Provides greater flexibility and state accountability to fix failing schools through increasing community involvement.","NO","",17498,65.27,33719,27485,16,16,"0","0"
51,"Constitutional Amendment #2<br>Authorizes penalties for sexual exploitation and assessments on adult entertainment to fund child victims' services.","YES","",21962,82.68,33719,27485,16,16,"0","0"
52,"Constitutional Amendment #2<br>Authorizes penalties for sexual exploitation and assessments on adult entertainment to fund child victims' services.","NO","",4601,17.32,33719,27485,16,16,"0","0"
53,"Constitutional Amendment #3<br>Reforms and re-establishes the Judicial Qualifications Commission and provides for its composition, governance, and powers.","YES","",15696,62.34,33719,27485,16,16,"0","0"
54,"Constitutional Amendment #3<br>Reforms and re-establishes the Judicial Qualifications Commission and provides for its composition, governance, and powers.","NO","",9483,37.66,33719,27485,16,16,"0","0"
55,"Constitutional Amendment #4<br>Dedicates revenue from existing taxes on fireworks to trauma care, fire services, and public safety.","YES","",21354,81.05,33719,27485,16,16,"0","0"
56,"Constitutional Amendment #4<br>Dedicates revenue from existing taxes on fireworks to trauma care, fire services, and public safety.","NO","",4994,18.95,33719,27485,16,16,"0","0"
57,"Freeport Exemption","YES","",11648,46.91,33719,27485,16,16,"0","0"
58,"Freeport Exemption","NO","",13184,53.09,33719,27485,16,16,"0","0"
