<?xml version="1.0"?>
<!--Election result snapshot imported from Tabulation System
-->
<ElectionResult>
    <Timestamp>11/15/2016 9:28:00 AM EST</Timestamp>
    <ElectionName>November 8, 2016 - General Election</ElectionName>
    <ElectionDate>11/8/2016</ElectionDate>
    <Region>Jasper</Region>
    <VoterTurnout totalVoters="7671" ballotsCast="6082" voterTurnout="79.29">
        <Precincts>
            <Precinct name="WYATT" totalVoters="1378" ballotsCast="1071" voterTurnout="77.72" percentReporting="4" />
            <Precinct name="MONTICELLO" totalVoters="3544" ballotsCast="2857" voterTurnout="80.62" percentReporting="4" />
            <Precinct name="MARTIN &amp; BURNEY" totalVoters="2749" ballotsCast="2154" voterTurnout="78.36" percentReporting="4" />
        </Precincts>
    </VoterTurnout>
    <Contest key="5" text="President of the United States" isQuestion="false" precinctsReporting="3" precinctsReported="3">
        <VoteType name="Number of Precincts for Race" votes="3">
            <Precinct name="WYATT" votes="1" />
            <Precinct name="MONTICELLO" votes="1" />
            <Precinct name="MARTIN &amp; BURNEY" votes="1" />
        </VoteType>
        <VoteType name="Number of Precincts Reporting" votes="3">
            <Precinct name="WYATT" votes="1" />
            <Precinct name="MONTICELLO" votes="1" />
            <Precinct name="MARTIN &amp; BURNEY" votes="1" />
        </VoteType>
        <Choice key="10" text="DONALD J. TRUMP" totalVotes="4360">
            <VoteType name="Election Day" votes="1678">
                <Precinct name="WYATT" votes="444" />
                <Precinct name="MONTICELLO" votes="355" />
                <Precinct name="MARTIN &amp; BURNEY" votes="879" />
            </VoteType>
            <VoteType name="Absentee by Mail" votes="210">
                <Precinct name="WYATT" votes="29" />
                <Precinct name="MONTICELLO" votes="113" />
                <Precinct name="MARTIN &amp; BURNEY" votes="68" />
            </VoteType>
            <VoteType name="Advance in Person" votes="2465">
                <Precinct name="WYATT" votes="338" />
                <Precinct name="MONTICELLO" votes="1238" />
                <Precinct name="MARTIN &amp; BURNEY" votes="889" />
            </VoteType>
            <VoteType name="Provisional" votes="7">
                <Precinct name="WYATT" votes="1" />
                <Precinct name="MONTICELLO" votes="6" />
                <Precinct name="MARTIN &amp; BURNEY" votes="0" />
            </VoteType>
        </Choice>
        <Choice key="20" text="HILLARY CLINTON" totalVotes="1544">
            <VoteType name="Election Day" votes="554">
                <Precinct name="WYATT" votes="135" />
                <Precinct name="MONTICELLO" votes="313" />
                <Precinct name="MARTIN &amp; BURNEY" votes="106" />
            </VoteType>
            <VoteType name="Absentee by Mail" votes="162">
                <Precinct name="WYATT" votes="9" />
                <Precinct name="MONTICELLO" votes="137" />
                <Precinct name="MARTIN &amp; BURNEY" votes="16" />
            </VoteType>
            <VoteType name="Advance in Person" votes="828">
                <Precinct name="WYATT" votes="85" />
                <Precinct name="MONTICELLO" votes="617" />
                <Precinct name="MARTIN &amp; BURNEY" votes="126" />
            </VoteType>
            <VoteType name="Provisional" votes="0">
                <Precinct name="WYATT" votes="0" />
                <Precinct name="MONTICELLO" votes="0" />
                <Precinct name="MARTIN &amp; BURNEY" votes="0" />
            </VoteType>
        </Choice>
        <Choice key="30" text="GARY JOHNSON" totalVotes="119">
            <VoteType name="Election Day" votes="59">
                <Precinct name="WYATT" votes="10" />
                <Precinct name="MONTICELLO" votes="20" />
                <Precinct name="MARTIN &amp; BURNEY" votes="29" />
            </VoteType>
            <VoteType name="Absentee by Mail" votes="8">
                <Precinct name="WYATT" votes="2" />
                <Precinct name="MONTICELLO" votes="4" />
                <Precinct name="MARTIN &amp; BURNEY" votes="2" />
            </VoteType>
            <VoteType name="Advance in Person" votes="52">
                <Precinct name="WYATT" votes="5" />
                <Precinct name="MONTICELLO" votes="29" />
                <Precinct name="MARTIN &amp; BURNEY" votes="18" />
            </VoteType>
            <VoteType name="Provisional" votes="0">
                <Precinct name="WYATT" votes="0" />
                <Precinct name="MONTICELLO" votes="0" />
                <Precinct name="MARTIN &amp; BURNEY" votes="0" />
            </VoteType>
        </Choice>
    </Contest>
    <Contest key="10" text="United States Senator, Isakson" isQuestion="false" precinctsReporting="3" precinctsReported="3">
        <VoteType name="Number of Precincts for Race" votes="3">
            <Precinct name="WYATT" votes="1" />
            <Precinct name="MONTICELLO" votes="1" />
            <Precinct name="MARTIN &amp; BURNEY" votes="1" />
        </VoteType>
        <VoteType name="Number of Precincts Reporting" votes="3">
            <Precinct name="WYATT" votes="1" />
            <Precinct name="MONTICELLO" votes="1" />
            <Precinct name="MARTIN &amp; BURNEY" votes="1" />
        </VoteType>
        <Choice key="10" text="JOHNNY ISAKSON (I)" totalVotes="4180">
            <VoteType name="Election Day" votes="1593">
                <Precinct name="WYATT" votes="415" />
                <Precinct name="MONTICELLO" votes="359" />
                <Precinct name="MARTIN &amp; BURNEY" votes="819" />
            </VoteType>
            <VoteType name="Absentee by Mail" votes="221">
                <Precinct name="WYATT" votes="30" />
                <Precinct name="MONTICELLO" votes="126" />
                <Precinct name="MARTIN &amp; BURNEY" votes="65" />
            </VoteType>
            <VoteType name="Advance in Person" votes="2360">
                <Precinct name="WYATT" votes="321" />
                <Precinct name="MONTICELLO" votes="1210" />
                <Precinct name="MARTIN &amp; BURNEY" votes="829" />
            </VoteType>
            <VoteType name="Provisional" votes="6">
                <Precinct name="WYATT" votes="0" />
                <Precinct name="MONTICELLO" votes="6" />
                <Precinct name="MARTIN &amp; BURNEY" votes="0" />
            </VoteType>
        </Choice>
        <Choice key="20" text="JIM BARKSDALE" totalVotes="1362">
            <VoteType name="Election Day" votes="506">
                <Precinct name="WYATT" votes="133" />
                <Precinct name="MONTICELLO" votes="266" />
                <Precinct name="MARTIN &amp; BURNEY" votes="107" />
            </VoteType>
            <VoteType name="Absentee by Mail" votes="145">
                <Precinct name="WYATT" votes="9" />
                <Precinct name="MONTICELLO" votes="121" />
                <Precinct name="MARTIN &amp; BURNEY" votes="15" />
            </VoteType>
            <VoteType name="Advance in Person" votes="711">
                <Precinct name="WYATT" votes="72" />
                <Precinct name="MONTICELLO" votes="511" />
                <Precinct name="MARTIN &amp; BURNEY" votes="128" />
            </VoteType>
            <VoteType name="Provisional" votes="0">
                <Precinct name="WYATT" votes="0" />
                <Precinct name="MONTICELLO" votes="0" />
                <Precinct name="MARTIN &amp; BURNEY" votes="0" />
            </VoteType>
        </Choice>
        <Choice key="30" text="ALLEN BUCKLEY" totalVotes="230">
            <VoteType name="Election Day" votes="106">
                <Precinct name="WYATT" votes="22" />
                <Precinct name="MONTICELLO" votes="30" />
                <Precinct name="MARTIN &amp; BURNEY" votes="54" />
            </VoteType>
            <VoteType name="Absentee by Mail" votes="12">
                <Precinct name="WYATT" votes="1" />
                <Precinct name="MONTICELLO" votes="4" />
                <Precinct name="MARTIN &amp; BURNEY" votes="7" />
            </VoteType>
            <VoteType name="Advance in Person" votes="111">
                <Precinct name="WYATT" votes="18" />
                <Precinct name="MONTICELLO" votes="53" />
                <Precinct name="MARTIN &amp; BURNEY" votes="40" />
            </VoteType>
            <VoteType name="Provisional" votes="1">
                <Precinct name="WYATT" votes="1" />
                <Precinct name="MONTICELLO" votes="0" />
                <Precinct name="MARTIN &amp; BURNEY" votes="0" />
            </VoteType>
        </Choice>
    </Contest>
    <Contest key="30" text="Public Service Commission, District 2 - Eastern" isQuestion="false" precinctsReporting="3" precinctsReported="3">
        <VoteType name="Number of Precincts for Race" votes="3">
            <Precinct name="WYATT" votes="1" />
            <Precinct name="MONTICELLO" votes="1" />
            <Precinct name="MARTIN &amp; BURNEY" votes="1" />
        </VoteType>
        <VoteType name="Number of Precincts Reporting" votes="3">
            <Precinct name="WYATT" votes="1" />
            <Precinct name="MONTICELLO" votes="1" />
            <Precinct name="MARTIN &amp; BURNEY" votes="1" />
        </VoteType>
        <Choice key="10" text="TIM ECHOLS (I)" totalVotes="4357">
            <VoteType name="Election Day" votes="1693">
                <Precinct name="WYATT" votes="443" />
                <Precinct name="MONTICELLO" votes="402" />
                <Precinct name="MARTIN &amp; BURNEY" votes="848" />
            </VoteType>
            <VoteType name="Absentee by Mail" votes="230">
                <Precinct name="WYATT" votes="29" />
                <Precinct name="MONTICELLO" votes="137" />
                <Precinct name="MARTIN &amp; BURNEY" votes="64" />
            </VoteType>
            <VoteType name="Advance in Person" votes="2428">
                <Precinct name="WYATT" votes="319" />
                <Precinct name="MONTICELLO" votes="1255" />
                <Precinct name="MARTIN &amp; BURNEY" votes="854" />
            </VoteType>
            <VoteType name="Provisional" votes="6">
                <Precinct name="WYATT" votes="1" />
                <Precinct name="MONTICELLO" votes="5" />
                <Precinct name="MARTIN &amp; BURNEY" votes="0" />
            </VoteType>
        </Choice>
        <Choice key="20" text="ERIC HOSKINS" totalVotes="1074">
            <VoteType name="Election Day" votes="433">
                <Precinct name="WYATT" votes="116" />
                <Precinct name="MONTICELLO" votes="192" />
                <Precinct name="MARTIN &amp; BURNEY" votes="125" />
            </VoteType>
            <VoteType name="Absentee by Mail" votes="90">
                <Precinct name="WYATT" votes="7" />
                <Precinct name="MONTICELLO" votes="66" />
                <Precinct name="MARTIN &amp; BURNEY" votes="17" />
            </VoteType>
            <VoteType name="Advance in Person" votes="551">
                <Precinct name="WYATT" votes="65" />
                <Precinct name="MONTICELLO" votes="361" />
                <Precinct name="MARTIN &amp; BURNEY" votes="125" />
            </VoteType>
            <VoteType name="Provisional" votes="0">
                <Precinct name="WYATT" votes="0" />
                <Precinct name="MONTICELLO" votes="0" />
                <Precinct name="MARTIN &amp; BURNEY" votes="0" />
            </VoteType>
        </Choice>
    </Contest>
    <Contest key="50" text="U.S. Representative, District 10" isQuestion="false" precinctsReporting="3" precinctsReported="3">
        <VoteType name="Number of Precincts for Race" votes="3">
            <Precinct name="WYATT" votes="1" />
            <Precinct name="MONTICELLO" votes="1" />
            <Precinct name="MARTIN &amp; BURNEY" votes="1" />
        </VoteType>
        <VoteType name="Number of Precincts Reporting" votes="3">
            <Precinct name="WYATT" votes="1" />
            <Precinct name="MONTICELLO" votes="1" />
            <Precinct name="MARTIN &amp; BURNEY" votes="1" />
        </VoteType>
        <Choice key="10" text="JODY HICE (I)" totalVotes="5003">
            <VoteType name="Election Day" votes="1970">
                <Precinct name="WYATT" votes="514" />
                <Precinct name="MONTICELLO" votes="512" />
                <Precinct name="MARTIN &amp; BURNEY" votes="944" />
            </VoteType>
            <VoteType name="Absentee by Mail" votes="273">
                <Precinct name="WYATT" votes="35" />
                <Precinct name="MONTICELLO" votes="166" />
                <Precinct name="MARTIN &amp; BURNEY" votes="72" />
            </VoteType>
            <VoteType name="Advance in Person" votes="2754">
                <Precinct name="WYATT" votes="358" />
                <Precinct name="MONTICELLO" votes="1462" />
                <Precinct name="MARTIN &amp; BURNEY" votes="934" />
            </VoteType>
            <VoteType name="Provisional" votes="6">
                <Precinct name="WYATT" votes="1" />
                <Precinct name="MONTICELLO" votes="5" />
                <Precinct name="MARTIN &amp; BURNEY" votes="0" />
            </VoteType>
        </Choice>
    </Contest>
    <Contest key="70" text="State Senator, District 25" isQuestion="false" precinctsReporting="3" precinctsReported="3">
        <VoteType name="Number of Precincts for Race" votes="3">
            <Precinct name="WYATT" votes="1" />
            <Precinct name="MONTICELLO" votes="1" />
            <Precinct name="MARTIN &amp; BURNEY" votes="1" />
        </VoteType>
        <VoteType name="Number of Precincts Reporting" votes="3">
            <Precinct name="WYATT" votes="1" />
            <Precinct name="MONTICELLO" votes="1" />
            <Precinct name="MARTIN &amp; BURNEY" votes="1" />
        </VoteType>
        <Choice key="10" text="BURT JONES (I)" totalVotes="5004">
            <VoteType name="Election Day" votes="1972">
                <Precinct name="WYATT" votes="517" />
                <Precinct name="MONTICELLO" votes="511" />
                <Precinct name="MARTIN &amp; BURNEY" votes="944" />
            </VoteType>
            <VoteType name="Absentee by Mail" votes="263">
                <Precinct name="WYATT" votes="35" />
                <Precinct name="MONTICELLO" votes="158" />
                <Precinct name="MARTIN &amp; BURNEY" votes="70" />
            </VoteType>
            <VoteType name="Advance in Person" votes="2762">
                <Precinct name="WYATT" votes="359" />
                <Precinct name="MONTICELLO" votes="1464" />
                <Precinct name="MARTIN &amp; BURNEY" votes="939" />
            </VoteType>
            <VoteType name="Provisional" votes="7">
                <Precinct name="WYATT" votes="1" />
                <Precinct name="MONTICELLO" votes="6" />
                <Precinct name="MARTIN &amp; BURNEY" votes="0" />
            </VoteType>
        </Choice>
    </Contest>
    <Contest key="90" text="State Representative, District 129" isQuestion="false" precinctsReporting="3" precinctsReported="3">
        <VoteType name="Number of Precincts for Race" votes="3">
            <Precinct name="WYATT" votes="1" />
            <Precinct name="MONTICELLO" votes="1" />
            <Precinct name="MARTIN &amp; BURNEY" votes="1" />
        </VoteType>
        <VoteType name="Number of Precincts Reporting" votes="3">
            <Precinct name="WYATT" votes="1" />
            <Precinct name="MONTICELLO" votes="1" />
            <Precinct name="MARTIN &amp; BURNEY" votes="1" />
        </VoteType>
        <Choice key="10" text="SUSAN HOLMES (I)" totalVotes="5124">
            <VoteType name="Election Day" votes="2000">
                <Precinct name="WYATT" votes="522" />
                <Precinct name="MONTICELLO" votes="534" />
                <Precinct name="MARTIN &amp; BURNEY" votes="944" />
            </VoteType>
            <VoteType name="Absentee by Mail" votes="280">
                <Precinct name="WYATT" votes="37" />
                <Precinct name="MONTICELLO" votes="174" />
                <Precinct name="MARTIN &amp; BURNEY" votes="69" />
            </VoteType>
            <VoteType name="Advance in Person" votes="2838">
                <Precinct name="WYATT" votes="378" />
                <Precinct name="MONTICELLO" votes="1525" />
                <Precinct name="MARTIN &amp; BURNEY" votes="935" />
            </VoteType>
            <VoteType name="Provisional" votes="6">
                <Precinct name="WYATT" votes="1" />
                <Precinct name="MONTICELLO" votes="5" />
                <Precinct name="MARTIN &amp; BURNEY" votes="0" />
            </VoteType>
        </Choice>
    </Contest>
    <Contest key="110" text="District Attorney, Ocmulgee Circuit" isQuestion="false" precinctsReporting="3" precinctsReported="3">
        <VoteType name="Number of Precincts for Race" votes="3">
            <Precinct name="WYATT" votes="1" />
            <Precinct name="MONTICELLO" votes="1" />
            <Precinct name="MARTIN &amp; BURNEY" votes="1" />
        </VoteType>
        <VoteType name="Number of Precincts Reporting" votes="3">
            <Precinct name="WYATT" votes="1" />
            <Precinct name="MONTICELLO" votes="1" />
            <Precinct name="MARTIN &amp; BURNEY" votes="1" />
        </VoteType>
        <Choice key="10" text="STEPHEN BRADLEY (I)" totalVotes="4957">
            <VoteType name="Election Day" votes="1956">
                <Precinct name="WYATT" votes="514" />
                <Precinct name="MONTICELLO" votes="501" />
                <Precinct name="MARTIN &amp; BURNEY" votes="941" />
            </VoteType>
            <VoteType name="Absentee by Mail" votes="269">
                <Precinct name="WYATT" votes="35" />
                <Precinct name="MONTICELLO" votes="164" />
                <Precinct name="MARTIN &amp; BURNEY" votes="70" />
            </VoteType>
            <VoteType name="Advance in Person" votes="2726">
                <Precinct name="WYATT" votes="358" />
                <Precinct name="MONTICELLO" votes="1440" />
                <Precinct name="MARTIN &amp; BURNEY" votes="928" />
            </VoteType>
            <VoteType name="Provisional" votes="6">
                <Precinct name="WYATT" votes="1" />
                <Precinct name="MONTICELLO" votes="5" />
                <Precinct name="MARTIN &amp; BURNEY" votes="0" />
            </VoteType>
        </Choice>
    </Contest>
    <Contest key="120" text="CLERK SUPERIOR CT" isQuestion="false" precinctsReporting="3" precinctsReported="3">
        <VoteType name="Number of Precincts for Race" votes="3">
            <Precinct name="WYATT" votes="1" />
            <Precinct name="MONTICELLO" votes="1" />
            <Precinct name="MARTIN &amp; BURNEY" votes="1" />
        </VoteType>
        <VoteType name="Number of Precincts Reporting" votes="3">
            <Precinct name="WYATT" votes="1" />
            <Precinct name="MONTICELLO" votes="1" />
            <Precinct name="MARTIN &amp; BURNEY" votes="1" />
        </VoteType>
        <Choice key="10" text="D. JORDON (I) IN" totalVotes="5234">
            <VoteType name="Election Day" votes="2016">
                <Precinct name="WYATT" votes="522" />
                <Precinct name="MONTICELLO" votes="592" />
                <Precinct name="MARTIN &amp; BURNEY" votes="902" />
            </VoteType>
            <VoteType name="Absentee by Mail" votes="294">
                <Precinct name="WYATT" votes="35" />
                <Precinct name="MONTICELLO" votes="190" />
                <Precinct name="MARTIN &amp; BURNEY" votes="69" />
            </VoteType>
            <VoteType name="Advance in Person" votes="2917">
                <Precinct name="WYATT" votes="371" />
                <Precinct name="MONTICELLO" votes="1637" />
                <Precinct name="MARTIN &amp; BURNEY" votes="909" />
            </VoteType>
            <VoteType name="Provisional" votes="7">
                <Precinct name="WYATT" votes="1" />
                <Precinct name="MONTICELLO" votes="6" />
                <Precinct name="MARTIN &amp; BURNEY" votes="0" />
            </VoteType>
        </Choice>
    </Contest>
    <Contest key="130" text="SHERIFF" isQuestion="false" precinctsReporting="3" precinctsReported="3">
        <VoteType name="Number of Precincts for Race" votes="3">
            <Precinct name="WYATT" votes="1" />
            <Precinct name="MONTICELLO" votes="1" />
            <Precinct name="MARTIN &amp; BURNEY" votes="1" />
        </VoteType>
        <VoteType name="Number of Precincts Reporting" votes="3">
            <Precinct name="WYATT" votes="1" />
            <Precinct name="MONTICELLO" votes="1" />
            <Precinct name="MARTIN &amp; BURNEY" votes="1" />
        </VoteType>
        <Choice key="10" text="D. POPE (I) R" totalVotes="5310">
            <VoteType name="Election Day" votes="2050">
                <Precinct name="WYATT" votes="543" />
                <Precinct name="MONTICELLO" votes="552" />
                <Precinct name="MARTIN &amp; BURNEY" votes="955" />
            </VoteType>
            <VoteType name="Absentee by Mail" votes="274">
                <Precinct name="WYATT" votes="32" />
                <Precinct name="MONTICELLO" votes="173" />
                <Precinct name="MARTIN &amp; BURNEY" votes="69" />
            </VoteType>
            <VoteType name="Advance in Person" votes="2979">
                <Precinct name="WYATT" votes="375" />
                <Precinct name="MONTICELLO" votes="1649" />
                <Precinct name="MARTIN &amp; BURNEY" votes="955" />
            </VoteType>
            <VoteType name="Provisional" votes="7">
                <Precinct name="WYATT" votes="1" />
                <Precinct name="MONTICELLO" votes="6" />
                <Precinct name="MARTIN &amp; BURNEY" votes="0" />
            </VoteType>
        </Choice>
    </Contest>
    <Contest key="150" text="TAX COMMISSIONER" isQuestion="false" precinctsReporting="3" precinctsReported="3">
        <VoteType name="Number of Precincts for Race" votes="3">
            <Precinct name="WYATT" votes="1" />
            <Precinct name="MONTICELLO" votes="1" />
            <Precinct name="MARTIN &amp; BURNEY" votes="1" />
        </VoteType>
        <VoteType name="Number of Precincts Reporting" votes="3">
            <Precinct name="WYATT" votes="1" />
            <Precinct name="MONTICELLO" votes="1" />
            <Precinct name="MARTIN &amp; BURNEY" votes="1" />
        </VoteType>
        <Choice key="10" text="A. S. WALSH (I) R" totalVotes="5285">
            <VoteType name="Election Day" votes="2045">
                <Precinct name="WYATT" votes="536" />
                <Precinct name="MONTICELLO" votes="560" />
                <Precinct name="MARTIN &amp; BURNEY" votes="949" />
            </VoteType>
            <VoteType name="Absentee by Mail" votes="283">
                <Precinct name="WYATT" votes="33" />
                <Precinct name="MONTICELLO" votes="180" />
                <Precinct name="MARTIN &amp; BURNEY" votes="70" />
            </VoteType>
            <VoteType name="Advance in Person" votes="2950">
                <Precinct name="WYATT" votes="380" />
                <Precinct name="MONTICELLO" votes="1616" />
                <Precinct name="MARTIN &amp; BURNEY" votes="954" />
            </VoteType>
            <VoteType name="Provisional" votes="7">
                <Precinct name="WYATT" votes="1" />
                <Precinct name="MONTICELLO" votes="6" />
                <Precinct name="MARTIN &amp; BURNEY" votes="0" />
            </VoteType>
        </Choice>
    </Contest>
    <Contest key="170" text="SURVEYOR" isQuestion="false" precinctsReporting="3" precinctsReported="3">
        <VoteType name="Number of Precincts for Race" votes="3">
            <Precinct name="WYATT" votes="1" />
            <Precinct name="MONTICELLO" votes="1" />
            <Precinct name="MARTIN &amp; BURNEY" votes="1" />
        </VoteType>
        <VoteType name="Number of Precincts Reporting" votes="3">
            <Precinct name="WYATT" votes="1" />
            <Precinct name="MONTICELLO" votes="1" />
            <Precinct name="MARTIN &amp; BURNEY" votes="1" />
        </VoteType>
        <Choice key="10" text="L. H. JORDAN (I) R" totalVotes="5160">
            <VoteType name="Election Day" votes="2009">
                <Precinct name="WYATT" votes="528" />
                <Precinct name="MONTICELLO" votes="537" />
                <Precinct name="MARTIN &amp; BURNEY" votes="944" />
            </VoteType>
            <VoteType name="Absentee by Mail" votes="276">
                <Precinct name="WYATT" votes="32" />
                <Precinct name="MONTICELLO" votes="175" />
                <Precinct name="MARTIN &amp; BURNEY" votes="69" />
            </VoteType>
            <VoteType name="Advance in Person" votes="2868">
                <Precinct name="WYATT" votes="368" />
                <Precinct name="MONTICELLO" votes="1559" />
                <Precinct name="MARTIN &amp; BURNEY" votes="941" />
            </VoteType>
            <VoteType name="Provisional" votes="7">
                <Precinct name="WYATT" votes="1" />
                <Precinct name="MONTICELLO" votes="6" />
                <Precinct name="MARTIN &amp; BURNEY" votes="0" />
            </VoteType>
        </Choice>
    </Contest>
    <Contest key="190" text="CORONER" isQuestion="false" precinctsReporting="3" precinctsReported="3">
        <VoteType name="Number of Precincts for Race" votes="3">
            <Precinct name="WYATT" votes="1" />
            <Precinct name="MONTICELLO" votes="1" />
            <Precinct name="MARTIN &amp; BURNEY" votes="1" />
        </VoteType>
        <VoteType name="Number of Precincts Reporting" votes="3">
            <Precinct name="WYATT" votes="1" />
            <Precinct name="MONTICELLO" votes="1" />
            <Precinct name="MARTIN &amp; BURNEY" votes="1" />
        </VoteType>
        <Choice key="10" text="B. NORRIS (I) R" totalVotes="5204">
            <VoteType name="Election Day" votes="2013">
                <Precinct name="WYATT" votes="523" />
                <Precinct name="MONTICELLO" votes="546" />
                <Precinct name="MARTIN &amp; BURNEY" votes="944" />
            </VoteType>
            <VoteType name="Absentee by Mail" votes="285">
                <Precinct name="WYATT" votes="35" />
                <Precinct name="MONTICELLO" votes="179" />
                <Precinct name="MARTIN &amp; BURNEY" votes="71" />
            </VoteType>
            <VoteType name="Advance in Person" votes="2899">
                <Precinct name="WYATT" votes="373" />
                <Precinct name="MONTICELLO" votes="1582" />
                <Precinct name="MARTIN &amp; BURNEY" votes="944" />
            </VoteType>
            <VoteType name="Provisional" votes="7">
                <Precinct name="WYATT" votes="1" />
                <Precinct name="MONTICELLO" votes="6" />
                <Precinct name="MARTIN &amp; BURNEY" votes="0" />
            </VoteType>
        </Choice>
    </Contest>
    <Contest key="220" text="CC D1" isQuestion="false" precinctsReporting="1" precinctsReported="1">
        <VoteType name="Number of Precincts for Race" votes="1">
            <Precinct name="MONTICELLO" votes="1" />
        </VoteType>
        <VoteType name="Number of Precincts Reporting" votes="1">
            <Precinct name="MONTICELLO" votes="1" />
        </VoteType>
        <Choice key="10" text="C. PENNAMON (I) D" totalVotes="916">
            <VoteType name="Election Day" votes="281">
                <Precinct name="MONTICELLO" votes="281" />
            </VoteType>
            <VoteType name="Absentee by Mail" votes="82">
                <Precinct name="MONTICELLO" votes="82" />
            </VoteType>
            <VoteType name="Advance in Person" votes="553">
                <Precinct name="MONTICELLO" votes="553" />
            </VoteType>
            <VoteType name="Provisional" votes="0">
                <Precinct name="MONTICELLO" votes="0" />
            </VoteType>
        </Choice>
    </Contest>
    <Contest key="250" text="CC D3" isQuestion="false" precinctsReporting="2" precinctsReported="2">
        <VoteType name="Number of Precincts for Race" votes="2">
            <Precinct name="MONTICELLO" votes="1" />
            <Precinct name="MARTIN &amp; BURNEY" votes="1" />
        </VoteType>
        <VoteType name="Number of Precincts Reporting" votes="2">
            <Precinct name="MONTICELLO" votes="1" />
            <Precinct name="MARTIN &amp; BURNEY" votes="1" />
        </VoteType>
        <Choice key="10" text="G. TRAMMELL (I) R" totalVotes="897">
            <VoteType name="Election Day" votes="336">
                <Precinct name="MONTICELLO" votes="72" />
                <Precinct name="MARTIN &amp; BURNEY" votes="264" />
            </VoteType>
            <VoteType name="Absentee by Mail" votes="29">
                <Precinct name="MONTICELLO" votes="17" />
                <Precinct name="MARTIN &amp; BURNEY" votes="12" />
            </VoteType>
            <VoteType name="Advance in Person" votes="529">
                <Precinct name="MONTICELLO" votes="271" />
                <Precinct name="MARTIN &amp; BURNEY" votes="258" />
            </VoteType>
            <VoteType name="Provisional" votes="3">
                <Precinct name="MONTICELLO" votes="3" />
                <Precinct name="MARTIN &amp; BURNEY" votes="0" />
            </VoteType>
        </Choice>
        <Choice key="20" text="J. ROSS HAYS (IN)" totalVotes="450">
            <VoteType name="Election Day" votes="155">
                <Precinct name="MONTICELLO" votes="69" />
                <Precinct name="MARTIN &amp; BURNEY" votes="86" />
            </VoteType>
            <VoteType name="Absentee by Mail" votes="31">
                <Precinct name="MONTICELLO" votes="20" />
                <Precinct name="MARTIN &amp; BURNEY" votes="11" />
            </VoteType>
            <VoteType name="Advance in Person" votes="264">
                <Precinct name="MONTICELLO" votes="181" />
                <Precinct name="MARTIN &amp; BURNEY" votes="83" />
            </VoteType>
            <VoteType name="Provisional" votes="0">
                <Precinct name="MONTICELLO" votes="0" />
                <Precinct name="MARTIN &amp; BURNEY" votes="0" />
            </VoteType>
        </Choice>
    </Contest>
    <Contest key="290" text="CC D5" isQuestion="false" precinctsReporting="3" precinctsReported="3">
        <VoteType name="Number of Precincts for Race" votes="3">
            <Precinct name="WYATT" votes="1" />
            <Precinct name="MONTICELLO" votes="1" />
            <Precinct name="MARTIN &amp; BURNEY" votes="1" />
        </VoteType>
        <VoteType name="Number of Precincts Reporting" votes="3">
            <Precinct name="WYATT" votes="1" />
            <Precinct name="MONTICELLO" votes="1" />
            <Precinct name="MARTIN &amp; BURNEY" votes="1" />
        </VoteType>
        <Choice key="10" text="D. LUKE (I) R" totalVotes="1038">
            <VoteType name="Election Day" votes="532">
                <Precinct name="WYATT" votes="249" />
                <Precinct name="MONTICELLO" votes="14" />
                <Precinct name="MARTIN &amp; BURNEY" votes="269" />
            </VoteType>
            <VoteType name="Absentee by Mail" votes="42">
                <Precinct name="WYATT" votes="12" />
                <Precinct name="MONTICELLO" votes="5" />
                <Precinct name="MARTIN &amp; BURNEY" votes="25" />
            </VoteType>
            <VoteType name="Advance in Person" votes="462">
                <Precinct name="WYATT" votes="152" />
                <Precinct name="MONTICELLO" votes="44" />
                <Precinct name="MARTIN &amp; BURNEY" votes="266" />
            </VoteType>
            <VoteType name="Provisional" votes="2">
                <Precinct name="WYATT" votes="1" />
                <Precinct name="MONTICELLO" votes="1" />
                <Precinct name="MARTIN &amp; BURNEY" votes="0" />
            </VoteType>
        </Choice>
    </Contest>
    <Contest key="300" text="Constitutional Amendment #1&lt;br&gt;Provides greater flexibility and state accountability to fix failing schools through increasing community involvement." isQuestion="false" precinctsReporting="3" precinctsReported="3">
        <VoteType name="Number of Precincts for Race" votes="3">
            <Precinct name="WYATT" votes="1" />
            <Precinct name="MONTICELLO" votes="1" />
            <Precinct name="MARTIN &amp; BURNEY" votes="1" />
        </VoteType>
        <VoteType name="Number of Precincts Reporting" votes="3">
            <Precinct name="WYATT" votes="1" />
            <Precinct name="MONTICELLO" votes="1" />
            <Precinct name="MARTIN &amp; BURNEY" votes="1" />
        </VoteType>
        <Choice key="10" text="YES" totalVotes="2109">
            <VoteType name="Election Day" votes="861">
                <Precinct name="WYATT" votes="251" />
                <Precinct name="MONTICELLO" votes="222" />
                <Precinct name="MARTIN &amp; BURNEY" votes="388" />
            </VoteType>
            <VoteType name="Absentee by Mail" votes="140">
                <Precinct name="WYATT" votes="13" />
                <Precinct name="MONTICELLO" votes="91" />
                <Precinct name="MARTIN &amp; BURNEY" votes="36" />
            </VoteType>
            <VoteType name="Advance in Person" votes="1105">
                <Precinct name="WYATT" votes="164" />
                <Precinct name="MONTICELLO" votes="533" />
                <Precinct name="MARTIN &amp; BURNEY" votes="408" />
            </VoteType>
            <VoteType name="Provisional" votes="3">
                <Precinct name="WYATT" votes="1" />
                <Precinct name="MONTICELLO" votes="2" />
                <Precinct name="MARTIN &amp; BURNEY" votes="0" />
            </VoteType>
        </Choice>
        <Choice key="20" text="NO" totalVotes="3742">
            <VoteType name="Election Day" votes="1379">
                <Precinct name="WYATT" votes="331" />
                <Precinct name="MONTICELLO" votes="443" />
                <Precinct name="MARTIN &amp; BURNEY" votes="605" />
            </VoteType>
            <VoteType name="Absentee by Mail" votes="233">
                <Precinct name="WYATT" votes="27" />
                <Precinct name="MONTICELLO" votes="158" />
                <Precinct name="MARTIN &amp; BURNEY" votes="48" />
            </VoteType>
            <VoteType name="Advance in Person" votes="2126">
                <Precinct name="WYATT" votes="245" />
                <Precinct name="MONTICELLO" votes="1277" />
                <Precinct name="MARTIN &amp; BURNEY" votes="604" />
            </VoteType>
            <VoteType name="Provisional" votes="4">
                <Precinct name="WYATT" votes="0" />
                <Precinct name="MONTICELLO" votes="4" />
                <Precinct name="MARTIN &amp; BURNEY" votes="0" />
            </VoteType>
        </Choice>
    </Contest>
    <Contest key="310" text="Constitutional Amendment #2&lt;br&gt;Authorizes penalties for sexual exploitation and assessments on adult entertainment to fund child victims' services." isQuestion="false" precinctsReporting="3" precinctsReported="3">
        <VoteType name="Number of Precincts for Race" votes="3">
            <Precinct name="WYATT" votes="1" />
            <Precinct name="MONTICELLO" votes="1" />
            <Precinct name="MARTIN &amp; BURNEY" votes="1" />
        </VoteType>
        <VoteType name="Number of Precincts Reporting" votes="3">
            <Precinct name="WYATT" votes="1" />
            <Precinct name="MONTICELLO" votes="1" />
            <Precinct name="MARTIN &amp; BURNEY" votes="1" />
        </VoteType>
        <Choice key="10" text="YES" totalVotes="4831">
            <VoteType name="Election Day" votes="1833">
                <Precinct name="WYATT" votes="469" />
                <Precinct name="MONTICELLO" votes="522" />
                <Precinct name="MARTIN &amp; BURNEY" votes="842" />
            </VoteType>
            <VoteType name="Absentee by Mail" votes="310">
                <Precinct name="WYATT" votes="38" />
                <Precinct name="MONTICELLO" votes="206" />
                <Precinct name="MARTIN &amp; BURNEY" votes="66" />
            </VoteType>
            <VoteType name="Advance in Person" votes="2683">
                <Precinct name="WYATT" votes="341" />
                <Precinct name="MONTICELLO" votes="1485" />
                <Precinct name="MARTIN &amp; BURNEY" votes="857" />
            </VoteType>
            <VoteType name="Provisional" votes="5">
                <Precinct name="WYATT" votes="1" />
                <Precinct name="MONTICELLO" votes="4" />
                <Precinct name="MARTIN &amp; BURNEY" votes="0" />
            </VoteType>
        </Choice>
        <Choice key="20" text="NO" totalVotes="972">
            <VoteType name="Election Day" votes="397">
                <Precinct name="WYATT" votes="109" />
                <Precinct name="MONTICELLO" votes="136" />
                <Precinct name="MARTIN &amp; BURNEY" votes="152" />
            </VoteType>
            <VoteType name="Absentee by Mail" votes="58">
                <Precinct name="WYATT" votes="3" />
                <Precinct name="MONTICELLO" votes="37" />
                <Precinct name="MARTIN &amp; BURNEY" votes="18" />
            </VoteType>
            <VoteType name="Advance in Person" votes="517">
                <Precinct name="WYATT" votes="69" />
                <Precinct name="MONTICELLO" votes="297" />
                <Precinct name="MARTIN &amp; BURNEY" votes="151" />
            </VoteType>
            <VoteType name="Provisional" votes="0">
                <Precinct name="WYATT" votes="0" />
                <Precinct name="MONTICELLO" votes="0" />
                <Precinct name="MARTIN &amp; BURNEY" votes="0" />
            </VoteType>
        </Choice>
    </Contest>
    <Contest key="320" text="Constitutional Amendment #3&lt;br&gt;Reforms and re-establishes the Judicial Qualifications Commission and provides for its composition, governance, and powers." isQuestion="false" precinctsReporting="3" precinctsReported="3">
        <VoteType name="Number of Precincts for Race" votes="3">
            <Precinct name="WYATT" votes="1" />
            <Precinct name="MONTICELLO" votes="1" />
            <Precinct name="MARTIN &amp; BURNEY" votes="1" />
        </VoteType>
        <VoteType name="Number of Precincts Reporting" votes="3">
            <Precinct name="WYATT" votes="1" />
            <Precinct name="MONTICELLO" votes="1" />
            <Precinct name="MARTIN &amp; BURNEY" votes="1" />
        </VoteType>
        <Choice key="10" text="YES" totalVotes="3288">
            <VoteType name="Election Day" votes="1309">
                <Precinct name="WYATT" votes="350" />
                <Precinct name="MONTICELLO" votes="366" />
                <Precinct name="MARTIN &amp; BURNEY" votes="593" />
            </VoteType>
            <VoteType name="Absentee by Mail" votes="205">
                <Precinct name="WYATT" votes="31" />
                <Precinct name="MONTICELLO" votes="121" />
                <Precinct name="MARTIN &amp; BURNEY" votes="53" />
            </VoteType>
            <VoteType name="Advance in Person" votes="1772">
                <Precinct name="WYATT" votes="241" />
                <Precinct name="MONTICELLO" votes="947" />
                <Precinct name="MARTIN &amp; BURNEY" votes="584" />
            </VoteType>
            <VoteType name="Provisional" votes="2">
                <Precinct name="WYATT" votes="1" />
                <Precinct name="MONTICELLO" votes="1" />
                <Precinct name="MARTIN &amp; BURNEY" votes="0" />
            </VoteType>
        </Choice>
        <Choice key="20" text="NO" totalVotes="2253">
            <VoteType name="Election Day" votes="817">
                <Precinct name="WYATT" votes="208" />
                <Precinct name="MONTICELLO" votes="254" />
                <Precinct name="MARTIN &amp; BURNEY" votes="355" />
            </VoteType>
            <VoteType name="Absentee by Mail" votes="147">
                <Precinct name="WYATT" votes="8" />
                <Precinct name="MONTICELLO" votes="107" />
                <Precinct name="MARTIN &amp; BURNEY" votes="32" />
            </VoteType>
            <VoteType name="Advance in Person" votes="1285">
                <Precinct name="WYATT" votes="151" />
                <Precinct name="MONTICELLO" votes="748" />
                <Precinct name="MARTIN &amp; BURNEY" votes="386" />
            </VoteType>
            <VoteType name="Provisional" votes="4">
                <Precinct name="WYATT" votes="0" />
                <Precinct name="MONTICELLO" votes="4" />
                <Precinct name="MARTIN &amp; BURNEY" votes="0" />
            </VoteType>
        </Choice>
    </Contest>
    <Contest key="330" text="Constitutional Amendment #4&lt;br&gt;Dedicates revenue from existing taxes on fireworks to trauma care, fire services, and public safety." isQuestion="false" precinctsReporting="3" precinctsReported="3">
        <VoteType name="Number of Precincts for Race" votes="3">
            <Precinct name="WYATT" votes="1" />
            <Precinct name="MONTICELLO" votes="1" />
            <Precinct name="MARTIN &amp; BURNEY" votes="1" />
        </VoteType>
        <VoteType name="Number of Precincts Reporting" votes="3">
            <Precinct name="WYATT" votes="1" />
            <Precinct name="MONTICELLO" votes="1" />
            <Precinct name="MARTIN &amp; BURNEY" votes="1" />
        </VoteType>
        <Choice key="10" text="YES" totalVotes="4720">
            <VoteType name="Election Day" votes="1792">
                <Precinct name="WYATT" votes="455" />
                <Precinct name="MONTICELLO" votes="503" />
                <Precinct name="MARTIN &amp; BURNEY" votes="834" />
            </VoteType>
            <VoteType name="Absentee by Mail" votes="331">
                <Precinct name="WYATT" votes="38" />
                <Precinct name="MONTICELLO" votes="223" />
                <Precinct name="MARTIN &amp; BURNEY" votes="70" />
            </VoteType>
            <VoteType name="Advance in Person" votes="2592">
                <Precinct name="WYATT" votes="330" />
                <Precinct name="MONTICELLO" votes="1426" />
                <Precinct name="MARTIN &amp; BURNEY" votes="836" />
            </VoteType>
            <VoteType name="Provisional" votes="5">
                <Precinct name="WYATT" votes="1" />
                <Precinct name="MONTICELLO" votes="4" />
                <Precinct name="MARTIN &amp; BURNEY" votes="0" />
            </VoteType>
        </Choice>
        <Choice key="20" text="NO" totalVotes="1104">
            <VoteType name="Election Day" votes="442">
                <Precinct name="WYATT" votes="131" />
                <Precinct name="MONTICELLO" votes="152" />
                <Precinct name="MARTIN &amp; BURNEY" votes="159" />
            </VoteType>
            <VoteType name="Absentee by Mail" votes="39">
                <Precinct name="WYATT" votes="3" />
                <Precinct name="MONTICELLO" votes="22" />
                <Precinct name="MARTIN &amp; BURNEY" votes="14" />
            </VoteType>
            <VoteType name="Advance in Person" votes="622">
                <Precinct name="WYATT" votes="83" />
                <Precinct name="MONTICELLO" votes="370" />
                <Precinct name="MARTIN &amp; BURNEY" votes="169" />
            </VoteType>
            <VoteType name="Provisional" votes="1">
                <Precinct name="WYATT" votes="0" />
                <Precinct name="MONTICELLO" votes="1" />
                <Precinct name="MARTIN &amp; BURNEY" votes="0" />
            </VoteType>
        </Choice>
    </Contest>
</ElectionResult>