"line number","contest name","choice name","party name","total votes","percent of votes","registered voters","ballots cast","num Precinct total","num Precinct rptg","over votes","under votes"
1,"President of the United States","DONALD J. TRUMP","",26976,39.29,100700,69817,28,28,"0","0"
2,"President of the United States","HILLARY CLINTON","",39851,58.04,100700,69817,28,28,"0","0"
3,"President of the United States","GARY JOHNSON","",1831,2.67,100700,69817,28,28,"0","0"
4,"United States Senator, Isakson","JOHNNY ISAKSON (I)","",27940,43.78,100700,69817,28,28,"0","0"
5,"United States Senator, Isakson","JIM BARKSDALE","",33620,52.68,100700,69817,28,28,"0","0"
6,"United States Senator, Isakson","ALLEN BUCKLEY","",2254,3.53,100700,69817,28,28,"0","0"
7,"Public Service Commission, District 2 - Eastern","TIM ECHOLS (I)","",33399,56.55,100700,69779,28,28,"0","0"
8,"Public Service Commission, District 2 - Eastern","ERIC HOSKINS","",25667,43.45,100700,69779,28,28,"0","0"
9,"U.S. Representative, District 2","GREG DUKE","",13661,28.25,75513,50074,20,20,"0","0"
10,"U.S. Representative, District 2","SANFORD BISHOP (I)","",34696,71.75,75513,50074,20,20,"0","0"
11,"U.S. Representative, District 3","DREW FERGUSON","",13029,69.20,25187,19743,9,9,"0","0"
12,"U.S. Representative, District 3","ANGELA PENDLEY","",5799,30.80,25187,19743,9,9,"0","0"
13,"State Senator, District 15","ED HARBISON (I)","",31564,100.00,54637,36027,18,18,"0","0"
14,"State Senator, District 29","JOSH MCKOON (I)","",20500,63.55,46063,33752,13,13,"0","0"
15,"State Senator, District 29","BEN ANDERSON","",11756,36.45,46063,33752,13,13,"0","0"
16,"State Representative, District 133","JOHN PEZOLD (I)","",5410,100.00,7629,6274,2,2,"0","0"
17,"State Representative, District 134","RICHARD SMITH (I)","",15364,100.00,24817,19032,9,9,"0","0"
18,"State Representative, District 135","CALVIN SMYRE (I) (DEM)","",10991,100.00,22717,13230,10,10,"0","0"
19,"State Representative, District 136","CAROLYN HUGLEY (I) (DEM)","",16662,100.00,29237,19517,10,10,"0","0"
20,"State Representative, District 137","DEBBIE G.  BUCKNER (I)","",10042,100.00,16300,11726,4,4,"0","0"
21,"District Attorney, Chattahoochee Circuit","JULIA  SLATER (I)","",55913,100.00,100700,69779,28,28,"0","0"
22,"JUDGE PROBATE CT","M. D'ANTONIO (I) D","",54822,100.00,100700,69779,28,28,"0","0"
23,"CLERK SUPERIOR CT","A. L. HARDMAN (D)","",53229,100.00,100700,69779,28,28,"0","0"
24,"SHERIFF","M. LAJOYE (R)","",13611,20.91,100700,69779,28,28,"0","0"
25,"SHERIFF","D. TOMPKINS (D)","",29866,45.89,100700,69779,28,28,"0","0"
26,"SHERIFF","J. T. DARR (I) IN","",21608,33.20,100700,69779,28,28,"0","0"
27,"TAX COMMISSIONER","L. L. HUFF (I) D","",57355,100.00,100700,69779,28,28,"0","0"
28,"JUDGE MUNICIPAL CT","S. D. SMITH (I) D","",55434,100.00,100700,69779,28,28,"0","0"
29,"CLERK MUNICIPAL CT","V. C. BISHOP (I) D","",54117,100.00,100700,69779,28,28,"0","0"
30,"CORONER","B. BRYAN (I) D","",57049,100.00,100700,69779,28,28,"0","0"
31,"MARSHAL","G.D. COUNTRYMAN (I)D","",55539,100.00,100700,69779,28,28,"0","0"
32,"SOLICITOR GENERAL","S. GODDARD (I) D","",54990,100.00,100700,69779,28,28,"0","0"
33,"SOIL AND WATER","W. CONSOLETTI","",51058,100.00,100700,69779,28,28,"0","0"
34,"Constitutional Amendment #1<br>Provides greater flexibility and state accountability to fix failing schools through increasing community involvement.","YES","",34480,51.51,100700,69779,28,28,"0","0"
35,"Constitutional Amendment #1<br>Provides greater flexibility and state accountability to fix failing schools through increasing community involvement.","NO","",32458,48.49,100700,69779,28,28,"0","0"
36,"Constitutional Amendment #2<br>Authorizes penalties for sexual exploitation and assessments on adult entertainment to fund child victims' services.","YES","",55612,83.69,100700,69779,28,28,"0","0"
37,"Constitutional Amendment #2<br>Authorizes penalties for sexual exploitation and assessments on adult entertainment to fund child victims' services.","NO","",10841,16.31,100700,69779,28,28,"0","0"
38,"Constitutional Amendment #3<br>Reforms and re-establishes the Judicial Qualifications Commission and provides for its composition, governance, and powers.","YES","",40098,63.84,100700,69779,28,28,"0","0"
39,"Constitutional Amendment #3<br>Reforms and re-establishes the Judicial Qualifications Commission and provides for its composition, governance, and powers.","NO","",22708,36.16,100700,69779,28,28,"0","0"
40,"Constitutional Amendment #4<br>Dedicates revenue from existing taxes on fireworks to trauma care, fire services, and public safety.","YES","",52285,79.16,100700,69779,28,28,"0","0"
41,"Constitutional Amendment #4<br>Dedicates revenue from existing taxes on fireworks to trauma care, fire services, and public safety.","NO","",13768,20.84,100700,69779,28,28,"0","0"
42,"HOMESTEAD EXEMPTION SPECIAL","YES","",24943,37.75,100700,69779,28,28,"0","0"
43,"HOMESTEAD EXEMPTION SPECIAL","NO","",41123,62.25,100700,69779,28,28,"0","0"
