"line number","contest name","choice name","party name","total votes","percent of votes","registered voters","ballots cast","num Precinct total","num Precinct rptg","over votes","under votes"
1,"President of the United States","DONALD J. TRUMP","",12717,28.68,60411,45688,24,24,"0","0"
2,"President of the United States","HILLARY CLINTON","",29603,66.77,60411,45688,24,24,"0","0"
3,"President of the United States","GARY JOHNSON","",2019,4.55,60411,45688,24,24,"0","0"
4,"United States Senator, Isakson","JOHNNY ISAKSON (I)","",15529,35.94,60411,45688,24,24,"0","0"
5,"United States Senator, Isakson","JIM BARKSDALE","",25474,58.96,60411,45688,24,24,"0","0"
6,"United States Senator, Isakson","ALLEN BUCKLEY","",2203,5.10,60411,45688,24,24,"0","0"
7,"Public Service Commission, District 2 - Eastern","TIM ECHOLS (I)","",20006,55.45,60411,45662,24,24,"0","0"
8,"Public Service Commission, District 2 - Eastern","ERIC HOSKINS","",16072,44.55,60411,45662,24,24,"0","0"
9,"U.S. Representative, District 9","DOUG COLLINS (I)","",2913,100.00,6973,5124,4,4,"0","0"
10,"U.S. Representative, District 10","JODY HICE (I)","",23606,100.00,53438,40564,21,21,"0","0"
11,"State Senator, District 46","BILL COWSERT (I) (REP)","",16902,100.00,37398,28294,14,14,"0","0"
12,"State Senator, District 47","FRANK GINN (I)","",10217,100.00,23013,17368,10,10,"0","0"
13,"State Representative, District 117","REGINA QUICK (I)","",8917,100.00,17707,13719,8,8,"0","0"
14,"State Representative, District 118","SPENCER FRYE (I) (DEM)","",16223,100.00,26934,19812,10,10,"0","0"
15,"State Representative, District 119","CHUCK WILLIAMS (I) (REP)","",7524,100.00,15770,12131,8,8,"0","0"
16,"District Attorney, Western Circuit","KEN MAULDIN (I) (DEM)","",36820,100.00,60411,45662,24,24,"0","0"
17,"Superior Court Clerk","B. LOGAN (I)(D)","",37690,100.00,60411,45662,24,24,"0","0"
18,"Sheriff","I. EDWARDS JR.(I)(D)","",37633,100.00,60411,45662,24,24,"0","0"
19,"Tax Commissioner","T. H. MEADOW (D)","",37046,100.00,60411,45662,24,24,"0","0"
20,"Coroner","S. WILSON (I)(D)","",37165,100.00,60411,45662,24,24,"0","0"
21,"Constitutional Amendment #1<br>Provides greater flexibility and state accountability to fix failing schools through increasing community involvement.","YES","",10384,23.44,60411,45662,24,24,"0","0"
22,"Constitutional Amendment #1<br>Provides greater flexibility and state accountability to fix failing schools through increasing community involvement.","NO","",33909,76.56,60411,45662,24,24,"0","0"
23,"Constitutional Amendment #2<br>Authorizes penalties for sexual exploitation and assessments on adult entertainment to fund child victims' services.","YES","",31951,73.46,60411,45662,24,24,"0","0"
24,"Constitutional Amendment #2<br>Authorizes penalties for sexual exploitation and assessments on adult entertainment to fund child victims' services.","NO","",11545,26.54,60411,45662,24,24,"0","0"
25,"Constitutional Amendment #3<br>Reforms and re-establishes the Judicial Qualifications Commission and provides for its composition, governance, and powers.","YES","",19624,48.03,60411,45662,24,24,"0","0"
26,"Constitutional Amendment #3<br>Reforms and re-establishes the Judicial Qualifications Commission and provides for its composition, governance, and powers.","NO","",21232,51.97,60411,45662,24,24,"0","0"
27,"Constitutional Amendment #4<br>Dedicates revenue from existing taxes on fireworks to trauma care, fire services, and public safety.","YES","",34394,79.21,60411,45662,24,24,"0","0"
28,"Constitutional Amendment #4<br>Dedicates revenue from existing taxes on fireworks to trauma care, fire services, and public safety.","NO","",9026,20.79,60411,45662,24,24,"0","0"
29,"ESPLOST","YES","",30851,72.09,60411,45662,24,24,"0","0"
30,"ESPLOST","NO","",11946,27.91,60411,45662,24,24,"0","0"
