<?xml version="1.0"?>
<!--Election result snapshot imported from Tabulation System
-->
<ElectionResult>
    <Timestamp>11/16/2016 11:41:23 AM EST</Timestamp>
    <ElectionName>November 8, 2016 - General Election</ElectionName>
    <ElectionDate>11/8/2016</ElectionDate>
    <Region>Miller</Region>
    <VoterTurnout totalVoters="3461" ballotsCast="2563" voterTurnout="74.05">
        <Precincts>
            <Precinct name="Colquitt-Miller" totalVoters="3461" ballotsCast="2563" voterTurnout="74.05" percentReporting="4" />
        </Precincts>
    </VoterTurnout>
    <Contest key="1" text="President of the United States" isQuestion="false" precinctsReporting="1" precinctsReported="1">
        <VoteType name="Number of Precincts for Race" votes="1">
            <Precinct name="Colquitt-Miller" votes="1" />
        </VoteType>
        <VoteType name="Number of Precincts Reporting" votes="1">
            <Precinct name="Colquitt-Miller" votes="1" />
        </VoteType>
        <Choice key="10" text="DONALD J. TRUMP" totalVotes="1891">
            <VoteType name="Election Day" votes="768">
                <Precinct name="Colquitt-Miller" votes="768" />
            </VoteType>
            <VoteType name="Absentee by Mail" votes="105">
                <Precinct name="Colquitt-Miller" votes="105" />
            </VoteType>
            <VoteType name="Advance in Person" votes="1015">
                <Precinct name="Colquitt-Miller" votes="1015" />
            </VoteType>
            <VoteType name="Provisional" votes="3">
                <Precinct name="Colquitt-Miller" votes="3" />
            </VoteType>
        </Choice>
        <Choice key="20" text="HILLARY CLINTON" totalVotes="623">
            <VoteType name="Election Day" votes="359">
                <Precinct name="Colquitt-Miller" votes="359" />
            </VoteType>
            <VoteType name="Absentee by Mail" votes="47">
                <Precinct name="Colquitt-Miller" votes="47" />
            </VoteType>
            <VoteType name="Advance in Person" votes="216">
                <Precinct name="Colquitt-Miller" votes="216" />
            </VoteType>
            <VoteType name="Provisional" votes="1">
                <Precinct name="Colquitt-Miller" votes="1" />
            </VoteType>
        </Choice>
        <Choice key="30" text="GARY JOHNSON" totalVotes="30">
            <VoteType name="Election Day" votes="19">
                <Precinct name="Colquitt-Miller" votes="19" />
            </VoteType>
            <VoteType name="Absentee by Mail" votes="3">
                <Precinct name="Colquitt-Miller" votes="3" />
            </VoteType>
            <VoteType name="Advance in Person" votes="8">
                <Precinct name="Colquitt-Miller" votes="8" />
            </VoteType>
            <VoteType name="Provisional" votes="0">
                <Precinct name="Colquitt-Miller" votes="0" />
            </VoteType>
        </Choice>
    </Contest>
    <Contest key="10" text="United States Senator, Isakson" isQuestion="false" precinctsReporting="1" precinctsReported="1">
        <VoteType name="Number of Precincts for Race" votes="1">
            <Precinct name="Colquitt-Miller" votes="1" />
        </VoteType>
        <VoteType name="Number of Precincts Reporting" votes="1">
            <Precinct name="Colquitt-Miller" votes="1" />
        </VoteType>
        <Choice key="30" text="JOHNNY ISAKSON (I)" totalVotes="1709">
            <VoteType name="Election Day" votes="701">
                <Precinct name="Colquitt-Miller" votes="701" />
            </VoteType>
            <VoteType name="Absentee by Mail" votes="99">
                <Precinct name="Colquitt-Miller" votes="99" />
            </VoteType>
            <VoteType name="Advance in Person" votes="906">
                <Precinct name="Colquitt-Miller" votes="906" />
            </VoteType>
            <VoteType name="Provisional" votes="3">
                <Precinct name="Colquitt-Miller" votes="3" />
            </VoteType>
        </Choice>
        <Choice key="40" text="JIM BARKSDALE" totalVotes="503">
            <VoteType name="Election Day" votes="293">
                <Precinct name="Colquitt-Miller" votes="293" />
            </VoteType>
            <VoteType name="Absentee by Mail" votes="44">
                <Precinct name="Colquitt-Miller" votes="44" />
            </VoteType>
            <VoteType name="Advance in Person" votes="165">
                <Precinct name="Colquitt-Miller" votes="165" />
            </VoteType>
            <VoteType name="Provisional" votes="1">
                <Precinct name="Colquitt-Miller" votes="1" />
            </VoteType>
        </Choice>
        <Choice key="50" text="ALLEN BUCKLEY" totalVotes="60">
            <VoteType name="Election Day" votes="38">
                <Precinct name="Colquitt-Miller" votes="38" />
            </VoteType>
            <VoteType name="Absentee by Mail" votes="4">
                <Precinct name="Colquitt-Miller" votes="4" />
            </VoteType>
            <VoteType name="Advance in Person" votes="18">
                <Precinct name="Colquitt-Miller" votes="18" />
            </VoteType>
            <VoteType name="Provisional" votes="0">
                <Precinct name="Colquitt-Miller" votes="0" />
            </VoteType>
        </Choice>
    </Contest>
    <Contest key="30" text="Public Service Commission, District 2 - Eastern" isQuestion="false" precinctsReporting="1" precinctsReported="1">
        <VoteType name="Number of Precincts for Race" votes="1">
            <Precinct name="Colquitt-Miller" votes="1" />
        </VoteType>
        <VoteType name="Number of Precincts Reporting" votes="1">
            <Precinct name="Colquitt-Miller" votes="1" />
        </VoteType>
        <Choice key="20" text="TIM ECHOLS (I)" totalVotes="1797">
            <VoteType name="Election Day" votes="757">
                <Precinct name="Colquitt-Miller" votes="757" />
            </VoteType>
            <VoteType name="Absentee by Mail" votes="102">
                <Precinct name="Colquitt-Miller" votes="102" />
            </VoteType>
            <VoteType name="Advance in Person" votes="934">
                <Precinct name="Colquitt-Miller" votes="934" />
            </VoteType>
            <VoteType name="Provisional" votes="4">
                <Precinct name="Colquitt-Miller" votes="4" />
            </VoteType>
        </Choice>
        <Choice key="30" text="ERIC HOSKINS" totalVotes="348">
            <VoteType name="Election Day" votes="205">
                <Precinct name="Colquitt-Miller" votes="205" />
            </VoteType>
            <VoteType name="Absentee by Mail" votes="27">
                <Precinct name="Colquitt-Miller" votes="27" />
            </VoteType>
            <VoteType name="Advance in Person" votes="116">
                <Precinct name="Colquitt-Miller" votes="116" />
            </VoteType>
            <VoteType name="Provisional" votes="0">
                <Precinct name="Colquitt-Miller" votes="0" />
            </VoteType>
        </Choice>
    </Contest>
    <Contest key="50" text="U.S. Representative, District 2" isQuestion="false" precinctsReporting="1" precinctsReported="1">
        <VoteType name="Number of Precincts for Race" votes="1">
            <Precinct name="Colquitt-Miller" votes="1" />
        </VoteType>
        <VoteType name="Number of Precincts Reporting" votes="1">
            <Precinct name="Colquitt-Miller" votes="1" />
        </VoteType>
        <Choice key="10" text="GREG DUKE" totalVotes="1553">
            <VoteType name="Election Day" votes="640">
                <Precinct name="Colquitt-Miller" votes="640" />
            </VoteType>
            <VoteType name="Absentee by Mail" votes="90">
                <Precinct name="Colquitt-Miller" votes="90" />
            </VoteType>
            <VoteType name="Advance in Person" votes="822">
                <Precinct name="Colquitt-Miller" votes="822" />
            </VoteType>
            <VoteType name="Provisional" votes="1">
                <Precinct name="Colquitt-Miller" votes="1" />
            </VoteType>
        </Choice>
        <Choice key="20" text="SANFORD BISHOP (I)" totalVotes="912">
            <VoteType name="Election Day" votes="477">
                <Precinct name="Colquitt-Miller" votes="477" />
            </VoteType>
            <VoteType name="Absentee by Mail" votes="60">
                <Precinct name="Colquitt-Miller" votes="60" />
            </VoteType>
            <VoteType name="Advance in Person" votes="373">
                <Precinct name="Colquitt-Miller" votes="373" />
            </VoteType>
            <VoteType name="Provisional" votes="2">
                <Precinct name="Colquitt-Miller" votes="2" />
            </VoteType>
        </Choice>
    </Contest>
    <Contest key="70" text="State Senator, District 11" isQuestion="false" precinctsReporting="1" precinctsReported="1">
        <VoteType name="Number of Precincts for Race" votes="1">
            <Precinct name="Colquitt-Miller" votes="1" />
        </VoteType>
        <VoteType name="Number of Precincts Reporting" votes="1">
            <Precinct name="Colquitt-Miller" votes="1" />
        </VoteType>
        <Choice key="10" text="DEAN BURKE (I)" totalVotes="2033">
            <VoteType name="Election Day" votes="900">
                <Precinct name="Colquitt-Miller" votes="900" />
            </VoteType>
            <VoteType name="Absentee by Mail" votes="114">
                <Precinct name="Colquitt-Miller" votes="114" />
            </VoteType>
            <VoteType name="Advance in Person" votes="1016">
                <Precinct name="Colquitt-Miller" votes="1016" />
            </VoteType>
            <VoteType name="Provisional" votes="3">
                <Precinct name="Colquitt-Miller" votes="3" />
            </VoteType>
        </Choice>
    </Contest>
    <Contest key="100" text="State Representative, District 154" isQuestion="false" precinctsReporting="1" precinctsReported="1">
        <VoteType name="Number of Precincts for Race" votes="1">
            <Precinct name="Colquitt-Miller" votes="1" />
        </VoteType>
        <VoteType name="Number of Precincts Reporting" votes="1">
            <Precinct name="Colquitt-Miller" votes="1" />
        </VoteType>
        <Choice key="10" text="WINFRED DUKES (I)" totalVotes="1715">
            <VoteType name="Election Day" votes="798">
                <Precinct name="Colquitt-Miller" votes="798" />
            </VoteType>
            <VoteType name="Absentee by Mail" votes="116">
                <Precinct name="Colquitt-Miller" votes="116" />
            </VoteType>
            <VoteType name="Advance in Person" votes="799">
                <Precinct name="Colquitt-Miller" votes="799" />
            </VoteType>
            <VoteType name="Provisional" votes="2">
                <Precinct name="Colquitt-Miller" votes="2" />
            </VoteType>
        </Choice>
    </Contest>
    <Contest key="120" text="District Attorney, Pataula Circuit" isQuestion="false" precinctsReporting="1" precinctsReported="1">
        <VoteType name="Number of Precincts for Race" votes="1">
            <Precinct name="Colquitt-Miller" votes="1" />
        </VoteType>
        <VoteType name="Number of Precincts Reporting" votes="1">
            <Precinct name="Colquitt-Miller" votes="1" />
        </VoteType>
        <Choice key="10" text="T.CRAIG EARNEST (I)" totalVotes="1896">
            <VoteType name="Election Day" votes="866">
                <Precinct name="Colquitt-Miller" votes="866" />
            </VoteType>
            <VoteType name="Absentee by Mail" votes="120">
                <Precinct name="Colquitt-Miller" votes="120" />
            </VoteType>
            <VoteType name="Advance in Person" votes="908">
                <Precinct name="Colquitt-Miller" votes="908" />
            </VoteType>
            <VoteType name="Provisional" votes="2">
                <Precinct name="Colquitt-Miller" votes="2" />
            </VoteType>
        </Choice>
    </Contest>
    <Contest key="140" text="CLERK, SUPERIOR COURT" isQuestion="false" precinctsReporting="1" precinctsReported="1">
        <VoteType name="Number of Precincts for Race" votes="1">
            <Precinct name="Colquitt-Miller" votes="1" />
        </VoteType>
        <VoteType name="Number of Precincts Reporting" votes="1">
            <Precinct name="Colquitt-Miller" votes="1" />
        </VoteType>
        <Choice key="10" text="G. JOHNSON (I) D" totalVotes="2011">
            <VoteType name="Election Day" votes="921">
                <Precinct name="Colquitt-Miller" votes="921" />
            </VoteType>
            <VoteType name="Absentee by Mail" votes="123">
                <Precinct name="Colquitt-Miller" votes="123" />
            </VoteType>
            <VoteType name="Advance in Person" votes="964">
                <Precinct name="Colquitt-Miller" votes="964" />
            </VoteType>
            <VoteType name="Provisional" votes="3">
                <Precinct name="Colquitt-Miller" votes="3" />
            </VoteType>
        </Choice>
    </Contest>
    <Contest key="160" text="SHERIFF" isQuestion="false" precinctsReporting="1" precinctsReported="1">
        <VoteType name="Number of Precincts for Race" votes="1">
            <Precinct name="Colquitt-Miller" votes="1" />
        </VoteType>
        <VoteType name="Number of Precincts Reporting" votes="1">
            <Precinct name="Colquitt-Miller" votes="1" />
        </VoteType>
        <Choice key="10" text="W. S. RATHEL (I) D" totalVotes="1518">
            <VoteType name="Election Day" votes="674">
                <Precinct name="Colquitt-Miller" votes="674" />
            </VoteType>
            <VoteType name="Absentee by Mail" votes="98">
                <Precinct name="Colquitt-Miller" votes="98" />
            </VoteType>
            <VoteType name="Advance in Person" votes="743">
                <Precinct name="Colquitt-Miller" votes="743" />
            </VoteType>
            <VoteType name="Provisional" votes="3">
                <Precinct name="Colquitt-Miller" votes="3" />
            </VoteType>
        </Choice>
    </Contest>
    <Contest key="180" text="TAX COMMISSIONER" isQuestion="false" precinctsReporting="1" precinctsReported="1">
        <VoteType name="Number of Precincts for Race" votes="1">
            <Precinct name="Colquitt-Miller" votes="1" />
        </VoteType>
        <VoteType name="Number of Precincts Reporting" votes="1">
            <Precinct name="Colquitt-Miller" votes="1" />
        </VoteType>
        <Choice key="10" text="J. G. JACKSON (I) D" totalVotes="1988">
            <VoteType name="Election Day" votes="919">
                <Precinct name="Colquitt-Miller" votes="919" />
            </VoteType>
            <VoteType name="Absentee by Mail" votes="122">
                <Precinct name="Colquitt-Miller" votes="122" />
            </VoteType>
            <VoteType name="Advance in Person" votes="944">
                <Precinct name="Colquitt-Miller" votes="944" />
            </VoteType>
            <VoteType name="Provisional" votes="3">
                <Precinct name="Colquitt-Miller" votes="3" />
            </VoteType>
        </Choice>
    </Contest>
    <Contest key="200" text="CORONER" isQuestion="false" precinctsReporting="1" precinctsReported="1">
        <VoteType name="Number of Precincts for Race" votes="1">
            <Precinct name="Colquitt-Miller" votes="1" />
        </VoteType>
        <VoteType name="Number of Precincts Reporting" votes="1">
            <Precinct name="Colquitt-Miller" votes="1" />
        </VoteType>
        <Choice key="10" text="D. B SHEFFIELD (I) D" totalVotes="2124">
            <VoteType name="Election Day" votes="959">
                <Precinct name="Colquitt-Miller" votes="959" />
            </VoteType>
            <VoteType name="Absentee by Mail" votes="131">
                <Precinct name="Colquitt-Miller" votes="131" />
            </VoteType>
            <VoteType name="Advance in Person" votes="1031">
                <Precinct name="Colquitt-Miller" votes="1031" />
            </VoteType>
            <VoteType name="Provisional" votes="3">
                <Precinct name="Colquitt-Miller" votes="3" />
            </VoteType>
        </Choice>
    </Contest>
    <Contest key="210" text="SOLICITOR GENERAL" isQuestion="false" precinctsReporting="1" precinctsReported="1">
        <VoteType name="Number of Precincts for Race" votes="1">
            <Precinct name="Colquitt-Miller" votes="1" />
        </VoteType>
        <VoteType name="Number of Precincts Reporting" votes="1">
            <Precinct name="Colquitt-Miller" votes="1" />
        </VoteType>
        <Choice key="10" text="D. C. GRIFFIN (D)" totalVotes="1978">
            <VoteType name="Election Day" votes="895">
                <Precinct name="Colquitt-Miller" votes="895" />
            </VoteType>
            <VoteType name="Absentee by Mail" votes="126">
                <Precinct name="Colquitt-Miller" votes="126" />
            </VoteType>
            <VoteType name="Advance in Person" votes="954">
                <Precinct name="Colquitt-Miller" votes="954" />
            </VoteType>
            <VoteType name="Provisional" votes="3">
                <Precinct name="Colquitt-Miller" votes="3" />
            </VoteType>
        </Choice>
    </Contest>
    <Contest key="220" text="CC, D1" isQuestion="false" precinctsReporting="1" precinctsReported="1">
        <VoteType name="Number of Precincts for Race" votes="1">
            <Precinct name="Colquitt-Miller" votes="1" />
        </VoteType>
        <VoteType name="Number of Precincts Reporting" votes="1">
            <Precinct name="Colquitt-Miller" votes="1" />
        </VoteType>
        <Choice key="10" text="F. C. PHILLIPS (I) D" totalVotes="281">
            <VoteType name="Election Day" votes="145">
                <Precinct name="Colquitt-Miller" votes="145" />
            </VoteType>
            <VoteType name="Absentee by Mail" votes="12">
                <Precinct name="Colquitt-Miller" votes="12" />
            </VoteType>
            <VoteType name="Advance in Person" votes="124">
                <Precinct name="Colquitt-Miller" votes="124" />
            </VoteType>
            <VoteType name="Provisional" votes="0">
                <Precinct name="Colquitt-Miller" votes="0" />
            </VoteType>
        </Choice>
    </Contest>
    <Contest key="240" text="CC, D3" isQuestion="false" precinctsReporting="1" precinctsReported="1">
        <VoteType name="Number of Precincts for Race" votes="1">
            <Precinct name="Colquitt-Miller" votes="1" />
        </VoteType>
        <VoteType name="Number of Precincts Reporting" votes="1">
            <Precinct name="Colquitt-Miller" votes="1" />
        </VoteType>
        <Choice key="10" text="A. WORSLEY (I) D" totalVotes="470">
            <VoteType name="Election Day" votes="182">
                <Precinct name="Colquitt-Miller" votes="182" />
            </VoteType>
            <VoteType name="Absentee by Mail" votes="28">
                <Precinct name="Colquitt-Miller" votes="28" />
            </VoteType>
            <VoteType name="Advance in Person" votes="259">
                <Precinct name="Colquitt-Miller" votes="259" />
            </VoteType>
            <VoteType name="Provisional" votes="1">
                <Precinct name="Colquitt-Miller" votes="1" />
            </VoteType>
        </Choice>
    </Contest>
    <Contest key="260" text="CC, D5" isQuestion="false" precinctsReporting="1" precinctsReported="1">
        <VoteType name="Number of Precincts for Race" votes="1">
            <Precinct name="Colquitt-Miller" votes="1" />
        </VoteType>
        <VoteType name="Number of Precincts Reporting" votes="1">
            <Precinct name="Colquitt-Miller" votes="1" />
        </VoteType>
        <Choice key="10" text="J. A. BUSH (I) D" totalVotes="461">
            <VoteType name="Election Day" votes="197">
                <Precinct name="Colquitt-Miller" votes="197" />
            </VoteType>
            <VoteType name="Absentee by Mail" votes="37">
                <Precinct name="Colquitt-Miller" votes="37" />
            </VoteType>
            <VoteType name="Advance in Person" votes="226">
                <Precinct name="Colquitt-Miller" votes="226" />
            </VoteType>
            <VoteType name="Provisional" votes="1">
                <Precinct name="Colquitt-Miller" votes="1" />
            </VoteType>
        </Choice>
    </Contest>
    <Contest key="280" text="BOE D1" isQuestion="false" precinctsReporting="1" precinctsReported="1">
        <VoteType name="Number of Precincts for Race" votes="1">
            <Precinct name="Colquitt-Miller" votes="1" />
        </VoteType>
        <VoteType name="Number of Precincts Reporting" votes="1">
            <Precinct name="Colquitt-Miller" votes="1" />
        </VoteType>
        <Choice key="10" text="L. M. BUSH (I) D" totalVotes="251">
            <VoteType name="Election Day" votes="143">
                <Precinct name="Colquitt-Miller" votes="143" />
            </VoteType>
            <VoteType name="Absentee by Mail" votes="11">
                <Precinct name="Colquitt-Miller" votes="11" />
            </VoteType>
            <VoteType name="Advance in Person" votes="97">
                <Precinct name="Colquitt-Miller" votes="97" />
            </VoteType>
            <VoteType name="Provisional" votes="0">
                <Precinct name="Colquitt-Miller" votes="0" />
            </VoteType>
        </Choice>
    </Contest>
    <Contest key="300" text="BOE D3" isQuestion="false" precinctsReporting="1" precinctsReported="1">
        <VoteType name="Number of Precincts for Race" votes="1">
            <Precinct name="Colquitt-Miller" votes="1" />
        </VoteType>
        <VoteType name="Number of Precincts Reporting" votes="1">
            <Precinct name="Colquitt-Miller" votes="1" />
        </VoteType>
        <Choice key="10" text="S. B. ALLEN (D)" totalVotes="471">
            <VoteType name="Election Day" votes="188">
                <Precinct name="Colquitt-Miller" votes="188" />
            </VoteType>
            <VoteType name="Absentee by Mail" votes="27">
                <Precinct name="Colquitt-Miller" votes="27" />
            </VoteType>
            <VoteType name="Advance in Person" votes="255">
                <Precinct name="Colquitt-Miller" votes="255" />
            </VoteType>
            <VoteType name="Provisional" votes="1">
                <Precinct name="Colquitt-Miller" votes="1" />
            </VoteType>
        </Choice>
    </Contest>
    <Contest key="310" text="BOE D5" isQuestion="false" precinctsReporting="1" precinctsReported="1">
        <VoteType name="Number of Precincts for Race" votes="1">
            <Precinct name="Colquitt-Miller" votes="1" />
        </VoteType>
        <VoteType name="Number of Precincts Reporting" votes="1">
            <Precinct name="Colquitt-Miller" votes="1" />
        </VoteType>
        <Choice key="10" text="J. MOCK (R)" totalVotes="477">
            <VoteType name="Election Day" votes="206">
                <Precinct name="Colquitt-Miller" votes="206" />
            </VoteType>
            <VoteType name="Absentee by Mail" votes="31">
                <Precinct name="Colquitt-Miller" votes="31" />
            </VoteType>
            <VoteType name="Advance in Person" votes="239">
                <Precinct name="Colquitt-Miller" votes="239" />
            </VoteType>
            <VoteType name="Provisional" votes="1">
                <Precinct name="Colquitt-Miller" votes="1" />
            </VoteType>
        </Choice>
    </Contest>
    <Contest key="320" text="SOIL AND WATER" isQuestion="false" precinctsReporting="1" precinctsReported="1">
        <VoteType name="Number of Precincts for Race" votes="1">
            <Precinct name="Colquitt-Miller" votes="1" />
        </VoteType>
        <VoteType name="Number of Precincts Reporting" votes="1">
            <Precinct name="Colquitt-Miller" votes="1" />
        </VoteType>
        <Choice key="10" text="R. W. VANN" totalVotes="1937">
            <VoteType name="Election Day" votes="897">
                <Precinct name="Colquitt-Miller" votes="897" />
            </VoteType>
            <VoteType name="Absentee by Mail" votes="107">
                <Precinct name="Colquitt-Miller" votes="107" />
            </VoteType>
            <VoteType name="Advance in Person" votes="930">
                <Precinct name="Colquitt-Miller" votes="930" />
            </VoteType>
            <VoteType name="Provisional" votes="3">
                <Precinct name="Colquitt-Miller" votes="3" />
            </VoteType>
        </Choice>
    </Contest>
    <Contest key="330" text="Constitutional Amendment #1&lt;br&gt;Provides greater flexibility and state accountability to fix failing schools through increasing community involvement." isQuestion="false" precinctsReporting="1" precinctsReported="1">
        <VoteType name="Number of Precincts for Race" votes="1">
            <Precinct name="Colquitt-Miller" votes="1" />
        </VoteType>
        <VoteType name="Number of Precincts Reporting" votes="1">
            <Precinct name="Colquitt-Miller" votes="1" />
        </VoteType>
        <Choice key="10" text="YES" totalVotes="862">
            <VoteType name="Election Day" votes="401">
                <Precinct name="Colquitt-Miller" votes="401" />
            </VoteType>
            <VoteType name="Absentee by Mail" votes="57">
                <Precinct name="Colquitt-Miller" votes="57" />
            </VoteType>
            <VoteType name="Advance in Person" votes="403">
                <Precinct name="Colquitt-Miller" votes="403" />
            </VoteType>
            <VoteType name="Provisional" votes="1">
                <Precinct name="Colquitt-Miller" votes="1" />
            </VoteType>
        </Choice>
        <Choice key="20" text="NO" totalVotes="1490">
            <VoteType name="Election Day" votes="669">
                <Precinct name="Colquitt-Miller" votes="669" />
            </VoteType>
            <VoteType name="Absentee by Mail" votes="85">
                <Precinct name="Colquitt-Miller" votes="85" />
            </VoteType>
            <VoteType name="Advance in Person" votes="733">
                <Precinct name="Colquitt-Miller" votes="733" />
            </VoteType>
            <VoteType name="Provisional" votes="3">
                <Precinct name="Colquitt-Miller" votes="3" />
            </VoteType>
        </Choice>
    </Contest>
    <Contest key="340" text="Constitutional Amendment #2&lt;br&gt;Authorizes penalties for sexual exploitation and assessments on adult entertainment to fund child victims' services." isQuestion="false" precinctsReporting="1" precinctsReported="1">
        <VoteType name="Number of Precincts for Race" votes="1">
            <Precinct name="Colquitt-Miller" votes="1" />
        </VoteType>
        <VoteType name="Number of Precincts Reporting" votes="1">
            <Precinct name="Colquitt-Miller" votes="1" />
        </VoteType>
        <Choice key="10" text="YES" totalVotes="1834">
            <VoteType name="Election Day" votes="822">
                <Precinct name="Colquitt-Miller" votes="822" />
            </VoteType>
            <VoteType name="Absentee by Mail" votes="126">
                <Precinct name="Colquitt-Miller" votes="126" />
            </VoteType>
            <VoteType name="Advance in Person" votes="883">
                <Precinct name="Colquitt-Miller" votes="883" />
            </VoteType>
            <VoteType name="Provisional" votes="3">
                <Precinct name="Colquitt-Miller" votes="3" />
            </VoteType>
        </Choice>
        <Choice key="20" text="NO" totalVotes="431">
            <VoteType name="Election Day" votes="213">
                <Precinct name="Colquitt-Miller" votes="213" />
            </VoteType>
            <VoteType name="Absentee by Mail" votes="14">
                <Precinct name="Colquitt-Miller" votes="14" />
            </VoteType>
            <VoteType name="Advance in Person" votes="203">
                <Precinct name="Colquitt-Miller" votes="203" />
            </VoteType>
            <VoteType name="Provisional" votes="1">
                <Precinct name="Colquitt-Miller" votes="1" />
            </VoteType>
        </Choice>
    </Contest>
    <Contest key="350" text="Constitutional Amendment #3&lt;br&gt;Reforms and re-establishes the Judicial Qualifications Commission and provides for its composition, governance, and powers." isQuestion="false" precinctsReporting="1" precinctsReported="1">
        <VoteType name="Number of Precincts for Race" votes="1">
            <Precinct name="Colquitt-Miller" votes="1" />
        </VoteType>
        <VoteType name="Number of Precincts Reporting" votes="1">
            <Precinct name="Colquitt-Miller" votes="1" />
        </VoteType>
        <Choice key="10" text="YES" totalVotes="1214">
            <VoteType name="Election Day" votes="556">
                <Precinct name="Colquitt-Miller" votes="556" />
            </VoteType>
            <VoteType name="Absentee by Mail" votes="90">
                <Precinct name="Colquitt-Miller" votes="90" />
            </VoteType>
            <VoteType name="Advance in Person" votes="566">
                <Precinct name="Colquitt-Miller" votes="566" />
            </VoteType>
            <VoteType name="Provisional" votes="2">
                <Precinct name="Colquitt-Miller" votes="2" />
            </VoteType>
        </Choice>
        <Choice key="20" text="NO" totalVotes="851">
            <VoteType name="Election Day" votes="387">
                <Precinct name="Colquitt-Miller" votes="387" />
            </VoteType>
            <VoteType name="Absentee by Mail" votes="40">
                <Precinct name="Colquitt-Miller" votes="40" />
            </VoteType>
            <VoteType name="Advance in Person" votes="423">
                <Precinct name="Colquitt-Miller" votes="423" />
            </VoteType>
            <VoteType name="Provisional" votes="1">
                <Precinct name="Colquitt-Miller" votes="1" />
            </VoteType>
        </Choice>
    </Contest>
    <Contest key="360" text="Constitutional Amendment #4&lt;br&gt;Dedicates revenue from existing taxes on fireworks to trauma care, fire services, and public safety." isQuestion="false" precinctsReporting="1" precinctsReported="1">
        <VoteType name="Number of Precincts for Race" votes="1">
            <Precinct name="Colquitt-Miller" votes="1" />
        </VoteType>
        <VoteType name="Number of Precincts Reporting" votes="1">
            <Precinct name="Colquitt-Miller" votes="1" />
        </VoteType>
        <Choice key="10" text="YES" totalVotes="1681">
            <VoteType name="Election Day" votes="744">
                <Precinct name="Colquitt-Miller" votes="744" />
            </VoteType>
            <VoteType name="Absentee by Mail" votes="113">
                <Precinct name="Colquitt-Miller" votes="113" />
            </VoteType>
            <VoteType name="Advance in Person" votes="822">
                <Precinct name="Colquitt-Miller" votes="822" />
            </VoteType>
            <VoteType name="Provisional" votes="2">
                <Precinct name="Colquitt-Miller" votes="2" />
            </VoteType>
        </Choice>
        <Choice key="20" text="NO" totalVotes="548">
            <VoteType name="Election Day" votes="262">
                <Precinct name="Colquitt-Miller" votes="262" />
            </VoteType>
            <VoteType name="Absentee by Mail" votes="27">
                <Precinct name="Colquitt-Miller" votes="27" />
            </VoteType>
            <VoteType name="Advance in Person" votes="257">
                <Precinct name="Colquitt-Miller" votes="257" />
            </VoteType>
            <VoteType name="Provisional" votes="2">
                <Precinct name="Colquitt-Miller" votes="2" />
            </VoteType>
        </Choice>
    </Contest>
    <Contest key="370" text="SUNDAY SALES BY RETAILERS" isQuestion="false" precinctsReporting="1" precinctsReported="1">
        <VoteType name="Number of Precincts for Race" votes="1">
            <Precinct name="Colquitt-Miller" votes="1" />
        </VoteType>
        <VoteType name="Number of Precincts Reporting" votes="1">
            <Precinct name="Colquitt-Miller" votes="1" />
        </VoteType>
        <Choice key="10" text="YES" totalVotes="370">
            <VoteType name="Election Day" votes="221">
                <Precinct name="Colquitt-Miller" votes="221" />
            </VoteType>
            <VoteType name="Absentee by Mail" votes="20">
                <Precinct name="Colquitt-Miller" votes="20" />
            </VoteType>
            <VoteType name="Advance in Person" votes="129">
                <Precinct name="Colquitt-Miller" votes="129" />
            </VoteType>
            <VoteType name="Provisional" votes="0">
                <Precinct name="Colquitt-Miller" votes="0" />
            </VoteType>
        </Choice>
        <Choice key="20" text="NO" totalVotes="250">
            <VoteType name="Election Day" votes="101">
                <Precinct name="Colquitt-Miller" votes="101" />
            </VoteType>
            <VoteType name="Absentee by Mail" votes="22">
                <Precinct name="Colquitt-Miller" votes="22" />
            </VoteType>
            <VoteType name="Advance in Person" votes="127">
                <Precinct name="Colquitt-Miller" votes="127" />
            </VoteType>
            <VoteType name="Provisional" votes="0">
                <Precinct name="Colquitt-Miller" votes="0" />
            </VoteType>
        </Choice>
    </Contest>
    <Contest key="380" text="SUNDAY SALES OF ALCOHOL" isQuestion="false" precinctsReporting="1" precinctsReported="1">
        <VoteType name="Number of Precincts for Race" votes="1">
            <Precinct name="Colquitt-Miller" votes="1" />
        </VoteType>
        <VoteType name="Number of Precincts Reporting" votes="1">
            <Precinct name="Colquitt-Miller" votes="1" />
        </VoteType>
        <Choice key="10" text="YES" totalVotes="356">
            <VoteType name="Election Day" votes="210">
                <Precinct name="Colquitt-Miller" votes="210" />
            </VoteType>
            <VoteType name="Absentee by Mail" votes="20">
                <Precinct name="Colquitt-Miller" votes="20" />
            </VoteType>
            <VoteType name="Advance in Person" votes="126">
                <Precinct name="Colquitt-Miller" votes="126" />
            </VoteType>
            <VoteType name="Provisional" votes="0">
                <Precinct name="Colquitt-Miller" votes="0" />
            </VoteType>
        </Choice>
        <Choice key="20" text="NO" totalVotes="261">
            <VoteType name="Election Day" votes="109">
                <Precinct name="Colquitt-Miller" votes="109" />
            </VoteType>
            <VoteType name="Absentee by Mail" votes="22">
                <Precinct name="Colquitt-Miller" votes="22" />
            </VoteType>
            <VoteType name="Advance in Person" votes="130">
                <Precinct name="Colquitt-Miller" votes="130" />
            </VoteType>
            <VoteType name="Provisional" votes="0">
                <Precinct name="Colquitt-Miller" votes="0" />
            </VoteType>
        </Choice>
    </Contest>
</ElectionResult>