"line number","contest name","choice name","party name","total votes","percent of votes","registered voters","ballots cast","num Precinct total","num Precinct rptg","over votes","under votes"
1,"President of the United States","DONALD J. TRUMP","",35430,59.30,79199,60565,17,17,"0","0"
2,"President of the United States","HILLARY CLINTON","",22553,37.75,79199,60565,17,17,"0","0"
3,"President of the United States","GARY JOHNSON","",1761,2.95,79199,60565,17,17,"0","0"
4,"United States Senator, Isakson","JOHNNY ISAKSON (I)","",35289,62.41,79199,60565,17,17,"0","0"
5,"United States Senator, Isakson","JIM BARKSDALE","",19191,33.94,79199,60565,17,17,"0","0"
6,"United States Senator, Isakson","ALLEN BUCKLEY","",2063,3.65,79199,60565,17,17,"0","0"
7,"Public Service Commission, District 2 - Eastern","TIM ECHOLS (I)","",39031,73.53,79199,60565,17,17,"0","0"
8,"Public Service Commission, District 2 - Eastern","ERIC HOSKINS","",14049,26.47,79199,60565,17,17,"0","0"
9,"U.S. Representative, District 8","AUSTIN SCOTT (I)","",37646,64.32,79199,60565,17,17,"0","0"
10,"U.S. Representative, District 8","JAMES NEAL HARRIS","",20886,35.68,79199,60565,17,17,"0","0"
11,"State Senator, District 18","JOHN F. KENNEDY (I)","",8031,100.00,14112,10693,5,5,"0","0"
12,"State Senator, District 20","LARRY WALKER (I)","",38369,100.00,60172,46870,15,15,"0","0"
13,"State Senator, District 26","DAVID LUCAS SR (I)","",2458,100.00,4915,3002,3,3,"0","0"
14,"State Representative, District 140","ROBERT DICKEY (I)","",3918,100.00,8622,6026,4,4,"0","0"
15,"State Representative, District 144","JAMES BUBBER EPPS (I)","",2495,74.61,4181,3460,1,1,"0","0"
16,"State Representative, District 144","JOYCE DENSON","",849,25.39,4181,3460,1,1,"0","0"
17,"State Representative, District 146","SHAW BLACKMON (I) (REP)","",21346,100.00,33445,26428,7,7,"0","0"
18,"State Representative, District 147","HEATH CLARK (I) (REP)","",14923,100.00,26945,19741,8,8,"0","0"
19,"State Representative, District 148","BUDDY HARDEN (I)","",3992,100.00,6006,4910,4,4,"0","0"
20,"District Attorney, Houston Circuit","GEORGE HARTWIG (I) (REP)","",47420,100.00,79199,60565,17,17,"0","0"
21,"JUDGE PROBATE","J. D. SPIRES (I) R","",47626,100.00,79199,60565,17,17,"0","0"
22,"CLERK SUPERIOR COURT","C. V. SULLIVAN (I) R","",47703,100.00,79199,60565,17,17,"0","0"
23,"SHERIFF","H. C. TALTON (I) R","",48392,100.00,79199,60565,17,17,"0","0"
24,"TAX COMMISSIONER","M. K. KUSHINKA (I) R","",47831,100.00,79199,60565,17,17,"0","0"
25,"CORONER","D. L. GALPIN (I) R","",47524,100.00,79199,60565,17,17,"0","0"
26,"SOLICITOR GENERAL","A. E. SMITH (I) R","",46985,100.00,79199,60565,17,17,"0","0"
27,"CC P3","G. C. ROBINSON (I) R","",47053,100.00,79199,60565,17,17,"0","0"
28,"CC P4","L. THOMSON (I) R","",46873,100.00,79199,60565,17,17,"0","0"
29,"CC P5","T. MCMICHAEL (I) R","",37293,65.39,79199,60565,17,17,"0","0"
30,"CC P5","G. HICKS (D)","",19742,34.61,79199,60565,17,17,"0","0"
31,"SOIL AND WATER","L. S. MORTON (I)","",46802,100.00,79199,60565,17,17,"0","0"
32,"Constitutional Amendment #1<br>Provides greater flexibility and state accountability to fix failing schools through increasing community involvement.","YES","",22798,38.97,79199,60565,17,17,"0","0"
33,"Constitutional Amendment #1<br>Provides greater flexibility and state accountability to fix failing schools through increasing community involvement.","NO","",35707,61.03,79199,60565,17,17,"0","0"
34,"Constitutional Amendment #2<br>Authorizes penalties for sexual exploitation and assessments on adult entertainment to fund child victims' services.","YES","",48669,83.54,79199,60565,17,17,"0","0"
35,"Constitutional Amendment #2<br>Authorizes penalties for sexual exploitation and assessments on adult entertainment to fund child victims' services.","NO","",9592,16.46,79199,60565,17,17,"0","0"
36,"Constitutional Amendment #3<br>Reforms and re-establishes the Judicial Qualifications Commission and provides for its composition, governance, and powers.","YES","",35434,63.71,79199,60565,17,17,"0","0"
37,"Constitutional Amendment #3<br>Reforms and re-establishes the Judicial Qualifications Commission and provides for its composition, governance, and powers.","NO","",20184,36.29,79199,60565,17,17,"0","0"
38,"Constitutional Amendment #4<br>Dedicates revenue from existing taxes on fireworks to trauma care, fire services, and public safety.","YES","",47070,80.80,79199,60565,17,17,"0","0"
39,"Constitutional Amendment #4<br>Dedicates revenue from existing taxes on fireworks to trauma care, fire services, and public safety.","NO","",11182,19.20,79199,60565,17,17,"0","0"
