<?xml version="1.0"?>
<!--Election result snapshot imported from Tabulation System
-->
<ElectionResult>
    <Timestamp>11/15/2016 9:44:11 AM EST</Timestamp>
    <ElectionName>November 8, 2016 - General Election</ElectionName>
    <ElectionDate>11/8/2016</ElectionDate>
    <Region>Bacon</Region>
    <VoterTurnout totalVoters="5385" ballotsCast="4034" voterTurnout="74.91">
        <Precincts>
            <Precinct name="Douglas" totalVoters="2954" ballotsCast="2087" voterTurnout="70.65" percentReporting="4" />
            <Precinct name="New Lacy" totalVoters="959" ballotsCast="761" voterTurnout="79.35" percentReporting="4" />
            <Precinct name="Taylor" totalVoters="705" ballotsCast="565" voterTurnout="80.14" percentReporting="4" />
            <Precinct name="Ware" totalVoters="456" ballotsCast="359" voterTurnout="78.73" percentReporting="4" />
            <Precinct name="Warnock" totalVoters="311" ballotsCast="262" voterTurnout="84.24" percentReporting="4" />
        </Precincts>
    </VoterTurnout>
    <Contest key="1" text="President of the United States" isQuestion="false" precinctsReporting="5" precinctsReported="5">
        <VoteType name="Number of Precincts for Race" votes="5">
            <Precinct name="Douglas" votes="1" />
            <Precinct name="New Lacy" votes="1" />
            <Precinct name="Taylor" votes="1" />
            <Precinct name="Ware" votes="1" />
            <Precinct name="Warnock" votes="1" />
        </VoteType>
        <VoteType name="Number of Precincts Reporting" votes="5">
            <Precinct name="Douglas" votes="1" />
            <Precinct name="New Lacy" votes="1" />
            <Precinct name="Taylor" votes="1" />
            <Precinct name="Ware" votes="1" />
            <Precinct name="Warnock" votes="1" />
        </VoteType>
        <Choice key="10" text="DONALD J. TRUMP" totalVotes="3364">
            <VoteType name="Election Day" votes="1142">
                <Precinct name="Douglas" votes="404" />
                <Precinct name="New Lacy" votes="266" />
                <Precinct name="Taylor" votes="218" />
                <Precinct name="Ware" votes="157" />
                <Precinct name="Warnock" votes="97" />
            </VoteType>
            <VoteType name="Absentee by Mail" votes="134">
                <Precinct name="Douglas" votes="77" />
                <Precinct name="New Lacy" votes="14" />
                <Precinct name="Taylor" votes="24" />
                <Precinct name="Ware" votes="9" />
                <Precinct name="Warnock" votes="10" />
            </VoteType>
            <VoteType name="Advance in Person" votes="2082">
                <Precinct name="Douglas" votes="1092" />
                <Precinct name="New Lacy" votes="416" />
                <Precinct name="Taylor" votes="278" />
                <Precinct name="Ware" votes="162" />
                <Precinct name="Warnock" votes="134" />
            </VoteType>
            <VoteType name="Provisional" votes="6">
                <Precinct name="Douglas" votes="5" />
                <Precinct name="New Lacy" votes="0" />
                <Precinct name="Taylor" votes="1" />
                <Precinct name="Ware" votes="0" />
                <Precinct name="Warnock" votes="0" />
            </VoteType>
        </Choice>
        <Choice key="20" text="HILLARY CLINTON" totalVotes="608">
            <VoteType name="Election Day" votes="268">
                <Precinct name="Douglas" votes="219" />
                <Precinct name="New Lacy" votes="19" />
                <Precinct name="Taylor" votes="9" />
                <Precinct name="Ware" votes="11" />
                <Precinct name="Warnock" votes="10" />
            </VoteType>
            <VoteType name="Absentee by Mail" votes="37">
                <Precinct name="Douglas" votes="27" />
                <Precinct name="New Lacy" votes="2" />
                <Precinct name="Taylor" votes="7" />
                <Precinct name="Ware" votes="0" />
                <Precinct name="Warnock" votes="1" />
            </VoteType>
            <VoteType name="Advance in Person" votes="303">
                <Precinct name="Douglas" votes="231" />
                <Precinct name="New Lacy" votes="37" />
                <Precinct name="Taylor" votes="14" />
                <Precinct name="Ware" votes="14" />
                <Precinct name="Warnock" votes="7" />
            </VoteType>
            <VoteType name="Provisional" votes="0">
                <Precinct name="Douglas" votes="0" />
                <Precinct name="New Lacy" votes="0" />
                <Precinct name="Taylor" votes="0" />
                <Precinct name="Ware" votes="0" />
                <Precinct name="Warnock" votes="0" />
            </VoteType>
        </Choice>
        <Choice key="30" text="GARY JOHNSON" totalVotes="47">
            <VoteType name="Election Day" votes="21">
                <Precinct name="Douglas" votes="9" />
                <Precinct name="New Lacy" votes="2" />
                <Precinct name="Taylor" votes="7" />
                <Precinct name="Ware" votes="2" />
                <Precinct name="Warnock" votes="1" />
            </VoteType>
            <VoteType name="Absentee by Mail" votes="4">
                <Precinct name="Douglas" votes="4" />
                <Precinct name="New Lacy" votes="0" />
                <Precinct name="Taylor" votes="0" />
                <Precinct name="Ware" votes="0" />
                <Precinct name="Warnock" votes="0" />
            </VoteType>
            <VoteType name="Advance in Person" votes="22">
                <Precinct name="Douglas" votes="14" />
                <Precinct name="New Lacy" votes="3" />
                <Precinct name="Taylor" votes="5" />
                <Precinct name="Ware" votes="0" />
                <Precinct name="Warnock" votes="0" />
            </VoteType>
            <VoteType name="Provisional" votes="0">
                <Precinct name="Douglas" votes="0" />
                <Precinct name="New Lacy" votes="0" />
                <Precinct name="Taylor" votes="0" />
                <Precinct name="Ware" votes="0" />
                <Precinct name="Warnock" votes="0" />
            </VoteType>
        </Choice>
    </Contest>
    <Contest key="10" text="United States Senator, Isakson" isQuestion="false" precinctsReporting="5" precinctsReported="5">
        <VoteType name="Number of Precincts for Race" votes="5">
            <Precinct name="Douglas" votes="1" />
            <Precinct name="New Lacy" votes="1" />
            <Precinct name="Taylor" votes="1" />
            <Precinct name="Ware" votes="1" />
            <Precinct name="Warnock" votes="1" />
        </VoteType>
        <VoteType name="Number of Precincts Reporting" votes="5">
            <Precinct name="Douglas" votes="1" />
            <Precinct name="New Lacy" votes="1" />
            <Precinct name="Taylor" votes="1" />
            <Precinct name="Ware" votes="1" />
            <Precinct name="Warnock" votes="1" />
        </VoteType>
        <Choice key="30" text="JOHNNY ISAKSON (I)" totalVotes="3046">
            <VoteType name="Election Day" votes="1033">
                <Precinct name="Douglas" votes="369" />
                <Precinct name="New Lacy" votes="246" />
                <Precinct name="Taylor" votes="187" />
                <Precinct name="Ware" votes="136" />
                <Precinct name="Warnock" votes="95" />
            </VoteType>
            <VoteType name="Absentee by Mail" votes="129">
                <Precinct name="Douglas" votes="77" />
                <Precinct name="New Lacy" votes="14" />
                <Precinct name="Taylor" votes="24" />
                <Precinct name="Ware" votes="8" />
                <Precinct name="Warnock" votes="6" />
            </VoteType>
            <VoteType name="Advance in Person" votes="1880">
                <Precinct name="Douglas" votes="978" />
                <Precinct name="New Lacy" votes="386" />
                <Precinct name="Taylor" votes="246" />
                <Precinct name="Ware" votes="148" />
                <Precinct name="Warnock" votes="122" />
            </VoteType>
            <VoteType name="Provisional" votes="4">
                <Precinct name="Douglas" votes="3" />
                <Precinct name="New Lacy" votes="0" />
                <Precinct name="Taylor" votes="1" />
                <Precinct name="Ware" votes="0" />
                <Precinct name="Warnock" votes="0" />
            </VoteType>
        </Choice>
        <Choice key="40" text="JIM BARKSDALE" totalVotes="474">
            <VoteType name="Election Day" votes="205">
                <Precinct name="Douglas" votes="164" />
                <Precinct name="New Lacy" votes="13" />
                <Precinct name="Taylor" votes="7" />
                <Precinct name="Ware" votes="15" />
                <Precinct name="Warnock" votes="6" />
            </VoteType>
            <VoteType name="Absentee by Mail" votes="34">
                <Precinct name="Douglas" votes="24" />
                <Precinct name="New Lacy" votes="2" />
                <Precinct name="Taylor" votes="6" />
                <Precinct name="Ware" votes="0" />
                <Precinct name="Warnock" votes="2" />
            </VoteType>
            <VoteType name="Advance in Person" votes="234">
                <Precinct name="Douglas" votes="167" />
                <Precinct name="New Lacy" votes="32" />
                <Precinct name="Taylor" votes="18" />
                <Precinct name="Ware" votes="11" />
                <Precinct name="Warnock" votes="6" />
            </VoteType>
            <VoteType name="Provisional" votes="1">
                <Precinct name="Douglas" votes="1" />
                <Precinct name="New Lacy" votes="0" />
                <Precinct name="Taylor" votes="0" />
                <Precinct name="Ware" votes="0" />
                <Precinct name="Warnock" votes="0" />
            </VoteType>
        </Choice>
        <Choice key="50" text="ALLEN BUCKLEY" totalVotes="95">
            <VoteType name="Election Day" votes="38">
                <Precinct name="Douglas" votes="12" />
                <Precinct name="New Lacy" votes="7" />
                <Precinct name="Taylor" votes="13" />
                <Precinct name="Ware" votes="3" />
                <Precinct name="Warnock" votes="3" />
            </VoteType>
            <VoteType name="Absentee by Mail" votes="2">
                <Precinct name="Douglas" votes="2" />
                <Precinct name="New Lacy" votes="0" />
                <Precinct name="Taylor" votes="0" />
                <Precinct name="Ware" votes="0" />
                <Precinct name="Warnock" votes="0" />
            </VoteType>
            <VoteType name="Advance in Person" votes="55">
                <Precinct name="Douglas" votes="34" />
                <Precinct name="New Lacy" votes="7" />
                <Precinct name="Taylor" votes="6" />
                <Precinct name="Ware" votes="6" />
                <Precinct name="Warnock" votes="2" />
            </VoteType>
            <VoteType name="Provisional" votes="0">
                <Precinct name="Douglas" votes="0" />
                <Precinct name="New Lacy" votes="0" />
                <Precinct name="Taylor" votes="0" />
                <Precinct name="Ware" votes="0" />
                <Precinct name="Warnock" votes="0" />
            </VoteType>
        </Choice>
    </Contest>
    <Contest key="30" text="Public Service Commission, District 2 - Eastern" isQuestion="false" precinctsReporting="5" precinctsReported="5">
        <VoteType name="Number of Precincts for Race" votes="5">
            <Precinct name="Douglas" votes="1" />
            <Precinct name="New Lacy" votes="1" />
            <Precinct name="Taylor" votes="1" />
            <Precinct name="Ware" votes="1" />
            <Precinct name="Warnock" votes="1" />
        </VoteType>
        <VoteType name="Number of Precincts Reporting" votes="5">
            <Precinct name="Douglas" votes="1" />
            <Precinct name="New Lacy" votes="1" />
            <Precinct name="Taylor" votes="1" />
            <Precinct name="Ware" votes="1" />
            <Precinct name="Warnock" votes="1" />
        </VoteType>
        <Choice key="20" text="TIM ECHOLS (I)" totalVotes="3106">
            <VoteType name="Election Day" votes="1066">
                <Precinct name="Douglas" votes="414" />
                <Precinct name="New Lacy" votes="239" />
                <Precinct name="Taylor" votes="184" />
                <Precinct name="Ware" votes="136" />
                <Precinct name="Warnock" votes="93" />
            </VoteType>
            <VoteType name="Absentee by Mail" votes="139">
                <Precinct name="Douglas" votes="86" />
                <Precinct name="New Lacy" votes="13" />
                <Precinct name="Taylor" votes="24" />
                <Precinct name="Ware" votes="8" />
                <Precinct name="Warnock" votes="8" />
            </VoteType>
            <VoteType name="Advance in Person" votes="1896">
                <Precinct name="Douglas" votes="998" />
                <Precinct name="New Lacy" votes="384" />
                <Precinct name="Taylor" votes="241" />
                <Precinct name="Ware" votes="151" />
                <Precinct name="Warnock" votes="122" />
            </VoteType>
            <VoteType name="Provisional" votes="5">
                <Precinct name="Douglas" votes="4" />
                <Precinct name="New Lacy" votes="0" />
                <Precinct name="Taylor" votes="1" />
                <Precinct name="Ware" votes="0" />
                <Precinct name="Warnock" votes="0" />
            </VoteType>
        </Choice>
        <Choice key="30" text="ERIC HOSKINS" totalVotes="352">
            <VoteType name="Election Day" votes="160">
                <Precinct name="Douglas" votes="100" />
                <Precinct name="New Lacy" votes="21" />
                <Precinct name="Taylor" votes="17" />
                <Precinct name="Ware" votes="12" />
                <Precinct name="Warnock" votes="10" />
            </VoteType>
            <VoteType name="Absentee by Mail" votes="16">
                <Precinct name="Douglas" votes="13" />
                <Precinct name="New Lacy" votes="1" />
                <Precinct name="Taylor" votes="2" />
                <Precinct name="Ware" votes="0" />
                <Precinct name="Warnock" votes="0" />
            </VoteType>
            <VoteType name="Advance in Person" votes="176">
                <Precinct name="Douglas" votes="121" />
                <Precinct name="New Lacy" votes="26" />
                <Precinct name="Taylor" votes="14" />
                <Precinct name="Ware" votes="9" />
                <Precinct name="Warnock" votes="6" />
            </VoteType>
            <VoteType name="Provisional" votes="0">
                <Precinct name="Douglas" votes="0" />
                <Precinct name="New Lacy" votes="0" />
                <Precinct name="Taylor" votes="0" />
                <Precinct name="Ware" votes="0" />
                <Precinct name="Warnock" votes="0" />
            </VoteType>
        </Choice>
    </Contest>
    <Contest key="50" text="U.S. Representative, District 1" isQuestion="false" precinctsReporting="5" precinctsReported="5">
        <VoteType name="Number of Precincts for Race" votes="5">
            <Precinct name="Douglas" votes="1" />
            <Precinct name="New Lacy" votes="1" />
            <Precinct name="Taylor" votes="1" />
            <Precinct name="Ware" votes="1" />
            <Precinct name="Warnock" votes="1" />
        </VoteType>
        <VoteType name="Number of Precincts Reporting" votes="5">
            <Precinct name="Douglas" votes="1" />
            <Precinct name="New Lacy" votes="1" />
            <Precinct name="Taylor" votes="1" />
            <Precinct name="Ware" votes="1" />
            <Precinct name="Warnock" votes="1" />
        </VoteType>
        <Choice key="10" text="EARL “BUDDY” CARTER (I) (REP)" totalVotes="3281">
            <VoteType name="Election Day" votes="1148">
                <Precinct name="Douglas" votes="461" />
                <Precinct name="New Lacy" votes="254" />
                <Precinct name="Taylor" votes="194" />
                <Precinct name="Ware" votes="143" />
                <Precinct name="Warnock" votes="96" />
            </VoteType>
            <VoteType name="Absentee by Mail" votes="135">
                <Precinct name="Douglas" votes="86" />
                <Precinct name="New Lacy" votes="15" />
                <Precinct name="Taylor" votes="20" />
                <Precinct name="Ware" votes="5" />
                <Precinct name="Warnock" votes="9" />
            </VoteType>
            <VoteType name="Advance in Person" votes="1993">
                <Precinct name="Douglas" votes="1069" />
                <Precinct name="New Lacy" votes="401" />
                <Precinct name="Taylor" votes="247" />
                <Precinct name="Ware" votes="152" />
                <Precinct name="Warnock" votes="124" />
            </VoteType>
            <VoteType name="Provisional" votes="5">
                <Precinct name="Douglas" votes="4" />
                <Precinct name="New Lacy" votes="0" />
                <Precinct name="Taylor" votes="1" />
                <Precinct name="Ware" votes="0" />
                <Precinct name="Warnock" votes="0" />
            </VoteType>
        </Choice>
    </Contest>
    <Contest key="70" text="State Senator, District 7" isQuestion="false" precinctsReporting="5" precinctsReported="5">
        <VoteType name="Number of Precincts for Race" votes="5">
            <Precinct name="Douglas" votes="1" />
            <Precinct name="New Lacy" votes="1" />
            <Precinct name="Taylor" votes="1" />
            <Precinct name="Ware" votes="1" />
            <Precinct name="Warnock" votes="1" />
        </VoteType>
        <VoteType name="Number of Precincts Reporting" votes="5">
            <Precinct name="Douglas" votes="1" />
            <Precinct name="New Lacy" votes="1" />
            <Precinct name="Taylor" votes="1" />
            <Precinct name="Ware" votes="1" />
            <Precinct name="Warnock" votes="1" />
        </VoteType>
        <Choice key="10" text="TYLER HARPER (I)" totalVotes="3293">
            <VoteType name="Election Day" votes="1159">
                <Precinct name="Douglas" votes="466" />
                <Precinct name="New Lacy" votes="254" />
                <Precinct name="Taylor" votes="198" />
                <Precinct name="Ware" votes="146" />
                <Precinct name="Warnock" votes="95" />
            </VoteType>
            <VoteType name="Absentee by Mail" votes="130">
                <Precinct name="Douglas" votes="81" />
                <Precinct name="New Lacy" votes="15" />
                <Precinct name="Taylor" votes="20" />
                <Precinct name="Ware" votes="5" />
                <Precinct name="Warnock" votes="9" />
            </VoteType>
            <VoteType name="Advance in Person" votes="1999">
                <Precinct name="Douglas" votes="1073" />
                <Precinct name="New Lacy" votes="402" />
                <Precinct name="Taylor" votes="246" />
                <Precinct name="Ware" votes="153" />
                <Precinct name="Warnock" votes="125" />
            </VoteType>
            <VoteType name="Provisional" votes="5">
                <Precinct name="Douglas" votes="4" />
                <Precinct name="New Lacy" votes="0" />
                <Precinct name="Taylor" votes="1" />
                <Precinct name="Ware" votes="0" />
                <Precinct name="Warnock" votes="0" />
            </VoteType>
        </Choice>
    </Contest>
    <Contest key="90" text="State Representative, District 169" isQuestion="false" precinctsReporting="5" precinctsReported="5">
        <VoteType name="Number of Precincts for Race" votes="5">
            <Precinct name="Douglas" votes="1" />
            <Precinct name="New Lacy" votes="1" />
            <Precinct name="Taylor" votes="1" />
            <Precinct name="Ware" votes="1" />
            <Precinct name="Warnock" votes="1" />
        </VoteType>
        <VoteType name="Number of Precincts Reporting" votes="5">
            <Precinct name="Douglas" votes="1" />
            <Precinct name="New Lacy" votes="1" />
            <Precinct name="Taylor" votes="1" />
            <Precinct name="Ware" votes="1" />
            <Precinct name="Warnock" votes="1" />
        </VoteType>
        <Choice key="10" text="DOMINIC LARICCIA (I) (REP)" totalVotes="3102">
            <VoteType name="Election Day" votes="1066">
                <Precinct name="Douglas" votes="440" />
                <Precinct name="New Lacy" votes="234" />
                <Precinct name="Taylor" votes="181" />
                <Precinct name="Ware" votes="128" />
                <Precinct name="Warnock" votes="83" />
            </VoteType>
            <VoteType name="Absentee by Mail" votes="126">
                <Precinct name="Douglas" votes="79" />
                <Precinct name="New Lacy" votes="14" />
                <Precinct name="Taylor" votes="20" />
                <Precinct name="Ware" votes="5" />
                <Precinct name="Warnock" votes="8" />
            </VoteType>
            <VoteType name="Advance in Person" votes="1905">
                <Precinct name="Douglas" votes="1020" />
                <Precinct name="New Lacy" votes="382" />
                <Precinct name="Taylor" votes="230" />
                <Precinct name="Ware" votes="151" />
                <Precinct name="Warnock" votes="122" />
            </VoteType>
            <VoteType name="Provisional" votes="5">
                <Precinct name="Douglas" votes="4" />
                <Precinct name="New Lacy" votes="0" />
                <Precinct name="Taylor" votes="1" />
                <Precinct name="Ware" votes="0" />
                <Precinct name="Warnock" votes="0" />
            </VoteType>
        </Choice>
    </Contest>
    <Contest key="110" text="CLERK SUPERIOR COURT" isQuestion="false" precinctsReporting="5" precinctsReported="5">
        <VoteType name="Number of Precincts for Race" votes="5">
            <Precinct name="Douglas" votes="1" />
            <Precinct name="New Lacy" votes="1" />
            <Precinct name="Taylor" votes="1" />
            <Precinct name="Ware" votes="1" />
            <Precinct name="Warnock" votes="1" />
        </VoteType>
        <VoteType name="Number of Precincts Reporting" votes="5">
            <Precinct name="Douglas" votes="1" />
            <Precinct name="New Lacy" votes="1" />
            <Precinct name="Taylor" votes="1" />
            <Precinct name="Ware" votes="1" />
            <Precinct name="Warnock" votes="1" />
        </VoteType>
        <Choice key="10" text="S. L. TILLMAN (I) R" totalVotes="3441">
            <VoteType name="Election Day" votes="1203">
                <Precinct name="Douglas" votes="508" />
                <Precinct name="New Lacy" votes="256" />
                <Precinct name="Taylor" votes="195" />
                <Precinct name="Ware" votes="149" />
                <Precinct name="Warnock" votes="95" />
            </VoteType>
            <VoteType name="Absentee by Mail" votes="140">
                <Precinct name="Douglas" votes="89" />
                <Precinct name="New Lacy" votes="15" />
                <Precinct name="Taylor" votes="21" />
                <Precinct name="Ware" votes="5" />
                <Precinct name="Warnock" votes="10" />
            </VoteType>
            <VoteType name="Advance in Person" votes="2092">
                <Precinct name="Douglas" votes="1141" />
                <Precinct name="New Lacy" votes="411" />
                <Precinct name="Taylor" votes="255" />
                <Precinct name="Ware" votes="156" />
                <Precinct name="Warnock" votes="129" />
            </VoteType>
            <VoteType name="Provisional" votes="6">
                <Precinct name="Douglas" votes="5" />
                <Precinct name="New Lacy" votes="0" />
                <Precinct name="Taylor" votes="1" />
                <Precinct name="Ware" votes="0" />
                <Precinct name="Warnock" votes="0" />
            </VoteType>
        </Choice>
    </Contest>
    <Contest key="130" text="SHERIFF" isQuestion="false" precinctsReporting="5" precinctsReported="5">
        <VoteType name="Number of Precincts for Race" votes="5">
            <Precinct name="Douglas" votes="1" />
            <Precinct name="New Lacy" votes="1" />
            <Precinct name="Taylor" votes="1" />
            <Precinct name="Ware" votes="1" />
            <Precinct name="Warnock" votes="1" />
        </VoteType>
        <VoteType name="Number of Precincts Reporting" votes="5">
            <Precinct name="Douglas" votes="1" />
            <Precinct name="New Lacy" votes="1" />
            <Precinct name="Taylor" votes="1" />
            <Precinct name="Ware" votes="1" />
            <Precinct name="Warnock" votes="1" />
        </VoteType>
        <Choice key="20" text="M. COTHREN (R)" totalVotes="3421">
            <VoteType name="Election Day" votes="1204">
                <Precinct name="Douglas" votes="510" />
                <Precinct name="New Lacy" votes="259" />
                <Precinct name="Taylor" votes="195" />
                <Precinct name="Ware" votes="144" />
                <Precinct name="Warnock" votes="96" />
            </VoteType>
            <VoteType name="Absentee by Mail" votes="136">
                <Precinct name="Douglas" votes="84" />
                <Precinct name="New Lacy" votes="15" />
                <Precinct name="Taylor" votes="22" />
                <Precinct name="Ware" votes="5" />
                <Precinct name="Warnock" votes="10" />
            </VoteType>
            <VoteType name="Advance in Person" votes="2075">
                <Precinct name="Douglas" votes="1126" />
                <Precinct name="New Lacy" votes="410" />
                <Precinct name="Taylor" votes="255" />
                <Precinct name="Ware" votes="157" />
                <Precinct name="Warnock" votes="127" />
            </VoteType>
            <VoteType name="Provisional" votes="6">
                <Precinct name="Douglas" votes="5" />
                <Precinct name="New Lacy" votes="0" />
                <Precinct name="Taylor" votes="1" />
                <Precinct name="Ware" votes="0" />
                <Precinct name="Warnock" votes="0" />
            </VoteType>
        </Choice>
    </Contest>
    <Contest key="150" text="TAX COMMISSIONER" isQuestion="false" precinctsReporting="5" precinctsReported="5">
        <VoteType name="Number of Precincts for Race" votes="5">
            <Precinct name="Douglas" votes="1" />
            <Precinct name="New Lacy" votes="1" />
            <Precinct name="Taylor" votes="1" />
            <Precinct name="Ware" votes="1" />
            <Precinct name="Warnock" votes="1" />
        </VoteType>
        <VoteType name="Number of Precincts Reporting" votes="5">
            <Precinct name="Douglas" votes="1" />
            <Precinct name="New Lacy" votes="1" />
            <Precinct name="Taylor" votes="1" />
            <Precinct name="Ware" votes="1" />
            <Precinct name="Warnock" votes="1" />
        </VoteType>
        <Choice key="10" text="W. JOHNSON (I) R" totalVotes="3375">
            <VoteType name="Election Day" votes="1175">
                <Precinct name="Douglas" votes="490" />
                <Precinct name="New Lacy" votes="256" />
                <Precinct name="Taylor" votes="190" />
                <Precinct name="Ware" votes="142" />
                <Precinct name="Warnock" votes="97" />
            </VoteType>
            <VoteType name="Absentee by Mail" votes="137">
                <Precinct name="Douglas" votes="86" />
                <Precinct name="New Lacy" votes="15" />
                <Precinct name="Taylor" votes="20" />
                <Precinct name="Ware" votes="6" />
                <Precinct name="Warnock" votes="10" />
            </VoteType>
            <VoteType name="Advance in Person" votes="2057">
                <Precinct name="Douglas" votes="1117" />
                <Precinct name="New Lacy" votes="405" />
                <Precinct name="Taylor" votes="251" />
                <Precinct name="Ware" votes="155" />
                <Precinct name="Warnock" votes="129" />
            </VoteType>
            <VoteType name="Provisional" votes="6">
                <Precinct name="Douglas" votes="5" />
                <Precinct name="New Lacy" votes="0" />
                <Precinct name="Taylor" votes="1" />
                <Precinct name="Ware" votes="0" />
                <Precinct name="Warnock" votes="0" />
            </VoteType>
        </Choice>
    </Contest>
    <Contest key="152" text="SURVEYOR" isQuestion="false" precinctsReporting="5" precinctsReported="5">
        <VoteType name="Number of Precincts for Race" votes="5">
            <Precinct name="Douglas" votes="1" />
            <Precinct name="New Lacy" votes="1" />
            <Precinct name="Taylor" votes="1" />
            <Precinct name="Ware" votes="1" />
            <Precinct name="Warnock" votes="1" />
        </VoteType>
        <VoteType name="Number of Precincts Reporting" votes="5">
            <Precinct name="Douglas" votes="1" />
            <Precinct name="New Lacy" votes="1" />
            <Precinct name="Taylor" votes="1" />
            <Precinct name="Ware" votes="1" />
            <Precinct name="Warnock" votes="1" />
        </VoteType>
        <Choice key="10" text="E. TOMBERLIN (I) R" totalVotes="3266">
            <VoteType name="Election Day" votes="1147">
                <Precinct name="Douglas" votes="470" />
                <Precinct name="New Lacy" votes="253" />
                <Precinct name="Taylor" votes="188" />
                <Precinct name="Ware" votes="143" />
                <Precinct name="Warnock" votes="93" />
            </VoteType>
            <VoteType name="Absentee by Mail" votes="129">
                <Precinct name="Douglas" votes="83" />
                <Precinct name="New Lacy" votes="14" />
                <Precinct name="Taylor" votes="17" />
                <Precinct name="Ware" votes="6" />
                <Precinct name="Warnock" votes="9" />
            </VoteType>
            <VoteType name="Advance in Person" votes="1986">
                <Precinct name="Douglas" votes="1071" />
                <Precinct name="New Lacy" votes="397" />
                <Precinct name="Taylor" votes="243" />
                <Precinct name="Ware" votes="147" />
                <Precinct name="Warnock" votes="128" />
            </VoteType>
            <VoteType name="Provisional" votes="4">
                <Precinct name="Douglas" votes="3" />
                <Precinct name="New Lacy" votes="0" />
                <Precinct name="Taylor" votes="1" />
                <Precinct name="Ware" votes="0" />
                <Precinct name="Warnock" votes="0" />
            </VoteType>
        </Choice>
    </Contest>
    <Contest key="154" text="CORONER" isQuestion="false" precinctsReporting="5" precinctsReported="5">
        <VoteType name="Number of Precincts for Race" votes="5">
            <Precinct name="Douglas" votes="1" />
            <Precinct name="New Lacy" votes="1" />
            <Precinct name="Taylor" votes="1" />
            <Precinct name="Ware" votes="1" />
            <Precinct name="Warnock" votes="1" />
        </VoteType>
        <VoteType name="Number of Precincts Reporting" votes="5">
            <Precinct name="Douglas" votes="1" />
            <Precinct name="New Lacy" votes="1" />
            <Precinct name="Taylor" votes="1" />
            <Precinct name="Ware" votes="1" />
            <Precinct name="Warnock" votes="1" />
        </VoteType>
        <Choice key="10" text="V. PEACOCK (I) R" totalVotes="3248">
            <VoteType name="Election Day" votes="1132">
                <Precinct name="Douglas" votes="464" />
                <Precinct name="New Lacy" votes="254" />
                <Precinct name="Taylor" votes="184" />
                <Precinct name="Ware" votes="137" />
                <Precinct name="Warnock" votes="93" />
            </VoteType>
            <VoteType name="Absentee by Mail" votes="130">
                <Precinct name="Douglas" votes="80" />
                <Precinct name="New Lacy" votes="15" />
                <Precinct name="Taylor" votes="21" />
                <Precinct name="Ware" votes="5" />
                <Precinct name="Warnock" votes="9" />
            </VoteType>
            <VoteType name="Advance in Person" votes="1981">
                <Precinct name="Douglas" votes="1064" />
                <Precinct name="New Lacy" votes="398" />
                <Precinct name="Taylor" votes="245" />
                <Precinct name="Ware" votes="150" />
                <Precinct name="Warnock" votes="124" />
            </VoteType>
            <VoteType name="Provisional" votes="5">
                <Precinct name="Douglas" votes="4" />
                <Precinct name="New Lacy" votes="0" />
                <Precinct name="Taylor" votes="1" />
                <Precinct name="Ware" votes="0" />
                <Precinct name="Warnock" votes="0" />
            </VoteType>
        </Choice>
    </Contest>
    <Contest key="156" text="SOLICITOR" isQuestion="false" precinctsReporting="5" precinctsReported="5">
        <VoteType name="Number of Precincts for Race" votes="5">
            <Precinct name="Douglas" votes="1" />
            <Precinct name="New Lacy" votes="1" />
            <Precinct name="Taylor" votes="1" />
            <Precinct name="Ware" votes="1" />
            <Precinct name="Warnock" votes="1" />
        </VoteType>
        <VoteType name="Number of Precincts Reporting" votes="5">
            <Precinct name="Douglas" votes="1" />
            <Precinct name="New Lacy" votes="1" />
            <Precinct name="Taylor" votes="1" />
            <Precinct name="Ware" votes="1" />
            <Precinct name="Warnock" votes="1" />
        </VoteType>
        <Choice key="10" text="W. &quot;SAM&quot; EDGAR (R)" totalVotes="3259">
            <VoteType name="Election Day" votes="1132">
                <Precinct name="Douglas" votes="469" />
                <Precinct name="New Lacy" votes="252" />
                <Precinct name="Taylor" votes="182" />
                <Precinct name="Ware" votes="139" />
                <Precinct name="Warnock" votes="90" />
            </VoteType>
            <VoteType name="Absentee by Mail" votes="130">
                <Precinct name="Douglas" votes="83" />
                <Precinct name="New Lacy" votes="14" />
                <Precinct name="Taylor" votes="18" />
                <Precinct name="Ware" votes="6" />
                <Precinct name="Warnock" votes="9" />
            </VoteType>
            <VoteType name="Advance in Person" votes="1992">
                <Precinct name="Douglas" votes="1073" />
                <Precinct name="New Lacy" votes="398" />
                <Precinct name="Taylor" votes="244" />
                <Precinct name="Ware" votes="150" />
                <Precinct name="Warnock" votes="127" />
            </VoteType>
            <VoteType name="Provisional" votes="5">
                <Precinct name="Douglas" votes="4" />
                <Precinct name="New Lacy" votes="0" />
                <Precinct name="Taylor" votes="1" />
                <Precinct name="Ware" votes="0" />
                <Precinct name="Warnock" votes="0" />
            </VoteType>
        </Choice>
    </Contest>
    <Contest key="160" text="CHAIR CC" isQuestion="false" precinctsReporting="5" precinctsReported="5">
        <VoteType name="Number of Precincts for Race" votes="5">
            <Precinct name="Douglas" votes="1" />
            <Precinct name="New Lacy" votes="1" />
            <Precinct name="Taylor" votes="1" />
            <Precinct name="Ware" votes="1" />
            <Precinct name="Warnock" votes="1" />
        </VoteType>
        <VoteType name="Number of Precincts Reporting" votes="5">
            <Precinct name="Douglas" votes="1" />
            <Precinct name="New Lacy" votes="1" />
            <Precinct name="Taylor" votes="1" />
            <Precinct name="Ware" votes="1" />
            <Precinct name="Warnock" votes="1" />
        </VoteType>
        <Choice key="20" text="A. W. HUTTO (I)" totalVotes="3207">
            <VoteType name="Election Day" votes="1123">
                <Precinct name="Douglas" votes="469" />
                <Precinct name="New Lacy" votes="250" />
                <Precinct name="Taylor" votes="181" />
                <Precinct name="Ware" votes="135" />
                <Precinct name="Warnock" votes="88" />
            </VoteType>
            <VoteType name="Absentee by Mail" votes="124">
                <Precinct name="Douglas" votes="80" />
                <Precinct name="New Lacy" votes="12" />
                <Precinct name="Taylor" votes="18" />
                <Precinct name="Ware" votes="6" />
                <Precinct name="Warnock" votes="8" />
            </VoteType>
            <VoteType name="Advance in Person" votes="1954">
                <Precinct name="Douglas" votes="1068" />
                <Precinct name="New Lacy" votes="383" />
                <Precinct name="Taylor" votes="241" />
                <Precinct name="Ware" votes="145" />
                <Precinct name="Warnock" votes="117" />
            </VoteType>
            <VoteType name="Provisional" votes="6">
                <Precinct name="Douglas" votes="5" />
                <Precinct name="New Lacy" votes="0" />
                <Precinct name="Taylor" votes="1" />
                <Precinct name="Ware" votes="0" />
                <Precinct name="Warnock" votes="0" />
            </VoteType>
        </Choice>
    </Contest>
    <Contest key="190" text="CC, D2" isQuestion="false" precinctsReporting="1" precinctsReported="1">
        <VoteType name="Number of Precincts for Race" votes="1">
            <Precinct name="Douglas" votes="1" />
        </VoteType>
        <VoteType name="Number of Precincts Reporting" votes="1">
            <Precinct name="Douglas" votes="1" />
        </VoteType>
        <Choice key="10" text="L. HAGANS (I) D" totalVotes="355">
            <VoteType name="Election Day" votes="152">
                <Precinct name="Douglas" votes="152" />
            </VoteType>
            <VoteType name="Absentee by Mail" votes="20">
                <Precinct name="Douglas" votes="20" />
            </VoteType>
            <VoteType name="Advance in Person" votes="183">
                <Precinct name="Douglas" votes="183" />
            </VoteType>
            <VoteType name="Provisional" votes="0">
                <Precinct name="Douglas" votes="0" />
            </VoteType>
        </Choice>
    </Contest>
    <Contest key="200" text="CC, D5" isQuestion="false" precinctsReporting="2" precinctsReported="2">
        <VoteType name="Number of Precincts for Race" votes="2">
            <Precinct name="Douglas" votes="1" />
            <Precinct name="Ware" votes="1" />
        </VoteType>
        <VoteType name="Number of Precincts Reporting" votes="2">
            <Precinct name="Douglas" votes="1" />
            <Precinct name="Ware" votes="1" />
        </VoteType>
        <Choice key="10" text="L. SMITH (I) R" totalVotes="616">
            <VoteType name="Election Day" votes="229">
                <Precinct name="Douglas" votes="106" />
                <Precinct name="Ware" votes="123" />
            </VoteType>
            <VoteType name="Absentee by Mail" votes="25">
                <Precinct name="Douglas" votes="19" />
                <Precinct name="Ware" votes="6" />
            </VoteType>
            <VoteType name="Advance in Person" votes="359">
                <Precinct name="Douglas" votes="247" />
                <Precinct name="Ware" votes="112" />
            </VoteType>
            <VoteType name="Provisional" votes="3">
                <Precinct name="Douglas" votes="3" />
                <Precinct name="Ware" votes="0" />
            </VoteType>
        </Choice>
        <Choice key="20" text="W. COURSON (D)" totalVotes="213">
            <VoteType name="Election Day" votes="79">
                <Precinct name="Douglas" votes="35" />
                <Precinct name="Ware" votes="44" />
            </VoteType>
            <VoteType name="Absentee by Mail" votes="8">
                <Precinct name="Douglas" votes="6" />
                <Precinct name="Ware" votes="2" />
            </VoteType>
            <VoteType name="Advance in Person" votes="126">
                <Precinct name="Douglas" votes="72" />
                <Precinct name="Ware" votes="54" />
            </VoteType>
            <VoteType name="Provisional" votes="0">
                <Precinct name="Douglas" votes="0" />
                <Precinct name="Ware" votes="0" />
            </VoteType>
        </Choice>
    </Contest>
    <Contest key="210" text="SOIL AND WATER" isQuestion="false" precinctsReporting="5" precinctsReported="5">
        <VoteType name="Number of Precincts for Race" votes="5">
            <Precinct name="Douglas" votes="1" />
            <Precinct name="New Lacy" votes="1" />
            <Precinct name="Taylor" votes="1" />
            <Precinct name="Ware" votes="1" />
            <Precinct name="Warnock" votes="1" />
        </VoteType>
        <VoteType name="Number of Precincts Reporting" votes="5">
            <Precinct name="Douglas" votes="1" />
            <Precinct name="New Lacy" votes="1" />
            <Precinct name="Taylor" votes="1" />
            <Precinct name="Ware" votes="1" />
            <Precinct name="Warnock" votes="1" />
        </VoteType>
        <Choice key="10" text="G. M. YEARTY (I)" totalVotes="3113">
            <VoteType name="Election Day" votes="1074">
                <Precinct name="Douglas" votes="433" />
                <Precinct name="New Lacy" votes="242" />
                <Precinct name="Taylor" votes="178" />
                <Precinct name="Ware" votes="131" />
                <Precinct name="Warnock" votes="90" />
            </VoteType>
            <VoteType name="Absentee by Mail" votes="126">
                <Precinct name="Douglas" votes="82" />
                <Precinct name="New Lacy" votes="14" />
                <Precinct name="Taylor" votes="17" />
                <Precinct name="Ware" votes="5" />
                <Precinct name="Warnock" votes="8" />
            </VoteType>
            <VoteType name="Advance in Person" votes="1908">
                <Precinct name="Douglas" votes="1024" />
                <Precinct name="New Lacy" votes="381" />
                <Precinct name="Taylor" votes="244" />
                <Precinct name="Ware" votes="142" />
                <Precinct name="Warnock" votes="117" />
            </VoteType>
            <VoteType name="Provisional" votes="5">
                <Precinct name="Douglas" votes="4" />
                <Precinct name="New Lacy" votes="0" />
                <Precinct name="Taylor" votes="1" />
                <Precinct name="Ware" votes="0" />
                <Precinct name="Warnock" votes="0" />
            </VoteType>
        </Choice>
    </Contest>
    <Contest key="220" text="Constitutional Amendment #1&lt;br&gt;Provides greater flexibility and state accountability to fix failing schools through increasing community involvement." isQuestion="false" precinctsReporting="5" precinctsReported="5">
        <VoteType name="Number of Precincts for Race" votes="5">
            <Precinct name="Douglas" votes="1" />
            <Precinct name="New Lacy" votes="1" />
            <Precinct name="Taylor" votes="1" />
            <Precinct name="Ware" votes="1" />
            <Precinct name="Warnock" votes="1" />
        </VoteType>
        <VoteType name="Number of Precincts Reporting" votes="5">
            <Precinct name="Douglas" votes="1" />
            <Precinct name="New Lacy" votes="1" />
            <Precinct name="Taylor" votes="1" />
            <Precinct name="Ware" votes="1" />
            <Precinct name="Warnock" votes="1" />
        </VoteType>
        <Choice key="10" text="YES" totalVotes="1386">
            <VoteType name="Election Day" votes="500">
                <Precinct name="Douglas" votes="261" />
                <Precinct name="New Lacy" votes="86" />
                <Precinct name="Taylor" votes="83" />
                <Precinct name="Ware" votes="47" />
                <Precinct name="Warnock" votes="23" />
            </VoteType>
            <VoteType name="Absentee by Mail" votes="67">
                <Precinct name="Douglas" votes="42" />
                <Precinct name="New Lacy" votes="5" />
                <Precinct name="Taylor" votes="14" />
                <Precinct name="Ware" votes="4" />
                <Precinct name="Warnock" votes="2" />
            </VoteType>
            <VoteType name="Advance in Person" votes="815">
                <Precinct name="Douglas" votes="490" />
                <Precinct name="New Lacy" votes="135" />
                <Precinct name="Taylor" votes="99" />
                <Precinct name="Ware" votes="55" />
                <Precinct name="Warnock" votes="36" />
            </VoteType>
            <VoteType name="Provisional" votes="4">
                <Precinct name="Douglas" votes="4" />
                <Precinct name="New Lacy" votes="0" />
                <Precinct name="Taylor" votes="0" />
                <Precinct name="Ware" votes="0" />
                <Precinct name="Warnock" votes="0" />
            </VoteType>
        </Choice>
        <Choice key="20" text="NO" totalVotes="2397">
            <VoteType name="Election Day" votes="857">
                <Precinct name="Douglas" votes="325" />
                <Precinct name="New Lacy" votes="189" />
                <Precinct name="Taylor" votes="142" />
                <Precinct name="Ware" votes="114" />
                <Precinct name="Warnock" votes="87" />
            </VoteType>
            <VoteType name="Absentee by Mail" votes="92">
                <Precinct name="Douglas" votes="58" />
                <Precinct name="New Lacy" votes="10" />
                <Precinct name="Taylor" votes="14" />
                <Precinct name="Ware" votes="3" />
                <Precinct name="Warnock" votes="7" />
            </VoteType>
            <VoteType name="Advance in Person" votes="1447">
                <Precinct name="Douglas" votes="746" />
                <Precinct name="New Lacy" votes="297" />
                <Precinct name="Taylor" votes="189" />
                <Precinct name="Ware" votes="115" />
                <Precinct name="Warnock" votes="100" />
            </VoteType>
            <VoteType name="Provisional" votes="1">
                <Precinct name="Douglas" votes="0" />
                <Precinct name="New Lacy" votes="0" />
                <Precinct name="Taylor" votes="1" />
                <Precinct name="Ware" votes="0" />
                <Precinct name="Warnock" votes="0" />
            </VoteType>
        </Choice>
    </Contest>
    <Contest key="230" text="Constitutional Amendment #2&lt;br&gt;Authorizes penalties for sexual exploitation and assessments on adult entertainment to fund child victims' services." isQuestion="false" precinctsReporting="5" precinctsReported="5">
        <VoteType name="Number of Precincts for Race" votes="5">
            <Precinct name="Douglas" votes="1" />
            <Precinct name="New Lacy" votes="1" />
            <Precinct name="Taylor" votes="1" />
            <Precinct name="Ware" votes="1" />
            <Precinct name="Warnock" votes="1" />
        </VoteType>
        <VoteType name="Number of Precincts Reporting" votes="5">
            <Precinct name="Douglas" votes="1" />
            <Precinct name="New Lacy" votes="1" />
            <Precinct name="Taylor" votes="1" />
            <Precinct name="Ware" votes="1" />
            <Precinct name="Warnock" votes="1" />
        </VoteType>
        <Choice key="10" text="YES" totalVotes="3090">
            <VoteType name="Election Day" votes="1069">
                <Precinct name="Douglas" votes="465" />
                <Precinct name="New Lacy" votes="220" />
                <Precinct name="Taylor" votes="174" />
                <Precinct name="Ware" votes="126" />
                <Precinct name="Warnock" votes="84" />
            </VoteType>
            <VoteType name="Absentee by Mail" votes="138">
                <Precinct name="Douglas" votes="84" />
                <Precinct name="New Lacy" votes="11" />
                <Precinct name="Taylor" votes="28" />
                <Precinct name="Ware" votes="8" />
                <Precinct name="Warnock" votes="7" />
            </VoteType>
            <VoteType name="Advance in Person" votes="1878">
                <Precinct name="Douglas" votes="1040" />
                <Precinct name="New Lacy" votes="354" />
                <Precinct name="Taylor" votes="238" />
                <Precinct name="Ware" votes="139" />
                <Precinct name="Warnock" votes="107" />
            </VoteType>
            <VoteType name="Provisional" votes="5">
                <Precinct name="Douglas" votes="4" />
                <Precinct name="New Lacy" votes="0" />
                <Precinct name="Taylor" votes="1" />
                <Precinct name="Ware" votes="0" />
                <Precinct name="Warnock" votes="0" />
            </VoteType>
        </Choice>
        <Choice key="20" text="NO" totalVotes="567">
            <VoteType name="Election Day" votes="231">
                <Precinct name="Douglas" votes="94" />
                <Precinct name="New Lacy" votes="47" />
                <Precinct name="Taylor" votes="39" />
                <Precinct name="Ware" votes="29" />
                <Precinct name="Warnock" votes="22" />
            </VoteType>
            <VoteType name="Absentee by Mail" votes="16">
                <Precinct name="Douglas" votes="11" />
                <Precinct name="New Lacy" votes="3" />
                <Precinct name="Taylor" votes="1" />
                <Precinct name="Ware" votes="0" />
                <Precinct name="Warnock" votes="1" />
            </VoteType>
            <VoteType name="Advance in Person" votes="320">
                <Precinct name="Douglas" votes="162" />
                <Precinct name="New Lacy" votes="67" />
                <Precinct name="Taylor" votes="40" />
                <Precinct name="Ware" votes="24" />
                <Precinct name="Warnock" votes="27" />
            </VoteType>
            <VoteType name="Provisional" votes="0">
                <Precinct name="Douglas" votes="0" />
                <Precinct name="New Lacy" votes="0" />
                <Precinct name="Taylor" votes="0" />
                <Precinct name="Ware" votes="0" />
                <Precinct name="Warnock" votes="0" />
            </VoteType>
        </Choice>
    </Contest>
    <Contest key="240" text="Constitutional Amendment #3&lt;br&gt;Reforms and re-establishes the Judicial Qualifications Commission and provides for its composition, governance, and powers." isQuestion="false" precinctsReporting="5" precinctsReported="5">
        <VoteType name="Number of Precincts for Race" votes="5">
            <Precinct name="Douglas" votes="1" />
            <Precinct name="New Lacy" votes="1" />
            <Precinct name="Taylor" votes="1" />
            <Precinct name="Ware" votes="1" />
            <Precinct name="Warnock" votes="1" />
        </VoteType>
        <VoteType name="Number of Precincts Reporting" votes="5">
            <Precinct name="Douglas" votes="1" />
            <Precinct name="New Lacy" votes="1" />
            <Precinct name="Taylor" votes="1" />
            <Precinct name="Ware" votes="1" />
            <Precinct name="Warnock" votes="1" />
        </VoteType>
        <Choice key="10" text="YES" totalVotes="2075">
            <VoteType name="Election Day" votes="724">
                <Precinct name="Douglas" votes="320" />
                <Precinct name="New Lacy" votes="146" />
                <Precinct name="Taylor" votes="114" />
                <Precinct name="Ware" votes="88" />
                <Precinct name="Warnock" votes="56" />
            </VoteType>
            <VoteType name="Absentee by Mail" votes="102">
                <Precinct name="Douglas" votes="67" />
                <Precinct name="New Lacy" votes="8" />
                <Precinct name="Taylor" votes="17" />
                <Precinct name="Ware" votes="7" />
                <Precinct name="Warnock" votes="3" />
            </VoteType>
            <VoteType name="Advance in Person" votes="1246">
                <Precinct name="Douglas" votes="711" />
                <Precinct name="New Lacy" votes="235" />
                <Precinct name="Taylor" votes="141" />
                <Precinct name="Ware" votes="92" />
                <Precinct name="Warnock" votes="67" />
            </VoteType>
            <VoteType name="Provisional" votes="3">
                <Precinct name="Douglas" votes="3" />
                <Precinct name="New Lacy" votes="0" />
                <Precinct name="Taylor" votes="0" />
                <Precinct name="Ware" votes="0" />
                <Precinct name="Warnock" votes="0" />
            </VoteType>
        </Choice>
        <Choice key="20" text="NO" totalVotes="1227">
            <VoteType name="Election Day" votes="439">
                <Precinct name="Douglas" votes="172" />
                <Precinct name="New Lacy" votes="91" />
                <Precinct name="Taylor" votes="76" />
                <Precinct name="Ware" votes="57" />
                <Precinct name="Warnock" votes="43" />
            </VoteType>
            <VoteType name="Absentee by Mail" votes="42">
                <Precinct name="Douglas" votes="23" />
                <Precinct name="New Lacy" votes="5" />
                <Precinct name="Taylor" votes="9" />
                <Precinct name="Ware" votes="0" />
                <Precinct name="Warnock" votes="5" />
            </VoteType>
            <VoteType name="Advance in Person" votes="745">
                <Precinct name="Douglas" votes="380" />
                <Precinct name="New Lacy" votes="155" />
                <Precinct name="Taylor" votes="103" />
                <Precinct name="Ware" votes="61" />
                <Precinct name="Warnock" votes="46" />
            </VoteType>
            <VoteType name="Provisional" votes="1">
                <Precinct name="Douglas" votes="0" />
                <Precinct name="New Lacy" votes="0" />
                <Precinct name="Taylor" votes="1" />
                <Precinct name="Ware" votes="0" />
                <Precinct name="Warnock" votes="0" />
            </VoteType>
        </Choice>
    </Contest>
    <Contest key="250" text="Constitutional Amendment #4&lt;br&gt;Dedicates revenue from existing taxes on fireworks to trauma care, fire services, and public safety." isQuestion="false" precinctsReporting="5" precinctsReported="5">
        <VoteType name="Number of Precincts for Race" votes="5">
            <Precinct name="Douglas" votes="1" />
            <Precinct name="New Lacy" votes="1" />
            <Precinct name="Taylor" votes="1" />
            <Precinct name="Ware" votes="1" />
            <Precinct name="Warnock" votes="1" />
        </VoteType>
        <VoteType name="Number of Precincts Reporting" votes="5">
            <Precinct name="Douglas" votes="1" />
            <Precinct name="New Lacy" votes="1" />
            <Precinct name="Taylor" votes="1" />
            <Precinct name="Ware" votes="1" />
            <Precinct name="Warnock" votes="1" />
        </VoteType>
        <Choice key="10" text="YES" totalVotes="2712">
            <VoteType name="Election Day" votes="944">
                <Precinct name="Douglas" votes="413" />
                <Precinct name="New Lacy" votes="185" />
                <Precinct name="Taylor" votes="152" />
                <Precinct name="Ware" votes="118" />
                <Precinct name="Warnock" votes="76" />
            </VoteType>
            <VoteType name="Absentee by Mail" votes="130">
                <Precinct name="Douglas" votes="86" />
                <Precinct name="New Lacy" votes="10" />
                <Precinct name="Taylor" votes="21" />
                <Precinct name="Ware" votes="6" />
                <Precinct name="Warnock" votes="7" />
            </VoteType>
            <VoteType name="Advance in Person" votes="1635">
                <Precinct name="Douglas" votes="917" />
                <Precinct name="New Lacy" votes="301" />
                <Precinct name="Taylor" votes="208" />
                <Precinct name="Ware" votes="116" />
                <Precinct name="Warnock" votes="93" />
            </VoteType>
            <VoteType name="Provisional" votes="3">
                <Precinct name="Douglas" votes="3" />
                <Precinct name="New Lacy" votes="0" />
                <Precinct name="Taylor" votes="0" />
                <Precinct name="Ware" votes="0" />
                <Precinct name="Warnock" votes="0" />
            </VoteType>
        </Choice>
        <Choice key="20" text="NO" totalVotes="799">
            <VoteType name="Election Day" votes="291">
                <Precinct name="Douglas" votes="113" />
                <Precinct name="New Lacy" votes="68" />
                <Precinct name="Taylor" votes="53" />
                <Precinct name="Ware" votes="33" />
                <Precinct name="Warnock" votes="24" />
            </VoteType>
            <VoteType name="Absentee by Mail" votes="25">
                <Precinct name="Douglas" votes="13" />
                <Precinct name="New Lacy" votes="4" />
                <Precinct name="Taylor" votes="5" />
                <Precinct name="Ware" votes="1" />
                <Precinct name="Warnock" votes="2" />
            </VoteType>
            <VoteType name="Advance in Person" votes="481">
                <Precinct name="Douglas" votes="233" />
                <Precinct name="New Lacy" votes="111" />
                <Precinct name="Taylor" votes="61" />
                <Precinct name="Ware" votes="42" />
                <Precinct name="Warnock" votes="34" />
            </VoteType>
            <VoteType name="Provisional" votes="2">
                <Precinct name="Douglas" votes="1" />
                <Precinct name="New Lacy" votes="0" />
                <Precinct name="Taylor" votes="1" />
                <Precinct name="Ware" votes="0" />
                <Precinct name="Warnock" votes="0" />
            </VoteType>
        </Choice>
    </Contest>
    <Contest key="600" text="SPECIAL- TAX" isQuestion="false" precinctsReporting="5" precinctsReported="5">
        <VoteType name="Number of Precincts for Race" votes="5">
            <Precinct name="Douglas" votes="1" />
            <Precinct name="New Lacy" votes="1" />
            <Precinct name="Taylor" votes="1" />
            <Precinct name="Ware" votes="1" />
            <Precinct name="Warnock" votes="1" />
        </VoteType>
        <VoteType name="Number of Precincts Reporting" votes="5">
            <Precinct name="Douglas" votes="1" />
            <Precinct name="New Lacy" votes="1" />
            <Precinct name="Taylor" votes="1" />
            <Precinct name="Ware" votes="1" />
            <Precinct name="Warnock" votes="1" />
        </VoteType>
        <Choice key="10" text="YES" totalVotes="1741">
            <VoteType name="Election Day" votes="570">
                <Precinct name="Douglas" votes="246" />
                <Precinct name="New Lacy" votes="112" />
                <Precinct name="Taylor" votes="89" />
                <Precinct name="Ware" votes="71" />
                <Precinct name="Warnock" votes="52" />
            </VoteType>
            <VoteType name="Absentee by Mail" votes="83">
                <Precinct name="Douglas" votes="53" />
                <Precinct name="New Lacy" votes="6" />
                <Precinct name="Taylor" votes="12" />
                <Precinct name="Ware" votes="6" />
                <Precinct name="Warnock" votes="6" />
            </VoteType>
            <VoteType name="Advance in Person" votes="1085">
                <Precinct name="Douglas" votes="588" />
                <Precinct name="New Lacy" votes="194" />
                <Precinct name="Taylor" votes="144" />
                <Precinct name="Ware" votes="83" />
                <Precinct name="Warnock" votes="76" />
            </VoteType>
            <VoteType name="Provisional" votes="3">
                <Precinct name="Douglas" votes="3" />
                <Precinct name="New Lacy" votes="0" />
                <Precinct name="Taylor" votes="0" />
                <Precinct name="Ware" votes="0" />
                <Precinct name="Warnock" votes="0" />
            </VoteType>
        </Choice>
        <Choice key="20" text="NO" totalVotes="1966">
            <VoteType name="Election Day" votes="726">
                <Precinct name="Douglas" votes="301" />
                <Precinct name="New Lacy" votes="157" />
                <Precinct name="Taylor" votes="129" />
                <Precinct name="Ware" votes="89" />
                <Precinct name="Warnock" votes="50" />
            </VoteType>
            <VoteType name="Absentee by Mail" votes="73">
                <Precinct name="Douglas" votes="46" />
                <Precinct name="New Lacy" votes="7" />
                <Precinct name="Taylor" votes="16" />
                <Precinct name="Ware" votes="1" />
                <Precinct name="Warnock" votes="3" />
            </VoteType>
            <VoteType name="Advance in Person" votes="1165">
                <Precinct name="Douglas" votes="651" />
                <Precinct name="New Lacy" votes="235" />
                <Precinct name="Taylor" votes="139" />
                <Precinct name="Ware" votes="85" />
                <Precinct name="Warnock" votes="55" />
            </VoteType>
            <VoteType name="Provisional" votes="2">
                <Precinct name="Douglas" votes="1" />
                <Precinct name="New Lacy" votes="0" />
                <Precinct name="Taylor" votes="1" />
                <Precinct name="Ware" votes="0" />
                <Precinct name="Warnock" votes="0" />
            </VoteType>
        </Choice>
    </Contest>
</ElectionResult>