"line number","contest name","choice name","party name","total votes","percent of votes","registered voters","ballots cast","num Precinct total","num Precinct rptg","over votes","under votes"
1,"President of the United States","DONALD J. TRUMP","",8513,70.01,16254,12282,12,12,"0","0"
2,"President of the United States","HILLARY CLINTON","",3440,28.29,16254,12282,12,12,"0","0"
3,"President of the United States","GARY JOHNSON","",206,1.69,16254,12282,12,12,"0","0"
4,"United States Senator, Isakson","JOHNNY ISAKSON (I)","",7872,70.66,16254,12282,12,12,"0","0"
5,"United States Senator, Isakson","JIM BARKSDALE","",2871,25.77,16254,12282,12,12,"0","0"
6,"United States Senator, Isakson","ALLEN BUCKLEY","",397,3.56,16254,12282,12,12,"0","0"
7,"Public Service Commission, District 2 - Eastern","TIM ECHOLS (I)","",8710,80.74,16254,12275,12,12,"0","0"
8,"Public Service Commission, District 2 - Eastern","ERIC HOSKINS","",2078,19.26,16254,12275,12,12,"0","0"
9,"U.S. Representative, District 1","EARL �BUDDY� CARTER (I)","",10191,100.00,16254,12282,12,12,"0","0"
10,"State Senator, District 7","TYLER HARPER (I)","",10060,100.00,16254,12275,12,12,"0","0"
11,"State Representative, District 174","JOHN CORBETT (I)","",1430,100.00,3000,1964,4,4,"0","0"
12,"State Representative, District 176","JASON SHAW (I)","",5010,100.00,7888,6207,8,8,"0","0"
13,"State Representative, District 180","JASON SPENCER (I)","",3439,100.00,5366,4104,4,4,"0","0"
14,"CLERK, SUPERIOR COURT","M. H. FIVEASH (I) R","",10473,100.00,16254,12275,12,12,"0","0"
15,"SHERIFF","R. F. ROYAL (I) R","",10670,100.00,16254,12275,12,12,"0","0"
16,"TAX COMMISSIONER","R. E. COLLINS (I) R","",10199,100.00,16254,12275,12,12,"0","0"
17,"CORONER","A. M. LUCAS (I) R","",10444,100.00,16254,12275,12,12,"0","0"
18,"CC CHAIR","J. L. BROWN (I) R","",8640,74.51,16254,12275,12,12,"0","0"
19,"CC CHAIR","C. SEARS (D)","",2955,25.49,16254,12275,12,12,"0","0"
20,"CC, D2","J. POPE (R)","",2931,100.00,4658,3507,3,3,"0","0"
21,"CC, D4","S. A. BARNARD SR (R)","",3265,100.00,4560,3756,8,8,"0","0"
22,"Constitutional Amendment #1<br>Provides greater flexibility and state accountability to fix failing schools through increasing community involvement.","YES","",4118,35.33,16254,12275,12,12,"0","0"
23,"Constitutional Amendment #1<br>Provides greater flexibility and state accountability to fix failing schools through increasing community involvement.","NO","",7538,64.67,16254,12275,12,12,"0","0"
24,"Constitutional Amendment #2<br>Authorizes penalties for sexual exploitation and assessments on adult entertainment to fund child victims' services.","YES","",9442,81.69,16254,12275,12,12,"0","0"
25,"Constitutional Amendment #2<br>Authorizes penalties for sexual exploitation and assessments on adult entertainment to fund child victims' services.","NO","",2117,18.31,16254,12275,12,12,"0","0"
26,"Constitutional Amendment #3<br>Reforms and re-establishes the Judicial Qualifications Commission and provides for its composition, governance, and powers.","YES","",6913,63.46,16254,12275,12,12,"0","0"
27,"Constitutional Amendment #3<br>Reforms and re-establishes the Judicial Qualifications Commission and provides for its composition, governance, and powers.","NO","",3981,36.54,16254,12275,12,12,"0","0"
28,"Constitutional Amendment #4<br>Dedicates revenue from existing taxes on fireworks to trauma care, fire services, and public safety.","YES","",8973,78.03,16254,12275,12,12,"0","0"
29,"Constitutional Amendment #4<br>Dedicates revenue from existing taxes on fireworks to trauma care, fire services, and public safety.","NO","",2527,21.97,16254,12275,12,12,"0","0"
30,"SPECIAL - SUNDAY SALES","YES","",6335,52.58,16254,12275,12,12,"0","0"
31,"SPECIAL - SUNDAY SALES","NO","",5714,47.42,16254,12275,12,12,"0","0"
