"line number","contest name","choice name","party name","total votes","percent of votes","registered voters","ballots cast","num Precinct total","num Precinct rptg","over votes","under votes"
1,"President of the United States","DONALD J. TRUMP","",29911,76.10,52253,39855,17,17,"0","0"
2,"President of the United States","HILLARY CLINTON","",8212,20.89,52253,39855,17,17,"0","0"
3,"President of the United States","GARY JOHNSON","",1183,3.01,52253,39855,17,17,"0","0"
4,"United States Senator, Isakson","JOHNNY ISAKSON (I)","",28073,75.12,52253,39855,17,17,"0","0"
5,"United States Senator, Isakson","JIM BARKSDALE","",7291,19.51,52253,39855,17,17,"0","0"
6,"United States Senator, Isakson","ALLEN BUCKLEY","",2008,5.37,52253,39855,17,17,"0","0"
7,"Public Service Commission, District 2 - Eastern","TIM ECHOLS (I)","",29270,80.02,52253,39831,17,17,"0","0"
8,"Public Service Commission, District 2 - Eastern","ERIC HOSKINS","",7309,19.98,52253,39831,17,17,"0","0"
9,"U.S. Representative, District 11","BARRY LOUDERMILK (I) (REP)","",30341,78.93,52253,39855,17,17,"0","0"
10,"U.S. Representative, District 11","DON WILSON (DEM)","",8100,21.07,52253,39855,17,17,"0","0"
11,"State Senator, District 14","BRUCE THOMPSON (I) (REP)","",19647,100.00,31054,23345,12,12,"0","0"
12,"State Senator, District 52","CHUCK HUFSTETLER (I) (REP)","",13998,100.00,21199,16486,9,9,"0","0"
13,"State Representative, District 14","CHRISTIAN COOMER (I) (REP)","",13166,100.00,19812,15362,9,9,"0","0"
14,"State Representative, District 15","PAUL BATTLES (I) (REP)","",15182,75.79,28028,20931,9,9,"0","0"
15,"State Representative, District 15","STEPHANIE F LUJAN (DEM)","",4849,24.21,28028,20931,9,9,"0","0"
16,"State Representative, District 16","TREY KELLEY (I) (REP)","",3126,100.00,4413,3538,2,2,"0","0"
17,"District Attorney, Cherokee Circuit","ROSEMARY M GREENE (I) (REP)","",33964,100.00,52253,39831,17,17,"0","0"
18,"CLERK, SUPERIOR COURT","M. SCOGGINS (I) R","",34592,100.00,52253,39831,17,17,"0","0"
19,"SHERIFF","C. MILLSAP (I) R","",33838,100.00,52253,39831,17,17,"0","0"
20,"TAX COMMISSIONER","S. STEWART (I) R","",34156,100.00,52253,39831,17,17,"0","0"
21,"SURVEYOR","C. TOMPKINS (R)","",33768,100.00,52253,39831,17,17,"0","0"
22,"CORONER","J. T. GUYTON (I) R","",34038,100.00,52253,39831,17,17,"0","0"
23,"CHIEF MAGISTRATE","B. BRYSON (R)","",33879,100.00,52253,39831,17,17,"0","0"
24,"CC, SOLE","S. A. TAYLOR (I) R","",33920,100.00,52253,39831,17,17,"0","0"
25,"BOE, D4","F. KITTLE (I) R","",6135,100.00,9108,7129,4,4,"0","0"
26,"BOE, D5","A. V. SULLIVAN (I) R","",5062,100.00,7539,5866,3,3,"0","0"
27,"Constitutional Amendment #1<br>Provides greater flexibility and state accountability to fix failing schools through increasing community involvement.","YES","",14739,37.92,52253,39831,17,17,"0","0"
28,"Constitutional Amendment #1<br>Provides greater flexibility and state accountability to fix failing schools through increasing community involvement.","NO","",24130,62.08,52253,39831,17,17,"0","0"
29,"Constitutional Amendment #2<br>Authorizes penalties for sexual exploitation and assessments on adult entertainment to fund child victims' services.","YES","",32095,83.48,52253,39831,17,17,"0","0"
30,"Constitutional Amendment #2<br>Authorizes penalties for sexual exploitation and assessments on adult entertainment to fund child victims' services.","NO","",6351,16.52,52253,39831,17,17,"0","0"
31,"Constitutional Amendment #3<br>Reforms and re-establishes the Judicial Qualifications Commission and provides for its composition, governance, and powers.","YES","",22872,62.81,52253,39831,17,17,"0","0"
32,"Constitutional Amendment #3<br>Reforms and re-establishes the Judicial Qualifications Commission and provides for its composition, governance, and powers.","NO","",13543,37.19,52253,39831,17,17,"0","0"
33,"Constitutional Amendment #4<br>Dedicates revenue from existing taxes on fireworks to trauma care, fire services, and public safety.","YES","",30282,79.56,52253,39831,17,17,"0","0"
34,"Constitutional Amendment #4<br>Dedicates revenue from existing taxes on fireworks to trauma care, fire services, and public safety.","NO","",7781,20.44,52253,39831,17,17,"0","0"
35,"KINGSTON SPECIAL - MAYOR","W. PENSON","",43,17.48,357,257,1,1,"0","0"
36,"KINGSTON SPECIAL - MAYOR","J. PERKINS-GRAVES","",34,13.82,357,257,1,1,"0","0"
37,"KINGSTON SPECIAL - MAYOR","E. WISE JR.","",169,68.70,357,257,1,1,"0","0"
38,"KINGSTON SPECIAL - CC P3","G. B. HOOD","",42,18.10,357,257,1,1,"0","0"
39,"KINGSTON SPECIAL - CC P3","P. SILVERS","",190,81.90,357,257,1,1,"0","0"
