"line number","contest name","choice name","party name","total votes","percent of votes","registered voters","ballots cast","num Precinct total","num Precinct rptg","over votes","under votes"
1,"President of the United States","DONALD J. TRUMP","",18950,79.10,32951,24526,11,11,"0","0"
2,"President of the United States","HILLARY CLINTON","",4215,17.59,32951,24526,11,11,"0","0"
3,"President of the United States","GARY JOHNSON","",791,3.30,32951,24526,11,11,"0","0"
4,"United States Senator, Isakson","JOHNNY ISAKSON (I)","",17086,77.83,32951,24526,11,11,"0","0"
5,"United States Senator, Isakson","JIM BARKSDALE","",3750,17.08,32951,24526,11,11,"0","0"
6,"United States Senator, Isakson","ALLEN BUCKLEY","",1116,5.08,32951,24526,11,11,"0","0"
7,"Public Service Commission, District 2 - Eastern","TIM ECHOLS (I)","",18224,82.57,32951,24516,11,11,"0","0"
8,"Public Service Commission, District 2 - Eastern","ERIC HOSKINS","",3846,17.43,32951,24516,11,11,"0","0"
9,"U.S. Representative, District 14","TOM GRAVES (I)","",20871,100.00,32951,24526,11,11,"0","0"
10,"State Senator, District 53","JEFF MULLIS (I)","",20371,100.00,32951,24516,11,11,"0","0"
11,"State Representative, District 1","JOHN DEFFENBAUGH (I)","",10636,100.00,17372,12884,8,8,"0","0"
12,"State Representative, District 2","STEVE TARVIN (I)","",9912,100.00,15579,11632,5,5,"0","0"
13,"District Attorney, Lookout Mountain Circuit","HERBERT (BUZZ) FRANKLIN (I)","",20397,100.00,32951,24516,11,11,"0","0"
14,"JUDGE, PROBATE COURT","C. J. ANDERSON (I) R","",20993,100.00,32951,24516,11,11,"0","0"
15,"CLERK, SUPERIOR COURT","C. BROWN (I) R","",20734,100.00,32951,24516,11,11,"0","0"
16,"SHERIFF","S. WILSON (I) R","",21600,100.00,32951,24516,11,11,"0","0"
17,"TAX COMMISSIONER","C. W. WALKER (I) R","",21303,100.00,32951,24516,11,11,"0","0"
18,"SURVEYOR","C. D. WARDLAW (I) R","",20748,100.00,32951,24516,11,11,"0","0"
19,"CORONER","W. D. WILSON (I) R","",20407,100.00,32951,24516,11,11,"0","0"
20,"CHIEF MAGISTRATE","S. J. THOMPSON (I) R","",20560,100.00,32951,24516,11,11,"0","0"
21,"CC, SOLE","S. K. WHITFIELD (R)","",17372,72.87,32951,24516,11,11,"0","0"
22,"CC, SOLE","B. HEISKELL (I) IN","",2962,12.42,32951,24516,11,11,"0","0"
23,"CC, SOLE","P. LAMB JR (IN)","",3506,14.71,32951,24516,11,11,"0","0"
24,"BOE P1","K. C. STOKER (I) R","",19417,100.00,31183,23100,11,11,"0","0"
25,"BOE P4","D. WILSON (I) R","",17548,82.21,31183,23100,11,11,"0","0"
26,"BOE P4","V. MURPHY (D)","",3798,17.79,31183,23100,11,11,"0","0"
27,"BOE P5","P. J. HUNTER (I) R","",19175,100.00,31183,23100,11,11,"0","0"
28,"Constitutional Amendment #1<br>Provides greater flexibility and state accountability to fix failing schools through increasing community involvement.","YES","",9131,38.78,32951,24516,11,11,"0","0"
29,"Constitutional Amendment #1<br>Provides greater flexibility and state accountability to fix failing schools through increasing community involvement.","NO","",14416,61.22,32951,24516,11,11,"0","0"
30,"Constitutional Amendment #2<br>Authorizes penalties for sexual exploitation and assessments on adult entertainment to fund child victims' services.","YES","",19880,85.44,32951,24516,11,11,"0","0"
31,"Constitutional Amendment #2<br>Authorizes penalties for sexual exploitation and assessments on adult entertainment to fund child victims' services.","NO","",3388,14.56,32951,24516,11,11,"0","0"
32,"Constitutional Amendment #3<br>Reforms and re-establishes the Judicial Qualifications Commission and provides for its composition, governance, and powers.","YES","",14381,65.87,32951,24516,11,11,"0","0"
33,"Constitutional Amendment #3<br>Reforms and re-establishes the Judicial Qualifications Commission and provides for its composition, governance, and powers.","NO","",7453,34.13,32951,24516,11,11,"0","0"
34,"Constitutional Amendment #4<br>Dedicates revenue from existing taxes on fireworks to trauma care, fire services, and public safety.","YES","",18577,79.86,32951,24516,11,11,"0","0"
35,"Constitutional Amendment #4<br>Dedicates revenue from existing taxes on fireworks to trauma care, fire services, and public safety.","NO","",4686,20.14,32951,24516,11,11,"0","0"
