"line number","contest name","choice name","party name","total votes","percent of votes","registered voters","ballots cast","num Precinct total","num Precinct rptg","over votes","under votes"
1,"President of the United States","DONALD J. TRUMP","",42533,69.33,78788,62421,28,28,"0","0"
2,"President of the United States","HILLARY CLINTON","",16583,27.03,78788,62421,28,28,"0","0"
3,"President of the United States","GARY JOHNSON","",2235,3.64,78788,62421,28,28,"0","0"
4,"United States Senator, Isakson","JOHNNY ISAKSON (I)","",41972,71.29,78788,62421,28,28,"0","0"
5,"United States Senator, Isakson","JIM BARKSDALE","",14088,23.93,78788,62421,28,28,"0","0"
6,"United States Senator, Isakson","ALLEN BUCKLEY","",2815,4.78,78788,62421,28,28,"0","0"
7,"Public Service Commission, District 2 - Eastern","TIM ECHOLS (I)","",44666,78.90,78788,62418,28,28,"0","0"
8,"Public Service Commission, District 2 - Eastern","ERIC HOSKINS","",11944,21.10,78788,62418,28,28,"0","0"
9,"U.S. Representative, District 3","DREW FERGUSON","",44493,74.08,78788,62421,28,28,"0","0"
10,"U.S. Representative, District 3","ANGELA PENDLEY","",15567,25.92,78788,62421,28,28,"0","0"
11,"State Senator, District 28","MATT BRASS","",51294,100.00,78788,62418,28,28,"0","0"
12,"State Representative, District 70","LYNN SMITH (I)","",19601,100.00,31371,24305,12,12,"0","0"
13,"State Representative, District 71","DAVID STOVER (I) (REP)","",19132,75.64,32134,26313,11,11,"0","0"
14,"State Representative, District 71","CYNTHIA C. BENNETT (DEM)","",6161,24.36,32134,26313,11,11,"0","0"
15,"State Representative, District 72","JOSH BONNER (REP)","",5388,100.00,7625,6269,3,3,"0","0"
16,"State Representative, District 132","GENE KING (REP)","",2895,55.01,7658,5531,4,4,"0","0"
17,"State Representative, District 132","BOB TRAMMELL JR (I) (DEM)","",2368,44.99,7658,5531,4,4,"0","0"
18,"District Attorney, Coweta Circuit","PETE SKANDALAKIS (I)","",51763,100.00,78788,62418,28,28,"0","0"
19,"CLERK SUPERIOR CT","C. G. BROWN (I) R","",52212,100.00,78788,62418,28,28,"0","0"
20,"SHERIFF","M. YEAGER (I) R","",53120,100.00,78788,62418,28,28,"0","0"
21,"TAX COMMISSIONER","T. FERRELL (I) R","",52205,100.00,78788,62418,28,28,"0","0"
22,"SURVEYOR","C. W. ROBERTSON (I)R","",51582,100.00,78788,62418,28,28,"0","0"
23,"CORONER","R. HAWK (I) R","",51481,100.00,78788,62418,28,28,"0","0"
24,"SOLICITOR","S. WISENBAKER (I) R","",51159,100.00,78788,62418,28,28,"0","0"
25,"CC D1","P. K. POOLE (I) R","",12693,100.00,18155,14948,6,6,"0","0"
26,"CC D4","R. BROOKS (I) R","",11963,100.00,17049,14023,5,5,"0","0"
27,"CC D5","AL SMITH (I) D","",7137,100.00,13200,9285,7,7,"0","0"
28,"SOIL AND WATER","W. CLINE","",50174,100.00,78788,62418,28,28,"0","0"
29,"Constitutional Amendment #1<br>Provides greater flexibility and state accountability to fix failing schools through increasing community involvement.","YES","",24854,41.05,78788,62418,28,28,"0","0"
30,"Constitutional Amendment #1<br>Provides greater flexibility and state accountability to fix failing schools through increasing community involvement.","NO","",35692,58.95,78788,62418,28,28,"0","0"
31,"Constitutional Amendment #2<br>Authorizes penalties for sexual exploitation and assessments on adult entertainment to fund child victims' services.","YES","",49751,83.05,78788,62418,28,28,"0","0"
32,"Constitutional Amendment #2<br>Authorizes penalties for sexual exploitation and assessments on adult entertainment to fund child victims' services.","NO","",10155,16.95,78788,62418,28,28,"0","0"
33,"Constitutional Amendment #3<br>Reforms and re-establishes the Judicial Qualifications Commission and provides for its composition, governance, and powers.","YES","",35676,63.13,78788,62418,28,28,"0","0"
34,"Constitutional Amendment #3<br>Reforms and re-establishes the Judicial Qualifications Commission and provides for its composition, governance, and powers.","NO","",20833,36.87,78788,62418,28,28,"0","0"
35,"Constitutional Amendment #4<br>Dedicates revenue from existing taxes on fireworks to trauma care, fire services, and public safety.","YES","",48083,81.10,78788,62418,28,28,"0","0"
36,"Constitutional Amendment #4<br>Dedicates revenue from existing taxes on fireworks to trauma care, fire services, and public safety.","NO","",11209,18.90,78788,62418,28,28,"0","0"
