<?xml version="1.0"?>
<!--Election result snapshot imported from Tabulation System
-->
<ElectionResult>
    <Timestamp>11/10/2016 9:47:26 AM EST</Timestamp>
    <ElectionName>November 8, 2016 - General Election</ElectionName>
    <ElectionDate>11/8/2016</ElectionDate>
    <Region>Wheeler</Region>
    <VoterTurnout totalVoters="2705" ballotsCast="2135" voterTurnout="78.93">
        <Precincts>
            <Precinct name="Alamo" totalVoters="1608" ballotsCast="1267" voterTurnout="78.79" percentReporting="4" />
            <Precinct name="Glenwood" totalVoters="1097" ballotsCast="868" voterTurnout="79.12" percentReporting="4" />
        </Precincts>
    </VoterTurnout>
    <Contest key="1" text="President of the United States" isQuestion="false" precinctsReporting="2" precinctsReported="2">
        <VoteType name="Number of Precincts for Race" votes="2">
            <Precinct name="Alamo" votes="1" />
            <Precinct name="Glenwood" votes="1" />
        </VoteType>
        <VoteType name="Number of Precincts Reporting" votes="2">
            <Precinct name="Alamo" votes="1" />
            <Precinct name="Glenwood" votes="1" />
        </VoteType>
        <Choice key="10" text="DONALD J. TRUMP" totalVotes="1421">
            <VoteType name="Election Day" votes="669">
                <Precinct name="Alamo" votes="379" />
                <Precinct name="Glenwood" votes="290" />
            </VoteType>
            <VoteType name="Absentee by Mail" votes="94">
                <Precinct name="Alamo" votes="37" />
                <Precinct name="Glenwood" votes="57" />
            </VoteType>
            <VoteType name="Advance in Person" votes="655">
                <Precinct name="Alamo" votes="415" />
                <Precinct name="Glenwood" votes="240" />
            </VoteType>
            <VoteType name="Provisional" votes="3">
                <Precinct name="Alamo" votes="0" />
                <Precinct name="Glenwood" votes="3" />
            </VoteType>
        </Choice>
        <Choice key="20" text="HILLARY CLINTON" totalVotes="646">
            <VoteType name="Election Day" votes="295">
                <Precinct name="Alamo" votes="166" />
                <Precinct name="Glenwood" votes="129" />
            </VoteType>
            <VoteType name="Absentee by Mail" votes="68">
                <Precinct name="Alamo" votes="39" />
                <Precinct name="Glenwood" votes="29" />
            </VoteType>
            <VoteType name="Advance in Person" votes="283">
                <Precinct name="Alamo" votes="193" />
                <Precinct name="Glenwood" votes="90" />
            </VoteType>
            <VoteType name="Provisional" votes="0">
                <Precinct name="Alamo" votes="0" />
                <Precinct name="Glenwood" votes="0" />
            </VoteType>
        </Choice>
        <Choice key="30" text="GARY JOHNSON" totalVotes="35">
            <VoteType name="Election Day" votes="12">
                <Precinct name="Alamo" votes="6" />
                <Precinct name="Glenwood" votes="6" />
            </VoteType>
            <VoteType name="Absentee by Mail" votes="3">
                <Precinct name="Alamo" votes="0" />
                <Precinct name="Glenwood" votes="3" />
            </VoteType>
            <VoteType name="Advance in Person" votes="19">
                <Precinct name="Alamo" votes="9" />
                <Precinct name="Glenwood" votes="10" />
            </VoteType>
            <VoteType name="Provisional" votes="1">
                <Precinct name="Alamo" votes="1" />
                <Precinct name="Glenwood" votes="0" />
            </VoteType>
        </Choice>
    </Contest>
    <Contest key="10" text="United States Senator, Isakson" isQuestion="false" precinctsReporting="2" precinctsReported="2">
        <VoteType name="Number of Precincts for Race" votes="2">
            <Precinct name="Alamo" votes="1" />
            <Precinct name="Glenwood" votes="1" />
        </VoteType>
        <VoteType name="Number of Precincts Reporting" votes="2">
            <Precinct name="Alamo" votes="1" />
            <Precinct name="Glenwood" votes="1" />
        </VoteType>
        <Choice key="30" text="JOHNNY ISAKSON (I)" totalVotes="1304">
            <VoteType name="Election Day" votes="609">
                <Precinct name="Alamo" votes="343" />
                <Precinct name="Glenwood" votes="266" />
            </VoteType>
            <VoteType name="Absentee by Mail" votes="98">
                <Precinct name="Alamo" votes="35" />
                <Precinct name="Glenwood" votes="63" />
            </VoteType>
            <VoteType name="Advance in Person" votes="594">
                <Precinct name="Alamo" votes="382" />
                <Precinct name="Glenwood" votes="212" />
            </VoteType>
            <VoteType name="Provisional" votes="3">
                <Precinct name="Alamo" votes="1" />
                <Precinct name="Glenwood" votes="2" />
            </VoteType>
        </Choice>
        <Choice key="40" text="JIM BARKSDALE" totalVotes="545">
            <VoteType name="Election Day" votes="260">
                <Precinct name="Alamo" votes="148" />
                <Precinct name="Glenwood" votes="112" />
            </VoteType>
            <VoteType name="Absentee by Mail" votes="58">
                <Precinct name="Alamo" votes="39" />
                <Precinct name="Glenwood" votes="19" />
            </VoteType>
            <VoteType name="Advance in Person" votes="227">
                <Precinct name="Alamo" votes="151" />
                <Precinct name="Glenwood" votes="76" />
            </VoteType>
            <VoteType name="Provisional" votes="0">
                <Precinct name="Alamo" votes="0" />
                <Precinct name="Glenwood" votes="0" />
            </VoteType>
        </Choice>
        <Choice key="50" text="ALLEN BUCKLEY" totalVotes="55">
            <VoteType name="Election Day" votes="29">
                <Precinct name="Alamo" votes="14" />
                <Precinct name="Glenwood" votes="15" />
            </VoteType>
            <VoteType name="Absentee by Mail" votes="1">
                <Precinct name="Alamo" votes="1" />
                <Precinct name="Glenwood" votes="0" />
            </VoteType>
            <VoteType name="Advance in Person" votes="25">
                <Precinct name="Alamo" votes="13" />
                <Precinct name="Glenwood" votes="12" />
            </VoteType>
            <VoteType name="Provisional" votes="0">
                <Precinct name="Alamo" votes="0" />
                <Precinct name="Glenwood" votes="0" />
            </VoteType>
        </Choice>
    </Contest>
    <Contest key="30" text="Public Service Commission, District 2 - Eastern" isQuestion="false" precinctsReporting="2" precinctsReported="2">
        <VoteType name="Number of Precincts for Race" votes="2">
            <Precinct name="Alamo" votes="1" />
            <Precinct name="Glenwood" votes="1" />
        </VoteType>
        <VoteType name="Number of Precincts Reporting" votes="2">
            <Precinct name="Alamo" votes="1" />
            <Precinct name="Glenwood" votes="1" />
        </VoteType>
        <Choice key="20" text="TIM ECHOLS (I)" totalVotes="1418">
            <VoteType name="Election Day" votes="670">
                <Precinct name="Alamo" votes="375" />
                <Precinct name="Glenwood" votes="295" />
            </VoteType>
            <VoteType name="Absentee by Mail" votes="104">
                <Precinct name="Alamo" votes="38" />
                <Precinct name="Glenwood" votes="66" />
            </VoteType>
            <VoteType name="Advance in Person" votes="641">
                <Precinct name="Alamo" votes="401" />
                <Precinct name="Glenwood" votes="240" />
            </VoteType>
            <VoteType name="Provisional" votes="3">
                <Precinct name="Alamo" votes="1" />
                <Precinct name="Glenwood" votes="2" />
            </VoteType>
        </Choice>
        <Choice key="30" text="ERIC HOSKINS" totalVotes="326">
            <VoteType name="Election Day" votes="147">
                <Precinct name="Alamo" votes="86" />
                <Precinct name="Glenwood" votes="61" />
            </VoteType>
            <VoteType name="Absentee by Mail" votes="25">
                <Precinct name="Alamo" votes="13" />
                <Precinct name="Glenwood" votes="12" />
            </VoteType>
            <VoteType name="Advance in Person" votes="154">
                <Precinct name="Alamo" votes="96" />
                <Precinct name="Glenwood" votes="58" />
            </VoteType>
            <VoteType name="Provisional" votes="0">
                <Precinct name="Alamo" votes="0" />
                <Precinct name="Glenwood" votes="0" />
            </VoteType>
        </Choice>
    </Contest>
    <Contest key="50" text="U.S. Representative, District 12" isQuestion="false" precinctsReporting="2" precinctsReported="2">
        <VoteType name="Number of Precincts for Race" votes="2">
            <Precinct name="Alamo" votes="1" />
            <Precinct name="Glenwood" votes="1" />
        </VoteType>
        <VoteType name="Number of Precincts Reporting" votes="2">
            <Precinct name="Alamo" votes="1" />
            <Precinct name="Glenwood" votes="1" />
        </VoteType>
        <Choice key="10" text="RICK ALLEN (I)" totalVotes="1372">
            <VoteType name="Election Day" votes="641">
                <Precinct name="Alamo" votes="353" />
                <Precinct name="Glenwood" votes="288" />
            </VoteType>
            <VoteType name="Absentee by Mail" votes="99">
                <Precinct name="Alamo" votes="36" />
                <Precinct name="Glenwood" votes="63" />
            </VoteType>
            <VoteType name="Advance in Person" votes="631">
                <Precinct name="Alamo" votes="395" />
                <Precinct name="Glenwood" votes="236" />
            </VoteType>
            <VoteType name="Provisional" votes="1">
                <Precinct name="Alamo" votes="0" />
                <Precinct name="Glenwood" votes="1" />
            </VoteType>
        </Choice>
        <Choice key="20" text="PATRICIA C. MCCRACKEN" totalVotes="568">
            <VoteType name="Election Day" votes="269">
                <Precinct name="Alamo" votes="160" />
                <Precinct name="Glenwood" votes="109" />
            </VoteType>
            <VoteType name="Absentee by Mail" votes="52">
                <Precinct name="Alamo" votes="33" />
                <Precinct name="Glenwood" votes="19" />
            </VoteType>
            <VoteType name="Advance in Person" votes="245">
                <Precinct name="Alamo" votes="166" />
                <Precinct name="Glenwood" votes="79" />
            </VoteType>
            <VoteType name="Provisional" votes="2">
                <Precinct name="Alamo" votes="1" />
                <Precinct name="Glenwood" votes="1" />
            </VoteType>
        </Choice>
    </Contest>
    <Contest key="70" text="State Senator, District 19" isQuestion="false" precinctsReporting="2" precinctsReported="2">
        <VoteType name="Number of Precincts for Race" votes="2">
            <Precinct name="Alamo" votes="1" />
            <Precinct name="Glenwood" votes="1" />
        </VoteType>
        <VoteType name="Number of Precincts Reporting" votes="2">
            <Precinct name="Alamo" votes="1" />
            <Precinct name="Glenwood" votes="1" />
        </VoteType>
        <Choice key="30" text="BLAKE TILLERY" totalVotes="1531">
            <VoteType name="Election Day" votes="735">
                <Precinct name="Alamo" votes="414" />
                <Precinct name="Glenwood" votes="321" />
            </VoteType>
            <VoteType name="Absentee by Mail" votes="100">
                <Precinct name="Alamo" votes="40" />
                <Precinct name="Glenwood" votes="60" />
            </VoteType>
            <VoteType name="Advance in Person" votes="693">
                <Precinct name="Alamo" votes="437" />
                <Precinct name="Glenwood" votes="256" />
            </VoteType>
            <VoteType name="Provisional" votes="3">
                <Precinct name="Alamo" votes="1" />
                <Precinct name="Glenwood" votes="2" />
            </VoteType>
        </Choice>
    </Contest>
    <Contest key="90" text="State Representative, District 149" isQuestion="false" precinctsReporting="2" precinctsReported="2">
        <VoteType name="Number of Precincts for Race" votes="2">
            <Precinct name="Alamo" votes="1" />
            <Precinct name="Glenwood" votes="1" />
        </VoteType>
        <VoteType name="Number of Precincts Reporting" votes="2">
            <Precinct name="Alamo" votes="1" />
            <Precinct name="Glenwood" votes="1" />
        </VoteType>
        <Choice key="20" text="JIMMY PRUETT (I)" totalVotes="1562">
            <VoteType name="Election Day" votes="741">
                <Precinct name="Alamo" votes="423" />
                <Precinct name="Glenwood" votes="318" />
            </VoteType>
            <VoteType name="Absentee by Mail" votes="101">
                <Precinct name="Alamo" votes="41" />
                <Precinct name="Glenwood" votes="60" />
            </VoteType>
            <VoteType name="Advance in Person" votes="717">
                <Precinct name="Alamo" votes="449" />
                <Precinct name="Glenwood" votes="268" />
            </VoteType>
            <VoteType name="Provisional" votes="3">
                <Precinct name="Alamo" votes="1" />
                <Precinct name="Glenwood" votes="2" />
            </VoteType>
        </Choice>
    </Contest>
    <Contest key="130" text="District Attorney, Oconee Circuit" isQuestion="false" precinctsReporting="2" precinctsReported="2">
        <VoteType name="Number of Precincts for Race" votes="2">
            <Precinct name="Alamo" votes="1" />
            <Precinct name="Glenwood" votes="1" />
        </VoteType>
        <VoteType name="Number of Precincts Reporting" votes="2">
            <Precinct name="Alamo" votes="1" />
            <Precinct name="Glenwood" votes="1" />
        </VoteType>
        <Choice key="10" text="TIMOTHY G. VAUGHN (I)" totalVotes="1526">
            <VoteType name="Election Day" votes="725">
                <Precinct name="Alamo" votes="406" />
                <Precinct name="Glenwood" votes="319" />
            </VoteType>
            <VoteType name="Absentee by Mail" votes="114">
                <Precinct name="Alamo" votes="55" />
                <Precinct name="Glenwood" votes="59" />
            </VoteType>
            <VoteType name="Advance in Person" votes="684">
                <Precinct name="Alamo" votes="433" />
                <Precinct name="Glenwood" votes="251" />
            </VoteType>
            <VoteType name="Provisional" votes="3">
                <Precinct name="Alamo" votes="1" />
                <Precinct name="Glenwood" votes="2" />
            </VoteType>
        </Choice>
    </Contest>
    <Contest key="135" text="JUDGE, PROBATE/MAGISTRATE" isQuestion="false" precinctsReporting="2" precinctsReported="2">
        <VoteType name="Number of Precincts for Race" votes="2">
            <Precinct name="Alamo" votes="1" />
            <Precinct name="Glenwood" votes="1" />
        </VoteType>
        <VoteType name="Number of Precincts Reporting" votes="2">
            <Precinct name="Alamo" votes="1" />
            <Precinct name="Glenwood" votes="1" />
        </VoteType>
        <Choice key="10" text="J. F HARRELSON (I) R" totalVotes="1620">
            <VoteType name="Election Day" votes="764">
                <Precinct name="Alamo" votes="435" />
                <Precinct name="Glenwood" votes="329" />
            </VoteType>
            <VoteType name="Absentee by Mail" votes="106">
                <Precinct name="Alamo" votes="45" />
                <Precinct name="Glenwood" votes="61" />
            </VoteType>
            <VoteType name="Advance in Person" votes="748">
                <Precinct name="Alamo" votes="469" />
                <Precinct name="Glenwood" votes="279" />
            </VoteType>
            <VoteType name="Provisional" votes="2">
                <Precinct name="Alamo" votes="1" />
                <Precinct name="Glenwood" votes="1" />
            </VoteType>
        </Choice>
    </Contest>
    <Contest key="160" text="CLERK, SUPERIOR COURT" isQuestion="false" precinctsReporting="2" precinctsReported="2">
        <VoteType name="Number of Precincts for Race" votes="2">
            <Precinct name="Alamo" votes="1" />
            <Precinct name="Glenwood" votes="1" />
        </VoteType>
        <VoteType name="Number of Precincts Reporting" votes="2">
            <Precinct name="Alamo" votes="1" />
            <Precinct name="Glenwood" votes="1" />
        </VoteType>
        <Choice key="10" text="C. W. BRAGG (I) R" totalVotes="1637">
            <VoteType name="Election Day" votes="776">
                <Precinct name="Alamo" votes="441" />
                <Precinct name="Glenwood" votes="335" />
            </VoteType>
            <VoteType name="Absentee by Mail" votes="108">
                <Precinct name="Alamo" votes="47" />
                <Precinct name="Glenwood" votes="61" />
            </VoteType>
            <VoteType name="Advance in Person" votes="750">
                <Precinct name="Alamo" votes="465" />
                <Precinct name="Glenwood" votes="285" />
            </VoteType>
            <VoteType name="Provisional" votes="3">
                <Precinct name="Alamo" votes="1" />
                <Precinct name="Glenwood" votes="2" />
            </VoteType>
        </Choice>
    </Contest>
    <Contest key="170" text="SHERIFF" isQuestion="false" precinctsReporting="2" precinctsReported="2">
        <VoteType name="Number of Precincts for Race" votes="2">
            <Precinct name="Alamo" votes="1" />
            <Precinct name="Glenwood" votes="1" />
        </VoteType>
        <VoteType name="Number of Precincts Reporting" votes="2">
            <Precinct name="Alamo" votes="1" />
            <Precinct name="Glenwood" votes="1" />
        </VoteType>
        <Choice key="10" text="R. RIGDON (R)" totalVotes="1318">
            <VoteType name="Election Day" votes="606">
                <Precinct name="Alamo" votes="345" />
                <Precinct name="Glenwood" votes="261" />
            </VoteType>
            <VoteType name="Absentee by Mail" votes="95">
                <Precinct name="Alamo" votes="33" />
                <Precinct name="Glenwood" votes="62" />
            </VoteType>
            <VoteType name="Advance in Person" votes="614">
                <Precinct name="Alamo" votes="391" />
                <Precinct name="Glenwood" votes="223" />
            </VoteType>
            <VoteType name="Provisional" votes="3">
                <Precinct name="Alamo" votes="0" />
                <Precinct name="Glenwood" votes="3" />
            </VoteType>
        </Choice>
        <Choice key="20" text="T. GILLIS (D)" totalVotes="775">
            <VoteType name="Election Day" votes="378">
                <Precinct name="Alamo" votes="213" />
                <Precinct name="Glenwood" votes="165" />
            </VoteType>
            <VoteType name="Absentee by Mail" votes="71">
                <Precinct name="Alamo" votes="43" />
                <Precinct name="Glenwood" votes="28" />
            </VoteType>
            <VoteType name="Advance in Person" votes="325">
                <Precinct name="Alamo" votes="210" />
                <Precinct name="Glenwood" votes="115" />
            </VoteType>
            <VoteType name="Provisional" votes="1">
                <Precinct name="Alamo" votes="1" />
                <Precinct name="Glenwood" votes="0" />
            </VoteType>
        </Choice>
    </Contest>
    <Contest key="200" text="TAX COMMISSIONER" isQuestion="false" precinctsReporting="2" precinctsReported="2">
        <VoteType name="Number of Precincts for Race" votes="2">
            <Precinct name="Alamo" votes="1" />
            <Precinct name="Glenwood" votes="1" />
        </VoteType>
        <VoteType name="Number of Precincts Reporting" votes="2">
            <Precinct name="Alamo" votes="1" />
            <Precinct name="Glenwood" votes="1" />
        </VoteType>
        <Choice key="10" text="K. H. CLARK (I) R" totalVotes="1701">
            <VoteType name="Election Day" votes="804">
                <Precinct name="Alamo" votes="457" />
                <Precinct name="Glenwood" votes="347" />
            </VoteType>
            <VoteType name="Absentee by Mail" votes="113">
                <Precinct name="Alamo" votes="48" />
                <Precinct name="Glenwood" votes="65" />
            </VoteType>
            <VoteType name="Advance in Person" votes="781">
                <Precinct name="Alamo" votes="489" />
                <Precinct name="Glenwood" votes="292" />
            </VoteType>
            <VoteType name="Provisional" votes="3">
                <Precinct name="Alamo" votes="1" />
                <Precinct name="Glenwood" votes="2" />
            </VoteType>
        </Choice>
    </Contest>
    <Contest key="220" text="CORONER" isQuestion="false" precinctsReporting="2" precinctsReported="2">
        <VoteType name="Number of Precincts for Race" votes="2">
            <Precinct name="Alamo" votes="1" />
            <Precinct name="Glenwood" votes="1" />
        </VoteType>
        <VoteType name="Number of Precincts Reporting" votes="2">
            <Precinct name="Alamo" votes="1" />
            <Precinct name="Glenwood" votes="1" />
        </VoteType>
        <Choice key="10" text="T. MERCER (I) R" totalVotes="1597">
            <VoteType name="Election Day" votes="765">
                <Precinct name="Alamo" votes="428" />
                <Precinct name="Glenwood" votes="337" />
            </VoteType>
            <VoteType name="Absentee by Mail" votes="105">
                <Precinct name="Alamo" votes="42" />
                <Precinct name="Glenwood" votes="63" />
            </VoteType>
            <VoteType name="Advance in Person" votes="724">
                <Precinct name="Alamo" votes="449" />
                <Precinct name="Glenwood" votes="275" />
            </VoteType>
            <VoteType name="Provisional" votes="3">
                <Precinct name="Alamo" votes="1" />
                <Precinct name="Glenwood" votes="2" />
            </VoteType>
        </Choice>
    </Contest>
    <Contest key="250" text="CC, D1" isQuestion="false" precinctsReporting="2" precinctsReported="2">
        <VoteType name="Number of Precincts for Race" votes="2">
            <Precinct name="Alamo" votes="1" />
            <Precinct name="Glenwood" votes="1" />
        </VoteType>
        <VoteType name="Number of Precincts Reporting" votes="2">
            <Precinct name="Alamo" votes="1" />
            <Precinct name="Glenwood" votes="1" />
        </VoteType>
        <Choice key="10" text="R. CULVER (I) D" totalVotes="464">
            <VoteType name="Election Day" votes="230">
                <Precinct name="Alamo" votes="130" />
                <Precinct name="Glenwood" votes="100" />
            </VoteType>
            <VoteType name="Absentee by Mail" votes="38">
                <Precinct name="Alamo" votes="30" />
                <Precinct name="Glenwood" votes="8" />
            </VoteType>
            <VoteType name="Advance in Person" votes="195">
                <Precinct name="Alamo" votes="122" />
                <Precinct name="Glenwood" votes="73" />
            </VoteType>
            <VoteType name="Provisional" votes="1">
                <Precinct name="Alamo" votes="1" />
                <Precinct name="Glenwood" votes="0" />
            </VoteType>
        </Choice>
    </Contest>
    <Contest key="260" text="CC, D2" isQuestion="false" precinctsReporting="2" precinctsReported="2">
        <VoteType name="Number of Precincts for Race" votes="2">
            <Precinct name="Alamo" votes="1" />
            <Precinct name="Glenwood" votes="1" />
        </VoteType>
        <VoteType name="Number of Precincts Reporting" votes="2">
            <Precinct name="Alamo" votes="1" />
            <Precinct name="Glenwood" votes="1" />
        </VoteType>
        <Choice key="10" text="D. CLARK (R)" totalVotes="377">
            <VoteType name="Election Day" votes="178">
                <Precinct name="Alamo" votes="25" />
                <Precinct name="Glenwood" votes="153" />
            </VoteType>
            <VoteType name="Absentee by Mail" votes="43">
                <Precinct name="Alamo" votes="5" />
                <Precinct name="Glenwood" votes="38" />
            </VoteType>
            <VoteType name="Advance in Person" votes="156">
                <Precinct name="Alamo" votes="27" />
                <Precinct name="Glenwood" votes="129" />
            </VoteType>
            <VoteType name="Provisional" votes="0">
                <Precinct name="Alamo" votes="0" />
                <Precinct name="Glenwood" votes="0" />
            </VoteType>
        </Choice>
        <Choice key="20" text="B. CARTWRIGHT (I) D" totalVotes="331">
            <VoteType name="Election Day" votes="161">
                <Precinct name="Alamo" votes="19" />
                <Precinct name="Glenwood" votes="142" />
            </VoteType>
            <VoteType name="Absentee by Mail" votes="31">
                <Precinct name="Alamo" votes="2" />
                <Precinct name="Glenwood" votes="29" />
            </VoteType>
            <VoteType name="Advance in Person" votes="138">
                <Precinct name="Alamo" votes="29" />
                <Precinct name="Glenwood" votes="109" />
            </VoteType>
            <VoteType name="Provisional" votes="1">
                <Precinct name="Alamo" votes="0" />
                <Precinct name="Glenwood" votes="1" />
            </VoteType>
        </Choice>
    </Contest>
    <Contest key="280" text="CC, D3" isQuestion="false" precinctsReporting="2" precinctsReported="2">
        <VoteType name="Number of Precincts for Race" votes="2">
            <Precinct name="Alamo" votes="1" />
            <Precinct name="Glenwood" votes="1" />
        </VoteType>
        <VoteType name="Number of Precincts Reporting" votes="2">
            <Precinct name="Alamo" votes="1" />
            <Precinct name="Glenwood" votes="1" />
        </VoteType>
        <Choice key="10" text="KEITH E MCNEAL (I) D" totalVotes="588">
            <VoteType name="Election Day" votes="265">
                <Precinct name="Alamo" votes="262" />
                <Precinct name="Glenwood" votes="3" />
            </VoteType>
            <VoteType name="Absentee by Mail" votes="22">
                <Precinct name="Alamo" votes="20" />
                <Precinct name="Glenwood" votes="2" />
            </VoteType>
            <VoteType name="Advance in Person" votes="301">
                <Precinct name="Alamo" votes="293" />
                <Precinct name="Glenwood" votes="8" />
            </VoteType>
            <VoteType name="Provisional" votes="0">
                <Precinct name="Alamo" votes="0" />
                <Precinct name="Glenwood" votes="0" />
            </VoteType>
        </Choice>
    </Contest>
    <Contest key="290" text="Constitutional Amendment #1&lt;br&gt;Provides greater flexibility and state accountability to fix failing schools through increasing community involvement." isQuestion="false" precinctsReporting="2" precinctsReported="2">
        <VoteType name="Number of Precincts for Race" votes="2">
            <Precinct name="Alamo" votes="1" />
            <Precinct name="Glenwood" votes="1" />
        </VoteType>
        <VoteType name="Number of Precincts Reporting" votes="2">
            <Precinct name="Alamo" votes="1" />
            <Precinct name="Glenwood" votes="1" />
        </VoteType>
        <Choice key="10" text="YES" totalVotes="650">
            <VoteType name="Election Day" votes="298">
                <Precinct name="Alamo" votes="170" />
                <Precinct name="Glenwood" votes="128" />
            </VoteType>
            <VoteType name="Absentee by Mail" votes="59">
                <Precinct name="Alamo" votes="24" />
                <Precinct name="Glenwood" votes="35" />
            </VoteType>
            <VoteType name="Advance in Person" votes="291">
                <Precinct name="Alamo" votes="185" />
                <Precinct name="Glenwood" votes="106" />
            </VoteType>
            <VoteType name="Provisional" votes="2">
                <Precinct name="Alamo" votes="0" />
                <Precinct name="Glenwood" votes="2" />
            </VoteType>
        </Choice>
        <Choice key="20" text="NO" totalVotes="1323">
            <VoteType name="Election Day" votes="635">
                <Precinct name="Alamo" votes="358" />
                <Precinct name="Glenwood" votes="277" />
            </VoteType>
            <VoteType name="Absentee by Mail" votes="87">
                <Precinct name="Alamo" votes="42" />
                <Precinct name="Glenwood" votes="45" />
            </VoteType>
            <VoteType name="Advance in Person" votes="599">
                <Precinct name="Alamo" votes="394" />
                <Precinct name="Glenwood" votes="205" />
            </VoteType>
            <VoteType name="Provisional" votes="2">
                <Precinct name="Alamo" votes="1" />
                <Precinct name="Glenwood" votes="1" />
            </VoteType>
        </Choice>
    </Contest>
    <Contest key="300" text="Constitutional Amendment #2&lt;br&gt;Authorizes penalties for sexual exploitation and assessments on adult entertainment to fund child victims' services." isQuestion="false" precinctsReporting="2" precinctsReported="2">
        <VoteType name="Number of Precincts for Race" votes="2">
            <Precinct name="Alamo" votes="1" />
            <Precinct name="Glenwood" votes="1" />
        </VoteType>
        <VoteType name="Number of Precincts Reporting" votes="2">
            <Precinct name="Alamo" votes="1" />
            <Precinct name="Glenwood" votes="1" />
        </VoteType>
        <Choice key="10" text="YES" totalVotes="1530">
            <VoteType name="Election Day" votes="731">
                <Precinct name="Alamo" votes="415" />
                <Precinct name="Glenwood" votes="316" />
            </VoteType>
            <VoteType name="Absentee by Mail" votes="121">
                <Precinct name="Alamo" votes="59" />
                <Precinct name="Glenwood" votes="62" />
            </VoteType>
            <VoteType name="Advance in Person" votes="675">
                <Precinct name="Alamo" votes="434" />
                <Precinct name="Glenwood" votes="241" />
            </VoteType>
            <VoteType name="Provisional" votes="3">
                <Precinct name="Alamo" votes="1" />
                <Precinct name="Glenwood" votes="2" />
            </VoteType>
        </Choice>
        <Choice key="20" text="NO" totalVotes="375">
            <VoteType name="Election Day" votes="171">
                <Precinct name="Alamo" votes="97" />
                <Precinct name="Glenwood" votes="74" />
            </VoteType>
            <VoteType name="Absentee by Mail" votes="16">
                <Precinct name="Alamo" votes="5" />
                <Precinct name="Glenwood" votes="11" />
            </VoteType>
            <VoteType name="Advance in Person" votes="188">
                <Precinct name="Alamo" votes="122" />
                <Precinct name="Glenwood" votes="66" />
            </VoteType>
            <VoteType name="Provisional" votes="0">
                <Precinct name="Alamo" votes="0" />
                <Precinct name="Glenwood" votes="0" />
            </VoteType>
        </Choice>
    </Contest>
    <Contest key="310" text="Constitutional Amendment #3&lt;br&gt;Reforms and re-establishes the Judicial Qualifications Commission and provides for its composition, governance, and powers." isQuestion="false" precinctsReporting="2" precinctsReported="2">
        <VoteType name="Number of Precincts for Race" votes="2">
            <Precinct name="Alamo" votes="1" />
            <Precinct name="Glenwood" votes="1" />
        </VoteType>
        <VoteType name="Number of Precincts Reporting" votes="2">
            <Precinct name="Alamo" votes="1" />
            <Precinct name="Glenwood" votes="1" />
        </VoteType>
        <Choice key="10" text="YES" totalVotes="1006">
            <VoteType name="Election Day" votes="467">
                <Precinct name="Alamo" votes="259" />
                <Precinct name="Glenwood" votes="208" />
            </VoteType>
            <VoteType name="Absentee by Mail" votes="65">
                <Precinct name="Alamo" votes="24" />
                <Precinct name="Glenwood" votes="41" />
            </VoteType>
            <VoteType name="Advance in Person" votes="472">
                <Precinct name="Alamo" votes="299" />
                <Precinct name="Glenwood" votes="173" />
            </VoteType>
            <VoteType name="Provisional" votes="2">
                <Precinct name="Alamo" votes="0" />
                <Precinct name="Glenwood" votes="2" />
            </VoteType>
        </Choice>
        <Choice key="20" text="NO" totalVotes="770">
            <VoteType name="Election Day" votes="376">
                <Precinct name="Alamo" votes="220" />
                <Precinct name="Glenwood" votes="156" />
            </VoteType>
            <VoteType name="Absentee by Mail" votes="64">
                <Precinct name="Alamo" votes="33" />
                <Precinct name="Glenwood" votes="31" />
            </VoteType>
            <VoteType name="Advance in Person" votes="329">
                <Precinct name="Alamo" votes="218" />
                <Precinct name="Glenwood" votes="111" />
            </VoteType>
            <VoteType name="Provisional" votes="1">
                <Precinct name="Alamo" votes="1" />
                <Precinct name="Glenwood" votes="0" />
            </VoteType>
        </Choice>
    </Contest>
    <Contest key="320" text="Constitutional Amendment #4&lt;br&gt;Dedicates revenue from existing taxes on fireworks to trauma care, fire services, and public safety." isQuestion="false" precinctsReporting="2" precinctsReported="2">
        <VoteType name="Number of Precincts for Race" votes="2">
            <Precinct name="Alamo" votes="1" />
            <Precinct name="Glenwood" votes="1" />
        </VoteType>
        <VoteType name="Number of Precincts Reporting" votes="2">
            <Precinct name="Alamo" votes="1" />
            <Precinct name="Glenwood" votes="1" />
        </VoteType>
        <Choice key="10" text="YES" totalVotes="1422">
            <VoteType name="Election Day" votes="668">
                <Precinct name="Alamo" votes="378" />
                <Precinct name="Glenwood" votes="290" />
            </VoteType>
            <VoteType name="Absentee by Mail" votes="109">
                <Precinct name="Alamo" votes="50" />
                <Precinct name="Glenwood" votes="59" />
            </VoteType>
            <VoteType name="Advance in Person" votes="642">
                <Precinct name="Alamo" votes="415" />
                <Precinct name="Glenwood" votes="227" />
            </VoteType>
            <VoteType name="Provisional" votes="3">
                <Precinct name="Alamo" votes="1" />
                <Precinct name="Glenwood" votes="2" />
            </VoteType>
        </Choice>
        <Choice key="20" text="NO" totalVotes="456">
            <VoteType name="Election Day" votes="215">
                <Precinct name="Alamo" votes="121" />
                <Precinct name="Glenwood" votes="94" />
            </VoteType>
            <VoteType name="Absentee by Mail" votes="32">
                <Precinct name="Alamo" votes="12" />
                <Precinct name="Glenwood" votes="20" />
            </VoteType>
            <VoteType name="Advance in Person" votes="209">
                <Precinct name="Alamo" votes="139" />
                <Precinct name="Glenwood" votes="70" />
            </VoteType>
            <VoteType name="Provisional" votes="0">
                <Precinct name="Alamo" votes="0" />
                <Precinct name="Glenwood" votes="0" />
            </VoteType>
        </Choice>
    </Contest>
    <Contest key="330" text="SPLOST" isQuestion="false" precinctsReporting="2" precinctsReported="2">
        <VoteType name="Number of Precincts for Race" votes="2">
            <Precinct name="Alamo" votes="1" />
            <Precinct name="Glenwood" votes="1" />
        </VoteType>
        <VoteType name="Number of Precincts Reporting" votes="2">
            <Precinct name="Alamo" votes="1" />
            <Precinct name="Glenwood" votes="1" />
        </VoteType>
        <Choice key="10" text="YES" totalVotes="1117">
            <VoteType name="Election Day" votes="505">
                <Precinct name="Alamo" votes="267" />
                <Precinct name="Glenwood" votes="238" />
            </VoteType>
            <VoteType name="Absentee by Mail" votes="91">
                <Precinct name="Alamo" votes="43" />
                <Precinct name="Glenwood" votes="48" />
            </VoteType>
            <VoteType name="Advance in Person" votes="519">
                <Precinct name="Alamo" votes="328" />
                <Precinct name="Glenwood" votes="191" />
            </VoteType>
            <VoteType name="Provisional" votes="2">
                <Precinct name="Alamo" votes="1" />
                <Precinct name="Glenwood" votes="1" />
            </VoteType>
        </Choice>
        <Choice key="20" text="NO" totalVotes="835">
            <VoteType name="Election Day" votes="409">
                <Precinct name="Alamo" votes="250" />
                <Precinct name="Glenwood" votes="159" />
            </VoteType>
            <VoteType name="Absentee by Mail" votes="52">
                <Precinct name="Alamo" votes="22" />
                <Precinct name="Glenwood" votes="30" />
            </VoteType>
            <VoteType name="Advance in Person" votes="373">
                <Precinct name="Alamo" votes="245" />
                <Precinct name="Glenwood" votes="128" />
            </VoteType>
            <VoteType name="Provisional" votes="1">
                <Precinct name="Alamo" votes="0" />
                <Precinct name="Glenwood" votes="1" />
            </VoteType>
        </Choice>
    </Contest>
</ElectionResult>