"line number","contest name","choice name","party name","total votes","percent of votes","registered voters","ballots cast","num Precinct total","num Precinct rptg","over votes","under votes"
1,"President of the United States","DONALD J. TRUMP","",1951,50.56,5295,3888,5,5,"0","0"
2,"President of the United States","HILLARY CLINTON","",1872,48.51,5295,3888,5,5,"0","0"
3,"President of the United States","GARY JOHNSON","",36,0.93,5295,3888,5,5,"0","0"
4,"United States Senator, Isakson","JOHNNY ISAKSON (I)","",2022,57.23,5295,3888,5,5,"0","0"
5,"United States Senator, Isakson","JIM BARKSDALE","",1441,40.79,5295,3888,5,5,"0","0"
6,"United States Senator, Isakson","ALLEN BUCKLEY","",70,1.98,5295,3888,5,5,"0","0"
7,"Public Service Commission, District 2 - Eastern","TIM ECHOLS (I)","",2103,69.73,5295,3888,5,5,"0","0"
8,"Public Service Commission, District 2 - Eastern","ERIC HOSKINS","",913,30.27,5295,3888,5,5,"0","0"
9,"U.S. Representative, District 2","GREG DUKE","",1490,40.69,5295,3888,5,5,"0","0"
10,"U.S. Representative, District 2","SANFORD BISHOP (I)","",2172,59.31,5295,3888,5,5,"0","0"
11,"State Senator, District 13","GREG KIRK (I)","",1972,56.21,5295,3888,5,5,"0","0"
12,"State Senator, District 13","RUENETTE MELTON","",1536,43.79,5295,3888,5,5,"0","0"
13,"State Representative, District 139","PATTY J. BENTLEY (I) (DEM)","",2885,100.00,5295,3888,5,5,"0","0"
14,"District Attorney, Cordele Circuit","BRADFORD L RIGBY","",2654,100.00,5295,3888,5,5,"0","0"
15,"JUDGE PROBATE CT","R. BOWEN III (I) D","",3323,100.00,5295,3888,5,5,"0","0"
16,"CLERK SUPERIOR CT","R. F. CHILDS (D)","",3173,100.00,5295,3888,5,5,"0","0"
17,"SHERIFF","C. PEAVY (I) D","",3395,100.00,5295,3888,5,5,"0","0"
18,"TAX COMMISSIONER","FAYE J. MIXON (I) D","",3319,100.00,5295,3888,5,5,"0","0"
19,"CORONER","M. BOWEN (I) (R)","",2798,100.00,5295,3888,5,5,"0","0"
20,"CC D1","T. L. LESTER (D)","",607,100.00,1072,750,1,1,"0","0"
21,"CC D3","E. CASON (I) D","",666,100.00,1092,781,1,1,"0","0"
22,"BOE D1","C. JONES (D)","",588,100.00,1072,750,1,1,"0","0"
23,"BOE D5","K. TAYLOR (D)","",576,100.00,1068,793,2,2,"0","0"
24,"Constitutional Amendment #1<br>Provides greater flexibility and state accountability to fix failing schools through increasing community involvement.","YES","",1877,51.78,5295,3888,5,5,"0","0"
25,"Constitutional Amendment #1<br>Provides greater flexibility and state accountability to fix failing schools through increasing community involvement.","NO","",1748,48.22,5295,3888,5,5,"0","0"
26,"Constitutional Amendment #2<br>Authorizes penalties for sexual exploitation and assessments on adult entertainment to fund child victims' services.","YES","",2827,80.27,5295,3888,5,5,"0","0"
27,"Constitutional Amendment #2<br>Authorizes penalties for sexual exploitation and assessments on adult entertainment to fund child victims' services.","NO","",695,19.73,5295,3888,5,5,"0","0"
28,"Constitutional Amendment #3<br>Reforms and re-establishes the Judicial Qualifications Commission and provides for its composition, governance, and powers.","YES","",2122,63.93,5295,3888,5,5,"0","0"
29,"Constitutional Amendment #3<br>Reforms and re-establishes the Judicial Qualifications Commission and provides for its composition, governance, and powers.","NO","",1197,36.07,5295,3888,5,5,"0","0"
30,"Constitutional Amendment #4<br>Dedicates revenue from existing taxes on fireworks to trauma care, fire services, and public safety.","YES","",2696,77.14,5295,3888,5,5,"0","0"
31,"Constitutional Amendment #4<br>Dedicates revenue from existing taxes on fireworks to trauma care, fire services, and public safety.","NO","",799,22.86,5295,3888,5,5,"0","0"
