"line number","contest name","choice name","party name","total votes","percent of votes","registered voters","ballots cast","num Precinct total","num Precinct rptg","over votes","under votes"
1,"President of the United States","DONALD J. TRUMP","",2716,74.11,4963,3693,8,8,"0","0"
2,"President of the United States","HILLARY CLINTON","",891,24.31,4963,3693,8,8,"0","0"
3,"President of the United States","GARY JOHNSON","",58,1.58,4963,3693,8,8,"0","0"
4,"United States Senator, Isakson","JOHNNY ISAKSON (I)","",2581,75.23,4963,3693,8,8,"0","0"
5,"United States Senator, Isakson","JIM BARKSDALE","",762,22.21,4963,3693,8,8,"0","0"
6,"United States Senator, Isakson","ALLEN BUCKLEY","",88,2.56,4963,3693,8,8,"0","0"
7,"Public Service Commission, District 2 - Eastern","TIM ECHOLS (I)","",2687,83.42,4963,3693,8,8,"0","0"
8,"Public Service Commission, District 2 - Eastern","ERIC HOSKINS","",534,16.58,4963,3693,8,8,"0","0"
9,"U.S. Representative, District 8","AUSTIN SCOTT (I)","",2729,76.98,4963,3693,8,8,"0","0"
10,"U.S. Representative, District 8","JAMES NEAL HARRIS","",816,23.02,4963,3693,8,8,"0","0"
11,"State Senator, District 7","TYLER HARPER (I)","",3086,100.00,4963,3693,8,8,"0","0"
12,"State Representative, District 155","CLAY PIRKLE (I)","",3028,100.00,4963,3693,8,8,"0","0"
13,"District Attorney, Tifton Circuit","PAUL BOWDEN (I) (REP)","",3042,100.00,4963,3693,8,8,"0","0"
14,"SUPERIOR COURT CLERK","N. ROSS (I) IN","",3229,100.00,4963,3693,8,8,"0","0"
15,"SHERIFF","D. YOUGHN (I) D","",2917,81.43,4963,3693,8,8,"0","0"
16,"SHERIFF","E. LAWTON (IN)","",665,18.57,4963,3693,8,8,"0","0"
17,"TAX COMMISSIONER","S. JOHNSON (I) R","",3185,100.00,4963,3693,8,8,"0","0"
18,"CORONER","B. FLETCHER (R)","",3043,100.00,4963,3693,8,8,"0","0"
19,"CHAIR CC","J. WHITLEY (I) D","",3114,100.00,4963,3693,8,8,"0","0"
20,"CC, D1","B. ZORN (I) R","",716,73.44,1320,1015,4,4,"0","0"
21,"CC, D1","E. REEVES (D)","",259,26.56,1320,1015,4,4,"0","0"
22,"CC, D3","A. TYSON (I) D","",731,100.00,1240,871,3,3,"0","0"
23,"Constitutional Amendment #1<br>Provides greater flexibility and state accountability to fix failing schools through increasing community involvement.","YES","",960,26.67,4963,3693,8,8,"0","0"
24,"Constitutional Amendment #1<br>Provides greater flexibility and state accountability to fix failing schools through increasing community involvement.","NO","",2640,73.33,4963,3693,8,8,"0","0"
25,"Constitutional Amendment #2<br>Authorizes penalties for sexual exploitation and assessments on adult entertainment to fund child victims' services.","YES","",2709,77.96,4963,3693,8,8,"0","0"
26,"Constitutional Amendment #2<br>Authorizes penalties for sexual exploitation and assessments on adult entertainment to fund child victims' services.","NO","",766,22.04,4963,3693,8,8,"0","0"
27,"Constitutional Amendment #3<br>Reforms and re-establishes the Judicial Qualifications Commission and provides for its composition, governance, and powers.","YES","",1792,53.99,4963,3693,8,8,"0","0"
28,"Constitutional Amendment #3<br>Reforms and re-establishes the Judicial Qualifications Commission and provides for its composition, governance, and powers.","NO","",1527,46.01,4963,3693,8,8,"0","0"
29,"Constitutional Amendment #4<br>Dedicates revenue from existing taxes on fireworks to trauma care, fire services, and public safety.","YES","",2598,75.28,4963,3693,8,8,"0","0"
30,"Constitutional Amendment #4<br>Dedicates revenue from existing taxes on fireworks to trauma care, fire services, and public safety.","NO","",853,24.72,4963,3693,8,8,"0","0"
31,"INDUSTRY DEVELOPMENT","YES","",2310,69.16,4963,3693,8,8,"0","0"
32,"INDUSTRY DEVELOPMENT","NO","",1030,30.84,4963,3693,8,8,"0","0"
