<?xml version="1.0"?>
<!--Election result snapshot imported from Tabulation System
-->
<ElectionResult>
    <Timestamp>11/15/2016 4:07:14 PM EST</Timestamp>
    <ElectionName>November 8, 2016 - General Election</ElectionName>
    <ElectionDate>11/8/2016</ElectionDate>
    <Region>Brantley</Region>
    <VoterTurnout totalVoters="8304" ballotsCast="6341" voterTurnout="76.36">
        <Precincts>
            <Precinct name="Hoboken" totalVoters="2565" ballotsCast="2051" voterTurnout="79.96" percentReporting="4" />
            <Precinct name="Nahunta" totalVoters="3046" ballotsCast="2352" voterTurnout="77.22" percentReporting="4" />
            <Precinct name="Waynesville" totalVoters="2693" ballotsCast="1938" voterTurnout="71.96" percentReporting="4" />
        </Precincts>
    </VoterTurnout>
    <Contest key="1" text="President of the United States" isQuestion="false" precinctsReporting="3" precinctsReported="3">
        <VoteType name="Number of Precincts for Race" votes="3">
            <Precinct name="Hoboken" votes="1" />
            <Precinct name="Nahunta" votes="1" />
            <Precinct name="Waynesville" votes="1" />
        </VoteType>
        <VoteType name="Number of Precincts Reporting" votes="3">
            <Precinct name="Hoboken" votes="1" />
            <Precinct name="Nahunta" votes="1" />
            <Precinct name="Waynesville" votes="1" />
        </VoteType>
        <Choice key="10" text="DONALD J. TRUMP" totalVotes="5567">
            <VoteType name="Election Day" votes="2510">
                <Precinct name="Hoboken" votes="931" />
                <Precinct name="Nahunta" votes="715" />
                <Precinct name="Waynesville" votes="864" />
            </VoteType>
            <VoteType name="Absentee by Mail" votes="200">
                <Precinct name="Hoboken" votes="60" />
                <Precinct name="Nahunta" votes="83" />
                <Precinct name="Waynesville" votes="57" />
            </VoteType>
            <VoteType name="Advance in Person" votes="2851">
                <Precinct name="Hoboken" votes="870" />
                <Precinct name="Nahunta" votes="1220" />
                <Precinct name="Waynesville" votes="761" />
            </VoteType>
            <VoteType name="Provisional" votes="6">
                <Precinct name="Hoboken" votes="2" />
                <Precinct name="Nahunta" votes="3" />
                <Precinct name="Waynesville" votes="1" />
            </VoteType>
        </Choice>
        <Choice key="20" text="HILLARY CLINTON" totalVotes="619">
            <VoteType name="Election Day" votes="304">
                <Precinct name="Hoboken" votes="75" />
                <Precinct name="Nahunta" votes="104" />
                <Precinct name="Waynesville" votes="125" />
            </VoteType>
            <VoteType name="Absentee by Mail" votes="42">
                <Precinct name="Hoboken" votes="12" />
                <Precinct name="Nahunta" votes="16" />
                <Precinct name="Waynesville" votes="14" />
            </VoteType>
            <VoteType name="Advance in Person" votes="273">
                <Precinct name="Hoboken" votes="48" />
                <Precinct name="Nahunta" votes="154" />
                <Precinct name="Waynesville" votes="71" />
            </VoteType>
            <VoteType name="Provisional" votes="0">
                <Precinct name="Hoboken" votes="0" />
                <Precinct name="Nahunta" votes="0" />
                <Precinct name="Waynesville" votes="0" />
            </VoteType>
        </Choice>
        <Choice key="30" text="GARY JOHNSON" totalVotes="106">
            <VoteType name="Election Day" votes="66">
                <Precinct name="Hoboken" votes="33" />
                <Precinct name="Nahunta" votes="11" />
                <Precinct name="Waynesville" votes="22" />
            </VoteType>
            <VoteType name="Absentee by Mail" votes="5">
                <Precinct name="Hoboken" votes="2" />
                <Precinct name="Nahunta" votes="1" />
                <Precinct name="Waynesville" votes="2" />
            </VoteType>
            <VoteType name="Advance in Person" votes="34">
                <Precinct name="Hoboken" votes="8" />
                <Precinct name="Nahunta" votes="19" />
                <Precinct name="Waynesville" votes="7" />
            </VoteType>
            <VoteType name="Provisional" votes="1">
                <Precinct name="Hoboken" votes="1" />
                <Precinct name="Nahunta" votes="0" />
                <Precinct name="Waynesville" votes="0" />
            </VoteType>
        </Choice>
    </Contest>
    <Contest key="10" text="United States Senator, Isakson" isQuestion="false" precinctsReporting="3" precinctsReported="3">
        <VoteType name="Number of Precincts for Race" votes="3">
            <Precinct name="Hoboken" votes="1" />
            <Precinct name="Nahunta" votes="1" />
            <Precinct name="Waynesville" votes="1" />
        </VoteType>
        <VoteType name="Number of Precincts Reporting" votes="3">
            <Precinct name="Hoboken" votes="1" />
            <Precinct name="Nahunta" votes="1" />
            <Precinct name="Waynesville" votes="1" />
        </VoteType>
        <Choice key="30" text="JOHNNY ISAKSON (I)" totalVotes="4844">
            <VoteType name="Election Day" votes="2160">
                <Precinct name="Hoboken" votes="810" />
                <Precinct name="Nahunta" votes="595" />
                <Precinct name="Waynesville" votes="755" />
            </VoteType>
            <VoteType name="Absentee by Mail" votes="188">
                <Precinct name="Hoboken" votes="60" />
                <Precinct name="Nahunta" votes="77" />
                <Precinct name="Waynesville" votes="51" />
            </VoteType>
            <VoteType name="Advance in Person" votes="2491">
                <Precinct name="Hoboken" votes="763" />
                <Precinct name="Nahunta" votes="1062" />
                <Precinct name="Waynesville" votes="666" />
            </VoteType>
            <VoteType name="Provisional" votes="5">
                <Precinct name="Hoboken" votes="1" />
                <Precinct name="Nahunta" votes="3" />
                <Precinct name="Waynesville" votes="1" />
            </VoteType>
        </Choice>
        <Choice key="40" text="JIM BARKSDALE" totalVotes="611">
            <VoteType name="Election Day" votes="311">
                <Precinct name="Hoboken" votes="73" />
                <Precinct name="Nahunta" votes="102" />
                <Precinct name="Waynesville" votes="136" />
            </VoteType>
            <VoteType name="Absentee by Mail" votes="32">
                <Precinct name="Hoboken" votes="7" />
                <Precinct name="Nahunta" votes="12" />
                <Precinct name="Waynesville" votes="13" />
            </VoteType>
            <VoteType name="Advance in Person" votes="266">
                <Precinct name="Hoboken" votes="55" />
                <Precinct name="Nahunta" votes="144" />
                <Precinct name="Waynesville" votes="67" />
            </VoteType>
            <VoteType name="Provisional" votes="2">
                <Precinct name="Hoboken" votes="2" />
                <Precinct name="Nahunta" votes="0" />
                <Precinct name="Waynesville" votes="0" />
            </VoteType>
        </Choice>
        <Choice key="50" text="ALLEN BUCKLEY" totalVotes="244">
            <VoteType name="Election Day" votes="139">
                <Precinct name="Hoboken" votes="47" />
                <Precinct name="Nahunta" votes="48" />
                <Precinct name="Waynesville" votes="44" />
            </VoteType>
            <VoteType name="Absentee by Mail" votes="8">
                <Precinct name="Hoboken" votes="0" />
                <Precinct name="Nahunta" votes="5" />
                <Precinct name="Waynesville" votes="3" />
            </VoteType>
            <VoteType name="Advance in Person" votes="97">
                <Precinct name="Hoboken" votes="24" />
                <Precinct name="Nahunta" votes="46" />
                <Precinct name="Waynesville" votes="27" />
            </VoteType>
            <VoteType name="Provisional" votes="0">
                <Precinct name="Hoboken" votes="0" />
                <Precinct name="Nahunta" votes="0" />
                <Precinct name="Waynesville" votes="0" />
            </VoteType>
        </Choice>
    </Contest>
    <Contest key="30" text="Public Service Commission, District 2 - Eastern" isQuestion="false" precinctsReporting="3" precinctsReported="3">
        <VoteType name="Number of Precincts for Race" votes="3">
            <Precinct name="Hoboken" votes="1" />
            <Precinct name="Nahunta" votes="1" />
            <Precinct name="Waynesville" votes="1" />
        </VoteType>
        <VoteType name="Number of Precincts Reporting" votes="3">
            <Precinct name="Hoboken" votes="1" />
            <Precinct name="Nahunta" votes="1" />
            <Precinct name="Waynesville" votes="1" />
        </VoteType>
        <Choice key="20" text="TIM ECHOLS (I)" totalVotes="5061">
            <VoteType name="Election Day" votes="2264">
                <Precinct name="Hoboken" votes="835" />
                <Precinct name="Nahunta" votes="634" />
                <Precinct name="Waynesville" votes="795" />
            </VoteType>
            <VoteType name="Absentee by Mail" votes="190">
                <Precinct name="Hoboken" votes="58" />
                <Precinct name="Nahunta" votes="79" />
                <Precinct name="Waynesville" votes="53" />
            </VoteType>
            <VoteType name="Advance in Person" votes="2601">
                <Precinct name="Hoboken" votes="791" />
                <Precinct name="Nahunta" votes="1127" />
                <Precinct name="Waynesville" votes="683" />
            </VoteType>
            <VoteType name="Provisional" votes="6">
                <Precinct name="Hoboken" votes="3" />
                <Precinct name="Nahunta" votes="3" />
                <Precinct name="Waynesville" votes="0" />
            </VoteType>
        </Choice>
        <Choice key="30" text="ERIC HOSKINS" totalVotes="617">
            <VoteType name="Election Day" votes="346">
                <Precinct name="Hoboken" votes="98" />
                <Precinct name="Nahunta" votes="101" />
                <Precinct name="Waynesville" votes="147" />
            </VoteType>
            <VoteType name="Absentee by Mail" votes="25">
                <Precinct name="Hoboken" votes="3" />
                <Precinct name="Nahunta" votes="12" />
                <Precinct name="Waynesville" votes="10" />
            </VoteType>
            <VoteType name="Advance in Person" votes="245">
                <Precinct name="Hoboken" votes="54" />
                <Precinct name="Nahunta" votes="121" />
                <Precinct name="Waynesville" votes="70" />
            </VoteType>
            <VoteType name="Provisional" votes="1">
                <Precinct name="Hoboken" votes="0" />
                <Precinct name="Nahunta" votes="0" />
                <Precinct name="Waynesville" votes="1" />
            </VoteType>
        </Choice>
    </Contest>
    <Contest key="41" text="U.S. Representative, District 1" isQuestion="false" precinctsReporting="3" precinctsReported="3">
        <VoteType name="Number of Precincts for Race" votes="3">
            <Precinct name="Hoboken" votes="1" />
            <Precinct name="Nahunta" votes="1" />
            <Precinct name="Waynesville" votes="1" />
        </VoteType>
        <VoteType name="Number of Precincts Reporting" votes="3">
            <Precinct name="Hoboken" votes="1" />
            <Precinct name="Nahunta" votes="1" />
            <Precinct name="Waynesville" votes="1" />
        </VoteType>
        <Choice key="10" text="EARL “BUDDY” CARTER (I)" totalVotes="5446">
            <VoteType name="Election Day" votes="2493">
                <Precinct name="Hoboken" votes="892" />
                <Precinct name="Nahunta" votes="702" />
                <Precinct name="Waynesville" votes="899" />
            </VoteType>
            <VoteType name="Absentee by Mail" votes="197">
                <Precinct name="Hoboken" votes="57" />
                <Precinct name="Nahunta" votes="84" />
                <Precinct name="Waynesville" votes="56" />
            </VoteType>
            <VoteType name="Advance in Person" votes="2749">
                <Precinct name="Hoboken" votes="827" />
                <Precinct name="Nahunta" votes="1192" />
                <Precinct name="Waynesville" votes="730" />
            </VoteType>
            <VoteType name="Provisional" votes="7">
                <Precinct name="Hoboken" votes="3" />
                <Precinct name="Nahunta" votes="3" />
                <Precinct name="Waynesville" votes="1" />
            </VoteType>
        </Choice>
    </Contest>
    <Contest key="50" text="State Senator, District 3" isQuestion="false" precinctsReporting="3" precinctsReported="3">
        <VoteType name="Number of Precincts for Race" votes="3">
            <Precinct name="Hoboken" votes="1" />
            <Precinct name="Nahunta" votes="1" />
            <Precinct name="Waynesville" votes="1" />
        </VoteType>
        <VoteType name="Number of Precincts Reporting" votes="3">
            <Precinct name="Hoboken" votes="1" />
            <Precinct name="Nahunta" votes="1" />
            <Precinct name="Waynesville" votes="1" />
        </VoteType>
        <Choice key="10" text="WILLIAM LIGON JR (I) (REP)" totalVotes="5300">
            <VoteType name="Election Day" votes="2433">
                <Precinct name="Hoboken" votes="854" />
                <Precinct name="Nahunta" votes="686" />
                <Precinct name="Waynesville" votes="893" />
            </VoteType>
            <VoteType name="Absentee by Mail" votes="188">
                <Precinct name="Hoboken" votes="53" />
                <Precinct name="Nahunta" votes="82" />
                <Precinct name="Waynesville" votes="53" />
            </VoteType>
            <VoteType name="Advance in Person" votes="2674">
                <Precinct name="Hoboken" votes="804" />
                <Precinct name="Nahunta" votes="1148" />
                <Precinct name="Waynesville" votes="722" />
            </VoteType>
            <VoteType name="Provisional" votes="5">
                <Precinct name="Hoboken" votes="2" />
                <Precinct name="Nahunta" votes="2" />
                <Precinct name="Waynesville" votes="1" />
            </VoteType>
        </Choice>
    </Contest>
    <Contest key="60" text="State Representative, District 178" isQuestion="false" precinctsReporting="3" precinctsReported="3">
        <VoteType name="Number of Precincts for Race" votes="3">
            <Precinct name="Hoboken" votes="1" />
            <Precinct name="Nahunta" votes="1" />
            <Precinct name="Waynesville" votes="1" />
        </VoteType>
        <VoteType name="Number of Precincts Reporting" votes="3">
            <Precinct name="Hoboken" votes="1" />
            <Precinct name="Nahunta" votes="1" />
            <Precinct name="Waynesville" votes="1" />
        </VoteType>
        <Choice key="10" text="CHAD NIMMER (I)" totalVotes="5404">
            <VoteType name="Election Day" votes="2484">
                <Precinct name="Hoboken" votes="904" />
                <Precinct name="Nahunta" votes="698" />
                <Precinct name="Waynesville" votes="882" />
            </VoteType>
            <VoteType name="Absentee by Mail" votes="198">
                <Precinct name="Hoboken" votes="56" />
                <Precinct name="Nahunta" votes="87" />
                <Precinct name="Waynesville" votes="55" />
            </VoteType>
            <VoteType name="Advance in Person" votes="2718">
                <Precinct name="Hoboken" votes="817" />
                <Precinct name="Nahunta" votes="1188" />
                <Precinct name="Waynesville" votes="713" />
            </VoteType>
            <VoteType name="Provisional" votes="4">
                <Precinct name="Hoboken" votes="1" />
                <Precinct name="Nahunta" votes="2" />
                <Precinct name="Waynesville" votes="1" />
            </VoteType>
        </Choice>
    </Contest>
    <Contest key="90" text="CLERK, SUPERIOR COURT" isQuestion="false" precinctsReporting="3" precinctsReported="3">
        <VoteType name="Number of Precincts for Race" votes="3">
            <Precinct name="Hoboken" votes="1" />
            <Precinct name="Nahunta" votes="1" />
            <Precinct name="Waynesville" votes="1" />
        </VoteType>
        <VoteType name="Number of Precincts Reporting" votes="3">
            <Precinct name="Hoboken" votes="1" />
            <Precinct name="Nahunta" votes="1" />
            <Precinct name="Waynesville" votes="1" />
        </VoteType>
        <Choice key="20" text="D. SIRMANS (R)" totalVotes="5525">
            <VoteType name="Election Day" votes="2524">
                <Precinct name="Hoboken" votes="879" />
                <Precinct name="Nahunta" votes="734" />
                <Precinct name="Waynesville" votes="911" />
            </VoteType>
            <VoteType name="Absentee by Mail" votes="208">
                <Precinct name="Hoboken" votes="59" />
                <Precinct name="Nahunta" votes="90" />
                <Precinct name="Waynesville" votes="59" />
            </VoteType>
            <VoteType name="Advance in Person" votes="2789">
                <Precinct name="Hoboken" votes="825" />
                <Precinct name="Nahunta" votes="1225" />
                <Precinct name="Waynesville" votes="739" />
            </VoteType>
            <VoteType name="Provisional" votes="4">
                <Precinct name="Hoboken" votes="1" />
                <Precinct name="Nahunta" votes="2" />
                <Precinct name="Waynesville" votes="1" />
            </VoteType>
        </Choice>
    </Contest>
    <Contest key="110" text="SHERIFF" isQuestion="false" precinctsReporting="3" precinctsReported="3">
        <VoteType name="Number of Precincts for Race" votes="3">
            <Precinct name="Hoboken" votes="1" />
            <Precinct name="Nahunta" votes="1" />
            <Precinct name="Waynesville" votes="1" />
        </VoteType>
        <VoteType name="Number of Precincts Reporting" votes="3">
            <Precinct name="Hoboken" votes="1" />
            <Precinct name="Nahunta" votes="1" />
            <Precinct name="Waynesville" votes="1" />
        </VoteType>
        <Choice key="10" text="L. DAVIS (R)" totalVotes="5171">
            <VoteType name="Election Day" votes="2311">
                <Precinct name="Hoboken" votes="843" />
                <Precinct name="Nahunta" votes="646" />
                <Precinct name="Waynesville" votes="822" />
            </VoteType>
            <VoteType name="Absentee by Mail" votes="206">
                <Precinct name="Hoboken" votes="62" />
                <Precinct name="Nahunta" votes="86" />
                <Precinct name="Waynesville" votes="58" />
            </VoteType>
            <VoteType name="Advance in Person" votes="2649">
                <Precinct name="Hoboken" votes="805" />
                <Precinct name="Nahunta" votes="1141" />
                <Precinct name="Waynesville" votes="703" />
            </VoteType>
            <VoteType name="Provisional" votes="5">
                <Precinct name="Hoboken" votes="1" />
                <Precinct name="Nahunta" votes="3" />
                <Precinct name="Waynesville" votes="1" />
            </VoteType>
        </Choice>
        <Choice key="20" text="C. ALLEN (D)" totalVotes="976">
            <VoteType name="Election Day" votes="505">
                <Precinct name="Hoboken" votes="163" />
                <Precinct name="Nahunta" votes="171" />
                <Precinct name="Waynesville" votes="171" />
            </VoteType>
            <VoteType name="Absentee by Mail" votes="30">
                <Precinct name="Hoboken" votes="5" />
                <Precinct name="Nahunta" votes="15" />
                <Precinct name="Waynesville" votes="10" />
            </VoteType>
            <VoteType name="Advance in Person" votes="439">
                <Precinct name="Hoboken" votes="96" />
                <Precinct name="Nahunta" votes="234" />
                <Precinct name="Waynesville" votes="109" />
            </VoteType>
            <VoteType name="Provisional" votes="2">
                <Precinct name="Hoboken" votes="2" />
                <Precinct name="Nahunta" votes="0" />
                <Precinct name="Waynesville" votes="0" />
            </VoteType>
        </Choice>
    </Contest>
    <Contest key="130" text="TAX COMMISSIONER" isQuestion="false" precinctsReporting="3" precinctsReported="3">
        <VoteType name="Number of Precincts for Race" votes="3">
            <Precinct name="Hoboken" votes="1" />
            <Precinct name="Nahunta" votes="1" />
            <Precinct name="Waynesville" votes="1" />
        </VoteType>
        <VoteType name="Number of Precincts Reporting" votes="3">
            <Precinct name="Hoboken" votes="1" />
            <Precinct name="Nahunta" votes="1" />
            <Precinct name="Waynesville" votes="1" />
        </VoteType>
        <Choice key="10" text="P. D. TOMPKINS (I) R" totalVotes="5521">
            <VoteType name="Election Day" votes="2545">
                <Precinct name="Hoboken" votes="904" />
                <Precinct name="Nahunta" votes="730" />
                <Precinct name="Waynesville" votes="911" />
            </VoteType>
            <VoteType name="Absentee by Mail" votes="204">
                <Precinct name="Hoboken" votes="61" />
                <Precinct name="Nahunta" votes="88" />
                <Precinct name="Waynesville" votes="55" />
            </VoteType>
            <VoteType name="Advance in Person" votes="2766">
                <Precinct name="Hoboken" votes="817" />
                <Precinct name="Nahunta" votes="1214" />
                <Precinct name="Waynesville" votes="735" />
            </VoteType>
            <VoteType name="Provisional" votes="6">
                <Precinct name="Hoboken" votes="2" />
                <Precinct name="Nahunta" votes="3" />
                <Precinct name="Waynesville" votes="1" />
            </VoteType>
        </Choice>
    </Contest>
    <Contest key="150" text="SURVEYOR" isQuestion="false" precinctsReporting="3" precinctsReported="3">
        <VoteType name="Number of Precincts for Race" votes="3">
            <Precinct name="Hoboken" votes="1" />
            <Precinct name="Nahunta" votes="1" />
            <Precinct name="Waynesville" votes="1" />
        </VoteType>
        <VoteType name="Number of Precincts Reporting" votes="3">
            <Precinct name="Hoboken" votes="1" />
            <Precinct name="Nahunta" votes="1" />
            <Precinct name="Waynesville" votes="1" />
        </VoteType>
        <Choice key="10" text="H. A STRICKLAND (I)R" totalVotes="5468">
            <VoteType name="Election Day" votes="2495">
                <Precinct name="Hoboken" votes="884" />
                <Precinct name="Nahunta" votes="715" />
                <Precinct name="Waynesville" votes="896" />
            </VoteType>
            <VoteType name="Absentee by Mail" votes="200">
                <Precinct name="Hoboken" votes="58" />
                <Precinct name="Nahunta" votes="86" />
                <Precinct name="Waynesville" votes="56" />
            </VoteType>
            <VoteType name="Advance in Person" votes="2768">
                <Precinct name="Hoboken" votes="813" />
                <Precinct name="Nahunta" votes="1220" />
                <Precinct name="Waynesville" votes="735" />
            </VoteType>
            <VoteType name="Provisional" votes="5">
                <Precinct name="Hoboken" votes="1" />
                <Precinct name="Nahunta" votes="3" />
                <Precinct name="Waynesville" votes="1" />
            </VoteType>
        </Choice>
    </Contest>
    <Contest key="170" text="CORONER" isQuestion="false" precinctsReporting="3" precinctsReported="3">
        <VoteType name="Number of Precincts for Race" votes="3">
            <Precinct name="Hoboken" votes="1" />
            <Precinct name="Nahunta" votes="1" />
            <Precinct name="Waynesville" votes="1" />
        </VoteType>
        <VoteType name="Number of Precincts Reporting" votes="3">
            <Precinct name="Hoboken" votes="1" />
            <Precinct name="Nahunta" votes="1" />
            <Precinct name="Waynesville" votes="1" />
        </VoteType>
        <Choice key="10" text="W. BLOUNT (R)" totalVotes="5455">
            <VoteType name="Election Day" votes="2529">
                <Precinct name="Hoboken" votes="896" />
                <Precinct name="Nahunta" votes="743" />
                <Precinct name="Waynesville" votes="890" />
            </VoteType>
            <VoteType name="Absentee by Mail" votes="204">
                <Precinct name="Hoboken" votes="63" />
                <Precinct name="Nahunta" votes="84" />
                <Precinct name="Waynesville" votes="57" />
            </VoteType>
            <VoteType name="Advance in Person" votes="2716">
                <Precinct name="Hoboken" votes="801" />
                <Precinct name="Nahunta" votes="1177" />
                <Precinct name="Waynesville" votes="738" />
            </VoteType>
            <VoteType name="Provisional" votes="6">
                <Precinct name="Hoboken" votes="2" />
                <Precinct name="Nahunta" votes="3" />
                <Precinct name="Waynesville" votes="1" />
            </VoteType>
        </Choice>
    </Contest>
    <Contest key="190" text="CC CHAIRMAN, P1" isQuestion="false" precinctsReporting="3" precinctsReported="3">
        <VoteType name="Number of Precincts for Race" votes="3">
            <Precinct name="Hoboken" votes="1" />
            <Precinct name="Nahunta" votes="1" />
            <Precinct name="Waynesville" votes="1" />
        </VoteType>
        <VoteType name="Number of Precincts Reporting" votes="3">
            <Precinct name="Hoboken" votes="1" />
            <Precinct name="Nahunta" votes="1" />
            <Precinct name="Waynesville" votes="1" />
        </VoteType>
        <Choice key="20" text="C. HARRIS (R)" totalVotes="5323">
            <VoteType name="Election Day" votes="2484">
                <Precinct name="Hoboken" votes="897" />
                <Precinct name="Nahunta" votes="708" />
                <Precinct name="Waynesville" votes="879" />
            </VoteType>
            <VoteType name="Absentee by Mail" votes="185">
                <Precinct name="Hoboken" votes="51" />
                <Precinct name="Nahunta" votes="77" />
                <Precinct name="Waynesville" votes="57" />
            </VoteType>
            <VoteType name="Advance in Person" votes="2648">
                <Precinct name="Hoboken" votes="797" />
                <Precinct name="Nahunta" votes="1147" />
                <Precinct name="Waynesville" votes="704" />
            </VoteType>
            <VoteType name="Provisional" votes="6">
                <Precinct name="Hoboken" votes="2" />
                <Precinct name="Nahunta" votes="3" />
                <Precinct name="Waynesville" votes="1" />
            </VoteType>
        </Choice>
    </Contest>
    <Contest key="210" text="CC, P2" isQuestion="false" precinctsReporting="3" precinctsReported="3">
        <VoteType name="Number of Precincts for Race" votes="3">
            <Precinct name="Hoboken" votes="1" />
            <Precinct name="Nahunta" votes="1" />
            <Precinct name="Waynesville" votes="1" />
        </VoteType>
        <VoteType name="Number of Precincts Reporting" votes="3">
            <Precinct name="Hoboken" votes="1" />
            <Precinct name="Nahunta" votes="1" />
            <Precinct name="Waynesville" votes="1" />
        </VoteType>
        <Choice key="10" text="R. GRIFFIN (R)" totalVotes="5339">
            <VoteType name="Election Day" votes="2461">
                <Precinct name="Hoboken" votes="868" />
                <Precinct name="Nahunta" votes="720" />
                <Precinct name="Waynesville" votes="873" />
            </VoteType>
            <VoteType name="Absentee by Mail" votes="184">
                <Precinct name="Hoboken" votes="53" />
                <Precinct name="Nahunta" votes="78" />
                <Precinct name="Waynesville" votes="53" />
            </VoteType>
            <VoteType name="Advance in Person" votes="2690">
                <Precinct name="Hoboken" votes="805" />
                <Precinct name="Nahunta" votes="1179" />
                <Precinct name="Waynesville" votes="706" />
            </VoteType>
            <VoteType name="Provisional" votes="4">
                <Precinct name="Hoboken" votes="0" />
                <Precinct name="Nahunta" votes="3" />
                <Precinct name="Waynesville" votes="1" />
            </VoteType>
        </Choice>
    </Contest>
    <Contest key="230" text="CC, P3" isQuestion="false" precinctsReporting="3" precinctsReported="3">
        <VoteType name="Number of Precincts for Race" votes="3">
            <Precinct name="Hoboken" votes="1" />
            <Precinct name="Nahunta" votes="1" />
            <Precinct name="Waynesville" votes="1" />
        </VoteType>
        <VoteType name="Number of Precincts Reporting" votes="3">
            <Precinct name="Hoboken" votes="1" />
            <Precinct name="Nahunta" votes="1" />
            <Precinct name="Waynesville" votes="1" />
        </VoteType>
        <Choice key="10" text="R.  E. DAVISON (R)" totalVotes="5350">
            <VoteType name="Election Day" votes="2450">
                <Precinct name="Hoboken" votes="862" />
                <Precinct name="Nahunta" votes="713" />
                <Precinct name="Waynesville" votes="875" />
            </VoteType>
            <VoteType name="Absentee by Mail" votes="192">
                <Precinct name="Hoboken" votes="54" />
                <Precinct name="Nahunta" votes="85" />
                <Precinct name="Waynesville" votes="53" />
            </VoteType>
            <VoteType name="Advance in Person" votes="2704">
                <Precinct name="Hoboken" votes="787" />
                <Precinct name="Nahunta" votes="1198" />
                <Precinct name="Waynesville" votes="719" />
            </VoteType>
            <VoteType name="Provisional" votes="4">
                <Precinct name="Hoboken" votes="0" />
                <Precinct name="Nahunta" votes="3" />
                <Precinct name="Waynesville" votes="1" />
            </VoteType>
        </Choice>
    </Contest>
    <Contest key="250" text="Constitutional Amendment #1&lt;br&gt;Provides greater flexibility and state accountability to fix failing schools through increasing community involvement." isQuestion="false" precinctsReporting="3" precinctsReported="3">
        <VoteType name="Number of Precincts for Race" votes="3">
            <Precinct name="Hoboken" votes="1" />
            <Precinct name="Nahunta" votes="1" />
            <Precinct name="Waynesville" votes="1" />
        </VoteType>
        <VoteType name="Number of Precincts Reporting" votes="3">
            <Precinct name="Hoboken" votes="1" />
            <Precinct name="Nahunta" votes="1" />
            <Precinct name="Waynesville" votes="1" />
        </VoteType>
        <Choice key="10" text="YES" totalVotes="2319">
            <VoteType name="Election Day" votes="1068">
                <Precinct name="Hoboken" votes="293" />
                <Precinct name="Nahunta" votes="302" />
                <Precinct name="Waynesville" votes="473" />
            </VoteType>
            <VoteType name="Absentee by Mail" votes="90">
                <Precinct name="Hoboken" votes="25" />
                <Precinct name="Nahunta" votes="36" />
                <Precinct name="Waynesville" votes="29" />
            </VoteType>
            <VoteType name="Advance in Person" votes="1158">
                <Precinct name="Hoboken" votes="289" />
                <Precinct name="Nahunta" votes="509" />
                <Precinct name="Waynesville" votes="360" />
            </VoteType>
            <VoteType name="Provisional" votes="3">
                <Precinct name="Hoboken" votes="1" />
                <Precinct name="Nahunta" votes="2" />
                <Precinct name="Waynesville" votes="0" />
            </VoteType>
        </Choice>
        <Choice key="20" text="NO" totalVotes="3674">
            <VoteType name="Election Day" votes="1700">
                <Precinct name="Hoboken" votes="704" />
                <Precinct name="Nahunta" votes="492" />
                <Precinct name="Waynesville" votes="504" />
            </VoteType>
            <VoteType name="Absentee by Mail" votes="135">
                <Precinct name="Hoboken" votes="41" />
                <Precinct name="Nahunta" votes="54" />
                <Precinct name="Waynesville" votes="40" />
            </VoteType>
            <VoteType name="Advance in Person" votes="1836">
                <Precinct name="Hoboken" votes="590" />
                <Precinct name="Nahunta" votes="807" />
                <Precinct name="Waynesville" votes="439" />
            </VoteType>
            <VoteType name="Provisional" votes="3">
                <Precinct name="Hoboken" votes="1" />
                <Precinct name="Nahunta" votes="1" />
                <Precinct name="Waynesville" votes="1" />
            </VoteType>
        </Choice>
    </Contest>
    <Contest key="260" text="Constitutional Amendment #2&lt;br&gt;Authorizes penalties for sexual exploitation and assessments on adult entertainment to fund child victims' services." isQuestion="false" precinctsReporting="3" precinctsReported="3">
        <VoteType name="Number of Precincts for Race" votes="3">
            <Precinct name="Hoboken" votes="1" />
            <Precinct name="Nahunta" votes="1" />
            <Precinct name="Waynesville" votes="1" />
        </VoteType>
        <VoteType name="Number of Precincts Reporting" votes="3">
            <Precinct name="Hoboken" votes="1" />
            <Precinct name="Nahunta" votes="1" />
            <Precinct name="Waynesville" votes="1" />
        </VoteType>
        <Choice key="10" text="YES" totalVotes="4820">
            <VoteType name="Election Day" votes="2163">
                <Precinct name="Hoboken" votes="748" />
                <Precinct name="Nahunta" votes="613" />
                <Precinct name="Waynesville" votes="802" />
            </VoteType>
            <VoteType name="Absentee by Mail" votes="181">
                <Precinct name="Hoboken" votes="53" />
                <Precinct name="Nahunta" votes="74" />
                <Precinct name="Waynesville" votes="54" />
            </VoteType>
            <VoteType name="Advance in Person" votes="2470">
                <Precinct name="Hoboken" votes="732" />
                <Precinct name="Nahunta" votes="1063" />
                <Precinct name="Waynesville" votes="675" />
            </VoteType>
            <VoteType name="Provisional" votes="6">
                <Precinct name="Hoboken" votes="2" />
                <Precinct name="Nahunta" votes="3" />
                <Precinct name="Waynesville" votes="1" />
            </VoteType>
        </Choice>
        <Choice key="20" text="NO" totalVotes="1053">
            <VoteType name="Election Day" votes="532">
                <Precinct name="Hoboken" votes="215" />
                <Precinct name="Nahunta" votes="151" />
                <Precinct name="Waynesville" votes="166" />
            </VoteType>
            <VoteType name="Absentee by Mail" votes="34">
                <Precinct name="Hoboken" votes="10" />
                <Precinct name="Nahunta" votes="14" />
                <Precinct name="Waynesville" votes="10" />
            </VoteType>
            <VoteType name="Advance in Person" votes="487">
                <Precinct name="Hoboken" votes="135" />
                <Precinct name="Nahunta" votes="237" />
                <Precinct name="Waynesville" votes="115" />
            </VoteType>
            <VoteType name="Provisional" votes="0">
                <Precinct name="Hoboken" votes="0" />
                <Precinct name="Nahunta" votes="0" />
                <Precinct name="Waynesville" votes="0" />
            </VoteType>
        </Choice>
    </Contest>
    <Contest key="270" text="Constitutional Amendment #3&lt;br&gt;Reforms and re-establishes the Judicial Qualifications Commission and provides for its composition, governance, and powers." isQuestion="false" precinctsReporting="3" precinctsReported="3">
        <VoteType name="Number of Precincts for Race" votes="3">
            <Precinct name="Hoboken" votes="1" />
            <Precinct name="Nahunta" votes="1" />
            <Precinct name="Waynesville" votes="1" />
        </VoteType>
        <VoteType name="Number of Precincts Reporting" votes="3">
            <Precinct name="Hoboken" votes="1" />
            <Precinct name="Nahunta" votes="1" />
            <Precinct name="Waynesville" votes="1" />
        </VoteType>
        <Choice key="10" text="YES" totalVotes="3229">
            <VoteType name="Election Day" votes="1496">
                <Precinct name="Hoboken" votes="507" />
                <Precinct name="Nahunta" votes="419" />
                <Precinct name="Waynesville" votes="570" />
            </VoteType>
            <VoteType name="Absentee by Mail" votes="131">
                <Precinct name="Hoboken" votes="37" />
                <Precinct name="Nahunta" votes="50" />
                <Precinct name="Waynesville" votes="44" />
            </VoteType>
            <VoteType name="Advance in Person" votes="1598">
                <Precinct name="Hoboken" votes="439" />
                <Precinct name="Nahunta" votes="690" />
                <Precinct name="Waynesville" votes="469" />
            </VoteType>
            <VoteType name="Provisional" votes="4">
                <Precinct name="Hoboken" votes="1" />
                <Precinct name="Nahunta" votes="2" />
                <Precinct name="Waynesville" votes="1" />
            </VoteType>
        </Choice>
        <Choice key="20" text="NO" totalVotes="2085">
            <VoteType name="Election Day" votes="974">
                <Precinct name="Hoboken" votes="360" />
                <Precinct name="Nahunta" votes="282" />
                <Precinct name="Waynesville" votes="332" />
            </VoteType>
            <VoteType name="Absentee by Mail" votes="70">
                <Precinct name="Hoboken" votes="21" />
                <Precinct name="Nahunta" votes="30" />
                <Precinct name="Waynesville" votes="19" />
            </VoteType>
            <VoteType name="Advance in Person" votes="1039">
                <Precinct name="Hoboken" votes="319" />
                <Precinct name="Nahunta" votes="474" />
                <Precinct name="Waynesville" votes="246" />
            </VoteType>
            <VoteType name="Provisional" votes="2">
                <Precinct name="Hoboken" votes="1" />
                <Precinct name="Nahunta" votes="1" />
                <Precinct name="Waynesville" votes="0" />
            </VoteType>
        </Choice>
    </Contest>
    <Contest key="280" text="Constitutional Amendment #4&lt;br&gt;Dedicates revenue from existing taxes on fireworks to trauma care, fire services, and public safety." isQuestion="false" precinctsReporting="3" precinctsReported="3">
        <VoteType name="Number of Precincts for Race" votes="3">
            <Precinct name="Hoboken" votes="1" />
            <Precinct name="Nahunta" votes="1" />
            <Precinct name="Waynesville" votes="1" />
        </VoteType>
        <VoteType name="Number of Precincts Reporting" votes="3">
            <Precinct name="Hoboken" votes="1" />
            <Precinct name="Nahunta" votes="1" />
            <Precinct name="Waynesville" votes="1" />
        </VoteType>
        <Choice key="10" text="YES" totalVotes="4314">
            <VoteType name="Election Day" votes="1985">
                <Precinct name="Hoboken" votes="694" />
                <Precinct name="Nahunta" votes="552" />
                <Precinct name="Waynesville" votes="739" />
            </VoteType>
            <VoteType name="Absentee by Mail" votes="186">
                <Precinct name="Hoboken" votes="59" />
                <Precinct name="Nahunta" votes="68" />
                <Precinct name="Waynesville" votes="59" />
            </VoteType>
            <VoteType name="Advance in Person" votes="2137">
                <Precinct name="Hoboken" votes="629" />
                <Precinct name="Nahunta" votes="918" />
                <Precinct name="Waynesville" votes="590" />
            </VoteType>
            <VoteType name="Provisional" votes="6">
                <Precinct name="Hoboken" votes="2" />
                <Precinct name="Nahunta" votes="3" />
                <Precinct name="Waynesville" votes="1" />
            </VoteType>
        </Choice>
        <Choice key="20" text="NO" totalVotes="1380">
            <VoteType name="Election Day" votes="634">
                <Precinct name="Hoboken" votes="245" />
                <Precinct name="Nahunta" votes="182" />
                <Precinct name="Waynesville" votes="207" />
            </VoteType>
            <VoteType name="Absentee by Mail" votes="32">
                <Precinct name="Hoboken" votes="6" />
                <Precinct name="Nahunta" votes="16" />
                <Precinct name="Waynesville" votes="10" />
            </VoteType>
            <VoteType name="Advance in Person" votes="714">
                <Precinct name="Hoboken" votes="205" />
                <Precinct name="Nahunta" votes="328" />
                <Precinct name="Waynesville" votes="181" />
            </VoteType>
            <VoteType name="Provisional" votes="0">
                <Precinct name="Hoboken" votes="0" />
                <Precinct name="Nahunta" votes="0" />
                <Precinct name="Waynesville" votes="0" />
            </VoteType>
        </Choice>
    </Contest>
</ElectionResult>