"line number","contest name","choice name","party name","total votes","percent of votes","registered voters","ballots cast","num Precinct total","num Precinct rptg","over votes","under votes"
1,"President of the United States","DONALD J. TRUMP","",13478,35.79,50003,38229,18,18,"0","0"
2,"President of the United States","HILLARY CLINTON","",23255,61.76,50003,38229,18,18,"0","0"
3,"President of the United States","GARY JOHNSON","",923,2.45,50003,38229,18,18,"0","0"
4,"United States Senator, Isakson","JOHNNY ISAKSON (I)","",13893,38.31,50003,38229,18,18,"0","0"
5,"United States Senator, Isakson","JIM BARKSDALE","",21223,58.52,50003,38229,18,18,"0","0"
6,"United States Senator, Isakson","ALLEN BUCKLEY","",1150,3.17,50003,38229,18,18,"0","0"
7,"Public Service Commission, District 2 - Eastern","TIM ECHOLS (I)","",16984,53.36,50003,38229,18,18,"0","0"
8,"Public Service Commission, District 2 - Eastern","ERIC HOSKINS","",14843,46.64,50003,38229,18,18,"0","0"
9,"U.S. Representative, District 4","VICTOR ARMENDARIZ","",13648,37.07,50003,38229,18,18,"0","0"
10,"U.S. Representative, District 4","HENRY C �HANK� JOHNSON JR (I)","",23164,62.93,50003,38229,18,18,"0","0"
11,"State Senator, District 17","RICHARD JEFFARES (I)","",4804,53.60,11659,9356,4,4,"0","0"
12,"State Senator, District 17","BILL BLACKMON","",4158,46.40,11659,9356,4,4,"0","0"
13,"State Senator, District 43","JANICE VAN NESS (I)","",10485,37.31,38344,28873,14,14,"0","0"
14,"State Senator, District 43","TONYA P. ANDERSON","",17618,62.69,38344,28873,14,14,"0","0"
15,"State Representative, District 90","PAM STEPHENSON (I)","",1885,100.00,3254,2681,1,1,"0","0"
16,"State Representative, District 91","CARL ANUSZCZYK","",6388,39.80,21520,16780,9,9,"0","0"
17,"State Representative, District 91","VERNON JONES","",9662,60.20,21520,16780,9,9,"0","0"
18,"State Representative, District 92","DOREEN CARTER (I)","",7663,100.00,13688,9689,7,7,"0","0"
19,"State Representative, District 109","DALE RUTLEDGE (I)","",1963,51.40,4919,3983,2,2,"0","0"
20,"State Representative, District 109","JANE ASKEW RUTLEDGE","",1856,48.60,4919,3983,2,2,"0","0"
21,"State Representative, District 113","PAMELA ""PAM"" DICKERSON (I)","",2205,100.00,3395,2522,1,1,"0","0"
22,"State Representative, District 114","TOM KIRBY (I)","",1782,100.00,3227,2574,3,3,"0","0"
23,"Probate Judge","C. CUTHPERT JR. (D)","",29625,100.00,50003,38229,18,18,"0","0"
24,"Superior Court Clerk","R. A. WILSON (I)(D)","",30111,100.00,50003,38229,18,18,"0","0"
25,"Sheriff","E. J. LEVETT (I)(D)","",31580,100.00,50003,38229,18,18,"0","0"
26,"Tax Commissioner","SMART-WASHINGTON (D)","",29193,100.00,50003,38229,18,18,"0","0"
27,"Coroner","G. LEVETT JR. (I)(D)","",30609,100.00,50003,38229,18,18,"0","0"
28,"Chief Magistrate","P. ATEN (I)(D)","",28721,100.00,50003,38229,18,18,"0","0"
29,"County Comm Chair","O. NESBITT (D)","",28091,100.00,50003,38229,18,18,"0","0"
30,"County Comm 1","T. CHASTAIN JR. (R)","",14074,38.76,50003,38229,18,18,"0","0"
31,"County Comm 1","S. L. WASHINGTON (D)","",22241,61.24,50003,38229,18,18,"0","0"
32,"Constitutional Amendment #1<br>Provides greater flexibility and state accountability to fix failing schools through increasing community involvement.","YES","",14173,38.11,50003,38229,18,18,"0","0"
33,"Constitutional Amendment #1<br>Provides greater flexibility and state accountability to fix failing schools through increasing community involvement.","NO","",23015,61.89,50003,38229,18,18,"0","0"
34,"Constitutional Amendment #2<br>Authorizes penalties for sexual exploitation and assessments on adult entertainment to fund child victims' services.","YES","",30614,83.33,50003,38229,18,18,"0","0"
35,"Constitutional Amendment #2<br>Authorizes penalties for sexual exploitation and assessments on adult entertainment to fund child victims' services.","NO","",6125,16.67,50003,38229,18,18,"0","0"
36,"Constitutional Amendment #3<br>Reforms and re-establishes the Judicial Qualifications Commission and provides for its composition, governance, and powers.","YES","",22118,63.13,50003,38229,18,18,"0","0"
37,"Constitutional Amendment #3<br>Reforms and re-establishes the Judicial Qualifications Commission and provides for its composition, governance, and powers.","NO","",12916,36.87,50003,38229,18,18,"0","0"
38,"Constitutional Amendment #4<br>Dedicates revenue from existing taxes on fireworks to trauma care, fire services, and public safety.","YES","",29808,81.64,50003,38229,18,18,"0","0"
39,"Constitutional Amendment #4<br>Dedicates revenue from existing taxes on fireworks to trauma care, fire services, and public safety.","NO","",6702,18.36,50003,38229,18,18,"0","0"
40,"Special - Revelopment Powers","YES","",19645,55.45,50003,38229,18,18,"0","0"
41,"Special - Revelopment Powers","NO","",15786,44.55,50003,38229,18,18,"0","0"
