<?xml version="1.0"?>
<!--Election result snapshot imported from Tabulation System
-->
<ElectionResult>
    <Timestamp>11/15/2016 2:52:22 PM EST</Timestamp>
    <ElectionName>November 8, 2016 - General Election</ElectionName>
    <ElectionDate>11/8/2016</ElectionDate>
    <Region>Stephens</Region>
    <VoterTurnout totalVoters="13132" ballotsCast="9932" voterTurnout="75.63">
        <Precincts>
            <Precinct name="Senior Center" totalVoters="13132" ballotsCast="9932" voterTurnout="75.63" percentReporting="4" />
        </Precincts>
    </VoterTurnout>
    <Contest key="1" text="President of the United States" isQuestion="false" precinctsReporting="1" precinctsReported="1">
        <VoteType name="Number of Precincts for Race" votes="1">
            <Precinct name="Senior Center" votes="1" />
        </VoteType>
        <VoteType name="Number of Precincts Reporting" votes="1">
            <Precinct name="Senior Center" votes="1" />
        </VoteType>
        <Choice key="10" text="DONALD J. TRUMP" totalVotes="7686">
            <VoteType name="Election Day" votes="1470">
                <Precinct name="Senior Center" votes="1470" />
            </VoteType>
            <VoteType name="Absentee by Mail" votes="465">
                <Precinct name="Senior Center" votes="465" />
            </VoteType>
            <VoteType name="Advance in Person" votes="5748">
                <Precinct name="Senior Center" votes="5748" />
            </VoteType>
            <VoteType name="Provisional" votes="3">
                <Precinct name="Senior Center" votes="3" />
            </VoteType>
        </Choice>
        <Choice key="20" text="HILLARY CLINTON" totalVotes="1837">
            <VoteType name="Election Day" votes="447">
                <Precinct name="Senior Center" votes="447" />
            </VoteType>
            <VoteType name="Absentee by Mail" votes="151">
                <Precinct name="Senior Center" votes="151" />
            </VoteType>
            <VoteType name="Advance in Person" votes="1239">
                <Precinct name="Senior Center" votes="1239" />
            </VoteType>
            <VoteType name="Provisional" votes="0">
                <Precinct name="Senior Center" votes="0" />
            </VoteType>
        </Choice>
        <Choice key="30" text="GARY JOHNSON" totalVotes="243">
            <VoteType name="Election Day" votes="86">
                <Precinct name="Senior Center" votes="86" />
            </VoteType>
            <VoteType name="Absentee by Mail" votes="14">
                <Precinct name="Senior Center" votes="14" />
            </VoteType>
            <VoteType name="Advance in Person" votes="143">
                <Precinct name="Senior Center" votes="143" />
            </VoteType>
            <VoteType name="Provisional" votes="0">
                <Precinct name="Senior Center" votes="0" />
            </VoteType>
        </Choice>
    </Contest>
    <Contest key="10" text="United States Senator, Isakson" isQuestion="false" precinctsReporting="1" precinctsReported="1">
        <VoteType name="Number of Precincts for Race" votes="1">
            <Precinct name="Senior Center" votes="1" />
        </VoteType>
        <VoteType name="Number of Precincts Reporting" votes="1">
            <Precinct name="Senior Center" votes="1" />
        </VoteType>
        <Choice key="10" text="JOHNNY ISAKSON (I)" totalVotes="7284">
            <VoteType name="Election Day" votes="1397">
                <Precinct name="Senior Center" votes="1397" />
            </VoteType>
            <VoteType name="Absentee by Mail" votes="485">
                <Precinct name="Senior Center" votes="485" />
            </VoteType>
            <VoteType name="Advance in Person" votes="5400">
                <Precinct name="Senior Center" votes="5400" />
            </VoteType>
            <VoteType name="Provisional" votes="2">
                <Precinct name="Senior Center" votes="2" />
            </VoteType>
        </Choice>
        <Choice key="20" text="JIM BARKSDALE" totalVotes="1548">
            <VoteType name="Election Day" votes="400">
                <Precinct name="Senior Center" votes="400" />
            </VoteType>
            <VoteType name="Absentee by Mail" votes="133">
                <Precinct name="Senior Center" votes="133" />
            </VoteType>
            <VoteType name="Advance in Person" votes="1015">
                <Precinct name="Senior Center" votes="1015" />
            </VoteType>
            <VoteType name="Provisional" votes="0">
                <Precinct name="Senior Center" votes="0" />
            </VoteType>
        </Choice>
        <Choice key="30" text="ALLEN BUCKLEY" totalVotes="346">
            <VoteType name="Election Day" votes="99">
                <Precinct name="Senior Center" votes="99" />
            </VoteType>
            <VoteType name="Absentee by Mail" votes="21">
                <Precinct name="Senior Center" votes="21" />
            </VoteType>
            <VoteType name="Advance in Person" votes="226">
                <Precinct name="Senior Center" votes="226" />
            </VoteType>
            <VoteType name="Provisional" votes="0">
                <Precinct name="Senior Center" votes="0" />
            </VoteType>
        </Choice>
    </Contest>
    <Contest key="30" text="Public Service Commission, District 2 - Eastern" isQuestion="false" precinctsReporting="1" precinctsReported="1">
        <VoteType name="Number of Precincts for Race" votes="1">
            <Precinct name="Senior Center" votes="1" />
        </VoteType>
        <VoteType name="Number of Precincts Reporting" votes="1">
            <Precinct name="Senior Center" votes="1" />
        </VoteType>
        <Choice key="10" text="TIM ECHOLS (I)" totalVotes="7724">
            <VoteType name="Election Day" votes="1517">
                <Precinct name="Senior Center" votes="1517" />
            </VoteType>
            <VoteType name="Absentee by Mail" votes="503">
                <Precinct name="Senior Center" votes="503" />
            </VoteType>
            <VoteType name="Advance in Person" votes="5701">
                <Precinct name="Senior Center" votes="5701" />
            </VoteType>
            <VoteType name="Provisional" votes="3">
                <Precinct name="Senior Center" votes="3" />
            </VoteType>
        </Choice>
        <Choice key="20" text="ERIC HOSKINS" totalVotes="1289">
            <VoteType name="Election Day" votes="357">
                <Precinct name="Senior Center" votes="357" />
            </VoteType>
            <VoteType name="Absentee by Mail" votes="90">
                <Precinct name="Senior Center" votes="90" />
            </VoteType>
            <VoteType name="Advance in Person" votes="842">
                <Precinct name="Senior Center" votes="842" />
            </VoteType>
            <VoteType name="Provisional" votes="0">
                <Precinct name="Senior Center" votes="0" />
            </VoteType>
        </Choice>
    </Contest>
    <Contest key="50" text="U.S. Representative, District 9" isQuestion="false" precinctsReporting="1" precinctsReported="1">
        <VoteType name="Number of Precincts for Race" votes="1">
            <Precinct name="Senior Center" votes="1" />
        </VoteType>
        <VoteType name="Number of Precincts Reporting" votes="1">
            <Precinct name="Senior Center" votes="1" />
        </VoteType>
        <Choice key="10" text="DOUG COLLINS (I)" totalVotes="8597">
            <VoteType name="Election Day" votes="1775">
                <Precinct name="Senior Center" votes="1775" />
            </VoteType>
            <VoteType name="Absentee by Mail" votes="555">
                <Precinct name="Senior Center" votes="555" />
            </VoteType>
            <VoteType name="Advance in Person" votes="6264">
                <Precinct name="Senior Center" votes="6264" />
            </VoteType>
            <VoteType name="Provisional" votes="3">
                <Precinct name="Senior Center" votes="3" />
            </VoteType>
        </Choice>
    </Contest>
    <Contest key="70" text="State Senator, District 50" isQuestion="false" precinctsReporting="1" precinctsReported="1">
        <VoteType name="Number of Precincts for Race" votes="1">
            <Precinct name="Senior Center" votes="1" />
        </VoteType>
        <VoteType name="Number of Precincts Reporting" votes="1">
            <Precinct name="Senior Center" votes="1" />
        </VoteType>
        <Choice key="10" text="JOHN K WILKINSON (I)" totalVotes="8664">
            <VoteType name="Election Day" votes="1780">
                <Precinct name="Senior Center" votes="1780" />
            </VoteType>
            <VoteType name="Absentee by Mail" votes="550">
                <Precinct name="Senior Center" votes="550" />
            </VoteType>
            <VoteType name="Advance in Person" votes="6331">
                <Precinct name="Senior Center" votes="6331" />
            </VoteType>
            <VoteType name="Provisional" votes="3">
                <Precinct name="Senior Center" votes="3" />
            </VoteType>
        </Choice>
    </Contest>
    <Contest key="90" text="State Representative, District 28" isQuestion="false" precinctsReporting="1" precinctsReported="1">
        <VoteType name="Number of Precincts for Race" votes="1">
            <Precinct name="Senior Center" votes="1" />
        </VoteType>
        <VoteType name="Number of Precincts Reporting" votes="1">
            <Precinct name="Senior Center" votes="1" />
        </VoteType>
        <Choice key="10" text="DAN GASAWAY (I)" totalVotes="8468">
            <VoteType name="Election Day" votes="1763">
                <Precinct name="Senior Center" votes="1763" />
            </VoteType>
            <VoteType name="Absentee by Mail" votes="543">
                <Precinct name="Senior Center" votes="543" />
            </VoteType>
            <VoteType name="Advance in Person" votes="6159">
                <Precinct name="Senior Center" votes="6159" />
            </VoteType>
            <VoteType name="Provisional" votes="3">
                <Precinct name="Senior Center" votes="3" />
            </VoteType>
        </Choice>
    </Contest>
    <Contest key="110" text="District Attorney, Mountain Circuit" isQuestion="false" precinctsReporting="1" precinctsReported="1">
        <VoteType name="Number of Precincts for Race" votes="1">
            <Precinct name="Senior Center" votes="1" />
        </VoteType>
        <VoteType name="Number of Precincts Reporting" votes="1">
            <Precinct name="Senior Center" votes="1" />
        </VoteType>
        <Choice key="10" text="GEORGE R. CHRISTIAN (I)" totalVotes="8417">
            <VoteType name="Election Day" votes="1751">
                <Precinct name="Senior Center" votes="1751" />
            </VoteType>
            <VoteType name="Absentee by Mail" votes="544">
                <Precinct name="Senior Center" votes="544" />
            </VoteType>
            <VoteType name="Advance in Person" votes="6119">
                <Precinct name="Senior Center" votes="6119" />
            </VoteType>
            <VoteType name="Provisional" votes="3">
                <Precinct name="Senior Center" votes="3" />
            </VoteType>
        </Choice>
    </Contest>
    <Contest key="300" text="Superior Court Clerk" isQuestion="false" precinctsReporting="1" precinctsReported="1">
        <VoteType name="Number of Precincts for Race" votes="1">
            <Precinct name="Senior Center" votes="1" />
        </VoteType>
        <VoteType name="Number of Precincts Reporting" votes="1">
            <Precinct name="Senior Center" votes="1" />
        </VoteType>
        <Choice key="10" text="T. D. QUICK (I)(R)" totalVotes="8846">
            <VoteType name="Election Day" votes="1828">
                <Precinct name="Senior Center" votes="1828" />
            </VoteType>
            <VoteType name="Absentee by Mail" votes="559">
                <Precinct name="Senior Center" votes="559" />
            </VoteType>
            <VoteType name="Advance in Person" votes="6456">
                <Precinct name="Senior Center" votes="6456" />
            </VoteType>
            <VoteType name="Provisional" votes="3">
                <Precinct name="Senior Center" votes="3" />
            </VoteType>
        </Choice>
    </Contest>
    <Contest key="320" text="Sheriff" isQuestion="false" precinctsReporting="1" precinctsReported="1">
        <VoteType name="Number of Precincts for Race" votes="1">
            <Precinct name="Senior Center" votes="1" />
        </VoteType>
        <VoteType name="Number of Precincts Reporting" votes="1">
            <Precinct name="Senior Center" votes="1" />
        </VoteType>
        <Choice key="10" text="R. SHIRLEY (I)(R)" totalVotes="8719">
            <VoteType name="Election Day" votes="1795">
                <Precinct name="Senior Center" votes="1795" />
            </VoteType>
            <VoteType name="Absentee by Mail" votes="557">
                <Precinct name="Senior Center" votes="557" />
            </VoteType>
            <VoteType name="Advance in Person" votes="6364">
                <Precinct name="Senior Center" votes="6364" />
            </VoteType>
            <VoteType name="Provisional" votes="3">
                <Precinct name="Senior Center" votes="3" />
            </VoteType>
        </Choice>
    </Contest>
    <Contest key="340" text="Tax Commissioner" isQuestion="false" precinctsReporting="1" precinctsReported="1">
        <VoteType name="Number of Precincts for Race" votes="1">
            <Precinct name="Senior Center" votes="1" />
        </VoteType>
        <VoteType name="Number of Precincts Reporting" votes="1">
            <Precinct name="Senior Center" votes="1" />
        </VoteType>
        <Choice key="10" text="D. M. HICKS (I)(R)" totalVotes="8641">
            <VoteType name="Election Day" votes="1801">
                <Precinct name="Senior Center" votes="1801" />
            </VoteType>
            <VoteType name="Absentee by Mail" votes="550">
                <Precinct name="Senior Center" votes="550" />
            </VoteType>
            <VoteType name="Advance in Person" votes="6287">
                <Precinct name="Senior Center" votes="6287" />
            </VoteType>
            <VoteType name="Provisional" votes="3">
                <Precinct name="Senior Center" votes="3" />
            </VoteType>
        </Choice>
    </Contest>
    <Contest key="360" text="Coroner" isQuestion="false" precinctsReporting="1" precinctsReported="1">
        <VoteType name="Number of Precincts for Race" votes="1">
            <Precinct name="Senior Center" votes="1" />
        </VoteType>
        <VoteType name="Number of Precincts Reporting" votes="1">
            <Precinct name="Senior Center" votes="1" />
        </VoteType>
        <Choice key="10" text="C. STEPHENS (I)(R)" totalVotes="8752">
            <VoteType name="Election Day" votes="1824">
                <Precinct name="Senior Center" votes="1824" />
            </VoteType>
            <VoteType name="Absentee by Mail" votes="562">
                <Precinct name="Senior Center" votes="562" />
            </VoteType>
            <VoteType name="Advance in Person" votes="6363">
                <Precinct name="Senior Center" votes="6363" />
            </VoteType>
            <VoteType name="Provisional" votes="3">
                <Precinct name="Senior Center" votes="3" />
            </VoteType>
        </Choice>
    </Contest>
    <Contest key="380" text="Solicitor" isQuestion="false" precinctsReporting="1" precinctsReported="1">
        <VoteType name="Number of Precincts for Race" votes="1">
            <Precinct name="Senior Center" votes="1" />
        </VoteType>
        <VoteType name="Number of Precincts Reporting" votes="1">
            <Precinct name="Senior Center" votes="1" />
        </VoteType>
        <Choice key="10" text="A. PICKETT (R)" totalVotes="6103">
            <VoteType name="Election Day" votes="1180">
                <Precinct name="Senior Center" votes="1180" />
            </VoteType>
            <VoteType name="Absentee by Mail" votes="387">
                <Precinct name="Senior Center" votes="387" />
            </VoteType>
            <VoteType name="Advance in Person" votes="4534">
                <Precinct name="Senior Center" votes="4534" />
            </VoteType>
            <VoteType name="Provisional" votes="2">
                <Precinct name="Senior Center" votes="2" />
            </VoteType>
        </Choice>
        <Choice key="20" text="W. WOODRUFF JR.(I)(D" totalVotes="3474">
            <VoteType name="Election Day" votes="796">
                <Precinct name="Senior Center" votes="796" />
            </VoteType>
            <VoteType name="Absentee by Mail" votes="236">
                <Precinct name="Senior Center" votes="236" />
            </VoteType>
            <VoteType name="Advance in Person" votes="2441">
                <Precinct name="Senior Center" votes="2441" />
            </VoteType>
            <VoteType name="Provisional" votes="1">
                <Precinct name="Senior Center" votes="1" />
            </VoteType>
        </Choice>
    </Contest>
    <Contest key="400" text="County Comm 2" isQuestion="false" precinctsReporting="1" precinctsReported="1">
        <VoteType name="Number of Precincts for Race" votes="1">
            <Precinct name="Senior Center" votes="1" />
        </VoteType>
        <VoteType name="Number of Precincts Reporting" votes="1">
            <Precinct name="Senior Center" votes="1" />
        </VoteType>
        <Choice key="10" text="D. WHITLOCK (I)(R)" totalVotes="8446">
            <VoteType name="Election Day" votes="1772">
                <Precinct name="Senior Center" votes="1772" />
            </VoteType>
            <VoteType name="Absentee by Mail" votes="542">
                <Precinct name="Senior Center" votes="542" />
            </VoteType>
            <VoteType name="Advance in Person" votes="6129">
                <Precinct name="Senior Center" votes="6129" />
            </VoteType>
            <VoteType name="Provisional" votes="3">
                <Precinct name="Senior Center" votes="3" />
            </VoteType>
        </Choice>
    </Contest>
    <Contest key="420" text="County Comm 3" isQuestion="false" precinctsReporting="1" precinctsReported="1">
        <VoteType name="Number of Precincts for Race" votes="1">
            <Precinct name="Senior Center" votes="1" />
        </VoteType>
        <VoteType name="Number of Precincts Reporting" votes="1">
            <Precinct name="Senior Center" votes="1" />
        </VoteType>
        <Choice key="10" text="D. BELL (I)(R)" totalVotes="8520">
            <VoteType name="Election Day" votes="1779">
                <Precinct name="Senior Center" votes="1779" />
            </VoteType>
            <VoteType name="Absentee by Mail" votes="541">
                <Precinct name="Senior Center" votes="541" />
            </VoteType>
            <VoteType name="Advance in Person" votes="6197">
                <Precinct name="Senior Center" votes="6197" />
            </VoteType>
            <VoteType name="Provisional" votes="3">
                <Precinct name="Senior Center" votes="3" />
            </VoteType>
        </Choice>
    </Contest>
    <Contest key="440" text="BOE at Large" isQuestion="false" precinctsReporting="1" precinctsReported="1">
        <VoteType name="Number of Precincts for Race" votes="1">
            <Precinct name="Senior Center" votes="1" />
        </VoteType>
        <VoteType name="Number of Precincts Reporting" votes="1">
            <Precinct name="Senior Center" votes="1" />
        </VoteType>
        <Choice key="20" text="L. STOVALL (R)" totalVotes="8508">
            <VoteType name="Election Day" votes="1776">
                <Precinct name="Senior Center" votes="1776" />
            </VoteType>
            <VoteType name="Absentee by Mail" votes="541">
                <Precinct name="Senior Center" votes="541" />
            </VoteType>
            <VoteType name="Advance in Person" votes="6188">
                <Precinct name="Senior Center" votes="6188" />
            </VoteType>
            <VoteType name="Provisional" votes="3">
                <Precinct name="Senior Center" votes="3" />
            </VoteType>
        </Choice>
    </Contest>
    <Contest key="460" text="BOE 1 P1" isQuestion="false" precinctsReporting="1" precinctsReported="1">
        <VoteType name="Number of Precincts for Race" votes="1">
            <Precinct name="Senior Center" votes="1" />
        </VoteType>
        <VoteType name="Number of Precincts Reporting" votes="1">
            <Precinct name="Senior Center" votes="1" />
        </VoteType>
        <Choice key="10" text="W. R. DAWKINS (R)" totalVotes="8386">
            <VoteType name="Election Day" votes="1749">
                <Precinct name="Senior Center" votes="1749" />
            </VoteType>
            <VoteType name="Absentee by Mail" votes="533">
                <Precinct name="Senior Center" votes="533" />
            </VoteType>
            <VoteType name="Advance in Person" votes="6101">
                <Precinct name="Senior Center" votes="6101" />
            </VoteType>
            <VoteType name="Provisional" votes="3">
                <Precinct name="Senior Center" votes="3" />
            </VoteType>
        </Choice>
    </Contest>
    <Contest key="480" text="BOE 3 P2" isQuestion="false" precinctsReporting="1" precinctsReported="1">
        <VoteType name="Number of Precincts for Race" votes="1">
            <Precinct name="Senior Center" votes="1" />
        </VoteType>
        <VoteType name="Number of Precincts Reporting" votes="1">
            <Precinct name="Senior Center" votes="1" />
        </VoteType>
        <Choice key="10" text="M. SMITH (R)" totalVotes="8411">
            <VoteType name="Election Day" votes="1757">
                <Precinct name="Senior Center" votes="1757" />
            </VoteType>
            <VoteType name="Absentee by Mail" votes="541">
                <Precinct name="Senior Center" votes="541" />
            </VoteType>
            <VoteType name="Advance in Person" votes="6110">
                <Precinct name="Senior Center" votes="6110" />
            </VoteType>
            <VoteType name="Provisional" votes="3">
                <Precinct name="Senior Center" votes="3" />
            </VoteType>
        </Choice>
    </Contest>
    <Contest key="490" text="Constitutional Amendment #1&lt;br&gt;Provides greater flexibility and state accountability to fix failing schools through increasing community involvement." isQuestion="false" precinctsReporting="1" precinctsReported="1">
        <VoteType name="Number of Precincts for Race" votes="1">
            <Precinct name="Senior Center" votes="1" />
        </VoteType>
        <VoteType name="Number of Precincts Reporting" votes="1">
            <Precinct name="Senior Center" votes="1" />
        </VoteType>
        <Choice key="10" text="YES" totalVotes="3659">
            <VoteType name="Election Day" votes="921">
                <Precinct name="Senior Center" votes="921" />
            </VoteType>
            <VoteType name="Absentee by Mail" votes="277">
                <Precinct name="Senior Center" votes="277" />
            </VoteType>
            <VoteType name="Advance in Person" votes="2459">
                <Precinct name="Senior Center" votes="2459" />
            </VoteType>
            <VoteType name="Provisional" votes="2">
                <Precinct name="Senior Center" votes="2" />
            </VoteType>
        </Choice>
        <Choice key="20" text="NO" totalVotes="5878">
            <VoteType name="Election Day" votes="1057">
                <Precinct name="Senior Center" votes="1057" />
            </VoteType>
            <VoteType name="Absentee by Mail" votes="336">
                <Precinct name="Senior Center" votes="336" />
            </VoteType>
            <VoteType name="Advance in Person" votes="4484">
                <Precinct name="Senior Center" votes="4484" />
            </VoteType>
            <VoteType name="Provisional" votes="1">
                <Precinct name="Senior Center" votes="1" />
            </VoteType>
        </Choice>
    </Contest>
    <Contest key="500" text="Constitutional Amendment #2&lt;br&gt;Authorizes penalties for sexual exploitation and assessments on adult entertainment to fund child victims' services." isQuestion="false" precinctsReporting="1" precinctsReported="1">
        <VoteType name="Number of Precincts for Race" votes="1">
            <Precinct name="Senior Center" votes="1" />
        </VoteType>
        <VoteType name="Number of Precincts Reporting" votes="1">
            <Precinct name="Senior Center" votes="1" />
        </VoteType>
        <Choice key="10" text="YES" totalVotes="7980">
            <VoteType name="Election Day" votes="1666">
                <Precinct name="Senior Center" votes="1666" />
            </VoteType>
            <VoteType name="Absentee by Mail" votes="533">
                <Precinct name="Senior Center" votes="533" />
            </VoteType>
            <VoteType name="Advance in Person" votes="5778">
                <Precinct name="Senior Center" votes="5778" />
            </VoteType>
            <VoteType name="Provisional" votes="3">
                <Precinct name="Senior Center" votes="3" />
            </VoteType>
        </Choice>
        <Choice key="20" text="NO" totalVotes="1396">
            <VoteType name="Election Day" votes="285">
                <Precinct name="Senior Center" votes="285" />
            </VoteType>
            <VoteType name="Absentee by Mail" votes="68">
                <Precinct name="Senior Center" votes="68" />
            </VoteType>
            <VoteType name="Advance in Person" votes="1043">
                <Precinct name="Senior Center" votes="1043" />
            </VoteType>
            <VoteType name="Provisional" votes="0">
                <Precinct name="Senior Center" votes="0" />
            </VoteType>
        </Choice>
    </Contest>
    <Contest key="510" text="Constitutional Amendment #3&lt;br&gt;Reforms and re-establishes the Judicial Qualifications Commission and provides for its composition, governance, and powers." isQuestion="false" precinctsReporting="1" precinctsReported="1">
        <VoteType name="Number of Precincts for Race" votes="1">
            <Precinct name="Senior Center" votes="1" />
        </VoteType>
        <VoteType name="Number of Precincts Reporting" votes="1">
            <Precinct name="Senior Center" votes="1" />
        </VoteType>
        <Choice key="10" text="YES" totalVotes="5622">
            <VoteType name="Election Day" votes="1217">
                <Precinct name="Senior Center" votes="1217" />
            </VoteType>
            <VoteType name="Absentee by Mail" votes="386">
                <Precinct name="Senior Center" votes="386" />
            </VoteType>
            <VoteType name="Advance in Person" votes="4016">
                <Precinct name="Senior Center" votes="4016" />
            </VoteType>
            <VoteType name="Provisional" votes="3">
                <Precinct name="Senior Center" votes="3" />
            </VoteType>
        </Choice>
        <Choice key="20" text="NO" totalVotes="3158">
            <VoteType name="Election Day" votes="609">
                <Precinct name="Senior Center" votes="609" />
            </VoteType>
            <VoteType name="Absentee by Mail" votes="180">
                <Precinct name="Senior Center" votes="180" />
            </VoteType>
            <VoteType name="Advance in Person" votes="2369">
                <Precinct name="Senior Center" votes="2369" />
            </VoteType>
            <VoteType name="Provisional" votes="0">
                <Precinct name="Senior Center" votes="0" />
            </VoteType>
        </Choice>
    </Contest>
    <Contest key="520" text="Constitutional Amendment #4&lt;br&gt;Dedicates revenue from existing taxes on fireworks to trauma care, fire services, and public safety." isQuestion="false" precinctsReporting="1" precinctsReported="1">
        <VoteType name="Number of Precincts for Race" votes="1">
            <Precinct name="Senior Center" votes="1" />
        </VoteType>
        <VoteType name="Number of Precincts Reporting" votes="1">
            <Precinct name="Senior Center" votes="1" />
        </VoteType>
        <Choice key="10" text="YES" totalVotes="7522">
            <VoteType name="Election Day" votes="1594">
                <Precinct name="Senior Center" votes="1594" />
            </VoteType>
            <VoteType name="Absentee by Mail" votes="518">
                <Precinct name="Senior Center" votes="518" />
            </VoteType>
            <VoteType name="Advance in Person" votes="5408">
                <Precinct name="Senior Center" votes="5408" />
            </VoteType>
            <VoteType name="Provisional" votes="2">
                <Precinct name="Senior Center" votes="2" />
            </VoteType>
        </Choice>
        <Choice key="20" text="NO" totalVotes="1859">
            <VoteType name="Election Day" votes="366">
                <Precinct name="Senior Center" votes="366" />
            </VoteType>
            <VoteType name="Absentee by Mail" votes="89">
                <Precinct name="Senior Center" votes="89" />
            </VoteType>
            <VoteType name="Advance in Person" votes="1403">
                <Precinct name="Senior Center" votes="1403" />
            </VoteType>
            <VoteType name="Provisional" votes="1">
                <Precinct name="Senior Center" votes="1" />
            </VoteType>
        </Choice>
    </Contest>
</ElectionResult>