<?xml version="1.0"?>
<!--Election result snapshot imported from Tabulation System
-->
<ElectionResult>
    <Timestamp>11/15/2016 3:41:05 PM EST</Timestamp>
    <ElectionName>November 8, 2016 - General Election</ElectionName>
    <ElectionDate>11/8/2016</ElectionDate>
    <Region>Johnson</Region>
    <VoterTurnout totalVoters="4702" ballotsCast="3711" voterTurnout="78.92">
        <Precincts>
            <Precinct name="Wrightsville" totalVoters="2651" ballotsCast="2040" voterTurnout="76.95" percentReporting="4" />
            <Precinct name="Smith" totalVoters="617" ballotsCast="498" voterTurnout="80.71" percentReporting="4" />
            <Precinct name="Bray" totalVoters="662" ballotsCast="554" voterTurnout="83.69" percentReporting="4" />
            <Precinct name="Kite" totalVoters="772" ballotsCast="619" voterTurnout="80.18" percentReporting="4" />
        </Precincts>
    </VoterTurnout>
    <Contest key="1" text="President of the United States" isQuestion="false" precinctsReporting="4" precinctsReported="4">
        <VoteType name="Number of Precincts for Race" votes="4">
            <Precinct name="Wrightsville" votes="1" />
            <Precinct name="Smith" votes="1" />
            <Precinct name="Bray" votes="1" />
            <Precinct name="Kite" votes="1" />
        </VoteType>
        <VoteType name="Number of Precincts Reporting" votes="4">
            <Precinct name="Wrightsville" votes="1" />
            <Precinct name="Smith" votes="1" />
            <Precinct name="Bray" votes="1" />
            <Precinct name="Kite" votes="1" />
        </VoteType>
        <Choice key="10" text="DONALD J. TRUMP" totalVotes="2519">
            <VoteType name="Election Day" votes="969">
                <Precinct name="Wrightsville" votes="220" />
                <Precinct name="Smith" votes="251" />
                <Precinct name="Bray" votes="152" />
                <Precinct name="Kite" votes="346" />
            </VoteType>
            <VoteType name="Absentee by Mail" votes="141">
                <Precinct name="Wrightsville" votes="77" />
                <Precinct name="Smith" votes="29" />
                <Precinct name="Bray" votes="26" />
                <Precinct name="Kite" votes="9" />
            </VoteType>
            <VoteType name="Advance in Person" votes="1409">
                <Precinct name="Wrightsville" votes="839" />
                <Precinct name="Smith" votes="147" />
                <Precinct name="Bray" votes="219" />
                <Precinct name="Kite" votes="204" />
            </VoteType>
            <VoteType name="Provisional" votes="0">
                <Precinct name="Wrightsville" votes="0" />
                <Precinct name="Smith" votes="0" />
                <Precinct name="Bray" votes="0" />
                <Precinct name="Kite" votes="0" />
            </VoteType>
        </Choice>
        <Choice key="20" text="HILLARY CLINTON" totalVotes="1136">
            <VoteType name="Election Day" votes="472">
                <Precinct name="Wrightsville" votes="338" />
                <Precinct name="Smith" votes="38" />
                <Precinct name="Bray" votes="73" />
                <Precinct name="Kite" votes="23" />
            </VoteType>
            <VoteType name="Absentee by Mail" votes="150">
                <Precinct name="Wrightsville" votes="113" />
                <Precinct name="Smith" votes="1" />
                <Precinct name="Bray" votes="32" />
                <Precinct name="Kite" votes="4" />
            </VoteType>
            <VoteType name="Advance in Person" votes="514">
                <Precinct name="Wrightsville" votes="421" />
                <Precinct name="Smith" votes="25" />
                <Precinct name="Bray" votes="47" />
                <Precinct name="Kite" votes="21" />
            </VoteType>
            <VoteType name="Provisional" votes="0">
                <Precinct name="Wrightsville" votes="0" />
                <Precinct name="Smith" votes="0" />
                <Precinct name="Bray" votes="0" />
                <Precinct name="Kite" votes="0" />
            </VoteType>
        </Choice>
        <Choice key="30" text="GARY JOHNSON" totalVotes="27">
            <VoteType name="Election Day" votes="19">
                <Precinct name="Wrightsville" votes="9" />
                <Precinct name="Smith" votes="5" />
                <Precinct name="Bray" votes="0" />
                <Precinct name="Kite" votes="5" />
            </VoteType>
            <VoteType name="Absentee by Mail" votes="2">
                <Precinct name="Wrightsville" votes="1" />
                <Precinct name="Smith" votes="0" />
                <Precinct name="Bray" votes="0" />
                <Precinct name="Kite" votes="1" />
            </VoteType>
            <VoteType name="Advance in Person" votes="6">
                <Precinct name="Wrightsville" votes="5" />
                <Precinct name="Smith" votes="0" />
                <Precinct name="Bray" votes="1" />
                <Precinct name="Kite" votes="0" />
            </VoteType>
            <VoteType name="Provisional" votes="0">
                <Precinct name="Wrightsville" votes="0" />
                <Precinct name="Smith" votes="0" />
                <Precinct name="Bray" votes="0" />
                <Precinct name="Kite" votes="0" />
            </VoteType>
        </Choice>
    </Contest>
    <Contest key="10" text="United States Senator, Isakson" isQuestion="false" precinctsReporting="4" precinctsReported="4">
        <VoteType name="Number of Precincts for Race" votes="4">
            <Precinct name="Wrightsville" votes="1" />
            <Precinct name="Smith" votes="1" />
            <Precinct name="Bray" votes="1" />
            <Precinct name="Kite" votes="1" />
        </VoteType>
        <VoteType name="Number of Precincts Reporting" votes="4">
            <Precinct name="Wrightsville" votes="1" />
            <Precinct name="Smith" votes="1" />
            <Precinct name="Bray" votes="1" />
            <Precinct name="Kite" votes="1" />
        </VoteType>
        <Choice key="10" text="JOHNNY ISAKSON (I)" totalVotes="2373">
            <VoteType name="Election Day" votes="910">
                <Precinct name="Wrightsville" votes="236" />
                <Precinct name="Smith" votes="226" />
                <Precinct name="Bray" votes="143" />
                <Precinct name="Kite" votes="305" />
            </VoteType>
            <VoteType name="Absentee by Mail" votes="140">
                <Precinct name="Wrightsville" votes="79" />
                <Precinct name="Smith" votes="27" />
                <Precinct name="Bray" votes="25" />
                <Precinct name="Kite" votes="9" />
            </VoteType>
            <VoteType name="Advance in Person" votes="1323">
                <Precinct name="Wrightsville" votes="782" />
                <Precinct name="Smith" votes="144" />
                <Precinct name="Bray" votes="200" />
                <Precinct name="Kite" votes="197" />
            </VoteType>
            <VoteType name="Provisional" votes="0">
                <Precinct name="Wrightsville" votes="0" />
                <Precinct name="Smith" votes="0" />
                <Precinct name="Bray" votes="0" />
                <Precinct name="Kite" votes="0" />
            </VoteType>
        </Choice>
        <Choice key="20" text="JIM BARKSDALE" totalVotes="888">
            <VoteType name="Election Day" votes="350">
                <Precinct name="Wrightsville" votes="236" />
                <Precinct name="Smith" votes="35" />
                <Precinct name="Bray" votes="59" />
                <Precinct name="Kite" votes="20" />
            </VoteType>
            <VoteType name="Absentee by Mail" votes="129">
                <Precinct name="Wrightsville" votes="92" />
                <Precinct name="Smith" votes="2" />
                <Precinct name="Bray" votes="32" />
                <Precinct name="Kite" votes="3" />
            </VoteType>
            <VoteType name="Advance in Person" votes="409">
                <Precinct name="Wrightsville" votes="336" />
                <Precinct name="Smith" votes="15" />
                <Precinct name="Bray" votes="43" />
                <Precinct name="Kite" votes="15" />
            </VoteType>
            <VoteType name="Provisional" votes="0">
                <Precinct name="Wrightsville" votes="0" />
                <Precinct name="Smith" votes="0" />
                <Precinct name="Bray" votes="0" />
                <Precinct name="Kite" votes="0" />
            </VoteType>
        </Choice>
        <Choice key="30" text="ALLEN BUCKLEY" totalVotes="76">
            <VoteType name="Election Day" votes="44">
                <Precinct name="Wrightsville" votes="18" />
                <Precinct name="Smith" votes="6" />
                <Precinct name="Bray" votes="4" />
                <Precinct name="Kite" votes="16" />
            </VoteType>
            <VoteType name="Absentee by Mail" votes="2">
                <Precinct name="Wrightsville" votes="0" />
                <Precinct name="Smith" votes="0" />
                <Precinct name="Bray" votes="1" />
                <Precinct name="Kite" votes="1" />
            </VoteType>
            <VoteType name="Advance in Person" votes="30">
                <Precinct name="Wrightsville" votes="19" />
                <Precinct name="Smith" votes="6" />
                <Precinct name="Bray" votes="3" />
                <Precinct name="Kite" votes="2" />
            </VoteType>
            <VoteType name="Provisional" votes="0">
                <Precinct name="Wrightsville" votes="0" />
                <Precinct name="Smith" votes="0" />
                <Precinct name="Bray" votes="0" />
                <Precinct name="Kite" votes="0" />
            </VoteType>
        </Choice>
    </Contest>
    <Contest key="30" text="Public Service Commission, District 2 - Eastern" isQuestion="false" precinctsReporting="4" precinctsReported="4">
        <VoteType name="Number of Precincts for Race" votes="4">
            <Precinct name="Wrightsville" votes="1" />
            <Precinct name="Smith" votes="1" />
            <Precinct name="Bray" votes="1" />
            <Precinct name="Kite" votes="1" />
        </VoteType>
        <VoteType name="Number of Precincts Reporting" votes="4">
            <Precinct name="Wrightsville" votes="1" />
            <Precinct name="Smith" votes="1" />
            <Precinct name="Bray" votes="1" />
            <Precinct name="Kite" votes="1" />
        </VoteType>
        <Choice key="10" text="TIM ECHOLS (I)" totalVotes="2420">
            <VoteType name="Election Day" votes="935">
                <Precinct name="Wrightsville" votes="260" />
                <Precinct name="Smith" votes="214" />
                <Precinct name="Bray" votes="145" />
                <Precinct name="Kite" votes="316" />
            </VoteType>
            <VoteType name="Absentee by Mail" votes="148">
                <Precinct name="Wrightsville" votes="87" />
                <Precinct name="Smith" votes="27" />
                <Precinct name="Bray" votes="24" />
                <Precinct name="Kite" votes="10" />
            </VoteType>
            <VoteType name="Advance in Person" votes="1337">
                <Precinct name="Wrightsville" votes="821" />
                <Precinct name="Smith" votes="129" />
                <Precinct name="Bray" votes="196" />
                <Precinct name="Kite" votes="191" />
            </VoteType>
            <VoteType name="Provisional" votes="0">
                <Precinct name="Wrightsville" votes="0" />
                <Precinct name="Smith" votes="0" />
                <Precinct name="Bray" votes="0" />
                <Precinct name="Kite" votes="0" />
            </VoteType>
        </Choice>
        <Choice key="20" text="ERIC HOSKINS" totalVotes="578">
            <VoteType name="Election Day" votes="262">
                <Precinct name="Wrightsville" votes="163" />
                <Precinct name="Smith" votes="39" />
                <Precinct name="Bray" votes="34" />
                <Precinct name="Kite" votes="26" />
            </VoteType>
            <VoteType name="Absentee by Mail" votes="44">
                <Precinct name="Wrightsville" votes="30" />
                <Precinct name="Smith" votes="0" />
                <Precinct name="Bray" votes="12" />
                <Precinct name="Kite" votes="2" />
            </VoteType>
            <VoteType name="Advance in Person" votes="272">
                <Precinct name="Wrightsville" votes="213" />
                <Precinct name="Smith" votes="18" />
                <Precinct name="Bray" votes="27" />
                <Precinct name="Kite" votes="14" />
            </VoteType>
            <VoteType name="Provisional" votes="0">
                <Precinct name="Wrightsville" votes="0" />
                <Precinct name="Smith" votes="0" />
                <Precinct name="Bray" votes="0" />
                <Precinct name="Kite" votes="0" />
            </VoteType>
        </Choice>
    </Contest>
    <Contest key="50" text="U.S. Representative, District 10" isQuestion="false" precinctsReporting="4" precinctsReported="4">
        <VoteType name="Number of Precincts for Race" votes="4">
            <Precinct name="Wrightsville" votes="1" />
            <Precinct name="Smith" votes="1" />
            <Precinct name="Bray" votes="1" />
            <Precinct name="Kite" votes="1" />
        </VoteType>
        <VoteType name="Number of Precincts Reporting" votes="4">
            <Precinct name="Wrightsville" votes="1" />
            <Precinct name="Smith" votes="1" />
            <Precinct name="Bray" votes="1" />
            <Precinct name="Kite" votes="1" />
        </VoteType>
        <Choice key="10" text="JODY HICE (I)" totalVotes="2753">
            <VoteType name="Election Day" votes="1086">
                <Precinct name="Wrightsville" votes="348" />
                <Precinct name="Smith" votes="244" />
                <Precinct name="Bray" votes="160" />
                <Precinct name="Kite" votes="334" />
            </VoteType>
            <VoteType name="Absentee by Mail" votes="165">
                <Precinct name="Wrightsville" votes="100" />
                <Precinct name="Smith" votes="24" />
                <Precinct name="Bray" votes="28" />
                <Precinct name="Kite" votes="13" />
            </VoteType>
            <VoteType name="Advance in Person" votes="1502">
                <Precinct name="Wrightsville" votes="945" />
                <Precinct name="Smith" votes="144" />
                <Precinct name="Bray" votes="212" />
                <Precinct name="Kite" votes="201" />
            </VoteType>
            <VoteType name="Provisional" votes="0">
                <Precinct name="Wrightsville" votes="0" />
                <Precinct name="Smith" votes="0" />
                <Precinct name="Bray" votes="0" />
                <Precinct name="Kite" votes="0" />
            </VoteType>
        </Choice>
    </Contest>
    <Contest key="70" text="State Senator, District 23" isQuestion="false" precinctsReporting="4" precinctsReported="4">
        <VoteType name="Number of Precincts for Race" votes="4">
            <Precinct name="Wrightsville" votes="1" />
            <Precinct name="Smith" votes="1" />
            <Precinct name="Bray" votes="1" />
            <Precinct name="Kite" votes="1" />
        </VoteType>
        <VoteType name="Number of Precincts Reporting" votes="4">
            <Precinct name="Wrightsville" votes="1" />
            <Precinct name="Smith" votes="1" />
            <Precinct name="Bray" votes="1" />
            <Precinct name="Kite" votes="1" />
        </VoteType>
        <Choice key="10" text="JESSE STONE (I)" totalVotes="2722">
            <VoteType name="Election Day" votes="1077">
                <Precinct name="Wrightsville" votes="343" />
                <Precinct name="Smith" votes="240" />
                <Precinct name="Bray" votes="162" />
                <Precinct name="Kite" votes="332" />
            </VoteType>
            <VoteType name="Absentee by Mail" votes="160">
                <Precinct name="Wrightsville" votes="99" />
                <Precinct name="Smith" votes="24" />
                <Precinct name="Bray" votes="26" />
                <Precinct name="Kite" votes="11" />
            </VoteType>
            <VoteType name="Advance in Person" votes="1485">
                <Precinct name="Wrightsville" votes="934" />
                <Precinct name="Smith" votes="142" />
                <Precinct name="Bray" votes="206" />
                <Precinct name="Kite" votes="203" />
            </VoteType>
            <VoteType name="Provisional" votes="0">
                <Precinct name="Wrightsville" votes="0" />
                <Precinct name="Smith" votes="0" />
                <Precinct name="Bray" votes="0" />
                <Precinct name="Kite" votes="0" />
            </VoteType>
        </Choice>
    </Contest>
    <Contest key="100" text="State Representative, District 128" isQuestion="false" precinctsReporting="2" precinctsReported="2">
        <VoteType name="Number of Precincts for Race" votes="2">
            <Precinct name="Wrightsville" votes="1" />
            <Precinct name="Bray" votes="1" />
        </VoteType>
        <VoteType name="Number of Precincts Reporting" votes="2">
            <Precinct name="Wrightsville" votes="1" />
            <Precinct name="Bray" votes="1" />
        </VoteType>
        <Choice key="10" text="MACK JACKSON (I)" totalVotes="1266">
            <VoteType name="Election Day" votes="442">
                <Precinct name="Wrightsville" votes="289" />
                <Precinct name="Bray" votes="153" />
            </VoteType>
            <VoteType name="Absentee by Mail" votes="110">
                <Precinct name="Wrightsville" votes="80" />
                <Precinct name="Bray" votes="30" />
            </VoteType>
            <VoteType name="Advance in Person" votes="714">
                <Precinct name="Wrightsville" votes="546" />
                <Precinct name="Bray" votes="168" />
            </VoteType>
            <VoteType name="Provisional" votes="0">
                <Precinct name="Wrightsville" votes="0" />
                <Precinct name="Bray" votes="0" />
            </VoteType>
        </Choice>
    </Contest>
    <Contest key="110" text="State Representative, District 150" isQuestion="false" precinctsReporting="3" precinctsReported="3">
        <VoteType name="Number of Precincts for Race" votes="3">
            <Precinct name="Wrightsville" votes="1" />
            <Precinct name="Smith" votes="1" />
            <Precinct name="Kite" votes="1" />
        </VoteType>
        <VoteType name="Number of Precincts Reporting" votes="3">
            <Precinct name="Wrightsville" votes="1" />
            <Precinct name="Smith" votes="1" />
            <Precinct name="Kite" votes="1" />
        </VoteType>
        <Choice key="10" text="MATT HATCHETT (I) (REP)" totalVotes="1462">
            <VoteType name="Election Day" votes="698">
                <Precinct name="Wrightsville" votes="121" />
                <Precinct name="Smith" votes="246" />
                <Precinct name="Kite" votes="331" />
            </VoteType>
            <VoteType name="Absentee by Mail" votes="78">
                <Precinct name="Wrightsville" votes="41" />
                <Precinct name="Smith" votes="25" />
                <Precinct name="Kite" votes="12" />
            </VoteType>
            <VoteType name="Advance in Person" votes="686">
                <Precinct name="Wrightsville" votes="342" />
                <Precinct name="Smith" votes="149" />
                <Precinct name="Kite" votes="195" />
            </VoteType>
            <VoteType name="Provisional" votes="0">
                <Precinct name="Wrightsville" votes="0" />
                <Precinct name="Smith" votes="0" />
                <Precinct name="Kite" votes="0" />
            </VoteType>
        </Choice>
    </Contest>
    <Contest key="130" text="District Attorney, Dublin Circuit" isQuestion="false" precinctsReporting="4" precinctsReported="4">
        <VoteType name="Number of Precincts for Race" votes="4">
            <Precinct name="Wrightsville" votes="1" />
            <Precinct name="Smith" votes="1" />
            <Precinct name="Bray" votes="1" />
            <Precinct name="Kite" votes="1" />
        </VoteType>
        <VoteType name="Number of Precincts Reporting" votes="4">
            <Precinct name="Wrightsville" votes="1" />
            <Precinct name="Smith" votes="1" />
            <Precinct name="Bray" votes="1" />
            <Precinct name="Kite" votes="1" />
        </VoteType>
        <Choice key="10" text="CRAIG FRASER (I) (REP)" totalVotes="2853">
            <VoteType name="Election Day" votes="1163">
                <Precinct name="Wrightsville" votes="404" />
                <Precinct name="Smith" votes="250" />
                <Precinct name="Bray" votes="172" />
                <Precinct name="Kite" votes="337" />
            </VoteType>
            <VoteType name="Absentee by Mail" votes="165">
                <Precinct name="Wrightsville" votes="101" />
                <Precinct name="Smith" votes="25" />
                <Precinct name="Bray" votes="26" />
                <Precinct name="Kite" votes="13" />
            </VoteType>
            <VoteType name="Advance in Person" votes="1525">
                <Precinct name="Wrightsville" votes="978" />
                <Precinct name="Smith" votes="148" />
                <Precinct name="Bray" votes="203" />
                <Precinct name="Kite" votes="196" />
            </VoteType>
            <VoteType name="Provisional" votes="0">
                <Precinct name="Wrightsville" votes="0" />
                <Precinct name="Smith" votes="0" />
                <Precinct name="Bray" votes="0" />
                <Precinct name="Kite" votes="0" />
            </VoteType>
        </Choice>
    </Contest>
    <Contest key="310" text="Probate Judge" isQuestion="false" precinctsReporting="4" precinctsReported="4">
        <VoteType name="Number of Precincts for Race" votes="4">
            <Precinct name="Wrightsville" votes="1" />
            <Precinct name="Smith" votes="1" />
            <Precinct name="Bray" votes="1" />
            <Precinct name="Kite" votes="1" />
        </VoteType>
        <VoteType name="Number of Precincts Reporting" votes="4">
            <Precinct name="Wrightsville" votes="1" />
            <Precinct name="Smith" votes="1" />
            <Precinct name="Bray" votes="1" />
            <Precinct name="Kite" votes="1" />
        </VoteType>
        <Choice key="10" text="M. BUXTON (I)(D)" totalVotes="3040">
            <VoteType name="Election Day" votes="1246">
                <Precinct name="Wrightsville" votes="486" />
                <Precinct name="Smith" votes="249" />
                <Precinct name="Bray" votes="185" />
                <Precinct name="Kite" votes="326" />
            </VoteType>
            <VoteType name="Absentee by Mail" votes="202">
                <Precinct name="Wrightsville" votes="133" />
                <Precinct name="Smith" votes="26" />
                <Precinct name="Bray" votes="30" />
                <Precinct name="Kite" votes="13" />
            </VoteType>
            <VoteType name="Advance in Person" votes="1592">
                <Precinct name="Wrightsville" votes="1056" />
                <Precinct name="Smith" votes="138" />
                <Precinct name="Bray" votes="202" />
                <Precinct name="Kite" votes="196" />
            </VoteType>
            <VoteType name="Provisional" votes="0">
                <Precinct name="Wrightsville" votes="0" />
                <Precinct name="Smith" votes="0" />
                <Precinct name="Bray" votes="0" />
                <Precinct name="Kite" votes="0" />
            </VoteType>
        </Choice>
    </Contest>
    <Contest key="330" text="Superior Court Clerk" isQuestion="false" precinctsReporting="4" precinctsReported="4">
        <VoteType name="Number of Precincts for Race" votes="4">
            <Precinct name="Wrightsville" votes="1" />
            <Precinct name="Smith" votes="1" />
            <Precinct name="Bray" votes="1" />
            <Precinct name="Kite" votes="1" />
        </VoteType>
        <VoteType name="Number of Precincts Reporting" votes="4">
            <Precinct name="Wrightsville" votes="1" />
            <Precinct name="Smith" votes="1" />
            <Precinct name="Bray" votes="1" />
            <Precinct name="Kite" votes="1" />
        </VoteType>
        <Choice key="10" text="P. T GLOVER (I)(D)" totalVotes="3051">
            <VoteType name="Election Day" votes="1244">
                <Precinct name="Wrightsville" votes="493" />
                <Precinct name="Smith" votes="242" />
                <Precinct name="Bray" votes="187" />
                <Precinct name="Kite" votes="322" />
            </VoteType>
            <VoteType name="Absentee by Mail" votes="200">
                <Precinct name="Wrightsville" votes="129" />
                <Precinct name="Smith" votes="26" />
                <Precinct name="Bray" votes="32" />
                <Precinct name="Kite" votes="13" />
            </VoteType>
            <VoteType name="Advance in Person" votes="1607">
                <Precinct name="Wrightsville" votes="1068" />
                <Precinct name="Smith" votes="136" />
                <Precinct name="Bray" votes="212" />
                <Precinct name="Kite" votes="191" />
            </VoteType>
            <VoteType name="Provisional" votes="0">
                <Precinct name="Wrightsville" votes="0" />
                <Precinct name="Smith" votes="0" />
                <Precinct name="Bray" votes="0" />
                <Precinct name="Kite" votes="0" />
            </VoteType>
        </Choice>
    </Contest>
    <Contest key="340" text="Sheriff" isQuestion="false" precinctsReporting="4" precinctsReported="4">
        <VoteType name="Number of Precincts for Race" votes="4">
            <Precinct name="Wrightsville" votes="1" />
            <Precinct name="Smith" votes="1" />
            <Precinct name="Bray" votes="1" />
            <Precinct name="Kite" votes="1" />
        </VoteType>
        <VoteType name="Number of Precincts Reporting" votes="4">
            <Precinct name="Wrightsville" votes="1" />
            <Precinct name="Smith" votes="1" />
            <Precinct name="Bray" votes="1" />
            <Precinct name="Kite" votes="1" />
        </VoteType>
        <Choice key="10" text="K. HELTON (R)" totalVotes="1614">
            <VoteType name="Election Day" votes="684">
                <Precinct name="Wrightsville" votes="143" />
                <Precinct name="Smith" votes="166" />
                <Precinct name="Bray" votes="124" />
                <Precinct name="Kite" votes="251" />
            </VoteType>
            <VoteType name="Absentee by Mail" votes="88">
                <Precinct name="Wrightsville" votes="53" />
                <Precinct name="Smith" votes="16" />
                <Precinct name="Bray" votes="15" />
                <Precinct name="Kite" votes="4" />
            </VoteType>
            <VoteType name="Advance in Person" votes="842">
                <Precinct name="Wrightsville" votes="454" />
                <Precinct name="Smith" votes="104" />
                <Precinct name="Bray" votes="156" />
                <Precinct name="Kite" votes="128" />
            </VoteType>
            <VoteType name="Provisional" votes="0">
                <Precinct name="Wrightsville" votes="0" />
                <Precinct name="Smith" votes="0" />
                <Precinct name="Bray" votes="0" />
                <Precinct name="Kite" votes="0" />
            </VoteType>
        </Choice>
        <Choice key="20" text="R. OXFORD (I)(D)" totalVotes="2017">
            <VoteType name="Election Day" votes="762">
                <Precinct name="Wrightsville" votes="422" />
                <Precinct name="Smith" votes="120" />
                <Precinct name="Bray" votes="99" />
                <Precinct name="Kite" votes="121" />
            </VoteType>
            <VoteType name="Absentee by Mail" votes="202">
                <Precinct name="Wrightsville" votes="136" />
                <Precinct name="Smith" votes="13" />
                <Precinct name="Bray" votes="43" />
                <Precinct name="Kite" votes="10" />
            </VoteType>
            <VoteType name="Advance in Person" votes="1053">
                <Precinct name="Wrightsville" votes="784" />
                <Precinct name="Smith" votes="63" />
                <Precinct name="Bray" votes="111" />
                <Precinct name="Kite" votes="95" />
            </VoteType>
            <VoteType name="Provisional" votes="0">
                <Precinct name="Wrightsville" votes="0" />
                <Precinct name="Smith" votes="0" />
                <Precinct name="Bray" votes="0" />
                <Precinct name="Kite" votes="0" />
            </VoteType>
        </Choice>
    </Contest>
    <Contest key="370" text="Tax Commissioner" isQuestion="false" precinctsReporting="4" precinctsReported="4">
        <VoteType name="Number of Precincts for Race" votes="4">
            <Precinct name="Wrightsville" votes="1" />
            <Precinct name="Smith" votes="1" />
            <Precinct name="Bray" votes="1" />
            <Precinct name="Kite" votes="1" />
        </VoteType>
        <VoteType name="Number of Precincts Reporting" votes="4">
            <Precinct name="Wrightsville" votes="1" />
            <Precinct name="Smith" votes="1" />
            <Precinct name="Bray" votes="1" />
            <Precinct name="Kite" votes="1" />
        </VoteType>
        <Choice key="10" text="S. VICKERS (I)(D)" totalVotes="2963">
            <VoteType name="Election Day" votes="1235">
                <Precinct name="Wrightsville" votes="490" />
                <Precinct name="Smith" votes="252" />
                <Precinct name="Bray" votes="178" />
                <Precinct name="Kite" votes="315" />
            </VoteType>
            <VoteType name="Absentee by Mail" votes="194">
                <Precinct name="Wrightsville" votes="127" />
                <Precinct name="Smith" votes="25" />
                <Precinct name="Bray" votes="30" />
                <Precinct name="Kite" votes="12" />
            </VoteType>
            <VoteType name="Advance in Person" votes="1534">
                <Precinct name="Wrightsville" votes="1002" />
                <Precinct name="Smith" votes="138" />
                <Precinct name="Bray" votes="200" />
                <Precinct name="Kite" votes="194" />
            </VoteType>
            <VoteType name="Provisional" votes="0">
                <Precinct name="Wrightsville" votes="0" />
                <Precinct name="Smith" votes="0" />
                <Precinct name="Bray" votes="0" />
                <Precinct name="Kite" votes="0" />
            </VoteType>
        </Choice>
    </Contest>
    <Contest key="380" text="Surveyor" isQuestion="false" precinctsReporting="4" precinctsReported="4">
        <VoteType name="Number of Precincts for Race" votes="4">
            <Precinct name="Wrightsville" votes="1" />
            <Precinct name="Smith" votes="1" />
            <Precinct name="Bray" votes="1" />
            <Precinct name="Kite" votes="1" />
        </VoteType>
        <VoteType name="Number of Precincts Reporting" votes="4">
            <Precinct name="Wrightsville" votes="1" />
            <Precinct name="Smith" votes="1" />
            <Precinct name="Bray" votes="1" />
            <Precinct name="Kite" votes="1" />
        </VoteType>
        <Choice key="10" text="R. PRICE (R)" totalVotes="2722">
            <VoteType name="Election Day" votes="1086">
                <Precinct name="Wrightsville" votes="355" />
                <Precinct name="Smith" votes="242" />
                <Precinct name="Bray" votes="164" />
                <Precinct name="Kite" votes="325" />
            </VoteType>
            <VoteType name="Absentee by Mail" votes="167">
                <Precinct name="Wrightsville" votes="100" />
                <Precinct name="Smith" votes="24" />
                <Precinct name="Bray" votes="31" />
                <Precinct name="Kite" votes="12" />
            </VoteType>
            <VoteType name="Advance in Person" votes="1469">
                <Precinct name="Wrightsville" votes="926" />
                <Precinct name="Smith" votes="143" />
                <Precinct name="Bray" votes="208" />
                <Precinct name="Kite" votes="192" />
            </VoteType>
            <VoteType name="Provisional" votes="0">
                <Precinct name="Wrightsville" votes="0" />
                <Precinct name="Smith" votes="0" />
                <Precinct name="Bray" votes="0" />
                <Precinct name="Kite" votes="0" />
            </VoteType>
        </Choice>
    </Contest>
    <Contest key="410" text="Coroner" isQuestion="false" precinctsReporting="4" precinctsReported="4">
        <VoteType name="Number of Precincts for Race" votes="4">
            <Precinct name="Wrightsville" votes="1" />
            <Precinct name="Smith" votes="1" />
            <Precinct name="Bray" votes="1" />
            <Precinct name="Kite" votes="1" />
        </VoteType>
        <VoteType name="Number of Precincts Reporting" votes="4">
            <Precinct name="Wrightsville" votes="1" />
            <Precinct name="Smith" votes="1" />
            <Precinct name="Bray" votes="1" />
            <Precinct name="Kite" votes="1" />
        </VoteType>
        <Choice key="10" text="K. JONES (I)(D)" totalVotes="2945">
            <VoteType name="Election Day" votes="1186">
                <Precinct name="Wrightsville" votes="468" />
                <Precinct name="Smith" votes="242" />
                <Precinct name="Bray" votes="169" />
                <Precinct name="Kite" votes="307" />
            </VoteType>
            <VoteType name="Absentee by Mail" votes="188">
                <Precinct name="Wrightsville" votes="122" />
                <Precinct name="Smith" votes="25" />
                <Precinct name="Bray" votes="29" />
                <Precinct name="Kite" votes="12" />
            </VoteType>
            <VoteType name="Advance in Person" votes="1571">
                <Precinct name="Wrightsville" votes="1042" />
                <Precinct name="Smith" votes="133" />
                <Precinct name="Bray" votes="210" />
                <Precinct name="Kite" votes="186" />
            </VoteType>
            <VoteType name="Provisional" votes="0">
                <Precinct name="Wrightsville" votes="0" />
                <Precinct name="Smith" votes="0" />
                <Precinct name="Bray" votes="0" />
                <Precinct name="Kite" votes="0" />
            </VoteType>
        </Choice>
    </Contest>
    <Contest key="430" text="County Comm 2" isQuestion="false" precinctsReporting="2" precinctsReported="2">
        <VoteType name="Number of Precincts for Race" votes="2">
            <Precinct name="Wrightsville" votes="1" />
            <Precinct name="Bray" votes="1" />
        </VoteType>
        <VoteType name="Number of Precincts Reporting" votes="2">
            <Precinct name="Wrightsville" votes="1" />
            <Precinct name="Bray" votes="1" />
        </VoteType>
        <Choice key="10" text="J. MCAFEE JR (I)(D)" totalVotes="552">
            <VoteType name="Election Day" votes="160">
                <Precinct name="Wrightsville" votes="73" />
                <Precinct name="Bray" votes="87" />
            </VoteType>
            <VoteType name="Absentee by Mail" votes="35">
                <Precinct name="Wrightsville" votes="24" />
                <Precinct name="Bray" votes="11" />
            </VoteType>
            <VoteType name="Advance in Person" votes="357">
                <Precinct name="Wrightsville" votes="219" />
                <Precinct name="Bray" votes="138" />
            </VoteType>
            <VoteType name="Provisional" votes="0">
                <Precinct name="Wrightsville" votes="0" />
                <Precinct name="Bray" votes="0" />
            </VoteType>
        </Choice>
    </Contest>
    <Contest key="450" text="County Comm 3" isQuestion="false" precinctsReporting="2" precinctsReported="2">
        <VoteType name="Number of Precincts for Race" votes="2">
            <Precinct name="Wrightsville" votes="1" />
            <Precinct name="Bray" votes="1" />
        </VoteType>
        <VoteType name="Number of Precincts Reporting" votes="2">
            <Precinct name="Wrightsville" votes="1" />
            <Precinct name="Bray" votes="1" />
        </VoteType>
        <Choice key="10" text="J. DARRISAW (I)(D)" totalVotes="529">
            <VoteType name="Election Day" votes="187">
                <Precinct name="Wrightsville" votes="106" />
                <Precinct name="Bray" votes="81" />
            </VoteType>
            <VoteType name="Absentee by Mail" votes="101">
                <Precinct name="Wrightsville" votes="68" />
                <Precinct name="Bray" votes="33" />
            </VoteType>
            <VoteType name="Advance in Person" votes="241">
                <Precinct name="Wrightsville" votes="184" />
                <Precinct name="Bray" votes="57" />
            </VoteType>
            <VoteType name="Provisional" votes="0">
                <Precinct name="Wrightsville" votes="0" />
                <Precinct name="Bray" votes="0" />
            </VoteType>
        </Choice>
    </Contest>
    <Contest key="460" text="County Comm 4" isQuestion="false" precinctsReporting="2" precinctsReported="2">
        <VoteType name="Number of Precincts for Race" votes="2">
            <Precinct name="Wrightsville" votes="1" />
            <Precinct name="Kite" votes="1" />
        </VoteType>
        <VoteType name="Number of Precincts Reporting" votes="2">
            <Precinct name="Wrightsville" votes="1" />
            <Precinct name="Kite" votes="1" />
        </VoteType>
        <Choice key="10" text="L. POPE (I)(R)" totalVotes="739">
            <VoteType name="Election Day" votes="352">
                <Precinct name="Wrightsville" votes="71" />
                <Precinct name="Kite" votes="281" />
            </VoteType>
            <VoteType name="Absentee by Mail" votes="27">
                <Precinct name="Wrightsville" votes="18" />
                <Precinct name="Kite" votes="9" />
            </VoteType>
            <VoteType name="Advance in Person" votes="360">
                <Precinct name="Wrightsville" votes="202" />
                <Precinct name="Kite" votes="158" />
            </VoteType>
            <VoteType name="Provisional" votes="0">
                <Precinct name="Wrightsville" votes="0" />
                <Precinct name="Kite" votes="0" />
            </VoteType>
        </Choice>
    </Contest>
    <Contest key="500" text="Constitutional Amendment #1&lt;br&gt;Provides greater flexibility and state accountability to fix failing schools through increasing community involvement." isQuestion="false" precinctsReporting="4" precinctsReported="4">
        <VoteType name="Number of Precincts for Race" votes="4">
            <Precinct name="Wrightsville" votes="1" />
            <Precinct name="Smith" votes="1" />
            <Precinct name="Bray" votes="1" />
            <Precinct name="Kite" votes="1" />
        </VoteType>
        <VoteType name="Number of Precincts Reporting" votes="4">
            <Precinct name="Wrightsville" votes="1" />
            <Precinct name="Smith" votes="1" />
            <Precinct name="Bray" votes="1" />
            <Precinct name="Kite" votes="1" />
        </VoteType>
        <Choice key="10" text="YES" totalVotes="983">
            <VoteType name="Election Day" votes="408">
                <Precinct name="Wrightsville" votes="180" />
                <Precinct name="Smith" votes="95" />
                <Precinct name="Bray" votes="57" />
                <Precinct name="Kite" votes="76" />
            </VoteType>
            <VoteType name="Absentee by Mail" votes="92">
                <Precinct name="Wrightsville" votes="62" />
                <Precinct name="Smith" votes="7" />
                <Precinct name="Bray" votes="17" />
                <Precinct name="Kite" votes="6" />
            </VoteType>
            <VoteType name="Advance in Person" votes="483">
                <Precinct name="Wrightsville" votes="314" />
                <Precinct name="Smith" votes="49" />
                <Precinct name="Bray" votes="71" />
                <Precinct name="Kite" votes="49" />
            </VoteType>
            <VoteType name="Provisional" votes="0">
                <Precinct name="Wrightsville" votes="0" />
                <Precinct name="Smith" votes="0" />
                <Precinct name="Bray" votes="0" />
                <Precinct name="Kite" votes="0" />
            </VoteType>
        </Choice>
        <Choice key="20" text="NO" totalVotes="2466">
            <VoteType name="Election Day" votes="988">
                <Precinct name="Wrightsville" votes="352" />
                <Precinct name="Smith" votes="189" />
                <Precinct name="Bray" votes="157" />
                <Precinct name="Kite" votes="290" />
            </VoteType>
            <VoteType name="Absentee by Mail" votes="125">
                <Precinct name="Wrightsville" votes="75" />
                <Precinct name="Smith" votes="20" />
                <Precinct name="Bray" votes="22" />
                <Precinct name="Kite" votes="8" />
            </VoteType>
            <VoteType name="Advance in Person" votes="1353">
                <Precinct name="Wrightsville" votes="875" />
                <Precinct name="Smith" votes="118" />
                <Precinct name="Bray" votes="190" />
                <Precinct name="Kite" votes="170" />
            </VoteType>
            <VoteType name="Provisional" votes="0">
                <Precinct name="Wrightsville" votes="0" />
                <Precinct name="Smith" votes="0" />
                <Precinct name="Bray" votes="0" />
                <Precinct name="Kite" votes="0" />
            </VoteType>
        </Choice>
    </Contest>
    <Contest key="510" text="Constitutional Amendment #2&lt;br&gt;Authorizes penalties for sexual exploitation and assessments on adult entertainment to fund child victims' services." isQuestion="false" precinctsReporting="4" precinctsReported="4">
        <VoteType name="Number of Precincts for Race" votes="4">
            <Precinct name="Wrightsville" votes="1" />
            <Precinct name="Smith" votes="1" />
            <Precinct name="Bray" votes="1" />
            <Precinct name="Kite" votes="1" />
        </VoteType>
        <VoteType name="Number of Precincts Reporting" votes="4">
            <Precinct name="Wrightsville" votes="1" />
            <Precinct name="Smith" votes="1" />
            <Precinct name="Bray" votes="1" />
            <Precinct name="Kite" votes="1" />
        </VoteType>
        <Choice key="10" text="YES" totalVotes="2600">
            <VoteType name="Election Day" votes="1068">
                <Precinct name="Wrightsville" votes="386" />
                <Precinct name="Smith" votes="236" />
                <Precinct name="Bray" votes="165" />
                <Precinct name="Kite" votes="281" />
            </VoteType>
            <VoteType name="Absentee by Mail" votes="175">
                <Precinct name="Wrightsville" votes="111" />
                <Precinct name="Smith" votes="27" />
                <Precinct name="Bray" votes="28" />
                <Precinct name="Kite" votes="9" />
            </VoteType>
            <VoteType name="Advance in Person" votes="1357">
                <Precinct name="Wrightsville" votes="862" />
                <Precinct name="Smith" votes="128" />
                <Precinct name="Bray" votes="194" />
                <Precinct name="Kite" votes="173" />
            </VoteType>
            <VoteType name="Provisional" votes="0">
                <Precinct name="Wrightsville" votes="0" />
                <Precinct name="Smith" votes="0" />
                <Precinct name="Bray" votes="0" />
                <Precinct name="Kite" votes="0" />
            </VoteType>
        </Choice>
        <Choice key="20" text="NO" totalVotes="703">
            <VoteType name="Election Day" votes="279">
                <Precinct name="Wrightsville" votes="125" />
                <Precinct name="Smith" votes="39" />
                <Precinct name="Bray" votes="42" />
                <Precinct name="Kite" votes="73" />
            </VoteType>
            <VoteType name="Absentee by Mail" votes="37">
                <Precinct name="Wrightsville" votes="21" />
                <Precinct name="Smith" votes="1" />
                <Precinct name="Bray" votes="10" />
                <Precinct name="Kite" votes="5" />
            </VoteType>
            <VoteType name="Advance in Person" votes="387">
                <Precinct name="Wrightsville" votes="255" />
                <Precinct name="Smith" votes="32" />
                <Precinct name="Bray" votes="56" />
                <Precinct name="Kite" votes="44" />
            </VoteType>
            <VoteType name="Provisional" votes="0">
                <Precinct name="Wrightsville" votes="0" />
                <Precinct name="Smith" votes="0" />
                <Precinct name="Bray" votes="0" />
                <Precinct name="Kite" votes="0" />
            </VoteType>
        </Choice>
    </Contest>
    <Contest key="520" text="Constitutional Amendment #3&lt;br&gt;Reforms and re-establishes the Judicial Qualifications Commission and provides for its composition, governance, and powers." isQuestion="false" precinctsReporting="4" precinctsReported="4">
        <VoteType name="Number of Precincts for Race" votes="4">
            <Precinct name="Wrightsville" votes="1" />
            <Precinct name="Smith" votes="1" />
            <Precinct name="Bray" votes="1" />
            <Precinct name="Kite" votes="1" />
        </VoteType>
        <VoteType name="Number of Precincts Reporting" votes="4">
            <Precinct name="Wrightsville" votes="1" />
            <Precinct name="Smith" votes="1" />
            <Precinct name="Bray" votes="1" />
            <Precinct name="Kite" votes="1" />
        </VoteType>
        <Choice key="10" text="YES" totalVotes="1654">
            <VoteType name="Election Day" votes="694">
                <Precinct name="Wrightsville" votes="286" />
                <Precinct name="Smith" votes="148" />
                <Precinct name="Bray" votes="93" />
                <Precinct name="Kite" votes="167" />
            </VoteType>
            <VoteType name="Absentee by Mail" votes="111">
                <Precinct name="Wrightsville" votes="74" />
                <Precinct name="Smith" votes="14" />
                <Precinct name="Bray" votes="17" />
                <Precinct name="Kite" votes="6" />
            </VoteType>
            <VoteType name="Advance in Person" votes="849">
                <Precinct name="Wrightsville" votes="565" />
                <Precinct name="Smith" votes="77" />
                <Precinct name="Bray" votes="116" />
                <Precinct name="Kite" votes="91" />
            </VoteType>
            <VoteType name="Provisional" votes="0">
                <Precinct name="Wrightsville" votes="0" />
                <Precinct name="Smith" votes="0" />
                <Precinct name="Bray" votes="0" />
                <Precinct name="Kite" votes="0" />
            </VoteType>
        </Choice>
        <Choice key="20" text="NO" totalVotes="1417">
            <VoteType name="Election Day" votes="564">
                <Precinct name="Wrightsville" votes="203" />
                <Precinct name="Smith" votes="103" />
                <Precinct name="Bray" votes="94" />
                <Precinct name="Kite" votes="164" />
            </VoteType>
            <VoteType name="Absentee by Mail" votes="76">
                <Precinct name="Wrightsville" votes="43" />
                <Precinct name="Smith" votes="11" />
                <Precinct name="Bray" votes="16" />
                <Precinct name="Kite" votes="6" />
            </VoteType>
            <VoteType name="Advance in Person" votes="777">
                <Precinct name="Wrightsville" votes="476" />
                <Precinct name="Smith" votes="73" />
                <Precinct name="Bray" votes="115" />
                <Precinct name="Kite" votes="113" />
            </VoteType>
            <VoteType name="Provisional" votes="0">
                <Precinct name="Wrightsville" votes="0" />
                <Precinct name="Smith" votes="0" />
                <Precinct name="Bray" votes="0" />
                <Precinct name="Kite" votes="0" />
            </VoteType>
        </Choice>
    </Contest>
    <Contest key="530" text="Constitutional Amendment #4&lt;br&gt;Dedicates revenue from existing taxes on fireworks to trauma care, fire services, and public safety." isQuestion="false" precinctsReporting="4" precinctsReported="4">
        <VoteType name="Number of Precincts for Race" votes="4">
            <Precinct name="Wrightsville" votes="1" />
            <Precinct name="Smith" votes="1" />
            <Precinct name="Bray" votes="1" />
            <Precinct name="Kite" votes="1" />
        </VoteType>
        <VoteType name="Number of Precincts Reporting" votes="4">
            <Precinct name="Wrightsville" votes="1" />
            <Precinct name="Smith" votes="1" />
            <Precinct name="Bray" votes="1" />
            <Precinct name="Kite" votes="1" />
        </VoteType>
        <Choice key="10" text="YES" totalVotes="2415">
            <VoteType name="Election Day" votes="987">
                <Precinct name="Wrightsville" votes="360" />
                <Precinct name="Smith" votes="210" />
                <Precinct name="Bray" votes="153" />
                <Precinct name="Kite" votes="264" />
            </VoteType>
            <VoteType name="Absentee by Mail" votes="174">
                <Precinct name="Wrightsville" votes="112" />
                <Precinct name="Smith" votes="26" />
                <Precinct name="Bray" votes="27" />
                <Precinct name="Kite" votes="9" />
            </VoteType>
            <VoteType name="Advance in Person" votes="1254">
                <Precinct name="Wrightsville" votes="800" />
                <Precinct name="Smith" votes="114" />
                <Precinct name="Bray" votes="176" />
                <Precinct name="Kite" votes="164" />
            </VoteType>
            <VoteType name="Provisional" votes="0">
                <Precinct name="Wrightsville" votes="0" />
                <Precinct name="Smith" votes="0" />
                <Precinct name="Bray" votes="0" />
                <Precinct name="Kite" votes="0" />
            </VoteType>
        </Choice>
        <Choice key="20" text="NO" totalVotes="847">
            <VoteType name="Election Day" votes="338">
                <Precinct name="Wrightsville" votes="146" />
                <Precinct name="Smith" votes="61" />
                <Precinct name="Bray" votes="44" />
                <Precinct name="Kite" votes="87" />
            </VoteType>
            <VoteType name="Absentee by Mail" votes="32">
                <Precinct name="Wrightsville" votes="18" />
                <Precinct name="Smith" votes="0" />
                <Precinct name="Bray" votes="11" />
                <Precinct name="Kite" votes="3" />
            </VoteType>
            <VoteType name="Advance in Person" votes="477">
                <Precinct name="Wrightsville" votes="312" />
                <Precinct name="Smith" votes="48" />
                <Precinct name="Bray" votes="67" />
                <Precinct name="Kite" votes="50" />
            </VoteType>
            <VoteType name="Provisional" votes="0">
                <Precinct name="Wrightsville" votes="0" />
                <Precinct name="Smith" votes="0" />
                <Precinct name="Bray" votes="0" />
                <Precinct name="Kite" votes="0" />
            </VoteType>
        </Choice>
    </Contest>
</ElectionResult>