<?xml version="1.0"?>
<!--Election result snapshot imported from Tabulation System
-->
<ElectionResult>
    <Timestamp>11/14/2016 11:55:56 AM EST</Timestamp>
    <ElectionName>November 8, 2016 - General Election</ElectionName>
    <ElectionDate>11/8/2016</ElectionDate>
    <Region>Taliaferro</Region>
    <VoterTurnout totalVoters="1157" ballotsCast="904" voterTurnout="78.13">
        <Precincts>
            <Precinct name="Sharon" totalVoters="236" ballotsCast="195" voterTurnout="82.63" percentReporting="4" />
            <Precinct name="Crawfordville" totalVoters="921" ballotsCast="709" voterTurnout="76.98" percentReporting="4" />
        </Precincts>
    </VoterTurnout>
    <Contest key="1" text="President of the United States" isQuestion="false" precinctsReporting="2" precinctsReported="2">
        <VoteType name="Number of Precincts for Race" votes="2">
            <Precinct name="Sharon" votes="1" />
            <Precinct name="Crawfordville" votes="1" />
        </VoteType>
        <VoteType name="Number of Precincts Reporting" votes="2">
            <Precinct name="Sharon" votes="1" />
            <Precinct name="Crawfordville" votes="1" />
        </VoteType>
        <Choice key="10" text="DONALD J. TRUMP" totalVotes="349">
            <VoteType name="Election Day" votes="166">
                <Precinct name="Sharon" votes="58" />
                <Precinct name="Crawfordville" votes="108" />
            </VoteType>
            <VoteType name="Absentee by Mail" votes="18">
                <Precinct name="Sharon" votes="2" />
                <Precinct name="Crawfordville" votes="16" />
            </VoteType>
            <VoteType name="Advance in Person" votes="165">
                <Precinct name="Sharon" votes="20" />
                <Precinct name="Crawfordville" votes="145" />
            </VoteType>
            <VoteType name="Provisional" votes="0">
                <Precinct name="Sharon" votes="0" />
                <Precinct name="Crawfordville" votes="0" />
            </VoteType>
        </Choice>
        <Choice key="20" text="HILLARY CLINTON" totalVotes="545">
            <VoteType name="Election Day" votes="220">
                <Precinct name="Sharon" votes="67" />
                <Precinct name="Crawfordville" votes="153" />
            </VoteType>
            <VoteType name="Absentee by Mail" votes="89">
                <Precinct name="Sharon" votes="16" />
                <Precinct name="Crawfordville" votes="73" />
            </VoteType>
            <VoteType name="Advance in Person" votes="235">
                <Precinct name="Sharon" votes="31" />
                <Precinct name="Crawfordville" votes="204" />
            </VoteType>
            <VoteType name="Provisional" votes="1">
                <Precinct name="Sharon" votes="0" />
                <Precinct name="Crawfordville" votes="1" />
            </VoteType>
        </Choice>
        <Choice key="30" text="GARY JOHNSON" totalVotes="3">
            <VoteType name="Election Day" votes="0">
                <Precinct name="Sharon" votes="0" />
                <Precinct name="Crawfordville" votes="0" />
            </VoteType>
            <VoteType name="Absentee by Mail" votes="0">
                <Precinct name="Sharon" votes="0" />
                <Precinct name="Crawfordville" votes="0" />
            </VoteType>
            <VoteType name="Advance in Person" votes="3">
                <Precinct name="Sharon" votes="0" />
                <Precinct name="Crawfordville" votes="3" />
            </VoteType>
            <VoteType name="Provisional" votes="0">
                <Precinct name="Sharon" votes="0" />
                <Precinct name="Crawfordville" votes="0" />
            </VoteType>
        </Choice>
    </Contest>
    <Contest key="10" text="United States Senator, Isakson" isQuestion="false" precinctsReporting="2" precinctsReported="2">
        <VoteType name="Number of Precincts for Race" votes="2">
            <Precinct name="Sharon" votes="1" />
            <Precinct name="Crawfordville" votes="1" />
        </VoteType>
        <VoteType name="Number of Precincts Reporting" votes="2">
            <Precinct name="Sharon" votes="1" />
            <Precinct name="Crawfordville" votes="1" />
        </VoteType>
        <Choice key="10" text="JOHNNY ISAKSON (I)" totalVotes="341">
            <VoteType name="Election Day" votes="162">
                <Precinct name="Sharon" votes="57" />
                <Precinct name="Crawfordville" votes="105" />
            </VoteType>
            <VoteType name="Absentee by Mail" votes="17">
                <Precinct name="Sharon" votes="3" />
                <Precinct name="Crawfordville" votes="14" />
            </VoteType>
            <VoteType name="Advance in Person" votes="162">
                <Precinct name="Sharon" votes="20" />
                <Precinct name="Crawfordville" votes="142" />
            </VoteType>
            <VoteType name="Provisional" votes="0">
                <Precinct name="Sharon" votes="0" />
                <Precinct name="Crawfordville" votes="0" />
            </VoteType>
        </Choice>
        <Choice key="20" text="JIM BARKSDALE" totalVotes="443">
            <VoteType name="Election Day" votes="180">
                <Precinct name="Sharon" votes="54" />
                <Precinct name="Crawfordville" votes="126" />
            </VoteType>
            <VoteType name="Absentee by Mail" votes="77">
                <Precinct name="Sharon" votes="12" />
                <Precinct name="Crawfordville" votes="65" />
            </VoteType>
            <VoteType name="Advance in Person" votes="185">
                <Precinct name="Sharon" votes="21" />
                <Precinct name="Crawfordville" votes="164" />
            </VoteType>
            <VoteType name="Provisional" votes="1">
                <Precinct name="Sharon" votes="0" />
                <Precinct name="Crawfordville" votes="1" />
            </VoteType>
        </Choice>
        <Choice key="30" text="ALLEN BUCKLEY" totalVotes="14">
            <VoteType name="Election Day" votes="5">
                <Precinct name="Sharon" votes="0" />
                <Precinct name="Crawfordville" votes="5" />
            </VoteType>
            <VoteType name="Absentee by Mail" votes="3">
                <Precinct name="Sharon" votes="1" />
                <Precinct name="Crawfordville" votes="2" />
            </VoteType>
            <VoteType name="Advance in Person" votes="6">
                <Precinct name="Sharon" votes="0" />
                <Precinct name="Crawfordville" votes="6" />
            </VoteType>
            <VoteType name="Provisional" votes="0">
                <Precinct name="Sharon" votes="0" />
                <Precinct name="Crawfordville" votes="0" />
            </VoteType>
        </Choice>
    </Contest>
    <Contest key="30" text="Public Service Commission, District 2 - Eastern" isQuestion="false" precinctsReporting="2" precinctsReported="2">
        <VoteType name="Number of Precincts for Race" votes="2">
            <Precinct name="Sharon" votes="1" />
            <Precinct name="Crawfordville" votes="1" />
        </VoteType>
        <VoteType name="Number of Precincts Reporting" votes="2">
            <Precinct name="Sharon" votes="1" />
            <Precinct name="Crawfordville" votes="1" />
        </VoteType>
        <Choice key="10" text="TIM ECHOLS (I)" totalVotes="379">
            <VoteType name="Election Day" votes="178">
                <Precinct name="Sharon" votes="60" />
                <Precinct name="Crawfordville" votes="118" />
            </VoteType>
            <VoteType name="Absentee by Mail" votes="34">
                <Precinct name="Sharon" votes="4" />
                <Precinct name="Crawfordville" votes="30" />
            </VoteType>
            <VoteType name="Advance in Person" votes="167">
                <Precinct name="Sharon" votes="22" />
                <Precinct name="Crawfordville" votes="145" />
            </VoteType>
            <VoteType name="Provisional" votes="0">
                <Precinct name="Sharon" votes="0" />
                <Precinct name="Crawfordville" votes="0" />
            </VoteType>
        </Choice>
        <Choice key="20" text="ERIC HOSKINS" totalVotes="230">
            <VoteType name="Election Day" votes="86">
                <Precinct name="Sharon" votes="26" />
                <Precinct name="Crawfordville" votes="60" />
            </VoteType>
            <VoteType name="Absentee by Mail" votes="36">
                <Precinct name="Sharon" votes="7" />
                <Precinct name="Crawfordville" votes="29" />
            </VoteType>
            <VoteType name="Advance in Person" votes="107">
                <Precinct name="Sharon" votes="11" />
                <Precinct name="Crawfordville" votes="96" />
            </VoteType>
            <VoteType name="Provisional" votes="1">
                <Precinct name="Sharon" votes="0" />
                <Precinct name="Crawfordville" votes="1" />
            </VoteType>
        </Choice>
    </Contest>
    <Contest key="50" text="U.S. Representative, District 10" isQuestion="false" precinctsReporting="2" precinctsReported="2">
        <VoteType name="Number of Precincts for Race" votes="2">
            <Precinct name="Sharon" votes="1" />
            <Precinct name="Crawfordville" votes="1" />
        </VoteType>
        <VoteType name="Number of Precincts Reporting" votes="2">
            <Precinct name="Sharon" votes="1" />
            <Precinct name="Crawfordville" votes="1" />
        </VoteType>
        <Choice key="10" text="JODY HICE (I)" totalVotes="490">
            <VoteType name="Election Day" votes="221">
                <Precinct name="Sharon" votes="75" />
                <Precinct name="Crawfordville" votes="146" />
            </VoteType>
            <VoteType name="Absentee by Mail" votes="42">
                <Precinct name="Sharon" votes="5" />
                <Precinct name="Crawfordville" votes="37" />
            </VoteType>
            <VoteType name="Advance in Person" votes="226">
                <Precinct name="Sharon" votes="28" />
                <Precinct name="Crawfordville" votes="198" />
            </VoteType>
            <VoteType name="Provisional" votes="1">
                <Precinct name="Sharon" votes="0" />
                <Precinct name="Crawfordville" votes="1" />
            </VoteType>
        </Choice>
    </Contest>
    <Contest key="70" text="State Senator, District 24" isQuestion="false" precinctsReporting="2" precinctsReported="2">
        <VoteType name="Number of Precincts for Race" votes="2">
            <Precinct name="Sharon" votes="1" />
            <Precinct name="Crawfordville" votes="1" />
        </VoteType>
        <VoteType name="Number of Precincts Reporting" votes="2">
            <Precinct name="Sharon" votes="1" />
            <Precinct name="Crawfordville" votes="1" />
        </VoteType>
        <Choice key="10" text="LEE ANDERSON" totalVotes="313">
            <VoteType name="Election Day" votes="146">
                <Precinct name="Sharon" votes="50" />
                <Precinct name="Crawfordville" votes="96" />
            </VoteType>
            <VoteType name="Absentee by Mail" votes="16">
                <Precinct name="Sharon" votes="1" />
                <Precinct name="Crawfordville" votes="15" />
            </VoteType>
            <VoteType name="Advance in Person" votes="151">
                <Precinct name="Sharon" votes="19" />
                <Precinct name="Crawfordville" votes="132" />
            </VoteType>
            <VoteType name="Provisional" votes="0">
                <Precinct name="Sharon" votes="0" />
                <Precinct name="Crawfordville" votes="0" />
            </VoteType>
        </Choice>
        <Choice key="20" text="BRENDA J. JORDAN" totalVotes="492">
            <VoteType name="Election Day" votes="203">
                <Precinct name="Sharon" votes="67" />
                <Precinct name="Crawfordville" votes="136" />
            </VoteType>
            <VoteType name="Absentee by Mail" votes="79">
                <Precinct name="Sharon" votes="15" />
                <Precinct name="Crawfordville" votes="64" />
            </VoteType>
            <VoteType name="Advance in Person" votes="209">
                <Precinct name="Sharon" votes="25" />
                <Precinct name="Crawfordville" votes="184" />
            </VoteType>
            <VoteType name="Provisional" votes="1">
                <Precinct name="Sharon" votes="0" />
                <Precinct name="Crawfordville" votes="1" />
            </VoteType>
        </Choice>
    </Contest>
    <Contest key="90" text="State Representative, District 120" isQuestion="false" precinctsReporting="2" precinctsReported="2">
        <VoteType name="Number of Precincts for Race" votes="2">
            <Precinct name="Sharon" votes="1" />
            <Precinct name="Crawfordville" votes="1" />
        </VoteType>
        <VoteType name="Number of Precincts Reporting" votes="2">
            <Precinct name="Sharon" votes="1" />
            <Precinct name="Crawfordville" votes="1" />
        </VoteType>
        <Choice key="10" text="TREY RHODES (I)" totalVotes="505">
            <VoteType name="Election Day" votes="226">
                <Precinct name="Sharon" votes="74" />
                <Precinct name="Crawfordville" votes="152" />
            </VoteType>
            <VoteType name="Absentee by Mail" votes="43">
                <Precinct name="Sharon" votes="4" />
                <Precinct name="Crawfordville" votes="39" />
            </VoteType>
            <VoteType name="Advance in Person" votes="235">
                <Precinct name="Sharon" votes="31" />
                <Precinct name="Crawfordville" votes="204" />
            </VoteType>
            <VoteType name="Provisional" votes="1">
                <Precinct name="Sharon" votes="0" />
                <Precinct name="Crawfordville" votes="1" />
            </VoteType>
        </Choice>
    </Contest>
    <Contest key="110" text="District Attorney, Toombs Circuit" isQuestion="false" precinctsReporting="2" precinctsReported="2">
        <VoteType name="Number of Precincts for Race" votes="2">
            <Precinct name="Sharon" votes="1" />
            <Precinct name="Crawfordville" votes="1" />
        </VoteType>
        <VoteType name="Number of Precincts Reporting" votes="2">
            <Precinct name="Sharon" votes="1" />
            <Precinct name="Crawfordville" votes="1" />
        </VoteType>
        <Choice key="10" text="DURWOOD R. &quot;WOODY&quot; DAVIS" totalVotes="317">
            <VoteType name="Election Day" votes="151">
                <Precinct name="Sharon" votes="42" />
                <Precinct name="Crawfordville" votes="109" />
            </VoteType>
            <VoteType name="Absentee by Mail" votes="14">
                <Precinct name="Sharon" votes="1" />
                <Precinct name="Crawfordville" votes="13" />
            </VoteType>
            <VoteType name="Advance in Person" votes="152">
                <Precinct name="Sharon" votes="19" />
                <Precinct name="Crawfordville" votes="133" />
            </VoteType>
            <VoteType name="Provisional" votes="0">
                <Precinct name="Sharon" votes="0" />
                <Precinct name="Crawfordville" votes="0" />
            </VoteType>
        </Choice>
        <Choice key="20" text="BILL DOUPE" totalVotes="495">
            <VoteType name="Election Day" votes="202">
                <Precinct name="Sharon" votes="72" />
                <Precinct name="Crawfordville" votes="130" />
            </VoteType>
            <VoteType name="Absentee by Mail" votes="84">
                <Precinct name="Sharon" votes="15" />
                <Precinct name="Crawfordville" votes="69" />
            </VoteType>
            <VoteType name="Advance in Person" votes="208">
                <Precinct name="Sharon" votes="26" />
                <Precinct name="Crawfordville" votes="182" />
            </VoteType>
            <VoteType name="Provisional" votes="1">
                <Precinct name="Sharon" votes="0" />
                <Precinct name="Crawfordville" votes="1" />
            </VoteType>
        </Choice>
    </Contest>
    <Contest key="310" text="Probate Judge" isQuestion="false" precinctsReporting="2" precinctsReported="2">
        <VoteType name="Number of Precincts for Race" votes="2">
            <Precinct name="Sharon" votes="1" />
            <Precinct name="Crawfordville" votes="1" />
        </VoteType>
        <VoteType name="Number of Precincts Reporting" votes="2">
            <Precinct name="Sharon" votes="1" />
            <Precinct name="Crawfordville" votes="1" />
        </VoteType>
        <Choice key="10" text="C. STEPHENS (I)(D)" totalVotes="696">
            <VoteType name="Election Day" votes="293">
                <Precinct name="Sharon" votes="96" />
                <Precinct name="Crawfordville" votes="197" />
            </VoteType>
            <VoteType name="Absentee by Mail" votes="87">
                <Precinct name="Sharon" votes="14" />
                <Precinct name="Crawfordville" votes="73" />
            </VoteType>
            <VoteType name="Advance in Person" votes="315">
                <Precinct name="Sharon" votes="43" />
                <Precinct name="Crawfordville" votes="272" />
            </VoteType>
            <VoteType name="Provisional" votes="1">
                <Precinct name="Sharon" votes="0" />
                <Precinct name="Crawfordville" votes="1" />
            </VoteType>
        </Choice>
    </Contest>
    <Contest key="330" text="Superior Court Clerk" isQuestion="false" precinctsReporting="2" precinctsReported="2">
        <VoteType name="Number of Precincts for Race" votes="2">
            <Precinct name="Sharon" votes="1" />
            <Precinct name="Crawfordville" votes="1" />
        </VoteType>
        <VoteType name="Number of Precincts Reporting" votes="2">
            <Precinct name="Sharon" votes="1" />
            <Precinct name="Crawfordville" votes="1" />
        </VoteType>
        <Choice key="10" text="S. GREENE (I)(D)" totalVotes="738">
            <VoteType name="Election Day" votes="322">
                <Precinct name="Sharon" votes="107" />
                <Precinct name="Crawfordville" votes="215" />
            </VoteType>
            <VoteType name="Absentee by Mail" votes="84">
                <Precinct name="Sharon" votes="14" />
                <Precinct name="Crawfordville" votes="70" />
            </VoteType>
            <VoteType name="Advance in Person" votes="331">
                <Precinct name="Sharon" votes="42" />
                <Precinct name="Crawfordville" votes="289" />
            </VoteType>
            <VoteType name="Provisional" votes="1">
                <Precinct name="Sharon" votes="0" />
                <Precinct name="Crawfordville" votes="1" />
            </VoteType>
        </Choice>
    </Contest>
    <Contest key="350" text="Sheriff" isQuestion="false" precinctsReporting="2" precinctsReported="2">
        <VoteType name="Number of Precincts for Race" votes="2">
            <Precinct name="Sharon" votes="1" />
            <Precinct name="Crawfordville" votes="1" />
        </VoteType>
        <VoteType name="Number of Precincts Reporting" votes="2">
            <Precinct name="Sharon" votes="1" />
            <Precinct name="Crawfordville" votes="1" />
        </VoteType>
        <Choice key="10" text="M. RICHARDS (I)(D)" totalVotes="675">
            <VoteType name="Election Day" votes="290">
                <Precinct name="Sharon" votes="96" />
                <Precinct name="Crawfordville" votes="194" />
            </VoteType>
            <VoteType name="Absentee by Mail" votes="82">
                <Precinct name="Sharon" votes="16" />
                <Precinct name="Crawfordville" votes="66" />
            </VoteType>
            <VoteType name="Advance in Person" votes="302">
                <Precinct name="Sharon" votes="40" />
                <Precinct name="Crawfordville" votes="262" />
            </VoteType>
            <VoteType name="Provisional" votes="1">
                <Precinct name="Sharon" votes="0" />
                <Precinct name="Crawfordville" votes="1" />
            </VoteType>
        </Choice>
    </Contest>
    <Contest key="370" text="Tax Commissioner" isQuestion="false" precinctsReporting="2" precinctsReported="2">
        <VoteType name="Number of Precincts for Race" votes="2">
            <Precinct name="Sharon" votes="1" />
            <Precinct name="Crawfordville" votes="1" />
        </VoteType>
        <VoteType name="Number of Precincts Reporting" votes="2">
            <Precinct name="Sharon" votes="1" />
            <Precinct name="Crawfordville" votes="1" />
        </VoteType>
        <Choice key="10" text="V. SWANN (I)(D)" totalVotes="735">
            <VoteType name="Election Day" votes="319">
                <Precinct name="Sharon" votes="109" />
                <Precinct name="Crawfordville" votes="210" />
            </VoteType>
            <VoteType name="Absentee by Mail" votes="80">
                <Precinct name="Sharon" votes="14" />
                <Precinct name="Crawfordville" votes="66" />
            </VoteType>
            <VoteType name="Advance in Person" votes="335">
                <Precinct name="Sharon" votes="44" />
                <Precinct name="Crawfordville" votes="291" />
            </VoteType>
            <VoteType name="Provisional" votes="1">
                <Precinct name="Sharon" votes="0" />
                <Precinct name="Crawfordville" votes="1" />
            </VoteType>
        </Choice>
    </Contest>
    <Contest key="390" text="Coroner" isQuestion="false" precinctsReporting="2" precinctsReported="2">
        <VoteType name="Number of Precincts for Race" votes="2">
            <Precinct name="Sharon" votes="1" />
            <Precinct name="Crawfordville" votes="1" />
        </VoteType>
        <VoteType name="Number of Precincts Reporting" votes="2">
            <Precinct name="Sharon" votes="1" />
            <Precinct name="Crawfordville" votes="1" />
        </VoteType>
        <Choice key="10" text="M. ALEXANDER (I)(D)" totalVotes="710">
            <VoteType name="Election Day" votes="300">
                <Precinct name="Sharon" votes="96" />
                <Precinct name="Crawfordville" votes="204" />
            </VoteType>
            <VoteType name="Absentee by Mail" votes="89">
                <Precinct name="Sharon" votes="14" />
                <Precinct name="Crawfordville" votes="75" />
            </VoteType>
            <VoteType name="Advance in Person" votes="320">
                <Precinct name="Sharon" votes="42" />
                <Precinct name="Crawfordville" votes="278" />
            </VoteType>
            <VoteType name="Provisional" votes="1">
                <Precinct name="Sharon" votes="0" />
                <Precinct name="Crawfordville" votes="1" />
            </VoteType>
        </Choice>
    </Contest>
    <Contest key="400" text="Constitutional Amendment #1&lt;br&gt;Provides greater flexibility and state accountability to fix failing schools through increasing community involvement." isQuestion="false" precinctsReporting="2" precinctsReported="2">
        <VoteType name="Number of Precincts for Race" votes="2">
            <Precinct name="Sharon" votes="1" />
            <Precinct name="Crawfordville" votes="1" />
        </VoteType>
        <VoteType name="Number of Precincts Reporting" votes="2">
            <Precinct name="Sharon" votes="1" />
            <Precinct name="Crawfordville" votes="1" />
        </VoteType>
        <Choice key="10" text="YES" totalVotes="368">
            <VoteType name="Election Day" votes="170">
                <Precinct name="Sharon" votes="39" />
                <Precinct name="Crawfordville" votes="131" />
            </VoteType>
            <VoteType name="Absentee by Mail" votes="47">
                <Precinct name="Sharon" votes="14" />
                <Precinct name="Crawfordville" votes="33" />
            </VoteType>
            <VoteType name="Advance in Person" votes="151">
                <Precinct name="Sharon" votes="21" />
                <Precinct name="Crawfordville" votes="130" />
            </VoteType>
            <VoteType name="Provisional" votes="0">
                <Precinct name="Sharon" votes="0" />
                <Precinct name="Crawfordville" votes="0" />
            </VoteType>
        </Choice>
        <Choice key="20" text="NO" totalVotes="448">
            <VoteType name="Election Day" votes="176">
                <Precinct name="Sharon" votes="73" />
                <Precinct name="Crawfordville" votes="103" />
            </VoteType>
            <VoteType name="Absentee by Mail" votes="43">
                <Precinct name="Sharon" votes="3" />
                <Precinct name="Crawfordville" votes="40" />
            </VoteType>
            <VoteType name="Advance in Person" votes="228">
                <Precinct name="Sharon" votes="23" />
                <Precinct name="Crawfordville" votes="205" />
            </VoteType>
            <VoteType name="Provisional" votes="1">
                <Precinct name="Sharon" votes="0" />
                <Precinct name="Crawfordville" votes="1" />
            </VoteType>
        </Choice>
    </Contest>
    <Contest key="410" text="Constitutional Amendment #2&lt;br&gt;Authorizes penalties for sexual exploitation and assessments on adult entertainment to fund child victims' services." isQuestion="false" precinctsReporting="2" precinctsReported="2">
        <VoteType name="Number of Precincts for Race" votes="2">
            <Precinct name="Sharon" votes="1" />
            <Precinct name="Crawfordville" votes="1" />
        </VoteType>
        <VoteType name="Number of Precincts Reporting" votes="2">
            <Precinct name="Sharon" votes="1" />
            <Precinct name="Crawfordville" votes="1" />
        </VoteType>
        <Choice key="10" text="YES" totalVotes="618">
            <VoteType name="Election Day" votes="263">
                <Precinct name="Sharon" votes="80" />
                <Precinct name="Crawfordville" votes="183" />
            </VoteType>
            <VoteType name="Absentee by Mail" votes="73">
                <Precinct name="Sharon" votes="13" />
                <Precinct name="Crawfordville" votes="60" />
            </VoteType>
            <VoteType name="Advance in Person" votes="281">
                <Precinct name="Sharon" votes="33" />
                <Precinct name="Crawfordville" votes="248" />
            </VoteType>
            <VoteType name="Provisional" votes="1">
                <Precinct name="Sharon" votes="0" />
                <Precinct name="Crawfordville" votes="1" />
            </VoteType>
        </Choice>
        <Choice key="20" text="NO" totalVotes="155">
            <VoteType name="Election Day" votes="71">
                <Precinct name="Sharon" votes="29" />
                <Precinct name="Crawfordville" votes="42" />
            </VoteType>
            <VoteType name="Absentee by Mail" votes="11">
                <Precinct name="Sharon" votes="0" />
                <Precinct name="Crawfordville" votes="11" />
            </VoteType>
            <VoteType name="Advance in Person" votes="73">
                <Precinct name="Sharon" votes="10" />
                <Precinct name="Crawfordville" votes="63" />
            </VoteType>
            <VoteType name="Provisional" votes="0">
                <Precinct name="Sharon" votes="0" />
                <Precinct name="Crawfordville" votes="0" />
            </VoteType>
        </Choice>
    </Contest>
    <Contest key="420" text="Constitutional Amendment #3&lt;br&gt;Reforms and re-establishes the Judicial Qualifications Commission and provides for its composition, governance, and powers." isQuestion="false" precinctsReporting="2" precinctsReported="2">
        <VoteType name="Number of Precincts for Race" votes="2">
            <Precinct name="Sharon" votes="1" />
            <Precinct name="Crawfordville" votes="1" />
        </VoteType>
        <VoteType name="Number of Precincts Reporting" votes="2">
            <Precinct name="Sharon" votes="1" />
            <Precinct name="Crawfordville" votes="1" />
        </VoteType>
        <Choice key="10" text="YES" totalVotes="417">
            <VoteType name="Election Day" votes="183">
                <Precinct name="Sharon" votes="43" />
                <Precinct name="Crawfordville" votes="140" />
            </VoteType>
            <VoteType name="Absentee by Mail" votes="50">
                <Precinct name="Sharon" votes="8" />
                <Precinct name="Crawfordville" votes="42" />
            </VoteType>
            <VoteType name="Advance in Person" votes="184">
                <Precinct name="Sharon" votes="21" />
                <Precinct name="Crawfordville" votes="163" />
            </VoteType>
            <VoteType name="Provisional" votes="0">
                <Precinct name="Sharon" votes="0" />
                <Precinct name="Crawfordville" votes="0" />
            </VoteType>
        </Choice>
        <Choice key="20" text="NO" totalVotes="294">
            <VoteType name="Election Day" votes="123">
                <Precinct name="Sharon" votes="56" />
                <Precinct name="Crawfordville" votes="67" />
            </VoteType>
            <VoteType name="Absentee by Mail" votes="26">
                <Precinct name="Sharon" votes="1" />
                <Precinct name="Crawfordville" votes="25" />
            </VoteType>
            <VoteType name="Advance in Person" votes="144">
                <Precinct name="Sharon" votes="18" />
                <Precinct name="Crawfordville" votes="126" />
            </VoteType>
            <VoteType name="Provisional" votes="1">
                <Precinct name="Sharon" votes="0" />
                <Precinct name="Crawfordville" votes="1" />
            </VoteType>
        </Choice>
    </Contest>
    <Contest key="430" text="Constitutional Amendment #4&lt;br&gt;Dedicates revenue from existing taxes on fireworks to trauma care, fire services, and public safety." isQuestion="false" precinctsReporting="2" precinctsReported="2">
        <VoteType name="Number of Precincts for Race" votes="2">
            <Precinct name="Sharon" votes="1" />
            <Precinct name="Crawfordville" votes="1" />
        </VoteType>
        <VoteType name="Number of Precincts Reporting" votes="2">
            <Precinct name="Sharon" votes="1" />
            <Precinct name="Crawfordville" votes="1" />
        </VoteType>
        <Choice key="10" text="YES" totalVotes="590">
            <VoteType name="Election Day" votes="250">
                <Precinct name="Sharon" votes="75" />
                <Precinct name="Crawfordville" votes="175" />
            </VoteType>
            <VoteType name="Absentee by Mail" votes="75">
                <Precinct name="Sharon" votes="13" />
                <Precinct name="Crawfordville" votes="62" />
            </VoteType>
            <VoteType name="Advance in Person" votes="264">
                <Precinct name="Sharon" votes="34" />
                <Precinct name="Crawfordville" votes="230" />
            </VoteType>
            <VoteType name="Provisional" votes="1">
                <Precinct name="Sharon" votes="0" />
                <Precinct name="Crawfordville" votes="1" />
            </VoteType>
        </Choice>
        <Choice key="20" text="NO" totalVotes="171">
            <VoteType name="Election Day" votes="80">
                <Precinct name="Sharon" votes="34" />
                <Precinct name="Crawfordville" votes="46" />
            </VoteType>
            <VoteType name="Absentee by Mail" votes="9">
                <Precinct name="Sharon" votes="0" />
                <Precinct name="Crawfordville" votes="9" />
            </VoteType>
            <VoteType name="Advance in Person" votes="82">
                <Precinct name="Sharon" votes="8" />
                <Precinct name="Crawfordville" votes="74" />
            </VoteType>
            <VoteType name="Provisional" votes="0">
                <Precinct name="Sharon" votes="0" />
                <Precinct name="Crawfordville" votes="0" />
            </VoteType>
        </Choice>
    </Contest>
    <Contest key="500" text="Special - Crawfordville City Council P4" isQuestion="false" precinctsReporting="1" precinctsReported="1">
        <VoteType name="Number of Precincts for Race" votes="1">
            <Precinct name="Crawfordville" votes="1" />
        </VoteType>
        <VoteType name="Number of Precincts Reporting" votes="1">
            <Precinct name="Crawfordville" votes="1" />
        </VoteType>
        <Choice key="10" text="V. BOWMAN" totalVotes="183">
            <VoteType name="Election Day" votes="86">
                <Precinct name="Crawfordville" votes="86" />
            </VoteType>
            <VoteType name="Absentee by Mail" votes="17">
                <Precinct name="Crawfordville" votes="17" />
            </VoteType>
            <VoteType name="Advance in Person" votes="80">
                <Precinct name="Crawfordville" votes="80" />
            </VoteType>
            <VoteType name="Provisional" votes="0">
                <Precinct name="Crawfordville" votes="0" />
            </VoteType>
        </Choice>
        <Choice key="20" text="D. SMITH" totalVotes="66">
            <VoteType name="Election Day" votes="28">
                <Precinct name="Crawfordville" votes="28" />
            </VoteType>
            <VoteType name="Absentee by Mail" votes="3">
                <Precinct name="Crawfordville" votes="3" />
            </VoteType>
            <VoteType name="Advance in Person" votes="35">
                <Precinct name="Crawfordville" votes="35" />
            </VoteType>
            <VoteType name="Provisional" votes="0">
                <Precinct name="Crawfordville" votes="0" />
            </VoteType>
        </Choice>
    </Contest>
</ElectionResult>