"line number","contest name","choice name","party name","total votes","percent of votes","registered voters","ballots cast","num Precinct total","num Precinct rptg","over votes","under votes"
1,"President of the United States","DONALD J. TRUMP","",35048,57.99,73831,61766,38,38,"0","0"
2,"President of the United States","HILLARY CLINTON","",23284,38.53,73831,61766,38,38,"0","0"
3,"President of the United States","GARY JOHNSON","",2103,3.48,73831,61766,38,38,"0","0"
4,"United States Senator, Isakson","JOHNNY ISAKSON (I)","",36356,62.14,73831,61766,38,38,"0","0"
5,"United States Senator, Isakson","JIM BARKSDALE","",19602,33.50,73831,61766,38,38,"0","0"
6,"United States Senator, Isakson","ALLEN BUCKLEY","",2549,4.36,73831,61766,38,38,"0","0"
7,"Public Service Commission, District 2 - Eastern","TIM ECHOLS (I)","",39185,72.38,73831,61766,38,38,"0","0"
8,"Public Service Commission, District 2 - Eastern","ERIC HOSKINS","",14954,27.62,73831,61766,38,38,"0","0"
9,"U.S. Representative, District 3","DREW FERGUSON","",33242,68.08,60766,51082,30,30,"0","0"
10,"U.S. Representative, District 3","ANGELA PENDLEY","",15589,31.92,60766,51082,30,30,"0","0"
11,"U.S. Representative, District 13","DAVID SCOTT (I)","",7734,100.00,13065,10684,9,9,"0","0"
12,"State Senator, District 16","MARTY HARBIN (I) (REP)","",33789,100.00,50337,42362,25,25,"0","0"
13,"State Senator, District 34","VALENCIA SEAY (I)","",13630,100.00,23494,19404,13,13,"0","0"
14,"State Representative, District 63","DEBRA BAZEMORE","",9391,100.00,16269,13366,10,10,"0","0"
15,"State Representative, District 64","DERRICK L. JACKSON (DEM)","",8462,100.00,15970,13434,10,10,"0","0"
16,"State Representative, District 71","DAVID STOVER (I)","",1229,61.42,2624,2124,2,2,"0","0"
17,"State Representative, District 71","CYNTHIA C. BENNETT","",772,38.58,2624,2124,2,2,"0","0"
18,"State Representative, District 72","JOSH BONNER","",21413,100.00,31114,26194,17,17,"0","0"
19,"State Representative, District 73","KAREN MATHIAK (REP)","",4676,73.43,7854,6648,4,4,"0","0"
20,"State Representative, District 73","RAHIM TALLEY (DEM)","",1692,26.57,7854,6648,4,4,"0","0"
21,"District Attorney, Griffin Circuit","BEN COKER (REP)","",46163,100.00,73831,61766,38,38,"0","0"
22,"JUDGE, PROBATE COURT","A. S. JACKSON (I) R","",46703,100.00,73831,61766,38,38,"0","0"
23,"CLERK, SUPERIOR COURT","S. STUDDARD (I) R","",47009,100.00,73831,61766,38,38,"0","0"
24,"SHERIFF","B. H. BABB (I) R","",47730,100.00,73831,61766,38,38,"0","0"
25,"TAX COMMISSIONER","K. KING (R)","",39514,67.39,73831,61766,38,38,"0","0"
26,"TAX COMMISSIONER","R. DAWODU (D)","",19123,32.61,73831,61766,38,38,"0","0"
27,"CORONER","W. B. HUDDLESTON (R)","",47064,100.00,73831,61766,38,38,"0","0"
28,"SOLICITOR GENERAL","J. K. INAGAWA (I) R","",46117,100.00,73831,61766,38,38,"0","0"
29,"CC D1","E. MAXWELL (R)","",9306,66.05,18735,14772,12,12,"0","0"
30,"CC D1","P. REID (D)","",4784,33.95,18735,14772,12,12,"0","0"
31,"CC D2","R. C. OGNIO (I) R","",13313,100.00,20290,17069,12,12,"0","0"
32,"CC D5","C. W. ODDO (I) R","",45462,100.00,73831,61766,38,38,"0","0"
33,"BOE D1","B. MARCHMAN (I) R","",8836,62.82,18735,14772,12,12,"0","0"
34,"BOE D1","M. LOHR (D)","",5230,37.18,18735,14772,12,12,"0","0"
35,"BOE D3","S. A. HOLLOWELL (R)","",12472,100.00,18600,15594,11,11,"0","0"
36,"BOE D5","B. ANDERSON (R)","",37257,63.57,73831,61766,38,38,"0","0"
37,"BOE D5","C. C. YAP (D)","",21350,36.43,73831,61766,38,38,"0","0"
38,"Constitutional Amendment #1<br>Provides greater flexibility and state accountability to fix failing schools through increasing community involvement.","YES","",25048,41.95,73831,61766,38,38,"0","0"
39,"Constitutional Amendment #1<br>Provides greater flexibility and state accountability to fix failing schools through increasing community involvement.","NO","",34668,58.05,73831,61766,38,38,"0","0"
40,"Constitutional Amendment #2<br>Authorizes penalties for sexual exploitation and assessments on adult entertainment to fund child victims' services.","YES","",48689,82.10,73831,61766,38,38,"0","0"
41,"Constitutional Amendment #2<br>Authorizes penalties for sexual exploitation and assessments on adult entertainment to fund child victims' services.","NO","",10619,17.90,73831,61766,38,38,"0","0"
42,"Constitutional Amendment #3<br>Reforms and re-establishes the Judicial Qualifications Commission and provides for its composition, governance, and powers.","YES","",33489,60.30,73831,61766,38,38,"0","0"
43,"Constitutional Amendment #3<br>Reforms and re-establishes the Judicial Qualifications Commission and provides for its composition, governance, and powers.","NO","",22047,39.70,73831,61766,38,38,"0","0"
44,"Constitutional Amendment #4<br>Dedicates revenue from existing taxes on fireworks to trauma care, fire services, and public safety.","YES","",47345,80.11,73831,61766,38,38,"0","0"
45,"Constitutional Amendment #4<br>Dedicates revenue from existing taxes on fireworks to trauma care, fire services, and public safety.","NO","",11756,19.89,73831,61766,38,38,"0","0"
