"line number","contest name","choice name","party name","total votes","percent of votes","registered voters","ballots cast","num Precinct total","num Precinct rptg","over votes","under votes"
1,"President of the United States","DONALD J. TRUMP","",6134,38.06,24858,16356,13,13,"0","0"
2,"President of the United States","HILLARY CLINTON","",9556,59.29,24858,16356,13,13,"0","0"
3,"President of the United States","GARY JOHNSON","",427,2.65,24858,16356,13,13,"0","0"
4,"United States Senator, Isakson","JOHNNY ISAKSON (I)","",6497,42.69,24858,16356,13,13,"0","0"
5,"United States Senator, Isakson","JIM BARKSDALE","",8147,53.54,24858,16356,13,13,"0","0"
6,"United States Senator, Isakson","ALLEN BUCKLEY","",574,3.77,24858,16356,13,13,"0","0"
7,"Public Service Commission, District 2 - Eastern","TIM ECHOLS (I)","",7886,58.51,24858,16356,13,13,"0","0"
8,"Public Service Commission, District 2 - Eastern","ERIC HOSKINS","",5593,41.49,24858,16356,13,13,"0","0"
9,"U.S. Representative, District 1","EARL �BUDDY� CARTER (I)","",11681,100.00,24858,16356,13,13,"0","0"
10,"State Senator, District 1","BEN WATSON (I)","",8630,100.00,19107,12681,11,11,"0","0"
11,"State Senator, District 19","BLAKE TILLERY","",2479,100.00,5751,3675,5,5,"0","0"
12,"State Representative, District 164","RON STEPHENS (I)","",292,100.00,1213,386,1,1,"0","0"
13,"State Representative, District 168","AL WILLIAMS (I) (DEM)","",12939,100.00,23645,15970,12,12,"0","0"
14,"PROBATE JUDGE","N. K ASPINWALL (I) D","",14008,100.00,24858,16356,13,13,"0","0"
15,"CLERK, SUPERIOR COURT","L. D. THOMPSON (D)","",13442,100.00,24858,16356,13,13,"0","0"
16,"SHERIFF","R. A. BROOKS JR (R)","",4195,26.83,24858,16356,13,13,"0","0"
17,"SHERIFF","S. C. SIKES (I) D","",11441,73.17,24858,16356,13,13,"0","0"
18,"TAX COMMISSIONER","V. M. JONES (I) D","",13914,100.00,24858,16356,13,13,"0","0"
19,"CORONER","R. L. PIERCE SR(I) D","",13797,100.00,24858,16356,13,13,"0","0"
20,"CHIEF MAGISTRATE","M. ANDERSON (I) D","",13932,100.00,24858,16356,13,13,"0","0"
21,"SOLICITOR","J. N. OSTEEN (I) D","",13765,100.00,24858,16356,13,13,"0","0"
22,"CC, D4","T. W. EBY (R)","",1411,42.22,4970,3504,3,3,"0","0"
23,"CC, D4","P. BOWEN (I) D","",1931,57.78,4970,3504,3,3,"0","0"
24,"CC, D5","G. GILLIARD (I) D","",2258,100.00,4110,2601,8,8,"0","0"
25,"CC, D6","E. J. WALDEN (I) D","",1370,100.00,2584,1619,5,5,"0","0"
26,"CC, D7 (CHAIRMAN)","M. MATTINGLY (R)","",6092,38.65,24858,16356,13,13,"0","0"
27,"CC, D7 (CHAIRMAN)","D. L. LOVETTE (I) D","",9668,61.35,24858,16356,13,13,"0","0"
28,"SOIL AND WATER","J. HOLCOMB (I)","",12180,100.00,24858,16356,13,13,"0","0"
29,"Constitutional Amendment #1<br>Provides greater flexibility and state accountability to fix failing schools through increasing community involvement.","YES","",7748,48.93,24858,16356,13,13,"0","0"
30,"Constitutional Amendment #1<br>Provides greater flexibility and state accountability to fix failing schools through increasing community involvement.","NO","",8087,51.07,24858,16356,13,13,"0","0"
31,"Constitutional Amendment #2<br>Authorizes penalties for sexual exploitation and assessments on adult entertainment to fund child victims' services.","YES","",13320,85.17,24858,16356,13,13,"0","0"
32,"Constitutional Amendment #2<br>Authorizes penalties for sexual exploitation and assessments on adult entertainment to fund child victims' services.","NO","",2320,14.83,24858,16356,13,13,"0","0"
33,"Constitutional Amendment #3<br>Reforms and re-establishes the Judicial Qualifications Commission and provides for its composition, governance, and powers.","YES","",10185,68.30,24858,16356,13,13,"0","0"
34,"Constitutional Amendment #3<br>Reforms and re-establishes the Judicial Qualifications Commission and provides for its composition, governance, and powers.","NO","",4728,31.70,24858,16356,13,13,"0","0"
35,"Constitutional Amendment #4<br>Dedicates revenue from existing taxes on fireworks to trauma care, fire services, and public safety.","YES","",12642,81.29,24858,16356,13,13,"0","0"
36,"Constitutional Amendment #4<br>Dedicates revenue from existing taxes on fireworks to trauma care, fire services, and public safety.","NO","",2910,18.71,24858,16356,13,13,"0","0"
37,"SPECIAL - PACKAGE SALES","YES","",10277,64.92,24858,16356,13,13,"0","0"
38,"SPECIAL - PACKAGE SALES","NO","",5553,35.08,24858,16356,13,13,"0","0"
39,"SPECIAL ELECTION - SALES AND USE TAX","YES","",9225,58.37,24858,16356,13,13,"0","0"
40,"SPECIAL ELECTION - SALES AND USE TAX","NO","",6579,41.63,24858,16356,13,13,"0","0"
