"line number","contest name","choice name","party name","total votes","percent of votes","registered voters","ballots cast","num Precinct total","num Precinct rptg","over votes","under votes"
1,"President of the United States","DONALD J. TRUMP","",349,38.91,1157,904,2,2,"0","0"
2,"President of the United States","HILLARY CLINTON","",545,60.76,1157,904,2,2,"0","0"
3,"President of the United States","GARY JOHNSON","",3,0.33,1157,904,2,2,"0","0"
4,"United States Senator, Isakson","JOHNNY ISAKSON (I)","",341,42.73,1157,904,2,2,"0","0"
5,"United States Senator, Isakson","JIM BARKSDALE","",443,55.51,1157,904,2,2,"0","0"
6,"United States Senator, Isakson","ALLEN BUCKLEY","",14,1.75,1157,904,2,2,"0","0"
7,"Public Service Commission, District 2 - Eastern","TIM ECHOLS (I)","",379,62.23,1157,904,2,2,"0","0"
8,"Public Service Commission, District 2 - Eastern","ERIC HOSKINS","",230,37.77,1157,904,2,2,"0","0"
9,"U.S. Representative, District 10","JODY HICE (I)","",490,100.00,1157,904,2,2,"0","0"
10,"State Senator, District 24","LEE ANDERSON","",313,38.88,1157,904,2,2,"0","0"
11,"State Senator, District 24","BRENDA J. JORDAN","",492,61.12,1157,904,2,2,"0","0"
12,"State Representative, District 120","TREY RHODES (I)","",505,100.00,1157,904,2,2,"0","0"
13,"District Attorney, Toombs Circuit","DURWOOD R. ""WOODY"" DAVIS","",317,39.04,1157,904,2,2,"0","0"
14,"District Attorney, Toombs Circuit","BILL DOUPE","",495,60.96,1157,904,2,2,"0","0"
15,"Probate Judge","C. STEPHENS (I)(D)","",696,100.00,1157,904,2,2,"0","0"
16,"Superior Court Clerk","S. GREENE (I)(D)","",738,100.00,1157,904,2,2,"0","0"
17,"Sheriff","M. RICHARDS (I)(D)","",675,100.00,1157,904,2,2,"0","0"
18,"Tax Commissioner","V. SWANN (I)(D)","",735,100.00,1157,904,2,2,"0","0"
19,"Coroner","M. ALEXANDER (I)(D)","",710,100.00,1157,904,2,2,"0","0"
20,"Constitutional Amendment #1<br>Provides greater flexibility and state accountability to fix failing schools through increasing community involvement.","YES","",368,45.10,1157,904,2,2,"0","0"
21,"Constitutional Amendment #1<br>Provides greater flexibility and state accountability to fix failing schools through increasing community involvement.","NO","",448,54.90,1157,904,2,2,"0","0"
22,"Constitutional Amendment #2<br>Authorizes penalties for sexual exploitation and assessments on adult entertainment to fund child victims' services.","YES","",618,79.95,1157,904,2,2,"0","0"
23,"Constitutional Amendment #2<br>Authorizes penalties for sexual exploitation and assessments on adult entertainment to fund child victims' services.","NO","",155,20.05,1157,904,2,2,"0","0"
24,"Constitutional Amendment #3<br>Reforms and re-establishes the Judicial Qualifications Commission and provides for its composition, governance, and powers.","YES","",417,58.65,1157,904,2,2,"0","0"
25,"Constitutional Amendment #3<br>Reforms and re-establishes the Judicial Qualifications Commission and provides for its composition, governance, and powers.","NO","",294,41.35,1157,904,2,2,"0","0"
26,"Constitutional Amendment #4<br>Dedicates revenue from existing taxes on fireworks to trauma care, fire services, and public safety.","YES","",590,77.53,1157,904,2,2,"0","0"
27,"Constitutional Amendment #4<br>Dedicates revenue from existing taxes on fireworks to trauma care, fire services, and public safety.","NO","",171,22.47,1157,904,2,2,"0","0"
28,"Special - Crawfordville City Council P4","V. BOWMAN","",183,73.49,352,273,1,1,"0","0"
29,"Special - Crawfordville City Council P4","D. SMITH","",66,26.51,352,273,1,1,"0","0"
