"line number","contest name","choice name","party name","total votes","percent of votes","registered voters","ballots cast","num Precinct total","num Precinct rptg","over votes","under votes"
1,"President of the United States","DONALD J. TRUMP","",20876,78.69,34831,27041,11,11,"0","0"
2,"President of the United States","HILLARY CLINTON","",4771,17.98,34831,27041,11,11,"0","0"
3,"President of the United States","GARY JOHNSON","",881,3.32,34831,27041,11,11,"0","0"
4,"United States Senator, Isakson","JOHNNY ISAKSON (I)","",18888,77.76,34831,27041,11,11,"0","0"
5,"United States Senator, Isakson","JIM BARKSDALE","",4121,16.97,34831,27041,11,11,"0","0"
6,"United States Senator, Isakson","ALLEN BUCKLEY","",1281,5.27,34831,27041,11,11,"0","0"
7,"Public Service Commission, District 2 - Eastern","TIM ECHOLS (I)","",20487,83.40,34831,27039,11,11,"0","0"
8,"Public Service Commission, District 2 - Eastern","ERIC HOSKINS","",4078,16.60,34831,27039,11,11,"0","0"
9,"U.S. Representative, District 14","TOM GRAVES (I) (REP)","",23292,100.00,34831,27041,11,11,"0","0"
10,"State Senator, District 53","JEFF MULLIS (I) (REP)","",23117,100.00,34831,27039,11,11,"0","0"
11,"State Representative, District 2","STEVE TARVIN (I) (REP)","",3982,100.00,5723,4605,3,3,"0","0"
12,"State Representative, District 3","DEWAYNE HILL (REP)","",19071,100.00,29108,22434,8,8,"0","0"
13,"District Attorney, Lookout Mountain Circuit","HERBERT (BUZZ) FRANKLIN (I) (REP)","",22667,100.00,34831,27039,11,11,"0","0"
14,"JUDGE PROBATE CT","J. D. HULLENDER (I)R","",23453,100.00,34831,27039,11,11,"0","0"
15,"CLERK SUPERIOR CT","T. H. BROWN (I) R","",23222,100.00,34831,27039,11,11,"0","0"
16,"SHERIFF","G. R. SISK (I) R","",23590,100.00,34831,27039,11,11,"0","0"
17,"TAX COMMISSIONER","G. W. AUTRY (R)","",23086,100.00,34831,27039,11,11,"0","0"
18,"CORONER","V. C. HULLANDER (I)R","",23358,100.00,34831,27039,11,11,"0","0"
19,"CHIEF MAGISTRATE","J. GASS (I) R","",23058,100.00,34831,27039,11,11,"0","0"
20,"CHAIR COMMISSIONER","S. M. HENRY (R)","",22925,100.00,34831,27039,11,11,"0","0"
21,"CC D1","J. LONG (I) R","",5096,100.00,8098,6129,4,4,"0","0"
22,"CC D3","J. CUTLER (I) R","",5972,100.00,9078,7109,2,2,"0","0"
23,"SOIL AND WATER","R. O. BOWMAN (I)","",22732,100.00,34831,27039,11,11,"0","0"
24,"Constitutional Amendment #1<br>Provides greater flexibility and state accountability to fix failing schools through increasing community involvement.","YES","",11334,43.75,34831,27039,11,11,"0","0"
25,"Constitutional Amendment #1<br>Provides greater flexibility and state accountability to fix failing schools through increasing community involvement.","NO","",14571,56.25,34831,27039,11,11,"0","0"
26,"Constitutional Amendment #2<br>Authorizes penalties for sexual exploitation and assessments on adult entertainment to fund child victims' services.","YES","",22167,86.48,34831,27039,11,11,"0","0"
27,"Constitutional Amendment #2<br>Authorizes penalties for sexual exploitation and assessments on adult entertainment to fund child victims' services.","NO","",3465,13.52,34831,27039,11,11,"0","0"
28,"Constitutional Amendment #3<br>Reforms and re-establishes the Judicial Qualifications Commission and provides for its composition, governance, and powers.","YES","",16069,67.40,34831,27039,11,11,"0","0"
29,"Constitutional Amendment #3<br>Reforms and re-establishes the Judicial Qualifications Commission and provides for its composition, governance, and powers.","NO","",7772,32.60,34831,27039,11,11,"0","0"
30,"Constitutional Amendment #4<br>Dedicates revenue from existing taxes on fireworks to trauma care, fire services, and public safety.","YES","",20650,81.90,34831,27039,11,11,"0","0"
31,"Constitutional Amendment #4<br>Dedicates revenue from existing taxes on fireworks to trauma care, fire services, and public safety.","NO","",4563,18.10,34831,27039,11,11,"0","0"
