"line number","contest name","choice name","party name","total votes","percent of votes","registered voters","ballots cast","num Precinct total","num Precinct rptg","over votes","under votes"
1,"President of the United States","DONALD J. TRUMP","",5021,71.75,11169,7062,16,16,"0","0"
2,"President of the United States","HILLARY CLINTON","",1839,26.28,11169,7062,16,16,"0","0"
3,"President of the United States","GARY JOHNSON","",138,1.97,11169,7062,16,16,"0","0"
4,"United States Senator, Isakson","JOHNNY ISAKSON (I)","",4766,74.71,11169,7062,16,16,"0","0"
5,"United States Senator, Isakson","JIM BARKSDALE","",1441,22.59,11169,7062,16,16,"0","0"
6,"United States Senator, Isakson","ALLEN BUCKLEY","",172,2.70,11169,7062,16,16,"0","0"
7,"Public Service Commission, District 2 - Eastern","TIM ECHOLS (I)","",4886,82.31,11169,7062,16,16,"0","0"
8,"Public Service Commission, District 2 - Eastern","ERIC HOSKINS","",1050,17.69,11169,7062,16,16,"0","0"
9,"U.S. Representative, District 8","AUSTIN SCOTT (I)","",4997,75.44,11169,7062,16,16,"0","0"
10,"U.S. Representative, District 8","JAMES NEAL HARRIS","",1627,24.56,11169,7062,16,16,"0","0"
11,"State Senator, District 13","GREG KIRK (I)","",4764,75.02,11169,7062,16,16,"0","0"
12,"State Senator, District 13","JAMES NEAL HARRIS","",1586,24.98,11169,7062,16,16,"0","0"
13,"State Representative, District 149","JIMMY PRUETT (I) (REP)","",5397,100.00,11169,7062,16,16,"0","0"
14,"District Attorney, Oconee Circuit","TIMOTHY G. VAUGHN (I)","",5322,100.00,11169,7062,16,16,"0","0"
15,"Superior Court Clerk","R. WALKER (I)(R)","",5685,100.00,11169,7062,16,16,"0","0"
16,"Sheriff","L. SHEFFIELD (I)(D)","",5679,100.00,11169,7062,16,16,"0","0"
17,"Tax Commissioner","K. R. GRAHAM (I)(D)","",5617,100.00,11169,7062,16,16,"0","0"
18,"County Comm Chair","G. A. THOMPSON JR(R)","",2712,41.13,11169,7062,16,16,"0","0"
19,"County Comm Chair","D. MCCRANIE (I)(D)","",3882,58.87,11169,7062,16,16,"0","0"
20,"County Comm 1","C. DENNIS (R)","",977,48.61,3182,2119,3,3,"0","0"
21,"County Comm 1","W. HOWELL (I)(D)","",1033,51.39,3182,2119,3,3,"0","0"
22,"County Comm 4","K. CHEEK (I)(R)","",991,100.00,2753,1469,3,3,"0","0"
23,"Constitutional Amendment #1<br>Provides greater flexibility and state accountability to fix failing schools through increasing community involvement.","YES","",2187,32.29,11169,7062,16,16,"0","0"
24,"Constitutional Amendment #1<br>Provides greater flexibility and state accountability to fix failing schools through increasing community involvement.","NO","",4585,67.71,11169,7062,16,16,"0","0"
25,"Constitutional Amendment #2<br>Authorizes penalties for sexual exploitation and assessments on adult entertainment to fund child victims' services.","YES","",5206,79.32,11169,7062,16,16,"0","0"
26,"Constitutional Amendment #2<br>Authorizes penalties for sexual exploitation and assessments on adult entertainment to fund child victims' services.","NO","",1357,20.68,11169,7062,16,16,"0","0"
27,"Constitutional Amendment #3<br>Reforms and re-establishes the Judicial Qualifications Commission and provides for its composition, governance, and powers.","YES","",3516,56.84,11169,7062,16,16,"0","0"
28,"Constitutional Amendment #3<br>Reforms and re-establishes the Judicial Qualifications Commission and provides for its composition, governance, and powers.","NO","",2670,43.16,11169,7062,16,16,"0","0"
29,"Constitutional Amendment #4<br>Dedicates revenue from existing taxes on fireworks to trauma care, fire services, and public safety.","YES","",4801,75.06,11169,7062,16,16,"0","0"
30,"Constitutional Amendment #4<br>Dedicates revenue from existing taxes on fireworks to trauma care, fire services, and public safety.","NO","",1595,24.94,11169,7062,16,16,"0","0"
