<?xml version="1.0"?>
<!--Election result snapshot imported from Tabulation System
-->
<ElectionResult>
    <Timestamp>11/14/2016 12:59:01 PM EST</Timestamp>
    <ElectionName>November 8, 2016 - General Election</ElectionName>
    <ElectionDate>11/8/2016</ElectionDate>
    <Region>Long</Region>
    <VoterTurnout totalVoters="6052" ballotsCast="4158" voterTurnout="68.70">
        <Precincts>
            <Precinct name="Beards Creek" totalVoters="1065" ballotsCast="722" voterTurnout="67.79" percentReporting="4" />
            <Precinct name="Rye Patch/Oak Dale" totalVoters="1622" ballotsCast="1122" voterTurnout="69.17" percentReporting="4" />
            <Precinct name="South Ludowici" totalVoters="637" ballotsCast="499" voterTurnout="78.34" percentReporting="4" />
            <Precinct name="North Ludowici" totalVoters="1247" ballotsCast="795" voterTurnout="63.75" percentReporting="4" />
            <Precinct name="Tibet" totalVoters="637" ballotsCast="456" voterTurnout="71.59" percentReporting="4" />
            <Precinct name="Alma Flournoy" totalVoters="241" ballotsCast="172" voterTurnout="71.37" percentReporting="4" />
            <Precinct name="Faith Baptist Annex" totalVoters="603" ballotsCast="392" voterTurnout="65.01" percentReporting="4" />
        </Precincts>
    </VoterTurnout>
    <Contest key="1" text="President of the United States" isQuestion="false" precinctsReporting="7" precinctsReported="7">
        <VoteType name="Number of Precincts for Race" votes="7">
            <Precinct name="Beards Creek" votes="1" />
            <Precinct name="Rye Patch/Oak Dale" votes="1" />
            <Precinct name="South Ludowici" votes="1" />
            <Precinct name="North Ludowici" votes="1" />
            <Precinct name="Tibet" votes="1" />
            <Precinct name="Alma Flournoy" votes="1" />
            <Precinct name="Faith Baptist Annex" votes="1" />
        </VoteType>
        <VoteType name="Number of Precincts Reporting" votes="7">
            <Precinct name="Beards Creek" votes="1" />
            <Precinct name="Rye Patch/Oak Dale" votes="1" />
            <Precinct name="South Ludowici" votes="1" />
            <Precinct name="North Ludowici" votes="1" />
            <Precinct name="Tibet" votes="1" />
            <Precinct name="Alma Flournoy" votes="1" />
            <Precinct name="Faith Baptist Annex" votes="1" />
        </VoteType>
        <Choice key="10" text="DONALD J. TRUMP" totalVotes="2626">
            <VoteType name="Election Day" votes="1337">
                <Precinct name="Beards Creek" votes="255" />
                <Precinct name="Rye Patch/Oak Dale" votes="394" />
                <Precinct name="South Ludowici" votes="94" />
                <Precinct name="North Ludowici" votes="219" />
                <Precinct name="Tibet" votes="171" />
                <Precinct name="Alma Flournoy" votes="69" />
                <Precinct name="Faith Baptist Annex" votes="135" />
            </VoteType>
            <VoteType name="Absentee by Mail" votes="41">
                <Precinct name="Beards Creek" votes="4" />
                <Precinct name="Rye Patch/Oak Dale" votes="16" />
                <Precinct name="South Ludowici" votes="3" />
                <Precinct name="North Ludowici" votes="8" />
                <Precinct name="Tibet" votes="3" />
                <Precinct name="Alma Flournoy" votes="3" />
                <Precinct name="Faith Baptist Annex" votes="4" />
            </VoteType>
            <VoteType name="Advance in Person" votes="1245">
                <Precinct name="Beards Creek" votes="129" />
                <Precinct name="Rye Patch/Oak Dale" votes="329" />
                <Precinct name="South Ludowici" votes="137" />
                <Precinct name="North Ludowici" votes="233" />
                <Precinct name="Tibet" votes="208" />
                <Precinct name="Alma Flournoy" votes="60" />
                <Precinct name="Faith Baptist Annex" votes="149" />
            </VoteType>
            <VoteType name="Provisional" votes="3">
                <Precinct name="Beards Creek" votes="2" />
                <Precinct name="Rye Patch/Oak Dale" votes="0" />
                <Precinct name="South Ludowici" votes="1" />
                <Precinct name="North Ludowici" votes="0" />
                <Precinct name="Tibet" votes="0" />
                <Precinct name="Alma Flournoy" votes="0" />
                <Precinct name="Faith Baptist Annex" votes="0" />
            </VoteType>
        </Choice>
        <Choice key="20" text="HILLARY CLINTON" totalVotes="1360">
            <VoteType name="Election Day" votes="637">
                <Precinct name="Beards Creek" votes="172" />
                <Precinct name="Rye Patch/Oak Dale" votes="157" />
                <Precinct name="South Ludowici" votes="100" />
                <Precinct name="North Ludowici" votes="119" />
                <Precinct name="Tibet" votes="29" />
                <Precinct name="Alma Flournoy" votes="17" />
                <Precinct name="Faith Baptist Annex" votes="43" />
            </VoteType>
            <VoteType name="Absentee by Mail" votes="53">
                <Precinct name="Beards Creek" votes="25" />
                <Precinct name="Rye Patch/Oak Dale" votes="5" />
                <Precinct name="South Ludowici" votes="9" />
                <Precinct name="North Ludowici" votes="6" />
                <Precinct name="Tibet" votes="2" />
                <Precinct name="Alma Flournoy" votes="1" />
                <Precinct name="Faith Baptist Annex" votes="5" />
            </VoteType>
            <VoteType name="Advance in Person" votes="666">
                <Precinct name="Beards Creek" votes="108" />
                <Precinct name="Rye Patch/Oak Dale" votes="170" />
                <Precinct name="South Ludowici" votes="136" />
                <Precinct name="North Ludowici" votes="162" />
                <Precinct name="Tibet" votes="32" />
                <Precinct name="Alma Flournoy" votes="13" />
                <Precinct name="Faith Baptist Annex" votes="45" />
            </VoteType>
            <VoteType name="Provisional" votes="4">
                <Precinct name="Beards Creek" votes="2" />
                <Precinct name="Rye Patch/Oak Dale" votes="0" />
                <Precinct name="South Ludowici" votes="0" />
                <Precinct name="North Ludowici" votes="2" />
                <Precinct name="Tibet" votes="0" />
                <Precinct name="Alma Flournoy" votes="0" />
                <Precinct name="Faith Baptist Annex" votes="0" />
            </VoteType>
        </Choice>
        <Choice key="30" text="GARY JOHNSON" totalVotes="131">
            <VoteType name="Election Day" votes="74">
                <Precinct name="Beards Creek" votes="12" />
                <Precinct name="Rye Patch/Oak Dale" votes="22" />
                <Precinct name="South Ludowici" votes="8" />
                <Precinct name="North Ludowici" votes="20" />
                <Precinct name="Tibet" votes="5" />
                <Precinct name="Alma Flournoy" votes="3" />
                <Precinct name="Faith Baptist Annex" votes="4" />
            </VoteType>
            <VoteType name="Absentee by Mail" votes="2">
                <Precinct name="Beards Creek" votes="1" />
                <Precinct name="Rye Patch/Oak Dale" votes="1" />
                <Precinct name="South Ludowici" votes="0" />
                <Precinct name="North Ludowici" votes="0" />
                <Precinct name="Tibet" votes="0" />
                <Precinct name="Alma Flournoy" votes="0" />
                <Precinct name="Faith Baptist Annex" votes="0" />
            </VoteType>
            <VoteType name="Advance in Person" votes="54">
                <Precinct name="Beards Creek" votes="4" />
                <Precinct name="Rye Patch/Oak Dale" votes="16" />
                <Precinct name="South Ludowici" votes="7" />
                <Precinct name="North Ludowici" votes="16" />
                <Precinct name="Tibet" votes="5" />
                <Precinct name="Alma Flournoy" votes="3" />
                <Precinct name="Faith Baptist Annex" votes="3" />
            </VoteType>
            <VoteType name="Provisional" votes="1">
                <Precinct name="Beards Creek" votes="1" />
                <Precinct name="Rye Patch/Oak Dale" votes="0" />
                <Precinct name="South Ludowici" votes="0" />
                <Precinct name="North Ludowici" votes="0" />
                <Precinct name="Tibet" votes="0" />
                <Precinct name="Alma Flournoy" votes="0" />
                <Precinct name="Faith Baptist Annex" votes="0" />
            </VoteType>
        </Choice>
    </Contest>
    <Contest key="10" text="United States Senator, Isakson" isQuestion="false" precinctsReporting="7" precinctsReported="7">
        <VoteType name="Number of Precincts for Race" votes="7">
            <Precinct name="Beards Creek" votes="1" />
            <Precinct name="Rye Patch/Oak Dale" votes="1" />
            <Precinct name="South Ludowici" votes="1" />
            <Precinct name="North Ludowici" votes="1" />
            <Precinct name="Tibet" votes="1" />
            <Precinct name="Alma Flournoy" votes="1" />
            <Precinct name="Faith Baptist Annex" votes="1" />
        </VoteType>
        <VoteType name="Number of Precincts Reporting" votes="7">
            <Precinct name="Beards Creek" votes="1" />
            <Precinct name="Rye Patch/Oak Dale" votes="1" />
            <Precinct name="South Ludowici" votes="1" />
            <Precinct name="North Ludowici" votes="1" />
            <Precinct name="Tibet" votes="1" />
            <Precinct name="Alma Flournoy" votes="1" />
            <Precinct name="Faith Baptist Annex" votes="1" />
        </VoteType>
        <Choice key="30" text="JOHNNY ISAKSON (I)" totalVotes="2524">
            <VoteType name="Election Day" votes="1272">
                <Precinct name="Beards Creek" votes="248" />
                <Precinct name="Rye Patch/Oak Dale" votes="372" />
                <Precinct name="South Ludowici" votes="100" />
                <Precinct name="North Ludowici" votes="211" />
                <Precinct name="Tibet" votes="152" />
                <Precinct name="Alma Flournoy" votes="62" />
                <Precinct name="Faith Baptist Annex" votes="127" />
            </VoteType>
            <VoteType name="Absentee by Mail" votes="48">
                <Precinct name="Beards Creek" votes="9" />
                <Precinct name="Rye Patch/Oak Dale" votes="16" />
                <Precinct name="South Ludowici" votes="5" />
                <Precinct name="North Ludowici" votes="6" />
                <Precinct name="Tibet" votes="3" />
                <Precinct name="Alma Flournoy" votes="4" />
                <Precinct name="Faith Baptist Annex" votes="5" />
            </VoteType>
            <VoteType name="Advance in Person" votes="1200">
                <Precinct name="Beards Creek" votes="135" />
                <Precinct name="Rye Patch/Oak Dale" votes="320" />
                <Precinct name="South Ludowici" votes="139" />
                <Precinct name="North Ludowici" votes="227" />
                <Precinct name="Tibet" votes="182" />
                <Precinct name="Alma Flournoy" votes="58" />
                <Precinct name="Faith Baptist Annex" votes="139" />
            </VoteType>
            <VoteType name="Provisional" votes="4">
                <Precinct name="Beards Creek" votes="3" />
                <Precinct name="Rye Patch/Oak Dale" votes="0" />
                <Precinct name="South Ludowici" votes="1" />
                <Precinct name="North Ludowici" votes="0" />
                <Precinct name="Tibet" votes="0" />
                <Precinct name="Alma Flournoy" votes="0" />
                <Precinct name="Faith Baptist Annex" votes="0" />
            </VoteType>
        </Choice>
        <Choice key="40" text="JIM BARKSDALE" totalVotes="1152">
            <VoteType name="Election Day" votes="522">
                <Precinct name="Beards Creek" votes="127" />
                <Precinct name="Rye Patch/Oak Dale" votes="135" />
                <Precinct name="South Ludowici" votes="72" />
                <Precinct name="North Ludowici" votes="103" />
                <Precinct name="Tibet" votes="32" />
                <Precinct name="Alma Flournoy" votes="18" />
                <Precinct name="Faith Baptist Annex" votes="35" />
            </VoteType>
            <VoteType name="Absentee by Mail" votes="39">
                <Precinct name="Beards Creek" votes="19" />
                <Precinct name="Rye Patch/Oak Dale" votes="3" />
                <Precinct name="South Ludowici" votes="5" />
                <Precinct name="North Ludowici" votes="6" />
                <Precinct name="Tibet" votes="2" />
                <Precinct name="Alma Flournoy" votes="0" />
                <Precinct name="Faith Baptist Annex" votes="4" />
            </VoteType>
            <VoteType name="Advance in Person" votes="588">
                <Precinct name="Beards Creek" votes="80" />
                <Precinct name="Rye Patch/Oak Dale" votes="152" />
                <Precinct name="South Ludowici" votes="114" />
                <Precinct name="North Ludowici" votes="145" />
                <Precinct name="Tibet" votes="39" />
                <Precinct name="Alma Flournoy" votes="14" />
                <Precinct name="Faith Baptist Annex" votes="44" />
            </VoteType>
            <VoteType name="Provisional" votes="3">
                <Precinct name="Beards Creek" votes="1" />
                <Precinct name="Rye Patch/Oak Dale" votes="0" />
                <Precinct name="South Ludowici" votes="0" />
                <Precinct name="North Ludowici" votes="2" />
                <Precinct name="Tibet" votes="0" />
                <Precinct name="Alma Flournoy" votes="0" />
                <Precinct name="Faith Baptist Annex" votes="0" />
            </VoteType>
        </Choice>
        <Choice key="50" text="ALLEN BUCKLEY" totalVotes="169">
            <VoteType name="Election Day" votes="104">
                <Precinct name="Beards Creek" votes="22" />
                <Precinct name="Rye Patch/Oak Dale" votes="35" />
                <Precinct name="South Ludowici" votes="8" />
                <Precinct name="North Ludowici" votes="22" />
                <Precinct name="Tibet" votes="9" />
                <Precinct name="Alma Flournoy" votes="4" />
                <Precinct name="Faith Baptist Annex" votes="4" />
            </VoteType>
            <VoteType name="Absentee by Mail" votes="3">
                <Precinct name="Beards Creek" votes="0" />
                <Precinct name="Rye Patch/Oak Dale" votes="2" />
                <Precinct name="South Ludowici" votes="0" />
                <Precinct name="North Ludowici" votes="0" />
                <Precinct name="Tibet" votes="0" />
                <Precinct name="Alma Flournoy" votes="0" />
                <Precinct name="Faith Baptist Annex" votes="1" />
            </VoteType>
            <VoteType name="Advance in Person" votes="62">
                <Precinct name="Beards Creek" votes="4" />
                <Precinct name="Rye Patch/Oak Dale" votes="23" />
                <Precinct name="South Ludowici" votes="6" />
                <Precinct name="North Ludowici" votes="15" />
                <Precinct name="Tibet" votes="7" />
                <Precinct name="Alma Flournoy" votes="1" />
                <Precinct name="Faith Baptist Annex" votes="6" />
            </VoteType>
            <VoteType name="Provisional" votes="0">
                <Precinct name="Beards Creek" votes="0" />
                <Precinct name="Rye Patch/Oak Dale" votes="0" />
                <Precinct name="South Ludowici" votes="0" />
                <Precinct name="North Ludowici" votes="0" />
                <Precinct name="Tibet" votes="0" />
                <Precinct name="Alma Flournoy" votes="0" />
                <Precinct name="Faith Baptist Annex" votes="0" />
            </VoteType>
        </Choice>
    </Contest>
    <Contest key="30" text="Public Service Commission, District 2 - Eastern" isQuestion="false" precinctsReporting="7" precinctsReported="7">
        <VoteType name="Number of Precincts for Race" votes="7">
            <Precinct name="Beards Creek" votes="1" />
            <Precinct name="Rye Patch/Oak Dale" votes="1" />
            <Precinct name="South Ludowici" votes="1" />
            <Precinct name="North Ludowici" votes="1" />
            <Precinct name="Tibet" votes="1" />
            <Precinct name="Alma Flournoy" votes="1" />
            <Precinct name="Faith Baptist Annex" votes="1" />
        </VoteType>
        <VoteType name="Number of Precincts Reporting" votes="7">
            <Precinct name="Beards Creek" votes="1" />
            <Precinct name="Rye Patch/Oak Dale" votes="1" />
            <Precinct name="South Ludowici" votes="1" />
            <Precinct name="North Ludowici" votes="1" />
            <Precinct name="Tibet" votes="1" />
            <Precinct name="Alma Flournoy" votes="1" />
            <Precinct name="Faith Baptist Annex" votes="1" />
        </VoteType>
        <Choice key="20" text="TIM ECHOLS (I)" totalVotes="2661">
            <VoteType name="Election Day" votes="1323">
                <Precinct name="Beards Creek" votes="258" />
                <Precinct name="Rye Patch/Oak Dale" votes="387" />
                <Precinct name="South Ludowici" votes="105" />
                <Precinct name="North Ludowici" votes="219" />
                <Precinct name="Tibet" votes="154" />
                <Precinct name="Alma Flournoy" votes="68" />
                <Precinct name="Faith Baptist Annex" votes="132" />
            </VoteType>
            <VoteType name="Absentee by Mail" votes="42">
                <Precinct name="Beards Creek" votes="9" />
                <Precinct name="Rye Patch/Oak Dale" votes="14" />
                <Precinct name="South Ludowici" votes="5" />
                <Precinct name="North Ludowici" votes="5" />
                <Precinct name="Tibet" votes="3" />
                <Precinct name="Alma Flournoy" votes="3" />
                <Precinct name="Faith Baptist Annex" votes="3" />
            </VoteType>
            <VoteType name="Advance in Person" votes="1293">
                <Precinct name="Beards Creek" votes="142" />
                <Precinct name="Rye Patch/Oak Dale" votes="344" />
                <Precinct name="South Ludowici" votes="160" />
                <Precinct name="North Ludowici" votes="252" />
                <Precinct name="Tibet" votes="197" />
                <Precinct name="Alma Flournoy" votes="60" />
                <Precinct name="Faith Baptist Annex" votes="138" />
            </VoteType>
            <VoteType name="Provisional" votes="3">
                <Precinct name="Beards Creek" votes="2" />
                <Precinct name="Rye Patch/Oak Dale" votes="0" />
                <Precinct name="South Ludowici" votes="1" />
                <Precinct name="North Ludowici" votes="0" />
                <Precinct name="Tibet" votes="0" />
                <Precinct name="Alma Flournoy" votes="0" />
                <Precinct name="Faith Baptist Annex" votes="0" />
            </VoteType>
        </Choice>
        <Choice key="30" text="ERIC HOSKINS" totalVotes="871">
            <VoteType name="Election Day" votes="420">
                <Precinct name="Beards Creek" votes="94" />
                <Precinct name="Rye Patch/Oak Dale" votes="126" />
                <Precinct name="South Ludowici" votes="54" />
                <Precinct name="North Ludowici" votes="84" />
                <Precinct name="Tibet" votes="26" />
                <Precinct name="Alma Flournoy" votes="12" />
                <Precinct name="Faith Baptist Annex" votes="24" />
            </VoteType>
            <VoteType name="Absentee by Mail" votes="30">
                <Precinct name="Beards Creek" votes="14" />
                <Precinct name="Rye Patch/Oak Dale" votes="5" />
                <Precinct name="South Ludowici" votes="1" />
                <Precinct name="North Ludowici" votes="5" />
                <Precinct name="Tibet" votes="2" />
                <Precinct name="Alma Flournoy" votes="0" />
                <Precinct name="Faith Baptist Annex" votes="3" />
            </VoteType>
            <VoteType name="Advance in Person" votes="418">
                <Precinct name="Beards Creek" votes="50" />
                <Precinct name="Rye Patch/Oak Dale" votes="110" />
                <Precinct name="South Ludowici" votes="75" />
                <Precinct name="North Ludowici" votes="114" />
                <Precinct name="Tibet" votes="25" />
                <Precinct name="Alma Flournoy" votes="9" />
                <Precinct name="Faith Baptist Annex" votes="35" />
            </VoteType>
            <VoteType name="Provisional" votes="3">
                <Precinct name="Beards Creek" votes="2" />
                <Precinct name="Rye Patch/Oak Dale" votes="0" />
                <Precinct name="South Ludowici" votes="0" />
                <Precinct name="North Ludowici" votes="1" />
                <Precinct name="Tibet" votes="0" />
                <Precinct name="Alma Flournoy" votes="0" />
                <Precinct name="Faith Baptist Annex" votes="0" />
            </VoteType>
        </Choice>
    </Contest>
    <Contest key="50" text="U.S. Representative, District 1" isQuestion="false" precinctsReporting="7" precinctsReported="7">
        <VoteType name="Number of Precincts for Race" votes="7">
            <Precinct name="Beards Creek" votes="1" />
            <Precinct name="Rye Patch/Oak Dale" votes="1" />
            <Precinct name="South Ludowici" votes="1" />
            <Precinct name="North Ludowici" votes="1" />
            <Precinct name="Tibet" votes="1" />
            <Precinct name="Alma Flournoy" votes="1" />
            <Precinct name="Faith Baptist Annex" votes="1" />
        </VoteType>
        <VoteType name="Number of Precincts Reporting" votes="7">
            <Precinct name="Beards Creek" votes="1" />
            <Precinct name="Rye Patch/Oak Dale" votes="1" />
            <Precinct name="South Ludowici" votes="1" />
            <Precinct name="North Ludowici" votes="1" />
            <Precinct name="Tibet" votes="1" />
            <Precinct name="Alma Flournoy" votes="1" />
            <Precinct name="Faith Baptist Annex" votes="1" />
        </VoteType>
        <Choice key="10" text="EARL “BUDDY” CARTER (I)" totalVotes="3319">
            <VoteType name="Election Day" votes="1664">
                <Precinct name="Beards Creek" votes="337" />
                <Precinct name="Rye Patch/Oak Dale" votes="482" />
                <Precinct name="South Ludowici" votes="147" />
                <Precinct name="North Ludowici" votes="286" />
                <Precinct name="Tibet" votes="183" />
                <Precinct name="Alma Flournoy" votes="75" />
                <Precinct name="Faith Baptist Annex" votes="154" />
            </VoteType>
            <VoteType name="Absentee by Mail" votes="67">
                <Precinct name="Beards Creek" votes="17" />
                <Precinct name="Rye Patch/Oak Dale" votes="16" />
                <Precinct name="South Ludowici" votes="6" />
                <Precinct name="North Ludowici" votes="12" />
                <Precinct name="Tibet" votes="5" />
                <Precinct name="Alma Flournoy" votes="4" />
                <Precinct name="Faith Baptist Annex" votes="7" />
            </VoteType>
            <VoteType name="Advance in Person" votes="1582">
                <Precinct name="Beards Creek" votes="172" />
                <Precinct name="Rye Patch/Oak Dale" votes="420" />
                <Precinct name="South Ludowici" votes="217" />
                <Precinct name="North Ludowici" votes="330" />
                <Precinct name="Tibet" votes="215" />
                <Precinct name="Alma Flournoy" votes="67" />
                <Precinct name="Faith Baptist Annex" votes="161" />
            </VoteType>
            <VoteType name="Provisional" votes="6">
                <Precinct name="Beards Creek" votes="4" />
                <Precinct name="Rye Patch/Oak Dale" votes="0" />
                <Precinct name="South Ludowici" votes="1" />
                <Precinct name="North Ludowici" votes="1" />
                <Precinct name="Tibet" votes="0" />
                <Precinct name="Alma Flournoy" votes="0" />
                <Precinct name="Faith Baptist Annex" votes="0" />
            </VoteType>
        </Choice>
    </Contest>
    <Contest key="70" text="State Senator, District 19" isQuestion="false" precinctsReporting="7" precinctsReported="7">
        <VoteType name="Number of Precincts for Race" votes="7">
            <Precinct name="Beards Creek" votes="1" />
            <Precinct name="Rye Patch/Oak Dale" votes="1" />
            <Precinct name="South Ludowici" votes="1" />
            <Precinct name="North Ludowici" votes="1" />
            <Precinct name="Tibet" votes="1" />
            <Precinct name="Alma Flournoy" votes="1" />
            <Precinct name="Faith Baptist Annex" votes="1" />
        </VoteType>
        <VoteType name="Number of Precincts Reporting" votes="7">
            <Precinct name="Beards Creek" votes="1" />
            <Precinct name="Rye Patch/Oak Dale" votes="1" />
            <Precinct name="South Ludowici" votes="1" />
            <Precinct name="North Ludowici" votes="1" />
            <Precinct name="Tibet" votes="1" />
            <Precinct name="Alma Flournoy" votes="1" />
            <Precinct name="Faith Baptist Annex" votes="1" />
        </VoteType>
        <Choice key="30" text="BLAKE TILLERY" totalVotes="3076">
            <VoteType name="Election Day" votes="1550">
                <Precinct name="Beards Creek" votes="307" />
                <Precinct name="Rye Patch/Oak Dale" votes="457" />
                <Precinct name="South Ludowici" votes="139" />
                <Precinct name="North Ludowici" votes="270" />
                <Precinct name="Tibet" votes="165" />
                <Precinct name="Alma Flournoy" votes="68" />
                <Precinct name="Faith Baptist Annex" votes="144" />
            </VoteType>
            <VoteType name="Absentee by Mail" votes="54">
                <Precinct name="Beards Creek" votes="12" />
                <Precinct name="Rye Patch/Oak Dale" votes="15" />
                <Precinct name="South Ludowici" votes="6" />
                <Precinct name="North Ludowici" votes="7" />
                <Precinct name="Tibet" votes="5" />
                <Precinct name="Alma Flournoy" votes="3" />
                <Precinct name="Faith Baptist Annex" votes="6" />
            </VoteType>
            <VoteType name="Advance in Person" votes="1466">
                <Precinct name="Beards Creek" votes="158" />
                <Precinct name="Rye Patch/Oak Dale" votes="393" />
                <Precinct name="South Ludowici" votes="198" />
                <Precinct name="North Ludowici" votes="313" />
                <Precinct name="Tibet" votes="200" />
                <Precinct name="Alma Flournoy" votes="58" />
                <Precinct name="Faith Baptist Annex" votes="146" />
            </VoteType>
            <VoteType name="Provisional" votes="6">
                <Precinct name="Beards Creek" votes="4" />
                <Precinct name="Rye Patch/Oak Dale" votes="0" />
                <Precinct name="South Ludowici" votes="1" />
                <Precinct name="North Ludowici" votes="1" />
                <Precinct name="Tibet" votes="0" />
                <Precinct name="Alma Flournoy" votes="0" />
                <Precinct name="Faith Baptist Annex" votes="0" />
            </VoteType>
        </Choice>
    </Contest>
    <Contest key="90" text="State Representative, District 167" isQuestion="false" precinctsReporting="7" precinctsReported="7">
        <VoteType name="Number of Precincts for Race" votes="7">
            <Precinct name="Beards Creek" votes="1" />
            <Precinct name="Rye Patch/Oak Dale" votes="1" />
            <Precinct name="South Ludowici" votes="1" />
            <Precinct name="North Ludowici" votes="1" />
            <Precinct name="Tibet" votes="1" />
            <Precinct name="Alma Flournoy" votes="1" />
            <Precinct name="Faith Baptist Annex" votes="1" />
        </VoteType>
        <VoteType name="Number of Precincts Reporting" votes="7">
            <Precinct name="Beards Creek" votes="1" />
            <Precinct name="Rye Patch/Oak Dale" votes="1" />
            <Precinct name="South Ludowici" votes="1" />
            <Precinct name="North Ludowici" votes="1" />
            <Precinct name="Tibet" votes="1" />
            <Precinct name="Alma Flournoy" votes="1" />
            <Precinct name="Faith Baptist Annex" votes="1" />
        </VoteType>
        <Choice key="10" text="JEFF JONES (I)" totalVotes="3091">
            <VoteType name="Election Day" votes="1543">
                <Precinct name="Beards Creek" votes="303" />
                <Precinct name="Rye Patch/Oak Dale" votes="461" />
                <Precinct name="South Ludowici" votes="136" />
                <Precinct name="North Ludowici" votes="266" />
                <Precinct name="Tibet" votes="166" />
                <Precinct name="Alma Flournoy" votes="70" />
                <Precinct name="Faith Baptist Annex" votes="141" />
            </VoteType>
            <VoteType name="Absentee by Mail" votes="60">
                <Precinct name="Beards Creek" votes="14" />
                <Precinct name="Rye Patch/Oak Dale" votes="17" />
                <Precinct name="South Ludowici" votes="6" />
                <Precinct name="North Ludowici" votes="8" />
                <Precinct name="Tibet" votes="5" />
                <Precinct name="Alma Flournoy" votes="4" />
                <Precinct name="Faith Baptist Annex" votes="6" />
            </VoteType>
            <VoteType name="Advance in Person" votes="1482">
                <Precinct name="Beards Creek" votes="162" />
                <Precinct name="Rye Patch/Oak Dale" votes="396" />
                <Precinct name="South Ludowici" votes="205" />
                <Precinct name="North Ludowici" votes="315" />
                <Precinct name="Tibet" votes="200" />
                <Precinct name="Alma Flournoy" votes="56" />
                <Precinct name="Faith Baptist Annex" votes="148" />
            </VoteType>
            <VoteType name="Provisional" votes="6">
                <Precinct name="Beards Creek" votes="4" />
                <Precinct name="Rye Patch/Oak Dale" votes="0" />
                <Precinct name="South Ludowici" votes="1" />
                <Precinct name="North Ludowici" votes="1" />
                <Precinct name="Tibet" votes="0" />
                <Precinct name="Alma Flournoy" votes="0" />
                <Precinct name="Faith Baptist Annex" votes="0" />
            </VoteType>
        </Choice>
    </Contest>
    <Contest key="120" text="CLERK, SUPERIOR COURT" isQuestion="false" precinctsReporting="7" precinctsReported="7">
        <VoteType name="Number of Precincts for Race" votes="7">
            <Precinct name="Beards Creek" votes="1" />
            <Precinct name="Rye Patch/Oak Dale" votes="1" />
            <Precinct name="South Ludowici" votes="1" />
            <Precinct name="North Ludowici" votes="1" />
            <Precinct name="Tibet" votes="1" />
            <Precinct name="Alma Flournoy" votes="1" />
            <Precinct name="Faith Baptist Annex" votes="1" />
        </VoteType>
        <VoteType name="Number of Precincts Reporting" votes="7">
            <Precinct name="Beards Creek" votes="1" />
            <Precinct name="Rye Patch/Oak Dale" votes="1" />
            <Precinct name="South Ludowici" votes="1" />
            <Precinct name="North Ludowici" votes="1" />
            <Precinct name="Tibet" votes="1" />
            <Precinct name="Alma Flournoy" votes="1" />
            <Precinct name="Faith Baptist Annex" votes="1" />
        </VoteType>
        <Choice key="10" text="S. LONG (I) D" totalVotes="3550">
            <VoteType name="Election Day" votes="1734">
                <Precinct name="Beards Creek" votes="368" />
                <Precinct name="Rye Patch/Oak Dale" votes="484" />
                <Precinct name="South Ludowici" votes="164" />
                <Precinct name="North Ludowici" votes="317" />
                <Precinct name="Tibet" votes="176" />
                <Precinct name="Alma Flournoy" votes="77" />
                <Precinct name="Faith Baptist Annex" votes="148" />
            </VoteType>
            <VoteType name="Absentee by Mail" votes="79">
                <Precinct name="Beards Creek" votes="28" />
                <Precinct name="Rye Patch/Oak Dale" votes="19" />
                <Precinct name="South Ludowici" votes="6" />
                <Precinct name="North Ludowici" votes="9" />
                <Precinct name="Tibet" votes="5" />
                <Precinct name="Alma Flournoy" votes="4" />
                <Precinct name="Faith Baptist Annex" votes="8" />
            </VoteType>
            <VoteType name="Advance in Person" votes="1733">
                <Precinct name="Beards Creek" votes="209" />
                <Precinct name="Rye Patch/Oak Dale" votes="443" />
                <Precinct name="South Ludowici" votes="250" />
                <Precinct name="North Ludowici" votes="378" />
                <Precinct name="Tibet" votes="220" />
                <Precinct name="Alma Flournoy" votes="63" />
                <Precinct name="Faith Baptist Annex" votes="170" />
            </VoteType>
            <VoteType name="Provisional" votes="4">
                <Precinct name="Beards Creek" votes="3" />
                <Precinct name="Rye Patch/Oak Dale" votes="0" />
                <Precinct name="South Ludowici" votes="0" />
                <Precinct name="North Ludowici" votes="1" />
                <Precinct name="Tibet" votes="0" />
                <Precinct name="Alma Flournoy" votes="0" />
                <Precinct name="Faith Baptist Annex" votes="0" />
            </VoteType>
        </Choice>
    </Contest>
    <Contest key="130" text="SHERIFF" isQuestion="false" precinctsReporting="7" precinctsReported="7">
        <VoteType name="Number of Precincts for Race" votes="7">
            <Precinct name="Beards Creek" votes="1" />
            <Precinct name="Rye Patch/Oak Dale" votes="1" />
            <Precinct name="South Ludowici" votes="1" />
            <Precinct name="North Ludowici" votes="1" />
            <Precinct name="Tibet" votes="1" />
            <Precinct name="Alma Flournoy" votes="1" />
            <Precinct name="Faith Baptist Annex" votes="1" />
        </VoteType>
        <VoteType name="Number of Precincts Reporting" votes="7">
            <Precinct name="Beards Creek" votes="1" />
            <Precinct name="Rye Patch/Oak Dale" votes="1" />
            <Precinct name="South Ludowici" votes="1" />
            <Precinct name="North Ludowici" votes="1" />
            <Precinct name="Tibet" votes="1" />
            <Precinct name="Alma Flournoy" votes="1" />
            <Precinct name="Faith Baptist Annex" votes="1" />
        </VoteType>
        <Choice key="10" text="T. WORKS (R)" totalVotes="828">
            <VoteType name="Election Day" votes="458">
                <Precinct name="Beards Creek" votes="71" />
                <Precinct name="Rye Patch/Oak Dale" votes="165" />
                <Precinct name="South Ludowici" votes="48" />
                <Precinct name="North Ludowici" votes="89" />
                <Precinct name="Tibet" votes="37" />
                <Precinct name="Alma Flournoy" votes="11" />
                <Precinct name="Faith Baptist Annex" votes="37" />
            </VoteType>
            <VoteType name="Absentee by Mail" votes="14">
                <Precinct name="Beards Creek" votes="2" />
                <Precinct name="Rye Patch/Oak Dale" votes="7" />
                <Precinct name="South Ludowici" votes="2" />
                <Precinct name="North Ludowici" votes="2" />
                <Precinct name="Tibet" votes="0" />
                <Precinct name="Alma Flournoy" votes="0" />
                <Precinct name="Faith Baptist Annex" votes="1" />
            </VoteType>
            <VoteType name="Advance in Person" votes="356">
                <Precinct name="Beards Creek" votes="29" />
                <Precinct name="Rye Patch/Oak Dale" votes="128" />
                <Precinct name="South Ludowici" votes="53" />
                <Precinct name="North Ludowici" votes="75" />
                <Precinct name="Tibet" votes="29" />
                <Precinct name="Alma Flournoy" votes="6" />
                <Precinct name="Faith Baptist Annex" votes="36" />
            </VoteType>
            <VoteType name="Provisional" votes="0">
                <Precinct name="Beards Creek" votes="0" />
                <Precinct name="Rye Patch/Oak Dale" votes="0" />
                <Precinct name="South Ludowici" votes="0" />
                <Precinct name="North Ludowici" votes="0" />
                <Precinct name="Tibet" votes="0" />
                <Precinct name="Alma Flournoy" votes="0" />
                <Precinct name="Faith Baptist Annex" votes="0" />
            </VoteType>
        </Choice>
        <Choice key="20" text="C. NOBLES (I) D" totalVotes="3189">
            <VoteType name="Election Day" votes="1532">
                <Precinct name="Beards Creek" votes="362" />
                <Precinct name="Rye Patch/Oak Dale" votes="394" />
                <Precinct name="South Ludowici" votes="144" />
                <Precinct name="North Ludowici" votes="258" />
                <Precinct name="Tibet" votes="158" />
                <Precinct name="Alma Flournoy" votes="80" />
                <Precinct name="Faith Baptist Annex" votes="136" />
            </VoteType>
            <VoteType name="Absentee by Mail" votes="78">
                <Precinct name="Beards Creek" votes="29" />
                <Precinct name="Rye Patch/Oak Dale" votes="13" />
                <Precinct name="South Ludowici" votes="9" />
                <Precinct name="North Ludowici" votes="10" />
                <Precinct name="Tibet" votes="5" />
                <Precinct name="Alma Flournoy" votes="4" />
                <Precinct name="Faith Baptist Annex" votes="8" />
            </VoteType>
            <VoteType name="Advance in Person" votes="1574">
                <Precinct name="Beards Creek" votes="206" />
                <Precinct name="Rye Patch/Oak Dale" votes="380" />
                <Precinct name="South Ludowici" votes="227" />
                <Precinct name="North Ludowici" votes="328" />
                <Precinct name="Tibet" votes="211" />
                <Precinct name="Alma Flournoy" votes="68" />
                <Precinct name="Faith Baptist Annex" votes="154" />
            </VoteType>
            <VoteType name="Provisional" votes="5">
                <Precinct name="Beards Creek" votes="3" />
                <Precinct name="Rye Patch/Oak Dale" votes="0" />
                <Precinct name="South Ludowici" votes="1" />
                <Precinct name="North Ludowici" votes="1" />
                <Precinct name="Tibet" votes="0" />
                <Precinct name="Alma Flournoy" votes="0" />
                <Precinct name="Faith Baptist Annex" votes="0" />
            </VoteType>
        </Choice>
    </Contest>
    <Contest key="160" text="TAX COMMISSIONER" isQuestion="false" precinctsReporting="7" precinctsReported="7">
        <VoteType name="Number of Precincts for Race" votes="7">
            <Precinct name="Beards Creek" votes="1" />
            <Precinct name="Rye Patch/Oak Dale" votes="1" />
            <Precinct name="South Ludowici" votes="1" />
            <Precinct name="North Ludowici" votes="1" />
            <Precinct name="Tibet" votes="1" />
            <Precinct name="Alma Flournoy" votes="1" />
            <Precinct name="Faith Baptist Annex" votes="1" />
        </VoteType>
        <VoteType name="Number of Precincts Reporting" votes="7">
            <Precinct name="Beards Creek" votes="1" />
            <Precinct name="Rye Patch/Oak Dale" votes="1" />
            <Precinct name="South Ludowici" votes="1" />
            <Precinct name="North Ludowici" votes="1" />
            <Precinct name="Tibet" votes="1" />
            <Precinct name="Alma Flournoy" votes="1" />
            <Precinct name="Faith Baptist Annex" votes="1" />
        </VoteType>
        <Choice key="10" text="R. S. FOWLER (I) D" totalVotes="3538">
            <VoteType name="Election Day" votes="1726">
                <Precinct name="Beards Creek" votes="364" />
                <Precinct name="Rye Patch/Oak Dale" votes="479" />
                <Precinct name="South Ludowici" votes="166" />
                <Precinct name="North Ludowici" votes="309" />
                <Precinct name="Tibet" votes="177" />
                <Precinct name="Alma Flournoy" votes="80" />
                <Precinct name="Faith Baptist Annex" votes="151" />
            </VoteType>
            <VoteType name="Absentee by Mail" votes="77">
                <Precinct name="Beards Creek" votes="29" />
                <Precinct name="Rye Patch/Oak Dale" votes="17" />
                <Precinct name="South Ludowici" votes="7" />
                <Precinct name="North Ludowici" votes="7" />
                <Precinct name="Tibet" votes="5" />
                <Precinct name="Alma Flournoy" votes="4" />
                <Precinct name="Faith Baptist Annex" votes="8" />
            </VoteType>
            <VoteType name="Advance in Person" votes="1730">
                <Precinct name="Beards Creek" votes="213" />
                <Precinct name="Rye Patch/Oak Dale" votes="449" />
                <Precinct name="South Ludowici" votes="253" />
                <Precinct name="North Ludowici" votes="369" />
                <Precinct name="Tibet" votes="220" />
                <Precinct name="Alma Flournoy" votes="65" />
                <Precinct name="Faith Baptist Annex" votes="161" />
            </VoteType>
            <VoteType name="Provisional" votes="5">
                <Precinct name="Beards Creek" votes="3" />
                <Precinct name="Rye Patch/Oak Dale" votes="0" />
                <Precinct name="South Ludowici" votes="1" />
                <Precinct name="North Ludowici" votes="1" />
                <Precinct name="Tibet" votes="0" />
                <Precinct name="Alma Flournoy" votes="0" />
                <Precinct name="Faith Baptist Annex" votes="0" />
            </VoteType>
        </Choice>
    </Contest>
    <Contest key="180" text="CORONER" isQuestion="false" precinctsReporting="7" precinctsReported="7">
        <VoteType name="Number of Precincts for Race" votes="7">
            <Precinct name="Beards Creek" votes="1" />
            <Precinct name="Rye Patch/Oak Dale" votes="1" />
            <Precinct name="South Ludowici" votes="1" />
            <Precinct name="North Ludowici" votes="1" />
            <Precinct name="Tibet" votes="1" />
            <Precinct name="Alma Flournoy" votes="1" />
            <Precinct name="Faith Baptist Annex" votes="1" />
        </VoteType>
        <VoteType name="Number of Precincts Reporting" votes="7">
            <Precinct name="Beards Creek" votes="1" />
            <Precinct name="Rye Patch/Oak Dale" votes="1" />
            <Precinct name="South Ludowici" votes="1" />
            <Precinct name="North Ludowici" votes="1" />
            <Precinct name="Tibet" votes="1" />
            <Precinct name="Alma Flournoy" votes="1" />
            <Precinct name="Faith Baptist Annex" votes="1" />
        </VoteType>
        <Choice key="10" text="E. M PATTERSON (I) D" totalVotes="3457">
            <VoteType name="Election Day" votes="1676">
                <Precinct name="Beards Creek" votes="338" />
                <Precinct name="Rye Patch/Oak Dale" votes="474" />
                <Precinct name="South Ludowici" votes="158" />
                <Precinct name="North Ludowici" votes="306" />
                <Precinct name="Tibet" votes="175" />
                <Precinct name="Alma Flournoy" votes="77" />
                <Precinct name="Faith Baptist Annex" votes="148" />
            </VoteType>
            <VoteType name="Absentee by Mail" votes="78">
                <Precinct name="Beards Creek" votes="29" />
                <Precinct name="Rye Patch/Oak Dale" votes="16" />
                <Precinct name="South Ludowici" votes="7" />
                <Precinct name="North Ludowici" votes="9" />
                <Precinct name="Tibet" votes="5" />
                <Precinct name="Alma Flournoy" votes="4" />
                <Precinct name="Faith Baptist Annex" votes="8" />
            </VoteType>
            <VoteType name="Advance in Person" votes="1699">
                <Precinct name="Beards Creek" votes="195" />
                <Precinct name="Rye Patch/Oak Dale" votes="445" />
                <Precinct name="South Ludowici" votes="251" />
                <Precinct name="North Ludowici" votes="365" />
                <Precinct name="Tibet" votes="219" />
                <Precinct name="Alma Flournoy" votes="64" />
                <Precinct name="Faith Baptist Annex" votes="160" />
            </VoteType>
            <VoteType name="Provisional" votes="4">
                <Precinct name="Beards Creek" votes="3" />
                <Precinct name="Rye Patch/Oak Dale" votes="0" />
                <Precinct name="South Ludowici" votes="1" />
                <Precinct name="North Ludowici" votes="0" />
                <Precinct name="Tibet" votes="0" />
                <Precinct name="Alma Flournoy" votes="0" />
                <Precinct name="Faith Baptist Annex" votes="0" />
            </VoteType>
        </Choice>
    </Contest>
    <Contest key="190" text="CC, D1" isQuestion="false" precinctsReporting="1" precinctsReported="1">
        <VoteType name="Number of Precincts for Race" votes="1">
            <Precinct name="Beards Creek" votes="1" />
        </VoteType>
        <VoteType name="Number of Precincts Reporting" votes="1">
            <Precinct name="Beards Creek" votes="1" />
        </VoteType>
        <Choice key="10" text="B. J. BRAY (R)" totalVotes="308">
            <VoteType name="Election Day" votes="201">
                <Precinct name="Beards Creek" votes="201" />
            </VoteType>
            <VoteType name="Absentee by Mail" votes="3">
                <Precinct name="Beards Creek" votes="3" />
            </VoteType>
            <VoteType name="Advance in Person" votes="103">
                <Precinct name="Beards Creek" votes="103" />
            </VoteType>
            <VoteType name="Provisional" votes="1">
                <Precinct name="Beards Creek" votes="1" />
            </VoteType>
        </Choice>
        <Choice key="20" text="D. RICHARDSON (D)" totalVotes="367">
            <VoteType name="Election Day" votes="213">
                <Precinct name="Beards Creek" votes="213" />
            </VoteType>
            <VoteType name="Absentee by Mail" votes="28">
                <Precinct name="Beards Creek" votes="28" />
            </VoteType>
            <VoteType name="Advance in Person" votes="125">
                <Precinct name="Beards Creek" votes="125" />
            </VoteType>
            <VoteType name="Provisional" votes="1">
                <Precinct name="Beards Creek" votes="1" />
            </VoteType>
        </Choice>
    </Contest>
    <Contest key="210" text="CC, D2" isQuestion="false" precinctsReporting="1" precinctsReported="1">
        <VoteType name="Number of Precincts for Race" votes="1">
            <Precinct name="Rye Patch/Oak Dale" votes="1" />
        </VoteType>
        <VoteType name="Number of Precincts Reporting" votes="1">
            <Precinct name="Rye Patch/Oak Dale" votes="1" />
        </VoteType>
        <Choice key="10" text="M. RIDDLE (R)" totalVotes="570">
            <VoteType name="Election Day" votes="302">
                <Precinct name="Rye Patch/Oak Dale" votes="302" />
            </VoteType>
            <VoteType name="Absentee by Mail" votes="14">
                <Precinct name="Rye Patch/Oak Dale" votes="14" />
            </VoteType>
            <VoteType name="Advance in Person" votes="254">
                <Precinct name="Rye Patch/Oak Dale" votes="254" />
            </VoteType>
            <VoteType name="Provisional" votes="0">
                <Precinct name="Rye Patch/Oak Dale" votes="0" />
            </VoteType>
        </Choice>
        <Choice key="20" text="R. A. LONG (I) D" totalVotes="516">
            <VoteType name="Election Day" votes="257">
                <Precinct name="Rye Patch/Oak Dale" votes="257" />
            </VoteType>
            <VoteType name="Absentee by Mail" votes="7">
                <Precinct name="Rye Patch/Oak Dale" votes="7" />
            </VoteType>
            <VoteType name="Advance in Person" votes="252">
                <Precinct name="Rye Patch/Oak Dale" votes="252" />
            </VoteType>
            <VoteType name="Provisional" votes="0">
                <Precinct name="Rye Patch/Oak Dale" votes="0" />
            </VoteType>
        </Choice>
    </Contest>
    <Contest key="240" text="CC, D3" isQuestion="false" precinctsReporting="1" precinctsReported="1">
        <VoteType name="Number of Precincts for Race" votes="1">
            <Precinct name="South Ludowici" votes="1" />
        </VoteType>
        <VoteType name="Number of Precincts Reporting" votes="1">
            <Precinct name="South Ludowici" votes="1" />
        </VoteType>
        <Choice key="20" text="W. F. THOMPSON (I) D" totalVotes="386">
            <VoteType name="Election Day" votes="155">
                <Precinct name="South Ludowici" votes="155" />
            </VoteType>
            <VoteType name="Absentee by Mail" votes="8">
                <Precinct name="South Ludowici" votes="8" />
            </VoteType>
            <VoteType name="Advance in Person" votes="222">
                <Precinct name="South Ludowici" votes="222" />
            </VoteType>
            <VoteType name="Provisional" votes="1">
                <Precinct name="South Ludowici" votes="1" />
            </VoteType>
        </Choice>
    </Contest>
    <Contest key="250" text="CC, D4" isQuestion="false" precinctsReporting="1" precinctsReported="1">
        <VoteType name="Number of Precincts for Race" votes="1">
            <Precinct name="North Ludowici" votes="1" />
        </VoteType>
        <VoteType name="Number of Precincts Reporting" votes="1">
            <Precinct name="North Ludowici" votes="1" />
        </VoteType>
        <Choice key="10" text="C. L. DELOACH (I) R" totalVotes="598">
            <VoteType name="Election Day" votes="269">
                <Precinct name="North Ludowici" votes="269" />
            </VoteType>
            <VoteType name="Absentee by Mail" votes="9">
                <Precinct name="North Ludowici" votes="9" />
            </VoteType>
            <VoteType name="Advance in Person" votes="320">
                <Precinct name="North Ludowici" votes="320" />
            </VoteType>
            <VoteType name="Provisional" votes="0">
                <Precinct name="North Ludowici" votes="0" />
            </VoteType>
        </Choice>
    </Contest>
    <Contest key="270" text="CC, D5" isQuestion="false" precinctsReporting="3" precinctsReported="3">
        <VoteType name="Number of Precincts for Race" votes="3">
            <Precinct name="Tibet" votes="1" />
            <Precinct name="Alma Flournoy" votes="1" />
            <Precinct name="Faith Baptist Annex" votes="1" />
        </VoteType>
        <VoteType name="Number of Precincts Reporting" votes="3">
            <Precinct name="Tibet" votes="1" />
            <Precinct name="Alma Flournoy" votes="1" />
            <Precinct name="Faith Baptist Annex" votes="1" />
        </VoteType>
        <Choice key="10" text="R. L KLINGENSMITH (R" totalVotes="379">
            <VoteType name="Election Day" votes="179">
                <Precinct name="Tibet" votes="77" />
                <Precinct name="Alma Flournoy" votes="27" />
                <Precinct name="Faith Baptist Annex" votes="75" />
            </VoteType>
            <VoteType name="Absentee by Mail" votes="2">
                <Precinct name="Tibet" votes="0" />
                <Precinct name="Alma Flournoy" votes="1" />
                <Precinct name="Faith Baptist Annex" votes="1" />
            </VoteType>
            <VoteType name="Advance in Person" votes="198">
                <Precinct name="Tibet" votes="85" />
                <Precinct name="Alma Flournoy" votes="26" />
                <Precinct name="Faith Baptist Annex" votes="87" />
            </VoteType>
            <VoteType name="Provisional" votes="0">
                <Precinct name="Tibet" votes="0" />
                <Precinct name="Alma Flournoy" votes="0" />
                <Precinct name="Faith Baptist Annex" votes="0" />
            </VoteType>
        </Choice>
        <Choice key="20" text="B. WALKER (D)" totalVotes="593">
            <VoteType name="Election Day" votes="277">
                <Precinct name="Tibet" votes="120" />
                <Precinct name="Alma Flournoy" votes="58" />
                <Precinct name="Faith Baptist Annex" votes="99" />
            </VoteType>
            <VoteType name="Absentee by Mail" votes="14">
                <Precinct name="Tibet" votes="4" />
                <Precinct name="Alma Flournoy" votes="2" />
                <Precinct name="Faith Baptist Annex" votes="8" />
            </VoteType>
            <VoteType name="Advance in Person" votes="302">
                <Precinct name="Tibet" votes="156" />
                <Precinct name="Alma Flournoy" votes="44" />
                <Precinct name="Faith Baptist Annex" votes="102" />
            </VoteType>
            <VoteType name="Provisional" votes="0">
                <Precinct name="Tibet" votes="0" />
                <Precinct name="Alma Flournoy" votes="0" />
                <Precinct name="Faith Baptist Annex" votes="0" />
            </VoteType>
        </Choice>
    </Contest>
    <Contest key="280" text="SOIL AND WATER" isQuestion="false" precinctsReporting="7" precinctsReported="7">
        <VoteType name="Number of Precincts for Race" votes="7">
            <Precinct name="Beards Creek" votes="1" />
            <Precinct name="Rye Patch/Oak Dale" votes="1" />
            <Precinct name="South Ludowici" votes="1" />
            <Precinct name="North Ludowici" votes="1" />
            <Precinct name="Tibet" votes="1" />
            <Precinct name="Alma Flournoy" votes="1" />
            <Precinct name="Faith Baptist Annex" votes="1" />
        </VoteType>
        <VoteType name="Number of Precincts Reporting" votes="7">
            <Precinct name="Beards Creek" votes="1" />
            <Precinct name="Rye Patch/Oak Dale" votes="1" />
            <Precinct name="South Ludowici" votes="1" />
            <Precinct name="North Ludowici" votes="1" />
            <Precinct name="Tibet" votes="1" />
            <Precinct name="Alma Flournoy" votes="1" />
            <Precinct name="Faith Baptist Annex" votes="1" />
        </VoteType>
        <Choice key="10" text="C. STAFFORD (I)" totalVotes="3267">
            <VoteType name="Election Day" votes="1587">
                <Precinct name="Beards Creek" votes="322" />
                <Precinct name="Rye Patch/Oak Dale" votes="465" />
                <Precinct name="South Ludowici" votes="148" />
                <Precinct name="North Ludowici" votes="271" />
                <Precinct name="Tibet" votes="169" />
                <Precinct name="Alma Flournoy" votes="71" />
                <Precinct name="Faith Baptist Annex" votes="141" />
            </VoteType>
            <VoteType name="Absentee by Mail" votes="71">
                <Precinct name="Beards Creek" votes="23" />
                <Precinct name="Rye Patch/Oak Dale" votes="19" />
                <Precinct name="South Ludowici" votes="6" />
                <Precinct name="North Ludowici" votes="8" />
                <Precinct name="Tibet" votes="4" />
                <Precinct name="Alma Flournoy" votes="4" />
                <Precinct name="Faith Baptist Annex" votes="7" />
            </VoteType>
            <VoteType name="Advance in Person" votes="1605">
                <Precinct name="Beards Creek" votes="181" />
                <Precinct name="Rye Patch/Oak Dale" votes="420" />
                <Precinct name="South Ludowici" votes="225" />
                <Precinct name="North Ludowici" votes="337" />
                <Precinct name="Tibet" votes="216" />
                <Precinct name="Alma Flournoy" votes="61" />
                <Precinct name="Faith Baptist Annex" votes="165" />
            </VoteType>
            <VoteType name="Provisional" votes="4">
                <Precinct name="Beards Creek" votes="3" />
                <Precinct name="Rye Patch/Oak Dale" votes="0" />
                <Precinct name="South Ludowici" votes="1" />
                <Precinct name="North Ludowici" votes="0" />
                <Precinct name="Tibet" votes="0" />
                <Precinct name="Alma Flournoy" votes="0" />
                <Precinct name="Faith Baptist Annex" votes="0" />
            </VoteType>
        </Choice>
    </Contest>
    <Contest key="290" text="Constitutional Amendment #1&lt;br&gt;Provides greater flexibility and state accountability to fix failing schools through increasing community involvement." isQuestion="false" precinctsReporting="7" precinctsReported="7">
        <VoteType name="Number of Precincts for Race" votes="7">
            <Precinct name="Beards Creek" votes="1" />
            <Precinct name="Rye Patch/Oak Dale" votes="1" />
            <Precinct name="South Ludowici" votes="1" />
            <Precinct name="North Ludowici" votes="1" />
            <Precinct name="Tibet" votes="1" />
            <Precinct name="Alma Flournoy" votes="1" />
            <Precinct name="Faith Baptist Annex" votes="1" />
        </VoteType>
        <VoteType name="Number of Precincts Reporting" votes="7">
            <Precinct name="Beards Creek" votes="1" />
            <Precinct name="Rye Patch/Oak Dale" votes="1" />
            <Precinct name="South Ludowici" votes="1" />
            <Precinct name="North Ludowici" votes="1" />
            <Precinct name="Tibet" votes="1" />
            <Precinct name="Alma Flournoy" votes="1" />
            <Precinct name="Faith Baptist Annex" votes="1" />
        </VoteType>
        <Choice key="10" text="YES" totalVotes="1562">
            <VoteType name="Election Day" votes="774">
                <Precinct name="Beards Creek" votes="145" />
                <Precinct name="Rye Patch/Oak Dale" votes="241" />
                <Precinct name="South Ludowici" votes="83" />
                <Precinct name="North Ludowici" votes="157" />
                <Precinct name="Tibet" votes="49" />
                <Precinct name="Alma Flournoy" votes="27" />
                <Precinct name="Faith Baptist Annex" votes="72" />
            </VoteType>
            <VoteType name="Absentee by Mail" votes="40">
                <Precinct name="Beards Creek" votes="8" />
                <Precinct name="Rye Patch/Oak Dale" votes="10" />
                <Precinct name="South Ludowici" votes="8" />
                <Precinct name="North Ludowici" votes="8" />
                <Precinct name="Tibet" votes="2" />
                <Precinct name="Alma Flournoy" votes="1" />
                <Precinct name="Faith Baptist Annex" votes="3" />
            </VoteType>
            <VoteType name="Advance in Person" votes="744">
                <Precinct name="Beards Creek" votes="77" />
                <Precinct name="Rye Patch/Oak Dale" votes="192" />
                <Precinct name="South Ludowici" votes="119" />
                <Precinct name="North Ludowici" votes="179" />
                <Precinct name="Tibet" votes="90" />
                <Precinct name="Alma Flournoy" votes="17" />
                <Precinct name="Faith Baptist Annex" votes="70" />
            </VoteType>
            <VoteType name="Provisional" votes="4">
                <Precinct name="Beards Creek" votes="2" />
                <Precinct name="Rye Patch/Oak Dale" votes="0" />
                <Precinct name="South Ludowici" votes="1" />
                <Precinct name="North Ludowici" votes="1" />
                <Precinct name="Tibet" votes="0" />
                <Precinct name="Alma Flournoy" votes="0" />
                <Precinct name="Faith Baptist Annex" votes="0" />
            </VoteType>
        </Choice>
        <Choice key="20" text="NO" totalVotes="2356">
            <VoteType name="Election Day" votes="1159">
                <Precinct name="Beards Creek" votes="251" />
                <Precinct name="Rye Patch/Oak Dale" votes="313" />
                <Precinct name="South Ludowici" votes="104" />
                <Precinct name="North Ludowici" votes="188" />
                <Precinct name="Tibet" votes="143" />
                <Precinct name="Alma Flournoy" votes="60" />
                <Precinct name="Faith Baptist Annex" votes="100" />
            </VoteType>
            <VoteType name="Absentee by Mail" votes="52">
                <Precinct name="Beards Creek" votes="21" />
                <Precinct name="Rye Patch/Oak Dale" votes="10" />
                <Precinct name="South Ludowici" votes="4" />
                <Precinct name="North Ludowici" votes="5" />
                <Precinct name="Tibet" votes="3" />
                <Precinct name="Alma Flournoy" votes="3" />
                <Precinct name="Faith Baptist Annex" votes="6" />
            </VoteType>
            <VoteType name="Advance in Person" votes="1143">
                <Precinct name="Beards Creek" votes="141" />
                <Precinct name="Rye Patch/Oak Dale" votes="313" />
                <Precinct name="South Ludowici" votes="150" />
                <Precinct name="North Ludowici" votes="225" />
                <Precinct name="Tibet" votes="143" />
                <Precinct name="Alma Flournoy" votes="57" />
                <Precinct name="Faith Baptist Annex" votes="114" />
            </VoteType>
            <VoteType name="Provisional" votes="2">
                <Precinct name="Beards Creek" votes="2" />
                <Precinct name="Rye Patch/Oak Dale" votes="0" />
                <Precinct name="South Ludowici" votes="0" />
                <Precinct name="North Ludowici" votes="0" />
                <Precinct name="Tibet" votes="0" />
                <Precinct name="Alma Flournoy" votes="0" />
                <Precinct name="Faith Baptist Annex" votes="0" />
            </VoteType>
        </Choice>
    </Contest>
    <Contest key="300" text="Constitutional Amendment #2&lt;br&gt;Authorizes penalties for sexual exploitation and assessments on adult entertainment to fund child victims' services." isQuestion="false" precinctsReporting="7" precinctsReported="7">
        <VoteType name="Number of Precincts for Race" votes="7">
            <Precinct name="Beards Creek" votes="1" />
            <Precinct name="Rye Patch/Oak Dale" votes="1" />
            <Precinct name="South Ludowici" votes="1" />
            <Precinct name="North Ludowici" votes="1" />
            <Precinct name="Tibet" votes="1" />
            <Precinct name="Alma Flournoy" votes="1" />
            <Precinct name="Faith Baptist Annex" votes="1" />
        </VoteType>
        <VoteType name="Number of Precincts Reporting" votes="7">
            <Precinct name="Beards Creek" votes="1" />
            <Precinct name="Rye Patch/Oak Dale" votes="1" />
            <Precinct name="South Ludowici" votes="1" />
            <Precinct name="North Ludowici" votes="1" />
            <Precinct name="Tibet" votes="1" />
            <Precinct name="Alma Flournoy" votes="1" />
            <Precinct name="Faith Baptist Annex" votes="1" />
        </VoteType>
        <Choice key="10" text="YES" totalVotes="3339">
            <VoteType name="Election Day" votes="1621">
                <Precinct name="Beards Creek" votes="336" />
                <Precinct name="Rye Patch/Oak Dale" votes="470" />
                <Precinct name="South Ludowici" votes="155" />
                <Precinct name="North Ludowici" votes="292" />
                <Precinct name="Tibet" votes="161" />
                <Precinct name="Alma Flournoy" votes="67" />
                <Precinct name="Faith Baptist Annex" votes="140" />
            </VoteType>
            <VoteType name="Absentee by Mail" votes="79">
                <Precinct name="Beards Creek" votes="24" />
                <Precinct name="Rye Patch/Oak Dale" votes="20" />
                <Precinct name="South Ludowici" votes="9" />
                <Precinct name="North Ludowici" votes="12" />
                <Precinct name="Tibet" votes="4" />
                <Precinct name="Alma Flournoy" votes="4" />
                <Precinct name="Faith Baptist Annex" votes="6" />
            </VoteType>
            <VoteType name="Advance in Person" votes="1634">
                <Precinct name="Beards Creek" votes="193" />
                <Precinct name="Rye Patch/Oak Dale" votes="438" />
                <Precinct name="South Ludowici" votes="230" />
                <Precinct name="North Ludowici" votes="355" />
                <Precinct name="Tibet" votes="199" />
                <Precinct name="Alma Flournoy" votes="63" />
                <Precinct name="Faith Baptist Annex" votes="156" />
            </VoteType>
            <VoteType name="Provisional" votes="5">
                <Precinct name="Beards Creek" votes="3" />
                <Precinct name="Rye Patch/Oak Dale" votes="0" />
                <Precinct name="South Ludowici" votes="1" />
                <Precinct name="North Ludowici" votes="1" />
                <Precinct name="Tibet" votes="0" />
                <Precinct name="Alma Flournoy" votes="0" />
                <Precinct name="Faith Baptist Annex" votes="0" />
            </VoteType>
        </Choice>
        <Choice key="20" text="NO" totalVotes="561">
            <VoteType name="Election Day" votes="320">
                <Precinct name="Beards Creek" votes="77" />
                <Precinct name="Rye Patch/Oak Dale" votes="86" />
                <Precinct name="South Ludowici" votes="28" />
                <Precinct name="North Ludowici" votes="51" />
                <Precinct name="Tibet" votes="31" />
                <Precinct name="Alma Flournoy" votes="19" />
                <Precinct name="Faith Baptist Annex" votes="28" />
            </VoteType>
            <VoteType name="Absentee by Mail" votes="9">
                <Precinct name="Beards Creek" votes="5" />
                <Precinct name="Rye Patch/Oak Dale" votes="1" />
                <Precinct name="South Ludowici" votes="0" />
                <Precinct name="North Ludowici" votes="0" />
                <Precinct name="Tibet" votes="0" />
                <Precinct name="Alma Flournoy" votes="0" />
                <Precinct name="Faith Baptist Annex" votes="3" />
            </VoteType>
            <VoteType name="Advance in Person" votes="231">
                <Precinct name="Beards Creek" votes="24" />
                <Precinct name="Rye Patch/Oak Dale" votes="60" />
                <Precinct name="South Ludowici" votes="35" />
                <Precinct name="North Ludowici" votes="45" />
                <Precinct name="Tibet" votes="30" />
                <Precinct name="Alma Flournoy" votes="10" />
                <Precinct name="Faith Baptist Annex" votes="27" />
            </VoteType>
            <VoteType name="Provisional" votes="1">
                <Precinct name="Beards Creek" votes="1" />
                <Precinct name="Rye Patch/Oak Dale" votes="0" />
                <Precinct name="South Ludowici" votes="0" />
                <Precinct name="North Ludowici" votes="0" />
                <Precinct name="Tibet" votes="0" />
                <Precinct name="Alma Flournoy" votes="0" />
                <Precinct name="Faith Baptist Annex" votes="0" />
            </VoteType>
        </Choice>
    </Contest>
    <Contest key="310" text="Constitutional Amendment #3&lt;br&gt;Reforms and re-establishes the Judicial Qualifications Commission and provides for its composition, governance, and powers." isQuestion="false" precinctsReporting="7" precinctsReported="7">
        <VoteType name="Number of Precincts for Race" votes="7">
            <Precinct name="Beards Creek" votes="1" />
            <Precinct name="Rye Patch/Oak Dale" votes="1" />
            <Precinct name="South Ludowici" votes="1" />
            <Precinct name="North Ludowici" votes="1" />
            <Precinct name="Tibet" votes="1" />
            <Precinct name="Alma Flournoy" votes="1" />
            <Precinct name="Faith Baptist Annex" votes="1" />
        </VoteType>
        <VoteType name="Number of Precincts Reporting" votes="7">
            <Precinct name="Beards Creek" votes="1" />
            <Precinct name="Rye Patch/Oak Dale" votes="1" />
            <Precinct name="South Ludowici" votes="1" />
            <Precinct name="North Ludowici" votes="1" />
            <Precinct name="Tibet" votes="1" />
            <Precinct name="Alma Flournoy" votes="1" />
            <Precinct name="Faith Baptist Annex" votes="1" />
        </VoteType>
        <Choice key="10" text="YES" totalVotes="2527">
            <VoteType name="Election Day" votes="1247">
                <Precinct name="Beards Creek" votes="251" />
                <Precinct name="Rye Patch/Oak Dale" votes="357" />
                <Precinct name="South Ludowici" votes="121" />
                <Precinct name="North Ludowici" votes="228" />
                <Precinct name="Tibet" votes="130" />
                <Precinct name="Alma Flournoy" votes="52" />
                <Precinct name="Faith Baptist Annex" votes="108" />
            </VoteType>
            <VoteType name="Absentee by Mail" votes="58">
                <Precinct name="Beards Creek" votes="15" />
                <Precinct name="Rye Patch/Oak Dale" votes="13" />
                <Precinct name="South Ludowici" votes="8" />
                <Precinct name="North Ludowici" votes="13" />
                <Precinct name="Tibet" votes="4" />
                <Precinct name="Alma Flournoy" votes="1" />
                <Precinct name="Faith Baptist Annex" votes="4" />
            </VoteType>
            <VoteType name="Advance in Person" votes="1218">
                <Precinct name="Beards Creek" votes="119" />
                <Precinct name="Rye Patch/Oak Dale" votes="329" />
                <Precinct name="South Ludowici" votes="184" />
                <Precinct name="North Ludowici" votes="283" />
                <Precinct name="Tibet" votes="136" />
                <Precinct name="Alma Flournoy" votes="46" />
                <Precinct name="Faith Baptist Annex" votes="121" />
            </VoteType>
            <VoteType name="Provisional" votes="4">
                <Precinct name="Beards Creek" votes="2" />
                <Precinct name="Rye Patch/Oak Dale" votes="0" />
                <Precinct name="South Ludowici" votes="1" />
                <Precinct name="North Ludowici" votes="1" />
                <Precinct name="Tibet" votes="0" />
                <Precinct name="Alma Flournoy" votes="0" />
                <Precinct name="Faith Baptist Annex" votes="0" />
            </VoteType>
        </Choice>
        <Choice key="20" text="NO" totalVotes="1164">
            <VoteType name="Election Day" votes="590">
                <Precinct name="Beards Creek" votes="135" />
                <Precinct name="Rye Patch/Oak Dale" votes="163" />
                <Precinct name="South Ludowici" votes="61" />
                <Precinct name="North Ludowici" votes="99" />
                <Precinct name="Tibet" votes="52" />
                <Precinct name="Alma Flournoy" votes="30" />
                <Precinct name="Faith Baptist Annex" votes="50" />
            </VoteType>
            <VoteType name="Absentee by Mail" votes="29">
                <Precinct name="Beards Creek" votes="13" />
                <Precinct name="Rye Patch/Oak Dale" votes="6" />
                <Precinct name="South Ludowici" votes="2" />
                <Precinct name="North Ludowici" votes="1" />
                <Precinct name="Tibet" votes="0" />
                <Precinct name="Alma Flournoy" votes="2" />
                <Precinct name="Faith Baptist Annex" votes="5" />
            </VoteType>
            <VoteType name="Advance in Person" votes="543">
                <Precinct name="Beards Creek" votes="75" />
                <Precinct name="Rye Patch/Oak Dale" votes="146" />
                <Precinct name="South Ludowici" votes="71" />
                <Precinct name="North Ludowici" votes="101" />
                <Precinct name="Tibet" votes="80" />
                <Precinct name="Alma Flournoy" votes="18" />
                <Precinct name="Faith Baptist Annex" votes="52" />
            </VoteType>
            <VoteType name="Provisional" votes="2">
                <Precinct name="Beards Creek" votes="2" />
                <Precinct name="Rye Patch/Oak Dale" votes="0" />
                <Precinct name="South Ludowici" votes="0" />
                <Precinct name="North Ludowici" votes="0" />
                <Precinct name="Tibet" votes="0" />
                <Precinct name="Alma Flournoy" votes="0" />
                <Precinct name="Faith Baptist Annex" votes="0" />
            </VoteType>
        </Choice>
    </Contest>
    <Contest key="320" text="Constitutional Amendment #4&lt;br&gt;Dedicates revenue from existing taxes on fireworks to trauma care, fire services, and public safety." isQuestion="false" precinctsReporting="7" precinctsReported="7">
        <VoteType name="Number of Precincts for Race" votes="7">
            <Precinct name="Beards Creek" votes="1" />
            <Precinct name="Rye Patch/Oak Dale" votes="1" />
            <Precinct name="South Ludowici" votes="1" />
            <Precinct name="North Ludowici" votes="1" />
            <Precinct name="Tibet" votes="1" />
            <Precinct name="Alma Flournoy" votes="1" />
            <Precinct name="Faith Baptist Annex" votes="1" />
        </VoteType>
        <VoteType name="Number of Precincts Reporting" votes="7">
            <Precinct name="Beards Creek" votes="1" />
            <Precinct name="Rye Patch/Oak Dale" votes="1" />
            <Precinct name="South Ludowici" votes="1" />
            <Precinct name="North Ludowici" votes="1" />
            <Precinct name="Tibet" votes="1" />
            <Precinct name="Alma Flournoy" votes="1" />
            <Precinct name="Faith Baptist Annex" votes="1" />
        </VoteType>
        <Choice key="10" text="YES" totalVotes="3172">
            <VoteType name="Election Day" votes="1541">
                <Precinct name="Beards Creek" votes="328" />
                <Precinct name="Rye Patch/Oak Dale" votes="446" />
                <Precinct name="South Ludowici" votes="140" />
                <Precinct name="North Ludowici" votes="260" />
                <Precinct name="Tibet" votes="156" />
                <Precinct name="Alma Flournoy" votes="68" />
                <Precinct name="Faith Baptist Annex" votes="143" />
            </VoteType>
            <VoteType name="Absentee by Mail" votes="78">
                <Precinct name="Beards Creek" votes="23" />
                <Precinct name="Rye Patch/Oak Dale" votes="19" />
                <Precinct name="South Ludowici" votes="9" />
                <Precinct name="North Ludowici" votes="14" />
                <Precinct name="Tibet" votes="4" />
                <Precinct name="Alma Flournoy" votes="3" />
                <Precinct name="Faith Baptist Annex" votes="6" />
            </VoteType>
            <VoteType name="Advance in Person" votes="1549">
                <Precinct name="Beards Creek" votes="181" />
                <Precinct name="Rye Patch/Oak Dale" votes="416" />
                <Precinct name="South Ludowici" votes="214" />
                <Precinct name="North Ludowici" votes="330" />
                <Precinct name="Tibet" votes="198" />
                <Precinct name="Alma Flournoy" votes="64" />
                <Precinct name="Faith Baptist Annex" votes="146" />
            </VoteType>
            <VoteType name="Provisional" votes="4">
                <Precinct name="Beards Creek" votes="2" />
                <Precinct name="Rye Patch/Oak Dale" votes="0" />
                <Precinct name="South Ludowici" votes="1" />
                <Precinct name="North Ludowici" votes="1" />
                <Precinct name="Tibet" votes="0" />
                <Precinct name="Alma Flournoy" votes="0" />
                <Precinct name="Faith Baptist Annex" votes="0" />
            </VoteType>
        </Choice>
        <Choice key="20" text="NO" totalVotes="731">
            <VoteType name="Election Day" votes="397">
                <Precinct name="Beards Creek" votes="86" />
                <Precinct name="Rye Patch/Oak Dale" votes="101" />
                <Precinct name="South Ludowici" votes="45" />
                <Precinct name="North Ludowici" votes="82" />
                <Precinct name="Tibet" votes="38" />
                <Precinct name="Alma Flournoy" votes="18" />
                <Precinct name="Faith Baptist Annex" votes="27" />
            </VoteType>
            <VoteType name="Absentee by Mail" votes="13">
                <Precinct name="Beards Creek" votes="6" />
                <Precinct name="Rye Patch/Oak Dale" votes="2" />
                <Precinct name="South Ludowici" votes="1" />
                <Precinct name="North Ludowici" votes="0" />
                <Precinct name="Tibet" votes="1" />
                <Precinct name="Alma Flournoy" votes="0" />
                <Precinct name="Faith Baptist Annex" votes="3" />
            </VoteType>
            <VoteType name="Advance in Person" votes="319">
                <Precinct name="Beards Creek" votes="41" />
                <Precinct name="Rye Patch/Oak Dale" votes="82" />
                <Precinct name="South Ludowici" votes="49" />
                <Precinct name="North Ludowici" votes="70" />
                <Precinct name="Tibet" votes="34" />
                <Precinct name="Alma Flournoy" votes="8" />
                <Precinct name="Faith Baptist Annex" votes="35" />
            </VoteType>
            <VoteType name="Provisional" votes="2">
                <Precinct name="Beards Creek" votes="2" />
                <Precinct name="Rye Patch/Oak Dale" votes="0" />
                <Precinct name="South Ludowici" votes="0" />
                <Precinct name="North Ludowici" votes="0" />
                <Precinct name="Tibet" votes="0" />
                <Precinct name="Alma Flournoy" votes="0" />
                <Precinct name="Faith Baptist Annex" votes="0" />
            </VoteType>
        </Choice>
    </Contest>
</ElectionResult>