"line number","contest name","choice name","party name","total votes","percent of votes","registered voters","ballots cast","num Precinct total","num Precinct rptg","over votes","under votes"
1,"President of the United States","DONALD J. TRUMP","",751,54.03,4247,1409,1,1,"0","0"
2,"President of the United States","HILLARY CLINTON","",594,42.73,4247,1409,1,1,"0","0"
3,"President of the United States","GARY JOHNSON","",45,3.24,4247,1409,1,1,"0","0"
4,"United States Senator, Isakson","JOHNNY ISAKSON (I)","",700,55.12,4247,1409,1,1,"0","0"
5,"United States Senator, Isakson","JIM BARKSDALE","",508,40.00,4247,1409,1,1,"0","0"
6,"United States Senator, Isakson","ALLEN BUCKLEY","",62,4.88,4247,1409,1,1,"0","0"
7,"Public Service Commission, District 2 - Eastern","TIM ECHOLS (I)","",754,65.79,4247,1393,1,1,"0","0"
8,"Public Service Commission, District 2 - Eastern","ERIC HOSKINS","",392,34.21,4247,1393,1,1,"0","0"
9,"U.S. Representative, District 2","GREG DUKE","",661,49.14,4247,1409,1,1,"0","0"
10,"U.S. Representative, District 2","SANFORD BISHOP (I)","",684,50.86,4247,1409,1,1,"0","0"
11,"State Senator, District 15","ED HARBISON (I) (DEM)","",1011,100.00,4247,1393,1,1,"0","0"
12,"State Representative, District 138","MIKE CHEOKAS (I) (REP)","",660,51.89,4247,1393,1,1,"0","0"
13,"State Representative, District 138","BILL MCGOWAN (DEM)","",612,48.11,4247,1393,1,1,"0","0"
14,"District Attorney, Chattahoochee Circuit","JULIA  SLATER (I) (DEM)","",1037,100.00,4247,1393,1,1,"0","0"
15,"JUDGE, PROBATE COURT","J. MCGLAUN JR. (I) D","",1110,100.00,4247,1393,1,1,"0","0"
16,"CLERK SUPERIOR COURT","L. MARION (I) D","",1094,100.00,4247,1393,1,1,"0","0"
17,"SHERIFF","H. LYNCH III (D)","",1120,100.00,4247,1393,1,1,"0","0"
18,"TAX COMMISSIONER","Z. R. SMITH (I) D","",1115,100.00,4247,1393,1,1,"0","0"
19,"CORONER","T. HANCOCK (I) D","",1061,100.00,4247,1393,1,1,"0","0"
20,"CHIEF MAGISTRATE","G. C. DANIEL (I) D","",1056,100.00,4247,1393,1,1,"0","0"
21,"SOIL AND WATER","B. MILLER (I)","",1050,100.00,4247,1393,1,1,"0","0"
22,"Constitutional Amendment #1<br>Provides greater flexibility and state accountability to fix failing schools through increasing community involvement.","YES","",734,56.68,4247,1393,1,1,"0","0"
23,"Constitutional Amendment #1<br>Provides greater flexibility and state accountability to fix failing schools through increasing community involvement.","NO","",561,43.32,4247,1393,1,1,"0","0"
24,"Constitutional Amendment #2<br>Authorizes penalties for sexual exploitation and assessments on adult entertainment to fund child victims' services.","YES","",1074,84.30,4247,1393,1,1,"0","0"
25,"Constitutional Amendment #2<br>Authorizes penalties for sexual exploitation and assessments on adult entertainment to fund child victims' services.","NO","",200,15.70,4247,1393,1,1,"0","0"
26,"Constitutional Amendment #3<br>Reforms and re-establishes the Judicial Qualifications Commission and provides for its composition, governance, and powers.","YES","",808,67.45,4247,1393,1,1,"0","0"
27,"Constitutional Amendment #3<br>Reforms and re-establishes the Judicial Qualifications Commission and provides for its composition, governance, and powers.","NO","",390,32.55,4247,1393,1,1,"0","0"
28,"Constitutional Amendment #4<br>Dedicates revenue from existing taxes on fireworks to trauma care, fire services, and public safety.","YES","",984,77.91,4247,1393,1,1,"0","0"
29,"Constitutional Amendment #4<br>Dedicates revenue from existing taxes on fireworks to trauma care, fire services, and public safety.","NO","",279,22.09,4247,1393,1,1,"0","0"
30,"BILL 1128","YES","",954,76.69,4247,1393,1,1,"0","0"
31,"BILL 1128","NO","",290,23.31,4247,1393,1,1,"0","0"
