"line number","contest name","choice name","party name","total votes","percent of votes","registered voters","ballots cast","num Precinct total","num Precinct rptg","over votes","under votes"
1,"President of the United States","DONALD J. TRUMP","",2096,70.50,3934,3003,6,6,"0","0"
2,"President of the United States","HILLARY CLINTON","",852,28.66,3934,3003,6,6,"0","0"
3,"President of the United States","GARY JOHNSON","",25,0.84,3934,3003,6,6,"0","0"
4,"United States Senator, Isakson","JOHNNY ISAKSON (I)","",2036,73.37,3934,3003,6,6,"0","0"
5,"United States Senator, Isakson","JIM BARKSDALE","",669,24.11,3934,3003,6,6,"0","0"
6,"United States Senator, Isakson","ALLEN BUCKLEY","",70,2.52,3934,3003,6,6,"0","0"
7,"Public Service Commission, District 2 - Eastern","TIM ECHOLS (I)","",2111,82.49,3934,3003,6,6,"0","0"
8,"Public Service Commission, District 2 - Eastern","ERIC HOSKINS","",448,17.51,3934,3003,6,6,"0","0"
9,"U.S. Representative, District 8","AUSTIN SCOTT (I)","",2114,74.62,3934,3003,6,6,"0","0"
10,"U.S. Representative, District 8","JAMES NEAL HARRIS","",719,25.38,3934,3003,6,6,"0","0"
11,"State Senator, District 7","TYLER HARPER (I)","",1054,100.00,1586,1251,3,3,"0","0"
12,"State Senator, District 13","GREG KIRK (I)","",1081,66.69,2348,1752,5,5,"0","0"
13,"State Senator, District 13","RUENETTE MELTON","",540,33.31,2348,1752,5,5,"0","0"
14,"State Representative, District 148","BUDDY HARDEN (I)","",2363,100.00,3934,3003,6,6,"0","0"
15,"District Attorney, Cordele Circuit","BRADFORD L RIGBY","",2302,100.00,3934,3003,6,6,"0","0"
16,"JUDGE, PROBATE/MAGISTRATE","B. S. RHODES (I) R","",2472,100.00,3934,3003,6,6,"0","0"
17,"CLERK, SUPERIOR COURT","J. A. MAULDIN (R)","",2415,100.00,3934,3003,6,6,"0","0"
18,"SHERIFF","R. RODGERS (R)","",2119,72.17,3934,3003,6,6,"0","0"
19,"SHERIFF","C. E. THOMPSON (D)","",817,27.83,3934,3003,6,6,"0","0"
20,"TAX COMMISSIONER","C. T. ELSBERRY (R)","",2464,100.00,3934,3003,6,6,"0","0"
21,"CORONER","J. B. BROWN (I) R","",2457,100.00,3934,3003,6,6,"0","0"
22,"CC, D2","D. M. BROWN (I) R","",215,44.24,670,497,3,3,"0","0"
23,"CC, D2","A. HALL (D)","",271,55.76,670,497,3,3,"0","0"
24,"CC, D4","C. REID (R)","",580,100.00,840,662,4,4,"0","0"
25,"BOE, D2","W. H. DOZIER (I) D","",411,100.00,670,497,3,3,"0","0"
26,"BOE, D4","B. COLLIER (I) R","",558,100.00,840,662,4,4,"0","0"
27,"Constitutional Amendment #1<br>Provides greater flexibility and state accountability to fix failing schools through increasing community involvement.","YES","",869,30.47,3934,3003,6,6,"0","0"
28,"Constitutional Amendment #1<br>Provides greater flexibility and state accountability to fix failing schools through increasing community involvement.","NO","",1983,69.53,3934,3003,6,6,"0","0"
29,"Constitutional Amendment #2<br>Authorizes penalties for sexual exploitation and assessments on adult entertainment to fund child victims' services.","YES","",2226,80.56,3934,3003,6,6,"0","0"
30,"Constitutional Amendment #2<br>Authorizes penalties for sexual exploitation and assessments on adult entertainment to fund child victims' services.","NO","",537,19.44,3934,3003,6,6,"0","0"
31,"Constitutional Amendment #3<br>Reforms and re-establishes the Judicial Qualifications Commission and provides for its composition, governance, and powers.","YES","",1485,56.94,3934,3003,6,6,"0","0"
32,"Constitutional Amendment #3<br>Reforms and re-establishes the Judicial Qualifications Commission and provides for its composition, governance, and powers.","NO","",1123,43.06,3934,3003,6,6,"0","0"
33,"Constitutional Amendment #4<br>Dedicates revenue from existing taxes on fireworks to trauma care, fire services, and public safety.","YES","",2069,76.18,3934,3003,6,6,"0","0"
34,"Constitutional Amendment #4<br>Dedicates revenue from existing taxes on fireworks to trauma care, fire services, and public safety.","NO","",647,23.82,3934,3003,6,6,"0","0"
35,"SPECIAL ELECTION- Sales & Use","YES","",2134,76.51,3934,3003,6,6,"0","0"
36,"SPECIAL ELECTION- Sales & Use","NO","",655,23.49,3934,3003,6,6,"0","0"
