<?xml version="1.0"?>
<!--Election result snapshot imported from Tabulation System
-->
<ElectionResult>
    <Timestamp>11/15/2016 12:23:34 PM EST</Timestamp>
    <ElectionName>November 8, 2016 - General Election</ElectionName>
    <ElectionDate>11/8/2016</ElectionDate>
    <Region>Crawford</Region>
    <VoterTurnout totalVoters="6525" ballotsCast="5217" voterTurnout="79.95">
        <Precincts>
            <Precinct name="1A" totalVoters="377" ballotsCast="294" voterTurnout="77.98" percentReporting="4" />
            <Precinct name="1B - COUNTY" totalVoters="785" ballotsCast="609" voterTurnout="77.58" percentReporting="4" />
            <Precinct name="1B - CITY" totalVoters="28" ballotsCast="22" voterTurnout="78.57" percentReporting="4" />
            <Precinct name="2 - COUNTY" totalVoters="1159" ballotsCast="920" voterTurnout="79.38" percentReporting="4" />
            <Precinct name="2 - CITY" totalVoters="226" ballotsCast="170" voterTurnout="75.22" percentReporting="4" />
            <Precinct name="3 - COUNTY" totalVoters="1210" ballotsCast="973" voterTurnout="80.41" percentReporting="4" />
            <Precinct name="3 - CITY" totalVoters="121" ballotsCast="100" voterTurnout="82.64" percentReporting="4" />
            <Precinct name="4" totalVoters="1318" ballotsCast="1059" voterTurnout="80.35" percentReporting="4" />
            <Precinct name="5" totalVoters="1301" ballotsCast="1070" voterTurnout="82.24" percentReporting="4" />
        </Precincts>
    </VoterTurnout>
    <Contest key="5" text="President of the United States" isQuestion="false" precinctsReporting="9" precinctsReported="9">
        <VoteType name="Number of Precincts for Race" votes="9">
            <Precinct name="1A" votes="1" />
            <Precinct name="1B - COUNTY" votes="1" />
            <Precinct name="1B - CITY" votes="1" />
            <Precinct name="2 - COUNTY" votes="1" />
            <Precinct name="2 - CITY" votes="1" />
            <Precinct name="3 - COUNTY" votes="1" />
            <Precinct name="3 - CITY" votes="1" />
            <Precinct name="4" votes="1" />
            <Precinct name="5" votes="1" />
        </VoteType>
        <VoteType name="Number of Precincts Reporting" votes="9">
            <Precinct name="1A" votes="1" />
            <Precinct name="1B - COUNTY" votes="1" />
            <Precinct name="1B - CITY" votes="1" />
            <Precinct name="2 - COUNTY" votes="1" />
            <Precinct name="2 - CITY" votes="1" />
            <Precinct name="3 - COUNTY" votes="1" />
            <Precinct name="3 - CITY" votes="1" />
            <Precinct name="4" votes="1" />
            <Precinct name="5" votes="1" />
        </VoteType>
        <Choice key="10" text="DONALD J. TRUMP" totalVotes="3635">
            <VoteType name="Election Day" votes="1615">
                <Precinct name="1A" votes="84" />
                <Precinct name="1B - COUNTY" votes="90" />
                <Precinct name="1B - CITY" votes="2" />
                <Precinct name="2 - COUNTY" votes="117" />
                <Precinct name="2 - CITY" votes="15" />
                <Precinct name="3 - COUNTY" votes="304" />
                <Precinct name="3 - CITY" votes="21" />
                <Precinct name="4" votes="471" />
                <Precinct name="5" votes="511" />
            </VoteType>
            <VoteType name="Absentee by Mail" votes="153">
                <Precinct name="1A" votes="3" />
                <Precinct name="1B - COUNTY" votes="7" />
                <Precinct name="1B - CITY" votes="1" />
                <Precinct name="2 - COUNTY" votes="32" />
                <Precinct name="2 - CITY" votes="7" />
                <Precinct name="3 - COUNTY" votes="35" />
                <Precinct name="3 - CITY" votes="1" />
                <Precinct name="4" votes="36" />
                <Precinct name="5" votes="31" />
            </VoteType>
            <VoteType name="Advance in Person" votes="1864">
                <Precinct name="1A" votes="66" />
                <Precinct name="1B - COUNTY" votes="121" />
                <Precinct name="1B - CITY" votes="4" />
                <Precinct name="2 - COUNTY" votes="338" />
                <Precinct name="2 - CITY" votes="39" />
                <Precinct name="3 - COUNTY" votes="472" />
                <Precinct name="3 - CITY" votes="42" />
                <Precinct name="4" votes="398" />
                <Precinct name="5" votes="384" />
            </VoteType>
            <VoteType name="Provisional" votes="3">
                <Precinct name="1A" votes="1" />
                <Precinct name="1B - COUNTY" votes="0" />
                <Precinct name="1B - CITY" votes="0" />
                <Precinct name="2 - COUNTY" votes="0" />
                <Precinct name="2 - CITY" votes="0" />
                <Precinct name="3 - COUNTY" votes="0" />
                <Precinct name="3 - CITY" votes="0" />
                <Precinct name="4" votes="1" />
                <Precinct name="5" votes="1" />
            </VoteType>
        </Choice>
        <Choice key="20" text="HILLARY CLINTON" totalVotes="1421">
            <VoteType name="Election Day" votes="598">
                <Precinct name="1A" votes="81" />
                <Precinct name="1B - COUNTY" votes="198" />
                <Precinct name="1B - CITY" votes="9" />
                <Precinct name="2 - COUNTY" votes="101" />
                <Precinct name="2 - CITY" votes="40" />
                <Precinct name="3 - COUNTY" votes="46" />
                <Precinct name="3 - CITY" votes="13" />
                <Precinct name="4" votes="54" />
                <Precinct name="5" votes="56" />
            </VoteType>
            <VoteType name="Absentee by Mail" votes="95">
                <Precinct name="1A" votes="9" />
                <Precinct name="1B - COUNTY" votes="28" />
                <Precinct name="1B - CITY" votes="1" />
                <Precinct name="2 - COUNTY" votes="27" />
                <Precinct name="2 - CITY" votes="5" />
                <Precinct name="3 - COUNTY" votes="6" />
                <Precinct name="3 - CITY" votes="1" />
                <Precinct name="4" votes="11" />
                <Precinct name="5" votes="7" />
            </VoteType>
            <VoteType name="Advance in Person" votes="726">
                <Precinct name="1A" votes="45" />
                <Precinct name="1B - COUNTY" votes="150" />
                <Precinct name="1B - CITY" votes="2" />
                <Precinct name="2 - COUNTY" votes="279" />
                <Precinct name="2 - CITY" votes="55" />
                <Precinct name="3 - COUNTY" votes="76" />
                <Precinct name="3 - CITY" votes="11" />
                <Precinct name="4" votes="61" />
                <Precinct name="5" votes="47" />
            </VoteType>
            <VoteType name="Provisional" votes="2">
                <Precinct name="1A" votes="0" />
                <Precinct name="1B - COUNTY" votes="0" />
                <Precinct name="1B - CITY" votes="1" />
                <Precinct name="2 - COUNTY" votes="0" />
                <Precinct name="2 - CITY" votes="0" />
                <Precinct name="3 - COUNTY" votes="1" />
                <Precinct name="3 - CITY" votes="0" />
                <Precinct name="4" votes="0" />
                <Precinct name="5" votes="0" />
            </VoteType>
        </Choice>
        <Choice key="30" text="GARY JOHNSON" totalVotes="106">
            <VoteType name="Election Day" votes="54">
                <Precinct name="1A" votes="2" />
                <Precinct name="1B - COUNTY" votes="4" />
                <Precinct name="1B - CITY" votes="1" />
                <Precinct name="2 - COUNTY" votes="6" />
                <Precinct name="2 - CITY" votes="2" />
                <Precinct name="3 - COUNTY" votes="11" />
                <Precinct name="3 - CITY" votes="8" />
                <Precinct name="4" votes="9" />
                <Precinct name="5" votes="11" />
            </VoteType>
            <VoteType name="Absentee by Mail" votes="4">
                <Precinct name="1A" votes="0" />
                <Precinct name="1B - COUNTY" votes="1" />
                <Precinct name="1B - CITY" votes="0" />
                <Precinct name="2 - COUNTY" votes="0" />
                <Precinct name="2 - CITY" votes="0" />
                <Precinct name="3 - COUNTY" votes="2" />
                <Precinct name="3 - CITY" votes="1" />
                <Precinct name="4" votes="0" />
                <Precinct name="5" votes="0" />
            </VoteType>
            <VoteType name="Advance in Person" votes="48">
                <Precinct name="1A" votes="1" />
                <Precinct name="1B - COUNTY" votes="3" />
                <Precinct name="1B - CITY" votes="1" />
                <Precinct name="2 - COUNTY" votes="15" />
                <Precinct name="2 - CITY" votes="1" />
                <Precinct name="3 - COUNTY" votes="8" />
                <Precinct name="3 - CITY" votes="1" />
                <Precinct name="4" votes="7" />
                <Precinct name="5" votes="11" />
            </VoteType>
            <VoteType name="Provisional" votes="0">
                <Precinct name="1A" votes="0" />
                <Precinct name="1B - COUNTY" votes="0" />
                <Precinct name="1B - CITY" votes="0" />
                <Precinct name="2 - COUNTY" votes="0" />
                <Precinct name="2 - CITY" votes="0" />
                <Precinct name="3 - COUNTY" votes="0" />
                <Precinct name="3 - CITY" votes="0" />
                <Precinct name="4" votes="0" />
                <Precinct name="5" votes="0" />
            </VoteType>
        </Choice>
    </Contest>
    <Contest key="10" text="United States Senator, Isakson" isQuestion="false" precinctsReporting="9" precinctsReported="9">
        <VoteType name="Number of Precincts for Race" votes="9">
            <Precinct name="1A" votes="1" />
            <Precinct name="1B - COUNTY" votes="1" />
            <Precinct name="1B - CITY" votes="1" />
            <Precinct name="2 - COUNTY" votes="1" />
            <Precinct name="2 - CITY" votes="1" />
            <Precinct name="3 - COUNTY" votes="1" />
            <Precinct name="3 - CITY" votes="1" />
            <Precinct name="4" votes="1" />
            <Precinct name="5" votes="1" />
        </VoteType>
        <VoteType name="Number of Precincts Reporting" votes="9">
            <Precinct name="1A" votes="1" />
            <Precinct name="1B - COUNTY" votes="1" />
            <Precinct name="1B - CITY" votes="1" />
            <Precinct name="2 - COUNTY" votes="1" />
            <Precinct name="2 - CITY" votes="1" />
            <Precinct name="3 - COUNTY" votes="1" />
            <Precinct name="3 - CITY" votes="1" />
            <Precinct name="4" votes="1" />
            <Precinct name="5" votes="1" />
        </VoteType>
        <Choice key="10" text="JOHNNY ISAKSON (I)" totalVotes="3494">
            <VoteType name="Election Day" votes="1526">
                <Precinct name="1A" votes="83" />
                <Precinct name="1B - COUNTY" votes="96" />
                <Precinct name="1B - CITY" votes="3" />
                <Precinct name="2 - COUNTY" votes="110" />
                <Precinct name="2 - CITY" votes="19" />
                <Precinct name="3 - COUNTY" votes="291" />
                <Precinct name="3 - CITY" votes="21" />
                <Precinct name="4" votes="424" />
                <Precinct name="5" votes="479" />
            </VoteType>
            <VoteType name="Absentee by Mail" votes="164">
                <Precinct name="1A" votes="4" />
                <Precinct name="1B - COUNTY" votes="9" />
                <Precinct name="1B - CITY" votes="1" />
                <Precinct name="2 - COUNTY" votes="34" />
                <Precinct name="2 - CITY" votes="6" />
                <Precinct name="3 - COUNTY" votes="36" />
                <Precinct name="3 - CITY" votes="2" />
                <Precinct name="4" votes="43" />
                <Precinct name="5" votes="29" />
            </VoteType>
            <VoteType name="Advance in Person" votes="1801">
                <Precinct name="1A" votes="69" />
                <Precinct name="1B - COUNTY" votes="127" />
                <Precinct name="1B - CITY" votes="5" />
                <Precinct name="2 - COUNTY" votes="338" />
                <Precinct name="2 - CITY" votes="48" />
                <Precinct name="3 - COUNTY" votes="441" />
                <Precinct name="3 - CITY" votes="39" />
                <Precinct name="4" votes="374" />
                <Precinct name="5" votes="360" />
            </VoteType>
            <VoteType name="Provisional" votes="3">
                <Precinct name="1A" votes="1" />
                <Precinct name="1B - COUNTY" votes="0" />
                <Precinct name="1B - CITY" votes="0" />
                <Precinct name="2 - COUNTY" votes="0" />
                <Precinct name="2 - CITY" votes="0" />
                <Precinct name="3 - COUNTY" votes="1" />
                <Precinct name="3 - CITY" votes="0" />
                <Precinct name="4" votes="1" />
                <Precinct name="5" votes="0" />
            </VoteType>
        </Choice>
        <Choice key="20" text="JIM BARKSDALE" totalVotes="1193">
            <VoteType name="Election Day" votes="505">
                <Precinct name="1A" votes="71" />
                <Precinct name="1B - COUNTY" votes="167" />
                <Precinct name="1B - CITY" votes="9" />
                <Precinct name="2 - COUNTY" votes="84" />
                <Precinct name="2 - CITY" votes="30" />
                <Precinct name="3 - COUNTY" votes="38" />
                <Precinct name="3 - CITY" votes="12" />
                <Precinct name="4" votes="53" />
                <Precinct name="5" votes="41" />
            </VoteType>
            <VoteType name="Absentee by Mail" votes="87">
                <Precinct name="1A" votes="8" />
                <Precinct name="1B - COUNTY" votes="26" />
                <Precinct name="1B - CITY" votes="0" />
                <Precinct name="2 - COUNTY" votes="24" />
                <Precinct name="2 - CITY" votes="5" />
                <Precinct name="3 - COUNTY" votes="8" />
                <Precinct name="3 - CITY" votes="1" />
                <Precinct name="4" votes="8" />
                <Precinct name="5" votes="7" />
            </VoteType>
            <VoteType name="Advance in Person" votes="600">
                <Precinct name="1A" votes="35" />
                <Precinct name="1B - COUNTY" votes="117" />
                <Precinct name="1B - CITY" votes="2" />
                <Precinct name="2 - COUNTY" votes="226" />
                <Precinct name="2 - CITY" votes="39" />
                <Precinct name="3 - COUNTY" votes="70" />
                <Precinct name="3 - CITY" votes="11" />
                <Precinct name="4" votes="51" />
                <Precinct name="5" votes="49" />
            </VoteType>
            <VoteType name="Provisional" votes="1">
                <Precinct name="1A" votes="0" />
                <Precinct name="1B - COUNTY" votes="0" />
                <Precinct name="1B - CITY" votes="1" />
                <Precinct name="2 - COUNTY" votes="0" />
                <Precinct name="2 - CITY" votes="0" />
                <Precinct name="3 - COUNTY" votes="0" />
                <Precinct name="3 - CITY" votes="0" />
                <Precinct name="4" votes="0" />
                <Precinct name="5" votes="0" />
            </VoteType>
        </Choice>
        <Choice key="30" text="ALLEN BUCKLEY" totalVotes="162">
            <VoteType name="Election Day" votes="84">
                <Precinct name="1A" votes="5" />
                <Precinct name="1B - COUNTY" votes="3" />
                <Precinct name="1B - CITY" votes="0" />
                <Precinct name="2 - COUNTY" votes="12" />
                <Precinct name="2 - CITY" votes="2" />
                <Precinct name="3 - COUNTY" votes="11" />
                <Precinct name="3 - CITY" votes="6" />
                <Precinct name="4" votes="23" />
                <Precinct name="5" votes="22" />
            </VoteType>
            <VoteType name="Absentee by Mail" votes="3">
                <Precinct name="1A" votes="0" />
                <Precinct name="1B - COUNTY" votes="0" />
                <Precinct name="1B - CITY" votes="0" />
                <Precinct name="2 - COUNTY" votes="1" />
                <Precinct name="2 - CITY" votes="1" />
                <Precinct name="3 - COUNTY" votes="0" />
                <Precinct name="3 - CITY" votes="0" />
                <Precinct name="4" votes="0" />
                <Precinct name="5" votes="1" />
            </VoteType>
            <VoteType name="Advance in Person" votes="75">
                <Precinct name="1A" votes="3" />
                <Precinct name="1B - COUNTY" votes="6" />
                <Precinct name="1B - CITY" votes="0" />
                <Precinct name="2 - COUNTY" votes="19" />
                <Precinct name="2 - CITY" votes="2" />
                <Precinct name="3 - COUNTY" votes="17" />
                <Precinct name="3 - CITY" votes="2" />
                <Precinct name="4" votes="14" />
                <Precinct name="5" votes="12" />
            </VoteType>
            <VoteType name="Provisional" votes="0">
                <Precinct name="1A" votes="0" />
                <Precinct name="1B - COUNTY" votes="0" />
                <Precinct name="1B - CITY" votes="0" />
                <Precinct name="2 - COUNTY" votes="0" />
                <Precinct name="2 - CITY" votes="0" />
                <Precinct name="3 - COUNTY" votes="0" />
                <Precinct name="3 - CITY" votes="0" />
                <Precinct name="4" votes="0" />
                <Precinct name="5" votes="0" />
            </VoteType>
        </Choice>
    </Contest>
    <Contest key="30" text="Public Service Commission, District 2 - Eastern" isQuestion="false" precinctsReporting="9" precinctsReported="9">
        <VoteType name="Number of Precincts for Race" votes="9">
            <Precinct name="1A" votes="1" />
            <Precinct name="1B - COUNTY" votes="1" />
            <Precinct name="1B - CITY" votes="1" />
            <Precinct name="2 - COUNTY" votes="1" />
            <Precinct name="2 - CITY" votes="1" />
            <Precinct name="3 - COUNTY" votes="1" />
            <Precinct name="3 - CITY" votes="1" />
            <Precinct name="4" votes="1" />
            <Precinct name="5" votes="1" />
        </VoteType>
        <VoteType name="Number of Precincts Reporting" votes="9">
            <Precinct name="1A" votes="1" />
            <Precinct name="1B - COUNTY" votes="1" />
            <Precinct name="1B - CITY" votes="1" />
            <Precinct name="2 - COUNTY" votes="1" />
            <Precinct name="2 - CITY" votes="1" />
            <Precinct name="3 - COUNTY" votes="1" />
            <Precinct name="3 - CITY" votes="1" />
            <Precinct name="4" votes="1" />
            <Precinct name="5" votes="1" />
        </VoteType>
        <Choice key="10" text="TIM ECHOLS (I)" totalVotes="3644">
            <VoteType name="Election Day" votes="1601">
                <Precinct name="1A" votes="90" />
                <Precinct name="1B - COUNTY" votes="110" />
                <Precinct name="1B - CITY" votes="4" />
                <Precinct name="2 - COUNTY" votes="125" />
                <Precinct name="2 - CITY" votes="22" />
                <Precinct name="3 - COUNTY" votes="297" />
                <Precinct name="3 - CITY" votes="19" />
                <Precinct name="4" votes="432" />
                <Precinct name="5" votes="502" />
            </VoteType>
            <VoteType name="Absentee by Mail" votes="174">
                <Precinct name="1A" votes="5" />
                <Precinct name="1B - COUNTY" votes="13" />
                <Precinct name="1B - CITY" votes="1" />
                <Precinct name="2 - COUNTY" votes="39" />
                <Precinct name="2 - CITY" votes="9" />
                <Precinct name="3 - COUNTY" votes="35" />
                <Precinct name="3 - CITY" votes="1" />
                <Precinct name="4" votes="44" />
                <Precinct name="5" votes="27" />
            </VoteType>
            <VoteType name="Advance in Person" votes="1865">
                <Precinct name="1A" votes="66" />
                <Precinct name="1B - COUNTY" votes="145" />
                <Precinct name="1B - CITY" votes="4" />
                <Precinct name="2 - COUNTY" votes="360" />
                <Precinct name="2 - CITY" votes="50" />
                <Precinct name="3 - COUNTY" votes="452" />
                <Precinct name="3 - CITY" votes="35" />
                <Precinct name="4" votes="377" />
                <Precinct name="5" votes="376" />
            </VoteType>
            <VoteType name="Provisional" votes="4">
                <Precinct name="1A" votes="1" />
                <Precinct name="1B - COUNTY" votes="0" />
                <Precinct name="1B - CITY" votes="1" />
                <Precinct name="2 - COUNTY" votes="0" />
                <Precinct name="2 - CITY" votes="0" />
                <Precinct name="3 - COUNTY" votes="1" />
                <Precinct name="3 - CITY" votes="0" />
                <Precinct name="4" votes="1" />
                <Precinct name="5" votes="0" />
            </VoteType>
        </Choice>
        <Choice key="20" text="ERIC HOSKINS" totalVotes="889">
            <VoteType name="Election Day" votes="407">
                <Precinct name="1A" votes="43" />
                <Precinct name="1B - COUNTY" votes="90" />
                <Precinct name="1B - CITY" votes="2" />
                <Precinct name="2 - COUNTY" votes="71" />
                <Precinct name="2 - CITY" votes="22" />
                <Precinct name="3 - COUNTY" votes="45" />
                <Precinct name="3 - CITY" votes="15" />
                <Precinct name="4" votes="68" />
                <Precinct name="5" votes="51" />
            </VoteType>
            <VoteType name="Absentee by Mail" votes="57">
                <Precinct name="1A" votes="4" />
                <Precinct name="1B - COUNTY" votes="18" />
                <Precinct name="1B - CITY" votes="0" />
                <Precinct name="2 - COUNTY" votes="15" />
                <Precinct name="2 - CITY" votes="1" />
                <Precinct name="3 - COUNTY" votes="6" />
                <Precinct name="3 - CITY" votes="1" />
                <Precinct name="4" votes="6" />
                <Precinct name="5" votes="6" />
            </VoteType>
            <VoteType name="Advance in Person" votes="425">
                <Precinct name="1A" votes="28" />
                <Precinct name="1B - COUNTY" votes="64" />
                <Precinct name="1B - CITY" votes="1" />
                <Precinct name="2 - COUNTY" votes="141" />
                <Precinct name="2 - CITY" votes="20" />
                <Precinct name="3 - COUNTY" votes="67" />
                <Precinct name="3 - CITY" votes="10" />
                <Precinct name="4" votes="55" />
                <Precinct name="5" votes="39" />
            </VoteType>
            <VoteType name="Provisional" votes="0">
                <Precinct name="1A" votes="0" />
                <Precinct name="1B - COUNTY" votes="0" />
                <Precinct name="1B - CITY" votes="0" />
                <Precinct name="2 - COUNTY" votes="0" />
                <Precinct name="2 - CITY" votes="0" />
                <Precinct name="3 - COUNTY" votes="0" />
                <Precinct name="3 - CITY" votes="0" />
                <Precinct name="4" votes="0" />
                <Precinct name="5" votes="0" />
            </VoteType>
        </Choice>
    </Contest>
    <Contest key="50" text="U.S. Representative, District 2" isQuestion="false" precinctsReporting="9" precinctsReported="9">
        <VoteType name="Number of Precincts for Race" votes="9">
            <Precinct name="1A" votes="1" />
            <Precinct name="1B - COUNTY" votes="1" />
            <Precinct name="1B - CITY" votes="1" />
            <Precinct name="2 - COUNTY" votes="1" />
            <Precinct name="2 - CITY" votes="1" />
            <Precinct name="3 - COUNTY" votes="1" />
            <Precinct name="3 - CITY" votes="1" />
            <Precinct name="4" votes="1" />
            <Precinct name="5" votes="1" />
        </VoteType>
        <VoteType name="Number of Precincts Reporting" votes="9">
            <Precinct name="1A" votes="1" />
            <Precinct name="1B - COUNTY" votes="1" />
            <Precinct name="1B - CITY" votes="1" />
            <Precinct name="2 - COUNTY" votes="1" />
            <Precinct name="2 - CITY" votes="1" />
            <Precinct name="3 - COUNTY" votes="1" />
            <Precinct name="3 - CITY" votes="1" />
            <Precinct name="4" votes="1" />
            <Precinct name="5" votes="1" />
        </VoteType>
        <Choice key="10" text="GREG DUKE" totalVotes="3146">
            <VoteType name="Election Day" votes="1417">
                <Precinct name="1A" votes="76" />
                <Precinct name="1B - COUNTY" votes="80" />
                <Precinct name="1B - CITY" votes="1" />
                <Precinct name="2 - COUNTY" votes="105" />
                <Precinct name="2 - CITY" votes="7" />
                <Precinct name="3 - COUNTY" votes="265" />
                <Precinct name="3 - CITY" votes="21" />
                <Precinct name="4" votes="402" />
                <Precinct name="5" votes="460" />
            </VoteType>
            <VoteType name="Absentee by Mail" votes="124">
                <Precinct name="1A" votes="3" />
                <Precinct name="1B - COUNTY" votes="7" />
                <Precinct name="1B - CITY" votes="0" />
                <Precinct name="2 - COUNTY" votes="26" />
                <Precinct name="2 - CITY" votes="4" />
                <Precinct name="3 - COUNTY" votes="31" />
                <Precinct name="3 - CITY" votes="1" />
                <Precinct name="4" votes="28" />
                <Precinct name="5" votes="24" />
            </VoteType>
            <VoteType name="Advance in Person" votes="1602">
                <Precinct name="1A" votes="59" />
                <Precinct name="1B - COUNTY" votes="102" />
                <Precinct name="1B - CITY" votes="5" />
                <Precinct name="2 - COUNTY" votes="281" />
                <Precinct name="2 - CITY" votes="32" />
                <Precinct name="3 - COUNTY" votes="421" />
                <Precinct name="3 - CITY" votes="33" />
                <Precinct name="4" votes="334" />
                <Precinct name="5" votes="335" />
            </VoteType>
            <VoteType name="Provisional" votes="3">
                <Precinct name="1A" votes="1" />
                <Precinct name="1B - COUNTY" votes="0" />
                <Precinct name="1B - CITY" votes="1" />
                <Precinct name="2 - COUNTY" votes="0" />
                <Precinct name="2 - CITY" votes="0" />
                <Precinct name="3 - COUNTY" votes="0" />
                <Precinct name="3 - CITY" votes="0" />
                <Precinct name="4" votes="1" />
                <Precinct name="5" votes="0" />
            </VoteType>
        </Choice>
        <Choice key="20" text="SANFORD BISHOP (I)" totalVotes="1880">
            <VoteType name="Election Day" votes="794">
                <Precinct name="1A" votes="86" />
                <Precinct name="1B - COUNTY" votes="202" />
                <Precinct name="1B - CITY" votes="11" />
                <Precinct name="2 - COUNTY" votes="113" />
                <Precinct name="2 - CITY" votes="49" />
                <Precinct name="3 - COUNTY" votes="92" />
                <Precinct name="3 - CITY" votes="20" />
                <Precinct name="4" votes="115" />
                <Precinct name="5" votes="106" />
            </VoteType>
            <VoteType name="Absentee by Mail" votes="127">
                <Precinct name="1A" votes="9" />
                <Precinct name="1B - COUNTY" votes="28" />
                <Precinct name="1B - CITY" votes="0" />
                <Precinct name="2 - COUNTY" votes="32" />
                <Precinct name="2 - CITY" votes="8" />
                <Precinct name="3 - COUNTY" votes="13" />
                <Precinct name="3 - CITY" votes="2" />
                <Precinct name="4" votes="22" />
                <Precinct name="5" votes="13" />
            </VoteType>
            <VoteType name="Advance in Person" votes="957">
                <Precinct name="1A" votes="52" />
                <Precinct name="1B - COUNTY" votes="164" />
                <Precinct name="1B - CITY" votes="2" />
                <Precinct name="2 - COUNTY" votes="327" />
                <Precinct name="2 - CITY" votes="61" />
                <Precinct name="3 - COUNTY" votes="125" />
                <Precinct name="3 - CITY" votes="19" />
                <Precinct name="4" votes="115" />
                <Precinct name="5" votes="92" />
            </VoteType>
            <VoteType name="Provisional" votes="2">
                <Precinct name="1A" votes="0" />
                <Precinct name="1B - COUNTY" votes="0" />
                <Precinct name="1B - CITY" votes="0" />
                <Precinct name="2 - COUNTY" votes="0" />
                <Precinct name="2 - CITY" votes="0" />
                <Precinct name="3 - COUNTY" votes="1" />
                <Precinct name="3 - CITY" votes="0" />
                <Precinct name="4" votes="0" />
                <Precinct name="5" votes="1" />
            </VoteType>
        </Choice>
    </Contest>
    <Contest key="70" text="State Senator, District 18" isQuestion="false" precinctsReporting="9" precinctsReported="9">
        <VoteType name="Number of Precincts for Race" votes="9">
            <Precinct name="1A" votes="1" />
            <Precinct name="1B - COUNTY" votes="1" />
            <Precinct name="1B - CITY" votes="1" />
            <Precinct name="2 - COUNTY" votes="1" />
            <Precinct name="2 - CITY" votes="1" />
            <Precinct name="3 - COUNTY" votes="1" />
            <Precinct name="3 - CITY" votes="1" />
            <Precinct name="4" votes="1" />
            <Precinct name="5" votes="1" />
        </VoteType>
        <VoteType name="Number of Precincts Reporting" votes="9">
            <Precinct name="1A" votes="1" />
            <Precinct name="1B - COUNTY" votes="1" />
            <Precinct name="1B - CITY" votes="1" />
            <Precinct name="2 - COUNTY" votes="1" />
            <Precinct name="2 - CITY" votes="1" />
            <Precinct name="3 - COUNTY" votes="1" />
            <Precinct name="3 - CITY" votes="1" />
            <Precinct name="4" votes="1" />
            <Precinct name="5" votes="1" />
        </VoteType>
        <Choice key="10" text="JOHN F. KENNEDY (I)" totalVotes="4158">
            <VoteType name="Election Day" votes="1861">
                <Precinct name="1A" votes="109" />
                <Precinct name="1B - COUNTY" votes="166" />
                <Precinct name="1B - CITY" votes="7" />
                <Precinct name="2 - COUNTY" votes="178" />
                <Precinct name="2 - CITY" votes="33" />
                <Precinct name="3 - COUNTY" votes="327" />
                <Precinct name="3 - CITY" votes="28" />
                <Precinct name="4" votes="479" />
                <Precinct name="5" votes="534" />
            </VoteType>
            <VoteType name="Absentee by Mail" votes="205">
                <Precinct name="1A" votes="7" />
                <Precinct name="1B - COUNTY" votes="27" />
                <Precinct name="1B - CITY" votes="0" />
                <Precinct name="2 - COUNTY" votes="47" />
                <Precinct name="2 - CITY" votes="10" />
                <Precinct name="3 - COUNTY" votes="36" />
                <Precinct name="3 - CITY" votes="2" />
                <Precinct name="4" votes="46" />
                <Precinct name="5" votes="30" />
            </VoteType>
            <VoteType name="Advance in Person" votes="2088">
                <Precinct name="1A" votes="84" />
                <Precinct name="1B - COUNTY" votes="174" />
                <Precinct name="1B - CITY" votes="4" />
                <Precinct name="2 - COUNTY" votes="437" />
                <Precinct name="2 - CITY" votes="57" />
                <Precinct name="3 - COUNTY" votes="494" />
                <Precinct name="3 - CITY" votes="37" />
                <Precinct name="4" votes="410" />
                <Precinct name="5" votes="391" />
            </VoteType>
            <VoteType name="Provisional" votes="4">
                <Precinct name="1A" votes="1" />
                <Precinct name="1B - COUNTY" votes="0" />
                <Precinct name="1B - CITY" votes="1" />
                <Precinct name="2 - COUNTY" votes="0" />
                <Precinct name="2 - CITY" votes="0" />
                <Precinct name="3 - COUNTY" votes="1" />
                <Precinct name="3 - CITY" votes="0" />
                <Precinct name="4" votes="1" />
                <Precinct name="5" votes="0" />
            </VoteType>
        </Choice>
    </Contest>
    <Contest key="90" text="State Representative, District 140" isQuestion="false" precinctsReporting="9" precinctsReported="9">
        <VoteType name="Number of Precincts for Race" votes="9">
            <Precinct name="1A" votes="1" />
            <Precinct name="1B - COUNTY" votes="1" />
            <Precinct name="1B - CITY" votes="1" />
            <Precinct name="2 - COUNTY" votes="1" />
            <Precinct name="2 - CITY" votes="1" />
            <Precinct name="3 - COUNTY" votes="1" />
            <Precinct name="3 - CITY" votes="1" />
            <Precinct name="4" votes="1" />
            <Precinct name="5" votes="1" />
        </VoteType>
        <VoteType name="Number of Precincts Reporting" votes="9">
            <Precinct name="1A" votes="1" />
            <Precinct name="1B - COUNTY" votes="1" />
            <Precinct name="1B - CITY" votes="1" />
            <Precinct name="2 - COUNTY" votes="1" />
            <Precinct name="2 - CITY" votes="1" />
            <Precinct name="3 - COUNTY" votes="1" />
            <Precinct name="3 - CITY" votes="1" />
            <Precinct name="4" votes="1" />
            <Precinct name="5" votes="1" />
        </VoteType>
        <Choice key="10" text="ROBERT DICKEY (I)" totalVotes="4278">
            <VoteType name="Election Day" votes="1920">
                <Precinct name="1A" votes="120" />
                <Precinct name="1B - COUNTY" votes="184" />
                <Precinct name="1B - CITY" votes="7" />
                <Precinct name="2 - COUNTY" votes="188" />
                <Precinct name="2 - CITY" votes="38" />
                <Precinct name="3 - COUNTY" votes="324" />
                <Precinct name="3 - CITY" votes="28" />
                <Precinct name="4" votes="494" />
                <Precinct name="5" votes="537" />
            </VoteType>
            <VoteType name="Absentee by Mail" votes="209">
                <Precinct name="1A" votes="7" />
                <Precinct name="1B - COUNTY" votes="27" />
                <Precinct name="1B - CITY" votes="0" />
                <Precinct name="2 - COUNTY" votes="49" />
                <Precinct name="2 - CITY" votes="10" />
                <Precinct name="3 - COUNTY" votes="37" />
                <Precinct name="3 - CITY" votes="2" />
                <Precinct name="4" votes="45" />
                <Precinct name="5" votes="32" />
            </VoteType>
            <VoteType name="Advance in Person" votes="2145">
                <Precinct name="1A" votes="86" />
                <Precinct name="1B - COUNTY" votes="182" />
                <Precinct name="1B - CITY" votes="4" />
                <Precinct name="2 - COUNTY" votes="460" />
                <Precinct name="2 - CITY" votes="64" />
                <Precinct name="3 - COUNTY" votes="496" />
                <Precinct name="3 - CITY" votes="37" />
                <Precinct name="4" votes="419" />
                <Precinct name="5" votes="397" />
            </VoteType>
            <VoteType name="Provisional" votes="4">
                <Precinct name="1A" votes="1" />
                <Precinct name="1B - COUNTY" votes="0" />
                <Precinct name="1B - CITY" votes="1" />
                <Precinct name="2 - COUNTY" votes="0" />
                <Precinct name="2 - CITY" votes="0" />
                <Precinct name="3 - COUNTY" votes="1" />
                <Precinct name="3 - CITY" votes="0" />
                <Precinct name="4" votes="1" />
                <Precinct name="5" votes="0" />
            </VoteType>
        </Choice>
    </Contest>
    <Contest key="120" text="District Attorney, Macon Circuit" isQuestion="false" precinctsReporting="9" precinctsReported="9">
        <VoteType name="Number of Precincts for Race" votes="9">
            <Precinct name="1A" votes="1" />
            <Precinct name="1B - COUNTY" votes="1" />
            <Precinct name="1B - CITY" votes="1" />
            <Precinct name="2 - COUNTY" votes="1" />
            <Precinct name="2 - CITY" votes="1" />
            <Precinct name="3 - COUNTY" votes="1" />
            <Precinct name="3 - CITY" votes="1" />
            <Precinct name="4" votes="1" />
            <Precinct name="5" votes="1" />
        </VoteType>
        <VoteType name="Number of Precincts Reporting" votes="9">
            <Precinct name="1A" votes="1" />
            <Precinct name="1B - COUNTY" votes="1" />
            <Precinct name="1B - CITY" votes="1" />
            <Precinct name="2 - COUNTY" votes="1" />
            <Precinct name="2 - CITY" votes="1" />
            <Precinct name="3 - COUNTY" votes="1" />
            <Precinct name="3 - CITY" votes="1" />
            <Precinct name="4" votes="1" />
            <Precinct name="5" votes="1" />
        </VoteType>
        <Choice key="10" text="DAVID COOKE (I)" totalVotes="4004">
            <VoteType name="Election Day" votes="1759">
                <Precinct name="1A" votes="130" />
                <Precinct name="1B - COUNTY" votes="234" />
                <Precinct name="1B - CITY" votes="10" />
                <Precinct name="2 - COUNTY" votes="176" />
                <Precinct name="2 - CITY" votes="46" />
                <Precinct name="3 - COUNTY" votes="288" />
                <Precinct name="3 - CITY" votes="32" />
                <Precinct name="4" votes="414" />
                <Precinct name="5" votes="429" />
            </VoteType>
            <VoteType name="Absentee by Mail" votes="212">
                <Precinct name="1A" votes="10" />
                <Precinct name="1B - COUNTY" votes="32" />
                <Precinct name="1B - CITY" votes="0" />
                <Precinct name="2 - COUNTY" votes="51" />
                <Precinct name="2 - CITY" votes="12" />
                <Precinct name="3 - COUNTY" votes="32" />
                <Precinct name="3 - CITY" votes="3" />
                <Precinct name="4" votes="39" />
                <Precinct name="5" votes="33" />
            </VoteType>
            <VoteType name="Advance in Person" votes="2030">
                <Precinct name="1A" votes="90" />
                <Precinct name="1B - COUNTY" votes="222" />
                <Precinct name="1B - CITY" votes="5" />
                <Precinct name="2 - COUNTY" votes="501" />
                <Precinct name="2 - CITY" votes="76" />
                <Precinct name="3 - COUNTY" votes="421" />
                <Precinct name="3 - CITY" votes="28" />
                <Precinct name="4" votes="361" />
                <Precinct name="5" votes="326" />
            </VoteType>
            <VoteType name="Provisional" votes="3">
                <Precinct name="1A" votes="1" />
                <Precinct name="1B - COUNTY" votes="0" />
                <Precinct name="1B - CITY" votes="0" />
                <Precinct name="2 - COUNTY" votes="0" />
                <Precinct name="2 - CITY" votes="0" />
                <Precinct name="3 - COUNTY" votes="1" />
                <Precinct name="3 - CITY" votes="0" />
                <Precinct name="4" votes="1" />
                <Precinct name="5" votes="0" />
            </VoteType>
        </Choice>
    </Contest>
    <Contest key="130" text="CLERK, SUPERIOR COURT" isQuestion="false" precinctsReporting="9" precinctsReported="9">
        <VoteType name="Number of Precincts for Race" votes="9">
            <Precinct name="1A" votes="1" />
            <Precinct name="1B - COUNTY" votes="1" />
            <Precinct name="1B - CITY" votes="1" />
            <Precinct name="2 - COUNTY" votes="1" />
            <Precinct name="2 - CITY" votes="1" />
            <Precinct name="3 - COUNTY" votes="1" />
            <Precinct name="3 - CITY" votes="1" />
            <Precinct name="4" votes="1" />
            <Precinct name="5" votes="1" />
        </VoteType>
        <VoteType name="Number of Precincts Reporting" votes="9">
            <Precinct name="1A" votes="1" />
            <Precinct name="1B - COUNTY" votes="1" />
            <Precinct name="1B - CITY" votes="1" />
            <Precinct name="2 - COUNTY" votes="1" />
            <Precinct name="2 - CITY" votes="1" />
            <Precinct name="3 - COUNTY" votes="1" />
            <Precinct name="3 - CITY" votes="1" />
            <Precinct name="4" votes="1" />
            <Precinct name="5" votes="1" />
        </VoteType>
        <Choice key="10" text="R. JOHNSON (I) R" totalVotes="4261">
            <VoteType name="Election Day" votes="1897">
                <Precinct name="1A" votes="114" />
                <Precinct name="1B - COUNTY" votes="179" />
                <Precinct name="1B - CITY" votes="7" />
                <Precinct name="2 - COUNTY" votes="178" />
                <Precinct name="2 - CITY" votes="35" />
                <Precinct name="3 - COUNTY" votes="329" />
                <Precinct name="3 - CITY" votes="31" />
                <Precinct name="4" votes="483" />
                <Precinct name="5" votes="541" />
            </VoteType>
            <VoteType name="Absentee by Mail" votes="204">
                <Precinct name="1A" votes="7" />
                <Precinct name="1B - COUNTY" votes="26" />
                <Precinct name="1B - CITY" votes="0" />
                <Precinct name="2 - COUNTY" votes="44" />
                <Precinct name="2 - CITY" votes="10" />
                <Precinct name="3 - COUNTY" votes="39" />
                <Precinct name="3 - CITY" votes="2" />
                <Precinct name="4" votes="46" />
                <Precinct name="5" votes="30" />
            </VoteType>
            <VoteType name="Advance in Person" votes="2156">
                <Precinct name="1A" votes="87" />
                <Precinct name="1B - COUNTY" votes="194" />
                <Precinct name="1B - CITY" votes="5" />
                <Precinct name="2 - COUNTY" votes="450" />
                <Precinct name="2 - CITY" votes="65" />
                <Precinct name="3 - COUNTY" votes="497" />
                <Precinct name="3 - CITY" votes="40" />
                <Precinct name="4" votes="415" />
                <Precinct name="5" votes="403" />
            </VoteType>
            <VoteType name="Provisional" votes="4">
                <Precinct name="1A" votes="1" />
                <Precinct name="1B - COUNTY" votes="0" />
                <Precinct name="1B - CITY" votes="1" />
                <Precinct name="2 - COUNTY" votes="0" />
                <Precinct name="2 - CITY" votes="0" />
                <Precinct name="3 - COUNTY" votes="1" />
                <Precinct name="3 - CITY" votes="0" />
                <Precinct name="4" votes="1" />
                <Precinct name="5" votes="0" />
            </VoteType>
        </Choice>
    </Contest>
    <Contest key="140" text="SHERIFF" isQuestion="false" precinctsReporting="9" precinctsReported="9">
        <VoteType name="Number of Precincts for Race" votes="9">
            <Precinct name="1A" votes="1" />
            <Precinct name="1B - COUNTY" votes="1" />
            <Precinct name="1B - CITY" votes="1" />
            <Precinct name="2 - COUNTY" votes="1" />
            <Precinct name="2 - CITY" votes="1" />
            <Precinct name="3 - COUNTY" votes="1" />
            <Precinct name="3 - CITY" votes="1" />
            <Precinct name="4" votes="1" />
            <Precinct name="5" votes="1" />
        </VoteType>
        <VoteType name="Number of Precincts Reporting" votes="9">
            <Precinct name="1A" votes="1" />
            <Precinct name="1B - COUNTY" votes="1" />
            <Precinct name="1B - CITY" votes="1" />
            <Precinct name="2 - COUNTY" votes="1" />
            <Precinct name="2 - CITY" votes="1" />
            <Precinct name="3 - COUNTY" votes="1" />
            <Precinct name="3 - CITY" votes="1" />
            <Precinct name="4" votes="1" />
            <Precinct name="5" votes="1" />
        </VoteType>
        <Choice key="10" text="L. S. WALKER (I) D" totalVotes="4508">
            <VoteType name="Election Day" votes="1957">
                <Precinct name="1A" votes="135" />
                <Precinct name="1B - COUNTY" votes="270" />
                <Precinct name="1B - CITY" votes="10" />
                <Precinct name="2 - COUNTY" votes="202" />
                <Precinct name="2 - CITY" votes="51" />
                <Precinct name="3 - COUNTY" votes="323" />
                <Precinct name="3 - CITY" votes="34" />
                <Precinct name="4" votes="461" />
                <Precinct name="5" votes="471" />
            </VoteType>
            <VoteType name="Absentee by Mail" votes="229">
                <Precinct name="1A" votes="10" />
                <Precinct name="1B - COUNTY" votes="34" />
                <Precinct name="1B - CITY" votes="0" />
                <Precinct name="2 - COUNTY" votes="54" />
                <Precinct name="2 - CITY" votes="11" />
                <Precinct name="3 - COUNTY" votes="40" />
                <Precinct name="3 - CITY" votes="3" />
                <Precinct name="4" votes="44" />
                <Precinct name="5" votes="33" />
            </VoteType>
            <VoteType name="Advance in Person" votes="2318">
                <Precinct name="1A" votes="104" />
                <Precinct name="1B - COUNTY" votes="249" />
                <Precinct name="1B - CITY" votes="7" />
                <Precinct name="2 - COUNTY" votes="569" />
                <Precinct name="2 - CITY" votes="89" />
                <Precinct name="3 - COUNTY" votes="490" />
                <Precinct name="3 - CITY" votes="43" />
                <Precinct name="4" votes="403" />
                <Precinct name="5" votes="364" />
            </VoteType>
            <VoteType name="Provisional" votes="4">
                <Precinct name="1A" votes="1" />
                <Precinct name="1B - COUNTY" votes="0" />
                <Precinct name="1B - CITY" votes="0" />
                <Precinct name="2 - COUNTY" votes="0" />
                <Precinct name="2 - CITY" votes="0" />
                <Precinct name="3 - COUNTY" votes="1" />
                <Precinct name="3 - CITY" votes="0" />
                <Precinct name="4" votes="1" />
                <Precinct name="5" votes="1" />
            </VoteType>
        </Choice>
    </Contest>
    <Contest key="150" text="TAX COMMISSIONER" isQuestion="false" precinctsReporting="9" precinctsReported="9">
        <VoteType name="Number of Precincts for Race" votes="9">
            <Precinct name="1A" votes="1" />
            <Precinct name="1B - COUNTY" votes="1" />
            <Precinct name="1B - CITY" votes="1" />
            <Precinct name="2 - COUNTY" votes="1" />
            <Precinct name="2 - CITY" votes="1" />
            <Precinct name="3 - COUNTY" votes="1" />
            <Precinct name="3 - CITY" votes="1" />
            <Precinct name="4" votes="1" />
            <Precinct name="5" votes="1" />
        </VoteType>
        <VoteType name="Number of Precincts Reporting" votes="9">
            <Precinct name="1A" votes="1" />
            <Precinct name="1B - COUNTY" votes="1" />
            <Precinct name="1B - CITY" votes="1" />
            <Precinct name="2 - COUNTY" votes="1" />
            <Precinct name="2 - CITY" votes="1" />
            <Precinct name="3 - COUNTY" votes="1" />
            <Precinct name="3 - CITY" votes="1" />
            <Precinct name="4" votes="1" />
            <Precinct name="5" votes="1" />
        </VoteType>
        <Choice key="10" text="P. WALKER (R)" totalVotes="3547">
            <VoteType name="Election Day" votes="1612">
                <Precinct name="1A" votes="88" />
                <Precinct name="1B - COUNTY" votes="135" />
                <Precinct name="1B - CITY" votes="6" />
                <Precinct name="2 - COUNTY" votes="126" />
                <Precinct name="2 - CITY" votes="26" />
                <Precinct name="3 - COUNTY" votes="276" />
                <Precinct name="3 - CITY" votes="22" />
                <Precinct name="4" votes="440" />
                <Precinct name="5" votes="493" />
            </VoteType>
            <VoteType name="Absentee by Mail" votes="145">
                <Precinct name="1A" votes="3" />
                <Precinct name="1B - COUNTY" votes="10" />
                <Precinct name="1B - CITY" votes="0" />
                <Precinct name="2 - COUNTY" votes="35" />
                <Precinct name="2 - CITY" votes="6" />
                <Precinct name="3 - COUNTY" votes="31" />
                <Precinct name="3 - CITY" votes="0" />
                <Precinct name="4" votes="33" />
                <Precinct name="5" votes="27" />
            </VoteType>
            <VoteType name="Advance in Person" votes="1788">
                <Precinct name="1A" votes="63" />
                <Precinct name="1B - COUNTY" votes="139" />
                <Precinct name="1B - CITY" votes="4" />
                <Precinct name="2 - COUNTY" votes="366" />
                <Precinct name="2 - CITY" votes="45" />
                <Precinct name="3 - COUNTY" votes="426" />
                <Precinct name="3 - CITY" votes="28" />
                <Precinct name="4" votes="372" />
                <Precinct name="5" votes="345" />
            </VoteType>
            <VoteType name="Provisional" votes="2">
                <Precinct name="1A" votes="1" />
                <Precinct name="1B - COUNTY" votes="0" />
                <Precinct name="1B - CITY" votes="0" />
                <Precinct name="2 - COUNTY" votes="0" />
                <Precinct name="2 - CITY" votes="0" />
                <Precinct name="3 - COUNTY" votes="0" />
                <Precinct name="3 - CITY" votes="0" />
                <Precinct name="4" votes="1" />
                <Precinct name="5" votes="0" />
            </VoteType>
        </Choice>
        <Choice key="20" text="T. L. HORTMAN (D)" totalVotes="1510">
            <VoteType name="Election Day" votes="606">
                <Precinct name="1A" votes="71" />
                <Precinct name="1B - COUNTY" votes="147" />
                <Precinct name="1B - CITY" votes="6" />
                <Precinct name="2 - COUNTY" votes="94" />
                <Precinct name="2 - CITY" votes="30" />
                <Precinct name="3 - COUNTY" votes="75" />
                <Precinct name="3 - CITY" votes="20" />
                <Precinct name="4" votes="85" />
                <Precinct name="5" votes="78" />
            </VoteType>
            <VoteType name="Absentee by Mail" votes="102">
                <Precinct name="1A" votes="9" />
                <Precinct name="1B - COUNTY" votes="25" />
                <Precinct name="1B - CITY" votes="0" />
                <Precinct name="2 - COUNTY" votes="23" />
                <Precinct name="2 - CITY" votes="5" />
                <Precinct name="3 - COUNTY" votes="12" />
                <Precinct name="3 - CITY" votes="3" />
                <Precinct name="4" votes="16" />
                <Precinct name="5" votes="9" />
            </VoteType>
            <VoteType name="Advance in Person" votes="800">
                <Precinct name="1A" votes="43" />
                <Precinct name="1B - COUNTY" votes="131" />
                <Precinct name="1B - CITY" votes="3" />
                <Precinct name="2 - COUNTY" votes="250" />
                <Precinct name="2 - CITY" votes="52" />
                <Precinct name="3 - COUNTY" votes="127" />
                <Precinct name="3 - CITY" votes="25" />
                <Precinct name="4" votes="85" />
                <Precinct name="5" votes="84" />
            </VoteType>
            <VoteType name="Provisional" votes="2">
                <Precinct name="1A" votes="0" />
                <Precinct name="1B - COUNTY" votes="0" />
                <Precinct name="1B - CITY" votes="1" />
                <Precinct name="2 - COUNTY" votes="0" />
                <Precinct name="2 - CITY" votes="0" />
                <Precinct name="3 - COUNTY" votes="1" />
                <Precinct name="3 - CITY" votes="0" />
                <Precinct name="4" votes="0" />
                <Precinct name="5" votes="0" />
            </VoteType>
        </Choice>
    </Contest>
    <Contest key="190" text="CORONER" isQuestion="false" precinctsReporting="9" precinctsReported="9">
        <VoteType name="Number of Precincts for Race" votes="9">
            <Precinct name="1A" votes="1" />
            <Precinct name="1B - COUNTY" votes="1" />
            <Precinct name="1B - CITY" votes="1" />
            <Precinct name="2 - COUNTY" votes="1" />
            <Precinct name="2 - CITY" votes="1" />
            <Precinct name="3 - COUNTY" votes="1" />
            <Precinct name="3 - CITY" votes="1" />
            <Precinct name="4" votes="1" />
            <Precinct name="5" votes="1" />
        </VoteType>
        <VoteType name="Number of Precincts Reporting" votes="9">
            <Precinct name="1A" votes="1" />
            <Precinct name="1B - COUNTY" votes="1" />
            <Precinct name="1B - CITY" votes="1" />
            <Precinct name="2 - COUNTY" votes="1" />
            <Precinct name="2 - CITY" votes="1" />
            <Precinct name="3 - COUNTY" votes="1" />
            <Precinct name="3 - CITY" votes="1" />
            <Precinct name="4" votes="1" />
            <Precinct name="5" votes="1" />
        </VoteType>
        <Choice key="10" text="S. T. MATTOX (R)" totalVotes="3404">
            <VoteType name="Election Day" votes="1476">
                <Precinct name="1A" votes="84" />
                <Precinct name="1B - COUNTY" votes="93" />
                <Precinct name="1B - CITY" votes="5" />
                <Precinct name="2 - COUNTY" votes="107" />
                <Precinct name="2 - CITY" votes="11" />
                <Precinct name="3 - COUNTY" votes="262" />
                <Precinct name="3 - CITY" votes="21" />
                <Precinct name="4" votes="425" />
                <Precinct name="5" votes="468" />
            </VoteType>
            <VoteType name="Absentee by Mail" votes="142">
                <Precinct name="1A" votes="2" />
                <Precinct name="1B - COUNTY" votes="10" />
                <Precinct name="1B - CITY" votes="0" />
                <Precinct name="2 - COUNTY" votes="31" />
                <Precinct name="2 - CITY" votes="3" />
                <Precinct name="3 - COUNTY" votes="29" />
                <Precinct name="3 - CITY" votes="1" />
                <Precinct name="4" votes="40" />
                <Precinct name="5" votes="26" />
            </VoteType>
            <VoteType name="Advance in Person" votes="1784">
                <Precinct name="1A" votes="62" />
                <Precinct name="1B - COUNTY" votes="123" />
                <Precinct name="1B - CITY" votes="5" />
                <Precinct name="2 - COUNTY" votes="346" />
                <Precinct name="2 - CITY" votes="42" />
                <Precinct name="3 - COUNTY" votes="443" />
                <Precinct name="3 - CITY" votes="40" />
                <Precinct name="4" votes="373" />
                <Precinct name="5" votes="350" />
            </VoteType>
            <VoteType name="Provisional" votes="2">
                <Precinct name="1A" votes="1" />
                <Precinct name="1B - COUNTY" votes="0" />
                <Precinct name="1B - CITY" votes="0" />
                <Precinct name="2 - COUNTY" votes="0" />
                <Precinct name="2 - CITY" votes="0" />
                <Precinct name="3 - COUNTY" votes="0" />
                <Precinct name="3 - CITY" votes="0" />
                <Precinct name="4" votes="1" />
                <Precinct name="5" votes="0" />
            </VoteType>
        </Choice>
        <Choice key="20" text="A. WALDEN (D)" totalVotes="1163">
            <VoteType name="Election Day" votes="491">
                <Precinct name="1A" votes="54" />
                <Precinct name="1B - COUNTY" votes="166" />
                <Precinct name="1B - CITY" votes="6" />
                <Precinct name="2 - COUNTY" votes="88" />
                <Precinct name="2 - CITY" votes="34" />
                <Precinct name="3 - COUNTY" votes="39" />
                <Precinct name="3 - CITY" votes="14" />
                <Precinct name="4" votes="45" />
                <Precinct name="5" votes="45" />
            </VoteType>
            <VoteType name="Absentee by Mail" votes="73">
                <Precinct name="1A" votes="7" />
                <Precinct name="1B - COUNTY" votes="21" />
                <Precinct name="1B - CITY" votes="0" />
                <Precinct name="2 - COUNTY" votes="19" />
                <Precinct name="2 - CITY" votes="4" />
                <Precinct name="3 - COUNTY" votes="6" />
                <Precinct name="3 - CITY" votes="2" />
                <Precinct name="4" votes="8" />
                <Precinct name="5" votes="6" />
            </VoteType>
            <VoteType name="Advance in Person" votes="597">
                <Precinct name="1A" votes="35" />
                <Precinct name="1B - COUNTY" votes="124" />
                <Precinct name="1B - CITY" votes="2" />
                <Precinct name="2 - COUNTY" votes="221" />
                <Precinct name="2 - CITY" votes="41" />
                <Precinct name="3 - COUNTY" votes="62" />
                <Precinct name="3 - CITY" votes="12" />
                <Precinct name="4" votes="52" />
                <Precinct name="5" votes="48" />
            </VoteType>
            <VoteType name="Provisional" votes="2">
                <Precinct name="1A" votes="0" />
                <Precinct name="1B - COUNTY" votes="0" />
                <Precinct name="1B - CITY" votes="1" />
                <Precinct name="2 - COUNTY" votes="0" />
                <Precinct name="2 - CITY" votes="0" />
                <Precinct name="3 - COUNTY" votes="1" />
                <Precinct name="3 - CITY" votes="0" />
                <Precinct name="4" votes="0" />
                <Precinct name="5" votes="0" />
            </VoteType>
        </Choice>
    </Contest>
    <Contest key="210" text="CC, D2" isQuestion="false" precinctsReporting="2" precinctsReported="2">
        <VoteType name="Number of Precincts for Race" votes="2">
            <Precinct name="2 - COUNTY" votes="1" />
            <Precinct name="2 - CITY" votes="1" />
        </VoteType>
        <VoteType name="Number of Precincts Reporting" votes="2">
            <Precinct name="2 - COUNTY" votes="1" />
            <Precinct name="2 - CITY" votes="1" />
        </VoteType>
        <Choice key="10" text="J. L. BOND (R)" totalVotes="482">
            <VoteType name="Election Day" votes="117">
                <Precinct name="2 - COUNTY" votes="106" />
                <Precinct name="2 - CITY" votes="11" />
            </VoteType>
            <VoteType name="Absentee by Mail" votes="35">
                <Precinct name="2 - COUNTY" votes="31" />
                <Precinct name="2 - CITY" votes="4" />
            </VoteType>
            <VoteType name="Advance in Person" votes="330">
                <Precinct name="2 - COUNTY" votes="294" />
                <Precinct name="2 - CITY" votes="36" />
            </VoteType>
            <VoteType name="Provisional" votes="0">
                <Precinct name="2 - COUNTY" votes="0" />
                <Precinct name="2 - CITY" votes="0" />
            </VoteType>
        </Choice>
        <Choice key="20" text="B. BLASINGAME (I) D" totalVotes="559">
            <VoteType name="Election Day" votes="154">
                <Precinct name="2 - COUNTY" votes="109" />
                <Precinct name="2 - CITY" votes="45" />
            </VoteType>
            <VoteType name="Absentee by Mail" votes="35">
                <Precinct name="2 - COUNTY" votes="27" />
                <Precinct name="2 - CITY" votes="8" />
            </VoteType>
            <VoteType name="Advance in Person" votes="370">
                <Precinct name="2 - COUNTY" votes="314" />
                <Precinct name="2 - CITY" votes="56" />
            </VoteType>
            <VoteType name="Provisional" votes="0">
                <Precinct name="2 - COUNTY" votes="0" />
                <Precinct name="2 - CITY" votes="0" />
            </VoteType>
        </Choice>
    </Contest>
    <Contest key="230" text="CC, D3" isQuestion="false" precinctsReporting="2" precinctsReported="2">
        <VoteType name="Number of Precincts for Race" votes="2">
            <Precinct name="3 - COUNTY" votes="1" />
            <Precinct name="3 - CITY" votes="1" />
        </VoteType>
        <VoteType name="Number of Precincts Reporting" votes="2">
            <Precinct name="3 - COUNTY" votes="1" />
            <Precinct name="3 - CITY" votes="1" />
        </VoteType>
        <Choice key="10" text="J. SPILLERS (I) R" totalVotes="914">
            <VoteType name="Election Day" votes="346">
                <Precinct name="3 - COUNTY" votes="319" />
                <Precinct name="3 - CITY" votes="27" />
            </VoteType>
            <VoteType name="Absentee by Mail" votes="39">
                <Precinct name="3 - COUNTY" votes="36" />
                <Precinct name="3 - CITY" votes="3" />
            </VoteType>
            <VoteType name="Advance in Person" votes="528">
                <Precinct name="3 - COUNTY" votes="491" />
                <Precinct name="3 - CITY" votes="37" />
            </VoteType>
            <VoteType name="Provisional" votes="1">
                <Precinct name="3 - COUNTY" votes="1" />
                <Precinct name="3 - CITY" votes="0" />
            </VoteType>
        </Choice>
    </Contest>
    <Contest key="250" text="CC, D4" isQuestion="false" precinctsReporting="1" precinctsReported="1">
        <VoteType name="Number of Precincts for Race" votes="1">
            <Precinct name="4" votes="1" />
        </VoteType>
        <VoteType name="Number of Precincts Reporting" votes="1">
            <Precinct name="4" votes="1" />
        </VoteType>
        <Choice key="10" text="J. M. THOMAS SR (I)R" totalVotes="927">
            <VoteType name="Election Day" votes="476">
                <Precinct name="4" votes="476" />
            </VoteType>
            <VoteType name="Absentee by Mail" votes="44">
                <Precinct name="4" votes="44" />
            </VoteType>
            <VoteType name="Advance in Person" votes="406">
                <Precinct name="4" votes="406" />
            </VoteType>
            <VoteType name="Provisional" votes="1">
                <Precinct name="4" votes="1" />
            </VoteType>
        </Choice>
    </Contest>
    <Contest key="260" text="SOIL AND WATER" isQuestion="false" precinctsReporting="9" precinctsReported="9">
        <VoteType name="Number of Precincts for Race" votes="9">
            <Precinct name="1A" votes="1" />
            <Precinct name="1B - COUNTY" votes="1" />
            <Precinct name="1B - CITY" votes="1" />
            <Precinct name="2 - COUNTY" votes="1" />
            <Precinct name="2 - CITY" votes="1" />
            <Precinct name="3 - COUNTY" votes="1" />
            <Precinct name="3 - CITY" votes="1" />
            <Precinct name="4" votes="1" />
            <Precinct name="5" votes="1" />
        </VoteType>
        <VoteType name="Number of Precincts Reporting" votes="9">
            <Precinct name="1A" votes="1" />
            <Precinct name="1B - COUNTY" votes="1" />
            <Precinct name="1B - CITY" votes="1" />
            <Precinct name="2 - COUNTY" votes="1" />
            <Precinct name="2 - CITY" votes="1" />
            <Precinct name="3 - COUNTY" votes="1" />
            <Precinct name="3 - CITY" votes="1" />
            <Precinct name="4" votes="1" />
            <Precinct name="5" votes="1" />
        </VoteType>
        <Choice key="10" text="C. F. HARRIS (I)" totalVotes="4158">
            <VoteType name="Election Day" votes="1826">
                <Precinct name="1A" votes="122" />
                <Precinct name="1B - COUNTY" votes="196" />
                <Precinct name="1B - CITY" votes="9" />
                <Precinct name="2 - COUNTY" votes="187" />
                <Precinct name="2 - CITY" votes="44" />
                <Precinct name="3 - COUNTY" votes="316" />
                <Precinct name="3 - CITY" votes="30" />
                <Precinct name="4" votes="444" />
                <Precinct name="5" votes="478" />
            </VoteType>
            <VoteType name="Absentee by Mail" votes="212">
                <Precinct name="1A" votes="9" />
                <Precinct name="1B - COUNTY" votes="30" />
                <Precinct name="1B - CITY" votes="0" />
                <Precinct name="2 - COUNTY" votes="52" />
                <Precinct name="2 - CITY" votes="9" />
                <Precinct name="3 - COUNTY" votes="36" />
                <Precinct name="3 - CITY" votes="3" />
                <Precinct name="4" votes="42" />
                <Precinct name="5" votes="31" />
            </VoteType>
            <VoteType name="Advance in Person" votes="2116">
                <Precinct name="1A" votes="85" />
                <Precinct name="1B - COUNTY" votes="197" />
                <Precinct name="1B - CITY" votes="5" />
                <Precinct name="2 - COUNTY" votes="490" />
                <Precinct name="2 - CITY" votes="76" />
                <Precinct name="3 - COUNTY" votes="474" />
                <Precinct name="3 - CITY" votes="41" />
                <Precinct name="4" votes="388" />
                <Precinct name="5" votes="360" />
            </VoteType>
            <VoteType name="Provisional" votes="4">
                <Precinct name="1A" votes="1" />
                <Precinct name="1B - COUNTY" votes="0" />
                <Precinct name="1B - CITY" votes="1" />
                <Precinct name="2 - COUNTY" votes="0" />
                <Precinct name="2 - CITY" votes="0" />
                <Precinct name="3 - COUNTY" votes="1" />
                <Precinct name="3 - CITY" votes="0" />
                <Precinct name="4" votes="1" />
                <Precinct name="5" votes="0" />
            </VoteType>
        </Choice>
    </Contest>
    <Contest key="270" text="Constitutional Amendment #1&lt;br&gt;Provides greater flexibility and state accountability to fix failing schools through increasing community involvement." isQuestion="false" precinctsReporting="9" precinctsReported="9">
        <VoteType name="Number of Precincts for Race" votes="9">
            <Precinct name="1A" votes="1" />
            <Precinct name="1B - COUNTY" votes="1" />
            <Precinct name="1B - CITY" votes="1" />
            <Precinct name="2 - COUNTY" votes="1" />
            <Precinct name="2 - CITY" votes="1" />
            <Precinct name="3 - COUNTY" votes="1" />
            <Precinct name="3 - CITY" votes="1" />
            <Precinct name="4" votes="1" />
            <Precinct name="5" votes="1" />
        </VoteType>
        <VoteType name="Number of Precincts Reporting" votes="9">
            <Precinct name="1A" votes="1" />
            <Precinct name="1B - COUNTY" votes="1" />
            <Precinct name="1B - CITY" votes="1" />
            <Precinct name="2 - COUNTY" votes="1" />
            <Precinct name="2 - CITY" votes="1" />
            <Precinct name="3 - COUNTY" votes="1" />
            <Precinct name="3 - CITY" votes="1" />
            <Precinct name="4" votes="1" />
            <Precinct name="5" votes="1" />
        </VoteType>
        <Choice key="10" text="YES" totalVotes="1949">
            <VoteType name="Election Day" votes="850">
                <Precinct name="1A" votes="56" />
                <Precinct name="1B - COUNTY" votes="134" />
                <Precinct name="1B - CITY" votes="4" />
                <Precinct name="2 - COUNTY" votes="85" />
                <Precinct name="2 - CITY" votes="27" />
                <Precinct name="3 - COUNTY" votes="135" />
                <Precinct name="3 - CITY" votes="12" />
                <Precinct name="4" votes="192" />
                <Precinct name="5" votes="205" />
            </VoteType>
            <VoteType name="Absentee by Mail" votes="102">
                <Precinct name="1A" votes="3" />
                <Precinct name="1B - COUNTY" votes="17" />
                <Precinct name="1B - CITY" votes="0" />
                <Precinct name="2 - COUNTY" votes="25" />
                <Precinct name="2 - CITY" votes="3" />
                <Precinct name="3 - COUNTY" votes="12" />
                <Precinct name="3 - CITY" votes="0" />
                <Precinct name="4" votes="18" />
                <Precinct name="5" votes="24" />
            </VoteType>
            <VoteType name="Advance in Person" votes="995">
                <Precinct name="1A" votes="33" />
                <Precinct name="1B - COUNTY" votes="112" />
                <Precinct name="1B - CITY" votes="1" />
                <Precinct name="2 - COUNTY" votes="206" />
                <Precinct name="2 - CITY" votes="40" />
                <Precinct name="3 - COUNTY" votes="221" />
                <Precinct name="3 - CITY" votes="17" />
                <Precinct name="4" votes="174" />
                <Precinct name="5" votes="191" />
            </VoteType>
            <VoteType name="Provisional" votes="2">
                <Precinct name="1A" votes="0" />
                <Precinct name="1B - COUNTY" votes="0" />
                <Precinct name="1B - CITY" votes="1" />
                <Precinct name="2 - COUNTY" votes="0" />
                <Precinct name="2 - CITY" votes="0" />
                <Precinct name="3 - COUNTY" votes="1" />
                <Precinct name="3 - CITY" votes="0" />
                <Precinct name="4" votes="0" />
                <Precinct name="5" votes="0" />
            </VoteType>
        </Choice>
        <Choice key="20" text="NO" totalVotes="3076">
            <VoteType name="Election Day" votes="1361">
                <Precinct name="1A" votes="107" />
                <Precinct name="1B - COUNTY" votes="147" />
                <Precinct name="1B - CITY" votes="7" />
                <Precinct name="2 - COUNTY" votes="127" />
                <Precinct name="2 - CITY" votes="28" />
                <Precinct name="3 - COUNTY" votes="221" />
                <Precinct name="3 - CITY" votes="29" />
                <Precinct name="4" votes="330" />
                <Precinct name="5" votes="365" />
            </VoteType>
            <VoteType name="Absentee by Mail" votes="144">
                <Precinct name="1A" votes="9" />
                <Precinct name="1B - COUNTY" votes="16" />
                <Precinct name="1B - CITY" votes="0" />
                <Precinct name="2 - COUNTY" votes="32" />
                <Precinct name="2 - CITY" votes="9" />
                <Precinct name="3 - COUNTY" votes="31" />
                <Precinct name="3 - CITY" votes="3" />
                <Precinct name="4" votes="32" />
                <Precinct name="5" votes="12" />
            </VoteType>
            <VoteType name="Advance in Person" votes="1569">
                <Precinct name="1A" votes="74" />
                <Precinct name="1B - COUNTY" votes="151" />
                <Precinct name="1B - CITY" votes="6" />
                <Precinct name="2 - COUNTY" votes="391" />
                <Precinct name="2 - CITY" votes="53" />
                <Precinct name="3 - COUNTY" votes="335" />
                <Precinct name="3 - CITY" votes="38" />
                <Precinct name="4" votes="280" />
                <Precinct name="5" votes="241" />
            </VoteType>
            <VoteType name="Provisional" votes="2">
                <Precinct name="1A" votes="1" />
                <Precinct name="1B - COUNTY" votes="0" />
                <Precinct name="1B - CITY" votes="0" />
                <Precinct name="2 - COUNTY" votes="0" />
                <Precinct name="2 - CITY" votes="0" />
                <Precinct name="3 - COUNTY" votes="0" />
                <Precinct name="3 - CITY" votes="0" />
                <Precinct name="4" votes="1" />
                <Precinct name="5" votes="0" />
            </VoteType>
        </Choice>
    </Contest>
    <Contest key="280" text="Constitutional Amendment #2&lt;br&gt;Authorizes penalties for sexual exploitation and assessments on adult entertainment to fund child victims' services." isQuestion="false" precinctsReporting="9" precinctsReported="9">
        <VoteType name="Number of Precincts for Race" votes="9">
            <Precinct name="1A" votes="1" />
            <Precinct name="1B - COUNTY" votes="1" />
            <Precinct name="1B - CITY" votes="1" />
            <Precinct name="2 - COUNTY" votes="1" />
            <Precinct name="2 - CITY" votes="1" />
            <Precinct name="3 - COUNTY" votes="1" />
            <Precinct name="3 - CITY" votes="1" />
            <Precinct name="4" votes="1" />
            <Precinct name="5" votes="1" />
        </VoteType>
        <VoteType name="Number of Precincts Reporting" votes="9">
            <Precinct name="1A" votes="1" />
            <Precinct name="1B - COUNTY" votes="1" />
            <Precinct name="1B - CITY" votes="1" />
            <Precinct name="2 - COUNTY" votes="1" />
            <Precinct name="2 - CITY" votes="1" />
            <Precinct name="3 - COUNTY" votes="1" />
            <Precinct name="3 - CITY" votes="1" />
            <Precinct name="4" votes="1" />
            <Precinct name="5" votes="1" />
        </VoteType>
        <Choice key="10" text="YES" totalVotes="4036">
            <VoteType name="Election Day" votes="1800">
                <Precinct name="1A" votes="122" />
                <Precinct name="1B - COUNTY" votes="203" />
                <Precinct name="1B - CITY" votes="9" />
                <Precinct name="2 - COUNTY" votes="175" />
                <Precinct name="2 - CITY" votes="45" />
                <Precinct name="3 - COUNTY" votes="303" />
                <Precinct name="3 - CITY" votes="25" />
                <Precinct name="4" votes="434" />
                <Precinct name="5" votes="484" />
            </VoteType>
            <VoteType name="Absentee by Mail" votes="212">
                <Precinct name="1A" votes="9" />
                <Precinct name="1B - COUNTY" votes="28" />
                <Precinct name="1B - CITY" votes="1" />
                <Precinct name="2 - COUNTY" votes="51" />
                <Precinct name="2 - CITY" votes="9" />
                <Precinct name="3 - COUNTY" votes="37" />
                <Precinct name="3 - CITY" votes="2" />
                <Precinct name="4" votes="43" />
                <Precinct name="5" votes="32" />
            </VoteType>
            <VoteType name="Advance in Person" votes="2021">
                <Precinct name="1A" votes="80" />
                <Precinct name="1B - COUNTY" votes="198" />
                <Precinct name="1B - CITY" votes="7" />
                <Precinct name="2 - COUNTY" votes="439" />
                <Precinct name="2 - CITY" votes="71" />
                <Precinct name="3 - COUNTY" votes="456" />
                <Precinct name="3 - CITY" votes="43" />
                <Precinct name="4" votes="356" />
                <Precinct name="5" votes="371" />
            </VoteType>
            <VoteType name="Provisional" votes="3">
                <Precinct name="1A" votes="0" />
                <Precinct name="1B - COUNTY" votes="0" />
                <Precinct name="1B - CITY" votes="1" />
                <Precinct name="2 - COUNTY" votes="0" />
                <Precinct name="2 - CITY" votes="0" />
                <Precinct name="3 - COUNTY" votes="1" />
                <Precinct name="3 - CITY" votes="0" />
                <Precinct name="4" votes="1" />
                <Precinct name="5" votes="0" />
            </VoteType>
        </Choice>
        <Choice key="20" text="NO" totalVotes="900">
            <VoteType name="Election Day" votes="379">
                <Precinct name="1A" votes="34" />
                <Precinct name="1B - COUNTY" votes="63" />
                <Precinct name="1B - CITY" votes="2" />
                <Precinct name="2 - COUNTY" votes="35" />
                <Precinct name="2 - CITY" votes="9" />
                <Precinct name="3 - COUNTY" votes="56" />
                <Precinct name="3 - CITY" votes="15" />
                <Precinct name="4" votes="79" />
                <Precinct name="5" votes="86" />
            </VoteType>
            <VoteType name="Absentee by Mail" votes="35">
                <Precinct name="1A" votes="3" />
                <Precinct name="1B - COUNTY" votes="6" />
                <Precinct name="1B - CITY" votes="0" />
                <Precinct name="2 - COUNTY" votes="4" />
                <Precinct name="2 - CITY" votes="3" />
                <Precinct name="3 - COUNTY" votes="5" />
                <Precinct name="3 - CITY" votes="1" />
                <Precinct name="4" votes="8" />
                <Precinct name="5" votes="5" />
            </VoteType>
            <VoteType name="Advance in Person" votes="485">
                <Precinct name="1A" votes="24" />
                <Precinct name="1B - COUNTY" votes="57" />
                <Precinct name="1B - CITY" votes="0" />
                <Precinct name="2 - COUNTY" votes="141" />
                <Precinct name="2 - CITY" votes="17" />
                <Precinct name="3 - COUNTY" votes="96" />
                <Precinct name="3 - CITY" votes="10" />
                <Precinct name="4" votes="84" />
                <Precinct name="5" votes="56" />
            </VoteType>
            <VoteType name="Provisional" votes="1">
                <Precinct name="1A" votes="1" />
                <Precinct name="1B - COUNTY" votes="0" />
                <Precinct name="1B - CITY" votes="0" />
                <Precinct name="2 - COUNTY" votes="0" />
                <Precinct name="2 - CITY" votes="0" />
                <Precinct name="3 - COUNTY" votes="0" />
                <Precinct name="3 - CITY" votes="0" />
                <Precinct name="4" votes="0" />
                <Precinct name="5" votes="0" />
            </VoteType>
        </Choice>
    </Contest>
    <Contest key="290" text="Constitutional Amendment #3&lt;br&gt;Reforms and re-establishes the Judicial Qualifications Commission and provides for its composition, governance, and powers." isQuestion="false" precinctsReporting="9" precinctsReported="9">
        <VoteType name="Number of Precincts for Race" votes="9">
            <Precinct name="1A" votes="1" />
            <Precinct name="1B - COUNTY" votes="1" />
            <Precinct name="1B - CITY" votes="1" />
            <Precinct name="2 - COUNTY" votes="1" />
            <Precinct name="2 - CITY" votes="1" />
            <Precinct name="3 - COUNTY" votes="1" />
            <Precinct name="3 - CITY" votes="1" />
            <Precinct name="4" votes="1" />
            <Precinct name="5" votes="1" />
        </VoteType>
        <VoteType name="Number of Precincts Reporting" votes="9">
            <Precinct name="1A" votes="1" />
            <Precinct name="1B - COUNTY" votes="1" />
            <Precinct name="1B - CITY" votes="1" />
            <Precinct name="2 - COUNTY" votes="1" />
            <Precinct name="2 - CITY" votes="1" />
            <Precinct name="3 - COUNTY" votes="1" />
            <Precinct name="3 - CITY" votes="1" />
            <Precinct name="4" votes="1" />
            <Precinct name="5" votes="1" />
        </VoteType>
        <Choice key="10" text="YES" totalVotes="2779">
            <VoteType name="Election Day" votes="1248">
                <Precinct name="1A" votes="98" />
                <Precinct name="1B - COUNTY" votes="151" />
                <Precinct name="1B - CITY" votes="8" />
                <Precinct name="2 - COUNTY" votes="111" />
                <Precinct name="2 - CITY" votes="32" />
                <Precinct name="3 - COUNTY" votes="222" />
                <Precinct name="3 - CITY" votes="17" />
                <Precinct name="4" votes="281" />
                <Precinct name="5" votes="328" />
            </VoteType>
            <VoteType name="Absentee by Mail" votes="156">
                <Precinct name="1A" votes="5" />
                <Precinct name="1B - COUNTY" votes="19" />
                <Precinct name="1B - CITY" votes="0" />
                <Precinct name="2 - COUNTY" votes="38" />
                <Precinct name="2 - CITY" votes="8" />
                <Precinct name="3 - COUNTY" votes="24" />
                <Precinct name="3 - CITY" votes="2" />
                <Precinct name="4" votes="35" />
                <Precinct name="5" votes="25" />
            </VoteType>
            <VoteType name="Advance in Person" votes="1372">
                <Precinct name="1A" votes="52" />
                <Precinct name="1B - COUNTY" votes="144" />
                <Precinct name="1B - CITY" votes="2" />
                <Precinct name="2 - COUNTY" votes="278" />
                <Precinct name="2 - CITY" votes="55" />
                <Precinct name="3 - COUNTY" votes="307" />
                <Precinct name="3 - CITY" votes="25" />
                <Precinct name="4" votes="242" />
                <Precinct name="5" votes="267" />
            </VoteType>
            <VoteType name="Provisional" votes="3">
                <Precinct name="1A" votes="0" />
                <Precinct name="1B - COUNTY" votes="0" />
                <Precinct name="1B - CITY" votes="1" />
                <Precinct name="2 - COUNTY" votes="0" />
                <Precinct name="2 - CITY" votes="0" />
                <Precinct name="3 - COUNTY" votes="1" />
                <Precinct name="3 - CITY" votes="0" />
                <Precinct name="4" votes="1" />
                <Precinct name="5" votes="0" />
            </VoteType>
        </Choice>
        <Choice key="20" text="NO" totalVotes="1818">
            <VoteType name="Election Day" votes="778">
                <Precinct name="1A" votes="54" />
                <Precinct name="1B - COUNTY" votes="97" />
                <Precinct name="1B - CITY" votes="3" />
                <Precinct name="2 - COUNTY" votes="82" />
                <Precinct name="2 - CITY" votes="18" />
                <Precinct name="3 - COUNTY" votes="110" />
                <Precinct name="3 - CITY" votes="19" />
                <Precinct name="4" votes="200" />
                <Precinct name="5" votes="195" />
            </VoteType>
            <VoteType name="Absentee by Mail" votes="74">
                <Precinct name="1A" votes="7" />
                <Precinct name="1B - COUNTY" votes="14" />
                <Precinct name="1B - CITY" votes="0" />
                <Precinct name="2 - COUNTY" votes="10" />
                <Precinct name="2 - CITY" votes="4" />
                <Precinct name="3 - COUNTY" votes="14" />
                <Precinct name="3 - CITY" votes="1" />
                <Precinct name="4" votes="13" />
                <Precinct name="5" votes="11" />
            </VoteType>
            <VoteType name="Advance in Person" votes="965">
                <Precinct name="1A" votes="47" />
                <Precinct name="1B - COUNTY" votes="90" />
                <Precinct name="1B - CITY" votes="4" />
                <Precinct name="2 - COUNTY" votes="265" />
                <Precinct name="2 - CITY" votes="32" />
                <Precinct name="3 - COUNTY" votes="205" />
                <Precinct name="3 - CITY" votes="23" />
                <Precinct name="4" votes="168" />
                <Precinct name="5" votes="131" />
            </VoteType>
            <VoteType name="Provisional" votes="1">
                <Precinct name="1A" votes="1" />
                <Precinct name="1B - COUNTY" votes="0" />
                <Precinct name="1B - CITY" votes="0" />
                <Precinct name="2 - COUNTY" votes="0" />
                <Precinct name="2 - CITY" votes="0" />
                <Precinct name="3 - COUNTY" votes="0" />
                <Precinct name="3 - CITY" votes="0" />
                <Precinct name="4" votes="0" />
                <Precinct name="5" votes="0" />
            </VoteType>
        </Choice>
    </Contest>
    <Contest key="300" text="Constitutional Amendment #4&lt;br&gt;Dedicates revenue from existing taxes on fireworks to trauma care, fire services, and public safety." isQuestion="false" precinctsReporting="9" precinctsReported="9">
        <VoteType name="Number of Precincts for Race" votes="9">
            <Precinct name="1A" votes="1" />
            <Precinct name="1B - COUNTY" votes="1" />
            <Precinct name="1B - CITY" votes="1" />
            <Precinct name="2 - COUNTY" votes="1" />
            <Precinct name="2 - CITY" votes="1" />
            <Precinct name="3 - COUNTY" votes="1" />
            <Precinct name="3 - CITY" votes="1" />
            <Precinct name="4" votes="1" />
            <Precinct name="5" votes="1" />
        </VoteType>
        <VoteType name="Number of Precincts Reporting" votes="9">
            <Precinct name="1A" votes="1" />
            <Precinct name="1B - COUNTY" votes="1" />
            <Precinct name="1B - CITY" votes="1" />
            <Precinct name="2 - COUNTY" votes="1" />
            <Precinct name="2 - CITY" votes="1" />
            <Precinct name="3 - COUNTY" votes="1" />
            <Precinct name="3 - CITY" votes="1" />
            <Precinct name="4" votes="1" />
            <Precinct name="5" votes="1" />
        </VoteType>
        <Choice key="10" text="YES" totalVotes="3723">
            <VoteType name="Election Day" votes="1644">
                <Precinct name="1A" votes="123" />
                <Precinct name="1B - COUNTY" votes="178" />
                <Precinct name="1B - CITY" votes="8" />
                <Precinct name="2 - COUNTY" votes="153" />
                <Precinct name="2 - CITY" votes="40" />
                <Precinct name="3 - COUNTY" votes="286" />
                <Precinct name="3 - CITY" votes="29" />
                <Precinct name="4" votes="399" />
                <Precinct name="5" votes="428" />
            </VoteType>
            <VoteType name="Absentee by Mail" votes="212">
                <Precinct name="1A" votes="7" />
                <Precinct name="1B - COUNTY" votes="26" />
                <Precinct name="1B - CITY" votes="1" />
                <Precinct name="2 - COUNTY" votes="51" />
                <Precinct name="2 - CITY" votes="11" />
                <Precinct name="3 - COUNTY" votes="37" />
                <Precinct name="3 - CITY" votes="3" />
                <Precinct name="4" votes="43" />
                <Precinct name="5" votes="33" />
            </VoteType>
            <VoteType name="Advance in Person" votes="1863">
                <Precinct name="1A" votes="71" />
                <Precinct name="1B - COUNTY" votes="174" />
                <Precinct name="1B - CITY" votes="7" />
                <Precinct name="2 - COUNTY" votes="406" />
                <Precinct name="2 - CITY" votes="64" />
                <Precinct name="3 - COUNTY" votes="410" />
                <Precinct name="3 - CITY" votes="38" />
                <Precinct name="4" votes="359" />
                <Precinct name="5" votes="334" />
            </VoteType>
            <VoteType name="Provisional" votes="4">
                <Precinct name="1A" votes="1" />
                <Precinct name="1B - COUNTY" votes="0" />
                <Precinct name="1B - CITY" votes="1" />
                <Precinct name="2 - COUNTY" votes="0" />
                <Precinct name="2 - CITY" votes="0" />
                <Precinct name="3 - COUNTY" votes="1" />
                <Precinct name="3 - CITY" votes="0" />
                <Precinct name="4" votes="1" />
                <Precinct name="5" votes="0" />
            </VoteType>
        </Choice>
        <Choice key="20" text="NO" totalVotes="1127">
            <VoteType name="Election Day" votes="488">
                <Precinct name="1A" votes="31" />
                <Precinct name="1B - COUNTY" votes="78" />
                <Precinct name="1B - CITY" votes="3" />
                <Precinct name="2 - COUNTY" votes="52" />
                <Precinct name="2 - CITY" votes="12" />
                <Precinct name="3 - COUNTY" votes="69" />
                <Precinct name="3 - CITY" votes="11" />
                <Precinct name="4" votes="106" />
                <Precinct name="5" votes="126" />
            </VoteType>
            <VoteType name="Absentee by Mail" votes="33">
                <Precinct name="1A" votes="4" />
                <Precinct name="1B - COUNTY" votes="7" />
                <Precinct name="1B - CITY" votes="0" />
                <Precinct name="2 - COUNTY" votes="3" />
                <Precinct name="2 - CITY" votes="1" />
                <Precinct name="3 - COUNTY" votes="6" />
                <Precinct name="3 - CITY" votes="0" />
                <Precinct name="4" votes="8" />
                <Precinct name="5" votes="4" />
            </VoteType>
            <VoteType name="Advance in Person" votes="606">
                <Precinct name="1A" votes="32" />
                <Precinct name="1B - COUNTY" votes="75" />
                <Precinct name="1B - CITY" votes="0" />
                <Precinct name="2 - COUNTY" votes="174" />
                <Precinct name="2 - CITY" votes="26" />
                <Precinct name="3 - COUNTY" votes="124" />
                <Precinct name="3 - CITY" votes="14" />
                <Precinct name="4" votes="81" />
                <Precinct name="5" votes="80" />
            </VoteType>
            <VoteType name="Provisional" votes="0">
                <Precinct name="1A" votes="0" />
                <Precinct name="1B - COUNTY" votes="0" />
                <Precinct name="1B - CITY" votes="0" />
                <Precinct name="2 - COUNTY" votes="0" />
                <Precinct name="2 - CITY" votes="0" />
                <Precinct name="3 - COUNTY" votes="0" />
                <Precinct name="3 - CITY" votes="0" />
                <Precinct name="4" votes="0" />
                <Precinct name="5" votes="0" />
            </VoteType>
        </Choice>
    </Contest>
    <Contest key="310" text="REFERENDUMON ON THE CHARTER" isQuestion="false" precinctsReporting="9" precinctsReported="9">
        <VoteType name="Number of Precincts for Race" votes="9">
            <Precinct name="1A" votes="1" />
            <Precinct name="1B - COUNTY" votes="1" />
            <Precinct name="1B - CITY" votes="1" />
            <Precinct name="2 - COUNTY" votes="1" />
            <Precinct name="2 - CITY" votes="1" />
            <Precinct name="3 - COUNTY" votes="1" />
            <Precinct name="3 - CITY" votes="1" />
            <Precinct name="4" votes="1" />
            <Precinct name="5" votes="1" />
        </VoteType>
        <VoteType name="Number of Precincts Reporting" votes="9">
            <Precinct name="1A" votes="1" />
            <Precinct name="1B - COUNTY" votes="1" />
            <Precinct name="1B - CITY" votes="1" />
            <Precinct name="2 - COUNTY" votes="1" />
            <Precinct name="2 - CITY" votes="1" />
            <Precinct name="3 - COUNTY" votes="1" />
            <Precinct name="3 - CITY" votes="1" />
            <Precinct name="4" votes="1" />
            <Precinct name="5" votes="1" />
        </VoteType>
        <Choice key="10" text="YES" totalVotes="2520">
            <VoteType name="Election Day" votes="1148">
                <Precinct name="1A" votes="78" />
                <Precinct name="1B - COUNTY" votes="127" />
                <Precinct name="1B - CITY" votes="4" />
                <Precinct name="2 - COUNTY" votes="118" />
                <Precinct name="2 - CITY" votes="37" />
                <Precinct name="3 - COUNTY" votes="179" />
                <Precinct name="3 - CITY" votes="16" />
                <Precinct name="4" votes="294" />
                <Precinct name="5" votes="295" />
            </VoteType>
            <VoteType name="Absentee by Mail" votes="128">
                <Precinct name="1A" votes="7" />
                <Precinct name="1B - COUNTY" votes="10" />
                <Precinct name="1B - CITY" votes="0" />
                <Precinct name="2 - COUNTY" votes="26" />
                <Precinct name="2 - CITY" votes="6" />
                <Precinct name="3 - COUNTY" votes="20" />
                <Precinct name="3 - CITY" votes="1" />
                <Precinct name="4" votes="38" />
                <Precinct name="5" votes="20" />
            </VoteType>
            <VoteType name="Advance in Person" votes="1241">
                <Precinct name="1A" votes="48" />
                <Precinct name="1B - COUNTY" votes="109" />
                <Precinct name="1B - CITY" votes="2" />
                <Precinct name="2 - COUNTY" votes="277" />
                <Precinct name="2 - CITY" votes="40" />
                <Precinct name="3 - COUNTY" votes="280" />
                <Precinct name="3 - CITY" votes="28" />
                <Precinct name="4" votes="235" />
                <Precinct name="5" votes="222" />
            </VoteType>
            <VoteType name="Provisional" votes="3">
                <Precinct name="1A" votes="0" />
                <Precinct name="1B - COUNTY" votes="0" />
                <Precinct name="1B - CITY" votes="1" />
                <Precinct name="2 - COUNTY" votes="0" />
                <Precinct name="2 - CITY" votes="0" />
                <Precinct name="3 - COUNTY" votes="1" />
                <Precinct name="3 - CITY" votes="0" />
                <Precinct name="4" votes="1" />
                <Precinct name="5" votes="0" />
            </VoteType>
        </Choice>
        <Choice key="20" text="NO" totalVotes="2344">
            <VoteType name="Election Day" votes="988">
                <Precinct name="1A" votes="81" />
                <Precinct name="1B - COUNTY" votes="136" />
                <Precinct name="1B - CITY" votes="7" />
                <Precinct name="2 - COUNTY" votes="88" />
                <Precinct name="2 - CITY" votes="20" />
                <Precinct name="3 - COUNTY" votes="168" />
                <Precinct name="3 - CITY" votes="24" />
                <Precinct name="4" votes="211" />
                <Precinct name="5" votes="253" />
            </VoteType>
            <VoteType name="Absentee by Mail" votes="117">
                <Precinct name="1A" votes="5" />
                <Precinct name="1B - COUNTY" votes="24" />
                <Precinct name="1B - CITY" votes="0" />
                <Precinct name="2 - COUNTY" votes="28" />
                <Precinct name="2 - CITY" votes="6" />
                <Precinct name="3 - COUNTY" votes="22" />
                <Precinct name="3 - CITY" votes="2" />
                <Precinct name="4" votes="13" />
                <Precinct name="5" votes="17" />
            </VoteType>
            <VoteType name="Advance in Person" votes="1238">
                <Precinct name="1A" votes="57" />
                <Precinct name="1B - COUNTY" votes="142" />
                <Precinct name="1B - CITY" votes="5" />
                <Precinct name="2 - COUNTY" votes="311" />
                <Precinct name="2 - CITY" votes="54" />
                <Precinct name="3 - COUNTY" votes="261" />
                <Precinct name="3 - CITY" votes="27" />
                <Precinct name="4" votes="197" />
                <Precinct name="5" votes="184" />
            </VoteType>
            <VoteType name="Provisional" votes="1">
                <Precinct name="1A" votes="1" />
                <Precinct name="1B - COUNTY" votes="0" />
                <Precinct name="1B - CITY" votes="0" />
                <Precinct name="2 - COUNTY" votes="0" />
                <Precinct name="2 - CITY" votes="0" />
                <Precinct name="3 - COUNTY" votes="0" />
                <Precinct name="3 - CITY" votes="0" />
                <Precinct name="4" votes="0" />
                <Precinct name="5" votes="0" />
            </VoteType>
        </Choice>
    </Contest>
</ElectionResult>