"line number","contest name","choice name","party name","total votes","percent of votes","registered voters","ballots cast","num Precinct total","num Precinct rptg","over votes","under votes"
1,"President of the United States","DONALD J. TRUMP","",1472,77.11,2364,1929,1,1,"0","0"
2,"President of the United States","HILLARY CLINTON","",401,21.01,2364,1929,1,1,"0","0"
3,"President of the United States","GARY JOHNSON","",36,1.89,2364,1929,1,1,"0","0"
4,"United States Senator, Isakson","JOHNNY ISAKSON (I)","",1445,79.05,2364,1929,1,1,"0","0"
5,"United States Senator, Isakson","JIM BARKSDALE","",345,18.87,2364,1929,1,1,"0","0"
6,"United States Senator, Isakson","ALLEN BUCKLEY","",38,2.08,2364,1929,1,1,"0","0"
7,"Public Service Commission, District 2 - Eastern","TIM ECHOLS (I)","",1452,85.16,2364,1929,1,1,"0","0"
8,"Public Service Commission, District 2 - Eastern","ERIC HOSKINS","",253,14.84,2364,1929,1,1,"0","0"
9,"U.S. Representative, District 2","GREG DUKE","",1279,68.03,2364,1929,1,1,"0","0"
10,"U.S. Representative, District 2","SANFORD BISHOP (I)","",601,31.97,2364,1929,1,1,"0","0"
11,"State Senator, District 15","ED HARBISON (I)","",1210,100.00,2364,1929,1,1,"0","0"
12,"State Representative, District 138","MIKE CHEOKAS (I)","",1300,69.15,2364,1929,1,1,"0","0"
13,"State Representative, District 138","BILL MCGOWAN","",580,30.85,2364,1929,1,1,"0","0"
14,"District Attorney, Southwestern Circuit","PLEZ H. HARDIN (I)","",1579,100.00,2364,1929,1,1,"0","0"
15,"JUDGE, PROBATE COURT","M. E. WAY (I) R","",1706,100.00,2364,1929,1,1,"0","0"
16,"CLERK, SUPERIOR COURT","K. S. ROYAL (I) R","",1653,100.00,2364,1929,1,1,"0","0"
17,"SHERIFF","S. TONDEE (I) R","",1719,100.00,2364,1929,1,1,"0","0"
18,"TAX COMMISSIONER","P. G. REGISTER (I) R","",1704,100.00,2364,1929,1,1,"0","0"
19,"CORONER","D. L. BYRD (R)","",1629,100.00,2364,1929,1,1,"0","0"
20,"COUNTY COMM AT LARGE","G. BARINEAU (I) R","",1534,100.00,2364,1929,1,1,"0","0"
21,"CC, D2","B. BELCHER (R)","",205,51.90,536,415,1,1,"0","0"
22,"CC, D2","A. S. SMITH (I) D","",190,48.10,536,415,1,1,"0","0"
23,"CC, D3","B. MCCLELLAN (R)","",465,100.00,656,542,1,1,"0","0"
24,"BOE AT LARGE","R. J. WALL (R)","",1621,100.00,2364,1929,1,1,"0","0"
25,"BOE D2","C. ALDRIDGE SR (I) D","",319,100.00,536,415,1,1,"0","0"
26,"BOE D3","L. R. LUMPKIN (I) R","",451,100.00,656,542,1,1,"0","0"
27,"Constitutional Amendment #1<br>Provides greater flexibility and state accountability to fix failing schools through increasing community involvement.","YES","",613,33.33,2364,1929,1,1,"0","0"
28,"Constitutional Amendment #1<br>Provides greater flexibility and state accountability to fix failing schools through increasing community involvement.","NO","",1226,66.67,2364,1929,1,1,"0","0"
29,"Constitutional Amendment #2<br>Authorizes penalties for sexual exploitation and assessments on adult entertainment to fund child victims' services.","YES","",1456,80.84,2364,1929,1,1,"0","0"
30,"Constitutional Amendment #2<br>Authorizes penalties for sexual exploitation and assessments on adult entertainment to fund child victims' services.","NO","",345,19.16,2364,1929,1,1,"0","0"
31,"Constitutional Amendment #3<br>Reforms and re-establishes the Judicial Qualifications Commission and provides for its composition, governance, and powers.","YES","",985,58.49,2364,1929,1,1,"0","0"
32,"Constitutional Amendment #3<br>Reforms and re-establishes the Judicial Qualifications Commission and provides for its composition, governance, and powers.","NO","",699,41.51,2364,1929,1,1,"0","0"
33,"Constitutional Amendment #4<br>Dedicates revenue from existing taxes on fireworks to trauma care, fire services, and public safety.","YES","",1383,77.39,2364,1929,1,1,"0","0"
34,"Constitutional Amendment #4<br>Dedicates revenue from existing taxes on fireworks to trauma care, fire services, and public safety.","NO","",404,22.61,2364,1929,1,1,"0","0"
