<?xml version="1.0"?>
<!--Election result snapshot imported from Tabulation System
-->
<ElectionResult>
    <Timestamp>11/14/2016 12:47:40 PM EST</Timestamp>
    <ElectionName>November 8, 2016 - General Election</ElectionName>
    <ElectionDate>11/8/2016</ElectionDate>
    <Region>Morgan</Region>
    <VoterTurnout totalVoters="11471" ballotsCast="9582" voterTurnout="83.53">
        <Precincts>
            <Precinct name="Northeast Morgan" totalVoters="2295" ballotsCast="1851" voterTurnout="80.65" percentReporting="4" />
            <Precinct name="East Morgan" totalVoters="1608" ballotsCast="1371" voterTurnout="85.26" percentReporting="4" />
            <Precinct name="Beth/Springfield" totalVoters="666" ballotsCast="568" voterTurnout="85.29" percentReporting="4" />
            <Precinct name="Central Morgan" totalVoters="2284" ballotsCast="1880" voterTurnout="82.31" percentReporting="4" />
            <Precinct name="Clacks Chapel" totalVoters="560" ballotsCast="488" voterTurnout="87.14" percentReporting="4" />
            <Precinct name="West Morgan" totalVoters="2001" ballotsCast="1707" voterTurnout="85.31" percentReporting="4" />
            <Precinct name="North Morgan" totalVoters="2057" ballotsCast="1717" voterTurnout="83.47" percentReporting="4" />
        </Precincts>
    </VoterTurnout>
    <Contest key="1" text="President of the United States" isQuestion="false" precinctsReporting="7" precinctsReported="7">
        <VoteType name="Number of Precincts for Race" votes="7">
            <Precinct name="Northeast Morgan" votes="1" />
            <Precinct name="East Morgan" votes="1" />
            <Precinct name="Beth/Springfield" votes="1" />
            <Precinct name="Central Morgan" votes="1" />
            <Precinct name="Clacks Chapel" votes="1" />
            <Precinct name="West Morgan" votes="1" />
            <Precinct name="North Morgan" votes="1" />
        </VoteType>
        <VoteType name="Number of Precincts Reporting" votes="7">
            <Precinct name="Northeast Morgan" votes="1" />
            <Precinct name="East Morgan" votes="1" />
            <Precinct name="Beth/Springfield" votes="1" />
            <Precinct name="Central Morgan" votes="1" />
            <Precinct name="Clacks Chapel" votes="1" />
            <Precinct name="West Morgan" votes="1" />
            <Precinct name="North Morgan" votes="1" />
        </VoteType>
        <Choice key="10" text="DONALD J. TRUMP" totalVotes="6559">
            <VoteType name="Election Day" votes="2449">
                <Precinct name="Northeast Morgan" votes="164" />
                <Precinct name="East Morgan" votes="422" />
                <Precinct name="Beth/Springfield" votes="205" />
                <Precinct name="Central Morgan" votes="312" />
                <Precinct name="Clacks Chapel" votes="201" />
                <Precinct name="West Morgan" votes="543" />
                <Precinct name="North Morgan" votes="602" />
            </VoteType>
            <VoteType name="Absentee by Mail" votes="220">
                <Precinct name="Northeast Morgan" votes="33" />
                <Precinct name="East Morgan" votes="29" />
                <Precinct name="Beth/Springfield" votes="17" />
                <Precinct name="Central Morgan" votes="57" />
                <Precinct name="Clacks Chapel" votes="8" />
                <Precinct name="West Morgan" votes="38" />
                <Precinct name="North Morgan" votes="38" />
            </VoteType>
            <VoteType name="Advance in Person" votes="3888">
                <Precinct name="Northeast Morgan" votes="547" />
                <Precinct name="East Morgan" votes="571" />
                <Precinct name="Beth/Springfield" votes="206" />
                <Precinct name="Central Morgan" votes="976" />
                <Precinct name="Clacks Chapel" votes="203" />
                <Precinct name="West Morgan" votes="749" />
                <Precinct name="North Morgan" votes="636" />
            </VoteType>
            <VoteType name="Provisional" votes="2">
                <Precinct name="Northeast Morgan" votes="0" />
                <Precinct name="East Morgan" votes="0" />
                <Precinct name="Beth/Springfield" votes="2" />
                <Precinct name="Central Morgan" votes="0" />
                <Precinct name="Clacks Chapel" votes="0" />
                <Precinct name="West Morgan" votes="0" />
                <Precinct name="North Morgan" votes="0" />
            </VoteType>
        </Choice>
        <Choice key="20" text="HILLARY CLINTON" totalVotes="2663">
            <VoteType name="Election Day" votes="958">
                <Precinct name="Northeast Morgan" votes="337" />
                <Precinct name="East Morgan" votes="103" />
                <Precinct name="Beth/Springfield" votes="53" />
                <Precinct name="Central Morgan" votes="129" />
                <Precinct name="Clacks Chapel" votes="24" />
                <Precinct name="West Morgan" votes="160" />
                <Precinct name="North Morgan" votes="152" />
            </VoteType>
            <VoteType name="Absentee by Mail" votes="161">
                <Precinct name="Northeast Morgan" votes="48" />
                <Precinct name="East Morgan" votes="18" />
                <Precinct name="Beth/Springfield" votes="7" />
                <Precinct name="Central Morgan" votes="36" />
                <Precinct name="Clacks Chapel" votes="4" />
                <Precinct name="West Morgan" votes="19" />
                <Precinct name="North Morgan" votes="29" />
            </VoteType>
            <VoteType name="Advance in Person" votes="1541">
                <Precinct name="Northeast Morgan" votes="639" />
                <Precinct name="East Morgan" votes="177" />
                <Precinct name="Beth/Springfield" votes="52" />
                <Precinct name="Central Morgan" votes="296" />
                <Precinct name="Clacks Chapel" votes="35" />
                <Precinct name="West Morgan" votes="147" />
                <Precinct name="North Morgan" votes="195" />
            </VoteType>
            <VoteType name="Provisional" votes="3">
                <Precinct name="Northeast Morgan" votes="2" />
                <Precinct name="East Morgan" votes="0" />
                <Precinct name="Beth/Springfield" votes="0" />
                <Precinct name="Central Morgan" votes="0" />
                <Precinct name="Clacks Chapel" votes="0" />
                <Precinct name="West Morgan" votes="1" />
                <Precinct name="North Morgan" votes="0" />
            </VoteType>
        </Choice>
        <Choice key="30" text="GARY JOHNSON" totalVotes="218">
            <VoteType name="Election Day" votes="104">
                <Precinct name="Northeast Morgan" votes="15" />
                <Precinct name="East Morgan" votes="10" />
                <Precinct name="Beth/Springfield" votes="10" />
                <Precinct name="Central Morgan" votes="19" />
                <Precinct name="Clacks Chapel" votes="8" />
                <Precinct name="West Morgan" votes="13" />
                <Precinct name="North Morgan" votes="29" />
            </VoteType>
            <VoteType name="Absentee by Mail" votes="11">
                <Precinct name="Northeast Morgan" votes="0" />
                <Precinct name="East Morgan" votes="3" />
                <Precinct name="Beth/Springfield" votes="0" />
                <Precinct name="Central Morgan" votes="6" />
                <Precinct name="Clacks Chapel" votes="0" />
                <Precinct name="West Morgan" votes="1" />
                <Precinct name="North Morgan" votes="1" />
            </VoteType>
            <VoteType name="Advance in Person" votes="103">
                <Precinct name="Northeast Morgan" votes="30" />
                <Precinct name="East Morgan" votes="16" />
                <Precinct name="Beth/Springfield" votes="5" />
                <Precinct name="Central Morgan" votes="18" />
                <Precinct name="Clacks Chapel" votes="3" />
                <Precinct name="West Morgan" votes="15" />
                <Precinct name="North Morgan" votes="16" />
            </VoteType>
            <VoteType name="Provisional" votes="0">
                <Precinct name="Northeast Morgan" votes="0" />
                <Precinct name="East Morgan" votes="0" />
                <Precinct name="Beth/Springfield" votes="0" />
                <Precinct name="Central Morgan" votes="0" />
                <Precinct name="Clacks Chapel" votes="0" />
                <Precinct name="West Morgan" votes="0" />
                <Precinct name="North Morgan" votes="0" />
            </VoteType>
        </Choice>
    </Contest>
    <Contest key="10" text="United States Senator, Isakson" isQuestion="false" precinctsReporting="7" precinctsReported="7">
        <VoteType name="Number of Precincts for Race" votes="7">
            <Precinct name="Northeast Morgan" votes="1" />
            <Precinct name="East Morgan" votes="1" />
            <Precinct name="Beth/Springfield" votes="1" />
            <Precinct name="Central Morgan" votes="1" />
            <Precinct name="Clacks Chapel" votes="1" />
            <Precinct name="West Morgan" votes="1" />
            <Precinct name="North Morgan" votes="1" />
        </VoteType>
        <VoteType name="Number of Precincts Reporting" votes="7">
            <Precinct name="Northeast Morgan" votes="1" />
            <Precinct name="East Morgan" votes="1" />
            <Precinct name="Beth/Springfield" votes="1" />
            <Precinct name="Central Morgan" votes="1" />
            <Precinct name="Clacks Chapel" votes="1" />
            <Precinct name="West Morgan" votes="1" />
            <Precinct name="North Morgan" votes="1" />
        </VoteType>
        <Choice key="10" text="JOHNNY ISAKSON (I)" totalVotes="6533">
            <VoteType name="Election Day" votes="2444">
                <Precinct name="Northeast Morgan" votes="209" />
                <Precinct name="East Morgan" votes="416" />
                <Precinct name="Beth/Springfield" votes="194" />
                <Precinct name="Central Morgan" votes="316" />
                <Precinct name="Clacks Chapel" votes="195" />
                <Precinct name="West Morgan" votes="522" />
                <Precinct name="North Morgan" votes="592" />
            </VoteType>
            <VoteType name="Absentee by Mail" votes="235">
                <Precinct name="Northeast Morgan" votes="37" />
                <Precinct name="East Morgan" votes="36" />
                <Precinct name="Beth/Springfield" votes="18" />
                <Precinct name="Central Morgan" votes="60" />
                <Precinct name="Clacks Chapel" votes="9" />
                <Precinct name="West Morgan" votes="38" />
                <Precinct name="North Morgan" votes="37" />
            </VoteType>
            <VoteType name="Advance in Person" votes="3853">
                <Precinct name="Northeast Morgan" votes="602" />
                <Precinct name="East Morgan" votes="563" />
                <Precinct name="Beth/Springfield" votes="193" />
                <Precinct name="Central Morgan" votes="962" />
                <Precinct name="Clacks Chapel" votes="188" />
                <Precinct name="West Morgan" votes="720" />
                <Precinct name="North Morgan" votes="625" />
            </VoteType>
            <VoteType name="Provisional" votes="1">
                <Precinct name="Northeast Morgan" votes="0" />
                <Precinct name="East Morgan" votes="0" />
                <Precinct name="Beth/Springfield" votes="1" />
                <Precinct name="Central Morgan" votes="0" />
                <Precinct name="Clacks Chapel" votes="0" />
                <Precinct name="West Morgan" votes="0" />
                <Precinct name="North Morgan" votes="0" />
            </VoteType>
        </Choice>
        <Choice key="20" text="JIM BARKSDALE" totalVotes="2216">
            <VoteType name="Election Day" votes="803">
                <Precinct name="Northeast Morgan" votes="268" />
                <Precinct name="East Morgan" votes="82" />
                <Precinct name="Beth/Springfield" votes="51" />
                <Precinct name="Central Morgan" votes="110" />
                <Precinct name="Clacks Chapel" votes="21" />
                <Precinct name="West Morgan" votes="136" />
                <Precinct name="North Morgan" votes="135" />
            </VoteType>
            <VoteType name="Absentee by Mail" votes="135">
                <Precinct name="Northeast Morgan" votes="43" />
                <Precinct name="East Morgan" votes="13" />
                <Precinct name="Beth/Springfield" votes="7" />
                <Precinct name="Central Morgan" votes="30" />
                <Precinct name="Clacks Chapel" votes="3" />
                <Precinct name="West Morgan" votes="14" />
                <Precinct name="North Morgan" votes="25" />
            </VoteType>
            <VoteType name="Advance in Person" votes="1275">
                <Precinct name="Northeast Morgan" votes="508" />
                <Precinct name="East Morgan" votes="139" />
                <Precinct name="Beth/Springfield" votes="44" />
                <Precinct name="Central Morgan" votes="247" />
                <Precinct name="Clacks Chapel" votes="35" />
                <Precinct name="West Morgan" votes="128" />
                <Precinct name="North Morgan" votes="174" />
            </VoteType>
            <VoteType name="Provisional" votes="3">
                <Precinct name="Northeast Morgan" votes="2" />
                <Precinct name="East Morgan" votes="0" />
                <Precinct name="Beth/Springfield" votes="0" />
                <Precinct name="Central Morgan" votes="0" />
                <Precinct name="Clacks Chapel" votes="0" />
                <Precinct name="West Morgan" votes="1" />
                <Precinct name="North Morgan" votes="0" />
            </VoteType>
        </Choice>
        <Choice key="30" text="ALLEN BUCKLEY" totalVotes="319">
            <VoteType name="Election Day" votes="133">
                <Precinct name="Northeast Morgan" votes="11" />
                <Precinct name="East Morgan" votes="21" />
                <Precinct name="Beth/Springfield" votes="12" />
                <Precinct name="Central Morgan" votes="20" />
                <Precinct name="Clacks Chapel" votes="9" />
                <Precinct name="West Morgan" votes="29" />
                <Precinct name="North Morgan" votes="31" />
            </VoteType>
            <VoteType name="Absentee by Mail" votes="13">
                <Precinct name="Northeast Morgan" votes="2" />
                <Precinct name="East Morgan" votes="0" />
                <Precinct name="Beth/Springfield" votes="1" />
                <Precinct name="Central Morgan" votes="4" />
                <Precinct name="Clacks Chapel" votes="0" />
                <Precinct name="West Morgan" votes="2" />
                <Precinct name="North Morgan" votes="4" />
            </VoteType>
            <VoteType name="Advance in Person" votes="173">
                <Precinct name="Northeast Morgan" votes="38" />
                <Precinct name="East Morgan" votes="25" />
                <Precinct name="Beth/Springfield" votes="12" />
                <Precinct name="Central Morgan" votes="39" />
                <Precinct name="Clacks Chapel" votes="6" />
                <Precinct name="West Morgan" votes="34" />
                <Precinct name="North Morgan" votes="19" />
            </VoteType>
            <VoteType name="Provisional" votes="0">
                <Precinct name="Northeast Morgan" votes="0" />
                <Precinct name="East Morgan" votes="0" />
                <Precinct name="Beth/Springfield" votes="0" />
                <Precinct name="Central Morgan" votes="0" />
                <Precinct name="Clacks Chapel" votes="0" />
                <Precinct name="West Morgan" votes="0" />
                <Precinct name="North Morgan" votes="0" />
            </VoteType>
        </Choice>
    </Contest>
    <Contest key="30" text="Public Service Commission, District 2 - Eastern" isQuestion="false" precinctsReporting="7" precinctsReported="7">
        <VoteType name="Number of Precincts for Race" votes="7">
            <Precinct name="Northeast Morgan" votes="1" />
            <Precinct name="East Morgan" votes="1" />
            <Precinct name="Beth/Springfield" votes="1" />
            <Precinct name="Central Morgan" votes="1" />
            <Precinct name="Clacks Chapel" votes="1" />
            <Precinct name="West Morgan" votes="1" />
            <Precinct name="North Morgan" votes="1" />
        </VoteType>
        <VoteType name="Number of Precincts Reporting" votes="7">
            <Precinct name="Northeast Morgan" votes="1" />
            <Precinct name="East Morgan" votes="1" />
            <Precinct name="Beth/Springfield" votes="1" />
            <Precinct name="Central Morgan" votes="1" />
            <Precinct name="Clacks Chapel" votes="1" />
            <Precinct name="West Morgan" votes="1" />
            <Precinct name="North Morgan" votes="1" />
        </VoteType>
        <Choice key="10" text="TIM ECHOLS (I)" totalVotes="6924">
            <VoteType name="Election Day" votes="2577">
                <Precinct name="Northeast Morgan" votes="269" />
                <Precinct name="East Morgan" votes="420" />
                <Precinct name="Beth/Springfield" votes="205" />
                <Precinct name="Central Morgan" votes="341" />
                <Precinct name="Clacks Chapel" votes="197" />
                <Precinct name="West Morgan" votes="554" />
                <Precinct name="North Morgan" votes="591" />
            </VoteType>
            <VoteType name="Absentee by Mail" votes="266">
                <Precinct name="Northeast Morgan" votes="47" />
                <Precinct name="East Morgan" votes="34" />
                <Precinct name="Beth/Springfield" votes="22" />
                <Precinct name="Central Morgan" votes="71" />
                <Precinct name="Clacks Chapel" votes="8" />
                <Precinct name="West Morgan" votes="39" />
                <Precinct name="North Morgan" votes="45" />
            </VoteType>
            <VoteType name="Advance in Person" votes="4078">
                <Precinct name="Northeast Morgan" votes="686" />
                <Precinct name="East Morgan" votes="600" />
                <Precinct name="Beth/Springfield" votes="204" />
                <Precinct name="Central Morgan" votes="1009" />
                <Precinct name="Clacks Chapel" votes="206" />
                <Precinct name="West Morgan" votes="732" />
                <Precinct name="North Morgan" votes="641" />
            </VoteType>
            <VoteType name="Provisional" votes="3">
                <Precinct name="Northeast Morgan" votes="1" />
                <Precinct name="East Morgan" votes="0" />
                <Precinct name="Beth/Springfield" votes="1" />
                <Precinct name="Central Morgan" votes="0" />
                <Precinct name="Clacks Chapel" votes="0" />
                <Precinct name="West Morgan" votes="1" />
                <Precinct name="North Morgan" votes="0" />
            </VoteType>
        </Choice>
        <Choice key="20" text="ERIC HOSKINS" totalVotes="1661">
            <VoteType name="Election Day" votes="668">
                <Precinct name="Northeast Morgan" votes="175" />
                <Precinct name="East Morgan" votes="80" />
                <Precinct name="Beth/Springfield" votes="46" />
                <Precinct name="Central Morgan" votes="89" />
                <Precinct name="Clacks Chapel" votes="24" />
                <Precinct name="West Morgan" votes="115" />
                <Precinct name="North Morgan" votes="139" />
            </VoteType>
            <VoteType name="Absentee by Mail" votes="79">
                <Precinct name="Northeast Morgan" votes="22" />
                <Precinct name="East Morgan" votes="11" />
                <Precinct name="Beth/Springfield" votes="2" />
                <Precinct name="Central Morgan" votes="15" />
                <Precinct name="Clacks Chapel" votes="3" />
                <Precinct name="West Morgan" votes="13" />
                <Precinct name="North Morgan" votes="13" />
            </VoteType>
            <VoteType name="Advance in Person" votes="913">
                <Precinct name="Northeast Morgan" votes="315" />
                <Precinct name="East Morgan" votes="112" />
                <Precinct name="Beth/Springfield" votes="39" />
                <Precinct name="Central Morgan" votes="184" />
                <Precinct name="Clacks Chapel" votes="22" />
                <Precinct name="West Morgan" votes="115" />
                <Precinct name="North Morgan" votes="126" />
            </VoteType>
            <VoteType name="Provisional" votes="1">
                <Precinct name="Northeast Morgan" votes="1" />
                <Precinct name="East Morgan" votes="0" />
                <Precinct name="Beth/Springfield" votes="0" />
                <Precinct name="Central Morgan" votes="0" />
                <Precinct name="Clacks Chapel" votes="0" />
                <Precinct name="West Morgan" votes="0" />
                <Precinct name="North Morgan" votes="0" />
            </VoteType>
        </Choice>
    </Contest>
    <Contest key="50" text="U.S. Representative, District 10" isQuestion="false" precinctsReporting="7" precinctsReported="7">
        <VoteType name="Number of Precincts for Race" votes="7">
            <Precinct name="Northeast Morgan" votes="1" />
            <Precinct name="East Morgan" votes="1" />
            <Precinct name="Beth/Springfield" votes="1" />
            <Precinct name="Central Morgan" votes="1" />
            <Precinct name="Clacks Chapel" votes="1" />
            <Precinct name="West Morgan" votes="1" />
            <Precinct name="North Morgan" votes="1" />
        </VoteType>
        <VoteType name="Number of Precincts Reporting" votes="7">
            <Precinct name="Northeast Morgan" votes="1" />
            <Precinct name="East Morgan" votes="1" />
            <Precinct name="Beth/Springfield" votes="1" />
            <Precinct name="Central Morgan" votes="1" />
            <Precinct name="Clacks Chapel" votes="1" />
            <Precinct name="West Morgan" votes="1" />
            <Precinct name="North Morgan" votes="1" />
        </VoteType>
        <Choice key="10" text="JODY HICE (I)" totalVotes="7901">
            <VoteType name="Election Day" votes="3024">
                <Precinct name="Northeast Morgan" votes="385" />
                <Precinct name="East Morgan" votes="477" />
                <Precinct name="Beth/Springfield" votes="237" />
                <Precinct name="Central Morgan" votes="396" />
                <Precinct name="Clacks Chapel" votes="214" />
                <Precinct name="West Morgan" votes="632" />
                <Precinct name="North Morgan" votes="683" />
            </VoteType>
            <VoteType name="Absentee by Mail" votes="309">
                <Precinct name="Northeast Morgan" votes="57" />
                <Precinct name="East Morgan" votes="40" />
                <Precinct name="Beth/Springfield" votes="23" />
                <Precinct name="Central Morgan" votes="79" />
                <Precinct name="Clacks Chapel" votes="9" />
                <Precinct name="West Morgan" votes="46" />
                <Precinct name="North Morgan" votes="55" />
            </VoteType>
            <VoteType name="Advance in Person" votes="4564">
                <Precinct name="Northeast Morgan" votes="854" />
                <Precinct name="East Morgan" votes="659" />
                <Precinct name="Beth/Springfield" votes="222" />
                <Precinct name="Central Morgan" votes="1103" />
                <Precinct name="Clacks Chapel" votes="218" />
                <Precinct name="West Morgan" votes="799" />
                <Precinct name="North Morgan" votes="709" />
            </VoteType>
            <VoteType name="Provisional" votes="4">
                <Precinct name="Northeast Morgan" votes="2" />
                <Precinct name="East Morgan" votes="0" />
                <Precinct name="Beth/Springfield" votes="1" />
                <Precinct name="Central Morgan" votes="0" />
                <Precinct name="Clacks Chapel" votes="0" />
                <Precinct name="West Morgan" votes="1" />
                <Precinct name="North Morgan" votes="0" />
            </VoteType>
        </Choice>
    </Contest>
    <Contest key="70" text="State Senator, District 25" isQuestion="false" precinctsReporting="7" precinctsReported="7">
        <VoteType name="Number of Precincts for Race" votes="7">
            <Precinct name="Northeast Morgan" votes="1" />
            <Precinct name="East Morgan" votes="1" />
            <Precinct name="Beth/Springfield" votes="1" />
            <Precinct name="Central Morgan" votes="1" />
            <Precinct name="Clacks Chapel" votes="1" />
            <Precinct name="West Morgan" votes="1" />
            <Precinct name="North Morgan" votes="1" />
        </VoteType>
        <VoteType name="Number of Precincts Reporting" votes="7">
            <Precinct name="Northeast Morgan" votes="1" />
            <Precinct name="East Morgan" votes="1" />
            <Precinct name="Beth/Springfield" votes="1" />
            <Precinct name="Central Morgan" votes="1" />
            <Precinct name="Clacks Chapel" votes="1" />
            <Precinct name="West Morgan" votes="1" />
            <Precinct name="North Morgan" votes="1" />
        </VoteType>
        <Choice key="10" text="BURT JONES (I)" totalVotes="7857">
            <VoteType name="Election Day" votes="2994">
                <Precinct name="Northeast Morgan" votes="387" />
                <Precinct name="East Morgan" votes="477" />
                <Precinct name="Beth/Springfield" votes="230" />
                <Precinct name="Central Morgan" votes="395" />
                <Precinct name="Clacks Chapel" votes="215" />
                <Precinct name="West Morgan" votes="622" />
                <Precinct name="North Morgan" votes="668" />
            </VoteType>
            <VoteType name="Absentee by Mail" votes="299">
                <Precinct name="Northeast Morgan" votes="56" />
                <Precinct name="East Morgan" votes="38" />
                <Precinct name="Beth/Springfield" votes="22" />
                <Precinct name="Central Morgan" votes="79" />
                <Precinct name="Clacks Chapel" votes="9" />
                <Precinct name="West Morgan" votes="43" />
                <Precinct name="North Morgan" votes="52" />
            </VoteType>
            <VoteType name="Advance in Person" votes="4560">
                <Precinct name="Northeast Morgan" votes="852" />
                <Precinct name="East Morgan" votes="661" />
                <Precinct name="Beth/Springfield" votes="222" />
                <Precinct name="Central Morgan" votes="1111" />
                <Precinct name="Clacks Chapel" votes="220" />
                <Precinct name="West Morgan" votes="797" />
                <Precinct name="North Morgan" votes="697" />
            </VoteType>
            <VoteType name="Provisional" votes="4">
                <Precinct name="Northeast Morgan" votes="2" />
                <Precinct name="East Morgan" votes="0" />
                <Precinct name="Beth/Springfield" votes="1" />
                <Precinct name="Central Morgan" votes="0" />
                <Precinct name="Clacks Chapel" votes="0" />
                <Precinct name="West Morgan" votes="1" />
                <Precinct name="North Morgan" votes="0" />
            </VoteType>
        </Choice>
    </Contest>
    <Contest key="90" text="State Representative, District 112" isQuestion="false" precinctsReporting="7" precinctsReported="7">
        <VoteType name="Number of Precincts for Race" votes="7">
            <Precinct name="Northeast Morgan" votes="1" />
            <Precinct name="East Morgan" votes="1" />
            <Precinct name="Beth/Springfield" votes="1" />
            <Precinct name="Central Morgan" votes="1" />
            <Precinct name="Clacks Chapel" votes="1" />
            <Precinct name="West Morgan" votes="1" />
            <Precinct name="North Morgan" votes="1" />
        </VoteType>
        <VoteType name="Number of Precincts Reporting" votes="7">
            <Precinct name="Northeast Morgan" votes="1" />
            <Precinct name="East Morgan" votes="1" />
            <Precinct name="Beth/Springfield" votes="1" />
            <Precinct name="Central Morgan" votes="1" />
            <Precinct name="Clacks Chapel" votes="1" />
            <Precinct name="West Morgan" votes="1" />
            <Precinct name="North Morgan" votes="1" />
        </VoteType>
        <Choice key="10" text="DAVE BELTON (I) (REP)" totalVotes="7864">
            <VoteType name="Election Day" votes="2979">
                <Precinct name="Northeast Morgan" votes="381" />
                <Precinct name="East Morgan" votes="469" />
                <Precinct name="Beth/Springfield" votes="232" />
                <Precinct name="Central Morgan" votes="391" />
                <Precinct name="Clacks Chapel" votes="215" />
                <Precinct name="West Morgan" votes="628" />
                <Precinct name="North Morgan" votes="663" />
            </VoteType>
            <VoteType name="Absentee by Mail" votes="308">
                <Precinct name="Northeast Morgan" votes="57" />
                <Precinct name="East Morgan" votes="39" />
                <Precinct name="Beth/Springfield" votes="23" />
                <Precinct name="Central Morgan" votes="79" />
                <Precinct name="Clacks Chapel" votes="8" />
                <Precinct name="West Morgan" votes="47" />
                <Precinct name="North Morgan" votes="55" />
            </VoteType>
            <VoteType name="Advance in Person" votes="4573">
                <Precinct name="Northeast Morgan" votes="858" />
                <Precinct name="East Morgan" votes="658" />
                <Precinct name="Beth/Springfield" votes="223" />
                <Precinct name="Central Morgan" votes="1114" />
                <Precinct name="Clacks Chapel" votes="217" />
                <Precinct name="West Morgan" votes="802" />
                <Precinct name="North Morgan" votes="701" />
            </VoteType>
            <VoteType name="Provisional" votes="4">
                <Precinct name="Northeast Morgan" votes="2" />
                <Precinct name="East Morgan" votes="0" />
                <Precinct name="Beth/Springfield" votes="1" />
                <Precinct name="Central Morgan" votes="0" />
                <Precinct name="Clacks Chapel" votes="0" />
                <Precinct name="West Morgan" votes="1" />
                <Precinct name="North Morgan" votes="0" />
            </VoteType>
        </Choice>
    </Contest>
    <Contest key="110" text="District Attorney, Ocmulgee Circuit" isQuestion="false" precinctsReporting="7" precinctsReported="7">
        <VoteType name="Number of Precincts for Race" votes="7">
            <Precinct name="Northeast Morgan" votes="1" />
            <Precinct name="East Morgan" votes="1" />
            <Precinct name="Beth/Springfield" votes="1" />
            <Precinct name="Central Morgan" votes="1" />
            <Precinct name="Clacks Chapel" votes="1" />
            <Precinct name="West Morgan" votes="1" />
            <Precinct name="North Morgan" votes="1" />
        </VoteType>
        <VoteType name="Number of Precincts Reporting" votes="7">
            <Precinct name="Northeast Morgan" votes="1" />
            <Precinct name="East Morgan" votes="1" />
            <Precinct name="Beth/Springfield" votes="1" />
            <Precinct name="Central Morgan" votes="1" />
            <Precinct name="Clacks Chapel" votes="1" />
            <Precinct name="West Morgan" votes="1" />
            <Precinct name="North Morgan" votes="1" />
        </VoteType>
        <Choice key="10" text="STEPHEN BRADLEY (I)" totalVotes="7778">
            <VoteType name="Election Day" votes="2961">
                <Precinct name="Northeast Morgan" votes="383" />
                <Precinct name="East Morgan" votes="469" />
                <Precinct name="Beth/Springfield" votes="230" />
                <Precinct name="Central Morgan" votes="381" />
                <Precinct name="Clacks Chapel" votes="215" />
                <Precinct name="West Morgan" votes="626" />
                <Precinct name="North Morgan" votes="657" />
            </VoteType>
            <VoteType name="Absentee by Mail" votes="302">
                <Precinct name="Northeast Morgan" votes="58" />
                <Precinct name="East Morgan" votes="37" />
                <Precinct name="Beth/Springfield" votes="21" />
                <Precinct name="Central Morgan" votes="78" />
                <Precinct name="Clacks Chapel" votes="9" />
                <Precinct name="West Morgan" votes="46" />
                <Precinct name="North Morgan" votes="53" />
            </VoteType>
            <VoteType name="Advance in Person" votes="4511">
                <Precinct name="Northeast Morgan" votes="845" />
                <Precinct name="East Morgan" votes="654" />
                <Precinct name="Beth/Springfield" votes="214" />
                <Precinct name="Central Morgan" votes="1098" />
                <Precinct name="Clacks Chapel" votes="215" />
                <Precinct name="West Morgan" votes="789" />
                <Precinct name="North Morgan" votes="696" />
            </VoteType>
            <VoteType name="Provisional" votes="4">
                <Precinct name="Northeast Morgan" votes="2" />
                <Precinct name="East Morgan" votes="0" />
                <Precinct name="Beth/Springfield" votes="1" />
                <Precinct name="Central Morgan" votes="0" />
                <Precinct name="Clacks Chapel" votes="0" />
                <Precinct name="West Morgan" votes="1" />
                <Precinct name="North Morgan" votes="0" />
            </VoteType>
        </Choice>
    </Contest>
    <Contest key="300" text="Superior Court Clerk" isQuestion="false" precinctsReporting="7" precinctsReported="7">
        <VoteType name="Number of Precincts for Race" votes="7">
            <Precinct name="Northeast Morgan" votes="1" />
            <Precinct name="East Morgan" votes="1" />
            <Precinct name="Beth/Springfield" votes="1" />
            <Precinct name="Central Morgan" votes="1" />
            <Precinct name="Clacks Chapel" votes="1" />
            <Precinct name="West Morgan" votes="1" />
            <Precinct name="North Morgan" votes="1" />
        </VoteType>
        <VoteType name="Number of Precincts Reporting" votes="7">
            <Precinct name="Northeast Morgan" votes="1" />
            <Precinct name="East Morgan" votes="1" />
            <Precinct name="Beth/Springfield" votes="1" />
            <Precinct name="Central Morgan" votes="1" />
            <Precinct name="Clacks Chapel" votes="1" />
            <Precinct name="West Morgan" votes="1" />
            <Precinct name="North Morgan" votes="1" />
        </VoteType>
        <Choice key="10" text="J. MOSS (I)(R)" totalVotes="8167">
            <VoteType name="Election Day" votes="3088">
                <Precinct name="Northeast Morgan" votes="420" />
                <Precinct name="East Morgan" votes="484" />
                <Precinct name="Beth/Springfield" votes="232" />
                <Precinct name="Central Morgan" votes="402" />
                <Precinct name="Clacks Chapel" votes="217" />
                <Precinct name="West Morgan" votes="643" />
                <Precinct name="North Morgan" votes="690" />
            </VoteType>
            <VoteType name="Absentee by Mail" votes="319">
                <Precinct name="Northeast Morgan" votes="63" />
                <Precinct name="East Morgan" votes="37" />
                <Precinct name="Beth/Springfield" votes="23" />
                <Precinct name="Central Morgan" votes="82" />
                <Precinct name="Clacks Chapel" votes="11" />
                <Precinct name="West Morgan" votes="48" />
                <Precinct name="North Morgan" votes="55" />
            </VoteType>
            <VoteType name="Advance in Person" votes="4755">
                <Precinct name="Northeast Morgan" votes="937" />
                <Precinct name="East Morgan" votes="677" />
                <Precinct name="Beth/Springfield" votes="224" />
                <Precinct name="Central Morgan" votes="1155" />
                <Precinct name="Clacks Chapel" votes="221" />
                <Precinct name="West Morgan" votes="804" />
                <Precinct name="North Morgan" votes="737" />
            </VoteType>
            <VoteType name="Provisional" votes="5">
                <Precinct name="Northeast Morgan" votes="2" />
                <Precinct name="East Morgan" votes="0" />
                <Precinct name="Beth/Springfield" votes="2" />
                <Precinct name="Central Morgan" votes="0" />
                <Precinct name="Clacks Chapel" votes="0" />
                <Precinct name="West Morgan" votes="1" />
                <Precinct name="North Morgan" votes="0" />
            </VoteType>
        </Choice>
    </Contest>
    <Contest key="320" text="Sheriff" isQuestion="false" precinctsReporting="7" precinctsReported="7">
        <VoteType name="Number of Precincts for Race" votes="7">
            <Precinct name="Northeast Morgan" votes="1" />
            <Precinct name="East Morgan" votes="1" />
            <Precinct name="Beth/Springfield" votes="1" />
            <Precinct name="Central Morgan" votes="1" />
            <Precinct name="Clacks Chapel" votes="1" />
            <Precinct name="West Morgan" votes="1" />
            <Precinct name="North Morgan" votes="1" />
        </VoteType>
        <VoteType name="Number of Precincts Reporting" votes="7">
            <Precinct name="Northeast Morgan" votes="1" />
            <Precinct name="East Morgan" votes="1" />
            <Precinct name="Beth/Springfield" votes="1" />
            <Precinct name="Central Morgan" votes="1" />
            <Precinct name="Clacks Chapel" votes="1" />
            <Precinct name="West Morgan" votes="1" />
            <Precinct name="North Morgan" votes="1" />
        </VoteType>
        <Choice key="10" text="R. MARKLEY (I)(R)" totalVotes="6640">
            <VoteType name="Election Day" votes="2428">
                <Precinct name="Northeast Morgan" votes="321" />
                <Precinct name="East Morgan" votes="374" />
                <Precinct name="Beth/Springfield" votes="188" />
                <Precinct name="Central Morgan" votes="328" />
                <Precinct name="Clacks Chapel" votes="181" />
                <Precinct name="West Morgan" votes="498" />
                <Precinct name="North Morgan" votes="538" />
            </VoteType>
            <VoteType name="Absentee by Mail" votes="265">
                <Precinct name="Northeast Morgan" votes="55" />
                <Precinct name="East Morgan" votes="33" />
                <Precinct name="Beth/Springfield" votes="23" />
                <Precinct name="Central Morgan" votes="59" />
                <Precinct name="Clacks Chapel" votes="10" />
                <Precinct name="West Morgan" votes="39" />
                <Precinct name="North Morgan" votes="46" />
            </VoteType>
            <VoteType name="Advance in Person" votes="3945">
                <Precinct name="Northeast Morgan" votes="824" />
                <Precinct name="East Morgan" votes="571" />
                <Precinct name="Beth/Springfield" votes="186" />
                <Precinct name="Central Morgan" votes="939" />
                <Precinct name="Clacks Chapel" votes="166" />
                <Precinct name="West Morgan" votes="651" />
                <Precinct name="North Morgan" votes="608" />
            </VoteType>
            <VoteType name="Provisional" votes="2">
                <Precinct name="Northeast Morgan" votes="1" />
                <Precinct name="East Morgan" votes="0" />
                <Precinct name="Beth/Springfield" votes="1" />
                <Precinct name="Central Morgan" votes="0" />
                <Precinct name="Clacks Chapel" votes="0" />
                <Precinct name="West Morgan" votes="0" />
                <Precinct name="North Morgan" votes="0" />
            </VoteType>
        </Choice>
        <Choice key="20" text="K. STEWART (D)" totalVotes="2716">
            <VoteType name="Election Day" votes="1083">
                <Precinct name="Northeast Morgan" votes="199" />
                <Precinct name="East Morgan" votes="163" />
                <Precinct name="Beth/Springfield" votes="79" />
                <Precinct name="Central Morgan" votes="137" />
                <Precinct name="Clacks Chapel" votes="47" />
                <Precinct name="West Morgan" votes="218" />
                <Precinct name="North Morgan" votes="240" />
            </VoteType>
            <VoteType name="Absentee by Mail" votes="112">
                <Precinct name="Northeast Morgan" votes="28" />
                <Precinct name="East Morgan" votes="16" />
                <Precinct name="Beth/Springfield" votes="3" />
                <Precinct name="Central Morgan" votes="29" />
                <Precinct name="Clacks Chapel" votes="2" />
                <Precinct name="West Morgan" votes="16" />
                <Precinct name="North Morgan" votes="18" />
            </VoteType>
            <VoteType name="Advance in Person" votes="1518">
                <Precinct name="Northeast Morgan" votes="353" />
                <Precinct name="East Morgan" votes="190" />
                <Precinct name="Beth/Springfield" votes="79" />
                <Precinct name="Central Morgan" votes="340" />
                <Precinct name="Clacks Chapel" votes="70" />
                <Precinct name="West Morgan" votes="260" />
                <Precinct name="North Morgan" votes="226" />
            </VoteType>
            <VoteType name="Provisional" votes="3">
                <Precinct name="Northeast Morgan" votes="1" />
                <Precinct name="East Morgan" votes="0" />
                <Precinct name="Beth/Springfield" votes="1" />
                <Precinct name="Central Morgan" votes="0" />
                <Precinct name="Clacks Chapel" votes="0" />
                <Precinct name="West Morgan" votes="1" />
                <Precinct name="North Morgan" votes="0" />
            </VoteType>
        </Choice>
    </Contest>
    <Contest key="340" text="Tax Commissioner" isQuestion="false" precinctsReporting="7" precinctsReported="7">
        <VoteType name="Number of Precincts for Race" votes="7">
            <Precinct name="Northeast Morgan" votes="1" />
            <Precinct name="East Morgan" votes="1" />
            <Precinct name="Beth/Springfield" votes="1" />
            <Precinct name="Central Morgan" votes="1" />
            <Precinct name="Clacks Chapel" votes="1" />
            <Precinct name="West Morgan" votes="1" />
            <Precinct name="North Morgan" votes="1" />
        </VoteType>
        <VoteType name="Number of Precincts Reporting" votes="7">
            <Precinct name="Northeast Morgan" votes="1" />
            <Precinct name="East Morgan" votes="1" />
            <Precinct name="Beth/Springfield" votes="1" />
            <Precinct name="Central Morgan" votes="1" />
            <Precinct name="Clacks Chapel" votes="1" />
            <Precinct name="West Morgan" votes="1" />
            <Precinct name="North Morgan" votes="1" />
        </VoteType>
        <Choice key="10" text="R. ASTIN (I)(R)" totalVotes="8388">
            <VoteType name="Election Day" votes="3149">
                <Precinct name="Northeast Morgan" votes="432" />
                <Precinct name="East Morgan" votes="488" />
                <Precinct name="Beth/Springfield" votes="243" />
                <Precinct name="Central Morgan" votes="409" />
                <Precinct name="Clacks Chapel" votes="218" />
                <Precinct name="West Morgan" votes="653" />
                <Precinct name="North Morgan" votes="706" />
            </VoteType>
            <VoteType name="Absentee by Mail" votes="329">
                <Precinct name="Northeast Morgan" votes="64" />
                <Precinct name="East Morgan" votes="39" />
                <Precinct name="Beth/Springfield" votes="24" />
                <Precinct name="Central Morgan" votes="83" />
                <Precinct name="Clacks Chapel" votes="12" />
                <Precinct name="West Morgan" votes="50" />
                <Precinct name="North Morgan" votes="57" />
            </VoteType>
            <VoteType name="Advance in Person" votes="4906">
                <Precinct name="Northeast Morgan" votes="979" />
                <Precinct name="East Morgan" votes="696" />
                <Precinct name="Beth/Springfield" votes="236" />
                <Precinct name="Central Morgan" votes="1169" />
                <Precinct name="Clacks Chapel" votes="227" />
                <Precinct name="West Morgan" votes="828" />
                <Precinct name="North Morgan" votes="771" />
            </VoteType>
            <VoteType name="Provisional" votes="4">
                <Precinct name="Northeast Morgan" votes="2" />
                <Precinct name="East Morgan" votes="0" />
                <Precinct name="Beth/Springfield" votes="1" />
                <Precinct name="Central Morgan" votes="0" />
                <Precinct name="Clacks Chapel" votes="0" />
                <Precinct name="West Morgan" votes="1" />
                <Precinct name="North Morgan" votes="0" />
            </VoteType>
        </Choice>
    </Contest>
    <Contest key="360" text="Coroner" isQuestion="false" precinctsReporting="7" precinctsReported="7">
        <VoteType name="Number of Precincts for Race" votes="7">
            <Precinct name="Northeast Morgan" votes="1" />
            <Precinct name="East Morgan" votes="1" />
            <Precinct name="Beth/Springfield" votes="1" />
            <Precinct name="Central Morgan" votes="1" />
            <Precinct name="Clacks Chapel" votes="1" />
            <Precinct name="West Morgan" votes="1" />
            <Precinct name="North Morgan" votes="1" />
        </VoteType>
        <VoteType name="Number of Precincts Reporting" votes="7">
            <Precinct name="Northeast Morgan" votes="1" />
            <Precinct name="East Morgan" votes="1" />
            <Precinct name="Beth/Springfield" votes="1" />
            <Precinct name="Central Morgan" votes="1" />
            <Precinct name="Clacks Chapel" votes="1" />
            <Precinct name="West Morgan" votes="1" />
            <Precinct name="North Morgan" votes="1" />
        </VoteType>
        <Choice key="10" text="A. CARTER (I)(R)" totalVotes="8305">
            <VoteType name="Election Day" votes="3122">
                <Precinct name="Northeast Morgan" votes="416" />
                <Precinct name="East Morgan" votes="487" />
                <Precinct name="Beth/Springfield" votes="238" />
                <Precinct name="Central Morgan" votes="407" />
                <Precinct name="Clacks Chapel" votes="217" />
                <Precinct name="West Morgan" votes="657" />
                <Precinct name="North Morgan" votes="700" />
            </VoteType>
            <VoteType name="Absentee by Mail" votes="327">
                <Precinct name="Northeast Morgan" votes="66" />
                <Precinct name="East Morgan" votes="34" />
                <Precinct name="Beth/Springfield" votes="24" />
                <Precinct name="Central Morgan" votes="86" />
                <Precinct name="Clacks Chapel" votes="12" />
                <Precinct name="West Morgan" votes="50" />
                <Precinct name="North Morgan" votes="55" />
            </VoteType>
            <VoteType name="Advance in Person" votes="4851">
                <Precinct name="Northeast Morgan" votes="974" />
                <Precinct name="East Morgan" votes="688" />
                <Precinct name="Beth/Springfield" votes="234" />
                <Precinct name="Central Morgan" votes="1163" />
                <Precinct name="Clacks Chapel" votes="225" />
                <Precinct name="West Morgan" votes="825" />
                <Precinct name="North Morgan" votes="742" />
            </VoteType>
            <VoteType name="Provisional" votes="5">
                <Precinct name="Northeast Morgan" votes="2" />
                <Precinct name="East Morgan" votes="0" />
                <Precinct name="Beth/Springfield" votes="2" />
                <Precinct name="Central Morgan" votes="0" />
                <Precinct name="Clacks Chapel" votes="0" />
                <Precinct name="West Morgan" votes="1" />
                <Precinct name="North Morgan" votes="0" />
            </VoteType>
        </Choice>
    </Contest>
    <Contest key="380" text="County Comm 3" isQuestion="false" precinctsReporting="2" precinctsReported="2">
        <VoteType name="Number of Precincts for Race" votes="2">
            <Precinct name="Central Morgan" votes="1" />
            <Precinct name="North Morgan" votes="1" />
        </VoteType>
        <VoteType name="Number of Precincts Reporting" votes="2">
            <Precinct name="Central Morgan" votes="1" />
            <Precinct name="North Morgan" votes="1" />
        </VoteType>
        <Choice key="10" text="B. RIDEN, JR. (R)" totalVotes="1490">
            <VoteType name="Election Day" votes="667">
                <Precinct name="Central Morgan" votes="41" />
                <Precinct name="North Morgan" votes="626" />
            </VoteType>
            <VoteType name="Absentee by Mail" votes="49">
                <Precinct name="Central Morgan" votes="10" />
                <Precinct name="North Morgan" votes="39" />
            </VoteType>
            <VoteType name="Advance in Person" votes="774">
                <Precinct name="Central Morgan" votes="105" />
                <Precinct name="North Morgan" votes="669" />
            </VoteType>
            <VoteType name="Provisional" votes="0">
                <Precinct name="Central Morgan" votes="0" />
                <Precinct name="North Morgan" votes="0" />
            </VoteType>
        </Choice>
        <Choice key="20" text="C. B. THOMAS (D)" totalVotes="370">
            <VoteType name="Election Day" votes="154">
                <Precinct name="Central Morgan" votes="11" />
                <Precinct name="North Morgan" votes="143" />
            </VoteType>
            <VoteType name="Absentee by Mail" votes="25">
                <Precinct name="Central Morgan" votes="0" />
                <Precinct name="North Morgan" votes="25" />
            </VoteType>
            <VoteType name="Advance in Person" votes="191">
                <Precinct name="Central Morgan" votes="22" />
                <Precinct name="North Morgan" votes="169" />
            </VoteType>
            <VoteType name="Provisional" votes="0">
                <Precinct name="Central Morgan" votes="0" />
                <Precinct name="North Morgan" votes="0" />
            </VoteType>
        </Choice>
    </Contest>
    <Contest key="400" text="County Comm 4" isQuestion="false" precinctsReporting="2" precinctsReported="2">
        <VoteType name="Number of Precincts for Race" votes="2">
            <Precinct name="Central Morgan" votes="1" />
            <Precinct name="Clacks Chapel" votes="1" />
        </VoteType>
        <VoteType name="Number of Precincts Reporting" votes="2">
            <Precinct name="Central Morgan" votes="1" />
            <Precinct name="Clacks Chapel" votes="1" />
        </VoteType>
        <Choice key="10" text="P. V. HANSTEIN (R)" totalVotes="1034">
            <VoteType name="Election Day" votes="290">
                <Precinct name="Central Morgan" votes="162" />
                <Precinct name="Clacks Chapel" votes="128" />
            </VoteType>
            <VoteType name="Absentee by Mail" votes="36">
                <Precinct name="Central Morgan" votes="34" />
                <Precinct name="Clacks Chapel" votes="2" />
            </VoteType>
            <VoteType name="Advance in Person" votes="708">
                <Precinct name="Central Morgan" votes="552" />
                <Precinct name="Clacks Chapel" votes="156" />
            </VoteType>
            <VoteType name="Provisional" votes="0">
                <Precinct name="Central Morgan" votes="0" />
                <Precinct name="Clacks Chapel" votes="0" />
            </VoteType>
        </Choice>
        <Choice key="20" text="E. WARREN (I)(Ind)" totalVotes="763">
            <VoteType name="Election Day" votes="233">
                <Precinct name="Central Morgan" votes="133" />
                <Precinct name="Clacks Chapel" votes="100" />
            </VoteType>
            <VoteType name="Absentee by Mail" votes="45">
                <Precinct name="Central Morgan" votes="36" />
                <Precinct name="Clacks Chapel" votes="9" />
            </VoteType>
            <VoteType name="Advance in Person" votes="485">
                <Precinct name="Central Morgan" votes="404" />
                <Precinct name="Clacks Chapel" votes="81" />
            </VoteType>
            <VoteType name="Provisional" votes="0">
                <Precinct name="Central Morgan" votes="0" />
                <Precinct name="Clacks Chapel" votes="0" />
            </VoteType>
        </Choice>
    </Contest>
    <Contest key="420" text="County Comm 5" isQuestion="false" precinctsReporting="2" precinctsReported="2">
        <VoteType name="Number of Precincts for Race" votes="2">
            <Precinct name="East Morgan" votes="1" />
            <Precinct name="Beth/Springfield" votes="1" />
        </VoteType>
        <VoteType name="Number of Precincts Reporting" votes="2">
            <Precinct name="East Morgan" votes="1" />
            <Precinct name="Beth/Springfield" votes="1" />
        </VoteType>
        <Choice key="10" text="R. MILTON (I)(R)" totalVotes="1667">
            <VoteType name="Election Day" votes="710">
                <Precinct name="East Morgan" votes="475" />
                <Precinct name="Beth/Springfield" votes="235" />
            </VoteType>
            <VoteType name="Absentee by Mail" votes="62">
                <Precinct name="East Morgan" votes="39" />
                <Precinct name="Beth/Springfield" votes="23" />
            </VoteType>
            <VoteType name="Advance in Person" votes="894">
                <Precinct name="East Morgan" votes="671" />
                <Precinct name="Beth/Springfield" votes="223" />
            </VoteType>
            <VoteType name="Provisional" votes="1">
                <Precinct name="East Morgan" votes="0" />
                <Precinct name="Beth/Springfield" votes="1" />
            </VoteType>
        </Choice>
    </Contest>
    <Contest key="445" text="BOE 1" isQuestion="false" precinctsReporting="1" precinctsReported="1">
        <VoteType name="Number of Precincts for Race" votes="1">
            <Precinct name="Northeast Morgan" votes="1" />
        </VoteType>
        <VoteType name="Number of Precincts Reporting" votes="1">
            <Precinct name="Northeast Morgan" votes="1" />
        </VoteType>
        <Choice key="10" text="C. BLAND (D)" totalVotes="1407">
            <VoteType name="Election Day" votes="431">
                <Precinct name="Northeast Morgan" votes="431" />
            </VoteType>
            <VoteType name="Absentee by Mail" votes="69">
                <Precinct name="Northeast Morgan" votes="69" />
            </VoteType>
            <VoteType name="Advance in Person" votes="905">
                <Precinct name="Northeast Morgan" votes="905" />
            </VoteType>
            <VoteType name="Provisional" votes="2">
                <Precinct name="Northeast Morgan" votes="2" />
            </VoteType>
        </Choice>
    </Contest>
    <Contest key="450" text="BOE 2" isQuestion="false" precinctsReporting="2" precinctsReported="2">
        <VoteType name="Number of Precincts for Race" votes="2">
            <Precinct name="Central Morgan" votes="1" />
            <Precinct name="West Morgan" votes="1" />
        </VoteType>
        <VoteType name="Number of Precincts Reporting" votes="2">
            <Precinct name="Central Morgan" votes="1" />
            <Precinct name="West Morgan" votes="1" />
        </VoteType>
        <Choice key="10" text="N. HALE (I)(Ind)" totalVotes="1718">
            <VoteType name="Election Day" votes="712">
                <Precinct name="Central Morgan" votes="87" />
                <Precinct name="West Morgan" votes="625" />
            </VoteType>
            <VoteType name="Absentee by Mail" votes="54">
                <Precinct name="Central Morgan" votes="12" />
                <Precinct name="West Morgan" votes="42" />
            </VoteType>
            <VoteType name="Advance in Person" votes="951">
                <Precinct name="Central Morgan" votes="168" />
                <Precinct name="West Morgan" votes="783" />
            </VoteType>
            <VoteType name="Provisional" votes="1">
                <Precinct name="Central Morgan" votes="0" />
                <Precinct name="West Morgan" votes="1" />
            </VoteType>
        </Choice>
    </Contest>
    <Contest key="470" text="BOE 3" isQuestion="false" precinctsReporting="2" precinctsReported="2">
        <VoteType name="Number of Precincts for Race" votes="2">
            <Precinct name="Central Morgan" votes="1" />
            <Precinct name="North Morgan" votes="1" />
        </VoteType>
        <VoteType name="Number of Precincts Reporting" votes="2">
            <Precinct name="Central Morgan" votes="1" />
            <Precinct name="North Morgan" votes="1" />
        </VoteType>
        <Choice key="10" text="K. HOWARD (I)(R)" totalVotes="1630">
            <VoteType name="Election Day" votes="735">
                <Precinct name="Central Morgan" votes="47" />
                <Precinct name="North Morgan" votes="688" />
            </VoteType>
            <VoteType name="Absentee by Mail" votes="64">
                <Precinct name="Central Morgan" votes="10" />
                <Precinct name="North Morgan" votes="54" />
            </VoteType>
            <VoteType name="Advance in Person" votes="831">
                <Precinct name="Central Morgan" votes="111" />
                <Precinct name="North Morgan" votes="720" />
            </VoteType>
            <VoteType name="Provisional" votes="0">
                <Precinct name="Central Morgan" votes="0" />
                <Precinct name="North Morgan" votes="0" />
            </VoteType>
        </Choice>
    </Contest>
    <Contest key="500" text="Constitutional Amendment #1&lt;br&gt;Provides greater flexibility and state accountability to fix failing schools through increasing community involvement." isQuestion="false" precinctsReporting="7" precinctsReported="7">
        <VoteType name="Number of Precincts for Race" votes="7">
            <Precinct name="Northeast Morgan" votes="1" />
            <Precinct name="East Morgan" votes="1" />
            <Precinct name="Beth/Springfield" votes="1" />
            <Precinct name="Central Morgan" votes="1" />
            <Precinct name="Clacks Chapel" votes="1" />
            <Precinct name="West Morgan" votes="1" />
            <Precinct name="North Morgan" votes="1" />
        </VoteType>
        <VoteType name="Number of Precincts Reporting" votes="7">
            <Precinct name="Northeast Morgan" votes="1" />
            <Precinct name="East Morgan" votes="1" />
            <Precinct name="Beth/Springfield" votes="1" />
            <Precinct name="Central Morgan" votes="1" />
            <Precinct name="Clacks Chapel" votes="1" />
            <Precinct name="West Morgan" votes="1" />
            <Precinct name="North Morgan" votes="1" />
        </VoteType>
        <Choice key="10" text="YES" totalVotes="3181">
            <VoteType name="Election Day" votes="1179">
                <Precinct name="Northeast Morgan" votes="152" />
                <Precinct name="East Morgan" votes="199" />
                <Precinct name="Beth/Springfield" votes="92" />
                <Precinct name="Central Morgan" votes="146" />
                <Precinct name="Clacks Chapel" votes="78" />
                <Precinct name="West Morgan" votes="247" />
                <Precinct name="North Morgan" votes="265" />
            </VoteType>
            <VoteType name="Absentee by Mail" votes="148">
                <Precinct name="Northeast Morgan" votes="28" />
                <Precinct name="East Morgan" votes="17" />
                <Precinct name="Beth/Springfield" votes="10" />
                <Precinct name="Central Morgan" votes="40" />
                <Precinct name="Clacks Chapel" votes="4" />
                <Precinct name="West Morgan" votes="24" />
                <Precinct name="North Morgan" votes="25" />
            </VoteType>
            <VoteType name="Advance in Person" votes="1853">
                <Precinct name="Northeast Morgan" votes="343" />
                <Precinct name="East Morgan" votes="302" />
                <Precinct name="Beth/Springfield" votes="99" />
                <Precinct name="Central Morgan" votes="426" />
                <Precinct name="Clacks Chapel" votes="79" />
                <Precinct name="West Morgan" votes="298" />
                <Precinct name="North Morgan" votes="306" />
            </VoteType>
            <VoteType name="Provisional" votes="1">
                <Precinct name="Northeast Morgan" votes="1" />
                <Precinct name="East Morgan" votes="0" />
                <Precinct name="Beth/Springfield" votes="0" />
                <Precinct name="Central Morgan" votes="0" />
                <Precinct name="Clacks Chapel" votes="0" />
                <Precinct name="West Morgan" votes="0" />
                <Precinct name="North Morgan" votes="0" />
            </VoteType>
        </Choice>
        <Choice key="20" text="NO" totalVotes="6082">
            <VoteType name="Election Day" votes="2281">
                <Precinct name="Northeast Morgan" votes="353" />
                <Precinct name="East Morgan" votes="326" />
                <Precinct name="Beth/Springfield" votes="173" />
                <Precinct name="Central Morgan" votes="316" />
                <Precinct name="Clacks Chapel" votes="145" />
                <Precinct name="West Morgan" votes="460" />
                <Precinct name="North Morgan" votes="508" />
            </VoteType>
            <VoteType name="Absentee by Mail" votes="220">
                <Precinct name="Northeast Morgan" votes="49" />
                <Precinct name="East Morgan" votes="32" />
                <Precinct name="Beth/Springfield" votes="15" />
                <Precinct name="Central Morgan" votes="51" />
                <Precinct name="Clacks Chapel" votes="8" />
                <Precinct name="West Morgan" votes="28" />
                <Precinct name="North Morgan" votes="37" />
            </VoteType>
            <VoteType name="Advance in Person" votes="3578">
                <Precinct name="Northeast Morgan" votes="826" />
                <Precinct name="East Morgan" votes="456" />
                <Precinct name="Beth/Springfield" votes="163" />
                <Precinct name="Central Morgan" votes="851" />
                <Precinct name="Clacks Chapel" votes="158" />
                <Precinct name="West Morgan" votes="597" />
                <Precinct name="North Morgan" votes="527" />
            </VoteType>
            <VoteType name="Provisional" votes="3">
                <Precinct name="Northeast Morgan" votes="0" />
                <Precinct name="East Morgan" votes="0" />
                <Precinct name="Beth/Springfield" votes="2" />
                <Precinct name="Central Morgan" votes="0" />
                <Precinct name="Clacks Chapel" votes="0" />
                <Precinct name="West Morgan" votes="1" />
                <Precinct name="North Morgan" votes="0" />
            </VoteType>
        </Choice>
    </Contest>
    <Contest key="510" text="Constitutional Amendment #2&lt;br&gt;Authorizes penalties for sexual exploitation and assessments on adult entertainment to fund child victims' services." isQuestion="false" precinctsReporting="7" precinctsReported="7">
        <VoteType name="Number of Precincts for Race" votes="7">
            <Precinct name="Northeast Morgan" votes="1" />
            <Precinct name="East Morgan" votes="1" />
            <Precinct name="Beth/Springfield" votes="1" />
            <Precinct name="Central Morgan" votes="1" />
            <Precinct name="Clacks Chapel" votes="1" />
            <Precinct name="West Morgan" votes="1" />
            <Precinct name="North Morgan" votes="1" />
        </VoteType>
        <VoteType name="Number of Precincts Reporting" votes="7">
            <Precinct name="Northeast Morgan" votes="1" />
            <Precinct name="East Morgan" votes="1" />
            <Precinct name="Beth/Springfield" votes="1" />
            <Precinct name="Central Morgan" votes="1" />
            <Precinct name="Clacks Chapel" votes="1" />
            <Precinct name="West Morgan" votes="1" />
            <Precinct name="North Morgan" votes="1" />
        </VoteType>
        <Choice key="10" text="YES" totalVotes="7313">
            <VoteType name="Election Day" votes="2700">
                <Precinct name="Northeast Morgan" votes="383" />
                <Precinct name="East Morgan" votes="409" />
                <Precinct name="Beth/Springfield" votes="204" />
                <Precinct name="Central Morgan" votes="358" />
                <Precinct name="Clacks Chapel" votes="177" />
                <Precinct name="West Morgan" votes="560" />
                <Precinct name="North Morgan" votes="609" />
            </VoteType>
            <VoteType name="Absentee by Mail" votes="315">
                <Precinct name="Northeast Morgan" votes="68" />
                <Precinct name="East Morgan" votes="42" />
                <Precinct name="Beth/Springfield" votes="24" />
                <Precinct name="Central Morgan" votes="75" />
                <Precinct name="Clacks Chapel" votes="8" />
                <Precinct name="West Morgan" votes="45" />
                <Precinct name="North Morgan" votes="53" />
            </VoteType>
            <VoteType name="Advance in Person" votes="4295">
                <Precinct name="Northeast Morgan" votes="899" />
                <Precinct name="East Morgan" votes="609" />
                <Precinct name="Beth/Springfield" votes="206" />
                <Precinct name="Central Morgan" votes="996" />
                <Precinct name="Clacks Chapel" votes="191" />
                <Precinct name="West Morgan" votes="735" />
                <Precinct name="North Morgan" votes="659" />
            </VoteType>
            <VoteType name="Provisional" votes="3">
                <Precinct name="Northeast Morgan" votes="2" />
                <Precinct name="East Morgan" votes="0" />
                <Precinct name="Beth/Springfield" votes="0" />
                <Precinct name="Central Morgan" votes="0" />
                <Precinct name="Clacks Chapel" votes="0" />
                <Precinct name="West Morgan" votes="1" />
                <Precinct name="North Morgan" votes="0" />
            </VoteType>
        </Choice>
        <Choice key="20" text="NO" totalVotes="1812">
            <VoteType name="Election Day" votes="703">
                <Precinct name="Northeast Morgan" votes="115" />
                <Precinct name="East Morgan" votes="110" />
                <Precinct name="Beth/Springfield" votes="53" />
                <Precinct name="Central Morgan" votes="96" />
                <Precinct name="Clacks Chapel" votes="42" />
                <Precinct name="West Morgan" votes="138" />
                <Precinct name="North Morgan" votes="149" />
            </VoteType>
            <VoteType name="Absentee by Mail" votes="48">
                <Precinct name="Northeast Morgan" votes="10" />
                <Precinct name="East Morgan" votes="6" />
                <Precinct name="Beth/Springfield" votes="1" />
                <Precinct name="Central Morgan" votes="12" />
                <Precinct name="Clacks Chapel" votes="4" />
                <Precinct name="West Morgan" votes="7" />
                <Precinct name="North Morgan" votes="8" />
            </VoteType>
            <VoteType name="Advance in Person" votes="1060">
                <Precinct name="Northeast Morgan" votes="255" />
                <Precinct name="East Morgan" votes="145" />
                <Precinct name="Beth/Springfield" votes="47" />
                <Precinct name="Central Morgan" votes="262" />
                <Precinct name="Clacks Chapel" votes="42" />
                <Precinct name="West Morgan" votes="152" />
                <Precinct name="North Morgan" votes="157" />
            </VoteType>
            <VoteType name="Provisional" votes="1">
                <Precinct name="Northeast Morgan" votes="0" />
                <Precinct name="East Morgan" votes="0" />
                <Precinct name="Beth/Springfield" votes="1" />
                <Precinct name="Central Morgan" votes="0" />
                <Precinct name="Clacks Chapel" votes="0" />
                <Precinct name="West Morgan" votes="0" />
                <Precinct name="North Morgan" votes="0" />
            </VoteType>
        </Choice>
    </Contest>
    <Contest key="520" text="Constitutional Amendment #3&lt;br&gt;Reforms and re-establishes the Judicial Qualifications Commission and provides for its composition, governance, and powers." isQuestion="false" precinctsReporting="7" precinctsReported="7">
        <VoteType name="Number of Precincts for Race" votes="7">
            <Precinct name="Northeast Morgan" votes="1" />
            <Precinct name="East Morgan" votes="1" />
            <Precinct name="Beth/Springfield" votes="1" />
            <Precinct name="Central Morgan" votes="1" />
            <Precinct name="Clacks Chapel" votes="1" />
            <Precinct name="West Morgan" votes="1" />
            <Precinct name="North Morgan" votes="1" />
        </VoteType>
        <VoteType name="Number of Precincts Reporting" votes="7">
            <Precinct name="Northeast Morgan" votes="1" />
            <Precinct name="East Morgan" votes="1" />
            <Precinct name="Beth/Springfield" votes="1" />
            <Precinct name="Central Morgan" votes="1" />
            <Precinct name="Clacks Chapel" votes="1" />
            <Precinct name="West Morgan" votes="1" />
            <Precinct name="North Morgan" votes="1" />
        </VoteType>
        <Choice key="10" text="YES" totalVotes="5040">
            <VoteType name="Election Day" votes="1853">
                <Precinct name="Northeast Morgan" votes="263" />
                <Precinct name="East Morgan" votes="287" />
                <Precinct name="Beth/Springfield" votes="133" />
                <Precinct name="Central Morgan" votes="246" />
                <Precinct name="Clacks Chapel" votes="114" />
                <Precinct name="West Morgan" votes="380" />
                <Precinct name="North Morgan" votes="430" />
            </VoteType>
            <VoteType name="Absentee by Mail" votes="212">
                <Precinct name="Northeast Morgan" votes="39" />
                <Precinct name="East Morgan" votes="31" />
                <Precinct name="Beth/Springfield" votes="20" />
                <Precinct name="Central Morgan" votes="50" />
                <Precinct name="Clacks Chapel" votes="7" />
                <Precinct name="West Morgan" votes="27" />
                <Precinct name="North Morgan" votes="38" />
            </VoteType>
            <VoteType name="Advance in Person" votes="2973">
                <Precinct name="Northeast Morgan" votes="609" />
                <Precinct name="East Morgan" votes="436" />
                <Precinct name="Beth/Springfield" votes="142" />
                <Precinct name="Central Morgan" votes="681" />
                <Precinct name="Clacks Chapel" votes="137" />
                <Precinct name="West Morgan" votes="510" />
                <Precinct name="North Morgan" votes="458" />
            </VoteType>
            <VoteType name="Provisional" votes="2">
                <Precinct name="Northeast Morgan" votes="1" />
                <Precinct name="East Morgan" votes="0" />
                <Precinct name="Beth/Springfield" votes="0" />
                <Precinct name="Central Morgan" votes="0" />
                <Precinct name="Clacks Chapel" votes="0" />
                <Precinct name="West Morgan" votes="1" />
                <Precinct name="North Morgan" votes="0" />
            </VoteType>
        </Choice>
        <Choice key="20" text="NO" totalVotes="3616">
            <VoteType name="Election Day" votes="1399">
                <Precinct name="Northeast Morgan" votes="221" />
                <Precinct name="East Morgan" votes="207" />
                <Precinct name="Beth/Springfield" votes="107" />
                <Precinct name="Central Morgan" votes="198" />
                <Precinct name="Clacks Chapel" votes="90" />
                <Precinct name="West Morgan" votes="281" />
                <Precinct name="North Morgan" votes="295" />
            </VoteType>
            <VoteType name="Absentee by Mail" votes="130">
                <Precinct name="Northeast Morgan" votes="34" />
                <Precinct name="East Morgan" votes="12" />
                <Precinct name="Beth/Springfield" votes="5" />
                <Precinct name="Central Morgan" votes="34" />
                <Precinct name="Clacks Chapel" votes="5" />
                <Precinct name="West Morgan" votes="20" />
                <Precinct name="North Morgan" votes="20" />
            </VoteType>
            <VoteType name="Advance in Person" votes="2086">
                <Precinct name="Northeast Morgan" votes="484" />
                <Precinct name="East Morgan" votes="282" />
                <Precinct name="Beth/Springfield" votes="98" />
                <Precinct name="Central Morgan" votes="508" />
                <Precinct name="Clacks Chapel" votes="82" />
                <Precinct name="West Morgan" votes="329" />
                <Precinct name="North Morgan" votes="303" />
            </VoteType>
            <VoteType name="Provisional" votes="1">
                <Precinct name="Northeast Morgan" votes="0" />
                <Precinct name="East Morgan" votes="0" />
                <Precinct name="Beth/Springfield" votes="1" />
                <Precinct name="Central Morgan" votes="0" />
                <Precinct name="Clacks Chapel" votes="0" />
                <Precinct name="West Morgan" votes="0" />
                <Precinct name="North Morgan" votes="0" />
            </VoteType>
        </Choice>
    </Contest>
    <Contest key="530" text="Constitutional Amendment #4&lt;br&gt;Dedicates revenue from existing taxes on fireworks to trauma care, fire services, and public safety." isQuestion="false" precinctsReporting="7" precinctsReported="7">
        <VoteType name="Number of Precincts for Race" votes="7">
            <Precinct name="Northeast Morgan" votes="1" />
            <Precinct name="East Morgan" votes="1" />
            <Precinct name="Beth/Springfield" votes="1" />
            <Precinct name="Central Morgan" votes="1" />
            <Precinct name="Clacks Chapel" votes="1" />
            <Precinct name="West Morgan" votes="1" />
            <Precinct name="North Morgan" votes="1" />
        </VoteType>
        <VoteType name="Number of Precincts Reporting" votes="7">
            <Precinct name="Northeast Morgan" votes="1" />
            <Precinct name="East Morgan" votes="1" />
            <Precinct name="Beth/Springfield" votes="1" />
            <Precinct name="Central Morgan" votes="1" />
            <Precinct name="Clacks Chapel" votes="1" />
            <Precinct name="West Morgan" votes="1" />
            <Precinct name="North Morgan" votes="1" />
        </VoteType>
        <Choice key="10" text="YES" totalVotes="7122">
            <VoteType name="Election Day" votes="2664">
                <Precinct name="Northeast Morgan" votes="381" />
                <Precinct name="East Morgan" votes="409" />
                <Precinct name="Beth/Springfield" votes="204" />
                <Precinct name="Central Morgan" votes="337" />
                <Precinct name="Clacks Chapel" votes="167" />
                <Precinct name="West Morgan" votes="571" />
                <Precinct name="North Morgan" votes="595" />
            </VoteType>
            <VoteType name="Absentee by Mail" votes="293">
                <Precinct name="Northeast Morgan" votes="59" />
                <Precinct name="East Morgan" votes="40" />
                <Precinct name="Beth/Springfield" votes="19" />
                <Precinct name="Central Morgan" votes="76" />
                <Precinct name="Clacks Chapel" votes="5" />
                <Precinct name="West Morgan" votes="43" />
                <Precinct name="North Morgan" votes="51" />
            </VoteType>
            <VoteType name="Advance in Person" votes="4162">
                <Precinct name="Northeast Morgan" votes="894" />
                <Precinct name="East Morgan" votes="588" />
                <Precinct name="Beth/Springfield" votes="197" />
                <Precinct name="Central Morgan" votes="958" />
                <Precinct name="Clacks Chapel" votes="183" />
                <Precinct name="West Morgan" votes="718" />
                <Precinct name="North Morgan" votes="624" />
            </VoteType>
            <VoteType name="Provisional" votes="3">
                <Precinct name="Northeast Morgan" votes="2" />
                <Precinct name="East Morgan" votes="0" />
                <Precinct name="Beth/Springfield" votes="0" />
                <Precinct name="Central Morgan" votes="0" />
                <Precinct name="Clacks Chapel" votes="0" />
                <Precinct name="West Morgan" votes="1" />
                <Precinct name="North Morgan" votes="0" />
            </VoteType>
        </Choice>
        <Choice key="20" text="NO" totalVotes="2009">
            <VoteType name="Election Day" votes="751">
                <Precinct name="Northeast Morgan" votes="122" />
                <Precinct name="East Morgan" votes="113" />
                <Precinct name="Beth/Springfield" votes="54" />
                <Precinct name="Central Morgan" votes="119" />
                <Precinct name="Clacks Chapel" votes="50" />
                <Precinct name="West Morgan" votes="139" />
                <Precinct name="North Morgan" votes="154" />
            </VoteType>
            <VoteType name="Absentee by Mail" votes="68">
                <Precinct name="Northeast Morgan" votes="16" />
                <Precinct name="East Morgan" votes="6" />
                <Precinct name="Beth/Springfield" votes="5" />
                <Precinct name="Central Morgan" votes="13" />
                <Precinct name="Clacks Chapel" votes="7" />
                <Precinct name="West Morgan" votes="9" />
                <Precinct name="North Morgan" votes="12" />
            </VoteType>
            <VoteType name="Advance in Person" votes="1189">
                <Precinct name="Northeast Morgan" votes="273" />
                <Precinct name="East Morgan" votes="173" />
                <Precinct name="Beth/Springfield" votes="56" />
                <Precinct name="Central Morgan" votes="300" />
                <Precinct name="Clacks Chapel" votes="45" />
                <Precinct name="West Morgan" votes="165" />
                <Precinct name="North Morgan" votes="177" />
            </VoteType>
            <VoteType name="Provisional" votes="1">
                <Precinct name="Northeast Morgan" votes="0" />
                <Precinct name="East Morgan" votes="0" />
                <Precinct name="Beth/Springfield" votes="1" />
                <Precinct name="Central Morgan" votes="0" />
                <Precinct name="Clacks Chapel" votes="0" />
                <Precinct name="West Morgan" votes="0" />
                <Precinct name="North Morgan" votes="0" />
            </VoteType>
        </Choice>
    </Contest>
</ElectionResult>