"line number","contest name","choice name","party name","total votes","percent of votes","registered voters","ballots cast","num Precinct total","num Precinct rptg","over votes","under votes"
1,"President of the United States","DONALD J. TRUMP","",15646,61.12,34832,25914,21,21,"0","0"
2,"President of the United States","HILLARY CLINTON","",9357,36.55,34832,25914,21,21,"0","0"
3,"President of the United States","GARY JOHNSON","",597,2.33,34832,25914,21,21,"0","0"
4,"United States Senator, Isakson","JOHNNY ISAKSON (I)","",15172,63.31,34832,25914,21,21,"0","0"
5,"United States Senator, Isakson","JIM BARKSDALE","",7879,32.88,34832,25914,21,21,"0","0"
6,"United States Senator, Isakson","ALLEN BUCKLEY","",914,3.81,34832,25914,21,21,"0","0"
7,"Public Service Commission, District 2 - Eastern","TIM ECHOLS (I)","",16192,73.58,34832,25911,21,21,"0","0"
8,"Public Service Commission, District 2 - Eastern","ERIC HOSKINS","",5814,26.42,34832,25911,21,21,"0","0"
9,"U.S. Representative, District 3","DREW FERGUSON","",15706,64.40,34832,25914,21,21,"0","0"
10,"U.S. Representative, District 3","ANGELA PENDLEY","",8681,35.60,34832,25914,21,21,"0","0"
11,"State Senator, District 16","MARTY HARBIN (I)","",18897,100.00,34832,25911,21,21,"0","0"
12,"State Representative, District 73","KAREN MATHIAK","",7145,70.08,14108,10715,10,10,"0","0"
13,"State Representative, District 73","RAHIM TALLEY","",3050,29.92,14108,10715,10,10,"0","0"
14,"State Representative, District 130","DAVID KNIGHT (I)","",11026,100.00,20724,15196,13,13,"0","0"
15,"District Attorney, Griffin Circuit","BEN COKER","",19468,100.00,34832,25911,21,21,"0","0"
16,"CLERK SUPERIOR CT","M. L. NORRIS (I) R","",19362,100.00,34832,25911,21,21,"0","0"
17,"SHERIFF","J. DIX (R)","",15021,60.09,34832,25911,21,21,"0","0"
18,"SHERIFF","C. KEYS (D)","",9977,39.91,34832,25911,21,21,"0","0"
19,"TAX COMMISSIONER","S. W. HOLLUMS (I) R","",20152,100.00,34832,25911,21,21,"0","0"
20,"CORONER","S. FOSTER (I) R","",19885,100.00,34832,25911,21,21,"0","0"
21,"CC D1","D. G. SCOTT (R)","",971,28.41,6004,3786,9,9,"0","0"
22,"CC D1","FLOWERS-TAYLOR (I) D","",2447,71.59,6004,3786,9,9,"0","0"
23,"CC D3","R. JOHNSON (I) D","",2670,100.00,5318,3382,5,5,"0","0"
24,"CC D4","B. MILLER JR. (I) R","",4894,100.00,7301,5855,7,7,"0","0"
25,"Constitutional Amendment #1<br>Provides greater flexibility and state accountability to fix failing schools through increasing community involvement.","YES","",9793,39.16,34832,25911,21,21,"0","0"
26,"Constitutional Amendment #1<br>Provides greater flexibility and state accountability to fix failing schools through increasing community involvement.","NO","",15215,60.84,34832,25911,21,21,"0","0"
27,"Constitutional Amendment #2<br>Authorizes penalties for sexual exploitation and assessments on adult entertainment to fund child victims' services.","YES","",20077,81.95,34832,25911,21,21,"0","0"
28,"Constitutional Amendment #2<br>Authorizes penalties for sexual exploitation and assessments on adult entertainment to fund child victims' services.","NO","",4421,18.05,34832,25911,21,21,"0","0"
29,"Constitutional Amendment #3<br>Reforms and re-establishes the Judicial Qualifications Commission and provides for its composition, governance, and powers.","YES","",13759,59.48,34832,25911,21,21,"0","0"
30,"Constitutional Amendment #3<br>Reforms and re-establishes the Judicial Qualifications Commission and provides for its composition, governance, and powers.","NO","",9372,40.52,34832,25911,21,21,"0","0"
31,"Constitutional Amendment #4<br>Dedicates revenue from existing taxes on fireworks to trauma care, fire services, and public safety.","YES","",18964,78.45,34832,25911,21,21,"0","0"
32,"Constitutional Amendment #4<br>Dedicates revenue from existing taxes on fireworks to trauma care, fire services, and public safety.","NO","",5210,21.55,34832,25911,21,21,"0","0"
