<?xml version="1.0"?>
<!--Election result snapshot imported from Tabulation System
-->
<ElectionResult>
    <Timestamp>11/14/2016 4:37:13 PM EST</Timestamp>
    <ElectionName>November 8, 2016 - General Election</ElectionName>
    <ElectionDate>11/8/2016</ElectionDate>
    <Region>Hart</Region>
    <VoterTurnout totalVoters="12862" ballotsCast="10209" voterTurnout="79.37">
        <Precincts>
            <Precinct name="Hartwell" totalVoters="5054" ballotsCast="3961" voterTurnout="78.37" percentReporting="4" />
            <Precinct name="Goldmine" totalVoters="1427" ballotsCast="1090" voterTurnout="76.38" percentReporting="4" />
            <Precinct name="Cokesbury" totalVoters="930" ballotsCast="711" voterTurnout="76.45" percentReporting="4" />
            <Precinct name="Reed Creek" totalVoters="2257" ballotsCast="1857" voterTurnout="82.28" percentReporting="4" />
            <Precinct name="Bowersville" totalVoters="1003" ballotsCast="803" voterTurnout="80.06" percentReporting="4" />
            <Precinct name="Shoal Creek" totalVoters="1145" ballotsCast="929" voterTurnout="81.14" percentReporting="4" />
            <Precinct name="Bio" totalVoters="1046" ballotsCast="858" voterTurnout="82.03" percentReporting="4" />
        </Precincts>
    </VoterTurnout>
    <Contest key="1" text="President of the United States" isQuestion="false" precinctsReporting="7" precinctsReported="7">
        <VoteType name="Number of Precincts for Race" votes="7">
            <Precinct name="Hartwell" votes="1" />
            <Precinct name="Goldmine" votes="1" />
            <Precinct name="Cokesbury" votes="1" />
            <Precinct name="Reed Creek" votes="1" />
            <Precinct name="Bowersville" votes="1" />
            <Precinct name="Shoal Creek" votes="1" />
            <Precinct name="Bio" votes="1" />
        </VoteType>
        <VoteType name="Number of Precincts Reporting" votes="7">
            <Precinct name="Hartwell" votes="1" />
            <Precinct name="Goldmine" votes="1" />
            <Precinct name="Cokesbury" votes="1" />
            <Precinct name="Reed Creek" votes="1" />
            <Precinct name="Bowersville" votes="1" />
            <Precinct name="Shoal Creek" votes="1" />
            <Precinct name="Bio" votes="1" />
        </VoteType>
        <Choice key="10" text="DONALD J. TRUMP" totalVotes="7286">
            <VoteType name="Election Day" votes="3047">
                <Precinct name="Hartwell" votes="704" />
                <Precinct name="Goldmine" votes="444" />
                <Precinct name="Cokesbury" votes="199" />
                <Precinct name="Reed Creek" votes="622" />
                <Precinct name="Bowersville" votes="392" />
                <Precinct name="Shoal Creek" votes="373" />
                <Precinct name="Bio" votes="313" />
            </VoteType>
            <VoteType name="Absentee by Mail" votes="297">
                <Precinct name="Hartwell" votes="119" />
                <Precinct name="Goldmine" votes="30" />
                <Precinct name="Cokesbury" votes="11" />
                <Precinct name="Reed Creek" votes="56" />
                <Precinct name="Bowersville" votes="16" />
                <Precinct name="Shoal Creek" votes="43" />
                <Precinct name="Bio" votes="22" />
            </VoteType>
            <VoteType name="Advance in Person" votes="3941">
                <Precinct name="Hartwell" votes="1773" />
                <Precinct name="Goldmine" votes="369" />
                <Precinct name="Cokesbury" votes="175" />
                <Precinct name="Reed Creek" votes="783" />
                <Precinct name="Bowersville" votes="229" />
                <Precinct name="Shoal Creek" votes="348" />
                <Precinct name="Bio" votes="264" />
            </VoteType>
            <VoteType name="Provisional" votes="1">
                <Precinct name="Hartwell" votes="0" />
                <Precinct name="Goldmine" votes="0" />
                <Precinct name="Cokesbury" votes="0" />
                <Precinct name="Reed Creek" votes="1" />
                <Precinct name="Bowersville" votes="0" />
                <Precinct name="Shoal Creek" votes="0" />
                <Precinct name="Bio" votes="0" />
            </VoteType>
        </Choice>
        <Choice key="20" text="HILLARY CLINTON" totalVotes="2585">
            <VoteType name="Election Day" votes="1019">
                <Precinct name="Hartwell" votes="357" />
                <Precinct name="Goldmine" votes="110" />
                <Precinct name="Cokesbury" votes="146" />
                <Precinct name="Reed Creek" votes="131" />
                <Precinct name="Bowersville" votes="91" />
                <Precinct name="Shoal Creek" votes="72" />
                <Precinct name="Bio" votes="112" />
            </VoteType>
            <VoteType name="Absentee by Mail" votes="182">
                <Precinct name="Hartwell" votes="132" />
                <Precinct name="Goldmine" votes="10" />
                <Precinct name="Cokesbury" votes="8" />
                <Precinct name="Reed Creek" votes="10" />
                <Precinct name="Bowersville" votes="5" />
                <Precinct name="Shoal Creek" votes="7" />
                <Precinct name="Bio" votes="10" />
            </VoteType>
            <VoteType name="Advance in Person" votes="1384">
                <Precinct name="Hartwell" votes="746" />
                <Precinct name="Goldmine" votes="87" />
                <Precinct name="Cokesbury" votes="152" />
                <Precinct name="Reed Creek" votes="183" />
                <Precinct name="Bowersville" votes="48" />
                <Precinct name="Shoal Creek" votes="53" />
                <Precinct name="Bio" votes="115" />
            </VoteType>
            <VoteType name="Provisional" votes="0">
                <Precinct name="Hartwell" votes="0" />
                <Precinct name="Goldmine" votes="0" />
                <Precinct name="Cokesbury" votes="0" />
                <Precinct name="Reed Creek" votes="0" />
                <Precinct name="Bowersville" votes="0" />
                <Precinct name="Shoal Creek" votes="0" />
                <Precinct name="Bio" votes="0" />
            </VoteType>
        </Choice>
        <Choice key="30" text="GARY JOHNSON" totalVotes="209">
            <VoteType name="Election Day" votes="106">
                <Precinct name="Hartwell" votes="34" />
                <Precinct name="Goldmine" votes="13" />
                <Precinct name="Cokesbury" votes="8" />
                <Precinct name="Reed Creek" votes="28" />
                <Precinct name="Bowersville" votes="8" />
                <Precinct name="Shoal Creek" votes="12" />
                <Precinct name="Bio" votes="3" />
            </VoteType>
            <VoteType name="Absentee by Mail" votes="10">
                <Precinct name="Hartwell" votes="3" />
                <Precinct name="Goldmine" votes="1" />
                <Precinct name="Cokesbury" votes="2" />
                <Precinct name="Reed Creek" votes="3" />
                <Precinct name="Bowersville" votes="1" />
                <Precinct name="Shoal Creek" votes="0" />
                <Precinct name="Bio" votes="0" />
            </VoteType>
            <VoteType name="Advance in Person" votes="93">
                <Precinct name="Hartwell" votes="43" />
                <Precinct name="Goldmine" votes="8" />
                <Precinct name="Cokesbury" votes="6" />
                <Precinct name="Reed Creek" votes="20" />
                <Precinct name="Bowersville" votes="0" />
                <Precinct name="Shoal Creek" votes="10" />
                <Precinct name="Bio" votes="6" />
            </VoteType>
            <VoteType name="Provisional" votes="0">
                <Precinct name="Hartwell" votes="0" />
                <Precinct name="Goldmine" votes="0" />
                <Precinct name="Cokesbury" votes="0" />
                <Precinct name="Reed Creek" votes="0" />
                <Precinct name="Bowersville" votes="0" />
                <Precinct name="Shoal Creek" votes="0" />
                <Precinct name="Bio" votes="0" />
            </VoteType>
        </Choice>
    </Contest>
    <Contest key="10" text="United States Senator, Isakson" isQuestion="false" precinctsReporting="7" precinctsReported="7">
        <VoteType name="Number of Precincts for Race" votes="7">
            <Precinct name="Hartwell" votes="1" />
            <Precinct name="Goldmine" votes="1" />
            <Precinct name="Cokesbury" votes="1" />
            <Precinct name="Reed Creek" votes="1" />
            <Precinct name="Bowersville" votes="1" />
            <Precinct name="Shoal Creek" votes="1" />
            <Precinct name="Bio" votes="1" />
        </VoteType>
        <VoteType name="Number of Precincts Reporting" votes="7">
            <Precinct name="Hartwell" votes="1" />
            <Precinct name="Goldmine" votes="1" />
            <Precinct name="Cokesbury" votes="1" />
            <Precinct name="Reed Creek" votes="1" />
            <Precinct name="Bowersville" votes="1" />
            <Precinct name="Shoal Creek" votes="1" />
            <Precinct name="Bio" votes="1" />
        </VoteType>
        <Choice key="10" text="JOHNNY ISAKSON (I)" totalVotes="6703">
            <VoteType name="Election Day" votes="2804">
                <Precinct name="Hartwell" votes="654" />
                <Precinct name="Goldmine" votes="422" />
                <Precinct name="Cokesbury" votes="195" />
                <Precinct name="Reed Creek" votes="569" />
                <Precinct name="Bowersville" votes="352" />
                <Precinct name="Shoal Creek" votes="333" />
                <Precinct name="Bio" votes="279" />
            </VoteType>
            <VoteType name="Absentee by Mail" votes="298">
                <Precinct name="Hartwell" votes="122" />
                <Precinct name="Goldmine" votes="31" />
                <Precinct name="Cokesbury" votes="11" />
                <Precinct name="Reed Creek" votes="57" />
                <Precinct name="Bowersville" votes="15" />
                <Precinct name="Shoal Creek" votes="39" />
                <Precinct name="Bio" votes="23" />
            </VoteType>
            <VoteType name="Advance in Person" votes="3601">
                <Precinct name="Hartwell" votes="1596" />
                <Precinct name="Goldmine" votes="349" />
                <Precinct name="Cokesbury" votes="159" />
                <Precinct name="Reed Creek" votes="732" />
                <Precinct name="Bowersville" votes="208" />
                <Precinct name="Shoal Creek" votes="322" />
                <Precinct name="Bio" votes="235" />
            </VoteType>
            <VoteType name="Provisional" votes="0">
                <Precinct name="Hartwell" votes="0" />
                <Precinct name="Goldmine" votes="0" />
                <Precinct name="Cokesbury" votes="0" />
                <Precinct name="Reed Creek" votes="0" />
                <Precinct name="Bowersville" votes="0" />
                <Precinct name="Shoal Creek" votes="0" />
                <Precinct name="Bio" votes="0" />
            </VoteType>
        </Choice>
        <Choice key="20" text="JIM BARKSDALE" totalVotes="2180">
            <VoteType name="Election Day" votes="870">
                <Precinct name="Hartwell" votes="296" />
                <Precinct name="Goldmine" votes="87" />
                <Precinct name="Cokesbury" votes="122" />
                <Precinct name="Reed Creek" votes="115" />
                <Precinct name="Bowersville" votes="89" />
                <Precinct name="Shoal Creek" votes="77" />
                <Precinct name="Bio" votes="84" />
            </VoteType>
            <VoteType name="Absentee by Mail" votes="158">
                <Precinct name="Hartwell" votes="115" />
                <Precinct name="Goldmine" votes="7" />
                <Precinct name="Cokesbury" votes="7" />
                <Precinct name="Reed Creek" votes="8" />
                <Precinct name="Bowersville" votes="6" />
                <Precinct name="Shoal Creek" votes="6" />
                <Precinct name="Bio" votes="9" />
            </VoteType>
            <VoteType name="Advance in Person" votes="1152">
                <Precinct name="Hartwell" votes="625" />
                <Precinct name="Goldmine" votes="81" />
                <Precinct name="Cokesbury" votes="126" />
                <Precinct name="Reed Creek" votes="144" />
                <Precinct name="Bowersville" votes="44" />
                <Precinct name="Shoal Creek" votes="47" />
                <Precinct name="Bio" votes="85" />
            </VoteType>
            <VoteType name="Provisional" votes="0">
                <Precinct name="Hartwell" votes="0" />
                <Precinct name="Goldmine" votes="0" />
                <Precinct name="Cokesbury" votes="0" />
                <Precinct name="Reed Creek" votes="0" />
                <Precinct name="Bowersville" votes="0" />
                <Precinct name="Shoal Creek" votes="0" />
                <Precinct name="Bio" votes="0" />
            </VoteType>
        </Choice>
        <Choice key="30" text="ALLEN BUCKLEY" totalVotes="345">
            <VoteType name="Election Day" votes="165">
                <Precinct name="Hartwell" votes="56" />
                <Precinct name="Goldmine" votes="24" />
                <Precinct name="Cokesbury" votes="8" />
                <Precinct name="Reed Creek" votes="37" />
                <Precinct name="Bowersville" votes="14" />
                <Precinct name="Shoal Creek" votes="11" />
                <Precinct name="Bio" votes="15" />
            </VoteType>
            <VoteType name="Absentee by Mail" votes="22">
                <Precinct name="Hartwell" votes="6" />
                <Precinct name="Goldmine" votes="4" />
                <Precinct name="Cokesbury" votes="2" />
                <Precinct name="Reed Creek" votes="3" />
                <Precinct name="Bowersville" votes="3" />
                <Precinct name="Shoal Creek" votes="3" />
                <Precinct name="Bio" votes="1" />
            </VoteType>
            <VoteType name="Advance in Person" votes="158">
                <Precinct name="Hartwell" votes="64" />
                <Precinct name="Goldmine" votes="16" />
                <Precinct name="Cokesbury" votes="10" />
                <Precinct name="Reed Creek" votes="28" />
                <Precinct name="Bowersville" votes="8" />
                <Precinct name="Shoal Creek" votes="15" />
                <Precinct name="Bio" votes="17" />
            </VoteType>
            <VoteType name="Provisional" votes="0">
                <Precinct name="Hartwell" votes="0" />
                <Precinct name="Goldmine" votes="0" />
                <Precinct name="Cokesbury" votes="0" />
                <Precinct name="Reed Creek" votes="0" />
                <Precinct name="Bowersville" votes="0" />
                <Precinct name="Shoal Creek" votes="0" />
                <Precinct name="Bio" votes="0" />
            </VoteType>
        </Choice>
    </Contest>
    <Contest key="30" text="Public Service Commission, District 2 - Eastern" isQuestion="false" precinctsReporting="7" precinctsReported="7">
        <VoteType name="Number of Precincts for Race" votes="7">
            <Precinct name="Hartwell" votes="1" />
            <Precinct name="Goldmine" votes="1" />
            <Precinct name="Cokesbury" votes="1" />
            <Precinct name="Reed Creek" votes="1" />
            <Precinct name="Bowersville" votes="1" />
            <Precinct name="Shoal Creek" votes="1" />
            <Precinct name="Bio" votes="1" />
        </VoteType>
        <VoteType name="Number of Precincts Reporting" votes="7">
            <Precinct name="Hartwell" votes="1" />
            <Precinct name="Goldmine" votes="1" />
            <Precinct name="Cokesbury" votes="1" />
            <Precinct name="Reed Creek" votes="1" />
            <Precinct name="Bowersville" votes="1" />
            <Precinct name="Shoal Creek" votes="1" />
            <Precinct name="Bio" votes="1" />
        </VoteType>
        <Choice key="10" text="TIM ECHOLS (I)" totalVotes="7258">
            <VoteType name="Election Day" votes="3047">
                <Precinct name="Hartwell" votes="732" />
                <Precinct name="Goldmine" votes="443" />
                <Precinct name="Cokesbury" votes="209" />
                <Precinct name="Reed Creek" votes="598" />
                <Precinct name="Bowersville" votes="377" />
                <Precinct name="Shoal Creek" votes="373" />
                <Precinct name="Bio" votes="315" />
            </VoteType>
            <VoteType name="Absentee by Mail" votes="323">
                <Precinct name="Hartwell" votes="145" />
                <Precinct name="Goldmine" votes="32" />
                <Precinct name="Cokesbury" votes="13" />
                <Precinct name="Reed Creek" votes="53" />
                <Precinct name="Bowersville" votes="20" />
                <Precinct name="Shoal Creek" votes="39" />
                <Precinct name="Bio" votes="21" />
            </VoteType>
            <VoteType name="Advance in Person" votes="3888">
                <Precinct name="Hartwell" votes="1727" />
                <Precinct name="Goldmine" votes="371" />
                <Precinct name="Cokesbury" votes="188" />
                <Precinct name="Reed Creek" votes="799" />
                <Precinct name="Bowersville" votes="220" />
                <Precinct name="Shoal Creek" votes="334" />
                <Precinct name="Bio" votes="249" />
            </VoteType>
            <VoteType name="Provisional" votes="0">
                <Precinct name="Hartwell" votes="0" />
                <Precinct name="Goldmine" votes="0" />
                <Precinct name="Cokesbury" votes="0" />
                <Precinct name="Reed Creek" votes="0" />
                <Precinct name="Bowersville" votes="0" />
                <Precinct name="Shoal Creek" votes="0" />
                <Precinct name="Bio" votes="0" />
            </VoteType>
        </Choice>
        <Choice key="20" text="ERIC HOSKINS" totalVotes="1497">
            <VoteType name="Election Day" votes="659">
                <Precinct name="Hartwell" votes="215" />
                <Precinct name="Goldmine" votes="82" />
                <Precinct name="Cokesbury" votes="83" />
                <Precinct name="Reed Creek" votes="110" />
                <Precinct name="Bowersville" votes="63" />
                <Precinct name="Shoal Creek" votes="55" />
                <Precinct name="Bio" votes="51" />
            </VoteType>
            <VoteType name="Absentee by Mail" votes="105">
                <Precinct name="Hartwell" votes="62" />
                <Precinct name="Goldmine" votes="6" />
                <Precinct name="Cokesbury" votes="5" />
                <Precinct name="Reed Creek" votes="13" />
                <Precinct name="Bowersville" votes="3" />
                <Precinct name="Shoal Creek" votes="10" />
                <Precinct name="Bio" votes="6" />
            </VoteType>
            <VoteType name="Advance in Person" votes="733">
                <Precinct name="Hartwell" votes="372" />
                <Precinct name="Goldmine" votes="52" />
                <Precinct name="Cokesbury" votes="70" />
                <Precinct name="Reed Creek" votes="106" />
                <Precinct name="Bowersville" votes="26" />
                <Precinct name="Shoal Creek" votes="45" />
                <Precinct name="Bio" votes="62" />
            </VoteType>
            <VoteType name="Provisional" votes="0">
                <Precinct name="Hartwell" votes="0" />
                <Precinct name="Goldmine" votes="0" />
                <Precinct name="Cokesbury" votes="0" />
                <Precinct name="Reed Creek" votes="0" />
                <Precinct name="Bowersville" votes="0" />
                <Precinct name="Shoal Creek" votes="0" />
                <Precinct name="Bio" votes="0" />
            </VoteType>
        </Choice>
    </Contest>
    <Contest key="50" text="U.S. Representative, District 9" isQuestion="false" precinctsReporting="7" precinctsReported="7">
        <VoteType name="Number of Precincts for Race" votes="7">
            <Precinct name="Hartwell" votes="1" />
            <Precinct name="Goldmine" votes="1" />
            <Precinct name="Cokesbury" votes="1" />
            <Precinct name="Reed Creek" votes="1" />
            <Precinct name="Bowersville" votes="1" />
            <Precinct name="Shoal Creek" votes="1" />
            <Precinct name="Bio" votes="1" />
        </VoteType>
        <VoteType name="Number of Precincts Reporting" votes="7">
            <Precinct name="Hartwell" votes="1" />
            <Precinct name="Goldmine" votes="1" />
            <Precinct name="Cokesbury" votes="1" />
            <Precinct name="Reed Creek" votes="1" />
            <Precinct name="Bowersville" votes="1" />
            <Precinct name="Shoal Creek" votes="1" />
            <Precinct name="Bio" votes="1" />
        </VoteType>
        <Choice key="10" text="DOUG COLLINS (I)" totalVotes="8196">
            <VoteType name="Election Day" votes="3484">
                <Precinct name="Hartwell" votes="896" />
                <Precinct name="Goldmine" votes="486" />
                <Precinct name="Cokesbury" votes="265" />
                <Precinct name="Reed Creek" votes="663" />
                <Precinct name="Bowersville" votes="420" />
                <Precinct name="Shoal Creek" votes="406" />
                <Precinct name="Bio" votes="348" />
            </VoteType>
            <VoteType name="Absentee by Mail" votes="383">
                <Precinct name="Hartwell" votes="179" />
                <Precinct name="Goldmine" votes="38" />
                <Precinct name="Cokesbury" votes="15" />
                <Precinct name="Reed Creek" votes="60" />
                <Precinct name="Bowersville" votes="23" />
                <Precinct name="Shoal Creek" votes="46" />
                <Precinct name="Bio" votes="22" />
            </VoteType>
            <VoteType name="Advance in Person" votes="4329">
                <Precinct name="Hartwell" votes="1939" />
                <Precinct name="Goldmine" votes="411" />
                <Precinct name="Cokesbury" votes="228" />
                <Precinct name="Reed Creek" votes="868" />
                <Precinct name="Bowersville" votes="239" />
                <Precinct name="Shoal Creek" votes="357" />
                <Precinct name="Bio" votes="287" />
            </VoteType>
            <VoteType name="Provisional" votes="0">
                <Precinct name="Hartwell" votes="0" />
                <Precinct name="Goldmine" votes="0" />
                <Precinct name="Cokesbury" votes="0" />
                <Precinct name="Reed Creek" votes="0" />
                <Precinct name="Bowersville" votes="0" />
                <Precinct name="Shoal Creek" votes="0" />
                <Precinct name="Bio" votes="0" />
            </VoteType>
        </Choice>
    </Contest>
    <Contest key="70" text="State Senator, District 24" isQuestion="false" precinctsReporting="7" precinctsReported="7">
        <VoteType name="Number of Precincts for Race" votes="7">
            <Precinct name="Hartwell" votes="1" />
            <Precinct name="Goldmine" votes="1" />
            <Precinct name="Cokesbury" votes="1" />
            <Precinct name="Reed Creek" votes="1" />
            <Precinct name="Bowersville" votes="1" />
            <Precinct name="Shoal Creek" votes="1" />
            <Precinct name="Bio" votes="1" />
        </VoteType>
        <VoteType name="Number of Precincts Reporting" votes="7">
            <Precinct name="Hartwell" votes="1" />
            <Precinct name="Goldmine" votes="1" />
            <Precinct name="Cokesbury" votes="1" />
            <Precinct name="Reed Creek" votes="1" />
            <Precinct name="Bowersville" votes="1" />
            <Precinct name="Shoal Creek" votes="1" />
            <Precinct name="Bio" votes="1" />
        </VoteType>
        <Choice key="10" text="LEE ANDERSON" totalVotes="6112">
            <VoteType name="Election Day" votes="2607">
                <Precinct name="Hartwell" votes="586" />
                <Precinct name="Goldmine" votes="418" />
                <Precinct name="Cokesbury" votes="169" />
                <Precinct name="Reed Creek" votes="520" />
                <Precinct name="Bowersville" votes="334" />
                <Precinct name="Shoal Creek" votes="325" />
                <Precinct name="Bio" votes="255" />
            </VoteType>
            <VoteType name="Absentee by Mail" votes="256">
                <Precinct name="Hartwell" votes="94" />
                <Precinct name="Goldmine" votes="31" />
                <Precinct name="Cokesbury" votes="10" />
                <Precinct name="Reed Creek" votes="50" />
                <Precinct name="Bowersville" votes="15" />
                <Precinct name="Shoal Creek" votes="33" />
                <Precinct name="Bio" votes="23" />
            </VoteType>
            <VoteType name="Advance in Person" votes="3249">
                <Precinct name="Hartwell" votes="1374" />
                <Precinct name="Goldmine" votes="324" />
                <Precinct name="Cokesbury" votes="152" />
                <Precinct name="Reed Creek" votes="694" />
                <Precinct name="Bowersville" votes="189" />
                <Precinct name="Shoal Creek" votes="295" />
                <Precinct name="Bio" votes="221" />
            </VoteType>
            <VoteType name="Provisional" votes="0">
                <Precinct name="Hartwell" votes="0" />
                <Precinct name="Goldmine" votes="0" />
                <Precinct name="Cokesbury" votes="0" />
                <Precinct name="Reed Creek" votes="0" />
                <Precinct name="Bowersville" votes="0" />
                <Precinct name="Shoal Creek" votes="0" />
                <Precinct name="Bio" votes="0" />
            </VoteType>
        </Choice>
        <Choice key="20" text="BRENDA J. JORDAN" totalVotes="3566">
            <VoteType name="Election Day" votes="1419">
                <Precinct name="Hartwell" votes="471" />
                <Precinct name="Goldmine" votes="136" />
                <Precinct name="Cokesbury" votes="174" />
                <Precinct name="Reed Creek" votes="229" />
                <Precinct name="Bowersville" votes="135" />
                <Precinct name="Shoal Creek" votes="122" />
                <Precinct name="Bio" votes="152" />
            </VoteType>
            <VoteType name="Absentee by Mail" votes="217">
                <Precinct name="Hartwell" votes="151" />
                <Precinct name="Goldmine" votes="9" />
                <Precinct name="Cokesbury" votes="10" />
                <Precinct name="Reed Creek" votes="13" />
                <Precinct name="Bowersville" votes="9" />
                <Precinct name="Shoal Creek" votes="16" />
                <Precinct name="Bio" votes="9" />
            </VoteType>
            <VoteType name="Advance in Person" votes="1930">
                <Precinct name="Hartwell" votes="1064" />
                <Precinct name="Goldmine" votes="124" />
                <Precinct name="Cokesbury" votes="170" />
                <Precinct name="Reed Creek" votes="244" />
                <Precinct name="Bowersville" votes="81" />
                <Precinct name="Shoal Creek" votes="104" />
                <Precinct name="Bio" votes="143" />
            </VoteType>
            <VoteType name="Provisional" votes="0">
                <Precinct name="Hartwell" votes="0" />
                <Precinct name="Goldmine" votes="0" />
                <Precinct name="Cokesbury" votes="0" />
                <Precinct name="Reed Creek" votes="0" />
                <Precinct name="Bowersville" votes="0" />
                <Precinct name="Shoal Creek" votes="0" />
                <Precinct name="Bio" votes="0" />
            </VoteType>
        </Choice>
    </Contest>
    <Contest key="90" text="State Representative, District 32" isQuestion="false" precinctsReporting="7" precinctsReported="7">
        <VoteType name="Number of Precincts for Race" votes="7">
            <Precinct name="Hartwell" votes="1" />
            <Precinct name="Goldmine" votes="1" />
            <Precinct name="Cokesbury" votes="1" />
            <Precinct name="Reed Creek" votes="1" />
            <Precinct name="Bowersville" votes="1" />
            <Precinct name="Shoal Creek" votes="1" />
            <Precinct name="Bio" votes="1" />
        </VoteType>
        <VoteType name="Number of Precincts Reporting" votes="7">
            <Precinct name="Hartwell" votes="1" />
            <Precinct name="Goldmine" votes="1" />
            <Precinct name="Cokesbury" votes="1" />
            <Precinct name="Reed Creek" votes="1" />
            <Precinct name="Bowersville" votes="1" />
            <Precinct name="Shoal Creek" votes="1" />
            <Precinct name="Bio" votes="1" />
        </VoteType>
        <Choice key="10" text="ALAN POWELL (I)" totalVotes="8611">
            <VoteType name="Election Day" votes="3653">
                <Precinct name="Hartwell" votes="954" />
                <Precinct name="Goldmine" votes="503" />
                <Precinct name="Cokesbury" votes="282" />
                <Precinct name="Reed Creek" votes="695" />
                <Precinct name="Bowersville" votes="430" />
                <Precinct name="Shoal Creek" votes="419" />
                <Precinct name="Bio" votes="370" />
            </VoteType>
            <VoteType name="Absentee by Mail" votes="403">
                <Precinct name="Hartwell" votes="197" />
                <Precinct name="Goldmine" votes="38" />
                <Precinct name="Cokesbury" votes="14" />
                <Precinct name="Reed Creek" votes="58" />
                <Precinct name="Bowersville" votes="23" />
                <Precinct name="Shoal Creek" votes="47" />
                <Precinct name="Bio" votes="26" />
            </VoteType>
            <VoteType name="Advance in Person" votes="4554">
                <Precinct name="Hartwell" votes="2086" />
                <Precinct name="Goldmine" votes="414" />
                <Precinct name="Cokesbury" votes="263" />
                <Precinct name="Reed Creek" votes="869" />
                <Precinct name="Bowersville" votes="249" />
                <Precinct name="Shoal Creek" votes="364" />
                <Precinct name="Bio" votes="309" />
            </VoteType>
            <VoteType name="Provisional" votes="1">
                <Precinct name="Hartwell" votes="0" />
                <Precinct name="Goldmine" votes="0" />
                <Precinct name="Cokesbury" votes="0" />
                <Precinct name="Reed Creek" votes="1" />
                <Precinct name="Bowersville" votes="0" />
                <Precinct name="Shoal Creek" votes="0" />
                <Precinct name="Bio" votes="0" />
            </VoteType>
        </Choice>
    </Contest>
    <Contest key="110" text="District Attorney, Northern Circuit" isQuestion="false" precinctsReporting="7" precinctsReported="7">
        <VoteType name="Number of Precincts for Race" votes="7">
            <Precinct name="Hartwell" votes="1" />
            <Precinct name="Goldmine" votes="1" />
            <Precinct name="Cokesbury" votes="1" />
            <Precinct name="Reed Creek" votes="1" />
            <Precinct name="Bowersville" votes="1" />
            <Precinct name="Shoal Creek" votes="1" />
            <Precinct name="Bio" votes="1" />
        </VoteType>
        <VoteType name="Number of Precincts Reporting" votes="7">
            <Precinct name="Hartwell" votes="1" />
            <Precinct name="Goldmine" votes="1" />
            <Precinct name="Cokesbury" votes="1" />
            <Precinct name="Reed Creek" votes="1" />
            <Precinct name="Bowersville" votes="1" />
            <Precinct name="Shoal Creek" votes="1" />
            <Precinct name="Bio" votes="1" />
        </VoteType>
        <Choice key="10" text="PARKS WHITE (I)" totalVotes="8082">
            <VoteType name="Election Day" votes="3438">
                <Precinct name="Hartwell" votes="879" />
                <Precinct name="Goldmine" votes="485" />
                <Precinct name="Cokesbury" votes="260" />
                <Precinct name="Reed Creek" votes="649" />
                <Precinct name="Bowersville" votes="421" />
                <Precinct name="Shoal Creek" votes="403" />
                <Precinct name="Bio" votes="341" />
            </VoteType>
            <VoteType name="Absentee by Mail" votes="386">
                <Precinct name="Hartwell" votes="184" />
                <Precinct name="Goldmine" votes="37" />
                <Precinct name="Cokesbury" votes="14" />
                <Precinct name="Reed Creek" votes="56" />
                <Precinct name="Bowersville" votes="22" />
                <Precinct name="Shoal Creek" votes="49" />
                <Precinct name="Bio" votes="24" />
            </VoteType>
            <VoteType name="Advance in Person" votes="4258">
                <Precinct name="Hartwell" votes="1947" />
                <Precinct name="Goldmine" votes="390" />
                <Precinct name="Cokesbury" votes="242" />
                <Precinct name="Reed Creek" votes="811" />
                <Precinct name="Bowersville" votes="223" />
                <Precinct name="Shoal Creek" votes="358" />
                <Precinct name="Bio" votes="287" />
            </VoteType>
            <VoteType name="Provisional" votes="0">
                <Precinct name="Hartwell" votes="0" />
                <Precinct name="Goldmine" votes="0" />
                <Precinct name="Cokesbury" votes="0" />
                <Precinct name="Reed Creek" votes="0" />
                <Precinct name="Bowersville" votes="0" />
                <Precinct name="Shoal Creek" votes="0" />
                <Precinct name="Bio" votes="0" />
            </VoteType>
        </Choice>
    </Contest>
    <Contest key="300" text="Superior Court Clerk" isQuestion="false" precinctsReporting="7" precinctsReported="7">
        <VoteType name="Number of Precincts for Race" votes="7">
            <Precinct name="Hartwell" votes="1" />
            <Precinct name="Goldmine" votes="1" />
            <Precinct name="Cokesbury" votes="1" />
            <Precinct name="Reed Creek" votes="1" />
            <Precinct name="Bowersville" votes="1" />
            <Precinct name="Shoal Creek" votes="1" />
            <Precinct name="Bio" votes="1" />
        </VoteType>
        <VoteType name="Number of Precincts Reporting" votes="7">
            <Precinct name="Hartwell" votes="1" />
            <Precinct name="Goldmine" votes="1" />
            <Precinct name="Cokesbury" votes="1" />
            <Precinct name="Reed Creek" votes="1" />
            <Precinct name="Bowersville" votes="1" />
            <Precinct name="Shoal Creek" votes="1" />
            <Precinct name="Bio" votes="1" />
        </VoteType>
        <Choice key="10" text="H. F. GRAY (I)(R)" totalVotes="8887">
            <VoteType name="Election Day" votes="3723">
                <Precinct name="Hartwell" votes="979" />
                <Precinct name="Goldmine" votes="510" />
                <Precinct name="Cokesbury" votes="298" />
                <Precinct name="Reed Creek" votes="706" />
                <Precinct name="Bowersville" votes="437" />
                <Precinct name="Shoal Creek" votes="415" />
                <Precinct name="Bio" votes="378" />
            </VoteType>
            <VoteType name="Absentee by Mail" votes="419">
                <Precinct name="Hartwell" votes="200" />
                <Precinct name="Goldmine" votes="39" />
                <Precinct name="Cokesbury" votes="16" />
                <Precinct name="Reed Creek" votes="64" />
                <Precinct name="Bowersville" votes="24" />
                <Precinct name="Shoal Creek" votes="47" />
                <Precinct name="Bio" votes="29" />
            </VoteType>
            <VoteType name="Advance in Person" votes="4744">
                <Precinct name="Hartwell" votes="2207" />
                <Precinct name="Goldmine" votes="411" />
                <Precinct name="Cokesbury" votes="282" />
                <Precinct name="Reed Creek" votes="910" />
                <Precinct name="Bowersville" votes="248" />
                <Precinct name="Shoal Creek" votes="372" />
                <Precinct name="Bio" votes="314" />
            </VoteType>
            <VoteType name="Provisional" votes="1">
                <Precinct name="Hartwell" votes="0" />
                <Precinct name="Goldmine" votes="0" />
                <Precinct name="Cokesbury" votes="0" />
                <Precinct name="Reed Creek" votes="1" />
                <Precinct name="Bowersville" votes="0" />
                <Precinct name="Shoal Creek" votes="0" />
                <Precinct name="Bio" votes="0" />
            </VoteType>
        </Choice>
    </Contest>
    <Contest key="320" text="Sheriff" isQuestion="false" precinctsReporting="7" precinctsReported="7">
        <VoteType name="Number of Precincts for Race" votes="7">
            <Precinct name="Hartwell" votes="1" />
            <Precinct name="Goldmine" votes="1" />
            <Precinct name="Cokesbury" votes="1" />
            <Precinct name="Reed Creek" votes="1" />
            <Precinct name="Bowersville" votes="1" />
            <Precinct name="Shoal Creek" votes="1" />
            <Precinct name="Bio" votes="1" />
        </VoteType>
        <VoteType name="Number of Precincts Reporting" votes="7">
            <Precinct name="Hartwell" votes="1" />
            <Precinct name="Goldmine" votes="1" />
            <Precinct name="Cokesbury" votes="1" />
            <Precinct name="Reed Creek" votes="1" />
            <Precinct name="Bowersville" votes="1" />
            <Precinct name="Shoal Creek" votes="1" />
            <Precinct name="Bio" votes="1" />
        </VoteType>
        <Choice key="10" text="M. CLEVELAND (I)(R)" totalVotes="9043">
            <VoteType name="Election Day" votes="3794">
                <Precinct name="Hartwell" votes="993" />
                <Precinct name="Goldmine" votes="516" />
                <Precinct name="Cokesbury" votes="297" />
                <Precinct name="Reed Creek" votes="718" />
                <Precinct name="Bowersville" votes="449" />
                <Precinct name="Shoal Creek" votes="425" />
                <Precinct name="Bio" votes="396" />
            </VoteType>
            <VoteType name="Absentee by Mail" votes="416">
                <Precinct name="Hartwell" votes="201" />
                <Precinct name="Goldmine" votes="38" />
                <Precinct name="Cokesbury" votes="15" />
                <Precinct name="Reed Creek" votes="62" />
                <Precinct name="Bowersville" votes="23" />
                <Precinct name="Shoal Creek" votes="47" />
                <Precinct name="Bio" votes="30" />
            </VoteType>
            <VoteType name="Advance in Person" votes="4832">
                <Precinct name="Hartwell" votes="2264" />
                <Precinct name="Goldmine" votes="413" />
                <Precinct name="Cokesbury" votes="289" />
                <Precinct name="Reed Creek" votes="916" />
                <Precinct name="Bowersville" votes="246" />
                <Precinct name="Shoal Creek" votes="377" />
                <Precinct name="Bio" votes="327" />
            </VoteType>
            <VoteType name="Provisional" votes="1">
                <Precinct name="Hartwell" votes="0" />
                <Precinct name="Goldmine" votes="0" />
                <Precinct name="Cokesbury" votes="0" />
                <Precinct name="Reed Creek" votes="1" />
                <Precinct name="Bowersville" votes="0" />
                <Precinct name="Shoal Creek" votes="0" />
                <Precinct name="Bio" votes="0" />
            </VoteType>
        </Choice>
    </Contest>
    <Contest key="340" text="Tax Commissioner" isQuestion="false" precinctsReporting="7" precinctsReported="7">
        <VoteType name="Number of Precincts for Race" votes="7">
            <Precinct name="Hartwell" votes="1" />
            <Precinct name="Goldmine" votes="1" />
            <Precinct name="Cokesbury" votes="1" />
            <Precinct name="Reed Creek" votes="1" />
            <Precinct name="Bowersville" votes="1" />
            <Precinct name="Shoal Creek" votes="1" />
            <Precinct name="Bio" votes="1" />
        </VoteType>
        <VoteType name="Number of Precincts Reporting" votes="7">
            <Precinct name="Hartwell" votes="1" />
            <Precinct name="Goldmine" votes="1" />
            <Precinct name="Cokesbury" votes="1" />
            <Precinct name="Reed Creek" votes="1" />
            <Precinct name="Bowersville" votes="1" />
            <Precinct name="Shoal Creek" votes="1" />
            <Precinct name="Bio" votes="1" />
        </VoteType>
        <Choice key="10" text="B. PIERCE (I)(R)" totalVotes="8728">
            <VoteType name="Election Day" votes="3672">
                <Precinct name="Hartwell" votes="950" />
                <Precinct name="Goldmine" votes="503" />
                <Precinct name="Cokesbury" votes="290" />
                <Precinct name="Reed Creek" votes="697" />
                <Precinct name="Bowersville" votes="443" />
                <Precinct name="Shoal Creek" votes="416" />
                <Precinct name="Bio" votes="373" />
            </VoteType>
            <VoteType name="Absentee by Mail" votes="408">
                <Precinct name="Hartwell" votes="190" />
                <Precinct name="Goldmine" votes="39" />
                <Precinct name="Cokesbury" votes="15" />
                <Precinct name="Reed Creek" votes="62" />
                <Precinct name="Bowersville" votes="24" />
                <Precinct name="Shoal Creek" votes="49" />
                <Precinct name="Bio" votes="29" />
            </VoteType>
            <VoteType name="Advance in Person" votes="4647">
                <Precinct name="Hartwell" votes="2151" />
                <Precinct name="Goldmine" votes="405" />
                <Precinct name="Cokesbury" votes="266" />
                <Precinct name="Reed Creek" votes="896" />
                <Precinct name="Bowersville" votes="245" />
                <Precinct name="Shoal Creek" votes="368" />
                <Precinct name="Bio" votes="316" />
            </VoteType>
            <VoteType name="Provisional" votes="1">
                <Precinct name="Hartwell" votes="0" />
                <Precinct name="Goldmine" votes="0" />
                <Precinct name="Cokesbury" votes="0" />
                <Precinct name="Reed Creek" votes="1" />
                <Precinct name="Bowersville" votes="0" />
                <Precinct name="Shoal Creek" votes="0" />
                <Precinct name="Bio" votes="0" />
            </VoteType>
        </Choice>
    </Contest>
    <Contest key="360" text="Surveyor" isQuestion="false" precinctsReporting="7" precinctsReported="7">
        <VoteType name="Number of Precincts for Race" votes="7">
            <Precinct name="Hartwell" votes="1" />
            <Precinct name="Goldmine" votes="1" />
            <Precinct name="Cokesbury" votes="1" />
            <Precinct name="Reed Creek" votes="1" />
            <Precinct name="Bowersville" votes="1" />
            <Precinct name="Shoal Creek" votes="1" />
            <Precinct name="Bio" votes="1" />
        </VoteType>
        <VoteType name="Number of Precincts Reporting" votes="7">
            <Precinct name="Hartwell" votes="1" />
            <Precinct name="Goldmine" votes="1" />
            <Precinct name="Cokesbury" votes="1" />
            <Precinct name="Reed Creek" votes="1" />
            <Precinct name="Bowersville" votes="1" />
            <Precinct name="Shoal Creek" votes="1" />
            <Precinct name="Bio" votes="1" />
        </VoteType>
        <Choice key="10" text="D. H. TEASLEY (I)(R)" totalVotes="8601">
            <VoteType name="Election Day" votes="3645">
                <Precinct name="Hartwell" votes="941" />
                <Precinct name="Goldmine" votes="503" />
                <Precinct name="Cokesbury" votes="286" />
                <Precinct name="Reed Creek" votes="695" />
                <Precinct name="Bowersville" votes="435" />
                <Precinct name="Shoal Creek" votes="413" />
                <Precinct name="Bio" votes="372" />
            </VoteType>
            <VoteType name="Absentee by Mail" votes="401">
                <Precinct name="Hartwell" votes="186" />
                <Precinct name="Goldmine" votes="39" />
                <Precinct name="Cokesbury" votes="15" />
                <Precinct name="Reed Creek" votes="64" />
                <Precinct name="Bowersville" votes="21" />
                <Precinct name="Shoal Creek" votes="47" />
                <Precinct name="Bio" votes="29" />
            </VoteType>
            <VoteType name="Advance in Person" votes="4555">
                <Precinct name="Hartwell" votes="2094" />
                <Precinct name="Goldmine" votes="404" />
                <Precinct name="Cokesbury" votes="270" />
                <Precinct name="Reed Creek" votes="883" />
                <Precinct name="Bowersville" votes="242" />
                <Precinct name="Shoal Creek" votes="364" />
                <Precinct name="Bio" votes="298" />
            </VoteType>
            <VoteType name="Provisional" votes="0">
                <Precinct name="Hartwell" votes="0" />
                <Precinct name="Goldmine" votes="0" />
                <Precinct name="Cokesbury" votes="0" />
                <Precinct name="Reed Creek" votes="0" />
                <Precinct name="Bowersville" votes="0" />
                <Precinct name="Shoal Creek" votes="0" />
                <Precinct name="Bio" votes="0" />
            </VoteType>
        </Choice>
    </Contest>
    <Contest key="390" text="Coroner" isQuestion="false" precinctsReporting="7" precinctsReported="7">
        <VoteType name="Number of Precincts for Race" votes="7">
            <Precinct name="Hartwell" votes="1" />
            <Precinct name="Goldmine" votes="1" />
            <Precinct name="Cokesbury" votes="1" />
            <Precinct name="Reed Creek" votes="1" />
            <Precinct name="Bowersville" votes="1" />
            <Precinct name="Shoal Creek" votes="1" />
            <Precinct name="Bio" votes="1" />
        </VoteType>
        <VoteType name="Number of Precincts Reporting" votes="7">
            <Precinct name="Hartwell" votes="1" />
            <Precinct name="Goldmine" votes="1" />
            <Precinct name="Cokesbury" votes="1" />
            <Precinct name="Reed Creek" votes="1" />
            <Precinct name="Bowersville" votes="1" />
            <Precinct name="Shoal Creek" votes="1" />
            <Precinct name="Bio" votes="1" />
        </VoteType>
        <Choice key="10" text="M. ADAMS (I)(D)" totalVotes="8122">
            <VoteType name="Election Day" votes="3439">
                <Precinct name="Hartwell" votes="917" />
                <Precinct name="Goldmine" votes="464" />
                <Precinct name="Cokesbury" votes="292" />
                <Precinct name="Reed Creek" votes="635" />
                <Precinct name="Bowersville" votes="402" />
                <Precinct name="Shoal Creek" votes="373" />
                <Precinct name="Bio" votes="356" />
            </VoteType>
            <VoteType name="Absentee by Mail" votes="392">
                <Precinct name="Hartwell" votes="195" />
                <Precinct name="Goldmine" votes="38" />
                <Precinct name="Cokesbury" votes="14" />
                <Precinct name="Reed Creek" votes="53" />
                <Precinct name="Bowersville" votes="22" />
                <Precinct name="Shoal Creek" votes="46" />
                <Precinct name="Bio" votes="24" />
            </VoteType>
            <VoteType name="Advance in Person" votes="4290">
                <Precinct name="Hartwell" votes="2057" />
                <Precinct name="Goldmine" votes="362" />
                <Precinct name="Cokesbury" votes="268" />
                <Precinct name="Reed Creek" votes="749" />
                <Precinct name="Bowersville" votes="227" />
                <Precinct name="Shoal Creek" votes="331" />
                <Precinct name="Bio" votes="296" />
            </VoteType>
            <VoteType name="Provisional" votes="1">
                <Precinct name="Hartwell" votes="0" />
                <Precinct name="Goldmine" votes="0" />
                <Precinct name="Cokesbury" votes="0" />
                <Precinct name="Reed Creek" votes="1" />
                <Precinct name="Bowersville" votes="0" />
                <Precinct name="Shoal Creek" votes="0" />
                <Precinct name="Bio" votes="0" />
            </VoteType>
        </Choice>
    </Contest>
    <Contest key="400" text="County Comm 1" isQuestion="false" precinctsReporting="3" precinctsReported="3">
        <VoteType name="Number of Precincts for Race" votes="3">
            <Precinct name="Hartwell" votes="1" />
            <Precinct name="Cokesbury" votes="1" />
            <Precinct name="Bio" votes="1" />
        </VoteType>
        <VoteType name="Number of Precincts Reporting" votes="3">
            <Precinct name="Hartwell" votes="1" />
            <Precinct name="Cokesbury" votes="1" />
            <Precinct name="Bio" votes="1" />
        </VoteType>
        <Choice key="10" text="M. BENNETT (R)" totalVotes="711">
            <VoteType name="Election Day" votes="275">
                <Precinct name="Hartwell" votes="147" />
                <Precinct name="Cokesbury" votes="110" />
                <Precinct name="Bio" votes="18" />
            </VoteType>
            <VoteType name="Absentee by Mail" votes="19">
                <Precinct name="Hartwell" votes="12" />
                <Precinct name="Cokesbury" votes="5" />
                <Precinct name="Bio" votes="2" />
            </VoteType>
            <VoteType name="Advance in Person" votes="417">
                <Precinct name="Hartwell" votes="287" />
                <Precinct name="Cokesbury" votes="112" />
                <Precinct name="Bio" votes="18" />
            </VoteType>
            <VoteType name="Provisional" votes="0">
                <Precinct name="Hartwell" votes="0" />
                <Precinct name="Cokesbury" votes="0" />
                <Precinct name="Bio" votes="0" />
            </VoteType>
        </Choice>
        <Choice key="20" text="R. C. OGLESBY (I)(D)" totalVotes="928">
            <VoteType name="Election Day" votes="342">
                <Precinct name="Hartwell" votes="182" />
                <Precinct name="Cokesbury" votes="126" />
                <Precinct name="Bio" votes="34" />
            </VoteType>
            <VoteType name="Absentee by Mail" votes="91">
                <Precinct name="Hartwell" votes="79" />
                <Precinct name="Cokesbury" votes="7" />
                <Precinct name="Bio" votes="5" />
            </VoteType>
            <VoteType name="Advance in Person" votes="495">
                <Precinct name="Hartwell" votes="320" />
                <Precinct name="Cokesbury" votes="124" />
                <Precinct name="Bio" votes="51" />
            </VoteType>
            <VoteType name="Provisional" votes="0">
                <Precinct name="Hartwell" votes="0" />
                <Precinct name="Cokesbury" votes="0" />
                <Precinct name="Bio" votes="0" />
            </VoteType>
        </Choice>
    </Contest>
    <Contest key="420" text="County Comm 3" isQuestion="false" precinctsReporting="2" precinctsReported="2">
        <VoteType name="Number of Precincts for Race" votes="2">
            <Precinct name="Hartwell" votes="1" />
            <Precinct name="Bowersville" votes="1" />
        </VoteType>
        <VoteType name="Number of Precincts Reporting" votes="2">
            <Precinct name="Hartwell" votes="1" />
            <Precinct name="Bowersville" votes="1" />
        </VoteType>
        <Choice key="10" text="M. SAYER (R)" totalVotes="1612">
            <VoteType name="Election Day" votes="535">
                <Precinct name="Hartwell" votes="389" />
                <Precinct name="Bowersville" votes="146" />
            </VoteType>
            <VoteType name="Absentee by Mail" votes="114">
                <Precinct name="Hartwell" votes="99" />
                <Precinct name="Bowersville" votes="15" />
            </VoteType>
            <VoteType name="Advance in Person" votes="963">
                <Precinct name="Hartwell" votes="884" />
                <Precinct name="Bowersville" votes="79" />
            </VoteType>
            <VoteType name="Provisional" votes="0">
                <Precinct name="Hartwell" votes="0" />
                <Precinct name="Bowersville" votes="0" />
            </VoteType>
        </Choice>
    </Contest>
    <Contest key="440" text="County Comm 5" isQuestion="false" precinctsReporting="3" precinctsReported="3">
        <VoteType name="Number of Precincts for Race" votes="3">
            <Precinct name="Goldmine" votes="1" />
            <Precinct name="Bowersville" votes="1" />
            <Precinct name="Bio" votes="1" />
        </VoteType>
        <VoteType name="Number of Precincts Reporting" votes="3">
            <Precinct name="Goldmine" votes="1" />
            <Precinct name="Bowersville" votes="1" />
            <Precinct name="Bio" votes="1" />
        </VoteType>
        <Choice key="10" text="J. DORSEY (I)(R)" totalVotes="1660">
            <VoteType name="Election Day" votes="881">
                <Precinct name="Goldmine" votes="495" />
                <Precinct name="Bowersville" votes="63" />
                <Precinct name="Bio" votes="323" />
            </VoteType>
            <VoteType name="Absentee by Mail" votes="60">
                <Precinct name="Goldmine" votes="37" />
                <Precinct name="Bowersville" votes="2" />
                <Precinct name="Bio" votes="21" />
            </VoteType>
            <VoteType name="Advance in Person" votes="719">
                <Precinct name="Goldmine" votes="395" />
                <Precinct name="Bowersville" votes="66" />
                <Precinct name="Bio" votes="258" />
            </VoteType>
            <VoteType name="Provisional" votes="0">
                <Precinct name="Goldmine" votes="0" />
                <Precinct name="Bowersville" votes="0" />
                <Precinct name="Bio" votes="0" />
            </VoteType>
        </Choice>
    </Contest>
    <Contest key="470" text="BOE 1" isQuestion="false" precinctsReporting="3" precinctsReported="3">
        <VoteType name="Number of Precincts for Race" votes="3">
            <Precinct name="Hartwell" votes="1" />
            <Precinct name="Cokesbury" votes="1" />
            <Precinct name="Bio" votes="1" />
        </VoteType>
        <VoteType name="Number of Precincts Reporting" votes="3">
            <Precinct name="Hartwell" votes="1" />
            <Precinct name="Cokesbury" votes="1" />
            <Precinct name="Bio" votes="1" />
        </VoteType>
        <Choice key="10" text="S. BURTON (I)(D)" totalVotes="1371">
            <VoteType name="Election Day" votes="522">
                <Precinct name="Hartwell" votes="281" />
                <Precinct name="Cokesbury" votes="197" />
                <Precinct name="Bio" votes="44" />
            </VoteType>
            <VoteType name="Absentee by Mail" votes="69">
                <Precinct name="Hartwell" votes="55" />
                <Precinct name="Cokesbury" votes="8" />
                <Precinct name="Bio" votes="6" />
            </VoteType>
            <VoteType name="Advance in Person" votes="780">
                <Precinct name="Hartwell" votes="516" />
                <Precinct name="Cokesbury" votes="202" />
                <Precinct name="Bio" votes="62" />
            </VoteType>
            <VoteType name="Provisional" votes="0">
                <Precinct name="Hartwell" votes="0" />
                <Precinct name="Cokesbury" votes="0" />
                <Precinct name="Bio" votes="0" />
            </VoteType>
        </Choice>
    </Contest>
    <Contest key="480" text="BOE 3" isQuestion="false" precinctsReporting="2" precinctsReported="2">
        <VoteType name="Number of Precincts for Race" votes="2">
            <Precinct name="Hartwell" votes="1" />
            <Precinct name="Bowersville" votes="1" />
        </VoteType>
        <VoteType name="Number of Precincts Reporting" votes="2">
            <Precinct name="Hartwell" votes="1" />
            <Precinct name="Bowersville" votes="1" />
        </VoteType>
        <Choice key="10" text="K. H. PIERCE (R)" totalVotes="1587">
            <VoteType name="Election Day" votes="534">
                <Precinct name="Hartwell" votes="392" />
                <Precinct name="Bowersville" votes="142" />
            </VoteType>
            <VoteType name="Absentee by Mail" votes="107">
                <Precinct name="Hartwell" votes="93" />
                <Precinct name="Bowersville" votes="14" />
            </VoteType>
            <VoteType name="Advance in Person" votes="946">
                <Precinct name="Hartwell" votes="872" />
                <Precinct name="Bowersville" votes="74" />
            </VoteType>
            <VoteType name="Provisional" votes="0">
                <Precinct name="Hartwell" votes="0" />
                <Precinct name="Bowersville" votes="0" />
            </VoteType>
        </Choice>
    </Contest>
    <Contest key="500" text="BOE 5" isQuestion="false" precinctsReporting="3" precinctsReported="3">
        <VoteType name="Number of Precincts for Race" votes="3">
            <Precinct name="Goldmine" votes="1" />
            <Precinct name="Bowersville" votes="1" />
            <Precinct name="Bio" votes="1" />
        </VoteType>
        <VoteType name="Number of Precincts Reporting" votes="3">
            <Precinct name="Goldmine" votes="1" />
            <Precinct name="Bowersville" votes="1" />
            <Precinct name="Bio" votes="1" />
        </VoteType>
        <Choice key="10" text="D. DOWELL (R)" totalVotes="1635">
            <VoteType name="Election Day" votes="862">
                <Precinct name="Goldmine" votes="486" />
                <Precinct name="Bowersville" votes="62" />
                <Precinct name="Bio" votes="314" />
            </VoteType>
            <VoteType name="Absentee by Mail" votes="61">
                <Precinct name="Goldmine" votes="37" />
                <Precinct name="Bowersville" votes="2" />
                <Precinct name="Bio" votes="22" />
            </VoteType>
            <VoteType name="Advance in Person" votes="712">
                <Precinct name="Goldmine" votes="397" />
                <Precinct name="Bowersville" votes="66" />
                <Precinct name="Bio" votes="249" />
            </VoteType>
            <VoteType name="Provisional" votes="0">
                <Precinct name="Goldmine" votes="0" />
                <Precinct name="Bowersville" votes="0" />
                <Precinct name="Bio" votes="0" />
            </VoteType>
        </Choice>
    </Contest>
    <Contest key="600" text="Constitutional Amendment #1&lt;br&gt;Provides greater flexibility and state accountability to fix failing schools through increasing community involvement." isQuestion="false" precinctsReporting="7" precinctsReported="7">
        <VoteType name="Number of Precincts for Race" votes="7">
            <Precinct name="Hartwell" votes="1" />
            <Precinct name="Goldmine" votes="1" />
            <Precinct name="Cokesbury" votes="1" />
            <Precinct name="Reed Creek" votes="1" />
            <Precinct name="Bowersville" votes="1" />
            <Precinct name="Shoal Creek" votes="1" />
            <Precinct name="Bio" votes="1" />
        </VoteType>
        <VoteType name="Number of Precincts Reporting" votes="7">
            <Precinct name="Hartwell" votes="1" />
            <Precinct name="Goldmine" votes="1" />
            <Precinct name="Cokesbury" votes="1" />
            <Precinct name="Reed Creek" votes="1" />
            <Precinct name="Bowersville" votes="1" />
            <Precinct name="Shoal Creek" votes="1" />
            <Precinct name="Bio" votes="1" />
        </VoteType>
        <Choice key="10" text="YES" totalVotes="3856">
            <VoteType name="Election Day" votes="1587">
                <Precinct name="Hartwell" votes="458" />
                <Precinct name="Goldmine" votes="222" />
                <Precinct name="Cokesbury" votes="126" />
                <Precinct name="Reed Creek" votes="293" />
                <Precinct name="Bowersville" votes="164" />
                <Precinct name="Shoal Creek" votes="158" />
                <Precinct name="Bio" votes="166" />
            </VoteType>
            <VoteType name="Absentee by Mail" votes="216">
                <Precinct name="Hartwell" votes="100" />
                <Precinct name="Goldmine" votes="16" />
                <Precinct name="Cokesbury" votes="10" />
                <Precinct name="Reed Creek" votes="40" />
                <Precinct name="Bowersville" votes="13" />
                <Precinct name="Shoal Creek" votes="27" />
                <Precinct name="Bio" votes="10" />
            </VoteType>
            <VoteType name="Advance in Person" votes="2052">
                <Precinct name="Hartwell" votes="974" />
                <Precinct name="Goldmine" votes="173" />
                <Precinct name="Cokesbury" votes="119" />
                <Precinct name="Reed Creek" votes="403" />
                <Precinct name="Bowersville" votes="85" />
                <Precinct name="Shoal Creek" votes="157" />
                <Precinct name="Bio" votes="141" />
            </VoteType>
            <VoteType name="Provisional" votes="1">
                <Precinct name="Hartwell" votes="0" />
                <Precinct name="Goldmine" votes="0" />
                <Precinct name="Cokesbury" votes="0" />
                <Precinct name="Reed Creek" votes="1" />
                <Precinct name="Bowersville" votes="0" />
                <Precinct name="Shoal Creek" votes="0" />
                <Precinct name="Bio" votes="0" />
            </VoteType>
        </Choice>
        <Choice key="20" text="NO" totalVotes="5760">
            <VoteType name="Election Day" votes="2439">
                <Precinct name="Hartwell" votes="608" />
                <Precinct name="Goldmine" votes="335" />
                <Precinct name="Cokesbury" votes="212" />
                <Precinct name="Reed Creek" votes="455" />
                <Precinct name="Bowersville" votes="305" />
                <Precinct name="Shoal Creek" votes="280" />
                <Precinct name="Bio" votes="244" />
            </VoteType>
            <VoteType name="Absentee by Mail" votes="214">
                <Precinct name="Hartwell" votes="111" />
                <Precinct name="Goldmine" votes="24" />
                <Precinct name="Cokesbury" votes="8" />
                <Precinct name="Reed Creek" votes="23" />
                <Precinct name="Bowersville" votes="8" />
                <Precinct name="Shoal Creek" votes="22" />
                <Precinct name="Bio" votes="18" />
            </VoteType>
            <VoteType name="Advance in Person" votes="3107">
                <Precinct name="Hartwell" votes="1451" />
                <Precinct name="Goldmine" votes="281" />
                <Precinct name="Cokesbury" votes="195" />
                <Precinct name="Reed Creek" votes="535" />
                <Precinct name="Bowersville" votes="181" />
                <Precinct name="Shoal Creek" votes="243" />
                <Precinct name="Bio" votes="221" />
            </VoteType>
            <VoteType name="Provisional" votes="0">
                <Precinct name="Hartwell" votes="0" />
                <Precinct name="Goldmine" votes="0" />
                <Precinct name="Cokesbury" votes="0" />
                <Precinct name="Reed Creek" votes="0" />
                <Precinct name="Bowersville" votes="0" />
                <Precinct name="Shoal Creek" votes="0" />
                <Precinct name="Bio" votes="0" />
            </VoteType>
        </Choice>
    </Contest>
    <Contest key="610" text="Constitutional Amendment #2&lt;br&gt;Authorizes penalties for sexual exploitation and assessments on adult entertainment to fund child victims' services." isQuestion="false" precinctsReporting="7" precinctsReported="7">
        <VoteType name="Number of Precincts for Race" votes="7">
            <Precinct name="Hartwell" votes="1" />
            <Precinct name="Goldmine" votes="1" />
            <Precinct name="Cokesbury" votes="1" />
            <Precinct name="Reed Creek" votes="1" />
            <Precinct name="Bowersville" votes="1" />
            <Precinct name="Shoal Creek" votes="1" />
            <Precinct name="Bio" votes="1" />
        </VoteType>
        <VoteType name="Number of Precincts Reporting" votes="7">
            <Precinct name="Hartwell" votes="1" />
            <Precinct name="Goldmine" votes="1" />
            <Precinct name="Cokesbury" votes="1" />
            <Precinct name="Reed Creek" votes="1" />
            <Precinct name="Bowersville" votes="1" />
            <Precinct name="Shoal Creek" votes="1" />
            <Precinct name="Bio" votes="1" />
        </VoteType>
        <Choice key="10" text="YES" totalVotes="7744">
            <VoteType name="Election Day" votes="3283">
                <Precinct name="Hartwell" votes="884" />
                <Precinct name="Goldmine" votes="459" />
                <Precinct name="Cokesbury" votes="270" />
                <Precinct name="Reed Creek" votes="610" />
                <Precinct name="Bowersville" votes="384" />
                <Precinct name="Shoal Creek" votes="355" />
                <Precinct name="Bio" votes="321" />
            </VoteType>
            <VoteType name="Absentee by Mail" votes="369">
                <Precinct name="Hartwell" votes="183" />
                <Precinct name="Goldmine" votes="30" />
                <Precinct name="Cokesbury" votes="14" />
                <Precinct name="Reed Creek" votes="56" />
                <Precinct name="Bowersville" votes="17" />
                <Precinct name="Shoal Creek" votes="44" />
                <Precinct name="Bio" votes="25" />
            </VoteType>
            <VoteType name="Advance in Person" votes="4091">
                <Precinct name="Hartwell" votes="1903" />
                <Precinct name="Goldmine" votes="368" />
                <Precinct name="Cokesbury" votes="253" />
                <Precinct name="Reed Creek" votes="766" />
                <Precinct name="Bowersville" votes="215" />
                <Precinct name="Shoal Creek" votes="318" />
                <Precinct name="Bio" votes="268" />
            </VoteType>
            <VoteType name="Provisional" votes="1">
                <Precinct name="Hartwell" votes="0" />
                <Precinct name="Goldmine" votes="0" />
                <Precinct name="Cokesbury" votes="0" />
                <Precinct name="Reed Creek" votes="1" />
                <Precinct name="Bowersville" votes="0" />
                <Precinct name="Shoal Creek" votes="0" />
                <Precinct name="Bio" votes="0" />
            </VoteType>
        </Choice>
        <Choice key="20" text="NO" totalVotes="1724">
            <VoteType name="Election Day" votes="698">
                <Precinct name="Hartwell" votes="166" />
                <Precinct name="Goldmine" votes="87" />
                <Precinct name="Cokesbury" votes="60" />
                <Precinct name="Reed Creek" votes="129" />
                <Precinct name="Bowersville" votes="91" />
                <Precinct name="Shoal Creek" votes="82" />
                <Precinct name="Bio" votes="83" />
            </VoteType>
            <VoteType name="Absentee by Mail" votes="56">
                <Precinct name="Hartwell" votes="30" />
                <Precinct name="Goldmine" votes="8" />
                <Precinct name="Cokesbury" votes="4" />
                <Precinct name="Reed Creek" votes="5" />
                <Precinct name="Bowersville" votes="4" />
                <Precinct name="Shoal Creek" votes="4" />
                <Precinct name="Bio" votes="1" />
            </VoteType>
            <VoteType name="Advance in Person" votes="970">
                <Precinct name="Hartwell" votes="464" />
                <Precinct name="Goldmine" votes="78" />
                <Precinct name="Cokesbury" votes="56" />
                <Precinct name="Reed Creek" votes="172" />
                <Precinct name="Bowersville" votes="47" />
                <Precinct name="Shoal Creek" votes="76" />
                <Precinct name="Bio" votes="77" />
            </VoteType>
            <VoteType name="Provisional" votes="0">
                <Precinct name="Hartwell" votes="0" />
                <Precinct name="Goldmine" votes="0" />
                <Precinct name="Cokesbury" votes="0" />
                <Precinct name="Reed Creek" votes="0" />
                <Precinct name="Bowersville" votes="0" />
                <Precinct name="Shoal Creek" votes="0" />
                <Precinct name="Bio" votes="0" />
            </VoteType>
        </Choice>
    </Contest>
    <Contest key="620" text="Constitutional Amendment #3&lt;br&gt;Reforms and re-establishes the Judicial Qualifications Commission and provides for its composition, governance, and powers." isQuestion="false" precinctsReporting="7" precinctsReported="7">
        <VoteType name="Number of Precincts for Race" votes="7">
            <Precinct name="Hartwell" votes="1" />
            <Precinct name="Goldmine" votes="1" />
            <Precinct name="Cokesbury" votes="1" />
            <Precinct name="Reed Creek" votes="1" />
            <Precinct name="Bowersville" votes="1" />
            <Precinct name="Shoal Creek" votes="1" />
            <Precinct name="Bio" votes="1" />
        </VoteType>
        <VoteType name="Number of Precincts Reporting" votes="7">
            <Precinct name="Hartwell" votes="1" />
            <Precinct name="Goldmine" votes="1" />
            <Precinct name="Cokesbury" votes="1" />
            <Precinct name="Reed Creek" votes="1" />
            <Precinct name="Bowersville" votes="1" />
            <Precinct name="Shoal Creek" votes="1" />
            <Precinct name="Bio" votes="1" />
        </VoteType>
        <Choice key="10" text="YES" totalVotes="5221">
            <VoteType name="Election Day" votes="2190">
                <Precinct name="Hartwell" votes="625" />
                <Precinct name="Goldmine" votes="305" />
                <Precinct name="Cokesbury" votes="172" />
                <Precinct name="Reed Creek" votes="411" />
                <Precinct name="Bowersville" votes="224" />
                <Precinct name="Shoal Creek" votes="247" />
                <Precinct name="Bio" votes="206" />
            </VoteType>
            <VoteType name="Absentee by Mail" votes="279">
                <Precinct name="Hartwell" votes="142" />
                <Precinct name="Goldmine" votes="19" />
                <Precinct name="Cokesbury" votes="12" />
                <Precinct name="Reed Creek" votes="41" />
                <Precinct name="Bowersville" votes="12" />
                <Precinct name="Shoal Creek" votes="35" />
                <Precinct name="Bio" votes="18" />
            </VoteType>
            <VoteType name="Advance in Person" votes="2752">
                <Precinct name="Hartwell" votes="1266" />
                <Precinct name="Goldmine" votes="263" />
                <Precinct name="Cokesbury" votes="172" />
                <Precinct name="Reed Creek" votes="526" />
                <Precinct name="Bowersville" votes="130" />
                <Precinct name="Shoal Creek" votes="222" />
                <Precinct name="Bio" votes="173" />
            </VoteType>
            <VoteType name="Provisional" votes="0">
                <Precinct name="Hartwell" votes="0" />
                <Precinct name="Goldmine" votes="0" />
                <Precinct name="Cokesbury" votes="0" />
                <Precinct name="Reed Creek" votes="0" />
                <Precinct name="Bowersville" votes="0" />
                <Precinct name="Shoal Creek" votes="0" />
                <Precinct name="Bio" votes="0" />
            </VoteType>
        </Choice>
        <Choice key="20" text="NO" totalVotes="3607">
            <VoteType name="Election Day" votes="1530">
                <Precinct name="Hartwell" votes="359" />
                <Precinct name="Goldmine" votes="208" />
                <Precinct name="Cokesbury" votes="138" />
                <Precinct name="Reed Creek" votes="283" />
                <Precinct name="Bowersville" votes="205" />
                <Precinct name="Shoal Creek" votes="173" />
                <Precinct name="Bio" votes="164" />
            </VoteType>
            <VoteType name="Absentee by Mail" votes="135">
                <Precinct name="Hartwell" votes="66" />
                <Precinct name="Goldmine" votes="13" />
                <Precinct name="Cokesbury" votes="6" />
                <Precinct name="Reed Creek" votes="20" />
                <Precinct name="Bowersville" votes="7" />
                <Precinct name="Shoal Creek" votes="13" />
                <Precinct name="Bio" votes="10" />
            </VoteType>
            <VoteType name="Advance in Person" votes="1942">
                <Precinct name="Hartwell" votes="919" />
                <Precinct name="Goldmine" votes="153" />
                <Precinct name="Cokesbury" votes="110" />
                <Precinct name="Reed Creek" votes="356" />
                <Precinct name="Bowersville" votes="111" />
                <Precinct name="Shoal Creek" votes="153" />
                <Precinct name="Bio" votes="140" />
            </VoteType>
            <VoteType name="Provisional" votes="0">
                <Precinct name="Hartwell" votes="0" />
                <Precinct name="Goldmine" votes="0" />
                <Precinct name="Cokesbury" votes="0" />
                <Precinct name="Reed Creek" votes="0" />
                <Precinct name="Bowersville" votes="0" />
                <Precinct name="Shoal Creek" votes="0" />
                <Precinct name="Bio" votes="0" />
            </VoteType>
        </Choice>
    </Contest>
    <Contest key="630" text="Constitutional Amendment #4&lt;br&gt;Dedicates revenue from existing taxes on fireworks to trauma care, fire services, and public safety." isQuestion="false" precinctsReporting="7" precinctsReported="7">
        <VoteType name="Number of Precincts for Race" votes="7">
            <Precinct name="Hartwell" votes="1" />
            <Precinct name="Goldmine" votes="1" />
            <Precinct name="Cokesbury" votes="1" />
            <Precinct name="Reed Creek" votes="1" />
            <Precinct name="Bowersville" votes="1" />
            <Precinct name="Shoal Creek" votes="1" />
            <Precinct name="Bio" votes="1" />
        </VoteType>
        <VoteType name="Number of Precincts Reporting" votes="7">
            <Precinct name="Hartwell" votes="1" />
            <Precinct name="Goldmine" votes="1" />
            <Precinct name="Cokesbury" votes="1" />
            <Precinct name="Reed Creek" votes="1" />
            <Precinct name="Bowersville" votes="1" />
            <Precinct name="Shoal Creek" votes="1" />
            <Precinct name="Bio" votes="1" />
        </VoteType>
        <Choice key="10" text="YES" totalVotes="7269">
            <VoteType name="Election Day" votes="3059">
                <Precinct name="Hartwell" votes="818" />
                <Precinct name="Goldmine" votes="420" />
                <Precinct name="Cokesbury" votes="262" />
                <Precinct name="Reed Creek" votes="583" />
                <Precinct name="Bowersville" votes="344" />
                <Precinct name="Shoal Creek" votes="356" />
                <Precinct name="Bio" votes="276" />
            </VoteType>
            <VoteType name="Absentee by Mail" votes="367">
                <Precinct name="Hartwell" votes="185" />
                <Precinct name="Goldmine" votes="29" />
                <Precinct name="Cokesbury" votes="15" />
                <Precinct name="Reed Creek" votes="52" />
                <Precinct name="Bowersville" votes="17" />
                <Precinct name="Shoal Creek" votes="44" />
                <Precinct name="Bio" votes="25" />
            </VoteType>
            <VoteType name="Advance in Person" votes="3842">
                <Precinct name="Hartwell" votes="1779" />
                <Precinct name="Goldmine" votes="334" />
                <Precinct name="Cokesbury" votes="235" />
                <Precinct name="Reed Creek" votes="748" />
                <Precinct name="Bowersville" votes="188" />
                <Precinct name="Shoal Creek" votes="309" />
                <Precinct name="Bio" votes="249" />
            </VoteType>
            <VoteType name="Provisional" votes="1">
                <Precinct name="Hartwell" votes="0" />
                <Precinct name="Goldmine" votes="0" />
                <Precinct name="Cokesbury" votes="0" />
                <Precinct name="Reed Creek" votes="1" />
                <Precinct name="Bowersville" votes="0" />
                <Precinct name="Shoal Creek" votes="0" />
                <Precinct name="Bio" votes="0" />
            </VoteType>
        </Choice>
        <Choice key="20" text="NO" totalVotes="2129">
            <VoteType name="Election Day" votes="875">
                <Precinct name="Hartwell" votes="219" />
                <Precinct name="Goldmine" votes="121" />
                <Precinct name="Cokesbury" votes="69" />
                <Precinct name="Reed Creek" votes="160" />
                <Precinct name="Bowersville" votes="109" />
                <Precinct name="Shoal Creek" votes="88" />
                <Precinct name="Bio" votes="109" />
            </VoteType>
            <VoteType name="Absentee by Mail" votes="60">
                <Precinct name="Hartwell" votes="26" />
                <Precinct name="Goldmine" votes="8" />
                <Precinct name="Cokesbury" votes="3" />
                <Precinct name="Reed Creek" votes="10" />
                <Precinct name="Bowersville" votes="4" />
                <Precinct name="Shoal Creek" votes="6" />
                <Precinct name="Bio" votes="3" />
            </VoteType>
            <VoteType name="Advance in Person" votes="1194">
                <Precinct name="Hartwell" votes="581" />
                <Precinct name="Goldmine" votes="110" />
                <Precinct name="Cokesbury" votes="67" />
                <Precinct name="Reed Creek" votes="192" />
                <Precinct name="Bowersville" votes="68" />
                <Precinct name="Shoal Creek" votes="85" />
                <Precinct name="Bio" votes="91" />
            </VoteType>
            <VoteType name="Provisional" votes="0">
                <Precinct name="Hartwell" votes="0" />
                <Precinct name="Goldmine" votes="0" />
                <Precinct name="Cokesbury" votes="0" />
                <Precinct name="Reed Creek" votes="0" />
                <Precinct name="Bowersville" votes="0" />
                <Precinct name="Shoal Creek" votes="0" />
                <Precinct name="Bio" votes="0" />
            </VoteType>
        </Choice>
    </Contest>
</ElectionResult>