"line number","contest name","choice name","party name","total votes","percent of votes","registered voters","ballots cast","num Precinct total","num Precinct rptg","over votes","under votes"
1,"President of the United States","DONALD J. TRUMP","",17874,76.37,30029,23682,19,19,"0","0"
2,"President of the United States","HILLARY CLINTON","",4853,20.73,30029,23682,19,19,"0","0"
3,"President of the United States","GARY JOHNSON","",679,2.90,30029,23682,19,19,"0","0"
4,"United States Senator, Isakson","JOHNNY ISAKSON (I)","",17389,77.97,30029,23682,19,19,"0","0"
5,"United States Senator, Isakson","JIM BARKSDALE","",4049,18.16,30029,23682,19,19,"0","0"
6,"United States Senator, Isakson","ALLEN BUCKLEY","",863,3.87,30029,23682,19,19,"0","0"
7,"Public Service Commission, District 2 - Eastern","TIM ECHOLS (I)","",18143,84.16,30029,23682,19,19,"0","0"
8,"Public Service Commission, District 2 - Eastern","ERIC HOSKINS","",3414,15.84,30029,23682,19,19,"0","0"
9,"U.S. Representative, District 1","EARL �BUDDY� CARTER (I)","",12994,100.00,18603,14793,11,11,"0","0"
10,"U.S. Representative, District 12","RICK ALLEN (I)","",6805,79.85,11426,8889,9,9,"0","0"
11,"U.S. Representative, District 12","PATRICIA C. MCCRACKEN","",1717,20.15,11426,8889,9,9,"0","0"
12,"State Senator, District 4","JACK HILL (I)","",20563,100.00,30029,23682,19,19,"0","0"
13,"State Representative, District 159","JON G. BURNS (I)","",8590,100.00,12691,9873,9,9,"0","0"
14,"State Representative, District 161","BILL HITCHENS (I)","",11911,100.00,17338,13809,10,10,"0","0"
15,"District Attorney, Ogeechee Circuit","RICHARD A MALLARD (I)","",20235,100.00,30029,23682,19,19,"0","0"
16,"Superior Court Clerk","E. Z. HURSEY (I)(D)","",17707,100.00,30029,23682,19,19,"0","0"
17,"Sheriff","J. MCDUFFIE (I)(R)","",21144,100.00,30029,23682,19,19,"0","0"
18,"Tax Commissioner","L. MCDANIEL (I)(R)","",20830,100.00,30029,23682,19,19,"0","0"
19,"Coroner","D. H. EXLEY (I)(R)","",20711,100.00,30029,23682,19,19,"0","0"
20,"County Comm Chair","W. CORBITT (R)","",20272,100.00,30029,23682,19,19,"0","0"
21,"County Comm 1","F. FLOYD (I)(R)","",3964,100.00,5678,4560,5,5,"0","0"
22,"County Comm 4","R. LOPER (I)(R)","",3654,100.00,5669,4332,4,4,"0","0"
23,"Soil and Water","J. DAVIS (I)","",18993,100.00,30029,23682,19,19,"0","0"
24,"Constitutional Amendment #1<br>Provides greater flexibility and state accountability to fix failing schools through increasing community involvement.","YES","",9441,41.14,30029,23682,19,19,"0","0"
25,"Constitutional Amendment #1<br>Provides greater flexibility and state accountability to fix failing schools through increasing community involvement.","NO","",13505,58.86,30029,23682,19,19,"0","0"
26,"Constitutional Amendment #2<br>Authorizes penalties for sexual exploitation and assessments on adult entertainment to fund child victims' services.","YES","",19813,87.06,30029,23682,19,19,"0","0"
27,"Constitutional Amendment #2<br>Authorizes penalties for sexual exploitation and assessments on adult entertainment to fund child victims' services.","NO","",2945,12.94,30029,23682,19,19,"0","0"
28,"Constitutional Amendment #3<br>Reforms and re-establishes the Judicial Qualifications Commission and provides for its composition, governance, and powers.","YES","",14407,67.55,30029,23682,19,19,"0","0"
29,"Constitutional Amendment #3<br>Reforms and re-establishes the Judicial Qualifications Commission and provides for its composition, governance, and powers.","NO","",6920,32.45,30029,23682,19,19,"0","0"
30,"Constitutional Amendment #4<br>Dedicates revenue from existing taxes on fireworks to trauma care, fire services, and public safety.","YES","",18656,82.96,30029,23682,19,19,"0","0"
31,"Constitutional Amendment #4<br>Dedicates revenue from existing taxes on fireworks to trauma care, fire services, and public safety.","NO","",3832,17.04,30029,23682,19,19,"0","0"
32,"SPLOST","YES","",12929,56.86,30029,23682,19,19,"0","0"
33,"SPLOST","NO","",9808,43.14,30029,23682,19,19,"0","0"
