"line number","contest name","choice name","party name","total votes","percent of votes","registered voters","ballots cast","num Precinct total","num Precinct rptg","over votes","under votes"
1,"President of the United States","DONALD J. TRUMP","",1007,85.63,1579,1184,1,1,"0","0"
2,"President of the United States","HILLARY CLINTON","",156,13.27,1579,1184,1,1,"0","0"
3,"President of the United States","GARY JOHNSON","",13,1.11,1579,1184,1,1,"0","0"
4,"United States Senator, Isakson","JOHNNY ISAKSON (I)","",874,82.07,1579,1184,1,1,"0","0"
5,"United States Senator, Isakson","JIM BARKSDALE","",146,13.71,1579,1184,1,1,"0","0"
6,"United States Senator, Isakson","ALLEN BUCKLEY","",45,4.23,1579,1184,1,1,"0","0"
7,"Public Service Commission, District 2 - Eastern","TIM ECHOLS (I)","",979,90.31,1579,1184,1,1,"0","0"
8,"Public Service Commission, District 2 - Eastern","ERIC HOSKINS","",105,9.69,1579,1184,1,1,"0","0"
9,"U.S. Representative, District 1","EARL �BUDDY� CARTER (I)","",1050,100.00,1579,1184,1,1,"0","0"
10,"State Senator, District 8","ELLIS BLACK (I)","",960,84.96,1579,1184,1,1,"0","0"
11,"State Senator, District 8","GREGORY WILLIAMS","",170,15.04,1579,1184,1,1,"0","0"
12,"State Representative, District 174","JOHN CORBETT (I)","",1071,100.00,1579,1184,1,1,"0","0"
13,"District Attorney, Southern Circuit","BRAD SHEALY","",1041,100.00,1579,1184,1,1,"0","0"
14,"CLERK, SUPERIOR COURT","N. ROGERS (I) R","",1064,100.00,1579,1184,1,1,"0","0"
15,"SHERIFF","R. COURSON (I) R","",1050,100.00,1579,1184,1,1,"0","0"
16,"TAX COMMISSIONER","M. TURNER (I) R","",1078,100.00,1579,1184,1,1,"0","0"
17,"CORONER","A. LEONARD (I) R","",1039,100.00,1579,1184,1,1,"0","0"
18,"CC, P1","B. WALKER SR. (I) R","",1023,100.00,1579,1184,1,1,"0","0"
19,"CC, P2","S. CORBETT (R)","",1035,100.00,1579,1184,1,1,"0","0"
20,"Constitutional Amendment #1<br>Provides greater flexibility and state accountability to fix failing schools through increasing community involvement.","YES","",436,38.65,1579,1184,1,1,"0","0"
21,"Constitutional Amendment #1<br>Provides greater flexibility and state accountability to fix failing schools through increasing community involvement.","NO","",692,61.35,1579,1184,1,1,"0","0"
22,"Constitutional Amendment #2<br>Authorizes penalties for sexual exploitation and assessments on adult entertainment to fund child victims' services.","YES","",919,84.08,1579,1184,1,1,"0","0"
23,"Constitutional Amendment #2<br>Authorizes penalties for sexual exploitation and assessments on adult entertainment to fund child victims' services.","NO","",174,15.92,1579,1184,1,1,"0","0"
24,"Constitutional Amendment #3<br>Reforms and re-establishes the Judicial Qualifications Commission and provides for its composition, governance, and powers.","YES","",639,61.92,1579,1184,1,1,"0","0"
25,"Constitutional Amendment #3<br>Reforms and re-establishes the Judicial Qualifications Commission and provides for its composition, governance, and powers.","NO","",393,38.08,1579,1184,1,1,"0","0"
26,"Constitutional Amendment #4<br>Dedicates revenue from existing taxes on fireworks to trauma care, fire services, and public safety.","YES","",841,77.87,1579,1184,1,1,"0","0"
27,"Constitutional Amendment #4<br>Dedicates revenue from existing taxes on fireworks to trauma care, fire services, and public safety.","NO","",239,22.13,1579,1184,1,1,"0","0"
28,"SPECIAL - Sales and Use","YES","",689,62.24,1579,1184,1,1,"0","0"
29,"SPECIAL - Sales and Use","NO","",418,37.76,1579,1184,1,1,"0","0"
