<?xml version="1.0"?>
<!--Election result snapshot imported from Tabulation System
-->
<ElectionResult>
    <Timestamp>11/14/2016 3:32:02 PM EST</Timestamp>
    <ElectionName>November 8, 2016 - General Election</ElectionName>
    <ElectionDate>11/8/2016</ElectionDate>
    <Region>Jefferson</Region>
    <VoterTurnout totalVoters="9256" ballotsCast="7007" voterTurnout="75.70">
        <Precincts>
            <Precinct name="Stapleton Crossroads" totalVoters="345" ballotsCast="234" voterTurnout="67.83" percentReporting="4" />
            <Precinct name="Matthews" totalVoters="487" ballotsCast="406" voterTurnout="83.37" percentReporting="4" />
            <Precinct name="Wrens" totalVoters="2246" ballotsCast="1742" voterTurnout="77.56" percentReporting="4" />
            <Precinct name="Louisville" totalVoters="3257" ballotsCast="2433" voterTurnout="74.70" percentReporting="4" />
            <Precinct name="Wadley" totalVoters="1663" ballotsCast="1186" voterTurnout="71.32" percentReporting="4" />
            <Precinct name="Bartow" totalVoters="435" ballotsCast="342" voterTurnout="78.62" percentReporting="4" />
            <Precinct name="Stapleton" totalVoters="512" ballotsCast="416" voterTurnout="81.25" percentReporting="4" />
            <Precinct name="Avera" totalVoters="311" ballotsCast="248" voterTurnout="79.74" percentReporting="4" />
        </Precincts>
    </VoterTurnout>
    <Contest key="1" text="President of the United States" isQuestion="false" precinctsReporting="8" precinctsReported="8">
        <VoteType name="Number of Precincts for Race" votes="8">
            <Precinct name="Stapleton Crossroads" votes="1" />
            <Precinct name="Matthews" votes="1" />
            <Precinct name="Wrens" votes="1" />
            <Precinct name="Louisville" votes="1" />
            <Precinct name="Wadley" votes="1" />
            <Precinct name="Bartow" votes="1" />
            <Precinct name="Stapleton" votes="1" />
            <Precinct name="Avera" votes="1" />
        </VoteType>
        <VoteType name="Number of Precincts Reporting" votes="8">
            <Precinct name="Stapleton Crossroads" votes="1" />
            <Precinct name="Matthews" votes="1" />
            <Precinct name="Wrens" votes="1" />
            <Precinct name="Louisville" votes="1" />
            <Precinct name="Wadley" votes="1" />
            <Precinct name="Bartow" votes="1" />
            <Precinct name="Stapleton" votes="1" />
            <Precinct name="Avera" votes="1" />
        </VoteType>
        <Choice key="10" text="DONALD J. TRUMP" totalVotes="3063">
            <VoteType name="Election Day" votes="1482">
                <Precinct name="Stapleton Crossroads" votes="91" />
                <Precinct name="Matthews" votes="212" />
                <Precinct name="Wrens" votes="398" />
                <Precinct name="Louisville" votes="180" />
                <Precinct name="Wadley" votes="160" />
                <Precinct name="Bartow" votes="85" />
                <Precinct name="Stapleton" votes="177" />
                <Precinct name="Avera" votes="179" />
            </VoteType>
            <VoteType name="Absentee by Mail" votes="155">
                <Precinct name="Stapleton Crossroads" votes="0" />
                <Precinct name="Matthews" votes="4" />
                <Precinct name="Wrens" votes="39" />
                <Precinct name="Louisville" votes="80" />
                <Precinct name="Wadley" votes="8" />
                <Precinct name="Bartow" votes="5" />
                <Precinct name="Stapleton" votes="17" />
                <Precinct name="Avera" votes="2" />
            </VoteType>
            <VoteType name="Advance in Person" votes="1422">
                <Precinct name="Stapleton Crossroads" votes="34" />
                <Precinct name="Matthews" votes="54" />
                <Precinct name="Wrens" votes="323" />
                <Precinct name="Louisville" votes="701" />
                <Precinct name="Wadley" votes="148" />
                <Precinct name="Bartow" votes="72" />
                <Precinct name="Stapleton" votes="63" />
                <Precinct name="Avera" votes="27" />
            </VoteType>
            <VoteType name="Provisional" votes="4">
                <Precinct name="Stapleton Crossroads" votes="0" />
                <Precinct name="Matthews" votes="2" />
                <Precinct name="Wrens" votes="0" />
                <Precinct name="Louisville" votes="0" />
                <Precinct name="Wadley" votes="2" />
                <Precinct name="Bartow" votes="0" />
                <Precinct name="Stapleton" votes="0" />
                <Precinct name="Avera" votes="0" />
            </VoteType>
        </Choice>
        <Choice key="20" text="HILLARY CLINTON" totalVotes="3821">
            <VoteType name="Election Day" votes="2001">
                <Precinct name="Stapleton Crossroads" votes="68" />
                <Precinct name="Matthews" votes="96" />
                <Precinct name="Wrens" votes="638" />
                <Precinct name="Louisville" votes="486" />
                <Precinct name="Wadley" votes="467" />
                <Precinct name="Bartow" votes="117" />
                <Precinct name="Stapleton" votes="106" />
                <Precinct name="Avera" votes="23" />
            </VoteType>
            <VoteType name="Absentee by Mail" votes="345">
                <Precinct name="Stapleton Crossroads" votes="13" />
                <Precinct name="Matthews" votes="7" />
                <Precinct name="Wrens" votes="54" />
                <Precinct name="Louisville" votes="98" />
                <Precinct name="Wadley" votes="158" />
                <Precinct name="Bartow" votes="6" />
                <Precinct name="Stapleton" votes="8" />
                <Precinct name="Avera" votes="1" />
            </VoteType>
            <VoteType name="Advance in Person" votes="1465">
                <Precinct name="Stapleton Crossroads" votes="24" />
                <Precinct name="Matthews" votes="22" />
                <Precinct name="Wrens" votes="251" />
                <Precinct name="Louisville" votes="857" />
                <Precinct name="Wadley" votes="222" />
                <Precinct name="Bartow" votes="50" />
                <Precinct name="Stapleton" votes="32" />
                <Precinct name="Avera" votes="7" />
            </VoteType>
            <VoteType name="Provisional" votes="10">
                <Precinct name="Stapleton Crossroads" votes="0" />
                <Precinct name="Matthews" votes="3" />
                <Precinct name="Wrens" votes="3" />
                <Precinct name="Louisville" votes="0" />
                <Precinct name="Wadley" votes="2" />
                <Precinct name="Bartow" votes="0" />
                <Precinct name="Stapleton" votes="0" />
                <Precinct name="Avera" votes="2" />
            </VoteType>
        </Choice>
        <Choice key="30" text="GARY JOHNSON" totalVotes="70">
            <VoteType name="Election Day" votes="40">
                <Precinct name="Stapleton Crossroads" votes="1" />
                <Precinct name="Matthews" votes="1" />
                <Precinct name="Wrens" votes="15" />
                <Precinct name="Louisville" votes="6" />
                <Precinct name="Wadley" votes="7" />
                <Precinct name="Bartow" votes="1" />
                <Precinct name="Stapleton" votes="4" />
                <Precinct name="Avera" votes="5" />
            </VoteType>
            <VoteType name="Absentee by Mail" votes="5">
                <Precinct name="Stapleton Crossroads" votes="1" />
                <Precinct name="Matthews" votes="0" />
                <Precinct name="Wrens" votes="0" />
                <Precinct name="Louisville" votes="2" />
                <Precinct name="Wadley" votes="1" />
                <Precinct name="Bartow" votes="0" />
                <Precinct name="Stapleton" votes="1" />
                <Precinct name="Avera" votes="0" />
            </VoteType>
            <VoteType name="Advance in Person" votes="24">
                <Precinct name="Stapleton Crossroads" votes="0" />
                <Precinct name="Matthews" votes="2" />
                <Precinct name="Wrens" votes="9" />
                <Precinct name="Louisville" votes="8" />
                <Precinct name="Wadley" votes="2" />
                <Precinct name="Bartow" votes="2" />
                <Precinct name="Stapleton" votes="1" />
                <Precinct name="Avera" votes="0" />
            </VoteType>
            <VoteType name="Provisional" votes="1">
                <Precinct name="Stapleton Crossroads" votes="0" />
                <Precinct name="Matthews" votes="0" />
                <Precinct name="Wrens" votes="0" />
                <Precinct name="Louisville" votes="0" />
                <Precinct name="Wadley" votes="0" />
                <Precinct name="Bartow" votes="0" />
                <Precinct name="Stapleton" votes="1" />
                <Precinct name="Avera" votes="0" />
            </VoteType>
        </Choice>
    </Contest>
    <Contest key="10" text="United States Senator, Isakson" isQuestion="false" precinctsReporting="8" precinctsReported="8">
        <VoteType name="Number of Precincts for Race" votes="8">
            <Precinct name="Stapleton Crossroads" votes="1" />
            <Precinct name="Matthews" votes="1" />
            <Precinct name="Wrens" votes="1" />
            <Precinct name="Louisville" votes="1" />
            <Precinct name="Wadley" votes="1" />
            <Precinct name="Bartow" votes="1" />
            <Precinct name="Stapleton" votes="1" />
            <Precinct name="Avera" votes="1" />
        </VoteType>
        <VoteType name="Number of Precincts Reporting" votes="8">
            <Precinct name="Stapleton Crossroads" votes="1" />
            <Precinct name="Matthews" votes="1" />
            <Precinct name="Wrens" votes="1" />
            <Precinct name="Louisville" votes="1" />
            <Precinct name="Wadley" votes="1" />
            <Precinct name="Bartow" votes="1" />
            <Precinct name="Stapleton" votes="1" />
            <Precinct name="Avera" votes="1" />
        </VoteType>
        <Choice key="10" text="JOHNNY ISAKSON (I)" totalVotes="3040">
            <VoteType name="Election Day" votes="1485">
                <Precinct name="Stapleton Crossroads" votes="87" />
                <Precinct name="Matthews" votes="200" />
                <Precinct name="Wrens" votes="424" />
                <Precinct name="Louisville" votes="190" />
                <Precinct name="Wadley" votes="165" />
                <Precinct name="Bartow" votes="82" />
                <Precinct name="Stapleton" votes="177" />
                <Precinct name="Avera" votes="160" />
            </VoteType>
            <VoteType name="Absentee by Mail" votes="169">
                <Precinct name="Stapleton Crossroads" votes="1" />
                <Precinct name="Matthews" votes="3" />
                <Precinct name="Wrens" votes="43" />
                <Precinct name="Louisville" votes="84" />
                <Precinct name="Wadley" votes="15" />
                <Precinct name="Bartow" votes="4" />
                <Precinct name="Stapleton" votes="17" />
                <Precinct name="Avera" votes="2" />
            </VoteType>
            <VoteType name="Advance in Person" votes="1380">
                <Precinct name="Stapleton Crossroads" votes="33" />
                <Precinct name="Matthews" votes="55" />
                <Precinct name="Wrens" votes="308" />
                <Precinct name="Louisville" votes="684" />
                <Precinct name="Wadley" votes="143" />
                <Precinct name="Bartow" votes="70" />
                <Precinct name="Stapleton" votes="63" />
                <Precinct name="Avera" votes="24" />
            </VoteType>
            <VoteType name="Provisional" votes="6">
                <Precinct name="Stapleton Crossroads" votes="0" />
                <Precinct name="Matthews" votes="2" />
                <Precinct name="Wrens" votes="0" />
                <Precinct name="Louisville" votes="0" />
                <Precinct name="Wadley" votes="3" />
                <Precinct name="Bartow" votes="0" />
                <Precinct name="Stapleton" votes="0" />
                <Precinct name="Avera" votes="1" />
            </VoteType>
        </Choice>
        <Choice key="20" text="JIM BARKSDALE" totalVotes="3091">
            <VoteType name="Election Day" votes="1604">
                <Precinct name="Stapleton Crossroads" votes="56" />
                <Precinct name="Matthews" votes="81" />
                <Precinct name="Wrens" votes="502" />
                <Precinct name="Louisville" votes="378" />
                <Precinct name="Wadley" votes="385" />
                <Precinct name="Bartow" votes="96" />
                <Precinct name="Stapleton" votes="85" />
                <Precinct name="Avera" votes="21" />
            </VoteType>
            <VoteType name="Absentee by Mail" votes="313">
                <Precinct name="Stapleton Crossroads" votes="13" />
                <Precinct name="Matthews" votes="7" />
                <Precinct name="Wrens" votes="48" />
                <Precinct name="Louisville" votes="91" />
                <Precinct name="Wadley" votes="138" />
                <Precinct name="Bartow" votes="6" />
                <Precinct name="Stapleton" votes="9" />
                <Precinct name="Avera" votes="1" />
            </VoteType>
            <VoteType name="Advance in Person" votes="1169">
                <Precinct name="Stapleton Crossroads" votes="14" />
                <Precinct name="Matthews" votes="14" />
                <Precinct name="Wrens" votes="212" />
                <Precinct name="Louisville" votes="676" />
                <Precinct name="Wadley" votes="177" />
                <Precinct name="Bartow" votes="40" />
                <Precinct name="Stapleton" votes="28" />
                <Precinct name="Avera" votes="8" />
            </VoteType>
            <VoteType name="Provisional" votes="5">
                <Precinct name="Stapleton Crossroads" votes="0" />
                <Precinct name="Matthews" votes="1" />
                <Precinct name="Wrens" votes="2" />
                <Precinct name="Louisville" votes="0" />
                <Precinct name="Wadley" votes="1" />
                <Precinct name="Bartow" votes="0" />
                <Precinct name="Stapleton" votes="0" />
                <Precinct name="Avera" votes="1" />
            </VoteType>
        </Choice>
        <Choice key="30" text="ALLEN BUCKLEY" totalVotes="113">
            <VoteType name="Election Day" votes="59">
                <Precinct name="Stapleton Crossroads" votes="6" />
                <Precinct name="Matthews" votes="6" />
                <Precinct name="Wrens" votes="17" />
                <Precinct name="Louisville" votes="6" />
                <Precinct name="Wadley" votes="13" />
                <Precinct name="Bartow" votes="6" />
                <Precinct name="Stapleton" votes="2" />
                <Precinct name="Avera" votes="3" />
            </VoteType>
            <VoteType name="Absentee by Mail" votes="4">
                <Precinct name="Stapleton Crossroads" votes="0" />
                <Precinct name="Matthews" votes="1" />
                <Precinct name="Wrens" votes="2" />
                <Precinct name="Louisville" votes="0" />
                <Precinct name="Wadley" votes="1" />
                <Precinct name="Bartow" votes="0" />
                <Precinct name="Stapleton" votes="0" />
                <Precinct name="Avera" votes="0" />
            </VoteType>
            <VoteType name="Advance in Person" votes="48">
                <Precinct name="Stapleton Crossroads" votes="2" />
                <Precinct name="Matthews" votes="5" />
                <Precinct name="Wrens" votes="10" />
                <Precinct name="Louisville" votes="19" />
                <Precinct name="Wadley" votes="4" />
                <Precinct name="Bartow" votes="4" />
                <Precinct name="Stapleton" votes="1" />
                <Precinct name="Avera" votes="3" />
            </VoteType>
            <VoteType name="Provisional" votes="2">
                <Precinct name="Stapleton Crossroads" votes="0" />
                <Precinct name="Matthews" votes="1" />
                <Precinct name="Wrens" votes="0" />
                <Precinct name="Louisville" votes="0" />
                <Precinct name="Wadley" votes="0" />
                <Precinct name="Bartow" votes="0" />
                <Precinct name="Stapleton" votes="1" />
                <Precinct name="Avera" votes="0" />
            </VoteType>
        </Choice>
    </Contest>
    <Contest key="30" text="Public Service Commission, District 2 - Eastern" isQuestion="false" precinctsReporting="8" precinctsReported="8">
        <VoteType name="Number of Precincts for Race" votes="8">
            <Precinct name="Stapleton Crossroads" votes="1" />
            <Precinct name="Matthews" votes="1" />
            <Precinct name="Wrens" votes="1" />
            <Precinct name="Louisville" votes="1" />
            <Precinct name="Wadley" votes="1" />
            <Precinct name="Bartow" votes="1" />
            <Precinct name="Stapleton" votes="1" />
            <Precinct name="Avera" votes="1" />
        </VoteType>
        <VoteType name="Number of Precincts Reporting" votes="8">
            <Precinct name="Stapleton Crossroads" votes="1" />
            <Precinct name="Matthews" votes="1" />
            <Precinct name="Wrens" votes="1" />
            <Precinct name="Louisville" votes="1" />
            <Precinct name="Wadley" votes="1" />
            <Precinct name="Bartow" votes="1" />
            <Precinct name="Stapleton" votes="1" />
            <Precinct name="Avera" votes="1" />
        </VoteType>
        <Choice key="10" text="TIM ECHOLS (I)" totalVotes="3436">
            <VoteType name="Election Day" votes="1701">
                <Precinct name="Stapleton Crossroads" votes="99" />
                <Precinct name="Matthews" votes="212" />
                <Precinct name="Wrens" votes="483" />
                <Precinct name="Louisville" votes="249" />
                <Precinct name="Wadley" votes="221" />
                <Precinct name="Bartow" votes="94" />
                <Precinct name="Stapleton" votes="182" />
                <Precinct name="Avera" votes="161" />
            </VoteType>
            <VoteType name="Absentee by Mail" votes="189">
                <Precinct name="Stapleton Crossroads" votes="5" />
                <Precinct name="Matthews" votes="2" />
                <Precinct name="Wrens" votes="42" />
                <Precinct name="Louisville" votes="94" />
                <Precinct name="Wadley" votes="22" />
                <Precinct name="Bartow" votes="5" />
                <Precinct name="Stapleton" votes="17" />
                <Precinct name="Avera" votes="2" />
            </VoteType>
            <VoteType name="Advance in Person" votes="1540">
                <Precinct name="Stapleton Crossroads" votes="40" />
                <Precinct name="Matthews" votes="57" />
                <Precinct name="Wrens" votes="328" />
                <Precinct name="Louisville" votes="783" />
                <Precinct name="Wadley" votes="172" />
                <Precinct name="Bartow" votes="77" />
                <Precinct name="Stapleton" votes="59" />
                <Precinct name="Avera" votes="24" />
            </VoteType>
            <VoteType name="Provisional" votes="6">
                <Precinct name="Stapleton Crossroads" votes="0" />
                <Precinct name="Matthews" votes="2" />
                <Precinct name="Wrens" votes="0" />
                <Precinct name="Louisville" votes="0" />
                <Precinct name="Wadley" votes="3" />
                <Precinct name="Bartow" votes="0" />
                <Precinct name="Stapleton" votes="0" />
                <Precinct name="Avera" votes="1" />
            </VoteType>
        </Choice>
        <Choice key="20" text="ERIC HOSKINS" totalVotes="1617">
            <VoteType name="Election Day" votes="904">
                <Precinct name="Stapleton Crossroads" votes="22" />
                <Precinct name="Matthews" votes="46" />
                <Precinct name="Wrens" votes="284" />
                <Precinct name="Louisville" votes="227" />
                <Precinct name="Wadley" votes="201" />
                <Precinct name="Bartow" votes="51" />
                <Precinct name="Stapleton" votes="62" />
                <Precinct name="Avera" votes="11" />
            </VoteType>
            <VoteType name="Absentee by Mail" votes="134">
                <Precinct name="Stapleton Crossroads" votes="5" />
                <Precinct name="Matthews" votes="7" />
                <Precinct name="Wrens" votes="23" />
                <Precinct name="Louisville" votes="43" />
                <Precinct name="Wadley" votes="44" />
                <Precinct name="Bartow" votes="4" />
                <Precinct name="Stapleton" votes="8" />
                <Precinct name="Avera" votes="0" />
            </VoteType>
            <VoteType name="Advance in Person" votes="573">
                <Precinct name="Stapleton Crossroads" votes="8" />
                <Precinct name="Matthews" votes="12" />
                <Precinct name="Wrens" votes="116" />
                <Precinct name="Louisville" votes="310" />
                <Precinct name="Wadley" votes="72" />
                <Precinct name="Bartow" votes="21" />
                <Precinct name="Stapleton" votes="25" />
                <Precinct name="Avera" votes="9" />
            </VoteType>
            <VoteType name="Provisional" votes="6">
                <Precinct name="Stapleton Crossroads" votes="0" />
                <Precinct name="Matthews" votes="1" />
                <Precinct name="Wrens" votes="2" />
                <Precinct name="Louisville" votes="0" />
                <Precinct name="Wadley" votes="1" />
                <Precinct name="Bartow" votes="0" />
                <Precinct name="Stapleton" votes="1" />
                <Precinct name="Avera" votes="1" />
            </VoteType>
        </Choice>
    </Contest>
    <Contest key="50" text="U.S. Representative, District 10" isQuestion="false" precinctsReporting="8" precinctsReported="8">
        <VoteType name="Number of Precincts for Race" votes="8">
            <Precinct name="Stapleton Crossroads" votes="1" />
            <Precinct name="Matthews" votes="1" />
            <Precinct name="Wrens" votes="1" />
            <Precinct name="Louisville" votes="1" />
            <Precinct name="Wadley" votes="1" />
            <Precinct name="Bartow" votes="1" />
            <Precinct name="Stapleton" votes="1" />
            <Precinct name="Avera" votes="1" />
        </VoteType>
        <VoteType name="Number of Precincts Reporting" votes="8">
            <Precinct name="Stapleton Crossroads" votes="1" />
            <Precinct name="Matthews" votes="1" />
            <Precinct name="Wrens" votes="1" />
            <Precinct name="Louisville" votes="1" />
            <Precinct name="Wadley" votes="1" />
            <Precinct name="Bartow" votes="1" />
            <Precinct name="Stapleton" votes="1" />
            <Precinct name="Avera" votes="1" />
        </VoteType>
        <Choice key="10" text="JODY HICE (I)" totalVotes="4301">
            <VoteType name="Election Day" votes="2213">
                <Precinct name="Stapleton Crossroads" votes="114" />
                <Precinct name="Matthews" votes="236" />
                <Precinct name="Wrens" votes="648" />
                <Precinct name="Louisville" votes="391" />
                <Precinct name="Wadley" votes="327" />
                <Precinct name="Bartow" votes="119" />
                <Precinct name="Stapleton" votes="209" />
                <Precinct name="Avera" votes="169" />
            </VoteType>
            <VoteType name="Absentee by Mail" votes="249">
                <Precinct name="Stapleton Crossroads" votes="6" />
                <Precinct name="Matthews" votes="7" />
                <Precinct name="Wrens" votes="56" />
                <Precinct name="Louisville" votes="119" />
                <Precinct name="Wadley" votes="33" />
                <Precinct name="Bartow" votes="7" />
                <Precinct name="Stapleton" votes="19" />
                <Precinct name="Avera" votes="2" />
            </VoteType>
            <VoteType name="Advance in Person" votes="1828">
                <Precinct name="Stapleton Crossroads" votes="44" />
                <Precinct name="Matthews" votes="61" />
                <Precinct name="Wrens" votes="379" />
                <Precinct name="Louisville" votes="940" />
                <Precinct name="Wadley" votes="210" />
                <Precinct name="Bartow" votes="85" />
                <Precinct name="Stapleton" votes="79" />
                <Precinct name="Avera" votes="30" />
            </VoteType>
            <VoteType name="Provisional" votes="11">
                <Precinct name="Stapleton Crossroads" votes="0" />
                <Precinct name="Matthews" votes="3" />
                <Precinct name="Wrens" votes="2" />
                <Precinct name="Louisville" votes="0" />
                <Precinct name="Wadley" votes="3" />
                <Precinct name="Bartow" votes="0" />
                <Precinct name="Stapleton" votes="1" />
                <Precinct name="Avera" votes="2" />
            </VoteType>
        </Choice>
    </Contest>
    <Contest key="70" text="State Senator, District 23" isQuestion="false" precinctsReporting="8" precinctsReported="8">
        <VoteType name="Number of Precincts for Race" votes="8">
            <Precinct name="Stapleton Crossroads" votes="1" />
            <Precinct name="Matthews" votes="1" />
            <Precinct name="Wrens" votes="1" />
            <Precinct name="Louisville" votes="1" />
            <Precinct name="Wadley" votes="1" />
            <Precinct name="Bartow" votes="1" />
            <Precinct name="Stapleton" votes="1" />
            <Precinct name="Avera" votes="1" />
        </VoteType>
        <VoteType name="Number of Precincts Reporting" votes="8">
            <Precinct name="Stapleton Crossroads" votes="1" />
            <Precinct name="Matthews" votes="1" />
            <Precinct name="Wrens" votes="1" />
            <Precinct name="Louisville" votes="1" />
            <Precinct name="Wadley" votes="1" />
            <Precinct name="Bartow" votes="1" />
            <Precinct name="Stapleton" votes="1" />
            <Precinct name="Avera" votes="1" />
        </VoteType>
        <Choice key="10" text="JESSE STONE (I)" totalVotes="4291">
            <VoteType name="Election Day" votes="2209">
                <Precinct name="Stapleton Crossroads" votes="113" />
                <Precinct name="Matthews" votes="237" />
                <Precinct name="Wrens" votes="645" />
                <Precinct name="Louisville" votes="387" />
                <Precinct name="Wadley" votes="326" />
                <Precinct name="Bartow" votes="118" />
                <Precinct name="Stapleton" votes="214" />
                <Precinct name="Avera" votes="169" />
            </VoteType>
            <VoteType name="Absentee by Mail" votes="253">
                <Precinct name="Stapleton Crossroads" votes="6" />
                <Precinct name="Matthews" votes="6" />
                <Precinct name="Wrens" votes="55" />
                <Precinct name="Louisville" votes="119" />
                <Precinct name="Wadley" votes="39" />
                <Precinct name="Bartow" votes="6" />
                <Precinct name="Stapleton" votes="20" />
                <Precinct name="Avera" votes="2" />
            </VoteType>
            <VoteType name="Advance in Person" votes="1818">
                <Precinct name="Stapleton Crossroads" votes="43" />
                <Precinct name="Matthews" votes="62" />
                <Precinct name="Wrens" votes="381" />
                <Precinct name="Louisville" votes="931" />
                <Precinct name="Wadley" votes="208" />
                <Precinct name="Bartow" votes="85" />
                <Precinct name="Stapleton" votes="79" />
                <Precinct name="Avera" votes="29" />
            </VoteType>
            <VoteType name="Provisional" votes="11">
                <Precinct name="Stapleton Crossroads" votes="0" />
                <Precinct name="Matthews" votes="3" />
                <Precinct name="Wrens" votes="2" />
                <Precinct name="Louisville" votes="0" />
                <Precinct name="Wadley" votes="3" />
                <Precinct name="Bartow" votes="0" />
                <Precinct name="Stapleton" votes="1" />
                <Precinct name="Avera" votes="2" />
            </VoteType>
        </Choice>
    </Contest>
    <Contest key="90" text="State Representative, District 127" isQuestion="false" precinctsReporting="6" precinctsReported="6">
        <VoteType name="Number of Precincts for Race" votes="6">
            <Precinct name="Stapleton Crossroads" votes="1" />
            <Precinct name="Matthews" votes="1" />
            <Precinct name="Wrens" votes="1" />
            <Precinct name="Louisville" votes="1" />
            <Precinct name="Stapleton" votes="1" />
            <Precinct name="Avera" votes="1" />
        </VoteType>
        <VoteType name="Number of Precincts Reporting" votes="6">
            <Precinct name="Stapleton Crossroads" votes="1" />
            <Precinct name="Matthews" votes="1" />
            <Precinct name="Wrens" votes="1" />
            <Precinct name="Louisville" votes="1" />
            <Precinct name="Stapleton" votes="1" />
            <Precinct name="Avera" votes="1" />
        </VoteType>
        <Choice key="10" text="BRIAN L. PRINCE (I) (DEM)" totalVotes="3963">
            <VoteType name="Election Day" votes="1977">
                <Precinct name="Stapleton Crossroads" votes="122" />
                <Precinct name="Matthews" votes="212" />
                <Precinct name="Wrens" votes="811" />
                <Precinct name="Louisville" votes="518" />
                <Precinct name="Stapleton" votes="183" />
                <Precinct name="Avera" votes="131" />
            </VoteType>
            <VoteType name="Absentee by Mail" votes="254">
                <Precinct name="Stapleton Crossroads" votes="10" />
                <Precinct name="Matthews" votes="9" />
                <Precinct name="Wrens" votes="74" />
                <Precinct name="Louisville" votes="138" />
                <Precinct name="Stapleton" votes="20" />
                <Precinct name="Avera" votes="3" />
            </VoteType>
            <VoteType name="Advance in Person" votes="1723">
                <Precinct name="Stapleton Crossroads" votes="42" />
                <Precinct name="Matthews" votes="56" />
                <Precinct name="Wrens" votes="401" />
                <Precinct name="Louisville" votes="1127" />
                <Precinct name="Stapleton" votes="70" />
                <Precinct name="Avera" votes="27" />
            </VoteType>
            <VoteType name="Provisional" votes="9">
                <Precinct name="Stapleton Crossroads" votes="0" />
                <Precinct name="Matthews" votes="3" />
                <Precinct name="Wrens" votes="3" />
                <Precinct name="Louisville" votes="0" />
                <Precinct name="Stapleton" votes="1" />
                <Precinct name="Avera" votes="2" />
            </VoteType>
        </Choice>
    </Contest>
    <Contest key="120" text="State Representative, District 128" isQuestion="false" precinctsReporting="2" precinctsReported="2">
        <VoteType name="Number of Precincts for Race" votes="2">
            <Precinct name="Wadley" votes="1" />
            <Precinct name="Bartow" votes="1" />
        </VoteType>
        <VoteType name="Number of Precincts Reporting" votes="2">
            <Precinct name="Wadley" votes="1" />
            <Precinct name="Bartow" votes="1" />
        </VoteType>
        <Choice key="10" text="MACK JACKSON (I)" totalVotes="1153">
            <VoteType name="Election Day" votes="636">
                <Precinct name="Wadley" votes="490" />
                <Precinct name="Bartow" votes="146" />
            </VoteType>
            <VoteType name="Absentee by Mail" votes="150">
                <Precinct name="Wadley" votes="142" />
                <Precinct name="Bartow" votes="8" />
            </VoteType>
            <VoteType name="Advance in Person" votes="363">
                <Precinct name="Wadley" votes="278" />
                <Precinct name="Bartow" votes="85" />
            </VoteType>
            <VoteType name="Provisional" votes="4">
                <Precinct name="Wadley" votes="4" />
                <Precinct name="Bartow" votes="0" />
            </VoteType>
        </Choice>
    </Contest>
    <Contest key="130" text="District Attorney, Middle Circuit" isQuestion="false" precinctsReporting="8" precinctsReported="8">
        <VoteType name="Number of Precincts for Race" votes="8">
            <Precinct name="Stapleton Crossroads" votes="1" />
            <Precinct name="Matthews" votes="1" />
            <Precinct name="Wrens" votes="1" />
            <Precinct name="Louisville" votes="1" />
            <Precinct name="Wadley" votes="1" />
            <Precinct name="Bartow" votes="1" />
            <Precinct name="Stapleton" votes="1" />
            <Precinct name="Avera" votes="1" />
        </VoteType>
        <VoteType name="Number of Precincts Reporting" votes="8">
            <Precinct name="Stapleton Crossroads" votes="1" />
            <Precinct name="Matthews" votes="1" />
            <Precinct name="Wrens" votes="1" />
            <Precinct name="Louisville" votes="1" />
            <Precinct name="Wadley" votes="1" />
            <Precinct name="Bartow" votes="1" />
            <Precinct name="Stapleton" votes="1" />
            <Precinct name="Avera" votes="1" />
        </VoteType>
        <Choice key="10" text="HAYWARD ALTMAN (I)" totalVotes="4218">
            <VoteType name="Election Day" votes="2143">
                <Precinct name="Stapleton Crossroads" votes="114" />
                <Precinct name="Matthews" votes="229" />
                <Precinct name="Wrens" votes="625" />
                <Precinct name="Louisville" votes="377" />
                <Precinct name="Wadley" votes="320" />
                <Precinct name="Bartow" votes="113" />
                <Precinct name="Stapleton" votes="201" />
                <Precinct name="Avera" votes="164" />
            </VoteType>
            <VoteType name="Absentee by Mail" votes="246">
                <Precinct name="Stapleton Crossroads" votes="6" />
                <Precinct name="Matthews" votes="7" />
                <Precinct name="Wrens" votes="52" />
                <Precinct name="Louisville" votes="118" />
                <Precinct name="Wadley" votes="37" />
                <Precinct name="Bartow" votes="7" />
                <Precinct name="Stapleton" votes="17" />
                <Precinct name="Avera" votes="2" />
            </VoteType>
            <VoteType name="Advance in Person" votes="1817">
                <Precinct name="Stapleton Crossroads" votes="42" />
                <Precinct name="Matthews" votes="61" />
                <Precinct name="Wrens" votes="375" />
                <Precinct name="Louisville" votes="933" />
                <Precinct name="Wadley" votes="217" />
                <Precinct name="Bartow" votes="80" />
                <Precinct name="Stapleton" votes="79" />
                <Precinct name="Avera" votes="30" />
            </VoteType>
            <VoteType name="Provisional" votes="12">
                <Precinct name="Stapleton Crossroads" votes="0" />
                <Precinct name="Matthews" votes="3" />
                <Precinct name="Wrens" votes="2" />
                <Precinct name="Louisville" votes="0" />
                <Precinct name="Wadley" votes="4" />
                <Precinct name="Bartow" votes="0" />
                <Precinct name="Stapleton" votes="1" />
                <Precinct name="Avera" votes="2" />
            </VoteType>
        </Choice>
    </Contest>
    <Contest key="310" text="Probate Judge" isQuestion="false" precinctsReporting="8" precinctsReported="8">
        <VoteType name="Number of Precincts for Race" votes="8">
            <Precinct name="Stapleton Crossroads" votes="1" />
            <Precinct name="Matthews" votes="1" />
            <Precinct name="Wrens" votes="1" />
            <Precinct name="Louisville" votes="1" />
            <Precinct name="Wadley" votes="1" />
            <Precinct name="Bartow" votes="1" />
            <Precinct name="Stapleton" votes="1" />
            <Precinct name="Avera" votes="1" />
        </VoteType>
        <VoteType name="Number of Precincts Reporting" votes="8">
            <Precinct name="Stapleton Crossroads" votes="1" />
            <Precinct name="Matthews" votes="1" />
            <Precinct name="Wrens" votes="1" />
            <Precinct name="Louisville" votes="1" />
            <Precinct name="Wadley" votes="1" />
            <Precinct name="Bartow" votes="1" />
            <Precinct name="Stapleton" votes="1" />
            <Precinct name="Avera" votes="1" />
        </VoteType>
        <Choice key="10" text="A. P. LAMPP (I)(D)" totalVotes="5377">
            <VoteType name="Election Day" votes="2714">
                <Precinct name="Stapleton Crossroads" votes="125" />
                <Precinct name="Matthews" votes="219" />
                <Precinct name="Wrens" votes="826" />
                <Precinct name="Louisville" votes="537" />
                <Precinct name="Wadley" votes="499" />
                <Precinct name="Bartow" votes="162" />
                <Precinct name="Stapleton" votes="196" />
                <Precinct name="Avera" votes="150" />
            </VoteType>
            <VoteType name="Absentee by Mail" votes="416">
                <Precinct name="Stapleton Crossroads" votes="10" />
                <Precinct name="Matthews" votes="10" />
                <Precinct name="Wrens" votes="81" />
                <Precinct name="Louisville" votes="151" />
                <Precinct name="Wadley" votes="130" />
                <Precinct name="Bartow" votes="9" />
                <Precinct name="Stapleton" votes="22" />
                <Precinct name="Avera" votes="3" />
            </VoteType>
            <VoteType name="Advance in Person" votes="2235">
                <Precinct name="Stapleton Crossroads" votes="44" />
                <Precinct name="Matthews" votes="62" />
                <Precinct name="Wrens" votes="426" />
                <Precinct name="Louisville" votes="1216" />
                <Precinct name="Wadley" votes="295" />
                <Precinct name="Bartow" votes="89" />
                <Precinct name="Stapleton" votes="77" />
                <Precinct name="Avera" votes="26" />
            </VoteType>
            <VoteType name="Provisional" votes="12">
                <Precinct name="Stapleton Crossroads" votes="0" />
                <Precinct name="Matthews" votes="3" />
                <Precinct name="Wrens" votes="3" />
                <Precinct name="Louisville" votes="0" />
                <Precinct name="Wadley" votes="3" />
                <Precinct name="Bartow" votes="0" />
                <Precinct name="Stapleton" votes="1" />
                <Precinct name="Avera" votes="2" />
            </VoteType>
        </Choice>
    </Contest>
    <Contest key="330" text="Superior Court Clerk" isQuestion="false" precinctsReporting="8" precinctsReported="8">
        <VoteType name="Number of Precincts for Race" votes="8">
            <Precinct name="Stapleton Crossroads" votes="1" />
            <Precinct name="Matthews" votes="1" />
            <Precinct name="Wrens" votes="1" />
            <Precinct name="Louisville" votes="1" />
            <Precinct name="Wadley" votes="1" />
            <Precinct name="Bartow" votes="1" />
            <Precinct name="Stapleton" votes="1" />
            <Precinct name="Avera" votes="1" />
        </VoteType>
        <VoteType name="Number of Precincts Reporting" votes="8">
            <Precinct name="Stapleton Crossroads" votes="1" />
            <Precinct name="Matthews" votes="1" />
            <Precinct name="Wrens" votes="1" />
            <Precinct name="Louisville" votes="1" />
            <Precinct name="Wadley" votes="1" />
            <Precinct name="Bartow" votes="1" />
            <Precinct name="Stapleton" votes="1" />
            <Precinct name="Avera" votes="1" />
        </VoteType>
        <Choice key="10" text="A. L. DURDEN (I)(D)" totalVotes="5530">
            <VoteType name="Election Day" votes="2809">
                <Precinct name="Stapleton Crossroads" votes="125" />
                <Precinct name="Matthews" votes="229" />
                <Precinct name="Wrens" votes="865" />
                <Precinct name="Louisville" votes="552" />
                <Precinct name="Wadley" votes="512" />
                <Precinct name="Bartow" votes="159" />
                <Precinct name="Stapleton" votes="216" />
                <Precinct name="Avera" votes="151" />
            </VoteType>
            <VoteType name="Absentee by Mail" votes="419">
                <Precinct name="Stapleton Crossroads" votes="10" />
                <Precinct name="Matthews" votes="10" />
                <Precinct name="Wrens" votes="80" />
                <Precinct name="Louisville" votes="151" />
                <Precinct name="Wadley" votes="133" />
                <Precinct name="Bartow" votes="9" />
                <Precinct name="Stapleton" votes="23" />
                <Precinct name="Avera" votes="3" />
            </VoteType>
            <VoteType name="Advance in Person" votes="2289">
                <Precinct name="Stapleton Crossroads" votes="49" />
                <Precinct name="Matthews" votes="62" />
                <Precinct name="Wrens" votes="440" />
                <Precinct name="Louisville" votes="1230" />
                <Precinct name="Wadley" votes="298" />
                <Precinct name="Bartow" votes="103" />
                <Precinct name="Stapleton" votes="80" />
                <Precinct name="Avera" votes="27" />
            </VoteType>
            <VoteType name="Provisional" votes="13">
                <Precinct name="Stapleton Crossroads" votes="0" />
                <Precinct name="Matthews" votes="3" />
                <Precinct name="Wrens" votes="3" />
                <Precinct name="Louisville" votes="0" />
                <Precinct name="Wadley" votes="4" />
                <Precinct name="Bartow" votes="0" />
                <Precinct name="Stapleton" votes="1" />
                <Precinct name="Avera" votes="2" />
            </VoteType>
        </Choice>
    </Contest>
    <Contest key="350" text="Sheriff" isQuestion="false" precinctsReporting="8" precinctsReported="8">
        <VoteType name="Number of Precincts for Race" votes="8">
            <Precinct name="Stapleton Crossroads" votes="1" />
            <Precinct name="Matthews" votes="1" />
            <Precinct name="Wrens" votes="1" />
            <Precinct name="Louisville" votes="1" />
            <Precinct name="Wadley" votes="1" />
            <Precinct name="Bartow" votes="1" />
            <Precinct name="Stapleton" votes="1" />
            <Precinct name="Avera" votes="1" />
        </VoteType>
        <VoteType name="Number of Precincts Reporting" votes="8">
            <Precinct name="Stapleton Crossroads" votes="1" />
            <Precinct name="Matthews" votes="1" />
            <Precinct name="Wrens" votes="1" />
            <Precinct name="Louisville" votes="1" />
            <Precinct name="Wadley" votes="1" />
            <Precinct name="Bartow" votes="1" />
            <Precinct name="Stapleton" votes="1" />
            <Precinct name="Avera" votes="1" />
        </VoteType>
        <Choice key="10" text="C. HUTCHINS (I)(D)" totalVotes="5756">
            <VoteType name="Election Day" votes="2927">
                <Precinct name="Stapleton Crossroads" votes="127" />
                <Precinct name="Matthews" votes="246" />
                <Precinct name="Wrens" votes="910" />
                <Precinct name="Louisville" votes="537" />
                <Precinct name="Wadley" votes="529" />
                <Precinct name="Bartow" votes="162" />
                <Precinct name="Stapleton" votes="250" />
                <Precinct name="Avera" votes="166" />
            </VoteType>
            <VoteType name="Absentee by Mail" votes="418">
                <Precinct name="Stapleton Crossroads" votes="10" />
                <Precinct name="Matthews" votes="9" />
                <Precinct name="Wrens" votes="77" />
                <Precinct name="Louisville" votes="148" />
                <Precinct name="Wadley" votes="140" />
                <Precinct name="Bartow" votes="9" />
                <Precinct name="Stapleton" votes="22" />
                <Precinct name="Avera" votes="3" />
            </VoteType>
            <VoteType name="Advance in Person" votes="2398">
                <Precinct name="Stapleton Crossroads" votes="49" />
                <Precinct name="Matthews" votes="67" />
                <Precinct name="Wrens" votes="483" />
                <Precinct name="Louisville" votes="1266" />
                <Precinct name="Wadley" votes="316" />
                <Precinct name="Bartow" votes="100" />
                <Precinct name="Stapleton" votes="83" />
                <Precinct name="Avera" votes="34" />
            </VoteType>
            <VoteType name="Provisional" votes="13">
                <Precinct name="Stapleton Crossroads" votes="0" />
                <Precinct name="Matthews" votes="3" />
                <Precinct name="Wrens" votes="3" />
                <Precinct name="Louisville" votes="0" />
                <Precinct name="Wadley" votes="4" />
                <Precinct name="Bartow" votes="0" />
                <Precinct name="Stapleton" votes="1" />
                <Precinct name="Avera" votes="2" />
            </VoteType>
        </Choice>
    </Contest>
    <Contest key="370" text="Tax Commissioner" isQuestion="false" precinctsReporting="8" precinctsReported="8">
        <VoteType name="Number of Precincts for Race" votes="8">
            <Precinct name="Stapleton Crossroads" votes="1" />
            <Precinct name="Matthews" votes="1" />
            <Precinct name="Wrens" votes="1" />
            <Precinct name="Louisville" votes="1" />
            <Precinct name="Wadley" votes="1" />
            <Precinct name="Bartow" votes="1" />
            <Precinct name="Stapleton" votes="1" />
            <Precinct name="Avera" votes="1" />
        </VoteType>
        <VoteType name="Number of Precincts Reporting" votes="8">
            <Precinct name="Stapleton Crossroads" votes="1" />
            <Precinct name="Matthews" votes="1" />
            <Precinct name="Wrens" votes="1" />
            <Precinct name="Louisville" votes="1" />
            <Precinct name="Wadley" votes="1" />
            <Precinct name="Bartow" votes="1" />
            <Precinct name="Stapleton" votes="1" />
            <Precinct name="Avera" votes="1" />
        </VoteType>
        <Choice key="10" text="N. W. MCGRAW (I)(D)" totalVotes="5703">
            <VoteType name="Election Day" votes="2916">
                <Precinct name="Stapleton Crossroads" votes="124" />
                <Precinct name="Matthews" votes="246" />
                <Precinct name="Wrens" votes="917" />
                <Precinct name="Louisville" votes="550" />
                <Precinct name="Wadley" votes="524" />
                <Precinct name="Bartow" votes="158" />
                <Precinct name="Stapleton" votes="239" />
                <Precinct name="Avera" votes="158" />
            </VoteType>
            <VoteType name="Absentee by Mail" votes="425">
                <Precinct name="Stapleton Crossroads" votes="10" />
                <Precinct name="Matthews" votes="9" />
                <Precinct name="Wrens" votes="83" />
                <Precinct name="Louisville" votes="148" />
                <Precinct name="Wadley" votes="140" />
                <Precinct name="Bartow" votes="7" />
                <Precinct name="Stapleton" votes="25" />
                <Precinct name="Avera" votes="3" />
            </VoteType>
            <VoteType name="Advance in Person" votes="2349">
                <Precinct name="Stapleton Crossroads" votes="48" />
                <Precinct name="Matthews" votes="64" />
                <Precinct name="Wrens" votes="475" />
                <Precinct name="Louisville" votes="1244" />
                <Precinct name="Wadley" votes="307" />
                <Precinct name="Bartow" votes="100" />
                <Precinct name="Stapleton" votes="81" />
                <Precinct name="Avera" votes="30" />
            </VoteType>
            <VoteType name="Provisional" votes="13">
                <Precinct name="Stapleton Crossroads" votes="0" />
                <Precinct name="Matthews" votes="3" />
                <Precinct name="Wrens" votes="3" />
                <Precinct name="Louisville" votes="0" />
                <Precinct name="Wadley" votes="4" />
                <Precinct name="Bartow" votes="0" />
                <Precinct name="Stapleton" votes="1" />
                <Precinct name="Avera" votes="2" />
            </VoteType>
        </Choice>
    </Contest>
    <Contest key="390" text="Coroner" isQuestion="false" precinctsReporting="8" precinctsReported="8">
        <VoteType name="Number of Precincts for Race" votes="8">
            <Precinct name="Stapleton Crossroads" votes="1" />
            <Precinct name="Matthews" votes="1" />
            <Precinct name="Wrens" votes="1" />
            <Precinct name="Louisville" votes="1" />
            <Precinct name="Wadley" votes="1" />
            <Precinct name="Bartow" votes="1" />
            <Precinct name="Stapleton" votes="1" />
            <Precinct name="Avera" votes="1" />
        </VoteType>
        <VoteType name="Number of Precincts Reporting" votes="8">
            <Precinct name="Stapleton Crossroads" votes="1" />
            <Precinct name="Matthews" votes="1" />
            <Precinct name="Wrens" votes="1" />
            <Precinct name="Louisville" votes="1" />
            <Precinct name="Wadley" votes="1" />
            <Precinct name="Bartow" votes="1" />
            <Precinct name="Stapleton" votes="1" />
            <Precinct name="Avera" votes="1" />
        </VoteType>
        <Choice key="10" text="E. C. JAMES (I)(D)" totalVotes="5676">
            <VoteType name="Election Day" votes="2898">
                <Precinct name="Stapleton Crossroads" votes="134" />
                <Precinct name="Matthews" votes="251" />
                <Precinct name="Wrens" votes="927" />
                <Precinct name="Louisville" votes="532" />
                <Precinct name="Wadley" votes="501" />
                <Precinct name="Bartow" votes="152" />
                <Precinct name="Stapleton" votes="244" />
                <Precinct name="Avera" votes="157" />
            </VoteType>
            <VoteType name="Absentee by Mail" votes="419">
                <Precinct name="Stapleton Crossroads" votes="10" />
                <Precinct name="Matthews" votes="10" />
                <Precinct name="Wrens" votes="88" />
                <Precinct name="Louisville" votes="146" />
                <Precinct name="Wadley" votes="130" />
                <Precinct name="Bartow" votes="9" />
                <Precinct name="Stapleton" votes="23" />
                <Precinct name="Avera" votes="3" />
            </VoteType>
            <VoteType name="Advance in Person" votes="2346">
                <Precinct name="Stapleton Crossroads" votes="49" />
                <Precinct name="Matthews" votes="70" />
                <Precinct name="Wrens" votes="492" />
                <Precinct name="Louisville" votes="1214" />
                <Precinct name="Wadley" votes="306" />
                <Precinct name="Bartow" votes="101" />
                <Precinct name="Stapleton" votes="84" />
                <Precinct name="Avera" votes="30" />
            </VoteType>
            <VoteType name="Provisional" votes="13">
                <Precinct name="Stapleton Crossroads" votes="0" />
                <Precinct name="Matthews" votes="3" />
                <Precinct name="Wrens" votes="3" />
                <Precinct name="Louisville" votes="0" />
                <Precinct name="Wadley" votes="4" />
                <Precinct name="Bartow" votes="0" />
                <Precinct name="Stapleton" votes="1" />
                <Precinct name="Avera" votes="2" />
            </VoteType>
        </Choice>
    </Contest>
    <Contest key="410" text="Solicitor" isQuestion="false" precinctsReporting="8" precinctsReported="8">
        <VoteType name="Number of Precincts for Race" votes="8">
            <Precinct name="Stapleton Crossroads" votes="1" />
            <Precinct name="Matthews" votes="1" />
            <Precinct name="Wrens" votes="1" />
            <Precinct name="Louisville" votes="1" />
            <Precinct name="Wadley" votes="1" />
            <Precinct name="Bartow" votes="1" />
            <Precinct name="Stapleton" votes="1" />
            <Precinct name="Avera" votes="1" />
        </VoteType>
        <VoteType name="Number of Precincts Reporting" votes="8">
            <Precinct name="Stapleton Crossroads" votes="1" />
            <Precinct name="Matthews" votes="1" />
            <Precinct name="Wrens" votes="1" />
            <Precinct name="Louisville" votes="1" />
            <Precinct name="Wadley" votes="1" />
            <Precinct name="Bartow" votes="1" />
            <Precinct name="Stapleton" votes="1" />
            <Precinct name="Avera" votes="1" />
        </VoteType>
        <Choice key="10" text="D. D. DOWDY (D)" totalVotes="5348">
            <VoteType name="Election Day" votes="2733">
                <Precinct name="Stapleton Crossroads" votes="119" />
                <Precinct name="Matthews" votes="234" />
                <Precinct name="Wrens" votes="874" />
                <Precinct name="Louisville" votes="516" />
                <Precinct name="Wadley" votes="491" />
                <Precinct name="Bartow" votes="146" />
                <Precinct name="Stapleton" votes="207" />
                <Precinct name="Avera" votes="146" />
            </VoteType>
            <VoteType name="Absentee by Mail" votes="400">
                <Precinct name="Stapleton Crossroads" votes="11" />
                <Precinct name="Matthews" votes="10" />
                <Precinct name="Wrens" votes="73" />
                <Precinct name="Louisville" votes="146" />
                <Precinct name="Wadley" votes="126" />
                <Precinct name="Bartow" votes="9" />
                <Precinct name="Stapleton" votes="22" />
                <Precinct name="Avera" votes="3" />
            </VoteType>
            <VoteType name="Advance in Person" votes="2205">
                <Precinct name="Stapleton Crossroads" votes="49" />
                <Precinct name="Matthews" votes="65" />
                <Precinct name="Wrens" votes="449" />
                <Precinct name="Louisville" votes="1162" />
                <Precinct name="Wadley" votes="279" />
                <Precinct name="Bartow" votes="98" />
                <Precinct name="Stapleton" votes="75" />
                <Precinct name="Avera" votes="28" />
            </VoteType>
            <VoteType name="Provisional" votes="10">
                <Precinct name="Stapleton Crossroads" votes="0" />
                <Precinct name="Matthews" votes="2" />
                <Precinct name="Wrens" votes="2" />
                <Precinct name="Louisville" votes="0" />
                <Precinct name="Wadley" votes="3" />
                <Precinct name="Bartow" votes="0" />
                <Precinct name="Stapleton" votes="1" />
                <Precinct name="Avera" votes="2" />
            </VoteType>
        </Choice>
    </Contest>
    <Contest key="430" text="County Comm Chair" isQuestion="false" precinctsReporting="8" precinctsReported="8">
        <VoteType name="Number of Precincts for Race" votes="8">
            <Precinct name="Stapleton Crossroads" votes="1" />
            <Precinct name="Matthews" votes="1" />
            <Precinct name="Wrens" votes="1" />
            <Precinct name="Louisville" votes="1" />
            <Precinct name="Wadley" votes="1" />
            <Precinct name="Bartow" votes="1" />
            <Precinct name="Stapleton" votes="1" />
            <Precinct name="Avera" votes="1" />
        </VoteType>
        <VoteType name="Number of Precincts Reporting" votes="8">
            <Precinct name="Stapleton Crossroads" votes="1" />
            <Precinct name="Matthews" votes="1" />
            <Precinct name="Wrens" votes="1" />
            <Precinct name="Louisville" votes="1" />
            <Precinct name="Wadley" votes="1" />
            <Precinct name="Bartow" votes="1" />
            <Precinct name="Stapleton" votes="1" />
            <Precinct name="Avera" votes="1" />
        </VoteType>
        <Choice key="10" text="M. MCGRAW (I)(D)" totalVotes="5547">
            <VoteType name="Election Day" votes="2837">
                <Precinct name="Stapleton Crossroads" votes="120" />
                <Precinct name="Matthews" votes="234" />
                <Precinct name="Wrens" votes="878" />
                <Precinct name="Louisville" votes="547" />
                <Precinct name="Wadley" votes="520" />
                <Precinct name="Bartow" votes="160" />
                <Precinct name="Stapleton" votes="224" />
                <Precinct name="Avera" votes="154" />
            </VoteType>
            <VoteType name="Absentee by Mail" votes="403">
                <Precinct name="Stapleton Crossroads" votes="10" />
                <Precinct name="Matthews" votes="9" />
                <Precinct name="Wrens" votes="79" />
                <Precinct name="Louisville" votes="142" />
                <Precinct name="Wadley" votes="133" />
                <Precinct name="Bartow" votes="7" />
                <Precinct name="Stapleton" votes="20" />
                <Precinct name="Avera" votes="3" />
            </VoteType>
            <VoteType name="Advance in Person" votes="2296">
                <Precinct name="Stapleton Crossroads" votes="49" />
                <Precinct name="Matthews" votes="64" />
                <Precinct name="Wrens" votes="467" />
                <Precinct name="Louisville" votes="1221" />
                <Precinct name="Wadley" votes="299" />
                <Precinct name="Bartow" votes="94" />
                <Precinct name="Stapleton" votes="76" />
                <Precinct name="Avera" votes="26" />
            </VoteType>
            <VoteType name="Provisional" votes="11">
                <Precinct name="Stapleton Crossroads" votes="0" />
                <Precinct name="Matthews" votes="3" />
                <Precinct name="Wrens" votes="2" />
                <Precinct name="Louisville" votes="0" />
                <Precinct name="Wadley" votes="3" />
                <Precinct name="Bartow" votes="0" />
                <Precinct name="Stapleton" votes="1" />
                <Precinct name="Avera" votes="2" />
            </VoteType>
        </Choice>
    </Contest>
    <Contest key="450" text="County Comm 2" isQuestion="false" precinctsReporting="3" precinctsReported="3">
        <VoteType name="Number of Precincts for Race" votes="3">
            <Precinct name="Matthews" votes="1" />
            <Precinct name="Wrens" votes="1" />
            <Precinct name="Louisville" votes="1" />
        </VoteType>
        <VoteType name="Number of Precincts Reporting" votes="3">
            <Precinct name="Matthews" votes="1" />
            <Precinct name="Wrens" votes="1" />
            <Precinct name="Louisville" votes="1" />
        </VoteType>
        <Choice key="10" text="J. DAVIS (I)(D)" totalVotes="1347">
            <VoteType name="Election Day" votes="647">
                <Precinct name="Matthews" votes="126" />
                <Precinct name="Wrens" votes="267" />
                <Precinct name="Louisville" votes="254" />
            </VoteType>
            <VoteType name="Absentee by Mail" votes="86">
                <Precinct name="Matthews" votes="7" />
                <Precinct name="Wrens" votes="32" />
                <Precinct name="Louisville" votes="47" />
            </VoteType>
            <VoteType name="Advance in Person" votes="609">
                <Precinct name="Matthews" votes="25" />
                <Precinct name="Wrens" votes="130" />
                <Precinct name="Louisville" votes="454" />
            </VoteType>
            <VoteType name="Provisional" votes="5">
                <Precinct name="Matthews" votes="3" />
                <Precinct name="Wrens" votes="2" />
                <Precinct name="Louisville" votes="0" />
            </VoteType>
        </Choice>
    </Contest>
    <Contest key="470" text="County Comm 4" isQuestion="false" precinctsReporting="3" precinctsReported="3">
        <VoteType name="Number of Precincts for Race" votes="3">
            <Precinct name="Stapleton Crossroads" votes="1" />
            <Precinct name="Wrens" votes="1" />
            <Precinct name="Louisville" votes="1" />
        </VoteType>
        <VoteType name="Number of Precincts Reporting" votes="3">
            <Precinct name="Stapleton Crossroads" votes="1" />
            <Precinct name="Wrens" votes="1" />
            <Precinct name="Louisville" votes="1" />
        </VoteType>
        <Choice key="10" text="H. G. NEW (I)(D)" totalVotes="1228">
            <VoteType name="Election Day" votes="408">
                <Precinct name="Stapleton Crossroads" votes="120" />
                <Precinct name="Wrens" votes="34" />
                <Precinct name="Louisville" votes="254" />
            </VoteType>
            <VoteType name="Absentee by Mail" votes="101">
                <Precinct name="Stapleton Crossroads" votes="10" />
                <Precinct name="Wrens" votes="8" />
                <Precinct name="Louisville" votes="83" />
            </VoteType>
            <VoteType name="Advance in Person" votes="719">
                <Precinct name="Stapleton Crossroads" votes="49" />
                <Precinct name="Wrens" votes="44" />
                <Precinct name="Louisville" votes="626" />
            </VoteType>
            <VoteType name="Provisional" votes="0">
                <Precinct name="Stapleton Crossroads" votes="0" />
                <Precinct name="Wrens" votes="0" />
                <Precinct name="Louisville" votes="0" />
            </VoteType>
        </Choice>
    </Contest>
    <Contest key="500" text="Constitutional Amendment #1&lt;br&gt;Provides greater flexibility and state accountability to fix failing schools through increasing community involvement." isQuestion="false" precinctsReporting="8" precinctsReported="8">
        <VoteType name="Number of Precincts for Race" votes="8">
            <Precinct name="Stapleton Crossroads" votes="1" />
            <Precinct name="Matthews" votes="1" />
            <Precinct name="Wrens" votes="1" />
            <Precinct name="Louisville" votes="1" />
            <Precinct name="Wadley" votes="1" />
            <Precinct name="Bartow" votes="1" />
            <Precinct name="Stapleton" votes="1" />
            <Precinct name="Avera" votes="1" />
        </VoteType>
        <VoteType name="Number of Precincts Reporting" votes="8">
            <Precinct name="Stapleton Crossroads" votes="1" />
            <Precinct name="Matthews" votes="1" />
            <Precinct name="Wrens" votes="1" />
            <Precinct name="Louisville" votes="1" />
            <Precinct name="Wadley" votes="1" />
            <Precinct name="Bartow" votes="1" />
            <Precinct name="Stapleton" votes="1" />
            <Precinct name="Avera" votes="1" />
        </VoteType>
        <Choice key="10" text="YES" totalVotes="2322">
            <VoteType name="Election Day" votes="1190">
                <Precinct name="Stapleton Crossroads" votes="45" />
                <Precinct name="Matthews" votes="105" />
                <Precinct name="Wrens" votes="334" />
                <Precinct name="Louisville" votes="258" />
                <Precinct name="Wadley" votes="224" />
                <Precinct name="Bartow" votes="69" />
                <Precinct name="Stapleton" votes="85" />
                <Precinct name="Avera" votes="70" />
            </VoteType>
            <VoteType name="Absentee by Mail" votes="180">
                <Precinct name="Stapleton Crossroads" votes="5" />
                <Precinct name="Matthews" votes="6" />
                <Precinct name="Wrens" votes="30" />
                <Precinct name="Louisville" votes="73" />
                <Precinct name="Wadley" votes="51" />
                <Precinct name="Bartow" votes="3" />
                <Precinct name="Stapleton" votes="9" />
                <Precinct name="Avera" votes="3" />
            </VoteType>
            <VoteType name="Advance in Person" votes="943">
                <Precinct name="Stapleton Crossroads" votes="13" />
                <Precinct name="Matthews" votes="28" />
                <Precinct name="Wrens" votes="162" />
                <Precinct name="Louisville" votes="520" />
                <Precinct name="Wadley" votes="133" />
                <Precinct name="Bartow" votes="44" />
                <Precinct name="Stapleton" votes="29" />
                <Precinct name="Avera" votes="14" />
            </VoteType>
            <VoteType name="Provisional" votes="9">
                <Precinct name="Stapleton Crossroads" votes="0" />
                <Precinct name="Matthews" votes="2" />
                <Precinct name="Wrens" votes="2" />
                <Precinct name="Louisville" votes="0" />
                <Precinct name="Wadley" votes="2" />
                <Precinct name="Bartow" votes="0" />
                <Precinct name="Stapleton" votes="1" />
                <Precinct name="Avera" votes="2" />
            </VoteType>
        </Choice>
        <Choice key="20" text="NO" totalVotes="4297">
            <VoteType name="Election Day" votes="2201">
                <Precinct name="Stapleton Crossroads" votes="112" />
                <Precinct name="Matthews" votes="190" />
                <Precinct name="Wrens" votes="682" />
                <Precinct name="Louisville" votes="389" />
                <Precinct name="Wadley" votes="380" />
                <Precinct name="Bartow" votes="124" />
                <Precinct name="Stapleton" votes="197" />
                <Precinct name="Avera" votes="127" />
            </VoteType>
            <VoteType name="Absentee by Mail" votes="267">
                <Precinct name="Stapleton Crossroads" votes="9" />
                <Precinct name="Matthews" votes="5" />
                <Precinct name="Wrens" votes="57" />
                <Precinct name="Louisville" votes="93" />
                <Precinct name="Wadley" votes="82" />
                <Precinct name="Bartow" votes="7" />
                <Precinct name="Stapleton" votes="14" />
                <Precinct name="Avera" votes="0" />
            </VoteType>
            <VoteType name="Advance in Person" votes="1825">
                <Precinct name="Stapleton Crossroads" votes="43" />
                <Precinct name="Matthews" votes="51" />
                <Precinct name="Wrens" votes="395" />
                <Precinct name="Louisville" votes="966" />
                <Precinct name="Wadley" votes="208" />
                <Precinct name="Bartow" votes="74" />
                <Precinct name="Stapleton" votes="67" />
                <Precinct name="Avera" votes="21" />
            </VoteType>
            <VoteType name="Provisional" votes="4">
                <Precinct name="Stapleton Crossroads" votes="0" />
                <Precinct name="Matthews" votes="3" />
                <Precinct name="Wrens" votes="0" />
                <Precinct name="Louisville" votes="0" />
                <Precinct name="Wadley" votes="1" />
                <Precinct name="Bartow" votes="0" />
                <Precinct name="Stapleton" votes="0" />
                <Precinct name="Avera" votes="0" />
            </VoteType>
        </Choice>
    </Contest>
    <Contest key="510" text="Constitutional Amendment #2&lt;br&gt;Authorizes penalties for sexual exploitation and assessments on adult entertainment to fund child victims' services." isQuestion="false" precinctsReporting="8" precinctsReported="8">
        <VoteType name="Number of Precincts for Race" votes="8">
            <Precinct name="Stapleton Crossroads" votes="1" />
            <Precinct name="Matthews" votes="1" />
            <Precinct name="Wrens" votes="1" />
            <Precinct name="Louisville" votes="1" />
            <Precinct name="Wadley" votes="1" />
            <Precinct name="Bartow" votes="1" />
            <Precinct name="Stapleton" votes="1" />
            <Precinct name="Avera" votes="1" />
        </VoteType>
        <VoteType name="Number of Precincts Reporting" votes="8">
            <Precinct name="Stapleton Crossroads" votes="1" />
            <Precinct name="Matthews" votes="1" />
            <Precinct name="Wrens" votes="1" />
            <Precinct name="Louisville" votes="1" />
            <Precinct name="Wadley" votes="1" />
            <Precinct name="Bartow" votes="1" />
            <Precinct name="Stapleton" votes="1" />
            <Precinct name="Avera" votes="1" />
        </VoteType>
        <Choice key="10" text="YES" totalVotes="4921">
            <VoteType name="Election Day" votes="2490">
                <Precinct name="Stapleton Crossroads" votes="118" />
                <Precinct name="Matthews" votes="222" />
                <Precinct name="Wrens" votes="752" />
                <Precinct name="Louisville" votes="482" />
                <Precinct name="Wadley" votes="412" />
                <Precinct name="Bartow" votes="136" />
                <Precinct name="Stapleton" votes="207" />
                <Precinct name="Avera" votes="161" />
            </VoteType>
            <VoteType name="Absentee by Mail" votes="345">
                <Precinct name="Stapleton Crossroads" votes="12" />
                <Precinct name="Matthews" votes="7" />
                <Precinct name="Wrens" votes="73" />
                <Precinct name="Louisville" votes="134" />
                <Precinct name="Wadley" votes="89" />
                <Precinct name="Bartow" votes="7" />
                <Precinct name="Stapleton" votes="20" />
                <Precinct name="Avera" votes="3" />
            </VoteType>
            <VoteType name="Advance in Person" votes="2074">
                <Precinct name="Stapleton Crossroads" votes="40" />
                <Precinct name="Matthews" votes="67" />
                <Precinct name="Wrens" votes="435" />
                <Precinct name="Louisville" votes="1091" />
                <Precinct name="Wadley" votes="251" />
                <Precinct name="Bartow" votes="91" />
                <Precinct name="Stapleton" votes="73" />
                <Precinct name="Avera" votes="26" />
            </VoteType>
            <VoteType name="Provisional" votes="12">
                <Precinct name="Stapleton Crossroads" votes="0" />
                <Precinct name="Matthews" votes="4" />
                <Precinct name="Wrens" votes="2" />
                <Precinct name="Louisville" votes="0" />
                <Precinct name="Wadley" votes="3" />
                <Precinct name="Bartow" votes="0" />
                <Precinct name="Stapleton" votes="1" />
                <Precinct name="Avera" votes="2" />
            </VoteType>
        </Choice>
        <Choice key="20" text="NO" totalVotes="1412">
            <VoteType name="Election Day" votes="756">
                <Precinct name="Stapleton Crossroads" votes="27" />
                <Precinct name="Matthews" votes="67" />
                <Precinct name="Wrens" votes="230" />
                <Precinct name="Louisville" votes="140" />
                <Precinct name="Wadley" votes="158" />
                <Precinct name="Bartow" votes="42" />
                <Precinct name="Stapleton" votes="61" />
                <Precinct name="Avera" votes="31" />
            </VoteType>
            <VoteType name="Absentee by Mail" votes="87">
                <Precinct name="Stapleton Crossroads" votes="2" />
                <Precinct name="Matthews" votes="4" />
                <Precinct name="Wrens" votes="11" />
                <Precinct name="Louisville" votes="27" />
                <Precinct name="Wadley" votes="38" />
                <Precinct name="Bartow" votes="2" />
                <Precinct name="Stapleton" votes="3" />
                <Precinct name="Avera" votes="0" />
            </VoteType>
            <VoteType name="Advance in Person" votes="569">
                <Precinct name="Stapleton Crossroads" votes="13" />
                <Precinct name="Matthews" votes="10" />
                <Precinct name="Wrens" votes="99" />
                <Precinct name="Louisville" votes="325" />
                <Precinct name="Wadley" votes="76" />
                <Precinct name="Bartow" votes="19" />
                <Precinct name="Stapleton" votes="18" />
                <Precinct name="Avera" votes="9" />
            </VoteType>
            <VoteType name="Provisional" votes="0">
                <Precinct name="Stapleton Crossroads" votes="0" />
                <Precinct name="Matthews" votes="0" />
                <Precinct name="Wrens" votes="0" />
                <Precinct name="Louisville" votes="0" />
                <Precinct name="Wadley" votes="0" />
                <Precinct name="Bartow" votes="0" />
                <Precinct name="Stapleton" votes="0" />
                <Precinct name="Avera" votes="0" />
            </VoteType>
        </Choice>
    </Contest>
    <Contest key="520" text="Constitutional Amendment #3&lt;br&gt;Reforms and re-establishes the Judicial Qualifications Commission and provides for its composition, governance, and powers." isQuestion="false" precinctsReporting="8" precinctsReported="8">
        <VoteType name="Number of Precincts for Race" votes="8">
            <Precinct name="Stapleton Crossroads" votes="1" />
            <Precinct name="Matthews" votes="1" />
            <Precinct name="Wrens" votes="1" />
            <Precinct name="Louisville" votes="1" />
            <Precinct name="Wadley" votes="1" />
            <Precinct name="Bartow" votes="1" />
            <Precinct name="Stapleton" votes="1" />
            <Precinct name="Avera" votes="1" />
        </VoteType>
        <VoteType name="Number of Precincts Reporting" votes="8">
            <Precinct name="Stapleton Crossroads" votes="1" />
            <Precinct name="Matthews" votes="1" />
            <Precinct name="Wrens" votes="1" />
            <Precinct name="Louisville" votes="1" />
            <Precinct name="Wadley" votes="1" />
            <Precinct name="Bartow" votes="1" />
            <Precinct name="Stapleton" votes="1" />
            <Precinct name="Avera" votes="1" />
        </VoteType>
        <Choice key="10" text="YES" totalVotes="3217">
            <VoteType name="Election Day" votes="1645">
                <Precinct name="Stapleton Crossroads" votes="64" />
                <Precinct name="Matthews" votes="152" />
                <Precinct name="Wrens" votes="499" />
                <Precinct name="Louisville" votes="322" />
                <Precinct name="Wadley" votes="279" />
                <Precinct name="Bartow" votes="91" />
                <Precinct name="Stapleton" votes="139" />
                <Precinct name="Avera" votes="99" />
            </VoteType>
            <VoteType name="Absentee by Mail" votes="247">
                <Precinct name="Stapleton Crossroads" votes="7" />
                <Precinct name="Matthews" votes="6" />
                <Precinct name="Wrens" votes="48" />
                <Precinct name="Louisville" votes="105" />
                <Precinct name="Wadley" votes="55" />
                <Precinct name="Bartow" votes="5" />
                <Precinct name="Stapleton" votes="18" />
                <Precinct name="Avera" votes="3" />
            </VoteType>
            <VoteType name="Advance in Person" votes="1318">
                <Precinct name="Stapleton Crossroads" votes="23" />
                <Precinct name="Matthews" votes="45" />
                <Precinct name="Wrens" votes="268" />
                <Precinct name="Louisville" votes="697" />
                <Precinct name="Wadley" votes="162" />
                <Precinct name="Bartow" votes="63" />
                <Precinct name="Stapleton" votes="44" />
                <Precinct name="Avera" votes="16" />
            </VoteType>
            <VoteType name="Provisional" votes="7">
                <Precinct name="Stapleton Crossroads" votes="0" />
                <Precinct name="Matthews" votes="2" />
                <Precinct name="Wrens" votes="2" />
                <Precinct name="Louisville" votes="0" />
                <Precinct name="Wadley" votes="1" />
                <Precinct name="Bartow" votes="0" />
                <Precinct name="Stapleton" votes="1" />
                <Precinct name="Avera" votes="1" />
            </VoteType>
        </Choice>
        <Choice key="20" text="NO" totalVotes="2626">
            <VoteType name="Election Day" votes="1352">
                <Precinct name="Stapleton Crossroads" votes="68" />
                <Precinct name="Matthews" votes="113" />
                <Precinct name="Wrens" votes="416" />
                <Precinct name="Louisville" votes="252" />
                <Precinct name="Wadley" votes="250" />
                <Precinct name="Bartow" votes="72" />
                <Precinct name="Stapleton" votes="110" />
                <Precinct name="Avera" votes="71" />
            </VoteType>
            <VoteType name="Absentee by Mail" votes="162">
                <Precinct name="Stapleton Crossroads" votes="7" />
                <Precinct name="Matthews" votes="5" />
                <Precinct name="Wrens" votes="32" />
                <Precinct name="Louisville" votes="48" />
                <Precinct name="Wadley" votes="61" />
                <Precinct name="Bartow" votes="4" />
                <Precinct name="Stapleton" votes="5" />
                <Precinct name="Avera" votes="0" />
            </VoteType>
            <VoteType name="Advance in Person" votes="1107">
                <Precinct name="Stapleton Crossroads" votes="28" />
                <Precinct name="Matthews" votes="28" />
                <Precinct name="Wrens" votes="232" />
                <Precinct name="Louisville" votes="593" />
                <Precinct name="Wadley" votes="133" />
                <Precinct name="Bartow" votes="40" />
                <Precinct name="Stapleton" votes="39" />
                <Precinct name="Avera" votes="14" />
            </VoteType>
            <VoteType name="Provisional" votes="5">
                <Precinct name="Stapleton Crossroads" votes="0" />
                <Precinct name="Matthews" votes="2" />
                <Precinct name="Wrens" votes="0" />
                <Precinct name="Louisville" votes="0" />
                <Precinct name="Wadley" votes="2" />
                <Precinct name="Bartow" votes="0" />
                <Precinct name="Stapleton" votes="0" />
                <Precinct name="Avera" votes="1" />
            </VoteType>
        </Choice>
    </Contest>
    <Contest key="530" text="Constitutional Amendment #4&lt;br&gt;Dedicates revenue from existing taxes on fireworks to trauma care, fire services, and public safety." isQuestion="false" precinctsReporting="8" precinctsReported="8">
        <VoteType name="Number of Precincts for Race" votes="8">
            <Precinct name="Stapleton Crossroads" votes="1" />
            <Precinct name="Matthews" votes="1" />
            <Precinct name="Wrens" votes="1" />
            <Precinct name="Louisville" votes="1" />
            <Precinct name="Wadley" votes="1" />
            <Precinct name="Bartow" votes="1" />
            <Precinct name="Stapleton" votes="1" />
            <Precinct name="Avera" votes="1" />
        </VoteType>
        <VoteType name="Number of Precincts Reporting" votes="8">
            <Precinct name="Stapleton Crossroads" votes="1" />
            <Precinct name="Matthews" votes="1" />
            <Precinct name="Wrens" votes="1" />
            <Precinct name="Louisville" votes="1" />
            <Precinct name="Wadley" votes="1" />
            <Precinct name="Bartow" votes="1" />
            <Precinct name="Stapleton" votes="1" />
            <Precinct name="Avera" votes="1" />
        </VoteType>
        <Choice key="10" text="YES" totalVotes="4604">
            <VoteType name="Election Day" votes="2327">
                <Precinct name="Stapleton Crossroads" votes="107" />
                <Precinct name="Matthews" votes="214" />
                <Precinct name="Wrens" votes="710" />
                <Precinct name="Louisville" votes="441" />
                <Precinct name="Wadley" votes="380" />
                <Precinct name="Bartow" votes="130" />
                <Precinct name="Stapleton" votes="200" />
                <Precinct name="Avera" votes="145" />
            </VoteType>
            <VoteType name="Absentee by Mail" votes="353">
                <Precinct name="Stapleton Crossroads" votes="12" />
                <Precinct name="Matthews" votes="9" />
                <Precinct name="Wrens" votes="75" />
                <Precinct name="Louisville" votes="130" />
                <Precinct name="Wadley" votes="95" />
                <Precinct name="Bartow" votes="8" />
                <Precinct name="Stapleton" votes="21" />
                <Precinct name="Avera" votes="3" />
            </VoteType>
            <VoteType name="Advance in Person" votes="1912">
                <Precinct name="Stapleton Crossroads" votes="39" />
                <Precinct name="Matthews" votes="60" />
                <Precinct name="Wrens" votes="399" />
                <Precinct name="Louisville" votes="1004" />
                <Precinct name="Wadley" votes="243" />
                <Precinct name="Bartow" votes="77" />
                <Precinct name="Stapleton" votes="66" />
                <Precinct name="Avera" votes="24" />
            </VoteType>
            <VoteType name="Provisional" votes="12">
                <Precinct name="Stapleton Crossroads" votes="0" />
                <Precinct name="Matthews" votes="4" />
                <Precinct name="Wrens" votes="2" />
                <Precinct name="Louisville" votes="0" />
                <Precinct name="Wadley" votes="3" />
                <Precinct name="Bartow" votes="0" />
                <Precinct name="Stapleton" votes="1" />
                <Precinct name="Avera" votes="2" />
            </VoteType>
        </Choice>
        <Choice key="20" text="NO" totalVotes="1519">
            <VoteType name="Election Day" votes="810">
                <Precinct name="Stapleton Crossroads" votes="34" />
                <Precinct name="Matthews" votes="68" />
                <Precinct name="Wrens" votes="241" />
                <Precinct name="Louisville" votes="153" />
                <Precinct name="Wadley" votes="169" />
                <Precinct name="Bartow" votes="42" />
                <Precinct name="Stapleton" votes="64" />
                <Precinct name="Avera" votes="39" />
            </VoteType>
            <VoteType name="Absentee by Mail" votes="73">
                <Precinct name="Stapleton Crossroads" votes="1" />
                <Precinct name="Matthews" votes="2" />
                <Precinct name="Wrens" votes="9" />
                <Precinct name="Louisville" votes="30" />
                <Precinct name="Wadley" votes="28" />
                <Precinct name="Bartow" votes="1" />
                <Precinct name="Stapleton" votes="2" />
                <Precinct name="Avera" votes="0" />
            </VoteType>
            <VoteType name="Advance in Person" votes="636">
                <Precinct name="Stapleton Crossroads" votes="12" />
                <Precinct name="Matthews" votes="14" />
                <Precinct name="Wrens" votes="119" />
                <Precinct name="Louisville" votes="359" />
                <Precinct name="Wadley" votes="69" />
                <Precinct name="Bartow" votes="31" />
                <Precinct name="Stapleton" votes="22" />
                <Precinct name="Avera" votes="10" />
            </VoteType>
            <VoteType name="Provisional" votes="0">
                <Precinct name="Stapleton Crossroads" votes="0" />
                <Precinct name="Matthews" votes="0" />
                <Precinct name="Wrens" votes="0" />
                <Precinct name="Louisville" votes="0" />
                <Precinct name="Wadley" votes="0" />
                <Precinct name="Bartow" votes="0" />
                <Precinct name="Stapleton" votes="0" />
                <Precinct name="Avera" votes="0" />
            </VoteType>
        </Choice>
    </Contest>
    <Contest key="600" text="Special - Chief Magistrate" isQuestion="false" precinctsReporting="8" precinctsReported="8">
        <VoteType name="Number of Precincts for Race" votes="8">
            <Precinct name="Stapleton Crossroads" votes="1" />
            <Precinct name="Matthews" votes="1" />
            <Precinct name="Wrens" votes="1" />
            <Precinct name="Louisville" votes="1" />
            <Precinct name="Wadley" votes="1" />
            <Precinct name="Bartow" votes="1" />
            <Precinct name="Stapleton" votes="1" />
            <Precinct name="Avera" votes="1" />
        </VoteType>
        <VoteType name="Number of Precincts Reporting" votes="8">
            <Precinct name="Stapleton Crossroads" votes="1" />
            <Precinct name="Matthews" votes="1" />
            <Precinct name="Wrens" votes="1" />
            <Precinct name="Louisville" votes="1" />
            <Precinct name="Wadley" votes="1" />
            <Precinct name="Bartow" votes="1" />
            <Precinct name="Stapleton" votes="1" />
            <Precinct name="Avera" votes="1" />
        </VoteType>
        <Choice key="10" text="A. THOMPSON (I)" totalVotes="5225">
            <VoteType name="Election Day" votes="2643">
                <Precinct name="Stapleton Crossroads" votes="116" />
                <Precinct name="Matthews" votes="244" />
                <Precinct name="Wrens" votes="799" />
                <Precinct name="Louisville" votes="505" />
                <Precinct name="Wadley" votes="451" />
                <Precinct name="Bartow" votes="141" />
                <Precinct name="Stapleton" votes="221" />
                <Precinct name="Avera" votes="166" />
            </VoteType>
            <VoteType name="Absentee by Mail" votes="353">
                <Precinct name="Stapleton Crossroads" votes="10" />
                <Precinct name="Matthews" votes="8" />
                <Precinct name="Wrens" votes="74" />
                <Precinct name="Louisville" votes="143" />
                <Precinct name="Wadley" votes="85" />
                <Precinct name="Bartow" votes="9" />
                <Precinct name="Stapleton" votes="21" />
                <Precinct name="Avera" votes="3" />
            </VoteType>
            <VoteType name="Advance in Person" votes="2218">
                <Precinct name="Stapleton Crossroads" votes="48" />
                <Precinct name="Matthews" votes="65" />
                <Precinct name="Wrens" votes="448" />
                <Precinct name="Louisville" votes="1183" />
                <Precinct name="Wadley" votes="274" />
                <Precinct name="Bartow" votes="94" />
                <Precinct name="Stapleton" votes="78" />
                <Precinct name="Avera" votes="28" />
            </VoteType>
            <VoteType name="Provisional" votes="11">
                <Precinct name="Stapleton Crossroads" votes="0" />
                <Precinct name="Matthews" votes="3" />
                <Precinct name="Wrens" votes="2" />
                <Precinct name="Louisville" votes="0" />
                <Precinct name="Wadley" votes="3" />
                <Precinct name="Bartow" votes="0" />
                <Precinct name="Stapleton" votes="1" />
                <Precinct name="Avera" votes="2" />
            </VoteType>
        </Choice>
    </Contest>
    <Contest key="700" text="Stapleton - City Council" isQuestion="false" precinctsReporting="1" precinctsReported="1">
        <VoteType name="Number of Precincts for Race" votes="1">
            <Precinct name="Stapleton" votes="1" />
        </VoteType>
        <VoteType name="Number of Precincts Reporting" votes="1">
            <Precinct name="Stapleton" votes="1" />
        </VoteType>
        <Choice key="10" text="L. CRANFORD (I)" totalVotes="114">
            <VoteType name="Election Day" votes="87">
                <Precinct name="Stapleton" votes="87" />
            </VoteType>
            <VoteType name="Absentee by Mail" votes="7">
                <Precinct name="Stapleton" votes="7" />
            </VoteType>
            <VoteType name="Advance in Person" votes="19">
                <Precinct name="Stapleton" votes="19" />
            </VoteType>
            <VoteType name="Provisional" votes="1">
                <Precinct name="Stapleton" votes="1" />
            </VoteType>
        </Choice>
        <Choice key="20" text="W. MOSS (I)" totalVotes="106">
            <VoteType name="Election Day" votes="82">
                <Precinct name="Stapleton" votes="82" />
            </VoteType>
            <VoteType name="Absentee by Mail" votes="7">
                <Precinct name="Stapleton" votes="7" />
            </VoteType>
            <VoteType name="Advance in Person" votes="16">
                <Precinct name="Stapleton" votes="16" />
            </VoteType>
            <VoteType name="Provisional" votes="1">
                <Precinct name="Stapleton" votes="1" />
            </VoteType>
        </Choice>
        <Choice key="30" text="K. PRESCOTT (I)" totalVotes="115">
            <VoteType name="Election Day" votes="87">
                <Precinct name="Stapleton" votes="87" />
            </VoteType>
            <VoteType name="Absentee by Mail" votes="8">
                <Precinct name="Stapleton" votes="8" />
            </VoteType>
            <VoteType name="Advance in Person" votes="19">
                <Precinct name="Stapleton" votes="19" />
            </VoteType>
            <VoteType name="Provisional" votes="1">
                <Precinct name="Stapleton" votes="1" />
            </VoteType>
        </Choice>
        <Choice key="40" text="C. SMITH" totalVotes="57">
            <VoteType name="Election Day" votes="43">
                <Precinct name="Stapleton" votes="43" />
            </VoteType>
            <VoteType name="Absentee by Mail" votes="5">
                <Precinct name="Stapleton" votes="5" />
            </VoteType>
            <VoteType name="Advance in Person" votes="9">
                <Precinct name="Stapleton" votes="9" />
            </VoteType>
            <VoteType name="Provisional" votes="0">
                <Precinct name="Stapleton" votes="0" />
            </VoteType>
        </Choice>
    </Contest>
</ElectionResult>