"line number","contest name","choice name","party name","total votes","percent of votes","registered voters","ballots cast","num Precinct total","num Precinct rptg","over votes","under votes"
1,"President of the United States","DONALD J. TRUMP","",15191,80.47,24934,19129,12,12,"0","0"
2,"President of the United States","HILLARY CLINTON","",3181,16.85,24934,19129,12,12,"0","0"
3,"President of the United States","GARY JOHNSON","",507,2.69,24934,19129,12,12,"0","0"
4,"United States Senator, Isakson","JOHNNY ISAKSON (I)","",14092,79.34,24934,19129,12,12,"0","0"
5,"United States Senator, Isakson","JIM BARKSDALE","",2854,16.07,24934,19129,12,12,"0","0"
6,"United States Senator, Isakson","ALLEN BUCKLEY","",816,4.59,24934,19129,12,12,"0","0"
7,"Public Service Commission, District 2 - Eastern","TIM ECHOLS (I)","",14245,83.93,24934,19129,12,12,"0","0"
8,"Public Service Commission, District 2 - Eastern","ERIC HOSKINS","",2727,16.07,24934,19129,12,12,"0","0"
9,"U.S. Representative, District 14","TOM GRAVES (I)","",16053,100.00,24934,19129,12,12,"0","0"
10,"State Senator, District 52","CHUCK HUFSTETLER (I)","",9093,100.00,15022,11306,7,7,"0","0"
11,"State Senator, District 54","CHARLIE BETHEL (I) (REP)","",6546,100.00,9912,7823,6,6,"0","0"
12,"State Representative, District 5","JOHN MEADOWS (I) (REP)","",13463,100.00,20993,16018,10,10,"0","0"
13,"State Representative, District 11","RICK JASPERSE (I) (REP)","",2453,85.26,3941,3111,4,4,"0","0"
14,"State Representative, District 11","BRANDON D CRISP (DEM)","",424,14.74,3941,3111,4,4,"0","0"
15,"District Attorney, Cherokee Circuit","ROSEMARY M GREENE (I)","",15742,100.00,24934,19129,12,12,"0","0"
16,"CLERK SUPERIOR COURT","G. WALRAVEN (I) R","",16647,100.00,24934,19129,12,12,"0","0"
17,"SHERIFF","M. RALSTON (I) R","",16500,100.00,24934,19129,12,12,"0","0"
18,"TAX COMMISSIONER","S. CLEMENTS (I) R","",16572,100.00,24934,19129,12,12,"0","0"
19,"CORONER","J. CARVER (I) R","",16282,100.00,24934,19129,12,12,"0","0"
20,"CHIEF MAGISTRATE","P. RASBURY (R)","",15473,100.00,24934,19129,12,12,"0","0"
21,"CC D1","M. L. OWENS (R)","",16064,100.00,24934,19129,12,12,"0","0"
22,"CC D3","N. SEXTON (I) R","",15718,100.00,24934,19129,12,12,"0","0"
23,"CC D5","K.L. CUNNINGHAM (I)R","",15671,100.00,24934,19129,12,12,"0","0"
24,"BOE P2","J. R. HENDRIX (R)","",11841,100.00,18643,14522,11,11,"0","0"
25,"BOE P4","B. E. HALL (I) R","",12018,100.00,18643,14522,11,11,"0","0"
26,"BOE P6","C. L. JOHNSON (I) R","",11941,100.00,18643,14522,11,11,"0","0"
27,"SOIL AND WATER","C. PAYNE","",9441,60.10,24934,19129,12,12,"0","0"
28,"SOIL AND WATER","R. L. SMITH","",6267,39.90,24934,19129,12,12,"0","0"
29,"Constitutional Amendment #1<br>Provides greater flexibility and state accountability to fix failing schools through increasing community involvement.","YES","",6360,34.60,24934,19129,12,12,"0","0"
30,"Constitutional Amendment #1<br>Provides greater flexibility and state accountability to fix failing schools through increasing community involvement.","NO","",12023,65.40,24934,19129,12,12,"0","0"
31,"Constitutional Amendment #2<br>Authorizes penalties for sexual exploitation and assessments on adult entertainment to fund child victims' services.","YES","",15127,84.29,24934,19129,12,12,"0","0"
32,"Constitutional Amendment #2<br>Authorizes penalties for sexual exploitation and assessments on adult entertainment to fund child victims' services.","NO","",2820,15.71,24934,19129,12,12,"0","0"
33,"Constitutional Amendment #3<br>Reforms and re-establishes the Judicial Qualifications Commission and provides for its composition, governance, and powers.","YES","",10426,63.06,24934,19129,12,12,"0","0"
34,"Constitutional Amendment #3<br>Reforms and re-establishes the Judicial Qualifications Commission and provides for its composition, governance, and powers.","NO","",6107,36.94,24934,19129,12,12,"0","0"
35,"Constitutional Amendment #4<br>Dedicates revenue from existing taxes on fireworks to trauma care, fire services, and public safety.","YES","",13976,79.11,24934,19129,12,12,"0","0"
36,"Constitutional Amendment #4<br>Dedicates revenue from existing taxes on fireworks to trauma care, fire services, and public safety.","NO","",3691,20.89,24934,19129,12,12,"0","0"
