<?xml version="1.0"?>
<!--Election result snapshot imported from Tabulation System
-->
<ElectionResult>
    <Timestamp>11/15/2016 11:52:14 AM EST</Timestamp>
    <ElectionName>November 8, 2016 - General Election</ElectionName>
    <ElectionDate>11/8/2016</ElectionDate>
    <Region>Tattnall</Region>
    <VoterTurnout totalVoters="9299" ballotsCast="6986" voterTurnout="75.13">
        <Precincts>
            <Precinct name="Cobbtown" totalVoters="556" ballotsCast="429" voterTurnout="77.16" percentReporting="4" />
            <Precinct name="Shiloh" totalVoters="775" ballotsCast="462" voterTurnout="59.61" percentReporting="4" />
            <Precinct name="Collins" totalVoters="1115" ballotsCast="869" voterTurnout="77.94" percentReporting="4" />
            <Precinct name="Manassas" totalVoters="201" ballotsCast="169" voterTurnout="84.08" percentReporting="4" />
            <Precinct name="District II" totalVoters="1924" ballotsCast="1376" voterTurnout="71.52" percentReporting="4" />
            <Precinct name="East Glennville" totalVoters="1864" ballotsCast="1501" voterTurnout="80.53" percentReporting="4" />
            <Precinct name="District IV" totalVoters="1994" ballotsCast="1519" voterTurnout="76.18" percentReporting="4" />
            <Precinct name="District V" totalVoters="870" ballotsCast="661" voterTurnout="75.98" percentReporting="4" />
        </Precincts>
    </VoterTurnout>
    <Contest key="1" text="President of the United States" isQuestion="false" precinctsReporting="8" precinctsReported="8">
        <VoteType name="Number of Precincts for Race" votes="8">
            <Precinct name="Cobbtown" votes="1" />
            <Precinct name="Shiloh" votes="1" />
            <Precinct name="Collins" votes="1" />
            <Precinct name="Manassas" votes="1" />
            <Precinct name="District II" votes="1" />
            <Precinct name="East Glennville" votes="1" />
            <Precinct name="District IV" votes="1" />
            <Precinct name="District V" votes="1" />
        </VoteType>
        <VoteType name="Number of Precincts Reporting" votes="8">
            <Precinct name="Cobbtown" votes="1" />
            <Precinct name="Shiloh" votes="1" />
            <Precinct name="Collins" votes="1" />
            <Precinct name="Manassas" votes="1" />
            <Precinct name="District II" votes="1" />
            <Precinct name="East Glennville" votes="1" />
            <Precinct name="District IV" votes="1" />
            <Precinct name="District V" votes="1" />
        </VoteType>
        <Choice key="10" text="DONALD J. TRUMP" totalVotes="5096">
            <VoteType name="Election Day" votes="1946">
                <Precinct name="Cobbtown" votes="209" />
                <Precinct name="Shiloh" votes="94" />
                <Precinct name="Collins" votes="260" />
                <Precinct name="Manassas" votes="83" />
                <Precinct name="District II" votes="280" />
                <Precinct name="East Glennville" votes="409" />
                <Precinct name="District IV" votes="353" />
                <Precinct name="District V" votes="258" />
            </VoteType>
            <VoteType name="Absentee by Mail" votes="423">
                <Precinct name="Cobbtown" votes="17" />
                <Precinct name="Shiloh" votes="16" />
                <Precinct name="Collins" votes="33" />
                <Precinct name="Manassas" votes="5" />
                <Precinct name="District II" votes="40" />
                <Precinct name="East Glennville" votes="157" />
                <Precinct name="District IV" votes="105" />
                <Precinct name="District V" votes="50" />
            </VoteType>
            <VoteType name="Advance in Person" votes="2724">
                <Precinct name="Cobbtown" votes="116" />
                <Precinct name="Shiloh" votes="197" />
                <Precinct name="Collins" votes="362" />
                <Precinct name="Manassas" votes="36" />
                <Precinct name="District II" votes="558" />
                <Precinct name="East Glennville" votes="636" />
                <Precinct name="District IV" votes="569" />
                <Precinct name="District V" votes="250" />
            </VoteType>
            <VoteType name="Provisional" votes="3">
                <Precinct name="Cobbtown" votes="1" />
                <Precinct name="Shiloh" votes="0" />
                <Precinct name="Collins" votes="1" />
                <Precinct name="Manassas" votes="0" />
                <Precinct name="District II" votes="0" />
                <Precinct name="East Glennville" votes="1" />
                <Precinct name="District IV" votes="0" />
                <Precinct name="District V" votes="0" />
            </VoteType>
        </Choice>
        <Choice key="20" text="HILLARY CLINTON" totalVotes="1681">
            <VoteType name="Election Day" votes="678">
                <Precinct name="Cobbtown" votes="42" />
                <Precinct name="Shiloh" votes="56" />
                <Precinct name="Collins" votes="76" />
                <Precinct name="Manassas" votes="34" />
                <Precinct name="District II" votes="156" />
                <Precinct name="East Glennville" votes="80" />
                <Precinct name="District IV" votes="209" />
                <Precinct name="District V" votes="25" />
            </VoteType>
            <VoteType name="Absentee by Mail" votes="126">
                <Precinct name="Cobbtown" votes="7" />
                <Precinct name="Shiloh" votes="7" />
                <Precinct name="Collins" votes="11" />
                <Precinct name="Manassas" votes="2" />
                <Precinct name="District II" votes="26" />
                <Precinct name="East Glennville" votes="30" />
                <Precinct name="District IV" votes="37" />
                <Precinct name="District V" votes="6" />
            </VoteType>
            <VoteType name="Advance in Person" votes="874">
                <Precinct name="Cobbtown" votes="29" />
                <Precinct name="Shiloh" votes="74" />
                <Precinct name="Collins" votes="104" />
                <Precinct name="Manassas" votes="7" />
                <Precinct name="District II" votes="271" />
                <Precinct name="East Glennville" votes="123" />
                <Precinct name="District IV" votes="213" />
                <Precinct name="District V" votes="53" />
            </VoteType>
            <VoteType name="Provisional" votes="3">
                <Precinct name="Cobbtown" votes="0" />
                <Precinct name="Shiloh" votes="0" />
                <Precinct name="Collins" votes="1" />
                <Precinct name="Manassas" votes="0" />
                <Precinct name="District II" votes="0" />
                <Precinct name="East Glennville" votes="2" />
                <Precinct name="District IV" votes="0" />
                <Precinct name="District V" votes="0" />
            </VoteType>
        </Choice>
        <Choice key="30" text="GARY JOHNSON" totalVotes="109">
            <VoteType name="Election Day" votes="46">
                <Precinct name="Cobbtown" votes="3" />
                <Precinct name="Shiloh" votes="4" />
                <Precinct name="Collins" votes="2" />
                <Precinct name="Manassas" votes="1" />
                <Precinct name="District II" votes="8" />
                <Precinct name="East Glennville" votes="14" />
                <Precinct name="District IV" votes="10" />
                <Precinct name="District V" votes="4" />
            </VoteType>
            <VoteType name="Absentee by Mail" votes="16">
                <Precinct name="Cobbtown" votes="1" />
                <Precinct name="Shiloh" votes="0" />
                <Precinct name="Collins" votes="1" />
                <Precinct name="Manassas" votes="0" />
                <Precinct name="District II" votes="4" />
                <Precinct name="East Glennville" votes="8" />
                <Precinct name="District IV" votes="2" />
                <Precinct name="District V" votes="0" />
            </VoteType>
            <VoteType name="Advance in Person" votes="47">
                <Precinct name="Cobbtown" votes="2" />
                <Precinct name="Shiloh" votes="4" />
                <Precinct name="Collins" votes="4" />
                <Precinct name="Manassas" votes="0" />
                <Precinct name="District II" votes="13" />
                <Precinct name="East Glennville" votes="10" />
                <Precinct name="District IV" votes="9" />
                <Precinct name="District V" votes="5" />
            </VoteType>
            <VoteType name="Provisional" votes="0">
                <Precinct name="Cobbtown" votes="0" />
                <Precinct name="Shiloh" votes="0" />
                <Precinct name="Collins" votes="0" />
                <Precinct name="Manassas" votes="0" />
                <Precinct name="District II" votes="0" />
                <Precinct name="East Glennville" votes="0" />
                <Precinct name="District IV" votes="0" />
                <Precinct name="District V" votes="0" />
            </VoteType>
        </Choice>
    </Contest>
    <Contest key="10" text="United States Senator, Isakson" isQuestion="false" precinctsReporting="8" precinctsReported="8">
        <VoteType name="Number of Precincts for Race" votes="8">
            <Precinct name="Cobbtown" votes="1" />
            <Precinct name="Shiloh" votes="1" />
            <Precinct name="Collins" votes="1" />
            <Precinct name="Manassas" votes="1" />
            <Precinct name="District II" votes="1" />
            <Precinct name="East Glennville" votes="1" />
            <Precinct name="District IV" votes="1" />
            <Precinct name="District V" votes="1" />
        </VoteType>
        <VoteType name="Number of Precincts Reporting" votes="8">
            <Precinct name="Cobbtown" votes="1" />
            <Precinct name="Shiloh" votes="1" />
            <Precinct name="Collins" votes="1" />
            <Precinct name="Manassas" votes="1" />
            <Precinct name="District II" votes="1" />
            <Precinct name="East Glennville" votes="1" />
            <Precinct name="District IV" votes="1" />
            <Precinct name="District V" votes="1" />
        </VoteType>
        <Choice key="30" text="JOHNNY ISAKSON (I)" totalVotes="4960">
            <VoteType name="Election Day" votes="1850">
                <Precinct name="Cobbtown" votes="181" />
                <Precinct name="Shiloh" votes="80" />
                <Precinct name="Collins" votes="254" />
                <Precinct name="Manassas" votes="77" />
                <Precinct name="District II" votes="277" />
                <Precinct name="East Glennville" votes="390" />
                <Precinct name="District IV" votes="352" />
                <Precinct name="District V" votes="239" />
            </VoteType>
            <VoteType name="Absentee by Mail" votes="445">
                <Precinct name="Cobbtown" votes="17" />
                <Precinct name="Shiloh" votes="16" />
                <Precinct name="Collins" votes="33" />
                <Precinct name="Manassas" votes="4" />
                <Precinct name="District II" votes="49" />
                <Precinct name="East Glennville" votes="165" />
                <Precinct name="District IV" votes="116" />
                <Precinct name="District V" votes="45" />
            </VoteType>
            <VoteType name="Advance in Person" votes="2662">
                <Precinct name="Cobbtown" votes="108" />
                <Precinct name="Shiloh" votes="180" />
                <Precinct name="Collins" votes="358" />
                <Precinct name="Manassas" votes="34" />
                <Precinct name="District II" votes="557" />
                <Precinct name="East Glennville" votes="616" />
                <Precinct name="District IV" votes="564" />
                <Precinct name="District V" votes="245" />
            </VoteType>
            <VoteType name="Provisional" votes="3">
                <Precinct name="Cobbtown" votes="1" />
                <Precinct name="Shiloh" votes="0" />
                <Precinct name="Collins" votes="1" />
                <Precinct name="Manassas" votes="0" />
                <Precinct name="District II" votes="0" />
                <Precinct name="East Glennville" votes="1" />
                <Precinct name="District IV" votes="0" />
                <Precinct name="District V" votes="0" />
            </VoteType>
        </Choice>
        <Choice key="40" text="JIM BARKSDALE" totalVotes="1354">
            <VoteType name="Election Day" votes="573">
                <Precinct name="Cobbtown" votes="37" />
                <Precinct name="Shiloh" votes="46" />
                <Precinct name="Collins" votes="57" />
                <Precinct name="Manassas" votes="26" />
                <Precinct name="District II" votes="124" />
                <Precinct name="East Glennville" votes="79" />
                <Precinct name="District IV" votes="175" />
                <Precinct name="District V" votes="29" />
            </VoteType>
            <VoteType name="Absentee by Mail" votes="94">
                <Precinct name="Cobbtown" votes="3" />
                <Precinct name="Shiloh" votes="9" />
                <Precinct name="Collins" votes="8" />
                <Precinct name="Manassas" votes="2" />
                <Precinct name="District II" votes="18" />
                <Precinct name="East Glennville" votes="22" />
                <Precinct name="District IV" votes="29" />
                <Precinct name="District V" votes="3" />
            </VoteType>
            <VoteType name="Advance in Person" votes="684">
                <Precinct name="Cobbtown" votes="25" />
                <Precinct name="Shiloh" votes="64" />
                <Precinct name="Collins" votes="68" />
                <Precinct name="Manassas" votes="7" />
                <Precinct name="District II" votes="211" />
                <Precinct name="East Glennville" votes="105" />
                <Precinct name="District IV" votes="160" />
                <Precinct name="District V" votes="44" />
            </VoteType>
            <VoteType name="Provisional" votes="3">
                <Precinct name="Cobbtown" votes="0" />
                <Precinct name="Shiloh" votes="0" />
                <Precinct name="Collins" votes="1" />
                <Precinct name="Manassas" votes="0" />
                <Precinct name="District II" votes="0" />
                <Precinct name="East Glennville" votes="2" />
                <Precinct name="District IV" votes="0" />
                <Precinct name="District V" votes="0" />
            </VoteType>
        </Choice>
        <Choice key="50" text="ALLEN BUCKLEY" totalVotes="147">
            <VoteType name="Election Day" votes="70">
                <Precinct name="Cobbtown" votes="6" />
                <Precinct name="Shiloh" votes="5" />
                <Precinct name="Collins" votes="11" />
                <Precinct name="Manassas" votes="6" />
                <Precinct name="District II" votes="16" />
                <Precinct name="East Glennville" votes="14" />
                <Precinct name="District IV" votes="8" />
                <Precinct name="District V" votes="4" />
            </VoteType>
            <VoteType name="Absentee by Mail" votes="16">
                <Precinct name="Cobbtown" votes="1" />
                <Precinct name="Shiloh" votes="0" />
                <Precinct name="Collins" votes="2" />
                <Precinct name="Manassas" votes="1" />
                <Precinct name="District II" votes="2" />
                <Precinct name="East Glennville" votes="7" />
                <Precinct name="District IV" votes="0" />
                <Precinct name="District V" votes="3" />
            </VoteType>
            <VoteType name="Advance in Person" votes="61">
                <Precinct name="Cobbtown" votes="5" />
                <Precinct name="Shiloh" votes="7" />
                <Precinct name="Collins" votes="9" />
                <Precinct name="Manassas" votes="0" />
                <Precinct name="District II" votes="17" />
                <Precinct name="East Glennville" votes="13" />
                <Precinct name="District IV" votes="5" />
                <Precinct name="District V" votes="5" />
            </VoteType>
            <VoteType name="Provisional" votes="0">
                <Precinct name="Cobbtown" votes="0" />
                <Precinct name="Shiloh" votes="0" />
                <Precinct name="Collins" votes="0" />
                <Precinct name="Manassas" votes="0" />
                <Precinct name="District II" votes="0" />
                <Precinct name="East Glennville" votes="0" />
                <Precinct name="District IV" votes="0" />
                <Precinct name="District V" votes="0" />
            </VoteType>
        </Choice>
    </Contest>
    <Contest key="30" text="Public Service Commission, District 2 - Eastern" isQuestion="false" precinctsReporting="8" precinctsReported="8">
        <VoteType name="Number of Precincts for Race" votes="8">
            <Precinct name="Cobbtown" votes="1" />
            <Precinct name="Shiloh" votes="1" />
            <Precinct name="Collins" votes="1" />
            <Precinct name="Manassas" votes="1" />
            <Precinct name="District II" votes="1" />
            <Precinct name="East Glennville" votes="1" />
            <Precinct name="District IV" votes="1" />
            <Precinct name="District V" votes="1" />
        </VoteType>
        <VoteType name="Number of Precincts Reporting" votes="8">
            <Precinct name="Cobbtown" votes="1" />
            <Precinct name="Shiloh" votes="1" />
            <Precinct name="Collins" votes="1" />
            <Precinct name="Manassas" votes="1" />
            <Precinct name="District II" votes="1" />
            <Precinct name="East Glennville" votes="1" />
            <Precinct name="District IV" votes="1" />
            <Precinct name="District V" votes="1" />
        </VoteType>
        <Choice key="20" text="TIM ECHOLS (I)" totalVotes="4979">
            <VoteType name="Election Day" votes="1897">
                <Precinct name="Cobbtown" votes="190" />
                <Precinct name="Shiloh" votes="97" />
                <Precinct name="Collins" votes="238" />
                <Precinct name="Manassas" votes="84" />
                <Precinct name="District II" votes="293" />
                <Precinct name="East Glennville" votes="384" />
                <Precinct name="District IV" votes="378" />
                <Precinct name="District V" votes="233" />
            </VoteType>
            <VoteType name="Absentee by Mail" votes="443">
                <Precinct name="Cobbtown" votes="18" />
                <Precinct name="Shiloh" votes="18" />
                <Precinct name="Collins" votes="31" />
                <Precinct name="Manassas" votes="4" />
                <Precinct name="District II" votes="56" />
                <Precinct name="East Glennville" votes="159" />
                <Precinct name="District IV" votes="111" />
                <Precinct name="District V" votes="46" />
            </VoteType>
            <VoteType name="Advance in Person" votes="2635">
                <Precinct name="Cobbtown" votes="113" />
                <Precinct name="Shiloh" votes="184" />
                <Precinct name="Collins" votes="336" />
                <Precinct name="Manassas" votes="30" />
                <Precinct name="District II" votes="577" />
                <Precinct name="East Glennville" votes="595" />
                <Precinct name="District IV" votes="561" />
                <Precinct name="District V" votes="239" />
            </VoteType>
            <VoteType name="Provisional" votes="4">
                <Precinct name="Cobbtown" votes="1" />
                <Precinct name="Shiloh" votes="0" />
                <Precinct name="Collins" votes="2" />
                <Precinct name="Manassas" votes="0" />
                <Precinct name="District II" votes="0" />
                <Precinct name="East Glennville" votes="1" />
                <Precinct name="District IV" votes="0" />
                <Precinct name="District V" votes="0" />
            </VoteType>
        </Choice>
        <Choice key="30" text="ERIC HOSKINS" totalVotes="933">
            <VoteType name="Election Day" votes="436">
                <Precinct name="Cobbtown" votes="34" />
                <Precinct name="Shiloh" votes="35" />
                <Precinct name="Collins" votes="45" />
                <Precinct name="Manassas" votes="19" />
                <Precinct name="District II" votes="90" />
                <Precinct name="East Glennville" votes="83" />
                <Precinct name="District IV" votes="105" />
                <Precinct name="District V" votes="25" />
            </VoteType>
            <VoteType name="Absentee by Mail" votes="64">
                <Precinct name="Cobbtown" votes="4" />
                <Precinct name="Shiloh" votes="3" />
                <Precinct name="Collins" votes="5" />
                <Precinct name="Manassas" votes="3" />
                <Precinct name="District II" votes="6" />
                <Precinct name="East Glennville" votes="23" />
                <Precinct name="District IV" votes="17" />
                <Precinct name="District V" votes="3" />
            </VoteType>
            <VoteType name="Advance in Person" votes="431">
                <Precinct name="Cobbtown" votes="15" />
                <Precinct name="Shiloh" votes="35" />
                <Precinct name="Collins" votes="52" />
                <Precinct name="Manassas" votes="8" />
                <Precinct name="District II" votes="126" />
                <Precinct name="East Glennville" votes="79" />
                <Precinct name="District IV" votes="89" />
                <Precinct name="District V" votes="27" />
            </VoteType>
            <VoteType name="Provisional" votes="2">
                <Precinct name="Cobbtown" votes="0" />
                <Precinct name="Shiloh" votes="0" />
                <Precinct name="Collins" votes="0" />
                <Precinct name="Manassas" votes="0" />
                <Precinct name="District II" votes="0" />
                <Precinct name="East Glennville" votes="2" />
                <Precinct name="District IV" votes="0" />
                <Precinct name="District V" votes="0" />
            </VoteType>
        </Choice>
    </Contest>
    <Contest key="50" text="U.S. Representative, District 12" isQuestion="false" precinctsReporting="8" precinctsReported="8">
        <VoteType name="Number of Precincts for Race" votes="8">
            <Precinct name="Cobbtown" votes="1" />
            <Precinct name="Shiloh" votes="1" />
            <Precinct name="Collins" votes="1" />
            <Precinct name="Manassas" votes="1" />
            <Precinct name="District II" votes="1" />
            <Precinct name="East Glennville" votes="1" />
            <Precinct name="District IV" votes="1" />
            <Precinct name="District V" votes="1" />
        </VoteType>
        <VoteType name="Number of Precincts Reporting" votes="8">
            <Precinct name="Cobbtown" votes="1" />
            <Precinct name="Shiloh" votes="1" />
            <Precinct name="Collins" votes="1" />
            <Precinct name="Manassas" votes="1" />
            <Precinct name="District II" votes="1" />
            <Precinct name="East Glennville" votes="1" />
            <Precinct name="District IV" votes="1" />
            <Precinct name="District V" votes="1" />
        </VoteType>
        <Choice key="10" text="RICK ALLEN (I)" totalVotes="5052">
            <VoteType name="Election Day" votes="1907">
                <Precinct name="Cobbtown" votes="197" />
                <Precinct name="Shiloh" votes="96" />
                <Precinct name="Collins" votes="253" />
                <Precinct name="Manassas" votes="82" />
                <Precinct name="District II" votes="284" />
                <Precinct name="East Glennville" votes="401" />
                <Precinct name="District IV" votes="358" />
                <Precinct name="District V" votes="236" />
            </VoteType>
            <VoteType name="Absentee by Mail" votes="449">
                <Precinct name="Cobbtown" votes="18" />
                <Precinct name="Shiloh" votes="15" />
                <Precinct name="Collins" votes="35" />
                <Precinct name="Manassas" votes="5" />
                <Precinct name="District II" votes="41" />
                <Precinct name="East Glennville" votes="166" />
                <Precinct name="District IV" votes="115" />
                <Precinct name="District V" votes="54" />
            </VoteType>
            <VoteType name="Advance in Person" votes="2692">
                <Precinct name="Cobbtown" votes="114" />
                <Precinct name="Shiloh" votes="189" />
                <Precinct name="Collins" votes="358" />
                <Precinct name="Manassas" votes="35" />
                <Precinct name="District II" votes="570" />
                <Precinct name="East Glennville" votes="613" />
                <Precinct name="District IV" votes="566" />
                <Precinct name="District V" votes="247" />
            </VoteType>
            <VoteType name="Provisional" votes="4">
                <Precinct name="Cobbtown" votes="1" />
                <Precinct name="Shiloh" votes="0" />
                <Precinct name="Collins" votes="2" />
                <Precinct name="Manassas" votes="0" />
                <Precinct name="District II" votes="0" />
                <Precinct name="East Glennville" votes="1" />
                <Precinct name="District IV" votes="0" />
                <Precinct name="District V" votes="0" />
            </VoteType>
        </Choice>
        <Choice key="20" text="PATRICIA C. MCCRACKEN" totalVotes="1442">
            <VoteType name="Election Day" votes="615">
                <Precinct name="Cobbtown" votes="42" />
                <Precinct name="Shiloh" votes="49" />
                <Precinct name="Collins" votes="60" />
                <Precinct name="Manassas" votes="31" />
                <Precinct name="District II" votes="136" />
                <Precinct name="East Glennville" votes="84" />
                <Precinct name="District IV" votes="181" />
                <Precinct name="District V" votes="32" />
            </VoteType>
            <VoteType name="Absentee by Mail" votes="107">
                <Precinct name="Cobbtown" votes="6" />
                <Precinct name="Shiloh" votes="9" />
                <Precinct name="Collins" votes="9" />
                <Precinct name="Manassas" votes="1" />
                <Precinct name="District II" votes="28" />
                <Precinct name="East Glennville" votes="23" />
                <Precinct name="District IV" votes="31" />
                <Precinct name="District V" votes="0" />
            </VoteType>
            <VoteType name="Advance in Person" votes="718">
                <Precinct name="Cobbtown" votes="22" />
                <Precinct name="Shiloh" votes="63" />
                <Precinct name="Collins" votes="79" />
                <Precinct name="Manassas" votes="6" />
                <Precinct name="District II" votes="218" />
                <Precinct name="East Glennville" votes="115" />
                <Precinct name="District IV" votes="168" />
                <Precinct name="District V" votes="47" />
            </VoteType>
            <VoteType name="Provisional" votes="2">
                <Precinct name="Cobbtown" votes="0" />
                <Precinct name="Shiloh" votes="0" />
                <Precinct name="Collins" votes="0" />
                <Precinct name="Manassas" votes="0" />
                <Precinct name="District II" votes="0" />
                <Precinct name="East Glennville" votes="2" />
                <Precinct name="District IV" votes="0" />
                <Precinct name="District V" votes="0" />
            </VoteType>
        </Choice>
    </Contest>
    <Contest key="70" text="State Senator, District 4" isQuestion="false" precinctsReporting="4" precinctsReported="4">
        <VoteType name="Number of Precincts for Race" votes="4">
            <Precinct name="Cobbtown" votes="1" />
            <Precinct name="Collins" votes="1" />
            <Precinct name="Manassas" votes="1" />
            <Precinct name="District II" votes="1" />
        </VoteType>
        <VoteType name="Number of Precincts Reporting" votes="4">
            <Precinct name="Cobbtown" votes="1" />
            <Precinct name="Collins" votes="1" />
            <Precinct name="Manassas" votes="1" />
            <Precinct name="District II" votes="1" />
        </VoteType>
        <Choice key="10" text="JACK HILL (I)" totalVotes="2434">
            <VoteType name="Election Day" votes="1029">
                <Precinct name="Cobbtown" votes="231" />
                <Precinct name="Collins" votes="309" />
                <Precinct name="Manassas" votes="99" />
                <Precinct name="District II" votes="390" />
            </VoteType>
            <VoteType name="Absentee by Mail" votes="112">
                <Precinct name="Cobbtown" votes="24" />
                <Precinct name="Collins" votes="33" />
                <Precinct name="Manassas" votes="4" />
                <Precinct name="District II" votes="51" />
            </VoteType>
            <VoteType name="Advance in Person" votes="1290">
                <Precinct name="Cobbtown" votes="130" />
                <Precinct name="Collins" votes="409" />
                <Precinct name="Manassas" votes="37" />
                <Precinct name="District II" votes="714" />
            </VoteType>
            <VoteType name="Provisional" votes="3">
                <Precinct name="Cobbtown" votes="1" />
                <Precinct name="Collins" votes="2" />
                <Precinct name="Manassas" votes="0" />
                <Precinct name="District II" votes="0" />
            </VoteType>
        </Choice>
    </Contest>
    <Contest key="90" text="State Senator, District 19" isQuestion="false" precinctsReporting="4" precinctsReported="4">
        <VoteType name="Number of Precincts for Race" votes="4">
            <Precinct name="Shiloh" votes="1" />
            <Precinct name="East Glennville" votes="1" />
            <Precinct name="District IV" votes="1" />
            <Precinct name="District V" votes="1" />
        </VoteType>
        <VoteType name="Number of Precincts Reporting" votes="4">
            <Precinct name="Shiloh" votes="1" />
            <Precinct name="East Glennville" votes="1" />
            <Precinct name="District IV" votes="1" />
            <Precinct name="District V" votes="1" />
        </VoteType>
        <Choice key="30" text="BLAKE TILLERY" totalVotes="3172">
            <VoteType name="Election Day" votes="1208">
                <Precinct name="Shiloh" votes="123" />
                <Precinct name="East Glennville" votes="425" />
                <Precinct name="District IV" votes="424" />
                <Precinct name="District V" votes="236" />
            </VoteType>
            <VoteType name="Absentee by Mail" votes="319">
                <Precinct name="Shiloh" votes="12" />
                <Precinct name="East Glennville" votes="151" />
                <Precinct name="District IV" votes="112" />
                <Precinct name="District V" votes="44" />
            </VoteType>
            <VoteType name="Advance in Person" votes="1645">
                <Precinct name="Shiloh" votes="208" />
                <Precinct name="East Glennville" votes="606" />
                <Precinct name="District IV" votes="584" />
                <Precinct name="District V" votes="247" />
            </VoteType>
            <VoteType name="Provisional" votes="0">
                <Precinct name="Shiloh" votes="0" />
                <Precinct name="East Glennville" votes="0" />
                <Precinct name="District IV" votes="0" />
                <Precinct name="District V" votes="0" />
            </VoteType>
        </Choice>
    </Contest>
    <Contest key="110" text="State Representative, District 157" isQuestion="false" precinctsReporting="8" precinctsReported="8">
        <VoteType name="Number of Precincts for Race" votes="8">
            <Precinct name="Cobbtown" votes="1" />
            <Precinct name="Shiloh" votes="1" />
            <Precinct name="Collins" votes="1" />
            <Precinct name="Manassas" votes="1" />
            <Precinct name="District II" votes="1" />
            <Precinct name="East Glennville" votes="1" />
            <Precinct name="District IV" votes="1" />
            <Precinct name="District V" votes="1" />
        </VoteType>
        <VoteType name="Number of Precincts Reporting" votes="8">
            <Precinct name="Cobbtown" votes="1" />
            <Precinct name="Shiloh" votes="1" />
            <Precinct name="Collins" votes="1" />
            <Precinct name="Manassas" votes="1" />
            <Precinct name="District II" votes="1" />
            <Precinct name="East Glennville" votes="1" />
            <Precinct name="District IV" votes="1" />
            <Precinct name="District V" votes="1" />
        </VoteType>
        <Choice key="10" text="WILLIAM &quot;BILL&quot; WERKHEISER (I)" totalVotes="5402">
            <VoteType name="Election Day" votes="2151">
                <Precinct name="Cobbtown" votes="210" />
                <Precinct name="Shiloh" votes="119" />
                <Precinct name="Collins" votes="269" />
                <Precinct name="Manassas" votes="90" />
                <Precinct name="District II" votes="352" />
                <Precinct name="East Glennville" votes="434" />
                <Precinct name="District IV" votes="436" />
                <Precinct name="District V" votes="241" />
            </VoteType>
            <VoteType name="Absentee by Mail" votes="427">
                <Precinct name="Cobbtown" votes="20" />
                <Precinct name="Shiloh" votes="13" />
                <Precinct name="Collins" votes="32" />
                <Precinct name="Manassas" votes="4" />
                <Precinct name="District II" votes="46" />
                <Precinct name="East Glennville" votes="153" />
                <Precinct name="District IV" votes="115" />
                <Precinct name="District V" votes="44" />
            </VoteType>
            <VoteType name="Advance in Person" votes="2819">
                <Precinct name="Cobbtown" votes="118" />
                <Precinct name="Shiloh" votes="206" />
                <Precinct name="Collins" votes="365" />
                <Precinct name="Manassas" votes="35" />
                <Precinct name="District II" votes="631" />
                <Precinct name="East Glennville" votes="613" />
                <Precinct name="District IV" votes="606" />
                <Precinct name="District V" votes="245" />
            </VoteType>
            <VoteType name="Provisional" votes="5">
                <Precinct name="Cobbtown" votes="1" />
                <Precinct name="Shiloh" votes="0" />
                <Precinct name="Collins" votes="2" />
                <Precinct name="Manassas" votes="0" />
                <Precinct name="District II" votes="0" />
                <Precinct name="East Glennville" votes="2" />
                <Precinct name="District IV" votes="0" />
                <Precinct name="District V" votes="0" />
            </VoteType>
        </Choice>
    </Contest>
    <Contest key="130" text="CLERK, SUPERIOR COURT" isQuestion="false" precinctsReporting="8" precinctsReported="8">
        <VoteType name="Number of Precincts for Race" votes="8">
            <Precinct name="Cobbtown" votes="1" />
            <Precinct name="Shiloh" votes="1" />
            <Precinct name="Collins" votes="1" />
            <Precinct name="Manassas" votes="1" />
            <Precinct name="District II" votes="1" />
            <Precinct name="East Glennville" votes="1" />
            <Precinct name="District IV" votes="1" />
            <Precinct name="District V" votes="1" />
        </VoteType>
        <VoteType name="Number of Precincts Reporting" votes="8">
            <Precinct name="Cobbtown" votes="1" />
            <Precinct name="Shiloh" votes="1" />
            <Precinct name="Collins" votes="1" />
            <Precinct name="Manassas" votes="1" />
            <Precinct name="District II" votes="1" />
            <Precinct name="East Glennville" votes="1" />
            <Precinct name="District IV" votes="1" />
            <Precinct name="District V" votes="1" />
        </VoteType>
        <Choice key="10" text="S. J. BLAND (I) R" totalVotes="5693">
            <VoteType name="Election Day" votes="2240">
                <Precinct name="Cobbtown" votes="223" />
                <Precinct name="Shiloh" votes="131" />
                <Precinct name="Collins" votes="290" />
                <Precinct name="Manassas" votes="91" />
                <Precinct name="District II" votes="372" />
                <Precinct name="East Glennville" votes="436" />
                <Precinct name="District IV" votes="451" />
                <Precinct name="District V" votes="246" />
            </VoteType>
            <VoteType name="Absentee by Mail" votes="450">
                <Precinct name="Cobbtown" votes="23" />
                <Precinct name="Shiloh" votes="14" />
                <Precinct name="Collins" votes="34" />
                <Precinct name="Manassas" votes="5" />
                <Precinct name="District II" votes="51" />
                <Precinct name="East Glennville" votes="158" />
                <Precinct name="District IV" votes="119" />
                <Precinct name="District V" votes="46" />
            </VoteType>
            <VoteType name="Advance in Person" votes="2998">
                <Precinct name="Cobbtown" votes="123" />
                <Precinct name="Shiloh" votes="229" />
                <Precinct name="Collins" votes="389" />
                <Precinct name="Manassas" votes="38" />
                <Precinct name="District II" votes="686" />
                <Precinct name="East Glennville" votes="638" />
                <Precinct name="District IV" votes="641" />
                <Precinct name="District V" votes="254" />
            </VoteType>
            <VoteType name="Provisional" votes="5">
                <Precinct name="Cobbtown" votes="1" />
                <Precinct name="Shiloh" votes="0" />
                <Precinct name="Collins" votes="2" />
                <Precinct name="Manassas" votes="0" />
                <Precinct name="District II" votes="0" />
                <Precinct name="East Glennville" votes="2" />
                <Precinct name="District IV" votes="0" />
                <Precinct name="District V" votes="0" />
            </VoteType>
        </Choice>
    </Contest>
    <Contest key="150" text="SHERIFF" isQuestion="false" precinctsReporting="8" precinctsReported="8">
        <VoteType name="Number of Precincts for Race" votes="8">
            <Precinct name="Cobbtown" votes="1" />
            <Precinct name="Shiloh" votes="1" />
            <Precinct name="Collins" votes="1" />
            <Precinct name="Manassas" votes="1" />
            <Precinct name="District II" votes="1" />
            <Precinct name="East Glennville" votes="1" />
            <Precinct name="District IV" votes="1" />
            <Precinct name="District V" votes="1" />
        </VoteType>
        <VoteType name="Number of Precincts Reporting" votes="8">
            <Precinct name="Cobbtown" votes="1" />
            <Precinct name="Shiloh" votes="1" />
            <Precinct name="Collins" votes="1" />
            <Precinct name="Manassas" votes="1" />
            <Precinct name="District II" votes="1" />
            <Precinct name="East Glennville" votes="1" />
            <Precinct name="District IV" votes="1" />
            <Precinct name="District V" votes="1" />
        </VoteType>
        <Choice key="10" text="K. SAPP (R)" totalVotes="5955">
            <VoteType name="Election Day" votes="2322">
                <Precinct name="Cobbtown" votes="236" />
                <Precinct name="Shiloh" votes="129" />
                <Precinct name="Collins" votes="312" />
                <Precinct name="Manassas" votes="96" />
                <Precinct name="District II" votes="378" />
                <Precinct name="East Glennville" votes="451" />
                <Precinct name="District IV" votes="466" />
                <Precinct name="District V" votes="254" />
            </VoteType>
            <VoteType name="Absentee by Mail" votes="464">
                <Precinct name="Cobbtown" votes="21" />
                <Precinct name="Shiloh" votes="17" />
                <Precinct name="Collins" votes="36" />
                <Precinct name="Manassas" votes="5" />
                <Precinct name="District II" votes="50" />
                <Precinct name="East Glennville" votes="168" />
                <Precinct name="District IV" votes="118" />
                <Precinct name="District V" votes="49" />
            </VoteType>
            <VoteType name="Advance in Person" votes="3164">
                <Precinct name="Cobbtown" votes="133" />
                <Precinct name="Shiloh" votes="242" />
                <Precinct name="Collins" votes="436" />
                <Precinct name="Manassas" votes="39" />
                <Precinct name="District II" votes="726" />
                <Precinct name="East Glennville" votes="660" />
                <Precinct name="District IV" votes="658" />
                <Precinct name="District V" votes="270" />
            </VoteType>
            <VoteType name="Provisional" votes="5">
                <Precinct name="Cobbtown" votes="1" />
                <Precinct name="Shiloh" votes="0" />
                <Precinct name="Collins" votes="2" />
                <Precinct name="Manassas" votes="0" />
                <Precinct name="District II" votes="0" />
                <Precinct name="East Glennville" votes="2" />
                <Precinct name="District IV" votes="0" />
                <Precinct name="District V" votes="0" />
            </VoteType>
        </Choice>
    </Contest>
    <Contest key="170" text="TAX COMMISSIONER" isQuestion="false" precinctsReporting="8" precinctsReported="8">
        <VoteType name="Number of Precincts for Race" votes="8">
            <Precinct name="Cobbtown" votes="1" />
            <Precinct name="Shiloh" votes="1" />
            <Precinct name="Collins" votes="1" />
            <Precinct name="Manassas" votes="1" />
            <Precinct name="District II" votes="1" />
            <Precinct name="East Glennville" votes="1" />
            <Precinct name="District IV" votes="1" />
            <Precinct name="District V" votes="1" />
        </VoteType>
        <VoteType name="Number of Precincts Reporting" votes="8">
            <Precinct name="Cobbtown" votes="1" />
            <Precinct name="Shiloh" votes="1" />
            <Precinct name="Collins" votes="1" />
            <Precinct name="Manassas" votes="1" />
            <Precinct name="District II" votes="1" />
            <Precinct name="East Glennville" votes="1" />
            <Precinct name="District IV" votes="1" />
            <Precinct name="District V" votes="1" />
        </VoteType>
        <Choice key="10" text="D. P. DUTTON (I) R" totalVotes="5874">
            <VoteType name="Election Day" votes="2322">
                <Precinct name="Cobbtown" votes="228" />
                <Precinct name="Shiloh" votes="130" />
                <Precinct name="Collins" votes="291" />
                <Precinct name="Manassas" votes="101" />
                <Precinct name="District II" votes="379" />
                <Precinct name="East Glennville" votes="457" />
                <Precinct name="District IV" votes="477" />
                <Precinct name="District V" votes="259" />
            </VoteType>
            <VoteType name="Absentee by Mail" votes="457">
                <Precinct name="Cobbtown" votes="22" />
                <Precinct name="Shiloh" votes="15" />
                <Precinct name="Collins" votes="34" />
                <Precinct name="Manassas" votes="5" />
                <Precinct name="District II" votes="52" />
                <Precinct name="East Glennville" votes="161" />
                <Precinct name="District IV" votes="122" />
                <Precinct name="District V" votes="46" />
            </VoteType>
            <VoteType name="Advance in Person" votes="3091">
                <Precinct name="Cobbtown" votes="126" />
                <Precinct name="Shiloh" votes="241" />
                <Precinct name="Collins" votes="405" />
                <Precinct name="Manassas" votes="39" />
                <Precinct name="District II" votes="696" />
                <Precinct name="East Glennville" votes="649" />
                <Precinct name="District IV" votes="670" />
                <Precinct name="District V" votes="265" />
            </VoteType>
            <VoteType name="Provisional" votes="4">
                <Precinct name="Cobbtown" votes="1" />
                <Precinct name="Shiloh" votes="0" />
                <Precinct name="Collins" votes="2" />
                <Precinct name="Manassas" votes="0" />
                <Precinct name="District II" votes="0" />
                <Precinct name="East Glennville" votes="1" />
                <Precinct name="District IV" votes="0" />
                <Precinct name="District V" votes="0" />
            </VoteType>
        </Choice>
    </Contest>
    <Contest key="190" text="CORONER" isQuestion="false" precinctsReporting="8" precinctsReported="8">
        <VoteType name="Number of Precincts for Race" votes="8">
            <Precinct name="Cobbtown" votes="1" />
            <Precinct name="Shiloh" votes="1" />
            <Precinct name="Collins" votes="1" />
            <Precinct name="Manassas" votes="1" />
            <Precinct name="District II" votes="1" />
            <Precinct name="East Glennville" votes="1" />
            <Precinct name="District IV" votes="1" />
            <Precinct name="District V" votes="1" />
        </VoteType>
        <VoteType name="Number of Precincts Reporting" votes="8">
            <Precinct name="Cobbtown" votes="1" />
            <Precinct name="Shiloh" votes="1" />
            <Precinct name="Collins" votes="1" />
            <Precinct name="Manassas" votes="1" />
            <Precinct name="District II" votes="1" />
            <Precinct name="East Glennville" votes="1" />
            <Precinct name="District IV" votes="1" />
            <Precinct name="District V" votes="1" />
        </VoteType>
        <Choice key="10" text="B. B. ANDERSON (R)" totalVotes="3385">
            <VoteType name="Election Day" votes="1298">
                <Precinct name="Cobbtown" votes="151" />
                <Precinct name="Shiloh" votes="94" />
                <Precinct name="Collins" votes="240" />
                <Precinct name="Manassas" votes="72" />
                <Precinct name="District II" votes="300" />
                <Precinct name="East Glennville" votes="175" />
                <Precinct name="District IV" votes="176" />
                <Precinct name="District V" votes="90" />
            </VoteType>
            <VoteType name="Absentee by Mail" votes="243">
                <Precinct name="Cobbtown" votes="17" />
                <Precinct name="Shiloh" votes="20" />
                <Precinct name="Collins" votes="30" />
                <Precinct name="Manassas" votes="4" />
                <Precinct name="District II" votes="45" />
                <Precinct name="East Glennville" votes="66" />
                <Precinct name="District IV" votes="43" />
                <Precinct name="District V" votes="18" />
            </VoteType>
            <VoteType name="Advance in Person" votes="1840">
                <Precinct name="Cobbtown" votes="109" />
                <Precinct name="Shiloh" votes="188" />
                <Precinct name="Collins" votes="315" />
                <Precinct name="Manassas" votes="33" />
                <Precinct name="District II" votes="578" />
                <Precinct name="East Glennville" votes="263" />
                <Precinct name="District IV" votes="233" />
                <Precinct name="District V" votes="121" />
            </VoteType>
            <VoteType name="Provisional" votes="4">
                <Precinct name="Cobbtown" votes="1" />
                <Precinct name="Shiloh" votes="0" />
                <Precinct name="Collins" votes="2" />
                <Precinct name="Manassas" votes="0" />
                <Precinct name="District II" votes="0" />
                <Precinct name="East Glennville" votes="1" />
                <Precinct name="District IV" votes="0" />
                <Precinct name="District V" votes="0" />
            </VoteType>
        </Choice>
        <Choice key="20" text="B. J. BRANNEN (I) D" totalVotes="3414">
            <VoteType name="Election Day" votes="1323">
                <Precinct name="Cobbtown" votes="95" />
                <Precinct name="Shiloh" votes="59" />
                <Precinct name="Collins" votes="92" />
                <Precinct name="Manassas" votes="40" />
                <Precinct name="District II" votes="136" />
                <Precinct name="East Glennville" votes="330" />
                <Precinct name="District IV" votes="375" />
                <Precinct name="District V" votes="196" />
            </VoteType>
            <VoteType name="Absentee by Mail" votes="329">
                <Precinct name="Cobbtown" votes="7" />
                <Precinct name="Shiloh" votes="5" />
                <Precinct name="Collins" votes="12" />
                <Precinct name="Manassas" votes="3" />
                <Precinct name="District II" votes="26" />
                <Precinct name="East Glennville" votes="135" />
                <Precinct name="District IV" votes="103" />
                <Precinct name="District V" votes="38" />
            </VoteType>
            <VoteType name="Advance in Person" votes="1760">
                <Precinct name="Cobbtown" votes="33" />
                <Precinct name="Shiloh" votes="85" />
                <Precinct name="Collins" votes="151" />
                <Precinct name="Manassas" votes="11" />
                <Precinct name="District II" votes="249" />
                <Precinct name="East Glennville" votes="497" />
                <Precinct name="District IV" votes="544" />
                <Precinct name="District V" votes="190" />
            </VoteType>
            <VoteType name="Provisional" votes="2">
                <Precinct name="Cobbtown" votes="0" />
                <Precinct name="Shiloh" votes="0" />
                <Precinct name="Collins" votes="0" />
                <Precinct name="Manassas" votes="0" />
                <Precinct name="District II" votes="0" />
                <Precinct name="East Glennville" votes="2" />
                <Precinct name="District IV" votes="0" />
                <Precinct name="District V" votes="0" />
            </VoteType>
        </Choice>
    </Contest>
    <Contest key="205" text="CHAIR CC" isQuestion="false" precinctsReporting="8" precinctsReported="8">
        <VoteType name="Number of Precincts for Race" votes="8">
            <Precinct name="Cobbtown" votes="1" />
            <Precinct name="Shiloh" votes="1" />
            <Precinct name="Collins" votes="1" />
            <Precinct name="Manassas" votes="1" />
            <Precinct name="District II" votes="1" />
            <Precinct name="East Glennville" votes="1" />
            <Precinct name="District IV" votes="1" />
            <Precinct name="District V" votes="1" />
        </VoteType>
        <VoteType name="Number of Precincts Reporting" votes="8">
            <Precinct name="Cobbtown" votes="1" />
            <Precinct name="Shiloh" votes="1" />
            <Precinct name="Collins" votes="1" />
            <Precinct name="Manassas" votes="1" />
            <Precinct name="District II" votes="1" />
            <Precinct name="East Glennville" votes="1" />
            <Precinct name="District IV" votes="1" />
            <Precinct name="District V" votes="1" />
        </VoteType>
        <Choice key="20" text="J. C. TRIM (R)" totalVotes="5675">
            <VoteType name="Election Day" votes="2245">
                <Precinct name="Cobbtown" votes="227" />
                <Precinct name="Shiloh" votes="131" />
                <Precinct name="Collins" votes="289" />
                <Precinct name="Manassas" votes="96" />
                <Precinct name="District II" votes="378" />
                <Precinct name="East Glennville" votes="431" />
                <Precinct name="District IV" votes="445" />
                <Precinct name="District V" votes="248" />
            </VoteType>
            <VoteType name="Absentee by Mail" votes="442">
                <Precinct name="Cobbtown" votes="22" />
                <Precinct name="Shiloh" votes="15" />
                <Precinct name="Collins" votes="33" />
                <Precinct name="Manassas" votes="5" />
                <Precinct name="District II" votes="52" />
                <Precinct name="East Glennville" votes="154" />
                <Precinct name="District IV" votes="115" />
                <Precinct name="District V" votes="46" />
            </VoteType>
            <VoteType name="Advance in Person" votes="2983">
                <Precinct name="Cobbtown" votes="126" />
                <Precinct name="Shiloh" votes="234" />
                <Precinct name="Collins" votes="400" />
                <Precinct name="Manassas" votes="36" />
                <Precinct name="District II" votes="707" />
                <Precinct name="East Glennville" votes="605" />
                <Precinct name="District IV" votes="618" />
                <Precinct name="District V" votes="257" />
            </VoteType>
            <VoteType name="Provisional" votes="5">
                <Precinct name="Cobbtown" votes="1" />
                <Precinct name="Shiloh" votes="0" />
                <Precinct name="Collins" votes="2" />
                <Precinct name="Manassas" votes="0" />
                <Precinct name="District II" votes="0" />
                <Precinct name="East Glennville" votes="2" />
                <Precinct name="District IV" votes="0" />
                <Precinct name="District V" votes="0" />
            </VoteType>
        </Choice>
    </Contest>
    <Contest key="210" text="CC, D1" isQuestion="false" precinctsReporting="3" precinctsReported="3">
        <VoteType name="Number of Precincts for Race" votes="3">
            <Precinct name="Cobbtown" votes="1" />
            <Precinct name="Collins" votes="1" />
            <Precinct name="Manassas" votes="1" />
        </VoteType>
        <VoteType name="Number of Precincts Reporting" votes="3">
            <Precinct name="Cobbtown" votes="1" />
            <Precinct name="Collins" votes="1" />
            <Precinct name="Manassas" votes="1" />
        </VoteType>
        <Choice key="20" text="E. E B KENNEDY (I) R" totalVotes="881">
            <VoteType name="Election Day" votes="426">
                <Precinct name="Cobbtown" votes="208" />
                <Precinct name="Collins" votes="172" />
                <Precinct name="Manassas" votes="46" />
            </VoteType>
            <VoteType name="Absentee by Mail" votes="51">
                <Precinct name="Cobbtown" votes="18" />
                <Precinct name="Collins" votes="28" />
                <Precinct name="Manassas" votes="5" />
            </VoteType>
            <VoteType name="Advance in Person" votes="401">
                <Precinct name="Cobbtown" votes="108" />
                <Precinct name="Collins" votes="280" />
                <Precinct name="Manassas" votes="13" />
            </VoteType>
            <VoteType name="Provisional" votes="3">
                <Precinct name="Cobbtown" votes="1" />
                <Precinct name="Collins" votes="2" />
                <Precinct name="Manassas" votes="0" />
            </VoteType>
        </Choice>
        <Choice key="30" text="L. GRAHAM (IN)" totalVotes="499">
            <VoteType name="Election Day" votes="252">
                <Precinct name="Cobbtown" votes="40" />
                <Precinct name="Collins" votes="154" />
                <Precinct name="Manassas" votes="58" />
            </VoteType>
            <VoteType name="Absentee by Mail" votes="20">
                <Precinct name="Cobbtown" votes="5" />
                <Precinct name="Collins" votes="13" />
                <Precinct name="Manassas" votes="2" />
            </VoteType>
            <VoteType name="Advance in Person" votes="227">
                <Precinct name="Cobbtown" votes="32" />
                <Precinct name="Collins" votes="166" />
                <Precinct name="Manassas" votes="29" />
            </VoteType>
            <VoteType name="Provisional" votes="0">
                <Precinct name="Cobbtown" votes="0" />
                <Precinct name="Collins" votes="0" />
                <Precinct name="Manassas" votes="0" />
            </VoteType>
        </Choice>
    </Contest>
    <Contest key="230" text="CC, D2" isQuestion="false" precinctsReporting="1" precinctsReported="1">
        <VoteType name="Number of Precincts for Race" votes="1">
            <Precinct name="District II" votes="1" />
        </VoteType>
        <VoteType name="Number of Precincts Reporting" votes="1">
            <Precinct name="District II" votes="1" />
        </VoteType>
        <Choice key="20" text="B. C. KENNEDY (R)" totalVotes="1112">
            <VoteType name="Election Day" votes="373">
                <Precinct name="District II" votes="373" />
            </VoteType>
            <VoteType name="Absentee by Mail" votes="49">
                <Precinct name="District II" votes="49" />
            </VoteType>
            <VoteType name="Advance in Person" votes="690">
                <Precinct name="District II" votes="690" />
            </VoteType>
            <VoteType name="Provisional" votes="0">
                <Precinct name="District II" votes="0" />
            </VoteType>
        </Choice>
    </Contest>
    <Contest key="240" text="CC, D3" isQuestion="false" precinctsReporting="1" precinctsReported="1">
        <VoteType name="Number of Precincts for Race" votes="1">
            <Precinct name="East Glennville" votes="1" />
        </VoteType>
        <VoteType name="Number of Precincts Reporting" votes="1">
            <Precinct name="East Glennville" votes="1" />
        </VoteType>
        <Choice key="30" text="G. W. THOMPSON (I) R" totalVotes="829">
            <VoteType name="Election Day" votes="304">
                <Precinct name="East Glennville" votes="304" />
            </VoteType>
            <VoteType name="Absentee by Mail" votes="97">
                <Precinct name="East Glennville" votes="97" />
            </VoteType>
            <VoteType name="Advance in Person" votes="428">
                <Precinct name="East Glennville" votes="428" />
            </VoteType>
            <VoteType name="Provisional" votes="0">
                <Precinct name="East Glennville" votes="0" />
            </VoteType>
        </Choice>
        <Choice key="40" text="B. CONLEY (D)" totalVotes="626">
            <VoteType name="Election Day" votes="205">
                <Precinct name="East Glennville" votes="205" />
            </VoteType>
            <VoteType name="Absentee by Mail" votes="98">
                <Precinct name="East Glennville" votes="98" />
            </VoteType>
            <VoteType name="Advance in Person" votes="322">
                <Precinct name="East Glennville" votes="322" />
            </VoteType>
            <VoteType name="Provisional" votes="1">
                <Precinct name="East Glennville" votes="1" />
            </VoteType>
        </Choice>
    </Contest>
    <Contest key="260" text="CC, D4" isQuestion="false" precinctsReporting="1" precinctsReported="1">
        <VoteType name="Number of Precincts for Race" votes="1">
            <Precinct name="District IV" votes="1" />
        </VoteType>
        <VoteType name="Number of Precincts Reporting" votes="1">
            <Precinct name="District IV" votes="1" />
        </VoteType>
        <Choice key="10" text="W. TATUM (I) R" totalVotes="1063">
            <VoteType name="Election Day" votes="373">
                <Precinct name="District IV" votes="373" />
            </VoteType>
            <VoteType name="Absentee by Mail" votes="113">
                <Precinct name="District IV" votes="113" />
            </VoteType>
            <VoteType name="Advance in Person" votes="577">
                <Precinct name="District IV" votes="577" />
            </VoteType>
            <VoteType name="Provisional" votes="0">
                <Precinct name="District IV" votes="0" />
            </VoteType>
        </Choice>
        <Choice key="20" text="T. PHILLIPS (D)" totalVotes="420">
            <VoteType name="Election Day" votes="194">
                <Precinct name="District IV" votes="194" />
            </VoteType>
            <VoteType name="Absentee by Mail" votes="32">
                <Precinct name="District IV" votes="32" />
            </VoteType>
            <VoteType name="Advance in Person" votes="194">
                <Precinct name="District IV" votes="194" />
            </VoteType>
            <VoteType name="Provisional" votes="0">
                <Precinct name="District IV" votes="0" />
            </VoteType>
        </Choice>
    </Contest>
    <Contest key="280" text="CC, D5" isQuestion="false" precinctsReporting="2" precinctsReported="2">
        <VoteType name="Number of Precincts for Race" votes="2">
            <Precinct name="Shiloh" votes="1" />
            <Precinct name="District V" votes="1" />
        </VoteType>
        <VoteType name="Number of Precincts Reporting" votes="2">
            <Precinct name="Shiloh" votes="1" />
            <Precinct name="District V" votes="1" />
        </VoteType>
        <Choice key="10" text="H. BURKHALTER (I) R" totalVotes="913">
            <VoteType name="Election Day" votes="377">
                <Precinct name="Shiloh" votes="129" />
                <Precinct name="District V" votes="248" />
            </VoteType>
            <VoteType name="Absentee by Mail" votes="57">
                <Precinct name="Shiloh" votes="14" />
                <Precinct name="District V" votes="43" />
            </VoteType>
            <VoteType name="Advance in Person" votes="479">
                <Precinct name="Shiloh" votes="230" />
                <Precinct name="District V" votes="249" />
            </VoteType>
            <VoteType name="Provisional" votes="0">
                <Precinct name="Shiloh" votes="0" />
                <Precinct name="District V" votes="0" />
            </VoteType>
        </Choice>
    </Contest>
    <Contest key="290" text="SOIL AND WATER" isQuestion="false" precinctsReporting="8" precinctsReported="8">
        <VoteType name="Number of Precincts for Race" votes="8">
            <Precinct name="Cobbtown" votes="1" />
            <Precinct name="Shiloh" votes="1" />
            <Precinct name="Collins" votes="1" />
            <Precinct name="Manassas" votes="1" />
            <Precinct name="District II" votes="1" />
            <Precinct name="East Glennville" votes="1" />
            <Precinct name="District IV" votes="1" />
            <Precinct name="District V" votes="1" />
        </VoteType>
        <VoteType name="Number of Precincts Reporting" votes="8">
            <Precinct name="Cobbtown" votes="1" />
            <Precinct name="Shiloh" votes="1" />
            <Precinct name="Collins" votes="1" />
            <Precinct name="Manassas" votes="1" />
            <Precinct name="District II" votes="1" />
            <Precinct name="East Glennville" votes="1" />
            <Precinct name="District IV" votes="1" />
            <Precinct name="District V" votes="1" />
        </VoteType>
        <Choice key="10" text="A. BRANCH (I)" totalVotes="5388">
            <VoteType name="Election Day" votes="2138">
                <Precinct name="Cobbtown" votes="210" />
                <Precinct name="Shiloh" votes="122" />
                <Precinct name="Collins" votes="256" />
                <Precinct name="Manassas" votes="89" />
                <Precinct name="District II" votes="353" />
                <Precinct name="East Glennville" votes="426" />
                <Precinct name="District IV" votes="445" />
                <Precinct name="District V" votes="237" />
            </VoteType>
            <VoteType name="Absentee by Mail" votes="436">
                <Precinct name="Cobbtown" votes="21" />
                <Precinct name="Shiloh" votes="16" />
                <Precinct name="Collins" votes="32" />
                <Precinct name="Manassas" votes="5" />
                <Precinct name="District II" votes="46" />
                <Precinct name="East Glennville" votes="149" />
                <Precinct name="District IV" votes="121" />
                <Precinct name="District V" votes="46" />
            </VoteType>
            <VoteType name="Advance in Person" votes="2809">
                <Precinct name="Cobbtown" votes="113" />
                <Precinct name="Shiloh" votes="212" />
                <Precinct name="Collins" votes="364" />
                <Precinct name="Manassas" votes="33" />
                <Precinct name="District II" votes="639" />
                <Precinct name="East Glennville" votes="596" />
                <Precinct name="District IV" votes="608" />
                <Precinct name="District V" votes="244" />
            </VoteType>
            <VoteType name="Provisional" votes="5">
                <Precinct name="Cobbtown" votes="1" />
                <Precinct name="Shiloh" votes="0" />
                <Precinct name="Collins" votes="2" />
                <Precinct name="Manassas" votes="0" />
                <Precinct name="District II" votes="0" />
                <Precinct name="East Glennville" votes="2" />
                <Precinct name="District IV" votes="0" />
                <Precinct name="District V" votes="0" />
            </VoteType>
        </Choice>
    </Contest>
    <Contest key="300" text="Constitutional Amendment #1&lt;br&gt;Provides greater flexibility and state accountability to fix failing schools through increasing community involvement." isQuestion="false" precinctsReporting="8" precinctsReported="8">
        <VoteType name="Number of Precincts for Race" votes="8">
            <Precinct name="Cobbtown" votes="1" />
            <Precinct name="Shiloh" votes="1" />
            <Precinct name="Collins" votes="1" />
            <Precinct name="Manassas" votes="1" />
            <Precinct name="District II" votes="1" />
            <Precinct name="East Glennville" votes="1" />
            <Precinct name="District IV" votes="1" />
            <Precinct name="District V" votes="1" />
        </VoteType>
        <VoteType name="Number of Precincts Reporting" votes="8">
            <Precinct name="Cobbtown" votes="1" />
            <Precinct name="Shiloh" votes="1" />
            <Precinct name="Collins" votes="1" />
            <Precinct name="Manassas" votes="1" />
            <Precinct name="District II" votes="1" />
            <Precinct name="East Glennville" votes="1" />
            <Precinct name="District IV" votes="1" />
            <Precinct name="District V" votes="1" />
        </VoteType>
        <Choice key="10" text="YES" totalVotes="2251">
            <VoteType name="Election Day" votes="910">
                <Precinct name="Cobbtown" votes="85" />
                <Precinct name="Shiloh" votes="80" />
                <Precinct name="Collins" votes="98" />
                <Precinct name="Manassas" votes="38" />
                <Precinct name="District II" votes="164" />
                <Precinct name="East Glennville" votes="172" />
                <Precinct name="District IV" votes="204" />
                <Precinct name="District V" votes="69" />
            </VoteType>
            <VoteType name="Absentee by Mail" votes="190">
                <Precinct name="Cobbtown" votes="7" />
                <Precinct name="Shiloh" votes="11" />
                <Precinct name="Collins" votes="20" />
                <Precinct name="Manassas" votes="2" />
                <Precinct name="District II" votes="28" />
                <Precinct name="East Glennville" votes="77" />
                <Precinct name="District IV" votes="28" />
                <Precinct name="District V" votes="17" />
            </VoteType>
            <VoteType name="Advance in Person" votes="1147">
                <Precinct name="Cobbtown" votes="48" />
                <Precinct name="Shiloh" votes="106" />
                <Precinct name="Collins" votes="155" />
                <Precinct name="Manassas" votes="17" />
                <Precinct name="District II" votes="285" />
                <Precinct name="East Glennville" votes="233" />
                <Precinct name="District IV" votes="206" />
                <Precinct name="District V" votes="97" />
            </VoteType>
            <VoteType name="Provisional" votes="4">
                <Precinct name="Cobbtown" votes="1" />
                <Precinct name="Shiloh" votes="0" />
                <Precinct name="Collins" votes="1" />
                <Precinct name="Manassas" votes="0" />
                <Precinct name="District II" votes="0" />
                <Precinct name="East Glennville" votes="2" />
                <Precinct name="District IV" votes="0" />
                <Precinct name="District V" votes="0" />
            </VoteType>
        </Choice>
        <Choice key="20" text="NO" totalVotes="4422">
            <VoteType name="Election Day" votes="1692">
                <Precinct name="Cobbtown" votes="157" />
                <Precinct name="Shiloh" votes="68" />
                <Precinct name="Collins" votes="229" />
                <Precinct name="Manassas" votes="79" />
                <Precinct name="District II" votes="269" />
                <Precinct name="East Glennville" votes="331" />
                <Precinct name="District IV" votes="346" />
                <Precinct name="District V" votes="213" />
            </VoteType>
            <VoteType name="Absentee by Mail" votes="349">
                <Precinct name="Cobbtown" votes="17" />
                <Precinct name="Shiloh" votes="13" />
                <Precinct name="Collins" votes="21" />
                <Precinct name="Manassas" votes="5" />
                <Precinct name="District II" votes="42" />
                <Precinct name="East Glennville" votes="108" />
                <Precinct name="District IV" votes="110" />
                <Precinct name="District V" votes="33" />
            </VoteType>
            <VoteType name="Advance in Person" votes="2379">
                <Precinct name="Cobbtown" votes="91" />
                <Precinct name="Shiloh" votes="155" />
                <Precinct name="Collins" votes="300" />
                <Precinct name="Manassas" votes="25" />
                <Precinct name="District II" votes="533" />
                <Precinct name="East Glennville" votes="518" />
                <Precinct name="District IV" votes="550" />
                <Precinct name="District V" votes="207" />
            </VoteType>
            <VoteType name="Provisional" votes="2">
                <Precinct name="Cobbtown" votes="0" />
                <Precinct name="Shiloh" votes="0" />
                <Precinct name="Collins" votes="1" />
                <Precinct name="Manassas" votes="0" />
                <Precinct name="District II" votes="0" />
                <Precinct name="East Glennville" votes="1" />
                <Precinct name="District IV" votes="0" />
                <Precinct name="District V" votes="0" />
            </VoteType>
        </Choice>
    </Contest>
    <Contest key="310" text="Constitutional Amendment #2&lt;br&gt;Authorizes penalties for sexual exploitation and assessments on adult entertainment to fund child victims' services." isQuestion="false" precinctsReporting="8" precinctsReported="8">
        <VoteType name="Number of Precincts for Race" votes="8">
            <Precinct name="Cobbtown" votes="1" />
            <Precinct name="Shiloh" votes="1" />
            <Precinct name="Collins" votes="1" />
            <Precinct name="Manassas" votes="1" />
            <Precinct name="District II" votes="1" />
            <Precinct name="East Glennville" votes="1" />
            <Precinct name="District IV" votes="1" />
            <Precinct name="District V" votes="1" />
        </VoteType>
        <VoteType name="Number of Precincts Reporting" votes="8">
            <Precinct name="Cobbtown" votes="1" />
            <Precinct name="Shiloh" votes="1" />
            <Precinct name="Collins" votes="1" />
            <Precinct name="Manassas" votes="1" />
            <Precinct name="District II" votes="1" />
            <Precinct name="East Glennville" votes="1" />
            <Precinct name="District IV" votes="1" />
            <Precinct name="District V" votes="1" />
        </VoteType>
        <Choice key="10" text="YES" totalVotes="5080">
            <VoteType name="Election Day" votes="1982">
                <Precinct name="Cobbtown" votes="187" />
                <Precinct name="Shiloh" votes="124" />
                <Precinct name="Collins" votes="233" />
                <Precinct name="Manassas" votes="80" />
                <Precinct name="District II" votes="331" />
                <Precinct name="East Glennville" votes="394" />
                <Precinct name="District IV" votes="405" />
                <Precinct name="District V" votes="228" />
            </VoteType>
            <VoteType name="Absentee by Mail" votes="437">
                <Precinct name="Cobbtown" votes="18" />
                <Precinct name="Shiloh" votes="21" />
                <Precinct name="Collins" votes="28" />
                <Precinct name="Manassas" votes="6" />
                <Precinct name="District II" votes="54" />
                <Precinct name="East Glennville" votes="150" />
                <Precinct name="District IV" votes="120" />
                <Precinct name="District V" votes="40" />
            </VoteType>
            <VoteType name="Advance in Person" votes="2656">
                <Precinct name="Cobbtown" votes="109" />
                <Precinct name="Shiloh" votes="211" />
                <Precinct name="Collins" votes="350" />
                <Precinct name="Manassas" votes="34" />
                <Precinct name="District II" votes="626" />
                <Precinct name="East Glennville" votes="564" />
                <Precinct name="District IV" votes="534" />
                <Precinct name="District V" votes="228" />
            </VoteType>
            <VoteType name="Provisional" votes="5">
                <Precinct name="Cobbtown" votes="1" />
                <Precinct name="Shiloh" votes="0" />
                <Precinct name="Collins" votes="2" />
                <Precinct name="Manassas" votes="0" />
                <Precinct name="District II" votes="0" />
                <Precinct name="East Glennville" votes="2" />
                <Precinct name="District IV" votes="0" />
                <Precinct name="District V" votes="0" />
            </VoteType>
        </Choice>
        <Choice key="20" text="NO" totalVotes="1389">
            <VoteType name="Election Day" votes="549">
                <Precinct name="Cobbtown" votes="43" />
                <Precinct name="Shiloh" votes="22" />
                <Precinct name="Collins" votes="84" />
                <Precinct name="Manassas" votes="28" />
                <Precinct name="District II" votes="90" />
                <Precinct name="East Glennville" votes="97" />
                <Precinct name="District IV" votes="135" />
                <Precinct name="District V" votes="50" />
            </VoteType>
            <VoteType name="Absentee by Mail" votes="82">
                <Precinct name="Cobbtown" votes="5" />
                <Precinct name="Shiloh" votes="3" />
                <Precinct name="Collins" votes="15" />
                <Precinct name="Manassas" votes="1" />
                <Precinct name="District II" votes="11" />
                <Precinct name="East Glennville" votes="25" />
                <Precinct name="District IV" votes="15" />
                <Precinct name="District V" votes="7" />
            </VoteType>
            <VoteType name="Advance in Person" votes="757">
                <Precinct name="Cobbtown" votes="28" />
                <Precinct name="Shiloh" votes="42" />
                <Precinct name="Collins" votes="96" />
                <Precinct name="Manassas" votes="6" />
                <Precinct name="District II" votes="171" />
                <Precinct name="East Glennville" votes="159" />
                <Precinct name="District IV" votes="186" />
                <Precinct name="District V" votes="69" />
            </VoteType>
            <VoteType name="Provisional" votes="1">
                <Precinct name="Cobbtown" votes="0" />
                <Precinct name="Shiloh" votes="0" />
                <Precinct name="Collins" votes="0" />
                <Precinct name="Manassas" votes="0" />
                <Precinct name="District II" votes="0" />
                <Precinct name="East Glennville" votes="1" />
                <Precinct name="District IV" votes="0" />
                <Precinct name="District V" votes="0" />
            </VoteType>
        </Choice>
    </Contest>
    <Contest key="320" text="Constitutional Amendment #3&lt;br&gt;Reforms and re-establishes the Judicial Qualifications Commission and provides for its composition, governance, and powers." isQuestion="false" precinctsReporting="8" precinctsReported="8">
        <VoteType name="Number of Precincts for Race" votes="8">
            <Precinct name="Cobbtown" votes="1" />
            <Precinct name="Shiloh" votes="1" />
            <Precinct name="Collins" votes="1" />
            <Precinct name="Manassas" votes="1" />
            <Precinct name="District II" votes="1" />
            <Precinct name="East Glennville" votes="1" />
            <Precinct name="District IV" votes="1" />
            <Precinct name="District V" votes="1" />
        </VoteType>
        <VoteType name="Number of Precincts Reporting" votes="8">
            <Precinct name="Cobbtown" votes="1" />
            <Precinct name="Shiloh" votes="1" />
            <Precinct name="Collins" votes="1" />
            <Precinct name="Manassas" votes="1" />
            <Precinct name="District II" votes="1" />
            <Precinct name="East Glennville" votes="1" />
            <Precinct name="District IV" votes="1" />
            <Precinct name="District V" votes="1" />
        </VoteType>
        <Choice key="10" text="YES" totalVotes="3497">
            <VoteType name="Election Day" votes="1358">
                <Precinct name="Cobbtown" votes="139" />
                <Precinct name="Shiloh" votes="91" />
                <Precinct name="Collins" votes="152" />
                <Precinct name="Manassas" votes="59" />
                <Precinct name="District II" votes="228" />
                <Precinct name="East Glennville" votes="269" />
                <Precinct name="District IV" votes="283" />
                <Precinct name="District V" votes="137" />
            </VoteType>
            <VoteType name="Absentee by Mail" votes="282">
                <Precinct name="Cobbtown" votes="12" />
                <Precinct name="Shiloh" votes="13" />
                <Precinct name="Collins" votes="19" />
                <Precinct name="Manassas" votes="7" />
                <Precinct name="District II" votes="38" />
                <Precinct name="East Glennville" votes="109" />
                <Precinct name="District IV" votes="65" />
                <Precinct name="District V" votes="19" />
            </VoteType>
            <VoteType name="Advance in Person" votes="1854">
                <Precinct name="Cobbtown" votes="96" />
                <Precinct name="Shiloh" votes="166" />
                <Precinct name="Collins" votes="247" />
                <Precinct name="Manassas" votes="22" />
                <Precinct name="District II" votes="435" />
                <Precinct name="East Glennville" votes="378" />
                <Precinct name="District IV" votes="357" />
                <Precinct name="District V" votes="153" />
            </VoteType>
            <VoteType name="Provisional" votes="3">
                <Precinct name="Cobbtown" votes="1" />
                <Precinct name="Shiloh" votes="0" />
                <Precinct name="Collins" votes="1" />
                <Precinct name="Manassas" votes="0" />
                <Precinct name="District II" votes="0" />
                <Precinct name="East Glennville" votes="1" />
                <Precinct name="District IV" votes="0" />
                <Precinct name="District V" votes="0" />
            </VoteType>
        </Choice>
        <Choice key="20" text="NO" totalVotes="2517">
            <VoteType name="Election Day" votes="997">
                <Precinct name="Cobbtown" votes="81" />
                <Precinct name="Shiloh" votes="45" />
                <Precinct name="Collins" votes="138" />
                <Precinct name="Manassas" votes="41" />
                <Precinct name="District II" votes="174" />
                <Precinct name="East Glennville" votes="189" />
                <Precinct name="District IV" votes="218" />
                <Precinct name="District V" votes="111" />
            </VoteType>
            <VoteType name="Absentee by Mail" votes="199">
                <Precinct name="Cobbtown" votes="9" />
                <Precinct name="Shiloh" votes="9" />
                <Precinct name="Collins" votes="19" />
                <Precinct name="Manassas" votes="0" />
                <Precinct name="District II" votes="24" />
                <Precinct name="East Glennville" votes="51" />
                <Precinct name="District IV" votes="63" />
                <Precinct name="District V" votes="24" />
            </VoteType>
            <VoteType name="Advance in Person" votes="1318">
                <Precinct name="Cobbtown" votes="30" />
                <Precinct name="Shiloh" votes="68" />
                <Precinct name="Collins" votes="168" />
                <Precinct name="Manassas" votes="17" />
                <Precinct name="District II" votes="293" />
                <Precinct name="East Glennville" votes="299" />
                <Precinct name="District IV" votes="319" />
                <Precinct name="District V" votes="124" />
            </VoteType>
            <VoteType name="Provisional" votes="3">
                <Precinct name="Cobbtown" votes="0" />
                <Precinct name="Shiloh" votes="0" />
                <Precinct name="Collins" votes="1" />
                <Precinct name="Manassas" votes="0" />
                <Precinct name="District II" votes="0" />
                <Precinct name="East Glennville" votes="2" />
                <Precinct name="District IV" votes="0" />
                <Precinct name="District V" votes="0" />
            </VoteType>
        </Choice>
    </Contest>
    <Contest key="330" text="Constitutional Amendment #4&lt;br&gt;Dedicates revenue from existing taxes on fireworks to trauma care, fire services, and public safety." isQuestion="false" precinctsReporting="8" precinctsReported="8">
        <VoteType name="Number of Precincts for Race" votes="8">
            <Precinct name="Cobbtown" votes="1" />
            <Precinct name="Shiloh" votes="1" />
            <Precinct name="Collins" votes="1" />
            <Precinct name="Manassas" votes="1" />
            <Precinct name="District II" votes="1" />
            <Precinct name="East Glennville" votes="1" />
            <Precinct name="District IV" votes="1" />
            <Precinct name="District V" votes="1" />
        </VoteType>
        <VoteType name="Number of Precincts Reporting" votes="8">
            <Precinct name="Cobbtown" votes="1" />
            <Precinct name="Shiloh" votes="1" />
            <Precinct name="Collins" votes="1" />
            <Precinct name="Manassas" votes="1" />
            <Precinct name="District II" votes="1" />
            <Precinct name="East Glennville" votes="1" />
            <Precinct name="District IV" votes="1" />
            <Precinct name="District V" votes="1" />
        </VoteType>
        <Choice key="10" text="YES" totalVotes="4816">
            <VoteType name="Election Day" votes="1850">
                <Precinct name="Cobbtown" votes="184" />
                <Precinct name="Shiloh" votes="110" />
                <Precinct name="Collins" votes="213" />
                <Precinct name="Manassas" votes="80" />
                <Precinct name="District II" votes="308" />
                <Precinct name="East Glennville" votes="361" />
                <Precinct name="District IV" votes="383" />
                <Precinct name="District V" votes="211" />
            </VoteType>
            <VoteType name="Absentee by Mail" votes="433">
                <Precinct name="Cobbtown" votes="19" />
                <Precinct name="Shiloh" votes="23" />
                <Precinct name="Collins" votes="31" />
                <Precinct name="Manassas" votes="5" />
                <Precinct name="District II" votes="51" />
                <Precinct name="East Glennville" votes="157" />
                <Precinct name="District IV" votes="111" />
                <Precinct name="District V" votes="36" />
            </VoteType>
            <VoteType name="Advance in Person" votes="2528">
                <Precinct name="Cobbtown" votes="114" />
                <Precinct name="Shiloh" votes="210" />
                <Precinct name="Collins" votes="322" />
                <Precinct name="Manassas" votes="29" />
                <Precinct name="District II" votes="605" />
                <Precinct name="East Glennville" votes="538" />
                <Precinct name="District IV" votes="501" />
                <Precinct name="District V" votes="209" />
            </VoteType>
            <VoteType name="Provisional" votes="5">
                <Precinct name="Cobbtown" votes="1" />
                <Precinct name="Shiloh" votes="0" />
                <Precinct name="Collins" votes="2" />
                <Precinct name="Manassas" votes="0" />
                <Precinct name="District II" votes="0" />
                <Precinct name="East Glennville" votes="2" />
                <Precinct name="District IV" votes="0" />
                <Precinct name="District V" votes="0" />
            </VoteType>
        </Choice>
        <Choice key="20" text="NO" totalVotes="1567">
            <VoteType name="Election Day" votes="647">
                <Precinct name="Cobbtown" votes="46" />
                <Precinct name="Shiloh" votes="32" />
                <Precinct name="Collins" votes="95" />
                <Precinct name="Manassas" votes="28" />
                <Precinct name="District II" votes="114" />
                <Precinct name="East Glennville" votes="118" />
                <Precinct name="District IV" votes="152" />
                <Precinct name="District V" votes="62" />
            </VoteType>
            <VoteType name="Absentee by Mail" votes="89">
                <Precinct name="Cobbtown" votes="4" />
                <Precinct name="Shiloh" votes="2" />
                <Precinct name="Collins" votes="11" />
                <Precinct name="Manassas" votes="2" />
                <Precinct name="District II" votes="13" />
                <Precinct name="East Glennville" votes="21" />
                <Precinct name="District IV" votes="25" />
                <Precinct name="District V" votes="11" />
            </VoteType>
            <VoteType name="Advance in Person" votes="830">
                <Precinct name="Cobbtown" votes="23" />
                <Precinct name="Shiloh" votes="44" />
                <Precinct name="Collins" votes="111" />
                <Precinct name="Manassas" votes="9" />
                <Precinct name="District II" votes="181" />
                <Precinct name="East Glennville" votes="173" />
                <Precinct name="District IV" votes="208" />
                <Precinct name="District V" votes="81" />
            </VoteType>
            <VoteType name="Provisional" votes="1">
                <Precinct name="Cobbtown" votes="0" />
                <Precinct name="Shiloh" votes="0" />
                <Precinct name="Collins" votes="0" />
                <Precinct name="Manassas" votes="0" />
                <Precinct name="District II" votes="0" />
                <Precinct name="East Glennville" votes="1" />
                <Precinct name="District IV" votes="0" />
                <Precinct name="District V" votes="0" />
            </VoteType>
        </Choice>
    </Contest>
</ElectionResult>