<?xml version="1.0"?>
<!--Election result snapshot imported from Tabulation System
-->
<ElectionResult>
    <Timestamp>11/14/2016 1:04:36 PM EST</Timestamp>
    <ElectionName>November 8, 2016 - General Election</ElectionName>
    <ElectionDate>11/8/2016</ElectionDate>
    <Region>Clinch</Region>
    <VoterTurnout totalVoters="3499" ballotsCast="2477" voterTurnout="70.79">
        <Precincts>
            <Precinct name="Arabia" totalVoters="95" ballotsCast="67" voterTurnout="70.53" percentReporting="4" />
            <Precinct name="Argyle" totalVoters="299" ballotsCast="208" voterTurnout="69.57" percentReporting="4" />
            <Precinct name="Dupont" totalVoters="258" ballotsCast="178" voterTurnout="68.99" percentReporting="4" />
            <Precinct name="Fargo" totalVoters="227" ballotsCast="174" voterTurnout="76.65" percentReporting="4" />
            <Precinct name="Homerville" totalVoters="2620" ballotsCast="1850" voterTurnout="70.61" percentReporting="4" />
        </Precincts>
    </VoterTurnout>
    <Contest key="1" text="President of the United States" isQuestion="false" precinctsReporting="5" precinctsReported="5">
        <VoteType name="Number of Precincts for Race" votes="5">
            <Precinct name="Arabia" votes="1" />
            <Precinct name="Argyle" votes="1" />
            <Precinct name="Dupont" votes="1" />
            <Precinct name="Fargo" votes="1" />
            <Precinct name="Homerville" votes="1" />
        </VoteType>
        <VoteType name="Number of Precincts Reporting" votes="5">
            <Precinct name="Arabia" votes="1" />
            <Precinct name="Argyle" votes="1" />
            <Precinct name="Dupont" votes="1" />
            <Precinct name="Fargo" votes="1" />
            <Precinct name="Homerville" votes="1" />
        </VoteType>
        <Choice key="10" text="DONALD J. TRUMP" totalVotes="1727">
            <VoteType name="Election Day" votes="680">
                <Precinct name="Arabia" votes="42" />
                <Precinct name="Argyle" votes="93" />
                <Precinct name="Dupont" votes="72" />
                <Precinct name="Fargo" votes="138" />
                <Precinct name="Homerville" votes="335" />
            </VoteType>
            <VoteType name="Absentee by Mail" votes="56">
                <Precinct name="Arabia" votes="1" />
                <Precinct name="Argyle" votes="1" />
                <Precinct name="Dupont" votes="2" />
                <Precinct name="Fargo" votes="1" />
                <Precinct name="Homerville" votes="51" />
            </VoteType>
            <VoteType name="Advance in Person" votes="988">
                <Precinct name="Arabia" votes="16" />
                <Precinct name="Argyle" votes="68" />
                <Precinct name="Dupont" votes="41" />
                <Precinct name="Fargo" votes="17" />
                <Precinct name="Homerville" votes="846" />
            </VoteType>
            <VoteType name="Provisional" votes="3">
                <Precinct name="Arabia" votes="0" />
                <Precinct name="Argyle" votes="0" />
                <Precinct name="Dupont" votes="0" />
                <Precinct name="Fargo" votes="1" />
                <Precinct name="Homerville" votes="2" />
            </VoteType>
        </Choice>
        <Choice key="20" text="HILLARY CLINTON" totalVotes="686">
            <VoteType name="Election Day" votes="332">
                <Precinct name="Arabia" votes="4" />
                <Precinct name="Argyle" votes="26" />
                <Precinct name="Dupont" votes="44" />
                <Precinct name="Fargo" votes="10" />
                <Precinct name="Homerville" votes="248" />
            </VoteType>
            <VoteType name="Absentee by Mail" votes="30">
                <Precinct name="Arabia" votes="2" />
                <Precinct name="Argyle" votes="1" />
                <Precinct name="Dupont" votes="1" />
                <Precinct name="Fargo" votes="0" />
                <Precinct name="Homerville" votes="26" />
            </VoteType>
            <VoteType name="Advance in Person" votes="323">
                <Precinct name="Arabia" votes="1" />
                <Precinct name="Argyle" votes="12" />
                <Precinct name="Dupont" votes="13" />
                <Precinct name="Fargo" votes="5" />
                <Precinct name="Homerville" votes="292" />
            </VoteType>
            <VoteType name="Provisional" votes="1">
                <Precinct name="Arabia" votes="0" />
                <Precinct name="Argyle" votes="1" />
                <Precinct name="Dupont" votes="0" />
                <Precinct name="Fargo" votes="0" />
                <Precinct name="Homerville" votes="0" />
            </VoteType>
        </Choice>
        <Choice key="30" text="GARY JOHNSON" totalVotes="34">
            <VoteType name="Election Day" votes="16">
                <Precinct name="Arabia" votes="1" />
                <Precinct name="Argyle" votes="1" />
                <Precinct name="Dupont" votes="2" />
                <Precinct name="Fargo" votes="1" />
                <Precinct name="Homerville" votes="11" />
            </VoteType>
            <VoteType name="Absentee by Mail" votes="3">
                <Precinct name="Arabia" votes="0" />
                <Precinct name="Argyle" votes="0" />
                <Precinct name="Dupont" votes="1" />
                <Precinct name="Fargo" votes="0" />
                <Precinct name="Homerville" votes="2" />
            </VoteType>
            <VoteType name="Advance in Person" votes="15">
                <Precinct name="Arabia" votes="0" />
                <Precinct name="Argyle" votes="1" />
                <Precinct name="Dupont" votes="0" />
                <Precinct name="Fargo" votes="0" />
                <Precinct name="Homerville" votes="14" />
            </VoteType>
            <VoteType name="Provisional" votes="0">
                <Precinct name="Arabia" votes="0" />
                <Precinct name="Argyle" votes="0" />
                <Precinct name="Dupont" votes="0" />
                <Precinct name="Fargo" votes="0" />
                <Precinct name="Homerville" votes="0" />
            </VoteType>
        </Choice>
    </Contest>
    <Contest key="10" text="United States Senator, Isakson" isQuestion="false" precinctsReporting="5" precinctsReported="5">
        <VoteType name="Number of Precincts for Race" votes="5">
            <Precinct name="Arabia" votes="1" />
            <Precinct name="Argyle" votes="1" />
            <Precinct name="Dupont" votes="1" />
            <Precinct name="Fargo" votes="1" />
            <Precinct name="Homerville" votes="1" />
        </VoteType>
        <VoteType name="Number of Precincts Reporting" votes="5">
            <Precinct name="Arabia" votes="1" />
            <Precinct name="Argyle" votes="1" />
            <Precinct name="Dupont" votes="1" />
            <Precinct name="Fargo" votes="1" />
            <Precinct name="Homerville" votes="1" />
        </VoteType>
        <Choice key="30" text="JOHNNY ISAKSON (I)" totalVotes="1549">
            <VoteType name="Election Day" votes="602">
                <Precinct name="Arabia" votes="40" />
                <Precinct name="Argyle" votes="84" />
                <Precinct name="Dupont" votes="66" />
                <Precinct name="Fargo" votes="108" />
                <Precinct name="Homerville" votes="304" />
            </VoteType>
            <VoteType name="Absentee by Mail" votes="59">
                <Precinct name="Arabia" votes="2" />
                <Precinct name="Argyle" votes="1" />
                <Precinct name="Dupont" votes="3" />
                <Precinct name="Fargo" votes="0" />
                <Precinct name="Homerville" votes="53" />
            </VoteType>
            <VoteType name="Advance in Person" votes="885">
                <Precinct name="Arabia" votes="13" />
                <Precinct name="Argyle" votes="62" />
                <Precinct name="Dupont" votes="39" />
                <Precinct name="Fargo" votes="10" />
                <Precinct name="Homerville" votes="761" />
            </VoteType>
            <VoteType name="Provisional" votes="3">
                <Precinct name="Arabia" votes="0" />
                <Precinct name="Argyle" votes="0" />
                <Precinct name="Dupont" votes="0" />
                <Precinct name="Fargo" votes="1" />
                <Precinct name="Homerville" votes="2" />
            </VoteType>
        </Choice>
        <Choice key="40" text="JIM BARKSDALE" totalVotes="493">
            <VoteType name="Election Day" votes="236">
                <Precinct name="Arabia" votes="2" />
                <Precinct name="Argyle" votes="21" />
                <Precinct name="Dupont" votes="33" />
                <Precinct name="Fargo" votes="12" />
                <Precinct name="Homerville" votes="168" />
            </VoteType>
            <VoteType name="Absentee by Mail" votes="20">
                <Precinct name="Arabia" votes="1" />
                <Precinct name="Argyle" votes="1" />
                <Precinct name="Dupont" votes="1" />
                <Precinct name="Fargo" votes="0" />
                <Precinct name="Homerville" votes="17" />
            </VoteType>
            <VoteType name="Advance in Person" votes="237">
                <Precinct name="Arabia" votes="2" />
                <Precinct name="Argyle" votes="11" />
                <Precinct name="Dupont" votes="9" />
                <Precinct name="Fargo" votes="4" />
                <Precinct name="Homerville" votes="211" />
            </VoteType>
            <VoteType name="Provisional" votes="0">
                <Precinct name="Arabia" votes="0" />
                <Precinct name="Argyle" votes="0" />
                <Precinct name="Dupont" votes="0" />
                <Precinct name="Fargo" votes="0" />
                <Precinct name="Homerville" votes="0" />
            </VoteType>
        </Choice>
        <Choice key="50" text="ALLEN BUCKLEY" totalVotes="76">
            <VoteType name="Election Day" votes="40">
                <Precinct name="Arabia" votes="1" />
                <Precinct name="Argyle" votes="2" />
                <Precinct name="Dupont" votes="3" />
                <Precinct name="Fargo" votes="5" />
                <Precinct name="Homerville" votes="29" />
            </VoteType>
            <VoteType name="Absentee by Mail" votes="3">
                <Precinct name="Arabia" votes="0" />
                <Precinct name="Argyle" votes="0" />
                <Precinct name="Dupont" votes="0" />
                <Precinct name="Fargo" votes="1" />
                <Precinct name="Homerville" votes="2" />
            </VoteType>
            <VoteType name="Advance in Person" votes="33">
                <Precinct name="Arabia" votes="0" />
                <Precinct name="Argyle" votes="3" />
                <Precinct name="Dupont" votes="1" />
                <Precinct name="Fargo" votes="2" />
                <Precinct name="Homerville" votes="27" />
            </VoteType>
            <VoteType name="Provisional" votes="0">
                <Precinct name="Arabia" votes="0" />
                <Precinct name="Argyle" votes="0" />
                <Precinct name="Dupont" votes="0" />
                <Precinct name="Fargo" votes="0" />
                <Precinct name="Homerville" votes="0" />
            </VoteType>
        </Choice>
    </Contest>
    <Contest key="30" text="Public Service Commission, District 2 - Eastern" isQuestion="false" precinctsReporting="5" precinctsReported="5">
        <VoteType name="Number of Precincts for Race" votes="5">
            <Precinct name="Arabia" votes="1" />
            <Precinct name="Argyle" votes="1" />
            <Precinct name="Dupont" votes="1" />
            <Precinct name="Fargo" votes="1" />
            <Precinct name="Homerville" votes="1" />
        </VoteType>
        <VoteType name="Number of Precincts Reporting" votes="5">
            <Precinct name="Arabia" votes="1" />
            <Precinct name="Argyle" votes="1" />
            <Precinct name="Dupont" votes="1" />
            <Precinct name="Fargo" votes="1" />
            <Precinct name="Homerville" votes="1" />
        </VoteType>
        <Choice key="20" text="TIM ECHOLS (I)" totalVotes="1695">
            <VoteType name="Election Day" votes="679">
                <Precinct name="Arabia" votes="41" />
                <Precinct name="Argyle" votes="89" />
                <Precinct name="Dupont" votes="72" />
                <Precinct name="Fargo" votes="117" />
                <Precinct name="Homerville" votes="360" />
            </VoteType>
            <VoteType name="Absentee by Mail" votes="64">
                <Precinct name="Arabia" votes="3" />
                <Precinct name="Argyle" votes="1" />
                <Precinct name="Dupont" votes="3" />
                <Precinct name="Fargo" votes="0" />
                <Precinct name="Homerville" votes="57" />
            </VoteType>
            <VoteType name="Advance in Person" votes="949">
                <Precinct name="Arabia" votes="14" />
                <Precinct name="Argyle" votes="64" />
                <Precinct name="Dupont" votes="37" />
                <Precinct name="Fargo" votes="13" />
                <Precinct name="Homerville" votes="821" />
            </VoteType>
            <VoteType name="Provisional" votes="3">
                <Precinct name="Arabia" votes="0" />
                <Precinct name="Argyle" votes="0" />
                <Precinct name="Dupont" votes="0" />
                <Precinct name="Fargo" votes="1" />
                <Precinct name="Homerville" votes="2" />
            </VoteType>
        </Choice>
        <Choice key="30" text="ERIC HOSKINS" totalVotes="357">
            <VoteType name="Election Day" votes="162">
                <Precinct name="Arabia" votes="2" />
                <Precinct name="Argyle" votes="16" />
                <Precinct name="Dupont" votes="20" />
                <Precinct name="Fargo" votes="10" />
                <Precinct name="Homerville" votes="114" />
            </VoteType>
            <VoteType name="Absentee by Mail" votes="8">
                <Precinct name="Arabia" votes="0" />
                <Precinct name="Argyle" votes="0" />
                <Precinct name="Dupont" votes="1" />
                <Precinct name="Fargo" votes="1" />
                <Precinct name="Homerville" votes="6" />
            </VoteType>
            <VoteType name="Advance in Person" votes="187">
                <Precinct name="Arabia" votes="1" />
                <Precinct name="Argyle" votes="9" />
                <Precinct name="Dupont" votes="8" />
                <Precinct name="Fargo" votes="3" />
                <Precinct name="Homerville" votes="166" />
            </VoteType>
            <VoteType name="Provisional" votes="0">
                <Precinct name="Arabia" votes="0" />
                <Precinct name="Argyle" votes="0" />
                <Precinct name="Dupont" votes="0" />
                <Precinct name="Fargo" votes="0" />
                <Precinct name="Homerville" votes="0" />
            </VoteType>
        </Choice>
    </Contest>
    <Contest key="50" text="U.S. Representative, District 1" isQuestion="false" precinctsReporting="5" precinctsReported="5">
        <VoteType name="Number of Precincts for Race" votes="5">
            <Precinct name="Arabia" votes="1" />
            <Precinct name="Argyle" votes="1" />
            <Precinct name="Dupont" votes="1" />
            <Precinct name="Fargo" votes="1" />
            <Precinct name="Homerville" votes="1" />
        </VoteType>
        <VoteType name="Number of Precincts Reporting" votes="5">
            <Precinct name="Arabia" votes="1" />
            <Precinct name="Argyle" votes="1" />
            <Precinct name="Dupont" votes="1" />
            <Precinct name="Fargo" votes="1" />
            <Precinct name="Homerville" votes="1" />
        </VoteType>
        <Choice key="10" text="EARL “BUDDY” CARTER (I)" totalVotes="1914">
            <VoteType name="Election Day" votes="784">
                <Precinct name="Arabia" votes="43" />
                <Precinct name="Argyle" votes="97" />
                <Precinct name="Dupont" votes="80" />
                <Precinct name="Fargo" votes="126" />
                <Precinct name="Homerville" votes="438" />
            </VoteType>
            <VoteType name="Absentee by Mail" votes="66">
                <Precinct name="Arabia" votes="3" />
                <Precinct name="Argyle" votes="1" />
                <Precinct name="Dupont" votes="4" />
                <Precinct name="Fargo" votes="0" />
                <Precinct name="Homerville" votes="58" />
            </VoteType>
            <VoteType name="Advance in Person" votes="1061">
                <Precinct name="Arabia" votes="13" />
                <Precinct name="Argyle" votes="70" />
                <Precinct name="Dupont" votes="42" />
                <Precinct name="Fargo" votes="17" />
                <Precinct name="Homerville" votes="919" />
            </VoteType>
            <VoteType name="Provisional" votes="3">
                <Precinct name="Arabia" votes="0" />
                <Precinct name="Argyle" votes="0" />
                <Precinct name="Dupont" votes="0" />
                <Precinct name="Fargo" votes="1" />
                <Precinct name="Homerville" votes="2" />
            </VoteType>
        </Choice>
    </Contest>
    <Contest key="70" text="State Senator, District 8" isQuestion="false" precinctsReporting="5" precinctsReported="5">
        <VoteType name="Number of Precincts for Race" votes="5">
            <Precinct name="Arabia" votes="1" />
            <Precinct name="Argyle" votes="1" />
            <Precinct name="Dupont" votes="1" />
            <Precinct name="Fargo" votes="1" />
            <Precinct name="Homerville" votes="1" />
        </VoteType>
        <VoteType name="Number of Precincts Reporting" votes="5">
            <Precinct name="Arabia" votes="1" />
            <Precinct name="Argyle" votes="1" />
            <Precinct name="Dupont" votes="1" />
            <Precinct name="Fargo" votes="1" />
            <Precinct name="Homerville" votes="1" />
        </VoteType>
        <Choice key="10" text="ELLIS BLACK (I)" totalVotes="1707">
            <VoteType name="Election Day" votes="688">
                <Precinct name="Arabia" votes="41" />
                <Precinct name="Argyle" votes="93" />
                <Precinct name="Dupont" votes="74" />
                <Precinct name="Fargo" votes="131" />
                <Precinct name="Homerville" votes="349" />
            </VoteType>
            <VoteType name="Absentee by Mail" votes="61">
                <Precinct name="Arabia" votes="2" />
                <Precinct name="Argyle" votes="1" />
                <Precinct name="Dupont" votes="4" />
                <Precinct name="Fargo" votes="1" />
                <Precinct name="Homerville" votes="53" />
            </VoteType>
            <VoteType name="Advance in Person" votes="955">
                <Precinct name="Arabia" votes="13" />
                <Precinct name="Argyle" votes="64" />
                <Precinct name="Dupont" votes="39" />
                <Precinct name="Fargo" votes="16" />
                <Precinct name="Homerville" votes="823" />
            </VoteType>
            <VoteType name="Provisional" votes="3">
                <Precinct name="Arabia" votes="0" />
                <Precinct name="Argyle" votes="0" />
                <Precinct name="Dupont" votes="0" />
                <Precinct name="Fargo" votes="1" />
                <Precinct name="Homerville" votes="2" />
            </VoteType>
        </Choice>
        <Choice key="20" text="GREGORY WILLIAMS" totalVotes="533">
            <VoteType name="Election Day" votes="239">
                <Precinct name="Arabia" votes="4" />
                <Precinct name="Argyle" votes="19" />
                <Precinct name="Dupont" votes="29" />
                <Precinct name="Fargo" votes="6" />
                <Precinct name="Homerville" votes="181" />
            </VoteType>
            <VoteType name="Absentee by Mail" votes="20">
                <Precinct name="Arabia" votes="1" />
                <Precinct name="Argyle" votes="0" />
                <Precinct name="Dupont" votes="0" />
                <Precinct name="Fargo" votes="0" />
                <Precinct name="Homerville" votes="19" />
            </VoteType>
            <VoteType name="Advance in Person" votes="274">
                <Precinct name="Arabia" votes="2" />
                <Precinct name="Argyle" votes="17" />
                <Precinct name="Dupont" votes="9" />
                <Precinct name="Fargo" votes="2" />
                <Precinct name="Homerville" votes="244" />
            </VoteType>
            <VoteType name="Provisional" votes="0">
                <Precinct name="Arabia" votes="0" />
                <Precinct name="Argyle" votes="0" />
                <Precinct name="Dupont" votes="0" />
                <Precinct name="Fargo" votes="0" />
                <Precinct name="Homerville" votes="0" />
            </VoteType>
        </Choice>
    </Contest>
    <Contest key="90" text="State Representative, District 174" isQuestion="false" precinctsReporting="5" precinctsReported="5">
        <VoteType name="Number of Precincts for Race" votes="5">
            <Precinct name="Arabia" votes="1" />
            <Precinct name="Argyle" votes="1" />
            <Precinct name="Dupont" votes="1" />
            <Precinct name="Fargo" votes="1" />
            <Precinct name="Homerville" votes="1" />
        </VoteType>
        <VoteType name="Number of Precincts Reporting" votes="5">
            <Precinct name="Arabia" votes="1" />
            <Precinct name="Argyle" votes="1" />
            <Precinct name="Dupont" votes="1" />
            <Precinct name="Fargo" votes="1" />
            <Precinct name="Homerville" votes="1" />
        </VoteType>
        <Choice key="10" text="JOHN CORBETT (I)" totalVotes="1911">
            <VoteType name="Election Day" votes="781">
                <Precinct name="Arabia" votes="39" />
                <Precinct name="Argyle" votes="95" />
                <Precinct name="Dupont" votes="79" />
                <Precinct name="Fargo" votes="124" />
                <Precinct name="Homerville" votes="444" />
            </VoteType>
            <VoteType name="Absentee by Mail" votes="66">
                <Precinct name="Arabia" votes="3" />
                <Precinct name="Argyle" votes="1" />
                <Precinct name="Dupont" votes="4" />
                <Precinct name="Fargo" votes="0" />
                <Precinct name="Homerville" votes="58" />
            </VoteType>
            <VoteType name="Advance in Person" votes="1060">
                <Precinct name="Arabia" votes="13" />
                <Precinct name="Argyle" votes="71" />
                <Precinct name="Dupont" votes="44" />
                <Precinct name="Fargo" votes="16" />
                <Precinct name="Homerville" votes="916" />
            </VoteType>
            <VoteType name="Provisional" votes="4">
                <Precinct name="Arabia" votes="0" />
                <Precinct name="Argyle" votes="1" />
                <Precinct name="Dupont" votes="0" />
                <Precinct name="Fargo" votes="1" />
                <Precinct name="Homerville" votes="2" />
            </VoteType>
        </Choice>
    </Contest>
    <Contest key="110" text="District Attorney, Alapaha Circuit" isQuestion="false" precinctsReporting="5" precinctsReported="5">
        <VoteType name="Number of Precincts for Race" votes="5">
            <Precinct name="Arabia" votes="1" />
            <Precinct name="Argyle" votes="1" />
            <Precinct name="Dupont" votes="1" />
            <Precinct name="Fargo" votes="1" />
            <Precinct name="Homerville" votes="1" />
        </VoteType>
        <VoteType name="Number of Precincts Reporting" votes="5">
            <Precinct name="Arabia" votes="1" />
            <Precinct name="Argyle" votes="1" />
            <Precinct name="Dupont" votes="1" />
            <Precinct name="Fargo" votes="1" />
            <Precinct name="Homerville" votes="1" />
        </VoteType>
        <Choice key="10" text="DICK PERRYMAN (I)" totalVotes="1914">
            <VoteType name="Election Day" votes="781">
                <Precinct name="Arabia" votes="43" />
                <Precinct name="Argyle" votes="95" />
                <Precinct name="Dupont" votes="80" />
                <Precinct name="Fargo" votes="119" />
                <Precinct name="Homerville" votes="444" />
            </VoteType>
            <VoteType name="Absentee by Mail" votes="66">
                <Precinct name="Arabia" votes="3" />
                <Precinct name="Argyle" votes="1" />
                <Precinct name="Dupont" votes="3" />
                <Precinct name="Fargo" votes="0" />
                <Precinct name="Homerville" votes="59" />
            </VoteType>
            <VoteType name="Advance in Person" votes="1064">
                <Precinct name="Arabia" votes="13" />
                <Precinct name="Argyle" votes="69" />
                <Precinct name="Dupont" votes="43" />
                <Precinct name="Fargo" votes="15" />
                <Precinct name="Homerville" votes="924" />
            </VoteType>
            <VoteType name="Provisional" votes="3">
                <Precinct name="Arabia" votes="0" />
                <Precinct name="Argyle" votes="0" />
                <Precinct name="Dupont" votes="0" />
                <Precinct name="Fargo" votes="1" />
                <Precinct name="Homerville" votes="2" />
            </VoteType>
        </Choice>
    </Contest>
    <Contest key="130" text="JUDGE, PROBATE COURT" isQuestion="false" precinctsReporting="5" precinctsReported="5">
        <VoteType name="Number of Precincts for Race" votes="5">
            <Precinct name="Arabia" votes="1" />
            <Precinct name="Argyle" votes="1" />
            <Precinct name="Dupont" votes="1" />
            <Precinct name="Fargo" votes="1" />
            <Precinct name="Homerville" votes="1" />
        </VoteType>
        <VoteType name="Number of Precincts Reporting" votes="5">
            <Precinct name="Arabia" votes="1" />
            <Precinct name="Argyle" votes="1" />
            <Precinct name="Dupont" votes="1" />
            <Precinct name="Fargo" votes="1" />
            <Precinct name="Homerville" votes="1" />
        </VoteType>
        <Choice key="20" text="K. S. O'BERRY (I) R" totalVotes="2119">
            <VoteType name="Election Day" votes="872">
                <Precinct name="Arabia" votes="45" />
                <Precinct name="Argyle" votes="109" />
                <Precinct name="Dupont" votes="92" />
                <Precinct name="Fargo" votes="132" />
                <Precinct name="Homerville" votes="494" />
            </VoteType>
            <VoteType name="Absentee by Mail" votes="75">
                <Precinct name="Arabia" votes="3" />
                <Precinct name="Argyle" votes="1" />
                <Precinct name="Dupont" votes="4" />
                <Precinct name="Fargo" votes="0" />
                <Precinct name="Homerville" votes="67" />
            </VoteType>
            <VoteType name="Advance in Person" votes="1169">
                <Precinct name="Arabia" votes="13" />
                <Precinct name="Argyle" votes="75" />
                <Precinct name="Dupont" votes="47" />
                <Precinct name="Fargo" votes="21" />
                <Precinct name="Homerville" votes="1013" />
            </VoteType>
            <VoteType name="Provisional" votes="3">
                <Precinct name="Arabia" votes="0" />
                <Precinct name="Argyle" votes="0" />
                <Precinct name="Dupont" votes="0" />
                <Precinct name="Fargo" votes="1" />
                <Precinct name="Homerville" votes="2" />
            </VoteType>
        </Choice>
    </Contest>
    <Contest key="150" text="CLERK, SUPERIOR COURT" isQuestion="false" precinctsReporting="5" precinctsReported="5">
        <VoteType name="Number of Precincts for Race" votes="5">
            <Precinct name="Arabia" votes="1" />
            <Precinct name="Argyle" votes="1" />
            <Precinct name="Dupont" votes="1" />
            <Precinct name="Fargo" votes="1" />
            <Precinct name="Homerville" votes="1" />
        </VoteType>
        <VoteType name="Number of Precincts Reporting" votes="5">
            <Precinct name="Arabia" votes="1" />
            <Precinct name="Argyle" votes="1" />
            <Precinct name="Dupont" votes="1" />
            <Precinct name="Fargo" votes="1" />
            <Precinct name="Homerville" votes="1" />
        </VoteType>
        <Choice key="10" text="M. R. HANDLEY (I) R" totalVotes="2085">
            <VoteType name="Election Day" votes="862">
                <Precinct name="Arabia" votes="45" />
                <Precinct name="Argyle" votes="104" />
                <Precinct name="Dupont" votes="92" />
                <Precinct name="Fargo" votes="130" />
                <Precinct name="Homerville" votes="491" />
            </VoteType>
            <VoteType name="Absentee by Mail" votes="72">
                <Precinct name="Arabia" votes="3" />
                <Precinct name="Argyle" votes="1" />
                <Precinct name="Dupont" votes="4" />
                <Precinct name="Fargo" votes="0" />
                <Precinct name="Homerville" votes="64" />
            </VoteType>
            <VoteType name="Advance in Person" votes="1147">
                <Precinct name="Arabia" votes="12" />
                <Precinct name="Argyle" votes="75" />
                <Precinct name="Dupont" votes="48" />
                <Precinct name="Fargo" votes="21" />
                <Precinct name="Homerville" votes="991" />
            </VoteType>
            <VoteType name="Provisional" votes="4">
                <Precinct name="Arabia" votes="0" />
                <Precinct name="Argyle" votes="1" />
                <Precinct name="Dupont" votes="0" />
                <Precinct name="Fargo" votes="1" />
                <Precinct name="Homerville" votes="2" />
            </VoteType>
        </Choice>
    </Contest>
    <Contest key="170" text="SHERIFF" isQuestion="false" precinctsReporting="5" precinctsReported="5">
        <VoteType name="Number of Precincts for Race" votes="5">
            <Precinct name="Arabia" votes="1" />
            <Precinct name="Argyle" votes="1" />
            <Precinct name="Dupont" votes="1" />
            <Precinct name="Fargo" votes="1" />
            <Precinct name="Homerville" votes="1" />
        </VoteType>
        <VoteType name="Number of Precincts Reporting" votes="5">
            <Precinct name="Arabia" votes="1" />
            <Precinct name="Argyle" votes="1" />
            <Precinct name="Dupont" votes="1" />
            <Precinct name="Fargo" votes="1" />
            <Precinct name="Homerville" votes="1" />
        </VoteType>
        <Choice key="10" text="R. PETERSON (R)" totalVotes="2101">
            <VoteType name="Election Day" votes="882">
                <Precinct name="Arabia" votes="42" />
                <Precinct name="Argyle" votes="108" />
                <Precinct name="Dupont" votes="91" />
                <Precinct name="Fargo" votes="134" />
                <Precinct name="Homerville" votes="507" />
            </VoteType>
            <VoteType name="Absentee by Mail" votes="73">
                <Precinct name="Arabia" votes="3" />
                <Precinct name="Argyle" votes="1" />
                <Precinct name="Dupont" votes="4" />
                <Precinct name="Fargo" votes="1" />
                <Precinct name="Homerville" votes="64" />
            </VoteType>
            <VoteType name="Advance in Person" votes="1142">
                <Precinct name="Arabia" votes="15" />
                <Precinct name="Argyle" votes="74" />
                <Precinct name="Dupont" votes="47" />
                <Precinct name="Fargo" votes="21" />
                <Precinct name="Homerville" votes="985" />
            </VoteType>
            <VoteType name="Provisional" votes="4">
                <Precinct name="Arabia" votes="0" />
                <Precinct name="Argyle" votes="1" />
                <Precinct name="Dupont" votes="0" />
                <Precinct name="Fargo" votes="1" />
                <Precinct name="Homerville" votes="2" />
            </VoteType>
        </Choice>
    </Contest>
    <Contest key="190" text="TAX COMMISSIONER" isQuestion="false" precinctsReporting="5" precinctsReported="5">
        <VoteType name="Number of Precincts for Race" votes="5">
            <Precinct name="Arabia" votes="1" />
            <Precinct name="Argyle" votes="1" />
            <Precinct name="Dupont" votes="1" />
            <Precinct name="Fargo" votes="1" />
            <Precinct name="Homerville" votes="1" />
        </VoteType>
        <VoteType name="Number of Precincts Reporting" votes="5">
            <Precinct name="Arabia" votes="1" />
            <Precinct name="Argyle" votes="1" />
            <Precinct name="Dupont" votes="1" />
            <Precinct name="Fargo" votes="1" />
            <Precinct name="Homerville" votes="1" />
        </VoteType>
        <Choice key="10" text="J. S. DOUGLAS (I) R" totalVotes="2079">
            <VoteType name="Election Day" votes="848">
                <Precinct name="Arabia" votes="44" />
                <Precinct name="Argyle" votes="107" />
                <Precinct name="Dupont" votes="87" />
                <Precinct name="Fargo" votes="130" />
                <Precinct name="Homerville" votes="480" />
            </VoteType>
            <VoteType name="Absentee by Mail" votes="74">
                <Precinct name="Arabia" votes="3" />
                <Precinct name="Argyle" votes="1" />
                <Precinct name="Dupont" votes="4" />
                <Precinct name="Fargo" votes="0" />
                <Precinct name="Homerville" votes="66" />
            </VoteType>
            <VoteType name="Advance in Person" votes="1153">
                <Precinct name="Arabia" votes="14" />
                <Precinct name="Argyle" votes="75" />
                <Precinct name="Dupont" votes="44" />
                <Precinct name="Fargo" votes="20" />
                <Precinct name="Homerville" votes="1000" />
            </VoteType>
            <VoteType name="Provisional" votes="4">
                <Precinct name="Arabia" votes="0" />
                <Precinct name="Argyle" votes="1" />
                <Precinct name="Dupont" votes="0" />
                <Precinct name="Fargo" votes="1" />
                <Precinct name="Homerville" votes="2" />
            </VoteType>
        </Choice>
    </Contest>
    <Contest key="210" text="SURVEYOR" isQuestion="false" precinctsReporting="5" precinctsReported="5">
        <VoteType name="Number of Precincts for Race" votes="5">
            <Precinct name="Arabia" votes="1" />
            <Precinct name="Argyle" votes="1" />
            <Precinct name="Dupont" votes="1" />
            <Precinct name="Fargo" votes="1" />
            <Precinct name="Homerville" votes="1" />
        </VoteType>
        <VoteType name="Number of Precincts Reporting" votes="5">
            <Precinct name="Arabia" votes="1" />
            <Precinct name="Argyle" votes="1" />
            <Precinct name="Dupont" votes="1" />
            <Precinct name="Fargo" votes="1" />
            <Precinct name="Homerville" votes="1" />
        </VoteType>
        <Choice key="10" text="K. L TOMLINSON (I) R" totalVotes="1992">
            <VoteType name="Election Day" votes="817">
                <Precinct name="Arabia" votes="42" />
                <Precinct name="Argyle" votes="104" />
                <Precinct name="Dupont" votes="87" />
                <Precinct name="Fargo" votes="124" />
                <Precinct name="Homerville" votes="460" />
            </VoteType>
            <VoteType name="Absentee by Mail" votes="65">
                <Precinct name="Arabia" votes="3" />
                <Precinct name="Argyle" votes="1" />
                <Precinct name="Dupont" votes="4" />
                <Precinct name="Fargo" votes="0" />
                <Precinct name="Homerville" votes="57" />
            </VoteType>
            <VoteType name="Advance in Person" votes="1107">
                <Precinct name="Arabia" votes="11" />
                <Precinct name="Argyle" votes="73" />
                <Precinct name="Dupont" votes="45" />
                <Precinct name="Fargo" votes="17" />
                <Precinct name="Homerville" votes="961" />
            </VoteType>
            <VoteType name="Provisional" votes="3">
                <Precinct name="Arabia" votes="0" />
                <Precinct name="Argyle" votes="0" />
                <Precinct name="Dupont" votes="0" />
                <Precinct name="Fargo" votes="1" />
                <Precinct name="Homerville" votes="2" />
            </VoteType>
        </Choice>
    </Contest>
    <Contest key="230" text="CORONER" isQuestion="false" precinctsReporting="5" precinctsReported="5">
        <VoteType name="Number of Precincts for Race" votes="5">
            <Precinct name="Arabia" votes="1" />
            <Precinct name="Argyle" votes="1" />
            <Precinct name="Dupont" votes="1" />
            <Precinct name="Fargo" votes="1" />
            <Precinct name="Homerville" votes="1" />
        </VoteType>
        <VoteType name="Number of Precincts Reporting" votes="5">
            <Precinct name="Arabia" votes="1" />
            <Precinct name="Argyle" votes="1" />
            <Precinct name="Dupont" votes="1" />
            <Precinct name="Fargo" votes="1" />
            <Precinct name="Homerville" votes="1" />
        </VoteType>
        <Choice key="10" text="F. ROUNDTREE (I) R" totalVotes="2045">
            <VoteType name="Election Day" votes="841">
                <Precinct name="Arabia" votes="43" />
                <Precinct name="Argyle" votes="104" />
                <Precinct name="Dupont" votes="85" />
                <Precinct name="Fargo" votes="129" />
                <Precinct name="Homerville" votes="480" />
            </VoteType>
            <VoteType name="Absentee by Mail" votes="69">
                <Precinct name="Arabia" votes="3" />
                <Precinct name="Argyle" votes="1" />
                <Precinct name="Dupont" votes="4" />
                <Precinct name="Fargo" votes="0" />
                <Precinct name="Homerville" votes="61" />
            </VoteType>
            <VoteType name="Advance in Person" votes="1131">
                <Precinct name="Arabia" votes="13" />
                <Precinct name="Argyle" votes="75" />
                <Precinct name="Dupont" votes="45" />
                <Precinct name="Fargo" votes="19" />
                <Precinct name="Homerville" votes="979" />
            </VoteType>
            <VoteType name="Provisional" votes="4">
                <Precinct name="Arabia" votes="0" />
                <Precinct name="Argyle" votes="1" />
                <Precinct name="Dupont" votes="0" />
                <Precinct name="Fargo" votes="1" />
                <Precinct name="Homerville" votes="2" />
            </VoteType>
        </Choice>
    </Contest>
    <Contest key="270" text="CC, P2" isQuestion="false" precinctsReporting="3" precinctsReported="3">
        <VoteType name="Number of Precincts for Race" votes="3">
            <Precinct name="Arabia" votes="1" />
            <Precinct name="Dupont" votes="1" />
            <Precinct name="Homerville" votes="1" />
        </VoteType>
        <VoteType name="Number of Precincts Reporting" votes="3">
            <Precinct name="Arabia" votes="1" />
            <Precinct name="Dupont" votes="1" />
            <Precinct name="Homerville" votes="1" />
        </VoteType>
        <Choice key="10" text="C. BROWN (I) R" totalVotes="457">
            <VoteType name="Election Day" votes="189">
                <Precinct name="Arabia" votes="42" />
                <Precinct name="Dupont" votes="57" />
                <Precinct name="Homerville" votes="90" />
            </VoteType>
            <VoteType name="Absentee by Mail" votes="16">
                <Precinct name="Arabia" votes="3" />
                <Precinct name="Dupont" votes="3" />
                <Precinct name="Homerville" votes="10" />
            </VoteType>
            <VoteType name="Advance in Person" votes="252">
                <Precinct name="Arabia" votes="11" />
                <Precinct name="Dupont" votes="30" />
                <Precinct name="Homerville" votes="211" />
            </VoteType>
            <VoteType name="Provisional" votes="0">
                <Precinct name="Arabia" votes="0" />
                <Precinct name="Dupont" votes="0" />
                <Precinct name="Homerville" votes="0" />
            </VoteType>
        </Choice>
    </Contest>
    <Contest key="290" text="CC, P3" isQuestion="false" precinctsReporting="2" precinctsReported="2">
        <VoteType name="Number of Precincts for Race" votes="2">
            <Precinct name="Argyle" votes="1" />
            <Precinct name="Homerville" votes="1" />
        </VoteType>
        <VoteType name="Number of Precincts Reporting" votes="2">
            <Precinct name="Argyle" votes="1" />
            <Precinct name="Homerville" votes="1" />
        </VoteType>
        <Choice key="10" text="R. METTS (I) R" totalVotes="285">
            <VoteType name="Election Day" votes="98">
                <Precinct name="Argyle" votes="49" />
                <Precinct name="Homerville" votes="49" />
            </VoteType>
            <VoteType name="Absentee by Mail" votes="17">
                <Precinct name="Argyle" votes="1" />
                <Precinct name="Homerville" votes="16" />
            </VoteType>
            <VoteType name="Advance in Person" votes="170">
                <Precinct name="Argyle" votes="20" />
                <Precinct name="Homerville" votes="150" />
            </VoteType>
            <VoteType name="Provisional" votes="0">
                <Precinct name="Argyle" votes="0" />
                <Precinct name="Homerville" votes="0" />
            </VoteType>
        </Choice>
        <Choice key="20" text="J. H. BARNES (D)" totalVotes="133">
            <VoteType name="Election Day" votes="52">
                <Precinct name="Argyle" votes="20" />
                <Precinct name="Homerville" votes="32" />
            </VoteType>
            <VoteType name="Absentee by Mail" votes="6">
                <Precinct name="Argyle" votes="0" />
                <Precinct name="Homerville" votes="6" />
            </VoteType>
            <VoteType name="Advance in Person" votes="75">
                <Precinct name="Argyle" votes="11" />
                <Precinct name="Homerville" votes="64" />
            </VoteType>
            <VoteType name="Provisional" votes="0">
                <Precinct name="Argyle" votes="0" />
                <Precinct name="Homerville" votes="0" />
            </VoteType>
        </Choice>
    </Contest>
    <Contest key="310" text="CC, P5 " isQuestion="false" precinctsReporting="3" precinctsReported="3">
        <VoteType name="Number of Precincts for Race" votes="3">
            <Precinct name="Dupont" votes="1" />
            <Precinct name="Fargo" votes="1" />
            <Precinct name="Homerville" votes="1" />
        </VoteType>
        <VoteType name="Number of Precincts Reporting" votes="3">
            <Precinct name="Dupont" votes="1" />
            <Precinct name="Fargo" votes="1" />
            <Precinct name="Homerville" votes="1" />
        </VoteType>
        <Choice key="10" text="H. MOYLAN (I) R" totalVotes="385">
            <VoteType name="Election Day" votes="214">
                <Precinct name="Dupont" votes="26" />
                <Precinct name="Fargo" votes="124" />
                <Precinct name="Homerville" votes="64" />
            </VoteType>
            <VoteType name="Absentee by Mail" votes="6">
                <Precinct name="Dupont" votes="1" />
                <Precinct name="Fargo" votes="0" />
                <Precinct name="Homerville" votes="5" />
            </VoteType>
            <VoteType name="Advance in Person" votes="164">
                <Precinct name="Dupont" votes="15" />
                <Precinct name="Fargo" votes="18" />
                <Precinct name="Homerville" votes="131" />
            </VoteType>
            <VoteType name="Provisional" votes="1">
                <Precinct name="Dupont" votes="0" />
                <Precinct name="Fargo" votes="0" />
                <Precinct name="Homerville" votes="1" />
            </VoteType>
        </Choice>
    </Contest>
    <Contest key="330" text="BOE P2" isQuestion="false" precinctsReporting="3" precinctsReported="3">
        <VoteType name="Number of Precincts for Race" votes="3">
            <Precinct name="Arabia" votes="1" />
            <Precinct name="Dupont" votes="1" />
            <Precinct name="Homerville" votes="1" />
        </VoteType>
        <VoteType name="Number of Precincts Reporting" votes="3">
            <Precinct name="Arabia" votes="1" />
            <Precinct name="Dupont" votes="1" />
            <Precinct name="Homerville" votes="1" />
        </VoteType>
        <Choice key="10" text="J. DAVIS (I) R" totalVotes="452">
            <VoteType name="Election Day" votes="185">
                <Precinct name="Arabia" votes="43" />
                <Precinct name="Dupont" votes="51" />
                <Precinct name="Homerville" votes="91" />
            </VoteType>
            <VoteType name="Absentee by Mail" votes="16">
                <Precinct name="Arabia" votes="3" />
                <Precinct name="Dupont" votes="3" />
                <Precinct name="Homerville" votes="10" />
            </VoteType>
            <VoteType name="Advance in Person" votes="251">
                <Precinct name="Arabia" votes="12" />
                <Precinct name="Dupont" votes="27" />
                <Precinct name="Homerville" votes="212" />
            </VoteType>
            <VoteType name="Provisional" votes="0">
                <Precinct name="Arabia" votes="0" />
                <Precinct name="Dupont" votes="0" />
                <Precinct name="Homerville" votes="0" />
            </VoteType>
        </Choice>
    </Contest>
    <Contest key="350" text="BOE P3" isQuestion="false" precinctsReporting="2" precinctsReported="2">
        <VoteType name="Number of Precincts for Race" votes="2">
            <Precinct name="Argyle" votes="1" />
            <Precinct name="Homerville" votes="1" />
        </VoteType>
        <VoteType name="Number of Precincts Reporting" votes="2">
            <Precinct name="Argyle" votes="1" />
            <Precinct name="Homerville" votes="1" />
        </VoteType>
        <Choice key="10" text="L. LANDRUM (R)" totalVotes="375">
            <VoteType name="Election Day" votes="135">
                <Precinct name="Argyle" votes="60" />
                <Precinct name="Homerville" votes="75" />
            </VoteType>
            <VoteType name="Absentee by Mail" votes="19">
                <Precinct name="Argyle" votes="1" />
                <Precinct name="Homerville" votes="18" />
            </VoteType>
            <VoteType name="Advance in Person" votes="220">
                <Precinct name="Argyle" votes="28" />
                <Precinct name="Homerville" votes="192" />
            </VoteType>
            <VoteType name="Provisional" votes="1">
                <Precinct name="Argyle" votes="1" />
                <Precinct name="Homerville" votes="0" />
            </VoteType>
        </Choice>
    </Contest>
    <Contest key="370" text="BOE P5" isQuestion="false" precinctsReporting="3" precinctsReported="3">
        <VoteType name="Number of Precincts for Race" votes="3">
            <Precinct name="Dupont" votes="1" />
            <Precinct name="Fargo" votes="1" />
            <Precinct name="Homerville" votes="1" />
        </VoteType>
        <VoteType name="Number of Precincts Reporting" votes="3">
            <Precinct name="Dupont" votes="1" />
            <Precinct name="Fargo" votes="1" />
            <Precinct name="Homerville" votes="1" />
        </VoteType>
        <Choice key="10" text="C. HANDLEY (I) R" totalVotes="350">
            <VoteType name="Election Day" votes="195">
                <Precinct name="Dupont" votes="27" />
                <Precinct name="Fargo" votes="122" />
                <Precinct name="Homerville" votes="46" />
            </VoteType>
            <VoteType name="Absentee by Mail" votes="5">
                <Precinct name="Dupont" votes="1" />
                <Precinct name="Fargo" votes="0" />
                <Precinct name="Homerville" votes="4" />
            </VoteType>
            <VoteType name="Advance in Person" votes="148">
                <Precinct name="Dupont" votes="15" />
                <Precinct name="Fargo" votes="21" />
                <Precinct name="Homerville" votes="112" />
            </VoteType>
            <VoteType name="Provisional" votes="2">
                <Precinct name="Dupont" votes="0" />
                <Precinct name="Fargo" votes="1" />
                <Precinct name="Homerville" votes="1" />
            </VoteType>
        </Choice>
        <Choice key="20" text="L. JOHNSON (D)" totalVotes="108">
            <VoteType name="Election Day" votes="60">
                <Precinct name="Dupont" votes="4" />
                <Precinct name="Fargo" votes="24" />
                <Precinct name="Homerville" votes="32" />
            </VoteType>
            <VoteType name="Absentee by Mail" votes="2">
                <Precinct name="Dupont" votes="0" />
                <Precinct name="Fargo" votes="1" />
                <Precinct name="Homerville" votes="1" />
            </VoteType>
            <VoteType name="Advance in Person" votes="46">
                <Precinct name="Dupont" votes="3" />
                <Precinct name="Fargo" votes="1" />
                <Precinct name="Homerville" votes="42" />
            </VoteType>
            <VoteType name="Provisional" votes="0">
                <Precinct name="Dupont" votes="0" />
                <Precinct name="Fargo" votes="0" />
                <Precinct name="Homerville" votes="0" />
            </VoteType>
        </Choice>
    </Contest>
    <Contest key="390" text="Constitutional Amendment #1&lt;br&gt;Provides greater flexibility and state accountability to fix failing schools through increasing community involvement." isQuestion="false" precinctsReporting="5" precinctsReported="5">
        <VoteType name="Number of Precincts for Race" votes="5">
            <Precinct name="Arabia" votes="1" />
            <Precinct name="Argyle" votes="1" />
            <Precinct name="Dupont" votes="1" />
            <Precinct name="Fargo" votes="1" />
            <Precinct name="Homerville" votes="1" />
        </VoteType>
        <VoteType name="Number of Precincts Reporting" votes="5">
            <Precinct name="Arabia" votes="1" />
            <Precinct name="Argyle" votes="1" />
            <Precinct name="Dupont" votes="1" />
            <Precinct name="Fargo" votes="1" />
            <Precinct name="Homerville" votes="1" />
        </VoteType>
        <Choice key="10" text="YES" totalVotes="960">
            <VoteType name="Election Day" votes="441">
                <Precinct name="Arabia" votes="13" />
                <Precinct name="Argyle" votes="46" />
                <Precinct name="Dupont" votes="47" />
                <Precinct name="Fargo" votes="66" />
                <Precinct name="Homerville" votes="269" />
            </VoteType>
            <VoteType name="Absentee by Mail" votes="42">
                <Precinct name="Arabia" votes="1" />
                <Precinct name="Argyle" votes="0" />
                <Precinct name="Dupont" votes="2" />
                <Precinct name="Fargo" votes="1" />
                <Precinct name="Homerville" votes="38" />
            </VoteType>
            <VoteType name="Advance in Person" votes="476">
                <Precinct name="Arabia" votes="5" />
                <Precinct name="Argyle" votes="32" />
                <Precinct name="Dupont" votes="21" />
                <Precinct name="Fargo" votes="12" />
                <Precinct name="Homerville" votes="406" />
            </VoteType>
            <VoteType name="Provisional" votes="1">
                <Precinct name="Arabia" votes="0" />
                <Precinct name="Argyle" votes="0" />
                <Precinct name="Dupont" votes="0" />
                <Precinct name="Fargo" votes="0" />
                <Precinct name="Homerville" votes="1" />
            </VoteType>
        </Choice>
        <Choice key="20" text="NO" totalVotes="1292">
            <VoteType name="Election Day" votes="495">
                <Precinct name="Arabia" votes="32" />
                <Precinct name="Argyle" votes="66" />
                <Precinct name="Dupont" votes="60" />
                <Precinct name="Fargo" votes="60" />
                <Precinct name="Homerville" votes="277" />
            </VoteType>
            <VoteType name="Absentee by Mail" votes="34">
                <Precinct name="Arabia" votes="0" />
                <Precinct name="Argyle" votes="1" />
                <Precinct name="Dupont" votes="1" />
                <Precinct name="Fargo" votes="0" />
                <Precinct name="Homerville" votes="32" />
            </VoteType>
            <VoteType name="Advance in Person" votes="761">
                <Precinct name="Arabia" votes="11" />
                <Precinct name="Argyle" votes="49" />
                <Precinct name="Dupont" votes="29" />
                <Precinct name="Fargo" votes="6" />
                <Precinct name="Homerville" votes="666" />
            </VoteType>
            <VoteType name="Provisional" votes="2">
                <Precinct name="Arabia" votes="0" />
                <Precinct name="Argyle" votes="0" />
                <Precinct name="Dupont" votes="0" />
                <Precinct name="Fargo" votes="1" />
                <Precinct name="Homerville" votes="1" />
            </VoteType>
        </Choice>
    </Contest>
    <Contest key="400" text="Constitutional Amendment #2&lt;br&gt;Authorizes penalties for sexual exploitation and assessments on adult entertainment to fund child victims' services." isQuestion="false" precinctsReporting="5" precinctsReported="5">
        <VoteType name="Number of Precincts for Race" votes="5">
            <Precinct name="Arabia" votes="1" />
            <Precinct name="Argyle" votes="1" />
            <Precinct name="Dupont" votes="1" />
            <Precinct name="Fargo" votes="1" />
            <Precinct name="Homerville" votes="1" />
        </VoteType>
        <VoteType name="Number of Precincts Reporting" votes="5">
            <Precinct name="Arabia" votes="1" />
            <Precinct name="Argyle" votes="1" />
            <Precinct name="Dupont" votes="1" />
            <Precinct name="Fargo" votes="1" />
            <Precinct name="Homerville" votes="1" />
        </VoteType>
        <Choice key="10" text="YES" totalVotes="1804">
            <VoteType name="Election Day" votes="749">
                <Precinct name="Arabia" votes="33" />
                <Precinct name="Argyle" votes="88" />
                <Precinct name="Dupont" votes="83" />
                <Precinct name="Fargo" votes="103" />
                <Precinct name="Homerville" votes="442" />
            </VoteType>
            <VoteType name="Absentee by Mail" votes="62">
                <Precinct name="Arabia" votes="2" />
                <Precinct name="Argyle" votes="1" />
                <Precinct name="Dupont" votes="4" />
                <Precinct name="Fargo" votes="0" />
                <Precinct name="Homerville" votes="55" />
            </VoteType>
            <VoteType name="Advance in Person" votes="990">
                <Precinct name="Arabia" votes="12" />
                <Precinct name="Argyle" votes="68" />
                <Precinct name="Dupont" votes="41" />
                <Precinct name="Fargo" votes="17" />
                <Precinct name="Homerville" votes="852" />
            </VoteType>
            <VoteType name="Provisional" votes="3">
                <Precinct name="Arabia" votes="0" />
                <Precinct name="Argyle" votes="0" />
                <Precinct name="Dupont" votes="0" />
                <Precinct name="Fargo" votes="1" />
                <Precinct name="Homerville" votes="2" />
            </VoteType>
        </Choice>
        <Choice key="20" text="NO" totalVotes="362">
            <VoteType name="Election Day" votes="147">
                <Precinct name="Arabia" votes="10" />
                <Precinct name="Argyle" votes="20" />
                <Precinct name="Dupont" votes="19" />
                <Precinct name="Fargo" votes="16" />
                <Precinct name="Homerville" votes="82" />
            </VoteType>
            <VoteType name="Absentee by Mail" votes="11">
                <Precinct name="Arabia" votes="0" />
                <Precinct name="Argyle" votes="0" />
                <Precinct name="Dupont" votes="0" />
                <Precinct name="Fargo" votes="1" />
                <Precinct name="Homerville" votes="10" />
            </VoteType>
            <VoteType name="Advance in Person" votes="204">
                <Precinct name="Arabia" votes="3" />
                <Precinct name="Argyle" votes="10" />
                <Precinct name="Dupont" votes="7" />
                <Precinct name="Fargo" votes="1" />
                <Precinct name="Homerville" votes="183" />
            </VoteType>
            <VoteType name="Provisional" votes="0">
                <Precinct name="Arabia" votes="0" />
                <Precinct name="Argyle" votes="0" />
                <Precinct name="Dupont" votes="0" />
                <Precinct name="Fargo" votes="0" />
                <Precinct name="Homerville" votes="0" />
            </VoteType>
        </Choice>
    </Contest>
    <Contest key="410" text="Constitutional Amendment #3&lt;br&gt;Reforms and re-establishes the Judicial Qualifications Commission and provides for its composition, governance, and powers." isQuestion="false" precinctsReporting="5" precinctsReported="5">
        <VoteType name="Number of Precincts for Race" votes="5">
            <Precinct name="Arabia" votes="1" />
            <Precinct name="Argyle" votes="1" />
            <Precinct name="Dupont" votes="1" />
            <Precinct name="Fargo" votes="1" />
            <Precinct name="Homerville" votes="1" />
        </VoteType>
        <VoteType name="Number of Precincts Reporting" votes="5">
            <Precinct name="Arabia" votes="1" />
            <Precinct name="Argyle" votes="1" />
            <Precinct name="Dupont" votes="1" />
            <Precinct name="Fargo" votes="1" />
            <Precinct name="Homerville" votes="1" />
        </VoteType>
        <Choice key="10" text="YES" totalVotes="1227">
            <VoteType name="Election Day" votes="536">
                <Precinct name="Arabia" votes="20" />
                <Precinct name="Argyle" votes="56" />
                <Precinct name="Dupont" votes="65" />
                <Precinct name="Fargo" votes="81" />
                <Precinct name="Homerville" votes="314" />
            </VoteType>
            <VoteType name="Absentee by Mail" votes="37">
                <Precinct name="Arabia" votes="1" />
                <Precinct name="Argyle" votes="0" />
                <Precinct name="Dupont" votes="1" />
                <Precinct name="Fargo" votes="0" />
                <Precinct name="Homerville" votes="35" />
            </VoteType>
            <VoteType name="Advance in Person" votes="652">
                <Precinct name="Arabia" votes="7" />
                <Precinct name="Argyle" votes="43" />
                <Precinct name="Dupont" votes="30" />
                <Precinct name="Fargo" votes="10" />
                <Precinct name="Homerville" votes="562" />
            </VoteType>
            <VoteType name="Provisional" votes="2">
                <Precinct name="Arabia" votes="0" />
                <Precinct name="Argyle" votes="0" />
                <Precinct name="Dupont" votes="0" />
                <Precinct name="Fargo" votes="0" />
                <Precinct name="Homerville" votes="2" />
            </VoteType>
        </Choice>
        <Choice key="20" text="NO" totalVotes="814">
            <VoteType name="Election Day" votes="304">
                <Precinct name="Arabia" votes="20" />
                <Precinct name="Argyle" votes="47" />
                <Precinct name="Dupont" votes="26" />
                <Precinct name="Fargo" votes="31" />
                <Precinct name="Homerville" votes="180" />
            </VoteType>
            <VoteType name="Absentee by Mail" votes="32">
                <Precinct name="Arabia" votes="0" />
                <Precinct name="Argyle" votes="1" />
                <Precinct name="Dupont" votes="2" />
                <Precinct name="Fargo" votes="1" />
                <Precinct name="Homerville" votes="28" />
            </VoteType>
            <VoteType name="Advance in Person" votes="477">
                <Precinct name="Arabia" votes="6" />
                <Precinct name="Argyle" votes="31" />
                <Precinct name="Dupont" votes="16" />
                <Precinct name="Fargo" votes="6" />
                <Precinct name="Homerville" votes="418" />
            </VoteType>
            <VoteType name="Provisional" votes="1">
                <Precinct name="Arabia" votes="0" />
                <Precinct name="Argyle" votes="0" />
                <Precinct name="Dupont" votes="0" />
                <Precinct name="Fargo" votes="1" />
                <Precinct name="Homerville" votes="0" />
            </VoteType>
        </Choice>
    </Contest>
    <Contest key="420" text="Constitutional Amendment #4&lt;br&gt;Dedicates revenue from existing taxes on fireworks to trauma care, fire services, and public safety." isQuestion="false" precinctsReporting="5" precinctsReported="5">
        <VoteType name="Number of Precincts for Race" votes="5">
            <Precinct name="Arabia" votes="1" />
            <Precinct name="Argyle" votes="1" />
            <Precinct name="Dupont" votes="1" />
            <Precinct name="Fargo" votes="1" />
            <Precinct name="Homerville" votes="1" />
        </VoteType>
        <VoteType name="Number of Precincts Reporting" votes="5">
            <Precinct name="Arabia" votes="1" />
            <Precinct name="Argyle" votes="1" />
            <Precinct name="Dupont" votes="1" />
            <Precinct name="Fargo" votes="1" />
            <Precinct name="Homerville" votes="1" />
        </VoteType>
        <Choice key="10" text="YES" totalVotes="1726">
            <VoteType name="Election Day" votes="692">
                <Precinct name="Arabia" votes="36" />
                <Precinct name="Argyle" votes="74" />
                <Precinct name="Dupont" votes="84" />
                <Precinct name="Fargo" votes="98" />
                <Precinct name="Homerville" votes="400" />
            </VoteType>
            <VoteType name="Absentee by Mail" votes="67">
                <Precinct name="Arabia" votes="2" />
                <Precinct name="Argyle" votes="0" />
                <Precinct name="Dupont" votes="4" />
                <Precinct name="Fargo" votes="0" />
                <Precinct name="Homerville" votes="61" />
            </VoteType>
            <VoteType name="Advance in Person" votes="964">
                <Precinct name="Arabia" votes="12" />
                <Precinct name="Argyle" votes="59" />
                <Precinct name="Dupont" votes="38" />
                <Precinct name="Fargo" votes="17" />
                <Precinct name="Homerville" votes="838" />
            </VoteType>
            <VoteType name="Provisional" votes="3">
                <Precinct name="Arabia" votes="0" />
                <Precinct name="Argyle" votes="0" />
                <Precinct name="Dupont" votes="0" />
                <Precinct name="Fargo" votes="1" />
                <Precinct name="Homerville" votes="2" />
            </VoteType>
        </Choice>
        <Choice key="20" text="NO" totalVotes="441">
            <VoteType name="Election Day" votes="194">
                <Precinct name="Arabia" votes="9" />
                <Precinct name="Argyle" votes="35" />
                <Precinct name="Dupont" votes="19" />
                <Precinct name="Fargo" votes="19" />
                <Precinct name="Homerville" votes="112" />
            </VoteType>
            <VoteType name="Absentee by Mail" votes="10">
                <Precinct name="Arabia" votes="0" />
                <Precinct name="Argyle" votes="1" />
                <Precinct name="Dupont" votes="0" />
                <Precinct name="Fargo" votes="1" />
                <Precinct name="Homerville" votes="8" />
            </VoteType>
            <VoteType name="Advance in Person" votes="237">
                <Precinct name="Arabia" votes="3" />
                <Precinct name="Argyle" votes="19" />
                <Precinct name="Dupont" votes="10" />
                <Precinct name="Fargo" votes="4" />
                <Precinct name="Homerville" votes="201" />
            </VoteType>
            <VoteType name="Provisional" votes="0">
                <Precinct name="Arabia" votes="0" />
                <Precinct name="Argyle" votes="0" />
                <Precinct name="Dupont" votes="0" />
                <Precinct name="Fargo" votes="0" />
                <Precinct name="Homerville" votes="0" />
            </VoteType>
        </Choice>
    </Contest>
</ElectionResult>