<?xml version="1.0"?>
<!--Election result snapshot imported from Tabulation System
-->
<ElectionResult>
    <Timestamp>11/9/2016 2:57:46 PM EST</Timestamp>
    <ElectionName>November 8, 2016 - General Election</ElectionName>
    <ElectionDate>11/8/2016</ElectionDate>
    <Region>Macon</Region>
    <VoterTurnout totalVoters="6012" ballotsCast="4321" voterTurnout="71.87">
        <Precincts>
            <Precinct name="Ideal" totalVoters="1235" ballotsCast="900" voterTurnout="72.87" percentReporting="4" />
            <Precinct name="Oglethorpe" totalVoters="1127" ballotsCast="794" voterTurnout="70.45" percentReporting="4" />
            <Precinct name="Marshallville" totalVoters="1167" ballotsCast="852" voterTurnout="73.01" percentReporting="4" />
            <Precinct name="Montezuma 4" totalVoters="1383" ballotsCast="961" voterTurnout="69.49" percentReporting="4" />
            <Precinct name="Montezuma 5" totalVoters="1100" ballotsCast="814" voterTurnout="74.00" percentReporting="4" />
        </Precincts>
    </VoterTurnout>
    <Contest key="1" text="President of the United States" isQuestion="false" precinctsReporting="5" precinctsReported="5">
        <VoteType name="Number of Precincts for Race" votes="5">
            <Precinct name="Ideal" votes="1" />
            <Precinct name="Oglethorpe" votes="1" />
            <Precinct name="Marshallville" votes="1" />
            <Precinct name="Montezuma 4" votes="1" />
            <Precinct name="Montezuma 5" votes="1" />
        </VoteType>
        <VoteType name="Number of Precincts Reporting" votes="5">
            <Precinct name="Ideal" votes="1" />
            <Precinct name="Oglethorpe" votes="1" />
            <Precinct name="Marshallville" votes="1" />
            <Precinct name="Montezuma 4" votes="1" />
            <Precinct name="Montezuma 5" votes="1" />
        </VoteType>
        <Choice key="10" text="DONALD J. TRUMP" totalVotes="1540">
            <VoteType name="Election Day" votes="493">
                <Precinct name="Ideal" votes="174" />
                <Precinct name="Oglethorpe" votes="59" />
                <Precinct name="Marshallville" votes="160" />
                <Precinct name="Montezuma 4" votes="66" />
                <Precinct name="Montezuma 5" votes="34" />
            </VoteType>
            <VoteType name="Absentee by Mail" votes="68">
                <Precinct name="Ideal" votes="20" />
                <Precinct name="Oglethorpe" votes="13" />
                <Precinct name="Marshallville" votes="16" />
                <Precinct name="Montezuma 4" votes="14" />
                <Precinct name="Montezuma 5" votes="5" />
            </VoteType>
            <VoteType name="Advance in Person" votes="979">
                <Precinct name="Ideal" votes="296" />
                <Precinct name="Oglethorpe" votes="215" />
                <Precinct name="Marshallville" votes="128" />
                <Precinct name="Montezuma 4" votes="235" />
                <Precinct name="Montezuma 5" votes="105" />
            </VoteType>
            <VoteType name="Provisional" votes="0">
                <Precinct name="Ideal" votes="0" />
                <Precinct name="Oglethorpe" votes="0" />
                <Precinct name="Marshallville" votes="0" />
                <Precinct name="Montezuma 4" votes="0" />
                <Precinct name="Montezuma 5" votes="0" />
            </VoteType>
        </Choice>
        <Choice key="20" text="HILLARY CLINTON" totalVotes="2705">
            <VoteType name="Election Day" votes="1295">
                <Precinct name="Ideal" votes="155" />
                <Precinct name="Oglethorpe" votes="166" />
                <Precinct name="Marshallville" votes="391" />
                <Precinct name="Montezuma 4" votes="279" />
                <Precinct name="Montezuma 5" votes="304" />
            </VoteType>
            <VoteType name="Absentee by Mail" votes="177">
                <Precinct name="Ideal" votes="30" />
                <Precinct name="Oglethorpe" votes="27" />
                <Precinct name="Marshallville" votes="21" />
                <Precinct name="Montezuma 4" votes="42" />
                <Precinct name="Montezuma 5" votes="57" />
            </VoteType>
            <VoteType name="Advance in Person" votes="1233">
                <Precinct name="Ideal" votes="212" />
                <Precinct name="Oglethorpe" votes="294" />
                <Precinct name="Marshallville" votes="119" />
                <Precinct name="Montezuma 4" votes="311" />
                <Precinct name="Montezuma 5" votes="297" />
            </VoteType>
            <VoteType name="Provisional" votes="0">
                <Precinct name="Ideal" votes="0" />
                <Precinct name="Oglethorpe" votes="0" />
                <Precinct name="Marshallville" votes="0" />
                <Precinct name="Montezuma 4" votes="0" />
                <Precinct name="Montezuma 5" votes="0" />
            </VoteType>
        </Choice>
        <Choice key="30" text="GARY JOHNSON" totalVotes="42">
            <VoteType name="Election Day" votes="24">
                <Precinct name="Ideal" votes="3" />
                <Precinct name="Oglethorpe" votes="8" />
                <Precinct name="Marshallville" votes="5" />
                <Precinct name="Montezuma 4" votes="4" />
                <Precinct name="Montezuma 5" votes="4" />
            </VoteType>
            <VoteType name="Absentee by Mail" votes="4">
                <Precinct name="Ideal" votes="1" />
                <Precinct name="Oglethorpe" votes="1" />
                <Precinct name="Marshallville" votes="1" />
                <Precinct name="Montezuma 4" votes="1" />
                <Precinct name="Montezuma 5" votes="0" />
            </VoteType>
            <VoteType name="Advance in Person" votes="14">
                <Precinct name="Ideal" votes="4" />
                <Precinct name="Oglethorpe" votes="6" />
                <Precinct name="Marshallville" votes="1" />
                <Precinct name="Montezuma 4" votes="3" />
                <Precinct name="Montezuma 5" votes="0" />
            </VoteType>
            <VoteType name="Provisional" votes="0">
                <Precinct name="Ideal" votes="0" />
                <Precinct name="Oglethorpe" votes="0" />
                <Precinct name="Marshallville" votes="0" />
                <Precinct name="Montezuma 4" votes="0" />
                <Precinct name="Montezuma 5" votes="0" />
            </VoteType>
        </Choice>
    </Contest>
    <Contest key="10" text="United States Senator, Isakson" isQuestion="false" precinctsReporting="5" precinctsReported="5">
        <VoteType name="Number of Precincts for Race" votes="5">
            <Precinct name="Ideal" votes="1" />
            <Precinct name="Oglethorpe" votes="1" />
            <Precinct name="Marshallville" votes="1" />
            <Precinct name="Montezuma 4" votes="1" />
            <Precinct name="Montezuma 5" votes="1" />
        </VoteType>
        <VoteType name="Number of Precincts Reporting" votes="5">
            <Precinct name="Ideal" votes="1" />
            <Precinct name="Oglethorpe" votes="1" />
            <Precinct name="Marshallville" votes="1" />
            <Precinct name="Montezuma 4" votes="1" />
            <Precinct name="Montezuma 5" votes="1" />
        </VoteType>
        <Choice key="30" text="JOHNNY ISAKSON (I)" totalVotes="1678">
            <VoteType name="Election Day" votes="587">
                <Precinct name="Ideal" votes="177" />
                <Precinct name="Oglethorpe" votes="74" />
                <Precinct name="Marshallville" votes="183" />
                <Precinct name="Montezuma 4" votes="86" />
                <Precinct name="Montezuma 5" votes="67" />
            </VoteType>
            <VoteType name="Absentee by Mail" votes="82">
                <Precinct name="Ideal" votes="18" />
                <Precinct name="Oglethorpe" votes="15" />
                <Precinct name="Marshallville" votes="18" />
                <Precinct name="Montezuma 4" votes="20" />
                <Precinct name="Montezuma 5" votes="11" />
            </VoteType>
            <VoteType name="Advance in Person" votes="1009">
                <Precinct name="Ideal" votes="282" />
                <Precinct name="Oglethorpe" votes="218" />
                <Precinct name="Marshallville" votes="133" />
                <Precinct name="Montezuma 4" votes="254" />
                <Precinct name="Montezuma 5" votes="122" />
            </VoteType>
            <VoteType name="Provisional" votes="0">
                <Precinct name="Ideal" votes="0" />
                <Precinct name="Oglethorpe" votes="0" />
                <Precinct name="Marshallville" votes="0" />
                <Precinct name="Montezuma 4" votes="0" />
                <Precinct name="Montezuma 5" votes="0" />
            </VoteType>
        </Choice>
        <Choice key="40" text="JIM BARKSDALE" totalVotes="2129">
            <VoteType name="Election Day" votes="1018">
                <Precinct name="Ideal" votes="111" />
                <Precinct name="Oglethorpe" votes="139" />
                <Precinct name="Marshallville" votes="311" />
                <Precinct name="Montezuma 4" votes="221" />
                <Precinct name="Montezuma 5" votes="236" />
            </VoteType>
            <VoteType name="Absentee by Mail" votes="151">
                <Precinct name="Ideal" votes="25" />
                <Precinct name="Oglethorpe" votes="25" />
                <Precinct name="Marshallville" votes="19" />
                <Precinct name="Montezuma 4" votes="33" />
                <Precinct name="Montezuma 5" votes="49" />
            </VoteType>
            <VoteType name="Advance in Person" votes="960">
                <Precinct name="Ideal" votes="166" />
                <Precinct name="Oglethorpe" votes="234" />
                <Precinct name="Marshallville" votes="97" />
                <Precinct name="Montezuma 4" votes="241" />
                <Precinct name="Montezuma 5" votes="222" />
            </VoteType>
            <VoteType name="Provisional" votes="0">
                <Precinct name="Ideal" votes="0" />
                <Precinct name="Oglethorpe" votes="0" />
                <Precinct name="Marshallville" votes="0" />
                <Precinct name="Montezuma 4" votes="0" />
                <Precinct name="Montezuma 5" votes="0" />
            </VoteType>
        </Choice>
        <Choice key="50" text="ALLEN BUCKLEY" totalVotes="78">
            <VoteType name="Election Day" votes="37">
                <Precinct name="Ideal" votes="13" />
                <Precinct name="Oglethorpe" votes="6" />
                <Precinct name="Marshallville" votes="8" />
                <Precinct name="Montezuma 4" votes="6" />
                <Precinct name="Montezuma 5" votes="4" />
            </VoteType>
            <VoteType name="Absentee by Mail" votes="3">
                <Precinct name="Ideal" votes="1" />
                <Precinct name="Oglethorpe" votes="0" />
                <Precinct name="Marshallville" votes="1" />
                <Precinct name="Montezuma 4" votes="1" />
                <Precinct name="Montezuma 5" votes="0" />
            </VoteType>
            <VoteType name="Advance in Person" votes="38">
                <Precinct name="Ideal" votes="10" />
                <Precinct name="Oglethorpe" votes="12" />
                <Precinct name="Marshallville" votes="6" />
                <Precinct name="Montezuma 4" votes="6" />
                <Precinct name="Montezuma 5" votes="4" />
            </VoteType>
            <VoteType name="Provisional" votes="0">
                <Precinct name="Ideal" votes="0" />
                <Precinct name="Oglethorpe" votes="0" />
                <Precinct name="Marshallville" votes="0" />
                <Precinct name="Montezuma 4" votes="0" />
                <Precinct name="Montezuma 5" votes="0" />
            </VoteType>
        </Choice>
    </Contest>
    <Contest key="30" text="Public Service Commission, District 2 - Eastern" isQuestion="false" precinctsReporting="5" precinctsReported="5">
        <VoteType name="Number of Precincts for Race" votes="5">
            <Precinct name="Ideal" votes="1" />
            <Precinct name="Oglethorpe" votes="1" />
            <Precinct name="Marshallville" votes="1" />
            <Precinct name="Montezuma 4" votes="1" />
            <Precinct name="Montezuma 5" votes="1" />
        </VoteType>
        <VoteType name="Number of Precincts Reporting" votes="5">
            <Precinct name="Ideal" votes="1" />
            <Precinct name="Oglethorpe" votes="1" />
            <Precinct name="Marshallville" votes="1" />
            <Precinct name="Montezuma 4" votes="1" />
            <Precinct name="Montezuma 5" votes="1" />
        </VoteType>
        <Choice key="20" text="TIM ECHOLS (I)" totalVotes="1842">
            <VoteType name="Election Day" votes="692">
                <Precinct name="Ideal" votes="179" />
                <Precinct name="Oglethorpe" votes="96" />
                <Precinct name="Marshallville" votes="210" />
                <Precinct name="Montezuma 4" votes="113" />
                <Precinct name="Montezuma 5" votes="94" />
            </VoteType>
            <VoteType name="Absentee by Mail" votes="96">
                <Precinct name="Ideal" votes="19" />
                <Precinct name="Oglethorpe" votes="20" />
                <Precinct name="Marshallville" votes="22" />
                <Precinct name="Montezuma 4" votes="21" />
                <Precinct name="Montezuma 5" votes="14" />
            </VoteType>
            <VoteType name="Advance in Person" votes="1054">
                <Precinct name="Ideal" votes="284" />
                <Precinct name="Oglethorpe" votes="236" />
                <Precinct name="Marshallville" votes="135" />
                <Precinct name="Montezuma 4" votes="264" />
                <Precinct name="Montezuma 5" votes="135" />
            </VoteType>
            <VoteType name="Provisional" votes="0">
                <Precinct name="Ideal" votes="0" />
                <Precinct name="Oglethorpe" votes="0" />
                <Precinct name="Marshallville" votes="0" />
                <Precinct name="Montezuma 4" votes="0" />
                <Precinct name="Montezuma 5" votes="0" />
            </VoteType>
        </Choice>
        <Choice key="30" text="ERIC HOSKINS" totalVotes="1311">
            <VoteType name="Election Day" votes="669">
                <Precinct name="Ideal" votes="94" />
                <Precinct name="Oglethorpe" votes="88" />
                <Precinct name="Marshallville" votes="206" />
                <Precinct name="Montezuma 4" votes="135" />
                <Precinct name="Montezuma 5" votes="146" />
            </VoteType>
            <VoteType name="Absentee by Mail" votes="100">
                <Precinct name="Ideal" votes="15" />
                <Precinct name="Oglethorpe" votes="10" />
                <Precinct name="Marshallville" votes="15" />
                <Precinct name="Montezuma 4" votes="21" />
                <Precinct name="Montezuma 5" votes="39" />
            </VoteType>
            <VoteType name="Advance in Person" votes="542">
                <Precinct name="Ideal" votes="107" />
                <Precinct name="Oglethorpe" votes="138" />
                <Precinct name="Marshallville" votes="55" />
                <Precinct name="Montezuma 4" votes="133" />
                <Precinct name="Montezuma 5" votes="109" />
            </VoteType>
            <VoteType name="Provisional" votes="0">
                <Precinct name="Ideal" votes="0" />
                <Precinct name="Oglethorpe" votes="0" />
                <Precinct name="Marshallville" votes="0" />
                <Precinct name="Montezuma 4" votes="0" />
                <Precinct name="Montezuma 5" votes="0" />
            </VoteType>
        </Choice>
    </Contest>
    <Contest key="50" text="U.S. Representative, District 2" isQuestion="false" precinctsReporting="5" precinctsReported="5">
        <VoteType name="Number of Precincts for Race" votes="5">
            <Precinct name="Ideal" votes="1" />
            <Precinct name="Oglethorpe" votes="1" />
            <Precinct name="Marshallville" votes="1" />
            <Precinct name="Montezuma 4" votes="1" />
            <Precinct name="Montezuma 5" votes="1" />
        </VoteType>
        <VoteType name="Number of Precincts Reporting" votes="5">
            <Precinct name="Ideal" votes="1" />
            <Precinct name="Oglethorpe" votes="1" />
            <Precinct name="Marshallville" votes="1" />
            <Precinct name="Montezuma 4" votes="1" />
            <Precinct name="Montezuma 5" votes="1" />
        </VoteType>
        <Choice key="10" text="GREG DUKE" totalVotes="1225">
            <VoteType name="Election Day" votes="424">
                <Precinct name="Ideal" votes="122" />
                <Precinct name="Oglethorpe" votes="54" />
                <Precinct name="Marshallville" votes="144" />
                <Precinct name="Montezuma 4" votes="65" />
                <Precinct name="Montezuma 5" votes="39" />
            </VoteType>
            <VoteType name="Absentee by Mail" votes="55">
                <Precinct name="Ideal" votes="15" />
                <Precinct name="Oglethorpe" votes="8" />
                <Precinct name="Marshallville" votes="16" />
                <Precinct name="Montezuma 4" votes="13" />
                <Precinct name="Montezuma 5" votes="3" />
            </VoteType>
            <VoteType name="Advance in Person" votes="746">
                <Precinct name="Ideal" votes="219" />
                <Precinct name="Oglethorpe" votes="153" />
                <Precinct name="Marshallville" votes="105" />
                <Precinct name="Montezuma 4" votes="180" />
                <Precinct name="Montezuma 5" votes="89" />
            </VoteType>
            <VoteType name="Provisional" votes="0">
                <Precinct name="Ideal" votes="0" />
                <Precinct name="Oglethorpe" votes="0" />
                <Precinct name="Marshallville" votes="0" />
                <Precinct name="Montezuma 4" votes="0" />
                <Precinct name="Montezuma 5" votes="0" />
            </VoteType>
        </Choice>
        <Choice key="20" text="SANFORD BISHOP (I)" totalVotes="2863">
            <VoteType name="Election Day" votes="1312">
                <Precinct name="Ideal" votes="191" />
                <Precinct name="Oglethorpe" votes="173" />
                <Precinct name="Marshallville" votes="392" />
                <Precinct name="Montezuma 4" votes="265" />
                <Precinct name="Montezuma 5" votes="291" />
            </VoteType>
            <VoteType name="Absentee by Mail" votes="188">
                <Precinct name="Ideal" votes="28" />
                <Precinct name="Oglethorpe" votes="32" />
                <Precinct name="Marshallville" votes="23" />
                <Precinct name="Montezuma 4" votes="44" />
                <Precinct name="Montezuma 5" votes="61" />
            </VoteType>
            <VoteType name="Advance in Person" votes="1363">
                <Precinct name="Ideal" votes="267" />
                <Precinct name="Oglethorpe" votes="330" />
                <Precinct name="Marshallville" votes="136" />
                <Precinct name="Montezuma 4" votes="344" />
                <Precinct name="Montezuma 5" votes="286" />
            </VoteType>
            <VoteType name="Provisional" votes="0">
                <Precinct name="Ideal" votes="0" />
                <Precinct name="Oglethorpe" votes="0" />
                <Precinct name="Marshallville" votes="0" />
                <Precinct name="Montezuma 4" votes="0" />
                <Precinct name="Montezuma 5" votes="0" />
            </VoteType>
        </Choice>
    </Contest>
    <Contest key="80" text="State Senator, District 15" isQuestion="false" precinctsReporting="5" precinctsReported="5">
        <VoteType name="Number of Precincts for Race" votes="5">
            <Precinct name="Ideal" votes="1" />
            <Precinct name="Oglethorpe" votes="1" />
            <Precinct name="Marshallville" votes="1" />
            <Precinct name="Montezuma 4" votes="1" />
            <Precinct name="Montezuma 5" votes="1" />
        </VoteType>
        <VoteType name="Number of Precincts Reporting" votes="5">
            <Precinct name="Ideal" votes="1" />
            <Precinct name="Oglethorpe" votes="1" />
            <Precinct name="Marshallville" votes="1" />
            <Precinct name="Montezuma 4" votes="1" />
            <Precinct name="Montezuma 5" votes="1" />
        </VoteType>
        <Choice key="10" text="ED HARBISON (I)" totalVotes="3103">
            <VoteType name="Election Day" votes="1396">
                <Precinct name="Ideal" votes="236" />
                <Precinct name="Oglethorpe" votes="195" />
                <Precinct name="Marshallville" votes="422" />
                <Precinct name="Montezuma 4" votes="266" />
                <Precinct name="Montezuma 5" votes="277" />
            </VoteType>
            <VoteType name="Absentee by Mail" votes="193">
                <Precinct name="Ideal" votes="32" />
                <Precinct name="Oglethorpe" votes="30" />
                <Precinct name="Marshallville" votes="27" />
                <Precinct name="Montezuma 4" votes="46" />
                <Precinct name="Montezuma 5" votes="58" />
            </VoteType>
            <VoteType name="Advance in Person" votes="1514">
                <Precinct name="Ideal" votes="342" />
                <Precinct name="Oglethorpe" votes="364" />
                <Precinct name="Marshallville" votes="143" />
                <Precinct name="Montezuma 4" votes="382" />
                <Precinct name="Montezuma 5" votes="283" />
            </VoteType>
            <VoteType name="Provisional" votes="0">
                <Precinct name="Ideal" votes="0" />
                <Precinct name="Oglethorpe" votes="0" />
                <Precinct name="Marshallville" votes="0" />
                <Precinct name="Montezuma 4" votes="0" />
                <Precinct name="Montezuma 5" votes="0" />
            </VoteType>
        </Choice>
    </Contest>
    <Contest key="100" text="State Representative, District 139" isQuestion="false" precinctsReporting="5" precinctsReported="5">
        <VoteType name="Number of Precincts for Race" votes="5">
            <Precinct name="Ideal" votes="1" />
            <Precinct name="Oglethorpe" votes="1" />
            <Precinct name="Marshallville" votes="1" />
            <Precinct name="Montezuma 4" votes="1" />
            <Precinct name="Montezuma 5" votes="1" />
        </VoteType>
        <VoteType name="Number of Precincts Reporting" votes="5">
            <Precinct name="Ideal" votes="1" />
            <Precinct name="Oglethorpe" votes="1" />
            <Precinct name="Marshallville" votes="1" />
            <Precinct name="Montezuma 4" votes="1" />
            <Precinct name="Montezuma 5" votes="1" />
        </VoteType>
        <Choice key="10" text="PATTY J. BENTLEY (I)" totalVotes="3336">
            <VoteType name="Election Day" votes="1465">
                <Precinct name="Ideal" votes="247" />
                <Precinct name="Oglethorpe" votes="202" />
                <Precinct name="Marshallville" votes="441" />
                <Precinct name="Montezuma 4" votes="284" />
                <Precinct name="Montezuma 5" votes="291" />
            </VoteType>
            <VoteType name="Absentee by Mail" votes="198">
                <Precinct name="Ideal" votes="31" />
                <Precinct name="Oglethorpe" votes="33" />
                <Precinct name="Marshallville" votes="30" />
                <Precinct name="Montezuma 4" votes="44" />
                <Precinct name="Montezuma 5" votes="60" />
            </VoteType>
            <VoteType name="Advance in Person" votes="1673">
                <Precinct name="Ideal" votes="364" />
                <Precinct name="Oglethorpe" votes="411" />
                <Precinct name="Marshallville" votes="165" />
                <Precinct name="Montezuma 4" votes="416" />
                <Precinct name="Montezuma 5" votes="317" />
            </VoteType>
            <VoteType name="Provisional" votes="0">
                <Precinct name="Ideal" votes="0" />
                <Precinct name="Oglethorpe" votes="0" />
                <Precinct name="Marshallville" votes="0" />
                <Precinct name="Montezuma 4" votes="0" />
                <Precinct name="Montezuma 5" votes="0" />
            </VoteType>
        </Choice>
    </Contest>
    <Contest key="110" text="District Attorney, Southwestern Circuit" isQuestion="false" precinctsReporting="5" precinctsReported="5">
        <VoteType name="Number of Precincts for Race" votes="5">
            <Precinct name="Ideal" votes="1" />
            <Precinct name="Oglethorpe" votes="1" />
            <Precinct name="Marshallville" votes="1" />
            <Precinct name="Montezuma 4" votes="1" />
            <Precinct name="Montezuma 5" votes="1" />
        </VoteType>
        <VoteType name="Number of Precincts Reporting" votes="5">
            <Precinct name="Ideal" votes="1" />
            <Precinct name="Oglethorpe" votes="1" />
            <Precinct name="Marshallville" votes="1" />
            <Precinct name="Montezuma 4" votes="1" />
            <Precinct name="Montezuma 5" votes="1" />
        </VoteType>
        <Choice key="10" text="PLEZ H. HARDIN (I)" totalVotes="2538">
            <VoteType name="Election Day" votes="1078">
                <Precinct name="Ideal" votes="222" />
                <Precinct name="Oglethorpe" votes="157" />
                <Precinct name="Marshallville" votes="322" />
                <Precinct name="Montezuma 4" votes="196" />
                <Precinct name="Montezuma 5" votes="181" />
            </VoteType>
            <VoteType name="Absentee by Mail" votes="135">
                <Precinct name="Ideal" votes="24" />
                <Precinct name="Oglethorpe" votes="18" />
                <Precinct name="Marshallville" votes="28" />
                <Precinct name="Montezuma 4" votes="30" />
                <Precinct name="Montezuma 5" votes="35" />
            </VoteType>
            <VoteType name="Advance in Person" votes="1325">
                <Precinct name="Ideal" votes="321" />
                <Precinct name="Oglethorpe" votes="309" />
                <Precinct name="Marshallville" votes="154" />
                <Precinct name="Montezuma 4" votes="338" />
                <Precinct name="Montezuma 5" votes="203" />
            </VoteType>
            <VoteType name="Provisional" votes="0">
                <Precinct name="Ideal" votes="0" />
                <Precinct name="Oglethorpe" votes="0" />
                <Precinct name="Marshallville" votes="0" />
                <Precinct name="Montezuma 4" votes="0" />
                <Precinct name="Montezuma 5" votes="0" />
            </VoteType>
        </Choice>
    </Contest>
    <Contest key="140" text="JUDGE, PROBATE COURT/MAGISTRATE" isQuestion="false" precinctsReporting="5" precinctsReported="5">
        <VoteType name="Number of Precincts for Race" votes="5">
            <Precinct name="Ideal" votes="1" />
            <Precinct name="Oglethorpe" votes="1" />
            <Precinct name="Marshallville" votes="1" />
            <Precinct name="Montezuma 4" votes="1" />
            <Precinct name="Montezuma 5" votes="1" />
        </VoteType>
        <VoteType name="Number of Precincts Reporting" votes="5">
            <Precinct name="Ideal" votes="1" />
            <Precinct name="Oglethorpe" votes="1" />
            <Precinct name="Marshallville" votes="1" />
            <Precinct name="Montezuma 4" votes="1" />
            <Precinct name="Montezuma 5" votes="1" />
        </VoteType>
        <Choice key="60" text="T. MARTIN (D)" totalVotes="3482">
            <VoteType name="Election Day" votes="1505">
                <Precinct name="Ideal" votes="259" />
                <Precinct name="Oglethorpe" votes="207" />
                <Precinct name="Marshallville" votes="448" />
                <Precinct name="Montezuma 4" votes="297" />
                <Precinct name="Montezuma 5" votes="294" />
            </VoteType>
            <VoteType name="Absentee by Mail" votes="203">
                <Precinct name="Ideal" votes="35" />
                <Precinct name="Oglethorpe" votes="35" />
                <Precinct name="Marshallville" votes="31" />
                <Precinct name="Montezuma 4" votes="45" />
                <Precinct name="Montezuma 5" votes="57" />
            </VoteType>
            <VoteType name="Advance in Person" votes="1774">
                <Precinct name="Ideal" votes="402" />
                <Precinct name="Oglethorpe" votes="435" />
                <Precinct name="Marshallville" votes="172" />
                <Precinct name="Montezuma 4" votes="444" />
                <Precinct name="Montezuma 5" votes="321" />
            </VoteType>
            <VoteType name="Provisional" votes="0">
                <Precinct name="Ideal" votes="0" />
                <Precinct name="Oglethorpe" votes="0" />
                <Precinct name="Marshallville" votes="0" />
                <Precinct name="Montezuma 4" votes="0" />
                <Precinct name="Montezuma 5" votes="0" />
            </VoteType>
        </Choice>
    </Contest>
    <Contest key="160" text="CLERK, SUPERIOR COURT" isQuestion="false" precinctsReporting="5" precinctsReported="5">
        <VoteType name="Number of Precincts for Race" votes="5">
            <Precinct name="Ideal" votes="1" />
            <Precinct name="Oglethorpe" votes="1" />
            <Precinct name="Marshallville" votes="1" />
            <Precinct name="Montezuma 4" votes="1" />
            <Precinct name="Montezuma 5" votes="1" />
        </VoteType>
        <VoteType name="Number of Precincts Reporting" votes="5">
            <Precinct name="Ideal" votes="1" />
            <Precinct name="Oglethorpe" votes="1" />
            <Precinct name="Marshallville" votes="1" />
            <Precinct name="Montezuma 4" votes="1" />
            <Precinct name="Montezuma 5" votes="1" />
        </VoteType>
        <Choice key="10" text="J. M. LAIDLER (I) D" totalVotes="3373">
            <VoteType name="Election Day" votes="1481">
                <Precinct name="Ideal" votes="238" />
                <Precinct name="Oglethorpe" votes="203" />
                <Precinct name="Marshallville" votes="445" />
                <Precinct name="Montezuma 4" votes="298" />
                <Precinct name="Montezuma 5" votes="297" />
            </VoteType>
            <VoteType name="Absentee by Mail" votes="199">
                <Precinct name="Ideal" votes="32" />
                <Precinct name="Oglethorpe" votes="32" />
                <Precinct name="Marshallville" votes="30" />
                <Precinct name="Montezuma 4" votes="46" />
                <Precinct name="Montezuma 5" votes="59" />
            </VoteType>
            <VoteType name="Advance in Person" votes="1693">
                <Precinct name="Ideal" votes="367" />
                <Precinct name="Oglethorpe" votes="417" />
                <Precinct name="Marshallville" votes="166" />
                <Precinct name="Montezuma 4" votes="422" />
                <Precinct name="Montezuma 5" votes="321" />
            </VoteType>
            <VoteType name="Provisional" votes="0">
                <Precinct name="Ideal" votes="0" />
                <Precinct name="Oglethorpe" votes="0" />
                <Precinct name="Marshallville" votes="0" />
                <Precinct name="Montezuma 4" votes="0" />
                <Precinct name="Montezuma 5" votes="0" />
            </VoteType>
        </Choice>
    </Contest>
    <Contest key="180" text="SHERIFF" isQuestion="false" precinctsReporting="5" precinctsReported="5">
        <VoteType name="Number of Precincts for Race" votes="5">
            <Precinct name="Ideal" votes="1" />
            <Precinct name="Oglethorpe" votes="1" />
            <Precinct name="Marshallville" votes="1" />
            <Precinct name="Montezuma 4" votes="1" />
            <Precinct name="Montezuma 5" votes="1" />
        </VoteType>
        <VoteType name="Number of Precincts Reporting" votes="5">
            <Precinct name="Ideal" votes="1" />
            <Precinct name="Oglethorpe" votes="1" />
            <Precinct name="Marshallville" votes="1" />
            <Precinct name="Montezuma 4" votes="1" />
            <Precinct name="Montezuma 5" votes="1" />
        </VoteType>
        <Choice key="10" text="C. M. CANNON JR (D)" totalVotes="3567">
            <VoteType name="Election Day" votes="1536">
                <Precinct name="Ideal" votes="255" />
                <Precinct name="Oglethorpe" votes="205" />
                <Precinct name="Marshallville" votes="478" />
                <Precinct name="Montezuma 4" votes="303" />
                <Precinct name="Montezuma 5" votes="295" />
            </VoteType>
            <VoteType name="Absentee by Mail" votes="204">
                <Precinct name="Ideal" votes="37" />
                <Precinct name="Oglethorpe" votes="34" />
                <Precinct name="Marshallville" votes="30" />
                <Precinct name="Montezuma 4" votes="48" />
                <Precinct name="Montezuma 5" votes="55" />
            </VoteType>
            <VoteType name="Advance in Person" votes="1827">
                <Precinct name="Ideal" votes="411" />
                <Precinct name="Oglethorpe" votes="438" />
                <Precinct name="Marshallville" votes="182" />
                <Precinct name="Montezuma 4" votes="450" />
                <Precinct name="Montezuma 5" votes="346" />
            </VoteType>
            <VoteType name="Provisional" votes="0">
                <Precinct name="Ideal" votes="0" />
                <Precinct name="Oglethorpe" votes="0" />
                <Precinct name="Marshallville" votes="0" />
                <Precinct name="Montezuma 4" votes="0" />
                <Precinct name="Montezuma 5" votes="0" />
            </VoteType>
        </Choice>
    </Contest>
    <Contest key="200" text="TAX COMMISSIONER" isQuestion="false" precinctsReporting="5" precinctsReported="5">
        <VoteType name="Number of Precincts for Race" votes="5">
            <Precinct name="Ideal" votes="1" />
            <Precinct name="Oglethorpe" votes="1" />
            <Precinct name="Marshallville" votes="1" />
            <Precinct name="Montezuma 4" votes="1" />
            <Precinct name="Montezuma 5" votes="1" />
        </VoteType>
        <VoteType name="Number of Precincts Reporting" votes="5">
            <Precinct name="Ideal" votes="1" />
            <Precinct name="Oglethorpe" votes="1" />
            <Precinct name="Marshallville" votes="1" />
            <Precinct name="Montezuma 4" votes="1" />
            <Precinct name="Montezuma 5" votes="1" />
        </VoteType>
        <Choice key="10" text="R. S. RESPRESS (I) D" totalVotes="3499">
            <VoteType name="Election Day" votes="1535">
                <Precinct name="Ideal" votes="250" />
                <Precinct name="Oglethorpe" votes="207" />
                <Precinct name="Marshallville" votes="475" />
                <Precinct name="Montezuma 4" votes="309" />
                <Precinct name="Montezuma 5" votes="294" />
            </VoteType>
            <VoteType name="Absentee by Mail" votes="198">
                <Precinct name="Ideal" votes="33" />
                <Precinct name="Oglethorpe" votes="30" />
                <Precinct name="Marshallville" votes="31" />
                <Precinct name="Montezuma 4" votes="47" />
                <Precinct name="Montezuma 5" votes="57" />
            </VoteType>
            <VoteType name="Advance in Person" votes="1766">
                <Precinct name="Ideal" votes="380" />
                <Precinct name="Oglethorpe" votes="421" />
                <Precinct name="Marshallville" votes="180" />
                <Precinct name="Montezuma 4" votes="454" />
                <Precinct name="Montezuma 5" votes="331" />
            </VoteType>
            <VoteType name="Provisional" votes="0">
                <Precinct name="Ideal" votes="0" />
                <Precinct name="Oglethorpe" votes="0" />
                <Precinct name="Marshallville" votes="0" />
                <Precinct name="Montezuma 4" votes="0" />
                <Precinct name="Montezuma 5" votes="0" />
            </VoteType>
        </Choice>
    </Contest>
    <Contest key="220" text="CORONER" isQuestion="false" precinctsReporting="5" precinctsReported="5">
        <VoteType name="Number of Precincts for Race" votes="5">
            <Precinct name="Ideal" votes="1" />
            <Precinct name="Oglethorpe" votes="1" />
            <Precinct name="Marshallville" votes="1" />
            <Precinct name="Montezuma 4" votes="1" />
            <Precinct name="Montezuma 5" votes="1" />
        </VoteType>
        <VoteType name="Number of Precincts Reporting" votes="5">
            <Precinct name="Ideal" votes="1" />
            <Precinct name="Oglethorpe" votes="1" />
            <Precinct name="Marshallville" votes="1" />
            <Precinct name="Montezuma 4" votes="1" />
            <Precinct name="Montezuma 5" votes="1" />
        </VoteType>
        <Choice key="10" text="B. P. OGLESBY (I) D" totalVotes="3371">
            <VoteType name="Election Day" votes="1476">
                <Precinct name="Ideal" votes="249" />
                <Precinct name="Oglethorpe" votes="205" />
                <Precinct name="Marshallville" votes="445" />
                <Precinct name="Montezuma 4" votes="290" />
                <Precinct name="Montezuma 5" votes="287" />
            </VoteType>
            <VoteType name="Absentee by Mail" votes="200">
                <Precinct name="Ideal" votes="34" />
                <Precinct name="Oglethorpe" votes="33" />
                <Precinct name="Marshallville" votes="30" />
                <Precinct name="Montezuma 4" votes="48" />
                <Precinct name="Montezuma 5" votes="55" />
            </VoteType>
            <VoteType name="Advance in Person" votes="1695">
                <Precinct name="Ideal" votes="364" />
                <Precinct name="Oglethorpe" votes="427" />
                <Precinct name="Marshallville" votes="163" />
                <Precinct name="Montezuma 4" votes="429" />
                <Precinct name="Montezuma 5" votes="312" />
            </VoteType>
            <VoteType name="Provisional" votes="0">
                <Precinct name="Ideal" votes="0" />
                <Precinct name="Oglethorpe" votes="0" />
                <Precinct name="Marshallville" votes="0" />
                <Precinct name="Montezuma 4" votes="0" />
                <Precinct name="Montezuma 5" votes="0" />
            </VoteType>
        </Choice>
    </Contest>
    <Contest key="240" text="CC, D2" isQuestion="false" precinctsReporting="1" precinctsReported="1">
        <VoteType name="Number of Precincts for Race" votes="1">
            <Precinct name="Oglethorpe" votes="1" />
        </VoteType>
        <VoteType name="Number of Precincts Reporting" votes="1">
            <Precinct name="Oglethorpe" votes="1" />
        </VoteType>
        <Choice key="10" text="B. HAUGABOOK (I) D" totalVotes="643">
            <VoteType name="Election Day" votes="199">
                <Precinct name="Oglethorpe" votes="199" />
            </VoteType>
            <VoteType name="Absentee by Mail" votes="28">
                <Precinct name="Oglethorpe" votes="28" />
            </VoteType>
            <VoteType name="Advance in Person" votes="416">
                <Precinct name="Oglethorpe" votes="416" />
            </VoteType>
            <VoteType name="Provisional" votes="0">
                <Precinct name="Oglethorpe" votes="0" />
            </VoteType>
        </Choice>
    </Contest>
    <Contest key="260" text="CC, D4" isQuestion="false" precinctsReporting="1" precinctsReported="1">
        <VoteType name="Number of Precincts for Race" votes="1">
            <Precinct name="Montezuma 4" votes="1" />
        </VoteType>
        <VoteType name="Number of Precincts Reporting" votes="1">
            <Precinct name="Montezuma 4" votes="1" />
        </VoteType>
        <Choice key="10" text="M. GEORGE (I) D" totalVotes="750">
            <VoteType name="Election Day" votes="289">
                <Precinct name="Montezuma 4" votes="289" />
            </VoteType>
            <VoteType name="Absentee by Mail" votes="40">
                <Precinct name="Montezuma 4" votes="40" />
            </VoteType>
            <VoteType name="Advance in Person" votes="421">
                <Precinct name="Montezuma 4" votes="421" />
            </VoteType>
            <VoteType name="Provisional" votes="0">
                <Precinct name="Montezuma 4" votes="0" />
            </VoteType>
        </Choice>
    </Contest>
    <Contest key="280" text="BOE, D3" isQuestion="false" precinctsReporting="1" precinctsReported="1">
        <VoteType name="Number of Precincts for Race" votes="1">
            <Precinct name="Marshallville" votes="1" />
        </VoteType>
        <VoteType name="Number of Precincts Reporting" votes="1">
            <Precinct name="Marshallville" votes="1" />
        </VoteType>
        <Choice key="10" text="E. FELTON (I) D" totalVotes="655">
            <VoteType name="Election Day" votes="462">
                <Precinct name="Marshallville" votes="462" />
            </VoteType>
            <VoteType name="Absentee by Mail" votes="26">
                <Precinct name="Marshallville" votes="26" />
            </VoteType>
            <VoteType name="Advance in Person" votes="167">
                <Precinct name="Marshallville" votes="167" />
            </VoteType>
            <VoteType name="Provisional" votes="0">
                <Precinct name="Marshallville" votes="0" />
            </VoteType>
        </Choice>
    </Contest>
    <Contest key="300" text="BOE, D5" isQuestion="false" precinctsReporting="1" precinctsReported="1">
        <VoteType name="Number of Precincts for Race" votes="1">
            <Precinct name="Montezuma 5" votes="1" />
        </VoteType>
        <VoteType name="Number of Precincts Reporting" votes="1">
            <Precinct name="Montezuma 5" votes="1" />
        </VoteType>
        <Choice key="10" text="D. BURNAM (D)" totalVotes="656">
            <VoteType name="Election Day" votes="291">
                <Precinct name="Montezuma 5" votes="291" />
            </VoteType>
            <VoteType name="Absentee by Mail" votes="51">
                <Precinct name="Montezuma 5" votes="51" />
            </VoteType>
            <VoteType name="Advance in Person" votes="314">
                <Precinct name="Montezuma 5" votes="314" />
            </VoteType>
            <VoteType name="Provisional" votes="0">
                <Precinct name="Montezuma 5" votes="0" />
            </VoteType>
        </Choice>
    </Contest>
    <Contest key="310" text="Constitutional Amendment #1&lt;br&gt;Provides greater flexibility and state accountability to fix failing schools through increasing community involvement." isQuestion="false" precinctsReporting="5" precinctsReported="5">
        <VoteType name="Number of Precincts for Race" votes="5">
            <Precinct name="Ideal" votes="1" />
            <Precinct name="Oglethorpe" votes="1" />
            <Precinct name="Marshallville" votes="1" />
            <Precinct name="Montezuma 4" votes="1" />
            <Precinct name="Montezuma 5" votes="1" />
        </VoteType>
        <VoteType name="Number of Precincts Reporting" votes="5">
            <Precinct name="Ideal" votes="1" />
            <Precinct name="Oglethorpe" votes="1" />
            <Precinct name="Marshallville" votes="1" />
            <Precinct name="Montezuma 4" votes="1" />
            <Precinct name="Montezuma 5" votes="1" />
        </VoteType>
        <Choice key="10" text="YES" totalVotes="1712">
            <VoteType name="Election Day" votes="749">
                <Precinct name="Ideal" votes="115" />
                <Precinct name="Oglethorpe" votes="111" />
                <Precinct name="Marshallville" votes="214" />
                <Precinct name="Montezuma 4" votes="150" />
                <Precinct name="Montezuma 5" votes="159" />
            </VoteType>
            <VoteType name="Absentee by Mail" votes="120">
                <Precinct name="Ideal" votes="27" />
                <Precinct name="Oglethorpe" votes="20" />
                <Precinct name="Marshallville" votes="25" />
                <Precinct name="Montezuma 4" votes="24" />
                <Precinct name="Montezuma 5" votes="24" />
            </VoteType>
            <VoteType name="Advance in Person" votes="843">
                <Precinct name="Ideal" votes="167" />
                <Precinct name="Oglethorpe" votes="220" />
                <Precinct name="Marshallville" votes="90" />
                <Precinct name="Montezuma 4" votes="207" />
                <Precinct name="Montezuma 5" votes="159" />
            </VoteType>
            <VoteType name="Provisional" votes="0">
                <Precinct name="Ideal" votes="0" />
                <Precinct name="Oglethorpe" votes="0" />
                <Precinct name="Marshallville" votes="0" />
                <Precinct name="Montezuma 4" votes="0" />
                <Precinct name="Montezuma 5" votes="0" />
            </VoteType>
        </Choice>
        <Choice key="20" text="NO" totalVotes="2263">
            <VoteType name="Election Day" votes="971">
                <Precinct name="Ideal" votes="187" />
                <Precinct name="Oglethorpe" votes="112" />
                <Precinct name="Marshallville" votes="323" />
                <Precinct name="Montezuma 4" votes="183" />
                <Precinct name="Montezuma 5" votes="166" />
            </VoteType>
            <VoteType name="Absentee by Mail" votes="109">
                <Precinct name="Ideal" votes="15" />
                <Precinct name="Oglethorpe" votes="19" />
                <Precinct name="Marshallville" votes="12" />
                <Precinct name="Montezuma 4" votes="28" />
                <Precinct name="Montezuma 5" votes="35" />
            </VoteType>
            <VoteType name="Advance in Person" votes="1183">
                <Precinct name="Ideal" votes="283" />
                <Precinct name="Oglethorpe" votes="250" />
                <Precinct name="Marshallville" votes="139" />
                <Precinct name="Montezuma 4" votes="309" />
                <Precinct name="Montezuma 5" votes="202" />
            </VoteType>
            <VoteType name="Provisional" votes="0">
                <Precinct name="Ideal" votes="0" />
                <Precinct name="Oglethorpe" votes="0" />
                <Precinct name="Marshallville" votes="0" />
                <Precinct name="Montezuma 4" votes="0" />
                <Precinct name="Montezuma 5" votes="0" />
            </VoteType>
        </Choice>
    </Contest>
    <Contest key="320" text="Constitutional Amendment #2&lt;br&gt;Authorizes penalties for sexual exploitation and assessments on adult entertainment to fund child victims' services." isQuestion="false" precinctsReporting="5" precinctsReported="5">
        <VoteType name="Number of Precincts for Race" votes="5">
            <Precinct name="Ideal" votes="1" />
            <Precinct name="Oglethorpe" votes="1" />
            <Precinct name="Marshallville" votes="1" />
            <Precinct name="Montezuma 4" votes="1" />
            <Precinct name="Montezuma 5" votes="1" />
        </VoteType>
        <VoteType name="Number of Precincts Reporting" votes="5">
            <Precinct name="Ideal" votes="1" />
            <Precinct name="Oglethorpe" votes="1" />
            <Precinct name="Marshallville" votes="1" />
            <Precinct name="Montezuma 4" votes="1" />
            <Precinct name="Montezuma 5" votes="1" />
        </VoteType>
        <Choice key="10" text="YES" totalVotes="3042">
            <VoteType name="Election Day" votes="1297">
                <Precinct name="Ideal" votes="224" />
                <Precinct name="Oglethorpe" votes="174" />
                <Precinct name="Marshallville" votes="417" />
                <Precinct name="Montezuma 4" votes="243" />
                <Precinct name="Montezuma 5" votes="239" />
            </VoteType>
            <VoteType name="Absentee by Mail" votes="187">
                <Precinct name="Ideal" votes="39" />
                <Precinct name="Oglethorpe" votes="25" />
                <Precinct name="Marshallville" votes="33" />
                <Precinct name="Montezuma 4" votes="41" />
                <Precinct name="Montezuma 5" votes="49" />
            </VoteType>
            <VoteType name="Advance in Person" votes="1558">
                <Precinct name="Ideal" votes="358" />
                <Precinct name="Oglethorpe" votes="352" />
                <Precinct name="Marshallville" votes="177" />
                <Precinct name="Montezuma 4" votes="399" />
                <Precinct name="Montezuma 5" votes="272" />
            </VoteType>
            <VoteType name="Provisional" votes="0">
                <Precinct name="Ideal" votes="0" />
                <Precinct name="Oglethorpe" votes="0" />
                <Precinct name="Marshallville" votes="0" />
                <Precinct name="Montezuma 4" votes="0" />
                <Precinct name="Montezuma 5" votes="0" />
            </VoteType>
        </Choice>
        <Choice key="20" text="NO" totalVotes="812">
            <VoteType name="Election Day" votes="383">
                <Precinct name="Ideal" votes="73" />
                <Precinct name="Oglethorpe" votes="44" />
                <Precinct name="Marshallville" votes="110" />
                <Precinct name="Montezuma 4" votes="77" />
                <Precinct name="Montezuma 5" votes="79" />
            </VoteType>
            <VoteType name="Absentee by Mail" votes="36">
                <Precinct name="Ideal" votes="3" />
                <Precinct name="Oglethorpe" votes="8" />
                <Precinct name="Marshallville" votes="3" />
                <Precinct name="Montezuma 4" votes="12" />
                <Precinct name="Montezuma 5" votes="10" />
            </VoteType>
            <VoteType name="Advance in Person" votes="393">
                <Precinct name="Ideal" votes="92" />
                <Precinct name="Oglethorpe" votes="98" />
                <Precinct name="Marshallville" votes="43" />
                <Precinct name="Montezuma 4" votes="86" />
                <Precinct name="Montezuma 5" votes="74" />
            </VoteType>
            <VoteType name="Provisional" votes="0">
                <Precinct name="Ideal" votes="0" />
                <Precinct name="Oglethorpe" votes="0" />
                <Precinct name="Marshallville" votes="0" />
                <Precinct name="Montezuma 4" votes="0" />
                <Precinct name="Montezuma 5" votes="0" />
            </VoteType>
        </Choice>
    </Contest>
    <Contest key="330" text="Constitutional Amendment #3&lt;br&gt;Reforms and re-establishes the Judicial Qualifications Commission and provides for its composition, governance, and powers." isQuestion="false" precinctsReporting="5" precinctsReported="5">
        <VoteType name="Number of Precincts for Race" votes="5">
            <Precinct name="Ideal" votes="1" />
            <Precinct name="Oglethorpe" votes="1" />
            <Precinct name="Marshallville" votes="1" />
            <Precinct name="Montezuma 4" votes="1" />
            <Precinct name="Montezuma 5" votes="1" />
        </VoteType>
        <VoteType name="Number of Precincts Reporting" votes="5">
            <Precinct name="Ideal" votes="1" />
            <Precinct name="Oglethorpe" votes="1" />
            <Precinct name="Marshallville" votes="1" />
            <Precinct name="Montezuma 4" votes="1" />
            <Precinct name="Montezuma 5" votes="1" />
        </VoteType>
        <Choice key="10" text="YES" totalVotes="2307">
            <VoteType name="Election Day" votes="1037">
                <Precinct name="Ideal" votes="181" />
                <Precinct name="Oglethorpe" votes="150" />
                <Precinct name="Marshallville" votes="309" />
                <Precinct name="Montezuma 4" votes="202" />
                <Precinct name="Montezuma 5" votes="195" />
            </VoteType>
            <VoteType name="Absentee by Mail" votes="139">
                <Precinct name="Ideal" votes="25" />
                <Precinct name="Oglethorpe" votes="23" />
                <Precinct name="Marshallville" votes="27" />
                <Precinct name="Montezuma 4" votes="31" />
                <Precinct name="Montezuma 5" votes="33" />
            </VoteType>
            <VoteType name="Advance in Person" votes="1131">
                <Precinct name="Ideal" votes="248" />
                <Precinct name="Oglethorpe" votes="279" />
                <Precinct name="Marshallville" votes="135" />
                <Precinct name="Montezuma 4" votes="279" />
                <Precinct name="Montezuma 5" votes="190" />
            </VoteType>
            <VoteType name="Provisional" votes="0">
                <Precinct name="Ideal" votes="0" />
                <Precinct name="Oglethorpe" votes="0" />
                <Precinct name="Marshallville" votes="0" />
                <Precinct name="Montezuma 4" votes="0" />
                <Precinct name="Montezuma 5" votes="0" />
            </VoteType>
        </Choice>
        <Choice key="20" text="NO" totalVotes="1334">
            <VoteType name="Election Day" votes="554">
                <Precinct name="Ideal" votes="105" />
                <Precinct name="Oglethorpe" votes="55" />
                <Precinct name="Marshallville" votes="188" />
                <Precinct name="Montezuma 4" votes="103" />
                <Precinct name="Montezuma 5" votes="103" />
            </VoteType>
            <VoteType name="Absentee by Mail" votes="74">
                <Precinct name="Ideal" votes="15" />
                <Precinct name="Oglethorpe" votes="11" />
                <Precinct name="Marshallville" votes="6" />
                <Precinct name="Montezuma 4" votes="16" />
                <Precinct name="Montezuma 5" votes="26" />
            </VoteType>
            <VoteType name="Advance in Person" votes="706">
                <Precinct name="Ideal" votes="173" />
                <Precinct name="Oglethorpe" votes="152" />
                <Precinct name="Marshallville" votes="73" />
                <Precinct name="Montezuma 4" votes="183" />
                <Precinct name="Montezuma 5" votes="125" />
            </VoteType>
            <VoteType name="Provisional" votes="0">
                <Precinct name="Ideal" votes="0" />
                <Precinct name="Oglethorpe" votes="0" />
                <Precinct name="Marshallville" votes="0" />
                <Precinct name="Montezuma 4" votes="0" />
                <Precinct name="Montezuma 5" votes="0" />
            </VoteType>
        </Choice>
    </Contest>
    <Contest key="340" text="Constitutional Amendment #4&lt;br&gt;Dedicates revenue from existing taxes on fireworks to trauma care, fire services, and public safety." isQuestion="false" precinctsReporting="5" precinctsReported="5">
        <VoteType name="Number of Precincts for Race" votes="5">
            <Precinct name="Ideal" votes="1" />
            <Precinct name="Oglethorpe" votes="1" />
            <Precinct name="Marshallville" votes="1" />
            <Precinct name="Montezuma 4" votes="1" />
            <Precinct name="Montezuma 5" votes="1" />
        </VoteType>
        <VoteType name="Number of Precincts Reporting" votes="5">
            <Precinct name="Ideal" votes="1" />
            <Precinct name="Oglethorpe" votes="1" />
            <Precinct name="Marshallville" votes="1" />
            <Precinct name="Montezuma 4" votes="1" />
            <Precinct name="Montezuma 5" votes="1" />
        </VoteType>
        <Choice key="10" text="YES" totalVotes="2951">
            <VoteType name="Election Day" votes="1276">
                <Precinct name="Ideal" votes="232" />
                <Precinct name="Oglethorpe" votes="172" />
                <Precinct name="Marshallville" votes="404" />
                <Precinct name="Montezuma 4" votes="241" />
                <Precinct name="Montezuma 5" votes="227" />
            </VoteType>
            <VoteType name="Absentee by Mail" votes="187">
                <Precinct name="Ideal" votes="34" />
                <Precinct name="Oglethorpe" votes="28" />
                <Precinct name="Marshallville" votes="31" />
                <Precinct name="Montezuma 4" votes="41" />
                <Precinct name="Montezuma 5" votes="53" />
            </VoteType>
            <VoteType name="Advance in Person" votes="1488">
                <Precinct name="Ideal" votes="341" />
                <Precinct name="Oglethorpe" votes="339" />
                <Precinct name="Marshallville" votes="182" />
                <Precinct name="Montezuma 4" votes="377" />
                <Precinct name="Montezuma 5" votes="249" />
            </VoteType>
            <VoteType name="Provisional" votes="0">
                <Precinct name="Ideal" votes="0" />
                <Precinct name="Oglethorpe" votes="0" />
                <Precinct name="Marshallville" votes="0" />
                <Precinct name="Montezuma 4" votes="0" />
                <Precinct name="Montezuma 5" votes="0" />
            </VoteType>
        </Choice>
        <Choice key="20" text="NO" totalVotes="860">
            <VoteType name="Election Day" votes="379">
                <Precinct name="Ideal" votes="73" />
                <Precinct name="Oglethorpe" votes="42" />
                <Precinct name="Marshallville" votes="113" />
                <Precinct name="Montezuma 4" votes="74" />
                <Precinct name="Montezuma 5" votes="77" />
            </VoteType>
            <VoteType name="Absentee by Mail" votes="34">
                <Precinct name="Ideal" votes="6" />
                <Precinct name="Oglethorpe" votes="7" />
                <Precinct name="Marshallville" votes="4" />
                <Precinct name="Montezuma 4" votes="11" />
                <Precinct name="Montezuma 5" votes="6" />
            </VoteType>
            <VoteType name="Advance in Person" votes="447">
                <Precinct name="Ideal" votes="110" />
                <Precinct name="Oglethorpe" votes="104" />
                <Precinct name="Marshallville" votes="39" />
                <Precinct name="Montezuma 4" votes="110" />
                <Precinct name="Montezuma 5" votes="84" />
            </VoteType>
            <VoteType name="Provisional" votes="0">
                <Precinct name="Ideal" votes="0" />
                <Precinct name="Oglethorpe" votes="0" />
                <Precinct name="Marshallville" votes="0" />
                <Precinct name="Montezuma 4" votes="0" />
                <Precinct name="Montezuma 5" votes="0" />
            </VoteType>
        </Choice>
    </Contest>
</ElectionResult>