<?xml version="1.0"?>
<!--Election result snapshot imported from Tabulation System
-->
<ElectionResult>
    <Timestamp>11/14/2016 11:30:05 AM EST</Timestamp>
    <ElectionName>November 8, 2016 - General Election</ElectionName>
    <ElectionDate>11/8/2016</ElectionDate>
    <Region>Pike</Region>
    <VoterTurnout totalVoters="10620" ballotsCast="8793" voterTurnout="82.80">
        <Precincts>
            <Precinct name="Concord" totalVoters="1100" ballotsCast="900" voterTurnout="81.82" percentReporting="4" />
            <Precinct name="Hollonville" totalVoters="1359" ballotsCast="1134" voterTurnout="83.44" percentReporting="4" />
            <Precinct name="Meansville" totalVoters="1055" ballotsCast="877" voterTurnout="83.13" percentReporting="4" />
            <Precinct name="Molena" totalVoters="1160" ballotsCast="985" voterTurnout="84.91" percentReporting="4" />
            <Precinct name="Second District" totalVoters="2004" ballotsCast="1714" voterTurnout="85.53" percentReporting="4" />
            <Precinct name="Lifsey Springs" totalVoters="892" ballotsCast="746" voterTurnout="83.63" percentReporting="4" />
            <Precinct name="Williamson" totalVoters="1312" ballotsCast="1062" voterTurnout="80.95" percentReporting="4" />
            <Precinct name="Zebulon" totalVoters="1738" ballotsCast="1375" voterTurnout="79.11" percentReporting="4" />
        </Precincts>
    </VoterTurnout>
    <Contest key="10" text="President of the United States" isQuestion="false" precinctsReporting="8" precinctsReported="8">
        <VoteType name="Number of Precincts for Race" votes="8">
            <Precinct name="Concord" votes="1" />
            <Precinct name="Hollonville" votes="1" />
            <Precinct name="Meansville" votes="1" />
            <Precinct name="Molena" votes="1" />
            <Precinct name="Second District" votes="1" />
            <Precinct name="Lifsey Springs" votes="1" />
            <Precinct name="Williamson" votes="1" />
            <Precinct name="Zebulon" votes="1" />
        </VoteType>
        <VoteType name="Number of Precincts Reporting" votes="8">
            <Precinct name="Concord" votes="1" />
            <Precinct name="Hollonville" votes="1" />
            <Precinct name="Meansville" votes="1" />
            <Precinct name="Molena" votes="1" />
            <Precinct name="Second District" votes="1" />
            <Precinct name="Lifsey Springs" votes="1" />
            <Precinct name="Williamson" votes="1" />
            <Precinct name="Zebulon" votes="1" />
        </VoteType>
        <Choice key="10" text="DONALD J. TRUMP" totalVotes="7278">
            <VoteType name="Election Day" votes="2649">
                <Precinct name="Concord" votes="285" />
                <Precinct name="Hollonville" votes="435" />
                <Precinct name="Meansville" votes="294" />
                <Precinct name="Molena" votes="343" />
                <Precinct name="Second District" votes="473" />
                <Precinct name="Lifsey Springs" votes="242" />
                <Precinct name="Williamson" votes="345" />
                <Precinct name="Zebulon" votes="232" />
            </VoteType>
            <VoteType name="Absentee by Mail" votes="280">
                <Precinct name="Concord" votes="23" />
                <Precinct name="Hollonville" votes="34" />
                <Precinct name="Meansville" votes="36" />
                <Precinct name="Molena" votes="17" />
                <Precinct name="Second District" votes="61" />
                <Precinct name="Lifsey Springs" votes="25" />
                <Precinct name="Williamson" votes="49" />
                <Precinct name="Zebulon" votes="35" />
            </VoteType>
            <VoteType name="Advance in Person" votes="4344">
                <Precinct name="Concord" votes="381" />
                <Precinct name="Hollonville" votes="532" />
                <Precinct name="Meansville" votes="435" />
                <Precinct name="Molena" votes="409" />
                <Precinct name="Second District" votes="947" />
                <Precinct name="Lifsey Springs" votes="368" />
                <Precinct name="Williamson" votes="523" />
                <Precinct name="Zebulon" votes="749" />
            </VoteType>
            <VoteType name="Provisional" votes="5">
                <Precinct name="Concord" votes="1" />
                <Precinct name="Hollonville" votes="0" />
                <Precinct name="Meansville" votes="1" />
                <Precinct name="Molena" votes="1" />
                <Precinct name="Second District" votes="2" />
                <Precinct name="Lifsey Springs" votes="0" />
                <Precinct name="Williamson" votes="0" />
                <Precinct name="Zebulon" votes="0" />
            </VoteType>
        </Choice>
        <Choice key="20" text="HILLARY CLINTON" totalVotes="1240">
            <VoteType name="Election Day" votes="471">
                <Precinct name="Concord" votes="89" />
                <Precinct name="Hollonville" votes="35" />
                <Precinct name="Meansville" votes="52" />
                <Precinct name="Molena" votes="94" />
                <Precinct name="Second District" votes="56" />
                <Precinct name="Lifsey Springs" votes="36" />
                <Precinct name="Williamson" votes="40" />
                <Precinct name="Zebulon" votes="69" />
            </VoteType>
            <VoteType name="Absentee by Mail" votes="77">
                <Precinct name="Concord" votes="4" />
                <Precinct name="Hollonville" votes="3" />
                <Precinct name="Meansville" votes="4" />
                <Precinct name="Molena" votes="13" />
                <Precinct name="Second District" votes="8" />
                <Precinct name="Lifsey Springs" votes="2" />
                <Precinct name="Williamson" votes="6" />
                <Precinct name="Zebulon" votes="37" />
            </VoteType>
            <VoteType name="Advance in Person" votes="691">
                <Precinct name="Concord" votes="90" />
                <Precinct name="Hollonville" votes="59" />
                <Precinct name="Meansville" votes="34" />
                <Precinct name="Molena" votes="69" />
                <Precinct name="Second District" votes="114" />
                <Precinct name="Lifsey Springs" votes="49" />
                <Precinct name="Williamson" votes="72" />
                <Precinct name="Zebulon" votes="204" />
            </VoteType>
            <VoteType name="Provisional" votes="1">
                <Precinct name="Concord" votes="0" />
                <Precinct name="Hollonville" votes="0" />
                <Precinct name="Meansville" votes="0" />
                <Precinct name="Molena" votes="0" />
                <Precinct name="Second District" votes="0" />
                <Precinct name="Lifsey Springs" votes="1" />
                <Precinct name="Williamson" votes="0" />
                <Precinct name="Zebulon" votes="0" />
            </VoteType>
        </Choice>
        <Choice key="30" text="GARY JOHNSON" totalVotes="163">
            <VoteType name="Election Day" votes="84">
                <Precinct name="Concord" votes="6" />
                <Precinct name="Hollonville" votes="13" />
                <Precinct name="Meansville" votes="6" />
                <Precinct name="Molena" votes="11" />
                <Precinct name="Second District" votes="12" />
                <Precinct name="Lifsey Springs" votes="8" />
                <Precinct name="Williamson" votes="12" />
                <Precinct name="Zebulon" votes="16" />
            </VoteType>
            <VoteType name="Absentee by Mail" votes="10">
                <Precinct name="Concord" votes="0" />
                <Precinct name="Hollonville" votes="1" />
                <Precinct name="Meansville" votes="0" />
                <Precinct name="Molena" votes="1" />
                <Precinct name="Second District" votes="4" />
                <Precinct name="Lifsey Springs" votes="2" />
                <Precinct name="Williamson" votes="0" />
                <Precinct name="Zebulon" votes="2" />
            </VoteType>
            <VoteType name="Advance in Person" votes="69">
                <Precinct name="Concord" votes="7" />
                <Precinct name="Hollonville" votes="6" />
                <Precinct name="Meansville" votes="4" />
                <Precinct name="Molena" votes="12" />
                <Precinct name="Second District" votes="12" />
                <Precinct name="Lifsey Springs" votes="5" />
                <Precinct name="Williamson" votes="7" />
                <Precinct name="Zebulon" votes="16" />
            </VoteType>
            <VoteType name="Provisional" votes="0">
                <Precinct name="Concord" votes="0" />
                <Precinct name="Hollonville" votes="0" />
                <Precinct name="Meansville" votes="0" />
                <Precinct name="Molena" votes="0" />
                <Precinct name="Second District" votes="0" />
                <Precinct name="Lifsey Springs" votes="0" />
                <Precinct name="Williamson" votes="0" />
                <Precinct name="Zebulon" votes="0" />
            </VoteType>
        </Choice>
    </Contest>
    <Contest key="20" text="United States Senator, Isakson" isQuestion="false" precinctsReporting="8" precinctsReported="8">
        <VoteType name="Number of Precincts for Race" votes="8">
            <Precinct name="Concord" votes="1" />
            <Precinct name="Hollonville" votes="1" />
            <Precinct name="Meansville" votes="1" />
            <Precinct name="Molena" votes="1" />
            <Precinct name="Second District" votes="1" />
            <Precinct name="Lifsey Springs" votes="1" />
            <Precinct name="Williamson" votes="1" />
            <Precinct name="Zebulon" votes="1" />
        </VoteType>
        <VoteType name="Number of Precincts Reporting" votes="8">
            <Precinct name="Concord" votes="1" />
            <Precinct name="Hollonville" votes="1" />
            <Precinct name="Meansville" votes="1" />
            <Precinct name="Molena" votes="1" />
            <Precinct name="Second District" votes="1" />
            <Precinct name="Lifsey Springs" votes="1" />
            <Precinct name="Williamson" votes="1" />
            <Precinct name="Zebulon" votes="1" />
        </VoteType>
        <Choice key="10" text="JOHNNY ISAKSON (I)" totalVotes="6913">
            <VoteType name="Election Day" votes="2532">
                <Precinct name="Concord" votes="283" />
                <Precinct name="Hollonville" votes="410" />
                <Precinct name="Meansville" votes="284" />
                <Precinct name="Molena" votes="315" />
                <Precinct name="Second District" votes="454" />
                <Precinct name="Lifsey Springs" votes="237" />
                <Precinct name="Williamson" votes="325" />
                <Precinct name="Zebulon" votes="224" />
            </VoteType>
            <VoteType name="Absentee by Mail" votes="286">
                <Precinct name="Concord" votes="22" />
                <Precinct name="Hollonville" votes="36" />
                <Precinct name="Meansville" votes="35" />
                <Precinct name="Molena" votes="18" />
                <Precinct name="Second District" votes="65" />
                <Precinct name="Lifsey Springs" votes="24" />
                <Precinct name="Williamson" votes="47" />
                <Precinct name="Zebulon" votes="39" />
            </VoteType>
            <VoteType name="Advance in Person" votes="4089">
                <Precinct name="Concord" votes="359" />
                <Precinct name="Hollonville" votes="497" />
                <Precinct name="Meansville" votes="411" />
                <Precinct name="Molena" votes="382" />
                <Precinct name="Second District" votes="880" />
                <Precinct name="Lifsey Springs" votes="351" />
                <Precinct name="Williamson" votes="489" />
                <Precinct name="Zebulon" votes="720" />
            </VoteType>
            <VoteType name="Provisional" votes="6">
                <Precinct name="Concord" votes="1" />
                <Precinct name="Hollonville" votes="0" />
                <Precinct name="Meansville" votes="1" />
                <Precinct name="Molena" votes="1" />
                <Precinct name="Second District" votes="2" />
                <Precinct name="Lifsey Springs" votes="1" />
                <Precinct name="Williamson" votes="0" />
                <Precinct name="Zebulon" votes="0" />
            </VoteType>
        </Choice>
        <Choice key="20" text="JIM BARKSDALE" totalVotes="1101">
            <VoteType name="Election Day" votes="419">
                <Precinct name="Concord" votes="69" />
                <Precinct name="Hollonville" votes="32" />
                <Precinct name="Meansville" votes="44" />
                <Precinct name="Molena" votes="90" />
                <Precinct name="Second District" votes="47" />
                <Precinct name="Lifsey Springs" votes="29" />
                <Precinct name="Williamson" votes="39" />
                <Precinct name="Zebulon" votes="69" />
            </VoteType>
            <VoteType name="Absentee by Mail" votes="69">
                <Precinct name="Concord" votes="5" />
                <Precinct name="Hollonville" votes="0" />
                <Precinct name="Meansville" votes="4" />
                <Precinct name="Molena" votes="11" />
                <Precinct name="Second District" votes="5" />
                <Precinct name="Lifsey Springs" votes="4" />
                <Precinct name="Williamson" votes="6" />
                <Precinct name="Zebulon" votes="34" />
            </VoteType>
            <VoteType name="Advance in Person" votes="613">
                <Precinct name="Concord" votes="79" />
                <Precinct name="Hollonville" votes="57" />
                <Precinct name="Meansville" votes="28" />
                <Precinct name="Molena" votes="67" />
                <Precinct name="Second District" votes="112" />
                <Precinct name="Lifsey Springs" votes="46" />
                <Precinct name="Williamson" votes="69" />
                <Precinct name="Zebulon" votes="155" />
            </VoteType>
            <VoteType name="Provisional" votes="0">
                <Precinct name="Concord" votes="0" />
                <Precinct name="Hollonville" votes="0" />
                <Precinct name="Meansville" votes="0" />
                <Precinct name="Molena" votes="0" />
                <Precinct name="Second District" votes="0" />
                <Precinct name="Lifsey Springs" votes="0" />
                <Precinct name="Williamson" votes="0" />
                <Precinct name="Zebulon" votes="0" />
            </VoteType>
        </Choice>
        <Choice key="30" text="ALLEN BUCKLEY" totalVotes="313">
            <VoteType name="Election Day" votes="143">
                <Precinct name="Concord" votes="13" />
                <Precinct name="Hollonville" votes="22" />
                <Precinct name="Meansville" votes="11" />
                <Precinct name="Molena" votes="23" />
                <Precinct name="Second District" votes="27" />
                <Precinct name="Lifsey Springs" votes="9" />
                <Precinct name="Williamson" votes="18" />
                <Precinct name="Zebulon" votes="20" />
            </VoteType>
            <VoteType name="Absentee by Mail" votes="15">
                <Precinct name="Concord" votes="1" />
                <Precinct name="Hollonville" votes="1" />
                <Precinct name="Meansville" votes="2" />
                <Precinct name="Molena" votes="2" />
                <Precinct name="Second District" votes="4" />
                <Precinct name="Lifsey Springs" votes="1" />
                <Precinct name="Williamson" votes="3" />
                <Precinct name="Zebulon" votes="1" />
            </VoteType>
            <VoteType name="Advance in Person" votes="155">
                <Precinct name="Concord" votes="12" />
                <Precinct name="Hollonville" votes="16" />
                <Precinct name="Meansville" votes="10" />
                <Precinct name="Molena" votes="22" />
                <Precinct name="Second District" votes="36" />
                <Precinct name="Lifsey Springs" votes="11" />
                <Precinct name="Williamson" votes="16" />
                <Precinct name="Zebulon" votes="32" />
            </VoteType>
            <VoteType name="Provisional" votes="0">
                <Precinct name="Concord" votes="0" />
                <Precinct name="Hollonville" votes="0" />
                <Precinct name="Meansville" votes="0" />
                <Precinct name="Molena" votes="0" />
                <Precinct name="Second District" votes="0" />
                <Precinct name="Lifsey Springs" votes="0" />
                <Precinct name="Williamson" votes="0" />
                <Precinct name="Zebulon" votes="0" />
            </VoteType>
        </Choice>
    </Contest>
    <Contest key="30" text="Public Service Commission, District 2 - Eastern" isQuestion="false" precinctsReporting="8" precinctsReported="8">
        <VoteType name="Number of Precincts for Race" votes="8">
            <Precinct name="Concord" votes="1" />
            <Precinct name="Hollonville" votes="1" />
            <Precinct name="Meansville" votes="1" />
            <Precinct name="Molena" votes="1" />
            <Precinct name="Second District" votes="1" />
            <Precinct name="Lifsey Springs" votes="1" />
            <Precinct name="Williamson" votes="1" />
            <Precinct name="Zebulon" votes="1" />
        </VoteType>
        <VoteType name="Number of Precincts Reporting" votes="8">
            <Precinct name="Concord" votes="1" />
            <Precinct name="Hollonville" votes="1" />
            <Precinct name="Meansville" votes="1" />
            <Precinct name="Molena" votes="1" />
            <Precinct name="Second District" votes="1" />
            <Precinct name="Lifsey Springs" votes="1" />
            <Precinct name="Williamson" votes="1" />
            <Precinct name="Zebulon" votes="1" />
        </VoteType>
        <Choice key="10" text="TIM ECHOLS (I)" totalVotes="7067">
            <VoteType name="Election Day" votes="2573">
                <Precinct name="Concord" votes="281" />
                <Precinct name="Hollonville" votes="413" />
                <Precinct name="Meansville" votes="277" />
                <Precinct name="Molena" votes="332" />
                <Precinct name="Second District" votes="456" />
                <Precinct name="Lifsey Springs" votes="235" />
                <Precinct name="Williamson" votes="334" />
                <Precinct name="Zebulon" votes="245" />
            </VoteType>
            <VoteType name="Absentee by Mail" votes="293">
                <Precinct name="Concord" votes="26" />
                <Precinct name="Hollonville" votes="35" />
                <Precinct name="Meansville" votes="37" />
                <Precinct name="Molena" votes="19" />
                <Precinct name="Second District" votes="59" />
                <Precinct name="Lifsey Springs" votes="24" />
                <Precinct name="Williamson" votes="46" />
                <Precinct name="Zebulon" votes="47" />
            </VoteType>
            <VoteType name="Advance in Person" votes="4197">
                <Precinct name="Concord" votes="370" />
                <Precinct name="Hollonville" votes="517" />
                <Precinct name="Meansville" votes="403" />
                <Precinct name="Molena" votes="398" />
                <Precinct name="Second District" votes="903" />
                <Precinct name="Lifsey Springs" votes="356" />
                <Precinct name="Williamson" votes="510" />
                <Precinct name="Zebulon" votes="740" />
            </VoteType>
            <VoteType name="Provisional" votes="4">
                <Precinct name="Concord" votes="0" />
                <Precinct name="Hollonville" votes="0" />
                <Precinct name="Meansville" votes="1" />
                <Precinct name="Molena" votes="1" />
                <Precinct name="Second District" votes="2" />
                <Precinct name="Lifsey Springs" votes="0" />
                <Precinct name="Williamson" votes="0" />
                <Precinct name="Zebulon" votes="0" />
            </VoteType>
        </Choice>
        <Choice key="20" text="ERIC HOSKINS" totalVotes="1038">
            <VoteType name="Election Day" votes="426">
                <Precinct name="Concord" votes="63" />
                <Precinct name="Hollonville" votes="47" />
                <Precinct name="Meansville" votes="48" />
                <Precinct name="Molena" votes="65" />
                <Precinct name="Second District" votes="64" />
                <Precinct name="Lifsey Springs" votes="35" />
                <Precinct name="Williamson" votes="45" />
                <Precinct name="Zebulon" votes="59" />
            </VoteType>
            <VoteType name="Absentee by Mail" votes="57">
                <Precinct name="Concord" votes="3" />
                <Precinct name="Hollonville" votes="2" />
                <Precinct name="Meansville" votes="2" />
                <Precinct name="Molena" votes="6" />
                <Precinct name="Second District" votes="11" />
                <Precinct name="Lifsey Springs" votes="5" />
                <Precinct name="Williamson" votes="6" />
                <Precinct name="Zebulon" votes="22" />
            </VoteType>
            <VoteType name="Advance in Person" votes="555">
                <Precinct name="Concord" votes="64" />
                <Precinct name="Hollonville" votes="44" />
                <Precinct name="Meansville" votes="42" />
                <Precinct name="Molena" votes="59" />
                <Precinct name="Second District" votes="104" />
                <Precinct name="Lifsey Springs" votes="33" />
                <Precinct name="Williamson" votes="72" />
                <Precinct name="Zebulon" votes="137" />
            </VoteType>
            <VoteType name="Provisional" votes="0">
                <Precinct name="Concord" votes="0" />
                <Precinct name="Hollonville" votes="0" />
                <Precinct name="Meansville" votes="0" />
                <Precinct name="Molena" votes="0" />
                <Precinct name="Second District" votes="0" />
                <Precinct name="Lifsey Springs" votes="0" />
                <Precinct name="Williamson" votes="0" />
                <Precinct name="Zebulon" votes="0" />
            </VoteType>
        </Choice>
    </Contest>
    <Contest key="50" text="U.S. Representative, District 3" isQuestion="false" precinctsReporting="8" precinctsReported="8">
        <VoteType name="Number of Precincts for Race" votes="8">
            <Precinct name="Concord" votes="1" />
            <Precinct name="Hollonville" votes="1" />
            <Precinct name="Meansville" votes="1" />
            <Precinct name="Molena" votes="1" />
            <Precinct name="Second District" votes="1" />
            <Precinct name="Lifsey Springs" votes="1" />
            <Precinct name="Williamson" votes="1" />
            <Precinct name="Zebulon" votes="1" />
        </VoteType>
        <VoteType name="Number of Precincts Reporting" votes="8">
            <Precinct name="Concord" votes="1" />
            <Precinct name="Hollonville" votes="1" />
            <Precinct name="Meansville" votes="1" />
            <Precinct name="Molena" votes="1" />
            <Precinct name="Second District" votes="1" />
            <Precinct name="Lifsey Springs" votes="1" />
            <Precinct name="Williamson" votes="1" />
            <Precinct name="Zebulon" votes="1" />
        </VoteType>
        <Choice key="10" text="DREW FERGUSON" totalVotes="7213">
            <VoteType name="Election Day" votes="2648">
                <Precinct name="Concord" votes="286" />
                <Precinct name="Hollonville" votes="432" />
                <Precinct name="Meansville" votes="283" />
                <Precinct name="Molena" votes="339" />
                <Precinct name="Second District" votes="488" />
                <Precinct name="Lifsey Springs" votes="236" />
                <Precinct name="Williamson" votes="338" />
                <Precinct name="Zebulon" votes="246" />
            </VoteType>
            <VoteType name="Absentee by Mail" votes="297">
                <Precinct name="Concord" votes="23" />
                <Precinct name="Hollonville" votes="38" />
                <Precinct name="Meansville" votes="35" />
                <Precinct name="Molena" votes="19" />
                <Precinct name="Second District" votes="65" />
                <Precinct name="Lifsey Springs" votes="27" />
                <Precinct name="Williamson" votes="51" />
                <Precinct name="Zebulon" votes="39" />
            </VoteType>
            <VoteType name="Advance in Person" votes="4263">
                <Precinct name="Concord" votes="381" />
                <Precinct name="Hollonville" votes="519" />
                <Precinct name="Meansville" votes="411" />
                <Precinct name="Molena" votes="404" />
                <Precinct name="Second District" votes="924" />
                <Precinct name="Lifsey Springs" votes="359" />
                <Precinct name="Williamson" votes="520" />
                <Precinct name="Zebulon" votes="745" />
            </VoteType>
            <VoteType name="Provisional" votes="5">
                <Precinct name="Concord" votes="1" />
                <Precinct name="Hollonville" votes="0" />
                <Precinct name="Meansville" votes="1" />
                <Precinct name="Molena" votes="1" />
                <Precinct name="Second District" votes="2" />
                <Precinct name="Lifsey Springs" votes="0" />
                <Precinct name="Williamson" votes="0" />
                <Precinct name="Zebulon" votes="0" />
            </VoteType>
        </Choice>
        <Choice key="20" text="ANGELA PENDLEY" totalVotes="1179">
            <VoteType name="Election Day" votes="454">
                <Precinct name="Concord" votes="76" />
                <Precinct name="Hollonville" votes="33" />
                <Precinct name="Meansville" votes="53" />
                <Precinct name="Molena" votes="85" />
                <Precinct name="Second District" votes="48" />
                <Precinct name="Lifsey Springs" votes="38" />
                <Precinct name="Williamson" votes="49" />
                <Precinct name="Zebulon" votes="72" />
            </VoteType>
            <VoteType name="Absentee by Mail" votes="66">
                <Precinct name="Concord" votes="4" />
                <Precinct name="Hollonville" votes="0" />
                <Precinct name="Meansville" votes="3" />
                <Precinct name="Molena" votes="10" />
                <Precinct name="Second District" votes="7" />
                <Precinct name="Lifsey Springs" votes="2" />
                <Precinct name="Williamson" votes="5" />
                <Precinct name="Zebulon" votes="35" />
            </VoteType>
            <VoteType name="Advance in Person" votes="658">
                <Precinct name="Concord" votes="79" />
                <Precinct name="Hollonville" votes="57" />
                <Precinct name="Meansville" votes="40" />
                <Precinct name="Molena" votes="67" />
                <Precinct name="Second District" votes="115" />
                <Precinct name="Lifsey Springs" votes="42" />
                <Precinct name="Williamson" votes="67" />
                <Precinct name="Zebulon" votes="191" />
            </VoteType>
            <VoteType name="Provisional" votes="1">
                <Precinct name="Concord" votes="0" />
                <Precinct name="Hollonville" votes="0" />
                <Precinct name="Meansville" votes="0" />
                <Precinct name="Molena" votes="0" />
                <Precinct name="Second District" votes="0" />
                <Precinct name="Lifsey Springs" votes="1" />
                <Precinct name="Williamson" votes="0" />
                <Precinct name="Zebulon" votes="0" />
            </VoteType>
        </Choice>
    </Contest>
    <Contest key="60" text="State Senator, District 16" isQuestion="false" precinctsReporting="8" precinctsReported="8">
        <VoteType name="Number of Precincts for Race" votes="8">
            <Precinct name="Concord" votes="1" />
            <Precinct name="Hollonville" votes="1" />
            <Precinct name="Meansville" votes="1" />
            <Precinct name="Molena" votes="1" />
            <Precinct name="Second District" votes="1" />
            <Precinct name="Lifsey Springs" votes="1" />
            <Precinct name="Williamson" votes="1" />
            <Precinct name="Zebulon" votes="1" />
        </VoteType>
        <VoteType name="Number of Precincts Reporting" votes="8">
            <Precinct name="Concord" votes="1" />
            <Precinct name="Hollonville" votes="1" />
            <Precinct name="Meansville" votes="1" />
            <Precinct name="Molena" votes="1" />
            <Precinct name="Second District" votes="1" />
            <Precinct name="Lifsey Springs" votes="1" />
            <Precinct name="Williamson" votes="1" />
            <Precinct name="Zebulon" votes="1" />
        </VoteType>
        <Choice key="10" text="MARTY HARBIN (I)" totalVotes="7669">
            <VoteType name="Election Day" votes="2840">
                <Precinct name="Concord" votes="326" />
                <Precinct name="Hollonville" votes="438" />
                <Precinct name="Meansville" votes="307" />
                <Precinct name="Molena" votes="372" />
                <Precinct name="Second District" votes="505" />
                <Precinct name="Lifsey Springs" votes="250" />
                <Precinct name="Williamson" votes="361" />
                <Precinct name="Zebulon" votes="281" />
            </VoteType>
            <VoteType name="Absentee by Mail" votes="313">
                <Precinct name="Concord" votes="26" />
                <Precinct name="Hollonville" votes="34" />
                <Precinct name="Meansville" votes="36" />
                <Precinct name="Molena" votes="21" />
                <Precinct name="Second District" votes="68" />
                <Precinct name="Lifsey Springs" votes="25" />
                <Precinct name="Williamson" votes="48" />
                <Precinct name="Zebulon" votes="55" />
            </VoteType>
            <VoteType name="Advance in Person" votes="4510">
                <Precinct name="Concord" votes="406" />
                <Precinct name="Hollonville" votes="544" />
                <Precinct name="Meansville" votes="427" />
                <Precinct name="Molena" votes="425" />
                <Precinct name="Second District" votes="963" />
                <Precinct name="Lifsey Springs" votes="372" />
                <Precinct name="Williamson" votes="549" />
                <Precinct name="Zebulon" votes="824" />
            </VoteType>
            <VoteType name="Provisional" votes="6">
                <Precinct name="Concord" votes="1" />
                <Precinct name="Hollonville" votes="0" />
                <Precinct name="Meansville" votes="1" />
                <Precinct name="Molena" votes="1" />
                <Precinct name="Second District" votes="2" />
                <Precinct name="Lifsey Springs" votes="1" />
                <Precinct name="Williamson" votes="0" />
                <Precinct name="Zebulon" votes="0" />
            </VoteType>
        </Choice>
    </Contest>
    <Contest key="70" text="State Representative, District 131" isQuestion="false" precinctsReporting="8" precinctsReported="8">
        <VoteType name="Number of Precincts for Race" votes="8">
            <Precinct name="Concord" votes="1" />
            <Precinct name="Hollonville" votes="1" />
            <Precinct name="Meansville" votes="1" />
            <Precinct name="Molena" votes="1" />
            <Precinct name="Second District" votes="1" />
            <Precinct name="Lifsey Springs" votes="1" />
            <Precinct name="Williamson" votes="1" />
            <Precinct name="Zebulon" votes="1" />
        </VoteType>
        <VoteType name="Number of Precincts Reporting" votes="8">
            <Precinct name="Concord" votes="1" />
            <Precinct name="Hollonville" votes="1" />
            <Precinct name="Meansville" votes="1" />
            <Precinct name="Molena" votes="1" />
            <Precinct name="Second District" votes="1" />
            <Precinct name="Lifsey Springs" votes="1" />
            <Precinct name="Williamson" votes="1" />
            <Precinct name="Zebulon" votes="1" />
        </VoteType>
        <Choice key="10" text="JOHNNIE CALDWELL (I)" totalVotes="7562">
            <VoteType name="Election Day" votes="2828">
                <Precinct name="Concord" votes="323" />
                <Precinct name="Hollonville" votes="441" />
                <Precinct name="Meansville" votes="305" />
                <Precinct name="Molena" votes="368" />
                <Precinct name="Second District" votes="507" />
                <Precinct name="Lifsey Springs" votes="251" />
                <Precinct name="Williamson" votes="356" />
                <Precinct name="Zebulon" votes="277" />
            </VoteType>
            <VoteType name="Absentee by Mail" votes="301">
                <Precinct name="Concord" votes="24" />
                <Precinct name="Hollonville" votes="31" />
                <Precinct name="Meansville" votes="35" />
                <Precinct name="Molena" votes="22" />
                <Precinct name="Second District" votes="65" />
                <Precinct name="Lifsey Springs" votes="22" />
                <Precinct name="Williamson" votes="46" />
                <Precinct name="Zebulon" votes="56" />
            </VoteType>
            <VoteType name="Advance in Person" votes="4429">
                <Precinct name="Concord" votes="399" />
                <Precinct name="Hollonville" votes="537" />
                <Precinct name="Meansville" votes="417" />
                <Precinct name="Molena" votes="418" />
                <Precinct name="Second District" votes="938" />
                <Precinct name="Lifsey Springs" votes="368" />
                <Precinct name="Williamson" votes="535" />
                <Precinct name="Zebulon" votes="817" />
            </VoteType>
            <VoteType name="Provisional" votes="4">
                <Precinct name="Concord" votes="1" />
                <Precinct name="Hollonville" votes="0" />
                <Precinct name="Meansville" votes="0" />
                <Precinct name="Molena" votes="1" />
                <Precinct name="Second District" votes="2" />
                <Precinct name="Lifsey Springs" votes="0" />
                <Precinct name="Williamson" votes="0" />
                <Precinct name="Zebulon" votes="0" />
            </VoteType>
        </Choice>
    </Contest>
    <Contest key="80" text="District Attorney, Griffin Circuit" isQuestion="false" precinctsReporting="8" precinctsReported="8">
        <VoteType name="Number of Precincts for Race" votes="8">
            <Precinct name="Concord" votes="1" />
            <Precinct name="Hollonville" votes="1" />
            <Precinct name="Meansville" votes="1" />
            <Precinct name="Molena" votes="1" />
            <Precinct name="Second District" votes="1" />
            <Precinct name="Lifsey Springs" votes="1" />
            <Precinct name="Williamson" votes="1" />
            <Precinct name="Zebulon" votes="1" />
        </VoteType>
        <VoteType name="Number of Precincts Reporting" votes="8">
            <Precinct name="Concord" votes="1" />
            <Precinct name="Hollonville" votes="1" />
            <Precinct name="Meansville" votes="1" />
            <Precinct name="Molena" votes="1" />
            <Precinct name="Second District" votes="1" />
            <Precinct name="Lifsey Springs" votes="1" />
            <Precinct name="Williamson" votes="1" />
            <Precinct name="Zebulon" votes="1" />
        </VoteType>
        <Choice key="10" text="BEN COKER" totalVotes="7822">
            <VoteType name="Election Day" votes="2906">
                <Precinct name="Concord" votes="334" />
                <Precinct name="Hollonville" votes="453" />
                <Precinct name="Meansville" votes="318" />
                <Precinct name="Molena" votes="379" />
                <Precinct name="Second District" votes="521" />
                <Precinct name="Lifsey Springs" votes="253" />
                <Precinct name="Williamson" votes="363" />
                <Precinct name="Zebulon" votes="285" />
            </VoteType>
            <VoteType name="Absentee by Mail" votes="321">
                <Precinct name="Concord" votes="26" />
                <Precinct name="Hollonville" votes="37" />
                <Precinct name="Meansville" votes="36" />
                <Precinct name="Molena" votes="22" />
                <Precinct name="Second District" votes="69" />
                <Precinct name="Lifsey Springs" votes="27" />
                <Precinct name="Williamson" votes="48" />
                <Precinct name="Zebulon" votes="56" />
            </VoteType>
            <VoteType name="Advance in Person" votes="4590">
                <Precinct name="Concord" votes="419" />
                <Precinct name="Hollonville" votes="545" />
                <Precinct name="Meansville" votes="436" />
                <Precinct name="Molena" votes="425" />
                <Precinct name="Second District" votes="976" />
                <Precinct name="Lifsey Springs" votes="381" />
                <Precinct name="Williamson" votes="556" />
                <Precinct name="Zebulon" votes="852" />
            </VoteType>
            <VoteType name="Provisional" votes="5">
                <Precinct name="Concord" votes="1" />
                <Precinct name="Hollonville" votes="0" />
                <Precinct name="Meansville" votes="0" />
                <Precinct name="Molena" votes="1" />
                <Precinct name="Second District" votes="2" />
                <Precinct name="Lifsey Springs" votes="1" />
                <Precinct name="Williamson" votes="0" />
                <Precinct name="Zebulon" votes="0" />
            </VoteType>
        </Choice>
    </Contest>
    <Contest key="100" text="Clerk of Superior Court" isQuestion="false" precinctsReporting="8" precinctsReported="8">
        <VoteType name="Number of Precincts for Race" votes="8">
            <Precinct name="Concord" votes="1" />
            <Precinct name="Hollonville" votes="1" />
            <Precinct name="Meansville" votes="1" />
            <Precinct name="Molena" votes="1" />
            <Precinct name="Second District" votes="1" />
            <Precinct name="Lifsey Springs" votes="1" />
            <Precinct name="Williamson" votes="1" />
            <Precinct name="Zebulon" votes="1" />
        </VoteType>
        <VoteType name="Number of Precincts Reporting" votes="8">
            <Precinct name="Concord" votes="1" />
            <Precinct name="Hollonville" votes="1" />
            <Precinct name="Meansville" votes="1" />
            <Precinct name="Molena" votes="1" />
            <Precinct name="Second District" votes="1" />
            <Precinct name="Lifsey Springs" votes="1" />
            <Precinct name="Williamson" votes="1" />
            <Precinct name="Zebulon" votes="1" />
        </VoteType>
        <Choice key="10" text="CAROLYN WILLIAMS (R)" totalVotes="7829">
            <VoteType name="Election Day" votes="2923">
                <Precinct name="Concord" votes="340" />
                <Precinct name="Hollonville" votes="449" />
                <Precinct name="Meansville" votes="327" />
                <Precinct name="Molena" votes="381" />
                <Precinct name="Second District" votes="520" />
                <Precinct name="Lifsey Springs" votes="257" />
                <Precinct name="Williamson" votes="364" />
                <Precinct name="Zebulon" votes="285" />
            </VoteType>
            <VoteType name="Absentee by Mail" votes="321">
                <Precinct name="Concord" votes="26" />
                <Precinct name="Hollonville" votes="36" />
                <Precinct name="Meansville" votes="33" />
                <Precinct name="Molena" votes="23" />
                <Precinct name="Second District" votes="67" />
                <Precinct name="Lifsey Springs" votes="25" />
                <Precinct name="Williamson" votes="47" />
                <Precinct name="Zebulon" votes="64" />
            </VoteType>
            <VoteType name="Advance in Person" votes="4581">
                <Precinct name="Concord" votes="417" />
                <Precinct name="Hollonville" votes="549" />
                <Precinct name="Meansville" votes="433" />
                <Precinct name="Molena" votes="424" />
                <Precinct name="Second District" votes="978" />
                <Precinct name="Lifsey Springs" votes="374" />
                <Precinct name="Williamson" votes="548" />
                <Precinct name="Zebulon" votes="858" />
            </VoteType>
            <VoteType name="Provisional" votes="4">
                <Precinct name="Concord" votes="0" />
                <Precinct name="Hollonville" votes="0" />
                <Precinct name="Meansville" votes="0" />
                <Precinct name="Molena" votes="1" />
                <Precinct name="Second District" votes="2" />
                <Precinct name="Lifsey Springs" votes="1" />
                <Precinct name="Williamson" votes="0" />
                <Precinct name="Zebulon" votes="0" />
            </VoteType>
        </Choice>
    </Contest>
    <Contest key="110" text="Sheriff" isQuestion="false" precinctsReporting="8" precinctsReported="8">
        <VoteType name="Number of Precincts for Race" votes="8">
            <Precinct name="Concord" votes="1" />
            <Precinct name="Hollonville" votes="1" />
            <Precinct name="Meansville" votes="1" />
            <Precinct name="Molena" votes="1" />
            <Precinct name="Second District" votes="1" />
            <Precinct name="Lifsey Springs" votes="1" />
            <Precinct name="Williamson" votes="1" />
            <Precinct name="Zebulon" votes="1" />
        </VoteType>
        <VoteType name="Number of Precincts Reporting" votes="8">
            <Precinct name="Concord" votes="1" />
            <Precinct name="Hollonville" votes="1" />
            <Precinct name="Meansville" votes="1" />
            <Precinct name="Molena" votes="1" />
            <Precinct name="Second District" votes="1" />
            <Precinct name="Lifsey Springs" votes="1" />
            <Precinct name="Williamson" votes="1" />
            <Precinct name="Zebulon" votes="1" />
        </VoteType>
        <Choice key="10" text="JIMMY THOMAS (R)" totalVotes="8049">
            <VoteType name="Election Day" votes="2983">
                <Precinct name="Concord" votes="354" />
                <Precinct name="Hollonville" votes="453" />
                <Precinct name="Meansville" votes="333" />
                <Precinct name="Molena" votes="397" />
                <Precinct name="Second District" votes="525" />
                <Precinct name="Lifsey Springs" votes="257" />
                <Precinct name="Williamson" votes="371" />
                <Precinct name="Zebulon" votes="293" />
            </VoteType>
            <VoteType name="Absentee by Mail" votes="328">
                <Precinct name="Concord" votes="26" />
                <Precinct name="Hollonville" votes="35" />
                <Precinct name="Meansville" votes="36" />
                <Precinct name="Molena" votes="23" />
                <Precinct name="Second District" votes="67" />
                <Precinct name="Lifsey Springs" votes="22" />
                <Precinct name="Williamson" votes="50" />
                <Precinct name="Zebulon" votes="69" />
            </VoteType>
            <VoteType name="Advance in Person" votes="4733">
                <Precinct name="Concord" votes="440" />
                <Precinct name="Hollonville" votes="559" />
                <Precinct name="Meansville" votes="453" />
                <Precinct name="Molena" votes="444" />
                <Precinct name="Second District" votes="991" />
                <Precinct name="Lifsey Springs" votes="391" />
                <Precinct name="Williamson" votes="556" />
                <Precinct name="Zebulon" votes="899" />
            </VoteType>
            <VoteType name="Provisional" votes="5">
                <Precinct name="Concord" votes="1" />
                <Precinct name="Hollonville" votes="0" />
                <Precinct name="Meansville" votes="0" />
                <Precinct name="Molena" votes="1" />
                <Precinct name="Second District" votes="2" />
                <Precinct name="Lifsey Springs" votes="1" />
                <Precinct name="Williamson" votes="0" />
                <Precinct name="Zebulon" votes="0" />
            </VoteType>
        </Choice>
    </Contest>
    <Contest key="130" text="Tax Commissioner" isQuestion="false" precinctsReporting="8" precinctsReported="8">
        <VoteType name="Number of Precincts for Race" votes="8">
            <Precinct name="Concord" votes="1" />
            <Precinct name="Hollonville" votes="1" />
            <Precinct name="Meansville" votes="1" />
            <Precinct name="Molena" votes="1" />
            <Precinct name="Second District" votes="1" />
            <Precinct name="Lifsey Springs" votes="1" />
            <Precinct name="Williamson" votes="1" />
            <Precinct name="Zebulon" votes="1" />
        </VoteType>
        <VoteType name="Number of Precincts Reporting" votes="8">
            <Precinct name="Concord" votes="1" />
            <Precinct name="Hollonville" votes="1" />
            <Precinct name="Meansville" votes="1" />
            <Precinct name="Molena" votes="1" />
            <Precinct name="Second District" votes="1" />
            <Precinct name="Lifsey Springs" votes="1" />
            <Precinct name="Williamson" votes="1" />
            <Precinct name="Zebulon" votes="1" />
        </VoteType>
        <Choice key="10" text="D.M. CHAPMAN (I) (R)" totalVotes="7922">
            <VoteType name="Election Day" votes="2933">
                <Precinct name="Concord" votes="343" />
                <Precinct name="Hollonville" votes="451" />
                <Precinct name="Meansville" votes="326" />
                <Precinct name="Molena" votes="386" />
                <Precinct name="Second District" votes="515" />
                <Precinct name="Lifsey Springs" votes="258" />
                <Precinct name="Williamson" votes="371" />
                <Precinct name="Zebulon" votes="283" />
            </VoteType>
            <VoteType name="Absentee by Mail" votes="327">
                <Precinct name="Concord" votes="26" />
                <Precinct name="Hollonville" votes="34" />
                <Precinct name="Meansville" votes="33" />
                <Precinct name="Molena" votes="23" />
                <Precinct name="Second District" votes="67" />
                <Precinct name="Lifsey Springs" votes="26" />
                <Precinct name="Williamson" votes="47" />
                <Precinct name="Zebulon" votes="71" />
            </VoteType>
            <VoteType name="Advance in Person" votes="4657">
                <Precinct name="Concord" votes="427" />
                <Precinct name="Hollonville" votes="558" />
                <Precinct name="Meansville" votes="442" />
                <Precinct name="Molena" votes="433" />
                <Precinct name="Second District" votes="976" />
                <Precinct name="Lifsey Springs" votes="390" />
                <Precinct name="Williamson" votes="557" />
                <Precinct name="Zebulon" votes="874" />
            </VoteType>
            <VoteType name="Provisional" votes="5">
                <Precinct name="Concord" votes="0" />
                <Precinct name="Hollonville" votes="0" />
                <Precinct name="Meansville" votes="1" />
                <Precinct name="Molena" votes="1" />
                <Precinct name="Second District" votes="2" />
                <Precinct name="Lifsey Springs" votes="1" />
                <Precinct name="Williamson" votes="0" />
                <Precinct name="Zebulon" votes="0" />
            </VoteType>
        </Choice>
    </Contest>
    <Contest key="160" text="Coroner" isQuestion="false" precinctsReporting="8" precinctsReported="8">
        <VoteType name="Number of Precincts for Race" votes="8">
            <Precinct name="Concord" votes="1" />
            <Precinct name="Hollonville" votes="1" />
            <Precinct name="Meansville" votes="1" />
            <Precinct name="Molena" votes="1" />
            <Precinct name="Second District" votes="1" />
            <Precinct name="Lifsey Springs" votes="1" />
            <Precinct name="Williamson" votes="1" />
            <Precinct name="Zebulon" votes="1" />
        </VoteType>
        <VoteType name="Number of Precincts Reporting" votes="8">
            <Precinct name="Concord" votes="1" />
            <Precinct name="Hollonville" votes="1" />
            <Precinct name="Meansville" votes="1" />
            <Precinct name="Molena" votes="1" />
            <Precinct name="Second District" votes="1" />
            <Precinct name="Lifsey Springs" votes="1" />
            <Precinct name="Williamson" votes="1" />
            <Precinct name="Zebulon" votes="1" />
        </VoteType>
        <Choice key="10" text="T. MOODY (I) (R)" totalVotes="8024">
            <VoteType name="Election Day" votes="2979">
                <Precinct name="Concord" votes="345" />
                <Precinct name="Hollonville" votes="461" />
                <Precinct name="Meansville" votes="335" />
                <Precinct name="Molena" votes="392" />
                <Precinct name="Second District" votes="520" />
                <Precinct name="Lifsey Springs" votes="264" />
                <Precinct name="Williamson" votes="371" />
                <Precinct name="Zebulon" votes="291" />
            </VoteType>
            <VoteType name="Absentee by Mail" votes="334">
                <Precinct name="Concord" votes="26" />
                <Precinct name="Hollonville" votes="34" />
                <Precinct name="Meansville" votes="38" />
                <Precinct name="Molena" votes="23" />
                <Precinct name="Second District" votes="68" />
                <Precinct name="Lifsey Springs" votes="27" />
                <Precinct name="Williamson" votes="49" />
                <Precinct name="Zebulon" votes="69" />
            </VoteType>
            <VoteType name="Advance in Person" votes="4706">
                <Precinct name="Concord" votes="433" />
                <Precinct name="Hollonville" votes="552" />
                <Precinct name="Meansville" votes="449" />
                <Precinct name="Molena" votes="442" />
                <Precinct name="Second District" votes="987" />
                <Precinct name="Lifsey Springs" votes="391" />
                <Precinct name="Williamson" votes="565" />
                <Precinct name="Zebulon" votes="887" />
            </VoteType>
            <VoteType name="Provisional" votes="5">
                <Precinct name="Concord" votes="0" />
                <Precinct name="Hollonville" votes="0" />
                <Precinct name="Meansville" votes="1" />
                <Precinct name="Molena" votes="1" />
                <Precinct name="Second District" votes="2" />
                <Precinct name="Lifsey Springs" votes="1" />
                <Precinct name="Williamson" votes="0" />
                <Precinct name="Zebulon" votes="0" />
            </VoteType>
        </Choice>
    </Contest>
    <Contest key="170" text="Chief Magistrate" isQuestion="false" precinctsReporting="8" precinctsReported="8">
        <VoteType name="Number of Precincts for Race" votes="8">
            <Precinct name="Concord" votes="1" />
            <Precinct name="Hollonville" votes="1" />
            <Precinct name="Meansville" votes="1" />
            <Precinct name="Molena" votes="1" />
            <Precinct name="Second District" votes="1" />
            <Precinct name="Lifsey Springs" votes="1" />
            <Precinct name="Williamson" votes="1" />
            <Precinct name="Zebulon" votes="1" />
        </VoteType>
        <VoteType name="Number of Precincts Reporting" votes="8">
            <Precinct name="Concord" votes="1" />
            <Precinct name="Hollonville" votes="1" />
            <Precinct name="Meansville" votes="1" />
            <Precinct name="Molena" votes="1" />
            <Precinct name="Second District" votes="1" />
            <Precinct name="Lifsey Springs" votes="1" />
            <Precinct name="Williamson" votes="1" />
            <Precinct name="Zebulon" votes="1" />
        </VoteType>
        <Choice key="10" text="M. C. INGRAM (I) (R)" totalVotes="7733">
            <VoteType name="Election Day" votes="2896">
                <Precinct name="Concord" votes="333" />
                <Precinct name="Hollonville" votes="443" />
                <Precinct name="Meansville" votes="320" />
                <Precinct name="Molena" votes="382" />
                <Precinct name="Second District" votes="514" />
                <Precinct name="Lifsey Springs" votes="255" />
                <Precinct name="Williamson" votes="363" />
                <Precinct name="Zebulon" votes="286" />
            </VoteType>
            <VoteType name="Absentee by Mail" votes="312">
                <Precinct name="Concord" votes="23" />
                <Precinct name="Hollonville" votes="33" />
                <Precinct name="Meansville" votes="33" />
                <Precinct name="Molena" votes="23" />
                <Precinct name="Second District" votes="64" />
                <Precinct name="Lifsey Springs" votes="25" />
                <Precinct name="Williamson" votes="45" />
                <Precinct name="Zebulon" votes="66" />
            </VoteType>
            <VoteType name="Advance in Person" votes="4521">
                <Precinct name="Concord" votes="402" />
                <Precinct name="Hollonville" votes="542" />
                <Precinct name="Meansville" votes="429" />
                <Precinct name="Molena" votes="425" />
                <Precinct name="Second District" votes="954" />
                <Precinct name="Lifsey Springs" votes="371" />
                <Precinct name="Williamson" votes="552" />
                <Precinct name="Zebulon" votes="846" />
            </VoteType>
            <VoteType name="Provisional" votes="4">
                <Precinct name="Concord" votes="0" />
                <Precinct name="Hollonville" votes="0" />
                <Precinct name="Meansville" votes="0" />
                <Precinct name="Molena" votes="1" />
                <Precinct name="Second District" votes="2" />
                <Precinct name="Lifsey Springs" votes="1" />
                <Precinct name="Williamson" votes="0" />
                <Precinct name="Zebulon" votes="0" />
            </VoteType>
        </Choice>
    </Contest>
    <Contest key="180" text="Chairman, County Commission" isQuestion="false" precinctsReporting="8" precinctsReported="8">
        <VoteType name="Number of Precincts for Race" votes="8">
            <Precinct name="Concord" votes="1" />
            <Precinct name="Hollonville" votes="1" />
            <Precinct name="Meansville" votes="1" />
            <Precinct name="Molena" votes="1" />
            <Precinct name="Second District" votes="1" />
            <Precinct name="Lifsey Springs" votes="1" />
            <Precinct name="Williamson" votes="1" />
            <Precinct name="Zebulon" votes="1" />
        </VoteType>
        <VoteType name="Number of Precincts Reporting" votes="8">
            <Precinct name="Concord" votes="1" />
            <Precinct name="Hollonville" votes="1" />
            <Precinct name="Meansville" votes="1" />
            <Precinct name="Molena" votes="1" />
            <Precinct name="Second District" votes="1" />
            <Precinct name="Lifsey Springs" votes="1" />
            <Precinct name="Williamson" votes="1" />
            <Precinct name="Zebulon" votes="1" />
        </VoteType>
        <Choice key="10" text="J.B. JOHNSON (I) (R)" totalVotes="7712">
            <VoteType name="Election Day" votes="2871">
                <Precinct name="Concord" votes="334" />
                <Precinct name="Hollonville" votes="435" />
                <Precinct name="Meansville" votes="318" />
                <Precinct name="Molena" votes="373" />
                <Precinct name="Second District" votes="508" />
                <Precinct name="Lifsey Springs" votes="254" />
                <Precinct name="Williamson" votes="365" />
                <Precinct name="Zebulon" votes="284" />
            </VoteType>
            <VoteType name="Absentee by Mail" votes="313">
                <Precinct name="Concord" votes="26" />
                <Precinct name="Hollonville" votes="35" />
                <Precinct name="Meansville" votes="34" />
                <Precinct name="Molena" votes="22" />
                <Precinct name="Second District" votes="67" />
                <Precinct name="Lifsey Springs" votes="24" />
                <Precinct name="Williamson" votes="48" />
                <Precinct name="Zebulon" votes="57" />
            </VoteType>
            <VoteType name="Advance in Person" votes="4523">
                <Precinct name="Concord" votes="413" />
                <Precinct name="Hollonville" votes="549" />
                <Precinct name="Meansville" votes="428" />
                <Precinct name="Molena" votes="425" />
                <Precinct name="Second District" votes="952" />
                <Precinct name="Lifsey Springs" votes="376" />
                <Precinct name="Williamson" votes="548" />
                <Precinct name="Zebulon" votes="832" />
            </VoteType>
            <VoteType name="Provisional" votes="5">
                <Precinct name="Concord" votes="0" />
                <Precinct name="Hollonville" votes="0" />
                <Precinct name="Meansville" votes="1" />
                <Precinct name="Molena" votes="1" />
                <Precinct name="Second District" votes="2" />
                <Precinct name="Lifsey Springs" votes="1" />
                <Precinct name="Williamson" votes="0" />
                <Precinct name="Zebulon" votes="0" />
            </VoteType>
        </Choice>
    </Contest>
    <Contest key="190" text="County Commission 3" isQuestion="false" precinctsReporting="4" precinctsReported="4">
        <VoteType name="Number of Precincts for Race" votes="4">
            <Precinct name="Meansville" votes="1" />
            <Precinct name="Second District" votes="1" />
            <Precinct name="Lifsey Springs" votes="1" />
            <Precinct name="Zebulon" votes="1" />
        </VoteType>
        <VoteType name="Number of Precincts Reporting" votes="4">
            <Precinct name="Meansville" votes="1" />
            <Precinct name="Second District" votes="1" />
            <Precinct name="Lifsey Springs" votes="1" />
            <Precinct name="Zebulon" votes="1" />
        </VoteType>
        <Choice key="10" text="TOMMY POWERS (I) (R)" totalVotes="1925">
            <VoteType name="Election Day" votes="683">
                <Precinct name="Meansville" votes="312" />
                <Precinct name="Second District" votes="227" />
                <Precinct name="Lifsey Springs" votes="84" />
                <Precinct name="Zebulon" votes="60" />
            </VoteType>
            <VoteType name="Absentee by Mail" votes="83">
                <Precinct name="Meansville" votes="37" />
                <Precinct name="Second District" votes="27" />
                <Precinct name="Lifsey Springs" votes="12" />
                <Precinct name="Zebulon" votes="7" />
            </VoteType>
            <VoteType name="Advance in Person" votes="1157">
                <Precinct name="Meansville" votes="426" />
                <Precinct name="Second District" votes="422" />
                <Precinct name="Lifsey Springs" votes="153" />
                <Precinct name="Zebulon" votes="156" />
            </VoteType>
            <VoteType name="Provisional" votes="2">
                <Precinct name="Meansville" votes="1" />
                <Precinct name="Second District" votes="0" />
                <Precinct name="Lifsey Springs" votes="1" />
                <Precinct name="Zebulon" votes="0" />
            </VoteType>
        </Choice>
    </Contest>
    <Contest key="195" text="County Commission 4" isQuestion="false" precinctsReporting="3" precinctsReported="3">
        <VoteType name="Number of Precincts for Race" votes="3">
            <Precinct name="Hollonville" votes="1" />
            <Precinct name="Second District" votes="1" />
            <Precinct name="Williamson" votes="1" />
        </VoteType>
        <VoteType name="Number of Precincts Reporting" votes="3">
            <Precinct name="Hollonville" votes="1" />
            <Precinct name="Second District" votes="1" />
            <Precinct name="Williamson" votes="1" />
        </VoteType>
        <Choice key="10" text="J. JENKINS (I) (R)" totalVotes="2158">
            <VoteType name="Election Day" votes="792">
                <Precinct name="Hollonville" votes="162" />
                <Precinct name="Second District" votes="277" />
                <Precinct name="Williamson" votes="353" />
            </VoteType>
            <VoteType name="Absentee by Mail" votes="98">
                <Precinct name="Hollonville" votes="15" />
                <Precinct name="Second District" votes="40" />
                <Precinct name="Williamson" votes="43" />
            </VoteType>
            <VoteType name="Advance in Person" votes="1266">
                <Precinct name="Hollonville" votes="218" />
                <Precinct name="Second District" votes="524" />
                <Precinct name="Williamson" votes="524" />
            </VoteType>
            <VoteType name="Provisional" votes="2">
                <Precinct name="Hollonville" votes="0" />
                <Precinct name="Second District" votes="2" />
                <Precinct name="Williamson" votes="0" />
            </VoteType>
        </Choice>
    </Contest>
    <Contest key="196" text="Soil and Water" isQuestion="false" precinctsReporting="8" precinctsReported="8">
        <VoteType name="Number of Precincts for Race" votes="8">
            <Precinct name="Concord" votes="1" />
            <Precinct name="Hollonville" votes="1" />
            <Precinct name="Meansville" votes="1" />
            <Precinct name="Molena" votes="1" />
            <Precinct name="Second District" votes="1" />
            <Precinct name="Lifsey Springs" votes="1" />
            <Precinct name="Williamson" votes="1" />
            <Precinct name="Zebulon" votes="1" />
        </VoteType>
        <VoteType name="Number of Precincts Reporting" votes="8">
            <Precinct name="Concord" votes="1" />
            <Precinct name="Hollonville" votes="1" />
            <Precinct name="Meansville" votes="1" />
            <Precinct name="Molena" votes="1" />
            <Precinct name="Second District" votes="1" />
            <Precinct name="Lifsey Springs" votes="1" />
            <Precinct name="Williamson" votes="1" />
            <Precinct name="Zebulon" votes="1" />
        </VoteType>
        <Choice key="10" text="T. M. LACEY (I)" totalVotes="7564">
            <VoteType name="Election Day" votes="2840">
                <Precinct name="Concord" votes="329" />
                <Precinct name="Hollonville" votes="421" />
                <Precinct name="Meansville" votes="320" />
                <Precinct name="Molena" votes="377" />
                <Precinct name="Second District" votes="501" />
                <Precinct name="Lifsey Springs" votes="249" />
                <Precinct name="Williamson" votes="361" />
                <Precinct name="Zebulon" votes="282" />
            </VoteType>
            <VoteType name="Absentee by Mail" votes="307">
                <Precinct name="Concord" votes="26" />
                <Precinct name="Hollonville" votes="30" />
                <Precinct name="Meansville" votes="34" />
                <Precinct name="Molena" votes="23" />
                <Precinct name="Second District" votes="67" />
                <Precinct name="Lifsey Springs" votes="23" />
                <Precinct name="Williamson" votes="45" />
                <Precinct name="Zebulon" votes="59" />
            </VoteType>
            <VoteType name="Advance in Person" votes="4413">
                <Precinct name="Concord" votes="401" />
                <Precinct name="Hollonville" votes="515" />
                <Precinct name="Meansville" votes="418" />
                <Precinct name="Molena" votes="417" />
                <Precinct name="Second District" votes="936" />
                <Precinct name="Lifsey Springs" votes="364" />
                <Precinct name="Williamson" votes="536" />
                <Precinct name="Zebulon" votes="826" />
            </VoteType>
            <VoteType name="Provisional" votes="4">
                <Precinct name="Concord" votes="0" />
                <Precinct name="Hollonville" votes="0" />
                <Precinct name="Meansville" votes="1" />
                <Precinct name="Molena" votes="1" />
                <Precinct name="Second District" votes="2" />
                <Precinct name="Lifsey Springs" votes="0" />
                <Precinct name="Williamson" votes="0" />
                <Precinct name="Zebulon" votes="0" />
            </VoteType>
        </Choice>
    </Contest>
    <Contest key="200" text="Constitutional Amendment #1&lt;br&gt;Provides greater flexibility and state accountability to fix failing schools through increasing community involvement." isQuestion="false" precinctsReporting="8" precinctsReported="8">
        <VoteType name="Number of Precincts for Race" votes="8">
            <Precinct name="Concord" votes="1" />
            <Precinct name="Hollonville" votes="1" />
            <Precinct name="Meansville" votes="1" />
            <Precinct name="Molena" votes="1" />
            <Precinct name="Second District" votes="1" />
            <Precinct name="Lifsey Springs" votes="1" />
            <Precinct name="Williamson" votes="1" />
            <Precinct name="Zebulon" votes="1" />
        </VoteType>
        <VoteType name="Number of Precincts Reporting" votes="8">
            <Precinct name="Concord" votes="1" />
            <Precinct name="Hollonville" votes="1" />
            <Precinct name="Meansville" votes="1" />
            <Precinct name="Molena" votes="1" />
            <Precinct name="Second District" votes="1" />
            <Precinct name="Lifsey Springs" votes="1" />
            <Precinct name="Williamson" votes="1" />
            <Precinct name="Zebulon" votes="1" />
        </VoteType>
        <Choice key="10" text="YES" totalVotes="2970">
            <VoteType name="Election Day" votes="1106">
                <Precinct name="Concord" votes="128" />
                <Precinct name="Hollonville" votes="174" />
                <Precinct name="Meansville" votes="107" />
                <Precinct name="Molena" votes="159" />
                <Precinct name="Second District" votes="205" />
                <Precinct name="Lifsey Springs" votes="85" />
                <Precinct name="Williamson" votes="149" />
                <Precinct name="Zebulon" votes="99" />
            </VoteType>
            <VoteType name="Absentee by Mail" votes="143">
                <Precinct name="Concord" votes="11" />
                <Precinct name="Hollonville" votes="20" />
                <Precinct name="Meansville" votes="21" />
                <Precinct name="Molena" votes="9" />
                <Precinct name="Second District" votes="27" />
                <Precinct name="Lifsey Springs" votes="8" />
                <Precinct name="Williamson" votes="23" />
                <Precinct name="Zebulon" votes="24" />
            </VoteType>
            <VoteType name="Advance in Person" votes="1718">
                <Precinct name="Concord" votes="168" />
                <Precinct name="Hollonville" votes="197" />
                <Precinct name="Meansville" votes="152" />
                <Precinct name="Molena" votes="173" />
                <Precinct name="Second District" votes="390" />
                <Precinct name="Lifsey Springs" votes="130" />
                <Precinct name="Williamson" votes="198" />
                <Precinct name="Zebulon" votes="310" />
            </VoteType>
            <VoteType name="Provisional" votes="3">
                <Precinct name="Concord" votes="0" />
                <Precinct name="Hollonville" votes="0" />
                <Precinct name="Meansville" votes="1" />
                <Precinct name="Molena" votes="1" />
                <Precinct name="Second District" votes="0" />
                <Precinct name="Lifsey Springs" votes="1" />
                <Precinct name="Williamson" votes="0" />
                <Precinct name="Zebulon" votes="0" />
            </VoteType>
        </Choice>
        <Choice key="20" text="NO" totalVotes="5618">
            <VoteType name="Election Day" votes="2080">
                <Precinct name="Concord" votes="244" />
                <Precinct name="Hollonville" votes="307" />
                <Precinct name="Meansville" votes="245" />
                <Precinct name="Molena" votes="284" />
                <Precinct name="Second District" votes="338" />
                <Precinct name="Lifsey Springs" votes="196" />
                <Precinct name="Williamson" votes="244" />
                <Precinct name="Zebulon" votes="222" />
            </VoteType>
            <VoteType name="Absentee by Mail" votes="215">
                <Precinct name="Concord" votes="17" />
                <Precinct name="Hollonville" votes="18" />
                <Precinct name="Meansville" votes="17" />
                <Precinct name="Molena" votes="22" />
                <Precinct name="Second District" votes="43" />
                <Precinct name="Lifsey Springs" votes="21" />
                <Precinct name="Williamson" votes="30" />
                <Precinct name="Zebulon" votes="47" />
            </VoteType>
            <VoteType name="Advance in Person" votes="3321">
                <Precinct name="Concord" votes="298" />
                <Precinct name="Hollonville" votes="394" />
                <Precinct name="Meansville" votes="312" />
                <Precinct name="Molena" votes="312" />
                <Precinct name="Second District" votes="671" />
                <Precinct name="Lifsey Springs" votes="291" />
                <Precinct name="Williamson" votes="397" />
                <Precinct name="Zebulon" votes="646" />
            </VoteType>
            <VoteType name="Provisional" votes="2">
                <Precinct name="Concord" votes="0" />
                <Precinct name="Hollonville" votes="0" />
                <Precinct name="Meansville" votes="0" />
                <Precinct name="Molena" votes="0" />
                <Precinct name="Second District" votes="2" />
                <Precinct name="Lifsey Springs" votes="0" />
                <Precinct name="Williamson" votes="0" />
                <Precinct name="Zebulon" votes="0" />
            </VoteType>
        </Choice>
    </Contest>
    <Contest key="220" text="Constitutional Amendment #2&lt;br&gt;Authorizes penalties for sexual exploitation and assessments on adult entertainment to fund child victims' services." isQuestion="false" precinctsReporting="8" precinctsReported="8">
        <VoteType name="Number of Precincts for Race" votes="8">
            <Precinct name="Concord" votes="1" />
            <Precinct name="Hollonville" votes="1" />
            <Precinct name="Meansville" votes="1" />
            <Precinct name="Molena" votes="1" />
            <Precinct name="Second District" votes="1" />
            <Precinct name="Lifsey Springs" votes="1" />
            <Precinct name="Williamson" votes="1" />
            <Precinct name="Zebulon" votes="1" />
        </VoteType>
        <VoteType name="Number of Precincts Reporting" votes="8">
            <Precinct name="Concord" votes="1" />
            <Precinct name="Hollonville" votes="1" />
            <Precinct name="Meansville" votes="1" />
            <Precinct name="Molena" votes="1" />
            <Precinct name="Second District" votes="1" />
            <Precinct name="Lifsey Springs" votes="1" />
            <Precinct name="Williamson" votes="1" />
            <Precinct name="Zebulon" votes="1" />
        </VoteType>
        <Choice key="10" text="YES" totalVotes="6874">
            <VoteType name="Election Day" votes="2568">
                <Precinct name="Concord" votes="307" />
                <Precinct name="Hollonville" votes="385" />
                <Precinct name="Meansville" votes="273" />
                <Precinct name="Molena" votes="351" />
                <Precinct name="Second District" votes="454" />
                <Precinct name="Lifsey Springs" votes="220" />
                <Precinct name="Williamson" votes="328" />
                <Precinct name="Zebulon" votes="250" />
            </VoteType>
            <VoteType name="Absentee by Mail" votes="291">
                <Precinct name="Concord" votes="24" />
                <Precinct name="Hollonville" votes="33" />
                <Precinct name="Meansville" votes="28" />
                <Precinct name="Molena" votes="29" />
                <Precinct name="Second District" votes="56" />
                <Precinct name="Lifsey Springs" votes="23" />
                <Precinct name="Williamson" votes="44" />
                <Precinct name="Zebulon" votes="54" />
            </VoteType>
            <VoteType name="Advance in Person" votes="4011">
                <Precinct name="Concord" votes="363" />
                <Precinct name="Hollonville" votes="480" />
                <Precinct name="Meansville" votes="382" />
                <Precinct name="Molena" votes="382" />
                <Precinct name="Second District" votes="858" />
                <Precinct name="Lifsey Springs" votes="336" />
                <Precinct name="Williamson" votes="471" />
                <Precinct name="Zebulon" votes="739" />
            </VoteType>
            <VoteType name="Provisional" votes="4">
                <Precinct name="Concord" votes="0" />
                <Precinct name="Hollonville" votes="0" />
                <Precinct name="Meansville" votes="0" />
                <Precinct name="Molena" votes="1" />
                <Precinct name="Second District" votes="2" />
                <Precinct name="Lifsey Springs" votes="1" />
                <Precinct name="Williamson" votes="0" />
                <Precinct name="Zebulon" votes="0" />
            </VoteType>
        </Choice>
        <Choice key="20" text="NO" totalVotes="1590">
            <VoteType name="Election Day" votes="579">
                <Precinct name="Concord" votes="56" />
                <Precinct name="Hollonville" votes="89" />
                <Precinct name="Meansville" votes="71" />
                <Precinct name="Molena" votes="88" />
                <Precinct name="Second District" votes="83" />
                <Precinct name="Lifsey Springs" votes="60" />
                <Precinct name="Williamson" votes="62" />
                <Precinct name="Zebulon" votes="70" />
            </VoteType>
            <VoteType name="Absentee by Mail" votes="67">
                <Precinct name="Concord" votes="4" />
                <Precinct name="Hollonville" votes="3" />
                <Precinct name="Meansville" votes="12" />
                <Precinct name="Molena" votes="2" />
                <Precinct name="Second District" votes="15" />
                <Precinct name="Lifsey Springs" votes="6" />
                <Precinct name="Williamson" votes="8" />
                <Precinct name="Zebulon" votes="17" />
            </VoteType>
            <VoteType name="Advance in Person" votes="943">
                <Precinct name="Concord" votes="94" />
                <Precinct name="Hollonville" votes="107" />
                <Precinct name="Meansville" votes="78" />
                <Precinct name="Molena" votes="94" />
                <Precinct name="Second District" votes="180" />
                <Precinct name="Lifsey Springs" votes="76" />
                <Precinct name="Williamson" votes="120" />
                <Precinct name="Zebulon" votes="194" />
            </VoteType>
            <VoteType name="Provisional" votes="1">
                <Precinct name="Concord" votes="0" />
                <Precinct name="Hollonville" votes="0" />
                <Precinct name="Meansville" votes="1" />
                <Precinct name="Molena" votes="0" />
                <Precinct name="Second District" votes="0" />
                <Precinct name="Lifsey Springs" votes="0" />
                <Precinct name="Williamson" votes="0" />
                <Precinct name="Zebulon" votes="0" />
            </VoteType>
        </Choice>
    </Contest>
    <Contest key="230" text="Constitutional Amendment #3&lt;br&gt;Reforms and re-establishes the Judicial Qualifications Commission and provides for its composition, governance, and powers." isQuestion="false" precinctsReporting="8" precinctsReported="8">
        <VoteType name="Number of Precincts for Race" votes="8">
            <Precinct name="Concord" votes="1" />
            <Precinct name="Hollonville" votes="1" />
            <Precinct name="Meansville" votes="1" />
            <Precinct name="Molena" votes="1" />
            <Precinct name="Second District" votes="1" />
            <Precinct name="Lifsey Springs" votes="1" />
            <Precinct name="Williamson" votes="1" />
            <Precinct name="Zebulon" votes="1" />
        </VoteType>
        <VoteType name="Number of Precincts Reporting" votes="8">
            <Precinct name="Concord" votes="1" />
            <Precinct name="Hollonville" votes="1" />
            <Precinct name="Meansville" votes="1" />
            <Precinct name="Molena" votes="1" />
            <Precinct name="Second District" votes="1" />
            <Precinct name="Lifsey Springs" votes="1" />
            <Precinct name="Williamson" votes="1" />
            <Precinct name="Zebulon" votes="1" />
        </VoteType>
        <Choice key="10" text="YES" totalVotes="4556">
            <VoteType name="Election Day" votes="1704">
                <Precinct name="Concord" votes="205" />
                <Precinct name="Hollonville" votes="248" />
                <Precinct name="Meansville" votes="181" />
                <Precinct name="Molena" votes="240" />
                <Precinct name="Second District" votes="306" />
                <Precinct name="Lifsey Springs" votes="141" />
                <Precinct name="Williamson" votes="218" />
                <Precinct name="Zebulon" votes="165" />
            </VoteType>
            <VoteType name="Absentee by Mail" votes="220">
                <Precinct name="Concord" votes="14" />
                <Precinct name="Hollonville" votes="23" />
                <Precinct name="Meansville" votes="26" />
                <Precinct name="Molena" votes="21" />
                <Precinct name="Second District" votes="45" />
                <Precinct name="Lifsey Springs" votes="19" />
                <Precinct name="Williamson" votes="24" />
                <Precinct name="Zebulon" votes="48" />
            </VoteType>
            <VoteType name="Advance in Person" votes="2628">
                <Precinct name="Concord" votes="248" />
                <Precinct name="Hollonville" votes="299" />
                <Precinct name="Meansville" votes="243" />
                <Precinct name="Molena" votes="241" />
                <Precinct name="Second District" votes="587" />
                <Precinct name="Lifsey Springs" votes="211" />
                <Precinct name="Williamson" votes="316" />
                <Precinct name="Zebulon" votes="483" />
            </VoteType>
            <VoteType name="Provisional" votes="4">
                <Precinct name="Concord" votes="0" />
                <Precinct name="Hollonville" votes="0" />
                <Precinct name="Meansville" votes="1" />
                <Precinct name="Molena" votes="0" />
                <Precinct name="Second District" votes="2" />
                <Precinct name="Lifsey Springs" votes="1" />
                <Precinct name="Williamson" votes="0" />
                <Precinct name="Zebulon" votes="0" />
            </VoteType>
        </Choice>
        <Choice key="20" text="NO" totalVotes="3506">
            <VoteType name="Election Day" votes="1291">
                <Precinct name="Concord" votes="139" />
                <Precinct name="Hollonville" votes="203" />
                <Precinct name="Meansville" votes="154" />
                <Precinct name="Molena" votes="170" />
                <Precinct name="Second District" votes="202" />
                <Precinct name="Lifsey Springs" votes="125" />
                <Precinct name="Williamson" votes="152" />
                <Precinct name="Zebulon" votes="146" />
            </VoteType>
            <VoteType name="Absentee by Mail" votes="123">
                <Precinct name="Concord" votes="14" />
                <Precinct name="Hollonville" votes="12" />
                <Precinct name="Meansville" votes="14" />
                <Precinct name="Molena" votes="6" />
                <Precinct name="Second District" votes="22" />
                <Precinct name="Lifsey Springs" votes="9" />
                <Precinct name="Williamson" votes="26" />
                <Precinct name="Zebulon" votes="20" />
            </VoteType>
            <VoteType name="Advance in Person" votes="2091">
                <Precinct name="Concord" votes="191" />
                <Precinct name="Hollonville" votes="255" />
                <Precinct name="Meansville" votes="208" />
                <Precinct name="Molena" votes="210" />
                <Precinct name="Second District" votes="405" />
                <Precinct name="Lifsey Springs" votes="174" />
                <Precinct name="Williamson" votes="245" />
                <Precinct name="Zebulon" votes="403" />
            </VoteType>
            <VoteType name="Provisional" votes="1">
                <Precinct name="Concord" votes="0" />
                <Precinct name="Hollonville" votes="0" />
                <Precinct name="Meansville" votes="0" />
                <Precinct name="Molena" votes="1" />
                <Precinct name="Second District" votes="0" />
                <Precinct name="Lifsey Springs" votes="0" />
                <Precinct name="Williamson" votes="0" />
                <Precinct name="Zebulon" votes="0" />
            </VoteType>
        </Choice>
    </Contest>
    <Contest key="240" text="Constitutional Amendment #4&lt;br&gt;Dedicates revenue from existing taxes on fireworks to trauma care, fire services, and public safety." isQuestion="false" precinctsReporting="8" precinctsReported="8">
        <VoteType name="Number of Precincts for Race" votes="8">
            <Precinct name="Concord" votes="1" />
            <Precinct name="Hollonville" votes="1" />
            <Precinct name="Meansville" votes="1" />
            <Precinct name="Molena" votes="1" />
            <Precinct name="Second District" votes="1" />
            <Precinct name="Lifsey Springs" votes="1" />
            <Precinct name="Williamson" votes="1" />
            <Precinct name="Zebulon" votes="1" />
        </VoteType>
        <VoteType name="Number of Precincts Reporting" votes="8">
            <Precinct name="Concord" votes="1" />
            <Precinct name="Hollonville" votes="1" />
            <Precinct name="Meansville" votes="1" />
            <Precinct name="Molena" votes="1" />
            <Precinct name="Second District" votes="1" />
            <Precinct name="Lifsey Springs" votes="1" />
            <Precinct name="Williamson" votes="1" />
            <Precinct name="Zebulon" votes="1" />
        </VoteType>
        <Choice key="10" text="YES" totalVotes="6489">
            <VoteType name="Election Day" votes="2406">
                <Precinct name="Concord" votes="289" />
                <Precinct name="Hollonville" votes="356" />
                <Precinct name="Meansville" votes="266" />
                <Precinct name="Molena" votes="325" />
                <Precinct name="Second District" votes="422" />
                <Precinct name="Lifsey Springs" votes="200" />
                <Precinct name="Williamson" votes="302" />
                <Precinct name="Zebulon" votes="246" />
            </VoteType>
            <VoteType name="Absentee by Mail" votes="305">
                <Precinct name="Concord" votes="22" />
                <Precinct name="Hollonville" votes="31" />
                <Precinct name="Meansville" votes="31" />
                <Precinct name="Molena" votes="30" />
                <Precinct name="Second District" votes="63" />
                <Precinct name="Lifsey Springs" votes="23" />
                <Precinct name="Williamson" votes="46" />
                <Precinct name="Zebulon" votes="59" />
            </VoteType>
            <VoteType name="Advance in Person" votes="3774">
                <Precinct name="Concord" votes="340" />
                <Precinct name="Hollonville" votes="454" />
                <Precinct name="Meansville" votes="341" />
                <Precinct name="Molena" votes="353" />
                <Precinct name="Second District" votes="801" />
                <Precinct name="Lifsey Springs" votes="327" />
                <Precinct name="Williamson" votes="451" />
                <Precinct name="Zebulon" votes="707" />
            </VoteType>
            <VoteType name="Provisional" votes="4">
                <Precinct name="Concord" votes="0" />
                <Precinct name="Hollonville" votes="0" />
                <Precinct name="Meansville" votes="1" />
                <Precinct name="Molena" votes="1" />
                <Precinct name="Second District" votes="1" />
                <Precinct name="Lifsey Springs" votes="1" />
                <Precinct name="Williamson" votes="0" />
                <Precinct name="Zebulon" votes="0" />
            </VoteType>
        </Choice>
        <Choice key="20" text="NO" totalVotes="1894">
            <VoteType name="Election Day" votes="700">
                <Precinct name="Concord" votes="72" />
                <Precinct name="Hollonville" votes="115" />
                <Precinct name="Meansville" votes="77" />
                <Precinct name="Molena" votes="98" />
                <Precinct name="Second District" votes="112" />
                <Precinct name="Lifsey Springs" votes="74" />
                <Precinct name="Williamson" votes="78" />
                <Precinct name="Zebulon" votes="74" />
            </VoteType>
            <VoteType name="Absentee by Mail" votes="50">
                <Precinct name="Concord" votes="6" />
                <Precinct name="Hollonville" votes="5" />
                <Precinct name="Meansville" votes="9" />
                <Precinct name="Molena" votes="1" />
                <Precinct name="Second District" votes="9" />
                <Precinct name="Lifsey Springs" votes="5" />
                <Precinct name="Williamson" votes="4" />
                <Precinct name="Zebulon" votes="11" />
            </VoteType>
            <VoteType name="Advance in Person" votes="1143">
                <Precinct name="Concord" votes="112" />
                <Precinct name="Hollonville" votes="125" />
                <Precinct name="Meansville" votes="124" />
                <Precinct name="Molena" votes="118" />
                <Precinct name="Second District" votes="235" />
                <Precinct name="Lifsey Springs" votes="79" />
                <Precinct name="Williamson" votes="130" />
                <Precinct name="Zebulon" votes="220" />
            </VoteType>
            <VoteType name="Provisional" votes="1">
                <Precinct name="Concord" votes="0" />
                <Precinct name="Hollonville" votes="0" />
                <Precinct name="Meansville" votes="0" />
                <Precinct name="Molena" votes="0" />
                <Precinct name="Second District" votes="1" />
                <Precinct name="Lifsey Springs" votes="0" />
                <Precinct name="Williamson" votes="0" />
                <Precinct name="Zebulon" votes="0" />
            </VoteType>
        </Choice>
    </Contest>
</ElectionResult>