<?xml version="1.0"?>
<!--Election result snapshot imported from Tabulation System
-->
<ElectionResult>
    <Timestamp>11/14/2016 1:51:42 PM EST</Timestamp>
    <ElectionName>November 8, 2016 - General Election</ElectionName>
    <ElectionDate>11/8/2016</ElectionDate>
    <Region>Schley</Region>
    <VoterTurnout totalVoters="2364" ballotsCast="1929" voterTurnout="81.60">
        <Precincts>
            <Precinct name="Precinct One" totalVoters="2364" ballotsCast="1929" voterTurnout="81.60" percentReporting="4" />
        </Precincts>
    </VoterTurnout>
    <Contest key="1" text="President of the United States" isQuestion="false" precinctsReporting="1" precinctsReported="1">
        <VoteType name="Number of Precincts for Race" votes="1">
            <Precinct name="Precinct One" votes="1" />
        </VoteType>
        <VoteType name="Number of Precincts Reporting" votes="1">
            <Precinct name="Precinct One" votes="1" />
        </VoteType>
        <Choice key="10" text="DONALD J. TRUMP" totalVotes="1472">
            <VoteType name="Election Day" votes="422">
                <Precinct name="Precinct One" votes="422" />
            </VoteType>
            <VoteType name="Absentee by Mail" votes="49">
                <Precinct name="Precinct One" votes="49" />
            </VoteType>
            <VoteType name="Advance in Person" votes="1001">
                <Precinct name="Precinct One" votes="1001" />
            </VoteType>
            <VoteType name="Provisional" votes="0">
                <Precinct name="Precinct One" votes="0" />
            </VoteType>
        </Choice>
        <Choice key="20" text="HILLARY CLINTON" totalVotes="401">
            <VoteType name="Election Day" votes="146">
                <Precinct name="Precinct One" votes="146" />
            </VoteType>
            <VoteType name="Absentee by Mail" votes="35">
                <Precinct name="Precinct One" votes="35" />
            </VoteType>
            <VoteType name="Advance in Person" votes="220">
                <Precinct name="Precinct One" votes="220" />
            </VoteType>
            <VoteType name="Provisional" votes="0">
                <Precinct name="Precinct One" votes="0" />
            </VoteType>
        </Choice>
        <Choice key="30" text="GARY JOHNSON" totalVotes="36">
            <VoteType name="Election Day" votes="20">
                <Precinct name="Precinct One" votes="20" />
            </VoteType>
            <VoteType name="Absentee by Mail" votes="3">
                <Precinct name="Precinct One" votes="3" />
            </VoteType>
            <VoteType name="Advance in Person" votes="13">
                <Precinct name="Precinct One" votes="13" />
            </VoteType>
            <VoteType name="Provisional" votes="0">
                <Precinct name="Precinct One" votes="0" />
            </VoteType>
        </Choice>
    </Contest>
    <Contest key="10" text="United States Senator, Isakson" isQuestion="false" precinctsReporting="1" precinctsReported="1">
        <VoteType name="Number of Precincts for Race" votes="1">
            <Precinct name="Precinct One" votes="1" />
        </VoteType>
        <VoteType name="Number of Precincts Reporting" votes="1">
            <Precinct name="Precinct One" votes="1" />
        </VoteType>
        <Choice key="30" text="JOHNNY ISAKSON (I)" totalVotes="1445">
            <VoteType name="Election Day" votes="421">
                <Precinct name="Precinct One" votes="421" />
            </VoteType>
            <VoteType name="Absentee by Mail" votes="53">
                <Precinct name="Precinct One" votes="53" />
            </VoteType>
            <VoteType name="Advance in Person" votes="971">
                <Precinct name="Precinct One" votes="971" />
            </VoteType>
            <VoteType name="Provisional" votes="0">
                <Precinct name="Precinct One" votes="0" />
            </VoteType>
        </Choice>
        <Choice key="40" text="JIM BARKSDALE" totalVotes="345">
            <VoteType name="Election Day" votes="123">
                <Precinct name="Precinct One" votes="123" />
            </VoteType>
            <VoteType name="Absentee by Mail" votes="31">
                <Precinct name="Precinct One" votes="31" />
            </VoteType>
            <VoteType name="Advance in Person" votes="191">
                <Precinct name="Precinct One" votes="191" />
            </VoteType>
            <VoteType name="Provisional" votes="0">
                <Precinct name="Precinct One" votes="0" />
            </VoteType>
        </Choice>
        <Choice key="50" text="ALLEN BUCKLEY" totalVotes="38">
            <VoteType name="Election Day" votes="15">
                <Precinct name="Precinct One" votes="15" />
            </VoteType>
            <VoteType name="Absentee by Mail" votes="2">
                <Precinct name="Precinct One" votes="2" />
            </VoteType>
            <VoteType name="Advance in Person" votes="21">
                <Precinct name="Precinct One" votes="21" />
            </VoteType>
            <VoteType name="Provisional" votes="0">
                <Precinct name="Precinct One" votes="0" />
            </VoteType>
        </Choice>
    </Contest>
    <Contest key="30" text="Public Service Commission, District 2 - Eastern" isQuestion="false" precinctsReporting="1" precinctsReported="1">
        <VoteType name="Number of Precincts for Race" votes="1">
            <Precinct name="Precinct One" votes="1" />
        </VoteType>
        <VoteType name="Number of Precincts Reporting" votes="1">
            <Precinct name="Precinct One" votes="1" />
        </VoteType>
        <Choice key="20" text="TIM ECHOLS (I)" totalVotes="1452">
            <VoteType name="Election Day" votes="430">
                <Precinct name="Precinct One" votes="430" />
            </VoteType>
            <VoteType name="Absentee by Mail" votes="57">
                <Precinct name="Precinct One" votes="57" />
            </VoteType>
            <VoteType name="Advance in Person" votes="965">
                <Precinct name="Precinct One" votes="965" />
            </VoteType>
            <VoteType name="Provisional" votes="0">
                <Precinct name="Precinct One" votes="0" />
            </VoteType>
        </Choice>
        <Choice key="30" text="ERIC HOSKINS" totalVotes="253">
            <VoteType name="Election Day" votes="101">
                <Precinct name="Precinct One" votes="101" />
            </VoteType>
            <VoteType name="Absentee by Mail" votes="18">
                <Precinct name="Precinct One" votes="18" />
            </VoteType>
            <VoteType name="Advance in Person" votes="134">
                <Precinct name="Precinct One" votes="134" />
            </VoteType>
            <VoteType name="Provisional" votes="0">
                <Precinct name="Precinct One" votes="0" />
            </VoteType>
        </Choice>
    </Contest>
    <Contest key="50" text="U.S. Representative, District 2" isQuestion="false" precinctsReporting="1" precinctsReported="1">
        <VoteType name="Number of Precincts for Race" votes="1">
            <Precinct name="Precinct One" votes="1" />
        </VoteType>
        <VoteType name="Number of Precincts Reporting" votes="1">
            <Precinct name="Precinct One" votes="1" />
        </VoteType>
        <Choice key="10" text="GREG DUKE" totalVotes="1279">
            <VoteType name="Election Day" votes="369">
                <Precinct name="Precinct One" votes="369" />
            </VoteType>
            <VoteType name="Absentee by Mail" votes="44">
                <Precinct name="Precinct One" votes="44" />
            </VoteType>
            <VoteType name="Advance in Person" votes="866">
                <Precinct name="Precinct One" votes="866" />
            </VoteType>
            <VoteType name="Provisional" votes="0">
                <Precinct name="Precinct One" votes="0" />
            </VoteType>
        </Choice>
        <Choice key="20" text="SANFORD BISHOP (I)" totalVotes="601">
            <VoteType name="Election Day" votes="212">
                <Precinct name="Precinct One" votes="212" />
            </VoteType>
            <VoteType name="Absentee by Mail" votes="45">
                <Precinct name="Precinct One" votes="45" />
            </VoteType>
            <VoteType name="Advance in Person" votes="344">
                <Precinct name="Precinct One" votes="344" />
            </VoteType>
            <VoteType name="Provisional" votes="0">
                <Precinct name="Precinct One" votes="0" />
            </VoteType>
        </Choice>
    </Contest>
    <Contest key="80" text="State Senator, District 15" isQuestion="false" precinctsReporting="1" precinctsReported="1">
        <VoteType name="Number of Precincts for Race" votes="1">
            <Precinct name="Precinct One" votes="1" />
        </VoteType>
        <VoteType name="Number of Precincts Reporting" votes="1">
            <Precinct name="Precinct One" votes="1" />
        </VoteType>
        <Choice key="10" text="ED HARBISON (I)" totalVotes="1210">
            <VoteType name="Election Day" votes="385">
                <Precinct name="Precinct One" votes="385" />
            </VoteType>
            <VoteType name="Absentee by Mail" votes="64">
                <Precinct name="Precinct One" votes="64" />
            </VoteType>
            <VoteType name="Advance in Person" votes="761">
                <Precinct name="Precinct One" votes="761" />
            </VoteType>
            <VoteType name="Provisional" votes="0">
                <Precinct name="Precinct One" votes="0" />
            </VoteType>
        </Choice>
    </Contest>
    <Contest key="90" text="State Representative, District 138" isQuestion="false" precinctsReporting="1" precinctsReported="1">
        <VoteType name="Number of Precincts for Race" votes="1">
            <Precinct name="Precinct One" votes="1" />
        </VoteType>
        <VoteType name="Number of Precincts Reporting" votes="1">
            <Precinct name="Precinct One" votes="1" />
        </VoteType>
        <Choice key="10" text="MIKE CHEOKAS (I)" totalVotes="1300">
            <VoteType name="Election Day" votes="392">
                <Precinct name="Precinct One" votes="392" />
            </VoteType>
            <VoteType name="Absentee by Mail" votes="42">
                <Precinct name="Precinct One" votes="42" />
            </VoteType>
            <VoteType name="Advance in Person" votes="866">
                <Precinct name="Precinct One" votes="866" />
            </VoteType>
            <VoteType name="Provisional" votes="0">
                <Precinct name="Precinct One" votes="0" />
            </VoteType>
        </Choice>
        <Choice key="20" text="BILL MCGOWAN" totalVotes="580">
            <VoteType name="Election Day" votes="189">
                <Precinct name="Precinct One" votes="189" />
            </VoteType>
            <VoteType name="Absentee by Mail" votes="43">
                <Precinct name="Precinct One" votes="43" />
            </VoteType>
            <VoteType name="Advance in Person" votes="348">
                <Precinct name="Precinct One" votes="348" />
            </VoteType>
            <VoteType name="Provisional" votes="0">
                <Precinct name="Precinct One" votes="0" />
            </VoteType>
        </Choice>
    </Contest>
    <Contest key="110" text="District Attorney, Southwestern Circuit" isQuestion="false" precinctsReporting="1" precinctsReported="1">
        <VoteType name="Number of Precincts for Race" votes="1">
            <Precinct name="Precinct One" votes="1" />
        </VoteType>
        <VoteType name="Number of Precincts Reporting" votes="1">
            <Precinct name="Precinct One" votes="1" />
        </VoteType>
        <Choice key="10" text="PLEZ H. HARDIN (I)" totalVotes="1579">
            <VoteType name="Election Day" votes="485">
                <Precinct name="Precinct One" votes="485" />
            </VoteType>
            <VoteType name="Absentee by Mail" votes="63">
                <Precinct name="Precinct One" votes="63" />
            </VoteType>
            <VoteType name="Advance in Person" votes="1031">
                <Precinct name="Precinct One" votes="1031" />
            </VoteType>
            <VoteType name="Provisional" votes="0">
                <Precinct name="Precinct One" votes="0" />
            </VoteType>
        </Choice>
    </Contest>
    <Contest key="130" text="JUDGE, PROBATE COURT" isQuestion="false" precinctsReporting="1" precinctsReported="1">
        <VoteType name="Number of Precincts for Race" votes="1">
            <Precinct name="Precinct One" votes="1" />
        </VoteType>
        <VoteType name="Number of Precincts Reporting" votes="1">
            <Precinct name="Precinct One" votes="1" />
        </VoteType>
        <Choice key="20" text="M. E. WAY (I) R" totalVotes="1706">
            <VoteType name="Election Day" votes="520">
                <Precinct name="Precinct One" votes="520" />
            </VoteType>
            <VoteType name="Absentee by Mail" votes="72">
                <Precinct name="Precinct One" votes="72" />
            </VoteType>
            <VoteType name="Advance in Person" votes="1114">
                <Precinct name="Precinct One" votes="1114" />
            </VoteType>
            <VoteType name="Provisional" votes="0">
                <Precinct name="Precinct One" votes="0" />
            </VoteType>
        </Choice>
    </Contest>
    <Contest key="150" text="CLERK, SUPERIOR COURT" isQuestion="false" precinctsReporting="1" precinctsReported="1">
        <VoteType name="Number of Precincts for Race" votes="1">
            <Precinct name="Precinct One" votes="1" />
        </VoteType>
        <VoteType name="Number of Precincts Reporting" votes="1">
            <Precinct name="Precinct One" votes="1" />
        </VoteType>
        <Choice key="20" text="K. S. ROYAL (I) R" totalVotes="1653">
            <VoteType name="Election Day" votes="507">
                <Precinct name="Precinct One" votes="507" />
            </VoteType>
            <VoteType name="Absentee by Mail" votes="70">
                <Precinct name="Precinct One" votes="70" />
            </VoteType>
            <VoteType name="Advance in Person" votes="1076">
                <Precinct name="Precinct One" votes="1076" />
            </VoteType>
            <VoteType name="Provisional" votes="0">
                <Precinct name="Precinct One" votes="0" />
            </VoteType>
        </Choice>
    </Contest>
    <Contest key="170" text="SHERIFF" isQuestion="false" precinctsReporting="1" precinctsReported="1">
        <VoteType name="Number of Precincts for Race" votes="1">
            <Precinct name="Precinct One" votes="1" />
        </VoteType>
        <VoteType name="Number of Precincts Reporting" votes="1">
            <Precinct name="Precinct One" votes="1" />
        </VoteType>
        <Choice key="10" text="S. TONDEE (I) R" totalVotes="1719">
            <VoteType name="Election Day" votes="531">
                <Precinct name="Precinct One" votes="531" />
            </VoteType>
            <VoteType name="Absentee by Mail" votes="73">
                <Precinct name="Precinct One" votes="73" />
            </VoteType>
            <VoteType name="Advance in Person" votes="1115">
                <Precinct name="Precinct One" votes="1115" />
            </VoteType>
            <VoteType name="Provisional" votes="0">
                <Precinct name="Precinct One" votes="0" />
            </VoteType>
        </Choice>
    </Contest>
    <Contest key="190" text="TAX COMMISSIONER" isQuestion="false" precinctsReporting="1" precinctsReported="1">
        <VoteType name="Number of Precincts for Race" votes="1">
            <Precinct name="Precinct One" votes="1" />
        </VoteType>
        <VoteType name="Number of Precincts Reporting" votes="1">
            <Precinct name="Precinct One" votes="1" />
        </VoteType>
        <Choice key="10" text="P. G. REGISTER (I) R" totalVotes="1704">
            <VoteType name="Election Day" votes="516">
                <Precinct name="Precinct One" votes="516" />
            </VoteType>
            <VoteType name="Absentee by Mail" votes="72">
                <Precinct name="Precinct One" votes="72" />
            </VoteType>
            <VoteType name="Advance in Person" votes="1116">
                <Precinct name="Precinct One" votes="1116" />
            </VoteType>
            <VoteType name="Provisional" votes="0">
                <Precinct name="Precinct One" votes="0" />
            </VoteType>
        </Choice>
    </Contest>
    <Contest key="210" text="CORONER" isQuestion="false" precinctsReporting="1" precinctsReported="1">
        <VoteType name="Number of Precincts for Race" votes="1">
            <Precinct name="Precinct One" votes="1" />
        </VoteType>
        <VoteType name="Number of Precincts Reporting" votes="1">
            <Precinct name="Precinct One" votes="1" />
        </VoteType>
        <Choice key="10" text="D. L. BYRD (R)" totalVotes="1629">
            <VoteType name="Election Day" votes="497">
                <Precinct name="Precinct One" votes="497" />
            </VoteType>
            <VoteType name="Absentee by Mail" votes="68">
                <Precinct name="Precinct One" votes="68" />
            </VoteType>
            <VoteType name="Advance in Person" votes="1064">
                <Precinct name="Precinct One" votes="1064" />
            </VoteType>
            <VoteType name="Provisional" votes="0">
                <Precinct name="Precinct One" votes="0" />
            </VoteType>
        </Choice>
    </Contest>
    <Contest key="250" text="COUNTY COMM AT LARGE" isQuestion="false" precinctsReporting="1" precinctsReported="1">
        <VoteType name="Number of Precincts for Race" votes="1">
            <Precinct name="Precinct One" votes="1" />
        </VoteType>
        <VoteType name="Number of Precincts Reporting" votes="1">
            <Precinct name="Precinct One" votes="1" />
        </VoteType>
        <Choice key="10" text="G. BARINEAU (I) R" totalVotes="1534">
            <VoteType name="Election Day" votes="485">
                <Precinct name="Precinct One" votes="485" />
            </VoteType>
            <VoteType name="Absentee by Mail" votes="63">
                <Precinct name="Precinct One" votes="63" />
            </VoteType>
            <VoteType name="Advance in Person" votes="986">
                <Precinct name="Precinct One" votes="986" />
            </VoteType>
            <VoteType name="Provisional" votes="0">
                <Precinct name="Precinct One" votes="0" />
            </VoteType>
        </Choice>
    </Contest>
    <Contest key="265" text="CC, D2" isQuestion="false" precinctsReporting="1" precinctsReported="1">
        <VoteType name="Number of Precincts for Race" votes="1">
            <Precinct name="Precinct One" votes="1" />
        </VoteType>
        <VoteType name="Number of Precincts Reporting" votes="1">
            <Precinct name="Precinct One" votes="1" />
        </VoteType>
        <Choice key="10" text="B. BELCHER (R)" totalVotes="205">
            <VoteType name="Election Day" votes="67">
                <Precinct name="Precinct One" votes="67" />
            </VoteType>
            <VoteType name="Absentee by Mail" votes="3">
                <Precinct name="Precinct One" votes="3" />
            </VoteType>
            <VoteType name="Advance in Person" votes="135">
                <Precinct name="Precinct One" votes="135" />
            </VoteType>
            <VoteType name="Provisional" votes="0">
                <Precinct name="Precinct One" votes="0" />
            </VoteType>
        </Choice>
        <Choice key="20" text="A. S. SMITH (I) D" totalVotes="190">
            <VoteType name="Election Day" votes="75">
                <Precinct name="Precinct One" votes="75" />
            </VoteType>
            <VoteType name="Absentee by Mail" votes="17">
                <Precinct name="Precinct One" votes="17" />
            </VoteType>
            <VoteType name="Advance in Person" votes="98">
                <Precinct name="Precinct One" votes="98" />
            </VoteType>
            <VoteType name="Provisional" votes="0">
                <Precinct name="Precinct One" votes="0" />
            </VoteType>
        </Choice>
    </Contest>
    <Contest key="275" text="CC, D3" isQuestion="false" precinctsReporting="1" precinctsReported="1">
        <VoteType name="Number of Precincts for Race" votes="1">
            <Precinct name="Precinct One" votes="1" />
        </VoteType>
        <VoteType name="Number of Precincts Reporting" votes="1">
            <Precinct name="Precinct One" votes="1" />
        </VoteType>
        <Choice key="10" text="B. MCCLELLAN (R)" totalVotes="465">
            <VoteType name="Election Day" votes="149">
                <Precinct name="Precinct One" votes="149" />
            </VoteType>
            <VoteType name="Absentee by Mail" votes="15">
                <Precinct name="Precinct One" votes="15" />
            </VoteType>
            <VoteType name="Advance in Person" votes="301">
                <Precinct name="Precinct One" votes="301" />
            </VoteType>
            <VoteType name="Provisional" votes="0">
                <Precinct name="Precinct One" votes="0" />
            </VoteType>
        </Choice>
    </Contest>
    <Contest key="290" text="BOE AT LARGE" isQuestion="false" precinctsReporting="1" precinctsReported="1">
        <VoteType name="Number of Precincts for Race" votes="1">
            <Precinct name="Precinct One" votes="1" />
        </VoteType>
        <VoteType name="Number of Precincts Reporting" votes="1">
            <Precinct name="Precinct One" votes="1" />
        </VoteType>
        <Choice key="10" text="R. J. WALL (R)" totalVotes="1621">
            <VoteType name="Election Day" votes="503">
                <Precinct name="Precinct One" votes="503" />
            </VoteType>
            <VoteType name="Absentee by Mail" votes="62">
                <Precinct name="Precinct One" votes="62" />
            </VoteType>
            <VoteType name="Advance in Person" votes="1056">
                <Precinct name="Precinct One" votes="1056" />
            </VoteType>
            <VoteType name="Provisional" votes="0">
                <Precinct name="Precinct One" votes="0" />
            </VoteType>
        </Choice>
    </Contest>
    <Contest key="320" text="BOE D2" isQuestion="false" precinctsReporting="1" precinctsReported="1">
        <VoteType name="Number of Precincts for Race" votes="1">
            <Precinct name="Precinct One" votes="1" />
        </VoteType>
        <VoteType name="Number of Precincts Reporting" votes="1">
            <Precinct name="Precinct One" votes="1" />
        </VoteType>
        <Choice key="10" text="C. ALDRIDGE SR (I) D" totalVotes="319">
            <VoteType name="Election Day" votes="125">
                <Precinct name="Precinct One" votes="125" />
            </VoteType>
            <VoteType name="Absentee by Mail" votes="19">
                <Precinct name="Precinct One" votes="19" />
            </VoteType>
            <VoteType name="Advance in Person" votes="175">
                <Precinct name="Precinct One" votes="175" />
            </VoteType>
            <VoteType name="Provisional" votes="0">
                <Precinct name="Precinct One" votes="0" />
            </VoteType>
        </Choice>
    </Contest>
    <Contest key="330" text="BOE D3" isQuestion="false" precinctsReporting="1" precinctsReported="1">
        <VoteType name="Number of Precincts for Race" votes="1">
            <Precinct name="Precinct One" votes="1" />
        </VoteType>
        <VoteType name="Number of Precincts Reporting" votes="1">
            <Precinct name="Precinct One" votes="1" />
        </VoteType>
        <Choice key="10" text="L. R. LUMPKIN (I) R" totalVotes="451">
            <VoteType name="Election Day" votes="142">
                <Precinct name="Precinct One" votes="142" />
            </VoteType>
            <VoteType name="Absentee by Mail" votes="12">
                <Precinct name="Precinct One" votes="12" />
            </VoteType>
            <VoteType name="Advance in Person" votes="297">
                <Precinct name="Precinct One" votes="297" />
            </VoteType>
            <VoteType name="Provisional" votes="0">
                <Precinct name="Precinct One" votes="0" />
            </VoteType>
        </Choice>
    </Contest>
    <Contest key="350" text="Constitutional Amendment #1&lt;br&gt;Provides greater flexibility and state accountability to fix failing schools through increasing community involvement." isQuestion="false" precinctsReporting="1" precinctsReported="1">
        <VoteType name="Number of Precincts for Race" votes="1">
            <Precinct name="Precinct One" votes="1" />
        </VoteType>
        <VoteType name="Number of Precincts Reporting" votes="1">
            <Precinct name="Precinct One" votes="1" />
        </VoteType>
        <Choice key="10" text="YES" totalVotes="613">
            <VoteType name="Election Day" votes="210">
                <Precinct name="Precinct One" votes="210" />
            </VoteType>
            <VoteType name="Absentee by Mail" votes="26">
                <Precinct name="Precinct One" votes="26" />
            </VoteType>
            <VoteType name="Advance in Person" votes="377">
                <Precinct name="Precinct One" votes="377" />
            </VoteType>
            <VoteType name="Provisional" votes="0">
                <Precinct name="Precinct One" votes="0" />
            </VoteType>
        </Choice>
        <Choice key="20" text="NO" totalVotes="1226">
            <VoteType name="Election Day" votes="362">
                <Precinct name="Precinct One" votes="362" />
            </VoteType>
            <VoteType name="Absentee by Mail" votes="54">
                <Precinct name="Precinct One" votes="54" />
            </VoteType>
            <VoteType name="Advance in Person" votes="810">
                <Precinct name="Precinct One" votes="810" />
            </VoteType>
            <VoteType name="Provisional" votes="0">
                <Precinct name="Precinct One" votes="0" />
            </VoteType>
        </Choice>
    </Contest>
    <Contest key="360" text="Constitutional Amendment #2&lt;br&gt;Authorizes penalties for sexual exploitation and assessments on adult entertainment to fund child victims' services." isQuestion="false" precinctsReporting="1" precinctsReported="1">
        <VoteType name="Number of Precincts for Race" votes="1">
            <Precinct name="Precinct One" votes="1" />
        </VoteType>
        <VoteType name="Number of Precincts Reporting" votes="1">
            <Precinct name="Precinct One" votes="1" />
        </VoteType>
        <Choice key="10" text="YES" totalVotes="1456">
            <VoteType name="Election Day" votes="451">
                <Precinct name="Precinct One" votes="451" />
            </VoteType>
            <VoteType name="Absentee by Mail" votes="63">
                <Precinct name="Precinct One" votes="63" />
            </VoteType>
            <VoteType name="Advance in Person" votes="942">
                <Precinct name="Precinct One" votes="942" />
            </VoteType>
            <VoteType name="Provisional" votes="0">
                <Precinct name="Precinct One" votes="0" />
            </VoteType>
        </Choice>
        <Choice key="20" text="NO" totalVotes="345">
            <VoteType name="Election Day" votes="113">
                <Precinct name="Precinct One" votes="113" />
            </VoteType>
            <VoteType name="Absentee by Mail" votes="14">
                <Precinct name="Precinct One" votes="14" />
            </VoteType>
            <VoteType name="Advance in Person" votes="218">
                <Precinct name="Precinct One" votes="218" />
            </VoteType>
            <VoteType name="Provisional" votes="0">
                <Precinct name="Precinct One" votes="0" />
            </VoteType>
        </Choice>
    </Contest>
    <Contest key="370" text="Constitutional Amendment #3&lt;br&gt;Reforms and re-establishes the Judicial Qualifications Commission and provides for its composition, governance, and powers." isQuestion="false" precinctsReporting="1" precinctsReported="1">
        <VoteType name="Number of Precincts for Race" votes="1">
            <Precinct name="Precinct One" votes="1" />
        </VoteType>
        <VoteType name="Number of Precincts Reporting" votes="1">
            <Precinct name="Precinct One" votes="1" />
        </VoteType>
        <Choice key="10" text="YES" totalVotes="985">
            <VoteType name="Election Day" votes="320">
                <Precinct name="Precinct One" votes="320" />
            </VoteType>
            <VoteType name="Absentee by Mail" votes="42">
                <Precinct name="Precinct One" votes="42" />
            </VoteType>
            <VoteType name="Advance in Person" votes="623">
                <Precinct name="Precinct One" votes="623" />
            </VoteType>
            <VoteType name="Provisional" votes="0">
                <Precinct name="Precinct One" votes="0" />
            </VoteType>
        </Choice>
        <Choice key="20" text="NO" totalVotes="699">
            <VoteType name="Election Day" votes="211">
                <Precinct name="Precinct One" votes="211" />
            </VoteType>
            <VoteType name="Absentee by Mail" votes="32">
                <Precinct name="Precinct One" votes="32" />
            </VoteType>
            <VoteType name="Advance in Person" votes="456">
                <Precinct name="Precinct One" votes="456" />
            </VoteType>
            <VoteType name="Provisional" votes="0">
                <Precinct name="Precinct One" votes="0" />
            </VoteType>
        </Choice>
    </Contest>
    <Contest key="380" text="Constitutional Amendment #4&lt;br&gt;Dedicates revenue from existing taxes on fireworks to trauma care, fire services, and public safety." isQuestion="false" precinctsReporting="1" precinctsReported="1">
        <VoteType name="Number of Precincts for Race" votes="1">
            <Precinct name="Precinct One" votes="1" />
        </VoteType>
        <VoteType name="Number of Precincts Reporting" votes="1">
            <Precinct name="Precinct One" votes="1" />
        </VoteType>
        <Choice key="10" text="YES" totalVotes="1383">
            <VoteType name="Election Day" votes="431">
                <Precinct name="Precinct One" votes="431" />
            </VoteType>
            <VoteType name="Absentee by Mail" votes="61">
                <Precinct name="Precinct One" votes="61" />
            </VoteType>
            <VoteType name="Advance in Person" votes="891">
                <Precinct name="Precinct One" votes="891" />
            </VoteType>
            <VoteType name="Provisional" votes="0">
                <Precinct name="Precinct One" votes="0" />
            </VoteType>
        </Choice>
        <Choice key="20" text="NO" totalVotes="404">
            <VoteType name="Election Day" votes="126">
                <Precinct name="Precinct One" votes="126" />
            </VoteType>
            <VoteType name="Absentee by Mail" votes="16">
                <Precinct name="Precinct One" votes="16" />
            </VoteType>
            <VoteType name="Advance in Person" votes="262">
                <Precinct name="Precinct One" votes="262" />
            </VoteType>
            <VoteType name="Provisional" votes="0">
                <Precinct name="Precinct One" votes="0" />
            </VoteType>
        </Choice>
    </Contest>
</ElectionResult>