"line number","contest name","choice name","party name","total votes","percent of votes","registered voters","ballots cast","num Precinct total","num Precinct rptg","over votes","under votes"
1,"President of the United States","DONALD J. TRUMP","",6462,78.31,11099,8373,13,13,"0","0"
2,"President of the United States","HILLARY CLINTON","",1613,19.55,11099,8373,13,13,"0","0"
3,"President of the United States","GARY JOHNSON","",177,2.14,11099,8373,13,13,"0","0"
4,"United States Senator, Isakson","JOHNNY ISAKSON (I)","",5827,75.25,11099,8373,13,13,"0","0"
5,"United States Senator, Isakson","JIM BARKSDALE","",1622,20.95,11099,8373,13,13,"0","0"
6,"United States Senator, Isakson","ALLEN BUCKLEY","",295,3.81,11099,8373,13,13,"0","0"
7,"Public Service Commission, District 2 - Eastern","TIM ECHOLS (I)","",6339,83.63,11099,8373,13,13,"0","0"
8,"Public Service Commission, District 2 - Eastern","ERIC HOSKINS","",1241,16.37,11099,8373,13,13,"0","0"
9,"U.S. Representative, District 14","TOM GRAVES (I)","",7099,100.00,11099,8373,13,13,"0","0"
10,"State Senator, District 52","CHUCK HUFSTETLER (I)","",663,100.00,1057,817,3,3,"0","0"
11,"State Senator, District 53","JEFF MULLIS (I)","",6420,100.00,10042,7556,10,10,"0","0"
12,"State Representative, District 12","EDDIE LUMSDEN (I) (REP)","",7094,100.00,11099,8373,13,13,"0","0"
13,"District Attorney, Lookout Mountain Circuit","HERBERT (BUZZ) FRANKLIN (I)","",6992,100.00,11099,8373,13,13,"0","0"
14,"JUDGE PROBATE","J. M. PAYNE (I) D","",7382,100.00,11099,8373,13,13,"0","0"
15,"CLERK SUPERIOR CT","K. W. JAMES (I) D","",7024,100.00,11099,8373,13,13,"0","0"
16,"SHERIFF","M. A. SCHRADER (I) D","",7356,100.00,11099,8373,13,13,"0","0"
17,"TAX COMMISSIONER","R. HUGHES (R)","",4020,49.94,11099,8373,13,13,"0","0"
18,"TAX COMMISSIONER","J. C. HAMPTON (D)","",4029,50.06,11099,8373,13,13,"0","0"
19,"CORONER","E. RAINWATER (I) D","",7242,100.00,11099,8373,13,13,"0","0"
20,"SOLICITOR GENERAL","S. HILL (I) R","",6909,100.00,11099,8373,13,13,"0","0"
21,"CHIEF MAGISTRATE","T. T.L. MADDUX (I) D","",7024,100.00,11099,8373,13,13,"0","0"
22,"COUNTY COMMISSIONER","J. WINTERS (I) R","",4977,61.47,11099,8373,13,13,"0","0"
23,"COUNTY COMMISSIONER","J. HOLBROOK (D)","",3120,38.53,11099,8373,13,13,"0","0"
24,"BOE D1","J. TURNER (I) D","",6334,100.00,10326,7790,13,13,"0","0"
25,"BOE D5","J. A. AGNEW (R)","",4344,59.15,10326,7790,13,13,"0","0"
26,"BOE D5","B.K. DELLENBACK (I)D","",3000,40.85,10326,7790,13,13,"0","0"
27,"SOIL AND WATER","G. HURLEY (I)","",6880,100.00,11099,8373,13,13,"0","0"
28,"Constitutional Amendment #1<br>Provides greater flexibility and state accountability to fix failing schools through increasing community involvement.","YES","",2630,32.96,11099,8373,13,13,"0","0"
29,"Constitutional Amendment #1<br>Provides greater flexibility and state accountability to fix failing schools through increasing community involvement.","NO","",5349,67.04,11099,8373,13,13,"0","0"
30,"Constitutional Amendment #2<br>Authorizes penalties for sexual exploitation and assessments on adult entertainment to fund child victims' services.","YES","",6511,82.73,11099,8373,13,13,"0","0"
31,"Constitutional Amendment #2<br>Authorizes penalties for sexual exploitation and assessments on adult entertainment to fund child victims' services.","NO","",1359,17.27,11099,8373,13,13,"0","0"
32,"Constitutional Amendment #3<br>Reforms and re-establishes the Judicial Qualifications Commission and provides for its composition, governance, and powers.","YES","",4724,63.58,11099,8373,13,13,"0","0"
33,"Constitutional Amendment #3<br>Reforms and re-establishes the Judicial Qualifications Commission and provides for its composition, governance, and powers.","NO","",2706,36.42,11099,8373,13,13,"0","0"
34,"Constitutional Amendment #4<br>Dedicates revenue from existing taxes on fireworks to trauma care, fire services, and public safety.","YES","",6366,80.49,11099,8373,13,13,"0","0"
35,"Constitutional Amendment #4<br>Dedicates revenue from existing taxes on fireworks to trauma care, fire services, and public safety.","NO","",1543,19.51,11099,8373,13,13,"0","0"
