<?xml version="1.0"?>
<!--Election result snapshot imported from Tabulation System
-->
<ElectionResult>
    <Timestamp>11/15/2016 10:00:53 AM EST</Timestamp>
    <ElectionName>November 8, 2016 - General Election</ElectionName>
    <ElectionDate>11/8/2016</ElectionDate>
    <Region>Washington</Region>
    <VoterTurnout totalVoters="11002" ballotsCast="8531" voterTurnout="77.54">
        <Precincts>
            <Precinct name="RIDDLEVILLE" totalVoters="529" ballotsCast="438" voterTurnout="82.80" percentReporting="4" />
            <Precinct name="WARTHEN" totalVoters="628" ballotsCast="511" voterTurnout="81.37" percentReporting="4" />
            <Precinct name="TENNILLE" totalVoters="2144" ballotsCast="1555" voterTurnout="72.53" percentReporting="4" />
            <Precinct name="OCONEE" totalVoters="492" ballotsCast="384" voterTurnout="78.05" percentReporting="4" />
            <Precinct name="HARRISON" totalVoters="829" ballotsCast="666" voterTurnout="80.34" percentReporting="4" />
            <Precinct name="DAVISBORO" totalVoters="741" ballotsCast="578" voterTurnout="78.00" percentReporting="4" />
            <Precinct name="SANDERSVILLE" totalVoters="5169" ballotsCast="4022" voterTurnout="77.81" percentReporting="4" />
            <Precinct name="DEEPSTEP" totalVoters="470" ballotsCast="377" voterTurnout="80.21" percentReporting="4" />
        </Precincts>
    </VoterTurnout>
    <Contest key="1" text="President of the United States" isQuestion="false" precinctsReporting="8" precinctsReported="8">
        <VoteType name="Number of Precincts for Race" votes="8">
            <Precinct name="RIDDLEVILLE" votes="1" />
            <Precinct name="WARTHEN" votes="1" />
            <Precinct name="TENNILLE" votes="1" />
            <Precinct name="OCONEE" votes="1" />
            <Precinct name="HARRISON" votes="1" />
            <Precinct name="DAVISBORO" votes="1" />
            <Precinct name="SANDERSVILLE" votes="1" />
            <Precinct name="DEEPSTEP" votes="1" />
        </VoteType>
        <VoteType name="Number of Precincts Reporting" votes="8">
            <Precinct name="RIDDLEVILLE" votes="1" />
            <Precinct name="WARTHEN" votes="1" />
            <Precinct name="TENNILLE" votes="1" />
            <Precinct name="OCONEE" votes="1" />
            <Precinct name="HARRISON" votes="1" />
            <Precinct name="DAVISBORO" votes="1" />
            <Precinct name="SANDERSVILLE" votes="1" />
            <Precinct name="DEEPSTEP" votes="1" />
        </VoteType>
        <Choice key="10" text="DONALD J. TRUMP" totalVotes="4149">
            <VoteType name="Election Day" votes="1779">
                <Precinct name="RIDDLEVILLE" votes="178" />
                <Precinct name="WARTHEN" votes="179" />
                <Precinct name="TENNILLE" votes="266" />
                <Precinct name="OCONEE" votes="130" />
                <Precinct name="HARRISON" votes="217" />
                <Precinct name="DAVISBORO" votes="174" />
                <Precinct name="SANDERSVILLE" votes="456" />
                <Precinct name="DEEPSTEP" votes="179" />
            </VoteType>
            <VoteType name="Absentee by Mail" votes="256">
                <Precinct name="RIDDLEVILLE" votes="12" />
                <Precinct name="WARTHEN" votes="11" />
                <Precinct name="TENNILLE" votes="23" />
                <Precinct name="OCONEE" votes="11" />
                <Precinct name="HARRISON" votes="25" />
                <Precinct name="DAVISBORO" votes="19" />
                <Precinct name="SANDERSVILLE" votes="139" />
                <Precinct name="DEEPSTEP" votes="16" />
            </VoteType>
            <VoteType name="Advance in Person" votes="2103">
                <Precinct name="RIDDLEVILLE" votes="95" />
                <Precinct name="WARTHEN" votes="91" />
                <Precinct name="TENNILLE" votes="352" />
                <Precinct name="OCONEE" votes="60" />
                <Precinct name="HARRISON" votes="180" />
                <Precinct name="DAVISBORO" votes="112" />
                <Precinct name="SANDERSVILLE" votes="1137" />
                <Precinct name="DEEPSTEP" votes="76" />
            </VoteType>
            <VoteType name="Provisional" votes="11">
                <Precinct name="RIDDLEVILLE" votes="0" />
                <Precinct name="WARTHEN" votes="3" />
                <Precinct name="TENNILLE" votes="0" />
                <Precinct name="OCONEE" votes="0" />
                <Precinct name="HARRISON" votes="1" />
                <Precinct name="DAVISBORO" votes="1" />
                <Precinct name="SANDERSVILLE" votes="6" />
                <Precinct name="DEEPSTEP" votes="0" />
            </VoteType>
        </Choice>
        <Choice key="20" text="HILLARY CLINTON" totalVotes="4200">
            <VoteType name="Election Day" votes="1824">
                <Precinct name="RIDDLEVILLE" votes="79" />
                <Precinct name="WARTHEN" votes="129" />
                <Precinct name="TENNILLE" votes="398" />
                <Precinct name="OCONEE" votes="81" />
                <Precinct name="HARRISON" votes="127" />
                <Precinct name="DAVISBORO" votes="152" />
                <Precinct name="SANDERSVILLE" votes="812" />
                <Precinct name="DEEPSTEP" votes="46" />
            </VoteType>
            <VoteType name="Absentee by Mail" votes="444">
                <Precinct name="RIDDLEVILLE" votes="10" />
                <Precinct name="WARTHEN" votes="11" />
                <Precinct name="TENNILLE" votes="65" />
                <Precinct name="OCONEE" votes="23" />
                <Precinct name="HARRISON" votes="40" />
                <Precinct name="DAVISBORO" votes="50" />
                <Precinct name="SANDERSVILLE" votes="227" />
                <Precinct name="DEEPSTEP" votes="18" />
            </VoteType>
            <VoteType name="Advance in Person" votes="1919">
                <Precinct name="RIDDLEVILLE" votes="46" />
                <Precinct name="WARTHEN" votes="77" />
                <Precinct name="TENNILLE" votes="413" />
                <Precinct name="OCONEE" votes="70" />
                <Precinct name="HARRISON" votes="64" />
                <Precinct name="DAVISBORO" votes="63" />
                <Precinct name="SANDERSVILLE" votes="1149" />
                <Precinct name="DEEPSTEP" votes="37" />
            </VoteType>
            <VoteType name="Provisional" votes="13">
                <Precinct name="RIDDLEVILLE" votes="0" />
                <Precinct name="WARTHEN" votes="1" />
                <Precinct name="TENNILLE" votes="4" />
                <Precinct name="OCONEE" votes="0" />
                <Precinct name="HARRISON" votes="0" />
                <Precinct name="DAVISBORO" votes="2" />
                <Precinct name="SANDERSVILLE" votes="6" />
                <Precinct name="DEEPSTEP" votes="0" />
            </VoteType>
        </Choice>
        <Choice key="30" text="GARY JOHNSON" totalVotes="98">
            <VoteType name="Election Day" votes="43">
                <Precinct name="RIDDLEVILLE" votes="1" />
                <Precinct name="WARTHEN" votes="3" />
                <Precinct name="TENNILLE" votes="11" />
                <Precinct name="OCONEE" votes="1" />
                <Precinct name="HARRISON" votes="6" />
                <Precinct name="DAVISBORO" votes="1" />
                <Precinct name="SANDERSVILLE" votes="18" />
                <Precinct name="DEEPSTEP" votes="2" />
            </VoteType>
            <VoteType name="Absentee by Mail" votes="12">
                <Precinct name="RIDDLEVILLE" votes="2" />
                <Precinct name="WARTHEN" votes="1" />
                <Precinct name="TENNILLE" votes="2" />
                <Precinct name="OCONEE" votes="1" />
                <Precinct name="HARRISON" votes="0" />
                <Precinct name="DAVISBORO" votes="1" />
                <Precinct name="SANDERSVILLE" votes="5" />
                <Precinct name="DEEPSTEP" votes="0" />
            </VoteType>
            <VoteType name="Advance in Person" votes="42">
                <Precinct name="RIDDLEVILLE" votes="4" />
                <Precinct name="WARTHEN" votes="1" />
                <Precinct name="TENNILLE" votes="5" />
                <Precinct name="OCONEE" votes="1" />
                <Precinct name="HARRISON" votes="3" />
                <Precinct name="DAVISBORO" votes="2" />
                <Precinct name="SANDERSVILLE" votes="26" />
                <Precinct name="DEEPSTEP" votes="0" />
            </VoteType>
            <VoteType name="Provisional" votes="1">
                <Precinct name="RIDDLEVILLE" votes="0" />
                <Precinct name="WARTHEN" votes="0" />
                <Precinct name="TENNILLE" votes="0" />
                <Precinct name="OCONEE" votes="0" />
                <Precinct name="HARRISON" votes="0" />
                <Precinct name="DAVISBORO" votes="0" />
                <Precinct name="SANDERSVILLE" votes="1" />
                <Precinct name="DEEPSTEP" votes="0" />
            </VoteType>
        </Choice>
    </Contest>
    <Contest key="10" text="United States Senator, Isakson" isQuestion="false" precinctsReporting="8" precinctsReported="8">
        <VoteType name="Number of Precincts for Race" votes="8">
            <Precinct name="RIDDLEVILLE" votes="1" />
            <Precinct name="WARTHEN" votes="1" />
            <Precinct name="TENNILLE" votes="1" />
            <Precinct name="OCONEE" votes="1" />
            <Precinct name="HARRISON" votes="1" />
            <Precinct name="DAVISBORO" votes="1" />
            <Precinct name="SANDERSVILLE" votes="1" />
            <Precinct name="DEEPSTEP" votes="1" />
        </VoteType>
        <VoteType name="Number of Precincts Reporting" votes="8">
            <Precinct name="RIDDLEVILLE" votes="1" />
            <Precinct name="WARTHEN" votes="1" />
            <Precinct name="TENNILLE" votes="1" />
            <Precinct name="OCONEE" votes="1" />
            <Precinct name="HARRISON" votes="1" />
            <Precinct name="DAVISBORO" votes="1" />
            <Precinct name="SANDERSVILLE" votes="1" />
            <Precinct name="DEEPSTEP" votes="1" />
        </VoteType>
        <Choice key="10" text="JOHNNY ISAKSON (I)" totalVotes="4092">
            <VoteType name="Election Day" votes="1745">
                <Precinct name="RIDDLEVILLE" votes="169" />
                <Precinct name="WARTHEN" votes="173" />
                <Precinct name="TENNILLE" votes="271" />
                <Precinct name="OCONEE" votes="124" />
                <Precinct name="HARRISON" votes="208" />
                <Precinct name="DAVISBORO" votes="162" />
                <Precinct name="SANDERSVILLE" votes="470" />
                <Precinct name="DEEPSTEP" votes="168" />
            </VoteType>
            <VoteType name="Absentee by Mail" votes="273">
                <Precinct name="RIDDLEVILLE" votes="15" />
                <Precinct name="WARTHEN" votes="12" />
                <Precinct name="TENNILLE" votes="32" />
                <Precinct name="OCONEE" votes="11" />
                <Precinct name="HARRISON" votes="22" />
                <Precinct name="DAVISBORO" votes="21" />
                <Precinct name="SANDERSVILLE" votes="146" />
                <Precinct name="DEEPSTEP" votes="14" />
            </VoteType>
            <VoteType name="Advance in Person" votes="2065">
                <Precinct name="RIDDLEVILLE" votes="85" />
                <Precinct name="WARTHEN" votes="89" />
                <Precinct name="TENNILLE" votes="330" />
                <Precinct name="OCONEE" votes="67" />
                <Precinct name="HARRISON" votes="171" />
                <Precinct name="DAVISBORO" votes="108" />
                <Precinct name="SANDERSVILLE" votes="1141" />
                <Precinct name="DEEPSTEP" votes="74" />
            </VoteType>
            <VoteType name="Provisional" votes="9">
                <Precinct name="RIDDLEVILLE" votes="0" />
                <Precinct name="WARTHEN" votes="1" />
                <Precinct name="TENNILLE" votes="0" />
                <Precinct name="OCONEE" votes="0" />
                <Precinct name="HARRISON" votes="1" />
                <Precinct name="DAVISBORO" votes="1" />
                <Precinct name="SANDERSVILLE" votes="6" />
                <Precinct name="DEEPSTEP" votes="0" />
            </VoteType>
        </Choice>
        <Choice key="20" text="JIM BARKSDALE" totalVotes="3608">
            <VoteType name="Election Day" votes="1568">
                <Precinct name="RIDDLEVILLE" votes="68" />
                <Precinct name="WARTHEN" votes="106" />
                <Precinct name="TENNILLE" votes="348" />
                <Precinct name="OCONEE" votes="69" />
                <Precinct name="HARRISON" votes="98" />
                <Precinct name="DAVISBORO" votes="130" />
                <Precinct name="SANDERSVILLE" votes="707" />
                <Precinct name="DEEPSTEP" votes="42" />
            </VoteType>
            <VoteType name="Absentee by Mail" votes="417">
                <Precinct name="RIDDLEVILLE" votes="10" />
                <Precinct name="WARTHEN" votes="9" />
                <Precinct name="TENNILLE" votes="59" />
                <Precinct name="OCONEE" votes="20" />
                <Precinct name="HARRISON" votes="39" />
                <Precinct name="DAVISBORO" votes="46" />
                <Precinct name="SANDERSVILLE" votes="215" />
                <Precinct name="DEEPSTEP" votes="19" />
            </VoteType>
            <VoteType name="Advance in Person" votes="1609">
                <Precinct name="RIDDLEVILLE" votes="44" />
                <Precinct name="WARTHEN" votes="65" />
                <Precinct name="TENNILLE" votes="355" />
                <Precinct name="OCONEE" votes="57" />
                <Precinct name="HARRISON" votes="54" />
                <Precinct name="DAVISBORO" votes="58" />
                <Precinct name="SANDERSVILLE" votes="943" />
                <Precinct name="DEEPSTEP" votes="33" />
            </VoteType>
            <VoteType name="Provisional" votes="14">
                <Precinct name="RIDDLEVILLE" votes="0" />
                <Precinct name="WARTHEN" votes="2" />
                <Precinct name="TENNILLE" votes="4" />
                <Precinct name="OCONEE" votes="0" />
                <Precinct name="HARRISON" votes="0" />
                <Precinct name="DAVISBORO" votes="2" />
                <Precinct name="SANDERSVILLE" votes="6" />
                <Precinct name="DEEPSTEP" votes="0" />
            </VoteType>
        </Choice>
        <Choice key="30" text="ALLEN BUCKLEY" totalVotes="107">
            <VoteType name="Election Day" votes="57">
                <Precinct name="RIDDLEVILLE" votes="0" />
                <Precinct name="WARTHEN" votes="5" />
                <Precinct name="TENNILLE" votes="10" />
                <Precinct name="OCONEE" votes="4" />
                <Precinct name="HARRISON" votes="10" />
                <Precinct name="DAVISBORO" votes="5" />
                <Precinct name="SANDERSVILLE" votes="18" />
                <Precinct name="DEEPSTEP" votes="5" />
            </VoteType>
            <VoteType name="Absentee by Mail" votes="6">
                <Precinct name="RIDDLEVILLE" votes="0" />
                <Precinct name="WARTHEN" votes="1" />
                <Precinct name="TENNILLE" votes="0" />
                <Precinct name="OCONEE" votes="0" />
                <Precinct name="HARRISON" votes="0" />
                <Precinct name="DAVISBORO" votes="0" />
                <Precinct name="SANDERSVILLE" votes="4" />
                <Precinct name="DEEPSTEP" votes="1" />
            </VoteType>
            <VoteType name="Advance in Person" votes="44">
                <Precinct name="RIDDLEVILLE" votes="4" />
                <Precinct name="WARTHEN" votes="2" />
                <Precinct name="TENNILLE" votes="12" />
                <Precinct name="OCONEE" votes="0" />
                <Precinct name="HARRISON" votes="3" />
                <Precinct name="DAVISBORO" votes="0" />
                <Precinct name="SANDERSVILLE" votes="22" />
                <Precinct name="DEEPSTEP" votes="1" />
            </VoteType>
            <VoteType name="Provisional" votes="0">
                <Precinct name="RIDDLEVILLE" votes="0" />
                <Precinct name="WARTHEN" votes="0" />
                <Precinct name="TENNILLE" votes="0" />
                <Precinct name="OCONEE" votes="0" />
                <Precinct name="HARRISON" votes="0" />
                <Precinct name="DAVISBORO" votes="0" />
                <Precinct name="SANDERSVILLE" votes="0" />
                <Precinct name="DEEPSTEP" votes="0" />
            </VoteType>
        </Choice>
    </Contest>
    <Contest key="30" text="Public Service Commission, District 2 - Eastern" isQuestion="false" precinctsReporting="8" precinctsReported="8">
        <VoteType name="Number of Precincts for Race" votes="8">
            <Precinct name="RIDDLEVILLE" votes="1" />
            <Precinct name="WARTHEN" votes="1" />
            <Precinct name="TENNILLE" votes="1" />
            <Precinct name="OCONEE" votes="1" />
            <Precinct name="HARRISON" votes="1" />
            <Precinct name="DAVISBORO" votes="1" />
            <Precinct name="SANDERSVILLE" votes="1" />
            <Precinct name="DEEPSTEP" votes="1" />
        </VoteType>
        <VoteType name="Number of Precincts Reporting" votes="8">
            <Precinct name="RIDDLEVILLE" votes="1" />
            <Precinct name="WARTHEN" votes="1" />
            <Precinct name="TENNILLE" votes="1" />
            <Precinct name="OCONEE" votes="1" />
            <Precinct name="HARRISON" votes="1" />
            <Precinct name="DAVISBORO" votes="1" />
            <Precinct name="SANDERSVILLE" votes="1" />
            <Precinct name="DEEPSTEP" votes="1" />
        </VoteType>
        <Choice key="10" text="TIM ECHOLS (I)" totalVotes="4536">
            <VoteType name="Election Day" votes="1922">
                <Precinct name="RIDDLEVILLE" votes="166" />
                <Precinct name="WARTHEN" votes="172" />
                <Precinct name="TENNILLE" votes="319" />
                <Precinct name="OCONEE" votes="120" />
                <Precinct name="HARRISON" votes="210" />
                <Precinct name="DAVISBORO" votes="177" />
                <Precinct name="SANDERSVILLE" votes="582" />
                <Precinct name="DEEPSTEP" votes="176" />
            </VoteType>
            <VoteType name="Absentee by Mail" votes="340">
                <Precinct name="RIDDLEVILLE" votes="14" />
                <Precinct name="WARTHEN" votes="14" />
                <Precinct name="TENNILLE" votes="46" />
                <Precinct name="OCONEE" votes="12" />
                <Precinct name="HARRISON" votes="22" />
                <Precinct name="DAVISBORO" votes="27" />
                <Precinct name="SANDERSVILLE" votes="190" />
                <Precinct name="DEEPSTEP" votes="15" />
            </VoteType>
            <VoteType name="Advance in Person" votes="2262">
                <Precinct name="RIDDLEVILLE" votes="94" />
                <Precinct name="WARTHEN" votes="95" />
                <Precinct name="TENNILLE" votes="381" />
                <Precinct name="OCONEE" votes="65" />
                <Precinct name="HARRISON" votes="171" />
                <Precinct name="DAVISBORO" votes="114" />
                <Precinct name="SANDERSVILLE" votes="1272" />
                <Precinct name="DEEPSTEP" votes="70" />
            </VoteType>
            <VoteType name="Provisional" votes="12">
                <Precinct name="RIDDLEVILLE" votes="0" />
                <Precinct name="WARTHEN" votes="3" />
                <Precinct name="TENNILLE" votes="0" />
                <Precinct name="OCONEE" votes="0" />
                <Precinct name="HARRISON" votes="1" />
                <Precinct name="DAVISBORO" votes="1" />
                <Precinct name="SANDERSVILLE" votes="7" />
                <Precinct name="DEEPSTEP" votes="0" />
            </VoteType>
        </Choice>
        <Choice key="20" text="ERIC HOSKINS" totalVotes="1885">
            <VoteType name="Election Day" votes="900">
                <Precinct name="RIDDLEVILLE" votes="33" />
                <Precinct name="WARTHEN" votes="62" />
                <Precinct name="TENNILLE" votes="198" />
                <Precinct name="OCONEE" votes="38" />
                <Precinct name="HARRISON" votes="78" />
                <Precinct name="DAVISBORO" votes="76" />
                <Precinct name="SANDERSVILLE" votes="392" />
                <Precinct name="DEEPSTEP" votes="23" />
            </VoteType>
            <VoteType name="Absentee by Mail" votes="184">
                <Precinct name="RIDDLEVILLE" votes="2" />
                <Precinct name="WARTHEN" votes="5" />
                <Precinct name="TENNILLE" votes="29" />
                <Precinct name="OCONEE" votes="10" />
                <Precinct name="HARRISON" votes="17" />
                <Precinct name="DAVISBORO" votes="15" />
                <Precinct name="SANDERSVILLE" votes="99" />
                <Precinct name="DEEPSTEP" votes="7" />
            </VoteType>
            <VoteType name="Advance in Person" votes="791">
                <Precinct name="RIDDLEVILLE" votes="19" />
                <Precinct name="WARTHEN" votes="38" />
                <Precinct name="TENNILLE" votes="178" />
                <Precinct name="OCONEE" votes="25" />
                <Precinct name="HARRISON" votes="35" />
                <Precinct name="DAVISBORO" votes="27" />
                <Precinct name="SANDERSVILLE" votes="449" />
                <Precinct name="DEEPSTEP" votes="20" />
            </VoteType>
            <VoteType name="Provisional" votes="10">
                <Precinct name="RIDDLEVILLE" votes="0" />
                <Precinct name="WARTHEN" votes="0" />
                <Precinct name="TENNILLE" votes="4" />
                <Precinct name="OCONEE" votes="0" />
                <Precinct name="HARRISON" votes="0" />
                <Precinct name="DAVISBORO" votes="2" />
                <Precinct name="SANDERSVILLE" votes="4" />
                <Precinct name="DEEPSTEP" votes="0" />
            </VoteType>
        </Choice>
    </Contest>
    <Contest key="50" text="U.S. Representative, District 10" isQuestion="false" precinctsReporting="8" precinctsReported="8">
        <VoteType name="Number of Precincts for Race" votes="8">
            <Precinct name="RIDDLEVILLE" votes="1" />
            <Precinct name="WARTHEN" votes="1" />
            <Precinct name="TENNILLE" votes="1" />
            <Precinct name="OCONEE" votes="1" />
            <Precinct name="HARRISON" votes="1" />
            <Precinct name="DAVISBORO" votes="1" />
            <Precinct name="SANDERSVILLE" votes="1" />
            <Precinct name="DEEPSTEP" votes="1" />
        </VoteType>
        <VoteType name="Number of Precincts Reporting" votes="8">
            <Precinct name="RIDDLEVILLE" votes="1" />
            <Precinct name="WARTHEN" votes="1" />
            <Precinct name="TENNILLE" votes="1" />
            <Precinct name="OCONEE" votes="1" />
            <Precinct name="HARRISON" votes="1" />
            <Precinct name="DAVISBORO" votes="1" />
            <Precinct name="SANDERSVILLE" votes="1" />
            <Precinct name="DEEPSTEP" votes="1" />
        </VoteType>
        <Choice key="10" text="JODY HICE (I)" totalVotes="5591">
            <VoteType name="Election Day" votes="2471">
                <Precinct name="RIDDLEVILLE" votes="190" />
                <Precinct name="WARTHEN" votes="207" />
                <Precinct name="TENNILLE" votes="432" />
                <Precinct name="OCONEE" votes="140" />
                <Precinct name="HARRISON" votes="260" />
                <Precinct name="DAVISBORO" votes="221" />
                <Precinct name="SANDERSVILLE" votes="833" />
                <Precinct name="DEEPSTEP" votes="188" />
            </VoteType>
            <VoteType name="Absentee by Mail" votes="394">
                <Precinct name="RIDDLEVILLE" votes="15" />
                <Precinct name="WARTHEN" votes="14" />
                <Precinct name="TENNILLE" votes="59" />
                <Precinct name="OCONEE" votes="18" />
                <Precinct name="HARRISON" votes="23" />
                <Precinct name="DAVISBORO" votes="36" />
                <Precinct name="SANDERSVILLE" votes="214" />
                <Precinct name="DEEPSTEP" votes="15" />
            </VoteType>
            <VoteType name="Advance in Person" votes="2707">
                <Precinct name="RIDDLEVILLE" votes="105" />
                <Precinct name="WARTHEN" votes="123" />
                <Precinct name="TENNILLE" votes="472" />
                <Precinct name="OCONEE" votes="78" />
                <Precinct name="HARRISON" votes="193" />
                <Precinct name="DAVISBORO" votes="130" />
                <Precinct name="SANDERSVILLE" votes="1525" />
                <Precinct name="DEEPSTEP" votes="81" />
            </VoteType>
            <VoteType name="Provisional" votes="19">
                <Precinct name="RIDDLEVILLE" votes="0" />
                <Precinct name="WARTHEN" votes="3" />
                <Precinct name="TENNILLE" votes="3" />
                <Precinct name="OCONEE" votes="0" />
                <Precinct name="HARRISON" votes="1" />
                <Precinct name="DAVISBORO" votes="3" />
                <Precinct name="SANDERSVILLE" votes="9" />
                <Precinct name="DEEPSTEP" votes="0" />
            </VoteType>
        </Choice>
    </Contest>
    <Contest key="80" text="State Senator, District 26" isQuestion="false" precinctsReporting="8" precinctsReported="8">
        <VoteType name="Number of Precincts for Race" votes="8">
            <Precinct name="RIDDLEVILLE" votes="1" />
            <Precinct name="WARTHEN" votes="1" />
            <Precinct name="TENNILLE" votes="1" />
            <Precinct name="OCONEE" votes="1" />
            <Precinct name="HARRISON" votes="1" />
            <Precinct name="DAVISBORO" votes="1" />
            <Precinct name="SANDERSVILLE" votes="1" />
            <Precinct name="DEEPSTEP" votes="1" />
        </VoteType>
        <VoteType name="Number of Precincts Reporting" votes="8">
            <Precinct name="RIDDLEVILLE" votes="1" />
            <Precinct name="WARTHEN" votes="1" />
            <Precinct name="TENNILLE" votes="1" />
            <Precinct name="OCONEE" votes="1" />
            <Precinct name="HARRISON" votes="1" />
            <Precinct name="DAVISBORO" votes="1" />
            <Precinct name="SANDERSVILLE" votes="1" />
            <Precinct name="DEEPSTEP" votes="1" />
        </VoteType>
        <Choice key="10" text="DAVID LUCAS SR (I)" totalVotes="6106">
            <VoteType name="Election Day" votes="2683">
                <Precinct name="RIDDLEVILLE" votes="165" />
                <Precinct name="WARTHEN" votes="207" />
                <Precinct name="TENNILLE" votes="526" />
                <Precinct name="OCONEE" votes="135" />
                <Precinct name="HARRISON" votes="242" />
                <Precinct name="DAVISBORO" votes="236" />
                <Precinct name="SANDERSVILLE" votes="1024" />
                <Precinct name="DEEPSTEP" votes="148" />
            </VoteType>
            <VoteType name="Absentee by Mail" votes="555">
                <Precinct name="RIDDLEVILLE" votes="18" />
                <Precinct name="WARTHEN" votes="16" />
                <Precinct name="TENNILLE" votes="75" />
                <Precinct name="OCONEE" votes="30" />
                <Precinct name="HARRISON" votes="48" />
                <Precinct name="DAVISBORO" votes="50" />
                <Precinct name="SANDERSVILLE" votes="296" />
                <Precinct name="DEEPSTEP" votes="22" />
            </VoteType>
            <VoteType name="Advance in Person" votes="2850">
                <Precinct name="RIDDLEVILLE" votes="97" />
                <Precinct name="WARTHEN" votes="115" />
                <Precinct name="TENNILLE" votes="544" />
                <Precinct name="OCONEE" votes="98" />
                <Precinct name="HARRISON" votes="168" />
                <Precinct name="DAVISBORO" votes="125" />
                <Precinct name="SANDERSVILLE" votes="1633" />
                <Precinct name="DEEPSTEP" votes="70" />
            </VoteType>
            <VoteType name="Provisional" votes="18">
                <Precinct name="RIDDLEVILLE" votes="0" />
                <Precinct name="WARTHEN" votes="2" />
                <Precinct name="TENNILLE" votes="4" />
                <Precinct name="OCONEE" votes="0" />
                <Precinct name="HARRISON" votes="0" />
                <Precinct name="DAVISBORO" votes="3" />
                <Precinct name="SANDERSVILLE" votes="9" />
                <Precinct name="DEEPSTEP" votes="0" />
            </VoteType>
        </Choice>
    </Contest>
    <Contest key="95" text="State Representative, District 128" isQuestion="false" precinctsReporting="8" precinctsReported="8">
        <VoteType name="Number of Precincts for Race" votes="8">
            <Precinct name="RIDDLEVILLE" votes="1" />
            <Precinct name="WARTHEN" votes="1" />
            <Precinct name="TENNILLE" votes="1" />
            <Precinct name="OCONEE" votes="1" />
            <Precinct name="HARRISON" votes="1" />
            <Precinct name="DAVISBORO" votes="1" />
            <Precinct name="SANDERSVILLE" votes="1" />
            <Precinct name="DEEPSTEP" votes="1" />
        </VoteType>
        <VoteType name="Number of Precincts Reporting" votes="8">
            <Precinct name="RIDDLEVILLE" votes="1" />
            <Precinct name="WARTHEN" votes="1" />
            <Precinct name="TENNILLE" votes="1" />
            <Precinct name="OCONEE" votes="1" />
            <Precinct name="HARRISON" votes="1" />
            <Precinct name="DAVISBORO" votes="1" />
            <Precinct name="SANDERSVILLE" votes="1" />
            <Precinct name="DEEPSTEP" votes="1" />
        </VoteType>
        <Choice key="10" text="MACK JACKSON (I)" totalVotes="6759">
            <VoteType name="Election Day" votes="2907">
                <Precinct name="RIDDLEVILLE" votes="187" />
                <Precinct name="WARTHEN" votes="230" />
                <Precinct name="TENNILLE" votes="580" />
                <Precinct name="OCONEE" votes="148" />
                <Precinct name="HARRISON" votes="258" />
                <Precinct name="DAVISBORO" votes="243" />
                <Precinct name="SANDERSVILLE" votes="1101" />
                <Precinct name="DEEPSTEP" votes="160" />
            </VoteType>
            <VoteType name="Absentee by Mail" votes="597">
                <Precinct name="RIDDLEVILLE" votes="20" />
                <Precinct name="WARTHEN" votes="18" />
                <Precinct name="TENNILLE" votes="81" />
                <Precinct name="OCONEE" votes="31" />
                <Precinct name="HARRISON" votes="49" />
                <Precinct name="DAVISBORO" votes="51" />
                <Precinct name="SANDERSVILLE" votes="320" />
                <Precinct name="DEEPSTEP" votes="27" />
            </VoteType>
            <VoteType name="Advance in Person" votes="3236">
                <Precinct name="RIDDLEVILLE" votes="112" />
                <Precinct name="WARTHEN" votes="127" />
                <Precinct name="TENNILLE" votes="633" />
                <Precinct name="OCONEE" votes="104" />
                <Precinct name="HARRISON" votes="180" />
                <Precinct name="DAVISBORO" votes="136" />
                <Precinct name="SANDERSVILLE" votes="1864" />
                <Precinct name="DEEPSTEP" votes="80" />
            </VoteType>
            <VoteType name="Provisional" votes="19">
                <Precinct name="RIDDLEVILLE" votes="0" />
                <Precinct name="WARTHEN" votes="3" />
                <Precinct name="TENNILLE" votes="3" />
                <Precinct name="OCONEE" votes="0" />
                <Precinct name="HARRISON" votes="0" />
                <Precinct name="DAVISBORO" votes="3" />
                <Precinct name="SANDERSVILLE" votes="10" />
                <Precinct name="DEEPSTEP" votes="0" />
            </VoteType>
        </Choice>
    </Contest>
    <Contest key="100" text="District Attorney, Middle Circuit" isQuestion="false" precinctsReporting="8" precinctsReported="8">
        <VoteType name="Number of Precincts for Race" votes="8">
            <Precinct name="RIDDLEVILLE" votes="1" />
            <Precinct name="WARTHEN" votes="1" />
            <Precinct name="TENNILLE" votes="1" />
            <Precinct name="OCONEE" votes="1" />
            <Precinct name="HARRISON" votes="1" />
            <Precinct name="DAVISBORO" votes="1" />
            <Precinct name="SANDERSVILLE" votes="1" />
            <Precinct name="DEEPSTEP" votes="1" />
        </VoteType>
        <VoteType name="Number of Precincts Reporting" votes="8">
            <Precinct name="RIDDLEVILLE" votes="1" />
            <Precinct name="WARTHEN" votes="1" />
            <Precinct name="TENNILLE" votes="1" />
            <Precinct name="OCONEE" votes="1" />
            <Precinct name="HARRISON" votes="1" />
            <Precinct name="DAVISBORO" votes="1" />
            <Precinct name="SANDERSVILLE" votes="1" />
            <Precinct name="DEEPSTEP" votes="1" />
        </VoteType>
        <Choice key="10" text="HAYWARD ALTMAN (I)" totalVotes="5363">
            <VoteType name="Election Day" votes="2336">
                <Precinct name="RIDDLEVILLE" votes="171" />
                <Precinct name="WARTHEN" votes="199" />
                <Precinct name="TENNILLE" votes="411" />
                <Precinct name="OCONEE" votes="129" />
                <Precinct name="HARRISON" votes="238" />
                <Precinct name="DAVISBORO" votes="211" />
                <Precinct name="SANDERSVILLE" votes="799" />
                <Precinct name="DEEPSTEP" votes="178" />
            </VoteType>
            <VoteType name="Absentee by Mail" votes="385">
                <Precinct name="RIDDLEVILLE" votes="14" />
                <Precinct name="WARTHEN" votes="14" />
                <Precinct name="TENNILLE" votes="60" />
                <Precinct name="OCONEE" votes="18" />
                <Precinct name="HARRISON" votes="21" />
                <Precinct name="DAVISBORO" votes="35" />
                <Precinct name="SANDERSVILLE" votes="210" />
                <Precinct name="DEEPSTEP" votes="13" />
            </VoteType>
            <VoteType name="Advance in Person" votes="2624">
                <Precinct name="RIDDLEVILLE" votes="103" />
                <Precinct name="WARTHEN" votes="115" />
                <Precinct name="TENNILLE" votes="460" />
                <Precinct name="OCONEE" votes="80" />
                <Precinct name="HARRISON" votes="182" />
                <Precinct name="DAVISBORO" votes="124" />
                <Precinct name="SANDERSVILLE" votes="1480" />
                <Precinct name="DEEPSTEP" votes="80" />
            </VoteType>
            <VoteType name="Provisional" votes="18">
                <Precinct name="RIDDLEVILLE" votes="0" />
                <Precinct name="WARTHEN" votes="3" />
                <Precinct name="TENNILLE" votes="3" />
                <Precinct name="OCONEE" votes="0" />
                <Precinct name="HARRISON" votes="1" />
                <Precinct name="DAVISBORO" votes="2" />
                <Precinct name="SANDERSVILLE" votes="9" />
                <Precinct name="DEEPSTEP" votes="0" />
            </VoteType>
        </Choice>
    </Contest>
    <Contest key="310" text="Probate Judge" isQuestion="false" precinctsReporting="8" precinctsReported="8">
        <VoteType name="Number of Precincts for Race" votes="8">
            <Precinct name="RIDDLEVILLE" votes="1" />
            <Precinct name="WARTHEN" votes="1" />
            <Precinct name="TENNILLE" votes="1" />
            <Precinct name="OCONEE" votes="1" />
            <Precinct name="HARRISON" votes="1" />
            <Precinct name="DAVISBORO" votes="1" />
            <Precinct name="SANDERSVILLE" votes="1" />
            <Precinct name="DEEPSTEP" votes="1" />
        </VoteType>
        <VoteType name="Number of Precincts Reporting" votes="8">
            <Precinct name="RIDDLEVILLE" votes="1" />
            <Precinct name="WARTHEN" votes="1" />
            <Precinct name="TENNILLE" votes="1" />
            <Precinct name="OCONEE" votes="1" />
            <Precinct name="HARRISON" votes="1" />
            <Precinct name="DAVISBORO" votes="1" />
            <Precinct name="SANDERSVILLE" votes="1" />
            <Precinct name="DEEPSTEP" votes="1" />
        </VoteType>
        <Choice key="10" text="R. A. SHEPPARD(I)(D)" totalVotes="6986">
            <VoteType name="Election Day" votes="3012">
                <Precinct name="RIDDLEVILLE" votes="201" />
                <Precinct name="WARTHEN" votes="243" />
                <Precinct name="TENNILLE" votes="573" />
                <Precinct name="OCONEE" votes="169" />
                <Precinct name="HARRISON" votes="272" />
                <Precinct name="DAVISBORO" votes="259" />
                <Precinct name="SANDERSVILLE" votes="1110" />
                <Precinct name="DEEPSTEP" votes="185" />
            </VoteType>
            <VoteType name="Absentee by Mail" votes="603">
                <Precinct name="RIDDLEVILLE" votes="19" />
                <Precinct name="WARTHEN" votes="21" />
                <Precinct name="TENNILLE" votes="86" />
                <Precinct name="OCONEE" votes="32" />
                <Precinct name="HARRISON" votes="45" />
                <Precinct name="DAVISBORO" votes="54" />
                <Precinct name="SANDERSVILLE" votes="318" />
                <Precinct name="DEEPSTEP" votes="28" />
            </VoteType>
            <VoteType name="Advance in Person" votes="3351">
                <Precinct name="RIDDLEVILLE" votes="115" />
                <Precinct name="WARTHEN" votes="135" />
                <Precinct name="TENNILLE" votes="629" />
                <Precinct name="OCONEE" votes="110" />
                <Precinct name="HARRISON" votes="190" />
                <Precinct name="DAVISBORO" votes="150" />
                <Precinct name="SANDERSVILLE" votes="1929" />
                <Precinct name="DEEPSTEP" votes="93" />
            </VoteType>
            <VoteType name="Provisional" votes="20">
                <Precinct name="RIDDLEVILLE" votes="0" />
                <Precinct name="WARTHEN" votes="3" />
                <Precinct name="TENNILLE" votes="4" />
                <Precinct name="OCONEE" votes="0" />
                <Precinct name="HARRISON" votes="0" />
                <Precinct name="DAVISBORO" votes="3" />
                <Precinct name="SANDERSVILLE" votes="10" />
                <Precinct name="DEEPSTEP" votes="0" />
            </VoteType>
        </Choice>
    </Contest>
    <Contest key="325" text="Superior Court Clerk" isQuestion="false" precinctsReporting="8" precinctsReported="8">
        <VoteType name="Number of Precincts for Race" votes="8">
            <Precinct name="RIDDLEVILLE" votes="1" />
            <Precinct name="WARTHEN" votes="1" />
            <Precinct name="TENNILLE" votes="1" />
            <Precinct name="OCONEE" votes="1" />
            <Precinct name="HARRISON" votes="1" />
            <Precinct name="DAVISBORO" votes="1" />
            <Precinct name="SANDERSVILLE" votes="1" />
            <Precinct name="DEEPSTEP" votes="1" />
        </VoteType>
        <VoteType name="Number of Precincts Reporting" votes="8">
            <Precinct name="RIDDLEVILLE" votes="1" />
            <Precinct name="WARTHEN" votes="1" />
            <Precinct name="TENNILLE" votes="1" />
            <Precinct name="OCONEE" votes="1" />
            <Precinct name="HARRISON" votes="1" />
            <Precinct name="DAVISBORO" votes="1" />
            <Precinct name="SANDERSVILLE" votes="1" />
            <Precinct name="DEEPSTEP" votes="1" />
        </VoteType>
        <Choice key="10" text="J. H. CONNER (I)(D)" totalVotes="7051">
            <VoteType name="Election Day" votes="3047">
                <Precinct name="RIDDLEVILLE" votes="213" />
                <Precinct name="WARTHEN" votes="240" />
                <Precinct name="TENNILLE" votes="583" />
                <Precinct name="OCONEE" votes="172" />
                <Precinct name="HARRISON" votes="285" />
                <Precinct name="DAVISBORO" votes="266" />
                <Precinct name="SANDERSVILLE" votes="1109" />
                <Precinct name="DEEPSTEP" votes="179" />
            </VoteType>
            <VoteType name="Absentee by Mail" votes="606">
                <Precinct name="RIDDLEVILLE" votes="18" />
                <Precinct name="WARTHEN" votes="22" />
                <Precinct name="TENNILLE" votes="84" />
                <Precinct name="OCONEE" votes="31" />
                <Precinct name="HARRISON" votes="50" />
                <Precinct name="DAVISBORO" votes="54" />
                <Precinct name="SANDERSVILLE" votes="319" />
                <Precinct name="DEEPSTEP" votes="28" />
            </VoteType>
            <VoteType name="Advance in Person" votes="3379">
                <Precinct name="RIDDLEVILLE" votes="120" />
                <Precinct name="WARTHEN" votes="137" />
                <Precinct name="TENNILLE" votes="637" />
                <Precinct name="OCONEE" votes="111" />
                <Precinct name="HARRISON" votes="202" />
                <Precinct name="DAVISBORO" votes="142" />
                <Precinct name="SANDERSVILLE" votes="1934" />
                <Precinct name="DEEPSTEP" votes="96" />
            </VoteType>
            <VoteType name="Provisional" votes="19">
                <Precinct name="RIDDLEVILLE" votes="0" />
                <Precinct name="WARTHEN" votes="3" />
                <Precinct name="TENNILLE" votes="3" />
                <Precinct name="OCONEE" votes="0" />
                <Precinct name="HARRISON" votes="0" />
                <Precinct name="DAVISBORO" votes="3" />
                <Precinct name="SANDERSVILLE" votes="10" />
                <Precinct name="DEEPSTEP" votes="0" />
            </VoteType>
        </Choice>
    </Contest>
    <Contest key="340" text="Sheriff" isQuestion="false" precinctsReporting="8" precinctsReported="8">
        <VoteType name="Number of Precincts for Race" votes="8">
            <Precinct name="RIDDLEVILLE" votes="1" />
            <Precinct name="WARTHEN" votes="1" />
            <Precinct name="TENNILLE" votes="1" />
            <Precinct name="OCONEE" votes="1" />
            <Precinct name="HARRISON" votes="1" />
            <Precinct name="DAVISBORO" votes="1" />
            <Precinct name="SANDERSVILLE" votes="1" />
            <Precinct name="DEEPSTEP" votes="1" />
        </VoteType>
        <VoteType name="Number of Precincts Reporting" votes="8">
            <Precinct name="RIDDLEVILLE" votes="1" />
            <Precinct name="WARTHEN" votes="1" />
            <Precinct name="TENNILLE" votes="1" />
            <Precinct name="OCONEE" votes="1" />
            <Precinct name="HARRISON" votes="1" />
            <Precinct name="DAVISBORO" votes="1" />
            <Precinct name="SANDERSVILLE" votes="1" />
            <Precinct name="DEEPSTEP" votes="1" />
        </VoteType>
        <Choice key="10" text="T. H. SMITH (I)(D)" totalVotes="7266">
            <VoteType name="Election Day" votes="3135">
                <Precinct name="RIDDLEVILLE" votes="218" />
                <Precinct name="WARTHEN" votes="258" />
                <Precinct name="TENNILLE" votes="594" />
                <Precinct name="OCONEE" votes="175" />
                <Precinct name="HARRISON" votes="291" />
                <Precinct name="DAVISBORO" votes="284" />
                <Precinct name="SANDERSVILLE" votes="1125" />
                <Precinct name="DEEPSTEP" votes="190" />
            </VoteType>
            <VoteType name="Absentee by Mail" votes="615">
                <Precinct name="RIDDLEVILLE" votes="20" />
                <Precinct name="WARTHEN" votes="18" />
                <Precinct name="TENNILLE" votes="85" />
                <Precinct name="OCONEE" votes="31" />
                <Precinct name="HARRISON" votes="53" />
                <Precinct name="DAVISBORO" votes="57" />
                <Precinct name="SANDERSVILLE" votes="323" />
                <Precinct name="DEEPSTEP" votes="28" />
            </VoteType>
            <VoteType name="Advance in Person" votes="3497">
                <Precinct name="RIDDLEVILLE" votes="125" />
                <Precinct name="WARTHEN" votes="140" />
                <Precinct name="TENNILLE" votes="667" />
                <Precinct name="OCONEE" votes="111" />
                <Precinct name="HARRISON" votes="213" />
                <Precinct name="DAVISBORO" votes="151" />
                <Precinct name="SANDERSVILLE" votes="1992" />
                <Precinct name="DEEPSTEP" votes="98" />
            </VoteType>
            <VoteType name="Provisional" votes="19">
                <Precinct name="RIDDLEVILLE" votes="0" />
                <Precinct name="WARTHEN" votes="3" />
                <Precinct name="TENNILLE" votes="4" />
                <Precinct name="OCONEE" votes="0" />
                <Precinct name="HARRISON" votes="0" />
                <Precinct name="DAVISBORO" votes="3" />
                <Precinct name="SANDERSVILLE" votes="9" />
                <Precinct name="DEEPSTEP" votes="0" />
            </VoteType>
        </Choice>
    </Contest>
    <Contest key="360" text="Tax Commissioner" isQuestion="false" precinctsReporting="8" precinctsReported="8">
        <VoteType name="Number of Precincts for Race" votes="8">
            <Precinct name="RIDDLEVILLE" votes="1" />
            <Precinct name="WARTHEN" votes="1" />
            <Precinct name="TENNILLE" votes="1" />
            <Precinct name="OCONEE" votes="1" />
            <Precinct name="HARRISON" votes="1" />
            <Precinct name="DAVISBORO" votes="1" />
            <Precinct name="SANDERSVILLE" votes="1" />
            <Precinct name="DEEPSTEP" votes="1" />
        </VoteType>
        <VoteType name="Number of Precincts Reporting" votes="8">
            <Precinct name="RIDDLEVILLE" votes="1" />
            <Precinct name="WARTHEN" votes="1" />
            <Precinct name="TENNILLE" votes="1" />
            <Precinct name="OCONEE" votes="1" />
            <Precinct name="HARRISON" votes="1" />
            <Precinct name="DAVISBORO" votes="1" />
            <Precinct name="SANDERSVILLE" votes="1" />
            <Precinct name="DEEPSTEP" votes="1" />
        </VoteType>
        <Choice key="10" text="J. ANDERSON (I)(D)" totalVotes="6941">
            <VoteType name="Election Day" votes="3002">
                <Precinct name="RIDDLEVILLE" votes="219" />
                <Precinct name="WARTHEN" votes="242" />
                <Precinct name="TENNILLE" votes="562" />
                <Precinct name="OCONEE" votes="160" />
                <Precinct name="HARRISON" votes="281" />
                <Precinct name="DAVISBORO" votes="268" />
                <Precinct name="SANDERSVILLE" votes="1093" />
                <Precinct name="DEEPSTEP" votes="177" />
            </VoteType>
            <VoteType name="Absentee by Mail" votes="593">
                <Precinct name="RIDDLEVILLE" votes="18" />
                <Precinct name="WARTHEN" votes="17" />
                <Precinct name="TENNILLE" votes="83" />
                <Precinct name="OCONEE" votes="33" />
                <Precinct name="HARRISON" votes="46" />
                <Precinct name="DAVISBORO" votes="57" />
                <Precinct name="SANDERSVILLE" votes="311" />
                <Precinct name="DEEPSTEP" votes="28" />
            </VoteType>
            <VoteType name="Advance in Person" votes="3326">
                <Precinct name="RIDDLEVILLE" votes="120" />
                <Precinct name="WARTHEN" votes="132" />
                <Precinct name="TENNILLE" votes="629" />
                <Precinct name="OCONEE" votes="112" />
                <Precinct name="HARRISON" votes="199" />
                <Precinct name="DAVISBORO" votes="144" />
                <Precinct name="SANDERSVILLE" votes="1898" />
                <Precinct name="DEEPSTEP" votes="92" />
            </VoteType>
            <VoteType name="Provisional" votes="20">
                <Precinct name="RIDDLEVILLE" votes="0" />
                <Precinct name="WARTHEN" votes="3" />
                <Precinct name="TENNILLE" votes="4" />
                <Precinct name="OCONEE" votes="0" />
                <Precinct name="HARRISON" votes="0" />
                <Precinct name="DAVISBORO" votes="3" />
                <Precinct name="SANDERSVILLE" votes="10" />
                <Precinct name="DEEPSTEP" votes="0" />
            </VoteType>
        </Choice>
    </Contest>
    <Contest key="380" text="Coroner" isQuestion="false" precinctsReporting="8" precinctsReported="8">
        <VoteType name="Number of Precincts for Race" votes="8">
            <Precinct name="RIDDLEVILLE" votes="1" />
            <Precinct name="WARTHEN" votes="1" />
            <Precinct name="TENNILLE" votes="1" />
            <Precinct name="OCONEE" votes="1" />
            <Precinct name="HARRISON" votes="1" />
            <Precinct name="DAVISBORO" votes="1" />
            <Precinct name="SANDERSVILLE" votes="1" />
            <Precinct name="DEEPSTEP" votes="1" />
        </VoteType>
        <VoteType name="Number of Precincts Reporting" votes="8">
            <Precinct name="RIDDLEVILLE" votes="1" />
            <Precinct name="WARTHEN" votes="1" />
            <Precinct name="TENNILLE" votes="1" />
            <Precinct name="OCONEE" votes="1" />
            <Precinct name="HARRISON" votes="1" />
            <Precinct name="DAVISBORO" votes="1" />
            <Precinct name="SANDERSVILLE" votes="1" />
            <Precinct name="DEEPSTEP" votes="1" />
        </VoteType>
        <Choice key="10" text="E. K. MAY (I)(D)" totalVotes="7097">
            <VoteType name="Election Day" votes="3086">
                <Precinct name="RIDDLEVILLE" votes="218" />
                <Precinct name="WARTHEN" votes="259" />
                <Precinct name="TENNILLE" votes="582" />
                <Precinct name="OCONEE" votes="175" />
                <Precinct name="HARRISON" votes="285" />
                <Precinct name="DAVISBORO" votes="273" />
                <Precinct name="SANDERSVILLE" votes="1105" />
                <Precinct name="DEEPSTEP" votes="189" />
            </VoteType>
            <VoteType name="Absentee by Mail" votes="596">
                <Precinct name="RIDDLEVILLE" votes="17" />
                <Precinct name="WARTHEN" votes="20" />
                <Precinct name="TENNILLE" votes="80" />
                <Precinct name="OCONEE" votes="33" />
                <Precinct name="HARRISON" votes="52" />
                <Precinct name="DAVISBORO" votes="52" />
                <Precinct name="SANDERSVILLE" votes="315" />
                <Precinct name="DEEPSTEP" votes="27" />
            </VoteType>
            <VoteType name="Advance in Person" votes="3396">
                <Precinct name="RIDDLEVILLE" votes="119" />
                <Precinct name="WARTHEN" votes="138" />
                <Precinct name="TENNILLE" votes="647" />
                <Precinct name="OCONEE" votes="107" />
                <Precinct name="HARRISON" votes="201" />
                <Precinct name="DAVISBORO" votes="150" />
                <Precinct name="SANDERSVILLE" votes="1941" />
                <Precinct name="DEEPSTEP" votes="93" />
            </VoteType>
            <VoteType name="Provisional" votes="19">
                <Precinct name="RIDDLEVILLE" votes="0" />
                <Precinct name="WARTHEN" votes="3" />
                <Precinct name="TENNILLE" votes="3" />
                <Precinct name="OCONEE" votes="0" />
                <Precinct name="HARRISON" votes="0" />
                <Precinct name="DAVISBORO" votes="3" />
                <Precinct name="SANDERSVILLE" votes="10" />
                <Precinct name="DEEPSTEP" votes="0" />
            </VoteType>
        </Choice>
    </Contest>
    <Contest key="400" text="Chief Magistrate" isQuestion="false" precinctsReporting="8" precinctsReported="8">
        <VoteType name="Number of Precincts for Race" votes="8">
            <Precinct name="RIDDLEVILLE" votes="1" />
            <Precinct name="WARTHEN" votes="1" />
            <Precinct name="TENNILLE" votes="1" />
            <Precinct name="OCONEE" votes="1" />
            <Precinct name="HARRISON" votes="1" />
            <Precinct name="DAVISBORO" votes="1" />
            <Precinct name="SANDERSVILLE" votes="1" />
            <Precinct name="DEEPSTEP" votes="1" />
        </VoteType>
        <VoteType name="Number of Precincts Reporting" votes="8">
            <Precinct name="RIDDLEVILLE" votes="1" />
            <Precinct name="WARTHEN" votes="1" />
            <Precinct name="TENNILLE" votes="1" />
            <Precinct name="OCONEE" votes="1" />
            <Precinct name="HARRISON" votes="1" />
            <Precinct name="DAVISBORO" votes="1" />
            <Precinct name="SANDERSVILLE" votes="1" />
            <Precinct name="DEEPSTEP" votes="1" />
        </VoteType>
        <Choice key="10" text="R. TODD (I)(D)" totalVotes="6770">
            <VoteType name="Election Day" votes="2944">
                <Precinct name="RIDDLEVILLE" votes="202" />
                <Precinct name="WARTHEN" votes="239" />
                <Precinct name="TENNILLE" votes="560" />
                <Precinct name="OCONEE" votes="158" />
                <Precinct name="HARRISON" votes="270" />
                <Precinct name="DAVISBORO" votes="268" />
                <Precinct name="SANDERSVILLE" votes="1073" />
                <Precinct name="DEEPSTEP" votes="174" />
            </VoteType>
            <VoteType name="Absentee by Mail" votes="555">
                <Precinct name="RIDDLEVILLE" votes="15" />
                <Precinct name="WARTHEN" votes="17" />
                <Precinct name="TENNILLE" votes="82" />
                <Precinct name="OCONEE" votes="27" />
                <Precinct name="HARRISON" votes="47" />
                <Precinct name="DAVISBORO" votes="45" />
                <Precinct name="SANDERSVILLE" votes="298" />
                <Precinct name="DEEPSTEP" votes="24" />
            </VoteType>
            <VoteType name="Advance in Person" votes="3253">
                <Precinct name="RIDDLEVILLE" votes="109" />
                <Precinct name="WARTHEN" votes="135" />
                <Precinct name="TENNILLE" votes="617" />
                <Precinct name="OCONEE" votes="106" />
                <Precinct name="HARRISON" votes="195" />
                <Precinct name="DAVISBORO" votes="145" />
                <Precinct name="SANDERSVILLE" votes="1856" />
                <Precinct name="DEEPSTEP" votes="90" />
            </VoteType>
            <VoteType name="Provisional" votes="18">
                <Precinct name="RIDDLEVILLE" votes="0" />
                <Precinct name="WARTHEN" votes="3" />
                <Precinct name="TENNILLE" votes="3" />
                <Precinct name="OCONEE" votes="0" />
                <Precinct name="HARRISON" votes="0" />
                <Precinct name="DAVISBORO" votes="3" />
                <Precinct name="SANDERSVILLE" votes="9" />
                <Precinct name="DEEPSTEP" votes="0" />
            </VoteType>
        </Choice>
    </Contest>
    <Contest key="420" text="Solicitor" isQuestion="false" precinctsReporting="8" precinctsReported="8">
        <VoteType name="Number of Precincts for Race" votes="8">
            <Precinct name="RIDDLEVILLE" votes="1" />
            <Precinct name="WARTHEN" votes="1" />
            <Precinct name="TENNILLE" votes="1" />
            <Precinct name="OCONEE" votes="1" />
            <Precinct name="HARRISON" votes="1" />
            <Precinct name="DAVISBORO" votes="1" />
            <Precinct name="SANDERSVILLE" votes="1" />
            <Precinct name="DEEPSTEP" votes="1" />
        </VoteType>
        <VoteType name="Number of Precincts Reporting" votes="8">
            <Precinct name="RIDDLEVILLE" votes="1" />
            <Precinct name="WARTHEN" votes="1" />
            <Precinct name="TENNILLE" votes="1" />
            <Precinct name="OCONEE" votes="1" />
            <Precinct name="HARRISON" votes="1" />
            <Precinct name="DAVISBORO" votes="1" />
            <Precinct name="SANDERSVILLE" votes="1" />
            <Precinct name="DEEPSTEP" votes="1" />
        </VoteType>
        <Choice key="10" text="R. WYNNE (I)(D)" totalVotes="6729">
            <VoteType name="Election Day" votes="2912">
                <Precinct name="RIDDLEVILLE" votes="203" />
                <Precinct name="WARTHEN" votes="234" />
                <Precinct name="TENNILLE" votes="545" />
                <Precinct name="OCONEE" votes="158" />
                <Precinct name="HARRISON" votes="275" />
                <Precinct name="DAVISBORO" votes="266" />
                <Precinct name="SANDERSVILLE" votes="1048" />
                <Precinct name="DEEPSTEP" votes="183" />
            </VoteType>
            <VoteType name="Absentee by Mail" votes="552">
                <Precinct name="RIDDLEVILLE" votes="18" />
                <Precinct name="WARTHEN" votes="17" />
                <Precinct name="TENNILLE" votes="82" />
                <Precinct name="OCONEE" votes="27" />
                <Precinct name="HARRISON" votes="44" />
                <Precinct name="DAVISBORO" votes="49" />
                <Precinct name="SANDERSVILLE" votes="291" />
                <Precinct name="DEEPSTEP" votes="24" />
            </VoteType>
            <VoteType name="Advance in Person" votes="3247">
                <Precinct name="RIDDLEVILLE" votes="114" />
                <Precinct name="WARTHEN" votes="137" />
                <Precinct name="TENNILLE" votes="613" />
                <Precinct name="OCONEE" votes="107" />
                <Precinct name="HARRISON" votes="187" />
                <Precinct name="DAVISBORO" votes="137" />
                <Precinct name="SANDERSVILLE" votes="1860" />
                <Precinct name="DEEPSTEP" votes="92" />
            </VoteType>
            <VoteType name="Provisional" votes="18">
                <Precinct name="RIDDLEVILLE" votes="0" />
                <Precinct name="WARTHEN" votes="3" />
                <Precinct name="TENNILLE" votes="3" />
                <Precinct name="OCONEE" votes="0" />
                <Precinct name="HARRISON" votes="0" />
                <Precinct name="DAVISBORO" votes="3" />
                <Precinct name="SANDERSVILLE" votes="9" />
                <Precinct name="DEEPSTEP" votes="0" />
            </VoteType>
        </Choice>
    </Contest>
    <Contest key="500" text="Constitutional Amendment #1&lt;br&gt;Provides greater flexibility and state accountability to fix failing schools through increasing community involvement." isQuestion="false" precinctsReporting="8" precinctsReported="8">
        <VoteType name="Number of Precincts for Race" votes="8">
            <Precinct name="RIDDLEVILLE" votes="1" />
            <Precinct name="WARTHEN" votes="1" />
            <Precinct name="TENNILLE" votes="1" />
            <Precinct name="OCONEE" votes="1" />
            <Precinct name="HARRISON" votes="1" />
            <Precinct name="DAVISBORO" votes="1" />
            <Precinct name="SANDERSVILLE" votes="1" />
            <Precinct name="DEEPSTEP" votes="1" />
        </VoteType>
        <VoteType name="Number of Precincts Reporting" votes="8">
            <Precinct name="RIDDLEVILLE" votes="1" />
            <Precinct name="WARTHEN" votes="1" />
            <Precinct name="TENNILLE" votes="1" />
            <Precinct name="OCONEE" votes="1" />
            <Precinct name="HARRISON" votes="1" />
            <Precinct name="DAVISBORO" votes="1" />
            <Precinct name="SANDERSVILLE" votes="1" />
            <Precinct name="DEEPSTEP" votes="1" />
        </VoteType>
        <Choice key="10" text="YES" totalVotes="2452">
            <VoteType name="Election Day" votes="1057">
                <Precinct name="RIDDLEVILLE" votes="66" />
                <Precinct name="WARTHEN" votes="85" />
                <Precinct name="TENNILLE" votes="211" />
                <Precinct name="OCONEE" votes="42" />
                <Precinct name="HARRISON" votes="103" />
                <Precinct name="DAVISBORO" votes="89" />
                <Precinct name="SANDERSVILLE" votes="399" />
                <Precinct name="DEEPSTEP" votes="62" />
            </VoteType>
            <VoteType name="Absentee by Mail" votes="258">
                <Precinct name="RIDDLEVILLE" votes="5" />
                <Precinct name="WARTHEN" votes="10" />
                <Precinct name="TENNILLE" votes="23" />
                <Precinct name="OCONEE" votes="26" />
                <Precinct name="HARRISON" votes="29" />
                <Precinct name="DAVISBORO" votes="21" />
                <Precinct name="SANDERSVILLE" votes="139" />
                <Precinct name="DEEPSTEP" votes="5" />
            </VoteType>
            <VoteType name="Advance in Person" votes="1132">
                <Precinct name="RIDDLEVILLE" votes="49" />
                <Precinct name="WARTHEN" votes="50" />
                <Precinct name="TENNILLE" votes="211" />
                <Precinct name="OCONEE" votes="37" />
                <Precinct name="HARRISON" votes="72" />
                <Precinct name="DAVISBORO" votes="54" />
                <Precinct name="SANDERSVILLE" votes="633" />
                <Precinct name="DEEPSTEP" votes="26" />
            </VoteType>
            <VoteType name="Provisional" votes="5">
                <Precinct name="RIDDLEVILLE" votes="0" />
                <Precinct name="WARTHEN" votes="1" />
                <Precinct name="TENNILLE" votes="2" />
                <Precinct name="OCONEE" votes="0" />
                <Precinct name="HARRISON" votes="0" />
                <Precinct name="DAVISBORO" votes="2" />
                <Precinct name="SANDERSVILLE" votes="0" />
                <Precinct name="DEEPSTEP" votes="0" />
            </VoteType>
        </Choice>
        <Choice key="20" text="NO" totalVotes="5692">
            <VoteType name="Election Day" votes="2486">
                <Precinct name="RIDDLEVILLE" votes="186" />
                <Precinct name="WARTHEN" votes="216" />
                <Precinct name="TENNILLE" votes="442" />
                <Precinct name="OCONEE" votes="161" />
                <Precinct name="HARRISON" votes="234" />
                <Precinct name="DAVISBORO" votes="223" />
                <Precinct name="SANDERSVILLE" votes="861" />
                <Precinct name="DEEPSTEP" votes="163" />
            </VoteType>
            <VoteType name="Absentee by Mail" votes="421">
                <Precinct name="RIDDLEVILLE" votes="20" />
                <Precinct name="WARTHEN" votes="12" />
                <Precinct name="TENNILLE" votes="65" />
                <Precinct name="OCONEE" votes="9" />
                <Precinct name="HARRISON" votes="33" />
                <Precinct name="DAVISBORO" votes="40" />
                <Precinct name="SANDERSVILLE" votes="217" />
                <Precinct name="DEEPSTEP" votes="25" />
            </VoteType>
            <VoteType name="Advance in Person" votes="2770">
                <Precinct name="RIDDLEVILLE" votes="87" />
                <Precinct name="WARTHEN" votes="114" />
                <Precinct name="TENNILLE" votes="528" />
                <Precinct name="OCONEE" votes="88" />
                <Precinct name="HARRISON" votes="164" />
                <Precinct name="DAVISBORO" votes="118" />
                <Precinct name="SANDERSVILLE" votes="1587" />
                <Precinct name="DEEPSTEP" votes="84" />
            </VoteType>
            <VoteType name="Provisional" votes="15">
                <Precinct name="RIDDLEVILLE" votes="0" />
                <Precinct name="WARTHEN" votes="2" />
                <Precinct name="TENNILLE" votes="1" />
                <Precinct name="OCONEE" votes="0" />
                <Precinct name="HARRISON" votes="1" />
                <Precinct name="DAVISBORO" votes="1" />
                <Precinct name="SANDERSVILLE" votes="10" />
                <Precinct name="DEEPSTEP" votes="0" />
            </VoteType>
        </Choice>
    </Contest>
    <Contest key="510" text="Constitutional Amendment #2&lt;br&gt;Authorizes penalties for sexual exploitation and assessments on adult entertainment to fund child victims' services." isQuestion="false" precinctsReporting="8" precinctsReported="8">
        <VoteType name="Number of Precincts for Race" votes="8">
            <Precinct name="RIDDLEVILLE" votes="1" />
            <Precinct name="WARTHEN" votes="1" />
            <Precinct name="TENNILLE" votes="1" />
            <Precinct name="OCONEE" votes="1" />
            <Precinct name="HARRISON" votes="1" />
            <Precinct name="DAVISBORO" votes="1" />
            <Precinct name="SANDERSVILLE" votes="1" />
            <Precinct name="DEEPSTEP" votes="1" />
        </VoteType>
        <VoteType name="Number of Precincts Reporting" votes="8">
            <Precinct name="RIDDLEVILLE" votes="1" />
            <Precinct name="WARTHEN" votes="1" />
            <Precinct name="TENNILLE" votes="1" />
            <Precinct name="OCONEE" votes="1" />
            <Precinct name="HARRISON" votes="1" />
            <Precinct name="DAVISBORO" votes="1" />
            <Precinct name="SANDERSVILLE" votes="1" />
            <Precinct name="DEEPSTEP" votes="1" />
        </VoteType>
        <Choice key="10" text="YES" totalVotes="6262">
            <VoteType name="Election Day" votes="2624">
                <Precinct name="RIDDLEVILLE" votes="179" />
                <Precinct name="WARTHEN" votes="211" />
                <Precinct name="TENNILLE" votes="484" />
                <Precinct name="OCONEE" votes="136" />
                <Precinct name="HARRISON" votes="249" />
                <Precinct name="DAVISBORO" votes="225" />
                <Precinct name="SANDERSVILLE" votes="957" />
                <Precinct name="DEEPSTEP" votes="183" />
            </VoteType>
            <VoteType name="Absentee by Mail" votes="563">
                <Precinct name="RIDDLEVILLE" votes="21" />
                <Precinct name="WARTHEN" votes="19" />
                <Precinct name="TENNILLE" votes="70" />
                <Precinct name="OCONEE" votes="30" />
                <Precinct name="HARRISON" votes="47" />
                <Precinct name="DAVISBORO" votes="51" />
                <Precinct name="SANDERSVILLE" votes="299" />
                <Precinct name="DEEPSTEP" votes="26" />
            </VoteType>
            <VoteType name="Advance in Person" votes="3061">
                <Precinct name="RIDDLEVILLE" votes="114" />
                <Precinct name="WARTHEN" votes="141" />
                <Precinct name="TENNILLE" votes="561" />
                <Precinct name="OCONEE" votes="94" />
                <Precinct name="HARRISON" votes="181" />
                <Precinct name="DAVISBORO" votes="143" />
                <Precinct name="SANDERSVILLE" votes="1746" />
                <Precinct name="DEEPSTEP" votes="81" />
            </VoteType>
            <VoteType name="Provisional" votes="14">
                <Precinct name="RIDDLEVILLE" votes="0" />
                <Precinct name="WARTHEN" votes="1" />
                <Precinct name="TENNILLE" votes="3" />
                <Precinct name="OCONEE" votes="0" />
                <Precinct name="HARRISON" votes="0" />
                <Precinct name="DAVISBORO" votes="3" />
                <Precinct name="SANDERSVILLE" votes="7" />
                <Precinct name="DEEPSTEP" votes="0" />
            </VoteType>
        </Choice>
        <Choice key="20" text="NO" totalVotes="1584">
            <VoteType name="Election Day" votes="796">
                <Precinct name="RIDDLEVILLE" votes="65" />
                <Precinct name="WARTHEN" votes="70" />
                <Precinct name="TENNILLE" votes="150" />
                <Precinct name="OCONEE" votes="53" />
                <Precinct name="HARRISON" votes="73" />
                <Precinct name="DAVISBORO" votes="73" />
                <Precinct name="SANDERSVILLE" votes="274" />
                <Precinct name="DEEPSTEP" votes="38" />
            </VoteType>
            <VoteType name="Absentee by Mail" votes="95">
                <Precinct name="RIDDLEVILLE" votes="2" />
                <Precinct name="WARTHEN" votes="2" />
                <Precinct name="TENNILLE" votes="13" />
                <Precinct name="OCONEE" votes="3" />
                <Precinct name="HARRISON" votes="11" />
                <Precinct name="DAVISBORO" votes="10" />
                <Precinct name="SANDERSVILLE" votes="50" />
                <Precinct name="DEEPSTEP" votes="4" />
            </VoteType>
            <VoteType name="Advance in Person" votes="686">
                <Precinct name="RIDDLEVILLE" votes="20" />
                <Precinct name="WARTHEN" votes="21" />
                <Precinct name="TENNILLE" votes="139" />
                <Precinct name="OCONEE" votes="25" />
                <Precinct name="HARRISON" votes="48" />
                <Precinct name="DAVISBORO" votes="21" />
                <Precinct name="SANDERSVILLE" votes="387" />
                <Precinct name="DEEPSTEP" votes="25" />
            </VoteType>
            <VoteType name="Provisional" votes="7">
                <Precinct name="RIDDLEVILLE" votes="0" />
                <Precinct name="WARTHEN" votes="2" />
                <Precinct name="TENNILLE" votes="0" />
                <Precinct name="OCONEE" votes="0" />
                <Precinct name="HARRISON" votes="1" />
                <Precinct name="DAVISBORO" votes="0" />
                <Precinct name="SANDERSVILLE" votes="4" />
                <Precinct name="DEEPSTEP" votes="0" />
            </VoteType>
        </Choice>
    </Contest>
    <Contest key="520" text="Constitutional Amendment #3&lt;br&gt;Reforms and re-establishes the Judicial Qualifications Commission and provides for its composition, governance, and powers." isQuestion="false" precinctsReporting="8" precinctsReported="8">
        <VoteType name="Number of Precincts for Race" votes="8">
            <Precinct name="RIDDLEVILLE" votes="1" />
            <Precinct name="WARTHEN" votes="1" />
            <Precinct name="TENNILLE" votes="1" />
            <Precinct name="OCONEE" votes="1" />
            <Precinct name="HARRISON" votes="1" />
            <Precinct name="DAVISBORO" votes="1" />
            <Precinct name="SANDERSVILLE" votes="1" />
            <Precinct name="DEEPSTEP" votes="1" />
        </VoteType>
        <VoteType name="Number of Precincts Reporting" votes="8">
            <Precinct name="RIDDLEVILLE" votes="1" />
            <Precinct name="WARTHEN" votes="1" />
            <Precinct name="TENNILLE" votes="1" />
            <Precinct name="OCONEE" votes="1" />
            <Precinct name="HARRISON" votes="1" />
            <Precinct name="DAVISBORO" votes="1" />
            <Precinct name="SANDERSVILLE" votes="1" />
            <Precinct name="DEEPSTEP" votes="1" />
        </VoteType>
        <Choice key="10" text="YES" totalVotes="3986">
            <VoteType name="Election Day" votes="1699">
                <Precinct name="RIDDLEVILLE" votes="94" />
                <Precinct name="WARTHEN" votes="135" />
                <Precinct name="TENNILLE" votes="341" />
                <Precinct name="OCONEE" votes="65" />
                <Precinct name="HARRISON" votes="172" />
                <Precinct name="DAVISBORO" votes="150" />
                <Precinct name="SANDERSVILLE" votes="636" />
                <Precinct name="DEEPSTEP" votes="106" />
            </VoteType>
            <VoteType name="Absentee by Mail" votes="368">
                <Precinct name="RIDDLEVILLE" votes="10" />
                <Precinct name="WARTHEN" votes="14" />
                <Precinct name="TENNILLE" votes="46" />
                <Precinct name="OCONEE" votes="23" />
                <Precinct name="HARRISON" votes="30" />
                <Precinct name="DAVISBORO" votes="36" />
                <Precinct name="SANDERSVILLE" votes="201" />
                <Precinct name="DEEPSTEP" votes="8" />
            </VoteType>
            <VoteType name="Advance in Person" votes="1906">
                <Precinct name="RIDDLEVILLE" votes="73" />
                <Precinct name="WARTHEN" votes="80" />
                <Precinct name="TENNILLE" votes="377" />
                <Precinct name="OCONEE" votes="64" />
                <Precinct name="HARRISON" votes="129" />
                <Precinct name="DAVISBORO" votes="88" />
                <Precinct name="SANDERSVILLE" votes="1062" />
                <Precinct name="DEEPSTEP" votes="33" />
            </VoteType>
            <VoteType name="Provisional" votes="13">
                <Precinct name="RIDDLEVILLE" votes="0" />
                <Precinct name="WARTHEN" votes="1" />
                <Precinct name="TENNILLE" votes="3" />
                <Precinct name="OCONEE" votes="0" />
                <Precinct name="HARRISON" votes="0" />
                <Precinct name="DAVISBORO" votes="3" />
                <Precinct name="SANDERSVILLE" votes="6" />
                <Precinct name="DEEPSTEP" votes="0" />
            </VoteType>
        </Choice>
        <Choice key="20" text="NO" totalVotes="3324">
            <VoteType name="Election Day" votes="1490">
                <Precinct name="RIDDLEVILLE" votes="125" />
                <Precinct name="WARTHEN" votes="118" />
                <Precinct name="TENNILLE" votes="265" />
                <Precinct name="OCONEE" votes="110" />
                <Precinct name="HARRISON" votes="135" />
                <Precinct name="DAVISBORO" votes="123" />
                <Precinct name="SANDERSVILLE" votes="515" />
                <Precinct name="DEEPSTEP" votes="99" />
            </VoteType>
            <VoteType name="Absentee by Mail" votes="246">
                <Precinct name="RIDDLEVILLE" votes="10" />
                <Precinct name="WARTHEN" votes="8" />
                <Precinct name="TENNILLE" votes="34" />
                <Precinct name="OCONEE" votes="8" />
                <Precinct name="HARRISON" votes="20" />
                <Precinct name="DAVISBORO" votes="20" />
                <Precinct name="SANDERSVILLE" votes="125" />
                <Precinct name="DEEPSTEP" votes="21" />
            </VoteType>
            <VoteType name="Advance in Person" votes="1580">
                <Precinct name="RIDDLEVILLE" votes="49" />
                <Precinct name="WARTHEN" votes="66" />
                <Precinct name="TENNILLE" votes="280" />
                <Precinct name="OCONEE" votes="47" />
                <Precinct name="HARRISON" votes="85" />
                <Precinct name="DAVISBORO" votes="71" />
                <Precinct name="SANDERSVILLE" votes="922" />
                <Precinct name="DEEPSTEP" votes="60" />
            </VoteType>
            <VoteType name="Provisional" votes="8">
                <Precinct name="RIDDLEVILLE" votes="0" />
                <Precinct name="WARTHEN" votes="2" />
                <Precinct name="TENNILLE" votes="0" />
                <Precinct name="OCONEE" votes="0" />
                <Precinct name="HARRISON" votes="1" />
                <Precinct name="DAVISBORO" votes="0" />
                <Precinct name="SANDERSVILLE" votes="5" />
                <Precinct name="DEEPSTEP" votes="0" />
            </VoteType>
        </Choice>
    </Contest>
    <Contest key="530" text="Constitutional Amendment #4&lt;br&gt;Dedicates revenue from existing taxes on fireworks to trauma care, fire services, and public safety." isQuestion="false" precinctsReporting="8" precinctsReported="8">
        <VoteType name="Number of Precincts for Race" votes="8">
            <Precinct name="RIDDLEVILLE" votes="1" />
            <Precinct name="WARTHEN" votes="1" />
            <Precinct name="TENNILLE" votes="1" />
            <Precinct name="OCONEE" votes="1" />
            <Precinct name="HARRISON" votes="1" />
            <Precinct name="DAVISBORO" votes="1" />
            <Precinct name="SANDERSVILLE" votes="1" />
            <Precinct name="DEEPSTEP" votes="1" />
        </VoteType>
        <VoteType name="Number of Precincts Reporting" votes="8">
            <Precinct name="RIDDLEVILLE" votes="1" />
            <Precinct name="WARTHEN" votes="1" />
            <Precinct name="TENNILLE" votes="1" />
            <Precinct name="OCONEE" votes="1" />
            <Precinct name="HARRISON" votes="1" />
            <Precinct name="DAVISBORO" votes="1" />
            <Precinct name="SANDERSVILLE" votes="1" />
            <Precinct name="DEEPSTEP" votes="1" />
        </VoteType>
        <Choice key="10" text="YES" totalVotes="5830">
            <VoteType name="Election Day" votes="2472">
                <Precinct name="RIDDLEVILLE" votes="157" />
                <Precinct name="WARTHEN" votes="210" />
                <Precinct name="TENNILLE" votes="462" />
                <Precinct name="OCONEE" votes="126" />
                <Precinct name="HARRISON" votes="251" />
                <Precinct name="DAVISBORO" votes="217" />
                <Precinct name="SANDERSVILLE" votes="878" />
                <Precinct name="DEEPSTEP" votes="171" />
            </VoteType>
            <VoteType name="Absentee by Mail" votes="544">
                <Precinct name="RIDDLEVILLE" votes="19" />
                <Precinct name="WARTHEN" votes="17" />
                <Precinct name="TENNILLE" votes="77" />
                <Precinct name="OCONEE" votes="25" />
                <Precinct name="HARRISON" votes="42" />
                <Precinct name="DAVISBORO" votes="53" />
                <Precinct name="SANDERSVILLE" votes="285" />
                <Precinct name="DEEPSTEP" votes="26" />
            </VoteType>
            <VoteType name="Advance in Person" votes="2801">
                <Precinct name="RIDDLEVILLE" votes="108" />
                <Precinct name="WARTHEN" votes="124" />
                <Precinct name="TENNILLE" votes="499" />
                <Precinct name="OCONEE" votes="94" />
                <Precinct name="HARRISON" votes="156" />
                <Precinct name="DAVISBORO" votes="133" />
                <Precinct name="SANDERSVILLE" votes="1611" />
                <Precinct name="DEEPSTEP" votes="76" />
            </VoteType>
            <VoteType name="Provisional" votes="13">
                <Precinct name="RIDDLEVILLE" votes="0" />
                <Precinct name="WARTHEN" votes="2" />
                <Precinct name="TENNILLE" votes="2" />
                <Precinct name="OCONEE" votes="0" />
                <Precinct name="HARRISON" votes="0" />
                <Precinct name="DAVISBORO" votes="3" />
                <Precinct name="SANDERSVILLE" votes="6" />
                <Precinct name="DEEPSTEP" votes="0" />
            </VoteType>
        </Choice>
        <Choice key="20" text="NO" totalVotes="1865">
            <VoteType name="Election Day" votes="876">
                <Precinct name="RIDDLEVILLE" votes="73" />
                <Precinct name="WARTHEN" votes="71" />
                <Precinct name="TENNILLE" votes="160" />
                <Precinct name="OCONEE" votes="57" />
                <Precinct name="HARRISON" votes="71" />
                <Precinct name="DAVISBORO" votes="76" />
                <Precinct name="SANDERSVILLE" votes="321" />
                <Precinct name="DEEPSTEP" votes="47" />
            </VoteType>
            <VoteType name="Absentee by Mail" votes="113">
                <Precinct name="RIDDLEVILLE" votes="4" />
                <Precinct name="WARTHEN" votes="5" />
                <Precinct name="TENNILLE" votes="7" />
                <Precinct name="OCONEE" votes="7" />
                <Precinct name="HARRISON" votes="14" />
                <Precinct name="DAVISBORO" votes="8" />
                <Precinct name="SANDERSVILLE" votes="64" />
                <Precinct name="DEEPSTEP" votes="4" />
            </VoteType>
            <VoteType name="Advance in Person" votes="868">
                <Precinct name="RIDDLEVILLE" votes="26" />
                <Precinct name="WARTHEN" votes="32" />
                <Precinct name="TENNILLE" votes="186" />
                <Precinct name="OCONEE" votes="25" />
                <Precinct name="HARRISON" votes="69" />
                <Precinct name="DAVISBORO" votes="30" />
                <Precinct name="SANDERSVILLE" votes="473" />
                <Precinct name="DEEPSTEP" votes="27" />
            </VoteType>
            <VoteType name="Provisional" votes="8">
                <Precinct name="RIDDLEVILLE" votes="0" />
                <Precinct name="WARTHEN" votes="1" />
                <Precinct name="TENNILLE" votes="1" />
                <Precinct name="OCONEE" votes="0" />
                <Precinct name="HARRISON" votes="1" />
                <Precinct name="DAVISBORO" votes="0" />
                <Precinct name="SANDERSVILLE" votes="5" />
                <Precinct name="DEEPSTEP" votes="0" />
            </VoteType>
        </Choice>
    </Contest>
    <Contest key="600" text="Sunday Sales" isQuestion="false" precinctsReporting="1" precinctsReported="1">
        <VoteType name="Number of Precincts for Race" votes="1">
            <Precinct name="SANDERSVILLE" votes="1" />
        </VoteType>
        <VoteType name="Number of Precincts Reporting" votes="1">
            <Precinct name="SANDERSVILLE" votes="1" />
        </VoteType>
        <Choice key="10" text="YES" totalVotes="1399">
            <VoteType name="Election Day" votes="475">
                <Precinct name="SANDERSVILLE" votes="475" />
            </VoteType>
            <VoteType name="Absentee by Mail" votes="113">
                <Precinct name="SANDERSVILLE" votes="113" />
            </VoteType>
            <VoteType name="Advance in Person" votes="811">
                <Precinct name="SANDERSVILLE" votes="811" />
            </VoteType>
            <VoteType name="Provisional" votes="0">
                <Precinct name="SANDERSVILLE" votes="0" />
            </VoteType>
        </Choice>
        <Choice key="20" text="NO" totalVotes="913">
            <VoteType name="Election Day" votes="247">
                <Precinct name="SANDERSVILLE" votes="247" />
            </VoteType>
            <VoteType name="Absentee by Mail" votes="116">
                <Precinct name="SANDERSVILLE" votes="116" />
            </VoteType>
            <VoteType name="Advance in Person" votes="550">
                <Precinct name="SANDERSVILLE" votes="550" />
            </VoteType>
            <VoteType name="Provisional" votes="0">
                <Precinct name="SANDERSVILLE" votes="0" />
            </VoteType>
        </Choice>
    </Contest>
</ElectionResult>