<?xml version="1.0"?>
<!--Election result snapshot imported from Tabulation System
-->
<ElectionResult>
    <Timestamp>11/14/2016 7:27:38 PM EST</Timestamp>
    <ElectionName>November 8, 2016 - General Election</ElectionName>
    <ElectionDate>11/8/2016</ElectionDate>
    <Region>Lamar</Region>
    <VoterTurnout totalVoters="9786" ballotsCast="7671" voterTurnout="78.39">
        <Precincts>
            <Precinct name="BARNESVILLE FBC" totalVoters="2012" ballotsCast="1385" voterTurnout="68.84" percentReporting="4" />
            <Precinct name="CHAPPELL MILL V. FD" totalVoters="1158" ballotsCast="887" voterTurnout="76.60" percentReporting="4" />
            <Precinct name="SENIOR CITZEN BLDG" totalVoters="1041" ballotsCast="828" voterTurnout="79.54" percentReporting="4" />
            <Precinct name="REDBONE" totalVoters="519" ballotsCast="420" voterTurnout="80.92" percentReporting="4" />
            <Precinct name="L C S C" totalVoters="2212" ballotsCast="1795" voterTurnout="81.15" percentReporting="4" />
            <Precinct name="MILNER" totalVoters="2844" ballotsCast="2356" voterTurnout="82.84" percentReporting="4" />
        </Precincts>
    </VoterTurnout>
    <Contest key="5" text="President of the United States" isQuestion="false" precinctsReporting="6" precinctsReported="6">
        <VoteType name="Number of Precincts for Race" votes="6">
            <Precinct name="BARNESVILLE FBC" votes="1" />
            <Precinct name="CHAPPELL MILL V. FD" votes="1" />
            <Precinct name="SENIOR CITZEN BLDG" votes="1" />
            <Precinct name="REDBONE" votes="1" />
            <Precinct name="L C S C" votes="1" />
            <Precinct name="MILNER" votes="1" />
        </VoteType>
        <VoteType name="Number of Precincts Reporting" votes="6">
            <Precinct name="BARNESVILLE FBC" votes="1" />
            <Precinct name="CHAPPELL MILL V. FD" votes="1" />
            <Precinct name="SENIOR CITZEN BLDG" votes="1" />
            <Precinct name="REDBONE" votes="1" />
            <Precinct name="L C S C" votes="1" />
            <Precinct name="MILNER" votes="1" />
        </VoteType>
        <Choice key="10" text="DONALD J. TRUMP" totalVotes="5190">
            <VoteType name="Election Day" votes="2013">
                <Precinct name="BARNESVILLE FBC" votes="142" />
                <Precinct name="CHAPPELL MILL V. FD" votes="319" />
                <Precinct name="SENIOR CITZEN BLDG" votes="139" />
                <Precinct name="REDBONE" votes="192" />
                <Precinct name="L C S C" votes="423" />
                <Precinct name="MILNER" votes="798" />
            </VoteType>
            <VoteType name="Absentee by Mail" votes="214">
                <Precinct name="BARNESVILLE FBC" votes="12" />
                <Precinct name="CHAPPELL MILL V. FD" votes="37" />
                <Precinct name="SENIOR CITZEN BLDG" votes="26" />
                <Precinct name="REDBONE" votes="12" />
                <Precinct name="L C S C" votes="52" />
                <Precinct name="MILNER" votes="75" />
            </VoteType>
            <VoteType name="Advance in Person" votes="2956">
                <Precinct name="BARNESVILLE FBC" votes="256" />
                <Precinct name="CHAPPELL MILL V. FD" votes="357" />
                <Precinct name="SENIOR CITZEN BLDG" votes="348" />
                <Precinct name="REDBONE" votes="123" />
                <Precinct name="L C S C" votes="867" />
                <Precinct name="MILNER" votes="1005" />
            </VoteType>
            <VoteType name="Provisional" votes="7">
                <Precinct name="BARNESVILLE FBC" votes="0" />
                <Precinct name="CHAPPELL MILL V. FD" votes="0" />
                <Precinct name="SENIOR CITZEN BLDG" votes="0" />
                <Precinct name="REDBONE" votes="2" />
                <Precinct name="L C S C" votes="2" />
                <Precinct name="MILNER" votes="3" />
            </VoteType>
        </Choice>
        <Choice key="20" text="HILLARY CLINTON" totalVotes="2270">
            <VoteType name="Election Day" votes="852">
                <Precinct name="BARNESVILLE FBC" votes="340" />
                <Precinct name="CHAPPELL MILL V. FD" votes="62" />
                <Precinct name="SENIOR CITZEN BLDG" votes="116" />
                <Precinct name="REDBONE" votes="36" />
                <Precinct name="L C S C" votes="132" />
                <Precinct name="MILNER" votes="166" />
            </VoteType>
            <VoteType name="Absentee by Mail" votes="146">
                <Precinct name="BARNESVILLE FBC" votes="76" />
                <Precinct name="CHAPPELL MILL V. FD" votes="8" />
                <Precinct name="SENIOR CITZEN BLDG" votes="13" />
                <Precinct name="REDBONE" votes="4" />
                <Precinct name="L C S C" votes="26" />
                <Precinct name="MILNER" votes="19" />
            </VoteType>
            <VoteType name="Advance in Person" votes="1269">
                <Precinct name="BARNESVILLE FBC" votes="523" />
                <Precinct name="CHAPPELL MILL V. FD" votes="76" />
                <Precinct name="SENIOR CITZEN BLDG" votes="171" />
                <Precinct name="REDBONE" votes="35" />
                <Precinct name="L C S C" votes="245" />
                <Precinct name="MILNER" votes="219" />
            </VoteType>
            <VoteType name="Provisional" votes="3">
                <Precinct name="BARNESVILLE FBC" votes="0" />
                <Precinct name="CHAPPELL MILL V. FD" votes="1" />
                <Precinct name="SENIOR CITZEN BLDG" votes="2" />
                <Precinct name="REDBONE" votes="0" />
                <Precinct name="L C S C" votes="0" />
                <Precinct name="MILNER" votes="0" />
            </VoteType>
        </Choice>
        <Choice key="30" text="GARY JOHNSON" totalVotes="126">
            <VoteType name="Election Day" votes="66">
                <Precinct name="BARNESVILLE FBC" votes="8" />
                <Precinct name="CHAPPELL MILL V. FD" votes="16" />
                <Precinct name="SENIOR CITZEN BLDG" votes="3" />
                <Precinct name="REDBONE" votes="6" />
                <Precinct name="L C S C" votes="19" />
                <Precinct name="MILNER" votes="14" />
            </VoteType>
            <VoteType name="Absentee by Mail" votes="5">
                <Precinct name="BARNESVILLE FBC" votes="1" />
                <Precinct name="CHAPPELL MILL V. FD" votes="2" />
                <Precinct name="SENIOR CITZEN BLDG" votes="1" />
                <Precinct name="REDBONE" votes="0" />
                <Precinct name="L C S C" votes="0" />
                <Precinct name="MILNER" votes="1" />
            </VoteType>
            <VoteType name="Advance in Person" votes="54">
                <Precinct name="BARNESVILLE FBC" votes="9" />
                <Precinct name="CHAPPELL MILL V. FD" votes="0" />
                <Precinct name="SENIOR CITZEN BLDG" votes="0" />
                <Precinct name="REDBONE" votes="4" />
                <Precinct name="L C S C" votes="19" />
                <Precinct name="MILNER" votes="22" />
            </VoteType>
            <VoteType name="Provisional" votes="1">
                <Precinct name="BARNESVILLE FBC" votes="0" />
                <Precinct name="CHAPPELL MILL V. FD" votes="0" />
                <Precinct name="SENIOR CITZEN BLDG" votes="1" />
                <Precinct name="REDBONE" votes="0" />
                <Precinct name="L C S C" votes="0" />
                <Precinct name="MILNER" votes="0" />
            </VoteType>
        </Choice>
    </Contest>
    <Contest key="10" text="United States Senator, Isakson" isQuestion="false" precinctsReporting="6" precinctsReported="6">
        <VoteType name="Number of Precincts for Race" votes="6">
            <Precinct name="BARNESVILLE FBC" votes="1" />
            <Precinct name="CHAPPELL MILL V. FD" votes="1" />
            <Precinct name="SENIOR CITZEN BLDG" votes="1" />
            <Precinct name="REDBONE" votes="1" />
            <Precinct name="L C S C" votes="1" />
            <Precinct name="MILNER" votes="1" />
        </VoteType>
        <VoteType name="Number of Precincts Reporting" votes="6">
            <Precinct name="BARNESVILLE FBC" votes="1" />
            <Precinct name="CHAPPELL MILL V. FD" votes="1" />
            <Precinct name="SENIOR CITZEN BLDG" votes="1" />
            <Precinct name="REDBONE" votes="1" />
            <Precinct name="L C S C" votes="1" />
            <Precinct name="MILNER" votes="1" />
        </VoteType>
        <Choice key="10" text="JOHNNY ISAKSON (I)" totalVotes="4929">
            <VoteType name="Election Day" votes="1881">
                <Precinct name="BARNESVILLE FBC" votes="153" />
                <Precinct name="CHAPPELL MILL V. FD" votes="302" />
                <Precinct name="SENIOR CITZEN BLDG" votes="133" />
                <Precinct name="REDBONE" votes="173" />
                <Precinct name="L C S C" votes="389" />
                <Precinct name="MILNER" votes="731" />
            </VoteType>
            <VoteType name="Absentee by Mail" votes="212">
                <Precinct name="BARNESVILLE FBC" votes="17" />
                <Precinct name="CHAPPELL MILL V. FD" votes="37" />
                <Precinct name="SENIOR CITZEN BLDG" votes="25" />
                <Precinct name="REDBONE" votes="13" />
                <Precinct name="L C S C" votes="46" />
                <Precinct name="MILNER" votes="74" />
            </VoteType>
            <VoteType name="Advance in Person" votes="2829">
                <Precinct name="BARNESVILLE FBC" votes="265" />
                <Precinct name="CHAPPELL MILL V. FD" votes="329" />
                <Precinct name="SENIOR CITZEN BLDG" votes="338" />
                <Precinct name="REDBONE" votes="110" />
                <Precinct name="L C S C" votes="838" />
                <Precinct name="MILNER" votes="949" />
            </VoteType>
            <VoteType name="Provisional" votes="7">
                <Precinct name="BARNESVILLE FBC" votes="0" />
                <Precinct name="CHAPPELL MILL V. FD" votes="0" />
                <Precinct name="SENIOR CITZEN BLDG" votes="0" />
                <Precinct name="REDBONE" votes="2" />
                <Precinct name="L C S C" votes="2" />
                <Precinct name="MILNER" votes="3" />
            </VoteType>
        </Choice>
        <Choice key="20" text="JIM BARKSDALE" totalVotes="2003">
            <VoteType name="Election Day" votes="773">
                <Precinct name="BARNESVILLE FBC" votes="279" />
                <Precinct name="CHAPPELL MILL V. FD" votes="67" />
                <Precinct name="SENIOR CITZEN BLDG" votes="100" />
                <Precinct name="REDBONE" votes="39" />
                <Precinct name="L C S C" votes="128" />
                <Precinct name="MILNER" votes="160" />
            </VoteType>
            <VoteType name="Absentee by Mail" votes="135">
                <Precinct name="BARNESVILLE FBC" votes="69" />
                <Precinct name="CHAPPELL MILL V. FD" votes="8" />
                <Precinct name="SENIOR CITZEN BLDG" votes="12" />
                <Precinct name="REDBONE" votes="3" />
                <Precinct name="L C S C" votes="27" />
                <Precinct name="MILNER" votes="16" />
            </VoteType>
            <VoteType name="Advance in Person" votes="1091">
                <Precinct name="BARNESVILLE FBC" votes="431" />
                <Precinct name="CHAPPELL MILL V. FD" votes="65" />
                <Precinct name="SENIOR CITZEN BLDG" votes="137" />
                <Precinct name="REDBONE" votes="33" />
                <Precinct name="L C S C" votes="220" />
                <Precinct name="MILNER" votes="205" />
            </VoteType>
            <VoteType name="Provisional" votes="4">
                <Precinct name="BARNESVILLE FBC" votes="0" />
                <Precinct name="CHAPPELL MILL V. FD" votes="1" />
                <Precinct name="SENIOR CITZEN BLDG" votes="3" />
                <Precinct name="REDBONE" votes="0" />
                <Precinct name="L C S C" votes="0" />
                <Precinct name="MILNER" votes="0" />
            </VoteType>
        </Choice>
        <Choice key="30" text="ALLEN BUCKLEY" totalVotes="250">
            <VoteType name="Election Day" votes="110">
                <Precinct name="BARNESVILLE FBC" votes="11" />
                <Precinct name="CHAPPELL MILL V. FD" votes="16" />
                <Precinct name="SENIOR CITZEN BLDG" votes="7" />
                <Precinct name="REDBONE" votes="12" />
                <Precinct name="L C S C" votes="23" />
                <Precinct name="MILNER" votes="41" />
            </VoteType>
            <VoteType name="Absentee by Mail" votes="10">
                <Precinct name="BARNESVILLE FBC" votes="2" />
                <Precinct name="CHAPPELL MILL V. FD" votes="2" />
                <Precinct name="SENIOR CITZEN BLDG" votes="2" />
                <Precinct name="REDBONE" votes="0" />
                <Precinct name="L C S C" votes="0" />
                <Precinct name="MILNER" votes="4" />
            </VoteType>
            <VoteType name="Advance in Person" votes="130">
                <Precinct name="BARNESVILLE FBC" votes="18" />
                <Precinct name="CHAPPELL MILL V. FD" votes="14" />
                <Precinct name="SENIOR CITZEN BLDG" votes="10" />
                <Precinct name="REDBONE" votes="7" />
                <Precinct name="L C S C" votes="33" />
                <Precinct name="MILNER" votes="48" />
            </VoteType>
            <VoteType name="Provisional" votes="0">
                <Precinct name="BARNESVILLE FBC" votes="0" />
                <Precinct name="CHAPPELL MILL V. FD" votes="0" />
                <Precinct name="SENIOR CITZEN BLDG" votes="0" />
                <Precinct name="REDBONE" votes="0" />
                <Precinct name="L C S C" votes="0" />
                <Precinct name="MILNER" votes="0" />
            </VoteType>
        </Choice>
    </Contest>
    <Contest key="30" text="Public Service Commission, District 2 - Eastern" isQuestion="false" precinctsReporting="6" precinctsReported="6">
        <VoteType name="Number of Precincts for Race" votes="6">
            <Precinct name="BARNESVILLE FBC" votes="1" />
            <Precinct name="CHAPPELL MILL V. FD" votes="1" />
            <Precinct name="SENIOR CITZEN BLDG" votes="1" />
            <Precinct name="REDBONE" votes="1" />
            <Precinct name="L C S C" votes="1" />
            <Precinct name="MILNER" votes="1" />
        </VoteType>
        <VoteType name="Number of Precincts Reporting" votes="6">
            <Precinct name="BARNESVILLE FBC" votes="1" />
            <Precinct name="CHAPPELL MILL V. FD" votes="1" />
            <Precinct name="SENIOR CITZEN BLDG" votes="1" />
            <Precinct name="REDBONE" votes="1" />
            <Precinct name="L C S C" votes="1" />
            <Precinct name="MILNER" votes="1" />
        </VoteType>
        <Choice key="10" text="TIM ECHOLS (I)" totalVotes="5275">
            <VoteType name="Election Day" votes="2050">
                <Precinct name="BARNESVILLE FBC" votes="215" />
                <Precinct name="CHAPPELL MILL V. FD" votes="320" />
                <Precinct name="SENIOR CITZEN BLDG" votes="142" />
                <Precinct name="REDBONE" votes="187" />
                <Precinct name="L C S C" votes="414" />
                <Precinct name="MILNER" votes="772" />
            </VoteType>
            <VoteType name="Absentee by Mail" votes="230">
                <Precinct name="BARNESVILLE FBC" votes="29" />
                <Precinct name="CHAPPELL MILL V. FD" votes="34" />
                <Precinct name="SENIOR CITZEN BLDG" votes="26" />
                <Precinct name="REDBONE" votes="11" />
                <Precinct name="L C S C" votes="59" />
                <Precinct name="MILNER" votes="71" />
            </VoteType>
            <VoteType name="Advance in Person" votes="2989">
                <Precinct name="BARNESVILLE FBC" votes="337" />
                <Precinct name="CHAPPELL MILL V. FD" votes="340" />
                <Precinct name="SENIOR CITZEN BLDG" votes="354" />
                <Precinct name="REDBONE" votes="125" />
                <Precinct name="L C S C" votes="847" />
                <Precinct name="MILNER" votes="986" />
            </VoteType>
            <VoteType name="Provisional" votes="6">
                <Precinct name="BARNESVILLE FBC" votes="0" />
                <Precinct name="CHAPPELL MILL V. FD" votes="0" />
                <Precinct name="SENIOR CITZEN BLDG" votes="0" />
                <Precinct name="REDBONE" votes="2" />
                <Precinct name="L C S C" votes="1" />
                <Precinct name="MILNER" votes="3" />
            </VoteType>
        </Choice>
        <Choice key="20" text="ERIC HOSKINS" totalVotes="1493">
            <VoteType name="Election Day" votes="604">
                <Precinct name="BARNESVILLE FBC" votes="191" />
                <Precinct name="CHAPPELL MILL V. FD" votes="58" />
                <Precinct name="SENIOR CITZEN BLDG" votes="74" />
                <Precinct name="REDBONE" votes="33" />
                <Precinct name="L C S C" votes="109" />
                <Precinct name="MILNER" votes="139" />
            </VoteType>
            <VoteType name="Absentee by Mail" votes="76">
                <Precinct name="BARNESVILLE FBC" votes="28" />
                <Precinct name="CHAPPELL MILL V. FD" votes="8" />
                <Precinct name="SENIOR CITZEN BLDG" votes="12" />
                <Precinct name="REDBONE" votes="3" />
                <Precinct name="L C S C" votes="12" />
                <Precinct name="MILNER" votes="13" />
            </VoteType>
            <VoteType name="Advance in Person" votes="808">
                <Precinct name="BARNESVILLE FBC" votes="256" />
                <Precinct name="CHAPPELL MILL V. FD" votes="63" />
                <Precinct name="SENIOR CITZEN BLDG" votes="103" />
                <Precinct name="REDBONE" votes="27" />
                <Precinct name="L C S C" votes="173" />
                <Precinct name="MILNER" votes="186" />
            </VoteType>
            <VoteType name="Provisional" votes="5">
                <Precinct name="BARNESVILLE FBC" votes="0" />
                <Precinct name="CHAPPELL MILL V. FD" votes="1" />
                <Precinct name="SENIOR CITZEN BLDG" votes="3" />
                <Precinct name="REDBONE" votes="0" />
                <Precinct name="L C S C" votes="1" />
                <Precinct name="MILNER" votes="0" />
            </VoteType>
        </Choice>
    </Contest>
    <Contest key="50" text="U.S. Representative, District 3" isQuestion="false" precinctsReporting="6" precinctsReported="6">
        <VoteType name="Number of Precincts for Race" votes="6">
            <Precinct name="BARNESVILLE FBC" votes="1" />
            <Precinct name="CHAPPELL MILL V. FD" votes="1" />
            <Precinct name="SENIOR CITZEN BLDG" votes="1" />
            <Precinct name="REDBONE" votes="1" />
            <Precinct name="L C S C" votes="1" />
            <Precinct name="MILNER" votes="1" />
        </VoteType>
        <VoteType name="Number of Precincts Reporting" votes="6">
            <Precinct name="BARNESVILLE FBC" votes="1" />
            <Precinct name="CHAPPELL MILL V. FD" votes="1" />
            <Precinct name="SENIOR CITZEN BLDG" votes="1" />
            <Precinct name="REDBONE" votes="1" />
            <Precinct name="L C S C" votes="1" />
            <Precinct name="MILNER" votes="1" />
        </VoteType>
        <Choice key="10" text="DREW FERGUSON" totalVotes="5150">
            <VoteType name="Election Day" votes="2002">
                <Precinct name="BARNESVILLE FBC" votes="163" />
                <Precinct name="CHAPPELL MILL V. FD" votes="331" />
                <Precinct name="SENIOR CITZEN BLDG" votes="138" />
                <Precinct name="REDBONE" votes="184" />
                <Precinct name="L C S C" votes="416" />
                <Precinct name="MILNER" votes="770" />
            </VoteType>
            <VoteType name="Absentee by Mail" votes="221">
                <Precinct name="BARNESVILLE FBC" votes="14" />
                <Precinct name="CHAPPELL MILL V. FD" votes="36" />
                <Precinct name="SENIOR CITZEN BLDG" votes="28" />
                <Precinct name="REDBONE" votes="13" />
                <Precinct name="L C S C" votes="54" />
                <Precinct name="MILNER" votes="76" />
            </VoteType>
            <VoteType name="Advance in Person" votes="2920">
                <Precinct name="BARNESVILLE FBC" votes="263" />
                <Precinct name="CHAPPELL MILL V. FD" votes="344" />
                <Precinct name="SENIOR CITZEN BLDG" votes="338" />
                <Precinct name="REDBONE" votes="126" />
                <Precinct name="L C S C" votes="854" />
                <Precinct name="MILNER" votes="995" />
            </VoteType>
            <VoteType name="Provisional" votes="7">
                <Precinct name="BARNESVILLE FBC" votes="0" />
                <Precinct name="CHAPPELL MILL V. FD" votes="0" />
                <Precinct name="SENIOR CITZEN BLDG" votes="0" />
                <Precinct name="REDBONE" votes="2" />
                <Precinct name="L C S C" votes="2" />
                <Precinct name="MILNER" votes="3" />
            </VoteType>
        </Choice>
        <Choice key="20" text="ANGELA PENDLEY" totalVotes="2176">
            <VoteType name="Election Day" votes="835">
                <Precinct name="BARNESVILLE FBC" votes="306" />
                <Precinct name="CHAPPELL MILL V. FD" votes="59" />
                <Precinct name="SENIOR CITZEN BLDG" votes="114" />
                <Precinct name="REDBONE" votes="41" />
                <Precinct name="L C S C" votes="136" />
                <Precinct name="MILNER" votes="179" />
            </VoteType>
            <VoteType name="Absentee by Mail" votes="133">
                <Precinct name="BARNESVILLE FBC" votes="70" />
                <Precinct name="CHAPPELL MILL V. FD" votes="10" />
                <Precinct name="SENIOR CITZEN BLDG" votes="11" />
                <Precinct name="REDBONE" votes="3" />
                <Precinct name="L C S C" votes="22" />
                <Precinct name="MILNER" votes="17" />
            </VoteType>
            <VoteType name="Advance in Person" votes="1204">
                <Precinct name="BARNESVILLE FBC" votes="490" />
                <Precinct name="CHAPPELL MILL V. FD" votes="78" />
                <Precinct name="SENIOR CITZEN BLDG" votes="154" />
                <Precinct name="REDBONE" votes="30" />
                <Precinct name="L C S C" votes="230" />
                <Precinct name="MILNER" votes="222" />
            </VoteType>
            <VoteType name="Provisional" votes="4">
                <Precinct name="BARNESVILLE FBC" votes="0" />
                <Precinct name="CHAPPELL MILL V. FD" votes="1" />
                <Precinct name="SENIOR CITZEN BLDG" votes="3" />
                <Precinct name="REDBONE" votes="0" />
                <Precinct name="L C S C" votes="0" />
                <Precinct name="MILNER" votes="0" />
            </VoteType>
        </Choice>
    </Contest>
    <Contest key="70" text="State Senator, District 16" isQuestion="false" precinctsReporting="6" precinctsReported="6">
        <VoteType name="Number of Precincts for Race" votes="6">
            <Precinct name="BARNESVILLE FBC" votes="1" />
            <Precinct name="CHAPPELL MILL V. FD" votes="1" />
            <Precinct name="SENIOR CITZEN BLDG" votes="1" />
            <Precinct name="REDBONE" votes="1" />
            <Precinct name="L C S C" votes="1" />
            <Precinct name="MILNER" votes="1" />
        </VoteType>
        <VoteType name="Number of Precincts Reporting" votes="6">
            <Precinct name="BARNESVILLE FBC" votes="1" />
            <Precinct name="CHAPPELL MILL V. FD" votes="1" />
            <Precinct name="SENIOR CITZEN BLDG" votes="1" />
            <Precinct name="REDBONE" votes="1" />
            <Precinct name="L C S C" votes="1" />
            <Precinct name="MILNER" votes="1" />
        </VoteType>
        <Choice key="10" text="MARTY HARBIN (I)" totalVotes="6028">
            <VoteType name="Election Day" votes="2409">
                <Precinct name="BARNESVILLE FBC" votes="327" />
                <Precinct name="CHAPPELL MILL V. FD" votes="350" />
                <Precinct name="SENIOR CITZEN BLDG" votes="194" />
                <Precinct name="REDBONE" votes="197" />
                <Precinct name="L C S C" votes="479" />
                <Precinct name="MILNER" votes="862" />
            </VoteType>
            <VoteType name="Absentee by Mail" votes="258">
                <Precinct name="BARNESVILLE FBC" votes="41" />
                <Precinct name="CHAPPELL MILL V. FD" votes="37" />
                <Precinct name="SENIOR CITZEN BLDG" votes="34" />
                <Precinct name="REDBONE" votes="13" />
                <Precinct name="L C S C" votes="57" />
                <Precinct name="MILNER" votes="76" />
            </VoteType>
            <VoteType name="Advance in Person" votes="3351">
                <Precinct name="BARNESVILLE FBC" votes="458" />
                <Precinct name="CHAPPELL MILL V. FD" votes="367" />
                <Precinct name="SENIOR CITZEN BLDG" votes="407" />
                <Precinct name="REDBONE" votes="139" />
                <Precinct name="L C S C" votes="909" />
                <Precinct name="MILNER" votes="1071" />
            </VoteType>
            <VoteType name="Provisional" votes="10">
                <Precinct name="BARNESVILLE FBC" votes="0" />
                <Precinct name="CHAPPELL MILL V. FD" votes="1" />
                <Precinct name="SENIOR CITZEN BLDG" votes="3" />
                <Precinct name="REDBONE" votes="2" />
                <Precinct name="L C S C" votes="1" />
                <Precinct name="MILNER" votes="3" />
            </VoteType>
        </Choice>
    </Contest>
    <Contest key="90" text="State Representative, District 130" isQuestion="false" precinctsReporting="3" precinctsReported="3">
        <VoteType name="Number of Precincts for Race" votes="3">
            <Precinct name="CHAPPELL MILL V. FD" votes="1" />
            <Precinct name="SENIOR CITZEN BLDG" votes="1" />
            <Precinct name="MILNER" votes="1" />
        </VoteType>
        <VoteType name="Number of Precincts Reporting" votes="3">
            <Precinct name="CHAPPELL MILL V. FD" votes="1" />
            <Precinct name="SENIOR CITZEN BLDG" votes="1" />
            <Precinct name="MILNER" votes="1" />
        </VoteType>
        <Choice key="10" text="DAVID KNIGHT (I)" totalVotes="3421">
            <VoteType name="Election Day" votes="1412">
                <Precinct name="CHAPPELL MILL V. FD" votes="357" />
                <Precinct name="SENIOR CITZEN BLDG" votes="191" />
                <Precinct name="MILNER" votes="864" />
            </VoteType>
            <VoteType name="Absentee by Mail" votes="146">
                <Precinct name="CHAPPELL MILL V. FD" votes="37" />
                <Precinct name="SENIOR CITZEN BLDG" votes="34" />
                <Precinct name="MILNER" votes="75" />
            </VoteType>
            <VoteType name="Advance in Person" votes="1856">
                <Precinct name="CHAPPELL MILL V. FD" votes="374" />
                <Precinct name="SENIOR CITZEN BLDG" votes="404" />
                <Precinct name="MILNER" votes="1078" />
            </VoteType>
            <VoteType name="Provisional" votes="7">
                <Precinct name="CHAPPELL MILL V. FD" votes="1" />
                <Precinct name="SENIOR CITZEN BLDG" votes="3" />
                <Precinct name="MILNER" votes="3" />
            </VoteType>
        </Choice>
    </Contest>
    <Contest key="110" text="State Representative, District 131" isQuestion="false" precinctsReporting="3" precinctsReported="3">
        <VoteType name="Number of Precincts for Race" votes="3">
            <Precinct name="BARNESVILLE FBC" votes="1" />
            <Precinct name="REDBONE" votes="1" />
            <Precinct name="L C S C" votes="1" />
        </VoteType>
        <VoteType name="Number of Precincts Reporting" votes="3">
            <Precinct name="BARNESVILLE FBC" votes="1" />
            <Precinct name="REDBONE" votes="1" />
            <Precinct name="L C S C" votes="1" />
        </VoteType>
        <Choice key="10" text="JOHNNIE CALDWELL (I) (REP)" totalVotes="2622">
            <VoteType name="Election Day" votes="994">
                <Precinct name="BARNESVILLE FBC" votes="325" />
                <Precinct name="REDBONE" votes="200" />
                <Precinct name="L C S C" votes="469" />
            </VoteType>
            <VoteType name="Absentee by Mail" votes="115">
                <Precinct name="BARNESVILLE FBC" votes="46" />
                <Precinct name="REDBONE" votes="13" />
                <Precinct name="L C S C" votes="56" />
            </VoteType>
            <VoteType name="Advance in Person" votes="1510">
                <Precinct name="BARNESVILLE FBC" votes="470" />
                <Precinct name="REDBONE" votes="133" />
                <Precinct name="L C S C" votes="907" />
            </VoteType>
            <VoteType name="Provisional" votes="3">
                <Precinct name="BARNESVILLE FBC" votes="0" />
                <Precinct name="REDBONE" votes="2" />
                <Precinct name="L C S C" votes="1" />
            </VoteType>
        </Choice>
    </Contest>
    <Contest key="130" text="District Attorney, Towaliga Circuit" isQuestion="false" precinctsReporting="6" precinctsReported="6">
        <VoteType name="Number of Precincts for Race" votes="6">
            <Precinct name="BARNESVILLE FBC" votes="1" />
            <Precinct name="CHAPPELL MILL V. FD" votes="1" />
            <Precinct name="SENIOR CITZEN BLDG" votes="1" />
            <Precinct name="REDBONE" votes="1" />
            <Precinct name="L C S C" votes="1" />
            <Precinct name="MILNER" votes="1" />
        </VoteType>
        <VoteType name="Number of Precincts Reporting" votes="6">
            <Precinct name="BARNESVILLE FBC" votes="1" />
            <Precinct name="CHAPPELL MILL V. FD" votes="1" />
            <Precinct name="SENIOR CITZEN BLDG" votes="1" />
            <Precinct name="REDBONE" votes="1" />
            <Precinct name="L C S C" votes="1" />
            <Precinct name="MILNER" votes="1" />
        </VoteType>
        <Choice key="10" text="JONATHAN ADAMS" totalVotes="6110">
            <VoteType name="Election Day" votes="2415">
                <Precinct name="BARNESVILLE FBC" votes="327" />
                <Precinct name="CHAPPELL MILL V. FD" votes="355" />
                <Precinct name="SENIOR CITZEN BLDG" votes="189" />
                <Precinct name="REDBONE" votes="203" />
                <Precinct name="L C S C" votes="478" />
                <Precinct name="MILNER" votes="863" />
            </VoteType>
            <VoteType name="Absentee by Mail" votes="258">
                <Precinct name="BARNESVILLE FBC" votes="42" />
                <Precinct name="CHAPPELL MILL V. FD" votes="38" />
                <Precinct name="SENIOR CITZEN BLDG" votes="34" />
                <Precinct name="REDBONE" votes="13" />
                <Precinct name="L C S C" votes="59" />
                <Precinct name="MILNER" votes="72" />
            </VoteType>
            <VoteType name="Advance in Person" votes="3428">
                <Precinct name="BARNESVILLE FBC" votes="474" />
                <Precinct name="CHAPPELL MILL V. FD" votes="372" />
                <Precinct name="SENIOR CITZEN BLDG" votes="412" />
                <Precinct name="REDBONE" votes="144" />
                <Precinct name="L C S C" votes="942" />
                <Precinct name="MILNER" votes="1084" />
            </VoteType>
            <VoteType name="Provisional" votes="9">
                <Precinct name="BARNESVILLE FBC" votes="0" />
                <Precinct name="CHAPPELL MILL V. FD" votes="1" />
                <Precinct name="SENIOR CITZEN BLDG" votes="2" />
                <Precinct name="REDBONE" votes="2" />
                <Precinct name="L C S C" votes="1" />
                <Precinct name="MILNER" votes="3" />
            </VoteType>
        </Choice>
    </Contest>
    <Contest key="145" text="CLERK SUPERIOR COURT" isQuestion="false" precinctsReporting="6" precinctsReported="6">
        <VoteType name="Number of Precincts for Race" votes="6">
            <Precinct name="BARNESVILLE FBC" votes="1" />
            <Precinct name="CHAPPELL MILL V. FD" votes="1" />
            <Precinct name="SENIOR CITZEN BLDG" votes="1" />
            <Precinct name="REDBONE" votes="1" />
            <Precinct name="L C S C" votes="1" />
            <Precinct name="MILNER" votes="1" />
        </VoteType>
        <VoteType name="Number of Precincts Reporting" votes="6">
            <Precinct name="BARNESVILLE FBC" votes="1" />
            <Precinct name="CHAPPELL MILL V. FD" votes="1" />
            <Precinct name="SENIOR CITZEN BLDG" votes="1" />
            <Precinct name="REDBONE" votes="1" />
            <Precinct name="L C S C" votes="1" />
            <Precinct name="MILNER" votes="1" />
        </VoteType>
        <Choice key="10" text="C. TYSON (I) R" totalVotes="6056">
            <VoteType name="Election Day" votes="2402">
                <Precinct name="BARNESVILLE FBC" votes="324" />
                <Precinct name="CHAPPELL MILL V. FD" votes="356" />
                <Precinct name="SENIOR CITZEN BLDG" votes="188" />
                <Precinct name="REDBONE" votes="201" />
                <Precinct name="L C S C" votes="472" />
                <Precinct name="MILNER" votes="861" />
            </VoteType>
            <VoteType name="Absentee by Mail" votes="263">
                <Precinct name="BARNESVILLE FBC" votes="41" />
                <Precinct name="CHAPPELL MILL V. FD" votes="39" />
                <Precinct name="SENIOR CITZEN BLDG" votes="33" />
                <Precinct name="REDBONE" votes="13" />
                <Precinct name="L C S C" votes="60" />
                <Precinct name="MILNER" votes="77" />
            </VoteType>
            <VoteType name="Advance in Person" votes="3381">
                <Precinct name="BARNESVILLE FBC" votes="471" />
                <Precinct name="CHAPPELL MILL V. FD" votes="368" />
                <Precinct name="SENIOR CITZEN BLDG" votes="410" />
                <Precinct name="REDBONE" votes="137" />
                <Precinct name="L C S C" votes="932" />
                <Precinct name="MILNER" votes="1063" />
            </VoteType>
            <VoteType name="Provisional" votes="10">
                <Precinct name="BARNESVILLE FBC" votes="0" />
                <Precinct name="CHAPPELL MILL V. FD" votes="1" />
                <Precinct name="SENIOR CITZEN BLDG" votes="3" />
                <Precinct name="REDBONE" votes="2" />
                <Precinct name="L C S C" votes="1" />
                <Precinct name="MILNER" votes="3" />
            </VoteType>
        </Choice>
    </Contest>
    <Contest key="150" text="SHERIFF" isQuestion="false" precinctsReporting="6" precinctsReported="6">
        <VoteType name="Number of Precincts for Race" votes="6">
            <Precinct name="BARNESVILLE FBC" votes="1" />
            <Precinct name="CHAPPELL MILL V. FD" votes="1" />
            <Precinct name="SENIOR CITZEN BLDG" votes="1" />
            <Precinct name="REDBONE" votes="1" />
            <Precinct name="L C S C" votes="1" />
            <Precinct name="MILNER" votes="1" />
        </VoteType>
        <VoteType name="Number of Precincts Reporting" votes="6">
            <Precinct name="BARNESVILLE FBC" votes="1" />
            <Precinct name="CHAPPELL MILL V. FD" votes="1" />
            <Precinct name="SENIOR CITZEN BLDG" votes="1" />
            <Precinct name="REDBONE" votes="1" />
            <Precinct name="L C S C" votes="1" />
            <Precinct name="MILNER" votes="1" />
        </VoteType>
        <Choice key="10" text="B. WHITE (I) R" totalVotes="6011">
            <VoteType name="Election Day" votes="2329">
                <Precinct name="BARNESVILLE FBC" votes="262" />
                <Precinct name="CHAPPELL MILL V. FD" votes="344" />
                <Precinct name="SENIOR CITZEN BLDG" votes="178" />
                <Precinct name="REDBONE" votes="212" />
                <Precinct name="L C S C" votes="489" />
                <Precinct name="MILNER" votes="844" />
            </VoteType>
            <VoteType name="Absentee by Mail" votes="271">
                <Precinct name="BARNESVILLE FBC" votes="37" />
                <Precinct name="CHAPPELL MILL V. FD" votes="39" />
                <Precinct name="SENIOR CITZEN BLDG" votes="33" />
                <Precinct name="REDBONE" votes="13" />
                <Precinct name="L C S C" votes="65" />
                <Precinct name="MILNER" votes="84" />
            </VoteType>
            <VoteType name="Advance in Person" votes="3404">
                <Precinct name="BARNESVILLE FBC" votes="438" />
                <Precinct name="CHAPPELL MILL V. FD" votes="360" />
                <Precinct name="SENIOR CITZEN BLDG" votes="398" />
                <Precinct name="REDBONE" votes="146" />
                <Precinct name="L C S C" votes="980" />
                <Precinct name="MILNER" votes="1082" />
            </VoteType>
            <VoteType name="Provisional" votes="7">
                <Precinct name="BARNESVILLE FBC" votes="0" />
                <Precinct name="CHAPPELL MILL V. FD" votes="0" />
                <Precinct name="SENIOR CITZEN BLDG" votes="1" />
                <Precinct name="REDBONE" votes="1" />
                <Precinct name="L C S C" votes="2" />
                <Precinct name="MILNER" votes="3" />
            </VoteType>
        </Choice>
        <Choice key="20" text="F. USHER III (D)" totalVotes="1496">
            <VoteType name="Election Day" votes="576">
                <Precinct name="BARNESVILLE FBC" votes="220" />
                <Precinct name="CHAPPELL MILL V. FD" votes="53" />
                <Precinct name="SENIOR CITZEN BLDG" votes="76" />
                <Precinct name="REDBONE" votes="22" />
                <Precinct name="L C S C" votes="80" />
                <Precinct name="MILNER" votes="125" />
            </VoteType>
            <VoteType name="Absentee by Mail" votes="87">
                <Precinct name="BARNESVILLE FBC" votes="50" />
                <Precinct name="CHAPPELL MILL V. FD" votes="8" />
                <Precinct name="SENIOR CITZEN BLDG" votes="6" />
                <Precinct name="REDBONE" votes="3" />
                <Precinct name="L C S C" votes="11" />
                <Precinct name="MILNER" votes="9" />
            </VoteType>
            <VoteType name="Advance in Person" votes="829">
                <Precinct name="BARNESVILLE FBC" votes="341" />
                <Precinct name="CHAPPELL MILL V. FD" votes="68" />
                <Precinct name="SENIOR CITZEN BLDG" votes="114" />
                <Precinct name="REDBONE" votes="15" />
                <Precinct name="L C S C" votes="134" />
                <Precinct name="MILNER" votes="157" />
            </VoteType>
            <VoteType name="Provisional" votes="4">
                <Precinct name="BARNESVILLE FBC" votes="0" />
                <Precinct name="CHAPPELL MILL V. FD" votes="1" />
                <Precinct name="SENIOR CITZEN BLDG" votes="2" />
                <Precinct name="REDBONE" votes="1" />
                <Precinct name="L C S C" votes="0" />
                <Precinct name="MILNER" votes="0" />
            </VoteType>
        </Choice>
    </Contest>
    <Contest key="170" text="TAX COMMISSIONER" isQuestion="false" precinctsReporting="6" precinctsReported="6">
        <VoteType name="Number of Precincts for Race" votes="6">
            <Precinct name="BARNESVILLE FBC" votes="1" />
            <Precinct name="CHAPPELL MILL V. FD" votes="1" />
            <Precinct name="SENIOR CITZEN BLDG" votes="1" />
            <Precinct name="REDBONE" votes="1" />
            <Precinct name="L C S C" votes="1" />
            <Precinct name="MILNER" votes="1" />
        </VoteType>
        <VoteType name="Number of Precincts Reporting" votes="6">
            <Precinct name="BARNESVILLE FBC" votes="1" />
            <Precinct name="CHAPPELL MILL V. FD" votes="1" />
            <Precinct name="SENIOR CITZEN BLDG" votes="1" />
            <Precinct name="REDBONE" votes="1" />
            <Precinct name="L C S C" votes="1" />
            <Precinct name="MILNER" votes="1" />
        </VoteType>
        <Choice key="10" text="A. L. ANTHONY (I) R" totalVotes="6253">
            <VoteType name="Election Day" votes="2469">
                <Precinct name="BARNESVILLE FBC" votes="349" />
                <Precinct name="CHAPPELL MILL V. FD" votes="363" />
                <Precinct name="SENIOR CITZEN BLDG" votes="192" />
                <Precinct name="REDBONE" votes="205" />
                <Precinct name="L C S C" votes="485" />
                <Precinct name="MILNER" votes="875" />
            </VoteType>
            <VoteType name="Absentee by Mail" votes="262">
                <Precinct name="BARNESVILLE FBC" votes="44" />
                <Precinct name="CHAPPELL MILL V. FD" votes="37" />
                <Precinct name="SENIOR CITZEN BLDG" votes="33" />
                <Precinct name="REDBONE" votes="13" />
                <Precinct name="L C S C" votes="59" />
                <Precinct name="MILNER" votes="76" />
            </VoteType>
            <VoteType name="Advance in Person" votes="3512">
                <Precinct name="BARNESVILLE FBC" votes="515" />
                <Precinct name="CHAPPELL MILL V. FD" votes="379" />
                <Precinct name="SENIOR CITZEN BLDG" votes="431" />
                <Precinct name="REDBONE" votes="142" />
                <Precinct name="L C S C" votes="955" />
                <Precinct name="MILNER" votes="1090" />
            </VoteType>
            <VoteType name="Provisional" votes="10">
                <Precinct name="BARNESVILLE FBC" votes="0" />
                <Precinct name="CHAPPELL MILL V. FD" votes="1" />
                <Precinct name="SENIOR CITZEN BLDG" votes="3" />
                <Precinct name="REDBONE" votes="2" />
                <Precinct name="L C S C" votes="1" />
                <Precinct name="MILNER" votes="3" />
            </VoteType>
        </Choice>
    </Contest>
    <Contest key="200" text="CORONER" isQuestion="false" precinctsReporting="6" precinctsReported="6">
        <VoteType name="Number of Precincts for Race" votes="6">
            <Precinct name="BARNESVILLE FBC" votes="1" />
            <Precinct name="CHAPPELL MILL V. FD" votes="1" />
            <Precinct name="SENIOR CITZEN BLDG" votes="1" />
            <Precinct name="REDBONE" votes="1" />
            <Precinct name="L C S C" votes="1" />
            <Precinct name="MILNER" votes="1" />
        </VoteType>
        <VoteType name="Number of Precincts Reporting" votes="6">
            <Precinct name="BARNESVILLE FBC" votes="1" />
            <Precinct name="CHAPPELL MILL V. FD" votes="1" />
            <Precinct name="SENIOR CITZEN BLDG" votes="1" />
            <Precinct name="REDBONE" votes="1" />
            <Precinct name="L C S C" votes="1" />
            <Precinct name="MILNER" votes="1" />
        </VoteType>
        <Choice key="10" text="J. F. SMITH (I) D" totalVotes="6163">
            <VoteType name="Election Day" votes="2424">
                <Precinct name="BARNESVILLE FBC" votes="417" />
                <Precinct name="CHAPPELL MILL V. FD" votes="317" />
                <Precinct name="SENIOR CITZEN BLDG" votes="217" />
                <Precinct name="REDBONE" votes="195" />
                <Precinct name="L C S C" votes="478" />
                <Precinct name="MILNER" votes="800" />
            </VoteType>
            <VoteType name="Absentee by Mail" votes="288">
                <Precinct name="BARNESVILLE FBC" votes="79" />
                <Precinct name="CHAPPELL MILL V. FD" votes="35" />
                <Precinct name="SENIOR CITZEN BLDG" votes="31" />
                <Precinct name="REDBONE" votes="12" />
                <Precinct name="L C S C" votes="62" />
                <Precinct name="MILNER" votes="69" />
            </VoteType>
            <VoteType name="Advance in Person" votes="3441">
                <Precinct name="BARNESVILLE FBC" votes="653" />
                <Precinct name="CHAPPELL MILL V. FD" votes="341" />
                <Precinct name="SENIOR CITZEN BLDG" votes="435" />
                <Precinct name="REDBONE" votes="131" />
                <Precinct name="L C S C" votes="918" />
                <Precinct name="MILNER" votes="963" />
            </VoteType>
            <VoteType name="Provisional" votes="10">
                <Precinct name="BARNESVILLE FBC" votes="0" />
                <Precinct name="CHAPPELL MILL V. FD" votes="1" />
                <Precinct name="SENIOR CITZEN BLDG" votes="3" />
                <Precinct name="REDBONE" votes="2" />
                <Precinct name="L C S C" votes="1" />
                <Precinct name="MILNER" votes="3" />
            </VoteType>
        </Choice>
    </Contest>
    <Contest key="210" text="CC D3" isQuestion="false" precinctsReporting="1" precinctsReported="1">
        <VoteType name="Number of Precincts for Race" votes="1">
            <Precinct name="L C S C" votes="1" />
        </VoteType>
        <VoteType name="Number of Precincts Reporting" votes="1">
            <Precinct name="L C S C" votes="1" />
        </VoteType>
        <Choice key="10" text="R. TRAYLOR (R)" totalVotes="1498">
            <VoteType name="Election Day" votes="481">
                <Precinct name="L C S C" votes="481" />
            </VoteType>
            <VoteType name="Absentee by Mail" votes="62">
                <Precinct name="L C S C" votes="62" />
            </VoteType>
            <VoteType name="Advance in Person" votes="954">
                <Precinct name="L C S C" votes="954" />
            </VoteType>
            <VoteType name="Provisional" votes="1">
                <Precinct name="L C S C" votes="1" />
            </VoteType>
        </Choice>
    </Contest>
    <Contest key="230" text="CC D4" isQuestion="false" precinctsReporting="1" precinctsReported="1">
        <VoteType name="Number of Precincts for Race" votes="1">
            <Precinct name="MILNER" votes="1" />
        </VoteType>
        <VoteType name="Number of Precincts Reporting" votes="1">
            <Precinct name="MILNER" votes="1" />
        </VoteType>
        <Choice key="10" text="N. THRASH (I) R" totalVotes="2001">
            <VoteType name="Election Day" votes="867">
                <Precinct name="MILNER" votes="867" />
            </VoteType>
            <VoteType name="Absentee by Mail" votes="71">
                <Precinct name="MILNER" votes="71" />
            </VoteType>
            <VoteType name="Advance in Person" votes="1060">
                <Precinct name="MILNER" votes="1060" />
            </VoteType>
            <VoteType name="Provisional" votes="3">
                <Precinct name="MILNER" votes="3" />
            </VoteType>
        </Choice>
    </Contest>
    <Contest key="250" text="BOE D1" isQuestion="false" precinctsReporting="1" precinctsReported="1">
        <VoteType name="Number of Precincts for Race" votes="1">
            <Precinct name="BARNESVILLE FBC" votes="1" />
        </VoteType>
        <VoteType name="Number of Precincts Reporting" votes="1">
            <Precinct name="BARNESVILLE FBC" votes="1" />
        </VoteType>
        <Choice key="10" text="H. HIGHTOWER (I) D" totalVotes="1166">
            <VoteType name="Election Day" votes="426">
                <Precinct name="BARNESVILLE FBC" votes="426" />
            </VoteType>
            <VoteType name="Absentee by Mail" votes="78">
                <Precinct name="BARNESVILLE FBC" votes="78" />
            </VoteType>
            <VoteType name="Advance in Person" votes="662">
                <Precinct name="BARNESVILLE FBC" votes="662" />
            </VoteType>
            <VoteType name="Provisional" votes="0">
                <Precinct name="BARNESVILLE FBC" votes="0" />
            </VoteType>
        </Choice>
    </Contest>
    <Contest key="270" text="BOE D3" isQuestion="false" precinctsReporting="1" precinctsReported="1">
        <VoteType name="Number of Precincts for Race" votes="1">
            <Precinct name="L C S C" votes="1" />
        </VoteType>
        <VoteType name="Number of Precincts Reporting" votes="1">
            <Precinct name="L C S C" votes="1" />
        </VoteType>
        <Choice key="10" text="S. W. BYARS (I) R" totalVotes="1463">
            <VoteType name="Election Day" votes="475">
                <Precinct name="L C S C" votes="475" />
            </VoteType>
            <VoteType name="Absentee by Mail" votes="63">
                <Precinct name="L C S C" votes="63" />
            </VoteType>
            <VoteType name="Advance in Person" votes="924">
                <Precinct name="L C S C" votes="924" />
            </VoteType>
            <VoteType name="Provisional" votes="1">
                <Precinct name="L C S C" votes="1" />
            </VoteType>
        </Choice>
    </Contest>
    <Contest key="280" text="SOIL AND WATER" isQuestion="false" precinctsReporting="6" precinctsReported="6">
        <VoteType name="Number of Precincts for Race" votes="6">
            <Precinct name="BARNESVILLE FBC" votes="1" />
            <Precinct name="CHAPPELL MILL V. FD" votes="1" />
            <Precinct name="SENIOR CITZEN BLDG" votes="1" />
            <Precinct name="REDBONE" votes="1" />
            <Precinct name="L C S C" votes="1" />
            <Precinct name="MILNER" votes="1" />
        </VoteType>
        <VoteType name="Number of Precincts Reporting" votes="6">
            <Precinct name="BARNESVILLE FBC" votes="1" />
            <Precinct name="CHAPPELL MILL V. FD" votes="1" />
            <Precinct name="SENIOR CITZEN BLDG" votes="1" />
            <Precinct name="REDBONE" votes="1" />
            <Precinct name="L C S C" votes="1" />
            <Precinct name="MILNER" votes="1" />
        </VoteType>
        <Choice key="10" text="L. H. PARKER (I)" totalVotes="5188">
            <VoteType name="Election Day" votes="2046">
                <Precinct name="BARNESVILLE FBC" votes="300" />
                <Precinct name="CHAPPELL MILL V. FD" votes="287" />
                <Precinct name="SENIOR CITZEN BLDG" votes="160" />
                <Precinct name="REDBONE" votes="173" />
                <Precinct name="L C S C" votes="417" />
                <Precinct name="MILNER" votes="709" />
            </VoteType>
            <VoteType name="Absentee by Mail" votes="253">
                <Precinct name="BARNESVILLE FBC" votes="43" />
                <Precinct name="CHAPPELL MILL V. FD" votes="31" />
                <Precinct name="SENIOR CITZEN BLDG" votes="31" />
                <Precinct name="REDBONE" votes="11" />
                <Precinct name="L C S C" votes="60" />
                <Precinct name="MILNER" votes="77" />
            </VoteType>
            <VoteType name="Advance in Person" votes="2881">
                <Precinct name="BARNESVILLE FBC" votes="441" />
                <Precinct name="CHAPPELL MILL V. FD" votes="309" />
                <Precinct name="SENIOR CITZEN BLDG" votes="344" />
                <Precinct name="REDBONE" votes="117" />
                <Precinct name="L C S C" votes="781" />
                <Precinct name="MILNER" votes="889" />
            </VoteType>
            <VoteType name="Provisional" votes="8">
                <Precinct name="BARNESVILLE FBC" votes="0" />
                <Precinct name="CHAPPELL MILL V. FD" votes="1" />
                <Precinct name="SENIOR CITZEN BLDG" votes="1" />
                <Precinct name="REDBONE" votes="2" />
                <Precinct name="L C S C" votes="1" />
                <Precinct name="MILNER" votes="3" />
            </VoteType>
        </Choice>
        <Choice key="20" text="R. WALTERS (I)" totalVotes="4074">
            <VoteType name="Election Day" votes="1572">
                <Precinct name="BARNESVILLE FBC" votes="211" />
                <Precinct name="CHAPPELL MILL V. FD" votes="212" />
                <Precinct name="SENIOR CITZEN BLDG" votes="141" />
                <Precinct name="REDBONE" votes="151" />
                <Precinct name="L C S C" votes="342" />
                <Precinct name="MILNER" votes="515" />
            </VoteType>
            <VoteType name="Absentee by Mail" votes="232">
                <Precinct name="BARNESVILLE FBC" votes="44" />
                <Precinct name="CHAPPELL MILL V. FD" votes="24" />
                <Precinct name="SENIOR CITZEN BLDG" votes="28" />
                <Precinct name="REDBONE" votes="9" />
                <Precinct name="L C S C" votes="52" />
                <Precinct name="MILNER" votes="75" />
            </VoteType>
            <VoteType name="Advance in Person" votes="2264">
                <Precinct name="BARNESVILLE FBC" votes="318" />
                <Precinct name="CHAPPELL MILL V. FD" votes="231" />
                <Precinct name="SENIOR CITZEN BLDG" votes="264" />
                <Precinct name="REDBONE" votes="96" />
                <Precinct name="L C S C" votes="673" />
                <Precinct name="MILNER" votes="682" />
            </VoteType>
            <VoteType name="Provisional" votes="6">
                <Precinct name="BARNESVILLE FBC" votes="0" />
                <Precinct name="CHAPPELL MILL V. FD" votes="1" />
                <Precinct name="SENIOR CITZEN BLDG" votes="2" />
                <Precinct name="REDBONE" votes="0" />
                <Precinct name="L C S C" votes="1" />
                <Precinct name="MILNER" votes="2" />
            </VoteType>
        </Choice>
    </Contest>
    <Contest key="281" text="Constitutional Amendment #1&lt;br&gt;Provides greater flexibility and state accountability to fix failing schools through increasing community involvement." isQuestion="false" precinctsReporting="6" precinctsReported="6">
        <VoteType name="Number of Precincts for Race" votes="6">
            <Precinct name="BARNESVILLE FBC" votes="1" />
            <Precinct name="CHAPPELL MILL V. FD" votes="1" />
            <Precinct name="SENIOR CITZEN BLDG" votes="1" />
            <Precinct name="REDBONE" votes="1" />
            <Precinct name="L C S C" votes="1" />
            <Precinct name="MILNER" votes="1" />
        </VoteType>
        <VoteType name="Number of Precincts Reporting" votes="6">
            <Precinct name="BARNESVILLE FBC" votes="1" />
            <Precinct name="CHAPPELL MILL V. FD" votes="1" />
            <Precinct name="SENIOR CITZEN BLDG" votes="1" />
            <Precinct name="REDBONE" votes="1" />
            <Precinct name="L C S C" votes="1" />
            <Precinct name="MILNER" votes="1" />
        </VoteType>
        <Choice key="10" text="YES" totalVotes="2481">
            <VoteType name="Election Day" votes="940">
                <Precinct name="BARNESVILLE FBC" votes="182" />
                <Precinct name="CHAPPELL MILL V. FD" votes="145" />
                <Precinct name="SENIOR CITZEN BLDG" votes="67" />
                <Precinct name="REDBONE" votes="72" />
                <Precinct name="L C S C" votes="183" />
                <Precinct name="MILNER" votes="291" />
            </VoteType>
            <VoteType name="Absentee by Mail" votes="138">
                <Precinct name="BARNESVILLE FBC" votes="32" />
                <Precinct name="CHAPPELL MILL V. FD" votes="22" />
                <Precinct name="SENIOR CITZEN BLDG" votes="19" />
                <Precinct name="REDBONE" votes="3" />
                <Precinct name="L C S C" votes="30" />
                <Precinct name="MILNER" votes="32" />
            </VoteType>
            <VoteType name="Advance in Person" votes="1398">
                <Precinct name="BARNESVILLE FBC" votes="274" />
                <Precinct name="CHAPPELL MILL V. FD" votes="149" />
                <Precinct name="SENIOR CITZEN BLDG" votes="174" />
                <Precinct name="REDBONE" votes="60" />
                <Precinct name="L C S C" votes="306" />
                <Precinct name="MILNER" votes="435" />
            </VoteType>
            <VoteType name="Provisional" votes="5">
                <Precinct name="BARNESVILLE FBC" votes="0" />
                <Precinct name="CHAPPELL MILL V. FD" votes="0" />
                <Precinct name="SENIOR CITZEN BLDG" votes="1" />
                <Precinct name="REDBONE" votes="2" />
                <Precinct name="L C S C" votes="0" />
                <Precinct name="MILNER" votes="2" />
            </VoteType>
        </Choice>
        <Choice key="20" text="NO" totalVotes="5006">
            <VoteType name="Election Day" votes="1963">
                <Precinct name="BARNESVILLE FBC" votes="302" />
                <Precinct name="CHAPPELL MILL V. FD" votes="250" />
                <Precinct name="SENIOR CITZEN BLDG" votes="186" />
                <Precinct name="REDBONE" votes="162" />
                <Precinct name="L C S C" votes="383" />
                <Precinct name="MILNER" votes="680" />
            </VoteType>
            <VoteType name="Absentee by Mail" votes="219">
                <Precinct name="BARNESVILLE FBC" votes="53" />
                <Precinct name="CHAPPELL MILL V. FD" votes="24" />
                <Precinct name="SENIOR CITZEN BLDG" votes="22" />
                <Precinct name="REDBONE" votes="13" />
                <Precinct name="L C S C" votes="47" />
                <Precinct name="MILNER" votes="60" />
            </VoteType>
            <VoteType name="Advance in Person" votes="2818">
                <Precinct name="BARNESVILLE FBC" votes="499" />
                <Precinct name="CHAPPELL MILL V. FD" votes="278" />
                <Precinct name="SENIOR CITZEN BLDG" votes="333" />
                <Precinct name="REDBONE" votes="100" />
                <Precinct name="L C S C" votes="796" />
                <Precinct name="MILNER" votes="812" />
            </VoteType>
            <VoteType name="Provisional" votes="6">
                <Precinct name="BARNESVILLE FBC" votes="0" />
                <Precinct name="CHAPPELL MILL V. FD" votes="1" />
                <Precinct name="SENIOR CITZEN BLDG" votes="2" />
                <Precinct name="REDBONE" votes="0" />
                <Precinct name="L C S C" votes="2" />
                <Precinct name="MILNER" votes="1" />
            </VoteType>
        </Choice>
    </Contest>
    <Contest key="282" text="Constitutional Amendment #2&lt;br&gt;Authorizes penalties for sexual exploitation and assessments on adult entertainment to fund child victims' services." isQuestion="false" precinctsReporting="6" precinctsReported="6">
        <VoteType name="Number of Precincts for Race" votes="6">
            <Precinct name="BARNESVILLE FBC" votes="1" />
            <Precinct name="CHAPPELL MILL V. FD" votes="1" />
            <Precinct name="SENIOR CITZEN BLDG" votes="1" />
            <Precinct name="REDBONE" votes="1" />
            <Precinct name="L C S C" votes="1" />
            <Precinct name="MILNER" votes="1" />
        </VoteType>
        <VoteType name="Number of Precincts Reporting" votes="6">
            <Precinct name="BARNESVILLE FBC" votes="1" />
            <Precinct name="CHAPPELL MILL V. FD" votes="1" />
            <Precinct name="SENIOR CITZEN BLDG" votes="1" />
            <Precinct name="REDBONE" votes="1" />
            <Precinct name="L C S C" votes="1" />
            <Precinct name="MILNER" votes="1" />
        </VoteType>
        <Choice key="10" text="YES" totalVotes="5940">
            <VoteType name="Election Day" votes="2281">
                <Precinct name="BARNESVILLE FBC" votes="362" />
                <Precinct name="CHAPPELL MILL V. FD" votes="314" />
                <Precinct name="SENIOR CITZEN BLDG" votes="190" />
                <Precinct name="REDBONE" votes="181" />
                <Precinct name="L C S C" votes="435" />
                <Precinct name="MILNER" votes="799" />
            </VoteType>
            <VoteType name="Absentee by Mail" votes="281">
                <Precinct name="BARNESVILLE FBC" votes="68" />
                <Precinct name="CHAPPELL MILL V. FD" votes="34" />
                <Precinct name="SENIOR CITZEN BLDG" votes="31" />
                <Precinct name="REDBONE" votes="13" />
                <Precinct name="L C S C" votes="63" />
                <Precinct name="MILNER" votes="72" />
            </VoteType>
            <VoteType name="Advance in Person" votes="3369">
                <Precinct name="BARNESVILLE FBC" votes="567" />
                <Precinct name="CHAPPELL MILL V. FD" votes="352" />
                <Precinct name="SENIOR CITZEN BLDG" votes="407" />
                <Precinct name="REDBONE" votes="134" />
                <Precinct name="L C S C" votes="892" />
                <Precinct name="MILNER" votes="1017" />
            </VoteType>
            <VoteType name="Provisional" votes="9">
                <Precinct name="BARNESVILLE FBC" votes="0" />
                <Precinct name="CHAPPELL MILL V. FD" votes="1" />
                <Precinct name="SENIOR CITZEN BLDG" votes="2" />
                <Precinct name="REDBONE" votes="2" />
                <Precinct name="L C S C" votes="1" />
                <Precinct name="MILNER" votes="3" />
            </VoteType>
        </Choice>
        <Choice key="20" text="NO" totalVotes="1388">
            <VoteType name="Election Day" votes="563">
                <Precinct name="BARNESVILLE FBC" votes="106" />
                <Precinct name="CHAPPELL MILL V. FD" votes="76" />
                <Precinct name="SENIOR CITZEN BLDG" votes="60" />
                <Precinct name="REDBONE" votes="46" />
                <Precinct name="L C S C" votes="115" />
                <Precinct name="MILNER" votes="160" />
            </VoteType>
            <VoteType name="Absentee by Mail" votes="60">
                <Precinct name="BARNESVILLE FBC" votes="14" />
                <Precinct name="CHAPPELL MILL V. FD" votes="12" />
                <Precinct name="SENIOR CITZEN BLDG" votes="5" />
                <Precinct name="REDBONE" votes="2" />
                <Precinct name="L C S C" votes="10" />
                <Precinct name="MILNER" votes="17" />
            </VoteType>
            <VoteType name="Advance in Person" votes="764">
                <Precinct name="BARNESVILLE FBC" votes="180" />
                <Precinct name="CHAPPELL MILL V. FD" votes="74" />
                <Precinct name="SENIOR CITZEN BLDG" votes="87" />
                <Precinct name="REDBONE" votes="28" />
                <Precinct name="L C S C" votes="187" />
                <Precinct name="MILNER" votes="208" />
            </VoteType>
            <VoteType name="Provisional" votes="1">
                <Precinct name="BARNESVILLE FBC" votes="0" />
                <Precinct name="CHAPPELL MILL V. FD" votes="0" />
                <Precinct name="SENIOR CITZEN BLDG" votes="0" />
                <Precinct name="REDBONE" votes="0" />
                <Precinct name="L C S C" votes="1" />
                <Precinct name="MILNER" votes="0" />
            </VoteType>
        </Choice>
    </Contest>
    <Contest key="283" text="Constitutional Amendment #3&lt;br&gt;Reforms and re-establishes the Judicial Qualifications Commission and provides for its composition, governance, and powers." isQuestion="false" precinctsReporting="6" precinctsReported="6">
        <VoteType name="Number of Precincts for Race" votes="6">
            <Precinct name="BARNESVILLE FBC" votes="1" />
            <Precinct name="CHAPPELL MILL V. FD" votes="1" />
            <Precinct name="SENIOR CITZEN BLDG" votes="1" />
            <Precinct name="REDBONE" votes="1" />
            <Precinct name="L C S C" votes="1" />
            <Precinct name="MILNER" votes="1" />
        </VoteType>
        <VoteType name="Number of Precincts Reporting" votes="6">
            <Precinct name="BARNESVILLE FBC" votes="1" />
            <Precinct name="CHAPPELL MILL V. FD" votes="1" />
            <Precinct name="SENIOR CITZEN BLDG" votes="1" />
            <Precinct name="REDBONE" votes="1" />
            <Precinct name="L C S C" votes="1" />
            <Precinct name="MILNER" votes="1" />
        </VoteType>
        <Choice key="10" text="YES" totalVotes="4151">
            <VoteType name="Election Day" votes="1594">
                <Precinct name="BARNESVILLE FBC" votes="272" />
                <Precinct name="CHAPPELL MILL V. FD" votes="230" />
                <Precinct name="SENIOR CITZEN BLDG" votes="135" />
                <Precinct name="REDBONE" votes="129" />
                <Precinct name="L C S C" votes="267" />
                <Precinct name="MILNER" votes="561" />
            </VoteType>
            <VoteType name="Absentee by Mail" votes="192">
                <Precinct name="BARNESVILLE FBC" votes="45" />
                <Precinct name="CHAPPELL MILL V. FD" votes="24" />
                <Precinct name="SENIOR CITZEN BLDG" votes="18" />
                <Precinct name="REDBONE" votes="7" />
                <Precinct name="L C S C" votes="45" />
                <Precinct name="MILNER" votes="53" />
            </VoteType>
            <VoteType name="Advance in Person" votes="2357">
                <Precinct name="BARNESVILLE FBC" votes="423" />
                <Precinct name="CHAPPELL MILL V. FD" votes="249" />
                <Precinct name="SENIOR CITZEN BLDG" votes="297" />
                <Precinct name="REDBONE" votes="81" />
                <Precinct name="L C S C" votes="605" />
                <Precinct name="MILNER" votes="702" />
            </VoteType>
            <VoteType name="Provisional" votes="8">
                <Precinct name="BARNESVILLE FBC" votes="0" />
                <Precinct name="CHAPPELL MILL V. FD" votes="1" />
                <Precinct name="SENIOR CITZEN BLDG" votes="2" />
                <Precinct name="REDBONE" votes="2" />
                <Precinct name="L C S C" votes="1" />
                <Precinct name="MILNER" votes="2" />
            </VoteType>
        </Choice>
        <Choice key="20" text="NO" totalVotes="2832">
            <VoteType name="Election Day" votes="1128">
                <Precinct name="BARNESVILLE FBC" votes="177" />
                <Precinct name="CHAPPELL MILL V. FD" votes="138" />
                <Precinct name="SENIOR CITZEN BLDG" votes="104" />
                <Precinct name="REDBONE" votes="90" />
                <Precinct name="L C S C" votes="263" />
                <Precinct name="MILNER" votes="356" />
            </VoteType>
            <VoteType name="Absentee by Mail" votes="129">
                <Precinct name="BARNESVILLE FBC" votes="31" />
                <Precinct name="CHAPPELL MILL V. FD" votes="21" />
                <Precinct name="SENIOR CITZEN BLDG" votes="17" />
                <Precinct name="REDBONE" votes="8" />
                <Precinct name="L C S C" votes="23" />
                <Precinct name="MILNER" votes="29" />
            </VoteType>
            <VoteType name="Advance in Person" votes="1573">
                <Precinct name="BARNESVILLE FBC" votes="300" />
                <Precinct name="CHAPPELL MILL V. FD" votes="162" />
                <Precinct name="SENIOR CITZEN BLDG" votes="172" />
                <Precinct name="REDBONE" votes="67" />
                <Precinct name="L C S C" votes="415" />
                <Precinct name="MILNER" votes="457" />
            </VoteType>
            <VoteType name="Provisional" votes="2">
                <Precinct name="BARNESVILLE FBC" votes="0" />
                <Precinct name="CHAPPELL MILL V. FD" votes="0" />
                <Precinct name="SENIOR CITZEN BLDG" votes="0" />
                <Precinct name="REDBONE" votes="0" />
                <Precinct name="L C S C" votes="1" />
                <Precinct name="MILNER" votes="1" />
            </VoteType>
        </Choice>
    </Contest>
    <Contest key="284" text="Constitutional Amendment #4&lt;br&gt;Dedicates revenue from existing taxes on fireworks to trauma care, fire services, and public safety." isQuestion="false" precinctsReporting="6" precinctsReported="6">
        <VoteType name="Number of Precincts for Race" votes="6">
            <Precinct name="BARNESVILLE FBC" votes="1" />
            <Precinct name="CHAPPELL MILL V. FD" votes="1" />
            <Precinct name="SENIOR CITZEN BLDG" votes="1" />
            <Precinct name="REDBONE" votes="1" />
            <Precinct name="L C S C" votes="1" />
            <Precinct name="MILNER" votes="1" />
        </VoteType>
        <VoteType name="Number of Precincts Reporting" votes="6">
            <Precinct name="BARNESVILLE FBC" votes="1" />
            <Precinct name="CHAPPELL MILL V. FD" votes="1" />
            <Precinct name="SENIOR CITZEN BLDG" votes="1" />
            <Precinct name="REDBONE" votes="1" />
            <Precinct name="L C S C" votes="1" />
            <Precinct name="MILNER" votes="1" />
        </VoteType>
        <Choice key="10" text="YES" totalVotes="5667">
            <VoteType name="Election Day" votes="2181">
                <Precinct name="BARNESVILLE FBC" votes="337" />
                <Precinct name="CHAPPELL MILL V. FD" votes="298" />
                <Precinct name="SENIOR CITZEN BLDG" votes="192" />
                <Precinct name="REDBONE" votes="181" />
                <Precinct name="L C S C" votes="418" />
                <Precinct name="MILNER" votes="755" />
            </VoteType>
            <VoteType name="Absentee by Mail" votes="278">
                <Precinct name="BARNESVILLE FBC" votes="65" />
                <Precinct name="CHAPPELL MILL V. FD" votes="36" />
                <Precinct name="SENIOR CITZEN BLDG" votes="32" />
                <Precinct name="REDBONE" votes="9" />
                <Precinct name="L C S C" votes="65" />
                <Precinct name="MILNER" votes="71" />
            </VoteType>
            <VoteType name="Advance in Person" votes="3202">
                <Precinct name="BARNESVILLE FBC" votes="532" />
                <Precinct name="CHAPPELL MILL V. FD" votes="336" />
                <Precinct name="SENIOR CITZEN BLDG" votes="385" />
                <Precinct name="REDBONE" votes="119" />
                <Precinct name="L C S C" votes="865" />
                <Precinct name="MILNER" votes="965" />
            </VoteType>
            <VoteType name="Provisional" votes="6">
                <Precinct name="BARNESVILLE FBC" votes="0" />
                <Precinct name="CHAPPELL MILL V. FD" votes="0" />
                <Precinct name="SENIOR CITZEN BLDG" votes="2" />
                <Precinct name="REDBONE" votes="1" />
                <Precinct name="L C S C" votes="1" />
                <Precinct name="MILNER" votes="2" />
            </VoteType>
        </Choice>
        <Choice key="20" text="NO" totalVotes="1619">
            <VoteType name="Election Day" votes="642">
                <Precinct name="BARNESVILLE FBC" votes="124" />
                <Precinct name="CHAPPELL MILL V. FD" votes="86" />
                <Precinct name="SENIOR CITZEN BLDG" votes="57" />
                <Precinct name="REDBONE" votes="44" />
                <Precinct name="L C S C" votes="137" />
                <Precinct name="MILNER" votes="194" />
            </VoteType>
            <VoteType name="Absentee by Mail" votes="63">
                <Precinct name="BARNESVILLE FBC" votes="18" />
                <Precinct name="CHAPPELL MILL V. FD" votes="10" />
                <Precinct name="SENIOR CITZEN BLDG" votes="4" />
                <Precinct name="REDBONE" votes="6" />
                <Precinct name="L C S C" votes="7" />
                <Precinct name="MILNER" votes="18" />
            </VoteType>
            <VoteType name="Advance in Person" votes="910">
                <Precinct name="BARNESVILLE FBC" votes="211" />
                <Precinct name="CHAPPELL MILL V. FD" votes="85" />
                <Precinct name="SENIOR CITZEN BLDG" votes="103" />
                <Precinct name="REDBONE" votes="39" />
                <Precinct name="L C S C" votes="225" />
                <Precinct name="MILNER" votes="247" />
            </VoteType>
            <VoteType name="Provisional" votes="4">
                <Precinct name="BARNESVILLE FBC" votes="0" />
                <Precinct name="CHAPPELL MILL V. FD" votes="1" />
                <Precinct name="SENIOR CITZEN BLDG" votes="0" />
                <Precinct name="REDBONE" votes="1" />
                <Precinct name="L C S C" votes="1" />
                <Precinct name="MILNER" votes="1" />
            </VoteType>
        </Choice>
    </Contest>
    <Contest key="290" text="ESPLOST" isQuestion="false" precinctsReporting="6" precinctsReported="6">
        <VoteType name="Number of Precincts for Race" votes="6">
            <Precinct name="BARNESVILLE FBC" votes="1" />
            <Precinct name="CHAPPELL MILL V. FD" votes="1" />
            <Precinct name="SENIOR CITZEN BLDG" votes="1" />
            <Precinct name="REDBONE" votes="1" />
            <Precinct name="L C S C" votes="1" />
            <Precinct name="MILNER" votes="1" />
        </VoteType>
        <VoteType name="Number of Precincts Reporting" votes="6">
            <Precinct name="BARNESVILLE FBC" votes="1" />
            <Precinct name="CHAPPELL MILL V. FD" votes="1" />
            <Precinct name="SENIOR CITZEN BLDG" votes="1" />
            <Precinct name="REDBONE" votes="1" />
            <Precinct name="L C S C" votes="1" />
            <Precinct name="MILNER" votes="1" />
        </VoteType>
        <Choice key="10" text="YES" totalVotes="4481">
            <VoteType name="Election Day" votes="1751">
                <Precinct name="BARNESVILLE FBC" votes="315" />
                <Precinct name="CHAPPELL MILL V. FD" votes="213" />
                <Precinct name="SENIOR CITZEN BLDG" votes="171" />
                <Precinct name="REDBONE" votes="137" />
                <Precinct name="L C S C" votes="357" />
                <Precinct name="MILNER" votes="558" />
            </VoteType>
            <VoteType name="Absentee by Mail" votes="216">
                <Precinct name="BARNESVILLE FBC" votes="61" />
                <Precinct name="CHAPPELL MILL V. FD" votes="25" />
                <Precinct name="SENIOR CITZEN BLDG" votes="21" />
                <Precinct name="REDBONE" votes="6" />
                <Precinct name="L C S C" votes="57" />
                <Precinct name="MILNER" votes="46" />
            </VoteType>
            <VoteType name="Advance in Person" votes="2508">
                <Precinct name="BARNESVILLE FBC" votes="495" />
                <Precinct name="CHAPPELL MILL V. FD" votes="236" />
                <Precinct name="SENIOR CITZEN BLDG" votes="286" />
                <Precinct name="REDBONE" votes="90" />
                <Precinct name="L C S C" votes="690" />
                <Precinct name="MILNER" votes="711" />
            </VoteType>
            <VoteType name="Provisional" votes="6">
                <Precinct name="BARNESVILLE FBC" votes="0" />
                <Precinct name="CHAPPELL MILL V. FD" votes="1" />
                <Precinct name="SENIOR CITZEN BLDG" votes="1" />
                <Precinct name="REDBONE" votes="1" />
                <Precinct name="L C S C" votes="1" />
                <Precinct name="MILNER" votes="2" />
            </VoteType>
        </Choice>
        <Choice key="20" text="NO" totalVotes="2837">
            <VoteType name="Election Day" votes="1081">
                <Precinct name="BARNESVILLE FBC" votes="154" />
                <Precinct name="CHAPPELL MILL V. FD" votes="167" />
                <Precinct name="SENIOR CITZEN BLDG" votes="77" />
                <Precinct name="REDBONE" votes="94" />
                <Precinct name="L C S C" votes="192" />
                <Precinct name="MILNER" votes="397" />
            </VoteType>
            <VoteType name="Absentee by Mail" votes="128">
                <Precinct name="BARNESVILLE FBC" votes="22" />
                <Precinct name="CHAPPELL MILL V. FD" votes="19" />
                <Precinct name="SENIOR CITZEN BLDG" votes="16" />
                <Precinct name="REDBONE" votes="9" />
                <Precinct name="L C S C" votes="18" />
                <Precinct name="MILNER" votes="44" />
            </VoteType>
            <VoteType name="Advance in Person" votes="1624">
                <Precinct name="BARNESVILLE FBC" votes="258" />
                <Precinct name="CHAPPELL MILL V. FD" votes="186" />
                <Precinct name="SENIOR CITZEN BLDG" votes="212" />
                <Precinct name="REDBONE" votes="68" />
                <Precinct name="L C S C" votes="390" />
                <Precinct name="MILNER" votes="510" />
            </VoteType>
            <VoteType name="Provisional" votes="4">
                <Precinct name="BARNESVILLE FBC" votes="0" />
                <Precinct name="CHAPPELL MILL V. FD" votes="0" />
                <Precinct name="SENIOR CITZEN BLDG" votes="1" />
                <Precinct name="REDBONE" votes="1" />
                <Precinct name="L C S C" votes="1" />
                <Precinct name="MILNER" votes="1" />
            </VoteType>
        </Choice>
    </Contest>
</ElectionResult>