"line number","contest name","choice name","party name","total votes","percent of votes","registered voters","ballots cast","num Precinct total","num Precinct rptg","over votes","under votes"
1,"President of the United States","DONALD J. TRUMP","",3719,75.24,6162,5018,1,1,"0","0"
2,"President of the United States","HILLARY CLINTON","",1101,22.27,6162,5018,1,1,"0","0"
3,"President of the United States","GARY JOHNSON","",123,2.49,6162,5018,1,1,"0","0"
4,"United States Senator, Isakson","JOHNNY ISAKSON (I)","",3698,77.56,6162,5018,1,1,"0","0"
5,"United States Senator, Isakson","JIM BARKSDALE","",923,19.36,6162,5018,1,1,"0","0"
6,"United States Senator, Isakson","ALLEN BUCKLEY","",147,3.08,6162,5018,1,1,"0","0"
7,"Public Service Commission, District 2 - Eastern","TIM ECHOLS (I)","",3708,83.66,6162,5018,1,1,"0","0"
8,"Public Service Commission, District 2 - Eastern","ERIC HOSKINS","",724,16.34,6162,5018,1,1,"0","0"
9,"U.S. Representative, District 8","AUSTIN SCOTT (I)","",3829,79.06,6162,5018,1,1,"0","0"
10,"U.S. Representative, District 8","JAMES NEAL HARRIS","",1014,20.94,6162,5018,1,1,"0","0"
11,"State Senator, District 20","LARRY WALKER (I) (REP)","",4186,100.00,6162,5018,1,1,"0","0"
12,"State Representative, District 144","JAMES BUBBER EPPS (I)","",3854,79.68,6162,5018,1,1,"0","0"
13,"State Representative, District 144","JOYCE DENSON","",983,20.32,6162,5018,1,1,"0","0"
14,"District Attorney, Oconee Circuit","TIMOTHY G. VAUGHN (I) (DEM)","",3796,100.00,6162,5018,1,1,"0","0"
15,"JUDGE PROBATE CT","K. POWELL (I) R","",4335,100.00,6162,5018,1,1,"0","0"
16,"CLERK SUPERIOR CT","C. EVANS (R)","",4248,100.00,6162,5018,1,1,"0","0"
17,"SHERIFF","K. COODY (R)","",3792,77.04,6162,5018,1,1,"0","0"
18,"SHERIFF","J. BLASH (D)","",1130,22.96,6162,5018,1,1,"0","0"
19,"TAX COMMISSIONER","J. D. BROWN (I) R","",4273,100.00,6162,5018,1,1,"0","0"
20,"SURVEYOR","D. W. ARNOLD (R)","",4236,100.00,6162,5018,1,1,"0","0"
21,"CORONER","D. MATHIS (I) R","",4394,100.00,6162,5018,1,1,"0","0"
22,"CHIEF MAGISTRATE","C. P. MARTIN (I) R","",4179,100.00,6162,5018,1,1,"0","0"
23,"COUNTY COMMISSIONER","B. BROCKMAN (I) R","",3039,64.92,6162,5018,1,1,"0","0"
24,"COUNTY COMMISSIONER","D. WATFORD (IN)","",1642,35.08,6162,5018,1,1,"0","0"
25,"Constitutional Amendment #1<br>Provides greater flexibility and state accountability to fix failing schools through increasing community involvement.","YES","",1481,30.49,6162,5018,1,1,"0","0"
26,"Constitutional Amendment #1<br>Provides greater flexibility and state accountability to fix failing schools through increasing community involvement.","NO","",3377,69.51,6162,5018,1,1,"0","0"
27,"Constitutional Amendment #2<br>Authorizes penalties for sexual exploitation and assessments on adult entertainment to fund child victims' services.","YES","",3968,83.93,6162,5018,1,1,"0","0"
28,"Constitutional Amendment #2<br>Authorizes penalties for sexual exploitation and assessments on adult entertainment to fund child victims' services.","NO","",760,16.07,6162,5018,1,1,"0","0"
29,"Constitutional Amendment #3<br>Reforms and re-establishes the Judicial Qualifications Commission and provides for its composition, governance, and powers.","YES","",2734,61.93,6162,5018,1,1,"0","0"
30,"Constitutional Amendment #3<br>Reforms and re-establishes the Judicial Qualifications Commission and provides for its composition, governance, and powers.","NO","",1681,38.07,6162,5018,1,1,"0","0"
31,"Constitutional Amendment #4<br>Dedicates revenue from existing taxes on fireworks to trauma care, fire services, and public safety.","YES","",3879,82.11,6162,5018,1,1,"0","0"
32,"Constitutional Amendment #4<br>Dedicates revenue from existing taxes on fireworks to trauma care, fire services, and public safety.","NO","",845,17.89,6162,5018,1,1,"0","0"
