<?xml version="1.0"?>
<!--Election result snapshot imported from Tabulation System
-->
<ElectionResult>
    <Timestamp>11/14/2016 1:06:54 PM EST</Timestamp>
    <ElectionName>November 8, 2016 - General Election</ElectionName>
    <ElectionDate>11/8/2016</ElectionDate>
    <Region>Pierce</Region>
    <VoterTurnout totalVoters="9283" ballotsCast="7360" voterTurnout="79.28">
        <Precincts>
            <Precinct name="Hacklebarney/Cason" totalVoters="2505" ballotsCast="1912" voterTurnout="76.33" percentReporting="4" />
            <Precinct name="Blackshear" totalVoters="2281" ballotsCast="1784" voterTurnout="78.21" percentReporting="4" />
            <Precinct name="St Johns/Blackshear" totalVoters="1235" ballotsCast="996" voterTurnout="80.65" percentReporting="4" />
            <Precinct name="Otter Creek" totalVoters="1024" ballotsCast="848" voterTurnout="82.81" percentReporting="4" />
            <Precinct name="Patterson" totalVoters="942" ballotsCast="755" voterTurnout="80.15" percentReporting="4" />
            <Precinct name="Mershon" totalVoters="347" ballotsCast="304" voterTurnout="87.61" percentReporting="4" />
            <Precinct name="Alabaha" totalVoters="706" ballotsCast="566" voterTurnout="80.17" percentReporting="4" />
            <Precinct name="Sunset/Sweat" totalVoters="243" ballotsCast="195" voterTurnout="80.25" percentReporting="4" />
        </Precincts>
    </VoterTurnout>
    <Contest key="1" text="President of the United States" isQuestion="false" precinctsReporting="8" precinctsReported="8">
        <VoteType name="Number of Precincts for Race" votes="8">
            <Precinct name="Hacklebarney/Cason" votes="1" />
            <Precinct name="Blackshear" votes="1" />
            <Precinct name="St Johns/Blackshear" votes="1" />
            <Precinct name="Otter Creek" votes="1" />
            <Precinct name="Patterson" votes="1" />
            <Precinct name="Mershon" votes="1" />
            <Precinct name="Alabaha" votes="1" />
            <Precinct name="Sunset/Sweat" votes="1" />
        </VoteType>
        <VoteType name="Number of Precincts Reporting" votes="8">
            <Precinct name="Hacklebarney/Cason" votes="1" />
            <Precinct name="Blackshear" votes="1" />
            <Precinct name="St Johns/Blackshear" votes="1" />
            <Precinct name="Otter Creek" votes="1" />
            <Precinct name="Patterson" votes="1" />
            <Precinct name="Mershon" votes="1" />
            <Precinct name="Alabaha" votes="1" />
            <Precinct name="Sunset/Sweat" votes="1" />
        </VoteType>
        <Choice key="10" text="DONALD J. TRUMP" totalVotes="6302">
            <VoteType name="Election Day" votes="1732">
                <Precinct name="Hacklebarney/Cason" votes="334" />
                <Precinct name="Blackshear" votes="368" />
                <Precinct name="St Johns/Blackshear" votes="234" />
                <Precinct name="Otter Creek" votes="322" />
                <Precinct name="Patterson" votes="255" />
                <Precinct name="Mershon" votes="63" />
                <Precinct name="Alabaha" votes="125" />
                <Precinct name="Sunset/Sweat" votes="31" />
            </VoteType>
            <VoteType name="Absentee by Mail" votes="277">
                <Precinct name="Hacklebarney/Cason" votes="60" />
                <Precinct name="Blackshear" votes="77" />
                <Precinct name="St Johns/Blackshear" votes="28" />
                <Precinct name="Otter Creek" votes="25" />
                <Precinct name="Patterson" votes="22" />
                <Precinct name="Mershon" votes="28" />
                <Precinct name="Alabaha" votes="25" />
                <Precinct name="Sunset/Sweat" votes="12" />
            </VoteType>
            <VoteType name="Advance in Person" votes="4292">
                <Precinct name="Hacklebarney/Cason" votes="1097" />
                <Precinct name="Blackshear" votes="1111" />
                <Precinct name="St Johns/Blackshear" votes="643" />
                <Precinct name="Otter Creek" votes="407" />
                <Precinct name="Patterson" votes="345" />
                <Precinct name="Mershon" votes="182" />
                <Precinct name="Alabaha" votes="361" />
                <Precinct name="Sunset/Sweat" votes="146" />
            </VoteType>
            <VoteType name="Provisional" votes="1">
                <Precinct name="Hacklebarney/Cason" votes="0" />
                <Precinct name="Blackshear" votes="0" />
                <Precinct name="St Johns/Blackshear" votes="0" />
                <Precinct name="Otter Creek" votes="0" />
                <Precinct name="Patterson" votes="1" />
                <Precinct name="Mershon" votes="0" />
                <Precinct name="Alabaha" votes="0" />
                <Precinct name="Sunset/Sweat" votes="0" />
            </VoteType>
        </Choice>
        <Choice key="20" text="HILLARY CLINTON" totalVotes="903">
            <VoteType name="Election Day" votes="270">
                <Precinct name="Hacklebarney/Cason" votes="99" />
                <Precinct name="Blackshear" votes="53" />
                <Precinct name="St Johns/Blackshear" votes="23" />
                <Precinct name="Otter Creek" votes="25" />
                <Precinct name="Patterson" votes="51" />
                <Precinct name="Mershon" votes="7" />
                <Precinct name="Alabaha" votes="12" />
                <Precinct name="Sunset/Sweat" votes="0" />
            </VoteType>
            <VoteType name="Absentee by Mail" votes="65">
                <Precinct name="Hacklebarney/Cason" votes="28" />
                <Precinct name="Blackshear" votes="11" />
                <Precinct name="St Johns/Blackshear" votes="10" />
                <Precinct name="Otter Creek" votes="5" />
                <Precinct name="Patterson" votes="5" />
                <Precinct name="Mershon" votes="4" />
                <Precinct name="Alabaha" votes="2" />
                <Precinct name="Sunset/Sweat" votes="0" />
            </VoteType>
            <VoteType name="Advance in Person" votes="568">
                <Precinct name="Hacklebarney/Cason" votes="248" />
                <Precinct name="Blackshear" votes="124" />
                <Precinct name="St Johns/Blackshear" votes="44" />
                <Precinct name="Otter Creek" votes="41" />
                <Precinct name="Patterson" votes="59" />
                <Precinct name="Mershon" votes="15" />
                <Precinct name="Alabaha" votes="33" />
                <Precinct name="Sunset/Sweat" votes="4" />
            </VoteType>
            <VoteType name="Provisional" votes="0">
                <Precinct name="Hacklebarney/Cason" votes="0" />
                <Precinct name="Blackshear" votes="0" />
                <Precinct name="St Johns/Blackshear" votes="0" />
                <Precinct name="Otter Creek" votes="0" />
                <Precinct name="Patterson" votes="0" />
                <Precinct name="Mershon" votes="0" />
                <Precinct name="Alabaha" votes="0" />
                <Precinct name="Sunset/Sweat" votes="0" />
            </VoteType>
        </Choice>
        <Choice key="30" text="GARY JOHNSON" totalVotes="93">
            <VoteType name="Election Day" votes="37">
                <Precinct name="Hacklebarney/Cason" votes="11" />
                <Precinct name="Blackshear" votes="12" />
                <Precinct name="St Johns/Blackshear" votes="2" />
                <Precinct name="Otter Creek" votes="7" />
                <Precinct name="Patterson" votes="4" />
                <Precinct name="Mershon" votes="0" />
                <Precinct name="Alabaha" votes="1" />
                <Precinct name="Sunset/Sweat" votes="0" />
            </VoteType>
            <VoteType name="Absentee by Mail" votes="8">
                <Precinct name="Hacklebarney/Cason" votes="1" />
                <Precinct name="Blackshear" votes="5" />
                <Precinct name="St Johns/Blackshear" votes="1" />
                <Precinct name="Otter Creek" votes="1" />
                <Precinct name="Patterson" votes="0" />
                <Precinct name="Mershon" votes="0" />
                <Precinct name="Alabaha" votes="0" />
                <Precinct name="Sunset/Sweat" votes="0" />
            </VoteType>
            <VoteType name="Advance in Person" votes="48">
                <Precinct name="Hacklebarney/Cason" votes="13" />
                <Precinct name="Blackshear" votes="13" />
                <Precinct name="St Johns/Blackshear" votes="5" />
                <Precinct name="Otter Creek" votes="7" />
                <Precinct name="Patterson" votes="5" />
                <Precinct name="Mershon" votes="2" />
                <Precinct name="Alabaha" votes="2" />
                <Precinct name="Sunset/Sweat" votes="1" />
            </VoteType>
            <VoteType name="Provisional" votes="0">
                <Precinct name="Hacklebarney/Cason" votes="0" />
                <Precinct name="Blackshear" votes="0" />
                <Precinct name="St Johns/Blackshear" votes="0" />
                <Precinct name="Otter Creek" votes="0" />
                <Precinct name="Patterson" votes="0" />
                <Precinct name="Mershon" votes="0" />
                <Precinct name="Alabaha" votes="0" />
                <Precinct name="Sunset/Sweat" votes="0" />
            </VoteType>
        </Choice>
    </Contest>
    <Contest key="10" text="United States Senator, Isakson" isQuestion="false" precinctsReporting="8" precinctsReported="8">
        <VoteType name="Number of Precincts for Race" votes="8">
            <Precinct name="Hacklebarney/Cason" votes="1" />
            <Precinct name="Blackshear" votes="1" />
            <Precinct name="St Johns/Blackshear" votes="1" />
            <Precinct name="Otter Creek" votes="1" />
            <Precinct name="Patterson" votes="1" />
            <Precinct name="Mershon" votes="1" />
            <Precinct name="Alabaha" votes="1" />
            <Precinct name="Sunset/Sweat" votes="1" />
        </VoteType>
        <VoteType name="Number of Precincts Reporting" votes="8">
            <Precinct name="Hacklebarney/Cason" votes="1" />
            <Precinct name="Blackshear" votes="1" />
            <Precinct name="St Johns/Blackshear" votes="1" />
            <Precinct name="Otter Creek" votes="1" />
            <Precinct name="Patterson" votes="1" />
            <Precinct name="Mershon" votes="1" />
            <Precinct name="Alabaha" votes="1" />
            <Precinct name="Sunset/Sweat" votes="1" />
        </VoteType>
        <Choice key="30" text="JOHNNY ISAKSON (I)" totalVotes="5817">
            <VoteType name="Election Day" votes="1595">
                <Precinct name="Hacklebarney/Cason" votes="313" />
                <Precinct name="Blackshear" votes="337" />
                <Precinct name="St Johns/Blackshear" votes="215" />
                <Precinct name="Otter Creek" votes="294" />
                <Precinct name="Patterson" votes="237" />
                <Precinct name="Mershon" votes="53" />
                <Precinct name="Alabaha" votes="119" />
                <Precinct name="Sunset/Sweat" votes="27" />
            </VoteType>
            <VoteType name="Absentee by Mail" votes="291">
                <Precinct name="Hacklebarney/Cason" votes="57" />
                <Precinct name="Blackshear" votes="80" />
                <Precinct name="St Johns/Blackshear" votes="33" />
                <Precinct name="Otter Creek" votes="28" />
                <Precinct name="Patterson" votes="23" />
                <Precinct name="Mershon" votes="31" />
                <Precinct name="Alabaha" votes="27" />
                <Precinct name="Sunset/Sweat" votes="12" />
            </VoteType>
            <VoteType name="Advance in Person" votes="3931">
                <Precinct name="Hacklebarney/Cason" votes="1011" />
                <Precinct name="Blackshear" votes="989" />
                <Precinct name="St Johns/Blackshear" votes="597" />
                <Precinct name="Otter Creek" votes="373" />
                <Precinct name="Patterson" votes="329" />
                <Precinct name="Mershon" votes="162" />
                <Precinct name="Alabaha" votes="334" />
                <Precinct name="Sunset/Sweat" votes="136" />
            </VoteType>
            <VoteType name="Provisional" votes="0">
                <Precinct name="Hacklebarney/Cason" votes="0" />
                <Precinct name="Blackshear" votes="0" />
                <Precinct name="St Johns/Blackshear" votes="0" />
                <Precinct name="Otter Creek" votes="0" />
                <Precinct name="Patterson" votes="0" />
                <Precinct name="Mershon" votes="0" />
                <Precinct name="Alabaha" votes="0" />
                <Precinct name="Sunset/Sweat" votes="0" />
            </VoteType>
        </Choice>
        <Choice key="40" text="JIM BARKSDALE" totalVotes="751">
            <VoteType name="Election Day" votes="238">
                <Precinct name="Hacklebarney/Cason" votes="82" />
                <Precinct name="Blackshear" votes="51" />
                <Precinct name="St Johns/Blackshear" votes="23" />
                <Precinct name="Otter Creek" votes="25" />
                <Precinct name="Patterson" votes="40" />
                <Precinct name="Mershon" votes="8" />
                <Precinct name="Alabaha" votes="8" />
                <Precinct name="Sunset/Sweat" votes="1" />
            </VoteType>
            <VoteType name="Absentee by Mail" votes="50">
                <Precinct name="Hacklebarney/Cason" votes="27" />
                <Precinct name="Blackshear" votes="10" />
                <Precinct name="St Johns/Blackshear" votes="4" />
                <Precinct name="Otter Creek" votes="2" />
                <Precinct name="Patterson" votes="4" />
                <Precinct name="Mershon" votes="3" />
                <Precinct name="Alabaha" votes="0" />
                <Precinct name="Sunset/Sweat" votes="0" />
            </VoteType>
            <VoteType name="Advance in Person" votes="463">
                <Precinct name="Hacklebarney/Cason" votes="188" />
                <Precinct name="Blackshear" votes="117" />
                <Precinct name="St Johns/Blackshear" votes="36" />
                <Precinct name="Otter Creek" votes="34" />
                <Precinct name="Patterson" votes="44" />
                <Precinct name="Mershon" votes="10" />
                <Precinct name="Alabaha" votes="31" />
                <Precinct name="Sunset/Sweat" votes="3" />
            </VoteType>
            <VoteType name="Provisional" votes="0">
                <Precinct name="Hacklebarney/Cason" votes="0" />
                <Precinct name="Blackshear" votes="0" />
                <Precinct name="St Johns/Blackshear" votes="0" />
                <Precinct name="Otter Creek" votes="0" />
                <Precinct name="Patterson" votes="0" />
                <Precinct name="Mershon" votes="0" />
                <Precinct name="Alabaha" votes="0" />
                <Precinct name="Sunset/Sweat" votes="0" />
            </VoteType>
        </Choice>
        <Choice key="50" text="ALLEN BUCKLEY" totalVotes="183">
            <VoteType name="Election Day" votes="64">
                <Precinct name="Hacklebarney/Cason" votes="16" />
                <Precinct name="Blackshear" votes="19" />
                <Precinct name="St Johns/Blackshear" votes="8" />
                <Precinct name="Otter Creek" votes="9" />
                <Precinct name="Patterson" votes="6" />
                <Precinct name="Mershon" votes="3" />
                <Precinct name="Alabaha" votes="2" />
                <Precinct name="Sunset/Sweat" votes="1" />
            </VoteType>
            <VoteType name="Absentee by Mail" votes="4">
                <Precinct name="Hacklebarney/Cason" votes="0" />
                <Precinct name="Blackshear" votes="1" />
                <Precinct name="St Johns/Blackshear" votes="2" />
                <Precinct name="Otter Creek" votes="1" />
                <Precinct name="Patterson" votes="0" />
                <Precinct name="Mershon" votes="0" />
                <Precinct name="Alabaha" votes="0" />
                <Precinct name="Sunset/Sweat" votes="0" />
            </VoteType>
            <VoteType name="Advance in Person" votes="114">
                <Precinct name="Hacklebarney/Cason" votes="30" />
                <Precinct name="Blackshear" votes="41" />
                <Precinct name="St Johns/Blackshear" votes="15" />
                <Precinct name="Otter Creek" votes="11" />
                <Precinct name="Patterson" votes="7" />
                <Precinct name="Mershon" votes="7" />
                <Precinct name="Alabaha" votes="2" />
                <Precinct name="Sunset/Sweat" votes="1" />
            </VoteType>
            <VoteType name="Provisional" votes="1">
                <Precinct name="Hacklebarney/Cason" votes="0" />
                <Precinct name="Blackshear" votes="0" />
                <Precinct name="St Johns/Blackshear" votes="0" />
                <Precinct name="Otter Creek" votes="0" />
                <Precinct name="Patterson" votes="1" />
                <Precinct name="Mershon" votes="0" />
                <Precinct name="Alabaha" votes="0" />
                <Precinct name="Sunset/Sweat" votes="0" />
            </VoteType>
        </Choice>
    </Contest>
    <Contest key="30" text="Public Service Commission, District 2 - Eastern" isQuestion="false" precinctsReporting="8" precinctsReported="8">
        <VoteType name="Number of Precincts for Race" votes="8">
            <Precinct name="Hacklebarney/Cason" votes="1" />
            <Precinct name="Blackshear" votes="1" />
            <Precinct name="St Johns/Blackshear" votes="1" />
            <Precinct name="Otter Creek" votes="1" />
            <Precinct name="Patterson" votes="1" />
            <Precinct name="Mershon" votes="1" />
            <Precinct name="Alabaha" votes="1" />
            <Precinct name="Sunset/Sweat" votes="1" />
        </VoteType>
        <VoteType name="Number of Precincts Reporting" votes="8">
            <Precinct name="Hacklebarney/Cason" votes="1" />
            <Precinct name="Blackshear" votes="1" />
            <Precinct name="St Johns/Blackshear" votes="1" />
            <Precinct name="Otter Creek" votes="1" />
            <Precinct name="Patterson" votes="1" />
            <Precinct name="Mershon" votes="1" />
            <Precinct name="Alabaha" votes="1" />
            <Precinct name="Sunset/Sweat" votes="1" />
        </VoteType>
        <Choice key="20" text="TIM ECHOLS (I)" totalVotes="6158">
            <VoteType name="Election Day" votes="1721">
                <Precinct name="Hacklebarney/Cason" votes="350" />
                <Precinct name="Blackshear" votes="359" />
                <Precinct name="St Johns/Blackshear" votes="230" />
                <Precinct name="Otter Creek" votes="314" />
                <Precinct name="Patterson" votes="253" />
                <Precinct name="Mershon" votes="61" />
                <Precinct name="Alabaha" votes="124" />
                <Precinct name="Sunset/Sweat" votes="30" />
            </VoteType>
            <VoteType name="Absentee by Mail" votes="298">
                <Precinct name="Hacklebarney/Cason" votes="64" />
                <Precinct name="Blackshear" votes="80" />
                <Precinct name="St Johns/Blackshear" votes="35" />
                <Precinct name="Otter Creek" votes="28" />
                <Precinct name="Patterson" votes="23" />
                <Precinct name="Mershon" votes="30" />
                <Precinct name="Alabaha" votes="27" />
                <Precinct name="Sunset/Sweat" votes="11" />
            </VoteType>
            <VoteType name="Advance in Person" votes="4138">
                <Precinct name="Hacklebarney/Cason" votes="1085" />
                <Precinct name="Blackshear" votes="1053" />
                <Precinct name="St Johns/Blackshear" votes="605" />
                <Precinct name="Otter Creek" votes="389" />
                <Precinct name="Patterson" votes="344" />
                <Precinct name="Mershon" votes="177" />
                <Precinct name="Alabaha" votes="350" />
                <Precinct name="Sunset/Sweat" votes="135" />
            </VoteType>
            <VoteType name="Provisional" votes="1">
                <Precinct name="Hacklebarney/Cason" votes="0" />
                <Precinct name="Blackshear" votes="0" />
                <Precinct name="St Johns/Blackshear" votes="0" />
                <Precinct name="Otter Creek" votes="0" />
                <Precinct name="Patterson" votes="1" />
                <Precinct name="Mershon" votes="0" />
                <Precinct name="Alabaha" votes="0" />
                <Precinct name="Sunset/Sweat" votes="0" />
            </VoteType>
        </Choice>
        <Choice key="30" text="ERIC HOSKINS" totalVotes="627">
            <VoteType name="Election Day" votes="200">
                <Precinct name="Hacklebarney/Cason" votes="58" />
                <Precinct name="Blackshear" votes="51" />
                <Precinct name="St Johns/Blackshear" votes="21" />
                <Precinct name="Otter Creek" votes="25" />
                <Precinct name="Patterson" votes="29" />
                <Precinct name="Mershon" votes="6" />
                <Precinct name="Alabaha" votes="9" />
                <Precinct name="Sunset/Sweat" votes="1" />
            </VoteType>
            <VoteType name="Absentee by Mail" votes="29">
                <Precinct name="Hacklebarney/Cason" votes="10" />
                <Precinct name="Blackshear" votes="9" />
                <Precinct name="St Johns/Blackshear" votes="3" />
                <Precinct name="Otter Creek" votes="2" />
                <Precinct name="Patterson" votes="2" />
                <Precinct name="Mershon" votes="3" />
                <Precinct name="Alabaha" votes="0" />
                <Precinct name="Sunset/Sweat" votes="0" />
            </VoteType>
            <VoteType name="Advance in Person" votes="398">
                <Precinct name="Hacklebarney/Cason" votes="135" />
                <Precinct name="Blackshear" votes="108" />
                <Precinct name="St Johns/Blackshear" votes="43" />
                <Precinct name="Otter Creek" votes="35" />
                <Precinct name="Patterson" votes="43" />
                <Precinct name="Mershon" votes="9" />
                <Precinct name="Alabaha" votes="18" />
                <Precinct name="Sunset/Sweat" votes="7" />
            </VoteType>
            <VoteType name="Provisional" votes="0">
                <Precinct name="Hacklebarney/Cason" votes="0" />
                <Precinct name="Blackshear" votes="0" />
                <Precinct name="St Johns/Blackshear" votes="0" />
                <Precinct name="Otter Creek" votes="0" />
                <Precinct name="Patterson" votes="0" />
                <Precinct name="Mershon" votes="0" />
                <Precinct name="Alabaha" votes="0" />
                <Precinct name="Sunset/Sweat" votes="0" />
            </VoteType>
        </Choice>
    </Contest>
    <Contest key="50" text="U.S. Representative, District 1" isQuestion="false" precinctsReporting="8" precinctsReported="8">
        <VoteType name="Number of Precincts for Race" votes="8">
            <Precinct name="Hacklebarney/Cason" votes="1" />
            <Precinct name="Blackshear" votes="1" />
            <Precinct name="St Johns/Blackshear" votes="1" />
            <Precinct name="Otter Creek" votes="1" />
            <Precinct name="Patterson" votes="1" />
            <Precinct name="Mershon" votes="1" />
            <Precinct name="Alabaha" votes="1" />
            <Precinct name="Sunset/Sweat" votes="1" />
        </VoteType>
        <VoteType name="Number of Precincts Reporting" votes="8">
            <Precinct name="Hacklebarney/Cason" votes="1" />
            <Precinct name="Blackshear" votes="1" />
            <Precinct name="St Johns/Blackshear" votes="1" />
            <Precinct name="Otter Creek" votes="1" />
            <Precinct name="Patterson" votes="1" />
            <Precinct name="Mershon" votes="1" />
            <Precinct name="Alabaha" votes="1" />
            <Precinct name="Sunset/Sweat" votes="1" />
        </VoteType>
        <Choice key="10" text="EARL “BUDDY” CARTER (I)" totalVotes="6544">
            <VoteType name="Election Day" votes="1839">
                <Precinct name="Hacklebarney/Cason" votes="388" />
                <Precinct name="Blackshear" votes="398" />
                <Precinct name="St Johns/Blackshear" votes="244" />
                <Precinct name="Otter Creek" votes="322" />
                <Precinct name="Patterson" votes="264" />
                <Precinct name="Mershon" votes="62" />
                <Precinct name="Alabaha" votes="130" />
                <Precinct name="Sunset/Sweat" votes="31" />
            </VoteType>
            <VoteType name="Absentee by Mail" votes="308">
                <Precinct name="Hacklebarney/Cason" votes="74" />
                <Precinct name="Blackshear" votes="88" />
                <Precinct name="St Johns/Blackshear" votes="36" />
                <Precinct name="Otter Creek" votes="29" />
                <Precinct name="Patterson" votes="25" />
                <Precinct name="Mershon" votes="27" />
                <Precinct name="Alabaha" votes="20" />
                <Precinct name="Sunset/Sweat" votes="9" />
            </VoteType>
            <VoteType name="Advance in Person" votes="4396">
                <Precinct name="Hacklebarney/Cason" votes="1182" />
                <Precinct name="Blackshear" votes="1120" />
                <Precinct name="St Johns/Blackshear" votes="636" />
                <Precinct name="Otter Creek" votes="418" />
                <Precinct name="Patterson" votes="363" />
                <Precinct name="Mershon" votes="182" />
                <Precinct name="Alabaha" votes="355" />
                <Precinct name="Sunset/Sweat" votes="140" />
            </VoteType>
            <VoteType name="Provisional" votes="1">
                <Precinct name="Hacklebarney/Cason" votes="0" />
                <Precinct name="Blackshear" votes="0" />
                <Precinct name="St Johns/Blackshear" votes="0" />
                <Precinct name="Otter Creek" votes="0" />
                <Precinct name="Patterson" votes="1" />
                <Precinct name="Mershon" votes="0" />
                <Precinct name="Alabaha" votes="0" />
                <Precinct name="Sunset/Sweat" votes="0" />
            </VoteType>
        </Choice>
    </Contest>
    <Contest key="70" text="State Senator, District 7" isQuestion="false" precinctsReporting="8" precinctsReported="8">
        <VoteType name="Number of Precincts for Race" votes="8">
            <Precinct name="Hacklebarney/Cason" votes="1" />
            <Precinct name="Blackshear" votes="1" />
            <Precinct name="St Johns/Blackshear" votes="1" />
            <Precinct name="Otter Creek" votes="1" />
            <Precinct name="Patterson" votes="1" />
            <Precinct name="Mershon" votes="1" />
            <Precinct name="Alabaha" votes="1" />
            <Precinct name="Sunset/Sweat" votes="1" />
        </VoteType>
        <VoteType name="Number of Precincts Reporting" votes="8">
            <Precinct name="Hacklebarney/Cason" votes="1" />
            <Precinct name="Blackshear" votes="1" />
            <Precinct name="St Johns/Blackshear" votes="1" />
            <Precinct name="Otter Creek" votes="1" />
            <Precinct name="Patterson" votes="1" />
            <Precinct name="Mershon" votes="1" />
            <Precinct name="Alabaha" votes="1" />
            <Precinct name="Sunset/Sweat" votes="1" />
        </VoteType>
        <Choice key="10" text="TYLER HARPER (I)" totalVotes="6468">
            <VoteType name="Election Day" votes="1824">
                <Precinct name="Hacklebarney/Cason" votes="382" />
                <Precinct name="Blackshear" votes="393" />
                <Precinct name="St Johns/Blackshear" votes="241" />
                <Precinct name="Otter Creek" votes="315" />
                <Precinct name="Patterson" votes="267" />
                <Precinct name="Mershon" votes="62" />
                <Precinct name="Alabaha" votes="132" />
                <Precinct name="Sunset/Sweat" votes="32" />
            </VoteType>
            <VoteType name="Absentee by Mail" votes="299">
                <Precinct name="Hacklebarney/Cason" votes="73" />
                <Precinct name="Blackshear" votes="85" />
                <Precinct name="St Johns/Blackshear" votes="36" />
                <Precinct name="Otter Creek" votes="29" />
                <Precinct name="Patterson" votes="23" />
                <Precinct name="Mershon" votes="27" />
                <Precinct name="Alabaha" votes="19" />
                <Precinct name="Sunset/Sweat" votes="7" />
            </VoteType>
            <VoteType name="Advance in Person" votes="4344">
                <Precinct name="Hacklebarney/Cason" votes="1158" />
                <Precinct name="Blackshear" votes="1107" />
                <Precinct name="St Johns/Blackshear" votes="626" />
                <Precinct name="Otter Creek" votes="414" />
                <Precinct name="Patterson" votes="363" />
                <Precinct name="Mershon" votes="182" />
                <Precinct name="Alabaha" votes="353" />
                <Precinct name="Sunset/Sweat" votes="141" />
            </VoteType>
            <VoteType name="Provisional" votes="1">
                <Precinct name="Hacklebarney/Cason" votes="0" />
                <Precinct name="Blackshear" votes="0" />
                <Precinct name="St Johns/Blackshear" votes="0" />
                <Precinct name="Otter Creek" votes="0" />
                <Precinct name="Patterson" votes="1" />
                <Precinct name="Mershon" votes="0" />
                <Precinct name="Alabaha" votes="0" />
                <Precinct name="Sunset/Sweat" votes="0" />
            </VoteType>
        </Choice>
    </Contest>
    <Contest key="90" text="State Representative, District 178" isQuestion="false" precinctsReporting="8" precinctsReported="8">
        <VoteType name="Number of Precincts for Race" votes="8">
            <Precinct name="Hacklebarney/Cason" votes="1" />
            <Precinct name="Blackshear" votes="1" />
            <Precinct name="St Johns/Blackshear" votes="1" />
            <Precinct name="Otter Creek" votes="1" />
            <Precinct name="Patterson" votes="1" />
            <Precinct name="Mershon" votes="1" />
            <Precinct name="Alabaha" votes="1" />
            <Precinct name="Sunset/Sweat" votes="1" />
        </VoteType>
        <VoteType name="Number of Precincts Reporting" votes="8">
            <Precinct name="Hacklebarney/Cason" votes="1" />
            <Precinct name="Blackshear" votes="1" />
            <Precinct name="St Johns/Blackshear" votes="1" />
            <Precinct name="Otter Creek" votes="1" />
            <Precinct name="Patterson" votes="1" />
            <Precinct name="Mershon" votes="1" />
            <Precinct name="Alabaha" votes="1" />
            <Precinct name="Sunset/Sweat" votes="1" />
        </VoteType>
        <Choice key="10" text="CHAD NIMMER (I)" totalVotes="6539">
            <VoteType name="Election Day" votes="1852">
                <Precinct name="Hacklebarney/Cason" votes="386" />
                <Precinct name="Blackshear" votes="397" />
                <Precinct name="St Johns/Blackshear" votes="248" />
                <Precinct name="Otter Creek" votes="324" />
                <Precinct name="Patterson" votes="271" />
                <Precinct name="Mershon" votes="63" />
                <Precinct name="Alabaha" votes="132" />
                <Precinct name="Sunset/Sweat" votes="31" />
            </VoteType>
            <VoteType name="Absentee by Mail" votes="303">
                <Precinct name="Hacklebarney/Cason" votes="73" />
                <Precinct name="Blackshear" votes="84" />
                <Precinct name="St Johns/Blackshear" votes="38" />
                <Precinct name="Otter Creek" votes="30" />
                <Precinct name="Patterson" votes="23" />
                <Precinct name="Mershon" votes="27" />
                <Precinct name="Alabaha" votes="20" />
                <Precinct name="Sunset/Sweat" votes="8" />
            </VoteType>
            <VoteType name="Advance in Person" votes="4383">
                <Precinct name="Hacklebarney/Cason" votes="1177" />
                <Precinct name="Blackshear" votes="1116" />
                <Precinct name="St Johns/Blackshear" votes="635" />
                <Precinct name="Otter Creek" votes="413" />
                <Precinct name="Patterson" votes="364" />
                <Precinct name="Mershon" votes="184" />
                <Precinct name="Alabaha" votes="355" />
                <Precinct name="Sunset/Sweat" votes="139" />
            </VoteType>
            <VoteType name="Provisional" votes="1">
                <Precinct name="Hacklebarney/Cason" votes="0" />
                <Precinct name="Blackshear" votes="0" />
                <Precinct name="St Johns/Blackshear" votes="0" />
                <Precinct name="Otter Creek" votes="0" />
                <Precinct name="Patterson" votes="1" />
                <Precinct name="Mershon" votes="0" />
                <Precinct name="Alabaha" votes="0" />
                <Precinct name="Sunset/Sweat" votes="0" />
            </VoteType>
        </Choice>
    </Contest>
    <Contest key="110" text="CLERK, SUPERIOR COURT" isQuestion="false" precinctsReporting="8" precinctsReported="8">
        <VoteType name="Number of Precincts for Race" votes="8">
            <Precinct name="Hacklebarney/Cason" votes="1" />
            <Precinct name="Blackshear" votes="1" />
            <Precinct name="St Johns/Blackshear" votes="1" />
            <Precinct name="Otter Creek" votes="1" />
            <Precinct name="Patterson" votes="1" />
            <Precinct name="Mershon" votes="1" />
            <Precinct name="Alabaha" votes="1" />
            <Precinct name="Sunset/Sweat" votes="1" />
        </VoteType>
        <VoteType name="Number of Precincts Reporting" votes="8">
            <Precinct name="Hacklebarney/Cason" votes="1" />
            <Precinct name="Blackshear" votes="1" />
            <Precinct name="St Johns/Blackshear" votes="1" />
            <Precinct name="Otter Creek" votes="1" />
            <Precinct name="Patterson" votes="1" />
            <Precinct name="Mershon" votes="1" />
            <Precinct name="Alabaha" votes="1" />
            <Precinct name="Sunset/Sweat" votes="1" />
        </VoteType>
        <Choice key="10" text="T. SAULS (I) R" totalVotes="6640">
            <VoteType name="Election Day" votes="1892">
                <Precinct name="Hacklebarney/Cason" votes="401" />
                <Precinct name="Blackshear" votes="403" />
                <Precinct name="St Johns/Blackshear" votes="246" />
                <Precinct name="Otter Creek" votes="332" />
                <Precinct name="Patterson" votes="281" />
                <Precinct name="Mershon" votes="67" />
                <Precinct name="Alabaha" votes="131" />
                <Precinct name="Sunset/Sweat" votes="31" />
            </VoteType>
            <VoteType name="Absentee by Mail" votes="300">
                <Precinct name="Hacklebarney/Cason" votes="71" />
                <Precinct name="Blackshear" votes="85" />
                <Precinct name="St Johns/Blackshear" votes="37" />
                <Precinct name="Otter Creek" votes="30" />
                <Precinct name="Patterson" votes="21" />
                <Precinct name="Mershon" votes="28" />
                <Precinct name="Alabaha" votes="20" />
                <Precinct name="Sunset/Sweat" votes="8" />
            </VoteType>
            <VoteType name="Advance in Person" votes="4447">
                <Precinct name="Hacklebarney/Cason" votes="1201" />
                <Precinct name="Blackshear" votes="1134" />
                <Precinct name="St Johns/Blackshear" votes="639" />
                <Precinct name="Otter Creek" votes="421" />
                <Precinct name="Patterson" votes="372" />
                <Precinct name="Mershon" votes="183" />
                <Precinct name="Alabaha" votes="356" />
                <Precinct name="Sunset/Sweat" votes="141" />
            </VoteType>
            <VoteType name="Provisional" votes="1">
                <Precinct name="Hacklebarney/Cason" votes="0" />
                <Precinct name="Blackshear" votes="0" />
                <Precinct name="St Johns/Blackshear" votes="0" />
                <Precinct name="Otter Creek" votes="0" />
                <Precinct name="Patterson" votes="1" />
                <Precinct name="Mershon" votes="0" />
                <Precinct name="Alabaha" votes="0" />
                <Precinct name="Sunset/Sweat" votes="0" />
            </VoteType>
        </Choice>
    </Contest>
    <Contest key="130" text="SHERIFF" isQuestion="false" precinctsReporting="8" precinctsReported="8">
        <VoteType name="Number of Precincts for Race" votes="8">
            <Precinct name="Hacklebarney/Cason" votes="1" />
            <Precinct name="Blackshear" votes="1" />
            <Precinct name="St Johns/Blackshear" votes="1" />
            <Precinct name="Otter Creek" votes="1" />
            <Precinct name="Patterson" votes="1" />
            <Precinct name="Mershon" votes="1" />
            <Precinct name="Alabaha" votes="1" />
            <Precinct name="Sunset/Sweat" votes="1" />
        </VoteType>
        <VoteType name="Number of Precincts Reporting" votes="8">
            <Precinct name="Hacklebarney/Cason" votes="1" />
            <Precinct name="Blackshear" votes="1" />
            <Precinct name="St Johns/Blackshear" votes="1" />
            <Precinct name="Otter Creek" votes="1" />
            <Precinct name="Patterson" votes="1" />
            <Precinct name="Mershon" votes="1" />
            <Precinct name="Alabaha" votes="1" />
            <Precinct name="Sunset/Sweat" votes="1" />
        </VoteType>
        <Choice key="10" text="R. BENNETT (I) R" totalVotes="6519">
            <VoteType name="Election Day" votes="1846">
                <Precinct name="Hacklebarney/Cason" votes="395" />
                <Precinct name="Blackshear" votes="399" />
                <Precinct name="St Johns/Blackshear" votes="236" />
                <Precinct name="Otter Creek" votes="321" />
                <Precinct name="Patterson" votes="269" />
                <Precinct name="Mershon" votes="62" />
                <Precinct name="Alabaha" votes="132" />
                <Precinct name="Sunset/Sweat" votes="32" />
            </VoteType>
            <VoteType name="Absentee by Mail" votes="296">
                <Precinct name="Hacklebarney/Cason" votes="72" />
                <Precinct name="Blackshear" votes="86" />
                <Precinct name="St Johns/Blackshear" votes="36" />
                <Precinct name="Otter Creek" votes="29" />
                <Precinct name="Patterson" votes="21" />
                <Precinct name="Mershon" votes="26" />
                <Precinct name="Alabaha" votes="19" />
                <Precinct name="Sunset/Sweat" votes="7" />
            </VoteType>
            <VoteType name="Advance in Person" votes="4376">
                <Precinct name="Hacklebarney/Cason" votes="1193" />
                <Precinct name="Blackshear" votes="1119" />
                <Precinct name="St Johns/Blackshear" votes="624" />
                <Precinct name="Otter Creek" votes="411" />
                <Precinct name="Patterson" votes="360" />
                <Precinct name="Mershon" votes="176" />
                <Precinct name="Alabaha" votes="353" />
                <Precinct name="Sunset/Sweat" votes="140" />
            </VoteType>
            <VoteType name="Provisional" votes="1">
                <Precinct name="Hacklebarney/Cason" votes="0" />
                <Precinct name="Blackshear" votes="0" />
                <Precinct name="St Johns/Blackshear" votes="0" />
                <Precinct name="Otter Creek" votes="0" />
                <Precinct name="Patterson" votes="1" />
                <Precinct name="Mershon" votes="0" />
                <Precinct name="Alabaha" votes="0" />
                <Precinct name="Sunset/Sweat" votes="0" />
            </VoteType>
        </Choice>
    </Contest>
    <Contest key="150" text="TAX COMMISSIONER" isQuestion="false" precinctsReporting="8" precinctsReported="8">
        <VoteType name="Number of Precincts for Race" votes="8">
            <Precinct name="Hacklebarney/Cason" votes="1" />
            <Precinct name="Blackshear" votes="1" />
            <Precinct name="St Johns/Blackshear" votes="1" />
            <Precinct name="Otter Creek" votes="1" />
            <Precinct name="Patterson" votes="1" />
            <Precinct name="Mershon" votes="1" />
            <Precinct name="Alabaha" votes="1" />
            <Precinct name="Sunset/Sweat" votes="1" />
        </VoteType>
        <VoteType name="Number of Precincts Reporting" votes="8">
            <Precinct name="Hacklebarney/Cason" votes="1" />
            <Precinct name="Blackshear" votes="1" />
            <Precinct name="St Johns/Blackshear" votes="1" />
            <Precinct name="Otter Creek" votes="1" />
            <Precinct name="Patterson" votes="1" />
            <Precinct name="Mershon" votes="1" />
            <Precinct name="Alabaha" votes="1" />
            <Precinct name="Sunset/Sweat" votes="1" />
        </VoteType>
        <Choice key="10" text="T. DAVIS (I) R" totalVotes="6546">
            <VoteType name="Election Day" votes="1860">
                <Precinct name="Hacklebarney/Cason" votes="397" />
                <Precinct name="Blackshear" votes="400" />
                <Precinct name="St Johns/Blackshear" votes="241" />
                <Precinct name="Otter Creek" votes="319" />
                <Precinct name="Patterson" votes="279" />
                <Precinct name="Mershon" votes="61" />
                <Precinct name="Alabaha" votes="132" />
                <Precinct name="Sunset/Sweat" votes="31" />
            </VoteType>
            <VoteType name="Absentee by Mail" votes="300">
                <Precinct name="Hacklebarney/Cason" votes="76" />
                <Precinct name="Blackshear" votes="83" />
                <Precinct name="St Johns/Blackshear" votes="37" />
                <Precinct name="Otter Creek" votes="29" />
                <Precinct name="Patterson" votes="22" />
                <Precinct name="Mershon" votes="26" />
                <Precinct name="Alabaha" votes="20" />
                <Precinct name="Sunset/Sweat" votes="7" />
            </VoteType>
            <VoteType name="Advance in Person" votes="4385">
                <Precinct name="Hacklebarney/Cason" votes="1189" />
                <Precinct name="Blackshear" votes="1124" />
                <Precinct name="St Johns/Blackshear" votes="623" />
                <Precinct name="Otter Creek" votes="414" />
                <Precinct name="Patterson" votes="367" />
                <Precinct name="Mershon" votes="180" />
                <Precinct name="Alabaha" votes="348" />
                <Precinct name="Sunset/Sweat" votes="140" />
            </VoteType>
            <VoteType name="Provisional" votes="1">
                <Precinct name="Hacklebarney/Cason" votes="0" />
                <Precinct name="Blackshear" votes="0" />
                <Precinct name="St Johns/Blackshear" votes="0" />
                <Precinct name="Otter Creek" votes="0" />
                <Precinct name="Patterson" votes="1" />
                <Precinct name="Mershon" votes="0" />
                <Precinct name="Alabaha" votes="0" />
                <Precinct name="Sunset/Sweat" votes="0" />
            </VoteType>
        </Choice>
    </Contest>
    <Contest key="170" text="SURVEYOR" isQuestion="false" precinctsReporting="8" precinctsReported="8">
        <VoteType name="Number of Precincts for Race" votes="8">
            <Precinct name="Hacklebarney/Cason" votes="1" />
            <Precinct name="Blackshear" votes="1" />
            <Precinct name="St Johns/Blackshear" votes="1" />
            <Precinct name="Otter Creek" votes="1" />
            <Precinct name="Patterson" votes="1" />
            <Precinct name="Mershon" votes="1" />
            <Precinct name="Alabaha" votes="1" />
            <Precinct name="Sunset/Sweat" votes="1" />
        </VoteType>
        <VoteType name="Number of Precincts Reporting" votes="8">
            <Precinct name="Hacklebarney/Cason" votes="1" />
            <Precinct name="Blackshear" votes="1" />
            <Precinct name="St Johns/Blackshear" votes="1" />
            <Precinct name="Otter Creek" votes="1" />
            <Precinct name="Patterson" votes="1" />
            <Precinct name="Mershon" votes="1" />
            <Precinct name="Alabaha" votes="1" />
            <Precinct name="Sunset/Sweat" votes="1" />
        </VoteType>
        <Choice key="10" text="S. DUNCAN (I) R" totalVotes="6414">
            <VoteType name="Election Day" votes="1830">
                <Precinct name="Hacklebarney/Cason" votes="386" />
                <Precinct name="Blackshear" votes="401" />
                <Precinct name="St Johns/Blackshear" votes="238" />
                <Precinct name="Otter Creek" votes="317" />
                <Precinct name="Patterson" votes="266" />
                <Precinct name="Mershon" votes="61" />
                <Precinct name="Alabaha" votes="131" />
                <Precinct name="Sunset/Sweat" votes="30" />
            </VoteType>
            <VoteType name="Absentee by Mail" votes="297">
                <Precinct name="Hacklebarney/Cason" votes="72" />
                <Precinct name="Blackshear" votes="83" />
                <Precinct name="St Johns/Blackshear" votes="37" />
                <Precinct name="Otter Creek" votes="29" />
                <Precinct name="Patterson" votes="22" />
                <Precinct name="Mershon" votes="27" />
                <Precinct name="Alabaha" votes="20" />
                <Precinct name="Sunset/Sweat" votes="7" />
            </VoteType>
            <VoteType name="Advance in Person" votes="4286">
                <Precinct name="Hacklebarney/Cason" votes="1150" />
                <Precinct name="Blackshear" votes="1097" />
                <Precinct name="St Johns/Blackshear" votes="616" />
                <Precinct name="Otter Creek" votes="412" />
                <Precinct name="Patterson" votes="351" />
                <Precinct name="Mershon" votes="176" />
                <Precinct name="Alabaha" votes="348" />
                <Precinct name="Sunset/Sweat" votes="136" />
            </VoteType>
            <VoteType name="Provisional" votes="1">
                <Precinct name="Hacklebarney/Cason" votes="0" />
                <Precinct name="Blackshear" votes="0" />
                <Precinct name="St Johns/Blackshear" votes="0" />
                <Precinct name="Otter Creek" votes="0" />
                <Precinct name="Patterson" votes="1" />
                <Precinct name="Mershon" votes="0" />
                <Precinct name="Alabaha" votes="0" />
                <Precinct name="Sunset/Sweat" votes="0" />
            </VoteType>
        </Choice>
    </Contest>
    <Contest key="190" text="CORONER" isQuestion="false" precinctsReporting="8" precinctsReported="8">
        <VoteType name="Number of Precincts for Race" votes="8">
            <Precinct name="Hacklebarney/Cason" votes="1" />
            <Precinct name="Blackshear" votes="1" />
            <Precinct name="St Johns/Blackshear" votes="1" />
            <Precinct name="Otter Creek" votes="1" />
            <Precinct name="Patterson" votes="1" />
            <Precinct name="Mershon" votes="1" />
            <Precinct name="Alabaha" votes="1" />
            <Precinct name="Sunset/Sweat" votes="1" />
        </VoteType>
        <VoteType name="Number of Precincts Reporting" votes="8">
            <Precinct name="Hacklebarney/Cason" votes="1" />
            <Precinct name="Blackshear" votes="1" />
            <Precinct name="St Johns/Blackshear" votes="1" />
            <Precinct name="Otter Creek" votes="1" />
            <Precinct name="Patterson" votes="1" />
            <Precinct name="Mershon" votes="1" />
            <Precinct name="Alabaha" votes="1" />
            <Precinct name="Sunset/Sweat" votes="1" />
        </VoteType>
        <Choice key="10" text="W. WILSON JR (I) R" totalVotes="6435">
            <VoteType name="Election Day" votes="1834">
                <Precinct name="Hacklebarney/Cason" votes="388" />
                <Precinct name="Blackshear" votes="401" />
                <Precinct name="St Johns/Blackshear" votes="236" />
                <Precinct name="Otter Creek" votes="317" />
                <Precinct name="Patterson" votes="271" />
                <Precinct name="Mershon" votes="62" />
                <Precinct name="Alabaha" votes="129" />
                <Precinct name="Sunset/Sweat" votes="30" />
            </VoteType>
            <VoteType name="Absentee by Mail" votes="294">
                <Precinct name="Hacklebarney/Cason" votes="71" />
                <Precinct name="Blackshear" votes="82" />
                <Precinct name="St Johns/Blackshear" votes="38" />
                <Precinct name="Otter Creek" votes="29" />
                <Precinct name="Patterson" votes="22" />
                <Precinct name="Mershon" votes="26" />
                <Precinct name="Alabaha" votes="19" />
                <Precinct name="Sunset/Sweat" votes="7" />
            </VoteType>
            <VoteType name="Advance in Person" votes="4306">
                <Precinct name="Hacklebarney/Cason" votes="1156" />
                <Precinct name="Blackshear" votes="1103" />
                <Precinct name="St Johns/Blackshear" votes="618" />
                <Precinct name="Otter Creek" votes="411" />
                <Precinct name="Patterson" votes="355" />
                <Precinct name="Mershon" votes="176" />
                <Precinct name="Alabaha" votes="349" />
                <Precinct name="Sunset/Sweat" votes="138" />
            </VoteType>
            <VoteType name="Provisional" votes="1">
                <Precinct name="Hacklebarney/Cason" votes="0" />
                <Precinct name="Blackshear" votes="0" />
                <Precinct name="St Johns/Blackshear" votes="0" />
                <Precinct name="Otter Creek" votes="0" />
                <Precinct name="Patterson" votes="1" />
                <Precinct name="Mershon" votes="0" />
                <Precinct name="Alabaha" votes="0" />
                <Precinct name="Sunset/Sweat" votes="0" />
            </VoteType>
        </Choice>
    </Contest>
    <Contest key="210" text="CC, D1" isQuestion="false" precinctsReporting="1" precinctsReported="1">
        <VoteType name="Number of Precincts for Race" votes="1">
            <Precinct name="Hacklebarney/Cason" votes="1" />
        </VoteType>
        <VoteType name="Number of Precincts Reporting" votes="1">
            <Precinct name="Hacklebarney/Cason" votes="1" />
        </VoteType>
        <Choice key="10" text="H. ROZIER (I) R" totalVotes="1618">
            <VoteType name="Election Day" votes="381">
                <Precinct name="Hacklebarney/Cason" votes="381" />
            </VoteType>
            <VoteType name="Absentee by Mail" votes="74">
                <Precinct name="Hacklebarney/Cason" votes="74" />
            </VoteType>
            <VoteType name="Advance in Person" votes="1163">
                <Precinct name="Hacklebarney/Cason" votes="1163" />
            </VoteType>
            <VoteType name="Provisional" votes="0">
                <Precinct name="Hacklebarney/Cason" votes="0" />
            </VoteType>
        </Choice>
    </Contest>
    <Contest key="230" text="CC, D3" isQuestion="false" precinctsReporting="2" precinctsReported="2">
        <VoteType name="Number of Precincts for Race" votes="2">
            <Precinct name="St Johns/Blackshear" votes="1" />
            <Precinct name="Otter Creek" votes="1" />
        </VoteType>
        <VoteType name="Number of Precincts Reporting" votes="2">
            <Precinct name="St Johns/Blackshear" votes="1" />
            <Precinct name="Otter Creek" votes="1" />
        </VoteType>
        <Choice key="20" text="R. DIXON (I) R" totalVotes="1624">
            <VoteType name="Election Day" votes="544">
                <Precinct name="St Johns/Blackshear" votes="235" />
                <Precinct name="Otter Creek" votes="309" />
            </VoteType>
            <VoteType name="Absentee by Mail" votes="65">
                <Precinct name="St Johns/Blackshear" votes="37" />
                <Precinct name="Otter Creek" votes="28" />
            </VoteType>
            <VoteType name="Advance in Person" votes="1015">
                <Precinct name="St Johns/Blackshear" votes="619" />
                <Precinct name="Otter Creek" votes="396" />
            </VoteType>
            <VoteType name="Provisional" votes="0">
                <Precinct name="St Johns/Blackshear" votes="0" />
                <Precinct name="Otter Creek" votes="0" />
            </VoteType>
        </Choice>
    </Contest>
    <Contest key="240" text="SOIL AND WATER" isQuestion="false" precinctsReporting="8" precinctsReported="8">
        <VoteType name="Number of Precincts for Race" votes="8">
            <Precinct name="Hacklebarney/Cason" votes="1" />
            <Precinct name="Blackshear" votes="1" />
            <Precinct name="St Johns/Blackshear" votes="1" />
            <Precinct name="Otter Creek" votes="1" />
            <Precinct name="Patterson" votes="1" />
            <Precinct name="Mershon" votes="1" />
            <Precinct name="Alabaha" votes="1" />
            <Precinct name="Sunset/Sweat" votes="1" />
        </VoteType>
        <VoteType name="Number of Precincts Reporting" votes="8">
            <Precinct name="Hacklebarney/Cason" votes="1" />
            <Precinct name="Blackshear" votes="1" />
            <Precinct name="St Johns/Blackshear" votes="1" />
            <Precinct name="Otter Creek" votes="1" />
            <Precinct name="Patterson" votes="1" />
            <Precinct name="Mershon" votes="1" />
            <Precinct name="Alabaha" votes="1" />
            <Precinct name="Sunset/Sweat" votes="1" />
        </VoteType>
        <Choice key="10" text="J. WATERS (I)" totalVotes="6420">
            <VoteType name="Election Day" votes="1817">
                <Precinct name="Hacklebarney/Cason" votes="393" />
                <Precinct name="Blackshear" votes="394" />
                <Precinct name="St Johns/Blackshear" votes="234" />
                <Precinct name="Otter Creek" votes="312" />
                <Precinct name="Patterson" votes="266" />
                <Precinct name="Mershon" votes="60" />
                <Precinct name="Alabaha" votes="128" />
                <Precinct name="Sunset/Sweat" votes="30" />
            </VoteType>
            <VoteType name="Absentee by Mail" votes="303">
                <Precinct name="Hacklebarney/Cason" votes="75" />
                <Precinct name="Blackshear" votes="86" />
                <Precinct name="St Johns/Blackshear" votes="37" />
                <Precinct name="Otter Creek" votes="28" />
                <Precinct name="Patterson" votes="22" />
                <Precinct name="Mershon" votes="27" />
                <Precinct name="Alabaha" votes="20" />
                <Precinct name="Sunset/Sweat" votes="8" />
            </VoteType>
            <VoteType name="Advance in Person" votes="4299">
                <Precinct name="Hacklebarney/Cason" votes="1151" />
                <Precinct name="Blackshear" votes="1100" />
                <Precinct name="St Johns/Blackshear" votes="612" />
                <Precinct name="Otter Creek" votes="411" />
                <Precinct name="Patterson" votes="359" />
                <Precinct name="Mershon" votes="178" />
                <Precinct name="Alabaha" votes="351" />
                <Precinct name="Sunset/Sweat" votes="137" />
            </VoteType>
            <VoteType name="Provisional" votes="1">
                <Precinct name="Hacklebarney/Cason" votes="0" />
                <Precinct name="Blackshear" votes="0" />
                <Precinct name="St Johns/Blackshear" votes="0" />
                <Precinct name="Otter Creek" votes="0" />
                <Precinct name="Patterson" votes="1" />
                <Precinct name="Mershon" votes="0" />
                <Precinct name="Alabaha" votes="0" />
                <Precinct name="Sunset/Sweat" votes="0" />
            </VoteType>
        </Choice>
    </Contest>
    <Contest key="250" text="Constitutional Amendment #1&lt;br&gt;Provides greater flexibility and state accountability to fix failing schools through increasing community involvement." isQuestion="false" precinctsReporting="8" precinctsReported="8">
        <VoteType name="Number of Precincts for Race" votes="8">
            <Precinct name="Hacklebarney/Cason" votes="1" />
            <Precinct name="Blackshear" votes="1" />
            <Precinct name="St Johns/Blackshear" votes="1" />
            <Precinct name="Otter Creek" votes="1" />
            <Precinct name="Patterson" votes="1" />
            <Precinct name="Mershon" votes="1" />
            <Precinct name="Alabaha" votes="1" />
            <Precinct name="Sunset/Sweat" votes="1" />
        </VoteType>
        <VoteType name="Number of Precincts Reporting" votes="8">
            <Precinct name="Hacklebarney/Cason" votes="1" />
            <Precinct name="Blackshear" votes="1" />
            <Precinct name="St Johns/Blackshear" votes="1" />
            <Precinct name="Otter Creek" votes="1" />
            <Precinct name="Patterson" votes="1" />
            <Precinct name="Mershon" votes="1" />
            <Precinct name="Alabaha" votes="1" />
            <Precinct name="Sunset/Sweat" votes="1" />
        </VoteType>
        <Choice key="10" text="YES" totalVotes="2090">
            <VoteType name="Election Day" votes="647">
                <Precinct name="Hacklebarney/Cason" votes="172" />
                <Precinct name="Blackshear" votes="146" />
                <Precinct name="St Johns/Blackshear" votes="89" />
                <Precinct name="Otter Creek" votes="92" />
                <Precinct name="Patterson" votes="85" />
                <Precinct name="Mershon" votes="19" />
                <Precinct name="Alabaha" votes="41" />
                <Precinct name="Sunset/Sweat" votes="3" />
            </VoteType>
            <VoteType name="Absentee by Mail" votes="131">
                <Precinct name="Hacklebarney/Cason" votes="47" />
                <Precinct name="Blackshear" votes="26" />
                <Precinct name="St Johns/Blackshear" votes="18" />
                <Precinct name="Otter Creek" votes="15" />
                <Precinct name="Patterson" votes="5" />
                <Precinct name="Mershon" votes="10" />
                <Precinct name="Alabaha" votes="7" />
                <Precinct name="Sunset/Sweat" votes="3" />
            </VoteType>
            <VoteType name="Advance in Person" votes="1312">
                <Precinct name="Hacklebarney/Cason" votes="402" />
                <Precinct name="Blackshear" votes="316" />
                <Precinct name="St Johns/Blackshear" votes="180" />
                <Precinct name="Otter Creek" votes="120" />
                <Precinct name="Patterson" votes="114" />
                <Precinct name="Mershon" votes="43" />
                <Precinct name="Alabaha" votes="104" />
                <Precinct name="Sunset/Sweat" votes="33" />
            </VoteType>
            <VoteType name="Provisional" votes="0">
                <Precinct name="Hacklebarney/Cason" votes="0" />
                <Precinct name="Blackshear" votes="0" />
                <Precinct name="St Johns/Blackshear" votes="0" />
                <Precinct name="Otter Creek" votes="0" />
                <Precinct name="Patterson" votes="0" />
                <Precinct name="Mershon" votes="0" />
                <Precinct name="Alabaha" votes="0" />
                <Precinct name="Sunset/Sweat" votes="0" />
            </VoteType>
        </Choice>
        <Choice key="20" text="NO" totalVotes="4883">
            <VoteType name="Election Day" votes="1320">
                <Precinct name="Hacklebarney/Cason" votes="257" />
                <Precinct name="Blackshear" votes="279" />
                <Precinct name="St Johns/Blackshear" votes="165" />
                <Precinct name="Otter Creek" votes="245" />
                <Precinct name="Patterson" votes="204" />
                <Precinct name="Mershon" votes="47" />
                <Precinct name="Alabaha" votes="94" />
                <Precinct name="Sunset/Sweat" votes="29" />
            </VoteType>
            <VoteType name="Absentee by Mail" votes="208">
                <Precinct name="Hacklebarney/Cason" votes="37" />
                <Precinct name="Blackshear" votes="60" />
                <Precinct name="St Johns/Blackshear" votes="19" />
                <Precinct name="Otter Creek" votes="16" />
                <Precinct name="Patterson" votes="22" />
                <Precinct name="Mershon" votes="24" />
                <Precinct name="Alabaha" votes="21" />
                <Precinct name="Sunset/Sweat" votes="9" />
            </VoteType>
            <VoteType name="Advance in Person" votes="3354">
                <Precinct name="Hacklebarney/Cason" votes="876" />
                <Precinct name="Blackshear" votes="876" />
                <Precinct name="St Johns/Blackshear" votes="478" />
                <Precinct name="Otter Creek" votes="316" />
                <Precinct name="Patterson" votes="278" />
                <Precinct name="Mershon" votes="142" />
                <Precinct name="Alabaha" votes="276" />
                <Precinct name="Sunset/Sweat" votes="112" />
            </VoteType>
            <VoteType name="Provisional" votes="1">
                <Precinct name="Hacklebarney/Cason" votes="0" />
                <Precinct name="Blackshear" votes="0" />
                <Precinct name="St Johns/Blackshear" votes="0" />
                <Precinct name="Otter Creek" votes="0" />
                <Precinct name="Patterson" votes="1" />
                <Precinct name="Mershon" votes="0" />
                <Precinct name="Alabaha" votes="0" />
                <Precinct name="Sunset/Sweat" votes="0" />
            </VoteType>
        </Choice>
    </Contest>
    <Contest key="260" text="Constitutional Amendment #2&lt;br&gt;Authorizes penalties for sexual exploitation and assessments on adult entertainment to fund child victims' services." isQuestion="false" precinctsReporting="8" precinctsReported="8">
        <VoteType name="Number of Precincts for Race" votes="8">
            <Precinct name="Hacklebarney/Cason" votes="1" />
            <Precinct name="Blackshear" votes="1" />
            <Precinct name="St Johns/Blackshear" votes="1" />
            <Precinct name="Otter Creek" votes="1" />
            <Precinct name="Patterson" votes="1" />
            <Precinct name="Mershon" votes="1" />
            <Precinct name="Alabaha" votes="1" />
            <Precinct name="Sunset/Sweat" votes="1" />
        </VoteType>
        <VoteType name="Number of Precincts Reporting" votes="8">
            <Precinct name="Hacklebarney/Cason" votes="1" />
            <Precinct name="Blackshear" votes="1" />
            <Precinct name="St Johns/Blackshear" votes="1" />
            <Precinct name="Otter Creek" votes="1" />
            <Precinct name="Patterson" votes="1" />
            <Precinct name="Mershon" votes="1" />
            <Precinct name="Alabaha" votes="1" />
            <Precinct name="Sunset/Sweat" votes="1" />
        </VoteType>
        <Choice key="10" text="YES" totalVotes="5525">
            <VoteType name="Election Day" votes="1553">
                <Precinct name="Hacklebarney/Cason" votes="349" />
                <Precinct name="Blackshear" votes="341" />
                <Precinct name="St Johns/Blackshear" votes="200" />
                <Precinct name="Otter Creek" votes="259" />
                <Precinct name="Patterson" votes="215" />
                <Precinct name="Mershon" votes="55" />
                <Precinct name="Alabaha" votes="108" />
                <Precinct name="Sunset/Sweat" votes="26" />
            </VoteType>
            <VoteType name="Absentee by Mail" votes="294">
                <Precinct name="Hacklebarney/Cason" votes="71" />
                <Precinct name="Blackshear" votes="71" />
                <Precinct name="St Johns/Blackshear" votes="35" />
                <Precinct name="Otter Creek" votes="30" />
                <Precinct name="Patterson" votes="25" />
                <Precinct name="Mershon" votes="28" />
                <Precinct name="Alabaha" votes="24" />
                <Precinct name="Sunset/Sweat" votes="10" />
            </VoteType>
            <VoteType name="Advance in Person" votes="3677">
                <Precinct name="Hacklebarney/Cason" votes="1033" />
                <Precinct name="Blackshear" votes="936" />
                <Precinct name="St Johns/Blackshear" votes="505" />
                <Precinct name="Otter Creek" votes="354" />
                <Precinct name="Patterson" votes="315" />
                <Precinct name="Mershon" votes="153" />
                <Precinct name="Alabaha" votes="277" />
                <Precinct name="Sunset/Sweat" votes="104" />
            </VoteType>
            <VoteType name="Provisional" votes="1">
                <Precinct name="Hacklebarney/Cason" votes="0" />
                <Precinct name="Blackshear" votes="0" />
                <Precinct name="St Johns/Blackshear" votes="0" />
                <Precinct name="Otter Creek" votes="0" />
                <Precinct name="Patterson" votes="1" />
                <Precinct name="Mershon" votes="0" />
                <Precinct name="Alabaha" votes="0" />
                <Precinct name="Sunset/Sweat" votes="0" />
            </VoteType>
        </Choice>
        <Choice key="20" text="NO" totalVotes="1416">
            <VoteType name="Election Day" votes="393">
                <Precinct name="Hacklebarney/Cason" votes="78" />
                <Precinct name="Blackshear" votes="75" />
                <Precinct name="St Johns/Blackshear" votes="48" />
                <Precinct name="Otter Creek" votes="77" />
                <Precinct name="Patterson" votes="72" />
                <Precinct name="Mershon" votes="10" />
                <Precinct name="Alabaha" votes="27" />
                <Precinct name="Sunset/Sweat" votes="6" />
            </VoteType>
            <VoteType name="Absentee by Mail" votes="39">
                <Precinct name="Hacklebarney/Cason" votes="14" />
                <Precinct name="Blackshear" votes="15" />
                <Precinct name="St Johns/Blackshear" votes="3" />
                <Precinct name="Otter Creek" votes="1" />
                <Precinct name="Patterson" votes="0" />
                <Precinct name="Mershon" votes="4" />
                <Precinct name="Alabaha" votes="1" />
                <Precinct name="Sunset/Sweat" votes="1" />
            </VoteType>
            <VoteType name="Advance in Person" votes="984">
                <Precinct name="Hacklebarney/Cason" votes="247" />
                <Precinct name="Blackshear" votes="250" />
                <Precinct name="St Johns/Blackshear" votes="152" />
                <Precinct name="Otter Creek" votes="83" />
                <Precinct name="Patterson" votes="83" />
                <Precinct name="Mershon" votes="29" />
                <Precinct name="Alabaha" votes="102" />
                <Precinct name="Sunset/Sweat" votes="38" />
            </VoteType>
            <VoteType name="Provisional" votes="0">
                <Precinct name="Hacklebarney/Cason" votes="0" />
                <Precinct name="Blackshear" votes="0" />
                <Precinct name="St Johns/Blackshear" votes="0" />
                <Precinct name="Otter Creek" votes="0" />
                <Precinct name="Patterson" votes="0" />
                <Precinct name="Mershon" votes="0" />
                <Precinct name="Alabaha" votes="0" />
                <Precinct name="Sunset/Sweat" votes="0" />
            </VoteType>
        </Choice>
    </Contest>
    <Contest key="270" text="Constitutional Amendment #3&lt;br&gt;Reforms and re-establishes the Judicial Qualifications Commission and provides for its composition, governance, and powers." isQuestion="false" precinctsReporting="8" precinctsReported="8">
        <VoteType name="Number of Precincts for Race" votes="8">
            <Precinct name="Hacklebarney/Cason" votes="1" />
            <Precinct name="Blackshear" votes="1" />
            <Precinct name="St Johns/Blackshear" votes="1" />
            <Precinct name="Otter Creek" votes="1" />
            <Precinct name="Patterson" votes="1" />
            <Precinct name="Mershon" votes="1" />
            <Precinct name="Alabaha" votes="1" />
            <Precinct name="Sunset/Sweat" votes="1" />
        </VoteType>
        <VoteType name="Number of Precincts Reporting" votes="8">
            <Precinct name="Hacklebarney/Cason" votes="1" />
            <Precinct name="Blackshear" votes="1" />
            <Precinct name="St Johns/Blackshear" votes="1" />
            <Precinct name="Otter Creek" votes="1" />
            <Precinct name="Patterson" votes="1" />
            <Precinct name="Mershon" votes="1" />
            <Precinct name="Alabaha" votes="1" />
            <Precinct name="Sunset/Sweat" votes="1" />
        </VoteType>
        <Choice key="10" text="YES" totalVotes="3815">
            <VoteType name="Election Day" votes="1082">
                <Precinct name="Hacklebarney/Cason" votes="260" />
                <Precinct name="Blackshear" votes="239" />
                <Precinct name="St Johns/Blackshear" votes="145" />
                <Precinct name="Otter Creek" votes="165" />
                <Precinct name="Patterson" votes="149" />
                <Precinct name="Mershon" votes="38" />
                <Precinct name="Alabaha" votes="70" />
                <Precinct name="Sunset/Sweat" votes="16" />
            </VoteType>
            <VoteType name="Absentee by Mail" votes="191">
                <Precinct name="Hacklebarney/Cason" votes="48" />
                <Precinct name="Blackshear" votes="46" />
                <Precinct name="St Johns/Blackshear" votes="24" />
                <Precinct name="Otter Creek" votes="17" />
                <Precinct name="Patterson" votes="17" />
                <Precinct name="Mershon" votes="22" />
                <Precinct name="Alabaha" votes="13" />
                <Precinct name="Sunset/Sweat" votes="4" />
            </VoteType>
            <VoteType name="Advance in Person" votes="2541">
                <Precinct name="Hacklebarney/Cason" votes="733" />
                <Precinct name="Blackshear" votes="640" />
                <Precinct name="St Johns/Blackshear" votes="365" />
                <Precinct name="Otter Creek" votes="240" />
                <Precinct name="Patterson" votes="218" />
                <Precinct name="Mershon" votes="89" />
                <Precinct name="Alabaha" votes="186" />
                <Precinct name="Sunset/Sweat" votes="70" />
            </VoteType>
            <VoteType name="Provisional" votes="1">
                <Precinct name="Hacklebarney/Cason" votes="0" />
                <Precinct name="Blackshear" votes="0" />
                <Precinct name="St Johns/Blackshear" votes="0" />
                <Precinct name="Otter Creek" votes="0" />
                <Precinct name="Patterson" votes="1" />
                <Precinct name="Mershon" votes="0" />
                <Precinct name="Alabaha" votes="0" />
                <Precinct name="Sunset/Sweat" votes="0" />
            </VoteType>
        </Choice>
        <Choice key="20" text="NO" totalVotes="2739">
            <VoteType name="Election Day" votes="766">
                <Precinct name="Hacklebarney/Cason" votes="142" />
                <Precinct name="Blackshear" votes="161" />
                <Precinct name="St Johns/Blackshear" votes="92" />
                <Precinct name="Otter Creek" votes="154" />
                <Precinct name="Patterson" votes="120" />
                <Precinct name="Mershon" votes="24" />
                <Precinct name="Alabaha" votes="60" />
                <Precinct name="Sunset/Sweat" votes="13" />
            </VoteType>
            <VoteType name="Absentee by Mail" votes="120">
                <Precinct name="Hacklebarney/Cason" votes="28" />
                <Precinct name="Blackshear" votes="34" />
                <Precinct name="St Johns/Blackshear" votes="12" />
                <Precinct name="Otter Creek" votes="11" />
                <Precinct name="Patterson" votes="6" />
                <Precinct name="Mershon" votes="9" />
                <Precinct name="Alabaha" votes="13" />
                <Precinct name="Sunset/Sweat" votes="7" />
            </VoteType>
            <VoteType name="Advance in Person" votes="1853">
                <Precinct name="Hacklebarney/Cason" votes="476" />
                <Precinct name="Blackshear" votes="471" />
                <Precinct name="St Johns/Blackshear" votes="261" />
                <Precinct name="Otter Creek" votes="168" />
                <Precinct name="Patterson" votes="150" />
                <Precinct name="Mershon" votes="85" />
                <Precinct name="Alabaha" votes="178" />
                <Precinct name="Sunset/Sweat" votes="64" />
            </VoteType>
            <VoteType name="Provisional" votes="0">
                <Precinct name="Hacklebarney/Cason" votes="0" />
                <Precinct name="Blackshear" votes="0" />
                <Precinct name="St Johns/Blackshear" votes="0" />
                <Precinct name="Otter Creek" votes="0" />
                <Precinct name="Patterson" votes="0" />
                <Precinct name="Mershon" votes="0" />
                <Precinct name="Alabaha" votes="0" />
                <Precinct name="Sunset/Sweat" votes="0" />
            </VoteType>
        </Choice>
    </Contest>
    <Contest key="280" text="Constitutional Amendment #4&lt;br&gt;Dedicates revenue from existing taxes on fireworks to trauma care, fire services, and public safety." isQuestion="false" precinctsReporting="8" precinctsReported="8">
        <VoteType name="Number of Precincts for Race" votes="8">
            <Precinct name="Hacklebarney/Cason" votes="1" />
            <Precinct name="Blackshear" votes="1" />
            <Precinct name="St Johns/Blackshear" votes="1" />
            <Precinct name="Otter Creek" votes="1" />
            <Precinct name="Patterson" votes="1" />
            <Precinct name="Mershon" votes="1" />
            <Precinct name="Alabaha" votes="1" />
            <Precinct name="Sunset/Sweat" votes="1" />
        </VoteType>
        <VoteType name="Number of Precincts Reporting" votes="8">
            <Precinct name="Hacklebarney/Cason" votes="1" />
            <Precinct name="Blackshear" votes="1" />
            <Precinct name="St Johns/Blackshear" votes="1" />
            <Precinct name="Otter Creek" votes="1" />
            <Precinct name="Patterson" votes="1" />
            <Precinct name="Mershon" votes="1" />
            <Precinct name="Alabaha" votes="1" />
            <Precinct name="Sunset/Sweat" votes="1" />
        </VoteType>
        <Choice key="10" text="YES" totalVotes="5168">
            <VoteType name="Election Day" votes="1438">
                <Precinct name="Hacklebarney/Cason" votes="327" />
                <Precinct name="Blackshear" votes="323" />
                <Precinct name="St Johns/Blackshear" votes="184" />
                <Precinct name="Otter Creek" votes="239" />
                <Precinct name="Patterson" votes="193" />
                <Precinct name="Mershon" votes="48" />
                <Precinct name="Alabaha" votes="102" />
                <Precinct name="Sunset/Sweat" votes="22" />
            </VoteType>
            <VoteType name="Absentee by Mail" votes="288">
                <Precinct name="Hacklebarney/Cason" votes="69" />
                <Precinct name="Blackshear" votes="73" />
                <Precinct name="St Johns/Blackshear" votes="34" />
                <Precinct name="Otter Creek" votes="29" />
                <Precinct name="Patterson" votes="20" />
                <Precinct name="Mershon" votes="28" />
                <Precinct name="Alabaha" votes="26" />
                <Precinct name="Sunset/Sweat" votes="9" />
            </VoteType>
            <VoteType name="Advance in Person" votes="3441">
                <Precinct name="Hacklebarney/Cason" votes="971" />
                <Precinct name="Blackshear" votes="881" />
                <Precinct name="St Johns/Blackshear" votes="487" />
                <Precinct name="Otter Creek" votes="326" />
                <Precinct name="Patterson" votes="284" />
                <Precinct name="Mershon" votes="130" />
                <Precinct name="Alabaha" votes="266" />
                <Precinct name="Sunset/Sweat" votes="96" />
            </VoteType>
            <VoteType name="Provisional" votes="1">
                <Precinct name="Hacklebarney/Cason" votes="0" />
                <Precinct name="Blackshear" votes="0" />
                <Precinct name="St Johns/Blackshear" votes="0" />
                <Precinct name="Otter Creek" votes="0" />
                <Precinct name="Patterson" votes="1" />
                <Precinct name="Mershon" votes="0" />
                <Precinct name="Alabaha" votes="0" />
                <Precinct name="Sunset/Sweat" votes="0" />
            </VoteType>
        </Choice>
        <Choice key="20" text="NO" totalVotes="1762">
            <VoteType name="Election Day" votes="504">
                <Precinct name="Hacklebarney/Cason" votes="96" />
                <Precinct name="Blackshear" votes="94" />
                <Precinct name="St Johns/Blackshear" votes="63" />
                <Precinct name="Otter Creek" votes="98" />
                <Precinct name="Patterson" votes="93" />
                <Precinct name="Mershon" votes="19" />
                <Precinct name="Alabaha" votes="32" />
                <Precinct name="Sunset/Sweat" votes="9" />
            </VoteType>
            <VoteType name="Absentee by Mail" votes="36">
                <Precinct name="Hacklebarney/Cason" votes="14" />
                <Precinct name="Blackshear" votes="10" />
                <Precinct name="St Johns/Blackshear" votes="2" />
                <Precinct name="Otter Creek" votes="2" />
                <Precinct name="Patterson" votes="2" />
                <Precinct name="Mershon" votes="3" />
                <Precinct name="Alabaha" votes="1" />
                <Precinct name="Sunset/Sweat" votes="2" />
            </VoteType>
            <VoteType name="Advance in Person" votes="1222">
                <Precinct name="Hacklebarney/Cason" votes="317" />
                <Precinct name="Blackshear" votes="299" />
                <Precinct name="St Johns/Blackshear" votes="169" />
                <Precinct name="Otter Creek" votes="109" />
                <Precinct name="Patterson" votes="108" />
                <Precinct name="Mershon" votes="54" />
                <Precinct name="Alabaha" votes="116" />
                <Precinct name="Sunset/Sweat" votes="50" />
            </VoteType>
            <VoteType name="Provisional" votes="0">
                <Precinct name="Hacklebarney/Cason" votes="0" />
                <Precinct name="Blackshear" votes="0" />
                <Precinct name="St Johns/Blackshear" votes="0" />
                <Precinct name="Otter Creek" votes="0" />
                <Precinct name="Patterson" votes="0" />
                <Precinct name="Mershon" votes="0" />
                <Precinct name="Alabaha" votes="0" />
                <Precinct name="Sunset/Sweat" votes="0" />
            </VoteType>
        </Choice>
    </Contest>
    <Contest key="290" text="SPECIAL - Patterson City Council " isQuestion="false" precinctsReporting="2" precinctsReported="2">
        <VoteType name="Number of Precincts for Race" votes="2">
            <Precinct name="Otter Creek" votes="1" />
            <Precinct name="Patterson" votes="1" />
        </VoteType>
        <VoteType name="Number of Precincts Reporting" votes="2">
            <Precinct name="Otter Creek" votes="1" />
            <Precinct name="Patterson" votes="1" />
        </VoteType>
        <Choice key="10" text="J. ECHOLS" totalVotes="217">
            <VoteType name="Election Day" votes="125">
                <Precinct name="Otter Creek" votes="76" />
                <Precinct name="Patterson" votes="49" />
            </VoteType>
            <VoteType name="Absentee by Mail" votes="9">
                <Precinct name="Otter Creek" votes="3" />
                <Precinct name="Patterson" votes="6" />
            </VoteType>
            <VoteType name="Advance in Person" votes="83">
                <Precinct name="Otter Creek" votes="60" />
                <Precinct name="Patterson" votes="23" />
            </VoteType>
            <VoteType name="Provisional" votes="0">
                <Precinct name="Otter Creek" votes="0" />
                <Precinct name="Patterson" votes="0" />
            </VoteType>
        </Choice>
        <Choice key="20" text="C. HARRIS" totalVotes="61">
            <VoteType name="Election Day" votes="28">
                <Precinct name="Otter Creek" votes="20" />
                <Precinct name="Patterson" votes="8" />
            </VoteType>
            <VoteType name="Absentee by Mail" votes="4">
                <Precinct name="Otter Creek" votes="4" />
                <Precinct name="Patterson" votes="0" />
            </VoteType>
            <VoteType name="Advance in Person" votes="29">
                <Precinct name="Otter Creek" votes="17" />
                <Precinct name="Patterson" votes="12" />
            </VoteType>
            <VoteType name="Provisional" votes="0">
                <Precinct name="Otter Creek" votes="0" />
                <Precinct name="Patterson" votes="0" />
            </VoteType>
        </Choice>
        <Choice key="30" text="S. L. PUTHOFF" totalVotes="22">
            <VoteType name="Election Day" votes="15">
                <Precinct name="Otter Creek" votes="8" />
                <Precinct name="Patterson" votes="7" />
            </VoteType>
            <VoteType name="Absentee by Mail" votes="0">
                <Precinct name="Otter Creek" votes="0" />
                <Precinct name="Patterson" votes="0" />
            </VoteType>
            <VoteType name="Advance in Person" votes="7">
                <Precinct name="Otter Creek" votes="5" />
                <Precinct name="Patterson" votes="2" />
            </VoteType>
            <VoteType name="Provisional" votes="0">
                <Precinct name="Otter Creek" votes="0" />
                <Precinct name="Patterson" votes="0" />
            </VoteType>
        </Choice>
    </Contest>
</ElectionResult>