<?xml version="1.0"?>
<!--Election result snapshot imported from Tabulation System
-->
<ElectionResult>
    <Timestamp>11/14/2016 4:25:03 PM EST</Timestamp>
    <ElectionName>November 8, 2016 - General Election</ElectionName>
    <ElectionDate>11/8/2016</ElectionDate>
    <Region>Toombs</Region>
    <VoterTurnout totalVoters="15146" ballotsCast="9206" voterTurnout="60.78">
        <Precincts>
            <Precinct name="15361 Lyons" totalVoters="3516" ballotsCast="1995" voterTurnout="56.74" percentReporting="4" />
            <Precinct name="39 New Branch" totalVoters="1290" ballotsCast="836" voterTurnout="64.81" percentReporting="4" />
            <Precinct name="43 Cedar Crossing" totalVoters="1305" ballotsCast="806" voterTurnout="61.76" percentReporting="4" />
            <Precinct name="513 V.P.D." totalVoters="5477" ballotsCast="3481" voterTurnout="63.56" percentReporting="4" />
            <Precinct name="514 S.T.I.A.L.C" totalVoters="3558" ballotsCast="2088" voterTurnout="58.68" percentReporting="4" />
        </Precincts>
    </VoterTurnout>
    <Contest key="1" text="President of the United States" isQuestion="false" precinctsReporting="5" precinctsReported="5">
        <VoteType name="Number of Precincts for Race" votes="5">
            <Precinct name="15361 Lyons" votes="1" />
            <Precinct name="39 New Branch" votes="1" />
            <Precinct name="43 Cedar Crossing" votes="1" />
            <Precinct name="513 V.P.D." votes="1" />
            <Precinct name="514 S.T.I.A.L.C" votes="1" />
        </VoteType>
        <VoteType name="Number of Precincts Reporting" votes="5">
            <Precinct name="15361 Lyons" votes="1" />
            <Precinct name="39 New Branch" votes="1" />
            <Precinct name="43 Cedar Crossing" votes="1" />
            <Precinct name="513 V.P.D." votes="1" />
            <Precinct name="514 S.T.I.A.L.C" votes="1" />
        </VoteType>
        <Choice key="10" text="DONALD J. TRUMP" totalVotes="6615">
            <VoteType name="Election Day" votes="2540">
                <Precinct name="15361 Lyons" votes="473" />
                <Precinct name="39 New Branch" votes="375" />
                <Precinct name="43 Cedar Crossing" votes="435" />
                <Precinct name="513 V.P.D." votes="802" />
                <Precinct name="514 S.T.I.A.L.C" votes="455" />
            </VoteType>
            <VoteType name="Absentee by Mail" votes="342">
                <Precinct name="15361 Lyons" votes="70" />
                <Precinct name="39 New Branch" votes="37" />
                <Precinct name="43 Cedar Crossing" votes="25" />
                <Precinct name="513 V.P.D." votes="139" />
                <Precinct name="514 S.T.I.A.L.C" votes="71" />
            </VoteType>
            <VoteType name="Advance in Person" votes="3731">
                <Precinct name="15361 Lyons" votes="910" />
                <Precinct name="39 New Branch" votes="308" />
                <Precinct name="43 Cedar Crossing" votes="257" />
                <Precinct name="513 V.P.D." votes="1453" />
                <Precinct name="514 S.T.I.A.L.C" votes="803" />
            </VoteType>
            <VoteType name="Provisional" votes="2">
                <Precinct name="15361 Lyons" votes="0" />
                <Precinct name="39 New Branch" votes="1" />
                <Precinct name="43 Cedar Crossing" votes="1" />
                <Precinct name="513 V.P.D." votes="0" />
                <Precinct name="514 S.T.I.A.L.C" votes="0" />
            </VoteType>
        </Choice>
        <Choice key="20" text="HILLARY CLINTON" totalVotes="2338">
            <VoteType name="Election Day" votes="1071">
                <Precinct name="15361 Lyons" votes="239" />
                <Precinct name="39 New Branch" votes="48" />
                <Precinct name="43 Cedar Crossing" votes="37" />
                <Precinct name="513 V.P.D." votes="423" />
                <Precinct name="514 S.T.I.A.L.C" votes="324" />
            </VoteType>
            <VoteType name="Absentee by Mail" votes="256">
                <Precinct name="15361 Lyons" votes="32" />
                <Precinct name="39 New Branch" votes="9" />
                <Precinct name="43 Cedar Crossing" votes="4" />
                <Precinct name="513 V.P.D." votes="109" />
                <Precinct name="514 S.T.I.A.L.C" votes="102" />
            </VoteType>
            <VoteType name="Advance in Person" votes="1011">
                <Precinct name="15361 Lyons" votes="217" />
                <Precinct name="39 New Branch" votes="35" />
                <Precinct name="43 Cedar Crossing" votes="30" />
                <Precinct name="513 V.P.D." votes="443" />
                <Precinct name="514 S.T.I.A.L.C" votes="286" />
            </VoteType>
            <VoteType name="Provisional" votes="0">
                <Precinct name="15361 Lyons" votes="0" />
                <Precinct name="39 New Branch" votes="0" />
                <Precinct name="43 Cedar Crossing" votes="0" />
                <Precinct name="513 V.P.D." votes="0" />
                <Precinct name="514 S.T.I.A.L.C" votes="0" />
            </VoteType>
        </Choice>
        <Choice key="30" text="GARY JOHNSON" totalVotes="158">
            <VoteType name="Election Day" votes="87">
                <Precinct name="15361 Lyons" votes="23" />
                <Precinct name="39 New Branch" votes="3" />
                <Precinct name="43 Cedar Crossing" votes="8" />
                <Precinct name="513 V.P.D." votes="35" />
                <Precinct name="514 S.T.I.A.L.C" votes="18" />
            </VoteType>
            <VoteType name="Absentee by Mail" votes="17">
                <Precinct name="15361 Lyons" votes="3" />
                <Precinct name="39 New Branch" votes="1" />
                <Precinct name="43 Cedar Crossing" votes="0" />
                <Precinct name="513 V.P.D." votes="11" />
                <Precinct name="514 S.T.I.A.L.C" votes="2" />
            </VoteType>
            <VoteType name="Advance in Person" votes="54">
                <Precinct name="15361 Lyons" votes="10" />
                <Precinct name="39 New Branch" votes="9" />
                <Precinct name="43 Cedar Crossing" votes="5" />
                <Precinct name="513 V.P.D." votes="19" />
                <Precinct name="514 S.T.I.A.L.C" votes="11" />
            </VoteType>
            <VoteType name="Provisional" votes="0">
                <Precinct name="15361 Lyons" votes="0" />
                <Precinct name="39 New Branch" votes="0" />
                <Precinct name="43 Cedar Crossing" votes="0" />
                <Precinct name="513 V.P.D." votes="0" />
                <Precinct name="514 S.T.I.A.L.C" votes="0" />
            </VoteType>
        </Choice>
    </Contest>
    <Contest key="10" text="United States Senator, Isakson" isQuestion="false" precinctsReporting="5" precinctsReported="5">
        <VoteType name="Number of Precincts for Race" votes="5">
            <Precinct name="15361 Lyons" votes="1" />
            <Precinct name="39 New Branch" votes="1" />
            <Precinct name="43 Cedar Crossing" votes="1" />
            <Precinct name="513 V.P.D." votes="1" />
            <Precinct name="514 S.T.I.A.L.C" votes="1" />
        </VoteType>
        <VoteType name="Number of Precincts Reporting" votes="5">
            <Precinct name="15361 Lyons" votes="1" />
            <Precinct name="39 New Branch" votes="1" />
            <Precinct name="43 Cedar Crossing" votes="1" />
            <Precinct name="513 V.P.D." votes="1" />
            <Precinct name="514 S.T.I.A.L.C" votes="1" />
        </VoteType>
        <Choice key="30" text="JOHNNY ISAKSON (I)" totalVotes="6367">
            <VoteType name="Election Day" votes="2454">
                <Precinct name="15361 Lyons" votes="457" />
                <Precinct name="39 New Branch" votes="348" />
                <Precinct name="43 Cedar Crossing" votes="391" />
                <Precinct name="513 V.P.D." votes="797" />
                <Precinct name="514 S.T.I.A.L.C" votes="461" />
            </VoteType>
            <VoteType name="Absentee by Mail" votes="355">
                <Precinct name="15361 Lyons" votes="71" />
                <Precinct name="39 New Branch" votes="34" />
                <Precinct name="43 Cedar Crossing" votes="27" />
                <Precinct name="513 V.P.D." votes="152" />
                <Precinct name="514 S.T.I.A.L.C" votes="71" />
            </VoteType>
            <VoteType name="Advance in Person" votes="3556">
                <Precinct name="15361 Lyons" votes="851" />
                <Precinct name="39 New Branch" votes="294" />
                <Precinct name="43 Cedar Crossing" votes="240" />
                <Precinct name="513 V.P.D." votes="1398" />
                <Precinct name="514 S.T.I.A.L.C" votes="773" />
            </VoteType>
            <VoteType name="Provisional" votes="2">
                <Precinct name="15361 Lyons" votes="0" />
                <Precinct name="39 New Branch" votes="1" />
                <Precinct name="43 Cedar Crossing" votes="1" />
                <Precinct name="513 V.P.D." votes="0" />
                <Precinct name="514 S.T.I.A.L.C" votes="0" />
            </VoteType>
        </Choice>
        <Choice key="40" text="JIM BARKSDALE" totalVotes="1953">
            <VoteType name="Election Day" votes="885">
                <Precinct name="15361 Lyons" votes="206" />
                <Precinct name="39 New Branch" votes="42" />
                <Precinct name="43 Cedar Crossing" votes="36" />
                <Precinct name="513 V.P.D." votes="340" />
                <Precinct name="514 S.T.I.A.L.C" votes="261" />
            </VoteType>
            <VoteType name="Absentee by Mail" votes="235">
                <Precinct name="15361 Lyons" votes="30" />
                <Precinct name="39 New Branch" votes="10" />
                <Precinct name="43 Cedar Crossing" votes="2" />
                <Precinct name="513 V.P.D." votes="101" />
                <Precinct name="514 S.T.I.A.L.C" votes="92" />
            </VoteType>
            <VoteType name="Advance in Person" votes="833">
                <Precinct name="15361 Lyons" votes="181" />
                <Precinct name="39 New Branch" votes="32" />
                <Precinct name="43 Cedar Crossing" votes="23" />
                <Precinct name="513 V.P.D." votes="358" />
                <Precinct name="514 S.T.I.A.L.C" votes="239" />
            </VoteType>
            <VoteType name="Provisional" votes="0">
                <Precinct name="15361 Lyons" votes="0" />
                <Precinct name="39 New Branch" votes="0" />
                <Precinct name="43 Cedar Crossing" votes="0" />
                <Precinct name="513 V.P.D." votes="0" />
                <Precinct name="514 S.T.I.A.L.C" votes="0" />
            </VoteType>
        </Choice>
        <Choice key="50" text="ALLEN BUCKLEY" totalVotes="248">
            <VoteType name="Election Day" votes="110">
                <Precinct name="15361 Lyons" votes="21" />
                <Precinct name="39 New Branch" votes="14" />
                <Precinct name="43 Cedar Crossing" votes="13" />
                <Precinct name="513 V.P.D." votes="43" />
                <Precinct name="514 S.T.I.A.L.C" votes="19" />
            </VoteType>
            <VoteType name="Absentee by Mail" votes="18">
                <Precinct name="15361 Lyons" votes="1" />
                <Precinct name="39 New Branch" votes="2" />
                <Precinct name="43 Cedar Crossing" votes="0" />
                <Precinct name="513 V.P.D." votes="9" />
                <Precinct name="514 S.T.I.A.L.C" votes="6" />
            </VoteType>
            <VoteType name="Advance in Person" votes="120">
                <Precinct name="15361 Lyons" votes="35" />
                <Precinct name="39 New Branch" votes="8" />
                <Precinct name="43 Cedar Crossing" votes="5" />
                <Precinct name="513 V.P.D." votes="40" />
                <Precinct name="514 S.T.I.A.L.C" votes="32" />
            </VoteType>
            <VoteType name="Provisional" votes="0">
                <Precinct name="15361 Lyons" votes="0" />
                <Precinct name="39 New Branch" votes="0" />
                <Precinct name="43 Cedar Crossing" votes="0" />
                <Precinct name="513 V.P.D." votes="0" />
                <Precinct name="514 S.T.I.A.L.C" votes="0" />
            </VoteType>
        </Choice>
    </Contest>
    <Contest key="30" text="Public Service Commission, District 2 - Eastern" isQuestion="false" precinctsReporting="5" precinctsReported="5">
        <VoteType name="Number of Precincts for Race" votes="5">
            <Precinct name="15361 Lyons" votes="1" />
            <Precinct name="39 New Branch" votes="1" />
            <Precinct name="43 Cedar Crossing" votes="1" />
            <Precinct name="513 V.P.D." votes="1" />
            <Precinct name="514 S.T.I.A.L.C" votes="1" />
        </VoteType>
        <VoteType name="Number of Precincts Reporting" votes="5">
            <Precinct name="15361 Lyons" votes="1" />
            <Precinct name="39 New Branch" votes="1" />
            <Precinct name="43 Cedar Crossing" votes="1" />
            <Precinct name="513 V.P.D." votes="1" />
            <Precinct name="514 S.T.I.A.L.C" votes="1" />
        </VoteType>
        <Choice key="20" text="TIM ECHOLS (I)" totalVotes="6545">
            <VoteType name="Election Day" votes="2544">
                <Precinct name="15361 Lyons" votes="492" />
                <Precinct name="39 New Branch" votes="334" />
                <Precinct name="43 Cedar Crossing" votes="388" />
                <Precinct name="513 V.P.D." votes="841" />
                <Precinct name="514 S.T.I.A.L.C" votes="489" />
            </VoteType>
            <VoteType name="Absentee by Mail" votes="380">
                <Precinct name="15361 Lyons" votes="77" />
                <Precinct name="39 New Branch" votes="37" />
                <Precinct name="43 Cedar Crossing" votes="28" />
                <Precinct name="513 V.P.D." votes="157" />
                <Precinct name="514 S.T.I.A.L.C" votes="81" />
            </VoteType>
            <VoteType name="Advance in Person" votes="3619">
                <Precinct name="15361 Lyons" votes="845" />
                <Precinct name="39 New Branch" votes="282" />
                <Precinct name="43 Cedar Crossing" votes="237" />
                <Precinct name="513 V.P.D." votes="1443" />
                <Precinct name="514 S.T.I.A.L.C" votes="812" />
            </VoteType>
            <VoteType name="Provisional" votes="2">
                <Precinct name="15361 Lyons" votes="0" />
                <Precinct name="39 New Branch" votes="1" />
                <Precinct name="43 Cedar Crossing" votes="1" />
                <Precinct name="513 V.P.D." votes="0" />
                <Precinct name="514 S.T.I.A.L.C" votes="0" />
            </VoteType>
        </Choice>
        <Choice key="30" text="ERIC HOSKINS" totalVotes="1373">
            <VoteType name="Election Day" votes="670">
                <Precinct name="15361 Lyons" votes="151" />
                <Precinct name="39 New Branch" votes="44" />
                <Precinct name="43 Cedar Crossing" votes="40" />
                <Precinct name="513 V.P.D." votes="258" />
                <Precinct name="514 S.T.I.A.L.C" votes="177" />
            </VoteType>
            <VoteType name="Absentee by Mail" votes="109">
                <Precinct name="15361 Lyons" votes="19" />
                <Precinct name="39 New Branch" votes="6" />
                <Precinct name="43 Cedar Crossing" votes="1" />
                <Precinct name="513 V.P.D." votes="44" />
                <Precinct name="514 S.T.I.A.L.C" votes="39" />
            </VoteType>
            <VoteType name="Advance in Person" votes="594">
                <Precinct name="15361 Lyons" votes="142" />
                <Precinct name="39 New Branch" votes="35" />
                <Precinct name="43 Cedar Crossing" votes="20" />
                <Precinct name="513 V.P.D." votes="238" />
                <Precinct name="514 S.T.I.A.L.C" votes="159" />
            </VoteType>
            <VoteType name="Provisional" votes="0">
                <Precinct name="15361 Lyons" votes="0" />
                <Precinct name="39 New Branch" votes="0" />
                <Precinct name="43 Cedar Crossing" votes="0" />
                <Precinct name="513 V.P.D." votes="0" />
                <Precinct name="514 S.T.I.A.L.C" votes="0" />
            </VoteType>
        </Choice>
    </Contest>
    <Contest key="50" text="U.S. Representative, District 12" isQuestion="false" precinctsReporting="5" precinctsReported="5">
        <VoteType name="Number of Precincts for Race" votes="5">
            <Precinct name="15361 Lyons" votes="1" />
            <Precinct name="39 New Branch" votes="1" />
            <Precinct name="43 Cedar Crossing" votes="1" />
            <Precinct name="513 V.P.D." votes="1" />
            <Precinct name="514 S.T.I.A.L.C" votes="1" />
        </VoteType>
        <VoteType name="Number of Precincts Reporting" votes="5">
            <Precinct name="15361 Lyons" votes="1" />
            <Precinct name="39 New Branch" votes="1" />
            <Precinct name="43 Cedar Crossing" votes="1" />
            <Precinct name="513 V.P.D." votes="1" />
            <Precinct name="514 S.T.I.A.L.C" votes="1" />
        </VoteType>
        <Choice key="10" text="RICK ALLEN (I)" totalVotes="6589">
            <VoteType name="Election Day" votes="2555">
                <Precinct name="15361 Lyons" votes="494" />
                <Precinct name="39 New Branch" votes="355" />
                <Precinct name="43 Cedar Crossing" votes="413" />
                <Precinct name="513 V.P.D." votes="828" />
                <Precinct name="514 S.T.I.A.L.C" votes="465" />
            </VoteType>
            <VoteType name="Absentee by Mail" votes="368">
                <Precinct name="15361 Lyons" votes="74" />
                <Precinct name="39 New Branch" votes="36" />
                <Precinct name="43 Cedar Crossing" votes="25" />
                <Precinct name="513 V.P.D." votes="159" />
                <Precinct name="514 S.T.I.A.L.C" votes="74" />
            </VoteType>
            <VoteType name="Advance in Person" votes="3664">
                <Precinct name="15361 Lyons" votes="872" />
                <Precinct name="39 New Branch" votes="304" />
                <Precinct name="43 Cedar Crossing" votes="256" />
                <Precinct name="513 V.P.D." votes="1439" />
                <Precinct name="514 S.T.I.A.L.C" votes="793" />
            </VoteType>
            <VoteType name="Provisional" votes="2">
                <Precinct name="15361 Lyons" votes="0" />
                <Precinct name="39 New Branch" votes="1" />
                <Precinct name="43 Cedar Crossing" votes="1" />
                <Precinct name="513 V.P.D." votes="0" />
                <Precinct name="514 S.T.I.A.L.C" votes="0" />
            </VoteType>
        </Choice>
        <Choice key="20" text="PATRICIA C. MCCRACKEN" totalVotes="2091">
            <VoteType name="Election Day" votes="967">
                <Precinct name="15361 Lyons" votes="210" />
                <Precinct name="39 New Branch" votes="47" />
                <Precinct name="43 Cedar Crossing" votes="42" />
                <Precinct name="513 V.P.D." votes="376" />
                <Precinct name="514 S.T.I.A.L.C" votes="292" />
            </VoteType>
            <VoteType name="Absentee by Mail" votes="227">
                <Precinct name="15361 Lyons" votes="26" />
                <Precinct name="39 New Branch" votes="10" />
                <Precinct name="43 Cedar Crossing" votes="4" />
                <Precinct name="513 V.P.D." votes="96" />
                <Precinct name="514 S.T.I.A.L.C" votes="91" />
            </VoteType>
            <VoteType name="Advance in Person" votes="897">
                <Precinct name="15361 Lyons" votes="196" />
                <Precinct name="39 New Branch" votes="34" />
                <Precinct name="43 Cedar Crossing" votes="20" />
                <Precinct name="513 V.P.D." votes="393" />
                <Precinct name="514 S.T.I.A.L.C" votes="254" />
            </VoteType>
            <VoteType name="Provisional" votes="0">
                <Precinct name="15361 Lyons" votes="0" />
                <Precinct name="39 New Branch" votes="0" />
                <Precinct name="43 Cedar Crossing" votes="0" />
                <Precinct name="513 V.P.D." votes="0" />
                <Precinct name="514 S.T.I.A.L.C" votes="0" />
            </VoteType>
        </Choice>
    </Contest>
    <Contest key="70" text="State Senator, District 19" isQuestion="false" precinctsReporting="5" precinctsReported="5">
        <VoteType name="Number of Precincts for Race" votes="5">
            <Precinct name="15361 Lyons" votes="1" />
            <Precinct name="39 New Branch" votes="1" />
            <Precinct name="43 Cedar Crossing" votes="1" />
            <Precinct name="513 V.P.D." votes="1" />
            <Precinct name="514 S.T.I.A.L.C" votes="1" />
        </VoteType>
        <VoteType name="Number of Precincts Reporting" votes="5">
            <Precinct name="15361 Lyons" votes="1" />
            <Precinct name="39 New Branch" votes="1" />
            <Precinct name="43 Cedar Crossing" votes="1" />
            <Precinct name="513 V.P.D." votes="1" />
            <Precinct name="514 S.T.I.A.L.C" votes="1" />
        </VoteType>
        <Choice key="30" text="BLAKE TILLERY" totalVotes="7342">
            <VoteType name="Election Day" votes="2948">
                <Precinct name="15361 Lyons" votes="593" />
                <Precinct name="39 New Branch" votes="350" />
                <Precinct name="43 Cedar Crossing" votes="375" />
                <Precinct name="513 V.P.D." votes="1025" />
                <Precinct name="514 S.T.I.A.L.C" votes="605" />
            </VoteType>
            <VoteType name="Absentee by Mail" votes="419">
                <Precinct name="15361 Lyons" votes="83" />
                <Precinct name="39 New Branch" votes="38" />
                <Precinct name="43 Cedar Crossing" votes="26" />
                <Precinct name="513 V.P.D." votes="176" />
                <Precinct name="514 S.T.I.A.L.C" votes="96" />
            </VoteType>
            <VoteType name="Advance in Person" votes="3974">
                <Precinct name="15361 Lyons" votes="933" />
                <Precinct name="39 New Branch" votes="291" />
                <Precinct name="43 Cedar Crossing" votes="238" />
                <Precinct name="513 V.P.D." votes="1626" />
                <Precinct name="514 S.T.I.A.L.C" votes="886" />
            </VoteType>
            <VoteType name="Provisional" votes="1">
                <Precinct name="15361 Lyons" votes="0" />
                <Precinct name="39 New Branch" votes="1" />
                <Precinct name="43 Cedar Crossing" votes="0" />
                <Precinct name="513 V.P.D." votes="0" />
                <Precinct name="514 S.T.I.A.L.C" votes="0" />
            </VoteType>
        </Choice>
    </Contest>
    <Contest key="90" text="State Representative, District 156" isQuestion="false" precinctsReporting="5" precinctsReported="5">
        <VoteType name="Number of Precincts for Race" votes="5">
            <Precinct name="15361 Lyons" votes="1" />
            <Precinct name="39 New Branch" votes="1" />
            <Precinct name="43 Cedar Crossing" votes="1" />
            <Precinct name="513 V.P.D." votes="1" />
            <Precinct name="514 S.T.I.A.L.C" votes="1" />
        </VoteType>
        <VoteType name="Number of Precincts Reporting" votes="5">
            <Precinct name="15361 Lyons" votes="1" />
            <Precinct name="39 New Branch" votes="1" />
            <Precinct name="43 Cedar Crossing" votes="1" />
            <Precinct name="513 V.P.D." votes="1" />
            <Precinct name="514 S.T.I.A.L.C" votes="1" />
        </VoteType>
        <Choice key="20" text="GREG MORRIS (I)" totalVotes="7233">
            <VoteType name="Election Day" votes="2936">
                <Precinct name="15361 Lyons" votes="593" />
                <Precinct name="39 New Branch" votes="357" />
                <Precinct name="43 Cedar Crossing" votes="388" />
                <Precinct name="513 V.P.D." votes="1003" />
                <Precinct name="514 S.T.I.A.L.C" votes="595" />
            </VoteType>
            <VoteType name="Absentee by Mail" votes="413">
                <Precinct name="15361 Lyons" votes="81" />
                <Precinct name="39 New Branch" votes="38" />
                <Precinct name="43 Cedar Crossing" votes="27" />
                <Precinct name="513 V.P.D." votes="175" />
                <Precinct name="514 S.T.I.A.L.C" votes="92" />
            </VoteType>
            <VoteType name="Advance in Person" votes="3883">
                <Precinct name="15361 Lyons" votes="922" />
                <Precinct name="39 New Branch" votes="291" />
                <Precinct name="43 Cedar Crossing" votes="236" />
                <Precinct name="513 V.P.D." votes="1564" />
                <Precinct name="514 S.T.I.A.L.C" votes="870" />
            </VoteType>
            <VoteType name="Provisional" votes="1">
                <Precinct name="15361 Lyons" votes="0" />
                <Precinct name="39 New Branch" votes="1" />
                <Precinct name="43 Cedar Crossing" votes="0" />
                <Precinct name="513 V.P.D." votes="0" />
                <Precinct name="514 S.T.I.A.L.C" votes="0" />
            </VoteType>
        </Choice>
    </Contest>
    <Contest key="110" text="District Attorney, Middle Circuit" isQuestion="false" precinctsReporting="5" precinctsReported="5">
        <VoteType name="Number of Precincts for Race" votes="5">
            <Precinct name="15361 Lyons" votes="1" />
            <Precinct name="39 New Branch" votes="1" />
            <Precinct name="43 Cedar Crossing" votes="1" />
            <Precinct name="513 V.P.D." votes="1" />
            <Precinct name="514 S.T.I.A.L.C" votes="1" />
        </VoteType>
        <VoteType name="Number of Precincts Reporting" votes="5">
            <Precinct name="15361 Lyons" votes="1" />
            <Precinct name="39 New Branch" votes="1" />
            <Precinct name="43 Cedar Crossing" votes="1" />
            <Precinct name="513 V.P.D." votes="1" />
            <Precinct name="514 S.T.I.A.L.C" votes="1" />
        </VoteType>
        <Choice key="10" text="HAYWARD ALTMAN (I)" totalVotes="7181">
            <VoteType name="Election Day" votes="2882">
                <Precinct name="15361 Lyons" votes="582" />
                <Precinct name="39 New Branch" votes="345" />
                <Precinct name="43 Cedar Crossing" votes="383" />
                <Precinct name="513 V.P.D." votes="990" />
                <Precinct name="514 S.T.I.A.L.C" votes="582" />
            </VoteType>
            <VoteType name="Absentee by Mail" votes="412">
                <Precinct name="15361 Lyons" votes="79" />
                <Precinct name="39 New Branch" votes="38" />
                <Precinct name="43 Cedar Crossing" votes="27" />
                <Precinct name="513 V.P.D." votes="175" />
                <Precinct name="514 S.T.I.A.L.C" votes="93" />
            </VoteType>
            <VoteType name="Advance in Person" votes="3886">
                <Precinct name="15361 Lyons" votes="924" />
                <Precinct name="39 New Branch" votes="289" />
                <Precinct name="43 Cedar Crossing" votes="234" />
                <Precinct name="513 V.P.D." votes="1557" />
                <Precinct name="514 S.T.I.A.L.C" votes="882" />
            </VoteType>
            <VoteType name="Provisional" votes="1">
                <Precinct name="15361 Lyons" votes="0" />
                <Precinct name="39 New Branch" votes="1" />
                <Precinct name="43 Cedar Crossing" votes="0" />
                <Precinct name="513 V.P.D." votes="0" />
                <Precinct name="514 S.T.I.A.L.C" votes="0" />
            </VoteType>
        </Choice>
    </Contest>
    <Contest key="130" text="CLERK, SUPERIOR COURT" isQuestion="false" precinctsReporting="5" precinctsReported="5">
        <VoteType name="Number of Precincts for Race" votes="5">
            <Precinct name="15361 Lyons" votes="1" />
            <Precinct name="39 New Branch" votes="1" />
            <Precinct name="43 Cedar Crossing" votes="1" />
            <Precinct name="513 V.P.D." votes="1" />
            <Precinct name="514 S.T.I.A.L.C" votes="1" />
        </VoteType>
        <VoteType name="Number of Precincts Reporting" votes="5">
            <Precinct name="15361 Lyons" votes="1" />
            <Precinct name="39 New Branch" votes="1" />
            <Precinct name="43 Cedar Crossing" votes="1" />
            <Precinct name="513 V.P.D." votes="1" />
            <Precinct name="514 S.T.I.A.L.C" votes="1" />
        </VoteType>
        <Choice key="10" text="N. T. PITTMAN (R)" totalVotes="7244">
            <VoteType name="Election Day" votes="2896">
                <Precinct name="15361 Lyons" votes="581" />
                <Precinct name="39 New Branch" votes="352" />
                <Precinct name="43 Cedar Crossing" votes="382" />
                <Precinct name="513 V.P.D." votes="1001" />
                <Precinct name="514 S.T.I.A.L.C" votes="580" />
            </VoteType>
            <VoteType name="Absentee by Mail" votes="419">
                <Precinct name="15361 Lyons" votes="81" />
                <Precinct name="39 New Branch" votes="39" />
                <Precinct name="43 Cedar Crossing" votes="27" />
                <Precinct name="513 V.P.D." votes="176" />
                <Precinct name="514 S.T.I.A.L.C" votes="96" />
            </VoteType>
            <VoteType name="Advance in Person" votes="3928">
                <Precinct name="15361 Lyons" votes="946" />
                <Precinct name="39 New Branch" votes="284" />
                <Precinct name="43 Cedar Crossing" votes="242" />
                <Precinct name="513 V.P.D." votes="1567" />
                <Precinct name="514 S.T.I.A.L.C" votes="889" />
            </VoteType>
            <VoteType name="Provisional" votes="1">
                <Precinct name="15361 Lyons" votes="0" />
                <Precinct name="39 New Branch" votes="1" />
                <Precinct name="43 Cedar Crossing" votes="0" />
                <Precinct name="513 V.P.D." votes="0" />
                <Precinct name="514 S.T.I.A.L.C" votes="0" />
            </VoteType>
        </Choice>
    </Contest>
    <Contest key="150" text="SHERIFF" isQuestion="false" precinctsReporting="5" precinctsReported="5">
        <VoteType name="Number of Precincts for Race" votes="5">
            <Precinct name="15361 Lyons" votes="1" />
            <Precinct name="39 New Branch" votes="1" />
            <Precinct name="43 Cedar Crossing" votes="1" />
            <Precinct name="513 V.P.D." votes="1" />
            <Precinct name="514 S.T.I.A.L.C" votes="1" />
        </VoteType>
        <VoteType name="Number of Precincts Reporting" votes="5">
            <Precinct name="15361 Lyons" votes="1" />
            <Precinct name="39 New Branch" votes="1" />
            <Precinct name="43 Cedar Crossing" votes="1" />
            <Precinct name="513 V.P.D." votes="1" />
            <Precinct name="514 S.T.I.A.L.C" votes="1" />
        </VoteType>
        <Choice key="10" text="A. J. KIGHT (I) R" totalVotes="7612">
            <VoteType name="Election Day" votes="3076">
                <Precinct name="15361 Lyons" votes="625" />
                <Precinct name="39 New Branch" votes="362" />
                <Precinct name="43 Cedar Crossing" votes="397" />
                <Precinct name="513 V.P.D." votes="1052" />
                <Precinct name="514 S.T.I.A.L.C" votes="640" />
            </VoteType>
            <VoteType name="Absentee by Mail" votes="435">
                <Precinct name="15361 Lyons" votes="86" />
                <Precinct name="39 New Branch" votes="38" />
                <Precinct name="43 Cedar Crossing" votes="26" />
                <Precinct name="513 V.P.D." votes="183" />
                <Precinct name="514 S.T.I.A.L.C" votes="102" />
            </VoteType>
            <VoteType name="Advance in Person" votes="4100">
                <Precinct name="15361 Lyons" votes="987" />
                <Precinct name="39 New Branch" votes="297" />
                <Precinct name="43 Cedar Crossing" votes="253" />
                <Precinct name="513 V.P.D." votes="1639" />
                <Precinct name="514 S.T.I.A.L.C" votes="924" />
            </VoteType>
            <VoteType name="Provisional" votes="1">
                <Precinct name="15361 Lyons" votes="0" />
                <Precinct name="39 New Branch" votes="1" />
                <Precinct name="43 Cedar Crossing" votes="0" />
                <Precinct name="513 V.P.D." votes="0" />
                <Precinct name="514 S.T.I.A.L.C" votes="0" />
            </VoteType>
        </Choice>
    </Contest>
    <Contest key="170" text="TAX COMMISSIONER" isQuestion="false" precinctsReporting="5" precinctsReported="5">
        <VoteType name="Number of Precincts for Race" votes="5">
            <Precinct name="15361 Lyons" votes="1" />
            <Precinct name="39 New Branch" votes="1" />
            <Precinct name="43 Cedar Crossing" votes="1" />
            <Precinct name="513 V.P.D." votes="1" />
            <Precinct name="514 S.T.I.A.L.C" votes="1" />
        </VoteType>
        <VoteType name="Number of Precincts Reporting" votes="5">
            <Precinct name="15361 Lyons" votes="1" />
            <Precinct name="39 New Branch" votes="1" />
            <Precinct name="43 Cedar Crossing" votes="1" />
            <Precinct name="513 V.P.D." votes="1" />
            <Precinct name="514 S.T.I.A.L.C" votes="1" />
        </VoteType>
        <Choice key="10" text="B. O. WILLIAMS (I) R" totalVotes="7510">
            <VoteType name="Election Day" votes="3034">
                <Precinct name="15361 Lyons" votes="614" />
                <Precinct name="39 New Branch" votes="363" />
                <Precinct name="43 Cedar Crossing" votes="405" />
                <Precinct name="513 V.P.D." votes="1039" />
                <Precinct name="514 S.T.I.A.L.C" votes="613" />
            </VoteType>
            <VoteType name="Absentee by Mail" votes="423">
                <Precinct name="15361 Lyons" votes="81" />
                <Precinct name="39 New Branch" votes="36" />
                <Precinct name="43 Cedar Crossing" votes="27" />
                <Precinct name="513 V.P.D." votes="185" />
                <Precinct name="514 S.T.I.A.L.C" votes="94" />
            </VoteType>
            <VoteType name="Advance in Person" votes="4052">
                <Precinct name="15361 Lyons" votes="975" />
                <Precinct name="39 New Branch" votes="299" />
                <Precinct name="43 Cedar Crossing" votes="251" />
                <Precinct name="513 V.P.D." votes="1612" />
                <Precinct name="514 S.T.I.A.L.C" votes="915" />
            </VoteType>
            <VoteType name="Provisional" votes="1">
                <Precinct name="15361 Lyons" votes="0" />
                <Precinct name="39 New Branch" votes="1" />
                <Precinct name="43 Cedar Crossing" votes="0" />
                <Precinct name="513 V.P.D." votes="0" />
                <Precinct name="514 S.T.I.A.L.C" votes="0" />
            </VoteType>
        </Choice>
    </Contest>
    <Contest key="190" text="CORONER" isQuestion="false" precinctsReporting="5" precinctsReported="5">
        <VoteType name="Number of Precincts for Race" votes="5">
            <Precinct name="15361 Lyons" votes="1" />
            <Precinct name="39 New Branch" votes="1" />
            <Precinct name="43 Cedar Crossing" votes="1" />
            <Precinct name="513 V.P.D." votes="1" />
            <Precinct name="514 S.T.I.A.L.C" votes="1" />
        </VoteType>
        <VoteType name="Number of Precincts Reporting" votes="5">
            <Precinct name="15361 Lyons" votes="1" />
            <Precinct name="39 New Branch" votes="1" />
            <Precinct name="43 Cedar Crossing" votes="1" />
            <Precinct name="513 V.P.D." votes="1" />
            <Precinct name="514 S.T.I.A.L.C" votes="1" />
        </VoteType>
        <Choice key="10" text="R. V. HALL (I) R" totalVotes="7738">
            <VoteType name="Election Day" votes="3129">
                <Precinct name="15361 Lyons" votes="634" />
                <Precinct name="39 New Branch" votes="372" />
                <Precinct name="43 Cedar Crossing" votes="411" />
                <Precinct name="513 V.P.D." votes="1065" />
                <Precinct name="514 S.T.I.A.L.C" votes="647" />
            </VoteType>
            <VoteType name="Absentee by Mail" votes="439">
                <Precinct name="15361 Lyons" votes="84" />
                <Precinct name="39 New Branch" votes="39" />
                <Precinct name="43 Cedar Crossing" votes="27" />
                <Precinct name="513 V.P.D." votes="191" />
                <Precinct name="514 S.T.I.A.L.C" votes="98" />
            </VoteType>
            <VoteType name="Advance in Person" votes="4169">
                <Precinct name="15361 Lyons" votes="993" />
                <Precinct name="39 New Branch" votes="309" />
                <Precinct name="43 Cedar Crossing" votes="259" />
                <Precinct name="513 V.P.D." votes="1670" />
                <Precinct name="514 S.T.I.A.L.C" votes="938" />
            </VoteType>
            <VoteType name="Provisional" votes="1">
                <Precinct name="15361 Lyons" votes="0" />
                <Precinct name="39 New Branch" votes="1" />
                <Precinct name="43 Cedar Crossing" votes="0" />
                <Precinct name="513 V.P.D." votes="0" />
                <Precinct name="514 S.T.I.A.L.C" votes="0" />
            </VoteType>
        </Choice>
    </Contest>
    <Contest key="210" text="SOLICITOR" isQuestion="false" precinctsReporting="5" precinctsReported="5">
        <VoteType name="Number of Precincts for Race" votes="5">
            <Precinct name="15361 Lyons" votes="1" />
            <Precinct name="39 New Branch" votes="1" />
            <Precinct name="43 Cedar Crossing" votes="1" />
            <Precinct name="513 V.P.D." votes="1" />
            <Precinct name="514 S.T.I.A.L.C" votes="1" />
        </VoteType>
        <VoteType name="Number of Precincts Reporting" votes="5">
            <Precinct name="15361 Lyons" votes="1" />
            <Precinct name="39 New Branch" votes="1" />
            <Precinct name="43 Cedar Crossing" votes="1" />
            <Precinct name="513 V.P.D." votes="1" />
            <Precinct name="514 S.T.I.A.L.C" votes="1" />
        </VoteType>
        <Choice key="10" text="J. D. FRANKLIN (I) R" totalVotes="7132">
            <VoteType name="Election Day" votes="2869">
                <Precinct name="15361 Lyons" votes="582" />
                <Precinct name="39 New Branch" votes="348" />
                <Precinct name="43 Cedar Crossing" votes="368" />
                <Precinct name="513 V.P.D." votes="986" />
                <Precinct name="514 S.T.I.A.L.C" votes="585" />
            </VoteType>
            <VoteType name="Absentee by Mail" votes="413">
                <Precinct name="15361 Lyons" votes="80" />
                <Precinct name="39 New Branch" votes="37" />
                <Precinct name="43 Cedar Crossing" votes="27" />
                <Precinct name="513 V.P.D." votes="175" />
                <Precinct name="514 S.T.I.A.L.C" votes="94" />
            </VoteType>
            <VoteType name="Advance in Person" votes="3849">
                <Precinct name="15361 Lyons" votes="917" />
                <Precinct name="39 New Branch" votes="283" />
                <Precinct name="43 Cedar Crossing" votes="237" />
                <Precinct name="513 V.P.D." votes="1536" />
                <Precinct name="514 S.T.I.A.L.C" votes="876" />
            </VoteType>
            <VoteType name="Provisional" votes="1">
                <Precinct name="15361 Lyons" votes="0" />
                <Precinct name="39 New Branch" votes="1" />
                <Precinct name="43 Cedar Crossing" votes="0" />
                <Precinct name="513 V.P.D." votes="0" />
                <Precinct name="514 S.T.I.A.L.C" votes="0" />
            </VoteType>
        </Choice>
    </Contest>
    <Contest key="230" text="CHAIR CC" isQuestion="false" precinctsReporting="5" precinctsReported="5">
        <VoteType name="Number of Precincts for Race" votes="5">
            <Precinct name="15361 Lyons" votes="1" />
            <Precinct name="39 New Branch" votes="1" />
            <Precinct name="43 Cedar Crossing" votes="1" />
            <Precinct name="513 V.P.D." votes="1" />
            <Precinct name="514 S.T.I.A.L.C" votes="1" />
        </VoteType>
        <VoteType name="Number of Precincts Reporting" votes="5">
            <Precinct name="15361 Lyons" votes="1" />
            <Precinct name="39 New Branch" votes="1" />
            <Precinct name="43 Cedar Crossing" votes="1" />
            <Precinct name="513 V.P.D." votes="1" />
            <Precinct name="514 S.T.I.A.L.C" votes="1" />
        </VoteType>
        <Choice key="10" text="D. SIKES (R)" totalVotes="7235">
            <VoteType name="Election Day" votes="2924">
                <Precinct name="15361 Lyons" votes="592" />
                <Precinct name="39 New Branch" votes="351" />
                <Precinct name="43 Cedar Crossing" votes="387" />
                <Precinct name="513 V.P.D." votes="1005" />
                <Precinct name="514 S.T.I.A.L.C" votes="589" />
            </VoteType>
            <VoteType name="Absentee by Mail" votes="391">
                <Precinct name="15361 Lyons" votes="76" />
                <Precinct name="39 New Branch" votes="32" />
                <Precinct name="43 Cedar Crossing" votes="24" />
                <Precinct name="513 V.P.D." votes="163" />
                <Precinct name="514 S.T.I.A.L.C" votes="96" />
            </VoteType>
            <VoteType name="Advance in Person" votes="3919">
                <Precinct name="15361 Lyons" votes="936" />
                <Precinct name="39 New Branch" votes="293" />
                <Precinct name="43 Cedar Crossing" votes="237" />
                <Precinct name="513 V.P.D." votes="1570" />
                <Precinct name="514 S.T.I.A.L.C" votes="883" />
            </VoteType>
            <VoteType name="Provisional" votes="1">
                <Precinct name="15361 Lyons" votes="0" />
                <Precinct name="39 New Branch" votes="1" />
                <Precinct name="43 Cedar Crossing" votes="0" />
                <Precinct name="513 V.P.D." votes="0" />
                <Precinct name="514 S.T.I.A.L.C" votes="0" />
            </VoteType>
        </Choice>
    </Contest>
    <Contest key="250" text="CC, D2" isQuestion="false" precinctsReporting="2" precinctsReported="2">
        <VoteType name="Number of Precincts for Race" votes="2">
            <Precinct name="513 V.P.D." votes="1" />
            <Precinct name="514 S.T.I.A.L.C" votes="1" />
        </VoteType>
        <VoteType name="Number of Precincts Reporting" votes="2">
            <Precinct name="513 V.P.D." votes="1" />
            <Precinct name="514 S.T.I.A.L.C" votes="1" />
        </VoteType>
        <Choice key="10" text="W. H. DIXON (I) R" totalVotes="2284">
            <VoteType name="Election Day" votes="857">
                <Precinct name="513 V.P.D." votes="703" />
                <Precinct name="514 S.T.I.A.L.C" votes="154" />
            </VoteType>
            <VoteType name="Absentee by Mail" votes="138">
                <Precinct name="513 V.P.D." votes="127" />
                <Precinct name="514 S.T.I.A.L.C" votes="11" />
            </VoteType>
            <VoteType name="Advance in Person" votes="1289">
                <Precinct name="513 V.P.D." votes="1079" />
                <Precinct name="514 S.T.I.A.L.C" votes="210" />
            </VoteType>
            <VoteType name="Provisional" votes="0">
                <Precinct name="513 V.P.D." votes="0" />
                <Precinct name="514 S.T.I.A.L.C" votes="0" />
            </VoteType>
        </Choice>
    </Contest>
    <Contest key="270" text="CC, D3" isQuestion="false" precinctsReporting="3" precinctsReported="3">
        <VoteType name="Number of Precincts for Race" votes="3">
            <Precinct name="15361 Lyons" votes="1" />
            <Precinct name="39 New Branch" votes="1" />
            <Precinct name="514 S.T.I.A.L.C" votes="1" />
        </VoteType>
        <VoteType name="Number of Precincts Reporting" votes="3">
            <Precinct name="15361 Lyons" votes="1" />
            <Precinct name="39 New Branch" votes="1" />
            <Precinct name="514 S.T.I.A.L.C" votes="1" />
        </VoteType>
        <Choice key="10" text="D. NOBLES (I) R" totalVotes="1921">
            <VoteType name="Election Day" votes="726">
                <Precinct name="15361 Lyons" votes="349" />
                <Precinct name="39 New Branch" votes="158" />
                <Precinct name="514 S.T.I.A.L.C" votes="219" />
            </VoteType>
            <VoteType name="Absentee by Mail" votes="76">
                <Precinct name="15361 Lyons" votes="42" />
                <Precinct name="39 New Branch" votes="11" />
                <Precinct name="514 S.T.I.A.L.C" votes="23" />
            </VoteType>
            <VoteType name="Advance in Person" votes="1118">
                <Precinct name="15361 Lyons" votes="632" />
                <Precinct name="39 New Branch" votes="89" />
                <Precinct name="514 S.T.I.A.L.C" votes="397" />
            </VoteType>
            <VoteType name="Provisional" votes="1">
                <Precinct name="15361 Lyons" votes="0" />
                <Precinct name="39 New Branch" votes="1" />
                <Precinct name="514 S.T.I.A.L.C" votes="0" />
            </VoteType>
        </Choice>
    </Contest>
    <Contest key="280" text="Constitutional Amendment #1&lt;br&gt;Provides greater flexibility and state accountability to fix failing schools through increasing community involvement." isQuestion="false" precinctsReporting="5" precinctsReported="5">
        <VoteType name="Number of Precincts for Race" votes="5">
            <Precinct name="15361 Lyons" votes="1" />
            <Precinct name="39 New Branch" votes="1" />
            <Precinct name="43 Cedar Crossing" votes="1" />
            <Precinct name="513 V.P.D." votes="1" />
            <Precinct name="514 S.T.I.A.L.C" votes="1" />
        </VoteType>
        <VoteType name="Number of Precincts Reporting" votes="5">
            <Precinct name="15361 Lyons" votes="1" />
            <Precinct name="39 New Branch" votes="1" />
            <Precinct name="43 Cedar Crossing" votes="1" />
            <Precinct name="513 V.P.D." votes="1" />
            <Precinct name="514 S.T.I.A.L.C" votes="1" />
        </VoteType>
        <Choice key="10" text="YES" totalVotes="2991">
            <VoteType name="Election Day" votes="1251">
                <Precinct name="15361 Lyons" votes="306" />
                <Precinct name="39 New Branch" votes="116" />
                <Precinct name="43 Cedar Crossing" votes="136" />
                <Precinct name="513 V.P.D." votes="417" />
                <Precinct name="514 S.T.I.A.L.C" votes="276" />
            </VoteType>
            <VoteType name="Absentee by Mail" votes="231">
                <Precinct name="15361 Lyons" votes="39" />
                <Precinct name="39 New Branch" votes="19" />
                <Precinct name="43 Cedar Crossing" votes="14" />
                <Precinct name="513 V.P.D." votes="103" />
                <Precinct name="514 S.T.I.A.L.C" votes="56" />
            </VoteType>
            <VoteType name="Advance in Person" votes="1509">
                <Precinct name="15361 Lyons" votes="375" />
                <Precinct name="39 New Branch" votes="92" />
                <Precinct name="43 Cedar Crossing" votes="91" />
                <Precinct name="513 V.P.D." votes="609" />
                <Precinct name="514 S.T.I.A.L.C" votes="342" />
            </VoteType>
            <VoteType name="Provisional" votes="0">
                <Precinct name="15361 Lyons" votes="0" />
                <Precinct name="39 New Branch" votes="0" />
                <Precinct name="43 Cedar Crossing" votes="0" />
                <Precinct name="513 V.P.D." votes="0" />
                <Precinct name="514 S.T.I.A.L.C" votes="0" />
            </VoteType>
        </Choice>
        <Choice key="20" text="NO" totalVotes="5868">
            <VoteType name="Election Day" votes="2357">
                <Precinct name="15361 Lyons" votes="414" />
                <Precinct name="39 New Branch" votes="298" />
                <Precinct name="43 Cedar Crossing" votes="328" />
                <Precinct name="513 V.P.D." votes="822" />
                <Precinct name="514 S.T.I.A.L.C" votes="495" />
            </VoteType>
            <VoteType name="Absentee by Mail" votes="357">
                <Precinct name="15361 Lyons" votes="61" />
                <Precinct name="39 New Branch" votes="26" />
                <Precinct name="43 Cedar Crossing" votes="15" />
                <Precinct name="513 V.P.D." votes="150" />
                <Precinct name="514 S.T.I.A.L.C" votes="105" />
            </VoteType>
            <VoteType name="Advance in Person" votes="3152">
                <Precinct name="15361 Lyons" votes="720" />
                <Precinct name="39 New Branch" votes="251" />
                <Precinct name="43 Cedar Crossing" votes="189" />
                <Precinct name="513 V.P.D." votes="1266" />
                <Precinct name="514 S.T.I.A.L.C" votes="726" />
            </VoteType>
            <VoteType name="Provisional" votes="2">
                <Precinct name="15361 Lyons" votes="0" />
                <Precinct name="39 New Branch" votes="1" />
                <Precinct name="43 Cedar Crossing" votes="1" />
                <Precinct name="513 V.P.D." votes="0" />
                <Precinct name="514 S.T.I.A.L.C" votes="0" />
            </VoteType>
        </Choice>
    </Contest>
    <Contest key="290" text="Constitutional Amendment #2&lt;br&gt;Authorizes penalties for sexual exploitation and assessments on adult entertainment to fund child victims' services." isQuestion="false" precinctsReporting="5" precinctsReported="5">
        <VoteType name="Number of Precincts for Race" votes="5">
            <Precinct name="15361 Lyons" votes="1" />
            <Precinct name="39 New Branch" votes="1" />
            <Precinct name="43 Cedar Crossing" votes="1" />
            <Precinct name="513 V.P.D." votes="1" />
            <Precinct name="514 S.T.I.A.L.C" votes="1" />
        </VoteType>
        <VoteType name="Number of Precincts Reporting" votes="5">
            <Precinct name="15361 Lyons" votes="1" />
            <Precinct name="39 New Branch" votes="1" />
            <Precinct name="43 Cedar Crossing" votes="1" />
            <Precinct name="513 V.P.D." votes="1" />
            <Precinct name="514 S.T.I.A.L.C" votes="1" />
        </VoteType>
        <Choice key="10" text="YES" totalVotes="7133">
            <VoteType name="Election Day" votes="2869">
                <Precinct name="15361 Lyons" votes="573" />
                <Precinct name="39 New Branch" votes="331" />
                <Precinct name="43 Cedar Crossing" votes="368" />
                <Precinct name="513 V.P.D." votes="989" />
                <Precinct name="514 S.T.I.A.L.C" votes="608" />
            </VoteType>
            <VoteType name="Absentee by Mail" votes="488">
                <Precinct name="15361 Lyons" votes="82" />
                <Precinct name="39 New Branch" votes="31" />
                <Precinct name="43 Cedar Crossing" votes="28" />
                <Precinct name="513 V.P.D." votes="211" />
                <Precinct name="514 S.T.I.A.L.C" votes="136" />
            </VoteType>
            <VoteType name="Advance in Person" votes="3775">
                <Precinct name="15361 Lyons" votes="893" />
                <Precinct name="39 New Branch" votes="264" />
                <Precinct name="43 Cedar Crossing" votes="221" />
                <Precinct name="513 V.P.D." votes="1527" />
                <Precinct name="514 S.T.I.A.L.C" votes="870" />
            </VoteType>
            <VoteType name="Provisional" votes="1">
                <Precinct name="15361 Lyons" votes="0" />
                <Precinct name="39 New Branch" votes="1" />
                <Precinct name="43 Cedar Crossing" votes="0" />
                <Precinct name="513 V.P.D." votes="0" />
                <Precinct name="514 S.T.I.A.L.C" votes="0" />
            </VoteType>
        </Choice>
        <Choice key="20" text="NO" totalVotes="1480">
            <VoteType name="Election Day" votes="633">
                <Precinct name="15361 Lyons" votes="125" />
                <Precinct name="39 New Branch" votes="74" />
                <Precinct name="43 Cedar Crossing" votes="81" />
                <Precinct name="513 V.P.D." votes="219" />
                <Precinct name="514 S.T.I.A.L.C" votes="134" />
            </VoteType>
            <VoteType name="Absentee by Mail" votes="88">
                <Precinct name="15361 Lyons" votes="18" />
                <Precinct name="39 New Branch" votes="13" />
                <Precinct name="43 Cedar Crossing" votes="1" />
                <Precinct name="513 V.P.D." votes="33" />
                <Precinct name="514 S.T.I.A.L.C" votes="23" />
            </VoteType>
            <VoteType name="Advance in Person" votes="758">
                <Precinct name="15361 Lyons" votes="177" />
                <Precinct name="39 New Branch" votes="68" />
                <Precinct name="43 Cedar Crossing" votes="45" />
                <Precinct name="513 V.P.D." votes="295" />
                <Precinct name="514 S.T.I.A.L.C" votes="173" />
            </VoteType>
            <VoteType name="Provisional" votes="1">
                <Precinct name="15361 Lyons" votes="0" />
                <Precinct name="39 New Branch" votes="0" />
                <Precinct name="43 Cedar Crossing" votes="1" />
                <Precinct name="513 V.P.D." votes="0" />
                <Precinct name="514 S.T.I.A.L.C" votes="0" />
            </VoteType>
        </Choice>
    </Contest>
    <Contest key="300" text="Constitutional Amendment #3&lt;br&gt;Reforms and re-establishes the Judicial Qualifications Commission and provides for its composition, governance, and powers." isQuestion="false" precinctsReporting="5" precinctsReported="5">
        <VoteType name="Number of Precincts for Race" votes="5">
            <Precinct name="15361 Lyons" votes="1" />
            <Precinct name="39 New Branch" votes="1" />
            <Precinct name="43 Cedar Crossing" votes="1" />
            <Precinct name="513 V.P.D." votes="1" />
            <Precinct name="514 S.T.I.A.L.C" votes="1" />
        </VoteType>
        <VoteType name="Number of Precincts Reporting" votes="5">
            <Precinct name="15361 Lyons" votes="1" />
            <Precinct name="39 New Branch" votes="1" />
            <Precinct name="43 Cedar Crossing" votes="1" />
            <Precinct name="513 V.P.D." votes="1" />
            <Precinct name="514 S.T.I.A.L.C" votes="1" />
        </VoteType>
        <Choice key="10" text="YES" totalVotes="4927">
            <VoteType name="Election Day" votes="1993">
                <Precinct name="15361 Lyons" votes="427" />
                <Precinct name="39 New Branch" votes="207" />
                <Precinct name="43 Cedar Crossing" votes="236" />
                <Precinct name="513 V.P.D." votes="696" />
                <Precinct name="514 S.T.I.A.L.C" votes="427" />
            </VoteType>
            <VoteType name="Absentee by Mail" votes="345">
                <Precinct name="15361 Lyons" votes="63" />
                <Precinct name="39 New Branch" votes="25" />
                <Precinct name="43 Cedar Crossing" votes="17" />
                <Precinct name="513 V.P.D." votes="142" />
                <Precinct name="514 S.T.I.A.L.C" votes="98" />
            </VoteType>
            <VoteType name="Advance in Person" votes="2588">
                <Precinct name="15361 Lyons" votes="628" />
                <Precinct name="39 New Branch" votes="178" />
                <Precinct name="43 Cedar Crossing" votes="135" />
                <Precinct name="513 V.P.D." votes="1032" />
                <Precinct name="514 S.T.I.A.L.C" votes="615" />
            </VoteType>
            <VoteType name="Provisional" votes="1">
                <Precinct name="15361 Lyons" votes="0" />
                <Precinct name="39 New Branch" votes="1" />
                <Precinct name="43 Cedar Crossing" votes="0" />
                <Precinct name="513 V.P.D." votes="0" />
                <Precinct name="514 S.T.I.A.L.C" votes="0" />
            </VoteType>
        </Choice>
        <Choice key="20" text="NO" totalVotes="3143">
            <VoteType name="Election Day" votes="1317">
                <Precinct name="15361 Lyons" votes="238" />
                <Precinct name="39 New Branch" votes="172" />
                <Precinct name="43 Cedar Crossing" votes="187" />
                <Precinct name="513 V.P.D." votes="448" />
                <Precinct name="514 S.T.I.A.L.C" votes="272" />
            </VoteType>
            <VoteType name="Absentee by Mail" votes="190">
                <Precinct name="15361 Lyons" votes="24" />
                <Precinct name="39 New Branch" votes="20" />
                <Precinct name="43 Cedar Crossing" votes="8" />
                <Precinct name="513 V.P.D." votes="82" />
                <Precinct name="514 S.T.I.A.L.C" votes="56" />
            </VoteType>
            <VoteType name="Advance in Person" votes="1635">
                <Precinct name="15361 Lyons" votes="363" />
                <Precinct name="39 New Branch" votes="137" />
                <Precinct name="43 Cedar Crossing" votes="114" />
                <Precinct name="513 V.P.D." votes="657" />
                <Precinct name="514 S.T.I.A.L.C" votes="364" />
            </VoteType>
            <VoteType name="Provisional" votes="1">
                <Precinct name="15361 Lyons" votes="0" />
                <Precinct name="39 New Branch" votes="0" />
                <Precinct name="43 Cedar Crossing" votes="1" />
                <Precinct name="513 V.P.D." votes="0" />
                <Precinct name="514 S.T.I.A.L.C" votes="0" />
            </VoteType>
        </Choice>
    </Contest>
    <Contest key="310" text="Constitutional Amendment #4&lt;br&gt;Dedicates revenue from existing taxes on fireworks to trauma care, fire services, and public safety." isQuestion="false" precinctsReporting="5" precinctsReported="5">
        <VoteType name="Number of Precincts for Race" votes="5">
            <Precinct name="15361 Lyons" votes="1" />
            <Precinct name="39 New Branch" votes="1" />
            <Precinct name="43 Cedar Crossing" votes="1" />
            <Precinct name="513 V.P.D." votes="1" />
            <Precinct name="514 S.T.I.A.L.C" votes="1" />
        </VoteType>
        <VoteType name="Number of Precincts Reporting" votes="5">
            <Precinct name="15361 Lyons" votes="1" />
            <Precinct name="39 New Branch" votes="1" />
            <Precinct name="43 Cedar Crossing" votes="1" />
            <Precinct name="513 V.P.D." votes="1" />
            <Precinct name="514 S.T.I.A.L.C" votes="1" />
        </VoteType>
        <Choice key="10" text="YES" totalVotes="6563">
            <VoteType name="Election Day" votes="2659">
                <Precinct name="15361 Lyons" votes="516" />
                <Precinct name="39 New Branch" votes="304" />
                <Precinct name="43 Cedar Crossing" votes="335" />
                <Precinct name="513 V.P.D." votes="918" />
                <Precinct name="514 S.T.I.A.L.C" votes="586" />
            </VoteType>
            <VoteType name="Absentee by Mail" votes="483">
                <Precinct name="15361 Lyons" votes="79" />
                <Precinct name="39 New Branch" votes="35" />
                <Precinct name="43 Cedar Crossing" votes="27" />
                <Precinct name="513 V.P.D." votes="212" />
                <Precinct name="514 S.T.I.A.L.C" votes="130" />
            </VoteType>
            <VoteType name="Advance in Person" votes="3420">
                <Precinct name="15361 Lyons" votes="816" />
                <Precinct name="39 New Branch" votes="233" />
                <Precinct name="43 Cedar Crossing" votes="194" />
                <Precinct name="513 V.P.D." votes="1393" />
                <Precinct name="514 S.T.I.A.L.C" votes="784" />
            </VoteType>
            <VoteType name="Provisional" votes="1">
                <Precinct name="15361 Lyons" votes="0" />
                <Precinct name="39 New Branch" votes="1" />
                <Precinct name="43 Cedar Crossing" votes="0" />
                <Precinct name="513 V.P.D." votes="0" />
                <Precinct name="514 S.T.I.A.L.C" votes="0" />
            </VoteType>
        </Choice>
        <Choice key="20" text="NO" totalVotes="1946">
            <VoteType name="Election Day" votes="807">
                <Precinct name="15361 Lyons" votes="181" />
                <Precinct name="39 New Branch" votes="91" />
                <Precinct name="43 Cedar Crossing" votes="108" />
                <Precinct name="513 V.P.D." votes="273" />
                <Precinct name="514 S.T.I.A.L.C" votes="154" />
            </VoteType>
            <VoteType name="Absentee by Mail" votes="89">
                <Precinct name="15361 Lyons" votes="19" />
                <Precinct name="39 New Branch" votes="11" />
                <Precinct name="43 Cedar Crossing" votes="2" />
                <Precinct name="513 V.P.D." votes="30" />
                <Precinct name="514 S.T.I.A.L.C" votes="27" />
            </VoteType>
            <VoteType name="Advance in Person" votes="1049">
                <Precinct name="15361 Lyons" votes="240" />
                <Precinct name="39 New Branch" votes="91" />
                <Precinct name="43 Cedar Crossing" votes="78" />
                <Precinct name="513 V.P.D." votes="405" />
                <Precinct name="514 S.T.I.A.L.C" votes="235" />
            </VoteType>
            <VoteType name="Provisional" votes="1">
                <Precinct name="15361 Lyons" votes="0" />
                <Precinct name="39 New Branch" votes="0" />
                <Precinct name="43 Cedar Crossing" votes="1" />
                <Precinct name="513 V.P.D." votes="0" />
                <Precinct name="514 S.T.I.A.L.C" votes="0" />
            </VoteType>
        </Choice>
    </Contest>
</ElectionResult>