"line number","contest name","choice name","party name","total votes","percent of votes","registered voters","ballots cast","num Precinct total","num Precinct rptg","over votes","under votes"
1,"President of the United States","DONALD J. TRUMP","",5051,80.92,8588,6402,7,7,"0","0"
2,"President of the United States","HILLARY CLINTON","",965,15.46,8588,6402,7,7,"0","0"
3,"President of the United States","GARY JOHNSON","",226,3.62,8588,6402,7,7,"0","0"
4,"United States Senator, Isakson","JOHNNY ISAKSON (I)","",4448,78.38,8588,6402,7,7,"0","0"
5,"United States Senator, Isakson","JIM BARKSDALE","",880,15.51,8588,6402,7,7,"0","0"
6,"United States Senator, Isakson","ALLEN BUCKLEY","",347,6.11,8588,6402,7,7,"0","0"
7,"Public Service Commission, District 2 - Eastern","TIM ECHOLS (I)","",4682,83.82,8588,6402,7,7,"0","0"
8,"Public Service Commission, District 2 - Eastern","ERIC HOSKINS","",904,16.18,8588,6402,7,7,"0","0"
9,"U.S. Representative, District 14","TOM GRAVES (I)","",5291,100.00,8588,6402,7,7,"0","0"
10,"State Senator, District 53","JEFF MULLIS (I)","",5240,100.00,8588,6402,7,7,"0","0"
11,"State Representative, District 1","JOHN DEFFENBAUGH (I) (REP)","",5150,100.00,8588,6402,7,7,"0","0"
12,"District Attorney, Lookout Mountain Circuit","HERBERT (BUZZ) FRANKLIN (I)","",5334,100.00,8588,6402,7,7,"0","0"
13,"CLERK, SUPERIOR COURT","K. D. PAGE (I) R","",5454,100.00,8588,6402,7,7,"0","0"
14,"SHERIFF","R. G. CROSS (I) R","",5484,100.00,8588,6402,7,7,"0","0"
15,"TAX COMMISSIONER","J. I. MORELAND (I) D","",5153,100.00,8588,6402,7,7,"0","0"
16,"CORONER","J. R. GRAY (I) R","",5415,100.00,8588,6402,7,7,"0","0"
17,"CC, CHAIR/COUNTY EXEC","T. M. RUMLEY SR (I)R","",5258,100.00,8588,6402,7,7,"0","0"
18,"CC, D3","R. GOFF (I) R","",5147,100.00,8588,6402,7,7,"0","0"
19,"CC, D4","A. L. BRADFORD (I) R","",5334,100.00,8588,6402,7,7,"0","0"
20,"BOE, D3","J. WARREN (I) R","",5113,100.00,8588,6402,7,7,"0","0"
21,"BOE, D4","C. A. BRADFORD (I) R","",5112,100.00,8588,6402,7,7,"0","0"
22,"BOE D5 AT LARGE","B. WOODS (R)","",5136,100.00,8588,6402,7,7,"0","0"
23,"SOIL AND WATER","L. C. GASS (I)","",5094,100.00,8588,6402,7,7,"0","0"
24,"Constitutional Amendment #1<br>Provides greater flexibility and state accountability to fix failing schools through increasing community involvement.","YES","",2716,44.79,8588,6402,7,7,"0","0"
25,"Constitutional Amendment #1<br>Provides greater flexibility and state accountability to fix failing schools through increasing community involvement.","NO","",3348,55.21,8588,6402,7,7,"0","0"
26,"Constitutional Amendment #2<br>Authorizes penalties for sexual exploitation and assessments on adult entertainment to fund child victims' services.","YES","",5104,86.04,8588,6402,7,7,"0","0"
27,"Constitutional Amendment #2<br>Authorizes penalties for sexual exploitation and assessments on adult entertainment to fund child victims' services.","NO","",828,13.96,8588,6402,7,7,"0","0"
28,"Constitutional Amendment #3<br>Reforms and re-establishes the Judicial Qualifications Commission and provides for its composition, governance, and powers.","YES","",3630,66.83,8588,6402,7,7,"0","0"
29,"Constitutional Amendment #3<br>Reforms and re-establishes the Judicial Qualifications Commission and provides for its composition, governance, and powers.","NO","",1802,33.17,8588,6402,7,7,"0","0"
30,"Constitutional Amendment #4<br>Dedicates revenue from existing taxes on fireworks to trauma care, fire services, and public safety.","YES","",4697,79.98,8588,6402,7,7,"0","0"
31,"Constitutional Amendment #4<br>Dedicates revenue from existing taxes on fireworks to trauma care, fire services, and public safety.","NO","",1176,20.02,8588,6402,7,7,"0","0"
32,"REFERENDUM SELL DISTRILLED SPIRITS","YES","",3655,59.38,8588,6402,7,7,"0","0"
33,"REFERENDUM SELL DISTRILLED SPIRITS","NO","",2500,40.62,8588,6402,7,7,"0","0"
