<?xml version="1.0"?>
<!--Election result snapshot imported from Tabulation System
-->
<ElectionResult>
    <Timestamp>11/14/2016 3:32:30 PM EST</Timestamp>
    <ElectionName>November 8, 2016 - General Election</ElectionName>
    <ElectionDate>11/8/2016</ElectionDate>
    <Region>Rabun</Region>
    <VoterTurnout totalVoters="9884" ballotsCast="8110" voterTurnout="82.05">
        <Precincts>
            <Precinct name="Rabun" totalVoters="9884" ballotsCast="8110" voterTurnout="82.05" percentReporting="4" />
        </Precincts>
    </VoterTurnout>
    <Contest key="1" text="President of the United States" isQuestion="false" precinctsReporting="1" precinctsReported="1">
        <VoteType name="Number of Precincts for Race" votes="1">
            <Precinct name="Rabun" votes="1" />
        </VoteType>
        <VoteType name="Number of Precincts Reporting" votes="1">
            <Precinct name="Rabun" votes="1" />
        </VoteType>
        <Choice key="10" text="DONALD J. TRUMP" totalVotes="6287">
            <VoteType name="Election Day" votes="1097">
                <Precinct name="Rabun" votes="1097" />
            </VoteType>
            <VoteType name="Absentee by Mail" votes="657">
                <Precinct name="Rabun" votes="657" />
            </VoteType>
            <VoteType name="Advance in Person" votes="4533">
                <Precinct name="Rabun" votes="4533" />
            </VoteType>
            <VoteType name="Provisional" votes="0">
                <Precinct name="Rabun" votes="0" />
            </VoteType>
        </Choice>
        <Choice key="20" text="HILLARY CLINTON" totalVotes="1444">
            <VoteType name="Election Day" votes="221">
                <Precinct name="Rabun" votes="221" />
            </VoteType>
            <VoteType name="Absentee by Mail" votes="216">
                <Precinct name="Rabun" votes="216" />
            </VoteType>
            <VoteType name="Advance in Person" votes="1007">
                <Precinct name="Rabun" votes="1007" />
            </VoteType>
            <VoteType name="Provisional" votes="0">
                <Precinct name="Rabun" votes="0" />
            </VoteType>
        </Choice>
        <Choice key="30" text="GARY JOHNSON" totalVotes="219">
            <VoteType name="Election Day" votes="64">
                <Precinct name="Rabun" votes="64" />
            </VoteType>
            <VoteType name="Absentee by Mail" votes="23">
                <Precinct name="Rabun" votes="23" />
            </VoteType>
            <VoteType name="Advance in Person" votes="132">
                <Precinct name="Rabun" votes="132" />
            </VoteType>
            <VoteType name="Provisional" votes="0">
                <Precinct name="Rabun" votes="0" />
            </VoteType>
        </Choice>
    </Contest>
    <Contest key="10" text="United States Senator, Isakson" isQuestion="false" precinctsReporting="1" precinctsReported="1">
        <VoteType name="Number of Precincts for Race" votes="1">
            <Precinct name="Rabun" votes="1" />
        </VoteType>
        <VoteType name="Number of Precincts Reporting" votes="1">
            <Precinct name="Rabun" votes="1" />
        </VoteType>
        <Choice key="10" text="JOHNNY ISAKSON (I)" totalVotes="5977">
            <VoteType name="Election Day" votes="1035">
                <Precinct name="Rabun" votes="1035" />
            </VoteType>
            <VoteType name="Absentee by Mail" votes="678">
                <Precinct name="Rabun" votes="678" />
            </VoteType>
            <VoteType name="Advance in Person" votes="4264">
                <Precinct name="Rabun" votes="4264" />
            </VoteType>
            <VoteType name="Provisional" votes="0">
                <Precinct name="Rabun" votes="0" />
            </VoteType>
        </Choice>
        <Choice key="20" text="JIM BARKSDALE" totalVotes="1256">
            <VoteType name="Election Day" votes="199">
                <Precinct name="Rabun" votes="199" />
            </VoteType>
            <VoteType name="Absentee by Mail" votes="194">
                <Precinct name="Rabun" votes="194" />
            </VoteType>
            <VoteType name="Advance in Person" votes="863">
                <Precinct name="Rabun" votes="863" />
            </VoteType>
            <VoteType name="Provisional" votes="0">
                <Precinct name="Rabun" votes="0" />
            </VoteType>
        </Choice>
        <Choice key="30" text="ALLEN BUCKLEY" totalVotes="330">
            <VoteType name="Election Day" votes="81">
                <Precinct name="Rabun" votes="81" />
            </VoteType>
            <VoteType name="Absentee by Mail" votes="25">
                <Precinct name="Rabun" votes="25" />
            </VoteType>
            <VoteType name="Advance in Person" votes="224">
                <Precinct name="Rabun" votes="224" />
            </VoteType>
            <VoteType name="Provisional" votes="0">
                <Precinct name="Rabun" votes="0" />
            </VoteType>
        </Choice>
    </Contest>
    <Contest key="30" text="Public Service Commission, District 2 - Eastern" isQuestion="false" precinctsReporting="1" precinctsReported="1">
        <VoteType name="Number of Precincts for Race" votes="1">
            <Precinct name="Rabun" votes="1" />
        </VoteType>
        <VoteType name="Number of Precincts Reporting" votes="1">
            <Precinct name="Rabun" votes="1" />
        </VoteType>
        <Choice key="10" text="TIM ECHOLS (I)" totalVotes="6196">
            <VoteType name="Election Day" votes="1086">
                <Precinct name="Rabun" votes="1086" />
            </VoteType>
            <VoteType name="Absentee by Mail" votes="704">
                <Precinct name="Rabun" votes="704" />
            </VoteType>
            <VoteType name="Advance in Person" votes="4406">
                <Precinct name="Rabun" votes="4406" />
            </VoteType>
            <VoteType name="Provisional" votes="0">
                <Precinct name="Rabun" votes="0" />
            </VoteType>
        </Choice>
        <Choice key="20" text="ERIC HOSKINS" totalVotes="1059">
            <VoteType name="Election Day" votes="204">
                <Precinct name="Rabun" votes="204" />
            </VoteType>
            <VoteType name="Absentee by Mail" votes="135">
                <Precinct name="Rabun" votes="135" />
            </VoteType>
            <VoteType name="Advance in Person" votes="720">
                <Precinct name="Rabun" votes="720" />
            </VoteType>
            <VoteType name="Provisional" votes="0">
                <Precinct name="Rabun" votes="0" />
            </VoteType>
        </Choice>
    </Contest>
    <Contest key="50" text="U.S. Representative, District 9" isQuestion="false" precinctsReporting="1" precinctsReported="1">
        <VoteType name="Number of Precincts for Race" votes="1">
            <Precinct name="Rabun" votes="1" />
        </VoteType>
        <VoteType name="Number of Precincts Reporting" votes="1">
            <Precinct name="Rabun" votes="1" />
        </VoteType>
        <Choice key="10" text="DOUG COLLINS (I)" totalVotes="6708">
            <VoteType name="Election Day" votes="1194">
                <Precinct name="Rabun" votes="1194" />
            </VoteType>
            <VoteType name="Absentee by Mail" votes="757">
                <Precinct name="Rabun" votes="757" />
            </VoteType>
            <VoteType name="Advance in Person" votes="4757">
                <Precinct name="Rabun" votes="4757" />
            </VoteType>
            <VoteType name="Provisional" votes="0">
                <Precinct name="Rabun" votes="0" />
            </VoteType>
        </Choice>
    </Contest>
    <Contest key="70" text="State Senator, District 50" isQuestion="false" precinctsReporting="1" precinctsReported="1">
        <VoteType name="Number of Precincts for Race" votes="1">
            <Precinct name="Rabun" votes="1" />
        </VoteType>
        <VoteType name="Number of Precincts Reporting" votes="1">
            <Precinct name="Rabun" votes="1" />
        </VoteType>
        <Choice key="10" text="JOHN K WILKINSON (I)" totalVotes="6636">
            <VoteType name="Election Day" votes="1179">
                <Precinct name="Rabun" votes="1179" />
            </VoteType>
            <VoteType name="Absentee by Mail" votes="730">
                <Precinct name="Rabun" votes="730" />
            </VoteType>
            <VoteType name="Advance in Person" votes="4727">
                <Precinct name="Rabun" votes="4727" />
            </VoteType>
            <VoteType name="Provisional" votes="0">
                <Precinct name="Rabun" votes="0" />
            </VoteType>
        </Choice>
    </Contest>
    <Contest key="90" text="State Representative, District 8" isQuestion="false" precinctsReporting="1" precinctsReported="1">
        <VoteType name="Number of Precincts for Race" votes="1">
            <Precinct name="Rabun" votes="1" />
        </VoteType>
        <VoteType name="Number of Precincts Reporting" votes="1">
            <Precinct name="Rabun" votes="1" />
        </VoteType>
        <Choice key="10" text="MATT GURTLER (REP)" totalVotes="6679">
            <VoteType name="Election Day" votes="1194">
                <Precinct name="Rabun" votes="1194" />
            </VoteType>
            <VoteType name="Absentee by Mail" votes="747">
                <Precinct name="Rabun" votes="747" />
            </VoteType>
            <VoteType name="Advance in Person" votes="4738">
                <Precinct name="Rabun" votes="4738" />
            </VoteType>
            <VoteType name="Provisional" votes="0">
                <Precinct name="Rabun" votes="0" />
            </VoteType>
        </Choice>
    </Contest>
    <Contest key="110" text="District Attorney, Mountain Circuit" isQuestion="false" precinctsReporting="1" precinctsReported="1">
        <VoteType name="Number of Precincts for Race" votes="1">
            <Precinct name="Rabun" votes="1" />
        </VoteType>
        <VoteType name="Number of Precincts Reporting" votes="1">
            <Precinct name="Rabun" votes="1" />
        </VoteType>
        <Choice key="10" text="GEORGE R. CHRISTIAN (I)" totalVotes="6637">
            <VoteType name="Election Day" votes="1189">
                <Precinct name="Rabun" votes="1189" />
            </VoteType>
            <VoteType name="Absentee by Mail" votes="734">
                <Precinct name="Rabun" votes="734" />
            </VoteType>
            <VoteType name="Advance in Person" votes="4714">
                <Precinct name="Rabun" votes="4714" />
            </VoteType>
            <VoteType name="Provisional" votes="0">
                <Precinct name="Rabun" votes="0" />
            </VoteType>
        </Choice>
    </Contest>
    <Contest key="300" text="Superior Court Clerk" isQuestion="false" precinctsReporting="1" precinctsReported="1">
        <VoteType name="Number of Precincts for Race" votes="1">
            <Precinct name="Rabun" votes="1" />
        </VoteType>
        <VoteType name="Number of Precincts Reporting" votes="1">
            <Precinct name="Rabun" votes="1" />
        </VoteType>
        <Choice key="10" text="H. HENRY-PERRY(I)(R)" totalVotes="7074">
            <VoteType name="Election Day" votes="1258">
                <Precinct name="Rabun" votes="1258" />
            </VoteType>
            <VoteType name="Absentee by Mail" votes="781">
                <Precinct name="Rabun" votes="781" />
            </VoteType>
            <VoteType name="Advance in Person" votes="5035">
                <Precinct name="Rabun" votes="5035" />
            </VoteType>
            <VoteType name="Provisional" votes="0">
                <Precinct name="Rabun" votes="0" />
            </VoteType>
        </Choice>
    </Contest>
    <Contest key="320" text="Sheriff" isQuestion="false" precinctsReporting="1" precinctsReported="1">
        <VoteType name="Number of Precincts for Race" votes="1">
            <Precinct name="Rabun" votes="1" />
        </VoteType>
        <VoteType name="Number of Precincts Reporting" votes="1">
            <Precinct name="Rabun" votes="1" />
        </VoteType>
        <Choice key="10" text="C. K. NICHOLS (R)" totalVotes="6694">
            <VoteType name="Election Day" votes="1213">
                <Precinct name="Rabun" votes="1213" />
            </VoteType>
            <VoteType name="Absentee by Mail" votes="703">
                <Precinct name="Rabun" votes="703" />
            </VoteType>
            <VoteType name="Advance in Person" votes="4778">
                <Precinct name="Rabun" votes="4778" />
            </VoteType>
            <VoteType name="Provisional" votes="0">
                <Precinct name="Rabun" votes="0" />
            </VoteType>
        </Choice>
        <Choice key="20" text="J. V. BLALOCK (D)" totalVotes="1009">
            <VoteType name="Election Day" votes="153">
                <Precinct name="Rabun" votes="153" />
            </VoteType>
            <VoteType name="Absentee by Mail" votes="152">
                <Precinct name="Rabun" votes="152" />
            </VoteType>
            <VoteType name="Advance in Person" votes="704">
                <Precinct name="Rabun" votes="704" />
            </VoteType>
            <VoteType name="Provisional" votes="0">
                <Precinct name="Rabun" votes="0" />
            </VoteType>
        </Choice>
    </Contest>
    <Contest key="340" text="Tax Commissioner" isQuestion="false" precinctsReporting="1" precinctsReported="1">
        <VoteType name="Number of Precincts for Race" votes="1">
            <Precinct name="Rabun" votes="1" />
        </VoteType>
        <VoteType name="Number of Precincts Reporting" votes="1">
            <Precinct name="Rabun" votes="1" />
        </VoteType>
        <Choice key="10" text="S. SMITH (I)(R)" totalVotes="7099">
            <VoteType name="Election Day" votes="1253">
                <Precinct name="Rabun" votes="1253" />
            </VoteType>
            <VoteType name="Absentee by Mail" votes="776">
                <Precinct name="Rabun" votes="776" />
            </VoteType>
            <VoteType name="Advance in Person" votes="5070">
                <Precinct name="Rabun" votes="5070" />
            </VoteType>
            <VoteType name="Provisional" votes="0">
                <Precinct name="Rabun" votes="0" />
            </VoteType>
        </Choice>
    </Contest>
    <Contest key="360" text="Surveyor" isQuestion="false" precinctsReporting="1" precinctsReported="1">
        <VoteType name="Number of Precincts for Race" votes="1">
            <Precinct name="Rabun" votes="1" />
        </VoteType>
        <VoteType name="Number of Precincts Reporting" votes="1">
            <Precinct name="Rabun" votes="1" />
        </VoteType>
        <Choice key="10" text="J. ROLADER (I)(R)" totalVotes="6813">
            <VoteType name="Election Day" votes="1214">
                <Precinct name="Rabun" votes="1214" />
            </VoteType>
            <VoteType name="Absentee by Mail" votes="755">
                <Precinct name="Rabun" votes="755" />
            </VoteType>
            <VoteType name="Advance in Person" votes="4844">
                <Precinct name="Rabun" votes="4844" />
            </VoteType>
            <VoteType name="Provisional" votes="0">
                <Precinct name="Rabun" votes="0" />
            </VoteType>
        </Choice>
    </Contest>
    <Contest key="380" text="Coroner" isQuestion="false" precinctsReporting="1" precinctsReported="1">
        <VoteType name="Number of Precincts for Race" votes="1">
            <Precinct name="Rabun" votes="1" />
        </VoteType>
        <VoteType name="Number of Precincts Reporting" votes="1">
            <Precinct name="Rabun" votes="1" />
        </VoteType>
        <Choice key="10" text="S. BECK (I)(R)" totalVotes="7013">
            <VoteType name="Election Day" votes="1236">
                <Precinct name="Rabun" votes="1236" />
            </VoteType>
            <VoteType name="Absentee by Mail" votes="786">
                <Precinct name="Rabun" votes="786" />
            </VoteType>
            <VoteType name="Advance in Person" votes="4991">
                <Precinct name="Rabun" votes="4991" />
            </VoteType>
            <VoteType name="Provisional" votes="0">
                <Precinct name="Rabun" votes="0" />
            </VoteType>
        </Choice>
    </Contest>
    <Contest key="400" text="County Comm 1" isQuestion="false" precinctsReporting="1" precinctsReported="1">
        <VoteType name="Number of Precincts for Race" votes="1">
            <Precinct name="Rabun" votes="1" />
        </VoteType>
        <VoteType name="Number of Precincts Reporting" votes="1">
            <Precinct name="Rabun" votes="1" />
        </VoteType>
        <Choice key="10" text="W. H. NICHOLS (I)(R)" totalVotes="6700">
            <VoteType name="Election Day" votes="1197">
                <Precinct name="Rabun" votes="1197" />
            </VoteType>
            <VoteType name="Absentee by Mail" votes="723">
                <Precinct name="Rabun" votes="723" />
            </VoteType>
            <VoteType name="Advance in Person" votes="4780">
                <Precinct name="Rabun" votes="4780" />
            </VoteType>
            <VoteType name="Provisional" votes="0">
                <Precinct name="Rabun" votes="0" />
            </VoteType>
        </Choice>
    </Contest>
    <Contest key="420" text="County Comm 2" isQuestion="false" precinctsReporting="1" precinctsReported="1">
        <VoteType name="Number of Precincts for Race" votes="1">
            <Precinct name="Rabun" votes="1" />
        </VoteType>
        <VoteType name="Number of Precincts Reporting" votes="1">
            <Precinct name="Rabun" votes="1" />
        </VoteType>
        <Choice key="10" text="S. M. ARBITTER (I)(R" totalVotes="6844">
            <VoteType name="Election Day" votes="1205">
                <Precinct name="Rabun" votes="1205" />
            </VoteType>
            <VoteType name="Absentee by Mail" votes="756">
                <Precinct name="Rabun" votes="756" />
            </VoteType>
            <VoteType name="Advance in Person" votes="4883">
                <Precinct name="Rabun" votes="4883" />
            </VoteType>
            <VoteType name="Provisional" votes="0">
                <Precinct name="Rabun" votes="0" />
            </VoteType>
        </Choice>
    </Contest>
    <Contest key="440" text="County Comm 3" isQuestion="false" precinctsReporting="1" precinctsReported="1">
        <VoteType name="Number of Precincts for Race" votes="1">
            <Precinct name="Rabun" votes="1" />
        </VoteType>
        <VoteType name="Number of Precincts Reporting" votes="1">
            <Precinct name="Rabun" votes="1" />
        </VoteType>
        <Choice key="10" text="G. JAMES (I)(R)" totalVotes="6600">
            <VoteType name="Election Day" votes="1178">
                <Precinct name="Rabun" votes="1178" />
            </VoteType>
            <VoteType name="Absentee by Mail" votes="717">
                <Precinct name="Rabun" votes="717" />
            </VoteType>
            <VoteType name="Advance in Person" votes="4705">
                <Precinct name="Rabun" votes="4705" />
            </VoteType>
            <VoteType name="Provisional" votes="0">
                <Precinct name="Rabun" votes="0" />
            </VoteType>
        </Choice>
    </Contest>
    <Contest key="460" text="BOE 2" isQuestion="false" precinctsReporting="1" precinctsReported="1">
        <VoteType name="Number of Precincts for Race" votes="1">
            <Precinct name="Rabun" votes="1" />
        </VoteType>
        <VoteType name="Number of Precincts Reporting" votes="1">
            <Precinct name="Rabun" votes="1" />
        </VoteType>
        <Choice key="10" text="T. W. STEPHENS(I)(R)" totalVotes="6493">
            <VoteType name="Election Day" votes="1177">
                <Precinct name="Rabun" votes="1177" />
            </VoteType>
            <VoteType name="Absentee by Mail" votes="714">
                <Precinct name="Rabun" votes="714" />
            </VoteType>
            <VoteType name="Advance in Person" votes="4602">
                <Precinct name="Rabun" votes="4602" />
            </VoteType>
            <VoteType name="Provisional" votes="0">
                <Precinct name="Rabun" votes="0" />
            </VoteType>
        </Choice>
    </Contest>
    <Contest key="490" text="BOE 4" isQuestion="false" precinctsReporting="1" precinctsReported="1">
        <VoteType name="Number of Precincts for Race" votes="1">
            <Precinct name="Rabun" votes="1" />
        </VoteType>
        <VoteType name="Number of Precincts Reporting" votes="1">
            <Precinct name="Rabun" votes="1" />
        </VoteType>
        <Choice key="10" text="S. CABE (I)(D)" totalVotes="5868">
            <VoteType name="Election Day" votes="1067">
                <Precinct name="Rabun" votes="1067" />
            </VoteType>
            <VoteType name="Absentee by Mail" votes="640">
                <Precinct name="Rabun" votes="640" />
            </VoteType>
            <VoteType name="Advance in Person" votes="4161">
                <Precinct name="Rabun" votes="4161" />
            </VoteType>
            <VoteType name="Provisional" votes="0">
                <Precinct name="Rabun" votes="0" />
            </VoteType>
        </Choice>
    </Contest>
    <Contest key="500" text="BOE 5" isQuestion="false" precinctsReporting="1" precinctsReported="1">
        <VoteType name="Number of Precincts for Race" votes="1">
            <Precinct name="Rabun" votes="1" />
        </VoteType>
        <VoteType name="Number of Precincts Reporting" votes="1">
            <Precinct name="Rabun" votes="1" />
        </VoteType>
        <Choice key="10" text="M. LIMA (R)" totalVotes="4339">
            <VoteType name="Election Day" votes="796">
                <Precinct name="Rabun" votes="796" />
            </VoteType>
            <VoteType name="Absentee by Mail" votes="470">
                <Precinct name="Rabun" votes="470" />
            </VoteType>
            <VoteType name="Advance in Person" votes="3073">
                <Precinct name="Rabun" votes="3073" />
            </VoteType>
            <VoteType name="Provisional" votes="0">
                <Precinct name="Rabun" votes="0" />
            </VoteType>
        </Choice>
        <Choice key="20" text="J. D. SMITH (I)(D)" totalVotes="3403">
            <VoteType name="Election Day" votes="547">
                <Precinct name="Rabun" votes="547" />
            </VoteType>
            <VoteType name="Absentee by Mail" votes="408">
                <Precinct name="Rabun" votes="408" />
            </VoteType>
            <VoteType name="Advance in Person" votes="2448">
                <Precinct name="Rabun" votes="2448" />
            </VoteType>
            <VoteType name="Provisional" votes="0">
                <Precinct name="Rabun" votes="0" />
            </VoteType>
        </Choice>
    </Contest>
    <Contest key="510" text="Soil and Water" isQuestion="false" precinctsReporting="1" precinctsReported="1">
        <VoteType name="Number of Precincts for Race" votes="1">
            <Precinct name="Rabun" votes="1" />
        </VoteType>
        <VoteType name="Number of Precincts Reporting" votes="1">
            <Precinct name="Rabun" votes="1" />
        </VoteType>
        <Choice key="10" text="R. GODFREY (I)" totalVotes="6357">
            <VoteType name="Election Day" votes="1134">
                <Precinct name="Rabun" votes="1134" />
            </VoteType>
            <VoteType name="Absentee by Mail" votes="717">
                <Precinct name="Rabun" votes="717" />
            </VoteType>
            <VoteType name="Advance in Person" votes="4506">
                <Precinct name="Rabun" votes="4506" />
            </VoteType>
            <VoteType name="Provisional" votes="0">
                <Precinct name="Rabun" votes="0" />
            </VoteType>
        </Choice>
    </Contest>
    <Contest key="600" text="Constitutional Amendment #1&lt;br&gt;Provides greater flexibility and state accountability to fix failing schools through increasing community involvement." isQuestion="false" precinctsReporting="1" precinctsReported="1">
        <VoteType name="Number of Precincts for Race" votes="1">
            <Precinct name="Rabun" votes="1" />
        </VoteType>
        <VoteType name="Number of Precincts Reporting" votes="1">
            <Precinct name="Rabun" votes="1" />
        </VoteType>
        <Choice key="10" text="YES" totalVotes="3016">
            <VoteType name="Election Day" votes="560">
                <Precinct name="Rabun" votes="560" />
            </VoteType>
            <VoteType name="Absentee by Mail" votes="425">
                <Precinct name="Rabun" votes="425" />
            </VoteType>
            <VoteType name="Advance in Person" votes="2031">
                <Precinct name="Rabun" votes="2031" />
            </VoteType>
            <VoteType name="Provisional" votes="0">
                <Precinct name="Rabun" votes="0" />
            </VoteType>
        </Choice>
        <Choice key="20" text="NO" totalVotes="4692">
            <VoteType name="Election Day" votes="785">
                <Precinct name="Rabun" votes="785" />
            </VoteType>
            <VoteType name="Absentee by Mail" votes="445">
                <Precinct name="Rabun" votes="445" />
            </VoteType>
            <VoteType name="Advance in Person" votes="3462">
                <Precinct name="Rabun" votes="3462" />
            </VoteType>
            <VoteType name="Provisional" votes="0">
                <Precinct name="Rabun" votes="0" />
            </VoteType>
        </Choice>
    </Contest>
    <Contest key="610" text="Constitutional Amendment #2&lt;br&gt;Authorizes penalties for sexual exploitation and assessments on adult entertainment to fund child victims' services." isQuestion="false" precinctsReporting="1" precinctsReported="1">
        <VoteType name="Number of Precincts for Race" votes="1">
            <Precinct name="Rabun" votes="1" />
        </VoteType>
        <VoteType name="Number of Precincts Reporting" votes="1">
            <Precinct name="Rabun" votes="1" />
        </VoteType>
        <Choice key="10" text="YES" totalVotes="6331">
            <VoteType name="Election Day" votes="1120">
                <Precinct name="Rabun" votes="1120" />
            </VoteType>
            <VoteType name="Absentee by Mail" votes="734">
                <Precinct name="Rabun" votes="734" />
            </VoteType>
            <VoteType name="Advance in Person" votes="4477">
                <Precinct name="Rabun" votes="4477" />
            </VoteType>
            <VoteType name="Provisional" votes="0">
                <Precinct name="Rabun" votes="0" />
            </VoteType>
        </Choice>
        <Choice key="20" text="NO" totalVotes="1283">
            <VoteType name="Election Day" votes="226">
                <Precinct name="Rabun" votes="226" />
            </VoteType>
            <VoteType name="Absentee by Mail" votes="113">
                <Precinct name="Rabun" votes="113" />
            </VoteType>
            <VoteType name="Advance in Person" votes="944">
                <Precinct name="Rabun" votes="944" />
            </VoteType>
            <VoteType name="Provisional" votes="0">
                <Precinct name="Rabun" votes="0" />
            </VoteType>
        </Choice>
    </Contest>
    <Contest key="620" text="Constitutional Amendment #3&lt;br&gt;Reforms and re-establishes the Judicial Qualifications Commission and provides for its composition, governance, and powers." isQuestion="false" precinctsReporting="1" precinctsReported="1">
        <VoteType name="Number of Precincts for Race" votes="1">
            <Precinct name="Rabun" votes="1" />
        </VoteType>
        <VoteType name="Number of Precincts Reporting" votes="1">
            <Precinct name="Rabun" votes="1" />
        </VoteType>
        <Choice key="10" text="YES" totalVotes="4488">
            <VoteType name="Election Day" votes="795">
                <Precinct name="Rabun" votes="795" />
            </VoteType>
            <VoteType name="Absentee by Mail" votes="562">
                <Precinct name="Rabun" votes="562" />
            </VoteType>
            <VoteType name="Advance in Person" votes="3131">
                <Precinct name="Rabun" votes="3131" />
            </VoteType>
            <VoteType name="Provisional" votes="0">
                <Precinct name="Rabun" votes="0" />
            </VoteType>
        </Choice>
        <Choice key="20" text="NO" totalVotes="2589">
            <VoteType name="Election Day" votes="442">
                <Precinct name="Rabun" votes="442" />
            </VoteType>
            <VoteType name="Absentee by Mail" votes="226">
                <Precinct name="Rabun" votes="226" />
            </VoteType>
            <VoteType name="Advance in Person" votes="1921">
                <Precinct name="Rabun" votes="1921" />
            </VoteType>
            <VoteType name="Provisional" votes="0">
                <Precinct name="Rabun" votes="0" />
            </VoteType>
        </Choice>
    </Contest>
    <Contest key="630" text="Constitutional Amendment #4&lt;br&gt;Dedicates revenue from existing taxes on fireworks to trauma care, fire services, and public safety." isQuestion="false" precinctsReporting="1" precinctsReported="1">
        <VoteType name="Number of Precincts for Race" votes="1">
            <Precinct name="Rabun" votes="1" />
        </VoteType>
        <VoteType name="Number of Precincts Reporting" votes="1">
            <Precinct name="Rabun" votes="1" />
        </VoteType>
        <Choice key="10" text="YES" totalVotes="6216">
            <VoteType name="Election Day" votes="1100">
                <Precinct name="Rabun" votes="1100" />
            </VoteType>
            <VoteType name="Absentee by Mail" votes="739">
                <Precinct name="Rabun" votes="739" />
            </VoteType>
            <VoteType name="Advance in Person" votes="4377">
                <Precinct name="Rabun" votes="4377" />
            </VoteType>
            <VoteType name="Provisional" votes="0">
                <Precinct name="Rabun" votes="0" />
            </VoteType>
        </Choice>
        <Choice key="20" text="NO" totalVotes="1455">
            <VoteType name="Election Day" votes="255">
                <Precinct name="Rabun" votes="255" />
            </VoteType>
            <VoteType name="Absentee by Mail" votes="113">
                <Precinct name="Rabun" votes="113" />
            </VoteType>
            <VoteType name="Advance in Person" votes="1087">
                <Precinct name="Rabun" votes="1087" />
            </VoteType>
            <VoteType name="Provisional" votes="0">
                <Precinct name="Rabun" votes="0" />
            </VoteType>
        </Choice>
    </Contest>
</ElectionResult>