"line number","contest name","choice name","party name","total votes","percent of votes","registered voters","ballots cast","num Precinct total","num Precinct rptg","over votes","under votes"
1,"President of the United States","DONALD J. TRUMP","",21635,57.50,53910,38204,11,11,"0","0"
2,"President of the United States","HILLARY CLINTON","",15064,40.03,53910,38204,11,11,"0","0"
3,"President of the United States","GARY JOHNSON","",929,2.47,53910,38204,11,11,"0","0"
4,"United States Senator, Isakson","JOHNNY ISAKSON (I)","",20802,59.05,53910,38204,11,11,"0","0"
5,"United States Senator, Isakson","JIM BARKSDALE","",13087,37.15,53910,38204,11,11,"0","0"
6,"United States Senator, Isakson","ALLEN BUCKLEY","",1337,3.80,53910,38204,11,11,"0","0"
7,"Public Service Commission, District 2 - Eastern","TIM ECHOLS (I)","",23789,72.01,53910,38204,11,11,"0","0"
8,"Public Service Commission, District 2 - Eastern","ERIC HOSKINS","",9247,27.99,53910,38204,11,11,"0","0"
9,"U.S. Representative, District 1","EARL �BUDDY� CARTER (I)","",1165,100.00,2297,1499,3,3,"0","0"
10,"U.S. Representative, District 8","AUSTIN SCOTT (I)","",21350,60.62,51613,36705,9,9,"0","0"
11,"U.S. Representative, District 8","JAMES NEAL HARRIS","",13868,39.38,51613,36705,9,9,"0","0"
12,"State Senator, District 8","ELLIS BLACK (I)","",22392,60.79,53910,38204,11,11,"0","0"
13,"State Senator, District 8","GREGORY WILLIAMS","",14444,39.21,53910,38204,11,11,"0","0"
14,"State Representative, District 174","JOHN CORBETT (I)","",5474,100.00,8011,6302,4,4,"0","0"
15,"State Representative, District 175","AMY A. CARTER (I)","",9019,100.00,13047,10426,5,5,"0","0"
16,"State Representative, District 176","JASON SHAW (I)","",5376,100.00,8799,6534,6,6,"0","0"
17,"State Representative, District 177","DEIDRA A WHITE (REP)","",5104,35.62,24053,14942,5,5,"0","0"
18,"State Representative, District 177","DEXTER SHARPER (I) (DEM)","",9226,64.38,24053,14942,5,5,"0","0"
19,"District Attorney, Southern Circuit","BRAD SHEALY","",29433,100.00,53910,38204,11,11,"0","0"
20,"CLERK, SUPERIOR COURT","B. C. GREEN (I) R","",29458,100.00,53910,38204,11,11,"0","0"
21,"SHERIFF","C. PRINE (I) R","",15910,42.61,53910,38204,11,11,"0","0"
22,"SHERIFF","A. PAULK (D)","",21428,57.39,53910,38204,11,11,"0","0"
23,"TAX COMMISSIONER","R. CAIN (R)","",20074,54.42,53910,38204,11,11,"0","0"
24,"TAX COMMISSIONER","F. F. WILLIAMS (D)","",16811,45.58,53910,38204,11,11,"0","0"
25,"TAX ASSESSOR P1","W. G. WALKER (D)","",29498,100.00,53910,38204,11,11,"0","0"
26,"TAX ASSESSOR P2","M. HILL (D)","",29389,100.00,53910,38204,11,11,"0","0"
27,"TAX ASSESSOR P3","L. BUTLER JR. (D)","",28890,100.00,53910,38204,11,11,"0","0"
28,"CORONER","A. FIVEASH (R)","",19278,52.93,53910,38204,11,11,"0","0"
29,"CORONER","B. CARTER (D)","",17145,47.07,53910,38204,11,11,"0","0"
30,"SOLICITOR","J. CABRAL (I) R","",20557,56.22,53910,38204,11,11,"0","0"
31,"SOLICITOR","J. CAIN (D)","",16007,43.78,53910,38204,11,11,"0","0"
32,"CHAIR CC","B. SLAUGHTER (I) R","",28738,100.00,53910,38204,11,11,"0","0"
33,"CC, D1","J. EVANS (I) D","",8756,100.00,16487,10357,7,7,"0","0"
34,"CC, D5","C. GRINER (I) R","",15533,74.13,29134,22146,8,8,"0","0"
35,"CC, D5","T. K MOFFITT (D)","",5421,25.87,29134,22146,8,8,"0","0"
36,"Constitutional Amendment #1<br>Provides greater flexibility and state accountability to fix failing schools through increasing community involvement.","YES","",16932,45.90,53910,38204,11,11,"0","0"
37,"Constitutional Amendment #1<br>Provides greater flexibility and state accountability to fix failing schools through increasing community involvement.","NO","",19956,54.10,53910,38204,11,11,"0","0"
38,"Constitutional Amendment #2<br>Authorizes penalties for sexual exploitation and assessments on adult entertainment to fund child victims' services.","YES","",30655,83.72,53910,38204,11,11,"0","0"
39,"Constitutional Amendment #2<br>Authorizes penalties for sexual exploitation and assessments on adult entertainment to fund child victims' services.","NO","",5962,16.28,53910,38204,11,11,"0","0"
40,"Constitutional Amendment #3<br>Reforms and re-establishes the Judicial Qualifications Commission and provides for its composition, governance, and powers.","YES","",21862,63.29,53910,38204,11,11,"0","0"
41,"Constitutional Amendment #3<br>Reforms and re-establishes the Judicial Qualifications Commission and provides for its composition, governance, and powers.","NO","",12680,36.71,53910,38204,11,11,"0","0"
42,"Constitutional Amendment #4<br>Dedicates revenue from existing taxes on fireworks to trauma care, fire services, and public safety.","YES","",28935,79.69,53910,38204,11,11,"0","0"
43,"Constitutional Amendment #4<br>Dedicates revenue from existing taxes on fireworks to trauma care, fire services, and public safety.","NO","",7375,20.31,53910,38204,11,11,"0","0"
