"line number","contest name","choice name","party name","total votes","percent of votes","registered voters","ballots cast","num Precinct total","num Precinct rptg","over votes","under votes"
1,"President of the United States","DONALD J. TRUMP","",10529,69.80,20151,15317,10,10,"0","0"
2,"President of the United States","HILLARY CLINTON","",4014,26.61,20151,15317,10,10,"0","0"
3,"President of the United States","GARY JOHNSON","",542,3.59,20151,15317,10,10,"0","0"
4,"United States Senator, Isakson","JOHNNY ISAKSON (I)","",10488,73.04,20151,15317,10,10,"0","0"
5,"United States Senator, Isakson","JIM BARKSDALE","",3216,22.40,20151,15317,10,10,"0","0"
6,"United States Senator, Isakson","ALLEN BUCKLEY","",655,4.56,20151,15317,10,10,"0","0"
7,"Public Service Commission, District 2 - Eastern","TIM ECHOLS (I)","",11090,80.04,20151,15314,10,10,"0","0"
8,"Public Service Commission, District 2 - Eastern","ERIC HOSKINS","",2766,19.96,20151,15314,10,10,"0","0"
9,"U.S. Representative, District 1","EARL �BUDDY� CARTER (I)","",12962,100.00,20151,15317,10,10,"0","0"
10,"State Senator, District 1","BEN WATSON (I) (REP)","",12700,100.00,20151,15314,10,10,"0","0"
11,"State Representative, District 160","JAN TANKERSLEY (I) (REP)","",2798,77.08,5197,3867,3,3,"0","0"
12,"State Representative, District 160","JAMES WOODALL (DEM)","",832,22.92,5197,3867,3,3,"0","0"
13,"State Representative, District 164","RON STEPHENS (I) (REP)","",5255,100.00,8851,6486,6,6,"0","0"
14,"State Representative, District 166","JESSE PETREA (I) (REP)","",4279,100.00,6103,4961,4,4,"0","0"
15,"PROBATE JUDGE","B. D. REYNOLDS SR (R","",12799,100.00,20151,15314,10,10,"0","0"
16,"CLERK SUPERIOR COURT","R. G. CROWE (I) R","",12989,100.00,20151,15314,10,10,"0","0"
17,"SHERIFF","C. R. SMITH (I) R","",12666,100.00,20151,15314,10,10,"0","0"
18,"TAX COMMISSIONER","C. A. COLEMAN (I) R","",12719,100.00,20151,15314,10,10,"0","0"
19,"CORONER","B. COX (I) R","",12842,100.00,20151,15314,10,10,"0","0"
20,"SOLICITOR","D. MONTGOMERY (R)","",12644,100.00,20151,15314,10,10,"0","0"
21,"CHAIR CC","C. INFINGER (R)","",12566,100.00,20151,15314,10,10,"0","0"
22,"CC, D1","N. S COVINGTON (I) R","",1946,100.00,3294,2420,2,2,"0","0"
23,"CC, D3","S. MYERS (I) R","",2845,100.00,4604,3472,2,2,"0","0"
24,"BOE, VICE CHAIRMAN P2","K. KRUPP (R)","",12656,100.00,20151,15314,10,10,"0","0"
25,"BOE, D2 P4","D. C. SEGER (I) R","",1892,100.00,3177,2344,2,2,"0","0"
26,"BOE, D3 P5","A. MURPHY (I) R","",2907,100.00,4604,3472,2,2,"0","0"
27,"SOIL AND WATER","P. A. FLOYD","",12262,100.00,20151,15314,10,10,"0","0"
28,"Constitutional Amendment #1<br>Provides greater flexibility and state accountability to fix failing schools through increasing community involvement.","YES","",6663,45.03,20151,15314,10,10,"0","0"
29,"Constitutional Amendment #1<br>Provides greater flexibility and state accountability to fix failing schools through increasing community involvement.","NO","",8134,54.97,20151,15314,10,10,"0","0"
30,"Constitutional Amendment #2<br>Authorizes penalties for sexual exploitation and assessments on adult entertainment to fund child victims' services.","YES","",12899,87.90,20151,15314,10,10,"0","0"
31,"Constitutional Amendment #2<br>Authorizes penalties for sexual exploitation and assessments on adult entertainment to fund child victims' services.","NO","",1776,12.10,20151,15314,10,10,"0","0"
32,"Constitutional Amendment #3<br>Reforms and re-establishes the Judicial Qualifications Commission and provides for its composition, governance, and powers.","YES","",9460,69.26,20151,15314,10,10,"0","0"
33,"Constitutional Amendment #3<br>Reforms and re-establishes the Judicial Qualifications Commission and provides for its composition, governance, and powers.","NO","",4198,30.74,20151,15314,10,10,"0","0"
34,"Constitutional Amendment #4<br>Dedicates revenue from existing taxes on fireworks to trauma care, fire services, and public safety.","YES","",12016,83.13,20151,15314,10,10,"0","0"
35,"Constitutional Amendment #4<br>Dedicates revenue from existing taxes on fireworks to trauma care, fire services, and public safety.","NO","",2438,16.87,20151,15314,10,10,"0","0"
36,"SPECIAL- CC, D4","B. BROOKSHIRE (R)","",3783,100.00,5616,4503,2,2,"0","0"
37,"SPECIAL - Freeport Exemption","YES","",9398,66.82,20151,15314,10,10,"0","0"
38,"SPECIAL - Freeport Exemption","NO","",4666,33.18,20151,15314,10,10,"0","0"
39,"SPECIAL - City of Pembroke","YES","",547,66.46,1233,857,1,1,"0","0"
40,"SPECIAL - City of Pembroke","NO","",276,33.54,1233,857,1,1,"0","0"
