<?xml version="1.0"?>
<!--Election result snapshot imported from Tabulation System
-->
<ElectionResult>
    <Timestamp>11/16/2016 1:46:38 PM EST</Timestamp>
    <ElectionName>November 8, 2016 - General Election</ElectionName>
    <ElectionDate>11/8/2016</ElectionDate>
    <Region>Seminole</Region>
    <VoterTurnout totalVoters="4905" ballotsCast="3619" voterTurnout="73.78">
        <Precincts>
            <Precinct name="Precinct 1" totalVoters="1070" ballotsCast="824" voterTurnout="77.01" percentReporting="4" />
            <Precinct name="Precinct 2" totalVoters="972" ballotsCast="734" voterTurnout="75.51" percentReporting="4" />
            <Precinct name="Precinct 3" totalVoters="953" ballotsCast="607" voterTurnout="63.69" percentReporting="4" />
            <Precinct name="Precinct 4" totalVoters="955" ballotsCast="724" voterTurnout="75.81" percentReporting="4" />
            <Precinct name="Precinct 5" totalVoters="955" ballotsCast="730" voterTurnout="76.44" percentReporting="4" />
        </Precincts>
    </VoterTurnout>
    <Contest key="1" text="President of the United States" isQuestion="false" precinctsReporting="5" precinctsReported="5">
        <VoteType name="Number of Precincts for Race" votes="5">
            <Precinct name="Precinct 1" votes="1" />
            <Precinct name="Precinct 2" votes="1" />
            <Precinct name="Precinct 3" votes="1" />
            <Precinct name="Precinct 4" votes="1" />
            <Precinct name="Precinct 5" votes="1" />
        </VoteType>
        <VoteType name="Number of Precincts Reporting" votes="5">
            <Precinct name="Precinct 1" votes="1" />
            <Precinct name="Precinct 2" votes="1" />
            <Precinct name="Precinct 3" votes="1" />
            <Precinct name="Precinct 4" votes="1" />
            <Precinct name="Precinct 5" votes="1" />
        </VoteType>
        <Choice key="10" text="DONALD J. TRUMP" totalVotes="2345">
            <VoteType name="Election Day" votes="1267">
                <Precinct name="Precinct 1" votes="283" />
                <Precinct name="Precinct 2" votes="211" />
                <Precinct name="Precinct 3" votes="44" />
                <Precinct name="Precinct 4" votes="345" />
                <Precinct name="Precinct 5" votes="384" />
            </VoteType>
            <VoteType name="Absentee by Mail" votes="114">
                <Precinct name="Precinct 1" votes="25" />
                <Precinct name="Precinct 2" votes="32" />
                <Precinct name="Precinct 3" votes="6" />
                <Precinct name="Precinct 4" votes="21" />
                <Precinct name="Precinct 5" votes="30" />
            </VoteType>
            <VoteType name="Advance in Person" votes="962">
                <Precinct name="Precinct 1" votes="265" />
                <Precinct name="Precinct 2" votes="246" />
                <Precinct name="Precinct 3" votes="42" />
                <Precinct name="Precinct 4" votes="199" />
                <Precinct name="Precinct 5" votes="210" />
            </VoteType>
            <VoteType name="Provisional" votes="2">
                <Precinct name="Precinct 1" votes="0" />
                <Precinct name="Precinct 2" votes="1" />
                <Precinct name="Precinct 3" votes="0" />
                <Precinct name="Precinct 4" votes="0" />
                <Precinct name="Precinct 5" votes="1" />
            </VoteType>
        </Choice>
        <Choice key="20" text="HILLARY CLINTON" totalVotes="1189">
            <VoteType name="Election Day" votes="682">
                <Precinct name="Precinct 1" votes="107" />
                <Precinct name="Precinct 2" votes="119" />
                <Precinct name="Precinct 3" votes="324" />
                <Precinct name="Precinct 4" votes="99" />
                <Precinct name="Precinct 5" votes="33" />
            </VoteType>
            <VoteType name="Absentee by Mail" votes="54">
                <Precinct name="Precinct 1" votes="17" />
                <Precinct name="Precinct 2" votes="7" />
                <Precinct name="Precinct 3" votes="13" />
                <Precinct name="Precinct 4" votes="5" />
                <Precinct name="Precinct 5" votes="12" />
            </VoteType>
            <VoteType name="Advance in Person" votes="450">
                <Precinct name="Precinct 1" votes="105" />
                <Precinct name="Precinct 2" votes="105" />
                <Precinct name="Precinct 3" votes="163" />
                <Precinct name="Precinct 4" votes="39" />
                <Precinct name="Precinct 5" votes="38" />
            </VoteType>
            <VoteType name="Provisional" votes="3">
                <Precinct name="Precinct 1" votes="0" />
                <Precinct name="Precinct 2" votes="1" />
                <Precinct name="Precinct 3" votes="1" />
                <Precinct name="Precinct 4" votes="1" />
                <Precinct name="Precinct 5" votes="0" />
            </VoteType>
        </Choice>
        <Choice key="30" text="GARY JOHNSON" totalVotes="48">
            <VoteType name="Election Day" votes="35">
                <Precinct name="Precinct 1" votes="8" />
                <Precinct name="Precinct 2" votes="5" />
                <Precinct name="Precinct 3" votes="5" />
                <Precinct name="Precinct 4" votes="7" />
                <Precinct name="Precinct 5" votes="10" />
            </VoteType>
            <VoteType name="Absentee by Mail" votes="3">
                <Precinct name="Precinct 1" votes="0" />
                <Precinct name="Precinct 2" votes="1" />
                <Precinct name="Precinct 3" votes="0" />
                <Precinct name="Precinct 4" votes="0" />
                <Precinct name="Precinct 5" votes="2" />
            </VoteType>
            <VoteType name="Advance in Person" votes="10">
                <Precinct name="Precinct 1" votes="3" />
                <Precinct name="Precinct 2" votes="4" />
                <Precinct name="Precinct 3" votes="0" />
                <Precinct name="Precinct 4" votes="3" />
                <Precinct name="Precinct 5" votes="0" />
            </VoteType>
            <VoteType name="Provisional" votes="0">
                <Precinct name="Precinct 1" votes="0" />
                <Precinct name="Precinct 2" votes="0" />
                <Precinct name="Precinct 3" votes="0" />
                <Precinct name="Precinct 4" votes="0" />
                <Precinct name="Precinct 5" votes="0" />
            </VoteType>
        </Choice>
    </Contest>
    <Contest key="10" text="United States Senator, Isakson" isQuestion="false" precinctsReporting="5" precinctsReported="5">
        <VoteType name="Number of Precincts for Race" votes="5">
            <Precinct name="Precinct 1" votes="1" />
            <Precinct name="Precinct 2" votes="1" />
            <Precinct name="Precinct 3" votes="1" />
            <Precinct name="Precinct 4" votes="1" />
            <Precinct name="Precinct 5" votes="1" />
        </VoteType>
        <VoteType name="Number of Precincts Reporting" votes="5">
            <Precinct name="Precinct 1" votes="1" />
            <Precinct name="Precinct 2" votes="1" />
            <Precinct name="Precinct 3" votes="1" />
            <Precinct name="Precinct 4" votes="1" />
            <Precinct name="Precinct 5" votes="1" />
        </VoteType>
        <Choice key="30" text="JOHNNY ISAKSON (I)" totalVotes="2070">
            <VoteType name="Election Day" votes="1112">
                <Precinct name="Precinct 1" votes="252" />
                <Precinct name="Precinct 2" votes="193" />
                <Precinct name="Precinct 3" votes="54" />
                <Precinct name="Precinct 4" votes="301" />
                <Precinct name="Precinct 5" votes="312" />
            </VoteType>
            <VoteType name="Absentee by Mail" votes="115">
                <Precinct name="Precinct 1" votes="26" />
                <Precinct name="Precinct 2" votes="31" />
                <Precinct name="Precinct 3" votes="6" />
                <Precinct name="Precinct 4" votes="19" />
                <Precinct name="Precinct 5" votes="33" />
            </VoteType>
            <VoteType name="Advance in Person" votes="842">
                <Precinct name="Precinct 1" votes="243" />
                <Precinct name="Precinct 2" votes="219" />
                <Precinct name="Precinct 3" votes="41" />
                <Precinct name="Precinct 4" votes="164" />
                <Precinct name="Precinct 5" votes="175" />
            </VoteType>
            <VoteType name="Provisional" votes="1">
                <Precinct name="Precinct 1" votes="0" />
                <Precinct name="Precinct 2" votes="1" />
                <Precinct name="Precinct 3" votes="0" />
                <Precinct name="Precinct 4" votes="0" />
                <Precinct name="Precinct 5" votes="0" />
            </VoteType>
        </Choice>
        <Choice key="40" text="JIM BARKSDALE" totalVotes="1012">
            <VoteType name="Election Day" votes="593">
                <Precinct name="Precinct 1" votes="106" />
                <Precinct name="Precinct 2" votes="95" />
                <Precinct name="Precinct 3" votes="269" />
                <Precinct name="Precinct 4" votes="89" />
                <Precinct name="Precinct 5" votes="34" />
            </VoteType>
            <VoteType name="Absentee by Mail" votes="50">
                <Precinct name="Precinct 1" votes="15" />
                <Precinct name="Precinct 2" votes="6" />
                <Precinct name="Precinct 3" votes="12" />
                <Precinct name="Precinct 4" votes="4" />
                <Precinct name="Precinct 5" votes="13" />
            </VoteType>
            <VoteType name="Advance in Person" votes="366">
                <Precinct name="Precinct 1" votes="70" />
                <Precinct name="Precinct 2" votes="85" />
                <Precinct name="Precinct 3" votes="145" />
                <Precinct name="Precinct 4" votes="32" />
                <Precinct name="Precinct 5" votes="34" />
            </VoteType>
            <VoteType name="Provisional" votes="3">
                <Precinct name="Precinct 1" votes="0" />
                <Precinct name="Precinct 2" votes="1" />
                <Precinct name="Precinct 3" votes="1" />
                <Precinct name="Precinct 4" votes="1" />
                <Precinct name="Precinct 5" votes="0" />
            </VoteType>
        </Choice>
        <Choice key="50" text="ALLEN BUCKLEY" totalVotes="90">
            <VoteType name="Election Day" votes="54">
                <Precinct name="Precinct 1" votes="9" />
                <Precinct name="Precinct 2" votes="8" />
                <Precinct name="Precinct 3" votes="4" />
                <Precinct name="Precinct 4" votes="12" />
                <Precinct name="Precinct 5" votes="21" />
            </VoteType>
            <VoteType name="Absentee by Mail" votes="7">
                <Precinct name="Precinct 1" votes="1" />
                <Precinct name="Precinct 2" votes="2" />
                <Precinct name="Precinct 3" votes="0" />
                <Precinct name="Precinct 4" votes="2" />
                <Precinct name="Precinct 5" votes="2" />
            </VoteType>
            <VoteType name="Advance in Person" votes="28">
                <Precinct name="Precinct 1" votes="9" />
                <Precinct name="Precinct 2" votes="10" />
                <Precinct name="Precinct 3" votes="1" />
                <Precinct name="Precinct 4" votes="3" />
                <Precinct name="Precinct 5" votes="5" />
            </VoteType>
            <VoteType name="Provisional" votes="1">
                <Precinct name="Precinct 1" votes="0" />
                <Precinct name="Precinct 2" votes="0" />
                <Precinct name="Precinct 3" votes="0" />
                <Precinct name="Precinct 4" votes="0" />
                <Precinct name="Precinct 5" votes="1" />
            </VoteType>
        </Choice>
    </Contest>
    <Contest key="30" text="Public Service Commission, District 2 - Eastern" isQuestion="false" precinctsReporting="5" precinctsReported="5">
        <VoteType name="Number of Precincts for Race" votes="5">
            <Precinct name="Precinct 1" votes="1" />
            <Precinct name="Precinct 2" votes="1" />
            <Precinct name="Precinct 3" votes="1" />
            <Precinct name="Precinct 4" votes="1" />
            <Precinct name="Precinct 5" votes="1" />
        </VoteType>
        <VoteType name="Number of Precincts Reporting" votes="5">
            <Precinct name="Precinct 1" votes="1" />
            <Precinct name="Precinct 2" votes="1" />
            <Precinct name="Precinct 3" votes="1" />
            <Precinct name="Precinct 4" votes="1" />
            <Precinct name="Precinct 5" votes="1" />
        </VoteType>
        <Choice key="20" text="TIM ECHOLS (I)" totalVotes="2344">
            <VoteType name="Election Day" votes="1285">
                <Precinct name="Precinct 1" votes="275" />
                <Precinct name="Precinct 2" votes="221" />
                <Precinct name="Precinct 3" votes="109" />
                <Precinct name="Precinct 4" votes="335" />
                <Precinct name="Precinct 5" votes="345" />
            </VoteType>
            <VoteType name="Absentee by Mail" votes="125">
                <Precinct name="Precinct 1" votes="30" />
                <Precinct name="Precinct 2" votes="33" />
                <Precinct name="Precinct 3" votes="8" />
                <Precinct name="Precinct 4" votes="21" />
                <Precinct name="Precinct 5" votes="33" />
            </VoteType>
            <VoteType name="Advance in Person" votes="932">
                <Precinct name="Precinct 1" votes="265" />
                <Precinct name="Precinct 2" votes="232" />
                <Precinct name="Precinct 3" votes="61" />
                <Precinct name="Precinct 4" votes="179" />
                <Precinct name="Precinct 5" votes="195" />
            </VoteType>
            <VoteType name="Provisional" votes="2">
                <Precinct name="Precinct 1" votes="0" />
                <Precinct name="Precinct 2" votes="1" />
                <Precinct name="Precinct 3" votes="0" />
                <Precinct name="Precinct 4" votes="0" />
                <Precinct name="Precinct 5" votes="1" />
            </VoteType>
        </Choice>
        <Choice key="30" text="ERIC HOSKINS" totalVotes="689">
            <VoteType name="Election Day" votes="406">
                <Precinct name="Precinct 1" votes="76" />
                <Precinct name="Precinct 2" votes="59" />
                <Precinct name="Precinct 3" votes="157" />
                <Precinct name="Precinct 4" votes="70" />
                <Precinct name="Precinct 5" votes="44" />
            </VoteType>
            <VoteType name="Absentee by Mail" votes="33">
                <Precinct name="Precinct 1" votes="8" />
                <Precinct name="Precinct 2" votes="2" />
                <Precinct name="Precinct 3" votes="8" />
                <Precinct name="Precinct 4" votes="3" />
                <Precinct name="Precinct 5" votes="12" />
            </VoteType>
            <VoteType name="Advance in Person" votes="247">
                <Precinct name="Precinct 1" votes="48" />
                <Precinct name="Precinct 2" votes="58" />
                <Precinct name="Precinct 3" votes="81" />
                <Precinct name="Precinct 4" votes="31" />
                <Precinct name="Precinct 5" votes="29" />
            </VoteType>
            <VoteType name="Provisional" votes="3">
                <Precinct name="Precinct 1" votes="0" />
                <Precinct name="Precinct 2" votes="1" />
                <Precinct name="Precinct 3" votes="1" />
                <Precinct name="Precinct 4" votes="1" />
                <Precinct name="Precinct 5" votes="0" />
            </VoteType>
        </Choice>
    </Contest>
    <Contest key="50" text="U.S. Representative, District 2" isQuestion="false" precinctsReporting="5" precinctsReported="5">
        <VoteType name="Number of Precincts for Race" votes="5">
            <Precinct name="Precinct 1" votes="1" />
            <Precinct name="Precinct 2" votes="1" />
            <Precinct name="Precinct 3" votes="1" />
            <Precinct name="Precinct 4" votes="1" />
            <Precinct name="Precinct 5" votes="1" />
        </VoteType>
        <VoteType name="Number of Precincts Reporting" votes="5">
            <Precinct name="Precinct 1" votes="1" />
            <Precinct name="Precinct 2" votes="1" />
            <Precinct name="Precinct 3" votes="1" />
            <Precinct name="Precinct 4" votes="1" />
            <Precinct name="Precinct 5" votes="1" />
        </VoteType>
        <Choice key="10" text="GREG DUKE" totalVotes="1959">
            <VoteType name="Election Day" votes="1064">
                <Precinct name="Precinct 1" votes="238" />
                <Precinct name="Precinct 2" votes="172" />
                <Precinct name="Precinct 3" votes="41" />
                <Precinct name="Precinct 4" votes="286" />
                <Precinct name="Precinct 5" votes="327" />
            </VoteType>
            <VoteType name="Absentee by Mail" votes="93">
                <Precinct name="Precinct 1" votes="12" />
                <Precinct name="Precinct 2" votes="31" />
                <Precinct name="Precinct 3" votes="4" />
                <Precinct name="Precinct 4" votes="21" />
                <Precinct name="Precinct 5" votes="25" />
            </VoteType>
            <VoteType name="Advance in Person" votes="800">
                <Precinct name="Precinct 1" votes="224" />
                <Precinct name="Precinct 2" votes="205" />
                <Precinct name="Precinct 3" votes="36" />
                <Precinct name="Precinct 4" votes="159" />
                <Precinct name="Precinct 5" votes="176" />
            </VoteType>
            <VoteType name="Provisional" votes="2">
                <Precinct name="Precinct 1" votes="0" />
                <Precinct name="Precinct 2" votes="1" />
                <Precinct name="Precinct 3" votes="0" />
                <Precinct name="Precinct 4" votes="0" />
                <Precinct name="Precinct 5" votes="1" />
            </VoteType>
        </Choice>
        <Choice key="20" text="SANFORD BISHOP (I)" totalVotes="1517">
            <VoteType name="Election Day" votes="867">
                <Precinct name="Precinct 1" votes="159" />
                <Precinct name="Precinct 2" votes="148" />
                <Precinct name="Precinct 3" votes="326" />
                <Precinct name="Precinct 4" votes="147" />
                <Precinct name="Precinct 5" votes="87" />
            </VoteType>
            <VoteType name="Absentee by Mail" votes="79">
                <Precinct name="Precinct 1" votes="30" />
                <Precinct name="Precinct 2" votes="8" />
                <Precinct name="Precinct 3" votes="14" />
                <Precinct name="Precinct 4" votes="5" />
                <Precinct name="Precinct 5" votes="22" />
            </VoteType>
            <VoteType name="Advance in Person" votes="568">
                <Precinct name="Precinct 1" votes="136" />
                <Precinct name="Precinct 2" votes="134" />
                <Precinct name="Precinct 3" votes="164" />
                <Precinct name="Precinct 4" votes="74" />
                <Precinct name="Precinct 5" votes="60" />
            </VoteType>
            <VoteType name="Provisional" votes="3">
                <Precinct name="Precinct 1" votes="0" />
                <Precinct name="Precinct 2" votes="1" />
                <Precinct name="Precinct 3" votes="1" />
                <Precinct name="Precinct 4" votes="1" />
                <Precinct name="Precinct 5" votes="0" />
            </VoteType>
        </Choice>
    </Contest>
    <Contest key="70" text="State Senator, District 11" isQuestion="false" precinctsReporting="5" precinctsReported="5">
        <VoteType name="Number of Precincts for Race" votes="5">
            <Precinct name="Precinct 1" votes="1" />
            <Precinct name="Precinct 2" votes="1" />
            <Precinct name="Precinct 3" votes="1" />
            <Precinct name="Precinct 4" votes="1" />
            <Precinct name="Precinct 5" votes="1" />
        </VoteType>
        <VoteType name="Number of Precincts Reporting" votes="5">
            <Precinct name="Precinct 1" votes="1" />
            <Precinct name="Precinct 2" votes="1" />
            <Precinct name="Precinct 3" votes="1" />
            <Precinct name="Precinct 4" votes="1" />
            <Precinct name="Precinct 5" votes="1" />
        </VoteType>
        <Choice key="10" text="DEAN BURKE (I)" totalVotes="2829">
            <VoteType name="Election Day" votes="1582">
                <Precinct name="Precinct 1" votes="331" />
                <Precinct name="Precinct 2" votes="260" />
                <Precinct name="Precinct 3" votes="206" />
                <Precinct name="Precinct 4" votes="396" />
                <Precinct name="Precinct 5" votes="389" />
            </VoteType>
            <VoteType name="Absentee by Mail" votes="132">
                <Precinct name="Precinct 1" votes="34" />
                <Precinct name="Precinct 2" votes="30" />
                <Precinct name="Precinct 3" votes="13" />
                <Precinct name="Precinct 4" votes="18" />
                <Precinct name="Precinct 5" votes="37" />
            </VoteType>
            <VoteType name="Advance in Person" votes="1111">
                <Precinct name="Precinct 1" votes="310" />
                <Precinct name="Precinct 2" votes="281" />
                <Precinct name="Precinct 3" votes="108" />
                <Precinct name="Precinct 4" votes="199" />
                <Precinct name="Precinct 5" votes="213" />
            </VoteType>
            <VoteType name="Provisional" votes="4">
                <Precinct name="Precinct 1" votes="0" />
                <Precinct name="Precinct 2" votes="1" />
                <Precinct name="Precinct 3" votes="1" />
                <Precinct name="Precinct 4" votes="1" />
                <Precinct name="Precinct 5" votes="1" />
            </VoteType>
        </Choice>
    </Contest>
    <Contest key="100" text="State Representative, District 154" isQuestion="false" precinctsReporting="5" precinctsReported="5">
        <VoteType name="Number of Precincts for Race" votes="5">
            <Precinct name="Precinct 1" votes="1" />
            <Precinct name="Precinct 2" votes="1" />
            <Precinct name="Precinct 3" votes="1" />
            <Precinct name="Precinct 4" votes="1" />
            <Precinct name="Precinct 5" votes="1" />
        </VoteType>
        <VoteType name="Number of Precincts Reporting" votes="5">
            <Precinct name="Precinct 1" votes="1" />
            <Precinct name="Precinct 2" votes="1" />
            <Precinct name="Precinct 3" votes="1" />
            <Precinct name="Precinct 4" votes="1" />
            <Precinct name="Precinct 5" votes="1" />
        </VoteType>
        <Choice key="10" text="WINFRED DUKES (I)" totalVotes="2575">
            <VoteType name="Election Day" votes="1484">
                <Precinct name="Precinct 1" votes="308" />
                <Precinct name="Precinct 2" votes="246" />
                <Precinct name="Precinct 3" votes="318" />
                <Precinct name="Precinct 4" votes="348" />
                <Precinct name="Precinct 5" votes="264" />
            </VoteType>
            <VoteType name="Absentee by Mail" votes="127">
                <Precinct name="Precinct 1" votes="32" />
                <Precinct name="Precinct 2" votes="24" />
                <Precinct name="Precinct 3" votes="18" />
                <Precinct name="Precinct 4" votes="19" />
                <Precinct name="Precinct 5" votes="34" />
            </VoteType>
            <VoteType name="Advance in Person" votes="959">
                <Precinct name="Precinct 1" votes="247" />
                <Precinct name="Precinct 2" votes="238" />
                <Precinct name="Precinct 3" votes="157" />
                <Precinct name="Precinct 4" votes="172" />
                <Precinct name="Precinct 5" votes="145" />
            </VoteType>
            <VoteType name="Provisional" votes="5">
                <Precinct name="Precinct 1" votes="0" />
                <Precinct name="Precinct 2" votes="2" />
                <Precinct name="Precinct 3" votes="1" />
                <Precinct name="Precinct 4" votes="1" />
                <Precinct name="Precinct 5" votes="1" />
            </VoteType>
        </Choice>
    </Contest>
    <Contest key="120" text="District Attorney, Pataula Circuit" isQuestion="false" precinctsReporting="5" precinctsReported="5">
        <VoteType name="Number of Precincts for Race" votes="5">
            <Precinct name="Precinct 1" votes="1" />
            <Precinct name="Precinct 2" votes="1" />
            <Precinct name="Precinct 3" votes="1" />
            <Precinct name="Precinct 4" votes="1" />
            <Precinct name="Precinct 5" votes="1" />
        </VoteType>
        <VoteType name="Number of Precincts Reporting" votes="5">
            <Precinct name="Precinct 1" votes="1" />
            <Precinct name="Precinct 2" votes="1" />
            <Precinct name="Precinct 3" votes="1" />
            <Precinct name="Precinct 4" votes="1" />
            <Precinct name="Precinct 5" votes="1" />
        </VoteType>
        <Choice key="10" text="T.CRAIG EARNEST (I)" totalVotes="2886">
            <VoteType name="Election Day" votes="1618">
                <Precinct name="Precinct 1" votes="345" />
                <Precinct name="Precinct 2" votes="277" />
                <Precinct name="Precinct 3" votes="314" />
                <Precinct name="Precinct 4" votes="389" />
                <Precinct name="Precinct 5" votes="293" />
            </VoteType>
            <VoteType name="Absentee by Mail" votes="136">
                <Precinct name="Precinct 1" votes="34" />
                <Precinct name="Precinct 2" votes="30" />
                <Precinct name="Precinct 3" votes="17" />
                <Precinct name="Precinct 4" votes="21" />
                <Precinct name="Precinct 5" votes="34" />
            </VoteType>
            <VoteType name="Advance in Person" votes="1127">
                <Precinct name="Precinct 1" votes="308" />
                <Precinct name="Precinct 2" votes="284" />
                <Precinct name="Precinct 3" votes="171" />
                <Precinct name="Precinct 4" votes="200" />
                <Precinct name="Precinct 5" votes="164" />
            </VoteType>
            <VoteType name="Provisional" votes="5">
                <Precinct name="Precinct 1" votes="0" />
                <Precinct name="Precinct 2" votes="2" />
                <Precinct name="Precinct 3" votes="1" />
                <Precinct name="Precinct 4" votes="1" />
                <Precinct name="Precinct 5" votes="1" />
            </VoteType>
        </Choice>
    </Contest>
    <Contest key="160" text="CLERK, SUPERIOR COURT" isQuestion="false" precinctsReporting="5" precinctsReported="5">
        <VoteType name="Number of Precincts for Race" votes="5">
            <Precinct name="Precinct 1" votes="1" />
            <Precinct name="Precinct 2" votes="1" />
            <Precinct name="Precinct 3" votes="1" />
            <Precinct name="Precinct 4" votes="1" />
            <Precinct name="Precinct 5" votes="1" />
        </VoteType>
        <VoteType name="Number of Precincts Reporting" votes="5">
            <Precinct name="Precinct 1" votes="1" />
            <Precinct name="Precinct 2" votes="1" />
            <Precinct name="Precinct 3" votes="1" />
            <Precinct name="Precinct 4" votes="1" />
            <Precinct name="Precinct 5" votes="1" />
        </VoteType>
        <Choice key="10" text="E. BRAMLETT (I) D" totalVotes="3010">
            <VoteType name="Election Day" votes="1675">
                <Precinct name="Precinct 1" votes="347" />
                <Precinct name="Precinct 2" votes="279" />
                <Precinct name="Precinct 3" votes="335" />
                <Precinct name="Precinct 4" votes="402" />
                <Precinct name="Precinct 5" votes="312" />
            </VoteType>
            <VoteType name="Absentee by Mail" votes="140">
                <Precinct name="Precinct 1" votes="36" />
                <Precinct name="Precinct 2" votes="30" />
                <Precinct name="Precinct 3" votes="17" />
                <Precinct name="Precinct 4" votes="21" />
                <Precinct name="Precinct 5" votes="36" />
            </VoteType>
            <VoteType name="Advance in Person" votes="1190">
                <Precinct name="Precinct 1" votes="316" />
                <Precinct name="Precinct 2" votes="304" />
                <Precinct name="Precinct 3" votes="186" />
                <Precinct name="Precinct 4" votes="205" />
                <Precinct name="Precinct 5" votes="179" />
            </VoteType>
            <VoteType name="Provisional" votes="5">
                <Precinct name="Precinct 1" votes="0" />
                <Precinct name="Precinct 2" votes="2" />
                <Precinct name="Precinct 3" votes="1" />
                <Precinct name="Precinct 4" votes="1" />
                <Precinct name="Precinct 5" votes="1" />
            </VoteType>
        </Choice>
    </Contest>
    <Contest key="180" text="SHERIFF" isQuestion="false" precinctsReporting="5" precinctsReported="5">
        <VoteType name="Number of Precincts for Race" votes="5">
            <Precinct name="Precinct 1" votes="1" />
            <Precinct name="Precinct 2" votes="1" />
            <Precinct name="Precinct 3" votes="1" />
            <Precinct name="Precinct 4" votes="1" />
            <Precinct name="Precinct 5" votes="1" />
        </VoteType>
        <VoteType name="Number of Precincts Reporting" votes="5">
            <Precinct name="Precinct 1" votes="1" />
            <Precinct name="Precinct 2" votes="1" />
            <Precinct name="Precinct 3" votes="1" />
            <Precinct name="Precinct 4" votes="1" />
            <Precinct name="Precinct 5" votes="1" />
        </VoteType>
        <Choice key="10" text="H. ELLIOTT (I) D" totalVotes="3115">
            <VoteType name="Election Day" votes="1736">
                <Precinct name="Precinct 1" votes="362" />
                <Precinct name="Precinct 2" votes="289" />
                <Precinct name="Precinct 3" votes="337" />
                <Precinct name="Precinct 4" votes="407" />
                <Precinct name="Precinct 5" votes="341" />
            </VoteType>
            <VoteType name="Absentee by Mail" votes="140">
                <Precinct name="Precinct 1" votes="37" />
                <Precinct name="Precinct 2" votes="31" />
                <Precinct name="Precinct 3" votes="17" />
                <Precinct name="Precinct 4" votes="20" />
                <Precinct name="Precinct 5" votes="35" />
            </VoteType>
            <VoteType name="Advance in Person" votes="1234">
                <Precinct name="Precinct 1" votes="330" />
                <Precinct name="Precinct 2" votes="310" />
                <Precinct name="Precinct 3" votes="186" />
                <Precinct name="Precinct 4" votes="211" />
                <Precinct name="Precinct 5" votes="197" />
            </VoteType>
            <VoteType name="Provisional" votes="5">
                <Precinct name="Precinct 1" votes="0" />
                <Precinct name="Precinct 2" votes="2" />
                <Precinct name="Precinct 3" votes="1" />
                <Precinct name="Precinct 4" votes="1" />
                <Precinct name="Precinct 5" votes="1" />
            </VoteType>
        </Choice>
    </Contest>
    <Contest key="200" text="TAX COMMISSIONER" isQuestion="false" precinctsReporting="5" precinctsReported="5">
        <VoteType name="Number of Precincts for Race" votes="5">
            <Precinct name="Precinct 1" votes="1" />
            <Precinct name="Precinct 2" votes="1" />
            <Precinct name="Precinct 3" votes="1" />
            <Precinct name="Precinct 4" votes="1" />
            <Precinct name="Precinct 5" votes="1" />
        </VoteType>
        <VoteType name="Number of Precincts Reporting" votes="5">
            <Precinct name="Precinct 1" votes="1" />
            <Precinct name="Precinct 2" votes="1" />
            <Precinct name="Precinct 3" votes="1" />
            <Precinct name="Precinct 4" votes="1" />
            <Precinct name="Precinct 5" votes="1" />
        </VoteType>
        <Choice key="10" text="L. JOHNSON (I) D" totalVotes="3018">
            <VoteType name="Election Day" votes="1674">
                <Precinct name="Precinct 1" votes="355" />
                <Precinct name="Precinct 2" votes="276" />
                <Precinct name="Precinct 3" votes="328" />
                <Precinct name="Precinct 4" votes="394" />
                <Precinct name="Precinct 5" votes="321" />
            </VoteType>
            <VoteType name="Absentee by Mail" votes="139">
                <Precinct name="Precinct 1" votes="36" />
                <Precinct name="Precinct 2" votes="30" />
                <Precinct name="Precinct 3" votes="17" />
                <Precinct name="Precinct 4" votes="21" />
                <Precinct name="Precinct 5" votes="35" />
            </VoteType>
            <VoteType name="Advance in Person" votes="1200">
                <Precinct name="Precinct 1" votes="316" />
                <Precinct name="Precinct 2" votes="308" />
                <Precinct name="Precinct 3" votes="180" />
                <Precinct name="Precinct 4" votes="212" />
                <Precinct name="Precinct 5" votes="184" />
            </VoteType>
            <VoteType name="Provisional" votes="5">
                <Precinct name="Precinct 1" votes="0" />
                <Precinct name="Precinct 2" votes="2" />
                <Precinct name="Precinct 3" votes="1" />
                <Precinct name="Precinct 4" votes="1" />
                <Precinct name="Precinct 5" votes="1" />
            </VoteType>
        </Choice>
    </Contest>
    <Contest key="220" text="CORONER" isQuestion="false" precinctsReporting="5" precinctsReported="5">
        <VoteType name="Number of Precincts for Race" votes="5">
            <Precinct name="Precinct 1" votes="1" />
            <Precinct name="Precinct 2" votes="1" />
            <Precinct name="Precinct 3" votes="1" />
            <Precinct name="Precinct 4" votes="1" />
            <Precinct name="Precinct 5" votes="1" />
        </VoteType>
        <VoteType name="Number of Precincts Reporting" votes="5">
            <Precinct name="Precinct 1" votes="1" />
            <Precinct name="Precinct 2" votes="1" />
            <Precinct name="Precinct 3" votes="1" />
            <Precinct name="Precinct 4" votes="1" />
            <Precinct name="Precinct 5" votes="1" />
        </VoteType>
        <Choice key="20" text="C. SMITH (I) D" totalVotes="2970">
            <VoteType name="Election Day" votes="1647">
                <Precinct name="Precinct 1" votes="345" />
                <Precinct name="Precinct 2" votes="269" />
                <Precinct name="Precinct 3" votes="319" />
                <Precinct name="Precinct 4" votes="389" />
                <Precinct name="Precinct 5" votes="325" />
            </VoteType>
            <VoteType name="Absentee by Mail" votes="139">
                <Precinct name="Precinct 1" votes="34" />
                <Precinct name="Precinct 2" votes="30" />
                <Precinct name="Precinct 3" votes="17" />
                <Precinct name="Precinct 4" votes="21" />
                <Precinct name="Precinct 5" votes="37" />
            </VoteType>
            <VoteType name="Advance in Person" votes="1179">
                <Precinct name="Precinct 1" votes="312" />
                <Precinct name="Precinct 2" votes="296" />
                <Precinct name="Precinct 3" votes="176" />
                <Precinct name="Precinct 4" votes="205" />
                <Precinct name="Precinct 5" votes="190" />
            </VoteType>
            <VoteType name="Provisional" votes="5">
                <Precinct name="Precinct 1" votes="0" />
                <Precinct name="Precinct 2" votes="2" />
                <Precinct name="Precinct 3" votes="1" />
                <Precinct name="Precinct 4" votes="1" />
                <Precinct name="Precinct 5" votes="1" />
            </VoteType>
        </Choice>
    </Contest>
    <Contest key="230" text="CC, D1" isQuestion="false" precinctsReporting="1" precinctsReported="1">
        <VoteType name="Number of Precincts for Race" votes="1">
            <Precinct name="Precinct 1" votes="1" />
        </VoteType>
        <VoteType name="Number of Precincts Reporting" votes="1">
            <Precinct name="Precinct 1" votes="1" />
        </VoteType>
        <Choice key="10" text="M. SPOONER (R)" totalVotes="654">
            <VoteType name="Election Day" votes="316">
                <Precinct name="Precinct 1" votes="316" />
            </VoteType>
            <VoteType name="Absentee by Mail" votes="32">
                <Precinct name="Precinct 1" votes="32" />
            </VoteType>
            <VoteType name="Advance in Person" votes="306">
                <Precinct name="Precinct 1" votes="306" />
            </VoteType>
            <VoteType name="Provisional" votes="0">
                <Precinct name="Precinct 1" votes="0" />
            </VoteType>
        </Choice>
    </Contest>
    <Contest key="260" text="CC, D3" isQuestion="false" precinctsReporting="1" precinctsReported="1">
        <VoteType name="Number of Precincts for Race" votes="1">
            <Precinct name="Precinct 3" votes="1" />
        </VoteType>
        <VoteType name="Number of Precincts Reporting" votes="1">
            <Precinct name="Precinct 3" votes="1" />
        </VoteType>
        <Choice key="10" text="B. PETERSON (I) D" totalVotes="541">
            <VoteType name="Election Day" votes="335">
                <Precinct name="Precinct 3" votes="335" />
            </VoteType>
            <VoteType name="Absentee by Mail" votes="17">
                <Precinct name="Precinct 3" votes="17" />
            </VoteType>
            <VoteType name="Advance in Person" votes="188">
                <Precinct name="Precinct 3" votes="188" />
            </VoteType>
            <VoteType name="Provisional" votes="1">
                <Precinct name="Precinct 3" votes="1" />
            </VoteType>
        </Choice>
    </Contest>
    <Contest key="280" text="CC, D5" isQuestion="false" precinctsReporting="1" precinctsReported="1">
        <VoteType name="Number of Precincts for Race" votes="1">
            <Precinct name="Precinct 5" votes="1" />
        </VoteType>
        <VoteType name="Number of Precincts Reporting" votes="1">
            <Precinct name="Precinct 5" votes="1" />
        </VoteType>
        <Choice key="10" text="D. CULVERSON (I) D" totalVotes="476">
            <VoteType name="Election Day" votes="271">
                <Precinct name="Precinct 5" votes="271" />
            </VoteType>
            <VoteType name="Absentee by Mail" votes="33">
                <Precinct name="Precinct 5" votes="33" />
            </VoteType>
            <VoteType name="Advance in Person" votes="171">
                <Precinct name="Precinct 5" votes="171" />
            </VoteType>
            <VoteType name="Provisional" votes="1">
                <Precinct name="Precinct 5" votes="1" />
            </VoteType>
        </Choice>
    </Contest>
    <Contest key="300" text="BOE, D2" isQuestion="false" precinctsReporting="1" precinctsReported="1">
        <VoteType name="Number of Precincts for Race" votes="1">
            <Precinct name="Precinct 2" votes="1" />
        </VoteType>
        <VoteType name="Number of Precincts Reporting" votes="1">
            <Precinct name="Precinct 2" votes="1" />
        </VoteType>
        <Choice key="10" text="C. WALKER (I) D" totalVotes="618">
            <VoteType name="Election Day" votes="278">
                <Precinct name="Precinct 2" votes="278" />
            </VoteType>
            <VoteType name="Absentee by Mail" votes="30">
                <Precinct name="Precinct 2" votes="30" />
            </VoteType>
            <VoteType name="Advance in Person" votes="308">
                <Precinct name="Precinct 2" votes="308" />
            </VoteType>
            <VoteType name="Provisional" votes="2">
                <Precinct name="Precinct 2" votes="2" />
            </VoteType>
        </Choice>
    </Contest>
    <Contest key="320" text="BOE, D4" isQuestion="false" precinctsReporting="1" precinctsReported="1">
        <VoteType name="Number of Precincts for Race" votes="1">
            <Precinct name="Precinct 4" votes="1" />
        </VoteType>
        <VoteType name="Number of Precincts Reporting" votes="1">
            <Precinct name="Precinct 4" votes="1" />
        </VoteType>
        <Choice key="10" text="M. KIRKLAND (I) D" totalVotes="626">
            <VoteType name="Election Day" votes="392">
                <Precinct name="Precinct 4" votes="392" />
            </VoteType>
            <VoteType name="Absentee by Mail" votes="22">
                <Precinct name="Precinct 4" votes="22" />
            </VoteType>
            <VoteType name="Advance in Person" votes="211">
                <Precinct name="Precinct 4" votes="211" />
            </VoteType>
            <VoteType name="Provisional" votes="1">
                <Precinct name="Precinct 4" votes="1" />
            </VoteType>
        </Choice>
    </Contest>
    <Contest key="330" text="Constitutional Amendment #1&lt;br&gt;Provides greater flexibility and state accountability to fix failing schools through increasing community involvement." isQuestion="false" precinctsReporting="5" precinctsReported="5">
        <VoteType name="Number of Precincts for Race" votes="5">
            <Precinct name="Precinct 1" votes="1" />
            <Precinct name="Precinct 2" votes="1" />
            <Precinct name="Precinct 3" votes="1" />
            <Precinct name="Precinct 4" votes="1" />
            <Precinct name="Precinct 5" votes="1" />
        </VoteType>
        <VoteType name="Number of Precincts Reporting" votes="5">
            <Precinct name="Precinct 1" votes="1" />
            <Precinct name="Precinct 2" votes="1" />
            <Precinct name="Precinct 3" votes="1" />
            <Precinct name="Precinct 4" votes="1" />
            <Precinct name="Precinct 5" votes="1" />
        </VoteType>
        <Choice key="10" text="YES" totalVotes="1345">
            <VoteType name="Election Day" votes="698">
                <Precinct name="Precinct 1" votes="113" />
                <Precinct name="Precinct 2" votes="108" />
                <Precinct name="Precinct 3" votes="167" />
                <Precinct name="Precinct 4" votes="149" />
                <Precinct name="Precinct 5" votes="161" />
            </VoteType>
            <VoteType name="Absentee by Mail" votes="75">
                <Precinct name="Precinct 1" votes="8" />
                <Precinct name="Precinct 2" votes="16" />
                <Precinct name="Precinct 3" votes="11" />
                <Precinct name="Precinct 4" votes="13" />
                <Precinct name="Precinct 5" votes="27" />
            </VoteType>
            <VoteType name="Advance in Person" votes="570">
                <Precinct name="Precinct 1" votes="130" />
                <Precinct name="Precinct 2" votes="141" />
                <Precinct name="Precinct 3" votes="99" />
                <Precinct name="Precinct 4" votes="89" />
                <Precinct name="Precinct 5" votes="111" />
            </VoteType>
            <VoteType name="Provisional" votes="2">
                <Precinct name="Precinct 1" votes="0" />
                <Precinct name="Precinct 2" votes="1" />
                <Precinct name="Precinct 3" votes="0" />
                <Precinct name="Precinct 4" votes="0" />
                <Precinct name="Precinct 5" votes="1" />
            </VoteType>
        </Choice>
        <Choice key="20" text="NO" totalVotes="1987">
            <VoteType name="Election Day" votes="1157">
                <Precinct name="Precinct 1" votes="267" />
                <Precinct name="Precinct 2" votes="204" />
                <Precinct name="Precinct 3" votes="172" />
                <Precinct name="Precinct 4" votes="277" />
                <Precinct name="Precinct 5" votes="237" />
            </VoteType>
            <VoteType name="Absentee by Mail" votes="93">
                <Precinct name="Precinct 1" votes="33" />
                <Precinct name="Precinct 2" votes="21" />
                <Precinct name="Precinct 3" votes="8" />
                <Precinct name="Precinct 4" votes="12" />
                <Precinct name="Precinct 5" votes="19" />
            </VoteType>
            <VoteType name="Advance in Person" votes="736">
                <Precinct name="Precinct 1" votes="210" />
                <Precinct name="Precinct 2" votes="186" />
                <Precinct name="Precinct 3" votes="87" />
                <Precinct name="Precinct 4" votes="138" />
                <Precinct name="Precinct 5" votes="115" />
            </VoteType>
            <VoteType name="Provisional" votes="1">
                <Precinct name="Precinct 1" votes="0" />
                <Precinct name="Precinct 2" votes="0" />
                <Precinct name="Precinct 3" votes="0" />
                <Precinct name="Precinct 4" votes="1" />
                <Precinct name="Precinct 5" votes="0" />
            </VoteType>
        </Choice>
    </Contest>
    <Contest key="340" text="Constitutional Amendment #2&lt;br&gt;Authorizes penalties for sexual exploitation and assessments on adult entertainment to fund child victims' services." isQuestion="false" precinctsReporting="5" precinctsReported="5">
        <VoteType name="Number of Precincts for Race" votes="5">
            <Precinct name="Precinct 1" votes="1" />
            <Precinct name="Precinct 2" votes="1" />
            <Precinct name="Precinct 3" votes="1" />
            <Precinct name="Precinct 4" votes="1" />
            <Precinct name="Precinct 5" votes="1" />
        </VoteType>
        <VoteType name="Number of Precincts Reporting" votes="5">
            <Precinct name="Precinct 1" votes="1" />
            <Precinct name="Precinct 2" votes="1" />
            <Precinct name="Precinct 3" votes="1" />
            <Precinct name="Precinct 4" votes="1" />
            <Precinct name="Precinct 5" votes="1" />
        </VoteType>
        <Choice key="10" text="YES" totalVotes="2739">
            <VoteType name="Election Day" votes="1506">
                <Precinct name="Precinct 1" votes="293" />
                <Precinct name="Precinct 2" votes="258" />
                <Precinct name="Precinct 3" votes="278" />
                <Precinct name="Precinct 4" votes="343" />
                <Precinct name="Precinct 5" votes="334" />
            </VoteType>
            <VoteType name="Absentee by Mail" votes="138">
                <Precinct name="Precinct 1" votes="32" />
                <Precinct name="Precinct 2" votes="32" />
                <Precinct name="Precinct 3" votes="13" />
                <Precinct name="Precinct 4" votes="21" />
                <Precinct name="Precinct 5" votes="40" />
            </VoteType>
            <VoteType name="Advance in Person" votes="1092">
                <Precinct name="Precinct 1" votes="288" />
                <Precinct name="Precinct 2" votes="276" />
                <Precinct name="Precinct 3" votes="150" />
                <Precinct name="Precinct 4" votes="186" />
                <Precinct name="Precinct 5" votes="192" />
            </VoteType>
            <VoteType name="Provisional" votes="3">
                <Precinct name="Precinct 1" votes="0" />
                <Precinct name="Precinct 2" votes="1" />
                <Precinct name="Precinct 3" votes="0" />
                <Precinct name="Precinct 4" votes="1" />
                <Precinct name="Precinct 5" votes="1" />
            </VoteType>
        </Choice>
        <Choice key="20" text="NO" totalVotes="606">
            <VoteType name="Election Day" votes="354">
                <Precinct name="Precinct 1" votes="78" />
                <Precinct name="Precinct 2" votes="51" />
                <Precinct name="Precinct 3" votes="69" />
                <Precinct name="Precinct 4" votes="83" />
                <Precinct name="Precinct 5" votes="73" />
            </VoteType>
            <VoteType name="Absentee by Mail" votes="30">
                <Precinct name="Precinct 1" votes="9" />
                <Precinct name="Precinct 2" votes="7" />
                <Precinct name="Precinct 3" votes="4" />
                <Precinct name="Precinct 4" votes="4" />
                <Precinct name="Precinct 5" votes="6" />
            </VoteType>
            <VoteType name="Advance in Person" votes="222">
                <Precinct name="Precinct 1" votes="56" />
                <Precinct name="Precinct 2" votes="54" />
                <Precinct name="Precinct 3" votes="37" />
                <Precinct name="Precinct 4" votes="35" />
                <Precinct name="Precinct 5" votes="40" />
            </VoteType>
            <VoteType name="Provisional" votes="0">
                <Precinct name="Precinct 1" votes="0" />
                <Precinct name="Precinct 2" votes="0" />
                <Precinct name="Precinct 3" votes="0" />
                <Precinct name="Precinct 4" votes="0" />
                <Precinct name="Precinct 5" votes="0" />
            </VoteType>
        </Choice>
    </Contest>
    <Contest key="350" text="Constitutional Amendment #3&lt;br&gt;Reforms and re-establishes the Judicial Qualifications Commission and provides for its composition, governance, and powers." isQuestion="false" precinctsReporting="5" precinctsReported="5">
        <VoteType name="Number of Precincts for Race" votes="5">
            <Precinct name="Precinct 1" votes="1" />
            <Precinct name="Precinct 2" votes="1" />
            <Precinct name="Precinct 3" votes="1" />
            <Precinct name="Precinct 4" votes="1" />
            <Precinct name="Precinct 5" votes="1" />
        </VoteType>
        <VoteType name="Number of Precincts Reporting" votes="5">
            <Precinct name="Precinct 1" votes="1" />
            <Precinct name="Precinct 2" votes="1" />
            <Precinct name="Precinct 3" votes="1" />
            <Precinct name="Precinct 4" votes="1" />
            <Precinct name="Precinct 5" votes="1" />
        </VoteType>
        <Choice key="10" text="YES" totalVotes="2050">
            <VoteType name="Election Day" votes="1125">
                <Precinct name="Precinct 1" votes="217" />
                <Precinct name="Precinct 2" votes="183" />
                <Precinct name="Precinct 3" votes="229" />
                <Precinct name="Precinct 4" votes="255" />
                <Precinct name="Precinct 5" votes="241" />
            </VoteType>
            <VoteType name="Absentee by Mail" votes="98">
                <Precinct name="Precinct 1" votes="23" />
                <Precinct name="Precinct 2" votes="19" />
                <Precinct name="Precinct 3" votes="11" />
                <Precinct name="Precinct 4" votes="17" />
                <Precinct name="Precinct 5" votes="28" />
            </VoteType>
            <VoteType name="Advance in Person" votes="825">
                <Precinct name="Precinct 1" votes="214" />
                <Precinct name="Precinct 2" votes="211" />
                <Precinct name="Precinct 3" votes="119" />
                <Precinct name="Precinct 4" votes="129" />
                <Precinct name="Precinct 5" votes="152" />
            </VoteType>
            <VoteType name="Provisional" votes="2">
                <Precinct name="Precinct 1" votes="0" />
                <Precinct name="Precinct 2" votes="1" />
                <Precinct name="Precinct 3" votes="0" />
                <Precinct name="Precinct 4" votes="0" />
                <Precinct name="Precinct 5" votes="1" />
            </VoteType>
        </Choice>
        <Choice key="20" text="NO" totalVotes="1107">
            <VoteType name="Election Day" votes="642">
                <Precinct name="Precinct 1" votes="135" />
                <Precinct name="Precinct 2" votes="114" />
                <Precinct name="Precinct 3" votes="100" />
                <Precinct name="Precinct 4" votes="150" />
                <Precinct name="Precinct 5" votes="143" />
            </VoteType>
            <VoteType name="Absentee by Mail" votes="58">
                <Precinct name="Precinct 1" votes="15" />
                <Precinct name="Precinct 2" votes="17" />
                <Precinct name="Precinct 3" votes="5" />
                <Precinct name="Precinct 4" votes="7" />
                <Precinct name="Precinct 5" votes="14" />
            </VoteType>
            <VoteType name="Advance in Person" votes="406">
                <Precinct name="Precinct 1" votes="112" />
                <Precinct name="Precinct 2" votes="98" />
                <Precinct name="Precinct 3" votes="53" />
                <Precinct name="Precinct 4" votes="73" />
                <Precinct name="Precinct 5" votes="70" />
            </VoteType>
            <VoteType name="Provisional" votes="1">
                <Precinct name="Precinct 1" votes="0" />
                <Precinct name="Precinct 2" votes="0" />
                <Precinct name="Precinct 3" votes="0" />
                <Precinct name="Precinct 4" votes="1" />
                <Precinct name="Precinct 5" votes="0" />
            </VoteType>
        </Choice>
    </Contest>
    <Contest key="360" text="Constitutional Amendment #4&lt;br&gt;Dedicates revenue from existing taxes on fireworks to trauma care, fire services, and public safety." isQuestion="false" precinctsReporting="5" precinctsReported="5">
        <VoteType name="Number of Precincts for Race" votes="5">
            <Precinct name="Precinct 1" votes="1" />
            <Precinct name="Precinct 2" votes="1" />
            <Precinct name="Precinct 3" votes="1" />
            <Precinct name="Precinct 4" votes="1" />
            <Precinct name="Precinct 5" votes="1" />
        </VoteType>
        <VoteType name="Number of Precincts Reporting" votes="5">
            <Precinct name="Precinct 1" votes="1" />
            <Precinct name="Precinct 2" votes="1" />
            <Precinct name="Precinct 3" votes="1" />
            <Precinct name="Precinct 4" votes="1" />
            <Precinct name="Precinct 5" votes="1" />
        </VoteType>
        <Choice key="10" text="YES" totalVotes="2641">
            <VoteType name="Election Day" votes="1435">
                <Precinct name="Precinct 1" votes="279" />
                <Precinct name="Precinct 2" votes="241" />
                <Precinct name="Precinct 3" votes="264" />
                <Precinct name="Precinct 4" votes="332" />
                <Precinct name="Precinct 5" votes="319" />
            </VoteType>
            <VoteType name="Absentee by Mail" votes="142">
                <Precinct name="Precinct 1" votes="38" />
                <Precinct name="Precinct 2" votes="30" />
                <Precinct name="Precinct 3" votes="14" />
                <Precinct name="Precinct 4" votes="20" />
                <Precinct name="Precinct 5" votes="40" />
            </VoteType>
            <VoteType name="Advance in Person" votes="1062">
                <Precinct name="Precinct 1" votes="285" />
                <Precinct name="Precinct 2" votes="268" />
                <Precinct name="Precinct 3" votes="145" />
                <Precinct name="Precinct 4" votes="174" />
                <Precinct name="Precinct 5" votes="190" />
            </VoteType>
            <VoteType name="Provisional" votes="2">
                <Precinct name="Precinct 1" votes="0" />
                <Precinct name="Precinct 2" votes="1" />
                <Precinct name="Precinct 3" votes="0" />
                <Precinct name="Precinct 4" votes="0" />
                <Precinct name="Precinct 5" votes="1" />
            </VoteType>
        </Choice>
        <Choice key="20" text="NO" totalVotes="730">
            <VoteType name="Election Day" votes="449">
                <Precinct name="Precinct 1" votes="100" />
                <Precinct name="Precinct 2" votes="69" />
                <Precinct name="Precinct 3" votes="86" />
                <Precinct name="Precinct 4" votes="101" />
                <Precinct name="Precinct 5" votes="93" />
            </VoteType>
            <VoteType name="Absentee by Mail" votes="23">
                <Precinct name="Precinct 1" votes="3" />
                <Precinct name="Precinct 2" votes="9" />
                <Precinct name="Precinct 3" votes="2" />
                <Precinct name="Precinct 4" votes="4" />
                <Precinct name="Precinct 5" votes="5" />
            </VoteType>
            <VoteType name="Advance in Person" votes="257">
                <Precinct name="Precinct 1" votes="63" />
                <Precinct name="Precinct 2" votes="56" />
                <Precinct name="Precinct 3" votes="43" />
                <Precinct name="Precinct 4" votes="50" />
                <Precinct name="Precinct 5" votes="45" />
            </VoteType>
            <VoteType name="Provisional" votes="1">
                <Precinct name="Precinct 1" votes="0" />
                <Precinct name="Precinct 2" votes="0" />
                <Precinct name="Precinct 3" votes="0" />
                <Precinct name="Precinct 4" votes="1" />
                <Precinct name="Precinct 5" votes="0" />
            </VoteType>
        </Choice>
    </Contest>
    <Contest key="370" text="REFERENDUM" isQuestion="false" precinctsReporting="5" precinctsReported="5">
        <VoteType name="Number of Precincts for Race" votes="5">
            <Precinct name="Precinct 1" votes="1" />
            <Precinct name="Precinct 2" votes="1" />
            <Precinct name="Precinct 3" votes="1" />
            <Precinct name="Precinct 4" votes="1" />
            <Precinct name="Precinct 5" votes="1" />
        </VoteType>
        <VoteType name="Number of Precincts Reporting" votes="5">
            <Precinct name="Precinct 1" votes="1" />
            <Precinct name="Precinct 2" votes="1" />
            <Precinct name="Precinct 3" votes="1" />
            <Precinct name="Precinct 4" votes="1" />
            <Precinct name="Precinct 5" votes="1" />
        </VoteType>
        <Choice key="10" text="YES" totalVotes="2056">
            <VoteType name="Election Day" votes="1120">
                <Precinct name="Precinct 1" votes="241" />
                <Precinct name="Precinct 2" votes="182" />
                <Precinct name="Precinct 3" votes="209" />
                <Precinct name="Precinct 4" votes="263" />
                <Precinct name="Precinct 5" votes="225" />
            </VoteType>
            <VoteType name="Absentee by Mail" votes="105">
                <Precinct name="Precinct 1" votes="31" />
                <Precinct name="Precinct 2" votes="24" />
                <Precinct name="Precinct 3" votes="13" />
                <Precinct name="Precinct 4" votes="19" />
                <Precinct name="Precinct 5" votes="18" />
            </VoteType>
            <VoteType name="Advance in Person" votes="829">
                <Precinct name="Precinct 1" votes="226" />
                <Precinct name="Precinct 2" votes="226" />
                <Precinct name="Precinct 3" votes="106" />
                <Precinct name="Precinct 4" votes="134" />
                <Precinct name="Precinct 5" votes="137" />
            </VoteType>
            <VoteType name="Provisional" votes="2">
                <Precinct name="Precinct 1" votes="0" />
                <Precinct name="Precinct 2" votes="1" />
                <Precinct name="Precinct 3" votes="0" />
                <Precinct name="Precinct 4" votes="0" />
                <Precinct name="Precinct 5" votes="1" />
            </VoteType>
        </Choice>
        <Choice key="20" text="NO" totalVotes="1310">
            <VoteType name="Election Day" votes="761">
                <Precinct name="Precinct 1" votes="142" />
                <Precinct name="Precinct 2" votes="132" />
                <Precinct name="Precinct 3" votes="137" />
                <Precinct name="Precinct 4" votes="168" />
                <Precinct name="Precinct 5" votes="182" />
            </VoteType>
            <VoteType name="Absentee by Mail" votes="59">
                <Precinct name="Precinct 1" votes="9" />
                <Precinct name="Precinct 2" votes="14" />
                <Precinct name="Precinct 3" votes="3" />
                <Precinct name="Precinct 4" votes="6" />
                <Precinct name="Precinct 5" votes="27" />
            </VoteType>
            <VoteType name="Advance in Person" votes="489">
                <Precinct name="Precinct 1" votes="124" />
                <Precinct name="Precinct 2" votes="102" />
                <Precinct name="Precinct 3" votes="78" />
                <Precinct name="Precinct 4" votes="90" />
                <Precinct name="Precinct 5" votes="95" />
            </VoteType>
            <VoteType name="Provisional" votes="1">
                <Precinct name="Precinct 1" votes="0" />
                <Precinct name="Precinct 2" votes="0" />
                <Precinct name="Precinct 3" votes="0" />
                <Precinct name="Precinct 4" votes="1" />
                <Precinct name="Precinct 5" votes="0" />
            </VoteType>
        </Choice>
    </Contest>
</ElectionResult>