<?xml version="1.0"?>
<!--Election result snapshot imported from Tabulation System
-->
<ElectionResult>
    <Timestamp>11/11/2016 10:42:41 AM EST</Timestamp>
    <ElectionName>November 8, 2016 - General Election</ElectionName>
    <ElectionDate>11/8/2016</ElectionDate>
    <Region>Oglethorpe</Region>
    <VoterTurnout totalVoters="8087" ballotsCast="6755" voterTurnout="83.53">
        <Precincts>
            <Precinct name="Beaverdam" totalVoters="2426" ballotsCast="2051" voterTurnout="84.54" percentReporting="4" />
            <Precinct name="Crawford" totalVoters="2230" ballotsCast="1833" voterTurnout="82.20" percentReporting="4" />
            <Precinct name="Lexington" totalVoters="3431" ballotsCast="2871" voterTurnout="83.68" percentReporting="4" />
        </Precincts>
    </VoterTurnout>
    <Contest key="1" text="President of the United States" isQuestion="false" precinctsReporting="3" precinctsReported="3">
        <VoteType name="Number of Precincts for Race" votes="3">
            <Precinct name="Beaverdam" votes="1" />
            <Precinct name="Crawford" votes="1" />
            <Precinct name="Lexington" votes="1" />
        </VoteType>
        <VoteType name="Number of Precincts Reporting" votes="3">
            <Precinct name="Beaverdam" votes="1" />
            <Precinct name="Crawford" votes="1" />
            <Precinct name="Lexington" votes="1" />
        </VoteType>
        <Choice key="10" text="DONALD J. TRUMP" totalVotes="4625">
            <VoteType name="Election Day" votes="1521">
                <Precinct name="Beaverdam" votes="697" />
                <Precinct name="Crawford" votes="379" />
                <Precinct name="Lexington" votes="445" />
            </VoteType>
            <VoteType name="Absentee by Mail" votes="280">
                <Precinct name="Beaverdam" votes="74" />
                <Precinct name="Crawford" votes="70" />
                <Precinct name="Lexington" votes="136" />
            </VoteType>
            <VoteType name="Advance in Person" votes="2823">
                <Precinct name="Beaverdam" votes="699" />
                <Precinct name="Crawford" votes="765" />
                <Precinct name="Lexington" votes="1359" />
            </VoteType>
            <VoteType name="Provisional" votes="1">
                <Precinct name="Beaverdam" votes="1" />
                <Precinct name="Crawford" votes="0" />
                <Precinct name="Lexington" votes="0" />
            </VoteType>
        </Choice>
        <Choice key="20" text="HILLARY CLINTON" totalVotes="1831">
            <VoteType name="Election Day" votes="707">
                <Precinct name="Beaverdam" votes="253" />
                <Precinct name="Crawford" votes="204" />
                <Precinct name="Lexington" votes="250" />
            </VoteType>
            <VoteType name="Absentee by Mail" votes="81">
                <Precinct name="Beaverdam" votes="21" />
                <Precinct name="Crawford" votes="24" />
                <Precinct name="Lexington" votes="36" />
            </VoteType>
            <VoteType name="Advance in Person" votes="1042">
                <Precinct name="Beaverdam" votes="209" />
                <Precinct name="Crawford" votes="311" />
                <Precinct name="Lexington" votes="522" />
            </VoteType>
            <VoteType name="Provisional" votes="1">
                <Precinct name="Beaverdam" votes="0" />
                <Precinct name="Crawford" votes="0" />
                <Precinct name="Lexington" votes="1" />
            </VoteType>
        </Choice>
        <Choice key="30" text="GARY JOHNSON" totalVotes="199">
            <VoteType name="Election Day" votes="103">
                <Precinct name="Beaverdam" votes="41" />
                <Precinct name="Crawford" votes="35" />
                <Precinct name="Lexington" votes="27" />
            </VoteType>
            <VoteType name="Absentee by Mail" votes="11">
                <Precinct name="Beaverdam" votes="4" />
                <Precinct name="Crawford" votes="1" />
                <Precinct name="Lexington" votes="6" />
            </VoteType>
            <VoteType name="Advance in Person" votes="85">
                <Precinct name="Beaverdam" votes="18" />
                <Precinct name="Crawford" votes="24" />
                <Precinct name="Lexington" votes="43" />
            </VoteType>
            <VoteType name="Provisional" votes="0">
                <Precinct name="Beaverdam" votes="0" />
                <Precinct name="Crawford" votes="0" />
                <Precinct name="Lexington" votes="0" />
            </VoteType>
        </Choice>
    </Contest>
    <Contest key="10" text="United States Senator, Isakson" isQuestion="false" precinctsReporting="3" precinctsReported="3">
        <VoteType name="Number of Precincts for Race" votes="3">
            <Precinct name="Beaverdam" votes="1" />
            <Precinct name="Crawford" votes="1" />
            <Precinct name="Lexington" votes="1" />
        </VoteType>
        <VoteType name="Number of Precincts Reporting" votes="3">
            <Precinct name="Beaverdam" votes="1" />
            <Precinct name="Crawford" votes="1" />
            <Precinct name="Lexington" votes="1" />
        </VoteType>
        <Choice key="10" text="JOHNNY ISAKSON (I)" totalVotes="4502">
            <VoteType name="Election Day" votes="1503">
                <Precinct name="Beaverdam" votes="697" />
                <Precinct name="Crawford" votes="366" />
                <Precinct name="Lexington" votes="440" />
            </VoteType>
            <VoteType name="Absentee by Mail" votes="276">
                <Precinct name="Beaverdam" votes="78" />
                <Precinct name="Crawford" votes="70" />
                <Precinct name="Lexington" votes="128" />
            </VoteType>
            <VoteType name="Advance in Person" votes="2722">
                <Precinct name="Beaverdam" votes="684" />
                <Precinct name="Crawford" votes="723" />
                <Precinct name="Lexington" votes="1315" />
            </VoteType>
            <VoteType name="Provisional" votes="1">
                <Precinct name="Beaverdam" votes="1" />
                <Precinct name="Crawford" votes="0" />
                <Precinct name="Lexington" votes="0" />
            </VoteType>
        </Choice>
        <Choice key="20" text="JIM BARKSDALE" totalVotes="1629">
            <VoteType name="Election Day" votes="626">
                <Precinct name="Beaverdam" votes="230" />
                <Precinct name="Crawford" votes="178" />
                <Precinct name="Lexington" votes="218" />
            </VoteType>
            <VoteType name="Absentee by Mail" votes="80">
                <Precinct name="Beaverdam" votes="21" />
                <Precinct name="Crawford" votes="20" />
                <Precinct name="Lexington" votes="39" />
            </VoteType>
            <VoteType name="Advance in Person" votes="922">
                <Precinct name="Beaverdam" votes="190" />
                <Precinct name="Crawford" votes="280" />
                <Precinct name="Lexington" votes="452" />
            </VoteType>
            <VoteType name="Provisional" votes="1">
                <Precinct name="Beaverdam" votes="0" />
                <Precinct name="Crawford" votes="0" />
                <Precinct name="Lexington" votes="1" />
            </VoteType>
        </Choice>
        <Choice key="30" text="ALLEN BUCKLEY" totalVotes="258">
            <VoteType name="Election Day" votes="104">
                <Precinct name="Beaverdam" votes="37" />
                <Precinct name="Crawford" votes="33" />
                <Precinct name="Lexington" votes="34" />
            </VoteType>
            <VoteType name="Absentee by Mail" votes="17">
                <Precinct name="Beaverdam" votes="2" />
                <Precinct name="Crawford" votes="2" />
                <Precinct name="Lexington" votes="13" />
            </VoteType>
            <VoteType name="Advance in Person" votes="137">
                <Precinct name="Beaverdam" votes="29" />
                <Precinct name="Crawford" votes="43" />
                <Precinct name="Lexington" votes="65" />
            </VoteType>
            <VoteType name="Provisional" votes="0">
                <Precinct name="Beaverdam" votes="0" />
                <Precinct name="Crawford" votes="0" />
                <Precinct name="Lexington" votes="0" />
            </VoteType>
        </Choice>
    </Contest>
    <Contest key="30" text="Public Service Commission, District 2 - Eastern" isQuestion="false" precinctsReporting="3" precinctsReported="3">
        <VoteType name="Number of Precincts for Race" votes="3">
            <Precinct name="Beaverdam" votes="1" />
            <Precinct name="Crawford" votes="1" />
            <Precinct name="Lexington" votes="1" />
        </VoteType>
        <VoteType name="Number of Precincts Reporting" votes="3">
            <Precinct name="Beaverdam" votes="1" />
            <Precinct name="Crawford" votes="1" />
            <Precinct name="Lexington" votes="1" />
        </VoteType>
        <Choice key="10" text="TIM ECHOLS (I)" totalVotes="4764">
            <VoteType name="Election Day" votes="1615">
                <Precinct name="Beaverdam" votes="724" />
                <Precinct name="Crawford" votes="404" />
                <Precinct name="Lexington" votes="487" />
            </VoteType>
            <VoteType name="Absentee by Mail" votes="286">
                <Precinct name="Beaverdam" votes="80" />
                <Precinct name="Crawford" votes="74" />
                <Precinct name="Lexington" votes="132" />
            </VoteType>
            <VoteType name="Advance in Person" votes="2862">
                <Precinct name="Beaverdam" votes="720" />
                <Precinct name="Crawford" votes="768" />
                <Precinct name="Lexington" votes="1374" />
            </VoteType>
            <VoteType name="Provisional" votes="1">
                <Precinct name="Beaverdam" votes="1" />
                <Precinct name="Crawford" votes="0" />
                <Precinct name="Lexington" votes="0" />
            </VoteType>
        </Choice>
        <Choice key="20" text="ERIC HOSKINS" totalVotes="1228">
            <VoteType name="Election Day" votes="514">
                <Precinct name="Beaverdam" votes="203" />
                <Precinct name="Crawford" votes="145" />
                <Precinct name="Lexington" votes="166" />
            </VoteType>
            <VoteType name="Absentee by Mail" votes="53">
                <Precinct name="Beaverdam" votes="15" />
                <Precinct name="Crawford" votes="10" />
                <Precinct name="Lexington" votes="28" />
            </VoteType>
            <VoteType name="Advance in Person" votes="660">
                <Precinct name="Beaverdam" votes="146" />
                <Precinct name="Crawford" votes="201" />
                <Precinct name="Lexington" votes="313" />
            </VoteType>
            <VoteType name="Provisional" votes="1">
                <Precinct name="Beaverdam" votes="0" />
                <Precinct name="Crawford" votes="0" />
                <Precinct name="Lexington" votes="1" />
            </VoteType>
        </Choice>
    </Contest>
    <Contest key="50" text="U.S. Representative, District 10" isQuestion="false" precinctsReporting="3" precinctsReported="3">
        <VoteType name="Number of Precincts for Race" votes="3">
            <Precinct name="Beaverdam" votes="1" />
            <Precinct name="Crawford" votes="1" />
            <Precinct name="Lexington" votes="1" />
        </VoteType>
        <VoteType name="Number of Precincts Reporting" votes="3">
            <Precinct name="Beaverdam" votes="1" />
            <Precinct name="Crawford" votes="1" />
            <Precinct name="Lexington" votes="1" />
        </VoteType>
        <Choice key="10" text="JODY HICE (I)" totalVotes="5292">
            <VoteType name="Election Day" votes="1864">
                <Precinct name="Beaverdam" votes="817" />
                <Precinct name="Crawford" votes="475" />
                <Precinct name="Lexington" votes="572" />
            </VoteType>
            <VoteType name="Absentee by Mail" votes="300">
                <Precinct name="Beaverdam" votes="81" />
                <Precinct name="Crawford" votes="85" />
                <Precinct name="Lexington" votes="134" />
            </VoteType>
            <VoteType name="Advance in Person" votes="3126">
                <Precinct name="Beaverdam" votes="769" />
                <Precinct name="Crawford" votes="851" />
                <Precinct name="Lexington" votes="1506" />
            </VoteType>
            <VoteType name="Provisional" votes="2">
                <Precinct name="Beaverdam" votes="1" />
                <Precinct name="Crawford" votes="0" />
                <Precinct name="Lexington" votes="1" />
            </VoteType>
        </Choice>
    </Contest>
    <Contest key="70" text="State Senator, District 24" isQuestion="false" precinctsReporting="3" precinctsReported="3">
        <VoteType name="Number of Precincts for Race" votes="3">
            <Precinct name="Beaverdam" votes="1" />
            <Precinct name="Crawford" votes="1" />
            <Precinct name="Lexington" votes="1" />
        </VoteType>
        <VoteType name="Number of Precincts Reporting" votes="3">
            <Precinct name="Beaverdam" votes="1" />
            <Precinct name="Crawford" votes="1" />
            <Precinct name="Lexington" votes="1" />
        </VoteType>
        <Choice key="10" text="LEE ANDERSON" totalVotes="4521">
            <VoteType name="Election Day" votes="1525">
                <Precinct name="Beaverdam" votes="696" />
                <Precinct name="Crawford" votes="384" />
                <Precinct name="Lexington" votes="445" />
            </VoteType>
            <VoteType name="Absentee by Mail" votes="278">
                <Precinct name="Beaverdam" votes="76" />
                <Precinct name="Crawford" votes="69" />
                <Precinct name="Lexington" votes="133" />
            </VoteType>
            <VoteType name="Advance in Person" votes="2717">
                <Precinct name="Beaverdam" votes="681" />
                <Precinct name="Crawford" votes="738" />
                <Precinct name="Lexington" votes="1298" />
            </VoteType>
            <VoteType name="Provisional" votes="1">
                <Precinct name="Beaverdam" votes="1" />
                <Precinct name="Crawford" votes="0" />
                <Precinct name="Lexington" votes="0" />
            </VoteType>
        </Choice>
        <Choice key="20" text="BRENDA J. JORDAN" totalVotes="1882">
            <VoteType name="Election Day" votes="728">
                <Precinct name="Beaverdam" votes="259" />
                <Precinct name="Crawford" votes="218" />
                <Precinct name="Lexington" votes="251" />
            </VoteType>
            <VoteType name="Absentee by Mail" votes="86">
                <Precinct name="Beaverdam" votes="24" />
                <Precinct name="Crawford" votes="21" />
                <Precinct name="Lexington" votes="41" />
            </VoteType>
            <VoteType name="Advance in Person" votes="1067">
                <Precinct name="Beaverdam" votes="213" />
                <Precinct name="Crawford" votes="311" />
                <Precinct name="Lexington" votes="543" />
            </VoteType>
            <VoteType name="Provisional" votes="1">
                <Precinct name="Beaverdam" votes="0" />
                <Precinct name="Crawford" votes="0" />
                <Precinct name="Lexington" votes="1" />
            </VoteType>
        </Choice>
    </Contest>
    <Contest key="90" text="State Representative, District 120" isQuestion="false" precinctsReporting="3" precinctsReported="3">
        <VoteType name="Number of Precincts for Race" votes="3">
            <Precinct name="Beaverdam" votes="1" />
            <Precinct name="Crawford" votes="1" />
            <Precinct name="Lexington" votes="1" />
        </VoteType>
        <VoteType name="Number of Precincts Reporting" votes="3">
            <Precinct name="Beaverdam" votes="1" />
            <Precinct name="Crawford" votes="1" />
            <Precinct name="Lexington" votes="1" />
        </VoteType>
        <Choice key="10" text="TREY RHODES (I)" totalVotes="5289">
            <VoteType name="Election Day" votes="1873">
                <Precinct name="Beaverdam" votes="820" />
                <Precinct name="Crawford" votes="489" />
                <Precinct name="Lexington" votes="564" />
            </VoteType>
            <VoteType name="Absentee by Mail" votes="291">
                <Precinct name="Beaverdam" votes="81" />
                <Precinct name="Crawford" votes="81" />
                <Precinct name="Lexington" votes="129" />
            </VoteType>
            <VoteType name="Advance in Person" votes="3123">
                <Precinct name="Beaverdam" votes="768" />
                <Precinct name="Crawford" votes="858" />
                <Precinct name="Lexington" votes="1497" />
            </VoteType>
            <VoteType name="Provisional" votes="2">
                <Precinct name="Beaverdam" votes="1" />
                <Precinct name="Crawford" votes="0" />
                <Precinct name="Lexington" votes="1" />
            </VoteType>
        </Choice>
    </Contest>
    <Contest key="110" text="District Attorney, Northern Circuit" isQuestion="false" precinctsReporting="3" precinctsReported="3">
        <VoteType name="Number of Precincts for Race" votes="3">
            <Precinct name="Beaverdam" votes="1" />
            <Precinct name="Crawford" votes="1" />
            <Precinct name="Lexington" votes="1" />
        </VoteType>
        <VoteType name="Number of Precincts Reporting" votes="3">
            <Precinct name="Beaverdam" votes="1" />
            <Precinct name="Crawford" votes="1" />
            <Precinct name="Lexington" votes="1" />
        </VoteType>
        <Choice key="10" text="PARKS WHITE (I)" totalVotes="5312">
            <VoteType name="Election Day" votes="1883">
                <Precinct name="Beaverdam" votes="818" />
                <Precinct name="Crawford" votes="492" />
                <Precinct name="Lexington" votes="573" />
            </VoteType>
            <VoteType name="Absentee by Mail" votes="288">
                <Precinct name="Beaverdam" votes="82" />
                <Precinct name="Crawford" votes="78" />
                <Precinct name="Lexington" votes="128" />
            </VoteType>
            <VoteType name="Advance in Person" votes="3140">
                <Precinct name="Beaverdam" votes="779" />
                <Precinct name="Crawford" votes="856" />
                <Precinct name="Lexington" votes="1505" />
            </VoteType>
            <VoteType name="Provisional" votes="1">
                <Precinct name="Beaverdam" votes="1" />
                <Precinct name="Crawford" votes="0" />
                <Precinct name="Lexington" votes="0" />
            </VoteType>
        </Choice>
    </Contest>
    <Contest key="300" text="Superior Court Clerk" isQuestion="false" precinctsReporting="3" precinctsReported="3">
        <VoteType name="Number of Precincts for Race" votes="3">
            <Precinct name="Beaverdam" votes="1" />
            <Precinct name="Crawford" votes="1" />
            <Precinct name="Lexington" votes="1" />
        </VoteType>
        <VoteType name="Number of Precincts Reporting" votes="3">
            <Precinct name="Beaverdam" votes="1" />
            <Precinct name="Crawford" votes="1" />
            <Precinct name="Lexington" votes="1" />
        </VoteType>
        <Choice key="10" text="K. P. SMITH (I)(R)" totalVotes="5649">
            <VoteType name="Election Day" votes="1998">
                <Precinct name="Beaverdam" votes="854" />
                <Precinct name="Crawford" votes="525" />
                <Precinct name="Lexington" votes="619" />
            </VoteType>
            <VoteType name="Absentee by Mail" votes="310">
                <Precinct name="Beaverdam" votes="82" />
                <Precinct name="Crawford" votes="82" />
                <Precinct name="Lexington" votes="146" />
            </VoteType>
            <VoteType name="Advance in Person" votes="3339">
                <Precinct name="Beaverdam" votes="801" />
                <Precinct name="Crawford" votes="906" />
                <Precinct name="Lexington" votes="1632" />
            </VoteType>
            <VoteType name="Provisional" votes="2">
                <Precinct name="Beaverdam" votes="1" />
                <Precinct name="Crawford" votes="0" />
                <Precinct name="Lexington" votes="1" />
            </VoteType>
        </Choice>
    </Contest>
    <Contest key="320" text="Sheriff" isQuestion="false" precinctsReporting="3" precinctsReported="3">
        <VoteType name="Number of Precincts for Race" votes="3">
            <Precinct name="Beaverdam" votes="1" />
            <Precinct name="Crawford" votes="1" />
            <Precinct name="Lexington" votes="1" />
        </VoteType>
        <VoteType name="Number of Precincts Reporting" votes="3">
            <Precinct name="Beaverdam" votes="1" />
            <Precinct name="Crawford" votes="1" />
            <Precinct name="Lexington" votes="1" />
        </VoteType>
        <Choice key="10" text="D. R. GABRIEL (R)" totalVotes="4104">
            <VoteType name="Election Day" votes="1443">
                <Precinct name="Beaverdam" votes="693" />
                <Precinct name="Crawford" votes="370" />
                <Precinct name="Lexington" votes="380" />
            </VoteType>
            <VoteType name="Absentee by Mail" votes="231">
                <Precinct name="Beaverdam" votes="74" />
                <Precinct name="Crawford" votes="60" />
                <Precinct name="Lexington" votes="97" />
            </VoteType>
            <VoteType name="Advance in Person" votes="2429">
                <Precinct name="Beaverdam" votes="660" />
                <Precinct name="Crawford" votes="706" />
                <Precinct name="Lexington" votes="1063" />
            </VoteType>
            <VoteType name="Provisional" votes="1">
                <Precinct name="Beaverdam" votes="1" />
                <Precinct name="Crawford" votes="0" />
                <Precinct name="Lexington" votes="0" />
            </VoteType>
        </Choice>
        <Choice key="20" text="M. SMITH (I)(D)" totalVotes="2538">
            <VoteType name="Election Day" votes="896">
                <Precinct name="Beaverdam" votes="295" />
                <Precinct name="Crawford" votes="252" />
                <Precinct name="Lexington" votes="349" />
            </VoteType>
            <VoteType name="Absentee by Mail" votes="144">
                <Precinct name="Beaverdam" votes="28" />
                <Precinct name="Crawford" votes="31" />
                <Precinct name="Lexington" votes="85" />
            </VoteType>
            <VoteType name="Advance in Person" votes="1497">
                <Precinct name="Beaverdam" votes="267" />
                <Precinct name="Crawford" votes="381" />
                <Precinct name="Lexington" votes="849" />
            </VoteType>
            <VoteType name="Provisional" votes="1">
                <Precinct name="Beaverdam" votes="0" />
                <Precinct name="Crawford" votes="0" />
                <Precinct name="Lexington" votes="1" />
            </VoteType>
        </Choice>
    </Contest>
    <Contest key="340" text="Tax Commissioner" isQuestion="false" precinctsReporting="3" precinctsReported="3">
        <VoteType name="Number of Precincts for Race" votes="3">
            <Precinct name="Beaverdam" votes="1" />
            <Precinct name="Crawford" votes="1" />
            <Precinct name="Lexington" votes="1" />
        </VoteType>
        <VoteType name="Number of Precincts Reporting" votes="3">
            <Precinct name="Beaverdam" votes="1" />
            <Precinct name="Crawford" votes="1" />
            <Precinct name="Lexington" votes="1" />
        </VoteType>
        <Choice key="10" text="S. ARNOLD (I)(R)" totalVotes="5740">
            <VoteType name="Election Day" votes="2038">
                <Precinct name="Beaverdam" votes="878" />
                <Precinct name="Crawford" votes="532" />
                <Precinct name="Lexington" votes="628" />
            </VoteType>
            <VoteType name="Absentee by Mail" votes="316">
                <Precinct name="Beaverdam" votes="87" />
                <Precinct name="Crawford" votes="85" />
                <Precinct name="Lexington" votes="144" />
            </VoteType>
            <VoteType name="Advance in Person" votes="3384">
                <Precinct name="Beaverdam" votes="822" />
                <Precinct name="Crawford" votes="926" />
                <Precinct name="Lexington" votes="1636" />
            </VoteType>
            <VoteType name="Provisional" votes="2">
                <Precinct name="Beaverdam" votes="1" />
                <Precinct name="Crawford" votes="0" />
                <Precinct name="Lexington" votes="1" />
            </VoteType>
        </Choice>
    </Contest>
    <Contest key="360" text="Coroner" isQuestion="false" precinctsReporting="3" precinctsReported="3">
        <VoteType name="Number of Precincts for Race" votes="3">
            <Precinct name="Beaverdam" votes="1" />
            <Precinct name="Crawford" votes="1" />
            <Precinct name="Lexington" votes="1" />
        </VoteType>
        <VoteType name="Number of Precincts Reporting" votes="3">
            <Precinct name="Beaverdam" votes="1" />
            <Precinct name="Crawford" votes="1" />
            <Precinct name="Lexington" votes="1" />
        </VoteType>
        <Choice key="10" text="H. SANDERS (R)" totalVotes="4082">
            <VoteType name="Election Day" votes="1386">
                <Precinct name="Beaverdam" votes="615" />
                <Precinct name="Crawford" votes="348" />
                <Precinct name="Lexington" votes="423" />
            </VoteType>
            <VoteType name="Absentee by Mail" votes="251">
                <Precinct name="Beaverdam" votes="68" />
                <Precinct name="Crawford" votes="57" />
                <Precinct name="Lexington" votes="126" />
            </VoteType>
            <VoteType name="Advance in Person" votes="2444">
                <Precinct name="Beaverdam" votes="620" />
                <Precinct name="Crawford" votes="650" />
                <Precinct name="Lexington" votes="1174" />
            </VoteType>
            <VoteType name="Provisional" votes="1">
                <Precinct name="Beaverdam" votes="1" />
                <Precinct name="Crawford" votes="0" />
                <Precinct name="Lexington" votes="0" />
            </VoteType>
        </Choice>
        <Choice key="20" text="R. MCCURLEY (D)" totalVotes="2323">
            <VoteType name="Election Day" votes="864">
                <Precinct name="Beaverdam" votes="343" />
                <Precinct name="Crawford" votes="246" />
                <Precinct name="Lexington" votes="275" />
            </VoteType>
            <VoteType name="Absentee by Mail" votes="109">
                <Precinct name="Beaverdam" votes="30" />
                <Precinct name="Crawford" votes="31" />
                <Precinct name="Lexington" votes="48" />
            </VoteType>
            <VoteType name="Advance in Person" votes="1349">
                <Precinct name="Beaverdam" votes="278" />
                <Precinct name="Crawford" votes="388" />
                <Precinct name="Lexington" votes="683" />
            </VoteType>
            <VoteType name="Provisional" votes="1">
                <Precinct name="Beaverdam" votes="0" />
                <Precinct name="Crawford" votes="0" />
                <Precinct name="Lexington" votes="1" />
            </VoteType>
        </Choice>
    </Contest>
    <Contest key="380" text="County Comm Chair" isQuestion="false" precinctsReporting="3" precinctsReported="3">
        <VoteType name="Number of Precincts for Race" votes="3">
            <Precinct name="Beaverdam" votes="1" />
            <Precinct name="Crawford" votes="1" />
            <Precinct name="Lexington" votes="1" />
        </VoteType>
        <VoteType name="Number of Precincts Reporting" votes="3">
            <Precinct name="Beaverdam" votes="1" />
            <Precinct name="Crawford" votes="1" />
            <Precinct name="Lexington" votes="1" />
        </VoteType>
        <Choice key="10" text="B. PITTARD (I)(R)" totalVotes="3661">
            <VoteType name="Election Day" votes="1282">
                <Precinct name="Beaverdam" votes="617" />
                <Precinct name="Crawford" votes="320" />
                <Precinct name="Lexington" votes="345" />
            </VoteType>
            <VoteType name="Absentee by Mail" votes="229">
                <Precinct name="Beaverdam" votes="72" />
                <Precinct name="Crawford" votes="63" />
                <Precinct name="Lexington" votes="94" />
            </VoteType>
            <VoteType name="Advance in Person" votes="2150">
                <Precinct name="Beaverdam" votes="589" />
                <Precinct name="Crawford" votes="644" />
                <Precinct name="Lexington" votes="917" />
            </VoteType>
            <VoteType name="Provisional" votes="0">
                <Precinct name="Beaverdam" votes="0" />
                <Precinct name="Crawford" votes="0" />
                <Precinct name="Lexington" votes="0" />
            </VoteType>
        </Choice>
        <Choice key="20" text="D. BRUBAKER (D)" totalVotes="2892">
            <VoteType name="Election Day" votes="1012">
                <Precinct name="Beaverdam" votes="355" />
                <Precinct name="Crawford" votes="287" />
                <Precinct name="Lexington" votes="370" />
            </VoteType>
            <VoteType name="Absentee by Mail" votes="137">
                <Precinct name="Beaverdam" votes="27" />
                <Precinct name="Crawford" votes="27" />
                <Precinct name="Lexington" votes="83" />
            </VoteType>
            <VoteType name="Advance in Person" votes="1741">
                <Precinct name="Beaverdam" votes="337" />
                <Precinct name="Crawford" votes="426" />
                <Precinct name="Lexington" votes="978" />
            </VoteType>
            <VoteType name="Provisional" votes="2">
                <Precinct name="Beaverdam" votes="1" />
                <Precinct name="Crawford" votes="0" />
                <Precinct name="Lexington" votes="1" />
            </VoteType>
        </Choice>
    </Contest>
    <Contest key="400" text="County Comm 2" isQuestion="false" precinctsReporting="1" precinctsReported="1">
        <VoteType name="Number of Precincts for Race" votes="1">
            <Precinct name="Lexington" votes="1" />
        </VoteType>
        <VoteType name="Number of Precincts Reporting" votes="1">
            <Precinct name="Lexington" votes="1" />
        </VoteType>
        <Choice key="10" text="A. SAXON (I)(R)" totalVotes="1038">
            <VoteType name="Election Day" votes="267">
                <Precinct name="Lexington" votes="267" />
            </VoteType>
            <VoteType name="Absentee by Mail" votes="79">
                <Precinct name="Lexington" votes="79" />
            </VoteType>
            <VoteType name="Advance in Person" votes="692">
                <Precinct name="Lexington" votes="692" />
            </VoteType>
            <VoteType name="Provisional" votes="0">
                <Precinct name="Lexington" votes="0" />
            </VoteType>
        </Choice>
    </Contest>
    <Contest key="420" text="County Comm 4" isQuestion="false" precinctsReporting="1" precinctsReported="1">
        <VoteType name="Number of Precincts for Race" votes="1">
            <Precinct name="Crawford" votes="1" />
        </VoteType>
        <VoteType name="Number of Precincts Reporting" votes="1">
            <Precinct name="Crawford" votes="1" />
        </VoteType>
        <Choice key="10" text="J. D. MEYER (I)(R)" totalVotes="880">
            <VoteType name="Election Day" votes="267">
                <Precinct name="Crawford" votes="267" />
            </VoteType>
            <VoteType name="Absentee by Mail" votes="49">
                <Precinct name="Crawford" votes="49" />
            </VoteType>
            <VoteType name="Advance in Person" votes="564">
                <Precinct name="Crawford" votes="564" />
            </VoteType>
            <VoteType name="Provisional" votes="0">
                <Precinct name="Crawford" votes="0" />
            </VoteType>
        </Choice>
        <Choice key="20" text="J. E. HILL (D)" totalVotes="445">
            <VoteType name="Election Day" votes="162">
                <Precinct name="Crawford" votes="162" />
            </VoteType>
            <VoteType name="Absentee by Mail" votes="19">
                <Precinct name="Crawford" votes="19" />
            </VoteType>
            <VoteType name="Advance in Person" votes="264">
                <Precinct name="Crawford" votes="264" />
            </VoteType>
            <VoteType name="Provisional" votes="0">
                <Precinct name="Crawford" votes="0" />
            </VoteType>
        </Choice>
    </Contest>
    <Contest key="440" text="BOE 1" isQuestion="false" precinctsReporting="2" precinctsReported="2">
        <VoteType name="Number of Precincts for Race" votes="2">
            <Precinct name="Crawford" votes="1" />
            <Precinct name="Lexington" votes="1" />
        </VoteType>
        <VoteType name="Number of Precincts Reporting" votes="2">
            <Precinct name="Crawford" votes="1" />
            <Precinct name="Lexington" votes="1" />
        </VoteType>
        <Choice key="10" text="C. V. CHERRY (R)" totalVotes="755">
            <VoteType name="Election Day" votes="211">
                <Precinct name="Crawford" votes="52" />
                <Precinct name="Lexington" votes="159" />
            </VoteType>
            <VoteType name="Absentee by Mail" votes="31">
                <Precinct name="Crawford" votes="3" />
                <Precinct name="Lexington" votes="28" />
            </VoteType>
            <VoteType name="Advance in Person" votes="513">
                <Precinct name="Crawford" votes="64" />
                <Precinct name="Lexington" votes="449" />
            </VoteType>
            <VoteType name="Provisional" votes="0">
                <Precinct name="Crawford" votes="0" />
                <Precinct name="Lexington" votes="0" />
            </VoteType>
        </Choice>
        <Choice key="20" text="M. DALTON (D)" totalVotes="363">
            <VoteType name="Election Day" votes="124">
                <Precinct name="Crawford" votes="40" />
                <Precinct name="Lexington" votes="84" />
            </VoteType>
            <VoteType name="Absentee by Mail" votes="19">
                <Precinct name="Crawford" votes="6" />
                <Precinct name="Lexington" votes="13" />
            </VoteType>
            <VoteType name="Advance in Person" votes="219">
                <Precinct name="Crawford" votes="38" />
                <Precinct name="Lexington" votes="181" />
            </VoteType>
            <VoteType name="Provisional" votes="1">
                <Precinct name="Crawford" votes="0" />
                <Precinct name="Lexington" votes="1" />
            </VoteType>
        </Choice>
    </Contest>
    <Contest key="460" text="BOE 2" isQuestion="false" precinctsReporting="1" precinctsReported="1">
        <VoteType name="Number of Precincts for Race" votes="1">
            <Precinct name="Lexington" votes="1" />
        </VoteType>
        <VoteType name="Number of Precincts Reporting" votes="1">
            <Precinct name="Lexington" votes="1" />
        </VoteType>
        <Choice key="10" text="T. POOLE (R)" totalVotes="767">
            <VoteType name="Election Day" votes="178">
                <Precinct name="Lexington" votes="178" />
            </VoteType>
            <VoteType name="Absentee by Mail" votes="76">
                <Precinct name="Lexington" votes="76" />
            </VoteType>
            <VoteType name="Advance in Person" votes="513">
                <Precinct name="Lexington" votes="513" />
            </VoteType>
            <VoteType name="Provisional" votes="0">
                <Precinct name="Lexington" votes="0" />
            </VoteType>
        </Choice>
        <Choice key="20" text="M. HUFF-WALLER(I)(D)" totalVotes="530">
            <VoteType name="Election Day" votes="153">
                <Precinct name="Lexington" votes="153" />
            </VoteType>
            <VoteType name="Absentee by Mail" votes="31">
                <Precinct name="Lexington" votes="31" />
            </VoteType>
            <VoteType name="Advance in Person" votes="346">
                <Precinct name="Lexington" votes="346" />
            </VoteType>
            <VoteType name="Provisional" votes="0">
                <Precinct name="Lexington" votes="0" />
            </VoteType>
        </Choice>
    </Contest>
    <Contest key="480" text="BOE 4" isQuestion="false" precinctsReporting="1" precinctsReported="1">
        <VoteType name="Number of Precincts for Race" votes="1">
            <Precinct name="Crawford" votes="1" />
        </VoteType>
        <VoteType name="Number of Precincts Reporting" votes="1">
            <Precinct name="Crawford" votes="1" />
        </VoteType>
        <Choice key="10" text="D. BOWER (R)" totalVotes="750">
            <VoteType name="Election Day" votes="217">
                <Precinct name="Crawford" votes="217" />
            </VoteType>
            <VoteType name="Absentee by Mail" votes="43">
                <Precinct name="Crawford" votes="43" />
            </VoteType>
            <VoteType name="Advance in Person" votes="490">
                <Precinct name="Crawford" votes="490" />
            </VoteType>
            <VoteType name="Provisional" votes="0">
                <Precinct name="Crawford" votes="0" />
            </VoteType>
        </Choice>
        <Choice key="20" text="J. H. SNIFF (D)" totalVotes="575">
            <VoteType name="Election Day" votes="210">
                <Precinct name="Crawford" votes="210" />
            </VoteType>
            <VoteType name="Absentee by Mail" votes="25">
                <Precinct name="Crawford" votes="25" />
            </VoteType>
            <VoteType name="Advance in Person" votes="340">
                <Precinct name="Crawford" votes="340" />
            </VoteType>
            <VoteType name="Provisional" votes="0">
                <Precinct name="Crawford" votes="0" />
            </VoteType>
        </Choice>
    </Contest>
    <Contest key="500" text="Constitutional Amendment #1&lt;br&gt;Provides greater flexibility and state accountability to fix failing schools through increasing community involvement." isQuestion="false" precinctsReporting="3" precinctsReported="3">
        <VoteType name="Number of Precincts for Race" votes="3">
            <Precinct name="Beaverdam" votes="1" />
            <Precinct name="Crawford" votes="1" />
            <Precinct name="Lexington" votes="1" />
        </VoteType>
        <VoteType name="Number of Precincts Reporting" votes="3">
            <Precinct name="Beaverdam" votes="1" />
            <Precinct name="Crawford" votes="1" />
            <Precinct name="Lexington" votes="1" />
        </VoteType>
        <Choice key="10" text="YES" totalVotes="1649">
            <VoteType name="Election Day" votes="576">
                <Precinct name="Beaverdam" votes="250" />
                <Precinct name="Crawford" votes="122" />
                <Precinct name="Lexington" votes="204" />
            </VoteType>
            <VoteType name="Absentee by Mail" votes="136">
                <Precinct name="Beaverdam" votes="43" />
                <Precinct name="Crawford" votes="34" />
                <Precinct name="Lexington" votes="59" />
            </VoteType>
            <VoteType name="Advance in Person" votes="935">
                <Precinct name="Beaverdam" votes="225" />
                <Precinct name="Crawford" votes="231" />
                <Precinct name="Lexington" votes="479" />
            </VoteType>
            <VoteType name="Provisional" votes="2">
                <Precinct name="Beaverdam" votes="1" />
                <Precinct name="Crawford" votes="0" />
                <Precinct name="Lexington" votes="1" />
            </VoteType>
        </Choice>
        <Choice key="20" text="NO" totalVotes="4934">
            <VoteType name="Election Day" votes="1751">
                <Precinct name="Beaverdam" votes="740" />
                <Precinct name="Crawford" votes="493" />
                <Precinct name="Lexington" votes="518" />
            </VoteType>
            <VoteType name="Absentee by Mail" votes="225">
                <Precinct name="Beaverdam" votes="59" />
                <Precinct name="Crawford" votes="54" />
                <Precinct name="Lexington" votes="112" />
            </VoteType>
            <VoteType name="Advance in Person" votes="2958">
                <Precinct name="Beaverdam" votes="704" />
                <Precinct name="Crawford" votes="843" />
                <Precinct name="Lexington" votes="1411" />
            </VoteType>
            <VoteType name="Provisional" votes="0">
                <Precinct name="Beaverdam" votes="0" />
                <Precinct name="Crawford" votes="0" />
                <Precinct name="Lexington" votes="0" />
            </VoteType>
        </Choice>
    </Contest>
    <Contest key="510" text="Constitutional Amendment #2&lt;br&gt;Authorizes penalties for sexual exploitation and assessments on adult entertainment to fund child victims' services." isQuestion="false" precinctsReporting="3" precinctsReported="3">
        <VoteType name="Number of Precincts for Race" votes="3">
            <Precinct name="Beaverdam" votes="1" />
            <Precinct name="Crawford" votes="1" />
            <Precinct name="Lexington" votes="1" />
        </VoteType>
        <VoteType name="Number of Precincts Reporting" votes="3">
            <Precinct name="Beaverdam" votes="1" />
            <Precinct name="Crawford" votes="1" />
            <Precinct name="Lexington" votes="1" />
        </VoteType>
        <Choice key="10" text="YES" totalVotes="5106">
            <VoteType name="Election Day" votes="1768">
                <Precinct name="Beaverdam" votes="764" />
                <Precinct name="Crawford" votes="468" />
                <Precinct name="Lexington" votes="536" />
            </VoteType>
            <VoteType name="Absentee by Mail" votes="304">
                <Precinct name="Beaverdam" votes="86" />
                <Precinct name="Crawford" votes="79" />
                <Precinct name="Lexington" votes="139" />
            </VoteType>
            <VoteType name="Advance in Person" votes="3032">
                <Precinct name="Beaverdam" votes="742" />
                <Precinct name="Crawford" votes="841" />
                <Precinct name="Lexington" votes="1449" />
            </VoteType>
            <VoteType name="Provisional" votes="2">
                <Precinct name="Beaverdam" votes="1" />
                <Precinct name="Crawford" votes="0" />
                <Precinct name="Lexington" votes="1" />
            </VoteType>
        </Choice>
        <Choice key="20" text="NO" totalVotes="1321">
            <VoteType name="Election Day" votes="510">
                <Precinct name="Beaverdam" votes="210" />
                <Precinct name="Crawford" votes="137" />
                <Precinct name="Lexington" votes="163" />
            </VoteType>
            <VoteType name="Absentee by Mail" votes="51">
                <Precinct name="Beaverdam" votes="14" />
                <Precinct name="Crawford" votes="10" />
                <Precinct name="Lexington" votes="27" />
            </VoteType>
            <VoteType name="Advance in Person" votes="760">
                <Precinct name="Beaverdam" votes="163" />
                <Precinct name="Crawford" votes="212" />
                <Precinct name="Lexington" votes="385" />
            </VoteType>
            <VoteType name="Provisional" votes="0">
                <Precinct name="Beaverdam" votes="0" />
                <Precinct name="Crawford" votes="0" />
                <Precinct name="Lexington" votes="0" />
            </VoteType>
        </Choice>
    </Contest>
    <Contest key="520" text="Constitutional Amendment #3&lt;br&gt;Reforms and re-establishes the Judicial Qualifications Commission and provides for its composition, governance, and powers." isQuestion="false" precinctsReporting="3" precinctsReported="3">
        <VoteType name="Number of Precincts for Race" votes="3">
            <Precinct name="Beaverdam" votes="1" />
            <Precinct name="Crawford" votes="1" />
            <Precinct name="Lexington" votes="1" />
        </VoteType>
        <VoteType name="Number of Precincts Reporting" votes="3">
            <Precinct name="Beaverdam" votes="1" />
            <Precinct name="Crawford" votes="1" />
            <Precinct name="Lexington" votes="1" />
        </VoteType>
        <Choice key="10" text="YES" totalVotes="3342">
            <VoteType name="Election Day" votes="1127">
                <Precinct name="Beaverdam" votes="494" />
                <Precinct name="Crawford" votes="274" />
                <Precinct name="Lexington" votes="359" />
            </VoteType>
            <VoteType name="Absentee by Mail" votes="213">
                <Precinct name="Beaverdam" votes="56" />
                <Precinct name="Crawford" votes="52" />
                <Precinct name="Lexington" votes="105" />
            </VoteType>
            <VoteType name="Advance in Person" votes="2000">
                <Precinct name="Beaverdam" votes="489" />
                <Precinct name="Crawford" votes="567" />
                <Precinct name="Lexington" votes="944" />
            </VoteType>
            <VoteType name="Provisional" votes="2">
                <Precinct name="Beaverdam" votes="1" />
                <Precinct name="Crawford" votes="0" />
                <Precinct name="Lexington" votes="1" />
            </VoteType>
        </Choice>
        <Choice key="20" text="NO" totalVotes="2744">
            <VoteType name="Election Day" votes="1031">
                <Precinct name="Beaverdam" votes="428" />
                <Precinct name="Crawford" votes="296" />
                <Precinct name="Lexington" votes="307" />
            </VoteType>
            <VoteType name="Absentee by Mail" votes="118">
                <Precinct name="Beaverdam" votes="39" />
                <Precinct name="Crawford" votes="27" />
                <Precinct name="Lexington" votes="52" />
            </VoteType>
            <VoteType name="Advance in Person" votes="1595">
                <Precinct name="Beaverdam" votes="371" />
                <Precinct name="Crawford" votes="433" />
                <Precinct name="Lexington" votes="791" />
            </VoteType>
            <VoteType name="Provisional" votes="0">
                <Precinct name="Beaverdam" votes="0" />
                <Precinct name="Crawford" votes="0" />
                <Precinct name="Lexington" votes="0" />
            </VoteType>
        </Choice>
    </Contest>
    <Contest key="530" text="Constitutional Amendment #4&lt;br&gt;Dedicates revenue from existing taxes on fireworks to trauma care, fire services, and public safety." isQuestion="false" precinctsReporting="3" precinctsReported="3">
        <VoteType name="Number of Precincts for Race" votes="3">
            <Precinct name="Beaverdam" votes="1" />
            <Precinct name="Crawford" votes="1" />
            <Precinct name="Lexington" votes="1" />
        </VoteType>
        <VoteType name="Number of Precincts Reporting" votes="3">
            <Precinct name="Beaverdam" votes="1" />
            <Precinct name="Crawford" votes="1" />
            <Precinct name="Lexington" votes="1" />
        </VoteType>
        <Choice key="10" text="YES" totalVotes="5086">
            <VoteType name="Election Day" votes="1785">
                <Precinct name="Beaverdam" votes="762" />
                <Precinct name="Crawford" votes="472" />
                <Precinct name="Lexington" votes="551" />
            </VoteType>
            <VoteType name="Absentee by Mail" votes="294">
                <Precinct name="Beaverdam" votes="78" />
                <Precinct name="Crawford" votes="73" />
                <Precinct name="Lexington" votes="143" />
            </VoteType>
            <VoteType name="Advance in Person" votes="3005">
                <Precinct name="Beaverdam" votes="733" />
                <Precinct name="Crawford" votes="850" />
                <Precinct name="Lexington" votes="1422" />
            </VoteType>
            <VoteType name="Provisional" votes="2">
                <Precinct name="Beaverdam" votes="1" />
                <Precinct name="Crawford" votes="0" />
                <Precinct name="Lexington" votes="1" />
            </VoteType>
        </Choice>
        <Choice key="20" text="NO" totalVotes="1329">
            <VoteType name="Election Day" votes="480">
                <Precinct name="Beaverdam" votes="197" />
                <Precinct name="Crawford" votes="134" />
                <Precinct name="Lexington" votes="149" />
            </VoteType>
            <VoteType name="Absentee by Mail" votes="56">
                <Precinct name="Beaverdam" votes="20" />
                <Precinct name="Crawford" votes="12" />
                <Precinct name="Lexington" votes="24" />
            </VoteType>
            <VoteType name="Advance in Person" votes="793">
                <Precinct name="Beaverdam" votes="168" />
                <Precinct name="Crawford" votes="216" />
                <Precinct name="Lexington" votes="409" />
            </VoteType>
            <VoteType name="Provisional" votes="0">
                <Precinct name="Beaverdam" votes="0" />
                <Precinct name="Crawford" votes="0" />
                <Precinct name="Lexington" votes="0" />
            </VoteType>
        </Choice>
    </Contest>
</ElectionResult>