"line number","contest name","choice name","party name","total votes","percent of votes","registered voters","ballots cast","num Precinct total","num Precinct rptg","over votes","under votes"
1,"President of the United States","DONALD J. TRUMP","",44662,69.09,82336,65636,14,14,"0","0"
2,"President of the United States","HILLARY CLINTON","",18025,27.88,82336,65636,14,14,"0","0"
3,"President of the United States","GARY JOHNSON","",1954,3.02,82336,65636,14,14,"0","0"
4,"United States Senator, Isakson","JOHNNY ISAKSON (I)","",42974,69.53,82336,65636,14,14,"0","0"
5,"United States Senator, Isakson","JIM BARKSDALE","",15732,25.45,82336,65636,14,14,"0","0"
6,"United States Senator, Isakson","ALLEN BUCKLEY","",3102,5.02,82336,65636,14,14,"0","0"
7,"Public Service Commission, District 2 - Eastern","TIM ECHOLS (I)","",44829,75.76,82336,65625,14,14,"0","0"
8,"Public Service Commission, District 2 - Eastern","ERIC HOSKINS","",14343,24.24,82336,65625,14,14,"0","0"
9,"U.S. Representative, District 14","TOM GRAVES (I)","",52770,100.00,82336,65636,14,14,"0","0"
10,"State Senator, District 30","MICHAEL DUGAN (I)","",13505,100.00,21380,17096,4,4,"0","0"
11,"State Senator, District 31","BILL HEATH (I)","",38773,100.00,60956,48529,11,11,"0","0"
12,"State Representative, District 17","HOWARD MAXWELL (I) (REP)","",20415,100.00,30827,24769,7,7,"0","0"
13,"State Representative, District 19","PAULETTE RAKESTRAW (I) (REP)","",19802,100.00,32360,25550,6,6,"0","0"
14,"State Representative, District 66","BRUCE EMORY","",3450,58.75,7678,6154,1,1,"0","0"
15,"State Representative, District 66","KIMBERLY  ALEXANDER (I)","",2422,41.25,7678,6154,1,1,"0","0"
16,"State Representative, District 67","MICAH GRAVLEY (I)","",7530,100.00,11471,9152,3,3,"0","0"
17,"JUDGE PROBATE","D. ANDERSEN (I) R","",52726,100.00,82336,65625,14,14,"0","0"
18,"CLERK SUPERIOR CT","T. W. SHELTON (I) R","",52942,100.00,82336,65625,14,14,"0","0"
19,"SHERIFF","G. GULLEDGE (I) R","",53631,100.00,82336,65625,14,14,"0","0"
20,"TAX COMMISSIONER","J. W. WATSON II (I)R","",53294,100.00,82336,65625,14,14,"0","0"
21,"SURVEYOR","RAKESTRAW JR (I) R","",52469,100.00,82336,65625,14,14,"0","0"
22,"CORONER","L. EBERHART (R)","",52856,100.00,82336,65625,14,14,"0","0"
23,"MAGISTRATE JUDGE","M. E. VALBUENA (I) R","",52093,100.00,82336,65625,14,14,"0","0"
24,"CHAIR COMMISSIONER","D. CARMICHAEL (R)","",52001,100.00,82336,65625,14,14,"0","0"
25,"CC P1","R. DAVIS (I) R","",12414,100.00,20360,15973,7,7,"0","0"
26,"BOE AT LARGE","J. FULLER (R)","",52147,100.00,82336,65625,14,14,"0","0"
27,"BOE D1","T. LYONS (I) R","",51847,100.00,82336,65625,14,14,"0","0"
28,"BOE D3","K. COBB (I) R","",52335,100.00,82336,65625,14,14,"0","0"
29,"BOE D4","G. ALBRIGHT (R)","",51612,100.00,82336,65625,14,14,"0","0"
30,"SOIL AND WATER","N. GOODMAN","",29831,58.70,82336,65625,14,14,"0","0"
31,"SOIL AND WATER","J. MITCHELL","",20992,41.30,82336,65625,14,14,"0","0"
32,"Constitutional Amendment #1<br>Provides greater flexibility and state accountability to fix failing schools through increasing community involvement.","YES","",24731,38.53,82336,65625,14,14,"0","0"
33,"Constitutional Amendment #1<br>Provides greater flexibility and state accountability to fix failing schools through increasing community involvement.","NO","",39455,61.47,82336,65625,14,14,"0","0"
34,"Constitutional Amendment #2<br>Authorizes penalties for sexual exploitation and assessments on adult entertainment to fund child victims' services.","YES","",54375,85.71,82336,65625,14,14,"0","0"
35,"Constitutional Amendment #2<br>Authorizes penalties for sexual exploitation and assessments on adult entertainment to fund child victims' services.","NO","",9067,14.29,82336,65625,14,14,"0","0"
36,"Constitutional Amendment #3<br>Reforms and re-establishes the Judicial Qualifications Commission and provides for its composition, governance, and powers.","YES","",39198,65.85,82336,65625,14,14,"0","0"
37,"Constitutional Amendment #3<br>Reforms and re-establishes the Judicial Qualifications Commission and provides for its composition, governance, and powers.","NO","",20327,34.15,82336,65625,14,14,"0","0"
38,"Constitutional Amendment #4<br>Dedicates revenue from existing taxes on fireworks to trauma care, fire services, and public safety.","YES","",51838,82.64,82336,65625,14,14,"0","0"
39,"Constitutional Amendment #4<br>Dedicates revenue from existing taxes on fireworks to trauma care, fire services, and public safety.","NO","",10890,17.36,82336,65625,14,14,"0","0"
40,"GENERAL OBLIGATION BOND","YES","",34989,58.58,82336,65625,14,14,"0","0"
41,"GENERAL OBLIGATION BOND","NO","",24744,41.42,82336,65625,14,14,"0","0"
42,"SUNDAY PACKAGE SALES","YES","",42422,67.03,82336,65625,14,14,"0","0"
43,"SUNDAY PACKAGE SALES","NO","",20869,32.97,82336,65625,14,14,"0","0"
