"line number","contest name","choice name","party name","total votes","percent of votes","registered voters","ballots cast","num Precinct total","num Precinct rptg","over votes","under votes"
1,"President of the United States","DONALD J. TRUMP","",21108,73.21,37213,29254,16,16,"0","0"
2,"President of the United States","HILLARY CLINTON","",6580,22.82,37213,29254,16,16,"0","0"
3,"President of the United States","GARY JOHNSON","",1143,3.96,37213,29254,16,16,"0","0"
4,"United States Senator, Isakson","JOHNNY ISAKSON (I)","",20281,73.54,37213,29254,16,16,"0","0"
5,"United States Senator, Isakson","JIM BARKSDALE","",5691,20.63,37213,29254,16,16,"0","0"
6,"United States Senator, Isakson","ALLEN BUCKLEY","",1608,5.83,37213,29254,16,16,"0","0"
7,"Public Service Commission, District 2 - Eastern","TIM ECHOLS (I)","",20973,78.82,37213,29251,16,16,"0","0"
8,"Public Service Commission, District 2 - Eastern","ERIC HOSKINS","",5636,21.18,37213,29251,16,16,"0","0"
9,"U.S. Representative, District 10","JODY HICE (I)","",24716,100.00,37213,29254,16,16,"0","0"
10,"State Senator, District 47","FRANK GINN (I) (REP)","",24527,100.00,37213,29251,16,16,"0","0"
11,"State Representative, District 114","TOM KIRBY (I) (REP)","",3715,100.00,5717,4491,3,3,"0","0"
12,"State Representative, District 116","TERRY ENGLAND (I) (REP)","",19144,100.00,28606,22429,14,14,"0","0"
13,"State Representative, District 117","REGINA QUICK (I) (REP)","",1879,100.00,2890,2331,2,2,"0","0"
14,"District Attorney, Piedmont Circuit","BRAD SMITH (I)","",24550,100.00,37213,29251,16,16,"0","0"
15,"Probate Judge","T. S. BROWN (I)(R)","",24885,100.00,37213,29251,16,16,"0","0"
16,"Superior Court Clerk","R. B. MCINTYRE(I)(R)","",24644,100.00,37213,29251,16,16,"0","0"
17,"Sheriff","J. SMITH (I)(R)","",25213,100.00,37213,29251,16,16,"0","0"
18,"Tax Commissioner","M. W. WILLIAMS(I)(R)","",25043,100.00,37213,29251,16,16,"0","0"
19,"Coroner","D. M. CROSBY (I)(R)","",24747,100.00,37213,29251,16,16,"0","0"
20,"Chief Magistrate","C. P. EVANS (R)","",24653,100.00,37213,29251,16,16,"0","0"
21,"County Comm Chair","P. GRAHAM (I)(R)","",24280,100.00,37213,29251,16,16,"0","0"
22,"County Comm 1","J. GOODMAN (I)(R)","",4186,100.00,6361,5107,4,4,"0","0"
23,"County Comm 2","W. J. BROWN (R)","",3710,78.94,6111,4984,4,4,"0","0"
24,"County Comm 2","D. ACEY (D)","",990,21.06,6111,4984,4,4,"0","0"
25,"County Comm 3","R. WEHUNT (I)(R)","",2645,67.32,5632,4201,6,6,"0","0"
26,"County Comm 3","M. POPE (D)","",1284,32.68,5632,4201,6,6,"0","0"
27,"BOE 2","G. H. HUFF, SR.(I)(R","",4313,100.00,6111,4984,4,4,"0","0"
28,"BOE 5","L. STEVENS (I)(R)","",4750,100.00,6886,5556,5,5,"0","0"
29,"BOE 6","R. BAILEY (I)(R)","",3412,78.15,6034,4627,6,6,"0","0"
30,"BOE 6","B. L. MAYWEATHER (D)","",954,21.85,6034,4627,6,6,"0","0"
31,"BOE 8 at Large","R. ALVAREZ (I)(R)","",24416,100.00,37213,29251,16,16,"0","0"
32,"Soil and Water","G. CROW, JR.","",24067,100.00,37213,29251,16,16,"0","0"
33,"Constitutional Amendment #1<br>Provides greater flexibility and state accountability to fix failing schools through increasing community involvement.","YES","",10894,38.24,37213,29251,16,16,"0","0"
34,"Constitutional Amendment #1<br>Provides greater flexibility and state accountability to fix failing schools through increasing community involvement.","NO","",17591,61.76,37213,29251,16,16,"0","0"
35,"Constitutional Amendment #2<br>Authorizes penalties for sexual exploitation and assessments on adult entertainment to fund child victims' services.","YES","",23679,84.31,37213,29251,16,16,"0","0"
36,"Constitutional Amendment #2<br>Authorizes penalties for sexual exploitation and assessments on adult entertainment to fund child victims' services.","NO","",4405,15.69,37213,29251,16,16,"0","0"
37,"Constitutional Amendment #3<br>Reforms and re-establishes the Judicial Qualifications Commission and provides for its composition, governance, and powers.","YES","",17710,66.44,37213,29251,16,16,"0","0"
38,"Constitutional Amendment #3<br>Reforms and re-establishes the Judicial Qualifications Commission and provides for its composition, governance, and powers.","NO","",8947,33.56,37213,29251,16,16,"0","0"
39,"Constitutional Amendment #4<br>Dedicates revenue from existing taxes on fireworks to trauma care, fire services, and public safety.","YES","",23155,82.33,37213,29251,16,16,"0","0"
40,"Constitutional Amendment #4<br>Dedicates revenue from existing taxes on fireworks to trauma care, fire services, and public safety.","NO","",4968,17.67,37213,29251,16,16,"0","0"
