<?xml version="1.0"?>
<!--Election result snapshot imported from Tabulation System
-->
<ElectionResult>
    <Timestamp>11/16/2016 8:46:01 AM EST</Timestamp>
    <ElectionName>November 8, 2016 - General Election</ElectionName>
    <ElectionDate>11/8/2016</ElectionDate>
    <Region>Chattahoochee</Region>
    <VoterTurnout totalVoters="4247" ballotsCast="1409" voterTurnout="33.18">
        <Precincts>
            <Precinct name="Chattahoochee Acvitity Center" totalVoters="4247" ballotsCast="1409" voterTurnout="33.18" percentReporting="4" />
        </Precincts>
    </VoterTurnout>
    <Contest key="1" text="President of the United States" isQuestion="false" precinctsReporting="1" precinctsReported="1">
        <VoteType name="Number of Precincts for Race" votes="1">
            <Precinct name="Chattahoochee Acvitity Center" votes="1" />
        </VoteType>
        <VoteType name="Number of Precincts Reporting" votes="1">
            <Precinct name="Chattahoochee Acvitity Center" votes="1" />
        </VoteType>
        <Choice key="10" text="DONALD J. TRUMP" totalVotes="751">
            <VoteType name="Election Day" votes="420">
                <Precinct name="Chattahoochee Acvitity Center" votes="420" />
            </VoteType>
            <VoteType name="Absentee by Mail" votes="34">
                <Precinct name="Chattahoochee Acvitity Center" votes="34" />
            </VoteType>
            <VoteType name="Advance in Person" votes="292">
                <Precinct name="Chattahoochee Acvitity Center" votes="292" />
            </VoteType>
            <VoteType name="Provisional" votes="5">
                <Precinct name="Chattahoochee Acvitity Center" votes="5" />
            </VoteType>
        </Choice>
        <Choice key="20" text="HILLARY CLINTON" totalVotes="594">
            <VoteType name="Election Day" votes="280">
                <Precinct name="Chattahoochee Acvitity Center" votes="280" />
            </VoteType>
            <VoteType name="Absentee by Mail" votes="29">
                <Precinct name="Chattahoochee Acvitity Center" votes="29" />
            </VoteType>
            <VoteType name="Advance in Person" votes="284">
                <Precinct name="Chattahoochee Acvitity Center" votes="284" />
            </VoteType>
            <VoteType name="Provisional" votes="1">
                <Precinct name="Chattahoochee Acvitity Center" votes="1" />
            </VoteType>
        </Choice>
        <Choice key="30" text="GARY JOHNSON" totalVotes="45">
            <VoteType name="Election Day" votes="27">
                <Precinct name="Chattahoochee Acvitity Center" votes="27" />
            </VoteType>
            <VoteType name="Absentee by Mail" votes="2">
                <Precinct name="Chattahoochee Acvitity Center" votes="2" />
            </VoteType>
            <VoteType name="Advance in Person" votes="16">
                <Precinct name="Chattahoochee Acvitity Center" votes="16" />
            </VoteType>
            <VoteType name="Provisional" votes="0">
                <Precinct name="Chattahoochee Acvitity Center" votes="0" />
            </VoteType>
        </Choice>
    </Contest>
    <Contest key="10" text="United States Senator, Isakson" isQuestion="false" precinctsReporting="1" precinctsReported="1">
        <VoteType name="Number of Precincts for Race" votes="1">
            <Precinct name="Chattahoochee Acvitity Center" votes="1" />
        </VoteType>
        <VoteType name="Number of Precincts Reporting" votes="1">
            <Precinct name="Chattahoochee Acvitity Center" votes="1" />
        </VoteType>
        <Choice key="30" text="JOHNNY ISAKSON (I)" totalVotes="700">
            <VoteType name="Election Day" votes="390">
                <Precinct name="Chattahoochee Acvitity Center" votes="390" />
            </VoteType>
            <VoteType name="Absentee by Mail" votes="36">
                <Precinct name="Chattahoochee Acvitity Center" votes="36" />
            </VoteType>
            <VoteType name="Advance in Person" votes="269">
                <Precinct name="Chattahoochee Acvitity Center" votes="269" />
            </VoteType>
            <VoteType name="Provisional" votes="5">
                <Precinct name="Chattahoochee Acvitity Center" votes="5" />
            </VoteType>
        </Choice>
        <Choice key="40" text="JIM BARKSDALE" totalVotes="508">
            <VoteType name="Election Day" votes="235">
                <Precinct name="Chattahoochee Acvitity Center" votes="235" />
            </VoteType>
            <VoteType name="Absentee by Mail" votes="24">
                <Precinct name="Chattahoochee Acvitity Center" votes="24" />
            </VoteType>
            <VoteType name="Advance in Person" votes="248">
                <Precinct name="Chattahoochee Acvitity Center" votes="248" />
            </VoteType>
            <VoteType name="Provisional" votes="1">
                <Precinct name="Chattahoochee Acvitity Center" votes="1" />
            </VoteType>
        </Choice>
        <Choice key="50" text="ALLEN BUCKLEY" totalVotes="62">
            <VoteType name="Election Day" votes="32">
                <Precinct name="Chattahoochee Acvitity Center" votes="32" />
            </VoteType>
            <VoteType name="Absentee by Mail" votes="1">
                <Precinct name="Chattahoochee Acvitity Center" votes="1" />
            </VoteType>
            <VoteType name="Advance in Person" votes="29">
                <Precinct name="Chattahoochee Acvitity Center" votes="29" />
            </VoteType>
            <VoteType name="Provisional" votes="0">
                <Precinct name="Chattahoochee Acvitity Center" votes="0" />
            </VoteType>
        </Choice>
    </Contest>
    <Contest key="30" text="Public Service Commission, District 2 - Eastern" isQuestion="false" precinctsReporting="1" precinctsReported="1">
        <VoteType name="Number of Precincts for Race" votes="1">
            <Precinct name="Chattahoochee Acvitity Center" votes="1" />
        </VoteType>
        <VoteType name="Number of Precincts Reporting" votes="1">
            <Precinct name="Chattahoochee Acvitity Center" votes="1" />
        </VoteType>
        <Choice key="20" text="TIM ECHOLS (I)" totalVotes="754">
            <VoteType name="Election Day" votes="416">
                <Precinct name="Chattahoochee Acvitity Center" votes="416" />
            </VoteType>
            <VoteType name="Absentee by Mail" votes="28">
                <Precinct name="Chattahoochee Acvitity Center" votes="28" />
            </VoteType>
            <VoteType name="Advance in Person" votes="304">
                <Precinct name="Chattahoochee Acvitity Center" votes="304" />
            </VoteType>
            <VoteType name="Provisional" votes="6">
                <Precinct name="Chattahoochee Acvitity Center" votes="6" />
            </VoteType>
        </Choice>
        <Choice key="30" text="ERIC HOSKINS" totalVotes="392">
            <VoteType name="Election Day" votes="204">
                <Precinct name="Chattahoochee Acvitity Center" votes="204" />
            </VoteType>
            <VoteType name="Absentee by Mail" votes="11">
                <Precinct name="Chattahoochee Acvitity Center" votes="11" />
            </VoteType>
            <VoteType name="Advance in Person" votes="177">
                <Precinct name="Chattahoochee Acvitity Center" votes="177" />
            </VoteType>
            <VoteType name="Provisional" votes="0">
                <Precinct name="Chattahoochee Acvitity Center" votes="0" />
            </VoteType>
        </Choice>
    </Contest>
    <Contest key="50" text="U.S. Representative, District 2" isQuestion="false" precinctsReporting="1" precinctsReported="1">
        <VoteType name="Number of Precincts for Race" votes="1">
            <Precinct name="Chattahoochee Acvitity Center" votes="1" />
        </VoteType>
        <VoteType name="Number of Precincts Reporting" votes="1">
            <Precinct name="Chattahoochee Acvitity Center" votes="1" />
        </VoteType>
        <Choice key="10" text="GREG DUKE" totalVotes="661">
            <VoteType name="Election Day" votes="371">
                <Precinct name="Chattahoochee Acvitity Center" votes="371" />
            </VoteType>
            <VoteType name="Absentee by Mail" votes="35">
                <Precinct name="Chattahoochee Acvitity Center" votes="35" />
            </VoteType>
            <VoteType name="Advance in Person" votes="250">
                <Precinct name="Chattahoochee Acvitity Center" votes="250" />
            </VoteType>
            <VoteType name="Provisional" votes="5">
                <Precinct name="Chattahoochee Acvitity Center" votes="5" />
            </VoteType>
        </Choice>
        <Choice key="20" text="SANFORD BISHOP (I)" totalVotes="684">
            <VoteType name="Election Day" votes="328">
                <Precinct name="Chattahoochee Acvitity Center" votes="328" />
            </VoteType>
            <VoteType name="Absentee by Mail" votes="25">
                <Precinct name="Chattahoochee Acvitity Center" votes="25" />
            </VoteType>
            <VoteType name="Advance in Person" votes="330">
                <Precinct name="Chattahoochee Acvitity Center" votes="330" />
            </VoteType>
            <VoteType name="Provisional" votes="1">
                <Precinct name="Chattahoochee Acvitity Center" votes="1" />
            </VoteType>
        </Choice>
    </Contest>
    <Contest key="80" text="State Senator, District 15" isQuestion="false" precinctsReporting="1" precinctsReported="1">
        <VoteType name="Number of Precincts for Race" votes="1">
            <Precinct name="Chattahoochee Acvitity Center" votes="1" />
        </VoteType>
        <VoteType name="Number of Precincts Reporting" votes="1">
            <Precinct name="Chattahoochee Acvitity Center" votes="1" />
        </VoteType>
        <Choice key="10" text="ED HARBISON (I) (DEM)" totalVotes="1011">
            <VoteType name="Election Day" votes="530">
                <Precinct name="Chattahoochee Acvitity Center" votes="530" />
            </VoteType>
            <VoteType name="Absentee by Mail" votes="36">
                <Precinct name="Chattahoochee Acvitity Center" votes="36" />
            </VoteType>
            <VoteType name="Advance in Person" votes="440">
                <Precinct name="Chattahoochee Acvitity Center" votes="440" />
            </VoteType>
            <VoteType name="Provisional" votes="5">
                <Precinct name="Chattahoochee Acvitity Center" votes="5" />
            </VoteType>
        </Choice>
    </Contest>
    <Contest key="90" text="State Representative, District 138" isQuestion="false" precinctsReporting="1" precinctsReported="1">
        <VoteType name="Number of Precincts for Race" votes="1">
            <Precinct name="Chattahoochee Acvitity Center" votes="1" />
        </VoteType>
        <VoteType name="Number of Precincts Reporting" votes="1">
            <Precinct name="Chattahoochee Acvitity Center" votes="1" />
        </VoteType>
        <Choice key="10" text="MIKE CHEOKAS (I) (REP)" totalVotes="660">
            <VoteType name="Election Day" votes="373">
                <Precinct name="Chattahoochee Acvitity Center" votes="373" />
            </VoteType>
            <VoteType name="Absentee by Mail" votes="25">
                <Precinct name="Chattahoochee Acvitity Center" votes="25" />
            </VoteType>
            <VoteType name="Advance in Person" votes="257">
                <Precinct name="Chattahoochee Acvitity Center" votes="257" />
            </VoteType>
            <VoteType name="Provisional" votes="5">
                <Precinct name="Chattahoochee Acvitity Center" votes="5" />
            </VoteType>
        </Choice>
        <Choice key="20" text="BILL MCGOWAN (DEM)" totalVotes="612">
            <VoteType name="Election Day" votes="303">
                <Precinct name="Chattahoochee Acvitity Center" votes="303" />
            </VoteType>
            <VoteType name="Absentee by Mail" votes="19">
                <Precinct name="Chattahoochee Acvitity Center" votes="19" />
            </VoteType>
            <VoteType name="Advance in Person" votes="289">
                <Precinct name="Chattahoochee Acvitity Center" votes="289" />
            </VoteType>
            <VoteType name="Provisional" votes="1">
                <Precinct name="Chattahoochee Acvitity Center" votes="1" />
            </VoteType>
        </Choice>
    </Contest>
    <Contest key="120" text="District Attorney, Chattahoochee Circuit" isQuestion="false" precinctsReporting="1" precinctsReported="1">
        <VoteType name="Number of Precincts for Race" votes="1">
            <Precinct name="Chattahoochee Acvitity Center" votes="1" />
        </VoteType>
        <VoteType name="Number of Precincts Reporting" votes="1">
            <Precinct name="Chattahoochee Acvitity Center" votes="1" />
        </VoteType>
        <Choice key="10" text="JULIA  SLATER (I) (DEM)" totalVotes="1037">
            <VoteType name="Election Day" votes="541">
                <Precinct name="Chattahoochee Acvitity Center" votes="541" />
            </VoteType>
            <VoteType name="Absentee by Mail" votes="37">
                <Precinct name="Chattahoochee Acvitity Center" votes="37" />
            </VoteType>
            <VoteType name="Advance in Person" votes="454">
                <Precinct name="Chattahoochee Acvitity Center" votes="454" />
            </VoteType>
            <VoteType name="Provisional" votes="5">
                <Precinct name="Chattahoochee Acvitity Center" votes="5" />
            </VoteType>
        </Choice>
    </Contest>
    <Contest key="122" text="JUDGE, PROBATE COURT" isQuestion="false" precinctsReporting="1" precinctsReported="1">
        <VoteType name="Number of Precincts for Race" votes="1">
            <Precinct name="Chattahoochee Acvitity Center" votes="1" />
        </VoteType>
        <VoteType name="Number of Precincts Reporting" votes="1">
            <Precinct name="Chattahoochee Acvitity Center" votes="1" />
        </VoteType>
        <Choice key="10" text="J. MCGLAUN JR. (I) D" totalVotes="1110">
            <VoteType name="Election Day" votes="572">
                <Precinct name="Chattahoochee Acvitity Center" votes="572" />
            </VoteType>
            <VoteType name="Absentee by Mail" votes="39">
                <Precinct name="Chattahoochee Acvitity Center" votes="39" />
            </VoteType>
            <VoteType name="Advance in Person" votes="494">
                <Precinct name="Chattahoochee Acvitity Center" votes="494" />
            </VoteType>
            <VoteType name="Provisional" votes="5">
                <Precinct name="Chattahoochee Acvitity Center" votes="5" />
            </VoteType>
        </Choice>
    </Contest>
    <Contest key="140" text="CLERK SUPERIOR COURT" isQuestion="false" precinctsReporting="1" precinctsReported="1">
        <VoteType name="Number of Precincts for Race" votes="1">
            <Precinct name="Chattahoochee Acvitity Center" votes="1" />
        </VoteType>
        <VoteType name="Number of Precincts Reporting" votes="1">
            <Precinct name="Chattahoochee Acvitity Center" votes="1" />
        </VoteType>
        <Choice key="10" text="L. MARION (I) D" totalVotes="1094">
            <VoteType name="Election Day" votes="570">
                <Precinct name="Chattahoochee Acvitity Center" votes="570" />
            </VoteType>
            <VoteType name="Absentee by Mail" votes="37">
                <Precinct name="Chattahoochee Acvitity Center" votes="37" />
            </VoteType>
            <VoteType name="Advance in Person" votes="482">
                <Precinct name="Chattahoochee Acvitity Center" votes="482" />
            </VoteType>
            <VoteType name="Provisional" votes="5">
                <Precinct name="Chattahoochee Acvitity Center" votes="5" />
            </VoteType>
        </Choice>
    </Contest>
    <Contest key="160" text="SHERIFF" isQuestion="false" precinctsReporting="1" precinctsReported="1">
        <VoteType name="Number of Precincts for Race" votes="1">
            <Precinct name="Chattahoochee Acvitity Center" votes="1" />
        </VoteType>
        <VoteType name="Number of Precincts Reporting" votes="1">
            <Precinct name="Chattahoochee Acvitity Center" votes="1" />
        </VoteType>
        <Choice key="20" text="H. LYNCH III (D)" totalVotes="1120">
            <VoteType name="Election Day" votes="582">
                <Precinct name="Chattahoochee Acvitity Center" votes="582" />
            </VoteType>
            <VoteType name="Absentee by Mail" votes="38">
                <Precinct name="Chattahoochee Acvitity Center" votes="38" />
            </VoteType>
            <VoteType name="Advance in Person" votes="495">
                <Precinct name="Chattahoochee Acvitity Center" votes="495" />
            </VoteType>
            <VoteType name="Provisional" votes="5">
                <Precinct name="Chattahoochee Acvitity Center" votes="5" />
            </VoteType>
        </Choice>
    </Contest>
    <Contest key="180" text="TAX COMMISSIONER" isQuestion="false" precinctsReporting="1" precinctsReported="1">
        <VoteType name="Number of Precincts for Race" votes="1">
            <Precinct name="Chattahoochee Acvitity Center" votes="1" />
        </VoteType>
        <VoteType name="Number of Precincts Reporting" votes="1">
            <Precinct name="Chattahoochee Acvitity Center" votes="1" />
        </VoteType>
        <Choice key="20" text="Z. R. SMITH (I) D" totalVotes="1115">
            <VoteType name="Election Day" votes="576">
                <Precinct name="Chattahoochee Acvitity Center" votes="576" />
            </VoteType>
            <VoteType name="Absentee by Mail" votes="39">
                <Precinct name="Chattahoochee Acvitity Center" votes="39" />
            </VoteType>
            <VoteType name="Advance in Person" votes="495">
                <Precinct name="Chattahoochee Acvitity Center" votes="495" />
            </VoteType>
            <VoteType name="Provisional" votes="5">
                <Precinct name="Chattahoochee Acvitity Center" votes="5" />
            </VoteType>
        </Choice>
    </Contest>
    <Contest key="220" text="CORONER" isQuestion="false" precinctsReporting="1" precinctsReported="1">
        <VoteType name="Number of Precincts for Race" votes="1">
            <Precinct name="Chattahoochee Acvitity Center" votes="1" />
        </VoteType>
        <VoteType name="Number of Precincts Reporting" votes="1">
            <Precinct name="Chattahoochee Acvitity Center" votes="1" />
        </VoteType>
        <Choice key="10" text="T. HANCOCK (I) D" totalVotes="1061">
            <VoteType name="Election Day" votes="550">
                <Precinct name="Chattahoochee Acvitity Center" votes="550" />
            </VoteType>
            <VoteType name="Absentee by Mail" votes="38">
                <Precinct name="Chattahoochee Acvitity Center" votes="38" />
            </VoteType>
            <VoteType name="Advance in Person" votes="468">
                <Precinct name="Chattahoochee Acvitity Center" votes="468" />
            </VoteType>
            <VoteType name="Provisional" votes="5">
                <Precinct name="Chattahoochee Acvitity Center" votes="5" />
            </VoteType>
        </Choice>
    </Contest>
    <Contest key="222" text="CHIEF MAGISTRATE" isQuestion="false" precinctsReporting="1" precinctsReported="1">
        <VoteType name="Number of Precincts for Race" votes="1">
            <Precinct name="Chattahoochee Acvitity Center" votes="1" />
        </VoteType>
        <VoteType name="Number of Precincts Reporting" votes="1">
            <Precinct name="Chattahoochee Acvitity Center" votes="1" />
        </VoteType>
        <Choice key="10" text="G. C. DANIEL (I) D" totalVotes="1056">
            <VoteType name="Election Day" votes="550">
                <Precinct name="Chattahoochee Acvitity Center" votes="550" />
            </VoteType>
            <VoteType name="Absentee by Mail" votes="36">
                <Precinct name="Chattahoochee Acvitity Center" votes="36" />
            </VoteType>
            <VoteType name="Advance in Person" votes="465">
                <Precinct name="Chattahoochee Acvitity Center" votes="465" />
            </VoteType>
            <VoteType name="Provisional" votes="5">
                <Precinct name="Chattahoochee Acvitity Center" votes="5" />
            </VoteType>
        </Choice>
    </Contest>
    <Contest key="230" text="SOIL AND WATER" isQuestion="false" precinctsReporting="1" precinctsReported="1">
        <VoteType name="Number of Precincts for Race" votes="1">
            <Precinct name="Chattahoochee Acvitity Center" votes="1" />
        </VoteType>
        <VoteType name="Number of Precincts Reporting" votes="1">
            <Precinct name="Chattahoochee Acvitity Center" votes="1" />
        </VoteType>
        <Choice key="10" text="B. MILLER (I)" totalVotes="1050">
            <VoteType name="Election Day" votes="553">
                <Precinct name="Chattahoochee Acvitity Center" votes="553" />
            </VoteType>
            <VoteType name="Absentee by Mail" votes="36">
                <Precinct name="Chattahoochee Acvitity Center" votes="36" />
            </VoteType>
            <VoteType name="Advance in Person" votes="456">
                <Precinct name="Chattahoochee Acvitity Center" votes="456" />
            </VoteType>
            <VoteType name="Provisional" votes="5">
                <Precinct name="Chattahoochee Acvitity Center" votes="5" />
            </VoteType>
        </Choice>
    </Contest>
    <Contest key="240" text="Constitutional Amendment #1&lt;br&gt;Provides greater flexibility and state accountability to fix failing schools through increasing community involvement." isQuestion="false" precinctsReporting="1" precinctsReported="1">
        <VoteType name="Number of Precincts for Race" votes="1">
            <Precinct name="Chattahoochee Acvitity Center" votes="1" />
        </VoteType>
        <VoteType name="Number of Precincts Reporting" votes="1">
            <Precinct name="Chattahoochee Acvitity Center" votes="1" />
        </VoteType>
        <Choice key="10" text="YES" totalVotes="734">
            <VoteType name="Election Day" votes="360">
                <Precinct name="Chattahoochee Acvitity Center" votes="360" />
            </VoteType>
            <VoteType name="Absentee by Mail" votes="36">
                <Precinct name="Chattahoochee Acvitity Center" votes="36" />
            </VoteType>
            <VoteType name="Advance in Person" votes="334">
                <Precinct name="Chattahoochee Acvitity Center" votes="334" />
            </VoteType>
            <VoteType name="Provisional" votes="4">
                <Precinct name="Chattahoochee Acvitity Center" votes="4" />
            </VoteType>
        </Choice>
        <Choice key="20" text="NO" totalVotes="561">
            <VoteType name="Election Day" votes="327">
                <Precinct name="Chattahoochee Acvitity Center" votes="327" />
            </VoteType>
            <VoteType name="Absentee by Mail" votes="9">
                <Precinct name="Chattahoochee Acvitity Center" votes="9" />
            </VoteType>
            <VoteType name="Advance in Person" votes="223">
                <Precinct name="Chattahoochee Acvitity Center" votes="223" />
            </VoteType>
            <VoteType name="Provisional" votes="2">
                <Precinct name="Chattahoochee Acvitity Center" votes="2" />
            </VoteType>
        </Choice>
    </Contest>
    <Contest key="250" text="Constitutional Amendment #2&lt;br&gt;Authorizes penalties for sexual exploitation and assessments on adult entertainment to fund child victims' services." isQuestion="false" precinctsReporting="1" precinctsReported="1">
        <VoteType name="Number of Precincts for Race" votes="1">
            <Precinct name="Chattahoochee Acvitity Center" votes="1" />
        </VoteType>
        <VoteType name="Number of Precincts Reporting" votes="1">
            <Precinct name="Chattahoochee Acvitity Center" votes="1" />
        </VoteType>
        <Choice key="10" text="YES" totalVotes="1074">
            <VoteType name="Election Day" votes="571">
                <Precinct name="Chattahoochee Acvitity Center" votes="571" />
            </VoteType>
            <VoteType name="Absentee by Mail" votes="38">
                <Precinct name="Chattahoochee Acvitity Center" votes="38" />
            </VoteType>
            <VoteType name="Advance in Person" votes="459">
                <Precinct name="Chattahoochee Acvitity Center" votes="459" />
            </VoteType>
            <VoteType name="Provisional" votes="6">
                <Precinct name="Chattahoochee Acvitity Center" votes="6" />
            </VoteType>
        </Choice>
        <Choice key="20" text="NO" totalVotes="200">
            <VoteType name="Election Day" votes="104">
                <Precinct name="Chattahoochee Acvitity Center" votes="104" />
            </VoteType>
            <VoteType name="Absentee by Mail" votes="2">
                <Precinct name="Chattahoochee Acvitity Center" votes="2" />
            </VoteType>
            <VoteType name="Advance in Person" votes="94">
                <Precinct name="Chattahoochee Acvitity Center" votes="94" />
            </VoteType>
            <VoteType name="Provisional" votes="0">
                <Precinct name="Chattahoochee Acvitity Center" votes="0" />
            </VoteType>
        </Choice>
    </Contest>
    <Contest key="260" text="Constitutional Amendment #3&lt;br&gt;Reforms and re-establishes the Judicial Qualifications Commission and provides for its composition, governance, and powers." isQuestion="false" precinctsReporting="1" precinctsReported="1">
        <VoteType name="Number of Precincts for Race" votes="1">
            <Precinct name="Chattahoochee Acvitity Center" votes="1" />
        </VoteType>
        <VoteType name="Number of Precincts Reporting" votes="1">
            <Precinct name="Chattahoochee Acvitity Center" votes="1" />
        </VoteType>
        <Choice key="10" text="YES" totalVotes="808">
            <VoteType name="Election Day" votes="411">
                <Precinct name="Chattahoochee Acvitity Center" votes="411" />
            </VoteType>
            <VoteType name="Absentee by Mail" votes="37">
                <Precinct name="Chattahoochee Acvitity Center" votes="37" />
            </VoteType>
            <VoteType name="Advance in Person" votes="356">
                <Precinct name="Chattahoochee Acvitity Center" votes="356" />
            </VoteType>
            <VoteType name="Provisional" votes="4">
                <Precinct name="Chattahoochee Acvitity Center" votes="4" />
            </VoteType>
        </Choice>
        <Choice key="20" text="NO" totalVotes="390">
            <VoteType name="Election Day" votes="217">
                <Precinct name="Chattahoochee Acvitity Center" votes="217" />
            </VoteType>
            <VoteType name="Absentee by Mail" votes="4">
                <Precinct name="Chattahoochee Acvitity Center" votes="4" />
            </VoteType>
            <VoteType name="Advance in Person" votes="167">
                <Precinct name="Chattahoochee Acvitity Center" votes="167" />
            </VoteType>
            <VoteType name="Provisional" votes="2">
                <Precinct name="Chattahoochee Acvitity Center" votes="2" />
            </VoteType>
        </Choice>
    </Contest>
    <Contest key="270" text="Constitutional Amendment #4&lt;br&gt;Dedicates revenue from existing taxes on fireworks to trauma care, fire services, and public safety." isQuestion="false" precinctsReporting="1" precinctsReported="1">
        <VoteType name="Number of Precincts for Race" votes="1">
            <Precinct name="Chattahoochee Acvitity Center" votes="1" />
        </VoteType>
        <VoteType name="Number of Precincts Reporting" votes="1">
            <Precinct name="Chattahoochee Acvitity Center" votes="1" />
        </VoteType>
        <Choice key="10" text="YES" totalVotes="984">
            <VoteType name="Election Day" votes="506">
                <Precinct name="Chattahoochee Acvitity Center" votes="506" />
            </VoteType>
            <VoteType name="Absentee by Mail" votes="40">
                <Precinct name="Chattahoochee Acvitity Center" votes="40" />
            </VoteType>
            <VoteType name="Advance in Person" votes="433">
                <Precinct name="Chattahoochee Acvitity Center" votes="433" />
            </VoteType>
            <VoteType name="Provisional" votes="5">
                <Precinct name="Chattahoochee Acvitity Center" votes="5" />
            </VoteType>
        </Choice>
        <Choice key="20" text="NO" totalVotes="279">
            <VoteType name="Election Day" votes="162">
                <Precinct name="Chattahoochee Acvitity Center" votes="162" />
            </VoteType>
            <VoteType name="Absentee by Mail" votes="1">
                <Precinct name="Chattahoochee Acvitity Center" votes="1" />
            </VoteType>
            <VoteType name="Advance in Person" votes="115">
                <Precinct name="Chattahoochee Acvitity Center" votes="115" />
            </VoteType>
            <VoteType name="Provisional" votes="1">
                <Precinct name="Chattahoochee Acvitity Center" votes="1" />
            </VoteType>
        </Choice>
    </Contest>
    <Contest key="280" text="BILL 1128" isQuestion="false" precinctsReporting="1" precinctsReported="1">
        <VoteType name="Number of Precincts for Race" votes="1">
            <Precinct name="Chattahoochee Acvitity Center" votes="1" />
        </VoteType>
        <VoteType name="Number of Precincts Reporting" votes="1">
            <Precinct name="Chattahoochee Acvitity Center" votes="1" />
        </VoteType>
        <Choice key="10" text="YES" totalVotes="954">
            <VoteType name="Election Day" votes="500">
                <Precinct name="Chattahoochee Acvitity Center" votes="500" />
            </VoteType>
            <VoteType name="Absentee by Mail" votes="35">
                <Precinct name="Chattahoochee Acvitity Center" votes="35" />
            </VoteType>
            <VoteType name="Advance in Person" votes="415">
                <Precinct name="Chattahoochee Acvitity Center" votes="415" />
            </VoteType>
            <VoteType name="Provisional" votes="4">
                <Precinct name="Chattahoochee Acvitity Center" votes="4" />
            </VoteType>
        </Choice>
        <Choice key="20" text="NO" totalVotes="290">
            <VoteType name="Election Day" votes="160">
                <Precinct name="Chattahoochee Acvitity Center" votes="160" />
            </VoteType>
            <VoteType name="Absentee by Mail" votes="8">
                <Precinct name="Chattahoochee Acvitity Center" votes="8" />
            </VoteType>
            <VoteType name="Advance in Person" votes="120">
                <Precinct name="Chattahoochee Acvitity Center" votes="120" />
            </VoteType>
            <VoteType name="Provisional" votes="2">
                <Precinct name="Chattahoochee Acvitity Center" votes="2" />
            </VoteType>
        </Choice>
    </Contest>
</ElectionResult>